time,longitude,latitude,pressure_hPa,geopotential height_m,temperature_C,dew point temperature_C,ice point temperature_C,relative humidity_%,humidity wrt ice_%,mixing ratio_g/kg,wind direction_degree,wind speed_m/s
2026-03-21 23:02:57,-99.9695,37.7626,1000.0,   -3,     ,     ,     ,   ,   ,     ,   ,    
2026-03-21 23:02:57,-99.9695,37.7626, 925.0,  708,     ,     ,     ,   ,   ,     ,   ,    
2026-03-21 23:02:57,-99.9695,37.7626, 916.8,  789, 33.9, -4.9, -4.3,  8,  8, 2.90,170, 7.7
2026-03-21 23:02:58,-99.9695,37.7628, 916.3,  793, 33.9, -5.0, -4.5,  8,  8, 2.86,175, 6.5
2026-03-21 23:02:59,-99.9694,37.7630, 915.8,  799, 33.9, -5.2, -4.6,  8,  8, 2.84,177, 6.3
2026-03-21 23:03:00,-99.9694,37.7631, 915.1,  805, 33.8, -5.3, -4.7,  8,  8, 2.81,178, 6.4
2026-03-21 23:03:01,-99.9695,37.7632, 914.6,  811, 33.7, -5.5, -4.9,  8,  8, 2.77,178, 6.7
2026-03-21 23:03:02,-99.9695,37.7633, 914.0,  816, 33.7, -5.9, -5.2,  8,  8, 2.69,178, 7.0
2026-03-21 23:03:03,-99.9695,37.7634, 913.5,  821, 33.6, -6.2, -5.5,  7,  7, 2.62,178, 7.4
2026-03-21 23:03:04,-99.9695,37.7635, 913.0,  826, 33.6, -6.6, -5.9,  7,  7, 2.55,178, 7.6
2026-03-21 23:03:05,-99.9695,37.7636, 912.4,  832, 33.5, -6.8, -6.0,  7,  7, 2.52,178, 7.9
2026-03-21 23:03:06,-99.9694,37.7637, 911.7,  839, 33.4, -6.5, -5.8,  7,  7, 2.57,178, 8.1
2026-03-21 23:03:07,-99.9694,37.7638, 911.1,  845, 33.3, -6.4, -5.7,  7,  7, 2.60,178, 8.4
2026-03-21 23:03:08,-99.9694,37.7639, 910.4,  852, 33.3, -6.3, -5.6,  7,  7, 2.62,178, 8.5
2026-03-21 23:03:09,-99.9694,37.7640, 909.8,  858, 33.2, -6.2, -5.5,  8,  8, 2.65,179, 8.7
2026-03-21 23:03:10,-99.9695,37.7641, 909.2,  863, 33.2, -6.0, -5.4,  8,  8, 2.68,179, 8.9
2026-03-21 23:03:11,-99.9695,37.7641, 908.7,  869, 33.1, -6.1, -5.4,  8,  8, 2.67,179, 9.0
2026-03-21 23:03:12,-99.9695,37.7642, 908.1,  874, 33.1, -6.2, -5.5,  8,  8, 2.65,179, 9.2
2026-03-21 23:03:13,-99.9695,37.7642, 907.5,  880, 33.0, -6.2, -5.5,  8,  8, 2.64,180, 9.3
2026-03-21 23:03:14,-99.9695,37.7643, 906.9,  886, 32.9, -6.3, -5.6,  8,  8, 2.63,180, 9.4
2026-03-21 23:03:15,-99.9695,37.7644, 906.3,  892, 32.8, -6.4, -5.7,  8,  8, 2.60,181, 9.5
2026-03-21 23:03:16,-99.9695,37.7645, 905.7,  898, 32.8, -6.7, -5.9,  7,  7, 2.56,181, 9.6
2026-03-21 23:03:17,-99.9695,37.7646, 905.1,  904, 32.7, -6.9, -6.1,  7,  7, 2.51,181, 9.7
2026-03-21 23:03:18,-99.9695,37.7647, 904.5,  910, 32.7, -7.3, -6.5,  7,  7, 2.44,182, 9.8
2026-03-21 23:03:19,-99.9695,37.7648, 903.9,  916, 32.7, -7.6, -6.8,  7,  7, 2.38,182, 9.9
2026-03-21 23:03:20,-99.9695,37.7649, 903.3,  922, 32.7, -7.7, -6.9,  7,  7, 2.36,183,10.0
2026-03-21 23:03:21,-99.9696,37.7649, 902.7,  927, 32.6, -7.8, -6.9,  7,  7, 2.36,183,10.1
2026-03-21 23:03:22,-99.9696,37.7650, 902.2,  933, 32.6, -7.8, -6.9,  7,  7, 2.35,184,10.2
2026-03-21 23:03:23,-99.9695,37.7651, 901.7,  938, 32.5, -7.7, -6.9,  7,  7, 2.37,184,10.3
2026-03-21 23:03:24,-99.9695,37.7651, 901.2,  943, 32.4, -7.7, -6.8,  7,  7, 2.38,185,10.4
2026-03-21 23:03:25,-99.9695,37.7652, 900.7,  948, 32.4, -7.7, -6.9,  7,  7, 2.37,185,10.4
2026-03-21 23:03:26,-99.9694,37.7653, 900.2,  953, 32.3, -7.8, -6.9,  7,  7, 2.36,186,10.5
2026-03-21 23:03:27,-99.9694,37.7654, 899.6,  958, 32.3, -7.8, -7.0,  7,  7, 2.35,186,10.6
2026-03-21 23:03:28,-99.9694,37.7655, 899.0,  964, 32.3, -7.8, -7.0,  7,  7, 2.36,186,10.7
2026-03-21 23:03:29,-99.9694,37.7656, 898.5,  970, 32.2, -7.8, -6.9,  7,  7, 2.36,187,10.8
2026-03-21 23:03:30,-99.9694,37.7657, 897.9,  976, 32.1, -7.8, -7.0,  7,  7, 2.36,187,10.8
2026-03-21 23:03:31,-99.9694,37.7658, 897.4,  980, 32.1, -7.9, -7.0,  7,  7, 2.36,187,10.9
2026-03-21 23:03:32,-99.9693,37.7659, 897.1,  984, 32.0, -7.8, -7.0,  7,  7, 2.36,188,11.0
2026-03-21 23:03:33,-99.9693,37.7660, 896.7,  987, 32.0, -7.8, -7.0,  7,  7, 2.36,188,11.0
2026-03-21 23:03:34,-99.9692,37.7662, 896.3,  992, 32.0, -7.8, -7.0,  7,  7, 2.36,188,11.1
2026-03-21 23:03:35,-99.9692,37.7663, 895.8,  996, 31.9, -7.8, -7.0,  7,  7, 2.37,188,11.1
2026-03-21 23:03:36,-99.9692,37.7664, 895.4, 1001, 31.9, -7.8, -6.9,  7,  7, 2.37,189,11.2
2026-03-21 23:03:37,-99.9692,37.7666, 894.9, 1005, 31.8, -7.8, -6.9,  7,  7, 2.37,189,11.2
2026-03-21 23:03:38,-99.9692,37.7667, 894.5, 1010, 31.8, -7.8, -7.0,  7,  7, 2.37,189,11.2
2026-03-21 23:03:39,-99.9692,37.7668, 894.1, 1014, 31.7, -7.9, -7.0,  7,  7, 2.36,189,11.2
2026-03-21 23:03:40,-99.9692,37.7669, 893.6, 1018, 31.7, -7.9, -7.0,  7,  7, 2.36,189,11.2
2026-03-21 23:03:41,-99.9692,37.7669, 893.2, 1023, 31.7, -7.9, -7.1,  7,  7, 2.35,189,11.2
2026-03-21 23:03:42,-99.9692,37.7670, 892.7, 1028, 31.6, -8.0, -7.1,  7,  7, 2.35,189,11.2
2026-03-21 23:03:43,-99.9691,37.7671, 892.2, 1033, 31.6, -8.0, -7.1,  7,  7, 2.34,189,11.2
2026-03-21 23:03:44,-99.9691,37.7672, 891.6, 1038, 31.5, -8.0, -7.1,  7,  7, 2.34,189,11.2
2026-03-21 23:03:45,-99.9691,37.7673, 891.1, 1044, 31.4, -8.0, -7.2,  7,  7, 2.34,189,11.2
2026-03-21 23:03:46,-99.9691,37.7674, 890.6, 1049, 31.4, -8.1, -7.2,  7,  7, 2.33,189,11.1
2026-03-21 23:03:47,-99.9691,37.7675, 890.0, 1054, 31.3, -8.1, -7.2,  7,  7, 2.33,189,11.1
2026-03-21 23:03:48,-99.9690,37.7676, 889.6, 1059, 31.3, -8.1, -7.2,  7,  7, 2.32,189,11.1
2026-03-21 23:03:49,-99.9690,37.7677, 889.1, 1064, 31.2, -8.1, -7.2,  7,  7, 2.33,189,11.1
2026-03-21 23:03:50,-99.9689,37.7678, 888.6, 1069, 31.2, -8.1, -7.2,  7,  7, 2.33,190,11.1
2026-03-21 23:03:51,-99.9689,37.7679, 888.1, 1074, 31.2, -8.1, -7.2,  7,  7, 2.34,190,11.0
2026-03-21 23:03:52,-99.9688,37.7679, 887.5, 1079, 31.1, -8.1, -7.2,  7,  7, 2.34,190,11.0
2026-03-21 23:03:53,-99.9688,37.7680, 887.0, 1085, 31.1, -8.1, -7.2,  7,  7, 2.34,190,11.0
2026-03-21 23:03:54,-99.9688,37.7681, 886.4, 1090, 31.0, -8.1, -7.2,  7,  7, 2.34,190,11.0
2026-03-21 23:03:55,-99.9688,37.7683, 885.9, 1095, 31.0, -8.1, -7.2,  7,  7, 2.34,190,11.0
2026-03-21 23:03:56,-99.9688,37.7684, 885.4, 1100, 30.9, -8.1, -7.2,  7,  7, 2.35,190,11.0
2026-03-21 23:03:57,-99.9688,37.7685, 884.9, 1106, 30.9, -8.0, -7.2,  7,  7, 2.35,190,11.0
2026-03-21 23:03:58,-99.9688,37.7685, 884.4, 1111, 30.8, -8.0, -7.1,  8,  8, 2.36,190,11.1
2026-03-21 23:03:59,-99.9688,37.7686, 883.8, 1117, 30.8, -8.0, -7.1,  8,  8, 2.36,190,11.1
2026-03-21 23:04:00,-99.9688,37.7687, 883.1, 1124, 30.7, -8.0, -7.2,  8,  8, 2.36,190,11.1
2026-03-21 23:04:01,-99.9688,37.7688, 882.6, 1129, 30.7, -8.1, -7.2,  8,  8, 2.36,190,11.1
2026-03-21 23:04:02,-99.9688,37.7689, 882.0, 1135, 30.6, -8.1, -7.2,  8,  8, 2.36,190,11.1
2026-03-21 23:04:03,-99.9687,37.7691, 881.5, 1140, 30.6, -8.1, -7.2,  8,  8, 2.36,190,11.1
2026-03-21 23:04:04,-99.9687,37.7692, 881.0, 1145, 30.5, -8.1, -7.2,  8,  8, 2.36,190,11.2
2026-03-21 23:04:05,-99.9687,37.7693, 880.4, 1151, 30.5, -8.0, -7.2,  8,  8, 2.37,190,11.2
2026-03-21 23:04:06,-99.9686,37.7693, 879.8, 1158, 30.4, -8.0, -7.1,  8,  8, 2.37,190,11.2
2026-03-21 23:04:07,-99.9686,37.7694, 879.1, 1164, 30.3, -8.0, -7.1,  8,  8, 2.37,190,11.2
2026-03-21 23:04:08,-99.9685,37.7695, 878.5, 1170, 30.3, -8.1, -7.2,  8,  8, 2.36,190,11.2
2026-03-21 23:04:09,-99.9685,37.7696, 878.0, 1176, 30.2, -8.2, -7.3,  8,  8, 2.35,190,11.2
2026-03-21 23:04:10,-99.9685,37.7697, 877.5, 1181, 30.1, -8.2, -7.3,  8,  8, 2.34,190,11.2
2026-03-21 23:04:11,-99.9684,37.7698, 877.0, 1186, 30.1, -8.2, -7.3,  8,  8, 2.34,191,11.2
2026-03-21 23:04:12,-99.9684,37.7700, 876.5, 1191, 30.0, -8.2, -7.3,  8,  8, 2.35,191,11.2
2026-03-21 23:04:13,-99.9684,37.7701, 876.0, 1196, 30.0, -8.2, -7.3,  8,  8, 2.36,191,11.2
2026-03-21 23:04:14,-99.9684,37.7702, 875.5, 1201, 30.0, -8.2, -7.3,  8,  8, 2.36,191,11.2
2026-03-21 23:04:15,-99.9684,37.7703, 875.0, 1206, 29.9, -8.2, -7.3,  8,  8, 2.36,191,11.2
2026-03-21 23:04:16,-99.9684,37.7704, 874.5, 1211, 29.9, -8.1, -7.2,  8,  8, 2.37,191,11.2
2026-03-21 23:04:17,-99.9683,37.7705, 874.0, 1216, 29.8, -8.1, -7.2,  8,  8, 2.37,191,11.2
2026-03-21 23:04:18,-99.9683,37.7706, 873.4, 1222, 29.7, -8.1, -7.2,  8,  8, 2.38,191,11.2
2026-03-21 23:04:19,-99.9683,37.7707, 872.9, 1227, 29.7, -8.1, -7.2,  8,  8, 2.38,191,11.2
2026-03-21 23:04:20,-99.9683,37.7708, 872.4, 1233, 29.6, -8.1, -7.2,  8,  8, 2.38,191,11.2
2026-03-21 23:04:21,-99.9683,37.7709, 871.8, 1238, 29.6, -8.2, -7.3,  8,  8, 2.36,191,11.1
2026-03-21 23:04:22,-99.9682,37.7709, 871.3, 1244, 29.5, -8.2, -7.3,  8,  8, 2.36,190,11.1
2026-03-21 23:04:23,-99.9682,37.7710, 870.7, 1250, 29.5, -8.2, -7.3,  8,  8, 2.36,190,11.1
2026-03-21 23:04:24,-99.9682,37.7711, 870.1, 1255, 29.4, -8.2, -7.3,  8,  8, 2.36,190,11.1
2026-03-21 23:04:25,-99.9681,37.7712, 869.5, 1261, 29.3, -8.3, -7.4,  8,  8, 2.35,190,11.1
2026-03-21 23:04:26,-99.9681,37.7713, 868.9, 1268, 29.3, -8.3, -7.4,  8,  8, 2.35,190,11.1
2026-03-21 23:04:27,-99.9681,37.7715, 868.3, 1274, 29.3, -8.3, -7.4,  8,  8, 2.34,190,11.1
2026-03-21 23:04:28,-99.9681,37.7716, 867.7, 1280, 29.3, -8.4, -7.4,  8,  8, 2.34,190,11.1
2026-03-21 23:04:29,-99.9681,37.7716, 867.2, 1286, 29.2, -8.4, -7.4,  8,  8, 2.34,190,11.1
2026-03-21 23:04:30,-99.9681,37.7717, 866.6, 1291, 29.1, -8.3, -7.4,  8,  8, 2.35,190,11.1
2026-03-21 23:04:31,-99.9680,37.7718, 866.0, 1297, 29.0, -8.3, -7.4,  8,  8, 2.36,190,11.1
2026-03-21 23:04:32,-99.9680,37.7719, 865.5, 1303, 28.9, -8.3, -7.3,  8,  8, 2.37,189,11.1
2026-03-21 23:04:33,-99.9679,37.7720, 864.9, 1309, 28.9, -8.3, -7.4,  8,  8, 2.36,189,11.2
2026-03-21 23:04:34,-99.9679,37.7721, 864.3, 1315, 28.8, -8.3, -7.4,  8,  8, 2.36,189,11.2
2026-03-21 23:04:35,-99.9679,37.7722, 863.8, 1321, 28.8, -8.3, -7.4,  8,  8, 2.36,189,11.2
2026-03-21 23:04:36,-99.9679,37.7723, 863.2, 1326, 28.7, -8.3, -7.4,  8,  8, 2.36,189,11.2
2026-03-21 23:04:37,-99.9679,37.7724, 862.6, 1332, 28.7, -8.3, -7.4,  8,  8, 2.36,188,11.2
2026-03-21 23:04:38,-99.9679,37.7725, 862.0, 1339, 28.6, -8.3, -7.4,  8,  8, 2.36,188,11.2
2026-03-21 23:04:39,-99.9679,37.7726, 861.3, 1346, 28.6, -8.3, -7.4,  8,  8, 2.37,188,11.3
2026-03-21 23:04:40,-99.9678,37.7727, 860.6, 1353, 28.5, -8.3, -7.4,  8,  8, 2.37,187,11.3
2026-03-21 23:04:41,-99.9678,37.7728, 859.9, 1360, 28.4, -8.3, -7.4,  8,  8, 2.37,187,11.3
2026-03-21 23:04:42,-99.9677,37.7730, 859.2, 1368, 28.3, -8.3, -7.4,  8,  8, 2.37,187,11.3
2026-03-21 23:04:43,-99.9677,37.7731, 858.5, 1375, 28.3, -8.4, -7.5,  8,  8, 2.36,186,11.3
2026-03-21 23:04:44,-99.9677,37.7732, 857.9, 1381, 28.2, -8.4, -7.5,  8,  8, 2.35,186,11.3
2026-03-21 23:04:45,-99.9677,37.7733, 857.4, 1386, 28.2, -8.5, -7.5,  8,  8, 2.35,186,11.3
2026-03-21 23:04:46,-99.9677,37.7734, 856.9, 1391, 28.1, -8.5, -7.5,  9,  9, 2.35,185,11.4
2026-03-21 23:04:47,-99.9677,37.7735, 856.4, 1396, 28.0, -8.5, -7.5,  9,  9, 2.35,185,11.4
2026-03-21 23:04:48,-99.9677,37.7736, 855.8, 1402, 28.0, -8.5, -7.6,  9,  9, 2.35,185,11.4
2026-03-21 23:04:49,-99.9677,37.7737, 855.2, 1409, 27.9, -8.5, -7.6,  9,  9, 2.35,184,11.4
2026-03-21 23:04:50,-99.9677,37.7738, 854.4, 1417, 27.8, -8.5, -7.6,  9,  9, 2.35,184,11.4
2026-03-21 23:04:51,-99.9676,37.7739, 853.6, 1425, 27.7, -8.5, -7.6,  9,  9, 2.35,184,11.5
2026-03-21 23:04:52,-99.9676,37.7740, 852.9, 1433, 27.7, -8.6, -7.7,  9,  9, 2.34,184,11.5
2026-03-21 23:04:53,-99.9676,37.7741, 852.2, 1439, 27.6, -8.7, -7.7,  9,  9, 2.33,184,11.5
2026-03-21 23:04:54,-99.9676,37.7741, 851.7, 1445, 27.6, -8.7, -7.7,  9,  9, 2.32,184,11.5
2026-03-21 23:04:55,-99.9676,37.7742, 851.2, 1450, 27.5, -8.7, -7.7,  9,  9, 2.33,184,11.6
2026-03-21 23:04:56,-99.9676,37.7743, 850.8, 1455, 27.5, -8.6, -7.7,  9,  9, 2.34,184,11.6
2026-03-21 23:04:57,-99.9677,37.7745, 850.3, 1459, 27.4, -8.6, -7.6,  9,  9, 2.35,184,11.6
2026-03-21 23:04:58,-99.9677,37.7745, 850.0, 1462, 27.4, -8.6, -7.6,  9,  9, 2.35,184,11.6
2026-03-21 23:04:58,-99.9677,37.7746, 849.8, 1464, 27.4, -8.5, -7.6,  9,  9, 2.36,184,11.7
2026-03-21 23:04:59,-99.9677,37.7747, 849.3, 1470, 27.3, -8.5, -7.6,  9,  9, 2.36,184,11.7
2026-03-21 23:05:00,-99.9677,37.7748, 848.7, 1476, 27.3, -8.5, -7.6,  9,  9, 2.36,185,11.7
2026-03-21 23:05:01,-99.9677,37.7749, 848.1, 1482, 27.2, -8.5, -7.6,  9,  9, 2.36,185,11.8
2026-03-21 23:05:02,-99.9677,37.7750, 847.6, 1488, 27.1, -8.5, -7.6,  9,  9, 2.37,185,11.8
2026-03-21 23:05:03,-99.9677,37.7751, 847.0, 1494, 27.1, -8.5, -7.6,  9,  9, 2.37,186,11.9
2026-03-21 23:05:04,-99.9677,37.7752, 846.4, 1499, 27.0, -8.5, -7.6,  9,  9, 2.37,186,12.0
2026-03-21 23:05:05,-99.9676,37.7753, 845.9, 1505, 27.0, -8.5, -7.6,  9,  9, 2.37,187,12.0
2026-03-21 23:05:06,-99.9676,37.7754, 845.3, 1511, 26.9, -8.5, -7.6,  9,  9, 2.38,187,12.1
2026-03-21 23:05:07,-99.9676,37.7755, 844.7, 1518, 26.9, -8.5, -7.6,  9,  9, 2.38,188,12.1
2026-03-21 23:05:08,-99.9676,37.7756, 844.0, 1524, 26.8, -8.5, -7.6,  9,  9, 2.38,188,12.2
2026-03-21 23:05:09,-99.9675,37.7757, 843.4, 1531, 26.8, -8.5, -7.6,  9,  9, 2.38,189,12.3
2026-03-21 23:05:10,-99.9675,37.7758, 842.7, 1538, 26.7, -8.5, -7.6,  9,  9, 2.38,189,12.3
2026-03-21 23:05:11,-99.9674,37.7759, 842.1, 1545, 26.6, -8.6, -7.6,  9,  9, 2.38,190,12.4
2026-03-21 23:05:12,-99.9674,37.7761, 841.5, 1551, 26.6, -8.6, -7.7,  9,  9, 2.37,190,12.5
2026-03-21 23:05:13,-99.9674,37.7762, 840.9, 1557, 26.5, -8.6, -7.7,  9,  9, 2.36,191,12.5
2026-03-21 23:05:14,-99.9674,37.7764, 840.3, 1563, 26.5, -8.7, -7.7,  9,  9, 2.36,191,12.6
2026-03-21 23:05:15,-99.9674,37.7765, 839.7, 1569, 26.4, -8.7, -7.8,  9,  9, 2.35,192,12.7
2026-03-21 23:05:16,-99.9674,37.7766, 839.2, 1575, 26.3, -8.8, -7.8,  9,  9, 2.35,192,12.7
2026-03-21 23:05:17,-99.9673,37.7766, 838.6, 1581, 26.3, -8.7, -7.8,  9,  9, 2.35,193,12.8
2026-03-21 23:05:18,-99.9673,37.7767, 838.1, 1587, 26.3, -8.7, -7.8,  9,  9, 2.36,193,12.8
2026-03-21 23:05:19,-99.9672,37.7768, 837.5, 1592, 26.2, -8.8, -7.8,  9,  9, 2.35,194,12.9
2026-03-21 23:05:20,-99.9672,37.7770, 837.0, 1598, 26.1, -8.7, -7.8,  9,  9, 2.36,194,12.9
2026-03-21 23:05:21,-99.9671,37.7771, 836.4, 1604, 26.1, -8.7, -7.7,  9,  9, 2.37,194,12.9
2026-03-21 23:05:22,-99.9671,37.7772, 835.8, 1610, 26.0, -8.7, -7.7,  9,  9, 2.37,195,12.9
2026-03-21 23:05:23,-99.9671,37.7773, 835.2, 1617, 26.0, -8.7, -7.8,  9,  9, 2.37,195,13.0
2026-03-21 23:05:24,-99.9670,37.7774, 834.6, 1623, 25.9, -8.8, -7.8,  9,  9, 2.36,195,13.0
2026-03-21 23:05:25,-99.9670,37.7775, 834.1, 1629, 25.8, -8.8, -7.8, 10, 10, 2.36,195,13.0
2026-03-21 23:05:26,-99.9670,37.7776, 833.5, 1635, 25.8, -8.8, -7.8, 10, 10, 2.36,196,13.0
2026-03-21 23:05:27,-99.9670,37.7778, 832.9, 1641, 25.7, -8.8, -7.8, 10, 10, 2.37,196,12.9
2026-03-21 23:05:28,-99.9669,37.7779, 832.3, 1648, 25.7, -8.8, -7.8, 10, 10, 2.37,196,12.9
2026-03-21 23:05:29,-99.9668,37.7780, 831.7, 1654, 25.6, -8.8, -7.8, 10, 10, 2.36,196,12.9
2026-03-21 23:05:30,-99.9668,37.7782, 831.2, 1659, 25.6, -8.8, -7.9, 10, 10, 2.35,196,12.8
2026-03-21 23:05:31,-99.9667,37.7783, 830.7, 1665, 25.6, -8.9, -7.9, 10, 10, 2.35,196,12.8
2026-03-21 23:05:32,-99.9667,37.7784, 830.2, 1670, 25.5, -8.9, -7.9, 10, 10, 2.35,196,12.7
2026-03-21 23:05:33,-99.9667,37.7785, 829.7, 1675, 25.4, -8.9, -7.9, 10, 10, 2.35,196,12.7
2026-03-21 23:05:34,-99.9666,37.7786, 829.2, 1680, 25.4, -8.9, -7.9, 10, 10, 2.35,196,12.6
2026-03-21 23:05:35,-99.9666,37.7787, 828.8, 1684, 25.4, -8.9, -8.0, 10, 10, 2.34,195,12.6
2026-03-21 23:05:36,-99.9665,37.7788, 828.3, 1689, 25.3, -9.0, -8.0, 10, 10, 2.34,195,12.5
2026-03-21 23:05:37,-99.9664,37.7789, 827.9, 1694, 25.3, -8.9, -8.0, 10, 10, 2.35,195,12.4
2026-03-21 23:05:38,-99.9663,37.7790, 827.3, 1700, 25.2, -8.9, -7.9, 10, 10, 2.35,195,12.4
2026-03-21 23:05:39,-99.9663,37.7791, 826.8, 1705, 25.2, -9.0, -8.0, 10, 10, 2.34,195,12.3
2026-03-21 23:05:40,-99.9662,37.7792, 826.3, 1710, 25.1, -9.0, -8.1, 10, 10, 2.33,194,12.3
2026-03-21 23:05:41,-99.9662,37.7793, 825.9, 1715, 25.1, -9.1, -8.1, 10, 10, 2.33,194,12.2
2026-03-21 23:05:42,-99.9662,37.7794, 825.5, 1719, 25.1, -9.1, -8.1, 10, 10, 2.33,194,12.1
2026-03-21 23:05:43,-99.9662,37.7795, 825.1, 1723, 25.0, -9.1, -8.1, 10, 10, 2.33,194,12.1
2026-03-21 23:05:44,-99.9662,37.7796, 824.8, 1727, 25.0, -9.0, -8.0, 10, 10, 2.34,194,12.0
2026-03-21 23:05:45,-99.9662,37.7797, 824.4, 1730, 24.9, -9.0, -8.0, 10, 10, 2.35,193,12.0
2026-03-21 23:05:46,-99.9662,37.7798, 824.1, 1734, 24.9, -9.0, -8.0, 10, 10, 2.34,193,12.0
2026-03-21 23:05:47,-99.9662,37.7799, 823.8, 1737, 24.9, -9.0, -8.0, 10, 10, 2.34,193,11.9
2026-03-21 23:05:48,-99.9662,37.7800, 823.5, 1740, 24.8, -9.0, -8.1, 10, 10, 2.34,193,11.9
2026-03-21 23:05:49,-99.9662,37.7801, 823.1, 1745, 24.8, -9.1, -8.1, 10, 10, 2.34,193,11.9
2026-03-21 23:05:50,-99.9662,37.7802, 822.6, 1749, 24.8, -9.1, -8.1, 10, 10, 2.34,193,11.9
2026-03-21 23:05:51,-99.9662,37.7804, 822.1, 1755, 24.7, -9.1, -8.1, 10, 10, 2.34,193,11.8
2026-03-21 23:05:52,-99.9661,37.7805, 821.6, 1760, 24.7, -9.1, -8.1, 10, 10, 2.33,194,11.8
2026-03-21 23:05:53,-99.9661,37.7806, 821.1, 1765, 24.6, -9.1, -8.1, 10, 10, 2.33,194,11.8
2026-03-21 23:05:54,-99.9660,37.7807, 820.6, 1771, 24.6, -9.1, -8.1, 10, 10, 2.33,194,11.8
2026-03-21 23:05:55,-99.9660,37.7807, 820.1, 1777, 24.5, -9.1, -8.1, 10, 10, 2.35,194,11.8
2026-03-21 23:05:56,-99.9659,37.7808, 819.5, 1783, 24.5, -9.1, -8.1, 10, 10, 2.35,195,11.8
2026-03-21 23:05:57,-99.9659,37.7809, 818.8, 1790, 24.4, -9.1, -8.1, 10, 10, 2.34,195,11.8
2026-03-21 23:05:58,-99.9659,37.7810, 818.2, 1796, 24.3, -9.1, -8.1, 10, 10, 2.34,196,11.8
2026-03-21 23:05:59,-99.9659,37.7811, 817.6, 1803, 24.2, -9.2, -8.2, 10, 10, 2.33,196,11.8
2026-03-21 23:06:00,-99.9659,37.7812, 817.0, 1809, 24.2, -9.2, -8.2, 10, 10, 2.33,196,11.8
2026-03-21 23:06:01,-99.9658,37.7813, 816.4, 1816, 24.1, -9.3, -8.2, 10, 10, 2.32,197,11.8
2026-03-21 23:06:02,-99.9658,37.7815, 815.8, 1822, 24.1, -9.3, -8.3, 10, 10, 2.32,197,11.8
2026-03-21 23:06:03,-99.9657,37.7816, 815.2, 1828, 24.0, -9.3, -8.3, 10, 10, 2.32,198,11.8
2026-03-21 23:06:04,-99.9656,37.7817, 814.6, 1835, 23.9, -9.3, -8.3, 10, 10, 2.32,198,11.8
2026-03-21 23:06:05,-99.9656,37.7818, 814.1, 1841, 23.9, -9.3, -8.2, 10, 10, 2.33,199,11.8
2026-03-21 23:06:06,-99.9655,37.7819, 813.5, 1847, 23.8, -9.2, -8.2, 10, 10, 2.34,199,11.8
2026-03-21 23:06:07,-99.9654,37.7820, 812.9, 1854, 23.7, -9.2, -8.2, 10, 10, 2.34,199,11.8
2026-03-21 23:06:08,-99.9654,37.7822, 812.2, 1861, 23.7, -9.2, -8.2, 10, 10, 2.34,200,11.8
2026-03-21 23:06:09,-99.9654,37.7822, 811.6, 1867, 23.6, -9.2, -8.2, 10, 10, 2.34,200,11.8
2026-03-21 23:06:10,-99.9653,37.7823, 811.0, 1874, 23.6, -9.3, -8.2, 10, 10, 2.33,200,11.9
2026-03-21 23:06:11,-99.9653,37.7824, 810.5, 1879, 23.5, -9.3, -8.3, 10, 10, 2.33,201,11.9
2026-03-21 23:06:12,-99.9652,37.7824, 810.0, 1885, 23.5, -9.3, -8.3, 10, 10, 2.32,201,11.9
2026-03-21 23:06:13,-99.9652,37.7825, 809.5, 1890, 23.4, -9.3, -8.3, 11, 11, 2.33,201,11.9
2026-03-21 23:06:14,-99.9651,37.7826, 808.9, 1896, 23.4, -9.3, -8.3, 11, 11, 2.34,201,11.9
2026-03-21 23:06:15,-99.9650,37.7827, 808.4, 1902, 23.3, -9.3, -8.3, 11, 11, 2.34,202,11.9
2026-03-21 23:06:16,-99.9649,37.7828, 807.8, 1908, 23.3, -9.3, -8.3, 11, 11, 2.33,202,12.0
2026-03-21 23:06:17,-99.9649,37.7829, 807.3, 1913, 23.2, -9.4, -8.3, 11, 11, 2.33,202,12.0
2026-03-21 23:06:18,-99.9648,37.7830, 806.8, 1918, 23.1, -9.4, -8.3, 11, 11, 2.33,202,12.0
2026-03-21 23:06:19,-99.9648,37.7831, 806.4, 1923, 23.1, -9.3, -8.3, 11, 11, 2.33,202,12.0
2026-03-21 23:06:20,-99.9648,37.7832, 806.0, 1927, 23.0, -9.4, -8.3, 11, 11, 2.33,202,12.1
2026-03-21 23:06:21,-99.9648,37.7833, 805.6, 1932, 23.0, -9.4, -8.3, 11, 11, 2.33,202,12.1
2026-03-21 23:06:22,-99.9648,37.7834, 805.1, 1936, 23.0, -9.3, -8.3, 11, 11, 2.34,202,12.2
2026-03-21 23:06:23,-99.9647,37.7835, 804.7, 1941, 22.9, -9.3, -8.3, 11, 11, 2.35,203,12.2
2026-03-21 23:06:24,-99.9646,37.7836, 804.2, 1946, 22.8, -9.3, -8.3, 11, 11, 2.34,203,12.2
2026-03-21 23:06:25,-99.9646,37.7837, 803.8, 1951, 22.8, -9.4, -8.4, 11, 11, 2.33,203,12.3
2026-03-21 23:06:26,-99.9645,37.7838, 803.3, 1956, 22.8, -9.5, -8.4, 11, 11, 2.32,203,12.3
2026-03-21 23:06:27,-99.9645,37.7840, 802.9, 1961, 22.8, -9.5, -8.5, 11, 11, 2.31,203,12.4
2026-03-21 23:06:28,-99.9644,37.7841, 802.5, 1965, 22.7, -9.5, -8.5, 11, 11, 2.31,203,12.4
2026-03-21 23:06:29,-99.9644,37.7842, 802.1, 1970, 22.7, -9.6, -8.5, 11, 11, 2.30,203,12.5
2026-03-21 23:06:30,-99.9643,37.7843, 801.7, 1974, 22.7, -9.6, -8.5, 11, 11, 2.30,204,12.5
2026-03-21 23:06:31,-99.9642,37.7844, 801.2, 1979, 22.6, -9.6, -8.5, 11, 11, 2.31,204,12.5
2026-03-21 23:06:32,-99.9641,37.7845, 800.8, 1984, 22.6, -9.6, -8.5, 11, 11, 2.31,204,12.6
2026-03-21 23:06:33,-99.9641,37.7846, 800.3, 1989, 22.5, -9.6, -8.5, 11, 11, 2.31,204,12.6
2026-03-21 23:06:34,-99.9640,37.7847, 799.9, 1993, 22.5, -9.6, -8.5, 11, 11, 2.31,204,12.6
2026-03-21 23:06:35,-99.9640,37.7848, 799.5, 1997, 22.4, -9.6, -8.6, 11, 11, 2.30,204,12.6
2026-03-21 23:06:36,-99.9639,37.7849, 799.1, 2002, 22.4, -9.6, -8.6, 11, 11, 2.30,204,12.7
2026-03-21 23:06:37,-99.9638,37.7850, 798.7, 2006, 22.4, -9.6, -8.6, 11, 11, 2.30,205,12.7
2026-03-21 23:06:38,-99.9638,37.7852, 798.2, 2011, 22.3, -9.7, -8.6, 11, 11, 2.29,205,12.7
2026-03-21 23:06:39,-99.9637,37.7852, 797.8, 2016, 22.3, -9.8, -8.7, 11, 11, 2.28,205,12.8
2026-03-21 23:06:40,-99.9636,37.7853, 797.4, 2021, 22.3, -9.8, -8.7, 11, 11, 2.28,205,12.8
2026-03-21 23:06:41,-99.9635,37.7854, 796.9, 2025, 22.2, -9.8, -8.7, 11, 11, 2.29,205,12.8
2026-03-21 23:06:42,-99.9635,37.7855, 796.5, 2030, 22.2, -9.7, -8.6, 11, 11, 2.30,205,12.8
2026-03-21 23:06:43,-99.9635,37.7856, 796.1, 2034, 22.1, -9.7, -8.6, 11, 11, 2.30,205,12.8
2026-03-21 23:06:44,-99.9634,37.7857, 795.7, 2038, 22.1, -9.7, -8.6, 11, 11, 2.30,205,12.9
2026-03-21 23:06:45,-99.9634,37.7858, 795.4, 2042, 22.0, -9.8, -8.7, 11, 11, 2.28,205,12.9
2026-03-21 23:06:46,-99.9633,37.7859, 795.0, 2046, 22.0, -9.9, -8.8, 11, 11, 2.27,206,12.9
2026-03-21 23:06:47,-99.9632,37.7860, 794.6, 2050, 22.0, -9.9, -8.8, 11, 11, 2.27,206,12.9
2026-03-21 23:06:48,-99.9631,37.7862, 794.2, 2055, 21.9, -9.8, -8.7, 11, 11, 2.29,206,12.9
2026-03-21 23:06:49,-99.9630,37.7863, 793.7, 2060, 21.9, -9.8, -8.7, 11, 11, 2.29,206,12.9
2026-03-21 23:06:50,-99.9630,37.7864, 793.2, 2066, 21.8, -9.8, -8.7, 11, 11, 2.29,206,13.0
2026-03-21 23:06:51,-99.9629,37.7865, 792.7, 2072, 21.8, -9.8, -8.7, 11, 11, 2.29,206,13.0
2026-03-21 23:06:52,-99.9629,37.7866, 792.1, 2078, 21.7, -9.8, -8.7, 11, 11, 2.29,207,13.0
2026-03-21 23:06:53,-99.9628,37.7867, 791.7, 2083, 21.7, -9.8, -8.7, 11, 11, 2.29,207,13.0
2026-03-21 23:06:54,-99.9628,37.7868, 791.2, 2088, 21.6, -9.9, -8.8, 11, 11, 2.28,207,13.0
2026-03-21 23:06:55,-99.9627,37.7869, 790.7, 2093, 21.6,-10.0, -8.9, 11, 11, 2.26,207,13.0
2026-03-21 23:06:56,-99.9626,37.7869, 790.2, 2098, 21.5,-10.1, -9.0, 11, 11, 2.25,208,13.1
2026-03-21 23:06:57,-99.9625,37.7871, 789.8, 2103, 21.5,-10.0, -8.9, 11, 11, 2.25,208,13.1
2026-03-21 23:06:58,-99.9625,37.7872, 789.4, 2108, 21.4,-10.0, -8.9, 11, 11, 2.26,208,13.1
2026-03-21 23:06:59,-99.9624,37.7873, 788.9, 2113, 21.4,-10.1, -9.0, 11, 11, 2.26,209,13.1
2026-03-21 23:07:00,-99.9623,37.7875, 788.4, 2118, 21.3,-10.1, -9.0, 11, 11, 2.26,209,13.1
2026-03-21 23:07:01,-99.9623,37.7876, 787.9, 2124, 21.3,-10.1, -9.0, 11, 11, 2.25,210,13.1
2026-03-21 23:07:02,-99.9623,37.7877, 787.3, 2130, 21.2,-10.1, -9.0, 11, 11, 2.25,210,13.1
2026-03-21 23:07:03,-99.9622,37.7878, 786.8, 2136, 21.2,-10.2, -9.1, 11, 11, 2.24,211,13.1
2026-03-21 23:07:04,-99.9621,37.7879, 786.2, 2143, 21.1,-10.2, -9.1, 11, 11, 2.24,211,13.1
2026-03-21 23:07:05,-99.9620,37.7880, 785.6, 2149, 21.1,-10.1, -9.0, 11, 11, 2.26,212,13.2
2026-03-21 23:07:06,-99.9620,37.7881, 785.0, 2156, 21.0,-10.0, -8.9, 12, 12, 2.28,212,13.2
2026-03-21 23:07:07,-99.9619,37.7882, 784.3, 2163, 21.0, -9.9, -8.8, 12, 12, 2.29,213,13.2
2026-03-21 23:07:08,-99.9618,37.7883, 783.7, 2170, 20.9,-10.0, -8.9, 12, 12, 2.29,214,13.2
2026-03-21 23:07:09,-99.9617,37.7884, 783.1, 2177, 20.8,-10.0, -8.9, 12, 12, 2.27,214,13.2
2026-03-21 23:07:10,-99.9616,37.7885, 782.5, 2183, 20.8,-10.1, -9.0, 12, 12, 2.27,215,13.2
2026-03-21 23:07:11,-99.9615,37.7885, 782.0, 2188, 20.7,-10.0, -8.9, 12, 12, 2.28,215,13.2
2026-03-21 23:07:12,-99.9614,37.7886, 781.5, 2194, 20.7,-10.0, -8.9, 12, 12, 2.29,216,13.2
2026-03-21 23:07:13,-99.9613,37.7887, 781.0, 2199, 20.6,-10.0, -8.9, 12, 12, 2.29,216,13.3
2026-03-21 23:07:14,-99.9612,37.7888, 780.5, 2205, 20.5,-10.0, -8.9, 12, 12, 2.28,216,13.3
2026-03-21 23:07:15,-99.9611,37.7889, 780.1, 2210, 20.4,-10.1, -9.0, 12, 12, 2.28,217,13.3
2026-03-21 23:07:16,-99.9610,37.7890, 779.7, 2214, 20.4,-10.1, -9.0, 12, 12, 2.27,217,13.3
2026-03-21 23:07:17,-99.9609,37.7891, 779.3, 2219, 20.4,-10.1, -9.0, 12, 12, 2.27,217,13.3
2026-03-21 23:07:18,-99.9608,37.7892, 778.9, 2223, 20.4,-10.2, -9.1, 12, 12, 2.26,218,13.3
2026-03-21 23:07:19,-99.9607,37.7893, 778.5, 2227, 20.3,-10.3, -9.2, 12, 12, 2.24,218,13.3
2026-03-21 23:07:20,-99.9606,37.7894, 778.1, 2231, 20.3,-10.5, -9.4, 12, 12, 2.20,218,13.3
2026-03-21 23:07:21,-99.9605,37.7895, 777.7, 2236, 20.3,-10.8, -9.6, 11, 11, 2.15,218,13.3
2026-03-21 23:07:22,-99.9604,37.7896, 777.3, 2240, 20.3,-10.8, -9.7, 11, 11, 2.15,218,13.3
2026-03-21 23:07:23,-99.9603,37.7897, 777.0, 2244, 20.2,-10.8, -9.6, 11, 11, 2.17,218,13.3
2026-03-21 23:07:24,-99.9602,37.7897, 776.6, 2248, 20.2,-10.6, -9.5, 12, 12, 2.19,218,13.3
2026-03-21 23:07:25,-99.9601,37.7898, 776.2, 2253, 20.1,-10.6, -9.4, 12, 12, 2.20,218,13.3
2026-03-21 23:07:26,-99.9600,37.7899, 775.8, 2257, 20.1,-10.6, -9.4, 12, 12, 2.20,218,13.3
2026-03-21 23:07:27,-99.9599,37.7901, 775.4, 2261, 20.0,-10.6, -9.5, 12, 12, 2.19,218,13.3
2026-03-21 23:07:28,-99.9598,37.7902, 775.0, 2266, 20.0,-10.7, -9.5, 12, 12, 2.18,218,13.3
2026-03-21 23:07:29,-99.9598,37.7903, 774.6, 2270, 20.0,-10.8, -9.6, 12, 12, 2.17,218,13.3
2026-03-21 23:07:30,-99.9597,37.7903, 774.2, 2275, 19.9,-10.8, -9.6, 12, 12, 2.17,218,13.3
2026-03-21 23:07:31,-99.9596,37.7904, 773.8, 2280, 19.9,-10.8, -9.6, 12, 12, 2.18,218,13.3
2026-03-21 23:07:32,-99.9595,37.7905, 773.4, 2284, 19.8,-10.7, -9.5, 12, 12, 2.19,218,13.3
2026-03-21 23:07:33,-99.9594,37.7906, 772.9, 2289, 19.8,-10.7, -9.5, 12, 12, 2.19,218,13.3
2026-03-21 23:07:34,-99.9593,37.7907, 772.5, 2294, 19.7,-10.8, -9.6, 12, 12, 2.18,217,13.3
2026-03-21 23:07:35,-99.9592,37.7908, 772.1, 2298, 19.7,-10.9, -9.7, 12, 12, 2.15,217,13.3
2026-03-21 23:07:36,-99.9591,37.7909, 771.7, 2303, 19.7,-11.0, -9.8, 12, 12, 2.13,217,13.3
2026-03-21 23:07:37,-99.9590,37.7910, 771.3, 2307, 19.6,-11.1, -9.9, 12, 12, 2.12,217,13.3
2026-03-21 23:07:38,-99.9589,37.7911, 770.8, 2312, 19.6,-11.1, -9.9, 12, 12, 2.12,217,13.3
2026-03-21 23:07:39,-99.9589,37.7912, 770.4, 2317, 19.5,-11.2,-10.0, 12, 12, 2.11,217,13.3
2026-03-21 23:07:40,-99.9588,37.7912, 769.9, 2323, 19.5,-11.2,-10.0, 12, 12, 2.11,216,13.3
2026-03-21 23:07:41,-99.9587,37.7914, 769.5, 2328, 19.4,-11.2,-10.0, 12, 12, 2.11,216,13.3
2026-03-21 23:07:42,-99.9586,37.7915, 769.0, 2333, 19.4,-11.2,-10.0, 12, 12, 2.11,216,13.3
2026-03-21 23:07:43,-99.9585,37.7916, 768.6, 2338, 19.3,-11.2,-10.0, 12, 12, 2.12,216,13.3
2026-03-21 23:07:44,-99.9584,37.7917, 768.1, 2342, 19.3,-11.2,-10.0, 12, 12, 2.12,216,13.3
2026-03-21 23:07:45,-99.9583,37.7918, 767.8, 2347, 19.3,-11.2,-10.0, 12, 12, 2.12,216,13.4
2026-03-21 23:07:46,-99.9582,37.7919, 767.4, 2351, 19.2,-11.2,-10.0, 12, 12, 2.12,216,13.4
2026-03-21 23:07:47,-99.9582,37.7919, 766.9, 2356, 19.2,-11.1, -9.9, 12, 12, 2.14,215,13.4
2026-03-21 23:07:48,-99.9581,37.7920, 766.5, 2361, 19.1,-11.0, -9.8, 12, 12, 2.15,215,13.4
2026-03-21 23:07:49,-99.9579,37.7921, 766.0, 2366, 19.0,-11.1, -9.9, 12, 12, 2.14,215,13.5
2026-03-21 23:07:50,-99.9578,37.7922, 765.6, 2371, 19.0,-11.2,-10.0, 12, 12, 2.13,215,13.5
2026-03-21 23:07:51,-99.9578,37.7923, 765.2, 2375, 19.0,-11.2,-10.0, 12, 12, 2.12,215,13.5
2026-03-21 23:07:52,-99.9577,37.7924, 764.9, 2379, 18.9,-11.2,-10.0, 12, 12, 2.12,215,13.6
2026-03-21 23:07:53,-99.9576,37.7925, 764.5, 2383, 18.9,-11.2,-10.0, 12, 12, 2.12,215,13.6
2026-03-21 23:07:54,-99.9576,37.7926, 764.2, 2387, 18.9,-11.2,-10.0, 12, 12, 2.13,215,13.6
2026-03-21 23:07:55,-99.9575,37.7927, 763.8, 2391, 18.8,-11.2,-10.0, 12, 12, 2.13,215,13.7
2026-03-21 23:07:56,-99.9575,37.7929, 763.4, 2395, 18.8,-11.2,-10.0, 12, 12, 2.13,215,13.7
2026-03-21 23:07:57,-99.9574,37.7930, 763.0, 2400, 18.7,-11.2,-10.0, 12, 12, 2.13,215,13.7
2026-03-21 23:07:58,-99.9573,37.7931, 762.6, 2405, 18.7,-11.1, -9.9, 12, 12, 2.14,215,13.7
2026-03-21 23:07:59,-99.9571,37.7932, 762.1, 2410, 18.6,-11.1, -9.9, 12, 12, 2.14,216,13.7
2026-03-21 23:08:00,-99.9570,37.7933, 761.7, 2415, 18.6,-11.2,-10.0, 12, 12, 2.14,216,13.8
2026-03-21 23:08:01,-99.9569,37.7933, 761.2, 2420, 18.5,-11.2,-10.0, 12, 12, 2.13,216,13.8
2026-03-21 23:08:02,-99.9568,37.7934, 760.8, 2424, 18.5,-11.2,-10.0, 12, 12, 2.13,216,13.8
2026-03-21 23:08:03,-99.9567,37.7935, 760.4, 2429, 18.4,-11.3,-10.0, 12, 12, 2.12,216,13.8
2026-03-21 23:08:04,-99.9567,37.7937, 760.0, 2434, 18.4,-11.3,-10.0, 12, 12, 2.13,216,13.7
2026-03-21 23:08:05,-99.9566,37.7938, 759.6, 2439, 18.4,-11.2,-10.0, 12, 12, 2.13,216,13.7
2026-03-21 23:08:06,-99.9565,37.7939, 759.1, 2444, 18.3,-11.2,-10.0, 12, 12, 2.14,216,13.7
2026-03-21 23:08:07,-99.9564,37.7940, 758.6, 2449, 18.2,-11.3,-10.0, 12, 12, 2.13,217,13.7
2026-03-21 23:08:08,-99.9563,37.7941, 758.2, 2454, 18.2,-11.3,-10.1, 12, 12, 2.13,217,13.6
2026-03-21 23:08:09,-99.9562,37.7942, 757.7, 2459, 18.1,-11.3,-10.1, 12, 12, 2.13,217,13.6
2026-03-21 23:08:10,-99.9560,37.7943, 757.3, 2464, 18.1,-11.3,-10.1, 12, 12, 2.13,217,13.5
2026-03-21 23:08:11,-99.9559,37.7944, 756.9, 2469, 18.0,-11.3,-10.1, 12, 12, 2.13,217,13.5
2026-03-21 23:08:12,-99.9558,37.7945, 756.4, 2474, 18.0,-11.4,-10.2, 12, 12, 2.12,217,13.4
2026-03-21 23:08:13,-99.9557,37.7946, 755.9, 2480, 18.0,-11.4,-10.2, 12, 12, 2.11,217,13.3
2026-03-21 23:08:14,-99.9556,37.7948, 755.4, 2485, 17.9,-11.5,-10.2, 12, 12, 2.10,218,13.3
2026-03-21 23:08:15,-99.9555,37.7948, 755.0, 2490, 17.9,-11.5,-10.2, 12, 12, 2.10,218,13.2
2026-03-21 23:08:16,-99.9554,37.7949, 754.5, 2495, 17.8,-11.5,-10.2, 13, 13, 2.11,218,13.1
2026-03-21 23:08:17,-99.9554,37.7950, 754.1, 2500, 17.7,-11.4,-10.2, 13, 13, 2.11,218,13.1
2026-03-21 23:08:18,-99.9553,37.7951, 753.7, 2504, 17.7,-11.4,-10.1, 13, 13, 2.12,218,13.0
2026-03-21 23:08:19,-99.9552,37.7951, 753.4, 2508, 17.6,-11.3,-10.1, 13, 13, 2.13,219,12.9
2026-03-21 23:08:20,-99.9551,37.7952, 753.0, 2513, 17.6,-11.3,-10.1, 13, 13, 2.13,219,12.8
2026-03-21 23:08:21,-99.9550,37.7953, 752.6, 2517, 17.5,-11.4,-10.1, 13, 13, 2.13,219,12.7
2026-03-21 23:08:22,-99.9550,37.7954, 752.2, 2522, 17.5,-11.4,-10.1, 13, 13, 2.13,219,12.7
2026-03-21 23:08:23,-99.9549,37.7955, 751.8, 2526, 17.5,-11.3,-10.1, 13, 13, 2.14,219,12.6
2026-03-21 23:08:24,-99.9548,37.7956, 751.4, 2531, 17.4,-11.3,-10.1, 13, 13, 2.14,220,12.5
2026-03-21 23:08:25,-99.9548,37.7957, 750.9, 2537, 17.4,-11.4,-10.1, 13, 13, 2.13,220,12.5
2026-03-21 23:08:26,-99.9547,37.7958, 750.4, 2542, 17.3,-11.4,-10.2, 13, 13, 2.13,220,12.4
2026-03-21 23:08:27,-99.9546,37.7959, 750.0, 2547, 17.3,-11.4,-10.2, 13, 13, 2.13,220,12.4
2026-03-21 23:08:28,-99.9545,37.7960, 749.6, 2552, 17.2,-11.3,-10.1, 13, 13, 2.14,221,12.3
2026-03-21 23:08:29,-99.9543,37.7961, 749.2, 2556, 17.2,-11.3,-10.1, 13, 13, 2.15,221,12.3
2026-03-21 23:08:30,-99.9542,37.7962, 748.8, 2560, 17.1,-11.3,-10.1, 13, 13, 2.16,221,12.2
2026-03-21 23:08:31,-99.9541,37.7963, 748.5, 2563, 17.1,-11.3,-10.0, 13, 13, 2.16,221,12.2
2026-03-21 23:08:32,-99.9540,37.7963, 748.2, 2567, 17.0,-11.3,-10.0, 13, 13, 2.16,221,12.2
2026-03-21 23:08:33,-99.9539,37.7964, 747.9, 2570, 17.0,-11.3,-10.0, 13, 13, 2.16,221,12.2
2026-03-21 23:08:34,-99.9538,37.7964, 747.7, 2573, 17.0,-11.3,-10.1, 13, 13, 2.16,222,12.2
2026-03-21 23:08:35,-99.9537,37.7965, 747.4, 2576, 16.9,-11.3,-10.1, 13, 13, 2.15,222,12.2
2026-03-21 23:08:36,-99.9536,37.7966, 747.0, 2580, 16.9,-11.4,-10.2, 13, 13, 2.14,222,12.2
2026-03-21 23:08:37,-99.9536,37.7966, 746.7, 2584, 16.9,-11.5,-10.3, 13, 13, 2.12,222,12.2
2026-03-21 23:08:38,-99.9535,37.7967, 746.3, 2589, 16.9,-11.7,-10.4, 13, 13, 2.10,222,12.2
2026-03-21 23:08:39,-99.9534,37.7968, 745.9, 2593, 16.9,-11.8,-10.5, 13, 13, 2.07,222,12.2
2026-03-21 23:08:40,-99.9533,37.7969, 745.5, 2598, 16.9,-11.9,-10.6, 13, 13, 2.07,222,12.2
2026-03-21 23:08:41,-99.9532,37.7970, 745.1, 2603, 16.8,-11.7,-10.4, 13, 13, 2.09,222,12.3
2026-03-21 23:08:42,-99.9531,37.7970, 744.7, 2607, 16.7,-11.6,-10.3, 13, 13, 2.12,223,12.3
2026-03-21 23:08:43,-99.9530,37.7971, 744.2, 2612, 16.6,-11.6,-10.4, 13, 13, 2.11,223,12.4
2026-03-21 23:08:44,-99.9529,37.7971, 743.8, 2617, 16.7,-11.9,-10.6, 13, 13, 2.07,223,12.4
2026-03-21 23:08:45,-99.9529,37.7972, 743.3, 2622, 16.7,-12.1,-10.8, 13, 13, 2.04,223,12.5
2026-03-21 23:08:46,-99.9528,37.7973, 742.9, 2628, 16.6,-12.1,-10.8, 13, 13, 2.04,223,12.5
2026-03-21 23:08:47,-99.9527,37.7974, 742.4, 2633, 16.5,-12.0,-10.7, 13, 13, 2.06,223,12.6
2026-03-21 23:08:48,-99.9526,37.7976, 742.0, 2637, 16.5,-11.9,-10.6, 13, 13, 2.07,223,12.6
2026-03-21 23:08:49,-99.9525,37.7977, 741.6, 2642, 16.4,-12.0,-10.7, 13, 13, 2.06,223,12.7
2026-03-21 23:08:50,-99.9524,37.7978, 741.3, 2646, 16.4,-12.0,-10.7, 13, 13, 2.05,223,12.8
2026-03-21 23:08:51,-99.9523,37.7978, 740.9, 2650, 16.4,-12.0,-10.7, 13, 13, 2.05,223,12.9
2026-03-21 23:08:52,-99.9522,37.7979, 740.5, 2654, 16.3,-12.0,-10.7, 13, 13, 2.06,224,12.9
2026-03-21 23:08:53,-99.9521,37.7980, 740.1, 2659, 16.3,-12.0,-10.7, 13, 13, 2.06,224,13.0
2026-03-21 23:08:54,-99.9520,37.7980, 739.7, 2664, 16.2,-12.0,-10.7, 13, 13, 2.06,224,13.1
2026-03-21 23:08:55,-99.9519,37.7981, 739.2, 2670, 16.2,-12.0,-10.7, 13, 13, 2.05,224,13.1
2026-03-21 23:08:56,-99.9518,37.7983, 738.7, 2675, 16.1,-12.1,-10.8, 13, 13, 2.05,224,13.2
2026-03-21 23:08:57,-99.9517,37.7983, 738.3, 2680, 16.1,-12.0,-10.7, 13, 13, 2.06,224,13.2
2026-03-21 23:08:58,-99.9515,37.7984, 737.9, 2685, 16.0,-12.0,-10.7, 13, 13, 2.06,224,13.3
2026-03-21 23:08:59,-99.9514,37.7985, 737.4, 2690, 16.0,-11.9,-10.6, 14, 14, 2.08,225,13.4
2026-03-21 23:09:00,-99.9513,37.7985, 736.9, 2696, 15.9,-11.9,-10.6, 14, 14, 2.08,225,13.4
2026-03-21 23:09:01,-99.9512,37.7986, 736.5, 2701, 15.9,-12.0,-10.7, 14, 14, 2.07,225,13.5
2026-03-21 23:09:02,-99.9511,37.7987, 736.0, 2706, 15.8,-12.1,-10.8, 14, 14, 2.06,225,13.5
2026-03-21 23:09:03,-99.9510,37.7988, 735.6, 2711, 15.8,-12.1,-10.8, 14, 14, 2.05,225,13.5
2026-03-21 23:09:04,-99.9509,37.7989, 735.3, 2715, 15.7,-12.2,-10.9, 13, 13, 2.04,225,13.6
2026-03-21 23:09:05,-99.9507,37.7990, 734.9, 2719, 15.7,-12.2,-10.9, 13, 13, 2.03,226,13.6
2026-03-21 23:09:06,-99.9506,37.7991, 734.6, 2723, 15.6,-12.2,-10.9, 14, 14, 2.04,226,13.6
2026-03-21 23:09:07,-99.9505,37.7992, 734.2, 2727, 15.6,-12.2,-10.9, 14, 14, 2.05,226,13.7
2026-03-21 23:09:08,-99.9504,37.7992, 733.8, 2732, 15.6,-12.2,-10.8, 14, 14, 2.05,226,13.7
2026-03-21 23:09:09,-99.9503,37.7993, 733.3, 2737, 15.5,-12.2,-10.9, 14, 14, 2.04,226,13.7
2026-03-21 23:09:10,-99.9502,37.7994, 732.9, 2743, 15.5,-12.2,-10.9, 14, 14, 2.04,226,13.8
2026-03-21 23:09:11,-99.9501,37.7995, 732.4, 2748, 15.4,-12.3,-10.9, 14, 14, 2.04,226,13.8
2026-03-21 23:09:12,-99.9500,37.7996, 732.0, 2753, 15.4,-12.3,-11.0, 14, 14, 2.03,226,13.8
2026-03-21 23:09:13,-99.9499,37.7997, 731.6, 2758, 15.3,-12.4,-11.1, 14, 14, 2.01,226,13.8
2026-03-21 23:09:14,-99.9497,37.7998, 731.1, 2763, 15.3,-12.4,-11.1, 14, 14, 2.01,226,13.9
2026-03-21 23:09:15,-99.9496,37.7999, 730.7, 2768, 15.3,-12.4,-11.1, 14, 14, 2.02,226,13.9
2026-03-21 23:09:16,-99.9495,37.8000, 730.2, 2774, 15.2,-12.4,-11.0, 14, 14, 2.02,226,13.9
2026-03-21 23:09:17,-99.9494,37.8000, 729.6, 2780, 15.1,-12.4,-11.1, 14, 14, 2.02,226,14.0
2026-03-21 23:09:18,-99.9493,37.8001, 729.1, 2786, 15.1,-12.4,-11.1, 14, 14, 2.02,226,14.0
2026-03-21 23:09:19,-99.9492,37.8002, 728.6, 2792, 15.0,-12.5,-11.1, 14, 14, 2.02,226,14.0
2026-03-21 23:09:20,-99.9491,37.8002, 728.1, 2798, 14.9,-12.5,-11.1, 14, 14, 2.01,226,14.1
2026-03-21 23:09:21,-99.9489,37.8003, 727.6, 2804, 14.9,-12.5,-11.2, 14, 14, 2.01,226,14.1
2026-03-21 23:09:22,-99.9488,37.8004, 727.1, 2809, 14.9,-12.5,-11.2, 14, 14, 2.01,226,14.2
2026-03-21 23:09:23,-99.9487,37.8005, 726.7, 2814, 14.8,-12.5,-11.2, 14, 14, 2.01,226,14.2
2026-03-21 23:09:24,-99.9485,37.8006, 726.3, 2819, 14.8,-12.6,-11.2, 14, 14, 2.00,226,14.2
2026-03-21 23:09:25,-99.9484,37.8007, 725.9, 2824, 14.7,-12.6,-11.2, 14, 14, 2.00,226,14.3
2026-03-21 23:09:26,-99.9484,37.8008, 725.4, 2829, 14.7,-12.6,-11.2, 14, 14, 2.00,226,14.3
2026-03-21 23:09:27,-99.9483,37.8009, 725.0, 2834, 14.6,-12.6,-11.3, 14, 14, 2.00,226,14.4
2026-03-21 23:09:28,-99.9481,37.8010, 724.6, 2839, 14.6,-12.6,-11.3, 14, 14, 2.00,226,14.4
2026-03-21 23:09:29,-99.9480,37.8011, 724.2, 2844, 14.5,-12.6,-11.3, 14, 14, 2.00,226,14.4
2026-03-21 23:09:30,-99.9479,37.8012, 723.8, 2848, 14.5,-12.6,-11.3, 14, 14, 2.00,226,14.5
2026-03-21 23:09:31,-99.9477,37.8013, 723.4, 2853, 14.4,-12.6,-11.2, 14, 14, 2.01,226,14.5
2026-03-21 23:09:32,-99.9476,37.8014, 723.0, 2857, 14.4,-12.6,-11.3, 14, 14, 2.00,226,14.5
2026-03-21 23:09:33,-99.9475,37.8015, 722.7, 2861, 14.3,-12.7,-11.3, 14, 14, 2.00,226,14.6
2026-03-21 23:09:34,-99.9474,37.8016, 722.3, 2866, 14.3,-12.7,-11.3, 14, 14, 2.00,226,14.6
2026-03-21 23:09:35,-99.9473,37.8016, 721.8, 2871, 14.2,-12.6,-11.3, 14, 14, 2.01,226,14.6
2026-03-21 23:09:36,-99.9472,37.8017, 721.2, 2878, 14.2,-12.6,-11.3, 14, 14, 2.01,227,14.7
2026-03-21 23:09:37,-99.9471,37.8018, 720.7, 2884, 14.1,-12.7,-11.3, 14, 14, 2.00,227,14.7
2026-03-21 23:09:38,-99.9469,37.8019, 720.2, 2890, 14.1,-12.7,-11.3, 14, 14, 2.00,227,14.7
2026-03-21 23:09:39,-99.9468,37.8020, 719.8, 2895, 14.0,-12.7,-11.3, 14, 14, 2.00,227,14.8
2026-03-21 23:09:40,-99.9466,37.8021, 719.4, 2900, 14.0,-12.7,-11.3, 15, 15, 2.01,227,14.8
2026-03-21 23:09:41,-99.9465,37.8022, 718.9, 2905, 13.9,-12.6,-11.3, 15, 15, 2.01,227,14.8
2026-03-21 23:09:42,-99.9464,37.8023, 718.5, 2910, 13.9,-12.6,-11.2, 15, 15, 2.02,227,14.8
2026-03-21 23:09:43,-99.9463,37.8024, 718.0, 2916, 13.8,-12.6,-11.2, 15, 15, 2.02,227,14.8
2026-03-21 23:09:44,-99.9462,37.8025, 717.5, 2922, 13.7,-12.7,-11.3, 15, 15, 2.01,228,14.8
2026-03-21 23:09:45,-99.9461,37.8025, 717.0, 2927, 13.7,-12.7,-11.4, 15, 15, 2.00,228,14.9
2026-03-21 23:09:46,-99.9459,37.8026, 716.5, 2933, 13.6,-12.8,-11.4, 15, 15, 2.00,228,14.9
2026-03-21 23:09:47,-99.9458,37.8027, 716.1, 2938, 13.5,-12.8,-11.4, 15, 15, 2.00,228,14.9
2026-03-21 23:09:48,-99.9457,37.8028, 715.6, 2943, 13.5,-12.7,-11.4, 15, 15, 2.01,228,14.9
2026-03-21 23:09:49,-99.9455,37.8029, 715.1, 2949, 13.5,-12.7,-11.3, 15, 15, 2.02,228,14.9
2026-03-21 23:09:50,-99.9454,37.8030, 714.6, 2955, 13.4,-12.7,-11.3, 15, 15, 2.02,228,14.9
2026-03-21 23:09:51,-99.9453,37.8031, 714.1, 2961, 13.4,-12.6,-11.3, 15, 15, 2.02,228,14.9
2026-03-21 23:09:52,-99.9452,37.8032, 713.7, 2967, 13.3,-12.6,-11.3, 15, 15, 2.03,228,14.9
2026-03-21 23:09:53,-99.9450,37.8032, 713.2, 2972, 13.2,-12.7,-11.3, 15, 15, 2.02,228,14.8
2026-03-21 23:09:54,-99.9449,37.8034, 712.7, 2978, 13.2,-12.7,-11.3, 15, 15, 2.02,228,14.8
2026-03-21 23:09:55,-99.9448,37.8034, 712.2, 2983, 13.2,-12.7,-11.3, 15, 15, 2.02,229,14.8
2026-03-21 23:09:56,-99.9446,37.8035, 711.7, 2989, 13.1,-12.7,-11.4, 15, 15, 2.02,229,14.8
2026-03-21 23:09:57,-99.9445,37.8036, 711.2, 2995, 13.0,-12.8,-11.4, 15, 15, 2.02,229,14.8
2026-03-21 23:09:58,-99.9444,37.8037, 710.7, 3001, 13.0,-12.7,-11.4, 15, 15, 2.02,229,14.8
2026-03-21 23:09:59,-99.9442,37.8037, 710.3, 3007, 12.9,-12.8,-11.4, 15, 15, 2.01,229,14.8
2026-03-21 23:10:00,-99.9441,37.8038, 709.9, 3011, 12.9,-12.8,-11.5, 15, 15, 2.01,229,14.7
2026-03-21 23:10:01,-99.9440,37.8040, 709.5, 3015, 12.8,-12.8,-11.4, 15, 15, 2.01,228,14.7
2026-03-21 23:10:02,-99.9439,37.8041, 709.1, 3020, 12.8,-12.8,-11.4, 16, 16, 2.02,228,14.7
2026-03-21 23:10:03,-99.9438,37.8042, 708.7, 3025, 12.7,-12.7,-11.4, 16, 16, 2.03,228,14.7
2026-03-21 23:10:04,-99.9436,37.8043, 708.1, 3032, 12.6,-12.8,-11.4, 16, 16, 2.03,228,14.7
2026-03-21 23:10:05,-99.9435,37.8044, 707.6, 3038, 12.6,-12.8,-11.4, 16, 16, 2.02,228,14.7
2026-03-21 23:10:06,-99.9433,37.8045, 707.0, 3045, 12.5,-12.9,-11.5, 16, 16, 2.01,228,14.7
2026-03-21 23:10:07,-99.9432,37.8045, 706.5, 3051, 12.5,-12.9,-11.5, 16, 16, 2.00,228,14.7
2026-03-21 23:10:08,-99.9431,37.8046, 706.0, 3057, 12.4,-12.9,-11.5, 16, 16, 2.00,228,14.8
2026-03-21 23:10:09,-99.9430,37.8046, 705.5, 3063, 12.4,-13.0,-11.6, 16, 16, 2.00,228,14.8
2026-03-21 23:10:10,-99.9429,37.8047, 705.0, 3068, 12.3,-13.0,-11.6, 16, 16, 2.00,228,14.8
2026-03-21 23:10:11,-99.9428,37.8048, 704.6, 3074, 12.3,-13.0,-11.6, 16, 16, 2.00,228,14.8
2026-03-21 23:10:12,-99.9427,37.8049, 704.1, 3079, 12.2,-12.9,-11.6, 16, 16, 2.00,228,14.9
2026-03-21 23:10:13,-99.9426,37.8050, 703.7, 3084, 12.2,-12.9,-11.6, 16, 16, 2.01,228,14.9
2026-03-21 23:10:14,-99.9425,37.8051, 703.2, 3090, 12.1,-13.0,-11.6, 16, 16, 2.01,228,15.0
2026-03-21 23:10:15,-99.9424,37.8052, 702.7, 3096, 12.1,-12.9,-11.6, 16, 16, 2.01,228,15.0
2026-03-21 23:10:16,-99.9423,37.8052, 702.2, 3102, 12.0,-12.9,-11.5, 16, 16, 2.01,227,15.0
2026-03-21 23:10:17,-99.9421,37.8053, 701.7, 3108, 12.0,-12.9,-11.5, 16, 16, 2.01,227,15.1
2026-03-21 23:10:18,-99.9420,37.8054, 701.2, 3114, 11.9,-13.0,-11.6, 16, 16, 2.00,227,15.1
2026-03-21 23:10:19,-99.9418,37.8055, 700.8, 3119, 11.8,-13.0,-11.6, 16, 16, 2.00,228,15.2
2026-03-21 23:10:20,-99.9417,37.8056, 700.4, 3123, 11.8,-13.0,-11.6, 16, 16, 2.00,228,15.2
2026-03-21 23:10:21,-99.9415,37.8058, 700.1, 3127, 11.8,-13.1,-11.7, 16, 16, 1.99,228,15.3
2026-03-21 23:10:21,-99.9415,37.8058, 700.0, 3128, 11.8,-13.1,-11.7, 16, 16, 1.99,228,15.3
2026-03-21 23:10:22,-99.9414,37.8059, 699.7, 3132, 11.7,-13.1,-11.7, 16, 16, 1.99,228,15.3
2026-03-21 23:10:23,-99.9412,37.8060, 699.3, 3137, 11.7,-13.2,-11.7, 16, 16, 1.98,228,15.3
2026-03-21 23:10:24,-99.9411,37.8061, 698.8, 3143, 11.6,-13.2,-11.7, 16, 16, 1.99,228,15.4
2026-03-21 23:10:25,-99.9409,37.8062, 698.3, 3148, 11.6,-13.1,-11.7, 16, 16, 1.99,228,15.4
2026-03-21 23:10:26,-99.9408,37.8062, 697.9, 3153, 11.5,-13.2,-11.7, 16, 16, 1.99,229,15.4
2026-03-21 23:10:27,-99.9407,37.8063, 697.5, 3158, 11.5,-13.1,-11.7, 16, 16, 1.99,229,15.5
2026-03-21 23:10:28,-99.9406,37.8064, 697.1, 3163, 11.4,-13.1,-11.7, 16, 16, 1.99,229,15.5
2026-03-21 23:10:29,-99.9405,37.8065, 696.7, 3168, 11.4,-13.1,-11.7, 17, 17, 1.99,229,15.5
2026-03-21 23:10:30,-99.9404,37.8066, 696.3, 3173, 11.4,-13.1,-11.7, 17, 17, 2.00,230,15.5
2026-03-21 23:10:31,-99.9403,37.8067, 695.9, 3177, 11.3,-13.1,-11.7, 17, 17, 2.00,230,15.6
2026-03-21 23:10:32,-99.9402,37.8068, 695.5, 3182, 11.2,-13.1,-11.7, 17, 17, 2.00,230,15.6
2026-03-21 23:10:33,-99.9400,37.8070, 695.0, 3188, 11.2,-13.1,-11.7, 17, 17, 2.00,230,15.6
2026-03-21 23:10:34,-99.9399,37.8070, 694.6, 3193, 11.1,-13.1,-11.7, 17, 17, 2.00,231,15.6
2026-03-21 23:10:35,-99.9397,37.8071, 694.0, 3200, 11.1,-13.1,-11.7, 17, 17, 2.00,231,15.6
2026-03-21 23:10:36,-99.9396,37.8072, 693.5, 3206, 11.0,-13.1,-11.7, 17, 17, 2.00,231,15.7
2026-03-21 23:10:37,-99.9394,37.8073, 692.9, 3213, 10.9,-13.2,-11.8, 17, 17, 2.00,232,15.7
2026-03-21 23:10:38,-99.9393,37.8073, 692.3, 3220, 10.9,-13.2,-11.8, 17, 17, 1.99,232,15.7
2026-03-21 23:10:39,-99.9391,37.8074, 691.8, 3226, 10.8,-13.3,-11.8, 17, 17, 1.99,232,15.7
2026-03-21 23:10:40,-99.9390,37.8075, 691.4, 3232, 10.8,-13.3,-11.8, 17, 17, 1.99,232,15.8
2026-03-21 23:10:41,-99.9388,37.8076, 691.0, 3237, 10.7,-13.3,-11.9, 17, 17, 1.98,233,15.8
2026-03-21 23:10:42,-99.9387,37.8076, 690.5, 3242, 10.7,-13.3,-11.9, 17, 17, 1.98,233,15.8
2026-03-21 23:10:43,-99.9386,37.8077, 690.1, 3247, 10.6,-13.3,-11.9, 17, 17, 1.98,233,15.9
2026-03-21 23:10:44,-99.9384,37.8077, 689.6, 3252, 10.6,-13.3,-11.9, 17, 17, 1.99,233,15.9
2026-03-21 23:10:45,-99.9383,37.8078, 689.1, 3259, 10.5,-13.3,-11.9, 17, 17, 1.99,233,15.9
2026-03-21 23:10:46,-99.9381,37.8079, 688.5, 3267, 10.4,-13.2,-11.8, 17, 17, 2.00,233,16.0
2026-03-21 23:10:47,-99.9380,37.8080, 687.8, 3274, 10.4,-13.2,-11.8, 18, 18, 2.00,233,16.0
2026-03-21 23:10:48,-99.9378,37.8081, 687.2, 3281, 10.3,-13.3,-11.9, 18, 18, 2.00,234,16.0
2026-03-21 23:10:49,-99.9377,37.8082, 686.7, 3287, 10.2,-13.3,-11.9, 18, 18, 1.99,234,16.1
2026-03-21 23:10:50,-99.9375,37.8083, 686.3, 3293, 10.2,-13.4,-11.9, 18, 18, 1.99,234,16.1
2026-03-21 23:10:51,-99.9373,37.8084, 685.9, 3298, 10.1,-13.4,-11.9, 18, 18, 1.99,234,16.1
2026-03-21 23:10:52,-99.9372,37.8085, 685.4, 3304, 10.1,-13.3,-11.9, 18, 18, 2.00,234,16.1
2026-03-21 23:10:53,-99.9370,37.8086, 684.9, 3310, 10.0,-13.3,-11.9, 18, 18, 2.00,234,16.2
2026-03-21 23:10:54,-99.9369,37.8087, 684.3, 3317,  9.9,-13.3,-11.9, 18, 18, 2.00,234,16.2
2026-03-21 23:10:55,-99.9368,37.8088, 683.7, 3324,  9.9,-13.3,-11.9, 18, 18, 2.00,234,16.2
2026-03-21 23:10:56,-99.9366,37.8088, 683.2, 3331,  9.8,-13.3,-11.9, 18, 18, 2.00,234,16.2
2026-03-21 23:10:57,-99.9365,37.8089, 682.7, 3337,  9.8,-13.4,-12.0, 18, 18, 1.99,234,16.2
2026-03-21 23:10:58,-99.9364,37.8090, 682.2, 3343,  9.7,-13.4,-12.0, 18, 18, 1.99,234,16.2
2026-03-21 23:10:59,-99.9362,37.8092, 681.7, 3348,  9.6,-13.4,-12.0, 18, 18, 1.99,235,16.2
2026-03-21 23:11:00,-99.9360,37.8092, 681.3, 3354,  9.6,-13.4,-12.0, 18, 18, 1.99,235,16.2
2026-03-21 23:11:01,-99.9358,37.8093, 680.8, 3360,  9.5,-13.4,-12.0, 18, 18, 2.00,235,16.2
2026-03-21 23:11:02,-99.9357,37.8094, 680.2, 3366,  9.4,-13.4,-12.0, 18, 18, 2.00,235,16.1
2026-03-21 23:11:03,-99.9355,37.8095, 679.7, 3373,  9.4,-13.4,-12.0, 19, 19, 2.00,235,16.1
2026-03-21 23:11:04,-99.9354,37.8095, 679.1, 3381,  9.3,-13.4,-12.0, 19, 19, 2.00,236,16.1
2026-03-21 23:11:05,-99.9352,37.8096, 678.5, 3388,  9.3,-13.4,-12.0, 19, 19, 2.00,236,16.1
2026-03-21 23:11:06,-99.9351,37.8097, 678.0, 3394,  9.2,-13.5,-12.0, 19, 19, 2.00,236,16.0
2026-03-21 23:11:07,-99.9350,37.8098, 677.5, 3400,  9.2,-13.5,-12.1, 19, 19, 1.99,237,16.0
2026-03-21 23:11:08,-99.9348,37.8099, 677.0, 3406,  9.1,-13.5,-12.1, 19, 19, 1.99,237,16.0
2026-03-21 23:11:09,-99.9347,37.8100, 676.5, 3412,  9.1,-13.5,-12.1, 19, 19, 1.99,237,15.9
2026-03-21 23:11:10,-99.9345,37.8101, 676.0, 3418,  9.0,-13.6,-12.1, 19, 19, 1.99,238,15.9
2026-03-21 23:11:11,-99.9344,37.8102, 675.6, 3423,  9.0,-13.6,-12.1, 19, 19, 1.98,238,15.9
2026-03-21 23:11:12,-99.9343,37.8103, 675.1, 3429,  9.0,-13.6,-12.1, 19, 19, 1.98,238,15.8
2026-03-21 23:11:13,-99.9341,37.8103, 674.7, 3434,  8.9,-13.6,-12.1, 19, 19, 1.99,238,15.8
2026-03-21 23:11:14,-99.9340,37.8103, 674.2, 3440,  8.8,-13.5,-12.1, 19, 19, 2.00,239,15.8
2026-03-21 23:11:15,-99.9338,37.8104, 673.8, 3445,  8.8,-13.5,-12.1, 19, 19, 2.00,239,15.8
2026-03-21 23:11:16,-99.9336,37.8105, 673.4, 3450,  8.7,-13.6,-12.1, 19, 19, 1.99,239,15.7
2026-03-21 23:11:17,-99.9335,37.8105, 673.0, 3455,  8.7,-13.6,-12.1, 19, 19, 1.99,239,15.7
2026-03-21 23:11:18,-99.9333,37.8106, 672.5, 3461,  8.7,-13.6,-12.1, 19, 19, 1.99,240,15.7
2026-03-21 23:11:19,-99.9331,37.8107, 672.0, 3467,  8.6,-13.6,-12.1, 19, 19, 2.00,240,15.6
2026-03-21 23:11:20,-99.9329,37.8107, 671.5, 3473,  8.5,-13.6,-12.1, 19, 19, 2.00,240,15.6
2026-03-21 23:11:21,-99.9327,37.8108, 670.9, 3480,  8.4,-13.6,-12.1, 20, 20, 2.00,240,15.6
2026-03-21 23:11:22,-99.9326,37.8109, 670.4, 3487,  8.4,-13.6,-12.2, 19, 19, 1.99,240,15.6
2026-03-21 23:11:23,-99.9324,37.8109, 669.9, 3493,  8.3,-13.7,-12.3, 19, 19, 1.98,240,15.5
2026-03-21 23:11:24,-99.9323,37.8110, 669.4, 3499,  8.3,-13.8,-12.3, 19, 19, 1.97,240,15.5
2026-03-21 23:11:25,-99.9322,37.8111, 668.9, 3506,  8.3,-13.8,-12.3, 19, 19, 1.97,240,15.5
2026-03-21 23:11:26,-99.9320,37.8111, 668.4, 3512,  8.3,-13.8,-12.3, 19, 19, 1.97,240,15.5
2026-03-21 23:11:27,-99.9319,37.8112, 667.9, 3518,  8.3,-13.9,-12.4, 19, 19, 1.96,240,15.5
2026-03-21 23:11:28,-99.9317,37.8113, 667.4, 3524,  8.2,-13.9,-12.4, 19, 19, 1.95,240,15.4
2026-03-21 23:11:29,-99.9315,37.8113, 666.9, 3530,  8.1,-14.0,-12.5, 19, 19, 1.95,240,15.4
2026-03-21 23:11:30,-99.9314,37.8114, 666.4, 3536,  8.1,-13.9,-12.4, 19, 19, 1.95,240,15.4
2026-03-21 23:11:31,-99.9312,37.8115, 665.9, 3542,  8.0,-13.9,-12.4, 19, 19, 1.96,240,15.4
2026-03-21 23:11:32,-99.9311,37.8115, 665.4, 3548,  8.0,-14.0,-12.5, 19, 19, 1.95,240,15.4
2026-03-21 23:11:33,-99.9310,37.8116, 665.0, 3554,  7.9,-14.0,-12.5, 19, 19, 1.95,240,15.4
2026-03-21 23:11:34,-99.9309,37.8117, 664.5, 3560,  7.9,-14.0,-12.5, 20, 20, 1.95,240,15.4
2026-03-21 23:11:35,-99.9308,37.8118, 664.0, 3566,  7.8,-14.0,-12.5, 20, 20, 1.96,240,15.4
2026-03-21 23:11:36,-99.9306,37.8119, 663.5, 3572,  7.7,-14.0,-12.5, 20, 20, 1.96,240,15.4
2026-03-21 23:11:37,-99.9304,37.8120, 663.0, 3578,  7.7,-14.0,-12.5, 20, 20, 1.95,240,15.4
2026-03-21 23:11:38,-99.9302,37.8120, 662.6, 3584,  7.6,-14.0,-12.5, 20, 20, 1.96,240,15.4
2026-03-21 23:11:39,-99.9300,37.8121, 662.1, 3589,  7.6,-14.0,-12.5, 20, 20, 1.96,240,15.4
2026-03-21 23:11:40,-99.9299,37.8121, 661.7, 3595,  7.5,-14.0,-12.5, 20, 20, 1.96,240,15.5
2026-03-21 23:11:41,-99.9298,37.8122, 661.2, 3600,  7.5,-14.0,-12.5, 20, 20, 1.95,240,15.5
2026-03-21 23:11:42,-99.9296,37.8122, 660.8, 3606,  7.5,-14.0,-12.5, 20, 20, 1.95,240,15.5
2026-03-21 23:11:43,-99.9295,37.8123, 660.4, 3611,  7.4,-14.0,-12.5, 20, 20, 1.95,240,15.5
2026-03-21 23:11:44,-99.9294,37.8124, 659.9, 3617,  7.3,-14.0,-12.5, 20, 20, 1.96,241,15.6
2026-03-21 23:11:45,-99.9292,37.8125, 659.5, 3622,  7.3,-14.1,-12.6, 20, 20, 1.95,241,15.6
2026-03-21 23:11:46,-99.9291,37.8126, 659.1, 3627,  7.2,-14.1,-12.6, 20, 20, 1.95,241,15.7
2026-03-21 23:11:47,-99.9289,37.8126, 658.7, 3631,  7.1,-14.1,-12.6, 20, 20, 1.95,241,15.7
2026-03-21 23:11:48,-99.9287,37.8127, 658.4, 3636,  7.1,-14.1,-12.6, 20, 20, 1.95,241,15.7
2026-03-21 23:11:49,-99.9285,37.8128, 658.0, 3641,  7.1,-14.1,-12.6, 20, 20, 1.95,241,15.8
2026-03-21 23:11:50,-99.9283,37.8128, 657.5, 3647,  7.1,-14.1,-12.6, 21, 21, 1.96,241,15.8
2026-03-21 23:11:51,-99.9282,37.8128, 657.1, 3652,  7.0,-14.1,-12.6, 21, 21, 1.95,241,15.9
2026-03-21 23:11:52,-99.9280,37.8129, 656.6, 3658,  7.0,-14.2,-12.7, 21, 21, 1.95,241,16.0
2026-03-21 23:11:53,-99.9279,37.8130, 656.2, 3663,  6.9,-14.2,-12.7, 21, 21, 1.94,241,16.0
2026-03-21 23:11:54,-99.9278,37.8130, 655.7, 3669,  6.9,-14.2,-12.7, 21, 21, 1.94,241,16.1
2026-03-21 23:11:55,-99.9276,37.8131, 655.3, 3675,  6.8,-14.2,-12.7, 21, 21, 1.94,242,16.1
2026-03-21 23:11:56,-99.9275,37.8132, 654.8, 3680,  6.8,-14.2,-12.7, 21, 21, 1.95,242,16.2
2026-03-21 23:11:57,-99.9273,37.8133, 654.4, 3686,  6.7,-14.2,-12.7, 21, 21, 1.94,242,16.3
2026-03-21 23:11:58,-99.9271,37.8134, 653.9, 3691,  6.7,-14.2,-12.7, 21, 21, 1.94,242,16.4
2026-03-21 23:11:59,-99.9270,37.8134, 653.5, 3697,  6.6,-14.3,-12.7, 21, 21, 1.94,242,16.4
2026-03-21 23:12:00,-99.9268,37.8135, 653.1, 3702,  6.6,-14.3,-12.8, 21, 21, 1.93,242,16.5
2026-03-21 23:12:01,-99.9267,37.8136, 652.7, 3707,  6.5,-14.4,-12.8, 21, 21, 1.93,242,16.6
2026-03-21 23:12:02,-99.9265,37.8137, 652.3, 3712,  6.5,-14.4,-12.9, 21, 21, 1.92,243,16.7
2026-03-21 23:12:03,-99.9264,37.8138, 651.9, 3717,  6.5,-14.4,-12.9, 21, 21, 1.92,243,16.7
2026-03-21 23:12:04,-99.9262,37.8138, 651.5, 3722,  6.4,-14.4,-12.9, 21, 21, 1.92,243,16.8
2026-03-21 23:12:05,-99.9260,37.8139, 651.0, 3728,  6.4,-14.4,-12.9, 21, 21, 1.92,243,16.9
2026-03-21 23:12:06,-99.9258,37.8139, 650.6, 3733,  6.3,-14.4,-12.9, 21, 21, 1.92,243,17.0
2026-03-21 23:12:07,-99.9256,37.8140, 650.1, 3739,  6.3,-14.5,-12.9, 21, 21, 1.91,244,17.0
2026-03-21 23:12:08,-99.9255,37.8141, 649.7, 3745,  6.3,-14.6,-13.0, 21, 21, 1.90,244,17.1
2026-03-21 23:12:09,-99.9253,37.8141, 649.3, 3750,  6.3,-14.7,-13.1, 21, 21, 1.89,244,17.2
2026-03-21 23:12:10,-99.9251,37.8142, 648.9, 3755,  6.3,-14.7,-13.2, 21, 21, 1.88,244,17.3
2026-03-21 23:12:11,-99.9249,37.8143, 648.5, 3760,  6.2,-14.8,-13.2, 21, 21, 1.88,244,17.3
2026-03-21 23:12:12,-99.9247,37.8143, 648.1, 3765,  6.2,-14.8,-13.2, 20, 20, 1.87,245,17.4
2026-03-21 23:12:13,-99.9245,37.8144, 647.7, 3770,  6.2,-14.8,-13.3, 21, 21, 1.87,245,17.5
2026-03-21 23:12:14,-99.9244,37.8144, 647.3, 3775,  6.1,-14.8,-13.2, 21, 21, 1.87,245,17.5
2026-03-21 23:12:15,-99.9242,37.8145, 646.9, 3780,  6.1,-14.8,-13.2, 21, 21, 1.88,246,17.6
2026-03-21 23:12:16,-99.9241,37.8146, 646.5, 3785,  6.0,-14.8,-13.2, 21, 21, 1.88,246,17.6
2026-03-21 23:12:17,-99.9239,37.8147, 646.1, 3791,  6.0,-14.8,-13.3, 21, 21, 1.87,246,17.7
2026-03-21 23:12:18,-99.9237,37.8147, 645.7, 3796,  6.0,-14.9,-13.3, 21, 21, 1.86,246,17.7
2026-03-21 23:12:19,-99.9235,37.8148, 645.3, 3801,  5.9,-15.0,-13.4, 21, 21, 1.86,247,17.8
2026-03-21 23:12:20,-99.9233,37.8149, 644.8, 3806,  5.9,-15.0,-13.4, 21, 21, 1.86,247,17.8
2026-03-21 23:12:21,-99.9230,37.8149, 644.3, 3812,  5.8,-15.0,-13.4, 21, 21, 1.86,247,17.8
2026-03-21 23:12:22,-99.9228,37.8150, 643.9, 3818,  5.8,-15.0,-13.4, 21, 21, 1.85,248,17.9
2026-03-21 23:12:23,-99.9226,37.8150, 643.5, 3823,  5.8,-15.1,-13.5, 21, 21, 1.84,248,17.9
2026-03-21 23:12:24,-99.9225,37.8151, 643.2, 3828,  5.7,-15.1,-13.5, 21, 21, 1.84,248,17.9
2026-03-21 23:12:25,-99.9223,37.8152, 642.8, 3832,  5.7,-15.1,-13.5, 21, 21, 1.84,248,18.0
2026-03-21 23:12:26,-99.9221,37.8153, 642.4, 3837,  5.6,-15.0,-13.4, 21, 21, 1.85,249,18.0
2026-03-21 23:12:27,-99.9219,37.8154, 641.9, 3843,  5.6,-15.0,-13.4, 21, 21, 1.86,249,18.0
2026-03-21 23:12:28,-99.9218,37.8154, 641.5, 3849,  5.5,-15.0,-13.4, 21, 21, 1.86,249,18.0
2026-03-21 23:12:29,-99.9216,37.8155, 641.0, 3855,  5.4,-15.0,-13.5, 21, 21, 1.85,250,18.0
2026-03-21 23:12:30,-99.9214,37.8155, 640.5, 3861,  5.4,-15.1,-13.5, 21, 21, 1.85,250,18.1
2026-03-21 23:12:31,-99.9212,37.8155, 640.0, 3867,  5.3,-15.1,-13.5, 21, 21, 1.85,250,18.1
2026-03-21 23:12:32,-99.9210,37.8155, 639.5, 3874,  5.3,-15.2,-13.6, 21, 21, 1.84,250,18.1
2026-03-21 23:12:33,-99.9208,37.8156, 639.0, 3881,  5.2,-15.2,-13.6, 21, 21, 1.84,250,18.2
2026-03-21 23:12:34,-99.9205,37.8156, 638.4, 3888,  5.2,-15.3,-13.6, 21, 21, 1.83,251,18.2
2026-03-21 23:12:35,-99.9203,37.8157, 637.9, 3894,  5.1,-15.3,-13.7, 21, 21, 1.83,251,18.2
2026-03-21 23:12:36,-99.9201,37.8158, 637.4, 3901,  5.1,-15.3,-13.7, 21, 21, 1.83,251,18.3
2026-03-21 23:12:37,-99.9200,37.8158, 636.9, 3907,  5.0,-15.3,-13.7, 21, 21, 1.83,251,18.3
2026-03-21 23:12:38,-99.9198,37.8158, 636.5, 3913,  4.9,-15.3,-13.7, 22, 22, 1.83,251,18.4
2026-03-21 23:12:39,-99.9196,37.8159, 636.0, 3919,  4.9,-15.3,-13.7, 22, 22, 1.83,251,18.4
2026-03-21 23:12:40,-99.9195,37.8160, 635.6, 3924,  4.8,-15.4,-13.7, 22, 22, 1.82,252,18.5
2026-03-21 23:12:41,-99.9192,37.8160, 635.1, 3930,  4.8,-15.4,-13.8, 21, 21, 1.81,252,18.5
2026-03-21 23:12:42,-99.9190,37.8161, 634.7, 3936,  4.7,-15.5,-13.8, 21, 21, 1.81,252,18.6
2026-03-21 23:12:43,-99.9188,37.8161, 634.2, 3942,  4.7,-15.5,-13.9, 22, 22, 1.81,252,18.7
2026-03-21 23:12:44,-99.9186,37.8162, 633.7, 3948,  4.7,-15.5,-13.9, 22, 22, 1.81,252,18.7
2026-03-21 23:12:45,-99.9183,37.8162, 633.3, 3954,  4.6,-15.5,-13.9, 22, 22, 1.81,252,18.8
2026-03-21 23:12:46,-99.9181,37.8162, 632.8, 3960,  4.6,-15.5,-13.9, 22, 22, 1.81,252,18.9
2026-03-21 23:12:47,-99.9180,37.8163, 632.3, 3966,  4.5,-15.5,-13.9, 22, 22, 1.81,253,19.0
2026-03-21 23:12:48,-99.9178,37.8163, 631.8, 3972,  4.5,-15.5,-13.9, 22, 22, 1.81,253,19.0
2026-03-21 23:12:49,-99.9176,37.8164, 631.2, 3980,  4.4,-15.5,-13.9, 22, 22, 1.81,253,19.1
2026-03-21 23:12:50,-99.9174,37.8165, 630.6, 3988,  4.3,-15.5,-13.9, 22, 22, 1.81,253,19.2
2026-03-21 23:12:51,-99.9172,37.8165, 629.9, 3997,  4.2,-15.6,-14.0, 22, 22, 1.80,253,19.2
2026-03-21 23:12:52,-99.9170,37.8166, 629.3, 4005,  4.2,-15.8,-14.1, 22, 22, 1.78,254,19.3
2026-03-21 23:12:53,-99.9168,37.8167, 628.7, 4012,  4.1,-15.9,-14.2, 22, 22, 1.76,254,19.3
2026-03-21 23:12:54,-99.9166,37.8167, 628.2, 4019,  4.1,-16.0,-14.3, 22, 22, 1.75,254,19.4
2026-03-21 23:12:55,-99.9164,37.8168, 627.8, 4025,  4.0,-16.0,-14.3, 22, 22, 1.75,255,19.4
2026-03-21 23:12:56,-99.9162,37.8169, 627.3, 4031,  4.0,-16.0,-14.3, 22, 22, 1.75,255,19.5
2026-03-21 23:12:57,-99.9159,37.8169, 626.7, 4038,  3.9,-16.0,-14.3, 22, 22, 1.76,255,19.5
2026-03-21 23:12:58,-99.9157,37.8169, 626.2, 4045,  3.9,-16.0,-14.3, 22, 22, 1.75,256,19.5
2026-03-21 23:12:59,-99.9154,37.8170, 625.6, 4052,  3.8,-16.1,-14.4, 22, 22, 1.74,256,19.5
2026-03-21 23:13:00,-99.9152,37.8170, 625.1, 4059,  3.8,-16.2,-14.5, 22, 22, 1.72,256,19.5
2026-03-21 23:13:01,-99.9150,37.8171, 624.7, 4065,  3.7,-16.3,-14.6, 22, 22, 1.71,257,19.5
2026-03-21 23:13:02,-99.9147,37.8171, 624.3, 4070,  3.6,-16.3,-14.6, 22, 22, 1.71,257,19.5
2026-03-21 23:13:03,-99.9145,37.8171, 623.9, 4075,  3.6,-16.3,-14.6, 22, 22, 1.71,258,19.4
2026-03-21 23:13:04,-99.9142,37.8172, 623.5, 4080,  3.5,-16.3,-14.6, 22, 22, 1.71,258,19.4
2026-03-21 23:13:05,-99.9140,37.8172, 623.1, 4085,  3.5,-16.4,-14.6, 22, 22, 1.71,258,19.3
2026-03-21 23:13:06,-99.9138,37.8172, 622.7, 4090,  3.5,-16.5,-14.7, 22, 22, 1.70,259,19.3
2026-03-21 23:13:07,-99.9136,37.8172, 622.3, 4096,  3.5,-16.7,-14.9, 21, 21, 1.67,259,19.2
2026-03-21 23:13:08,-99.9134,37.8173, 621.8, 4102,  3.5,-17.0,-15.2, 21, 21, 1.63,260,19.2
2026-03-21 23:13:09,-99.9133,37.8173, 621.3, 4108,  3.5,-17.3,-15.5, 20, 20, 1.59,260,19.1
2026-03-21 23:13:10,-99.9130,37.8174, 620.8, 4115,  3.5,-17.4,-15.6, 20, 20, 1.57,261,19.0
2026-03-21 23:13:11,-99.9128,37.8174, 620.3, 4121,  3.4,-17.5,-15.7, 20, 20, 1.55,261,18.9
2026-03-21 23:13:12,-99.9126,37.8174, 619.8, 4128,  3.3,-17.7,-15.9, 20, 20, 1.54,261,18.8
2026-03-21 23:13:13,-99.9123,37.8174, 619.3, 4134,  3.3,-17.9,-16.0, 19, 19, 1.51,262,18.7
2026-03-21 23:13:14,-99.9121,37.8174, 618.9, 4141,  3.3,-18.1,-16.3, 19, 19, 1.48,262,18.6
2026-03-21 23:13:15,-99.9120,37.8174, 618.4, 4146,  3.3,-18.3,-16.4, 19, 19, 1.46,263,18.5
2026-03-21 23:13:16,-99.9118,37.8175, 618.0, 4152,  3.3,-18.5,-16.6, 19, 19, 1.44,263,18.4
2026-03-21 23:13:17,-99.9116,37.8175, 617.5, 4159,  3.2,-18.5,-16.6, 18, 18, 1.43,264,18.3
2026-03-21 23:13:18,-99.9114,37.8175, 617.0, 4165,  3.2,-18.6,-16.7, 18, 18, 1.43,264,18.2
2026-03-21 23:13:19,-99.9112,37.8176, 616.4, 4172,  3.1,-18.8,-16.8, 18, 18, 1.41,264,18.0
2026-03-21 23:13:20,-99.9110,37.8176, 615.9, 4180,  3.1,-19.0,-17.0, 18, 18, 1.39,265,17.9
2026-03-21 23:13:21,-99.9107,37.8176, 615.3, 4188,  3.0,-19.3,-17.3, 18, 18, 1.35,265,17.8
2026-03-21 23:13:22,-99.9105,37.8176, 614.7, 4195,  3.0,-19.6,-17.6, 17, 17, 1.31,265,17.7
2026-03-21 23:13:23,-99.9103,37.8176, 614.1, 4203,  3.0,-20.0,-18.0, 17, 17, 1.27,266,17.6
2026-03-21 23:13:24,-99.9101,37.8176, 613.7, 4209,  3.0,-20.5,-18.4, 16, 16, 1.22,266,17.5
2026-03-21 23:13:25,-99.9099,37.8176, 613.2, 4214,  3.0,-20.9,-18.8, 15, 15, 1.18,266,17.3
2026-03-21 23:13:26,-99.9097,37.8176, 612.9, 4219,  3.0,-21.4,-19.2, 15, 15, 1.13,267,17.2
2026-03-21 23:13:27,-99.9095,37.8175, 612.5, 4225,  3.0,-22.0,-19.8, 14, 14, 1.08,267,17.1
2026-03-21 23:13:28,-99.9093,37.8175, 612.0, 4231,  3.1,-22.7,-20.4, 13, 13, 1.01,267,17.0
2026-03-21 23:13:29,-99.9091,37.8175, 611.5, 4238,  3.1,-23.6,-21.2, 12, 12, 0.93,268,16.9
2026-03-21 23:13:30,-99.9089,37.8175, 611.0, 4245,  3.2,-24.5,-22.1, 11, 11, 0.86,268,16.8
2026-03-21 23:13:31,-99.9087,37.8175, 610.5, 4251,  3.2,-25.1,-22.6, 10, 10, 0.82,268,16.7
2026-03-21 23:13:32,-99.9085,37.8176, 610.0, 4257,  3.2,-25.5,-23.0, 10, 10, 0.79,269,16.6
2026-03-21 23:13:33,-99.9083,37.8176, 609.6, 4263,  3.2,-26.3,-23.7,  9,  9, 0.74,269,16.6
2026-03-21 23:13:34,-99.9082,37.8176, 609.2, 4268,  3.2,-27.2,-24.6,  9,  9, 0.67,269,16.5
2026-03-21 23:13:35,-99.9080,37.8177, 608.7, 4274,  3.2,-27.8,-25.1,  8,  8, 0.64,270,16.4
2026-03-21 23:13:36,-99.9079,37.8177, 608.3, 4280,  3.3,-28.0,-25.3,  8,  8, 0.63,270,16.4
2026-03-21 23:13:37,-99.9077,37.8177, 607.8, 4286,  3.3,-28.3,-25.6,  8,  8, 0.61,270,16.3
2026-03-21 23:13:38,-99.9075,37.8177, 607.3, 4293,  3.3,-28.6,-25.8,  8,  8, 0.60,271,16.2
2026-03-21 23:13:39,-99.9074,37.8177, 606.8, 4299,  3.2,-28.9,-26.1,  7,  7, 0.58,271,16.2
2026-03-21 23:13:40,-99.9072,37.8177, 606.3, 4306,  3.2,-29.4,-26.6,  7,  7, 0.55,271,16.2
2026-03-21 23:13:41,-99.9070,37.8177, 605.9, 4312,  3.2,-30.0,-27.2,  7,  7, 0.52,272,16.1
2026-03-21 23:13:42,-99.9069,37.8177, 605.4, 4319,  3.2,-30.6,-27.7,  6,  6, 0.50,272,16.1
2026-03-21 23:13:43,-99.9067,37.8176, 604.9, 4325,  3.2,-31.0,-28.1,  6,  6, 0.48,272,16.1
2026-03-21 23:13:44,-99.9065,37.8176, 604.4, 4332,  3.2,-31.2,-28.3,  6,  6, 0.47,273,16.0
2026-03-21 23:13:45,-99.9063,37.8175, 603.9, 4339,  3.2,-31.3,-28.4,  6,  6, 0.46,273,16.0
2026-03-21 23:13:46,-99.9060,37.8175, 603.4, 4346,  3.1,-31.4,-28.5,  6,  6, 0.46,273,16.0
2026-03-21 23:13:47,-99.9059,37.8175, 602.9, 4353,  3.1,-31.5,-28.6,  6,  6, 0.46,274,16.0
2026-03-21 23:13:48,-99.9057,37.8176, 602.3, 4360,  3.0,-31.6,-28.6,  6,  6, 0.45,274,16.0
2026-03-21 23:13:49,-99.9055,37.8175, 601.8, 4366,  3.0,-31.7,-28.7,  6,  6, 0.45,274,15.9
2026-03-21 23:13:50,-99.9053,37.8175, 601.3, 4374,  2.9,-31.8,-28.8,  6,  6, 0.44,275,15.9
2026-03-21 23:13:51,-99.9051,37.8175, 600.7, 4381,  2.9,-32.0,-29.0,  6,  6, 0.44,275,15.9
2026-03-21 23:13:52,-99.9049,37.8175, 600.2, 4388,  2.9,-32.1,-29.1,  6,  6, 0.43,275,15.9
2026-03-21 23:13:53,-99.9048,37.8175, 599.7, 4396,  2.8,-32.1,-29.1,  6,  6, 0.43,275,15.8
2026-03-21 23:13:54,-99.9046,37.8175, 599.1, 4403,  2.7,-32.1,-29.1,  6,  6, 0.43,276,15.8
2026-03-21 23:13:55,-99.9044,37.8175, 598.6, 4410,  2.6,-32.1,-29.1,  6,  6, 0.43,276,15.8
2026-03-21 23:13:56,-99.9042,37.8175, 598.1, 4417,  2.6,-32.2,-29.2,  6,  6, 0.43,276,15.7
2026-03-21 23:13:57,-99.9040,37.8175, 597.6, 4424,  2.5,-32.3,-29.3,  6,  6, 0.43,277,15.7
2026-03-21 23:13:58,-99.9038,37.8174, 597.1, 4430,  2.4,-32.4,-29.4,  6,  6, 0.42,277,15.6
2026-03-21 23:13:59,-99.9036,37.8174, 596.6, 4437,  2.4,-32.5,-29.5,  6,  6, 0.42,277,15.6
2026-03-21 23:14:00,-99.9035,37.8174, 596.2, 4443,  2.3,-32.6,-29.5,  6,  6, 0.42,278,15.5
2026-03-21 23:14:01,-99.9033,37.8174, 595.7, 4449,  2.3,-32.6,-29.6,  6,  6, 0.41,278,15.4
2026-03-21 23:14:02,-99.9032,37.8174, 595.2, 4455,  2.2,-32.7,-29.6,  5,  5, 0.41,278,15.4
2026-03-21 23:14:03,-99.9030,37.8174, 594.8, 4462,  2.2,-32.8,-29.7,  5,  5, 0.41,279,15.3
2026-03-21 23:14:04,-99.9029,37.8173, 594.3, 4468,  2.2,-32.8,-29.8,  5,  5, 0.41,279,15.2
2026-03-21 23:14:05,-99.9027,37.8173, 593.8, 4475,  2.1,-32.9,-29.8,  5,  5, 0.40,279,15.1
2026-03-21 23:14:06,-99.9025,37.8172, 593.3, 4481,  2.1,-33.1,-30.0,  5,  5, 0.40,280,15.0
2026-03-21 23:14:07,-99.9023,37.8172, 592.9, 4488,  2.0,-33.2,-30.1,  5,  5, 0.39,280,15.0
2026-03-21 23:14:08,-99.9021,37.8172, 592.4, 4494,  1.9,-33.2,-30.1,  5,  5, 0.39,281,14.9
2026-03-21 23:14:09,-99.9019,37.8172, 591.9, 4501,  1.8,-33.2,-30.2,  5,  5, 0.39,281,14.8
2026-03-21 23:14:10,-99.9018,37.8172, 591.4, 4507,  1.8,-33.6,-30.5,  5,  5, 0.38,281,14.7
2026-03-21 23:14:11,-99.9016,37.8172, 590.9, 4514,  1.8,-34.0,-30.8,  5,  5, 0.37,282,14.6
2026-03-21 23:14:12,-99.9015,37.8171, 590.5, 4520,  1.8,-34.2,-31.1,  5,  5, 0.36,282,14.6
2026-03-21 23:14:13,-99.9013,37.8171, 589.9, 4527,  1.8,-34.6,-31.4,  5,  5, 0.35,283,14.5
2026-03-21 23:14:14,-99.9012,37.8170, 589.4, 4534,  1.7,-34.8,-31.6,  5,  5, 0.34,283,14.4
2026-03-21 23:14:15,-99.9010,37.8170, 589.0, 4541,  1.7,-34.9,-31.7,  5,  5, 0.34,283,14.3
2026-03-21 23:14:16,-99.9008,37.8170, 588.5, 4547,  1.6,-35.0,-31.8,  5,  5, 0.33,284,14.3
2026-03-21 23:14:17,-99.9007,37.8170, 588.1, 4552,  1.6,-35.1,-31.9,  5,  5, 0.33,284,14.2
2026-03-21 23:14:18,-99.9006,37.8169, 587.7, 4558,  1.5,-35.1,-31.9,  5,  5, 0.33,285,14.2
2026-03-21 23:14:19,-99.9004,37.8169, 587.3, 4564,  1.5,-35.1,-31.9,  5,  5, 0.33,285,14.1
2026-03-21 23:14:20,-99.9003,37.8169, 586.8, 4571,  1.4,-35.2,-32.0,  5,  5, 0.33,286,14.1
2026-03-21 23:14:21,-99.9002,37.8169, 586.3, 4578,  1.4,-35.4,-32.1,  5,  5, 0.32,286,14.0
2026-03-21 23:14:22,-99.9000,37.8168, 585.7, 4585,  1.3,-35.5,-32.3,  4,  4, 0.32,286,14.0
2026-03-21 23:14:23,-99.8998,37.8167, 585.2, 4592,  1.3,-35.5,-32.3,  4,  4, 0.32,287,14.0
2026-03-21 23:14:24,-99.8997,37.8167, 584.7, 4599,  1.2,-35.6,-32.3,  4,  4, 0.32,287,14.0
2026-03-21 23:14:25,-99.8995,37.8167, 584.3, 4605,  1.1,-35.6,-32.4,  4,  4, 0.32,288,14.0
2026-03-21 23:14:26,-99.8993,37.8166, 583.8, 4612,  1.1,-35.7,-32.5,  4,  4, 0.31,288,13.9
2026-03-21 23:14:27,-99.8992,37.8166, 583.3, 4619,  1.0,-35.8,-32.6,  4,  4, 0.31,289,13.9
2026-03-21 23:14:28,-99.8990,37.8166, 582.7, 4626,  1.0,-36.0,-32.7,  4,  4, 0.30,289,14.0
2026-03-21 23:14:29,-99.8989,37.8165, 582.2, 4634,  0.9,-36.1,-32.9,  4,  4, 0.30,290,14.0
2026-03-21 23:14:30,-99.8988,37.8165, 581.7, 4641,  0.9,-36.3,-33.0,  4,  4, 0.30,290,14.0
2026-03-21 23:14:31,-99.8986,37.8164, 581.2, 4647,  0.8,-36.4,-33.1,  4,  4, 0.29,291,14.0
2026-03-21 23:14:32,-99.8985,37.8164, 580.8, 4652,  0.8,-36.6,-33.3,  4,  4, 0.29,291,14.0
2026-03-21 23:14:33,-99.8983,37.8164, 580.5, 4657,  0.8,-36.6,-33.4,  4,  4, 0.29,292,14.1
2026-03-21 23:14:34,-99.8982,37.8164, 580.1, 4663,  0.7,-36.7,-33.4,  4,  4, 0.28,292,14.1
2026-03-21 23:14:35,-99.8981,37.8163, 579.7, 4668,  0.7,-36.8,-33.5,  4,  4, 0.28,293,14.2
2026-03-21 23:14:36,-99.8980,37.8163, 579.3, 4674,  0.6,-36.9,-33.6,  4,  4, 0.28,293,14.2
2026-03-21 23:14:37,-99.8978,37.8162, 578.8, 4680,  0.6,-37.0,-33.7,  4,  4, 0.28,294,14.3
2026-03-21 23:14:38,-99.8977,37.8162, 578.4, 4686,  0.5,-37.0,-33.6,  4,  4, 0.28,294,14.3
2026-03-21 23:14:39,-99.8975,37.8161, 577.9, 4692,  0.5,-37.0,-33.7,  4,  4, 0.28,294,14.4
2026-03-21 23:14:40,-99.8973,37.8160, 577.5, 4699,  0.4,-37.1,-33.8,  4,  4, 0.27,295,14.4
2026-03-21 23:14:41,-99.8972,37.8159, 577.0, 4706,  0.4,-37.3,-34.0,  4,  4, 0.27,295,14.5
2026-03-21 23:14:42,-99.8970,37.8158, 576.5, 4713,  0.4,-37.4,-34.1,  4,  4, 0.27,295,14.5
2026-03-21 23:14:43,-99.8969,37.8157, 575.9, 4720,  0.4,-37.2,-33.9,  4,  4, 0.27,296,14.5
2026-03-21 23:14:44,-99.8967,37.8157, 575.4, 4727,  0.4,-36.7,-33.4,  4,  4, 0.29,296,14.6
2026-03-21 23:14:45,-99.8965,37.8156, 574.9, 4734,  0.3,-36.2,-32.9,  4,  4, 0.30,296,14.6
2026-03-21 23:14:46,-99.8964,37.8156, 574.5, 4741,  0.3,-36.0,-32.8,  5,  5, 0.31,296,14.7
2026-03-21 23:14:47,-99.8962,37.8155, 574.0, 4747,  0.2,-36.1,-32.8,  5,  5, 0.31,296,14.7
2026-03-21 23:14:48,-99.8961,37.8155, 573.6, 4753,  0.2,-36.2,-32.9,  5,  5, 0.30,296,14.7
2026-03-21 23:14:49,-99.8960,37.8154, 573.2, 4759,  0.2,-36.2,-32.9,  5,  5, 0.30,296,14.8
2026-03-21 23:14:50,-99.8958,37.8154, 572.7, 4765,  0.1,-36.3,-33.0,  4,  4, 0.30,296,14.8
2026-03-21 23:14:51,-99.8957,37.8153, 572.2, 4772,  0.1,-36.3,-33.0,  5,  5, 0.30,296,14.8
2026-03-21 23:14:52,-99.8955,37.8152, 571.7, 4779,  0.0,-36.2,-32.9,  5,  5, 0.30,296,14.8
2026-03-21 23:14:53,-99.8953,37.8151, 571.3, 4786, -0.1,-36.1,-32.9,  5,  5, 0.31,296,14.9
2026-03-21 23:14:54,-99.8952,37.8151, 570.8, 4792, -0.1,-36.0,-32.8,  5,  5, 0.31,296,14.9
2026-03-21 23:14:55,-99.8950,37.8151, 570.4, 4798, -0.2,-35.9,-32.7,  5,  5, 0.31,296,14.9
2026-03-21 23:14:56,-99.8949,37.8150, 569.9, 4804, -0.2,-35.9,-32.7,  5,  5, 0.31,296,14.9
2026-03-21 23:14:57,-99.8948,37.8150, 569.5, 4810, -0.3,-35.9,-32.7,  5,  5, 0.31,296,14.9
2026-03-21 23:14:58,-99.8947,37.8149, 569.0, 4817, -0.3,-35.8,-32.6,  5,  5, 0.32,296,15.0
2026-03-21 23:14:59,-99.8945,37.8149, 568.6, 4823, -0.4,-35.7,-32.4,  5,  5, 0.32,296,15.0
2026-03-21 23:15:00,-99.8944,37.8148, 568.1, 4829, -0.5,-35.5,-32.3,  5,  5, 0.33,295,15.0
2026-03-21 23:15:01,-99.8942,37.8147, 567.7, 4835, -0.5,-35.4,-32.2,  5,  5, 0.33,295,15.0
2026-03-21 23:15:02,-99.8940,37.8146, 567.2, 4842, -0.6,-35.3,-32.1,  5,  5, 0.33,295,15.1
2026-03-21 23:15:03,-99.8938,37.8146, 566.8, 4848, -0.7,-35.3,-32.1,  5,  5, 0.34,295,15.1
2026-03-21 23:15:04,-99.8937,37.8146, 566.3, 4855, -0.7,-35.3,-32.1,  5,  5, 0.34,295,15.1
2026-03-21 23:15:05,-99.8935,37.8145, 565.9, 4861, -0.8,-35.3,-32.1,  5,  5, 0.33,295,15.1
2026-03-21 23:15:06,-99.8934,37.8145, 565.4, 4867, -0.8,-35.5,-32.3,  5,  5, 0.33,295,15.2
2026-03-21 23:15:07,-99.8933,37.8144, 565.0, 4874, -0.9,-35.6,-32.4,  5,  5, 0.33,295,15.2
2026-03-21 23:15:08,-99.8931,37.8143, 564.5, 4880, -0.9,-35.7,-32.5,  5,  5, 0.32,295,15.2
2026-03-21 23:15:09,-99.8929,37.8143, 564.0, 4887, -1.0,-35.8,-32.5,  5,  5, 0.32,295,15.3
2026-03-21 23:15:10,-99.8927,37.8142, 563.5, 4894, -1.1,-35.9,-32.7,  5,  5, 0.32,294,15.3
2026-03-21 23:15:11,-99.8925,37.8142, 563.0, 4902, -1.2,-36.0,-32.8,  5,  5, 0.31,294,15.4
2026-03-21 23:15:12,-99.8924,37.8141, 562.5, 4909, -1.2,-36.1,-32.9,  5,  5, 0.31,294,15.4
2026-03-21 23:15:13,-99.8922,37.8141, 562.0, 4915, -1.3,-36.1,-32.8,  5,  5, 0.31,294,15.4
2026-03-21 23:15:14,-99.8921,37.8140, 561.6, 4922, -1.3,-35.9,-32.7,  5,  5, 0.32,294,15.5
2026-03-21 23:15:15,-99.8920,37.8140, 561.1, 4928, -1.3,-35.8,-32.6,  5,  5, 0.32,294,15.5
2026-03-21 23:15:16,-99.8919,37.8139, 560.7, 4934, -1.3,-35.6,-32.4,  5,  5, 0.33,294,15.6
2026-03-21 23:15:17,-99.8917,37.8138, 560.2, 4941, -1.4,-35.5,-32.2,  5,  6, 0.33,294,15.6
2026-03-21 23:15:18,-99.8915,37.8137, 559.8, 4948, -1.5,-35.3,-32.1,  6,  6, 0.34,294,15.7
2026-03-21 23:15:19,-99.8913,37.8137, 559.3, 4954, -1.5,-35.1,-31.9,  6,  6, 0.35,294,15.7
2026-03-21 23:15:20,-99.8911,37.8136, 558.9, 4960, -1.5,-35.2,-32.0,  6,  6, 0.34,294,15.8
2026-03-21 23:15:21,-99.8909,37.8136, 558.6, 4965, -1.5,-35.6,-32.3,  5,  6, 0.33,293,15.8
2026-03-21 23:15:22,-99.8908,37.8135, 558.2, 4969, -1.6,-35.9,-32.6,  5,  5, 0.32,293,15.8
2026-03-21 23:15:23,-99.8906,37.8135, 557.9, 4974, -1.6,-36.0,-32.8,  5,  5, 0.32,293,15.9
2026-03-21 23:15:24,-99.8905,37.8134, 557.5, 4980, -1.7,-36.0,-32.8,  5,  5, 0.32,293,15.9
2026-03-21 23:15:25,-99.8904,37.8133, 557.1, 4986, -1.7,-36.1,-32.8,  5,  5, 0.32,293,15.9
2026-03-21 23:15:26,-99.8902,37.8133, 556.6, 4992, -1.8,-36.2,-32.9,  5,  5, 0.31,293,16.0
2026-03-21 23:15:27,-99.8900,37.8132, 556.1, 4999, -1.8,-36.2,-32.9,  5,  5, 0.31,293,16.0
2026-03-21 23:15:28,-99.8898,37.8132, 555.7, 5006, -1.8,-36.1,-32.9,  5,  5, 0.31,293,16.0
2026-03-21 23:15:29,-99.8896,37.8132, 555.2, 5012, -1.9,-36.0,-32.8,  5,  5, 0.32,293,16.0
2026-03-21 23:15:30,-99.8895,37.8131, 554.8, 5019, -1.9,-36.0,-32.7,  5,  6, 0.32,293,16.1
2026-03-21 23:15:31,-99.8893,37.8131, 554.4, 5025, -2.0,-35.9,-32.7,  5,  6, 0.32,293,16.1
2026-03-21 23:15:32,-99.8892,37.8130, 554.0, 5030, -2.1,-35.8,-32.5,  6,  6, 0.33,293,16.1
2026-03-21 23:15:33,-99.8890,37.8129, 553.6, 5036, -2.1,-35.6,-32.4,  6,  6, 0.33,293,16.1
2026-03-21 23:15:34,-99.8889,37.8128, 553.2, 5042, -2.1,-35.5,-32.3,  6,  6, 0.34,293,16.1
2026-03-21 23:15:35,-99.8887,37.8128, 552.8, 5047, -2.2,-35.5,-32.2,  6,  6, 0.34,292,16.0
2026-03-21 23:15:36,-99.8885,37.8127, 552.4, 5053, -2.2,-35.5,-32.3,  6,  6, 0.34,292,16.0
2026-03-21 23:15:37,-99.8883,37.8126, 552.0, 5058, -2.3,-35.6,-32.4,  6,  6, 0.33,292,16.0
2026-03-21 23:15:38,-99.8881,37.8126, 551.6, 5064, -2.3,-35.8,-32.6,  6,  6, 0.33,292,16.0
2026-03-21 23:15:39,-99.8879,37.8125, 551.2, 5070, -2.4,-35.9,-32.7,  6,  6, 0.32,292,16.0
2026-03-21 23:15:40,-99.8877,37.8125, 550.7, 5077, -2.4,-36.0,-32.8,  6,  6, 0.32,292,16.0
2026-03-21 23:15:41,-99.8875,37.8124, 550.2, 5084, -2.5,-36.1,-32.9,  6,  6, 0.32,292,16.0
2026-03-21 23:15:42,-99.8874,37.8124, 549.8, 5091, -2.6,-36.1,-32.9,  6,  6, 0.32,292,15.9
2026-03-21 23:15:43,-99.8872,37.8123, 549.3, 5097, -2.6,-36.1,-32.8,  6,  6, 0.32,292,15.9
2026-03-21 23:15:44,-99.8871,37.8122, 548.9, 5104, -2.7,-36.0,-32.7,  6,  6, 0.32,291,15.9
2026-03-21 23:15:45,-99.8869,37.8122, 548.4, 5110, -2.7,-35.9,-32.6,  6,  6, 0.33,291,15.9
2026-03-21 23:15:46,-99.8868,37.8121, 547.9, 5117, -2.8,-35.8,-32.5,  6,  6, 0.33,291,15.9
2026-03-21 23:15:47,-99.8866,37.8121, 547.4, 5125, -2.8,-35.7,-32.5,  6,  6, 0.33,291,15.9
2026-03-21 23:15:48,-99.8865,37.8120, 546.8, 5133, -2.9,-35.6,-32.4,  6,  6, 0.34,291,15.9
2026-03-21 23:15:49,-99.8863,37.8120, 546.3, 5141, -3.0,-35.5,-32.3,  6,  6, 0.34,290,15.9
2026-03-21 23:15:50,-99.8862,37.8120, 545.8, 5148, -3.1,-35.4,-32.2,  6,  6, 0.35,290,15.9
2026-03-21 23:15:51,-99.8860,37.8120, 545.3, 5155, -3.1,-35.3,-32.1,  6,  7, 0.35,290,15.9
2026-03-21 23:15:52,-99.8858,37.8119, 544.8, 5162, -3.2,-35.1,-31.9,  6,  7, 0.36,290,15.9
2026-03-21 23:15:53,-99.8856,37.8118, 544.4, 5168, -3.2,-35.0,-31.8,  7,  7, 0.36,290,16.0
2026-03-21 23:15:54,-99.8854,37.8118, 543.9, 5175, -3.3,-35.0,-31.8,  7,  7, 0.36,289,16.0
2026-03-21 23:15:55,-99.8852,37.8117, 543.5, 5181, -3.3,-34.9,-31.8,  7,  7, 0.36,289,16.0
2026-03-21 23:15:56,-99.8851,37.8117, 543.1, 5188, -3.4,-34.9,-31.7,  7,  7, 0.36,289,16.1
2026-03-21 23:15:57,-99.8849,37.8116, 542.6, 5194, -3.4,-34.9,-31.7,  7,  7, 0.36,289,16.2
2026-03-21 23:15:58,-99.8848,37.8116, 542.2, 5201, -3.5,-34.9,-31.7,  7,  7, 0.36,289,16.2
2026-03-21 23:15:59,-99.8846,37.8116, 541.7, 5207, -3.5,-34.9,-31.8,  7,  7, 0.36,289,16.3
2026-03-21 23:16:00,-99.8844,37.8115, 541.3, 5214, -3.6,-35.0,-31.8,  7,  7, 0.36,288,16.4
2026-03-21 23:16:01,-99.8842,37.8115, 540.8, 5220, -3.6,-35.0,-31.8,  7,  7, 0.36,288,16.4
2026-03-21 23:16:02,-99.8841,37.8114, 540.3, 5227, -3.7,-35.1,-31.9,  7,  7, 0.36,288,16.5
2026-03-21 23:16:03,-99.8839,37.8113, 539.9, 5234, -3.7,-35.2,-32.0,  7,  7, 0.36,288,16.6
2026-03-21 23:16:04,-99.8838,37.8113, 539.4, 5241, -3.8,-35.3,-32.1,  7,  7, 0.35,288,16.7
2026-03-21 23:16:05,-99.8836,37.8113, 538.9, 5248, -3.8,-35.4,-32.2,  7,  7, 0.35,288,16.7
2026-03-21 23:16:06,-99.8834,37.8112, 538.5, 5255, -3.9,-35.4,-32.2,  7,  7, 0.35,288,16.8
2026-03-21 23:16:07,-99.8832,37.8112, 538.0, 5261, -3.9,-35.3,-32.1,  7,  7, 0.35,288,16.9
2026-03-21 23:16:08,-99.8830,37.8111, 537.7, 5267, -4.0,-35.3,-32.1,  7,  7, 0.35,288,16.9
2026-03-21 23:16:09,-99.8827,37.8111, 537.3, 5272, -4.0,-35.3,-32.1,  7,  7, 0.35,288,17.0
2026-03-21 23:16:10,-99.8825,37.8111, 537.0, 5276, -4.1,-35.4,-32.1,  7,  7, 0.35,288,17.0
2026-03-21 23:16:11,-99.8823,37.8110, 536.7, 5281, -4.1,-35.3,-32.1,  7,  7, 0.35,288,17.1
2026-03-21 23:16:12,-99.8821,37.8110, 536.4, 5286, -4.2,-35.3,-32.1,  7,  7, 0.35,288,17.1
2026-03-21 23:16:13,-99.8819,37.8109, 536.0, 5291, -4.2,-35.3,-32.1,  7,  7, 0.35,288,17.2
2026-03-21 23:16:14,-99.8818,37.8109, 535.6, 5296, -4.3,-35.3,-32.1,  7,  7, 0.36,288,17.2
2026-03-21 23:16:15,-99.8816,37.8108, 535.2, 5303, -4.3,-35.3,-32.1,  7,  7, 0.36,289,17.2
2026-03-21 23:16:16,-99.8814,37.8107, 534.7, 5310, -4.4,-35.3,-32.1,  7,  7, 0.36,289,17.2
2026-03-21 23:16:17,-99.8812,37.8107, 534.1, 5318, -4.5,-35.3,-32.1,  7,  7, 0.36,289,17.2
2026-03-21 23:16:18,-99.8811,37.8106, 533.6, 5326, -4.5,-35.3,-32.1,  7,  7, 0.36,289,17.2
2026-03-21 23:16:19,-99.8809,37.8106, 533.2, 5333, -4.6,-35.3,-32.1,  7,  7, 0.35,289,17.2
2026-03-21 23:16:20,-99.8807,37.8105, 532.8, 5339, -4.6,-35.4,-32.2,  7,  7, 0.35,289,17.1
2026-03-21 23:16:21,-99.8805,37.8105, 532.4, 5344, -4.7,-35.5,-32.3,  7,  7, 0.35,289,17.1
2026-03-21 23:16:22,-99.8803,37.8105, 532.0, 5350, -4.7,-35.5,-32.3,  7,  7, 0.35,290,17.1
2026-03-21 23:16:23,-99.8801,37.8104, 531.5, 5357, -4.8,-35.6,-32.4,  7,  7, 0.35,290,17.0
2026-03-21 23:16:24,-99.8799,37.8104, 531.0, 5364, -4.8,-35.8,-32.5,  7,  7, 0.34,290,17.0
2026-03-21 23:16:25,-99.8797,37.8103, 530.5, 5372, -4.8,-36.0,-32.7,  7,  7, 0.33,290,16.9
2026-03-21 23:16:26,-99.8796,37.8102, 530.0, 5379, -4.9,-36.2,-32.9,  7,  7, 0.33,291,16.9
2026-03-21 23:16:27,-99.8794,37.8102, 529.6, 5386, -4.9,-36.3,-33.1,  6,  7, 0.32,291,16.8
2026-03-21 23:16:28,-99.8792,37.8101, 529.1, 5392, -5.0,-36.4,-33.1,  6,  7, 0.32,291,16.8
2026-03-21 23:16:29,-99.8790,37.8101, 528.7, 5398, -5.0,-36.4,-33.1,  7,  7, 0.32,291,16.7
2026-03-21 23:16:30,-99.8789,37.8100, 528.3, 5404, -5.0,-36.3,-33.0,  7,  7, 0.33,292,16.6
2026-03-21 23:16:31,-99.8787,37.8100, 527.9, 5410, -5.1,-36.2,-33.0,  7,  7, 0.33,292,16.6
2026-03-21 23:16:32,-99.8786,37.8099, 527.5, 5417, -5.1,-36.1,-32.8,  7,  7, 0.33,292,16.5
2026-03-21 23:16:33,-99.8784,37.8099, 527.1, 5423, -5.2,-35.8,-32.6,  7,  7, 0.34,293,16.4
2026-03-21 23:16:34,-99.8782,37.8098, 526.6, 5430, -5.2,-35.5,-32.3,  7,  8, 0.35,293,16.3
2026-03-21 23:16:35,-99.8780,37.8097, 526.2, 5436, -5.3,-35.4,-32.1,  7,  8, 0.36,294,16.2
2026-03-21 23:16:36,-99.8778,37.8096, 525.9, 5441, -5.3,-35.3,-32.1,  7,  8, 0.36,294,16.2
2026-03-21 23:16:37,-99.8776,37.8096, 525.6, 5445, -5.4,-35.3,-32.1,  7,  8, 0.36,295,16.1
2026-03-21 23:16:38,-99.8774,37.8096, 525.3, 5450, -5.4,-35.3,-32.1,  7,  8, 0.36,295,16.0
2026-03-21 23:16:39,-99.8773,37.8096, 525.0, 5454, -5.5,-35.3,-32.1,  8,  8, 0.36,295,15.9
2026-03-21 23:16:40,-99.8771,37.8095, 524.7, 5458, -5.5,-35.1,-31.9,  8,  8, 0.37,296,15.8
2026-03-21 23:16:41,-99.8769,37.8095, 524.4, 5463, -5.5,-35.0,-31.8,  8,  8, 0.37,296,15.7
2026-03-21 23:16:42,-99.8768,37.8094, 524.0, 5468, -5.6,-34.9,-31.7,  8,  8, 0.38,297,15.6
2026-03-21 23:16:43,-99.8766,37.8093, 523.7, 5473, -5.6,-34.8,-31.6,  8,  8, 0.38,297,15.5
2026-03-21 23:16:44,-99.8765,37.8092, 523.3, 5479, -5.7,-34.7,-31.5,  8,  9, 0.39,298,15.5
2026-03-21 23:16:45,-99.8763,37.8091, 522.9, 5485, -5.8,-34.5,-31.3,  8,  9, 0.39,298,15.4
2026-03-21 23:16:46,-99.8762,37.8090, 522.5, 5491, -5.8,-34.2,-31.1,  9,  9, 0.41,299,15.3
2026-03-21 23:16:47,-99.8761,37.8090, 522.1, 5497, -5.9,-33.9,-30.8,  9,  9, 0.42,299,15.2
2026-03-21 23:16:48,-99.8759,37.8089, 521.7, 5503, -5.9,-33.7,-30.6,  9, 10, 0.43,300,15.1
2026-03-21 23:16:49,-99.8758,37.8088, 521.4, 5508, -5.9,-33.6,-30.5,  9, 10, 0.43,300,15.0
2026-03-21 23:16:50,-99.8757,37.8087, 521.1, 5512, -6.0,-33.6,-30.5,  9, 10, 0.43,300,15.0
2026-03-21 23:16:51,-99.8756,37.8086, 520.7, 5517, -6.0,-33.5,-30.4,  9, 10, 0.43,301,14.9
2026-03-21 23:16:52,-99.8754,37.8085, 520.4, 5523, -6.1,-33.4,-30.3, 10, 10, 0.44,301,14.9
2026-03-21 23:16:53,-99.8752,37.8085, 520.0, 5529, -6.1,-33.2,-30.2, 10, 10, 0.45,301,14.8
2026-03-21 23:16:54,-99.8751,37.8084, 519.6, 5534, -6.2,-33.2,-30.1, 10, 10, 0.45,301,14.8
2026-03-21 23:16:55,-99.8749,37.8084, 519.3, 5540, -6.2,-33.2,-30.1, 10, 10, 0.45,302,14.8
2026-03-21 23:16:56,-99.8748,37.8083, 518.9, 5545, -6.3,-33.1,-30.1, 10, 11, 0.45,302,14.7
2026-03-21 23:16:57,-99.8746,37.8083, 518.6, 5550, -6.3,-33.1,-30.0, 10, 11, 0.46,302,14.7
2026-03-21 23:16:58,-99.8745,37.8082, 518.2, 5555, -6.4,-33.1,-30.0, 10, 11, 0.46,302,14.7
2026-03-21 23:16:59,-99.8744,37.8082, 517.9, 5560, -6.4,-33.1,-30.0, 10, 11, 0.46,302,14.8
2026-03-21 23:17:00,-99.8743,37.8081, 517.6, 5565, -6.4,-33.0,-29.9, 10, 11, 0.46,302,14.8
2026-03-21 23:17:01,-99.8742,37.8080, 517.3, 5570, -6.5,-32.9,-29.9, 10, 11, 0.46,302,14.8
2026-03-21 23:17:02,-99.8741,37.8079, 517.0, 5574, -6.5,-32.8,-29.8, 10, 11, 0.47,302,14.8
2026-03-21 23:17:03,-99.8739,37.8079, 516.8, 5578, -6.5,-32.7,-29.7, 10, 11, 0.47,302,14.9
2026-03-21 23:17:04,-99.8738,37.8078, 516.5, 5581, -6.6,-32.7,-29.7, 11, 11, 0.48,302,14.9
2026-03-21 23:17:05,-99.8737,37.8077, 516.2, 5586, -6.6,-32.6,-29.6, 11, 11, 0.48,302,15.0
2026-03-21 23:17:06,-99.8735,37.8076, 515.9, 5590, -6.6,-32.6,-29.6, 11, 11, 0.48,302,15.1
2026-03-21 23:17:07,-99.8734,37.8076, 515.6, 5594, -6.7,-32.6,-29.6, 11, 11, 0.48,302,15.1
2026-03-21 23:17:08,-99.8732,37.8075, 515.4, 5599, -6.7,-32.6,-29.6, 11, 11, 0.48,302,15.2
2026-03-21 23:17:09,-99.8731,37.8074, 515.1, 5603, -6.8,-32.6,-29.6, 11, 12, 0.48,302,15.3
2026-03-21 23:17:10,-99.8729,37.8073, 514.8, 5608, -6.8,-32.6,-29.5, 11, 12, 0.48,302,15.3
2026-03-21 23:17:11,-99.8727,37.8073, 514.4, 5613, -6.9,-32.5,-29.5, 11, 12, 0.48,301,15.4
2026-03-21 23:17:12,-99.8726,37.8072, 514.1, 5619, -6.9,-32.5,-29.5, 11, 12, 0.49,301,15.5
2026-03-21 23:17:13,-99.8724,37.8071, 513.6, 5625, -7.0,-32.4,-29.4, 11, 12, 0.49,301,15.5
2026-03-21 23:17:14,-99.8723,37.8070, 513.2, 5632, -7.0,-32.4,-29.4, 11, 12, 0.49,301,15.6
2026-03-21 23:17:15,-99.8721,37.8070, 512.7, 5639, -7.1,-32.4,-29.4, 11, 12, 0.49,301,15.6
2026-03-21 23:17:16,-99.8720,37.8069, 512.3, 5645, -7.1,-32.4,-29.3, 11, 12, 0.49,301,15.6
2026-03-21 23:17:17,-99.8718,37.8068, 512.0, 5650, -7.2,-32.3,-29.3, 11, 12, 0.50,301,15.7
2026-03-21 23:17:18,-99.8716,37.8068, 511.7, 5655, -7.2,-32.3,-29.3, 12, 12, 0.50,302,15.7
2026-03-21 23:17:19,-99.8715,37.8067, 511.4, 5659, -7.3,-32.3,-29.3, 12, 12, 0.50,302,15.7
2026-03-21 23:17:20,-99.8713,37.8066, 511.1, 5663, -7.3,-32.2,-29.2, 12, 13, 0.50,302,15.7
2026-03-21 23:17:21,-99.8711,37.8066, 510.9, 5667, -7.4,-32.1,-29.1, 12, 13, 0.51,302,15.7
2026-03-21 23:17:22,-99.8709,37.8065, 510.6, 5671, -7.4,-32.0,-29.0, 12, 13, 0.51,302,15.7
2026-03-21 23:17:23,-99.8708,37.8064, 510.3, 5676, -7.4,-32.0,-29.0, 12, 13, 0.51,303,15.7
2026-03-21 23:17:24,-99.8706,37.8064, 509.9, 5681, -7.4,-32.0,-29.0, 12, 13, 0.51,303,15.7
2026-03-21 23:17:25,-99.8705,37.8063, 509.6, 5686, -7.5,-32.0,-29.0, 12, 13, 0.51,303,15.7
2026-03-21 23:17:26,-99.8703,37.8062, 509.3, 5691, -7.5,-32.0,-29.1, 12, 13, 0.51,303,15.7
2026-03-21 23:17:27,-99.8702,37.8061, 508.9, 5697, -7.6,-32.0,-29.1, 12, 13, 0.51,304,15.7
2026-03-21 23:17:28,-99.8701,37.8060, 508.5, 5703, -7.7,-32.0,-29.0, 12, 13, 0.51,304,15.7
2026-03-21 23:17:29,-99.8699,37.8059, 508.1, 5709, -7.7,-32.0,-29.0, 12, 13, 0.52,305,15.7
2026-03-21 23:17:30,-99.8698,37.8058, 507.7, 5715, -7.8,-32.0,-29.0, 12, 13, 0.52,305,15.6
2026-03-21 23:17:31,-99.8696,37.8058, 507.4, 5720, -7.8,-32.0,-29.1, 12, 13, 0.51,305,15.6
2026-03-21 23:17:32,-99.8695,37.8057, 507.1, 5724, -7.9,-32.1,-29.1, 12, 13, 0.51,306,15.7
2026-03-21 23:17:33,-99.8694,37.8056, 506.9, 5728, -7.9,-32.1,-29.1, 12, 13, 0.51,306,15.7
2026-03-21 23:17:34,-99.8693,37.8056, 506.6, 5733, -7.9,-32.1,-29.1, 12, 13, 0.51,307,15.7
2026-03-21 23:17:35,-99.8691,37.8055, 506.2, 5738, -8.0,-32.2,-29.2, 12, 13, 0.51,307,15.7
2026-03-21 23:17:36,-99.8690,37.8055, 505.8, 5744, -8.0,-32.2,-29.2, 12, 13, 0.51,307,15.7
2026-03-21 23:17:37,-99.8688,37.8054, 505.4, 5750, -8.1,-32.3,-29.3, 12, 13, 0.51,308,15.8
2026-03-21 23:17:38,-99.8687,37.8053, 505.1, 5756, -8.1,-32.3,-29.3, 12, 13, 0.50,308,15.8
2026-03-21 23:17:39,-99.8685,37.8052, 504.7, 5761, -8.2,-32.4,-29.4, 12, 13, 0.50,308,15.8
2026-03-21 23:17:40,-99.8684,37.8050, 504.3, 5767, -8.2,-32.4,-29.4, 12, 13, 0.50,308,15.9
2026-03-21 23:17:41,-99.8682,37.8049, 504.0, 5772, -8.3,-32.4,-29.4, 12, 13, 0.50,309,15.9
2026-03-21 23:17:42,-99.8681,37.8048, 503.6, 5778, -8.3,-32.5,-29.5, 12, 13, 0.50,309,16.0
2026-03-21 23:17:43,-99.8680,37.8047, 503.3, 5783, -8.4,-32.6,-29.5, 12, 13, 0.49,309,16.1
2026-03-21 23:17:44,-99.8679,37.8047, 502.9, 5789, -8.4,-32.6,-29.6, 12, 13, 0.49,309,16.1
2026-03-21 23:17:45,-99.8678,37.8046, 502.5, 5796, -8.5,-32.6,-29.6, 12, 13, 0.49,309,16.2
2026-03-21 23:17:46,-99.8677,37.8045, 502.1, 5802, -8.5,-32.7,-29.6, 12, 13, 0.49,309,16.2
2026-03-21 23:17:47,-99.8675,37.8043, 501.6, 5809, -8.6,-32.7,-29.7, 12, 13, 0.49,309,16.3
2026-03-21 23:17:48,-99.8674,37.8042, 501.1, 5817, -8.6,-32.8,-29.8, 12, 13, 0.48,309,16.3
2026-03-21 23:17:49,-99.8672,37.8041, 500.6, 5825, -8.7,-33.1,-30.0, 12, 13, 0.47,309,16.4
2026-03-21 23:17:50,-99.8671,37.8040, 500.0, 5834, -8.8,-33.3,-30.3, 12, 13, 0.46,309,16.4
2026-03-21 23:17:51,-99.8669,37.8039, 499.6, 5841, -8.9,-33.5,-30.4, 12, 13, 0.45,309,16.4
2026-03-21 23:17:52,-99.8668,37.8038, 499.1, 5847, -8.9,-33.7,-30.6, 11, 12, 0.44,309,16.5
2026-03-21 23:17:53,-99.8666,37.8038, 498.8, 5853, -9.0,-33.9,-30.8, 11, 12, 0.44,309,16.5
2026-03-21 23:17:54,-99.8664,37.8037, 498.4, 5859, -9.0,-34.0,-30.9, 11, 12, 0.43,309,16.5
2026-03-21 23:17:55,-99.8663,37.8036, 498.1, 5864, -9.0,-34.0,-30.9, 11, 12, 0.43,309,16.5
2026-03-21 23:17:56,-99.8661,37.8035, 497.7, 5869, -9.1,-34.0,-30.9, 11, 12, 0.43,309,16.5
2026-03-21 23:17:57,-99.8659,37.8034, 497.4, 5875, -9.1,-34.0,-30.9, 11, 12, 0.43,309,16.5
2026-03-21 23:17:58,-99.8658,37.8033, 497.0, 5880, -9.2,-34.0,-30.9, 11, 12, 0.44,309,16.6
2026-03-21 23:17:59,-99.8656,37.8032, 496.6, 5886, -9.3,-33.9,-30.8, 12, 13, 0.44,309,16.5
2026-03-21 23:18:00,-99.8655,37.8031, 496.2, 5893, -9.4,-33.9,-30.8, 12, 13, 0.44,309,16.5
2026-03-21 23:18:01,-99.8654,37.8030, 495.8, 5899, -9.4,-33.9,-30.8, 12, 13, 0.44,309,16.5
2026-03-21 23:18:02,-99.8652,37.8029, 495.4, 5906, -9.5,-34.0,-30.9, 12, 13, 0.44,309,16.5
2026-03-21 23:18:03,-99.8651,37.8028, 495.0, 5911, -9.6,-34.1,-30.9, 12, 13, 0.43,309,16.5
2026-03-21 23:18:04,-99.8649,37.8028, 494.7, 5916, -9.6,-34.1,-31.0, 12, 13, 0.43,309,16.5
2026-03-21 23:18:05,-99.8648,37.8027, 494.4, 5921, -9.7,-34.2,-31.1, 12, 13, 0.43,309,16.5
2026-03-21 23:18:06,-99.8646,37.8026, 494.1, 5926, -9.7,-34.4,-31.3, 11, 12, 0.42,309,16.5
2026-03-21 23:18:07,-99.8645,37.8026, 493.7, 5931, -9.7,-34.7,-31.5, 11, 12, 0.41,309,16.4
2026-03-21 23:18:08,-99.8644,37.8025, 493.4, 5937, -9.8,-34.8,-31.7, 11, 12, 0.40,309,16.4
2026-03-21 23:18:09,-99.8643,37.8023, 493.0, 5942, -9.8,-34.9,-31.7, 11, 12, 0.40,309,16.4
2026-03-21 23:18:10,-99.8641,37.8022, 492.7, 5948, -9.9,-34.8,-31.7, 11, 12, 0.40,309,16.4
2026-03-21 23:18:11,-99.8639,37.8021, 492.3, 5954,-10.0,-34.9,-31.7, 11, 12, 0.40,309,16.4
2026-03-21 23:18:12,-99.8638,37.8020, 491.9, 5960,-10.0,-34.9,-31.7, 11, 12, 0.40,309,16.4
2026-03-21 23:18:13,-99.8637,37.8019, 491.5, 5966,-10.1,-34.9,-31.8, 11, 12, 0.40,309,16.3
2026-03-21 23:18:14,-99.8635,37.8018, 491.1, 5972,-10.1,-35.0,-31.8, 11, 12, 0.40,308,16.3
2026-03-21 23:18:15,-99.8634,37.8017, 490.8, 5978,-10.2,-35.0,-31.8, 11, 12, 0.40,308,16.3
2026-03-21 23:18:16,-99.8633,37.8017, 490.4, 5983,-10.2,-35.0,-31.8, 11, 12, 0.40,308,16.3
2026-03-21 23:18:17,-99.8631,37.8016, 490.1, 5988,-10.3,-35.0,-31.8, 11, 12, 0.40,308,16.3
2026-03-21 23:18:18,-99.8629,37.8015, 489.8, 5993,-10.3,-35.1,-31.9, 11, 12, 0.40,308,16.2
2026-03-21 23:18:19,-99.8628,37.8014, 489.5, 5997,-10.4,-35.1,-31.9, 11, 12, 0.39,308,16.2
2026-03-21 23:18:20,-99.8626,37.8013, 489.2, 6002,-10.4,-35.1,-31.9, 11, 12, 0.39,308,16.2
2026-03-21 23:18:21,-99.8625,37.8012, 488.9, 6008,-10.5,-35.1,-31.9, 11, 12, 0.40,308,16.1
2026-03-21 23:18:22,-99.8624,37.8010, 488.5, 6013,-10.5,-35.1,-31.9, 11, 13, 0.40,308,16.1
2026-03-21 23:18:23,-99.8623,37.8010, 488.1, 6019,-10.6,-35.1,-31.9, 11, 13, 0.40,308,16.0
2026-03-21 23:18:24,-99.8621,37.8009, 487.8, 6024,-10.6,-35.2,-32.0, 11, 13, 0.39,308,16.0
2026-03-21 23:18:25,-99.8619,37.8008, 487.5, 6029,-10.7,-35.2,-32.0, 11, 13, 0.39,308,15.9
2026-03-21 23:18:26,-99.8617,37.8007, 487.2, 6034,-10.7,-35.3,-32.1, 11, 13, 0.39,308,15.8
2026-03-21 23:18:27,-99.8615,37.8006, 486.8, 6039,-10.8,-35.3,-32.1, 11, 13, 0.39,308,15.8
2026-03-21 23:18:28,-99.8614,37.8006, 486.5, 6045,-10.8,-35.3,-32.1, 11, 13, 0.39,308,15.7
2026-03-21 23:18:29,-99.8612,37.8005, 486.1, 6052,-10.9,-35.3,-32.1, 11, 13, 0.39,308,15.6
2026-03-21 23:18:30,-99.8611,37.8004, 485.7, 6058,-10.9,-35.4,-32.2, 11, 13, 0.39,308,15.6
2026-03-21 23:18:31,-99.8609,37.8003, 485.3, 6064,-11.0,-35.4,-32.2, 11, 13, 0.39,308,15.5
2026-03-21 23:18:32,-99.8608,37.8003, 485.0, 6069,-11.0,-35.5,-32.2, 11, 13, 0.39,308,15.4
2026-03-21 23:18:33,-99.8607,37.8002, 484.6, 6074,-11.1,-35.6,-32.3, 11, 13, 0.38,308,15.4
2026-03-21 23:18:34,-99.8606,37.8001, 484.3, 6079,-11.1,-35.7,-32.5, 11, 12, 0.38,308,15.3
2026-03-21 23:18:35,-99.8605,37.8000, 484.0, 6085,-11.2,-35.9,-32.7, 11, 12, 0.37,308,15.3
2026-03-21 23:18:36,-99.8604,37.7999, 483.6, 6091,-11.2,-36.0,-32.8, 11, 12, 0.37,308,15.2
2026-03-21 23:18:37,-99.8602,37.7998, 483.2, 6098,-11.3,-35.9,-32.7, 11, 12, 0.37,308,15.2
2026-03-21 23:18:38,-99.8601,37.7997, 482.8, 6104,-11.3,-35.8,-32.6, 11, 13, 0.37,308,15.2
2026-03-21 23:18:39,-99.8600,37.7996, 482.4, 6110,-11.4,-35.8,-32.6, 11, 13, 0.37,308,15.1
2026-03-21 23:18:40,-99.8598,37.7995, 482.0, 6116,-11.4,-35.8,-32.5, 11, 13, 0.38,308,15.1
2026-03-21 23:18:41,-99.8597,37.7995, 481.6, 6122,-11.5,-35.8,-32.5, 11, 13, 0.38,308,15.1
2026-03-21 23:18:42,-99.8596,37.7994, 481.4, 6126,-11.5,-35.8,-32.5, 11, 13, 0.38,308,15.1
2026-03-21 23:18:43,-99.8595,37.7994, 481.1, 6130,-11.5,-35.8,-32.5, 11, 13, 0.38,308,15.1
2026-03-21 23:18:44,-99.8594,37.7993, 480.9, 6134,-11.6,-35.8,-32.6, 12, 13, 0.38,308,15.1
2026-03-21 23:18:45,-99.8592,37.7993, 480.6, 6138,-11.6,-35.8,-32.6, 11, 13, 0.38,308,15.1
2026-03-21 23:18:46,-99.8591,37.7992, 480.4, 6142,-11.6,-35.9,-32.6, 11, 13, 0.37,308,15.1
2026-03-21 23:18:47,-99.8589,37.7991, 480.1, 6146,-11.7,-35.9,-32.7, 11, 13, 0.37,308,15.1
2026-03-21 23:18:48,-99.8588,37.7990, 479.9, 6150,-11.7,-36.0,-32.7, 11, 13, 0.37,308,15.2
2026-03-21 23:18:49,-99.8587,37.7989, 479.6, 6154,-11.7,-36.0,-32.7, 11, 13, 0.37,308,15.2
2026-03-21 23:18:50,-99.8585,37.7987, 479.4, 6158,-11.8,-36.0,-32.7, 11, 13, 0.37,308,15.2
2026-03-21 23:18:51,-99.8584,37.7986, 479.1, 6163,-11.8,-36.0,-32.8, 11, 13, 0.37,308,15.2
2026-03-21 23:18:52,-99.8583,37.7985, 478.7, 6168,-11.8,-36.0,-32.8, 12, 13, 0.37,309,15.2
2026-03-21 23:18:53,-99.8581,37.7985, 478.4, 6173,-11.9,-36.0,-32.7, 12, 13, 0.37,309,15.2
2026-03-21 23:18:54,-99.8580,37.7984, 478.1, 6178,-11.9,-36.0,-32.7, 12, 13, 0.37,309,15.2
2026-03-21 23:18:55,-99.8578,37.7983, 477.9, 6182,-12.0,-36.0,-32.8, 12, 13, 0.37,309,15.2
2026-03-21 23:18:56,-99.8576,37.7982, 477.6, 6186,-12.0,-36.0,-32.8, 12, 13, 0.37,309,15.2
2026-03-21 23:18:57,-99.8575,37.7981, 477.4, 6190,-12.0,-36.1,-32.8, 12, 13, 0.37,309,15.2
2026-03-21 23:18:58,-99.8573,37.7980, 477.1, 6194,-12.1,-36.1,-32.9, 12, 13, 0.37,309,15.2
2026-03-21 23:18:59,-99.8572,37.7979, 476.8, 6200,-12.1,-36.2,-32.9, 12, 13, 0.36,309,15.1
2026-03-21 23:19:00,-99.8571,37.7978, 476.4, 6206,-12.2,-36.3,-33.0, 12, 13, 0.36,309,15.1
2026-03-21 23:19:01,-99.8570,37.7978, 476.0, 6212,-12.3,-36.3,-33.0, 12, 13, 0.36,310,15.1
2026-03-21 23:19:02,-99.8569,37.7977, 475.5, 6219,-12.3,-36.3,-33.1, 12, 13, 0.36,310,15.1
2026-03-21 23:19:03,-99.8568,37.7976, 475.1, 6226,-12.4,-36.4,-33.1, 12, 13, 0.36,310,15.0
2026-03-21 23:19:04,-99.8566,37.7976, 474.7, 6233,-12.4,-36.4,-33.1, 12, 13, 0.36,310,15.0
2026-03-21 23:19:05,-99.8565,37.7975, 474.3, 6240,-12.5,-36.4,-33.2, 12, 13, 0.36,310,15.0
2026-03-21 23:19:06,-99.8563,37.7974, 473.8, 6247,-12.5,-36.5,-33.2, 12, 13, 0.36,310,14.9
2026-03-21 23:19:07,-99.8561,37.7973, 473.4, 6253,-12.6,-36.5,-33.2, 12, 13, 0.36,311,14.9
2026-03-21 23:19:08,-99.8560,37.7972, 473.1, 6259,-12.7,-36.5,-33.2, 12, 13, 0.36,311,14.9
2026-03-21 23:19:09,-99.8559,37.7971, 472.7, 6264,-12.7,-36.6,-33.3, 12, 13, 0.35,311,14.8
2026-03-21 23:19:10,-99.8558,37.7970, 472.5, 6269,-12.8,-36.7,-33.4, 12, 13, 0.35,311,14.8
2026-03-21 23:19:11,-99.8557,37.7969, 472.2, 6273,-12.8,-36.7,-33.4, 12, 13, 0.35,311,14.8
2026-03-21 23:19:12,-99.8556,37.7968, 471.9, 6278,-12.8,-36.7,-33.4, 12, 13, 0.35,311,14.8
2026-03-21 23:19:13,-99.8555,37.7967, 471.6, 6283,-12.9,-36.7,-33.4, 12, 13, 0.35,311,14.8
2026-03-21 23:19:14,-99.8554,37.7966, 471.2, 6289,-13.0,-36.8,-33.5, 12, 13, 0.35,311,14.8
2026-03-21 23:19:15,-99.8552,37.7965, 470.9, 6295,-13.0,-36.8,-33.5, 12, 13, 0.35,312,14.8
2026-03-21 23:19:16,-99.8551,37.7964, 470.5, 6300,-13.1,-36.9,-33.6, 12, 13, 0.35,312,14.8
2026-03-21 23:19:17,-99.8550,37.7963, 470.2, 6306,-13.1,-36.9,-33.6, 12, 13, 0.34,312,14.7
2026-03-21 23:19:18,-99.8549,37.7963, 469.9, 6311,-13.1,-37.0,-33.7, 12, 13, 0.34,312,14.8
2026-03-21 23:19:19,-99.8548,37.7962, 469.6, 6316,-13.2,-37.0,-33.7, 12, 13, 0.34,312,14.8
2026-03-21 23:19:20,-99.8547,37.7961, 469.3, 6321,-13.2,-37.1,-33.7, 12, 13, 0.34,311,14.8
2026-03-21 23:19:21,-99.8545,37.7961, 468.9, 6326,-13.3,-37.0,-33.7, 12, 13, 0.34,311,14.8
2026-03-21 23:19:22,-99.8544,37.7960, 468.6, 6332,-13.3,-36.9,-33.6, 12, 14, 0.35,311,14.8
2026-03-21 23:19:23,-99.8542,37.7959, 468.2, 6338,-13.4,-36.8,-33.5, 12, 14, 0.35,311,14.8
2026-03-21 23:19:24,-99.8541,37.7958, 467.8, 6344,-13.4,-36.7,-33.4, 12, 14, 0.35,311,14.8
2026-03-21 23:19:25,-99.8540,37.7957, 467.5, 6350,-13.4,-36.5,-33.3, 12, 14, 0.36,311,14.8
2026-03-21 23:19:26,-99.8539,37.7956, 467.1, 6355,-13.5,-36.5,-33.2, 13, 14, 0.36,311,14.8
2026-03-21 23:19:27,-99.8537,37.7955, 466.8, 6361,-13.5,-36.4,-33.1, 13, 14, 0.36,311,14.8
2026-03-21 23:19:28,-99.8536,37.7954, 466.5, 6366,-13.6,-36.4,-33.1, 13, 15, 0.36,310,14.8
2026-03-21 23:19:29,-99.8534,37.7953, 466.2, 6371,-13.6,-36.4,-33.1, 13, 15, 0.36,310,14.8
2026-03-21 23:19:30,-99.8533,37.7952, 465.9, 6375,-13.7,-36.4,-33.2, 13, 15, 0.36,310,14.8
2026-03-21 23:19:31,-99.8532,37.7951, 465.6, 6380,-13.7,-36.5,-33.2, 13, 15, 0.36,310,14.8
2026-03-21 23:19:32,-99.8531,37.7951, 465.3, 6385,-13.7,-36.6,-33.3, 13, 14, 0.36,310,14.9
2026-03-21 23:19:33,-99.8530,37.7950, 464.9, 6391,-13.8,-36.7,-33.4, 13, 14, 0.35,310,14.9
2026-03-21 23:19:34,-99.8529,37.7948, 464.5, 6397,-13.8,-36.8,-33.5, 12, 14, 0.35,309,14.9
2026-03-21 23:19:35,-99.8528,37.7947, 464.2, 6404,-13.8,-37.0,-33.7, 12, 14, 0.35,309,14.9
2026-03-21 23:19:36,-99.8526,37.7946, 463.8, 6409,-13.8,-37.1,-33.8, 12, 14, 0.34,309,14.9
2026-03-21 23:19:37,-99.8525,37.7946, 463.5, 6414,-13.9,-37.2,-33.9, 12, 14, 0.34,309,15.0
2026-03-21 23:19:38,-99.8524,37.7945, 463.3, 6418,-13.9,-37.2,-33.9, 12, 14, 0.34,309,15.0
2026-03-21 23:19:39,-99.8522,37.7944, 463.0, 6422,-13.9,-37.3,-33.9, 12, 14, 0.34,309,15.0
2026-03-21 23:19:40,-99.8521,37.7944, 462.8, 6425,-14.0,-37.3,-34.0, 12, 14, 0.34,308,15.0
2026-03-21 23:19:41,-99.8519,37.7943, 462.7, 6428,-14.0,-37.4,-34.0, 12, 14, 0.33,308,15.1
2026-03-21 23:19:42,-99.8518,37.7943, 462.4, 6432,-14.0,-37.5,-34.1, 12, 14, 0.33,308,15.1
2026-03-21 23:19:43,-99.8516,37.7942, 462.2, 6436,-14.0,-37.6,-34.2, 12, 13, 0.33,308,15.2
2026-03-21 23:19:44,-99.8515,37.7941, 461.9, 6441,-14.1,-37.5,-34.2, 12, 14, 0.33,308,15.2
2026-03-21 23:19:45,-99.8514,37.7940, 461.5, 6447,-14.1,-37.5,-34.2, 12, 14, 0.33,308,15.2
2026-03-21 23:19:46,-99.8513,37.7939, 461.2, 6452,-14.2,-37.5,-34.2, 12, 14, 0.33,308,15.3
2026-03-21 23:19:47,-99.8512,37.7938, 460.9, 6458,-14.2,-37.5,-34.1, 12, 14, 0.33,308,15.3
2026-03-21 23:19:48,-99.8510,37.7937, 460.5, 6463,-14.3,-37.5,-34.1, 12, 14, 0.33,308,15.3
2026-03-21 23:19:49,-99.8509,37.7936, 460.1, 6470,-14.4,-37.5,-34.1, 12, 14, 0.33,308,15.4
2026-03-21 23:19:50,-99.8507,37.7936, 459.7, 6477,-14.4,-37.5,-34.2, 12, 14, 0.33,308,15.4
2026-03-21 23:19:51,-99.8505,37.7935, 459.3, 6484,-14.5,-37.6,-34.2, 12, 14, 0.33,308,15.4
2026-03-21 23:19:52,-99.8503,37.7934, 458.9, 6490,-14.5,-37.7,-34.3, 12, 14, 0.33,308,15.5
2026-03-21 23:19:53,-99.8502,37.7933, 458.6, 6495,-14.5,-37.8,-34.4, 12, 14, 0.32,308,15.5
2026-03-21 23:19:54,-99.8501,37.7933, 458.4, 6499,-14.6,-37.9,-34.6, 12, 14, 0.32,308,15.5
2026-03-21 23:19:55,-99.8500,37.7931, 458.2, 6502,-14.6,-38.0,-34.6, 12, 14, 0.32,307,15.6
2026-03-21 23:19:56,-99.8499,37.7930, 458.0, 6504,-14.6,-38.0,-34.7, 12, 14, 0.32,307,15.6
2026-03-21 23:19:57,-99.8498,37.7929, 457.9, 6508,-14.7,-38.1,-34.7, 12, 14, 0.31,307,15.6
2026-03-21 23:19:58,-99.8496,37.7928, 457.6, 6511,-14.7,-38.1,-34.7, 12, 14, 0.31,307,15.6
2026-03-21 23:19:59,-99.8495,37.7927, 457.4, 6515,-14.7,-38.1,-34.7, 12, 14, 0.31,307,15.6
2026-03-21 23:20:00,-99.8493,37.7927, 457.1, 6520,-14.8,-38.1,-34.7, 12, 14, 0.31,307,15.6
2026-03-21 23:20:01,-99.8491,37.7926, 456.9, 6524,-14.8,-38.0,-34.6, 12, 14, 0.32,307,15.6
2026-03-21 23:20:02,-99.8490,37.7925, 456.6, 6528,-14.8,-38.0,-34.6, 12, 14, 0.32,307,15.6
2026-03-21 23:20:03,-99.8488,37.7924, 456.3, 6533,-14.8,-38.0,-34.6, 12, 14, 0.32,307,15.6
2026-03-21 23:20:04,-99.8487,37.7923, 456.1, 6537,-14.9,-38.0,-34.6, 12, 14, 0.32,307,15.6
2026-03-21 23:20:05,-99.8486,37.7923, 455.8, 6541,-14.9,-38.0,-34.6, 12, 14, 0.32,307,15.6
2026-03-21 23:20:06,-99.8485,37.7922, 455.6, 6546,-15.0,-38.0,-34.6, 12, 14, 0.32,307,15.6
2026-03-21 23:20:07,-99.8483,37.7921, 455.3, 6550,-15.0,-38.0,-34.7, 12, 14, 0.32,307,15.6
2026-03-21 23:20:08,-99.8482,37.7920, 455.1, 6554,-15.1,-38.1,-34.7, 12, 14, 0.32,307,15.5
2026-03-21 23:20:09,-99.8480,37.7920, 454.8, 6558,-15.1,-38.1,-34.7, 12, 14, 0.32,307,15.5
2026-03-21 23:20:10,-99.8479,37.7919, 454.6, 6562,-15.1,-38.1,-34.7, 12, 14, 0.32,307,15.5
2026-03-21 23:20:11,-99.8477,37.7918, 454.3, 6567,-15.2,-38.1,-34.7, 12, 14, 0.32,307,15.5
2026-03-21 23:20:12,-99.8476,37.7918, 454.0, 6572,-15.2,-38.1,-34.7, 12, 14, 0.32,306,15.5
2026-03-21 23:20:13,-99.8475,37.7917, 453.6, 6577,-15.3,-38.1,-34.7, 12, 14, 0.32,306,15.5
2026-03-21 23:20:14,-99.8473,37.7916, 453.3, 6582,-15.4,-38.1,-34.7, 12, 14, 0.32,306,15.4
2026-03-21 23:20:15,-99.8472,37.7915, 453.1, 6587,-15.4,-38.1,-34.7, 12, 14, 0.32,306,15.4
2026-03-21 23:20:16,-99.8470,37.7914, 452.8, 6591,-15.4,-38.1,-34.7, 13, 15, 0.32,306,15.4
2026-03-21 23:20:17,-99.8469,37.7913, 452.6, 6594,-15.4,-38.1,-34.7, 12, 15, 0.32,306,15.4
2026-03-21 23:20:18,-99.8468,37.7911, 452.4, 6598,-15.5,-38.1,-34.7, 13, 15, 0.32,306,15.4
2026-03-21 23:20:19,-99.8466,37.7910, 452.1, 6603,-15.5,-38.1,-34.8, 13, 15, 0.32,306,15.4
2026-03-21 23:20:20,-99.8465,37.7910, 451.8, 6608,-15.6,-38.2,-34.8, 13, 15, 0.31,306,15.4
2026-03-21 23:20:21,-99.8463,37.7909, 451.5, 6613,-15.6,-38.2,-34.8, 13, 15, 0.31,306,15.4
2026-03-21 23:20:22,-99.8462,37.7908, 451.1, 6619,-15.7,-38.3,-34.9, 13, 15, 0.31,306,15.4
2026-03-21 23:20:23,-99.8460,37.7908, 450.8, 6625,-15.8,-38.4,-35.0, 12, 15, 0.31,306,15.4
2026-03-21 23:20:24,-99.8458,37.7907, 450.4, 6632,-15.8,-38.4,-35.0, 12, 15, 0.31,306,15.4
2026-03-21 23:20:25,-99.8457,37.7906, 450.0, 6638,-15.8,-38.5,-35.0, 12, 15, 0.31,306,15.5
2026-03-21 23:20:26,-99.8456,37.7906, 449.7, 6643,-15.9,-38.5,-35.1, 12, 15, 0.31,306,15.5
2026-03-21 23:20:27,-99.8455,37.7904, 449.5, 6647,-15.9,-38.5,-35.1, 12, 15, 0.31,306,15.5
2026-03-21 23:20:28,-99.8454,37.7904, 449.2, 6651,-16.0,-38.6,-35.2, 12, 15, 0.30,305,15.5
2026-03-21 23:20:29,-99.8453,37.7903, 449.1, 6654,-16.0,-38.6,-35.2, 12, 15, 0.30,305,15.6
2026-03-21 23:20:30,-99.8451,37.7903, 448.9, 6657,-16.0,-38.7,-35.3, 12, 14, 0.30,305,15.6
2026-03-21 23:20:31,-99.8450,37.7902, 448.6, 6661,-16.1,-38.7,-35.3, 12, 14, 0.30,305,15.7
2026-03-21 23:20:32,-99.8449,37.7902, 448.4, 6665,-16.1,-38.8,-35.4, 12, 14, 0.30,305,15.7
2026-03-21 23:20:33,-99.8447,37.7901, 448.1, 6670,-16.2,-38.9,-35.4, 12, 14, 0.30,305,15.8
2026-03-21 23:20:34,-99.8445,37.7900, 447.9, 6674,-16.2,-39.0,-35.6, 12, 14, 0.29,305,15.8
2026-03-21 23:20:35,-99.8443,37.7899, 447.6, 6678,-16.2,-39.2,-35.8, 12, 14, 0.29,305,15.9
2026-03-21 23:20:36,-99.8442,37.7898, 447.4, 6682,-16.3,-39.4,-35.9, 12, 14, 0.28,305,15.9
2026-03-21 23:20:37,-99.8440,37.7897, 447.2, 6685,-16.3,-39.5,-36.0, 12, 14, 0.28,305,16.0
2026-03-21 23:20:38,-99.8438,37.7896, 447.0, 6689,-16.3,-39.5,-36.0, 12, 14, 0.28,304,16.0
2026-03-21 23:20:39,-99.8437,37.7895, 446.7, 6693,-16.4,-39.5,-36.0, 12, 14, 0.28,304,16.1
2026-03-21 23:20:40,-99.8436,37.7894, 446.5, 6696,-16.4,-39.5,-36.0, 12, 14, 0.28,304,16.1
2026-03-21 23:20:41,-99.8435,37.7893, 446.3, 6700,-16.4,-39.5,-36.1, 12, 14, 0.28,304,16.1
2026-03-21 23:20:42,-99.8433,37.7892, 446.1, 6704,-16.5,-39.6,-36.1, 12, 14, 0.28,304,16.2
2026-03-21 23:20:43,-99.8432,37.7891, 445.8, 6709,-16.5,-39.7,-36.2, 12, 14, 0.27,304,16.2
2026-03-21 23:20:44,-99.8430,37.7890, 445.4, 6715,-16.6,-39.9,-36.4, 11, 13, 0.27,304,16.3
2026-03-21 23:20:45,-99.8429,37.7889, 445.1, 6720,-16.6,-40.3,-36.8, 11, 13, 0.26,304,16.3
2026-03-21 23:20:46,-99.8427,37.7888, 444.8, 6726,-16.6,-40.8,-37.2, 11, 12, 0.25,304,16.3
2026-03-21 23:20:47,-99.8425,37.7888, 444.5, 6731,-16.6,-41.1,-37.6, 10, 12, 0.24,304,16.4
2026-03-21 23:20:48,-99.8423,37.7887, 444.2, 6735,-16.7,-41.3,-37.8, 10, 12, 0.23,304,16.4
2026-03-21 23:20:49,-99.8422,37.7887, 444.0, 6739,-16.7,-41.4,-37.8, 10, 12, 0.23,304,16.4
2026-03-21 23:20:50,-99.8420,37.7886, 443.7, 6743,-16.8,-41.5,-37.9, 10, 12, 0.23,304,16.4
2026-03-21 23:20:51,-99.8418,37.7885, 443.5, 6747,-16.8,-41.6,-38.0, 10, 11, 0.23,305,16.4
2026-03-21 23:20:52,-99.8416,37.7884, 443.3, 6752,-16.8,-41.8,-38.2, 10, 11, 0.22,305,16.4
2026-03-21 23:20:53,-99.8415,37.7884, 443.0, 6755,-16.8,-41.9,-38.3,  9, 11, 0.22,305,16.4
2026-03-21 23:20:54,-99.8413,37.7883, 442.8, 6759,-16.8,-41.9,-38.3,  9, 11, 0.22,305,16.4
2026-03-21 23:20:55,-99.8412,37.7882, 442.6, 6763,-16.9,-41.9,-38.3,  9, 11, 0.22,306,16.4
2026-03-21 23:20:56,-99.8410,37.7882, 442.4, 6766,-16.9,-41.9,-38.3, 10, 11, 0.22,306,16.4
2026-03-21 23:20:57,-99.8409,37.7881, 442.2, 6770,-17.0,-41.9,-38.3, 10, 11, 0.22,306,16.4
2026-03-21 23:20:58,-99.8408,37.7880, 441.9, 6774,-17.0,-42.0,-38.4, 10, 11, 0.22,306,16.4
2026-03-21 23:20:59,-99.8407,37.7879, 441.7, 6779,-17.0,-42.0,-38.4, 10, 11, 0.22,307,16.4
2026-03-21 23:21:00,-99.8405,37.7878, 441.4, 6783,-17.1,-42.0,-38.4, 10, 11, 0.22,307,16.5
2026-03-21 23:21:01,-99.8404,37.7877, 441.1, 6788,-17.1,-42.0,-38.4, 10, 11, 0.22,307,16.5
2026-03-21 23:21:02,-99.8402,37.7876, 440.9, 6792,-17.1,-42.1,-38.4, 10, 11, 0.22,308,16.5
2026-03-21 23:21:03,-99.8401,37.7875, 440.6, 6796,-17.2,-42.1,-38.5, 10, 11, 0.22,308,16.5
2026-03-21 23:21:04,-99.8399,37.7874, 440.4, 6800,-17.2,-42.1,-38.5, 10, 11, 0.22,308,16.5
2026-03-21 23:21:05,-99.8397,37.7873, 440.1, 6805,-17.2,-42.1,-38.5, 10, 11, 0.22,309,16.5
2026-03-21 23:21:06,-99.8395,37.7872, 439.9, 6809,-17.3,-42.1,-38.5, 10, 11, 0.21,309,16.5
2026-03-21 23:21:07,-99.8394,37.7871, 439.7, 6813,-17.3,-42.2,-38.6, 10, 11, 0.21,309,16.6
2026-03-21 23:21:08,-99.8393,37.7870, 439.5, 6816,-17.4,-42.3,-38.6, 10, 11, 0.21,309,16.6
2026-03-21 23:21:09,-99.8392,37.7869, 439.3, 6819,-17.4,-42.3,-38.7, 10, 11, 0.21,310,16.6
2026-03-21 23:21:10,-99.8391,37.7868, 439.1, 6822,-17.4,-42.3,-38.7, 10, 11, 0.21,310,16.7
2026-03-21 23:21:11,-99.8390,37.7867, 438.9, 6826,-17.4,-42.3,-38.7, 10, 11, 0.21,310,16.7
2026-03-21 23:21:12,-99.8388,37.7865, 438.7, 6829,-17.4,-42.4,-38.7, 10, 11, 0.21,310,16.8
2026-03-21 23:21:13,-99.8387,37.7865, 438.5, 6832,-17.5,-42.4,-38.8,  9, 11, 0.21,310,16.8
2026-03-21 23:21:14,-99.8385,37.7864, 438.3, 6836,-17.5,-42.4,-38.8,  9, 11, 0.21,310,16.9
2026-03-21 23:21:15,-99.8383,37.7863, 438.1, 6839,-17.5,-42.4,-38.7, 10, 11, 0.21,311,16.9
2026-03-21 23:21:16,-99.8382,37.7862, 437.9, 6843,-17.6,-42.3,-38.7, 10, 11, 0.21,311,17.0
2026-03-21 23:21:17,-99.8380,37.7861, 437.6, 6847,-17.6,-42.4,-38.7, 10, 11, 0.21,311,17.0
2026-03-21 23:21:18,-99.8379,37.7860, 437.4, 6851,-17.6,-42.4,-38.8, 10, 11, 0.21,311,17.1
2026-03-21 23:21:19,-99.8378,37.7859, 437.1, 6856,-17.7,-42.4,-38.8, 10, 11, 0.21,311,17.1
2026-03-21 23:21:20,-99.8377,37.7858, 436.9, 6860,-17.7,-42.4,-38.8, 10, 11, 0.21,311,17.2
2026-03-21 23:21:21,-99.8376,37.7857, 436.6, 6864,-17.8,-42.5,-38.8, 10, 11, 0.21,311,17.3
2026-03-21 23:21:22,-99.8374,37.7856, 436.4, 6869,-17.8,-42.5,-38.9, 10, 11, 0.21,311,17.3
2026-03-21 23:21:23,-99.8373,37.7856, 436.1, 6874,-17.8,-42.6,-39.0, 10, 11, 0.21,311,17.4
2026-03-21 23:21:24,-99.8371,37.7855, 435.8, 6879,-17.9,-42.7,-39.1,  9, 11, 0.20,312,17.4
2026-03-21 23:21:25,-99.8369,37.7854, 435.5, 6884,-17.9,-42.9,-39.2,  9, 11, 0.20,312,17.5
2026-03-21 23:21:26,-99.8367,37.7853, 435.3, 6888,-17.9,-42.9,-39.3,  9, 11, 0.20,312,17.5
2026-03-21 23:21:27,-99.8365,37.7851, 435.0, 6892,-18.0,-43.0,-39.4,  9, 11, 0.20,312,17.6
2026-03-21 23:21:28,-99.8364,37.7850, 434.8, 6895,-18.0,-43.1,-39.4,  9, 11, 0.20,312,17.6
2026-03-21 23:21:29,-99.8362,37.7848, 434.7, 6898,-18.0,-43.1,-39.4,  9, 11, 0.20,312,17.6
2026-03-21 23:21:30,-99.8361,37.7847, 434.5, 6901,-18.0,-43.1,-39.4,  9, 11, 0.20,313,17.6
2026-03-21 23:21:31,-99.8359,37.7846, 434.3, 6904,-18.0,-43.1,-39.4,  9, 11, 0.20,313,17.7
2026-03-21 23:21:32,-99.8358,37.7845, 434.1, 6907,-18.1,-43.1,-39.5,  9, 11, 0.20,313,17.7
2026-03-21 23:21:33,-99.8356,37.7844, 434.0, 6910,-18.1,-43.1,-39.5,  9, 11, 0.20,313,17.7
2026-03-21 23:21:34,-99.8354,37.7843, 433.8, 6914,-18.2,-43.1,-39.4,  9, 11, 0.20,314,17.7
2026-03-21 23:21:35,-99.8353,37.7842, 433.6, 6917,-18.2,-43.0,-39.4,  9, 11, 0.20,314,17.7
2026-03-21 23:21:36,-99.8351,37.7841, 433.4, 6921,-18.2,-43.0,-39.3,  9, 11, 0.20,314,17.7
2026-03-21 23:21:37,-99.8350,37.7840, 433.2, 6924,-18.2,-43.0,-39.3,  9, 11, 0.20,314,17.7
2026-03-21 23:21:38,-99.8349,37.7839, 433.0, 6927,-18.2,-43.0,-39.3, 10, 11, 0.20,314,17.7
2026-03-21 23:21:39,-99.8348,37.7838, 432.8, 6930,-18.3,-43.0,-39.3, 10, 11, 0.20,315,17.7
2026-03-21 23:21:40,-99.8346,37.7836, 432.6, 6934,-18.3,-43.0,-39.3, 10, 11, 0.20,315,17.6
2026-03-21 23:21:41,-99.8345,37.7835, 432.4, 6937,-18.3,-43.0,-39.3, 10, 11, 0.20,315,17.6
2026-03-21 23:21:42,-99.8344,37.7834, 432.2, 6940,-18.3,-43.0,-39.3, 10, 11, 0.20,315,17.6
2026-03-21 23:21:43,-99.8342,37.7833, 432.0, 6943,-18.3,-42.9,-39.3, 10, 12, 0.20,315,17.6
2026-03-21 23:21:44,-99.8341,37.7832, 431.8, 6947,-18.4,-42.9,-39.3, 10, 12, 0.20,315,17.6
2026-03-21 23:21:45,-99.8340,37.7831, 431.6, 6950,-18.4,-42.9,-39.3, 10, 12, 0.20,315,17.6
2026-03-21 23:21:46,-99.8338,37.7829, 431.4, 6954,-18.4,-42.9,-39.2, 10, 12, 0.20,315,17.6
2026-03-21 23:21:47,-99.8337,37.7829, 431.2, 6957,-18.5,-42.9,-39.3, 10, 12, 0.20,315,17.6
2026-03-21 23:21:48,-99.8336,37.7827, 431.0, 6961,-18.5,-42.9,-39.3, 10, 12, 0.20,315,17.6
2026-03-21 23:21:49,-99.8334,37.7826, 430.8, 6965,-18.5,-43.0,-39.3, 10, 12, 0.20,315,17.6
2026-03-21 23:21:50,-99.8333,37.7825, 430.5, 6969,-18.5,-43.2,-39.5, 10, 11, 0.20,315,17.6
2026-03-21 23:21:51,-99.8332,37.7824, 430.3, 6974,-18.6,-43.5,-39.8,  9, 11, 0.19,315,17.6
2026-03-21 23:21:52,-99.8331,37.7823, 430.0, 6978,-18.6,-43.8,-40.1,  9, 11, 0.18,315,17.6
2026-03-21 23:21:53,-99.8330,37.7822, 429.8, 6982,-18.6,-44.2,-40.4,  9, 10, 0.18,315,17.5
2026-03-21 23:21:54,-99.8328,37.7821, 429.6, 6986,-18.6,-44.4,-40.7,  8, 10, 0.17,315,17.5
2026-03-21 23:21:55,-99.8327,37.7820, 429.3, 6991,-18.6,-44.6,-40.9,  8, 10, 0.17,315,17.5
2026-03-21 23:21:56,-99.8325,37.7818, 429.0, 6996,-18.7,-44.7,-41.0,  8, 10, 0.17,315,17.5
2026-03-21 23:21:57,-99.8324,37.7817, 428.7, 7001,-18.7,-44.9,-41.1,  8, 10, 0.16,315,17.5
2026-03-21 23:21:58,-99.8322,37.7816, 428.3, 7008,-18.7,-45.0,-41.3,  8, 10, 0.16,314,17.5
2026-03-21 23:21:59,-99.8320,37.7815, 427.9, 7015,-18.7,-45.2,-41.4,  8,  9, 0.16,314,17.5
2026-03-21 23:22:00,-99.8319,37.7814, 427.5, 7022,-18.8,-45.4,-41.6,  8,  9, 0.16,314,17.5
2026-03-21 23:22:01,-99.8317,37.7813, 427.2, 7028,-18.8,-45.4,-41.6,  8,  9, 0.16,314,17.5
2026-03-21 23:22:02,-99.8315,37.7811, 426.8, 7034,-18.9,-45.5,-41.7,  8,  9, 0.15,314,17.5
2026-03-21 23:22:03,-99.8314,37.7811, 426.5, 7040,-18.9,-45.5,-41.7,  8,  9, 0.15,314,17.4
2026-03-21 23:22:04,-99.8312,37.7810, 426.2, 7045,-18.9,-45.6,-41.8,  8,  9, 0.15,314,17.4
2026-03-21 23:22:05,-99.8311,37.7809, 425.8, 7051,-19.0,-45.7,-41.9,  8,  9, 0.15,314,17.4
2026-03-21 23:22:06,-99.8310,37.7808, 425.5, 7057,-19.0,-45.8,-42.0,  8,  9, 0.15,313,17.4
2026-03-21 23:22:07,-99.8309,37.7807, 425.2, 7063,-19.1,-45.9,-42.0,  7,  9, 0.15,313,17.4
2026-03-21 23:22:08,-99.8307,37.7806, 424.9, 7068,-19.1,-45.9,-42.1,  7,  9, 0.15,313,17.3
2026-03-21 23:22:09,-99.8306,37.7804, 424.6, 7073,-19.2,-45.9,-42.1,  8,  9, 0.15,313,17.3
2026-03-21 23:22:10,-99.8305,37.7803, 424.3, 7078,-19.2,-45.9,-42.1,  8,  9, 0.15,313,17.3
2026-03-21 23:22:11,-99.8303,37.7802, 424.0, 7083,-19.3,-45.9,-42.1,  8,  9, 0.15,313,17.3
2026-03-21 23:22:12,-99.8301,37.7801, 423.8, 7087,-19.3,-45.8,-42.0,  8,  9, 0.15,313,17.3
2026-03-21 23:22:13,-99.8300,37.7800, 423.6, 7090,-19.3,-45.9,-42.1,  8,  9, 0.15,313,17.3
2026-03-21 23:22:14,-99.8299,37.7799, 423.4, 7093,-19.4,-45.9,-42.1,  8,  9, 0.15,313,17.2
2026-03-21 23:22:15,-99.8298,37.7798, 423.2, 7097,-19.4,-45.9,-42.1,  8,  9, 0.15,313,17.2
2026-03-21 23:22:16,-99.8297,37.7797, 423.0, 7101,-19.5,-45.9,-42.1,  8,  9, 0.15,313,17.2
2026-03-21 23:22:17,-99.8295,37.7796, 422.8, 7105,-19.5,-45.9,-42.1,  8,  9, 0.15,313,17.2
2026-03-21 23:22:18,-99.8294,37.7795, 422.5, 7109,-19.5,-46.0,-42.2,  8,  9, 0.15,313,17.3
2026-03-21 23:22:19,-99.8292,37.7794, 422.3, 7114,-19.5,-46.0,-42.2,  8,  9, 0.15,313,17.3
2026-03-21 23:22:20,-99.8290,37.7793, 422.0, 7118,-19.6,-46.1,-42.3,  8,  9, 0.15,313,17.3
2026-03-21 23:22:21,-99.8289,37.7792, 421.8, 7122,-19.6,-46.2,-42.4,  8,  9, 0.14,313,17.3
2026-03-21 23:22:22,-99.8288,37.7791, 421.6, 7125,-19.6,-46.3,-42.5,  7,  9, 0.14,313,17.3
2026-03-21 23:22:23,-99.8286,37.7790, 421.4, 7129,-19.7,-46.4,-42.5,  7,  9, 0.14,313,17.3
2026-03-21 23:22:24,-99.8285,37.7789, 421.2, 7132,-19.7,-46.4,-42.5,  7,  9, 0.14,313,17.3
2026-03-21 23:22:25,-99.8283,37.7788, 421.0, 7136,-19.7,-46.3,-42.5,  8,  9, 0.14,313,17.3
2026-03-21 23:22:26,-99.8282,37.7787, 420.8, 7140,-19.8,-46.4,-42.5,  8,  9, 0.14,313,17.3
2026-03-21 23:22:27,-99.8280,37.7786, 420.5, 7145,-19.8,-46.4,-42.6,  7,  9, 0.14,313,17.3
2026-03-21 23:22:28,-99.8279,37.7785, 420.2, 7150,-19.9,-46.5,-42.7,  7,  9, 0.14,313,17.3
2026-03-21 23:22:29,-99.8277,37.7784, 419.9, 7156,-19.9,-46.5,-42.7,  7,  9, 0.14,313,17.3
2026-03-21 23:22:30,-99.8276,37.7782, 419.5, 7162,-20.0,-46.5,-42.7,  8,  9, 0.14,313,17.3
2026-03-21 23:22:31,-99.8275,37.7781, 419.2, 7168,-20.0,-46.5,-42.7,  8,  9, 0.14,313,17.3
2026-03-21 23:22:32,-99.8273,37.7780, 418.9, 7174,-20.1,-46.6,-42.7,  8,  9, 0.14,313,17.3
2026-03-21 23:22:33,-99.8272,37.7779, 418.6, 7179,-20.1,-46.6,-42.8,  7,  9, 0.14,313,17.2
2026-03-21 23:22:34,-99.8270,37.7778, 418.4, 7183,-20.1,-46.7,-42.8,  8,  9, 0.14,313,17.2
2026-03-21 23:22:35,-99.8269,37.7776, 418.2, 7186,-20.1,-46.6,-42.8,  8,  9, 0.14,313,17.1
2026-03-21 23:22:36,-99.8267,37.7775, 418.0, 7189,-20.2,-46.6,-42.7,  8,  9, 0.14,313,17.1
2026-03-21 23:22:37,-99.8266,37.7773, 417.8, 7192,-20.2,-46.5,-42.7,  8,  9, 0.14,313,17.0
2026-03-21 23:22:38,-99.8265,37.7772, 417.6, 7196,-20.2,-46.5,-42.6,  8,  9, 0.14,313,17.0
2026-03-21 23:22:39,-99.8263,37.7771, 417.4, 7200,-20.2,-46.4,-42.6,  8,  9, 0.14,313,16.9
2026-03-21 23:22:40,-99.8262,37.7770, 417.1, 7204,-20.3,-46.4,-42.6,  8, 10, 0.14,313,16.8
2026-03-21 23:22:41,-99.8260,37.7769, 416.8, 7210,-20.3,-46.4,-42.6,  8, 10, 0.14,313,16.8
2026-03-21 23:22:42,-99.8259,37.7769, 416.5, 7215,-20.4,-46.4,-42.6,  8, 10, 0.14,313,16.7
2026-03-21 23:22:43,-99.8258,37.7768, 416.2, 7221,-20.4,-46.5,-42.6,  8, 10, 0.14,313,16.6
2026-03-21 23:22:44,-99.8256,37.7767, 415.9, 7226,-20.5,-46.5,-42.7,  8, 10, 0.14,313,16.6
2026-03-21 23:22:45,-99.8255,37.7766, 415.7, 7230,-20.5,-46.6,-42.8,  8, 10, 0.14,312,16.5
2026-03-21 23:22:46,-99.8253,37.7764, 415.5, 7234,-20.6,-46.7,-42.8,  8, 10, 0.14,312,16.4
2026-03-21 23:22:47,-99.8252,37.7764, 415.3, 7237,-20.6,-46.7,-42.9,  8,  9, 0.14,312,16.4
2026-03-21 23:22:48,-99.8251,37.7763, 415.1, 7241,-20.6,-46.7,-42.9,  8,  9, 0.14,312,16.4
2026-03-21 23:22:49,-99.8250,37.7762, 414.9, 7244,-20.6,-46.8,-42.9,  8,  9, 0.14,311,16.3
2026-03-21 23:22:50,-99.8249,37.7761, 414.7, 7248,-20.6,-46.8,-42.9,  8,  9, 0.14,311,16.3
2026-03-21 23:22:51,-99.8248,37.7761, 414.5, 7251,-20.7,-46.8,-43.0,  8,  9, 0.14,311,16.2
2026-03-21 23:22:52,-99.8246,37.7760, 414.3, 7255,-20.7,-46.9,-43.0,  8,  9, 0.14,310,16.2
2026-03-21 23:22:53,-99.8245,37.7759, 414.0, 7259,-20.7,-46.9,-43.1,  8,  9, 0.14,310,16.2
2026-03-21 23:22:54,-99.8243,37.7758, 413.8, 7264,-20.8,-47.0,-43.1,  8,  9, 0.14,310,16.2
2026-03-21 23:22:55,-99.8241,37.7756, 413.5, 7269,-20.8,-47.0,-43.1,  8,  9, 0.14,309,16.2
2026-03-21 23:22:56,-99.8240,37.7756, 413.3, 7273,-20.9,-47.0,-43.1,  8, 10, 0.14,309,16.3
2026-03-21 23:22:57,-99.8238,37.7755, 413.1, 7277,-20.9,-47.0,-43.1,  8, 10, 0.14,308,16.3
2026-03-21 23:22:58,-99.8237,37.7754, 412.9, 7280,-20.9,-47.0,-43.1,  8, 10, 0.14,308,16.3
2026-03-21 23:22:59,-99.8236,37.7753, 412.7, 7283,-20.9,-47.0,-43.1,  8,  9, 0.14,308,16.3
2026-03-21 23:23:00,-99.8235,37.7752, 412.5, 7288,-21.0,-47.1,-43.2,  8,  9, 0.13,308,16.4
2026-03-21 23:23:01,-99.8234,37.7751, 412.2, 7293,-21.0,-47.1,-43.2,  8,  9, 0.13,307,16.4
2026-03-21 23:23:02,-99.8232,37.7750, 411.8, 7299,-21.1,-47.1,-43.2,  8, 10, 0.13,307,16.5
2026-03-21 23:23:03,-99.8230,37.7749, 411.5, 7305,-21.1,-47.2,-43.3,  8, 10, 0.13,307,16.5
2026-03-21 23:23:04,-99.8229,37.7748, 411.2, 7311,-21.2,-47.2,-43.3,  8, 10, 0.13,306,16.6
2026-03-21 23:23:05,-99.8227,37.7747, 410.8, 7317,-21.2,-47.2,-43.4,  8, 10, 0.13,306,16.6
2026-03-21 23:23:06,-99.8225,37.7747, 410.6, 7321,-21.3,-47.3,-43.4,  8,  9, 0.13,306,16.7
2026-03-21 23:23:07,-99.8224,37.7746, 410.3, 7326,-21.3,-47.4,-43.5,  8,  9, 0.13,306,16.7
2026-03-21 23:23:08,-99.8222,37.7745, 410.1, 7331,-21.3,-47.5,-43.6,  8,  9, 0.13,306,16.8
2026-03-21 23:23:09,-99.8220,37.7745, 409.8, 7335,-21.3,-47.5,-43.6,  8,  9, 0.13,305,16.8
2026-03-21 23:23:10,-99.8219,37.7744, 409.6, 7339,-21.4,-47.5,-43.6,  8,  9, 0.13,305,16.9
2026-03-21 23:23:11,-99.8217,37.7743, 409.4, 7343,-21.4,-47.6,-43.7,  8,  9, 0.13,305,16.9
2026-03-21 23:23:12,-99.8216,37.7742, 409.2, 7347,-21.4,-47.7,-43.8,  7,  9, 0.13,305,17.0
2026-03-21 23:23:13,-99.8214,37.7741, 409.0, 7351,-21.4,-47.8,-43.9,  7,  9, 0.12,305,17.0
2026-03-21 23:23:14,-99.8212,37.7740, 408.7, 7354,-21.5,-47.9,-44.0,  7,  9, 0.12,305,17.1
2026-03-21 23:23:15,-99.8211,37.7738, 408.5, 7359,-21.5,-47.9,-44.0,  7,  9, 0.12,305,17.1
2026-03-21 23:23:16,-99.8209,37.7737, 408.2, 7364,-21.6,-48.1,-44.1,  7,  9, 0.12,305,17.1
2026-03-21 23:23:17,-99.8208,37.7737, 407.9, 7369,-21.6,-48.2,-44.3,  7,  9, 0.12,304,17.2
2026-03-21 23:23:18,-99.8206,37.7736, 407.7, 7374,-21.7,-48.4,-44.5,  7,  9, 0.12,304,17.2
2026-03-21 23:23:19,-99.8204,37.7736, 407.4, 7379,-21.7,-48.5,-44.5,  7,  9, 0.12,304,17.2
2026-03-21 23:23:20,-99.8203,37.7735, 407.1, 7385,-21.7,-48.5,-44.6,  7,  9, 0.12,304,17.2
2026-03-21 23:23:21,-99.8201,37.7734, 406.8, 7390,-21.7,-48.6,-44.7,  7,  9, 0.11,304,17.3
2026-03-21 23:23:22,-99.8200,37.7733, 406.6, 7394,-21.8,-48.7,-44.7,  7,  9, 0.11,304,17.3
2026-03-21 23:23:23,-99.8198,37.7732, 406.4, 7397,-21.8,-48.8,-44.8,  7,  8, 0.11,304,17.3
2026-03-21 23:23:24,-99.8196,37.7731, 406.2, 7400,-21.8,-48.8,-44.9,  7,  8, 0.11,304,17.3
2026-03-21 23:23:25,-99.8195,37.7730, 406.0, 7404,-21.8,-48.8,-44.9,  7,  8, 0.11,304,17.3
2026-03-21 23:23:26,-99.8193,37.7729, 405.8, 7407,-21.9,-48.9,-44.9,  7,  8, 0.11,304,17.3
2026-03-21 23:23:27,-99.8192,37.7728, 405.6, 7411,-21.9,-49.0,-45.0,  7,  8, 0.11,304,17.3
2026-03-21 23:23:28,-99.8190,37.7727, 405.4, 7415,-21.9,-49.0,-45.1,  7,  8, 0.11,304,17.4
2026-03-21 23:23:29,-99.8188,37.7726, 405.2, 7419,-21.9,-49.0,-45.1,  7,  8, 0.11,304,17.4
2026-03-21 23:23:30,-99.8186,37.7726, 405.0, 7423,-22.0,-49.1,-45.1,  7,  8, 0.11,304,17.4
2026-03-21 23:23:31,-99.8185,37.7725, 404.8, 7427,-22.0,-49.1,-45.1,  7,  8, 0.11,304,17.4
2026-03-21 23:23:32,-99.8183,37.7724, 404.5, 7431,-22.0,-49.2,-45.2,  7,  8, 0.11,304,17.3
2026-03-21 23:23:33,-99.8181,37.7723, 404.3, 7435,-22.0,-49.3,-45.3,  7,  8, 0.11,304,17.3
2026-03-21 23:23:34,-99.8179,37.7722, 404.0, 7440,-22.1,-49.4,-45.4,  7,  8, 0.11,305,17.3
2026-03-21 23:23:35,-99.8178,37.7722, 403.8, 7445,-22.1,-49.5,-45.5,  6,  8, 0.10,305,17.3
2026-03-21 23:23:36,-99.8176,37.7721, 403.5, 7449,-22.1,-49.7,-45.7,  6,  8, 0.10,305,17.3
2026-03-21 23:23:37,-99.8175,37.7720, 403.3, 7454,-22.1,-49.7,-45.7,  6,  8, 0.10,305,17.2
2026-03-21 23:23:38,-99.8174,37.7719, 403.0, 7458,-22.2,-49.8,-45.8,  6,  8, 0.10,305,17.2
2026-03-21 23:23:39,-99.8172,37.7718, 402.8, 7463,-22.2,-49.8,-45.8,  6,  8, 0.10,305,17.2
2026-03-21 23:23:40,-99.8170,37.7718, 402.5, 7468,-22.2,-49.9,-45.9,  6,  8, 0.10,305,17.1
2026-03-21 23:23:41,-99.8169,37.7717, 402.2, 7472,-22.3,-50.0,-45.9,  6,  8, 0.10,306,17.1
2026-03-21 23:23:42,-99.8167,37.7716, 402.0, 7476,-22.3,-50.1,-46.1,  6,  8, 0.10,306,17.1
2026-03-21 23:23:43,-99.8165,37.7715, 401.8, 7480,-22.3,-50.1,-46.1,  6,  8, 0.10,306,17.0
2026-03-21 23:23:44,-99.8163,37.7714, 401.6, 7484,-22.3,-50.2,-46.2,  6,  8, 0.10,306,17.0
2026-03-21 23:23:45,-99.8161,37.7713, 401.4, 7489,-22.3,-50.2,-46.2,  6,  8, 0.10,306,16.9
2026-03-21 23:23:46,-99.8160,37.7712, 401.1, 7494,-22.4,-50.2,-46.2,  6,  8, 0.10,306,16.9
2026-03-21 23:23:47,-99.8158,37.7711, 400.8, 7499,-22.4,-50.2,-46.2,  6,  8, 0.10,306,16.8
2026-03-21 23:23:48,-99.8157,37.7710, 400.5, 7505,-22.5,-50.2,-46.2,  6,  8, 0.10,306,16.8
2026-03-21 23:23:49,-99.8156,37.7709, 400.2, 7510,-22.5,-50.2,-46.2,  6,  8, 0.10,306,16.8
2026-03-21 23:23:50,-99.8155,37.7709, 400.0, 7513,-22.6,-50.2,-46.2,  6,  8, 0.10,306,16.8
2026-03-21 23:23:50,-99.8154,37.7708, 399.9, 7516,-22.6,-50.2,-46.2,  6,  8, 0.10,307,16.7
2026-03-21 23:23:51,-99.8153,37.7707, 399.6, 7520,-22.6,-50.3,-46.2,  6,  8, 0.10,307,16.7
2026-03-21 23:23:52,-99.8152,37.7706, 399.4, 7525,-22.7,-50.3,-46.2,  6,  8, 0.10,307,16.7
2026-03-21 23:23:53,-99.8150,37.7705, 399.1, 7530,-22.7,-50.2,-46.2,  6,  8, 0.10,307,16.7
2026-03-21 23:23:54,-99.8149,37.7704, 398.8, 7536,-22.8,-50.2,-46.2,  6,  8, 0.10,307,16.6
2026-03-21 23:23:55,-99.8147,37.7703, 398.4, 7542,-22.8,-50.2,-46.2,  6,  8, 0.10,307,16.6
2026-03-21 23:23:56,-99.8146,37.7702, 398.1, 7548,-22.9,-50.2,-46.2,  6,  8, 0.10,307,16.6
2026-03-21 23:23:57,-99.8144,37.7702, 397.8, 7553,-22.9,-50.2,-46.2,  6,  8, 0.10,306,16.6
2026-03-21 23:23:58,-99.8143,37.7701, 397.6, 7557,-22.9,-50.2,-46.2,  6,  8, 0.10,306,16.6
2026-03-21 23:23:59,-99.8141,37.7700, 397.5, 7560,-23.0,-50.3,-46.3,  6,  8, 0.10,306,16.6
2026-03-21 23:24:00,-99.8140,37.7700, 397.3, 7563,-23.0,-50.3,-46.3,  6,  8, 0.10,306,16.6
2026-03-21 23:24:01,-99.8139,37.7699, 397.1, 7567,-23.0,-50.3,-46.3,  6,  8, 0.10,306,16.7
2026-03-21 23:24:02,-99.8137,37.7698, 396.9, 7570,-23.1,-50.3,-46.3,  6,  8, 0.10,306,16.7
2026-03-21 23:24:03,-99.8136,37.7697, 396.7, 7574,-23.1,-50.3,-46.3,  6,  8, 0.10,306,16.7
2026-03-21 23:24:04,-99.8134,37.7696, 396.5, 7578,-23.1,-50.3,-46.3,  6,  8, 0.10,306,16.7
2026-03-21 23:24:05,-99.8133,37.7696, 396.2, 7582,-23.2,-50.3,-46.3,  7,  8, 0.10,306,16.8
2026-03-21 23:24:06,-99.8131,37.7694, 396.1, 7586,-23.2,-50.3,-46.3,  7,  8, 0.10,306,16.8
2026-03-21 23:24:07,-99.8129,37.7694, 395.9, 7589,-23.2,-50.3,-46.2,  7,  8, 0.10,306,16.8
2026-03-21 23:24:08,-99.8127,37.7692, 395.7, 7593,-23.3,-50.3,-46.3,  7,  8, 0.10,306,16.9
2026-03-21 23:24:09,-99.8126,37.7692, 395.5, 7597,-23.3,-50.3,-46.3,  7,  8, 0.10,306,16.9
2026-03-21 23:24:10,-99.8124,37.7691, 395.3, 7600,-23.4,-50.3,-46.3,  7,  8, 0.10,306,17.0
2026-03-21 23:24:11,-99.8122,37.7690, 395.1, 7604,-23.4,-50.3,-46.3,  7,  8, 0.10,306,17.0
2026-03-21 23:24:12,-99.8121,37.7689, 394.9, 7608,-23.4,-50.3,-46.2,  7,  8, 0.10,306,17.0
2026-03-21 23:24:13,-99.8119,37.7688, 394.7, 7612,-23.5,-50.3,-46.3,  7,  8, 0.10,306,17.1
2026-03-21 23:24:14,-99.8118,37.7687, 394.4, 7616,-23.5,-50.3,-46.3,  7,  8, 0.10,306,17.1
2026-03-21 23:24:15,-99.8116,37.7686, 394.2, 7620,-23.6,-50.3,-46.3,  7,  8, 0.10,306,17.2
2026-03-21 23:24:16,-99.8115,37.7685, 393.9, 7625,-23.6,-50.3,-46.3,  7,  8, 0.10,306,17.2
2026-03-21 23:24:17,-99.8113,37.7684, 393.7, 7630,-23.6,-50.3,-46.3,  7,  9, 0.10,306,17.3
2026-03-21 23:24:18,-99.8112,37.7683, 393.4, 7635,-23.7,-50.4,-46.3,  7,  9, 0.10,306,17.3
2026-03-21 23:24:19,-99.8110,37.7682, 393.1, 7641,-23.7,-50.4,-46.4,  7,  9, 0.10,306,17.3
2026-03-21 23:24:20,-99.8109,37.7681, 392.7, 7648,-23.8,-50.4,-46.4,  7,  9, 0.10,307,17.4
2026-03-21 23:24:21,-99.8107,37.7680, 392.4, 7655,-23.8,-50.4,-46.4,  7,  9, 0.10,307,17.4
2026-03-21 23:24:22,-99.8106,37.7679, 392.0, 7661,-23.9,-50.4,-46.4,  7,  9, 0.10,307,17.5
2026-03-21 23:24:23,-99.8104,37.7678, 391.7, 7666,-23.9,-50.5,-46.5,  7,  9, 0.10,307,17.5
2026-03-21 23:24:24,-99.8102,37.7677, 391.5, 7670,-23.9,-50.6,-46.5,  7,  9, 0.10,307,17.6
2026-03-21 23:24:25,-99.8101,37.7677, 391.3, 7674,-24.0,-50.6,-46.5,  7,  9, 0.10,307,17.6
2026-03-21 23:24:26,-99.8099,37.7676, 391.1, 7677,-24.0,-50.6,-46.5,  7,  9, 0.10,307,17.6
2026-03-21 23:24:27,-99.8098,37.7676, 390.9, 7681,-24.0,-50.6,-46.6,  7,  9, 0.10,307,17.7
2026-03-21 23:24:28,-99.8096,37.7675, 390.7, 7686,-24.1,-50.7,-46.6,  7,  9, 0.09,308,17.7
2026-03-21 23:24:29,-99.8095,37.7674, 390.4, 7692,-24.1,-50.7,-46.7,  7,  9, 0.09,308,17.8
2026-03-21 23:24:30,-99.8093,37.7673, 390.0, 7698,-24.1,-50.8,-46.7,  7,  8, 0.09,308,17.8
2026-03-21 23:24:31,-99.8092,37.7672, 389.7, 7705,-24.2,-50.8,-46.8,  7,  9, 0.09,308,17.8
2026-03-21 23:24:32,-99.8090,37.7670, 389.3, 7711,-24.3,-50.9,-46.8,  7,  9, 0.09,308,17.8
2026-03-21 23:24:33,-99.8088,37.7669, 389.0, 7718,-24.3,-50.9,-46.9,  7,  9, 0.09,308,17.9
2026-03-21 23:24:34,-99.8087,37.7668, 388.7, 7723,-24.3,-51.0,-46.9,  7,  8, 0.09,308,17.9
2026-03-21 23:24:35,-99.8085,37.7667, 388.4, 7728,-24.3,-51.1,-47.0,  7,  8, 0.09,309,17.9
2026-03-21 23:24:36,-99.8083,37.7666, 388.2, 7731,-24.3,-51.1,-47.1,  7,  8, 0.09,309,17.9
2026-03-21 23:24:37,-99.8081,37.7665, 388.1, 7735,-24.4,-51.2,-47.1,  7,  8, 0.09,309,17.9
2026-03-21 23:24:38,-99.8079,37.7664, 387.9, 7739,-24.4,-51.2,-47.2,  7,  8, 0.09,309,17.8
2026-03-21 23:24:39,-99.8077,37.7662, 387.6, 7743,-24.4,-51.3,-47.2,  6,  8, 0.09,309,17.8
2026-03-21 23:24:40,-99.8076,37.7662, 387.4, 7748,-24.4,-51.3,-47.3,  6,  8, 0.09,309,17.8
2026-03-21 23:24:41,-99.8075,37.7661, 387.1, 7753,-24.5,-51.4,-47.3,  6,  8, 0.09,309,17.7
2026-03-21 23:24:42,-99.8073,37.7660, 386.8, 7758,-24.5,-51.4,-47.3,  6,  8, 0.09,309,17.7
2026-03-21 23:24:43,-99.8072,37.7659, 386.6, 7763,-24.5,-51.4,-47.3,  6,  8, 0.09,309,17.6
2026-03-21 23:24:44,-99.8070,37.7658, 386.3, 7767,-24.6,-51.4,-47.4,  6,  8, 0.09,309,17.6
2026-03-21 23:24:45,-99.8069,37.7656, 386.1, 7771,-24.6,-51.5,-47.4,  6,  8, 0.09,309,17.5
2026-03-21 23:24:46,-99.8067,37.7655, 385.9, 7775,-24.6,-51.5,-47.4,  6,  8, 0.09,309,17.4
2026-03-21 23:24:47,-99.8066,37.7654, 385.7, 7778,-24.7,-51.5,-47.4,  7,  8, 0.09,309,17.4
2026-03-21 23:24:48,-99.8064,37.7653, 385.5, 7782,-24.7,-51.5,-47.4,  7,  8, 0.09,309,17.3
2026-03-21 23:24:49,-99.8063,37.7652, 385.3, 7786,-24.7,-51.5,-47.5,  6,  8, 0.09,309,17.2
2026-03-21 23:24:50,-99.8061,37.7651, 385.1, 7791,-24.8,-51.6,-47.5,  6,  8, 0.09,309,17.1
2026-03-21 23:24:51,-99.8060,37.7650, 384.8, 7796,-24.8,-51.6,-47.5,  6,  8, 0.09,309,17.0
2026-03-21 23:24:52,-99.8058,37.7649, 384.5, 7801,-24.8,-51.7,-47.6,  6,  8, 0.09,309,17.0
2026-03-21 23:24:53,-99.8057,37.7648, 384.3, 7806,-24.9,-51.7,-47.7,  6,  8, 0.08,309,16.9
2026-03-21 23:24:54,-99.8056,37.7647, 384.1, 7810,-24.9,-51.8,-47.7,  6,  8, 0.08,309,16.8
2026-03-21 23:24:55,-99.8054,37.7647, 383.8, 7815,-24.9,-51.8,-47.7,  6,  8, 0.08,309,16.7
2026-03-21 23:24:56,-99.8053,37.7646, 383.6, 7819,-25.0,-51.8,-47.7,  6,  8, 0.08,309,16.7
2026-03-21 23:24:57,-99.8052,37.7645, 383.3, 7825,-25.0,-51.8,-47.7,  6,  8, 0.08,308,16.6
2026-03-21 23:24:58,-99.8050,37.7644, 382.9, 7831,-25.0,-51.9,-47.8,  6,  8, 0.08,308,16.5
2026-03-21 23:24:59,-99.8049,37.7643, 382.6, 7838,-25.1,-52.0,-47.9,  6,  8, 0.08,308,16.5
2026-03-21 23:25:00,-99.8047,37.7642, 382.2, 7846,-25.1,-52.0,-48.0,  6,  8, 0.08,308,16.4
2026-03-21 23:25:01,-99.8045,37.7641, 381.8, 7854,-25.2,-52.1,-48.0,  6,  8, 0.08,308,16.4
2026-03-21 23:25:02,-99.8043,37.7640, 381.4, 7861,-25.2,-52.1,-48.0,  6,  8, 0.08,308,16.3
2026-03-21 23:25:03,-99.8042,37.7639, 381.0, 7868,-25.2,-52.2,-48.1,  6,  8, 0.08,308,16.3
2026-03-21 23:25:04,-99.8040,37.7639, 380.7, 7873,-25.3,-52.2,-48.1,  6,  8, 0.08,308,16.3
2026-03-21 23:25:05,-99.8039,37.7638, 380.5, 7879,-25.3,-52.2,-48.1,  6,  8, 0.08,308,16.3
2026-03-21 23:25:06,-99.8038,37.7638, 380.2, 7883,-25.4,-52.3,-48.2,  6,  8, 0.08,308,16.3
2026-03-21 23:25:07,-99.8037,37.7637, 380.0, 7888,-25.4,-52.3,-48.2,  6,  8, 0.08,308,16.2
2026-03-21 23:25:08,-99.8035,37.7636, 379.7, 7892,-25.4,-52.4,-48.3,  6,  8, 0.08,308,16.2
2026-03-21 23:25:09,-99.8034,37.7635, 379.5, 7897,-25.4,-52.4,-48.3,  6,  8, 0.08,308,16.2
2026-03-21 23:25:10,-99.8032,37.7633, 379.2, 7903,-25.5,-52.4,-48.3,  6,  8, 0.08,308,16.2
2026-03-21 23:25:11,-99.8031,37.7632, 378.8, 7909,-25.5,-52.4,-48.3,  6,  8, 0.08,308,16.3
2026-03-21 23:25:12,-99.8029,37.7631, 378.5, 7915,-25.5,-52.4,-48.3,  6,  8, 0.08,308,16.3
2026-03-21 23:25:13,-99.8028,37.7630, 378.3, 7920,-25.6,-52.5,-48.3,  6,  8, 0.08,308,16.3
2026-03-21 23:25:14,-99.8027,37.7630, 378.1, 7924,-25.6,-52.5,-48.4,  6,  8, 0.08,308,16.3
2026-03-21 23:25:15,-99.8025,37.7629, 377.9, 7928,-25.7,-52.5,-48.4,  6,  8, 0.08,308,16.3
2026-03-21 23:25:16,-99.8024,37.7628, 377.6, 7933,-25.7,-52.5,-48.4,  6,  8, 0.08,308,16.4
2026-03-21 23:25:17,-99.8023,37.7627, 377.4, 7938,-25.8,-52.6,-48.5,  6,  8, 0.08,308,16.4
2026-03-21 23:25:18,-99.8021,37.7626, 377.1, 7943,-25.8,-52.6,-48.5,  6,  8, 0.08,308,16.4
2026-03-21 23:25:19,-99.8020,37.7625, 376.8, 7950,-25.8,-52.7,-48.6,  6,  8, 0.08,308,16.5
2026-03-21 23:25:20,-99.8018,37.7624, 376.4, 7956,-25.9,-52.8,-48.6,  6,  8, 0.08,308,16.5
2026-03-21 23:25:21,-99.8017,37.7623, 376.1, 7963,-25.9,-52.8,-48.7,  6,  8, 0.08,308,16.6
2026-03-21 23:25:22,-99.8015,37.7622, 375.8, 7969,-26.0,-52.9,-48.8,  6,  8, 0.08,308,16.6
2026-03-21 23:25:23,-99.8014,37.7621, 375.5, 7974,-26.0,-52.9,-48.8,  6,  8, 0.08,308,16.6
2026-03-21 23:25:24,-99.8012,37.7621, 375.3, 7978,-26.1,-52.9,-48.8,  6,  8, 0.08,308,16.7
2026-03-21 23:25:25,-99.8010,37.7620, 375.1, 7981,-26.1,-52.9,-48.8,  6,  8, 0.08,308,16.7
2026-03-21 23:25:26,-99.8009,37.7619, 374.9, 7985,-26.1,-52.9,-48.8,  6,  8, 0.08,308,16.7
2026-03-21 23:25:27,-99.8007,37.7618, 374.7, 7989,-26.1,-53.0,-48.9,  6,  8, 0.08,308,16.8
2026-03-21 23:25:28,-99.8005,37.7618, 374.5, 7994,-26.2,-53.1,-48.9,  6,  8, 0.07,308,16.8
2026-03-21 23:25:29,-99.8004,37.7617, 374.2, 7999,-26.2,-53.1,-49.0,  6,  8, 0.07,308,16.8
2026-03-21 23:25:30,-99.8003,37.7615, 373.9, 8004,-26.3,-53.2,-49.1,  6,  8, 0.07,308,16.8
2026-03-21 23:25:31,-99.8001,37.7614, 373.6, 8010,-26.3,-53.2,-49.1,  6,  8, 0.07,309,16.9
2026-03-21 23:25:32,-99.8000,37.7613, 373.3, 8016,-26.4,-53.2,-49.1,  6,  8, 0.07,309,16.9
2026-03-21 23:25:33,-99.7998,37.7612, 373.0, 8022,-26.4,-53.3,-49.1,  6,  8, 0.07,309,16.9
2026-03-21 23:25:34,-99.7997,37.7611, 372.7, 8028,-26.5,-53.2,-49.1,  6,  8, 0.07,309,16.9
2026-03-21 23:25:35,-99.7995,37.7610, 372.4, 8034,-26.5,-53.1,-49.0,  6,  8, 0.07,309,16.9
2026-03-21 23:25:36,-99.7994,37.7609, 372.1, 8040,-26.6,-53.0,-48.9,  6,  8, 0.08,309,16.8
2026-03-21 23:25:37,-99.7993,37.7608, 371.8, 8045,-26.6,-52.9,-48.8,  7,  8, 0.08,309,16.8
2026-03-21 23:25:38,-99.7991,37.7607, 371.5, 8051,-26.6,-53.0,-48.9,  6,  8, 0.08,309,16.8
2026-03-21 23:25:39,-99.7990,37.7606, 371.2, 8056,-26.7,-53.2,-49.1,  6,  8, 0.07,309,16.8
2026-03-21 23:25:40,-99.7988,37.7605, 370.9, 8062,-26.7,-53.4,-49.2,  6,  8, 0.07,309,16.8
2026-03-21 23:25:41,-99.7986,37.7604, 370.7, 8067,-26.7,-53.5,-49.3,  6,  8, 0.07,309,16.7
2026-03-21 23:25:42,-99.7985,37.7603, 370.4, 8072,-26.8,-53.5,-49.3,  6,  8, 0.07,309,16.7
2026-03-21 23:25:43,-99.7983,37.7602, 370.2, 8077,-26.8,-53.4,-49.3,  6,  8, 0.07,309,16.7
2026-03-21 23:25:44,-99.7982,37.7602, 370.0, 8081,-26.8,-53.5,-49.3,  6,  8, 0.07,309,16.6
2026-03-21 23:25:45,-99.7980,37.7601, 369.8, 8085,-26.8,-53.5,-49.4,  6,  8, 0.07,309,16.6
2026-03-21 23:25:46,-99.7979,37.7600, 369.5, 8090,-26.8,-53.6,-49.4,  6,  8, 0.07,309,16.5
2026-03-21 23:25:47,-99.7977,37.7599, 369.2, 8096,-26.9,-53.6,-49.4,  6,  8, 0.07,309,16.5
2026-03-21 23:25:48,-99.7975,37.7598, 368.9, 8101,-26.9,-53.6,-49.4,  6,  8, 0.07,309,16.5
2026-03-21 23:25:49,-99.7974,37.7597, 368.7, 8107,-26.9,-53.6,-49.5,  6,  8, 0.07,309,16.4
2026-03-21 23:25:50,-99.7973,37.7596, 368.4, 8112,-27.0,-53.6,-49.5,  6,  8, 0.07,309,16.4
2026-03-21 23:25:51,-99.7972,37.7595, 368.1, 8117,-27.0,-53.7,-49.5,  6,  8, 0.07,309,16.3
2026-03-21 23:25:52,-99.7971,37.7595, 367.9, 8122,-27.0,-53.7,-49.5,  6,  8, 0.07,309,16.3
2026-03-21 23:25:53,-99.7969,37.7594, 367.6, 8127,-27.1,-53.7,-49.5,  6,  8, 0.07,309,16.3
2026-03-21 23:25:54,-99.7968,37.7593, 367.4, 8132,-27.1,-53.7,-49.6,  6,  8, 0.07,309,16.2
2026-03-21 23:25:55,-99.7966,37.7592, 367.1, 8137,-27.1,-53.8,-49.6,  6,  8, 0.07,309,16.2
2026-03-21 23:25:56,-99.7965,37.7591, 366.9, 8142,-27.2,-53.8,-49.6,  6,  8, 0.07,309,16.2
2026-03-21 23:25:57,-99.7963,37.7590, 366.6, 8147,-27.2,-53.7,-49.6,  6,  8, 0.07,309,16.1
2026-03-21 23:25:58,-99.7961,37.7589, 366.3, 8152,-27.3,-53.7,-49.6,  6,  8, 0.07,309,16.1
2026-03-21 23:25:59,-99.7960,37.7588, 366.0, 8158,-27.3,-53.7,-49.6,  6,  8, 0.07,309,16.1
2026-03-21 23:26:00,-99.7959,37.7587, 365.8, 8163,-27.4,-53.7,-49.6,  6,  8, 0.07,309,16.1
2026-03-21 23:26:01,-99.7958,37.7586, 365.5, 8168,-27.4,-53.8,-49.6,  6,  8, 0.07,309,16.1
2026-03-21 23:26:02,-99.7957,37.7585, 365.3, 8172,-27.5,-53.8,-49.6,  6,  8, 0.07,309,16.0
2026-03-21 23:26:03,-99.7955,37.7584, 365.1, 8177,-27.5,-53.8,-49.6,  6,  8, 0.07,309,16.0
2026-03-21 23:26:04,-99.7954,37.7584, 364.8, 8182,-27.6,-53.8,-49.6,  6,  8, 0.07,309,16.0
2026-03-21 23:26:05,-99.7952,37.7583, 364.5, 8187,-27.6,-53.8,-49.6,  6,  9, 0.07,309,16.0
2026-03-21 23:26:06,-99.7951,37.7582, 364.2, 8194,-27.7,-53.8,-49.6,  7,  9, 0.07,309,16.0
2026-03-21 23:26:07,-99.7949,37.7581, 363.9, 8200,-27.7,-53.8,-49.6,  7,  9, 0.07,309,16.0
2026-03-21 23:26:08,-99.7948,37.7580, 363.5, 8207,-27.8,-53.8,-49.6,  7,  9, 0.07,309,16.0
2026-03-21 23:26:09,-99.7947,37.7579, 363.2, 8214,-27.8,-53.9,-49.7,  7,  9, 0.07,309,16.0
2026-03-21 23:26:10,-99.7945,37.7578, 362.9, 8220,-27.9,-54.0,-49.8,  7,  9, 0.07,309,16.0
2026-03-21 23:26:11,-99.7944,37.7577, 362.5, 8227,-28.0,-54.1,-49.9,  6,  9, 0.07,309,16.0
2026-03-21 23:26:12,-99.7942,37.7576, 362.2, 8233,-28.0,-54.1,-50.0,  6,  8, 0.07,309,16.0
2026-03-21 23:26:13,-99.7940,37.7576, 362.0, 8238,-28.1,-54.1,-50.0,  6,  9, 0.07,309,15.9
2026-03-21 23:26:14,-99.7939,37.7575, 361.7, 8244,-28.1,-54.2,-50.0,  7,  9, 0.07,309,15.9
2026-03-21 23:26:15,-99.7938,37.7574, 361.4, 8249,-28.2,-54.2,-50.0,  6,  9, 0.07,309,15.9
2026-03-21 23:26:16,-99.7936,37.7573, 361.2, 8253,-28.2,-54.3,-50.1,  6,  8, 0.07,309,15.9
2026-03-21 23:26:17,-99.7935,37.7572, 361.0, 8257,-28.2,-54.4,-50.2,  6,  8, 0.07,309,15.9
2026-03-21 23:26:18,-99.7934,37.7571, 360.8, 8262,-28.3,-54.4,-50.2,  6,  8, 0.07,309,15.9
2026-03-21 23:26:19,-99.7932,37.7570, 360.5, 8267,-28.3,-54.4,-50.2,  6,  8, 0.07,309,15.9
2026-03-21 23:26:20,-99.7931,37.7569, 360.2, 8272,-28.4,-54.4,-50.2,  6,  9, 0.07,309,15.9
2026-03-21 23:26:21,-99.7929,37.7568, 360.0, 8278,-28.4,-54.4,-50.2,  6,  9, 0.07,309,15.9
2026-03-21 23:26:22,-99.7928,37.7567, 359.7, 8283,-28.4,-54.4,-50.2,  7,  9, 0.07,309,15.9
2026-03-21 23:26:23,-99.7927,37.7566, 359.5, 8287,-28.5,-54.4,-50.2,  7,  9, 0.07,309,15.9
2026-03-21 23:26:24,-99.7925,37.7565, 359.3, 8292,-28.5,-54.4,-50.2,  7,  9, 0.07,309,15.9
2026-03-21 23:26:25,-99.7924,37.7564, 359.0, 8297,-28.6,-54.3,-50.2,  7,  9, 0.07,309,15.9
2026-03-21 23:26:26,-99.7923,37.7563, 358.8, 8301,-28.6,-54.3,-50.2,  7,  9, 0.07,309,15.9
2026-03-21 23:26:27,-99.7921,37.7563, 358.6, 8306,-28.6,-54.4,-50.2,  7,  9, 0.07,309,15.9
2026-03-21 23:26:28,-99.7920,37.7562, 358.3, 8310,-28.7,-54.4,-50.2,  7,  9, 0.07,309,15.9
2026-03-21 23:26:29,-99.7919,37.7561, 358.1, 8315,-28.7,-54.4,-50.2,  7,  9, 0.07,309,15.9
2026-03-21 23:26:30,-99.7917,37.7560, 357.9, 8320,-28.8,-54.4,-50.2,  7,  9, 0.07,309,15.9
2026-03-21 23:26:31,-99.7916,37.7559, 357.6, 8325,-28.8,-54.4,-50.2,  7,  9, 0.07,309,15.9
2026-03-21 23:26:32,-99.7914,37.7558, 357.4, 8330,-28.9,-54.4,-50.2,  7,  9, 0.07,309,15.9
2026-03-21 23:26:33,-99.7913,37.7557, 357.1, 8335,-28.9,-54.3,-50.2,  7,  9, 0.07,308,16.0
2026-03-21 23:26:34,-99.7911,37.7556, 356.9, 8339,-28.9,-54.3,-50.1,  7,  9, 0.07,308,16.0
2026-03-21 23:26:35,-99.7910,37.7555, 356.6, 8344,-29.0,-54.3,-50.1,  7,  9, 0.07,308,16.0
2026-03-21 23:26:36,-99.7909,37.7555, 356.4, 8349,-29.0,-54.2,-50.0,  7,  9, 0.07,308,16.0
2026-03-21 23:26:37,-99.7907,37.7554, 356.2, 8354,-29.1,-54.2,-50.0,  7,  9, 0.07,308,16.0
2026-03-21 23:26:38,-99.7906,37.7553, 355.9, 8359,-29.1,-54.2,-50.0,  7,  9, 0.07,308,16.0
2026-03-21 23:26:39,-99.7904,37.7552, 355.7, 8364,-29.2,-54.2,-50.1,  7,  9, 0.07,308,16.0
2026-03-21 23:26:40,-99.7903,37.7551, 355.4, 8369,-29.2,-54.3,-50.1,  7,  9, 0.07,308,16.0
2026-03-21 23:26:41,-99.7901,37.7550, 355.2, 8373,-29.2,-54.3,-50.1,  7,  9, 0.07,308,16.1
2026-03-21 23:26:42,-99.7900,37.7549, 355.0, 8378,-29.2,-54.2,-50.0,  7, 10, 0.07,308,16.1
2026-03-21 23:26:43,-99.7899,37.7548, 354.8, 8382,-29.3,-54.1,-49.9,  7, 10, 0.07,308,16.1
2026-03-21 23:26:44,-99.7897,37.7548, 354.5, 8387,-29.3,-54.0,-49.9,  7, 10, 0.07,307,16.1
2026-03-21 23:26:45,-99.7895,37.7547, 354.3, 8392,-29.4,-54.0,-49.8,  7, 10, 0.07,307,16.1
2026-03-21 23:26:46,-99.7894,37.7546, 354.0, 8397,-29.4,-53.9,-49.8,  8, 10, 0.07,307,16.1
2026-03-21 23:26:47,-99.7892,37.7545, 353.8, 8402,-29.5,-53.9,-49.8,  8, 10, 0.07,307,16.2
2026-03-21 23:26:48,-99.7891,37.7544, 353.5, 8407,-29.5,-53.9,-49.8,  8, 10, 0.07,307,16.2
2026-03-21 23:26:49,-99.7890,37.7543, 353.3, 8412,-29.5,-54.0,-49.8,  8, 10, 0.07,307,16.2
2026-03-21 23:26:50,-99.7888,37.7542, 353.1, 8416,-29.6,-54.0,-49.9,  8, 10, 0.07,307,16.2
2026-03-21 23:26:51,-99.7887,37.7542, 352.8, 8421,-29.6,-54.1,-49.9,  8, 10, 0.07,307,16.2
2026-03-21 23:26:52,-99.7885,37.7541, 352.6, 8426,-29.7,-54.1,-49.9,  8, 10, 0.07,307,16.3
2026-03-21 23:26:53,-99.7883,37.7540, 352.3, 8431,-29.7,-54.1,-49.9,  8, 10, 0.07,307,16.3
2026-03-21 23:26:54,-99.7882,37.7539, 352.1, 8436,-29.7,-54.1,-49.9,  8, 10, 0.07,307,16.3
2026-03-21 23:26:55,-99.7880,37.7538, 351.8, 8441,-29.8,-54.1,-49.9,  8, 10, 0.07,307,16.3
2026-03-21 23:26:56,-99.7879,37.7537, 351.6, 8446,-29.8,-54.2,-50.0,  8, 10, 0.07,307,16.3
2026-03-21 23:26:57,-99.7878,37.7536, 351.3, 8451,-29.8,-54.2,-50.1,  8, 10, 0.07,307,16.4
2026-03-21 23:26:58,-99.7876,37.7535, 351.1, 8455,-29.9,-54.3,-50.1,  8, 10, 0.07,307,16.4
2026-03-21 23:26:59,-99.7875,37.7534, 350.9, 8459,-29.9,-54.3,-50.1,  8, 10, 0.07,307,16.4
2026-03-21 23:27:00,-99.7873,37.7534, 350.7, 8463,-29.9,-54.4,-50.2,  8, 10, 0.07,307,16.4
2026-03-21 23:27:01,-99.7872,37.7533, 350.5, 8467,-30.0,-54.4,-50.2,  7, 10, 0.07,307,16.5
2026-03-21 23:27:02,-99.7871,37.7532, 350.3, 8472,-30.0,-54.5,-50.3,  7, 10, 0.07,307,16.5
2026-03-21 23:27:03,-99.7869,37.7531, 350.1, 8476,-30.0,-54.5,-50.4,  7, 10, 0.07,306,16.5
2026-03-21 23:27:04,-99.7868,37.7530, 349.9, 8481,-30.1,-54.6,-50.4,  7, 10, 0.07,306,16.5
2026-03-21 23:27:05,-99.7866,37.7529, 349.6, 8486,-30.1,-54.5,-50.4,  7, 10, 0.07,306,16.5
2026-03-21 23:27:06,-99.7865,37.7528, 349.4, 8491,-30.1,-54.5,-50.3,  8, 10, 0.07,306,16.6
2026-03-21 23:27:07,-99.7863,37.7527, 349.1, 8497,-30.2,-54.5,-50.4,  8, 10, 0.07,306,16.6
2026-03-21 23:27:08,-99.7861,37.7526, 348.8, 8502,-30.2,-54.6,-50.4,  7, 10, 0.07,306,16.6
2026-03-21 23:27:09,-99.7860,37.7525, 348.6, 8507,-30.2,-54.7,-50.5,  7, 10, 0.07,306,16.6
2026-03-21 23:27:10,-99.7858,37.7525, 348.3, 8512,-30.3,-54.7,-50.5,  7, 10, 0.07,306,16.6
2026-03-21 23:27:11,-99.7857,37.7524, 348.1, 8517,-30.3,-54.7,-50.5,  7, 10, 0.07,305,16.6
2026-03-21 23:27:12,-99.7855,37.7523, 347.9, 8522,-30.3,-54.7,-50.5,  7, 10, 0.07,305,16.7
2026-03-21 23:27:13,-99.7854,37.7522, 347.7, 8526,-30.4,-54.8,-50.6,  7, 10, 0.07,305,16.7
2026-03-21 23:27:14,-99.7852,37.7521, 347.5, 8530,-30.4,-54.8,-50.6,  7, 10, 0.07,305,16.7
2026-03-21 23:27:15,-99.7850,37.7520, 347.3, 8534,-30.4,-54.9,-50.7,  7, 10, 0.06,305,16.7
2026-03-21 23:27:16,-99.7849,37.7519, 347.0, 8539,-30.5,-55.0,-50.8,  7, 10, 0.06,305,16.7
2026-03-21 23:27:17,-99.7847,37.7519, 346.8, 8544,-30.5,-55.0,-50.8,  7, 10, 0.06,305,16.7
2026-03-21 23:27:18,-99.7846,37.7518, 346.5, 8550,-30.6,-54.9,-50.7,  7, 10, 0.06,304,16.6
2026-03-21 23:27:19,-99.7845,37.7517, 346.2, 8555,-30.6,-54.9,-50.7,  8, 10, 0.07,304,16.6
2026-03-21 23:27:20,-99.7843,37.7516, 345.9, 8561,-30.6,-54.8,-50.6,  8, 10, 0.07,304,16.6
2026-03-21 23:27:21,-99.7842,37.7515, 345.6, 8568,-30.7,-54.8,-50.6,  8, 10, 0.07,304,16.6
2026-03-21 23:27:22,-99.7840,37.7514, 345.3, 8574,-30.8,-54.9,-50.7,  8, 10, 0.07,304,16.6
2026-03-21 23:27:23,-99.7838,37.7513, 345.0, 8581,-30.8,-54.9,-50.7,  8, 10, 0.07,304,16.6
2026-03-21 23:27:24,-99.7837,37.7512, 344.7, 8587,-30.9,-54.9,-50.7,  8, 10, 0.06,304,16.5
2026-03-21 23:27:25,-99.7835,37.7512, 344.4, 8592,-30.9,-55.0,-50.8,  8, 10, 0.06,304,16.5
2026-03-21 23:27:26,-99.7833,37.7511, 344.2, 8597,-30.9,-55.1,-50.8,  8, 10, 0.06,304,16.5
2026-03-21 23:27:27,-99.7831,37.7510, 343.9, 8602,-31.0,-55.1,-50.9,  8, 10, 0.06,304,16.5
2026-03-21 23:27:28,-99.7829,37.7510, 343.7, 8607,-31.0,-55.2,-51.0,  8, 10, 0.06,304,16.4
2026-03-21 23:27:29,-99.7828,37.7509, 343.4, 8613,-31.0,-55.3,-51.1,  7, 10, 0.06,304,16.4
2026-03-21 23:27:30,-99.7827,37.7508, 343.2, 8618,-31.1,-55.4,-51.1,  7, 10, 0.06,304,16.4
2026-03-21 23:27:31,-99.7825,37.7507, 342.9, 8623,-31.1,-55.4,-51.1,  7, 10, 0.06,304,16.4
2026-03-21 23:27:32,-99.7824,37.7507, 342.7, 8628,-31.1,-55.3,-51.1,  8, 10, 0.06,304,16.4
2026-03-21 23:27:33,-99.7823,37.7506, 342.5, 8633,-31.1,-55.3,-51.1,  8, 10, 0.06,304,16.3
2026-03-21 23:27:34,-99.7821,37.7505, 342.2, 8638,-31.2,-55.3,-51.1,  8, 10, 0.06,304,16.3
2026-03-21 23:27:35,-99.7820,37.7504, 342.0, 8643,-31.2,-55.3,-51.1,  8, 10, 0.06,304,16.3
2026-03-21 23:27:36,-99.7818,37.7503, 341.7, 8649,-31.3,-55.3,-51.1,  8, 10, 0.06,304,16.3
2026-03-21 23:27:37,-99.7817,37.7503, 341.4, 8655,-31.3,-55.3,-51.1,  8, 10, 0.06,304,16.3
2026-03-21 23:27:38,-99.7815,37.7502, 341.1, 8661,-31.3,-55.4,-51.1,  8, 10, 0.06,304,16.4
2026-03-21 23:27:39,-99.7814,37.7501, 340.8, 8666,-31.4,-55.4,-51.2,  8, 10, 0.06,304,16.4
2026-03-21 23:27:40,-99.7812,37.7500, 340.6, 8672,-31.4,-55.4,-51.2,  8, 10, 0.06,305,16.4
2026-03-21 23:27:41,-99.7810,37.7499, 340.3, 8678,-31.4,-55.5,-51.2,  8, 10, 0.06,305,16.4
2026-03-21 23:27:42,-99.7809,37.7498, 340.0, 8684,-31.4,-55.5,-51.3,  8, 10, 0.06,305,16.4
2026-03-21 23:27:43,-99.7807,37.7497, 339.7, 8689,-31.4,-55.6,-51.4,  7, 10, 0.06,305,16.5
2026-03-21 23:27:44,-99.7806,37.7496, 339.5, 8694,-31.5,-55.7,-51.5,  7, 10, 0.06,305,16.5
2026-03-21 23:27:45,-99.7805,37.7495, 339.3, 8699,-31.5,-55.8,-51.5,  7, 10, 0.06,305,16.5
2026-03-21 23:27:46,-99.7804,37.7495, 339.0, 8704,-31.5,-55.8,-51.6,  7, 10, 0.06,305,16.6
2026-03-21 23:27:47,-99.7802,37.7494, 338.8, 8708,-31.6,-55.8,-51.6,  7, 10, 0.06,305,16.6
2026-03-21 23:27:48,-99.7801,37.7493, 338.6, 8713,-31.6,-55.8,-51.6,  7, 10, 0.06,305,16.7
2026-03-21 23:27:49,-99.7799,37.7493, 338.4, 8717,-31.6,-55.8,-51.6,  7, 10, 0.06,305,16.7
2026-03-21 23:27:50,-99.7797,37.7492, 338.2, 8722,-31.7,-55.8,-51.6,  7, 10, 0.06,306,16.8
2026-03-21 23:27:51,-99.7795,37.7491, 338.0, 8726,-31.7,-55.8,-51.6,  7, 10, 0.06,306,16.8
2026-03-21 23:27:52,-99.7793,37.7490, 337.7, 8731,-31.8,-55.8,-51.6,  7, 10, 0.06,306,16.8
2026-03-21 23:27:53,-99.7792,37.7489, 337.5, 8736,-31.8,-55.9,-51.6,  7, 10, 0.06,306,16.9
2026-03-21 23:27:54,-99.7791,37.7488, 337.3, 8741,-31.8,-55.9,-51.7,  7, 10, 0.06,306,16.9
2026-03-21 23:27:55,-99.7789,37.7487, 337.1, 8745,-31.9,-56.0,-51.7,  7, 10, 0.06,306,17.0
2026-03-21 23:27:56,-99.7788,37.7486, 336.9, 8750,-31.9,-56.0,-51.8,  7, 10, 0.06,306,17.0
2026-03-21 23:27:57,-99.7786,37.7485, 336.6, 8754,-32.0,-56.0,-51.7,  8, 10, 0.06,306,17.0
2026-03-21 23:27:58,-99.7784,37.7484, 336.4, 8759,-32.0,-56.0,-51.7,  8, 10, 0.06,306,17.1
2026-03-21 23:27:59,-99.7783,37.7484, 336.2, 8764,-32.1,-56.0,-51.7,  8, 10, 0.06,307,17.1
2026-03-21 23:28:00,-99.7781,37.7483, 335.9, 8769,-32.1,-56.0,-51.7,  8, 10, 0.06,307,17.1
2026-03-21 23:28:01,-99.7779,37.7482, 335.7, 8774,-32.2,-56.0,-51.8,  8, 10, 0.06,307,17.2
2026-03-21 23:28:02,-99.7778,37.7481, 335.4, 8780,-32.2,-56.0,-51.8,  8, 10, 0.06,307,17.2
2026-03-21 23:28:03,-99.7776,37.7480, 335.2, 8785,-32.2,-56.1,-51.8,  8, 10, 0.06,307,17.2
2026-03-21 23:28:04,-99.7775,37.7479, 334.9, 8791,-32.3,-56.1,-51.8,  8, 10, 0.06,307,17.2
2026-03-21 23:28:05,-99.7773,37.7477, 334.6, 8797,-32.3,-56.1,-51.9,  8, 11, 0.06,307,17.3
2026-03-21 23:28:06,-99.7772,37.7477, 334.3, 8803,-32.4,-56.2,-51.9,  8, 10, 0.06,307,17.3
2026-03-21 23:28:07,-99.7770,37.7476, 334.1, 8808,-32.4,-56.2,-52.0,  8, 10, 0.06,307,17.3
2026-03-21 23:28:08,-99.7769,37.7475, 333.8, 8813,-32.4,-56.3,-52.0,  8, 10, 0.06,308,17.3
2026-03-21 23:28:09,-99.7767,37.7474, 333.6, 8818,-32.5,-56.3,-52.1,  8, 10, 0.06,308,17.4
2026-03-21 23:28:10,-99.7766,37.7473, 333.4, 8822,-32.5,-56.4,-52.2,  8, 10, 0.06,308,17.4
2026-03-21 23:28:11,-99.7764,37.7472, 333.2, 8828,-32.6,-56.5,-52.2,  8, 10, 0.06,308,17.4
2026-03-21 23:28:12,-99.7763,37.7471, 332.9, 8833,-32.7,-56.5,-52.2,  8, 10, 0.06,308,17.4
2026-03-21 23:28:13,-99.7761,37.7470, 332.7, 8838,-32.7,-56.4,-52.2,  8, 11, 0.06,308,17.5
2026-03-21 23:28:14,-99.7759,37.7469, 332.4, 8843,-32.7,-56.4,-52.2,  8, 11, 0.06,308,17.5
2026-03-21 23:28:15,-99.7758,37.7468, 332.2, 8848,-32.8,-56.5,-52.2,  8, 11, 0.06,308,17.5
2026-03-21 23:28:16,-99.7757,37.7467, 332.0, 8852,-32.8,-56.5,-52.2,  8, 11, 0.06,308,17.5
2026-03-21 23:28:17,-99.7755,37.7466, 331.8, 8857,-32.8,-56.5,-52.3,  8, 11, 0.06,308,17.6
2026-03-21 23:28:18,-99.7753,37.7465, 331.5, 8862,-32.9,-56.5,-52.3,  8, 11, 0.06,309,17.6
2026-03-21 23:28:19,-99.7752,37.7464, 331.3, 8867,-32.9,-56.5,-52.2,  8, 11, 0.06,309,17.6
2026-03-21 23:28:20,-99.7750,37.7463, 331.1, 8872,-33.0,-56.5,-52.2,  8, 11, 0.06,309,17.7
2026-03-21 23:28:21,-99.7749,37.7462, 330.8, 8877,-33.0,-56.5,-52.3,  8, 11, 0.06,309,17.7
2026-03-21 23:28:22,-99.7747,37.7461, 330.5, 8883,-33.1,-56.5,-52.3,  8, 11, 0.06,309,17.7
2026-03-21 23:28:23,-99.7745,37.7460, 330.3, 8889,-33.1,-56.5,-52.3,  8, 11, 0.06,309,17.8
2026-03-21 23:28:24,-99.7743,37.7459, 330.0, 8895,-33.2,-56.5,-52.3,  8, 11, 0.06,309,17.8
2026-03-21 23:28:25,-99.7742,37.7458, 329.6, 8902,-33.2,-56.6,-52.3,  8, 11, 0.06,309,17.8
2026-03-21 23:28:26,-99.7740,37.7457, 329.3, 8909,-33.3,-56.6,-52.4,  8, 11, 0.06,309,17.9
2026-03-21 23:28:27,-99.7739,37.7456, 329.0, 8915,-33.4,-56.7,-52.4,  8, 11, 0.06,309,17.9
2026-03-21 23:28:28,-99.7737,37.7455, 328.7, 8921,-33.5,-56.7,-52.4,  8, 11, 0.06,309,17.9
2026-03-21 23:28:29,-99.7736,37.7454, 328.5, 8927,-33.5,-56.7,-52.4,  8, 11, 0.06,309,17.9
2026-03-21 23:28:30,-99.7734,37.7453, 328.2, 8932,-33.6,-56.7,-52.4,  8, 11, 0.06,310,18.0
2026-03-21 23:28:31,-99.7733,37.7452, 328.0, 8938,-33.6,-56.7,-52.4,  8, 11, 0.06,310,18.0
2026-03-21 23:28:32,-99.7732,37.7451, 327.7, 8943,-33.7,-56.8,-52.5,  8, 11, 0.05,310,18.0
2026-03-21 23:28:33,-99.7730,37.7450, 327.5, 8948,-33.7,-56.8,-52.5,  8, 11, 0.05,310,18.1
2026-03-21 23:28:34,-99.7729,37.7449, 327.2, 8954,-33.8,-56.8,-52.5,  8, 11, 0.05,310,18.1
2026-03-21 23:28:35,-99.7727,37.7448, 327.0, 8960,-33.8,-56.8,-52.5,  8, 11, 0.05,310,18.1
2026-03-21 23:28:36,-99.7725,37.7447, 326.7, 8965,-33.9,-56.8,-52.5,  8, 11, 0.05,310,18.2
2026-03-21 23:28:37,-99.7723,37.7446, 326.5, 8970,-33.9,-56.8,-52.5,  8, 11, 0.05,310,18.2
2026-03-21 23:28:38,-99.7722,37.7445, 326.2, 8975,-34.0,-56.8,-52.5,  8, 11, 0.05,310,18.2
2026-03-21 23:28:39,-99.7720,37.7443, 326.0, 8980,-34.0,-56.8,-52.5,  8, 12, 0.05,310,18.3
2026-03-21 23:28:40,-99.7718,37.7442, 325.7, 8986,-34.1,-56.8,-52.5,  8, 12, 0.05,310,18.3
2026-03-21 23:28:41,-99.7717,37.7441, 325.5, 8991,-34.1,-56.8,-52.5,  8, 12, 0.05,310,18.3
2026-03-21 23:28:42,-99.7715,37.7440, 325.2, 8996,-34.2,-56.9,-52.6,  8, 12, 0.05,310,18.4
2026-03-21 23:28:43,-99.7714,37.7439, 325.0, 9001,-34.2,-56.9,-52.6,  8, 12, 0.05,310,18.4
2026-03-21 23:28:44,-99.7713,37.7438, 324.8, 9007,-34.2,-56.9,-52.7,  8, 12, 0.05,311,18.4
2026-03-21 23:28:45,-99.7711,37.7437, 324.5, 9012,-34.3,-57.0,-52.7,  8, 12, 0.05,311,18.5
2026-03-21 23:28:46,-99.7709,37.7436, 324.3, 9016,-34.3,-57.1,-52.8,  8, 12, 0.05,311,18.5
2026-03-21 23:28:47,-99.7708,37.7435, 324.1, 9021,-34.3,-57.1,-52.8,  8, 12, 0.05,311,18.5
2026-03-21 23:28:48,-99.7706,37.7434, 323.9, 9025,-34.4,-57.2,-52.9,  8, 11, 0.05,311,18.6
2026-03-21 23:28:49,-99.7704,37.7433, 323.7, 9029,-34.4,-57.2,-53.0,  8, 11, 0.05,311,18.6
2026-03-21 23:28:50,-99.7703,37.7432, 323.5, 9033,-34.5,-57.3,-53.0,  8, 11, 0.05,311,18.6
2026-03-21 23:28:51,-99.7701,37.7431, 323.3, 9037,-34.5,-57.3,-53.0,  8, 11, 0.05,311,18.7
2026-03-21 23:28:52,-99.7700,37.7430, 323.1, 9042,-34.5,-57.3,-53.0,  8, 11, 0.05,311,18.7
2026-03-21 23:28:53,-99.7698,37.7428, 322.9, 9047,-34.5,-57.3,-53.0,  8, 11, 0.05,311,18.7
2026-03-21 23:28:54,-99.7696,37.7427, 322.7, 9051,-34.6,-57.4,-53.1,  8, 11, 0.05,311,18.7
2026-03-21 23:28:55,-99.7695,37.7426, 322.5, 9056,-34.6,-57.4,-53.1,  8, 11, 0.05,311,18.8
2026-03-21 23:28:56,-99.7693,37.7425, 322.3, 9060,-34.7,-57.4,-53.1,  8, 11, 0.05,311,18.8
2026-03-21 23:28:57,-99.7691,37.7424, 322.1, 9065,-34.7,-57.5,-53.2,  8, 11, 0.05,312,18.8
2026-03-21 23:28:58,-99.7690,37.7423, 321.9, 9069,-34.7,-57.4,-53.1,  8, 12, 0.05,312,18.8
2026-03-21 23:28:59,-99.7688,37.7422, 321.7, 9073,-34.8,-57.4,-53.1,  8, 12, 0.05,312,18.8
2026-03-21 23:29:00,-99.7687,37.7420, 321.5, 9078,-34.8,-57.5,-53.2,  8, 12, 0.05,312,18.8
2026-03-21 23:29:01,-99.7685,37.7419, 321.2, 9083,-34.8,-57.5,-53.2,  8, 12, 0.05,312,18.9
2026-03-21 23:29:02,-99.7684,37.7418, 321.0, 9088,-34.9,-57.5,-53.2,  8, 12, 0.05,312,18.9
2026-03-21 23:29:03,-99.7682,37.7417, 320.8, 9093,-34.9,-57.5,-53.2,  8, 12, 0.05,312,18.9
2026-03-21 23:29:04,-99.7680,37.7416, 320.5, 9098,-35.0,-57.5,-53.2,  8, 12, 0.05,312,18.9
2026-03-21 23:29:05,-99.7679,37.7415, 320.3, 9103,-35.0,-57.5,-53.2,  8, 12, 0.05,312,18.9
2026-03-21 23:29:06,-99.7677,37.7413, 320.0, 9109,-35.1,-57.6,-53.3,  8, 12, 0.05,312,18.9
2026-03-21 23:29:07,-99.7676,37.7412, 319.8, 9114,-35.1,-57.6,-53.3,  8, 12, 0.05,312,18.9
2026-03-21 23:29:08,-99.7674,37.7411, 319.5, 9120,-35.2,-57.6,-53.3,  8, 12, 0.05,312,18.9
2026-03-21 23:29:09,-99.7672,37.7410, 319.3, 9125,-35.2,-57.6,-53.3,  8, 12, 0.05,312,18.9
2026-03-21 23:29:10,-99.7671,37.7409, 319.0, 9131,-35.3,-57.7,-53.4,  8, 12, 0.05,313,18.9
2026-03-21 23:29:11,-99.7669,37.7408, 318.8, 9137,-35.3,-57.7,-53.4,  8, 12, 0.05,313,18.9
2026-03-21 23:29:12,-99.7668,37.7407, 318.5, 9142,-35.4,-57.8,-53.5,  8, 12, 0.05,313,18.9
2026-03-21 23:29:13,-99.7666,37.7406, 318.3, 9147,-35.4,-57.8,-53.5,  8, 12, 0.05,313,18.8
2026-03-21 23:29:14,-99.7665,37.7404, 318.0, 9153,-35.5,-57.8,-53.4,  9, 12, 0.05,313,18.8
2026-03-21 23:29:15,-99.7663,37.7403, 317.8, 9158,-35.5,-57.8,-53.5,  9, 12, 0.05,313,18.8
2026-03-21 23:29:16,-99.7662,37.7402, 317.6, 9163,-35.5,-57.8,-53.5,  9, 12, 0.05,313,18.8
2026-03-21 23:29:17,-99.7660,37.7401, 317.4, 9167,-35.6,-57.8,-53.5,  9, 12, 0.05,313,18.8
2026-03-21 23:29:18,-99.7658,37.7400, 317.2, 9172,-35.6,-57.9,-53.6,  9, 12, 0.05,313,18.8
2026-03-21 23:29:19,-99.7656,37.7399, 316.9, 9177,-35.7,-57.9,-53.6,  9, 12, 0.05,313,18.8
2026-03-21 23:29:20,-99.7655,37.7398, 316.7, 9182,-35.7,-57.9,-53.6,  8, 12, 0.05,314,18.8
2026-03-21 23:29:21,-99.7653,37.7396, 316.5, 9187,-35.7,-58.0,-53.7,  8, 12, 0.05,314,18.8
2026-03-21 23:29:22,-99.7652,37.7395, 316.3, 9192,-35.8,-58.0,-53.7,  8, 12, 0.05,314,18.8
2026-03-21 23:29:23,-99.7651,37.7394, 316.0, 9196,-35.8,-58.1,-53.8,  8, 12, 0.05,314,18.8
2026-03-21 23:29:24,-99.7649,37.7393, 315.8, 9201,-35.8,-58.1,-53.8,  8, 12, 0.05,314,18.8
2026-03-21 23:29:25,-99.7648,37.7392, 315.6, 9206,-35.9,-58.1,-53.8,  8, 12, 0.05,314,18.8
2026-03-21 23:29:26,-99.7646,37.7391, 315.4, 9211,-35.9,-58.2,-53.8,  8, 12, 0.05,314,18.7
2026-03-21 23:29:27,-99.7645,37.7390, 315.2, 9215,-35.9,-58.2,-53.9,  8, 12, 0.05,314,18.7
2026-03-21 23:29:28,-99.7643,37.7388, 315.0, 9220,-36.0,-58.2,-53.9,  8, 12, 0.05,314,18.7
2026-03-21 23:29:29,-99.7642,37.7387, 314.7, 9225,-36.0,-58.3,-53.9,  8, 12, 0.05,314,18.7
2026-03-21 23:29:30,-99.7640,37.7386, 314.5, 9230,-36.0,-58.3,-53.9,  8, 12, 0.05,314,18.7
2026-03-21 23:29:31,-99.7639,37.7384, 314.3, 9235,-36.1,-58.3,-53.9,  8, 12, 0.05,314,18.7
2026-03-21 23:29:32,-99.7637,37.7383, 314.0, 9241,-36.1,-58.3,-54.0,  8, 12, 0.05,314,18.7
2026-03-21 23:29:33,-99.7636,37.7382, 313.8, 9246,-36.1,-58.3,-54.0,  8, 12, 0.05,314,18.6
2026-03-21 23:29:34,-99.7634,37.7381, 313.6, 9251,-36.2,-58.4,-54.1,  8, 12, 0.05,314,18.6
2026-03-21 23:29:35,-99.7633,37.7380, 313.4, 9256,-36.2,-58.5,-54.1,  8, 12, 0.05,314,18.6
2026-03-21 23:29:36,-99.7631,37.7378, 313.1, 9260,-36.2,-58.5,-54.2,  8, 12, 0.05,314,18.6
2026-03-21 23:29:37,-99.7630,37.7377, 312.9, 9265,-36.3,-58.5,-54.2,  8, 12, 0.05,314,18.5
2026-03-21 23:29:38,-99.7628,37.7376, 312.7, 9271,-36.3,-58.6,-54.2,  8, 12, 0.05,314,18.5
2026-03-21 23:29:39,-99.7626,37.7375, 312.4, 9277,-36.4,-58.6,-54.2,  8, 12, 0.05,314,18.4
2026-03-21 23:29:40,-99.7625,37.7374, 312.1, 9283,-36.5,-58.6,-54.2,  8, 12, 0.05,314,18.4
2026-03-21 23:29:41,-99.7623,37.7373, 311.8, 9289,-36.5,-58.5,-54.2,  9, 12, 0.05,314,18.3
2026-03-21 23:29:42,-99.7622,37.7372, 311.6, 9295,-36.6,-58.5,-54.2,  9, 12, 0.05,314,18.3
2026-03-21 23:29:43,-99.7621,37.7370, 311.3, 9301,-36.6,-58.6,-54.2,  9, 12, 0.05,313,18.2
2026-03-21 23:29:44,-99.7619,37.7369, 311.0, 9307,-36.6,-58.7,-54.3,  9, 12, 0.05,313,18.2
2026-03-21 23:29:45,-99.7618,37.7368, 310.8, 9312,-36.7,-58.8,-54.4,  8, 12, 0.05,313,18.1
2026-03-21 23:29:46,-99.7616,37.7367, 310.6, 9317,-36.7,-58.8,-54.5,  8, 12, 0.04,313,18.0
2026-03-21 23:29:47,-99.7614,37.7366, 310.4, 9321,-36.8,-58.8,-54.5,  9, 12, 0.04,313,18.0
2026-03-21 23:29:48,-99.7612,37.7365, 310.2, 9325,-36.8,-58.8,-54.5,  9, 12, 0.05,313,17.9
2026-03-21 23:29:49,-99.7611,37.7364, 310.0, 9330,-36.8,-58.8,-54.5,  9, 12, 0.05,313,17.8
2026-03-21 23:29:50,-99.7609,37.7363, 309.8, 9334,-36.9,-58.8,-54.5,  9, 12, 0.04,313,17.7
2026-03-21 23:29:51,-99.7608,37.7362, 309.6, 9338,-36.9,-58.9,-54.5,  9, 12, 0.04,313,17.7
2026-03-21 23:29:52,-99.7607,37.7361, 309.4, 9343,-36.9,-58.9,-54.6,  9, 12, 0.04,313,17.6
2026-03-21 23:29:53,-99.7605,37.7360, 309.2, 9347,-37.0,-58.9,-54.6,  9, 12, 0.04,313,17.5
2026-03-21 23:29:54,-99.7604,37.7358, 309.0, 9352,-37.0,-58.9,-54.5,  9, 12, 0.04,312,17.4
2026-03-21 23:29:55,-99.7603,37.7357, 308.8, 9358,-37.1,-58.8,-54.5,  9, 13, 0.05,312,17.4
2026-03-21 23:29:56,-99.7601,37.7356, 308.6, 9363,-37.1,-58.8,-54.4,  9, 13, 0.05,312,17.3
2026-03-21 23:29:57,-99.7600,37.7355, 308.3, 9367,-37.2,-58.8,-54.5,  9, 13, 0.05,312,17.2
2026-03-21 23:29:58,-99.7598,37.7354, 308.1, 9372,-37.2,-58.8,-54.5,  9, 13, 0.05,312,17.2
2026-03-21 23:29:59,-99.7597,37.7353, 307.9, 9377,-37.3,-58.8,-54.5,  9, 13, 0.05,312,17.1
2026-03-21 23:30:00,-99.7595,37.7352, 307.6, 9383,-37.3,-58.8,-54.5,  9, 13, 0.05,312,17.0
2026-03-21 23:30:01,-99.7594,37.7351, 307.4, 9389,-37.4,-58.8,-54.5,  9, 13, 0.05,312,17.0
2026-03-21 23:30:02,-99.7593,37.7350, 307.1, 9395,-37.4,-58.8,-54.5,  9, 13, 0.05,312,16.9
2026-03-21 23:30:03,-99.7591,37.7349, 306.9, 9401,-37.5,-58.8,-54.5,  9, 13, 0.05,312,16.9
2026-03-21 23:30:04,-99.7590,37.7348, 306.6, 9406,-37.5,-58.8,-54.5,  9, 13, 0.05,312,16.8
2026-03-21 23:30:05,-99.7588,37.7347, 306.3, 9412,-37.5,-58.9,-54.6,  9, 13, 0.05,312,16.8
2026-03-21 23:30:06,-99.7587,37.7347, 306.1, 9418,-37.5,-59.0,-54.6,  9, 13, 0.04,312,16.7
2026-03-21 23:30:07,-99.7585,37.7345, 305.8, 9423,-37.6,-59.0,-54.7,  9, 13, 0.04,312,16.7
2026-03-21 23:30:08,-99.7584,37.7344, 305.6, 9430,-37.7,-59.0,-54.7,  9, 13, 0.04,312,16.6
2026-03-21 23:30:09,-99.7583,37.7343, 305.3, 9436,-37.7,-59.0,-54.7,  9, 13, 0.04,312,16.6
2026-03-21 23:30:10,-99.7581,37.7342, 305.0, 9442,-37.8,-59.0,-54.7,  9, 13, 0.04,312,16.5
2026-03-21 23:30:11,-99.7580,37.7341, 304.7, 9449,-37.8,-59.0,-54.7,  9, 13, 0.04,312,16.5
2026-03-21 23:30:12,-99.7578,37.7340, 304.4, 9455,-37.9,-59.1,-54.7,  9, 13, 0.04,312,16.4
2026-03-21 23:30:13,-99.7577,37.7340, 304.2, 9461,-37.9,-59.1,-54.8,  9, 13, 0.04,312,16.4
2026-03-21 23:30:14,-99.7575,37.7339, 303.9, 9466,-38.0,-59.2,-54.8,  9, 13, 0.04,312,16.4
2026-03-21 23:30:15,-99.7574,37.7338, 303.7, 9472,-38.1,-59.2,-54.9,  9, 13, 0.04,312,16.3
2026-03-21 23:30:16,-99.7573,37.7336, 303.4, 9479,-38.1,-59.2,-54.9,  9, 13, 0.04,312,16.3
2026-03-21 23:30:17,-99.7572,37.7335, 303.1, 9485,-38.2,-59.2,-54.9,  9, 14, 0.04,312,16.3
2026-03-21 23:30:18,-99.7571,37.7334, 302.8, 9492,-38.3,-59.2,-54.9,  9, 14, 0.04,312,16.2
2026-03-21 23:30:19,-99.7569,37.7333, 302.5, 9498,-38.3,-59.2,-54.9,  9, 14, 0.04,312,16.2
2026-03-21 23:30:20,-99.7568,37.7332, 302.3, 9505,-38.4,-59.2,-54.9, 10, 14, 0.04,312,16.2
2026-03-21 23:30:21,-99.7566,37.7331, 302.0, 9510,-38.4,-59.3,-54.9, 10, 14, 0.04,312,16.1
2026-03-21 23:30:22,-99.7565,37.7330, 301.8, 9516,-38.5,-59.3,-55.0,  9, 14, 0.04,312,16.1
2026-03-21 23:30:23,-99.7564,37.7329, 301.6, 9521,-38.5,-59.4,-55.1,  9, 14, 0.04,311,16.1
2026-03-21 23:30:24,-99.7562,37.7328, 301.3, 9526,-38.5,-59.5,-55.1,  9, 14, 0.04,311,16.1
2026-03-21 23:30:25,-99.7561,37.7327, 301.1, 9531,-38.6,-59.5,-55.1,  9, 14, 0.04,311,16.1
2026-03-21 23:30:26,-99.7560,37.7326, 300.9, 9536,-38.6,-59.5,-55.2,  9, 14, 0.04,311,16.1
2026-03-21 23:30:27,-99.7558,37.7326, 300.7, 9541,-38.7,-59.5,-55.2,  9, 14, 0.04,311,16.1
2026-03-21 23:30:28,-99.7557,37.7325, 300.5, 9545,-38.7,-59.5,-55.1,  9, 14, 0.04,311,16.1
2026-03-21 23:30:29,-99.7556,37.7324, 300.3, 9550,-38.7,-59.5,-55.1, 10, 14, 0.04,311,16.1
2026-03-21 23:30:30,-99.7554,37.7323, 300.0, 9556,-38.8,-59.5,-55.2, 10, 14, 0.04,311,16.1
2026-03-21 23:30:31,-99.7553,37.7322, 299.8, 9560,-38.8,-59.6,-55.2,  9, 14, 0.04,311,16.1
2026-03-21 23:30:32,-99.7552,37.7321, 299.6, 9564,-38.9,-59.7,-55.3,  9, 14, 0.04,310,16.1
2026-03-21 23:30:33,-99.7550,37.7320, 299.4, 9569,-38.9,-59.7,-55.3,  9, 14, 0.04,310,16.1
2026-03-21 23:30:34,-99.7549,37.7319, 299.2, 9574,-38.9,-59.7,-55.3, 10, 14, 0.04,310,16.1
2026-03-21 23:30:35,-99.7547,37.7318, 299.0, 9579,-39.0,-59.7,-55.3, 10, 14, 0.04,310,16.1
2026-03-21 23:30:36,-99.7546,37.7317, 298.8, 9584,-39.0,-59.7,-55.3, 10, 14, 0.04,310,16.2
2026-03-21 23:30:37,-99.7545,37.7317, 298.6, 9589,-39.1,-59.7,-55.3, 10, 14, 0.04,310,16.2
2026-03-21 23:30:38,-99.7543,37.7316, 298.3, 9594,-39.1,-59.6,-55.3, 10, 14, 0.04,310,16.2
2026-03-21 23:30:39,-99.7542,37.7315, 298.1, 9599,-39.1,-59.6,-55.3, 10, 14, 0.04,310,16.2
2026-03-21 23:30:40,-99.7540,37.7314, 297.9, 9604,-39.2,-59.6,-55.3, 10, 14, 0.04,310,16.2
2026-03-21 23:30:41,-99.7539,37.7313, 297.7, 9608,-39.2,-59.7,-55.3, 10, 14, 0.04,310,16.3
2026-03-21 23:30:42,-99.7537,37.7312, 297.5, 9613,-39.3,-59.7,-55.4, 10, 14, 0.04,310,16.3
2026-03-21 23:30:43,-99.7536,37.7311, 297.3, 9617,-39.3,-59.8,-55.4, 10, 14, 0.04,310,16.3
2026-03-21 23:30:44,-99.7534,37.7309, 297.2, 9621,-39.3,-59.7,-55.4, 10, 14, 0.04,309,16.3
2026-03-21 23:30:45,-99.7533,37.7309, 297.0, 9625,-39.4,-59.7,-55.3, 10, 15, 0.04,309,16.3
2026-03-21 23:30:46,-99.7531,37.7308, 296.8, 9629,-39.4,-59.7,-55.3, 10, 15, 0.04,309,16.3
2026-03-21 23:30:47,-99.7530,37.7307, 296.6, 9634,-39.5,-59.7,-55.3, 10, 15, 0.04,309,16.4
2026-03-21 23:30:48,-99.7529,37.7306, 296.4, 9639,-39.5,-59.8,-55.4, 10, 15, 0.04,309,16.4
2026-03-21 23:30:49,-99.7528,37.7305, 296.2, 9644,-39.6,-59.9,-55.5, 10, 15, 0.04,309,16.4
2026-03-21 23:30:50,-99.7526,37.7304, 296.0, 9649,-39.6,-59.9,-55.5, 10, 15, 0.04,309,16.4
2026-03-21 23:30:51,-99.7525,37.7303, 295.7, 9654,-39.6,-59.8,-55.5, 10, 15, 0.04,309,16.4
2026-03-21 23:30:52,-99.7523,37.7302, 295.5, 9659,-39.7,-59.8,-55.4, 10, 15, 0.04,309,16.4
2026-03-21 23:30:53,-99.7521,37.7301, 295.3, 9664,-39.8,-59.8,-55.4, 10, 15, 0.04,309,16.4
2026-03-21 23:30:54,-99.7520,37.7300, 295.1, 9669,-39.8,-59.7,-55.4, 10, 15, 0.04,309,16.5
2026-03-21 23:30:55,-99.7519,37.7300, 294.9, 9674,-39.9,-59.7,-55.4, 10, 15, 0.04,309,16.5
2026-03-21 23:30:56,-99.7517,37.7299, 294.6, 9679,-39.9,-59.7,-55.3, 10, 15, 0.04,309,16.5
2026-03-21 23:30:57,-99.7516,37.7298, 294.4, 9684,-39.9,-59.7,-55.3, 10, 15, 0.04,309,16.5
2026-03-21 23:30:58,-99.7514,37.7297, 294.2, 9689,-40.0,-59.7,-55.4, 10, 15, 0.04,309,16.5
2026-03-21 23:30:59,-99.7513,37.7296, 294.0, 9694,-40.0,-59.8,-55.4, 10, 15, 0.04,309,16.5
2026-03-21 23:31:00,-99.7511,37.7295, 293.8, 9699,-40.1,-59.8,-55.5, 10, 15, 0.04,309,16.6
2026-03-21 23:31:01,-99.7510,37.7294, 293.6, 9704,-40.1,-59.9,-55.5, 10, 15, 0.04,309,16.6
2026-03-21 23:31:02,-99.7509,37.7293, 293.4, 9709,-40.1,-59.9,-55.5, 10, 15, 0.04,309,16.6
2026-03-21 23:31:03,-99.7507,37.7292, 293.1, 9714,-40.2,-59.9,-55.5, 10, 16, 0.04,309,16.6
2026-03-21 23:31:04,-99.7506,37.7291, 292.9, 9719,-40.2,-59.9,-55.5, 11, 16, 0.04,309,16.7
2026-03-21 23:31:05,-99.7505,37.7290, 292.7, 9725,-40.3,-59.9,-55.5, 11, 16, 0.04,309,16.7
2026-03-21 23:31:06,-99.7503,37.7289, 292.5, 9730,-40.3,-59.9,-55.5, 11, 16, 0.04,309,16.7
2026-03-21 23:31:07,-99.7502,37.7288, 292.3, 9735,-40.3,-59.9,-55.5, 11, 16, 0.04,309,16.7
2026-03-21 23:31:08,-99.7500,37.7288, 292.0, 9740,-40.4,-59.8,-55.5, 11, 16, 0.04,309,16.7
2026-03-21 23:31:09,-99.7498,37.7287, 291.8, 9745,-40.5,-59.8,-55.4, 11, 16, 0.04,309,16.8
2026-03-21 23:31:10,-99.7497,37.7286, 291.6, 9749,-40.5,-59.8,-55.4, 11, 16, 0.04,309,16.8
2026-03-21 23:31:11,-99.7495,37.7285, 291.4, 9754,-40.5,-59.8,-55.4, 11, 16, 0.04,309,16.8
2026-03-21 23:31:12,-99.7493,37.7284, 291.3, 9758,-40.6,-59.8,-55.4, 11, 17, 0.04,309,16.8
2026-03-21 23:31:13,-99.7492,37.7283, 291.1, 9762,-40.6,-59.8,-55.4, 11, 17, 0.04,309,16.8
2026-03-21 23:31:14,-99.7491,37.7282, 290.9, 9766,-40.6,-59.8,-55.4, 11, 17, 0.04,309,16.8
2026-03-21 23:31:15,-99.7489,37.7281, 290.7, 9771,-40.7,-59.8,-55.4, 11, 17, 0.04,309,16.8
2026-03-21 23:31:16,-99.7488,37.7280, 290.5, 9776,-40.7,-59.8,-55.4, 11, 17, 0.04,309,16.8
2026-03-21 23:31:17,-99.7487,37.7279, 290.3, 9781,-40.8,-59.8,-55.4, 11, 17, 0.04,309,16.8
2026-03-21 23:31:18,-99.7485,37.7278, 290.1, 9786,-40.8,-59.8,-55.4, 11, 17, 0.04,309,16.8
2026-03-21 23:31:19,-99.7483,37.7277, 289.9, 9791,-40.9,-59.7,-55.4, 12, 17, 0.04,309,16.8
2026-03-21 23:31:20,-99.7482,37.7276, 289.7, 9796,-40.9,-59.7,-55.3, 12, 17, 0.04,309,16.8
2026-03-21 23:31:21,-99.7480,37.7275, 289.4, 9801,-40.9,-59.7,-55.3, 12, 17, 0.04,309,16.8
2026-03-21 23:31:22,-99.7479,37.7274, 289.2, 9806,-41.0,-59.7,-55.4, 12, 17, 0.04,309,16.7
2026-03-21 23:31:23,-99.7477,37.7273, 289.0, 9811,-41.0,-59.7,-55.4, 12, 17, 0.04,309,16.7
2026-03-21 23:31:24,-99.7476,37.7272, 288.8, 9816,-41.1,-59.7,-55.3, 12, 18, 0.04,309,16.7
2026-03-21 23:31:25,-99.7474,37.7271, 288.6, 9821,-41.1,-59.6,-55.2, 12, 18, 0.04,309,16.6
2026-03-21 23:31:26,-99.7473,37.7270, 288.4, 9826,-41.2,-59.5,-55.2, 12, 18, 0.04,309,16.6
2026-03-21 23:31:27,-99.7471,37.7270, 288.2, 9831,-41.2,-59.5,-55.1, 12, 18, 0.04,309,16.6
2026-03-21 23:31:28,-99.7470,37.7269, 288.0, 9835,-41.3,-59.4,-55.1, 12, 19, 0.04,308,16.5
2026-03-21 23:31:29,-99.7469,37.7268, 287.8, 9839,-41.3,-59.4,-55.0, 13, 19, 0.05,308,16.5
2026-03-21 23:31:30,-99.7467,37.7267, 287.6, 9844,-41.3,-59.3,-55.0, 13, 19, 0.05,308,16.5
2026-03-21 23:31:31,-99.7466,37.7266, 287.4, 9849,-41.4,-59.3,-54.9, 13, 19, 0.05,308,16.4
2026-03-21 23:31:32,-99.7464,37.7265, 287.2, 9853,-41.4,-59.3,-54.9, 13, 19, 0.05,308,16.4
2026-03-21 23:31:33,-99.7463,37.7264, 287.0, 9858,-41.5,-59.2,-54.9, 13, 20, 0.05,308,16.4
2026-03-21 23:31:34,-99.7462,37.7263, 286.8, 9863,-41.5,-59.2,-54.9, 13, 20, 0.05,308,16.3
2026-03-21 23:31:35,-99.7460,37.7262, 286.6, 9867,-41.6,-59.2,-54.9, 13, 20, 0.05,308,16.3
2026-03-21 23:31:36,-99.7458,37.7261, 286.4, 9872,-41.6,-59.2,-54.8, 13, 20, 0.05,308,16.3
2026-03-21 23:31:37,-99.7457,37.7260, 286.3, 9876,-41.7,-59.1,-54.8, 14, 20, 0.05,308,16.2
2026-03-21 23:31:38,-99.7455,37.7259, 286.1, 9881,-41.7,-59.0,-54.6, 14, 21, 0.05,308,16.2
2026-03-21 23:31:39,-99.7454,37.7259, 285.9, 9885,-41.7,-58.8,-54.5, 14, 21, 0.05,308,16.2
2026-03-21 23:31:40,-99.7453,37.7258, 285.6, 9890,-41.8,-58.6,-54.3, 15, 22, 0.05,308,16.2
2026-03-21 23:31:41,-99.7451,37.7257, 285.4, 9895,-41.8,-58.5,-54.1, 15, 22, 0.05,308,16.2
2026-03-21 23:31:42,-99.7450,37.7256, 285.2, 9900,-41.8,-58.4,-54.0, 15, 23, 0.05,308,16.2
2026-03-21 23:31:43,-99.7449,37.7255, 285.1, 9904,-41.9,-58.3,-54.0, 15, 23, 0.05,308,16.2
2026-03-21 23:31:44,-99.7447,37.7254, 284.9, 9909,-41.9,-58.3,-53.9, 15, 23, 0.05,308,16.2
2026-03-21 23:31:45,-99.7445,37.7254, 284.7, 9913,-42.0,-58.2,-53.9, 16, 24, 0.05,308,16.2
2026-03-21 23:31:46,-99.7444,37.7253, 284.5, 9918,-42.0,-58.2,-53.8, 16, 24, 0.05,308,16.2
2026-03-21 23:31:47,-99.7442,37.7252, 284.3, 9923,-42.1,-58.2,-53.8, 16, 24, 0.05,308,16.2
2026-03-21 23:31:48,-99.7441,37.7251, 284.1, 9927,-42.1,-58.2,-53.8, 16, 24, 0.05,308,16.2
2026-03-21 23:31:49,-99.7440,37.7250, 283.9, 9932,-42.1,-58.2,-53.9, 16, 24, 0.05,308,16.2
2026-03-21 23:31:50,-99.7438,37.7249, 283.7, 9937,-42.2,-58.3,-53.9, 16, 24, 0.05,308,16.2
2026-03-21 23:31:51,-99.7437,37.7248, 283.5, 9942,-42.2,-58.3,-54.0, 16, 24, 0.05,308,16.2
2026-03-21 23:31:52,-99.7435,37.7247, 283.2, 9948,-42.3,-58.3,-54.0, 16, 24, 0.05,308,16.2
2026-03-21 23:31:53,-99.7434,37.7246, 283.0, 9953,-42.4,-58.3,-53.9, 16, 24, 0.05,308,16.2
2026-03-21 23:31:54,-99.7432,37.7246, 282.8, 9957,-42.4,-58.2,-53.9, 16, 25, 0.05,308,16.3
2026-03-21 23:31:55,-99.7431,37.7244, 282.6, 9962,-42.4,-58.3,-53.9, 16, 25, 0.05,308,16.3
2026-03-21 23:31:56,-99.7430,37.7244, 282.4, 9967,-42.5,-58.3,-54.0, 16, 25, 0.05,308,16.3
2026-03-21 23:31:57,-99.7428,37.7242, 282.3, 9971,-42.5,-58.3,-54.0, 16, 25, 0.05,308,16.3
2026-03-21 23:31:58,-99.7427,37.7242, 282.1, 9975,-42.5,-58.4,-54.0, 16, 25, 0.05,308,16.3
2026-03-21 23:31:59,-99.7425,37.7240, 281.9, 9980,-42.6,-58.4,-54.1, 16, 25, 0.05,308,16.3
2026-03-21 23:32:00,-99.7424,37.7240, 281.7, 9985,-42.6,-58.4,-54.1, 16, 25, 0.05,308,16.3
2026-03-21 23:32:01,-99.7422,37.7239, 281.5, 9989,-42.7,-58.5,-54.1, 16, 25, 0.05,308,16.3
2026-03-21 23:32:02,-99.7421,37.7238, 281.3, 9994,-42.7,-58.5,-54.1, 16, 25, 0.05,308,16.2
2026-03-21 23:32:03,-99.7419,37.7237, 281.1, 9998,-42.8,-58.4,-54.1, 17, 25, 0.05,308,16.2
2026-03-21 23:32:04,-99.7418,37.7236, 280.9,10003,-42.8,-58.2,-53.9, 17, 26, 0.05,308,16.2
2026-03-21 23:32:05,-99.7417,37.7235, 280.7,10008,-42.8,-57.9,-53.6, 18, 27, 0.06,308,16.2
2026-03-21 23:32:06,-99.7415,37.7234, 280.5,10013,-42.9,-57.5,-53.2, 19, 28, 0.06,308,16.2
2026-03-21 23:32:07,-99.7414,37.7233, 280.3,10017,-43.0,-57.2,-52.9, 20, 30, 0.06,308,16.2
2026-03-21 23:32:08,-99.7412,37.7232, 280.1,10022,-43.0,-57.0,-52.7, 20, 31, 0.06,308,16.1
2026-03-21 23:32:09,-99.7411,37.7231, 280.0,10026,-43.1,-56.8,-52.6, 21, 32, 0.06,308,16.1
2026-03-21 23:32:10,-99.7409,37.7231, 279.8,10030,-43.1,-56.8,-52.5, 21, 32, 0.06,308,16.1
2026-03-21 23:32:11,-99.7408,37.7230, 279.6,10035,-43.1,-56.9,-52.6, 21, 32, 0.06,307,16.1
2026-03-21 23:32:12,-99.7407,37.7229, 279.4,10040,-43.1,-57.0,-52.7, 20, 31, 0.06,307,16.1
2026-03-21 23:32:13,-99.7405,37.7228, 279.2,10044,-43.2,-57.2,-52.9, 20, 31, 0.06,307,16.0
2026-03-21 23:32:14,-99.7403,37.7227, 279.0,10049,-43.2,-57.4,-53.1, 20, 30, 0.06,307,16.0
2026-03-21 23:32:15,-99.7402,37.7226, 278.8,10054,-43.3,-57.5,-53.2, 20, 30, 0.06,307,16.0
2026-03-21 23:32:16,-99.7401,37.7225, 278.6,10058,-43.3,-57.6,-53.3, 19, 30, 0.06,307,16.0
2026-03-21 23:32:17,-99.7399,37.7224, 278.4,10063,-43.4,-57.7,-53.4, 19, 30, 0.06,307,15.9
2026-03-21 23:32:18,-99.7398,37.7224, 278.3,10067,-43.4,-57.7,-53.4, 20, 30, 0.06,307,15.9
2026-03-21 23:32:19,-99.7397,37.7223, 278.1,10071,-43.5,-57.7,-53.4, 20, 30, 0.06,307,15.9
2026-03-21 23:32:20,-99.7395,37.7222, 277.9,10076,-43.5,-57.7,-53.3, 20, 30, 0.06,307,15.9
2026-03-21 23:32:21,-99.7393,37.7221, 277.7,10080,-43.5,-57.6,-53.3, 20, 30, 0.06,306,15.8
2026-03-21 23:32:22,-99.7392,37.7221, 277.6,10084,-43.6,-57.6,-53.3, 20, 31, 0.06,306,15.8
2026-03-21 23:32:23,-99.7390,37.7220, 277.4,10088,-43.6,-57.5,-53.2, 20, 31, 0.06,306,15.8
2026-03-21 23:32:24,-99.7389,37.7219, 277.2,10093,-43.7,-57.5,-53.2, 20, 31, 0.06,306,15.8
2026-03-21 23:32:25,-99.7388,37.7218, 277.0,10097,-43.7,-57.6,-53.3, 20, 31, 0.06,306,15.8
2026-03-21 23:32:26,-99.7386,37.7217, 276.8,10102,-43.7,-57.6,-53.3, 20, 31, 0.06,306,15.8
2026-03-21 23:32:27,-99.7385,37.7216, 276.7,10106,-43.8,-57.6,-53.3, 20, 31, 0.06,306,15.8
2026-03-21 23:32:28,-99.7383,37.7216, 276.5,10110,-43.8,-57.7,-53.4, 20, 31, 0.06,306,15.8
2026-03-21 23:32:29,-99.7382,37.7215, 276.3,10114,-43.9,-57.7,-53.4, 20, 31, 0.06,306,15.8
2026-03-21 23:32:30,-99.7380,37.7214, 276.1,10119,-43.9,-57.7,-53.4, 21, 32, 0.06,307,15.8
2026-03-21 23:32:31,-99.7379,37.7213, 275.9,10124,-44.0,-57.6,-53.3, 21, 32, 0.06,307,15.8
2026-03-21 23:32:32,-99.7377,37.7212, 275.7,10129,-44.0,-57.5,-53.2, 21, 33, 0.06,307,15.8
2026-03-21 23:32:33,-99.7376,37.7211, 275.5,10133,-44.0,-57.3,-53.0, 22, 34, 0.06,307,15.8
2026-03-21 23:32:34,-99.7375,37.7210, 275.3,10138,-44.1,-57.0,-52.8, 23, 35, 0.06,307,15.8
2026-03-21 23:32:35,-99.7373,37.7209, 275.1,10143,-44.1,-56.8,-52.5, 23, 36, 0.07,307,15.8
2026-03-21 23:32:36,-99.7372,37.7209, 275.0,10147,-44.1,-56.5,-52.2, 24, 37, 0.07,307,15.9
2026-03-21 23:32:37,-99.7371,37.7208, 274.8,10152,-44.2,-56.3,-52.0, 25, 39, 0.07,307,15.9
2026-03-21 23:32:38,-99.7369,37.7207, 274.6,10156,-44.2,-56.2,-51.9, 26, 39, 0.07,307,15.9
2026-03-21 23:32:39,-99.7368,37.7206, 274.4,10160,-44.3,-56.1,-51.8, 26, 40, 0.07,307,15.9
2026-03-21 23:32:40,-99.7367,37.7205, 274.3,10164,-44.3,-56.0,-51.8, 26, 40, 0.07,307,16.0
2026-03-21 23:32:41,-99.7365,37.7205, 274.1,10169,-44.3,-56.0,-51.8, 26, 40, 0.07,307,16.0
2026-03-21 23:32:42,-99.7364,37.7204, 273.9,10173,-44.3,-56.1,-51.8, 26, 40, 0.07,307,16.1
2026-03-21 23:32:43,-99.7362,37.7203, 273.7,10178,-44.4,-56.2,-51.9, 26, 40, 0.07,307,16.1
2026-03-21 23:32:44,-99.7361,37.7202, 273.5,10183,-44.4,-56.3,-52.0, 26, 40, 0.07,307,16.1
2026-03-21 23:32:45,-99.7359,37.7201, 273.3,10188,-44.5,-56.4,-52.2, 25, 39, 0.07,308,16.2
2026-03-21 23:32:46,-99.7358,37.7200, 273.1,10193,-44.5,-56.5,-52.3, 25, 39, 0.07,308,16.2
2026-03-21 23:32:47,-99.7356,37.7199, 272.9,10197,-44.6,-56.5,-52.3, 25, 39, 0.07,308,16.2
2026-03-21 23:32:48,-99.7355,37.7198, 272.8,10201,-44.6,-56.5,-52.2, 26, 40, 0.07,308,16.3
2026-03-21 23:32:49,-99.7353,37.7197, 272.6,10205,-44.7,-56.3,-52.1, 26, 41, 0.07,308,16.3
2026-03-21 23:32:50,-99.7352,37.7196, 272.4,10209,-44.7,-56.2,-51.9, 27, 42, 0.07,308,16.3
2026-03-21 23:32:51,-99.7350,37.7195, 272.2,10214,-44.7,-56.0,-51.8, 27, 43, 0.07,308,16.3
2026-03-21 23:32:52,-99.7348,37.7195, 272.1,10218,-44.8,-55.9,-51.7, 28, 43, 0.07,308,16.4
2026-03-21 23:32:53,-99.7347,37.7194, 271.9,10223,-44.8,-55.8,-51.6, 28, 44, 0.07,308,16.4
2026-03-21 23:32:54,-99.7345,37.7193, 271.7,10227,-44.9,-55.8,-51.6, 29, 44, 0.07,308,16.4
2026-03-21 23:32:55,-99.7344,37.7192, 271.5,10232,-44.9,-55.8,-51.6, 29, 45, 0.07,308,16.4
2026-03-21 23:32:56,-99.7343,37.7191, 271.3,10237,-44.9,-55.8,-51.6, 29, 45, 0.07,308,16.4
2026-03-21 23:32:57,-99.7342,37.7190, 271.1,10241,-45.0,-55.8,-51.5, 29, 45, 0.07,308,16.4
2026-03-21 23:32:58,-99.7340,37.7189, 270.9,10246,-45.0,-55.7,-51.5, 29, 45, 0.07,308,16.4
2026-03-21 23:32:59,-99.7339,37.7188, 270.7,10251,-45.0,-55.7,-51.5, 29, 46, 0.08,308,16.4
2026-03-21 23:33:00,-99.7337,37.7187, 270.6,10255,-45.1,-55.7,-51.5, 30, 46, 0.08,308,16.4
2026-03-21 23:33:01,-99.7335,37.7186, 270.4,10260,-45.1,-55.8,-51.6, 29, 46, 0.07,308,16.4
2026-03-21 23:33:02,-99.7334,37.7185, 270.2,10264,-45.2,-55.9,-51.7, 29, 45, 0.07,308,16.3
2026-03-21 23:33:03,-99.7332,37.7184, 270.0,10269,-45.2,-56.0,-51.8, 29, 45, 0.07,308,16.3
2026-03-21 23:33:04,-99.7331,37.7184, 269.8,10274,-45.3,-56.1,-51.9, 29, 45, 0.07,308,16.3
2026-03-21 23:33:05,-99.7330,37.7183, 269.6,10279,-45.3,-56.2,-51.9, 29, 45, 0.07,308,16.3
2026-03-21 23:33:06,-99.7328,37.7182, 269.4,10283,-45.4,-56.2,-51.9, 29, 45, 0.07,308,16.3
2026-03-21 23:33:07,-99.7327,37.7181, 269.2,10288,-45.4,-56.1,-51.9, 29, 45, 0.07,308,16.3
2026-03-21 23:33:08,-99.7326,37.7180, 269.0,10293,-45.5,-56.1,-51.8, 30, 46, 0.07,308,16.3
2026-03-21 23:33:09,-99.7324,37.7179, 268.8,10298,-45.5,-56.0,-51.8, 30, 46, 0.07,308,16.3
2026-03-21 23:33:10,-99.7323,37.7178, 268.7,10302,-45.5,-56.0,-51.8, 30, 47, 0.07,308,16.3
2026-03-21 23:33:11,-99.7321,37.7177, 268.5,10306,-45.6,-56.0,-51.8, 30, 47, 0.07,307,16.3
2026-03-21 23:33:12,-99.7320,37.7176, 268.3,10311,-45.6,-56.0,-51.7, 30, 47, 0.07,307,16.3
2026-03-21 23:33:13,-99.7319,37.7175, 268.1,10315,-45.7,-56.0,-51.7, 31, 48, 0.07,307,16.4
2026-03-21 23:33:14,-99.7317,37.7174, 268.0,10320,-45.7,-55.9,-51.7, 31, 48, 0.07,307,16.4
2026-03-21 23:33:15,-99.7316,37.7174, 267.8,10324,-45.8,-55.9,-51.6, 31, 49, 0.07,307,16.4
2026-03-21 23:33:16,-99.7314,37.7173, 267.6,10329,-45.8,-55.8,-51.6, 32, 49, 0.08,307,16.4
2026-03-21 23:33:17,-99.7312,37.7172, 267.4,10333,-45.8,-55.8,-51.6, 32, 50, 0.08,307,16.5
2026-03-21 23:33:18,-99.7311,37.7171, 267.2,10338,-45.9,-55.8,-51.6, 32, 50, 0.08,307,16.5
2026-03-21 23:33:19,-99.7310,37.7170, 267.1,10342,-45.9,-55.9,-51.6, 32, 50, 0.08,307,16.6
2026-03-21 23:33:20,-99.7308,37.7169, 266.9,10346,-46.0,-55.9,-51.6, 32, 50, 0.07,307,16.6
2026-03-21 23:33:21,-99.7307,37.7169, 266.7,10350,-46.0,-55.9,-51.7, 32, 50, 0.07,307,16.6
2026-03-21 23:33:22,-99.7305,37.7167, 266.5,10355,-46.1,-55.9,-51.7, 32, 50, 0.07,307,16.7
2026-03-21 23:33:23,-99.7303,37.7167, 266.4,10359,-46.1,-56.0,-51.7, 32, 50, 0.07,307,16.7
2026-03-21 23:33:24,-99.7302,37.7165, 266.2,10363,-46.2,-56.0,-51.7, 32, 51, 0.07,307,16.8
2026-03-21 23:33:25,-99.7300,37.7165, 266.0,10367,-46.2,-56.0,-51.8, 32, 51, 0.07,307,16.8
2026-03-21 23:33:26,-99.7299,37.7164, 265.9,10372,-46.2,-56.1,-51.8, 32, 51, 0.07,307,16.8
2026-03-21 23:33:27,-99.7297,37.7163, 265.7,10376,-46.3,-56.1,-51.8, 32, 51, 0.07,306,16.9
2026-03-21 23:33:28,-99.7296,37.7162, 265.5,10380,-46.3,-56.1,-51.9, 32, 51, 0.07,306,16.9
2026-03-21 23:33:29,-99.7294,37.7161, 265.3,10385,-46.4,-56.1,-51.9, 32, 51, 0.07,306,17.0
2026-03-21 23:33:30,-99.7293,37.7160, 265.2,10389,-46.4,-56.1,-51.8, 33, 51, 0.07,306,17.0
2026-03-21 23:33:31,-99.7291,37.7159, 265.0,10394,-46.4,-56.1,-51.8, 33, 52, 0.07,306,17.0
2026-03-21 23:33:32,-99.7289,37.7159, 264.8,10398,-46.5,-56.1,-51.9, 33, 52, 0.07,306,17.0
2026-03-21 23:33:33,-99.7288,37.7158, 264.6,10402,-46.5,-56.1,-51.9, 33, 52, 0.07,306,17.1
2026-03-21 23:33:34,-99.7286,37.7157, 264.5,10406,-46.6,-56.2,-51.9, 33, 52, 0.07,306,17.1
2026-03-21 23:33:35,-99.7284,37.7156, 264.3,10411,-46.6,-56.2,-51.9, 33, 52, 0.07,306,17.1
2026-03-21 23:33:36,-99.7283,37.7155, 264.1,10416,-46.6,-56.2,-52.0, 33, 52, 0.07,306,17.1
2026-03-21 23:33:37,-99.7281,37.7154, 263.9,10422,-46.7,-56.3,-52.0, 33, 52, 0.07,306,17.1
2026-03-21 23:33:38,-99.7280,37.7153, 263.7,10427,-46.7,-56.3,-52.0, 33, 52, 0.07,306,17.2
2026-03-21 23:33:39,-99.7278,37.7152, 263.5,10432,-46.7,-56.3,-52.0, 33, 52, 0.07,306,17.2
2026-03-21 23:33:40,-99.7277,37.7151, 263.3,10436,-46.8,-56.3,-52.1, 33, 52, 0.07,306,17.2
2026-03-21 23:33:41,-99.7275,37.7150, 263.1,10441,-46.8,-56.4,-52.1, 33, 52, 0.07,306,17.2
2026-03-21 23:33:42,-99.7274,37.7149, 262.9,10445,-46.9,-56.4,-52.1, 33, 53, 0.07,305,17.2
2026-03-21 23:33:43,-99.7272,37.7148, 262.8,10450,-46.9,-56.4,-52.1, 34, 53, 0.07,305,17.2
2026-03-21 23:33:44,-99.7271,37.7147, 262.6,10454,-47.0,-56.4,-52.1, 34, 53, 0.07,305,17.2
2026-03-21 23:33:45,-99.7269,37.7146, 262.4,10459,-47.0,-56.4,-52.1, 34, 53, 0.07,305,17.2
2026-03-21 23:33:46,-99.7268,37.7146, 262.2,10463,-47.0,-56.4,-52.2, 34, 53, 0.07,305,17.2
2026-03-21 23:33:47,-99.7266,37.7145, 262.1,10467,-47.1,-56.5,-52.2, 34, 53, 0.07,305,17.2
2026-03-21 23:33:48,-99.7265,37.7144, 261.9,10472,-47.1,-56.5,-52.2, 34, 53, 0.07,305,17.2
2026-03-21 23:33:49,-99.7263,37.7143, 261.7,10476,-47.2,-56.5,-52.2, 34, 54, 0.07,305,17.1
2026-03-21 23:33:50,-99.7261,37.7142, 261.5,10480,-47.2,-56.5,-52.2, 34, 54, 0.07,304,17.1
2026-03-21 23:33:51,-99.7259,37.7141, 261.4,10485,-47.3,-56.4,-52.2, 35, 55, 0.07,304,17.1
2026-03-21 23:33:52,-99.7258,37.7140, 261.2,10489,-47.3,-56.4,-52.1, 35, 56, 0.07,304,17.1
2026-03-21 23:33:53,-99.7256,37.7139, 261.0,10494,-47.4,-56.3,-52.0, 36, 56, 0.07,304,17.1
2026-03-21 23:33:54,-99.7254,37.7138, 260.8,10498,-47.4,-56.2,-51.9, 36, 57, 0.07,304,17.1
2026-03-21 23:33:55,-99.7253,37.7138, 260.7,10503,-47.4,-56.0,-51.8, 37, 59, 0.08,304,17.1
2026-03-21 23:33:56,-99.7251,37.7137, 260.5,10507,-47.5,-55.8,-51.6, 38, 60, 0.08,304,17.1
2026-03-21 23:33:57,-99.7250,37.7136, 260.3,10511,-47.5,-55.7,-51.4, 39, 62, 0.08,304,17.1
2026-03-21 23:33:58,-99.7248,37.7136, 260.1,10516,-47.5,-55.5,-51.3, 40, 63, 0.08,304,17.1
2026-03-21 23:33:59,-99.7246,37.7135, 260.0,10520,-47.6,-55.3,-51.1, 41, 65, 0.08,304,17.1
2026-03-21 23:34:00,-99.7245,37.7134, 259.8,10525,-47.6,-55.2,-50.9, 42, 67, 0.08,304,17.1
2026-03-21 23:34:01,-99.7243,37.7133, 259.6,10529,-47.7,-55.1,-50.9, 42, 68, 0.08,304,17.1
2026-03-21 23:34:02,-99.7242,37.7132, 259.4,10534,-47.7,-55.1,-50.9, 43, 68, 0.08,304,17.1
2026-03-21 23:34:03,-99.7240,37.7131, 259.3,10538,-47.8,-55.1,-50.9, 43, 68, 0.08,304,17.1
2026-03-21 23:34:04,-99.7238,37.7130, 259.1,10542,-47.8,-55.2,-50.9, 43, 68, 0.08,304,17.1
2026-03-21 23:34:05,-99.7237,37.7130, 258.9,10547,-47.9,-55.3,-51.1, 42, 67, 0.08,304,17.1
2026-03-21 23:34:06,-99.7235,37.7129, 258.8,10551,-47.9,-55.5,-51.3, 41, 66, 0.08,304,17.1
2026-03-21 23:34:07,-99.7233,37.7128, 258.6,10556,-48.0,-55.7,-51.5, 41, 65, 0.08,304,17.1
2026-03-21 23:34:08,-99.7232,37.7127, 258.4,10560,-48.0,-55.8,-51.6, 40, 64, 0.08,304,17.1
2026-03-21 23:34:09,-99.7230,37.7126, 258.2,10564,-48.0,-55.9,-51.6, 40, 64, 0.08,304,17.1
2026-03-21 23:34:10,-99.7229,37.7125, 258.1,10568,-48.0,-55.8,-51.6, 40, 64, 0.08,304,17.1
2026-03-21 23:34:11,-99.7228,37.7124, 257.9,10573,-48.1,-55.7,-51.5, 41, 66, 0.08,304,17.2
2026-03-21 23:34:12,-99.7226,37.7124, 257.8,10577,-48.1,-55.6,-51.3, 42, 67, 0.08,304,17.2
2026-03-21 23:34:13,-99.7224,37.7123, 257.6,10581,-48.2,-55.4,-51.2, 43, 69, 0.08,304,17.2
2026-03-21 23:34:14,-99.7223,37.7122, 257.4,10584,-48.2,-55.3,-51.1, 44, 70, 0.08,304,17.2
2026-03-21 23:34:15,-99.7221,37.7121, 257.3,10588,-48.3,-55.2,-51.0, 45, 72, 0.08,304,17.2
2026-03-21 23:34:16,-99.7219,37.7120, 257.2,10592,-48.3,-55.1,-50.9, 46, 73, 0.09,304,17.3
2026-03-21 23:34:17,-99.7217,37.7120, 257.0,10596,-48.4,-55.0,-50.8, 46, 74, 0.09,304,17.3
2026-03-21 23:34:18,-99.7216,37.7119, 256.8,10600,-48.4,-54.9,-50.7, 47, 75, 0.09,304,17.3
2026-03-21 23:34:19,-99.7214,37.7118, 256.7,10605,-48.4,-54.8,-50.6, 48, 76, 0.09,304,17.3
2026-03-21 23:34:20,-99.7213,37.7117, 256.5,10609,-48.4,-54.8,-50.6, 48, 77, 0.09,304,17.4
2026-03-21 23:34:21,-99.7211,37.7116, 256.3,10613,-48.4,-54.8,-50.6, 48, 77, 0.09,304,17.4
2026-03-21 23:34:22,-99.7210,37.7115, 256.2,10617,-48.5,-54.9,-50.7, 47, 76, 0.09,304,17.4
2026-03-21 23:34:23,-99.7208,37.7114, 256.0,10621,-48.5,-55.0,-50.8, 47, 76, 0.09,304,17.4
2026-03-21 23:34:24,-99.7206,37.7113, 255.9,10625,-48.6,-55.0,-50.8, 48, 76, 0.09,304,17.4
2026-03-21 23:34:25,-99.7204,37.7112, 255.7,10629,-48.6,-55.0,-50.8, 48, 77, 0.09,304,17.5
2026-03-21 23:34:26,-99.7202,37.7111, 255.5,10633,-48.7,-54.9,-50.7, 49, 78, 0.09,304,17.5
2026-03-21 23:34:27,-99.7201,37.7110, 255.4,10638,-48.7,-54.8,-50.6, 49, 79, 0.09,304,17.5
2026-03-21 23:34:28,-99.7199,37.7110, 255.2,10642,-48.8,-54.8,-50.6, 50, 80, 0.09,304,17.5
2026-03-21 23:34:29,-99.7198,37.7109, 255.1,10645,-48.8,-54.7,-50.5, 50, 81, 0.09,304,17.5
2026-03-21 23:34:30,-99.7196,37.7108, 254.9,10650,-48.8,-54.7,-50.5, 50, 81, 0.09,304,17.6
2026-03-21 23:34:31,-99.7195,37.7107, 254.7,10654,-48.9,-54.7,-50.5, 51, 82, 0.09,304,17.6
2026-03-21 23:34:32,-99.7193,37.7106, 254.6,10658,-48.9,-54.7,-50.5, 51, 82, 0.09,304,17.6
2026-03-21 23:34:33,-99.7192,37.7105, 254.4,10663,-48.9,-54.6,-50.4, 52, 83, 0.09,304,17.6
2026-03-21 23:34:34,-99.7190,37.7104, 254.2,10667,-49.0,-54.6,-50.4, 52, 84, 0.09,305,17.6
2026-03-21 23:34:35,-99.7188,37.7103, 254.1,10672,-49.0,-54.5,-50.4, 53, 85, 0.09,305,17.6
2026-03-21 23:34:36,-99.7187,37.7102, 253.9,10676,-49.1,-54.5,-50.3, 53, 86, 0.09,305,17.6
2026-03-21 23:34:37,-99.7185,37.7102, 253.7,10681,-49.1,-54.5,-50.3, 53, 86, 0.09,305,17.7
2026-03-21 23:34:38,-99.7183,37.7101, 253.5,10686,-49.2,-54.6,-50.4, 53, 86, 0.09,305,17.7
2026-03-21 23:34:39,-99.7182,37.7100, 253.4,10689,-49.2,-54.6,-50.4, 53, 86, 0.09,305,17.7
2026-03-21 23:34:40,-99.7180,37.7099, 253.2,10693,-49.2,-54.7,-50.5, 53, 85, 0.09,305,17.7
2026-03-21 23:34:41,-99.7178,37.7098, 253.1,10697,-49.3,-54.9,-50.7, 52, 84, 0.09,305,17.7
2026-03-21 23:34:42,-99.7176,37.7097, 252.9,10701,-49.3,-55.0,-50.8, 52, 84, 0.09,305,17.8
2026-03-21 23:34:43,-99.7174,37.7096, 252.7,10706,-49.4,-55.1,-50.9, 51, 83, 0.09,305,17.8
2026-03-21 23:34:44,-99.7173,37.7095, 252.5,10711,-49.4,-55.2,-51.0, 51, 83, 0.09,305,17.8
2026-03-21 23:34:45,-99.7171,37.7094, 252.3,10716,-49.5,-55.2,-51.0, 51, 82, 0.09,305,17.8
2026-03-21 23:34:46,-99.7170,37.7093, 252.1,10721,-49.5,-55.3,-51.1, 51, 83, 0.09,305,17.9
2026-03-21 23:34:47,-99.7168,37.7092, 251.9,10726,-49.6,-55.4,-51.1, 51, 82, 0.08,305,17.9
2026-03-21 23:34:48,-99.7167,37.7092, 251.8,10731,-49.6,-55.5,-51.3, 50, 81, 0.08,305,17.9
2026-03-21 23:34:49,-99.7165,37.7091, 251.6,10735,-49.6,-55.7,-51.5, 49, 80, 0.08,305,18.0
2026-03-21 23:34:50,-99.7164,37.7090, 251.4,10740,-49.7,-56.0,-51.7, 48, 77, 0.08,305,18.0
2026-03-21 23:34:51,-99.7162,37.7089, 251.3,10744,-49.7,-56.3,-52.0, 46, 75, 0.08,305,18.0
2026-03-21 23:34:52,-99.7160,37.7088, 251.1,10749,-49.7,-56.6,-52.3, 45, 73, 0.07,305,18.1
2026-03-21 23:34:53,-99.7158,37.7087, 250.9,10753,-49.8,-56.9,-52.6, 43, 71, 0.07,305,18.1
2026-03-21 23:34:54,-99.7157,37.7086, 250.8,10757,-49.8,-57.1,-52.8, 43, 69, 0.07,305,18.2
2026-03-21 23:34:55,-99.7155,37.7085, 250.6,10761,-49.9,-57.2,-52.9, 42, 68, 0.07,305,18.2
2026-03-21 23:34:56,-99.7154,37.7084, 250.4,10766,-50.0,-57.2,-52.9, 42, 69, 0.07,305,18.3
2026-03-21 23:34:57,-99.7152,37.7084, 250.2,10771,-50.0,-57.0,-52.7, 44, 71, 0.07,305,18.3
2026-03-21 23:34:58,-99.7150,37.7082, 250.0,10777,-50.0,-56.7,-52.4, 46, 74, 0.07,305,18.4
2026-03-21 23:34:59,-99.7148,37.7082, 249.8,10781,-50.1,-56.5,-52.3, 47, 76, 0.07,305,18.4
2026-03-21 23:35:00,-99.7147,37.7081, 249.7,10786,-50.1,-56.3,-52.1, 48, 78, 0.08,305,18.4
2026-03-21 23:35:01,-99.7145,37.7080, 249.5,10791,-50.1,-56.2,-51.9, 49, 80, 0.08,305,18.5
2026-03-21 23:35:02,-99.7143,37.7079, 249.3,10795,-50.2,-56.1,-51.8, 50, 81, 0.08,304,18.5
2026-03-21 23:35:03,-99.7141,37.7078, 249.1,10799,-50.2,-56.0,-51.8, 50, 82, 0.08,304,18.6
2026-03-21 23:35:04,-99.7139,37.7077, 249.0,10804,-50.2,-56.0,-51.7, 51, 83, 0.08,304,18.6
2026-03-21 23:35:05,-99.7137,37.7076, 248.8,10808,-50.3,-55.9,-51.7, 51, 84, 0.08,304,18.7
2026-03-21 23:35:06,-99.7136,37.7075, 248.7,10812,-50.3,-55.9,-51.7, 52, 85, 0.08,304,18.7
2026-03-21 23:35:07,-99.7134,37.7073, 248.5,10816,-50.4,-55.9,-51.6, 52, 85, 0.08,304,18.8
2026-03-21 23:35:08,-99.7132,37.7073, 248.3,10821,-50.4,-55.8,-51.5, 53, 87, 0.08,304,18.8
2026-03-21 23:35:09,-99.7131,37.7072, 248.2,10825,-50.4,-55.6,-51.4, 54, 89, 0.08,304,18.9
2026-03-21 23:35:10,-99.7129,37.7071, 248.0,10829,-50.5,-55.5,-51.3, 55, 91, 0.08,304,18.9
2026-03-21 23:35:11,-99.7127,37.7070, 247.8,10834,-50.5,-55.3,-51.1, 57, 93, 0.09,304,19.0
2026-03-21 23:35:12,-99.7126,37.7069, 247.7,10838,-50.5,-55.2,-50.9, 58, 95, 0.09,304,19.1
2026-03-21 23:35:13,-99.7124,37.7068, 247.5,10843,-50.5,-55.0,-50.8, 59, 97, 0.09,303,19.1
2026-03-21 23:35:14,-99.7122,37.7067, 247.3,10848,-50.6,-54.8,-50.6, 61, 99, 0.09,303,19.2
2026-03-21 23:35:15,-99.7120,37.7066, 247.1,10854,-50.6,-54.7,-50.5, 62,102, 0.09,303,19.3
2026-03-21 23:35:16,-99.7119,37.7065, 246.9,10859,-50.6,-54.6,-50.4, 63,103, 0.09,303,19.4
2026-03-21 23:35:17,-99.7117,37.7064, 246.7,10865,-50.6,-54.5,-50.3, 63,104, 0.10,303,19.5
2026-03-21 23:35:18,-99.7115,37.7063, 246.5,10870,-50.6,-54.5,-50.3, 64,105, 0.10,303,19.5
2026-03-21 23:35:19,-99.7113,37.7062, 246.3,10875,-50.7,-54.5,-50.3, 64,105, 0.10,303,19.6
2026-03-21 23:35:20,-99.7111,37.7062, 246.0,10881,-50.7,-54.6,-50.4, 64,104, 0.10,303,19.7
2026-03-21 23:35:21,-99.7109,37.7061, 245.8,10887,-50.8,-54.7,-50.5, 63,104, 0.09,303,19.8
2026-03-21 23:35:22,-99.7107,37.7060, 245.6,10894,-50.8,-54.8,-50.6, 63,103, 0.09,303,19.9
2026-03-21 23:35:23,-99.7105,37.7059, 245.3,10899,-50.9,-54.9,-50.7, 62,102, 0.09,303,20.0
2026-03-21 23:35:24,-99.7103,37.7058, 245.1,10906,-50.9,-55.1,-50.8, 61,100, 0.09,303,20.1
2026-03-21 23:35:25,-99.7101,37.7057, 244.9,10912,-50.9,-55.2,-51.0, 60, 99, 0.09,303,20.2
2026-03-21 23:35:26,-99.7099,37.7056, 244.6,10920,-50.9,-55.3,-51.1, 60, 98, 0.09,303,20.3
2026-03-21 23:35:27,-99.7097,37.7055, 244.3,10928,-51.0,-55.4,-51.2, 59, 97, 0.09,303,20.4
2026-03-21 23:35:28,-99.7095,37.7054, 244.0,10936,-51.0,-55.6,-51.3, 59, 96, 0.09,303,20.5
2026-03-21 23:35:29,-99.7093,37.7052, 243.7,10944,-51.1,-55.7,-51.4, 58, 96, 0.08,303,20.6
2026-03-21 23:35:30,-99.7092,37.7051, 243.4,10952,-51.2,-55.7,-51.5, 59, 96, 0.08,303,20.7
2026-03-21 23:35:31,-99.7090,37.7050, 243.1,10959,-51.3,-55.7,-51.5, 59, 97, 0.08,303,20.8
2026-03-21 23:35:32,-99.7088,37.7050, 242.9,10965,-51.3,-55.8,-51.5, 59, 97, 0.08,303,20.9
2026-03-21 23:35:33,-99.7086,37.7049, 242.7,10970,-51.4,-55.8,-51.5, 59, 98, 0.08,303,21.0
2026-03-21 23:35:34,-99.7083,37.7049, 242.5,10976,-51.4,-55.8,-51.5, 60, 98, 0.08,303,21.1
2026-03-21 23:35:35,-99.7080,37.7047, 242.3,10981,-51.5,-55.8,-51.6, 60, 99, 0.08,303,21.2
2026-03-21 23:35:36,-99.7078,37.7046, 242.1,10986,-51.5,-55.8,-51.6, 60,100, 0.08,303,21.3
2026-03-21 23:35:37,-99.7076,37.7045, 241.9,10992,-51.6,-55.8,-51.5, 61,101, 0.08,303,21.4
2026-03-21 23:35:38,-99.7074,37.7043, 241.7,10998,-51.6,-55.7,-51.5, 62,102, 0.08,303,21.5
2026-03-21 23:35:39,-99.7073,37.7042, 241.4,11004,-51.7,-55.7,-51.5, 62,103, 0.08,303,21.6
2026-03-21 23:35:40,-99.7072,37.7041, 241.2,11011,-51.8,-55.7,-51.5, 63,104, 0.08,303,21.7
2026-03-21 23:35:41,-99.7070,37.7040, 240.9,11018,-51.9,-55.7,-51.4, 64,106, 0.09,303,21.7
2026-03-21 23:35:42,-99.7068,37.7039, 240.7,11025,-52.0,-55.6,-51.4, 65,108, 0.09,303,21.8
2026-03-21 23:35:43,-99.7066,37.7038, 240.4,11032,-52.0,-55.6,-51.4, 66,109, 0.09,303,21.9
2026-03-21 23:35:44,-99.7063,37.7036, 240.2,11038,-52.1,-55.6,-51.4, 66,110, 0.09,303,22.0
2026-03-21 23:35:45,-99.7060,37.7035, 239.9,11045,-52.2,-55.6,-51.4, 66,110, 0.09,303,22.1
2026-03-21 23:35:46,-99.7058,37.7034, 239.7,11051,-52.2,-55.7,-51.5, 66,110, 0.09,303,22.1
2026-03-21 23:35:47,-99.7056,37.7034, 239.5,11057,-52.3,-55.8,-51.6, 66,110, 0.08,303,22.2
2026-03-21 23:35:48,-99.7054,37.7033, 239.3,11063,-52.4,-55.9,-51.7, 66,109, 0.08,303,22.3
2026-03-21 23:35:49,-99.7052,37.7032, 239.0,11068,-52.4,-56.0,-51.8, 65,108, 0.08,303,22.4
2026-03-21 23:35:50,-99.7051,37.7031, 238.8,11075,-52.4,-56.1,-51.9, 64,107, 0.08,303,22.5
2026-03-21 23:35:51,-99.7049,37.7030, 238.6,11081,-52.4,-56.3,-52.0, 63,105, 0.08,303,22.5
2026-03-21 23:35:52,-99.7047,37.7028, 238.3,11089,-52.5,-56.4,-52.2, 63,104, 0.08,302,22.6
2026-03-21 23:35:53,-99.7045,37.7027, 238.0,11097,-52.6,-56.6,-52.3, 62,103, 0.08,303,22.7
2026-03-21 23:35:54,-99.7042,37.7026, 237.7,11105,-52.6,-56.8,-52.5, 61,102, 0.08,303,22.8
2026-03-21 23:35:55,-99.7039,37.7024, 237.4,11112,-52.7,-56.8,-52.6, 61,102, 0.07,303,22.8
2026-03-21 23:35:56,-99.7037,37.7024, 237.2,11118,-52.8,-56.9,-52.6, 61,101, 0.07,303,22.9
2026-03-21 23:35:57,-99.7034,37.7023, 237.0,11124,-52.8,-57.0,-52.7, 60,101, 0.07,303,23.0
2026-03-21 23:35:58,-99.7032,37.7023, 236.8,11129,-52.8,-57.1,-52.8, 60,101, 0.07,303,23.1
2026-03-21 23:35:59,-99.7030,37.7022, 236.6,11136,-52.9,-57.2,-52.9, 60,100, 0.07,303,23.1
2026-03-21 23:36:00,-99.7028,37.7021, 236.3,11142,-53.0,-57.4,-53.1, 59, 99, 0.07,303,23.2
2026-03-21 23:36:01,-99.7026,37.7019, 236.1,11148,-53.0,-57.5,-53.2, 59, 98, 0.07,303,23.2
2026-03-21 23:36:02,-99.7024,37.7017, 235.9,11154,-53.1,-57.5,-53.2, 58, 98, 0.07,303,23.3
2026-03-21 23:36:03,-99.7021,37.7016, 235.7,11159,-53.1,-57.6,-53.3, 58, 98, 0.07,303,23.3
2026-03-21 23:36:04,-99.7019,37.7015, 235.6,11163,-53.1,-57.6,-53.3, 58, 98, 0.07,303,23.4
2026-03-21 23:36:05,-99.7017,37.7014, 235.4,11168,-53.2,-57.6,-53.3, 59, 98, 0.07,303,23.4
2026-03-21 23:36:06,-99.7015,37.7013, 235.2,11173,-53.3,-57.7,-53.3, 59, 99, 0.07,304,23.5
2026-03-21 23:36:07,-99.7013,37.7013, 235.0,11179,-53.3,-57.7,-53.4, 59,100, 0.07,304,23.5
2026-03-21 23:36:08,-99.7011,37.7011, 234.8,11185,-53.4,-57.7,-53.4, 59,100, 0.07,304,23.5
2026-03-21 23:36:09,-99.7008,37.7010, 234.5,11191,-53.5,-57.7,-53.4, 60,100, 0.07,304,23.5
2026-03-21 23:36:10,-99.7006,37.7008, 234.3,11197,-53.5,-57.7,-53.4, 60,101, 0.07,304,23.5
2026-03-21 23:36:11,-99.7004,37.7007, 234.1,11203,-53.5,-57.7,-53.4, 60,101, 0.07,304,23.5
2026-03-21 23:36:12,-99.7002,37.7005, 233.9,11208,-53.6,-57.7,-53.4, 61,102, 0.07,304,23.6
2026-03-21 23:36:13,-99.7000,37.7004, 233.7,11214,-53.6,-57.8,-53.4, 61,103, 0.07,304,23.6
2026-03-21 23:36:14,-99.6998,37.7002, 233.5,11218,-53.7,-57.8,-53.5, 61,103, 0.07,305,23.6
2026-03-21 23:36:15,-99.6995,37.7002, 233.4,11222,-53.7,-57.8,-53.5, 61,102, 0.07,305,23.6
2026-03-21 23:36:16,-99.6993,37.7000, 233.2,11226,-53.7,-57.9,-53.6, 60,102, 0.07,305,23.5
2026-03-21 23:36:17,-99.6990,37.7000, 233.1,11230,-53.7,-57.9,-53.6, 60,101, 0.07,305,23.5
2026-03-21 23:36:18,-99.6988,37.6998, 233.0,11234,-53.8,-58.0,-53.6, 60,102, 0.07,305,23.5
2026-03-21 23:36:19,-99.6986,37.6997, 232.8,11238,-53.8,-57.9,-53.6, 61,102, 0.07,305,23.5
2026-03-21 23:36:20,-99.6984,37.6996, 232.7,11242,-53.8,-57.9,-53.6, 61,103, 0.07,305,23.5
2026-03-21 23:36:21,-99.6982,37.6995, 232.6,11245,-53.9,-57.8,-53.5, 62,104, 0.07,305,23.5
2026-03-21 23:36:22,-99.6980,37.6994, 232.4,11249,-53.9,-57.8,-53.4, 63,106, 0.07,305,23.5
2026-03-21 23:36:23,-99.6978,37.6993, 232.3,11253,-53.9,-57.7,-53.4, 63,107, 0.07,305,23.5
2026-03-21 23:36:24,-99.6976,37.6991, 232.1,11257,-53.9,-57.6,-53.3, 64,108, 0.07,306,23.5
2026-03-21 23:36:25,-99.6974,37.6990, 232.0,11261,-53.9,-57.5,-53.2, 65,110, 0.07,306,23.5
2026-03-21 23:36:26,-99.6971,37.6989, 231.8,11266,-54.0,-57.5,-53.2, 66,111, 0.07,306,23.5
2026-03-21 23:36:27,-99.6969,37.6987, 231.7,11270,-54.0,-57.4,-53.1, 66,112, 0.07,306,23.5
2026-03-21 23:36:28,-99.6967,37.6986, 231.5,11274,-54.0,-57.4,-53.1, 67,112, 0.07,306,23.5
2026-03-21 23:36:29,-99.6965,37.6985, 231.4,11278,-54.1,-57.4,-53.1, 67,113, 0.07,306,23.5
2026-03-21 23:36:30,-99.6963,37.6984, 231.2,11282,-54.1,-57.4,-53.1, 67,113, 0.07,306,23.4
2026-03-21 23:36:31,-99.6961,37.6982, 231.1,11286,-54.1,-57.5,-53.2, 67,113, 0.07,306,23.4
2026-03-21 23:36:32,-99.6959,37.6981, 231.0,11290,-54.1,-57.5,-53.2, 67,113, 0.07,306,23.4
2026-03-21 23:36:33,-99.6957,37.6980, 230.8,11294,-54.2,-57.6,-53.3, 66,112, 0.07,306,23.4
2026-03-21 23:36:34,-99.6954,37.6979, 230.7,11298,-54.2,-57.6,-53.3, 66,112, 0.07,306,23.4
2026-03-21 23:36:35,-99.6952,37.6977, 230.5,11302,-54.2,-57.7,-53.4, 65,111, 0.07,306,23.4
2026-03-21 23:36:36,-99.6950,37.6976, 230.4,11306,-54.3,-57.8,-53.5, 65,110, 0.07,306,23.4
2026-03-21 23:36:37,-99.6947,37.6975, 230.2,11310,-54.3,-58.0,-53.6, 64,109, 0.07,306,23.3
2026-03-21 23:36:38,-99.6945,37.6974, 230.1,11315,-54.3,-58.0,-53.7, 64,108, 0.07,307,23.3
2026-03-21 23:36:39,-99.6943,37.6972, 229.9,11319,-54.4,-58.1,-53.8, 63,107, 0.07,307,23.3
2026-03-21 23:36:40,-99.6941,37.6971, 229.7,11323,-54.4,-58.2,-53.9, 63,107, 0.07,307,23.3
2026-03-21 23:36:41,-99.6939,37.6970, 229.6,11328,-54.4,-58.3,-54.0, 62,106, 0.06,307,23.2
2026-03-21 23:36:42,-99.6936,37.6969, 229.4,11332,-54.4,-58.4,-54.1, 62,105, 0.06,307,23.2
2026-03-21 23:36:43,-99.6934,37.6968, 229.3,11336,-54.5,-58.5,-54.1, 61,104, 0.06,307,23.2
2026-03-21 23:36:44,-99.6932,37.6966, 229.2,11340,-54.5,-58.6,-54.2, 61,103, 0.06,307,23.1
2026-03-21 23:36:45,-99.6930,37.6965, 229.0,11344,-54.5,-58.6,-54.3, 60,103, 0.06,307,23.1
2026-03-21 23:36:46,-99.6928,37.6964, 228.9,11348,-54.5,-58.7,-54.3, 60,102, 0.06,307,23.0
2026-03-21 23:36:47,-99.6926,37.6962, 228.7,11352,-54.5,-58.7,-54.4, 60,102, 0.06,307,23.0
2026-03-21 23:36:48,-99.6924,37.6961, 228.6,11356,-54.5,-58.7,-54.4, 60,102, 0.06,307,22.9
2026-03-21 23:36:49,-99.6922,37.6960, 228.5,11360,-54.5,-58.8,-54.4, 60,101, 0.06,307,22.9
2026-03-21 23:36:50,-99.6920,37.6959, 228.3,11364,-54.5,-58.8,-54.5, 59,101, 0.06,307,22.8
2026-03-21 23:36:51,-99.6918,37.6957, 228.2,11368,-54.5,-58.8,-54.5, 59,101, 0.06,307,22.8
2026-03-21 23:36:52,-99.6916,37.6956, 228.0,11372,-54.6,-58.9,-54.5, 59,101, 0.06,307,22.7
2026-03-21 23:36:53,-99.6914,37.6955, 227.9,11376,-54.6,-58.9,-54.6, 59,101, 0.06,307,22.7
2026-03-21 23:36:54,-99.6912,37.6954, 227.7,11380,-54.6,-58.9,-54.6, 59,101, 0.06,307,22.6
2026-03-21 23:36:55,-99.6910,37.6953, 227.6,11384,-54.7,-59.0,-54.6, 59,101, 0.06,307,22.6
2026-03-21 23:36:56,-99.6908,37.6951, 227.5,11387,-54.7,-59.0,-54.6, 59,101, 0.06,307,22.5
2026-03-21 23:36:57,-99.6906,37.6950, 227.3,11391,-54.7,-59.0,-54.7, 59,101, 0.06,307,22.5
2026-03-21 23:36:58,-99.6904,37.6949, 227.2,11395,-54.8,-59.1,-54.8, 59,100, 0.06,307,22.4
2026-03-21 23:36:59,-99.6902,37.6948, 227.0,11399,-54.8,-59.2,-54.8, 58, 99, 0.06,307,22.4
2026-03-21 23:37:00,-99.6900,37.6946, 226.9,11404,-54.8,-59.3,-54.9, 58, 99, 0.06,307,22.3
2026-03-21 23:37:01,-99.6898,37.6945, 226.7,11408,-54.8,-59.3,-55.0, 57, 98, 0.06,307,22.3
2026-03-21 23:37:02,-99.6896,37.6944, 226.6,11413,-54.8,-59.4,-55.1, 57, 97, 0.06,306,22.3
2026-03-21 23:37:03,-99.6894,37.6943, 226.4,11417,-54.8,-59.5,-55.1, 57, 96, 0.06,306,22.2
2026-03-21 23:37:04,-99.6892,37.6942, 226.3,11421,-54.8,-59.5,-55.1, 56, 96, 0.06,306,22.2
2026-03-21 23:37:05,-99.6890,37.6940, 226.1,11425,-54.8,-59.5,-55.2, 56, 96, 0.06,306,22.1
2026-03-21 23:37:06,-99.6888,37.6939, 226.0,11429,-54.9,-59.6,-55.2, 56, 96, 0.06,306,22.1
2026-03-21 23:37:07,-99.6886,37.6938, 225.9,11433,-54.9,-59.6,-55.2, 56, 96, 0.06,306,22.1
2026-03-21 23:37:08,-99.6884,37.6937, 225.7,11437,-54.9,-59.6,-55.3, 56, 96, 0.06,306,22.0
2026-03-21 23:37:09,-99.6882,37.6936, 225.6,11441,-54.9,-59.6,-55.3, 56, 96, 0.06,306,22.0
2026-03-21 23:37:10,-99.6880,37.6935, 225.4,11445,-55.0,-59.6,-55.3, 56, 96, 0.06,306,22.0
2026-03-21 23:37:11,-99.6878,37.6934, 225.3,11448,-55.0,-59.6,-55.3, 57, 97, 0.06,306,22.0
2026-03-21 23:37:12,-99.6876,37.6933, 225.2,11452,-55.0,-59.6,-55.3, 57, 97, 0.06,305,22.0
2026-03-21 23:37:13,-99.6874,37.6931, 225.0,11456,-55.1,-59.7,-55.3, 57, 97, 0.06,305,21.9
2026-03-21 23:37:14,-99.6872,37.6930, 224.9,11460,-55.1,-59.7,-55.3, 57, 97, 0.06,305,21.9
2026-03-21 23:37:15,-99.6870,37.6929, 224.7,11464,-55.1,-59.8,-55.4, 56, 96, 0.05,305,21.9
2026-03-21 23:37:16,-99.6868,37.6928, 224.6,11469,-55.1,-59.9,-55.5, 55, 95, 0.05,305,21.9
2026-03-21 23:37:17,-99.6866,37.6927, 224.4,11474,-55.1,-60.0,-55.6, 55, 93, 0.05,305,21.9
2026-03-21 23:37:18,-99.6864,37.6926, 224.3,11478,-55.1,-60.1,-55.8, 54, 92, 0.05,305,21.9
2026-03-21 23:37:19,-99.6862,37.6925, 224.1,11482,-55.1,-60.3,-55.9, 53, 90, 0.05,305,21.8
2026-03-21 23:37:20,-99.6860,37.6924, 224.0,11486,-55.1,-60.5,-56.1, 51, 88, 0.05,304,21.8
2026-03-21 23:37:21,-99.6857,37.6923, 223.9,11490,-55.1,-60.7,-56.3, 50, 86, 0.05,304,21.8
2026-03-21 23:37:22,-99.6855,37.6921, 223.7,11494,-55.1,-60.9,-56.5, 49, 83, 0.05,304,21.8
2026-03-21 23:37:23,-99.6853,37.6920, 223.6,11498,-55.1,-61.2,-56.8, 47, 81, 0.05,304,21.8
2026-03-21 23:37:24,-99.6852,37.6919, 223.4,11502,-55.2,-61.4,-57.0, 46, 79, 0.04,304,21.8
2026-03-21 23:37:25,-99.6850,37.6918, 223.2,11507,-55.2,-61.7,-57.2, 45, 76, 0.04,304,21.8
2026-03-21 23:37:26,-99.6848,37.6917, 223.1,11511,-55.2,-61.9,-57.4, 44, 75, 0.04,304,21.8
2026-03-21 23:37:27,-99.6846,37.6916, 222.9,11515,-55.2,-62.1,-57.7, 42, 73, 0.04,304,21.8
2026-03-21 23:37:28,-99.6844,37.6915, 222.8,11519,-55.2,-62.3,-57.9, 41, 71, 0.04,304,21.8
2026-03-21 23:37:29,-99.6842,37.6914, 222.7,11523,-55.3,-62.5,-58.1, 40, 69, 0.04,304,21.8
2026-03-21 23:37:30,-99.6839,37.6912, 222.5,11527,-55.3,-62.8,-58.3, 39, 67, 0.04,304,21.8
2026-03-21 23:37:31,-99.6837,37.6911, 222.4,11531,-55.3,-63.0,-58.6, 38, 65, 0.04,303,21.8
2026-03-21 23:37:32,-99.6835,37.6910, 222.2,11536,-55.4,-63.3,-58.8, 37, 64, 0.04,303,21.8
2026-03-21 23:37:33,-99.6833,37.6909, 222.1,11540,-55.4,-63.4,-58.9, 37, 63, 0.03,303,21.7
2026-03-21 23:37:34,-99.6831,37.6908, 221.9,11545,-55.4,-63.5,-59.0, 36, 62, 0.03,303,21.7
2026-03-21 23:37:35,-99.6829,37.6907, 221.8,11550,-55.4,-63.6,-59.1, 36, 61, 0.03,303,21.7
2026-03-21 23:37:36,-99.6827,37.6906, 221.6,11554,-55.4,-63.6,-59.1, 36, 62, 0.03,303,21.7
2026-03-21 23:37:37,-99.6825,37.6905, 221.5,11558,-55.4,-63.5,-59.0, 36, 62, 0.03,303,21.7
2026-03-21 23:37:38,-99.6823,37.6904, 221.3,11562,-55.4,-63.4,-58.9, 37, 63, 0.04,303,21.7
2026-03-21 23:37:39,-99.6821,37.6903, 221.2,11566,-55.5,-63.2,-58.7, 38, 65, 0.04,303,21.7
2026-03-21 23:37:40,-99.6819,37.6902, 221.1,11570,-55.5,-63.0,-58.5, 39, 67, 0.04,303,21.6
2026-03-21 23:37:41,-99.6816,37.6901, 220.9,11574,-55.6,-62.8,-58.3, 40, 69, 0.04,303,21.6
2026-03-21 23:37:42,-99.6814,37.6900, 220.8,11578,-55.6,-62.6,-58.1, 42, 71, 0.04,303,21.6
2026-03-21 23:37:43,-99.6812,37.6899, 220.6,11581,-55.6,-62.4,-57.9, 43, 73, 0.04,303,21.6
2026-03-21 23:37:44,-99.6810,37.6898, 220.5,11586,-55.6,-62.1,-57.7, 44, 76, 0.04,303,21.5
2026-03-21 23:37:45,-99.6808,37.6897, 220.4,11590,-55.5,-61.9,-57.5, 45, 78, 0.04,303,21.5
2026-03-21 23:37:46,-99.6806,37.6895, 220.2,11594,-55.5,-61.7,-57.2, 46, 80, 0.04,303,21.5
2026-03-21 23:37:47,-99.6804,37.6894, 220.1,11598,-55.5,-61.5,-57.1, 47, 81, 0.05,303,21.5
2026-03-21 23:37:48,-99.6802,37.6893, 219.9,11603,-55.5,-61.4,-57.0, 48, 83, 0.05,303,21.4
2026-03-21 23:37:49,-99.6800,37.6892, 219.8,11607,-55.5,-61.3,-56.9, 49, 84, 0.05,303,21.4
2026-03-21 23:37:50,-99.6798,37.6891, 219.6,11611,-55.6,-61.3,-56.9, 49, 84, 0.05,303,21.3
2026-03-21 23:37:51,-99.6796,37.6890, 219.5,11616,-55.6,-61.3,-56.9, 49, 85, 0.05,303,21.3
2026-03-21 23:37:52,-99.6794,37.6889, 219.3,11621,-55.7,-61.3,-56.9, 50, 85, 0.05,303,21.3
2026-03-21 23:37:53,-99.6792,37.6888, 219.1,11626,-55.7,-61.4,-56.9, 50, 86, 0.05,303,21.2
2026-03-21 23:37:54,-99.6790,37.6887, 219.0,11631,-55.8,-61.4,-56.9, 50, 86, 0.05,303,21.2
2026-03-21 23:37:55,-99.6788,37.6886, 218.8,11635,-55.8,-61.3,-56.9, 50, 86, 0.05,303,21.1
2026-03-21 23:37:56,-99.6786,37.6885, 218.6,11640,-55.8,-61.3,-56.9, 51, 87, 0.05,303,21.1
2026-03-21 23:37:57,-99.6784,37.6884, 218.5,11645,-55.8,-61.3,-56.9, 51, 88, 0.05,303,21.0
2026-03-21 23:37:58,-99.6782,37.6883, 218.3,11650,-55.9,-61.3,-56.9, 51, 88, 0.05,303,21.0
2026-03-21 23:37:59,-99.6780,37.6882, 218.1,11655,-55.9,-61.3,-56.9, 51, 88, 0.05,303,20.9
2026-03-21 23:38:00,-99.6778,37.6881, 217.9,11660,-55.9,-61.3,-56.9, 51, 88, 0.05,303,20.9
2026-03-21 23:38:01,-99.6776,37.6880, 217.8,11665,-56.0,-61.3,-56.9, 51, 88, 0.05,303,20.8
2026-03-21 23:38:02,-99.6774,37.6879, 217.7,11668,-56.0,-61.4,-57.0, 51, 88, 0.05,303,20.8
2026-03-21 23:38:03,-99.6772,37.6878, 217.5,11672,-56.0,-61.4,-57.0, 51, 88, 0.05,303,20.7
2026-03-21 23:38:04,-99.6770,37.6877, 217.4,11675,-56.1,-61.5,-57.0, 51, 88, 0.05,303,20.7
2026-03-21 23:38:05,-99.6768,37.6876, 217.3,11679,-56.1,-61.5,-57.1, 51, 88, 0.05,303,20.6
2026-03-21 23:38:06,-99.6767,37.6875, 217.2,11683,-56.1,-61.5,-57.1, 51, 88, 0.05,303,20.6
2026-03-21 23:38:07,-99.6765,37.6874, 217.0,11687,-56.1,-61.6,-57.2, 51, 88, 0.05,303,20.5
2026-03-21 23:38:08,-99.6763,37.6873, 216.9,11691,-56.2,-61.6,-57.2, 51, 88, 0.05,303,20.5
2026-03-21 23:38:09,-99.6761,37.6872, 216.7,11696,-56.2,-61.6,-57.2, 51, 88, 0.05,303,20.4
2026-03-21 23:38:10,-99.6759,37.6871, 216.6,11700,-56.2,-61.7,-57.2, 51, 87, 0.04,303,20.4
2026-03-21 23:38:11,-99.6757,37.6870, 216.4,11705,-56.2,-61.7,-57.3, 50, 87, 0.04,303,20.3
2026-03-21 23:38:12,-99.6755,37.6869, 216.3,11709,-56.2,-61.8,-57.4, 50, 86, 0.04,303,20.3
2026-03-21 23:38:13,-99.6753,37.6868, 216.1,11713,-56.3,-61.9,-57.4, 50, 86, 0.04,303,20.3
2026-03-21 23:38:14,-99.6751,37.6867, 216.0,11718,-56.3,-62.0,-57.5, 49, 85, 0.04,303,20.2
2026-03-21 23:38:15,-99.6749,37.6866, 215.8,11722,-56.3,-62.0,-57.6, 49, 84, 0.04,303,20.2
2026-03-21 23:38:16,-99.6747,37.6865, 215.7,11727,-56.3,-62.1,-57.7, 49, 84, 0.04,303,20.1
2026-03-21 23:38:17,-99.6745,37.6864, 215.5,11731,-56.3,-62.1,-57.7, 48, 84, 0.04,303,20.1
2026-03-21 23:38:18,-99.6743,37.6863, 215.4,11735,-56.3,-62.2,-57.7, 48, 83, 0.04,303,20.0
2026-03-21 23:38:19,-99.6741,37.6862, 215.3,11739,-56.3,-62.2,-57.7, 48, 83, 0.04,303,20.0
2026-03-21 23:38:20,-99.6740,37.6861, 215.1,11743,-56.3,-62.1,-57.7, 48, 84, 0.04,303,20.0
2026-03-21 23:38:21,-99.6738,37.6860, 215.0,11747,-56.3,-62.1,-57.6, 49, 84, 0.04,303,19.9
2026-03-21 23:38:22,-99.6736,37.6859, 214.9,11751,-56.3,-62.0,-57.6, 49, 85, 0.04,303,19.9
2026-03-21 23:38:23,-99.6734,37.6858, 214.7,11755,-56.4,-62.0,-57.5, 50, 86, 0.04,303,19.9
2026-03-21 23:38:24,-99.6732,37.6857, 214.6,11759,-56.4,-61.9,-57.5, 50, 87, 0.04,303,19.9
2026-03-21 23:38:25,-99.6730,37.6856, 214.4,11764,-56.4,-61.9,-57.5, 50, 87, 0.04,303,19.9
2026-03-21 23:38:26,-99.6728,37.6855, 214.2,11769,-56.5,-61.9,-57.5, 51, 88, 0.04,303,19.8
2026-03-21 23:38:27,-99.6726,37.6854, 214.1,11773,-56.5,-61.9,-57.5, 51, 88, 0.04,303,19.8
2026-03-21 23:38:28,-99.6725,37.6853, 213.9,11778,-56.5,-61.9,-57.5, 51, 89, 0.04,303,19.8
2026-03-21 23:38:29,-99.6723,37.6852, 213.8,11783,-56.6,-61.9,-57.5, 51, 89, 0.04,303,19.8
2026-03-21 23:38:30,-99.6721,37.6851, 213.6,11788,-56.6,-62.0,-57.6, 51, 88, 0.04,303,19.9
2026-03-21 23:38:31,-99.6719,37.6850, 213.4,11792,-56.6,-62.1,-57.7, 50, 87, 0.04,303,19.9
2026-03-21 23:38:32,-99.6717,37.6849, 213.3,11797,-56.7,-62.3,-57.9, 49, 85, 0.04,303,19.9
2026-03-21 23:38:33,-99.6715,37.6848, 213.1,11801,-56.7,-62.6,-58.2, 47, 82, 0.04,303,19.9
2026-03-21 23:38:34,-99.6713,37.6848, 213.0,11806,-56.7,-63.0,-58.5, 45, 79, 0.04,303,20.0
2026-03-21 23:38:35,-99.6712,37.6847, 212.8,11810,-56.8,-63.4,-59.0, 43, 75, 0.04,303,20.0
2026-03-21 23:38:36,-99.6710,37.6846, 212.7,11815,-56.8,-64.0,-59.5, 40, 70, 0.03,303,20.1
2026-03-21 23:38:37,-99.6708,37.6845, 212.5,11820,-56.8,-64.5,-60.0, 38, 65, 0.03,303,20.1
2026-03-21 23:38:38,-99.6706,37.6844, 212.4,11824,-56.8,-65.1,-60.6, 35, 61, 0.03,303,20.2
2026-03-21 23:38:39,-99.6704,37.6843, 212.2,11829,-56.8,-65.8,-61.2, 32, 56, 0.03,303,20.2
2026-03-21 23:38:40,-99.6702,37.6842, 212.1,11834,-56.8,-66.5,-61.9, 29, 50, 0.02,303,20.3
2026-03-21 23:38:41,-99.6700,37.6841, 211.9,11838,-56.8,-67.3,-62.7, 26, 45, 0.02,303,20.4
2026-03-21 23:38:42,-99.6698,37.6840, 211.8,11843,-56.9,-68.2,-63.6, 23, 40, 0.02,303,20.5
2026-03-21 23:38:43,-99.6696,37.6839, 211.6,11847,-56.9,-69.2,-64.6, 20, 35, 0.02,303,20.5
2026-03-21 23:38:44,-99.6694,37.6838, 211.5,11851,-56.9,-70.1,-65.5, 18, 31, 0.01,303,20.6
2026-03-21 23:38:45,-99.6692,37.6837, 211.3,11855,-56.9,-71.0,-66.3, 16, 27, 0.01,303,20.7
2026-03-21 23:38:46,-99.6690,37.6836, 211.2,11859,-56.9,-71.7,-67.0, 14, 25, 0.01,304,20.8
2026-03-21 23:38:47,-99.6688,37.6835, 211.1,11864,-56.9,-72.2,-67.5, 13, 23, 0.01,304,20.9
2026-03-21 23:38:48,-99.6686,37.6834, 210.9,11868,-56.9,-72.5,-67.8, 13, 22, 0.01,304,21.0
2026-03-21 23:38:49,-99.6684,37.6833, 210.8,11872,-56.9,-72.6,-68.0, 12, 22, 0.01,304,21.0
2026-03-21 23:38:50,-99.6682,37.6832, 210.7,11876,-56.9,-72.6,-67.9, 12, 22, 0.01,304,21.1
2026-03-21 23:38:51,-99.6680,37.6831, 210.5,11880,-56.9,-72.5,-67.8, 13, 22, 0.01,304,21.2
2026-03-21 23:38:52,-99.6678,37.6830, 210.4,11884,-56.9,-72.4,-67.7, 13, 23, 0.01,304,21.3
2026-03-21 23:38:53,-99.6676,37.6829, 210.2,11888,-56.9,-72.2,-67.5, 13, 23, 0.01,305,21.3
2026-03-21 23:38:54,-99.6674,37.6827, 210.1,11893,-56.9,-72.0,-67.3, 14, 24, 0.01,305,21.4
2026-03-21 23:38:55,-99.6672,37.6826, 209.9,11897,-57.0,-71.8,-67.1, 14, 24, 0.01,305,21.5
2026-03-21 23:38:56,-99.6670,37.6825, 209.8,11901,-57.0,-71.6,-67.0, 14, 25, 0.01,305,21.5
2026-03-21 23:38:57,-99.6668,37.6824, 209.7,11906,-57.0,-71.4,-66.8, 15, 26, 0.01,305,21.6
2026-03-21 23:38:58,-99.6667,37.6823, 209.5,11910,-57.0,-71.3,-66.6, 15, 27, 0.01,305,21.6
2026-03-21 23:38:59,-99.6665,37.6822, 209.4,11915,-57.0,-71.2,-66.5, 16, 27, 0.01,305,21.6
2026-03-21 23:39:00,-99.6663,37.6820, 209.2,11919,-57.1,-71.1,-66.4, 16, 28, 0.01,306,21.7
2026-03-21 23:39:01,-99.6661,37.6819, 209.1,11923,-57.1,-71.0,-66.3, 16, 28, 0.01,306,21.7
2026-03-21 23:39:02,-99.6659,37.6818, 208.9,11927,-57.1,-70.9,-66.2, 16, 28, 0.01,306,21.7
2026-03-21 23:39:03,-99.6656,37.6817, 208.8,11931,-57.1,-70.8,-66.2, 16, 29, 0.01,306,21.7
2026-03-21 23:39:04,-99.6654,37.6816, 208.7,11935,-57.1,-70.8,-66.1, 17, 29, 0.01,306,21.8
2026-03-21 23:39:05,-99.6652,37.6814, 208.5,11940,-57.1,-70.8,-66.1, 17, 29, 0.01,306,21.8
2026-03-21 23:39:06,-99.6650,37.6813, 208.4,11944,-57.2,-70.7,-66.1, 17, 29, 0.01,306,21.8
2026-03-21 23:39:07,-99.6648,37.6812, 208.3,11948,-57.2,-70.7,-66.1, 17, 29, 0.01,306,21.8
2026-03-21 23:39:08,-99.6646,37.6811, 208.1,11952,-57.2,-70.7,-66.1, 17, 29, 0.01,307,21.8
2026-03-21 23:39:09,-99.6644,37.6810, 208.0,11957,-57.1,-70.7,-66.0, 17, 29, 0.01,307,21.8
2026-03-21 23:39:10,-99.6642,37.6809, 207.8,11961,-57.1,-70.6,-66.0, 17, 30, 0.01,307,21.7
2026-03-21 23:39:11,-99.6640,37.6808, 207.7,11966,-57.1,-70.6,-66.0, 17, 30, 0.01,307,21.7
2026-03-21 23:39:12,-99.6638,37.6806, 207.5,11970,-57.2,-70.6,-66.0, 17, 30, 0.01,307,21.7
2026-03-21 23:39:13,-99.6636,37.6805, 207.4,11975,-57.2,-70.6,-66.0, 17, 30, 0.01,307,21.7
2026-03-21 23:39:14,-99.6635,37.6804, 207.2,11980,-57.3,-70.7,-66.0, 17, 30, 0.01,307,21.6
2026-03-21 23:39:15,-99.6633,37.6803, 207.1,11984,-57.3,-70.7,-66.0, 17, 30, 0.01,307,21.6
2026-03-21 23:39:16,-99.6631,37.6802, 206.9,11989,-57.3,-70.7,-66.0, 17, 30, 0.01,307,21.6
2026-03-21 23:39:17,-99.6629,37.6801, 206.8,11993,-57.3,-70.7,-66.0, 17, 30, 0.01,307,21.5
2026-03-21 23:39:18,-99.6627,37.6799, 206.6,11997,-57.3,-70.7,-66.0, 17, 30, 0.01,308,21.5
2026-03-21 23:39:19,-99.6625,37.6798, 206.5,12002,-57.4,-70.7,-66.1, 17, 30, 0.01,308,21.4
2026-03-21 23:39:20,-99.6623,37.6797, 206.4,12006,-57.4,-70.7,-66.1, 17, 30, 0.01,308,21.4
2026-03-21 23:39:21,-99.6621,37.6795, 206.2,12010,-57.4,-70.8,-66.1, 17, 30, 0.01,308,21.3
2026-03-21 23:39:22,-99.6619,37.6794, 206.1,12015,-57.4,-70.7,-66.1, 17, 30, 0.01,308,21.3
2026-03-21 23:39:23,-99.6617,37.6793, 205.9,12019,-57.4,-70.7,-66.1, 17, 30, 0.01,308,21.2
2026-03-21 23:39:24,-99.6615,37.6792, 205.8,12024,-57.5,-70.7,-66.1, 17, 31, 0.01,308,21.1
2026-03-21 23:39:25,-99.6614,37.6791, 205.6,12028,-57.5,-70.8,-66.1, 17, 31, 0.01,308,21.1
2026-03-21 23:39:26,-99.6612,37.6790, 205.5,12033,-57.6,-70.8,-66.2, 17, 31, 0.01,308,21.0
2026-03-21 23:39:27,-99.6610,37.6788, 205.3,12038,-57.6,-70.8,-66.2, 17, 31, 0.01,308,20.9
2026-03-21 23:39:28,-99.6608,37.6787, 205.2,12042,-57.6,-70.9,-66.2, 17, 31, 0.01,308,20.9
2026-03-21 23:39:29,-99.6606,37.6786, 205.1,12046,-57.6,-70.9,-66.2, 17, 31, 0.01,308,20.8
2026-03-21 23:39:30,-99.6604,37.6785, 204.9,12050,-57.7,-70.9,-66.2, 17, 31, 0.01,308,20.7
2026-03-21 23:39:31,-99.6602,37.6784, 204.8,12054,-57.7,-70.9,-66.3, 18, 31, 0.01,308,20.7
2026-03-21 23:39:32,-99.6600,37.6783, 204.7,12058,-57.7,-70.9,-66.3, 17, 31, 0.01,307,20.6
2026-03-21 23:39:33,-99.6598,37.6782, 204.6,12061,-57.7,-71.0,-66.3, 17, 30, 0.01,307,20.5
2026-03-21 23:39:34,-99.6597,37.6780, 204.4,12065,-57.7,-71.0,-66.4, 17, 30, 0.01,307,20.5
2026-03-21 23:39:35,-99.6595,37.6779, 204.3,12069,-57.7,-71.0,-66.4, 17, 30, 0.01,307,20.4
2026-03-21 23:39:36,-99.6593,37.6778, 204.2,12073,-57.8,-71.1,-66.5, 17, 30, 0.01,307,20.3
2026-03-21 23:39:37,-99.6591,37.6777, 204.0,12077,-57.8,-71.2,-66.5, 17, 30, 0.01,307,20.3
2026-03-21 23:39:38,-99.6590,37.6776, 203.9,12082,-57.8,-71.3,-66.6, 17, 29, 0.01,307,20.2
2026-03-21 23:39:39,-99.6588,37.6775, 203.7,12086,-57.8,-71.3,-66.7, 17, 29, 0.01,307,20.1
2026-03-21 23:39:40,-99.6586,37.6774, 203.6,12091,-57.8,-71.4,-66.8, 16, 29, 0.01,307,20.1
2026-03-21 23:39:41,-99.6584,37.6773, 203.4,12096,-57.7,-71.5,-66.8, 16, 28, 0.01,307,20.0
2026-03-21 23:39:42,-99.6582,37.6772, 203.3,12101,-57.7,-71.6,-66.9, 16, 28, 0.01,307,20.0
2026-03-21 23:39:43,-99.6581,37.6771, 203.1,12105,-57.7,-71.6,-67.0, 16, 28, 0.01,307,19.9
2026-03-21 23:39:44,-99.6579,37.6770, 203.0,12110,-57.8,-71.7,-67.1, 16, 28, 0.01,307,19.9
2026-03-21 23:39:45,-99.6577,37.6769, 202.9,12114,-57.8,-71.8,-67.1, 16, 27, 0.01,307,19.8
2026-03-21 23:39:46,-99.6575,37.6768, 202.7,12119,-57.8,-71.9,-67.2, 15, 27, 0.01,307,19.8
2026-03-21 23:39:47,-99.6573,37.6767, 202.6,12123,-57.8,-71.9,-67.3, 15, 27, 0.01,307,19.7
2026-03-21 23:39:48,-99.6571,37.6766, 202.4,12128,-57.8,-72.0,-67.3, 15, 27, 0.01,307,19.7
2026-03-21 23:39:49,-99.6570,37.6765, 202.3,12132,-57.8,-72.1,-67.4, 15, 26, 0.01,307,19.7
2026-03-21 23:39:50,-99.6568,37.6764, 202.1,12136,-57.8,-72.1,-67.5, 15, 26, 0.01,307,19.6
2026-03-21 23:39:51,-99.6566,37.6762, 202.0,12140,-57.8,-72.2,-67.5, 15, 26, 0.01,307,19.6
2026-03-21 23:39:52,-99.6564,37.6761, 201.9,12145,-57.8,-72.2,-67.5, 15, 26, 0.01,307,19.6
2026-03-21 23:39:53,-99.6563,37.6760, 201.7,12149,-57.8,-72.2,-67.5, 15, 26, 0.01,307,19.6
2026-03-21 23:39:54,-99.6561,37.6759, 201.6,12154,-57.9,-72.2,-67.5, 15, 26, 0.01,307,19.5
2026-03-21 23:39:55,-99.6559,37.6758, 201.4,12159,-57.9,-72.2,-67.6, 15, 26, 0.01,306,19.5
2026-03-21 23:39:56,-99.6557,37.6757, 201.3,12163,-57.9,-72.3,-67.6, 15, 26, 0.01,306,19.5
2026-03-21 23:39:57,-99.6555,37.6756, 201.1,12167,-58.0,-72.3,-67.6, 15, 26, 0.01,306,19.5
2026-03-21 23:39:58,-99.6554,37.6755, 201.0,12172,-58.0,-72.3,-67.7, 15, 26, 0.01,306,19.5
2026-03-21 23:39:59,-99.6552,37.6754, 200.9,12176,-58.0,-72.4,-67.7, 15, 26, 0.01,306,19.4
2026-03-21 23:40:00,-99.6550,37.6753, 200.7,12180,-58.1,-72.4,-67.7, 15, 26, 0.01,306,19.4
2026-03-21 23:40:01,-99.6549,37.6752, 200.6,12185,-58.1,-72.4,-67.7, 15, 26, 0.01,306,19.4
2026-03-21 23:40:02,-99.6547,37.6751, 200.4,12189,-58.1,-72.4,-67.7, 15, 26, 0.01,306,19.4
2026-03-21 23:40:03,-99.6545,37.6750, 200.3,12194,-58.1,-72.4,-67.7, 15, 26, 0.01,306,19.4
2026-03-21 23:40:04,-99.6543,37.6749, 200.1,12199,-58.1,-72.4,-67.7, 15, 26, 0.01,306,19.3
2026-03-21 23:40:05,-99.6542,37.6748, 200.0,12203,-58.1,-72.4,-67.8, 15, 26, 0.01,306,19.3
2026-03-21 23:40:06,-99.6540,37.6747, 199.9,12208,-58.1,-72.4,-67.8, 15, 26, 0.01,306,19.3
2026-03-21 23:40:07,-99.6538,37.6746, 199.7,12212,-58.2,-72.5,-67.8, 15, 26, 0.01,306,19.3
2026-03-21 23:40:08,-99.6536,37.6745, 199.6,12217,-58.2,-72.5,-67.8, 15, 26, 0.01,306,19.3
2026-03-21 23:40:09,-99.6534,37.6744, 199.4,12221,-58.2,-72.5,-67.9, 15, 26, 0.01,305,19.2
2026-03-21 23:40:10,-99.6533,37.6743, 199.3,12226,-58.2,-72.5,-67.9, 15, 26, 0.01,305,19.2
2026-03-21 23:40:11,-99.6531,37.6742, 199.2,12230,-58.2,-72.6,-67.9, 15, 26, 0.01,305,19.2
2026-03-21 23:40:12,-99.6529,37.6741, 199.0,12234,-58.1,-72.6,-67.9, 15, 26, 0.01,305,19.2
2026-03-21 23:40:13,-99.6527,37.6740, 198.9,12238,-58.1,-72.6,-67.9, 15, 26, 0.01,305,19.1
2026-03-21 23:40:14,-99.6526,37.6739, 198.8,12243,-58.2,-72.6,-68.0, 15, 26, 0.01,305,19.1
2026-03-21 23:40:15,-99.6524,37.6738, 198.6,12247,-58.2,-72.6,-68.0, 15, 26, 0.01,305,19.1
2026-03-21 23:40:16,-99.6522,37.6737, 198.5,12252,-58.2,-72.7,-68.0, 15, 26, 0.01,304,19.0
2026-03-21 23:40:17,-99.6520,37.6736, 198.3,12256,-58.2,-72.6,-68.0, 15, 26, 0.01,304,19.0
2026-03-21 23:40:18,-99.6518,37.6735, 198.2,12260,-58.2,-72.6,-67.9, 15, 26, 0.01,304,19.0
2026-03-21 23:40:19,-99.6516,37.6734, 198.1,12264,-58.2,-72.6,-67.9, 15, 26, 0.01,304,19.0
2026-03-21 23:40:20,-99.6515,37.6733, 198.0,12268,-58.2,-72.6,-67.9, 15, 26, 0.01,304,18.9
2026-03-21 23:40:21,-99.6513,37.6732, 197.8,12272,-58.3,-72.6,-67.9, 15, 26, 0.01,304,18.9
2026-03-21 23:40:22,-99.6511,37.6731, 197.7,12276,-58.3,-72.5,-67.9, 15, 26, 0.01,303,18.9
2026-03-21 23:40:23,-99.6510,37.6730, 197.6,12280,-58.3,-72.5,-67.8, 15, 26, 0.01,303,18.8
2026-03-21 23:40:24,-99.6508,37.6729, 197.4,12284,-58.3,-72.5,-67.8, 15, 27, 0.01,303,18.8
2026-03-21 23:40:25,-99.6506,37.6728, 197.3,12289,-58.4,-72.4,-67.8, 15, 27, 0.01,303,18.7
2026-03-21 23:40:26,-99.6504,37.6728, 197.1,12294,-58.4,-72.4,-67.7, 15, 27, 0.01,303,18.7
2026-03-21 23:40:27,-99.6502,37.6727, 197.0,12299,-58.4,-72.3,-67.7, 16, 27, 0.01,302,18.7
2026-03-21 23:40:28,-99.6501,37.6726, 196.9,12303,-58.4,-72.3,-67.6, 16, 28, 0.01,302,18.6
2026-03-21 23:40:29,-99.6499,37.6725, 196.7,12308,-58.4,-72.2,-67.5, 16, 28, 0.01,302,18.6
2026-03-21 23:40:30,-99.6497,37.6724, 196.6,12312,-58.4,-72.1,-67.5, 16, 28, 0.01,302,18.6
2026-03-21 23:40:31,-99.6495,37.6723, 196.4,12316,-58.4,-72.1,-67.4, 16, 28, 0.01,302,18.5
2026-03-21 23:40:32,-99.6494,37.6722, 196.3,12321,-58.4,-72.0,-67.4, 16, 29, 0.01,301,18.5
2026-03-21 23:40:33,-99.6492,37.6721, 196.2,12325,-58.4,-72.0,-67.3, 16, 29, 0.01,301,18.4
2026-03-21 23:40:34,-99.6490,37.6720, 196.0,12330,-58.4,-72.0,-67.3, 16, 29, 0.01,301,18.4
2026-03-21 23:40:35,-99.6488,37.6719, 195.9,12334,-58.5,-72.0,-67.3, 17, 29, 0.01,301,18.4
2026-03-21 23:40:36,-99.6486,37.6719, 195.8,12338,-58.5,-72.0,-67.3, 17, 29, 0.01,300,18.3
2026-03-21 23:40:37,-99.6484,37.6718, 195.6,12342,-58.5,-72.0,-67.3, 17, 29, 0.01,300,18.3
2026-03-21 23:40:38,-99.6483,37.6717, 195.5,12346,-58.5,-72.0,-67.3, 17, 29, 0.01,300,18.3
2026-03-21 23:40:39,-99.6481,37.6716, 195.4,12351,-58.5,-72.0,-67.3, 17, 29, 0.01,300,18.3
2026-03-21 23:40:40,-99.6479,37.6715, 195.2,12355,-58.5,-72.0,-67.3, 17, 29, 0.01,299,18.2
2026-03-21 23:40:41,-99.6477,37.6715, 195.1,12359,-58.5,-72.0,-67.3, 17, 30, 0.01,299,18.2
2026-03-21 23:40:42,-99.6476,37.6714, 195.0,12363,-58.6,-72.0,-67.3, 17, 30, 0.01,299,18.2
2026-03-21 23:40:43,-99.6474,37.6713, 194.9,12367,-58.6,-72.0,-67.4, 17, 30, 0.01,298,18.2
2026-03-21 23:40:44,-99.6472,37.6712, 194.8,12370,-58.6,-72.0,-67.4, 17, 30, 0.01,298,18.2
2026-03-21 23:40:45,-99.6470,37.6712, 194.6,12374,-58.7,-72.1,-67.4, 17, 30, 0.01,298,18.2
2026-03-21 23:40:46,-99.6469,37.6711, 194.5,12378,-58.7,-72.1,-67.4, 17, 30, 0.01,298,18.1
2026-03-21 23:40:47,-99.6467,37.6710, 194.4,12382,-58.7,-72.0,-67.4, 17, 30, 0.01,297,18.1
2026-03-21 23:40:48,-99.6465,37.6709, 194.3,12387,-58.7,-72.0,-67.3, 17, 30, 0.01,297,18.1
2026-03-21 23:40:49,-99.6463,37.6709, 194.1,12391,-58.6,-72.0,-67.3, 17, 30, 0.01,297,18.1
2026-03-21 23:40:50,-99.6461,37.6708, 194.0,12395,-58.6,-71.9,-67.3, 17, 30, 0.01,296,18.1
2026-03-21 23:40:51,-99.6460,37.6707, 193.9,12400,-58.6,-71.9,-67.2, 17, 30, 0.01,296,18.1
2026-03-21 23:40:52,-99.6458,37.6706, 193.7,12404,-58.5,-71.9,-67.2, 17, 30, 0.01,296,18.2
2026-03-21 23:40:53,-99.6456,37.6706, 193.6,12409,-58.5,-71.8,-67.2, 17, 30, 0.01,295,18.2
2026-03-21 23:40:54,-99.6454,37.6705, 193.4,12413,-58.4,-71.8,-67.2, 17, 30, 0.01,295,18.2
2026-03-21 23:40:55,-99.6452,37.6704, 193.3,12417,-58.4,-71.9,-67.2, 17, 29, 0.01,295,18.2
2026-03-21 23:40:56,-99.6450,37.6704, 193.2,12421,-58.4,-72.0,-67.3, 16, 29, 0.01,295,18.2
2026-03-21 23:40:57,-99.6448,37.6703, 193.0,12426,-58.4,-72.1,-67.4, 16, 28, 0.01,294,18.2
2026-03-21 23:40:58,-99.6446,37.6702, 192.9,12430,-58.3,-72.1,-67.5, 16, 28, 0.01,294,18.3
2026-03-21 23:40:59,-99.6445,37.6702, 192.8,12435,-58.3,-72.2,-67.5, 16, 28, 0.01,294,18.3
2026-03-21 23:41:00,-99.6443,37.6701, 192.6,12439,-58.3,-72.3,-67.6, 15, 27, 0.01,294,18.3
2026-03-21 23:41:01,-99.6441,37.6701, 192.5,12443,-58.2,-72.4,-67.7, 15, 27, 0.01,293,18.4
2026-03-21 23:41:02,-99.6439,37.6700, 192.4,12448,-58.2,-72.5,-67.8, 15, 26, 0.01,293,18.4
2026-03-21 23:41:03,-99.6437,37.6699, 192.2,12452,-58.2,-72.6,-67.9, 15, 26, 0.01,293,18.4
2026-03-21 23:41:04,-99.6435,37.6699, 192.1,12457,-58.2,-72.7,-68.1, 14, 25, 0.01,293,18.5
2026-03-21 23:41:05,-99.6433,37.6698, 192.0,12461,-58.2,-72.9,-68.2, 14, 25, 0.01,293,18.5
2026-03-21 23:41:06,-99.6431,37.6697, 191.8,12466,-58.2,-73.0,-68.3, 14, 24, 0.01,293,18.5
2026-03-21 23:41:07,-99.6429,37.6697, 191.7,12470,-58.2,-73.1,-68.4, 14, 24, 0.01,293,18.6
2026-03-21 23:41:08,-99.6427,37.6696, 191.5,12475,-58.3,-73.2,-68.5, 14, 24, 0.01,293,18.6
2026-03-21 23:41:09,-99.6425,37.6696, 191.4,12480,-58.3,-73.2,-68.5, 14, 24, 0.01,293,18.6
2026-03-21 23:41:10,-99.6424,37.6695, 191.3,12485,-58.3,-73.3,-68.6, 13, 24, 0.01,293,18.7
2026-03-21 23:41:11,-99.6422,37.6694, 191.1,12489,-58.3,-73.3,-68.6, 13, 24, 0.01,293,18.7
2026-03-21 23:41:12,-99.6420,37.6694, 191.0,12494,-58.4,-73.3,-68.7, 13, 24, 0.01,293,18.7
2026-03-21 23:41:13,-99.6418,37.6693, 190.8,12498,-58.4,-73.4,-68.7, 13, 23, 0.01,293,18.8
2026-03-21 23:41:14,-99.6416,37.6693, 190.7,12502,-58.4,-73.5,-68.8, 13, 23, 0.01,293,18.8
2026-03-21 23:41:15,-99.6414,37.6692, 190.6,12506,-58.5,-73.7,-69.0, 13, 23, 0.01,293,18.8
2026-03-21 23:41:16,-99.6412,37.6691, 190.5,12511,-58.5,-73.8,-69.2, 13, 22, 0.01,293,18.8
2026-03-21 23:41:17,-99.6410,37.6691, 190.3,12515,-58.5,-74.0,-69.4, 12, 22, 0.01,293,18.9
2026-03-21 23:41:18,-99.6408,37.6690, 190.2,12520,-58.5,-74.3,-69.6, 12, 21, 0.01,294,18.9
2026-03-21 23:41:19,-99.6405,37.6690, 190.1,12524,-58.4,-74.5,-69.8, 11, 20, 0.01,294,18.9
2026-03-21 23:41:20,-99.6403,37.6689, 189.9,12528,-58.4,-74.7,-70.0, 11, 19, 0.01,294,18.9
2026-03-21 23:41:21,-99.6401,37.6688, 189.8,12533,-58.3,-74.9,-70.2, 10, 18, 0.01,294,18.9
2026-03-21 23:41:22,-99.6399,37.6687, 189.6,12538,-58.1,-75.1,-70.4, 10, 18, 0.01,295,18.8
2026-03-21 23:41:23,-99.6397,37.6687, 189.5,12543,-58.0,-75.4,-70.7, 10, 17, 0.01,295,18.8
2026-03-21 23:41:24,-99.6395,37.6686, 189.3,12547,-57.8,-75.6,-70.9,  9, 16, 0.01,295,18.8
2026-03-21 23:41:25,-99.6393,37.6685, 189.2,12552,-57.7,-75.9,-71.2,  9, 15, 0.01,296,18.8
2026-03-21 23:41:26,-99.6392,37.6684, 189.0,12558,-57.7,-76.2,-71.5,  8, 14, 0.01,296,18.7
2026-03-21 23:41:27,-99.6390,37.6684, 188.9,12563,-57.6,-76.6,-71.8,  8, 13, 0.01,297,18.7
2026-03-21 23:41:28,-99.6388,37.6683, 188.7,12568,-57.6,-76.9,-72.2,  7, 13, 0.01,297,18.7
2026-03-21 23:41:29,-99.6386,37.6682, 188.6,12573,-57.5,-77.2,-72.5,  7, 12, 0.01,297,18.6
2026-03-21 23:41:30,-99.6384,37.6681, 188.4,12578,-57.4,-77.4,-72.7,  7, 11, 0.01,298,18.6
2026-03-21 23:41:31,-99.6382,37.6681, 188.3,12582,-57.4,-77.7,-72.9,  6, 11, 0.01,298,18.5
2026-03-21 23:41:32,-99.6380,37.6680, 188.2,12586,-57.4,-77.9,-73.1,  6, 11, 0.01,299,18.4
2026-03-21 23:41:33,-99.6378,37.6679, 188.1,12590,-57.3,-78.0,-73.3,  6, 10, 0.01,299,18.4
2026-03-21 23:41:34,-99.6376,37.6678, 187.9,12594,-57.3,-78.2,-73.4,  6, 10, 0.01,300,18.3
2026-03-21 23:41:35,-99.6374,37.6677, 187.8,12599,-57.3,-78.2,-73.5,  6, 10, 0.01,300,18.2
2026-03-21 23:41:36,-99.6373,37.6676, 187.7,12603,-57.2,-78.3,-73.6,  6, 10, 0.01,300,18.2
2026-03-21 23:41:37,-99.6371,37.6675, 187.6,12607,-57.2,-78.4,-73.6,  6, 10, 0.00,301,18.1
2026-03-21 23:41:38,-99.6370,37.6675, 187.4,12612,-57.2,-78.4,-73.7,  5, 10, 0.00,301,18.0
2026-03-21 23:41:39,-99.6368,37.6674, 187.3,12616,-57.2,-78.4,-73.6,  5, 10, 0.00,302,18.0
2026-03-21 23:41:40,-99.6366,37.6673, 187.2,12621,-57.2,-78.3,-73.6,  6, 10, 0.01,302,17.9
2026-03-21 23:41:41,-99.6365,37.6672, 187.0,12625,-57.2,-78.3,-73.6,  6, 10, 0.01,303,17.8
2026-03-21 23:41:42,-99.6363,37.6671, 186.9,12630,-57.2,-78.3,-73.5,  6, 10, 0.01,303,17.7
2026-03-21 23:41:43,-99.6361,37.6670, 186.7,12635,-57.3,-78.3,-73.6,  6, 10, 0.01,303,17.7
2026-03-21 23:41:44,-99.6360,37.6669, 186.6,12639,-57.3,-78.3,-73.6,  6, 10, 0.01,304,17.6
2026-03-21 23:41:45,-99.6358,37.6669, 186.5,12644,-57.3,-78.3,-73.6,  6, 10, 0.01,304,17.5
2026-03-21 23:41:46,-99.6356,37.6668, 186.3,12648,-57.3,-78.3,-73.6,  6, 10, 0.01,305,17.4
2026-03-21 23:41:47,-99.6355,37.6667, 186.2,12653,-57.3,-78.3,-73.6,  6, 10, 0.01,305,17.4
2026-03-21 23:41:48,-99.6353,37.6666, 186.1,12658,-57.3,-78.3,-73.6,  6, 10, 0.01,305,17.3
2026-03-21 23:41:49,-99.6352,37.6665, 185.9,12663,-57.4,-78.3,-73.6,  6, 10, 0.01,306,17.2
2026-03-21 23:41:50,-99.6350,37.6664, 185.8,12667,-57.4,-78.4,-73.6,  6, 10, 0.01,306,17.2
2026-03-21 23:41:51,-99.6348,37.6663, 185.6,12672,-57.5,-78.4,-73.6,  6, 10, 0.01,306,17.1
2026-03-21 23:41:52,-99.6347,37.6662, 185.5,12677,-57.5,-78.4,-73.6,  6, 10, 0.01,306,17.0
2026-03-21 23:41:53,-99.6345,37.6661, 185.4,12682,-57.6,-78.4,-73.6,  6, 10, 0.01,307,17.0
2026-03-21 23:41:54,-99.6344,37.6660, 185.2,12686,-57.6,-78.4,-73.6,  6, 10, 0.01,307,16.9
2026-03-21 23:41:55,-99.6342,37.6659, 185.1,12691,-57.6,-78.4,-73.6,  6, 10, 0.01,307,16.8
2026-03-21 23:41:56,-99.6341,37.6658, 185.0,12695,-57.6,-78.3,-73.6,  6, 10, 0.01,307,16.8
2026-03-21 23:41:57,-99.6339,37.6657, 184.8,12699,-57.7,-78.3,-73.6,  6, 10, 0.01,307,16.7
2026-03-21 23:41:58,-99.6338,37.6656, 184.7,12703,-57.7,-78.3,-73.6,  6, 10, 0.01,308,16.6
2026-03-21 23:41:59,-99.6336,37.6656, 184.6,12707,-57.7,-78.3,-73.6,  6, 10, 0.01,308,16.6
2026-03-21 23:42:00,-99.6335,37.6655, 184.5,12711,-57.8,-78.4,-73.6,  6, 10, 0.01,308,16.5
2026-03-21 23:42:01,-99.6334,37.6654, 184.4,12715,-57.8,-78.4,-73.7,  6, 10, 0.01,308,16.4
2026-03-21 23:42:02,-99.6332,37.6653, 184.3,12719,-57.8,-78.4,-73.7,  6, 10, 0.01,308,16.3
2026-03-21 23:42:03,-99.6331,37.6652, 184.1,12723,-57.8,-78.4,-73.7,  6, 10, 0.01,308,16.3
2026-03-21 23:42:04,-99.6329,37.6651, 184.0,12728,-57.8,-78.4,-73.7,  6, 10, 0.01,308,16.2
2026-03-21 23:42:05,-99.6328,37.6650, 183.9,12732,-57.8,-78.4,-73.7,  6, 10, 0.01,308,16.1
2026-03-21 23:42:06,-99.6326,37.6649, 183.8,12736,-57.9,-78.5,-73.7,  6, 10, 0.01,308,16.1
2026-03-21 23:42:07,-99.6325,37.6648, 183.6,12741,-57.9,-78.5,-73.8,  6, 10, 0.00,308,16.0
2026-03-21 23:42:08,-99.6324,37.6647, 183.5,12745,-57.9,-78.6,-73.8,  6, 10, 0.00,308,15.9
2026-03-21 23:42:09,-99.6322,37.6647, 183.4,12749,-58.0,-78.6,-73.9,  6, 10, 0.00,308,15.8
2026-03-21 23:42:10,-99.6321,37.6646, 183.3,12753,-58.0,-78.6,-73.9,  6, 10, 0.00,308,15.8
2026-03-21 23:42:11,-99.6319,37.6645, 183.1,12758,-58.0,-78.7,-73.9,  6, 10, 0.00,308,15.7
2026-03-21 23:42:12,-99.6318,37.6644, 183.0,12762,-58.0,-78.7,-74.0,  6, 10, 0.00,308,15.6
2026-03-21 23:42:13,-99.6317,37.6643, 182.9,12767,-58.1,-78.8,-74.0,  6, 10, 0.00,308,15.6
2026-03-21 23:42:14,-99.6315,37.6642, 182.8,12771,-58.1,-78.8,-74.1,  6, 10, 0.00,308,15.5
2026-03-21 23:42:15,-99.6314,37.6641, 182.6,12775,-58.1,-78.8,-74.1,  6, 10, 0.00,308,15.5
2026-03-21 23:42:16,-99.6313,37.6640, 182.5,12779,-58.1,-78.9,-74.1,  6, 10, 0.00,307,15.4
2026-03-21 23:42:17,-99.6311,37.6639, 182.4,12783,-58.2,-78.9,-74.2,  6, 10, 0.00,307,15.4
2026-03-21 23:42:18,-99.6310,37.6639, 182.3,12788,-58.2,-79.0,-74.2,  6, 10, 0.00,307,15.3
2026-03-21 23:42:19,-99.6309,37.6638, 182.2,12792,-58.2,-79.0,-74.3,  6, 10, 0.00,307,15.3
2026-03-21 23:42:20,-99.6307,37.6637, 182.0,12796,-58.2,-79.1,-74.4,  6, 10, 0.00,307,15.3
2026-03-21 23:42:21,-99.6306,37.6636, 181.9,12800,-58.2,-79.1,-74.4,  5, 10, 0.00,307,15.3
2026-03-21 23:42:22,-99.6305,37.6636, 181.8,12805,-58.1,-79.2,-74.4,  5, 10, 0.00,306,15.3
2026-03-21 23:42:23,-99.6303,37.6635, 181.6,12809,-58.1,-79.2,-74.4,  5,  9, 0.00,306,15.3
2026-03-21 23:42:24,-99.6302,37.6634, 181.5,12814,-58.1,-79.2,-74.5,  5,  9, 0.00,306,15.3
2026-03-21 23:42:25,-99.6300,37.6633, 181.4,12818,-58.1,-79.3,-74.5,  5,  9, 0.00,306,15.3
2026-03-21 23:42:26,-99.6299,37.6632, 181.3,12823,-58.1,-79.4,-74.6,  5,  9, 0.00,305,15.4
2026-03-21 23:42:27,-99.6298,37.6632, 181.1,12827,-58.1,-79.4,-74.7,  5,  9, 0.00,305,15.4
2026-03-21 23:42:28,-99.6296,37.6631, 181.0,12832,-58.2,-79.5,-74.8,  5,  9, 0.00,305,15.5
2026-03-21 23:42:29,-99.6295,37.6630, 180.9,12836,-58.2,-79.6,-74.9,  5,  9, 0.00,305,15.6
2026-03-21 23:42:30,-99.6294,37.6629, 180.8,12840,-58.2,-79.7,-74.9,  5,  9, 0.00,304,15.6
2026-03-21 23:42:31,-99.6293,37.6629, 180.7,12844,-58.1,-79.7,-75.0,  5,  9, 0.00,304,15.7
2026-03-21 23:42:32,-99.6292,37.6628, 180.6,12847,-58.1,-79.8,-75.1,  5,  9, 0.00,304,15.8
2026-03-21 23:42:33,-99.6290,37.6628, 180.4,12851,-58.1,-79.9,-75.1,  5,  9, 0.00,304,15.9
2026-03-21 23:42:34,-99.6288,37.6627, 180.3,12855,-58.0,-79.9,-75.2,  5,  8, 0.00,303,16.0
2026-03-21 23:42:35,-99.6287,37.6626, 180.2,12860,-57.9,-79.9,-75.2,  5,  8, 0.00,303,16.1
2026-03-21 23:42:36,-99.6285,37.6625, 180.1,12864,-57.9,-80.0,-75.2,  5,  8, 0.00,303,16.2
2026-03-21 23:42:37,-99.6284,37.6624, 180.0,12868,-57.8,-80.0,-75.3,  5,  8, 0.00,302,16.3
2026-03-21 23:42:38,-99.6282,37.6623, 179.9,12872,-57.8,-80.1,-75.3,  5,  8, 0.00,302,16.4
2026-03-21 23:42:39,-99.6280,37.6622, 179.7,12876,-57.8,-80.1,-75.4,  4,  8, 0.00,302,16.5
2026-03-21 23:42:40,-99.6278,37.6621, 179.6,12880,-57.8,-80.2,-75.5,  4,  8, 0.00,302,16.6
2026-03-21 23:42:41,-99.6277,37.6621, 179.5,12885,-57.8,-80.3,-75.5,  4,  8, 0.00,302,16.7
2026-03-21 23:42:42,-99.6275,37.6620, 179.4,12889,-57.8,-80.3,-75.6,  4,  8, 0.00,301,16.8
2026-03-21 23:42:43,-99.6273,37.6619, 179.2,12894,-57.7,-80.4,-75.6,  4,  8, 0.00,301,16.9
2026-03-21 23:42:44,-99.6272,37.6618, 179.1,12898,-57.7,-80.4,-75.7,  4,  7, 0.00,301,16.9
2026-03-21 23:42:45,-99.6270,37.6617, 179.0,12903,-57.7,-80.5,-75.7,  4,  7, 0.00,301,17.0
2026-03-21 23:42:46,-99.6268,37.6617, 178.9,12907,-57.7,-80.5,-75.8,  4,  7, 0.00,300,17.1
2026-03-21 23:42:47,-99.6267,37.6616, 178.7,12912,-57.7,-80.6,-75.8,  4,  7, 0.00,300,17.1
2026-03-21 23:42:48,-99.6265,37.6615, 178.6,12916,-57.7,-80.6,-75.8,  4,  7, 0.00,300,17.2
2026-03-21 23:42:49,-99.6263,37.6614, 178.5,12920,-57.7,-80.6,-75.9,  4,  7, 0.00,300,17.2
2026-03-21 23:42:50,-99.6262,37.6614, 178.4,12925,-57.7,-80.6,-75.9,  4,  7, 0.00,300,17.2
2026-03-21 23:42:51,-99.6260,37.6613, 178.2,12929,-57.7,-80.6,-75.9,  4,  7, 0.00,300,17.2
2026-03-21 23:42:52,-99.6258,37.6612, 178.1,12933,-57.7,-80.7,-75.9,  4,  7, 0.00,300,17.2
2026-03-21 23:42:53,-99.6256,37.6612, 178.0,12938,-57.7,-80.7,-75.9,  4,  7, 0.00,300,17.2
2026-03-21 23:42:54,-99.6254,37.6611, 177.9,12942,-57.7,-80.7,-76.0,  4,  7, 0.00,299,17.2
2026-03-21 23:42:55,-99.6253,37.6610, 177.8,12946,-57.7,-80.8,-76.0,  4,  7, 0.00,299,17.2
2026-03-21 23:42:56,-99.6251,37.6609, 177.6,12950,-57.7,-80.8,-76.1,  4,  7, 0.00,299,17.2
2026-03-21 23:42:57,-99.6249,37.6608, 177.5,12954,-57.8,-80.9,-76.1,  4,  7, 0.00,299,17.1
2026-03-21 23:42:58,-99.6247,37.6608, 177.4,12959,-57.8,-81.0,-76.2,  4,  7, 0.00,299,17.1
2026-03-21 23:42:59,-99.6246,37.6607, 177.3,12964,-57.9,-81.0,-76.3,  4,  7, 0.00,299,17.1
2026-03-21 23:43:00,-99.6244,37.6606, 177.1,12968,-57.9,-81.0,-76.3,  4,  7, 0.00,299,17.0
2026-03-21 23:43:01,-99.6242,37.6606, 177.0,12972,-57.9,-81.1,-76.3,  4,  7, 0.00,299,16.9
2026-03-21 23:43:02,-99.6241,37.6605, 176.9,12976,-57.9,-81.1,-76.3,  4,  7, 0.00,300,16.9
2026-03-21 23:43:03,-99.6239,37.6604, 176.8,12980,-57.8,-81.1,-76.3,  4,  7, 0.00,300,16.8
2026-03-21 23:43:04,-99.6237,37.6603, 176.7,12984,-57.8,-81.1,-76.3,  4,  7, 0.00,300,16.8
2026-03-21 23:43:05,-99.6236,37.6602, 176.6,12989,-57.8,-81.1,-76.3,  4,  7, 0.00,300,16.7
2026-03-21 23:43:06,-99.6234,37.6602, 176.4,12993,-57.7,-81.1,-76.3,  4,  7, 0.00,300,16.6
2026-03-21 23:43:07,-99.6232,37.6601, 176.3,12997,-57.7,-81.1,-76.3,  4,  7, 0.00,300,16.6
2026-03-21 23:43:08,-99.6231,37.6600, 176.2,13002,-57.8,-81.1,-76.3,  4,  7, 0.00,300,16.5
2026-03-21 23:43:09,-99.6229,37.6599, 176.1,13006,-57.8,-81.1,-76.4,  4,  7, 0.00,300,16.5
2026-03-21 23:43:10,-99.6228,37.6599, 176.0,13010,-57.8,-81.1,-76.4,  4,  7, 0.00,300,16.4
2026-03-21 23:43:11,-99.6226,37.6598, 175.8,13014,-57.8,-81.1,-76.4,  4,  7, 0.00,301,16.4
2026-03-21 23:43:12,-99.6224,37.6598, 175.7,13019,-57.7,-81.2,-76.4,  4,  7, 0.00,301,16.3
2026-03-21 23:43:13,-99.6223,37.6597, 175.6,13023,-57.7,-81.2,-76.4,  4,  7, 0.00,301,16.3
2026-03-21 23:43:14,-99.6221,37.6596, 175.5,13027,-57.7,-81.2,-76.5,  4,  7, 0.00,301,16.3
2026-03-21 23:43:15,-99.6220,37.6595, 175.4,13032,-57.8,-81.3,-76.6,  4,  7, 0.00,301,16.2
2026-03-21 23:43:16,-99.6218,37.6594, 175.2,13036,-57.8,-81.4,-76.6,  4,  6, 0.00,301,16.2
2026-03-21 23:43:17,-99.6217,37.6593, 175.1,13040,-57.7,-81.4,-76.7,  4,  6, 0.00,302,16.2
2026-03-21 23:43:18,-99.6216,37.6593, 175.0,13044,-57.7,-81.5,-76.7,  4,  6, 0.00,302,16.2
2026-03-21 23:43:19,-99.6214,37.6592, 174.9,13048,-57.7,-81.5,-76.8,  4,  6, 0.00,302,16.2
2026-03-21 23:43:20,-99.6213,37.6591, 174.8,13052,-57.7,-81.5,-76.8,  4,  6, 0.00,302,16.3
2026-03-21 23:43:21,-99.6211,37.6591, 174.7,13056,-57.6,-81.6,-76.8,  4,  6, 0.00,302,16.3
2026-03-21 23:43:22,-99.6210,37.6590, 174.5,13061,-57.6,-81.6,-76.9,  3,  6, 0.00,302,16.3
2026-03-21 23:43:23,-99.6208,37.6589, 174.4,13065,-57.6,-81.6,-76.9,  3,  6, 0.00,302,16.4
2026-03-21 23:43:24,-99.6207,37.6588, 174.3,13069,-57.6,-81.7,-76.9,  3,  6, 0.00,302,16.4
2026-03-21 23:43:25,-99.6205,37.6588, 174.2,13073,-57.6,-81.7,-76.9,  3,  6, 0.00,302,16.5
2026-03-21 23:43:26,-99.6203,37.6587, 174.1,13078,-57.6,-81.7,-77.0,  3,  6, 0.00,303,16.5
2026-03-21 23:43:27,-99.6202,37.6586, 174.0,13082,-57.6,-81.8,-77.0,  3,  6, 0.00,303,16.6
2026-03-21 23:43:28,-99.6200,37.6585, 173.9,13086,-57.6,-81.8,-77.1,  3,  6, 0.00,303,16.6
2026-03-21 23:43:29,-99.6199,37.6584, 173.7,13090,-57.6,-81.9,-77.1,  3,  6, 0.00,303,16.7
2026-03-21 23:43:30,-99.6197,37.6583, 173.6,13094,-57.6,-81.9,-77.1,  3,  6, 0.00,303,16.8
2026-03-21 23:43:31,-99.6196,37.6583, 173.5,13099,-57.7,-81.9,-77.2,  3,  6, 0.00,303,16.8
2026-03-21 23:43:32,-99.6194,37.6582, 173.4,13103,-57.7,-82.0,-77.2,  3,  6, 0.00,303,16.9
2026-03-21 23:43:33,-99.6192,37.6581, 173.3,13107,-57.7,-82.0,-77.2,  3,  6, 0.00,303,17.0
2026-03-21 23:43:34,-99.6190,37.6580, 173.2,13111,-57.7,-82.0,-77.3,  3,  6, 0.00,303,17.0
2026-03-21 23:43:35,-99.6189,37.6579, 173.0,13115,-57.7,-82.0,-77.3,  3,  6, 0.00,303,17.1
2026-03-21 23:43:36,-99.6187,37.6579, 172.9,13120,-57.7,-82.1,-77.3,  3,  6, 0.00,304,17.1
2026-03-21 23:43:37,-99.6185,37.6578, 172.8,13124,-57.6,-82.1,-77.3,  3,  6, 0.00,304,17.2
2026-03-21 23:43:38,-99.6184,37.6577, 172.7,13129,-57.6,-82.0,-77.3,  3,  6, 0.00,304,17.2
2026-03-21 23:43:39,-99.6182,37.6576, 172.6,13133,-57.5,-82.0,-77.3,  3,  6, 0.00,304,17.2
2026-03-21 23:43:40,-99.6181,37.6575, 172.4,13137,-57.5,-82.0,-77.3,  3,  6, 0.00,304,17.3
2026-03-21 23:43:41,-99.6179,37.6574, 172.3,13142,-57.5,-82.1,-77.3,  3,  6, 0.00,304,17.3
2026-03-21 23:43:42,-99.6177,37.6573, 172.2,13146,-57.5,-82.1,-77.4,  3,  6, 0.00,304,17.3
2026-03-21 23:43:43,-99.6176,37.6572, 172.1,13150,-57.6,-82.2,-77.4,  3,  6, 0.00,305,17.3
2026-03-21 23:43:44,-99.6174,37.6572, 172.0,13154,-57.6,-82.2,-77.4,  3,  6, 0.00,305,17.3
2026-03-21 23:43:45,-99.6172,37.6571, 171.9,13158,-57.6,-82.2,-77.5,  3,  6, 0.00,305,17.3
2026-03-21 23:43:46,-99.6171,37.6570, 171.8,13162,-57.6,-82.2,-77.5,  3,  6, 0.00,305,17.3
2026-03-21 23:43:47,-99.6169,37.6569, 171.6,13167,-57.6,-82.2,-77.5,  3,  6, 0.00,305,17.2
2026-03-21 23:43:48,-99.6167,37.6568, 171.5,13171,-57.5,-82.2,-77.4,  3,  6, 0.00,305,17.2
2026-03-21 23:43:49,-99.6165,37.6567, 171.4,13176,-57.5,-82.2,-77.4,  3,  6, 0.00,305,17.2
2026-03-21 23:43:50,-99.6164,37.6566, 171.3,13181,-57.5,-82.1,-77.4,  3,  5, 0.00,306,17.1
2026-03-21 23:43:51,-99.6162,37.6565, 171.1,13185,-57.5,-82.1,-77.4,  3,  5, 0.00,306,17.1
2026-03-21 23:43:52,-99.6161,37.6564, 171.0,13189,-57.5,-82.1,-77.4,  3,  5, 0.00,306,17.0
2026-03-21 23:43:53,-99.6160,37.6563, 170.9,13193,-57.5,-82.2,-77.4,  3,  5, 0.00,306,17.0
2026-03-21 23:43:54,-99.6158,37.6562, 170.8,13198,-57.5,-82.2,-77.4,  3,  5, 0.00,306,16.9
2026-03-21 23:43:55,-99.6156,37.6561, 170.7,13202,-57.5,-82.2,-77.4,  3,  5, 0.00,306,16.8
2026-03-21 23:43:56,-99.6155,37.6560, 170.6,13206,-57.5,-82.2,-77.4,  3,  5, 0.00,306,16.7
2026-03-21 23:43:57,-99.6153,37.6559, 170.5,13210,-57.6,-82.2,-77.5,  3,  5, 0.00,306,16.7
2026-03-21 23:43:58,-99.6151,37.6559, 170.3,13214,-57.6,-82.2,-77.5,  3,  6, 0.00,307,16.6
2026-03-21 23:43:59,-99.6150,37.6558, 170.2,13219,-57.6,-82.3,-77.5,  3,  6, 0.00,307,16.5
2026-03-21 23:44:00,-99.6148,37.6557, 170.1,13223,-57.7,-82.3,-77.5,  3,  6, 0.00,307,16.4
2026-03-21 23:44:01,-99.6147,37.6556, 170.0,13226,-57.7,-82.3,-77.5,  3,  6, 0.00,307,16.3
2026-03-21 23:44:02,-99.6146,37.6555, 169.9,13230,-57.7,-82.3,-77.6,  3,  5, 0.00,307,16.3
2026-03-21 23:44:03,-99.6145,37.6554, 169.8,13234,-57.7,-82.4,-77.6,  3,  5, 0.00,307,16.2
2026-03-21 23:44:04,-99.6143,37.6553, 169.7,13238,-57.7,-82.4,-77.6,  3,  5, 0.00,307,16.1
2026-03-21 23:44:05,-99.6142,37.6552, 169.6,13242,-57.7,-82.4,-77.6,  3,  5, 0.00,307,16.0
2026-03-21 23:44:06,-99.6140,37.6551, 169.5,13247,-57.7,-82.4,-77.6,  3,  5, 0.00,307,16.0
2026-03-21 23:44:07,-99.6139,37.6551, 169.4,13251,-57.8,-82.4,-77.7,  3,  5, 0.00,307,15.9
2026-03-21 23:44:08,-99.6137,37.6550, 169.3,13255,-57.8,-82.5,-77.7,  3,  5, 0.00,307,15.8
2026-03-21 23:44:09,-99.6136,37.6549, 169.1,13259,-57.8,-82.5,-77.7,  3,  5, 0.00,307,15.8
2026-03-21 23:44:10,-99.6134,37.6548, 169.0,13263,-57.8,-82.5,-77.7,  3,  5, 0.00,306,15.7
2026-03-21 23:44:11,-99.6133,37.6547, 168.9,13267,-57.8,-82.5,-77.7,  3,  5, 0.00,306,15.6
2026-03-21 23:44:12,-99.6132,37.6546, 168.8,13272,-57.7,-82.5,-77.8,  3,  5, 0.00,306,15.6
2026-03-21 23:44:13,-99.6130,37.6546, 168.7,13276,-57.7,-82.5,-77.8,  3,  5, 0.00,306,15.5
2026-03-21 23:44:14,-99.6129,37.6545, 168.6,13280,-57.7,-82.6,-77.8,  3,  5, 0.00,306,15.5
2026-03-21 23:44:15,-99.6128,37.6544, 168.5,13285,-57.7,-82.6,-77.8,  3,  5, 0.00,306,15.5
2026-03-21 23:44:16,-99.6126,37.6543, 168.3,13289,-57.7,-82.6,-77.8,  3,  5, 0.00,306,15.4
2026-03-21 23:44:17,-99.6125,37.6542, 168.2,13294,-57.7,-82.6,-77.8,  3,  5, 0.00,306,15.4
2026-03-21 23:44:18,-99.6124,37.6542, 168.1,13298,-57.7,-82.6,-77.8,  3,  5, 0.00,306,15.4
2026-03-21 23:44:19,-99.6122,37.6541, 168.0,13303,-57.8,-82.6,-77.8,  3,  5, 0.00,305,15.4
2026-03-21 23:44:20,-99.6121,37.6540, 167.9,13307,-57.8,-82.6,-77.8,  3,  5, 0.00,305,15.4
2026-03-21 23:44:21,-99.6119,37.6539, 167.7,13312,-57.8,-82.6,-77.8,  3,  5, 0.00,305,15.4
2026-03-21 23:44:22,-99.6118,37.6539, 167.6,13316,-57.9,-82.6,-77.8,  3,  5, 0.00,305,15.4
2026-03-21 23:44:23,-99.6116,37.6538, 167.5,13321,-57.9,-82.6,-77.9,  3,  5, 0.00,305,15.4
2026-03-21 23:44:24,-99.6115,37.6537, 167.4,13326,-57.9,-82.6,-77.9,  3,  5, 0.00,305,15.4
2026-03-21 23:44:25,-99.6113,37.6536, 167.3,13330,-58.0,-82.7,-77.9,  3,  5, 0.00,305,15.4
2026-03-21 23:44:26,-99.6112,37.6535, 167.1,13334,-58.0,-82.7,-77.9,  3,  5, 0.00,305,15.4
2026-03-21 23:44:27,-99.6111,37.6535, 167.0,13338,-58.0,-82.7,-77.9,  3,  5, 0.00,304,15.4
2026-03-21 23:44:28,-99.6109,37.6534, 166.9,13343,-58.1,-82.7,-77.9,  3,  5, 0.00,304,15.4
2026-03-21 23:44:29,-99.6108,37.6533, 166.8,13347,-58.1,-82.7,-77.9,  3,  5, 0.00,304,15.4
2026-03-21 23:44:30,-99.6107,37.6532, 166.7,13350,-58.2,-82.7,-77.9,  3,  6, 0.00,304,15.4
2026-03-21 23:44:31,-99.6105,37.6531, 166.6,13354,-58.2,-82.7,-77.9,  3,  6, 0.00,304,15.4
2026-03-21 23:44:32,-99.6104,37.6531, 166.5,13358,-58.3,-82.7,-77.9,  3,  6, 0.00,304,15.5
2026-03-21 23:44:33,-99.6102,37.6530, 166.4,13362,-58.3,-82.6,-77.9,  3,  6, 0.00,304,15.5
2026-03-21 23:44:34,-99.6100,37.6529, 166.3,13366,-58.4,-82.6,-77.9,  3,  6, 0.00,303,15.5
2026-03-21 23:44:35,-99.6099,37.6528, 166.2,13371,-58.4,-82.6,-77.9,  3,  6, 0.00,303,15.5
2026-03-21 23:44:36,-99.6098,37.6527, 166.1,13375,-58.4,-82.6,-77.8,  3,  6, 0.00,303,15.5
2026-03-21 23:44:37,-99.6096,37.6527, 166.0,13379,-58.5,-82.6,-77.8,  3,  6, 0.00,303,15.5
2026-03-21 23:44:38,-99.6095,37.6526, 165.8,13383,-58.5,-82.6,-77.8,  3,  6, 0.00,303,15.5
2026-03-21 23:44:39,-99.6094,37.6525, 165.7,13388,-58.5,-82.5,-77.8,  3,  6, 0.00,303,15.5
2026-03-21 23:44:40,-99.6092,37.6525, 165.6,13392,-58.6,-82.5,-77.8,  3,  6, 0.00,302,15.5
2026-03-21 23:44:41,-99.6090,37.6524, 165.5,13396,-58.6,-82.5,-77.8,  3,  6, 0.00,302,15.5
2026-03-21 23:44:42,-99.6089,37.6523, 165.4,13400,-58.6,-82.5,-77.7,  3,  6, 0.00,302,15.5
2026-03-21 23:44:43,-99.6087,37.6522, 165.3,13405,-58.6,-82.5,-77.7,  3,  6, 0.00,302,15.5
2026-03-21 23:44:44,-99.6085,37.6521, 165.2,13409,-58.7,-82.5,-77.8,  3,  6, 0.00,302,15.5
2026-03-21 23:44:45,-99.6084,37.6521, 165.0,13414,-58.7,-82.5,-77.8,  3,  6, 0.00,301,15.5
2026-03-21 23:44:46,-99.6083,37.6520, 164.9,13418,-58.8,-82.6,-77.8,  3,  6, 0.00,301,15.5
2026-03-21 23:44:47,-99.6081,37.6519, 164.8,13422,-58.8,-82.6,-77.8,  3,  6, 0.00,301,15.5
2026-03-21 23:44:48,-99.6080,37.6519, 164.7,13426,-58.8,-82.6,-77.9,  3,  6, 0.00,301,15.5
2026-03-21 23:44:49,-99.6078,37.6518, 164.6,13431,-58.8,-82.6,-77.9,  3,  6, 0.00,300,15.4
2026-03-21 23:44:50,-99.6077,37.6517, 164.5,13435,-58.8,-82.7,-77.9,  3,  6, 0.00,300,15.4
2026-03-21 23:44:51,-99.6075,37.6516, 164.4,13439,-58.8,-82.7,-77.9,  3,  6, 0.00,300,15.4
2026-03-21 23:44:52,-99.6074,37.6516, 164.3,13444,-58.7,-82.7,-77.9,  3,  6, 0.00,300,15.3
2026-03-21 23:44:53,-99.6072,37.6515, 164.1,13448,-58.6,-82.6,-77.9,  3,  6, 0.00,300,15.3
2026-03-21 23:44:54,-99.6070,37.6514, 164.0,13452,-58.6,-82.6,-77.8,  3,  6, 0.00,299,15.2
2026-03-21 23:44:55,-99.6069,37.6514, 163.9,13456,-58.5,-82.5,-77.8,  3,  6, 0.00,299,15.2
2026-03-21 23:44:56,-99.6068,37.6513, 163.8,13460,-58.5,-82.5,-77.8,  3,  6, 0.00,299,15.1
2026-03-21 23:44:57,-99.6066,37.6512, 163.7,13464,-58.4,-82.5,-77.7,  3,  6, 0.00,299,15.1
2026-03-21 23:44:58,-99.6065,37.6512, 163.6,13468,-58.5,-82.5,-77.7,  3,  6, 0.00,299,15.0
2026-03-21 23:44:59,-99.6063,37.6511, 163.5,13472,-58.5,-82.5,-77.7,  3,  6, 0.00,299,14.9
2026-03-21 23:45:00,-99.6062,37.6511, 163.4,13476,-58.5,-82.5,-77.8,  3,  6, 0.00,299,14.9
2026-03-21 23:45:01,-99.6060,37.6510, 163.3,13480,-58.5,-82.5,-77.8,  3,  6, 0.00,299,14.8
2026-03-21 23:45:02,-99.6058,37.6509, 163.2,13485,-58.6,-82.6,-77.8,  3,  6, 0.00,299,14.7
2026-03-21 23:45:03,-99.6056,37.6509, 163.1,13489,-58.6,-82.6,-77.8,  3,  6, 0.00,299,14.6
2026-03-21 23:45:04,-99.6055,37.6508, 163.0,13493,-58.6,-82.6,-77.8,  3,  6, 0.00,299,14.5
2026-03-21 23:45:05,-99.6054,37.6508, 162.9,13498,-58.6,-82.6,-77.9,  3,  6, 0.00,299,14.4
2026-03-21 23:45:06,-99.6052,37.6507, 162.7,13502,-58.7,-82.7,-77.9,  3,  6, 0.00,299,14.3
2026-03-21 23:45:07,-99.6051,37.6507, 162.6,13506,-58.7,-82.8,-78.0,  3,  6, 0.00,299,14.2
2026-03-21 23:45:08,-99.6050,37.6506, 162.5,13510,-58.7,-82.8,-78.1,  3,  6, 0.00,299,14.1
2026-03-21 23:45:09,-99.6048,37.6505, 162.4,13515,-58.7,-82.9,-78.1,  3,  6, 0.00,299,14.0
2026-03-21 23:45:10,-99.6047,37.6505, 162.3,13519,-58.7,-82.9,-78.1,  3,  6, 0.00,299,13.9
2026-03-21 23:45:11,-99.6045,37.6504, 162.2,13524,-58.6,-82.9,-78.2,  3,  6, 0.00,300,13.8
2026-03-21 23:45:12,-99.6044,37.6503, 162.1,13528,-58.6,-83.0,-78.2,  3,  6, 0.00,300,13.7
2026-03-21 23:45:13,-99.6042,37.6503, 161.9,13532,-58.6,-83.0,-78.2,  3,  6, 0.00,300,13.6
2026-03-21 23:45:14,-99.6041,37.6502, 161.8,13537,-58.5,-83.0,-78.3,  3,  5, 0.00,300,13.6
2026-03-21 23:45:15,-99.6040,37.6502, 161.7,13541,-58.5,-83.1,-78.3,  3,  5, 0.00,301,13.5
2026-03-21 23:45:16,-99.6039,37.6501, 161.6,13545,-58.4,-83.1,-78.3,  3,  5, 0.00,301,13.4
2026-03-21 23:45:17,-99.6037,37.6501, 161.5,13550,-58.4,-83.1,-78.3,  3,  5, 0.00,301,13.3
2026-03-21 23:45:18,-99.6036,37.6500, 161.4,13554,-58.3,-83.1,-78.4,  3,  5, 0.00,302,13.2
2026-03-21 23:45:19,-99.6035,37.6499, 161.3,13558,-58.3,-83.1,-78.4,  3,  5, 0.00,302,13.2
2026-03-21 23:45:20,-99.6034,37.6499, 161.2,13562,-58.3,-83.2,-78.4,  3,  5, 0.00,302,13.1
2026-03-21 23:45:21,-99.6033,37.6498, 161.1,13566,-58.3,-83.2,-78.4,  3,  5, 0.00,303,13.0
2026-03-21 23:45:22,-99.6032,37.6498, 161.0,13570,-58.3,-83.2,-78.4,  3,  5, 0.00,303,13.0
2026-03-21 23:45:23,-99.6030,37.6497, 160.9,13575,-58.3,-83.2,-78.5,  3,  5, 0.00,303,12.9
2026-03-21 23:45:24,-99.6029,37.6496, 160.8,13579,-58.3,-83.3,-78.5,  3,  5, 0.00,304,12.9
2026-03-21 23:45:25,-99.6028,37.6496, 160.6,13583,-58.3,-83.3,-78.6,  3,  5, 0.00,304,12.9
2026-03-21 23:45:26,-99.6027,37.6495, 160.5,13588,-58.3,-83.4,-78.6,  3,  5, 0.00,304,12.8
2026-03-21 23:45:27,-99.6026,37.6494, 160.4,13592,-58.4,-83.4,-78.6,  3,  5, 0.00,305,12.8
2026-03-21 23:45:28,-99.6024,37.6494, 160.3,13597,-58.4,-83.4,-78.7,  3,  5, 0.00,305,12.8
2026-03-21 23:45:29,-99.6023,37.6493, 160.2,13602,-58.4,-83.4,-78.7,  3,  5, 0.00,305,12.7
2026-03-21 23:45:30,-99.6022,37.6492, 160.1,13606,-58.4,-83.4,-78.7,  3,  5, 0.00,306,12.7
2026-03-21 23:45:31,-99.6021,37.6492, 159.9,13611,-58.4,-83.4,-78.7,  3,  5, 0.00,306,12.7
2026-03-21 23:45:32,-99.6020,37.6491, 159.8,13615,-58.5,-83.4,-78.7,  3,  5, 0.00,306,12.7
2026-03-21 23:45:33,-99.6019,37.6490, 159.7,13620,-58.5,-83.4,-78.7,  3,  5, 0.00,306,12.7
2026-03-21 23:45:34,-99.6018,37.6490, 159.6,13624,-58.6,-83.5,-78.7,  3,  5, 0.00,307,12.7
2026-03-21 23:45:35,-99.6017,37.6489, 159.5,13628,-58.6,-83.5,-78.7,  3,  5, 0.00,307,12.7
2026-03-21 23:45:36,-99.6016,37.6488, 159.4,13633,-58.7,-83.5,-78.7,  3,  5, 0.00,307,12.7
2026-03-21 23:45:37,-99.6014,37.6487, 159.3,13637,-58.7,-83.5,-78.7,  3,  5, 0.00,307,12.7
2026-03-21 23:45:38,-99.6013,37.6487, 159.2,13641,-58.8,-83.5,-78.7,  3,  5, 0.00,307,12.7
2026-03-21 23:45:39,-99.6012,37.6486, 159.1,13645,-58.8,-83.5,-78.7,  3,  5, 0.00,307,12.7
2026-03-21 23:45:40,-99.6011,37.6486, 159.0,13650,-58.8,-83.5,-78.7,  3,  5, 0.00,308,12.7
2026-03-21 23:45:41,-99.6010,37.6485, 158.9,13654,-58.9,-83.5,-78.7,  3,  5, 0.00,308,12.7
2026-03-21 23:45:42,-99.6009,37.6484, 158.7,13658,-58.9,-83.5,-78.7,  3,  5, 0.00,308,12.7
2026-03-21 23:45:43,-99.6007,37.6483, 158.6,13662,-58.9,-83.5,-78.7,  3,  5, 0.00,308,12.7
2026-03-21 23:45:44,-99.6006,37.6483, 158.5,13666,-59.0,-83.5,-78.7,  3,  5, 0.00,308,12.7
2026-03-21 23:45:45,-99.6005,37.6482, 158.4,13670,-59.0,-83.5,-78.7,  3,  5, 0.00,308,12.7
2026-03-21 23:45:46,-99.6004,37.6481, 158.3,13674,-59.1,-83.5,-78.7,  3,  5, 0.00,308,12.7
2026-03-21 23:45:47,-99.6003,37.6481, 158.2,13678,-59.1,-83.5,-78.8,  3,  5, 0.00,308,12.7
2026-03-21 23:45:48,-99.6002,37.6480, 158.1,13683,-59.2,-83.5,-78.8,  3,  6, 0.00,308,12.7
2026-03-21 23:45:49,-99.6001,37.6479, 158.0,13687,-59.2,-83.5,-78.8,  3,  6, 0.00,308,12.7
2026-03-21 23:45:50,-99.6000,37.6478, 157.9,13691,-59.2,-83.5,-78.8,  3,  6, 0.00,309,12.7
2026-03-21 23:45:51,-99.5998,37.6478, 157.8,13696,-59.3,-83.5,-78.8,  3,  6, 0.00,309,12.7
2026-03-21 23:45:52,-99.5997,37.6477, 157.7,13700,-59.3,-83.5,-78.8,  3,  6, 0.00,309,12.6
2026-03-21 23:45:53,-99.5996,37.6476, 157.6,13704,-59.3,-83.6,-78.8,  3,  6, 0.00,309,12.6
2026-03-21 23:45:54,-99.5995,37.6476, 157.5,13709,-59.4,-83.6,-78.8,  3,  6, 0.00,309,12.6
2026-03-21 23:45:55,-99.5994,37.6475, 157.4,13713,-59.4,-83.6,-78.8,  3,  6, 0.00,309,12.6
2026-03-21 23:45:56,-99.5993,37.6474, 157.2,13718,-59.4,-83.6,-78.8,  3,  6, 0.00,309,12.6
2026-03-21 23:45:57,-99.5992,37.6473, 157.1,13723,-59.4,-83.6,-78.9,  3,  6, 0.00,309,12.5
2026-03-21 23:45:58,-99.5991,37.6473, 157.0,13727,-59.5,-83.6,-78.9,  3,  6, 0.00,309,12.5
2026-03-21 23:45:59,-99.5989,37.6472, 156.9,13732,-59.5,-83.6,-78.9,  3,  6, 0.00,309,12.5
2026-03-21 23:46:00,-99.5988,37.6471, 156.8,13736,-59.5,-83.6,-78.9,  3,  6, 0.00,309,12.5
2026-03-21 23:46:01,-99.5987,37.6470, 156.7,13740,-59.5,-83.6,-78.9,  3,  6, 0.00,308,12.4
2026-03-21 23:46:02,-99.5986,37.6469, 156.6,13744,-59.6,-83.6,-78.9,  3,  6, 0.00,308,12.4
2026-03-21 23:46:03,-99.5985,37.6469, 156.5,13748,-59.6,-83.6,-78.9,  3,  6, 0.00,308,12.4
2026-03-21 23:46:04,-99.5984,37.6468, 156.4,13752,-59.7,-83.7,-78.9,  3,  6, 0.00,308,12.4
2026-03-21 23:46:05,-99.5983,37.6467, 156.3,13757,-59.8,-83.7,-78.9,  3,  6, 0.00,308,12.3
2026-03-21 23:46:06,-99.5982,37.6467, 156.1,13762,-59.8,-83.7,-79.0,  3,  6, 0.00,308,12.3
2026-03-21 23:46:07,-99.5981,37.6466, 156.0,13766,-59.9,-83.8,-79.0,  3,  6, 0.00,308,12.3
2026-03-21 23:46:08,-99.5980,37.6465, 155.9,13770,-59.9,-83.8,-79.0,  3,  6, 0.00,307,12.3
2026-03-21 23:46:09,-99.5979,37.6465, 155.8,13774,-60.0,-83.8,-79.1,  3,  6, 0.00,307,12.2
2026-03-21 23:46:10,-99.5977,37.6464, 155.7,13778,-60.0,-83.8,-79.1,  3,  6, 0.00,307,12.2
2026-03-21 23:46:11,-99.5976,37.6464, 155.6,13782,-60.0,-83.8,-79.1,  3,  6, 0.00,307,12.2
2026-03-21 23:46:12,-99.5975,37.6463, 155.5,13786,-60.1,-83.8,-79.1,  3,  6, 0.00,306,12.2
2026-03-21 23:46:13,-99.5974,37.6463, 155.4,13790,-60.1,-83.8,-79.0,  3,  6, 0.00,306,12.2
2026-03-21 23:46:14,-99.5973,37.6462, 155.3,13794,-60.1,-83.8,-79.0,  3,  6, 0.00,306,12.1
2026-03-21 23:46:15,-99.5972,37.6461, 155.2,13798,-60.1,-83.8,-79.0,  3,  6, 0.00,305,12.1
2026-03-21 23:46:16,-99.5971,37.6460, 155.1,13802,-60.2,-83.8,-79.0,  3,  6, 0.00,305,12.1
2026-03-21 23:46:17,-99.5970,37.6459, 155.0,13806,-60.2,-83.8,-79.0,  3,  6, 0.00,305,12.1
2026-03-21 23:46:18,-99.5969,37.6459, 154.9,13810,-60.2,-83.8,-79.0,  3,  6, 0.00,304,12.0
2026-03-21 23:46:19,-99.5968,37.6458, 154.8,13814,-60.3,-83.8,-79.0,  3,  6, 0.00,304,12.0
2026-03-21 23:46:20,-99.5967,37.6458, 154.7,13818,-60.3,-83.8,-79.0,  3,  6, 0.00,304,12.0
2026-03-21 23:46:21,-99.5966,37.6457, 154.6,13822,-60.3,-83.8,-79.0,  3,  6, 0.00,303,12.0
2026-03-21 23:46:22,-99.5965,37.6457, 154.5,13827,-60.4,-83.8,-79.1,  3,  6, 0.00,303,11.9
2026-03-21 23:46:23,-99.5964,37.6456, 154.4,13831,-60.4,-83.9,-79.1,  3,  6, 0.00,303,11.9
2026-03-21 23:46:24,-99.5962,37.6456, 154.3,13835,-60.4,-83.9,-79.1,  3,  6, 0.00,302,11.9
2026-03-21 23:46:25,-99.5961,37.6455, 154.2,13839,-60.5,-83.9,-79.2,  3,  6, 0.00,302,11.8
2026-03-21 23:46:26,-99.5960,37.6454, 154.1,13843,-60.5,-84.0,-79.2,  3,  6, 0.00,302,11.8
2026-03-21 23:46:27,-99.5958,37.6454, 154.0,13848,-60.6,-84.0,-79.2,  3,  6, 0.00,301,11.8
2026-03-21 23:46:28,-99.5957,37.6453, 153.9,13852,-60.6,-84.0,-79.2,  3,  6, 0.00,301,11.7
2026-03-21 23:46:29,-99.5956,37.6453, 153.8,13857,-60.6,-84.0,-79.2,  3,  6, 0.00,301,11.7
2026-03-21 23:46:30,-99.5955,37.6452, 153.7,13861,-60.7,-84.0,-79.2,  3,  6, 0.00,301,11.7
2026-03-21 23:46:31,-99.5954,37.6452, 153.6,13865,-60.7,-84.0,-79.2,  3,  6, 0.00,300,11.6
2026-03-21 23:46:32,-99.5953,37.6451, 153.5,13869,-60.7,-84.0,-79.3,  3,  6, 0.00,300,11.6
2026-03-21 23:46:33,-99.5952,37.6450, 153.4,13874,-60.8,-84.1,-79.3,  3,  6, 0.00,300,11.5
2026-03-21 23:46:34,-99.5951,37.6450, 153.2,13878,-60.8,-84.1,-79.4,  3,  6, 0.00,300,11.5
2026-03-21 23:46:35,-99.5950,37.6450, 153.1,13882,-60.9,-84.2,-79.4,  3,  6, 0.00,300,11.5
2026-03-21 23:46:36,-99.5948,37.6449, 153.0,13887,-60.9,-84.3,-79.5,  3,  6, 0.00,300,11.4
2026-03-21 23:46:37,-99.5947,37.6449, 152.9,13891,-60.9,-84.4,-79.6,  3,  6, 0.00,299,11.4
2026-03-21 23:46:38,-99.5946,37.6448, 152.8,13895,-60.9,-84.4,-79.7,  3,  6, 0.00,299,11.4
2026-03-21 23:46:39,-99.5944,37.6448, 152.7,13899,-60.9,-84.5,-79.7,  3,  6, 0.00,299,11.3
2026-03-21 23:46:40,-99.5943,37.6448, 152.6,13903,-60.9,-84.6,-79.8,  3,  6, 0.00,299,11.3
2026-03-21 23:46:41,-99.5942,37.6447, 152.5,13907,-60.8,-84.6,-79.9,  3,  6, 0.00,299,11.3
2026-03-21 23:46:42,-99.5941,37.6447, 152.4,13911,-60.8,-84.7,-79.9,  3,  6, 0.00,300,11.3
2026-03-21 23:46:43,-99.5940,37.6446, 152.3,13915,-60.7,-84.8,-80.0,  3,  6, 0.00,300,11.3
2026-03-21 23:46:44,-99.5939,37.6446, 152.2,13920,-60.7,-84.8,-80.1,  3,  5, 0.00,300,11.2
2026-03-21 23:46:45,-99.5938,37.6445, 152.1,13924,-60.7,-84.9,-80.2,  3,  5, 0.00,300,11.2
2026-03-21 23:46:46,-99.5937,37.6445, 152.0,13928,-60.6,-85.0,-80.3,  3,  5, 0.00,300,11.2
2026-03-21 23:46:47,-99.5936,37.6444, 151.9,13933,-60.6,-85.1,-80.3,  3,  5, 0.00,300,11.3
2026-03-21 23:46:48,-99.5935,37.6444, 151.8,13937,-60.6,-85.2,-80.4,  3,  5, 0.00,300,11.3
2026-03-21 23:46:49,-99.5934,37.6443, 151.7,13941,-60.6,-85.3,-80.5,  3,  5, 0.00,300,11.3
2026-03-21 23:46:50,-99.5933,37.6443, 151.6,13945,-60.6,-85.4,-80.6,  3,  5, 0.00,300,11.3
2026-03-21 23:46:51,-99.5932,37.6442, 151.5,13950,-60.6,-85.5,-80.7,  3,  5, 0.00,301,11.3
2026-03-21 23:46:52,-99.5931,37.6442, 151.4,13954,-60.6,-85.6,-80.8,  3,  5, 0.00,301,11.4
2026-03-21 23:46:53,-99.5930,37.6441, 151.3,13958,-60.7,-85.7,-80.9,  3,  5, 0.00,301,11.4
2026-03-21 23:46:54,-99.5929,37.6441, 151.2,13962,-60.7,-85.7,-81.0,  3,  5, 0.00,301,11.4
2026-03-21 23:46:55,-99.5928,37.6440, 151.1,13966,-60.7,-85.8,-81.0,  3,  5, 0.00,301,11.5
2026-03-21 23:46:56,-99.5926,37.6440, 151.0,13970,-60.7,-85.8,-81.1,  3,  5, 0.00,301,11.5
2026-03-21 23:46:57,-99.5925,37.6439, 150.9,13974,-60.7,-85.8,-81.1,  3,  5, 0.00,301,11.6
2026-03-21 23:46:58,-99.5924,37.6439, 150.8,13978,-60.7,-85.8,-81.1,  3,  5, 0.00,301,11.6
2026-03-21 23:46:59,-99.5923,37.6438, 150.7,13982,-60.7,-85.8,-81.1,  3,  5, 0.00,301,11.7
2026-03-21 23:47:00,-99.5922,37.6437, 150.6,13987,-60.6,-85.8,-81.0,  3,  5, 0.00,301,11.7
2026-03-21 23:47:01,-99.5921,37.6437, 150.5,13991,-60.6,-85.8,-81.0,  3,  5, 0.00,301,11.8
2026-03-21 23:47:02,-99.5919,37.6436, 150.4,13996,-60.6,-85.8,-81.0,  3,  5, 0.00,301,11.8
2026-03-21 23:47:03,-99.5918,37.6436, 150.3,14000,-60.6,-85.8,-81.0,  3,  5, 0.00,301,11.9
2026-03-21 23:47:04,-99.5917,37.6435, 150.2,14004,-60.6,-85.8,-81.0,  3,  5, 0.00,301,11.9
2026-03-21 23:47:05,-99.5916,37.6435, 150.1,14009,-60.6,-85.8,-81.0,  3,  5, 0.00,300,12.0
2026-03-21 23:47:06,-99.5915,37.6434, 150.0,14011,-60.6,-85.8,-81.0,  3,  5, 0.00,300,12.0
2026-03-21 23:47:07,-99.5914,37.6433, 149.8,14018,-60.6,-85.8,-81.0,  3,  5, 0.00,300,12.1
2026-03-21 23:47:08,-99.5913,37.6433, 149.7,14022,-60.7,-85.8,-81.0,  3,  5, 0.00,300,12.1
2026-03-21 23:47:09,-99.5912,37.6432, 149.6,14027,-60.7,-85.8,-81.1,  3,  5, 0.00,300,12.2
2026-03-21 23:47:10,-99.5910,37.6432, 149.5,14032,-60.7,-85.8,-81.1,  3,  5, 0.00,300,12.2
2026-03-21 23:47:11,-99.5909,37.6431, 149.4,14036,-60.8,-85.8,-81.1,  3,  5, 0.00,299,12.2
2026-03-21 23:47:12,-99.5908,37.6431, 149.3,14041,-60.8,-85.8,-81.1,  3,  5, 0.00,299,12.3
2026-03-21 23:47:13,-99.5907,37.6430, 149.2,14045,-60.8,-85.9,-81.1,  3,  5, 0.00,299,12.3
2026-03-21 23:47:14,-99.5905,37.6430, 149.1,14050,-60.9,-85.8,-81.1,  3,  5, 0.00,299,12.4
2026-03-21 23:47:15,-99.5904,37.6429, 149.0,14054,-60.9,-85.8,-81.1,  3,  5, 0.00,299,12.4
2026-03-21 23:47:16,-99.5903,37.6429, 148.9,14059,-60.9,-85.8,-81.1,  3,  5, 0.00,298,12.5
2026-03-21 23:47:17,-99.5902,37.6428, 148.8,14063,-61.0,-85.8,-81.1,  3,  5, 0.00,298,12.5
2026-03-21 23:47:18,-99.5900,37.6427, 148.6,14068,-61.0,-85.8,-81.1,  3,  5, 0.00,298,12.5
2026-03-21 23:47:19,-99.5899,37.6427, 148.5,14073,-61.0,-85.8,-81.1,  3,  5, 0.00,298,12.6
2026-03-21 23:47:20,-99.5898,37.6427, 148.4,14077,-61.1,-85.8,-81.1,  3,  5, 0.00,298,12.6
2026-03-21 23:47:21,-99.5897,37.6426, 148.3,14082,-61.1,-85.8,-81.1,  3,  5, 0.00,298,12.6
2026-03-21 23:47:22,-99.5895,37.6426, 148.2,14086,-61.1,-85.8,-81.1,  3,  5, 0.00,298,12.7
2026-03-21 23:47:23,-99.5894,37.6425, 148.1,14091,-61.1,-85.8,-81.1,  3,  5, 0.00,298,12.7
2026-03-21 23:47:24,-99.5893,37.6425, 148.0,14095,-61.2,-85.8,-81.1,  3,  5, 0.00,298,12.8
2026-03-21 23:47:25,-99.5891,37.6424, 147.9,14099,-61.2,-85.8,-81.1,  3,  5, 0.00,298,12.8
2026-03-21 23:47:26,-99.5890,37.6424, 147.8,14104,-61.3,-85.9,-81.1,  3,  5, 0.00,298,12.8
2026-03-21 23:47:27,-99.5889,37.6423, 147.7,14108,-61.3,-85.9,-81.1,  3,  5, 0.00,298,12.9
2026-03-21 23:47:28,-99.5887,37.6422, 147.6,14113,-61.3,-85.9,-81.2,  3,  5, 0.00,298,12.9
2026-03-21 23:47:29,-99.5886,37.6422, 147.4,14118,-61.4,-85.9,-81.2,  3,  5, 0.00,298,12.9
2026-03-21 23:47:30,-99.5885,37.6421, 147.3,14124,-61.4,-86.0,-81.2,  3,  5, 0.00,298,13.0
2026-03-21 23:47:31,-99.5884,37.6421, 147.2,14128,-61.5,-86.0,-81.2,  3,  5, 0.00,298,13.0
2026-03-21 23:47:32,-99.5882,37.6421, 147.1,14133,-61.5,-86.0,-81.3,  3,  5, 0.00,299,13.0
2026-03-21 23:47:33,-99.5881,37.6420, 147.0,14137,-61.5,-86.0,-81.3,  3,  5, 0.00,299,13.0
2026-03-21 23:47:34,-99.5880,37.6420, 146.9,14142,-61.6,-86.1,-81.3,  3,  5, 0.00,299,13.1
2026-03-21 23:47:35,-99.5878,37.6419, 146.8,14146,-61.6,-86.1,-81.3,  3,  5, 0.00,299,13.1
2026-03-21 23:47:36,-99.5877,37.6418, 146.7,14150,-61.6,-86.1,-81.3,  3,  5, 0.00,300,13.1
2026-03-21 23:47:37,-99.5876,37.6417, 146.6,14155,-61.6,-86.0,-81.3,  3,  5, 0.00,300,13.1
2026-03-21 23:47:38,-99.5874,37.6417, 146.4,14160,-61.6,-86.0,-81.3,  3,  5, 0.00,300,13.1
2026-03-21 23:47:39,-99.5873,37.6416, 146.3,14165,-61.6,-86.0,-81.3,  3,  5, 0.00,301,13.1
2026-03-21 23:47:40,-99.5872,37.6416, 146.2,14170,-61.6,-86.0,-81.3,  3,  5, 0.00,301,13.1
2026-03-21 23:47:41,-99.5871,37.6415, 146.1,14174,-61.7,-86.0,-81.3,  3,  5, 0.00,301,13.1
2026-03-21 23:47:42,-99.5869,37.6415, 146.0,14179,-61.7,-86.0,-81.3,  3,  5, 0.00,302,13.1
2026-03-21 23:47:43,-99.5868,37.6414, 145.9,14184,-61.7,-86.0,-81.3,  3,  5, 0.00,302,13.1
2026-03-21 23:47:44,-99.5867,37.6413, 145.8,14189,-61.7,-86.0,-81.3,  3,  5, 0.00,303,13.1
2026-03-21 23:47:45,-99.5865,37.6413, 145.7,14194,-61.7,-86.0,-81.2,  3,  5, 0.00,303,13.1
2026-03-21 23:47:46,-99.5864,37.6412, 145.5,14199,-61.8,-86.0,-81.3,  3,  5, 0.00,304,13.1
2026-03-21 23:47:47,-99.5863,37.6411, 145.4,14203,-61.8,-86.0,-81.3,  3,  5, 0.00,304,13.1
2026-03-21 23:47:48,-99.5862,37.6411, 145.3,14208,-61.9,-86.1,-81.3,  3,  5, 0.00,304,13.1
2026-03-21 23:47:49,-99.5860,37.6410, 145.2,14212,-61.9,-86.1,-81.3,  3,  5, 0.00,305,13.1
2026-03-21 23:47:50,-99.5859,37.6409, 145.1,14216,-61.9,-86.1,-81.3,  3,  5, 0.00,305,13.1
2026-03-21 23:47:51,-99.5858,37.6408, 145.0,14221,-62.0,-86.1,-81.3,  3,  5, 0.00,306,13.1
2026-03-21 23:47:52,-99.5857,37.6408, 144.9,14225,-62.0,-86.1,-81.3,  3,  5, 0.00,306,13.0
2026-03-21 23:47:53,-99.5856,37.6407, 144.8,14230,-62.0,-86.1,-81.3,  3,  5, 0.00,307,13.0
2026-03-21 23:47:54,-99.5855,37.6406, 144.7,14235,-62.1,-86.1,-81.4,  3,  5, 0.00,307,13.0
2026-03-21 23:47:55,-99.5853,37.6406, 144.6,14240,-62.1,-86.1,-81.4,  3,  5, 0.00,308,13.0
2026-03-21 23:47:56,-99.5852,37.6405, 144.4,14245,-62.2,-86.2,-81.4,  3,  5, 0.00,308,12.9
2026-03-21 23:47:57,-99.5851,37.6404, 144.3,14250,-62.2,-86.2,-81.4,  3,  5, 0.00,308,12.9
2026-03-21 23:47:58,-99.5850,37.6404, 144.2,14255,-62.2,-86.2,-81.5,  3,  5, 0.00,309,12.9
2026-03-21 23:47:59,-99.5849,37.6403, 144.1,14260,-62.3,-86.2,-81.5,  3,  5, 0.00,309,12.9
2026-03-21 23:48:00,-99.5848,37.6402, 144.0,14265,-62.3,-86.3,-81.5,  3,  5, 0.00,309,12.8
2026-03-21 23:48:01,-99.5847,37.6401, 143.9,14269,-62.3,-86.3,-81.5,  3,  5, 0.00,310,12.8
2026-03-21 23:48:02,-99.5846,37.6400, 143.8,14274,-62.3,-86.3,-81.5,  3,  5, 0.00,310,12.8
2026-03-21 23:48:03,-99.5844,37.6400, 143.7,14279,-62.4,-86.3,-81.5,  3,  5, 0.00,310,12.7
2026-03-21 23:48:04,-99.5843,37.6399, 143.5,14284,-62.4,-86.3,-81.5,  3,  5, 0.00,311,12.7
2026-03-21 23:48:05,-99.5842,37.6398, 143.4,14288,-62.3,-86.3,-81.5,  3,  5, 0.00,311,12.6
2026-03-21 23:48:06,-99.5841,37.6397, 143.3,14293,-62.3,-86.3,-81.5,  3,  5, 0.00,311,12.6
2026-03-21 23:48:07,-99.5840,37.6397, 143.2,14297,-62.3,-86.3,-81.5,  3,  5, 0.00,311,12.6
2026-03-21 23:48:08,-99.5839,37.6396, 143.1,14302,-62.3,-86.3,-81.5,  3,  5, 0.00,311,12.5
2026-03-21 23:48:09,-99.5838,37.6395, 143.0,14307,-62.3,-86.3,-81.5,  3,  5, 0.00,311,12.5
2026-03-21 23:48:10,-99.5837,37.6394, 142.9,14311,-62.3,-86.3,-81.5,  3,  5, 0.00,312,12.5
2026-03-21 23:48:11,-99.5836,37.6393, 142.8,14316,-62.3,-86.3,-81.5,  3,  5, 0.00,312,12.4
2026-03-21 23:48:12,-99.5835,37.6392, 142.7,14321,-62.3,-86.3,-81.6,  3,  5, 0.00,312,12.4
2026-03-21 23:48:13,-99.5834,37.6392, 142.6,14326,-62.3,-86.3,-81.6,  3,  5, 0.00,312,12.3
2026-03-21 23:48:14,-99.5833,37.6391, 142.5,14331,-62.3,-86.4,-81.6,  3,  5, 0.00,312,12.3
2026-03-21 23:48:15,-99.5832,37.6390, 142.3,14336,-62.3,-86.4,-81.7,  3,  5, 0.00,312,12.3
2026-03-21 23:48:16,-99.5831,37.6390, 142.2,14341,-62.4,-86.5,-81.7,  3,  5, 0.00,312,12.2
2026-03-21 23:48:17,-99.5830,37.6389, 142.1,14346,-62.4,-86.5,-81.8,  3,  5, 0.00,312,12.2
2026-03-21 23:48:18,-99.5829,37.6388, 142.0,14350,-62.4,-86.6,-81.8,  3,  5, 0.00,312,12.2
2026-03-21 23:48:19,-99.5828,37.6388, 141.9,14355,-62.4,-86.6,-81.8,  3,  5, 0.00,312,12.1
2026-03-21 23:48:20,-99.5827,37.6387, 141.8,14359,-62.3,-86.6,-81.8,  3,  5, 0.00,312,12.1
2026-03-21 23:48:21,-99.5826,37.6386, 141.7,14364,-62.3,-86.6,-81.8,  3,  5, 0.00,312,12.1
2026-03-21 23:48:22,-99.5825,37.6386, 141.6,14368,-62.2,-86.6,-81.8,  3,  5, 0.00,312,12.1
2026-03-21 23:48:23,-99.5824,37.6385, 141.5,14373,-62.1,-86.5,-81.8,  3,  5, 0.00,312,12.1
2026-03-21 23:48:24,-99.5823,37.6384, 141.4,14377,-62.0,-86.5,-81.7,  3,  5, 0.00,311,12.1
2026-03-21 23:48:25,-99.5822,37.6384, 141.3,14382,-62.0,-86.5,-81.7,  3,  5, 0.00,311,12.1
2026-03-21 23:48:26,-99.5821,37.6383, 141.2,14387,-62.0,-86.5,-81.7,  3,  5, 0.00,311,12.1
2026-03-21 23:48:27,-99.5820,37.6382, 141.1,14392,-62.1,-86.5,-81.8,  3,  5, 0.00,311,12.1
2026-03-21 23:48:28,-99.5819,37.6381, 140.9,14397,-62.1,-86.6,-81.8,  3,  5, 0.00,311,12.1
2026-03-21 23:48:29,-99.5818,37.6380, 140.8,14402,-62.1,-86.6,-81.8,  3,  5, 0.00,311,12.1
2026-03-21 23:48:30,-99.5817,37.6380, 140.7,14407,-62.1,-86.6,-81.9,  3,  5, 0.00,310,12.1
2026-03-21 23:48:31,-99.5816,37.6379, 140.6,14412,-62.1,-86.6,-81.9,  3,  5, 0.00,310,12.1
2026-03-21 23:48:32,-99.5815,37.6378, 140.5,14417,-62.2,-86.6,-81.9,  3,  5, 0.00,310,12.1
2026-03-21 23:48:33,-99.5814,37.6377, 140.4,14422,-62.2,-86.7,-81.9,  3,  5, 0.00,310,12.2
2026-03-21 23:48:34,-99.5813,37.6377, 140.3,14427,-62.2,-86.7,-81.9,  3,  5, 0.00,309,12.2
2026-03-21 23:48:35,-99.5812,37.6376, 140.1,14432,-62.2,-86.7,-82.0,  3,  5, 0.00,309,12.2
2026-03-21 23:48:36,-99.5811,37.6376, 140.0,14437,-62.2,-86.7,-82.0,  3,  5, 0.00,309,12.2
2026-03-21 23:48:37,-99.5810,37.6375, 139.9,14442,-62.3,-86.7,-82.0,  3,  5, 0.00,309,12.3
2026-03-21 23:48:38,-99.5809,37.6374, 139.8,14447,-62.3,-86.7,-82.0,  3,  5, 0.00,308,12.3
2026-03-21 23:48:39,-99.5808,37.6373, 139.7,14452,-62.3,-86.8,-82.0,  3,  5, 0.00,308,12.3
2026-03-21 23:48:40,-99.5807,37.6373, 139.6,14458,-62.3,-86.8,-82.0,  3,  5, 0.00,308,12.4
2026-03-21 23:48:41,-99.5806,37.6372, 139.4,14463,-62.4,-86.8,-82.0,  3,  5, 0.00,308,12.4
2026-03-21 23:48:42,-99.5804,37.6371, 139.3,14468,-62.4,-86.8,-82.0,  3,  5, 0.00,307,12.5
2026-03-21 23:48:43,-99.5803,37.6371, 139.2,14472,-62.5,-86.8,-82.0,  3,  5, 0.00,307,12.5
2026-03-21 23:48:44,-99.5802,37.6371, 139.1,14477,-62.5,-86.7,-82.0,  3,  5, 0.00,307,12.5
2026-03-21 23:48:45,-99.5801,37.6370, 139.0,14482,-62.5,-86.7,-82.0,  3,  5, 0.00,306,12.6
2026-03-21 23:48:46,-99.5799,37.6369, 138.9,14487,-62.5,-86.7,-81.9,  3,  5, 0.00,306,12.6
2026-03-21 23:48:47,-99.5798,37.6369, 138.8,14492,-62.6,-86.7,-81.9,  3,  5, 0.00,306,12.7
2026-03-21 23:48:48,-99.5797,37.6368, 138.7,14496,-62.6,-86.7,-81.9,  3,  5, 0.00,306,12.7
2026-03-21 23:48:49,-99.5796,37.6367, 138.6,14501,-62.6,-86.7,-81.9,  3,  5, 0.00,306,12.7
2026-03-21 23:48:50,-99.5795,37.6366, 138.5,14506,-62.7,-86.7,-81.9,  3,  5, 0.00,305,12.8
2026-03-21 23:48:51,-99.5794,37.6365, 138.4,14510,-62.7,-86.7,-81.9,  3,  5, 0.00,305,12.8
2026-03-21 23:48:52,-99.5793,37.6365, 138.3,14515,-62.8,-86.7,-81.9,  3,  5, 0.00,305,12.8
2026-03-21 23:48:53,-99.5791,37.6364, 138.2,14520,-62.8,-86.7,-82.0,  3,  5, 0.00,305,12.9
2026-03-21 23:48:54,-99.5790,37.6364, 138.0,14525,-62.9,-86.7,-82.0,  3,  5, 0.00,305,12.9
2026-03-21 23:48:55,-99.5789,37.6363, 137.9,14530,-62.9,-86.8,-82.0,  3,  5, 0.00,305,12.9
2026-03-21 23:48:56,-99.5787,37.6363, 137.8,14535,-62.9,-86.8,-82.0,  3,  5, 0.00,304,12.9
2026-03-21 23:48:57,-99.5786,37.6362, 137.7,14539,-62.9,-86.8,-82.0,  3,  5, 0.00,304,13.0
2026-03-21 23:48:58,-99.5785,37.6361, 137.6,14544,-63.0,-86.8,-82.0,  3,  5, 0.00,304,13.0
2026-03-21 23:48:59,-99.5784,37.6360, 137.5,14548,-63.0,-86.8,-82.0,  3,  5, 0.00,304,13.0
2026-03-21 23:49:00,-99.5783,37.6360, 137.4,14553,-63.1,-86.8,-82.1,  3,  5, 0.00,304,13.0
2026-03-21 23:49:01,-99.5782,37.6359, 137.3,14557,-63.1,-86.8,-82.1,  3,  5, 0.00,304,13.1
2026-03-21 23:49:02,-99.5780,37.6359, 137.2,14562,-63.2,-86.8,-82.1,  3,  6, 0.00,304,13.1
2026-03-21 23:49:03,-99.5779,37.6358, 137.1,14567,-63.2,-86.8,-82.1,  3,  6, 0.00,304,13.1
2026-03-21 23:49:04,-99.5778,37.6357, 137.0,14571,-63.2,-86.8,-82.1,  3,  6, 0.00,304,13.1
2026-03-21 23:49:05,-99.5777,37.6357, 136.9,14576,-63.2,-86.8,-82.0,  3,  6, 0.00,304,13.1
2026-03-21 23:49:06,-99.5775,37.6356, 136.8,14581,-63.2,-86.8,-82.0,  3,  6, 0.00,304,13.1
2026-03-21 23:49:07,-99.5774,37.6355, 136.7,14585,-63.3,-86.8,-82.0,  3,  6, 0.00,303,13.1
2026-03-21 23:49:08,-99.5773,37.6355, 136.6,14589,-63.3,-86.8,-82.0,  3,  6, 0.00,303,13.1
2026-03-21 23:49:09,-99.5772,37.6354, 136.5,14593,-63.4,-86.8,-82.0,  3,  6, 0.00,303,13.1
2026-03-21 23:49:10,-99.5770,37.6353, 136.4,14597,-63.4,-86.8,-82.0,  3,  6, 0.00,303,13.1
2026-03-21 23:49:11,-99.5769,37.6352, 136.3,14601,-63.5,-86.8,-82.0,  3,  6, 0.00,303,13.1
2026-03-21 23:49:12,-99.5768,37.6352, 136.2,14606,-63.5,-86.8,-82.1,  3,  6, 0.00,303,13.1
2026-03-21 23:49:13,-99.5767,37.6351, 136.1,14610,-63.5,-86.8,-82.1,  3,  6, 0.00,303,13.1
2026-03-21 23:49:14,-99.5766,37.6350, 136.0,14614,-63.6,-86.9,-82.1,  3,  6, 0.00,303,13.1
2026-03-21 23:49:16,-99.5763,37.6349, 135.9,14623,-63.7,-86.9,-82.2,  3,  6, 0.00,302,13.1
2026-03-21 23:49:17,-99.5762,37.6349, 135.8,14627,-63.7,-87.0,-82.2,  3,  6, 0.00,302,13.1
2026-03-21 23:49:18,-99.5760,37.6348, 135.7,14632,-63.7,-87.0,-82.2,  3,  6, 0.00,302,13.1
2026-03-21 23:49:19,-99.5759,37.6347, 135.6,14636,-63.8,-87.0,-82.3,  3,  6, 0.00,302,13.1
2026-03-21 23:49:20,-99.5758,37.6347, 135.5,14641,-63.8,-87.1,-82.3,  3,  6, 0.00,302,13.1
2026-03-21 23:49:21,-99.5756,37.6346, 135.4,14645,-63.8,-87.1,-82.3,  3,  6, 0.00,302,13.1
2026-03-21 23:49:22,-99.5755,37.6346, 135.3,14650,-63.8,-87.1,-82.3,  3,  6, 0.00,301,13.1
2026-03-21 23:49:23,-99.5754,37.6345, 135.2,14654,-63.7,-87.1,-82.3,  3,  6, 0.00,301,13.1
2026-03-21 23:49:24,-99.5753,37.6345, 135.1,14659,-63.7,-87.1,-82.3,  3,  6, 0.00,301,13.1
2026-03-21 23:49:25,-99.5752,37.6344, 135.0,14663,-63.7,-87.1,-82.3,  3,  6, 0.00,301,13.1
2026-03-21 23:49:26,-99.5750,37.6343, 134.9,14667,-63.7,-87.1,-82.3,  3,  6, 0.00,301,13.1
2026-03-21 23:49:27,-99.5749,37.6343, 134.8,14671,-63.8,-87.1,-82.3,  3,  6, 0.00,301,13.1
2026-03-21 23:49:28,-99.5748,37.6342, 134.7,14676,-63.8,-87.1,-82.3,  3,  6, 0.00,300,13.1
2026-03-21 23:49:29,-99.5747,37.6341, 134.6,14680,-63.8,-87.1,-82.3,  3,  6, 0.00,300,13.2
2026-03-21 23:49:30,-99.5745,37.6341, 134.5,14685,-63.8,-87.1,-82.3,  3,  6, 0.00,300,13.2
2026-03-21 23:49:31,-99.5744,37.6340, 134.4,14689,-63.8,-87.1,-82.4,  3,  6, 0.00,300,13.2
2026-03-21 23:49:32,-99.5743,37.6340, 134.3,14693,-63.9,-87.1,-82.4,  3,  6, 0.00,300,13.3
2026-03-21 23:49:33,-99.5742,37.6339, 134.2,14698,-63.9,-87.2,-82.4,  3,  6, 0.00,299,13.3
2026-03-21 23:49:34,-99.5741,37.6339, 134.1,14702,-63.9,-87.2,-82.5,  3,  6, 0.00,299,13.4
2026-03-21 23:49:35,-99.5739,37.6338, 134.0,14706,-64.0,-87.2,-82.5,  3,  6, 0.00,299,13.4
2026-03-21 23:49:36,-99.5738,37.6337, 133.9,14711,-64.0,-87.3,-82.5,  3,  6, 0.00,299,13.5
2026-03-21 23:49:37,-99.5737,37.6337, 133.8,14715,-64.0,-87.3,-82.5,  3,  6, 0.00,298,13.6
2026-03-21 23:49:38,-99.5735,37.6336, 133.7,14720,-64.0,-87.3,-82.5,  3,  6, 0.00,298,13.6
2026-03-21 23:49:39,-99.5734,37.6336, 133.6,14724,-64.0,-87.3,-82.6,  3,  6, 0.00,298,13.7
2026-03-21 23:49:40,-99.5733,37.6335, 133.5,14729,-64.0,-87.3,-82.6,  3,  6, 0.00,298,13.8
2026-03-21 23:49:41,-99.5731,37.6335, 133.4,14733,-64.0,-87.4,-82.6,  3,  6, 0.00,297,13.8
2026-03-21 23:49:43,-99.5728,37.6334, 133.3,14741,-64.0,-87.4,-82.7,  3,  6, 0.00,297,14.0
2026-03-21 23:49:44,-99.5727,37.6333, 133.2,14746,-63.9,-87.5,-82.7,  3,  5, 0.00,297,14.0
2026-03-21 23:49:45,-99.5725,37.6332, 133.1,14750,-63.9,-87.5,-82.7,  3,  5, 0.00,297,14.1
2026-03-21 23:49:46,-99.5724,37.6332, 133.0,14755,-63.8,-87.5,-82.7,  3,  5, 0.00,296,14.2
2026-03-21 23:49:47,-99.5722,37.6331, 132.9,14759,-63.8,-87.5,-82.7,  3,  5, 0.00,296,14.2
2026-03-21 23:49:48,-99.5721,37.6330, 132.8,14763,-63.7,-87.5,-82.7,  3,  5, 0.00,296,14.3
2026-03-21 23:49:49,-99.5719,37.6330, 132.7,14767,-63.6,-87.4,-82.7,  3,  5, 0.00,296,14.3
2026-03-21 23:49:50,-99.5718,37.6329, 132.6,14771,-63.5,-87.4,-82.7,  3,  5, 0.00,296,14.4
2026-03-21 23:49:51,-99.5716,37.6329, 132.5,14776,-63.5,-87.5,-82.7,  3,  5, 0.00,295,14.4
2026-03-21 23:49:52,-99.5715,37.6328, 132.4,14780,-63.5,-87.5,-82.8,  3,  5, 0.00,295,14.5
2026-03-21 23:49:53,-99.5713,37.6327, 132.3,14785,-63.5,-87.6,-82.8,  3,  5, 0.00,295,14.5
2026-03-21 23:49:54,-99.5712,37.6327, 132.2,14789,-63.5,-87.6,-82.8,  3,  5, 0.00,295,14.5
2026-03-21 23:49:55,-99.5710,37.6326, 132.1,14794,-63.5,-87.6,-82.9,  3,  5, 0.00,295,14.6
2026-03-21 23:49:56,-99.5709,37.6326, 132.0,14798,-63.5,-87.6,-82.9,  3,  5, 0.00,295,14.6
2026-03-21 23:49:57,-99.5707,37.6325, 131.9,14803,-63.5,-87.7,-82.9,  3,  5, 0.00,295,14.6
2026-03-21 23:49:58,-99.5706,37.6325, 131.8,14807,-63.5,-87.6,-82.9,  3,  5, 0.00,295,14.6
2026-03-21 23:49:59,-99.5704,37.6324, 131.7,14811,-63.4,-87.6,-82.9,  3,  5, 0.00,295,14.6
2026-03-21 23:50:01,-99.5701,37.6324, 131.6,14820,-63.4,-87.6,-82.8,  3,  5, 0.00,294,14.6
2026-03-21 23:50:02,-99.5699,37.6323, 131.5,14824,-63.4,-87.6,-82.8,  3,  5, 0.00,294,14.7
2026-03-21 23:50:03,-99.5698,37.6322, 131.4,14829,-63.4,-87.6,-82.8,  3,  5, 0.00,294,14.7
2026-03-21 23:50:04,-99.5697,37.6322, 131.3,14833,-63.5,-87.6,-82.9,  3,  5, 0.00,294,14.7
2026-03-21 23:50:05,-99.5695,37.6321, 131.2,14838,-63.5,-87.7,-82.9,  3,  5, 0.00,295,14.7
2026-03-21 23:50:06,-99.5694,37.6321, 131.1,14842,-63.5,-87.7,-82.9,  3,  5, 0.00,295,14.7
2026-03-21 23:50:07,-99.5692,37.6320, 131.0,14846,-63.6,-87.7,-82.9,  3,  5, 0.00,295,14.7
2026-03-21 23:50:08,-99.5691,37.6320, 130.9,14851,-63.6,-87.7,-82.9,  3,  5, 0.00,295,14.7
2026-03-21 23:50:09,-99.5689,37.6319, 130.8,14855,-63.6,-87.7,-82.9,  3,  5, 0.00,295,14.7
2026-03-21 23:50:10,-99.5688,37.6319, 130.7,14858,-63.7,-87.7,-83.0,  3,  5, 0.00,295,14.7
2026-03-21 23:50:12,-99.5685,37.6317, 130.6,14866,-63.7,-87.7,-83.0,  3,  5, 0.00,295,14.6
2026-03-21 23:50:13,-99.5683,37.6317, 130.5,14870,-63.8,-87.7,-83.0,  3,  5, 0.00,295,14.6
2026-03-21 23:50:14,-99.5682,37.6316, 130.4,14874,-63.8,-87.7,-83.0,  3,  5, 0.00,295,14.6
2026-03-21 23:50:15,-99.5680,37.6316, 130.3,14879,-63.8,-87.7,-83.0,  3,  5, 0.00,295,14.6
2026-03-21 23:50:16,-99.5678,37.6315, 130.2,14883,-63.8,-87.7,-83.0,  3,  5, 0.00,295,14.6
2026-03-21 23:50:17,-99.5677,37.6315, 130.1,14887,-63.9,-87.7,-83.0,  3,  5, 0.00,296,14.6
2026-03-21 23:50:18,-99.5676,37.6314, 130.0,14891,-63.9,-87.8,-83.0,  3,  5, 0.00,296,14.5
2026-03-21 23:50:20,-99.5673,37.6313, 129.9,14900,-64.0,-87.8,-83.0,  3,  5, 0.00,296,14.5
2026-03-21 23:50:21,-99.5671,37.6312, 129.8,14904,-64.0,-87.8,-83.0,  3,  5, 0.00,296,14.4
2026-03-21 23:50:22,-99.5670,37.6312, 129.7,14908,-64.0,-87.8,-83.1,  3,  5, 0.00,296,14.4
2026-03-21 23:50:23,-99.5668,37.6311, 129.6,14913,-64.0,-87.8,-83.1,  3,  5, 0.00,296,14.3
2026-03-21 23:50:24,-99.5667,37.6311, 129.5,14917,-64.0,-87.8,-83.1,  3,  5, 0.00,296,14.2
2026-03-21 23:50:25,-99.5665,37.6310, 129.4,14921,-64.1,-87.8,-83.1,  3,  5, 0.00,296,14.2
2026-03-21 23:50:26,-99.5663,37.6309, 129.3,14925,-64.1,-87.9,-83.1,  3,  5, 0.00,296,14.1
2026-03-21 23:50:27,-99.5662,37.6309, 129.2,14929,-64.1,-87.9,-83.1,  3,  5, 0.00,296,14.0
2026-03-21 23:50:29,-99.5659,37.6307, 129.1,14937,-64.1,-87.9,-83.2,  3,  5, 0.00,296,13.8
2026-03-21 23:50:30,-99.5658,37.6307, 129.0,14941,-64.1,-87.9,-83.2,  3,  5, 0.00,295,13.7
2026-03-21 23:50:31,-99.5656,37.6306, 128.9,14946,-64.1,-87.9,-83.2,  3,  5, 0.00,295,13.6
2026-03-21 23:50:32,-99.5655,37.6306, 128.8,14950,-64.1,-88.0,-83.2,  3,  5, 0.00,295,13.5
2026-03-21 23:50:33,-99.5653,37.6305, 128.7,14954,-64.1,-88.0,-83.2,  3,  5, 0.00,295,13.3
2026-03-21 23:50:34,-99.5652,37.6305, 128.6,14958,-64.0,-88.0,-83.2,  3,  5, 0.00,295,13.2
2026-03-21 23:50:36,-99.5649,37.6304, 128.5,14966,-63.9,-88.0,-83.3,  3,  5, 0.00,294,12.9
2026-03-21 23:50:37,-99.5648,37.6303, 128.4,14970,-63.9,-88.0,-83.3,  3,  5, 0.00,294,12.8
2026-03-21 23:50:38,-99.5647,37.6303, 128.3,14974,-63.9,-88.1,-83.3,  3,  5, 0.00,293,12.7
2026-03-21 23:50:39,-99.5646,37.6302, 128.2,14978,-63.8,-88.1,-83.4,  3,  5, 0.00,293,12.5
2026-03-21 23:50:40,-99.5644,37.6302, 128.1,14982,-63.8,-88.2,-83.4,  3,  5, 0.00,293,12.4
2026-03-21 23:50:41,-99.5643,37.6301, 128.0,14986,-63.8,-88.3,-83.5,  3,  5, 0.00,292,12.3
2026-03-21 23:50:42,-99.5642,37.6301, 127.9,14990,-63.8,-88.3,-83.5,  3,  5, 0.00,292,12.1
2026-03-21 23:50:44,-99.5639,37.6300, 127.8,14999,-63.7,-88.3,-83.6,  2,  5, 0.00,291,11.9
2026-03-21 23:50:45,-99.5638,37.6300, 127.7,15003,-63.6,-88.3,-83.5,  2,  5, 0.00,291,11.7
2026-03-21 23:50:46,-99.5637,37.6300, 127.6,15007,-63.5,-88.3,-83.5,  2,  5, 0.00,290,11.6
2026-03-21 23:50:47,-99.5636,37.6300, 127.5,15011,-63.4,-88.2,-83.4,  2,  4, 0.00,290,11.5
2026-03-21 23:50:48,-99.5635,37.6299, 127.4,15015,-63.3,-88.2,-83.4,  2,  4, 0.00,290,11.4
2026-03-21 23:50:50,-99.5632,37.6299, 127.3,15022,-63.2,-88.1,-83.4,  2,  4, 0.00,289,11.2
2026-03-21 23:50:51,-99.5631,37.6298, 127.2,15026,-63.2,-88.1,-83.4,  2,  4, 0.00,289,11.1
2026-03-21 23:50:52,-99.5630,37.6298, 127.1,15030,-63.2,-88.1,-83.4,  2,  4, 0.00,289,11.0
2026-03-21 23:50:53,-99.5629,37.6298, 127.0,15034,-63.2,-88.2,-83.4,  2,  4, 0.00,288,10.9
2026-03-21 23:50:55,-99.5626,37.6297, 126.9,15042,-63.2,-88.2,-83.5,  2,  4, 0.00,288,10.8
2026-03-21 23:50:56,-99.5625,37.6297, 126.8,15046,-63.2,-88.3,-83.5,  2,  4, 0.00,288,10.7
2026-03-21 23:50:57,-99.5624,37.6297, 126.7,15050,-63.2,-88.3,-83.5,  2,  4, 0.00,288,10.6
2026-03-21 23:50:58,-99.5623,37.6297, 126.6,15054,-63.2,-88.3,-83.6,  2,  4, 0.00,288,10.5
2026-03-21 23:50:59,-99.5622,37.6296, 126.5,15059,-63.3,-88.4,-83.6,  2,  4, 0.00,288,10.5
2026-03-21 23:51:00,-99.5621,37.6296, 126.4,15063,-63.3,-88.4,-83.6,  2,  4, 0.00,288,10.4
2026-03-21 23:51:02,-99.5618,37.6296, 126.3,15072,-63.4,-88.4,-83.6,  2,  4, 0.00,288,10.2
2026-03-21 23:51:03,-99.5617,37.6295, 126.2,15076,-63.4,-88.4,-83.6,  2,  4, 0.00,288,10.2
2026-03-21 23:51:04,-99.5616,37.6295, 126.1,15080,-63.4,-88.4,-83.6,  2,  4, 0.00,288,10.1
2026-03-21 23:51:05,-99.5615,37.6295, 126.0,15085,-63.4,-88.4,-83.6,  2,  4, 0.00,288,10.0
2026-03-21 23:51:06,-99.5614,37.6294, 125.9,15089,-63.5,-88.4,-83.6,  2,  4, 0.00,288,10.0
2026-03-21 23:51:07,-99.5613,37.6294, 125.8,15093,-63.5,-88.4,-83.6,  2,  4, 0.00,288, 9.9
2026-03-21 23:51:09,-99.5611,37.6294, 125.7,15101,-63.6,-88.4,-83.6,  2,  4, 0.00,289, 9.7
2026-03-21 23:51:10,-99.5610,37.6293, 125.6,15105,-63.6,-88.4,-83.6,  2,  4, 0.00,289, 9.6
2026-03-21 23:51:11,-99.5609,37.6293, 125.5,15109,-63.6,-88.4,-83.6,  2,  4, 0.00,289, 9.6
2026-03-21 23:51:12,-99.5608,37.6292, 125.4,15113,-63.6,-88.4,-83.6,  2,  4, 0.00,289, 9.5
2026-03-21 23:51:13,-99.5607,37.6292, 125.3,15117,-63.7,-88.4,-83.7,  2,  4, 0.00,289, 9.4
2026-03-21 23:51:15,-99.5605,37.6292, 125.2,15125,-63.7,-88.5,-83.7,  2,  5, 0.00,289, 9.2
2026-03-21 23:51:16,-99.5604,37.6291, 125.1,15130,-63.7,-88.5,-83.7,  2,  5, 0.00,289, 9.1
2026-03-21 23:51:17,-99.5603,37.6291, 125.0,15134,-63.8,-88.5,-83.7,  2,  5, 0.00,289, 9.0
2026-03-21 23:51:18,-99.5602,37.6291, 124.9,15138,-63.8,-88.5,-83.7,  2,  5, 0.00,289, 8.9
2026-03-21 23:51:19,-99.5601,37.6291, 124.8,15142,-63.8,-88.5,-83.7,  2,  5, 0.00,289, 8.9
2026-03-21 23:51:20,-99.5600,37.6290, 124.7,15146,-63.8,-88.5,-83.7,  2,  5, 0.00,289, 8.8
2026-03-21 23:51:22,-99.5598,37.6290, 124.6,15154,-63.8,-88.5,-83.7,  2,  5, 0.00,289, 8.6
2026-03-21 23:51:23,-99.5597,37.6290, 124.5,15158,-63.8,-88.5,-83.7,  2,  5, 0.00,289, 8.5
2026-03-21 23:51:24,-99.5596,37.6289, 124.4,15162,-63.8,-88.5,-83.7,  2,  5, 0.00,289, 8.4
2026-03-21 23:51:25,-99.5596,37.6289, 124.3,15166,-63.8,-88.5,-83.7,  2,  5, 0.00,289, 8.3
2026-03-21 23:51:27,-99.5594,37.6288, 124.2,15174,-63.7,-88.4,-83.7,  2,  5, 0.00,289, 8.2
2026-03-21 23:51:28,-99.5593,37.6288, 124.1,15178,-63.8,-88.4,-83.6,  2,  5, 0.00,289, 8.1
2026-03-21 23:51:29,-99.5592,37.6288, 124.0,15182,-63.8,-88.4,-83.6,  2,  5, 0.00,289, 8.1
2026-03-21 23:51:30,-99.5591,37.6288, 123.9,15187,-63.8,-88.4,-83.6,  2,  5, 0.00,289, 8.0
2026-03-21 23:51:31,-99.5590,37.6288, 123.8,15191,-63.8,-88.4,-83.7,  2,  5, 0.00,289, 7.9
2026-03-21 23:51:32,-99.5590,37.6288, 123.7,15195,-63.8,-88.4,-83.7,  2,  5, 0.00,289, 7.9
2026-03-21 23:51:34,-99.5588,37.6287, 123.6,15204,-63.9,-88.4,-83.7,  3,  5, 0.00,289, 7.8
2026-03-21 23:51:35,-99.5587,37.6287, 123.5,15208,-63.9,-88.4,-83.7,  3,  5, 0.00,289, 7.7
2026-03-21 23:51:36,-99.5586,37.6287, 123.4,15212,-64.0,-88.5,-83.7,  3,  5, 0.00,290, 7.7
2026-03-21 23:51:37,-99.5585,37.6286, 123.3,15217,-64.0,-88.5,-83.7,  3,  5, 0.00,290, 7.6
2026-03-21 23:51:38,-99.5585,37.6286, 123.2,15221,-64.1,-88.5,-83.7,  3,  5, 0.00,290, 7.6
2026-03-21 23:51:39,-99.5584,37.6286, 123.1,15225,-64.1,-88.5,-83.7,  3,  5, 0.00,290, 7.5
2026-03-21 23:51:41,-99.5582,37.6285, 123.0,15234,-64.2,-88.5,-83.7,  3,  5, 0.00,291, 7.5
2026-03-21 23:51:42,-99.5582,37.6285, 122.9,15238,-64.2,-88.5,-83.7,  3,  5, 0.00,291, 7.4
2026-03-21 23:51:43,-99.5581,37.6285, 122.8,15243,-64.2,-88.5,-83.7,  3,  5, 0.00,291, 7.4
2026-03-21 23:51:44,-99.5580,37.6285, 122.7,15247,-64.3,-88.5,-83.8,  3,  5, 0.00,291, 7.4
2026-03-21 23:51:45,-99.5579,37.6285, 122.6,15252,-64.3,-88.5,-83.8,  3,  5, 0.00,291, 7.4
2026-03-21 23:51:46,-99.5578,37.6285, 122.5,15256,-64.3,-88.5,-83.8,  3,  5, 0.00,292, 7.3
2026-03-21 23:51:47,-99.5578,37.6284, 122.4,15261,-64.4,-88.6,-83.8,  3,  5, 0.00,292, 7.3
2026-03-21 23:51:48,-99.5577,37.6284, 122.3,15266,-64.4,-88.6,-83.8,  3,  5, 0.00,292, 7.3
2026-03-21 23:51:49,-99.5576,37.6284, 122.2,15271,-64.5,-88.6,-83.8,  3,  5, 0.00,292, 7.3
2026-03-21 23:51:50,-99.5575,37.6283, 122.1,15275,-64.5,-88.6,-83.8,  3,  5, 0.00,292, 7.3
2026-03-21 23:51:52,-99.5574,37.6283, 122.0,15284,-64.6,-88.6,-83.8,  3,  5, 0.00,293, 7.3
2026-03-21 23:51:53,-99.5573,37.6283, 121.9,15288,-64.6,-88.6,-83.8,  3,  5, 0.00,293, 7.2
2026-03-21 23:51:54,-99.5573,37.6282, 121.8,15293,-64.6,-88.6,-83.9,  3,  5, 0.00,293, 7.2
2026-03-21 23:51:55,-99.5572,37.6282, 121.7,15297,-64.6,-88.6,-83.9,  3,  5, 0.00,293, 7.2
2026-03-21 23:51:56,-99.5571,37.6282, 121.6,15301,-64.7,-88.6,-83.9,  3,  5, 0.00,293, 7.2
2026-03-21 23:51:57,-99.5571,37.6281, 121.5,15306,-64.7,-88.6,-83.9,  3,  5, 0.00,293, 7.2
2026-03-21 23:51:58,-99.5570,37.6281, 121.4,15310,-64.7,-88.6,-83.9,  3,  5, 0.00,293, 7.3
2026-03-21 23:52:00,-99.5568,37.6281, 121.3,15319,-64.8,-88.7,-83.9,  3,  5, 0.00,293, 7.3
2026-03-21 23:52:01,-99.5567,37.6281, 121.2,15324,-64.8,-88.7,-83.9,  3,  5, 0.00,293, 7.3
2026-03-21 23:52:02,-99.5567,37.6280, 121.1,15328,-64.8,-88.7,-83.9,  3,  5, 0.00,292, 7.3
2026-03-21 23:52:03,-99.5566,37.6280, 121.0,15333,-64.9,-88.7,-83.9,  3,  5, 0.00,292, 7.3
2026-03-21 23:52:04,-99.5565,37.6280, 120.9,15338,-64.9,-88.7,-83.9,  3,  5, 0.00,292, 7.3
2026-03-21 23:52:05,-99.5564,37.6280, 120.8,15342,-64.9,-88.7,-83.9,  3,  5, 0.00,292, 7.4
2026-03-21 23:52:06,-99.5564,37.6279, 120.7,15347,-64.9,-88.7,-83.9,  3,  5, 0.00,291, 7.4
2026-03-21 23:52:07,-99.5563,37.6279, 120.6,15352,-65.0,-88.7,-84.0,  3,  5, 0.00,291, 7.4
2026-03-21 23:52:08,-99.5562,37.6279, 120.5,15356,-65.0,-88.7,-84.0,  3,  5, 0.00,291, 7.4
2026-03-21 23:52:09,-99.5562,37.6278, 120.4,15361,-65.0,-88.7,-84.0,  3,  5, 0.00,290, 7.4
2026-03-21 23:52:10,-99.5561,37.6278, 120.3,15366,-65.0,-88.7,-84.0,  3,  5, 0.00,290, 7.5
2026-03-21 23:52:11,-99.5560,37.6278, 120.2,15371,-65.1,-88.7,-84.0,  3,  5, 0.00,290, 7.5
2026-03-21 23:52:12,-99.5559,37.6278, 120.1,15376,-65.1,-88.7,-84.0,  3,  5, 0.00,289, 7.5
2026-03-21 23:52:14,-99.5558,37.6277, 120.0,15385,-65.1,-88.7,-84.0,  3,  5, 0.00,288, 7.6
2026-03-21 23:52:15,-99.5557,37.6277, 119.9,15390,-65.2,-88.7,-84.0,  3,  5, 0.00,288, 7.6
2026-03-21 23:52:16,-99.5556,37.6277, 119.8,15394,-65.2,-88.7,-84.0,  3,  5, 0.00,287, 7.6
2026-03-21 23:52:17,-99.5555,37.6277, 119.7,15399,-65.2,-88.8,-84.0,  3,  5, 0.00,287, 7.6
2026-03-21 23:52:18,-99.5554,37.6277, 119.6,15405,-65.3,-88.8,-84.0,  3,  5, 0.00,286, 7.6
2026-03-21 23:52:19,-99.5554,37.6276, 119.5,15410,-65.3,-88.8,-84.0,  3,  5, 0.00,286, 7.6
2026-03-21 23:52:20,-99.5553,37.6276, 119.3,15416,-65.3,-88.8,-84.0,  3,  5, 0.00,285, 7.7
2026-03-21 23:52:21,-99.5552,37.6276, 119.2,15422,-65.3,-88.8,-84.0,  3,  5, 0.00,285, 7.7
2026-03-21 23:52:22,-99.5551,37.6276, 119.1,15427,-65.3,-88.8,-84.0,  3,  5, 0.00,284, 7.7
2026-03-21 23:52:23,-99.5550,37.6276, 119.0,15433,-65.3,-88.7,-84.0,  3,  5, 0.00,284, 7.7
2026-03-21 23:52:24,-99.5549,37.6276, 118.9,15438,-65.3,-88.8,-84.0,  3,  5, 0.00,283, 7.7
2026-03-21 23:52:25,-99.5548,37.6275, 118.8,15444,-65.3,-88.8,-84.0,  3,  5, 0.00,283, 7.7
2026-03-21 23:52:26,-99.5547,37.6275, 118.7,15450,-65.4,-88.8,-84.1,  3,  5, 0.00,282, 7.7
2026-03-21 23:52:27,-99.5546,37.6275, 118.6,15456,-65.5,-88.9,-84.1,  3,  5, 0.00,282, 7.7
2026-03-21 23:52:28,-99.5546,37.6275, 118.5,15461,-65.5,-88.9,-84.1,  3,  5, 0.00,281, 7.7
2026-03-21 23:52:29,-99.5545,37.6275, 118.4,15466,-65.6,-88.9,-84.1,  3,  5, 0.00,281, 7.7
2026-03-21 23:52:30,-99.5544,37.6275, 118.3,15472,-65.6,-88.9,-84.1,  3,  5, 0.00,280, 7.7
2026-03-21 23:52:31,-99.5543,37.6275, 118.2,15477,-65.6,-88.9,-84.1,  3,  6, 0.00,280, 7.7
2026-03-21 23:52:32,-99.5542,37.6275, 118.1,15482,-65.7,-88.9,-84.1,  3,  6, 0.00,279, 7.7
2026-03-21 23:52:33,-99.5541,37.6275, 118.0,15487,-65.7,-88.9,-84.1,  3,  6, 0.00,279, 7.7
2026-03-21 23:52:34,-99.5541,37.6274, 117.9,15492,-65.8,-88.9,-84.1,  3,  6, 0.00,278, 7.7
2026-03-21 23:52:35,-99.5540,37.6274, 117.8,15497,-65.8,-88.9,-84.1,  3,  6, 0.00,278, 7.7
2026-03-21 23:52:36,-99.5539,37.6274, 117.7,15502,-65.8,-88.9,-84.1,  3,  6, 0.00,277, 7.7
2026-03-21 23:52:37,-99.5538,37.6274, 117.6,15506,-65.9,-88.9,-84.1,  3,  6, 0.00,276, 7.7
2026-03-21 23:52:38,-99.5537,37.6274, 117.5,15511,-65.9,-88.9,-84.1,  3,  6, 0.00,276, 7.7
2026-03-21 23:52:39,-99.5536,37.6274, 117.4,15515,-65.9,-88.8,-84.1,  3,  6, 0.00,275, 7.7
2026-03-21 23:52:40,-99.5535,37.6274, 117.3,15520,-65.9,-88.8,-84.1,  3,  6, 0.00,275, 7.7
2026-03-21 23:52:41,-99.5534,37.6274, 117.2,15525,-65.9,-88.8,-84.1,  3,  6, 0.00,274, 7.7
2026-03-21 23:52:42,-99.5534,37.6274, 117.1,15531,-66.0,-88.9,-84.1,  3,  6, 0.00,273, 7.8
2026-03-21 23:52:43,-99.5533,37.6274, 117.0,15537,-66.1,-88.9,-84.1,  3,  6, 0.00,273, 7.8
2026-03-21 23:52:44,-99.5532,37.6274, 116.9,15543,-66.1,-88.9,-84.2,  3,  6, 0.00,272, 7.8
2026-03-21 23:52:45,-99.5531,37.6274, 116.8,15549,-66.2,-88.9,-84.2,  3,  6, 0.00,271, 7.8
2026-03-21 23:52:46,-99.5530,37.6274, 116.7,15554,-66.2,-88.9,-84.2,  3,  6, 0.00,271, 7.8
2026-03-21 23:52:47,-99.5530,37.6274, 116.6,15560,-66.2,-88.9,-84.2,  3,  6, 0.00,270, 7.9
2026-03-21 23:52:48,-99.5528,37.6274, 116.5,15565,-66.2,-88.9,-84.2,  3,  6, 0.00,270, 7.9
2026-03-21 23:52:49,-99.5527,37.6274, 116.3,15571,-66.3,-88.9,-84.2,  3,  6, 0.00,269, 7.9
2026-03-21 23:52:50,-99.5526,37.6274, 116.2,15578,-66.4,-89.0,-84.2,  3,  6, 0.00,268, 7.9
2026-03-21 23:52:51,-99.5525,37.6274, 116.1,15585,-66.4,-89.0,-84.2,  3,  6, 0.00,268, 8.0
2026-03-21 23:52:52,-99.5525,37.6274, 115.9,15593,-66.5,-89.0,-84.3,  3,  6, 0.00,267, 8.0
2026-03-21 23:52:53,-99.5524,37.6274, 115.8,15600,-66.6,-89.0,-84.3,  3,  6, 0.00,267, 8.0
2026-03-21 23:52:54,-99.5523,37.6274, 115.7,15607,-66.7,-89.0,-84.3,  3,  6, 0.00,266, 8.0
2026-03-21 23:52:55,-99.5522,37.6274, 115.5,15613,-66.7,-89.0,-84.3,  3,  6, 0.00,265, 8.1
2026-03-21 23:52:56,-99.5521,37.6274, 115.4,15618,-66.8,-89.0,-84.3,  3,  6, 0.00,265, 8.1
2026-03-21 23:52:57,-99.5520,37.6274, 115.3,15623,-66.8,-89.0,-84.2,  3,  6, 0.00,264, 8.1
2026-03-21 23:52:58,-99.5519,37.6274, 115.2,15629,-66.8,-89.0,-84.2,  3,  6, 0.00,264, 8.1
2026-03-21 23:52:59,-99.5519,37.6274, 115.1,15634,-66.9,-89.0,-84.2,  3,  6, 0.00,263, 8.2
2026-03-21 23:53:00,-99.5518,37.6274, 115.0,15640,-66.9,-89.0,-84.2,  3,  7, 0.00,262, 8.2
2026-03-21 23:53:01,-99.5517,37.6275, 114.9,15646,-67.0,-89.0,-84.2,  3,  7, 0.00,262, 8.2
2026-03-21 23:53:02,-99.5516,37.6275, 114.8,15652,-67.0,-89.0,-84.2,  3,  7, 0.00,261, 8.2
2026-03-21 23:53:03,-99.5515,37.6275, 114.7,15658,-67.1,-89.0,-84.3,  3,  7, 0.00,261, 8.3
2026-03-21 23:53:04,-99.5514,37.6275, 114.6,15663,-67.2,-89.0,-84.3,  3,  7, 0.00,260, 8.3
2026-03-21 23:53:05,-99.5513,37.6275, 114.5,15669,-67.2,-89.0,-84.3,  3,  7, 0.00,259, 8.3
2026-03-21 23:53:06,-99.5512,37.6275, 114.4,15675,-67.3,-89.0,-84.3,  4,  7, 0.00,259, 8.4
2026-03-21 23:53:07,-99.5511,37.6275, 114.3,15680,-67.3,-89.1,-84.3,  4,  7, 0.00,258, 8.4
2026-03-21 23:53:08,-99.5510,37.6275, 114.2,15685,-67.3,-89.1,-84.3,  4,  7, 0.00,258, 8.4
2026-03-21 23:53:09,-99.5509,37.6275, 114.1,15690,-67.4,-89.1,-84.3,  4,  7, 0.00,257, 8.5
2026-03-21 23:53:10,-99.5508,37.6276, 114.0,15695,-67.4,-89.1,-84.3,  4,  7, 0.00,257, 8.5
2026-03-21 23:53:11,-99.5508,37.6276, 113.9,15701,-67.5,-89.1,-84.4,  4,  7, 0.00,256, 8.6
2026-03-21 23:53:12,-99.5507,37.6276, 113.8,15706,-67.6,-89.1,-84.4,  4,  7, 0.00,256, 8.6
2026-03-21 23:53:13,-99.5506,37.6276, 113.7,15712,-67.6,-89.1,-84.4,  4,  7, 0.00,255, 8.7
2026-03-21 23:53:14,-99.5505,37.6276, 113.6,15717,-67.7,-89.2,-84.4,  4,  7, 0.00,255, 8.7
2026-03-21 23:53:15,-99.5504,37.6276, 113.5,15723,-67.7,-89.2,-84.4,  4,  7, 0.00,255, 8.8
2026-03-21 23:53:16,-99.5503,37.6277, 113.3,15728,-67.8,-89.2,-84.4,  4,  7, 0.00,254, 8.8
2026-03-21 23:53:18,-99.5501,37.6277, 113.2,15738,-67.8,-89.2,-84.4,  4,  7, 0.00,254, 8.9
2026-03-21 23:53:19,-99.5500,37.6278, 113.1,15742,-67.8,-89.2,-84.4,  4,  7, 0.00,253, 9.0
2026-03-21 23:53:20,-99.5499,37.6278, 113.0,15746,-67.9,-89.2,-84.4,  4,  7, 0.00,253, 9.0
2026-03-21 23:53:21,-99.5498,37.6279, 112.9,15750,-67.9,-89.2,-84.4,  4,  7, 0.00,253, 9.1
2026-03-21 23:53:23,-99.5496,37.6279, 112.8,15759,-67.9,-89.2,-84.4,  4,  7, 0.00,253, 9.2
2026-03-21 23:53:24,-99.5495,37.6279, 112.7,15763,-68.0,-89.2,-84.5,  4,  7, 0.00,252, 9.2
2026-03-21 23:53:25,-99.5494,37.6279, 112.6,15768,-68.0,-89.2,-84.5,  4,  7, 0.00,252, 9.3
2026-03-21 23:53:26,-99.5493,37.6279, 112.5,15773,-68.0,-89.3,-84.5,  4,  7, 0.00,252, 9.3
2026-03-21 23:53:27,-99.5492,37.6280, 112.4,15777,-68.1,-89.3,-84.5,  4,  7, 0.00,252, 9.3
2026-03-21 23:53:28,-99.5491,37.6280, 112.3,15782,-68.1,-89.3,-84.6,  4,  7, 0.00,252, 9.4
2026-03-21 23:53:30,-99.5489,37.6281, 112.2,15790,-68.2,-89.4,-84.6,  4,  7, 0.00,252, 9.4
2026-03-21 23:53:31,-99.5488,37.6281, 112.1,15795,-68.2,-89.4,-84.6,  4,  7, 0.00,252, 9.5
2026-03-21 23:53:32,-99.5487,37.6282, 112.0,15799,-68.3,-89.4,-84.6,  4,  7, 0.00,252, 9.5
2026-03-21 23:53:34,-99.5485,37.6282, 111.9,15807,-68.3,-89.4,-84.7,  4,  7, 0.00,253, 9.5
2026-03-21 23:53:35,-99.5484,37.6283, 111.8,15811,-68.4,-89.4,-84.7,  4,  7, 0.00,253, 9.6
2026-03-21 23:53:36,-99.5483,37.6283, 111.7,15816,-68.4,-89.5,-84.7,  4,  7, 0.00,253, 9.6
2026-03-21 23:53:37,-99.5482,37.6283, 111.6,15821,-68.4,-89.5,-84.7,  4,  7, 0.00,253, 9.6
2026-03-21 23:53:38,-99.5481,37.6283, 111.5,15826,-68.5,-89.5,-84.7,  4,  7, 0.00,253, 9.6
2026-03-21 23:53:39,-99.5480,37.6283, 111.4,15831,-68.5,-89.5,-84.7,  4,  7, 0.00,253, 9.6
2026-03-21 23:53:40,-99.5478,37.6283, 111.3,15835,-68.5,-89.5,-84.8,  4,  8, 0.00,253, 9.7
2026-03-21 23:53:42,-99.5476,37.6284, 111.2,15844,-68.6,-89.5,-84.8,  4,  8, 0.00,254, 9.7
2026-03-21 23:53:43,-99.5475,37.6284, 111.1,15849,-68.6,-89.5,-84.8,  4,  8, 0.00,254, 9.7
2026-03-21 23:53:44,-99.5474,37.6284, 111.0,15854,-68.7,-89.6,-84.8,  4,  8, 0.00,254, 9.7
2026-03-21 23:53:45,-99.5473,37.6285, 110.9,15858,-68.7,-89.6,-84.8,  4,  8, 0.00,254, 9.7
2026-03-21 23:53:46,-99.5472,37.6285, 110.8,15863,-68.7,-89.6,-84.8,  4,  8, 0.00,254, 9.8
2026-03-21 23:53:48,-99.5470,37.6286, 110.7,15871,-68.7,-89.6,-84.8,  4,  8, 0.00,254, 9.8
2026-03-21 23:53:49,-99.5469,37.6286, 110.6,15875,-68.8,-89.6,-84.9,  4,  8, 0.00,254, 9.8
2026-03-21 23:53:50,-99.5468,37.6286, 110.5,15879,-68.8,-89.6,-84.9,  4,  8, 0.00,255, 9.8
2026-03-21 23:53:51,-99.5467,37.6286, 110.4,15884,-68.8,-89.6,-84.9,  4,  8, 0.00,255, 9.8
2026-03-21 23:53:53,-99.5465,37.6287, 110.3,15894,-68.8,-89.7,-84.9,  4,  8, 0.00,255, 9.9
2026-03-21 23:53:54,-99.5464,37.6287, 110.2,15898,-68.8,-89.7,-84.9,  4,  8, 0.00,255, 9.9
2026-03-21 23:53:55,-99.5463,37.6287, 110.1,15903,-68.8,-89.7,-84.9,  4,  8, 0.00,255, 9.9
2026-03-21 23:53:56,-99.5462,37.6287, 110.0,15907,-68.8,-89.7,-85.0,  4,  8, 0.00,255, 9.9
2026-03-21 23:53:57,-99.5461,37.6288, 109.9,15912,-68.8,-89.7,-85.0,  4,  7, 0.00,256, 9.9
2026-03-21 23:53:58,-99.5460,37.6288, 109.8,15917,-68.7,-89.7,-84.9,  4,  7, 0.00,256, 9.9
2026-03-21 23:54:00,-99.5457,37.6288, 109.7,15926,-68.7,-89.7,-84.9,  4,  7, 0.00,256, 9.9
2026-03-21 23:54:01,-99.5456,37.6289, 109.6,15931,-68.7,-89.7,-84.9,  4,  7, 0.00,256, 9.9
2026-03-21 23:54:02,-99.5455,37.6289, 109.5,15936,-68.7,-89.7,-84.9,  4,  7, 0.00,256,10.0
2026-03-21 23:54:03,-99.5454,37.6289, 109.4,15941,-68.7,-89.7,-84.9,  4,  7, 0.00,257,10.0
2026-03-21 23:54:04,-99.5452,37.6289, 109.3,15946,-68.7,-89.7,-84.9,  4,  7, 0.00,257,10.0
2026-03-21 23:54:05,-99.5451,37.6289, 109.2,15950,-68.7,-89.7,-84.9,  4,  7, 0.00,257,10.0
2026-03-21 23:54:06,-99.5450,37.6290, 109.1,15955,-68.7,-89.7,-84.9,  4,  7, 0.00,257,10.0
2026-03-21 23:54:08,-99.5448,37.6290, 109.0,15963,-68.8,-89.7,-84.9,  4,  8, 0.00,258,10.0
2026-03-21 23:54:09,-99.5447,37.6290, 108.9,15968,-68.8,-89.7,-85.0,  4,  8, 0.00,258,10.0
2026-03-21 23:54:10,-99.5446,37.6290, 108.8,15972,-68.9,-89.7,-85.0,  4,  8, 0.00,258,10.0
2026-03-21 23:54:11,-99.5445,37.6291, 108.7,15977,-68.9,-89.7,-85.0,  4,  8, 0.00,258,10.0
2026-03-21 23:54:12,-99.5444,37.6291, 108.6,15982,-69.0,-89.8,-85.0,  4,  8, 0.00,259,10.0
2026-03-21 23:54:14,-99.5442,37.6291, 108.5,15992,-69.0,-89.8,-85.0,  4,  8, 0.00,259,10.0
2026-03-21 23:54:15,-99.5441,37.6291, 108.4,15997,-69.1,-89.8,-85.0,  4,  8, 0.00,260,10.0
2026-03-21 23:54:16,-99.5440,37.6292, 108.3,16002,-69.1,-89.8,-85.0,  4,  8, 0.00,260,10.0
2026-03-21 23:54:17,-99.5439,37.6292, 108.2,16007,-69.2,-89.8,-85.1,  4,  8, 0.00,260,10.0
2026-03-21 23:54:18,-99.5437,37.6292, 108.1,16012,-69.2,-89.8,-85.1,  4,  8, 0.00,261,10.0
2026-03-21 23:54:19,-99.5436,37.6292, 108.0,16016,-69.3,-89.8,-85.1,  4,  8, 0.00,261,10.0
2026-03-21 23:54:20,-99.5435,37.6292, 107.9,16021,-69.3,-89.8,-85.1,  4,  8, 0.00,261,10.0
2026-03-21 23:54:22,-99.5433,37.6293, 107.8,16030,-69.4,-89.8,-85.1,  4,  8, 0.00,262,10.0
2026-03-21 23:54:23,-99.5432,37.6293, 107.7,16035,-69.4,-89.9,-85.1,  4,  8, 0.00,263,10.0
2026-03-21 23:54:24,-99.5431,37.6293, 107.6,16039,-69.4,-89.9,-85.1,  4,  8, 0.00,263,10.0
2026-03-21 23:54:25,-99.5430,37.6293, 107.5,16044,-69.5,-89.9,-85.1,  4,  8, 0.00,263,10.0
2026-03-21 23:54:26,-99.5429,37.6293, 107.4,16049,-69.5,-89.9,-85.1,  4,  8, 0.00,264,10.0
2026-03-21 23:54:27,-99.5428,37.6293, 107.3,16055,-69.6,-89.9,-85.1,  4,  8, 0.00,264,10.0
2026-03-21 23:54:28,-99.5426,37.6293, 107.2,16060,-69.6,-89.9,-85.1,  4,  8, 0.00,265,10.1
2026-03-21 23:54:29,-99.5425,37.6293, 107.1,16065,-69.6,-89.8,-85.1,  4,  8, 0.00,265,10.1
2026-03-21 23:54:31,-99.5423,37.6293, 107.0,16075,-69.6,-89.8,-85.1,  4,  8, 0.00,266,10.1
2026-03-21 23:54:32,-99.5422,37.6293, 106.9,16079,-69.6,-89.8,-85.0,  4,  8, 0.00,266,10.1
2026-03-21 23:54:33,-99.5421,37.6294, 106.8,16084,-69.6,-89.8,-85.0,  4,  8, 0.00,266,10.1
2026-03-21 23:54:34,-99.5419,37.6294, 106.7,16089,-69.7,-89.8,-85.0,  4,  8, 0.00,267,10.1
2026-03-21 23:54:35,-99.5418,37.6294, 106.6,16094,-69.7,-89.8,-85.1,  4,  8, 0.00,267,10.1
2026-03-21 23:54:36,-99.5417,37.6294, 106.5,16099,-69.7,-89.8,-85.1,  4,  9, 0.00,267,10.2
2026-03-21 23:54:38,-99.5415,37.6294, 106.4,16109,-69.8,-89.9,-85.1,  4,  9, 0.00,268,10.2
2026-03-21 23:54:39,-99.5413,37.6294, 106.3,16114,-69.9,-89.9,-85.1,  4,  9, 0.00,268,10.2
2026-03-21 23:54:40,-99.5412,37.6294, 106.2,16118,-69.9,-89.9,-85.1,  4,  9, 0.00,268,10.2
2026-03-21 23:54:41,-99.5411,37.6294, 106.1,16123,-69.9,-89.9,-85.1,  4,  9, 0.00,268,10.2
2026-03-21 23:54:42,-99.5410,37.6294, 106.0,16128,-70.0,-89.9,-85.2,  4,  9, 0.00,268,10.2
2026-03-21 23:54:43,-99.5409,37.6294, 105.9,16133,-70.1,-90.0,-85.2,  4,  9, 0.00,269,10.2
2026-03-21 23:54:44,-99.5408,37.6293, 105.8,16138,-70.1,-90.0,-85.2,  4,  9, 0.00,269,10.2
2026-03-21 23:54:46,-99.5406,37.6293, 105.7,16148,-70.2,-90.0,-85.2,  4,  9, 0.00,269,10.3
2026-03-21 23:54:47,-99.5404,37.6293, 105.6,16153,-70.2,-90.0,-85.2,  4,  9, 0.00,269,10.3
2026-03-21 23:54:48,-99.5403,37.6293, 105.5,16158,-70.2,-90.0,-85.2,  4,  9, 0.00,269,10.3
2026-03-21 23:54:49,-99.5402,37.6293, 105.4,16163,-70.2,-90.0,-85.2,  4,  9, 0.00,269,10.3
2026-03-21 23:54:50,-99.5401,37.6293, 105.3,16168,-70.2,-90.0,-85.2,  5,  9, 0.00,269,10.3
2026-03-21 23:54:51,-99.5400,37.6293, 105.2,16173,-70.2,-90.0,-85.2,  5,  9, 0.00,268,10.3
2026-03-21 23:54:52,-99.5399,37.6294, 105.1,16178,-70.2,-90.0,-85.2,  5,  9, 0.00,268,10.3
2026-03-21 23:54:53,-99.5398,37.6294, 105.0,16183,-70.2,-90.0,-85.2,  5,  9, 0.00,268,10.4
2026-03-21 23:54:55,-99.5395,37.6294, 104.9,16192,-70.3,-90.0,-85.2,  5,  9, 0.00,268,10.4
2026-03-21 23:54:56,-99.5394,37.6294, 104.8,16197,-70.3,-90.0,-85.2,  5,  9, 0.00,268,10.4
2026-03-21 23:54:57,-99.5393,37.6294, 104.7,16203,-70.4,-90.0,-85.2,  5,  9, 0.00,268,10.4
2026-03-21 23:54:58,-99.5391,37.6294, 104.6,16208,-70.4,-90.0,-85.2,  5,  9, 0.00,268,10.4
2026-03-21 23:54:59,-99.5390,37.6294, 104.5,16213,-70.4,-90.0,-85.3,  5,  9, 0.00,268,10.5
2026-03-21 23:55:00,-99.5389,37.6294, 104.4,16218,-70.5,-90.0,-85.3,  5,  9, 0.00,268,10.5
2026-03-21 23:55:01,-99.5388,37.6294, 104.3,16222,-70.5,-90.0,-85.3,  5,  9, 0.00,268,10.5
2026-03-21 23:55:03,-99.5386,37.6294, 104.2,16232,-70.5,-90.0,-85.3,  5,  9, 0.00,268,10.5
2026-03-21 23:55:04,-99.5385,37.6294, 104.1,16237,-70.6,-90.0,-85.3,  5,  9, 0.00,268,10.5
2026-03-21 23:55:05,-99.5383,37.6294, 104.0,16241,-70.6,-90.1,-85.3,  5,  9, 0.00,268,10.6
2026-03-21 23:55:06,-99.5382,37.6294, 103.9,16246,-70.6,-90.1,-85.3,  5,  9, 0.00,268,10.6
2026-03-21 23:55:08,-99.5380,37.6294, 103.8,16255,-70.7,-90.1,-85.3,  5,  9, 0.00,268,10.6
2026-03-21 23:55:09,-99.5379,37.6294, 103.7,16260,-70.7,-90.1,-85.4,  5,  9, 0.00,268,10.6
2026-03-21 23:55:10,-99.5377,37.6294, 103.6,16265,-70.8,-90.1,-85.4,  5,  9, 0.00,268,10.6
2026-03-21 23:55:11,-99.5376,37.6294, 103.5,16270,-70.8,-90.1,-85.4,  5,  9, 0.00,268,10.6
2026-03-21 23:55:12,-99.5375,37.6294, 103.4,16275,-70.8,-90.2,-85.4,  5,  9, 0.00,269,10.6
2026-03-21 23:55:14,-99.5373,37.6294, 103.3,16284,-70.9,-90.2,-85.4,  5,  9, 0.00,269,10.6
2026-03-21 23:55:15,-99.5371,37.6294, 103.2,16288,-70.9,-90.2,-85.5,  5,  9, 0.00,269,10.6
2026-03-21 23:55:16,-99.5370,37.6294, 103.1,16293,-70.9,-90.2,-85.5,  5,  9, 0.00,269,10.6
2026-03-21 23:55:17,-99.5369,37.6294, 103.0,16297,-70.9,-90.2,-85.5,  5,  9, 0.00,270,10.5
2026-03-21 23:55:19,-99.5366,37.6294, 102.9,16307,-70.9,-90.2,-85.5,  5,  9, 0.00,270,10.5
2026-03-21 23:55:20,-99.5365,37.6294, 102.8,16312,-71.0,-90.3,-85.5,  5,  9, 0.00,270,10.5
2026-03-21 23:55:21,-99.5363,37.6294, 102.7,16317,-71.0,-90.3,-85.5,  5,  9, 0.00,271,10.4
2026-03-21 23:55:22,-99.5362,37.6294, 102.6,16322,-71.0,-90.3,-85.6,  5,  9, 0.00,271,10.4
2026-03-21 23:55:23,-99.5361,37.6294, 102.5,16328,-71.1,-90.3,-85.6,  5,  9, 0.00,271,10.3
2026-03-21 23:55:24,-99.5360,37.6294, 102.4,16333,-71.1,-90.4,-85.6,  5,  9, 0.00,272,10.3
2026-03-21 23:55:25,-99.5359,37.6294, 102.3,16338,-71.2,-90.4,-85.6,  5, 10, 0.00,272,10.3
2026-03-21 23:55:27,-99.5357,37.6294, 102.2,16347,-71.2,-90.4,-85.6,  5, 10, 0.00,273,10.2
2026-03-21 23:55:28,-99.5356,37.6294, 102.1,16352,-71.2,-90.4,-85.6,  5, 10, 0.00,273,10.1
2026-03-21 23:55:29,-99.5355,37.6294, 102.0,16356,-71.2,-90.4,-85.6,  5, 10, 0.00,274,10.0
2026-03-21 23:55:30,-99.5354,37.6294, 101.9,16361,-71.2,-90.4,-85.6,  5, 10, 0.00,274,10.0
2026-03-21 23:55:32,-99.5351,37.6294, 101.8,16371,-71.2,-90.4,-85.6,  5, 10, 0.00,275, 9.9
2026-03-21 23:55:33,-99.5350,37.6294, 101.7,16376,-71.2,-90.4,-85.7,  5, 10, 0.00,276, 9.8
2026-03-21 23:55:34,-99.5349,37.6294, 101.6,16380,-71.2,-90.4,-85.7,  5, 10, 0.00,276, 9.8
2026-03-21 23:55:35,-99.5348,37.6294, 101.5,16385,-71.2,-90.4,-85.7,  5,  9, 0.00,277, 9.7
2026-03-21 23:55:36,-99.5347,37.6294, 101.4,16391,-71.2,-90.4,-85.7,  5,  9, 0.00,277, 9.7
2026-03-21 23:55:37,-99.5346,37.6294, 101.3,16396,-71.1,-90.4,-85.7,  5,  9, 0.00,278, 9.6
2026-03-21 23:55:38,-99.5345,37.6293, 101.2,16401,-71.1,-90.4,-85.7,  5,  9, 0.00,279, 9.6
2026-03-21 23:55:40,-99.5343,37.6293, 101.1,16411,-71.1,-90.4,-85.7,  5,  9, 0.00,280, 9.5
2026-03-21 23:55:41,-99.5341,37.6293, 101.0,16416,-71.1,-90.5,-85.7,  5,  9, 0.00,281, 9.4
2026-03-21 23:55:42,-99.5340,37.6293, 100.9,16421,-71.1,-90.5,-85.7,  5,  9, 0.00,281, 9.4
2026-03-21 23:55:43,-99.5339,37.6293, 100.8,16426,-71.2,-90.5,-85.7,  5,  9, 0.00,282, 9.3
2026-03-21 23:55:44,-99.5338,37.6293, 100.7,16431,-71.2,-90.5,-85.8,  5,  9, 0.00,283, 9.3
2026-03-21 23:55:46,-99.5337,37.6292, 100.6,16441,-71.2,-90.6,-85.8,  5,  9, 0.00,284, 9.2
2026-03-21 23:55:47,-99.5336,37.6292, 100.5,16446,-71.2,-90.6,-85.8,  5,  9, 0.00,285, 9.1
2026-03-21 23:55:48,-99.5335,37.6292, 100.4,16451,-71.3,-90.6,-85.9,  5,  9, 0.00,286, 9.1
2026-03-21 23:55:49,-99.5334,37.6292, 100.3,16456,-71.3,-90.6,-85.9,  5,  9, 0.00,287, 9.1
2026-03-21 23:55:50,-99.5333,37.6292, 100.2,16461,-71.3,-90.7,-85.9,  5,  9, 0.00,287, 9.0
2026-03-21 23:55:51,-99.5332,37.6291, 100.1,16466,-71.3,-90.7,-85.9,  5,  9, 0.00,288, 9.0
2026-03-21 23:55:53,-99.5330,37.6291, 100.0,16474,-71.3,-90.6,-85.9,  5,  9, 0.00,289, 9.0
2026-03-21 23:55:54,-99.5328,37.6290,  99.9,16481,-71.3,-90.6,-85.9,  5,  9, 0.00,291, 8.9
2026-03-21 23:55:55,-99.5328,37.6290,  99.8,16486,-71.2,-90.6,-85.8,  5,  9, 0.00,292, 8.9
2026-03-21 23:55:56,-99.5327,37.6290,  99.7,16491,-71.2,-90.6,-85.8,  5,  9, 0.00,293, 8.9
2026-03-21 23:55:57,-99.5326,37.6290,  99.6,16496,-71.2,-90.6,-85.8,  5,  9, 0.00,293, 8.9
2026-03-21 23:55:59,-99.5324,37.6289,  99.5,16506,-71.2,-90.6,-85.8,  5,  9, 0.00,295, 8.8
2026-03-21 23:56:00,-99.5323,37.6289,  99.4,16511,-71.2,-90.6,-85.8,  5,  9, 0.00,296, 8.8
2026-03-21 23:56:01,-99.5322,37.6288,  99.3,16516,-71.2,-90.6,-85.8,  5,  9, 0.00,297, 8.8
2026-03-21 23:56:02,-99.5321,37.6288,  99.2,16522,-71.2,-90.6,-85.8,  5,  9, 0.00,298, 8.8
2026-03-21 23:56:03,-99.5321,37.6287,  99.1,16527,-71.2,-90.6,-85.8,  5,  9, 0.00,298, 8.8
2026-03-21 23:56:04,-99.5320,37.6287,  99.0,16533,-71.2,-90.6,-85.8,  5,  9, 0.00,299, 8.8
2026-03-21 23:56:05,-99.5319,37.6287,  98.9,16539,-71.2,-90.6,-85.8,  5,  9, 0.00,300, 8.8
2026-03-21 23:56:06,-99.5318,37.6286,  98.8,16544,-71.2,-90.6,-85.8,  5,  9, 0.00,300, 8.8
2026-03-21 23:56:08,-99.5316,37.6285,  98.7,16553,-71.1,-90.5,-85.8,  5,  9, 0.00,302, 8.8
2026-03-21 23:56:09,-99.5316,37.6285,  98.6,16558,-71.1,-90.5,-85.8,  5,  9, 0.00,302, 8.8
2026-03-21 23:56:10,-99.5315,37.6284,  98.5,16563,-71.1,-90.5,-85.8,  5,  9, 0.00,303, 8.8
2026-03-21 23:56:11,-99.5314,37.6284,  98.4,16569,-71.1,-90.6,-85.8,  5,  9, 0.00,303, 8.8
2026-03-21 23:56:12,-99.5313,37.6283,  98.3,16574,-71.1,-90.6,-85.8,  5,  9, 0.00,303, 8.8
2026-03-21 23:56:13,-99.5313,37.6283,  98.2,16580,-71.1,-90.6,-85.8,  5,  9, 0.00,303, 8.8
2026-03-21 23:56:14,-99.5312,37.6282,  98.1,16586,-71.1,-90.6,-85.8,  5,  9, 0.00,304, 8.8
2026-03-21 23:56:15,-99.5311,37.6282,  98.0,16591,-71.1,-90.6,-85.8,  5,  9, 0.00,304, 8.8
2026-03-21 23:56:17,-99.5309,37.6281,  97.9,16601,-71.1,-90.6,-85.8,  5,  9, 0.00,304, 8.8
2026-03-21 23:56:18,-99.5308,37.6281,  97.8,16607,-71.1,-90.6,-85.8,  5,  9, 0.00,304, 8.8
2026-03-21 23:56:19,-99.5308,37.6280,  97.7,16612,-71.1,-90.6,-85.8,  5,  9, 0.00,304, 8.8
2026-03-21 23:56:20,-99.5307,37.6280,  97.6,16617,-71.1,-90.6,-85.8,  5,  9, 0.00,303, 8.8
2026-03-21 23:56:21,-99.5306,37.6279,  97.5,16621,-71.2,-90.6,-85.8,  5,  9, 0.00,303, 8.9
2026-03-21 23:56:23,-99.5305,37.6278,  97.4,16630,-71.2,-90.6,-85.8,  5,  9, 0.00,303, 8.9
2026-03-21 23:56:24,-99.5304,37.6278,  97.3,16635,-71.3,-90.6,-85.9,  5,  9, 0.00,302, 9.0
2026-03-21 23:56:25,-99.5303,37.6277,  97.2,16639,-71.3,-90.6,-85.9,  5,  9, 0.00,302, 9.0
2026-03-21 23:56:27,-99.5301,37.6277,  97.1,16649,-71.4,-90.6,-85.8,  5,  9, 0.00,302, 9.1
2026-03-21 23:56:28,-99.5301,37.6276,  97.0,16655,-71.4,-90.6,-85.8,  5,  9, 0.00,301, 9.1
2026-03-21 23:56:29,-99.5300,37.6276,  96.9,16660,-71.4,-90.6,-85.8,  5, 10, 0.00,301, 9.2
2026-03-21 23:56:30,-99.5299,37.6275,  96.8,16666,-71.5,-90.6,-85.9,  5, 10, 0.00,300, 9.2
2026-03-21 23:56:31,-99.5298,37.6275,  96.7,16671,-71.5,-90.6,-85.9,  5, 10, 0.00,300, 9.3
2026-03-21 23:56:32,-99.5297,37.6274,  96.6,16676,-71.6,-90.6,-85.9,  5, 10, 0.00,300, 9.3
2026-03-21 23:56:34,-99.5295,37.6274,  96.5,16686,-71.7,-90.7,-85.9,  5, 10, 0.00,299, 9.4
2026-03-21 23:56:35,-99.5294,37.6273,  96.4,16691,-71.7,-90.7,-85.9,  5, 10, 0.00,299, 9.5
2026-03-21 23:56:36,-99.5293,37.6273,  96.3,16696,-71.7,-90.7,-85.9,  5, 10, 0.00,299, 9.5
2026-03-21 23:56:37,-99.5292,37.6272,  96.2,16701,-71.8,-90.7,-85.9,  5, 10, 0.00,299, 9.6
2026-03-21 23:56:39,-99.5290,37.6272,  96.1,16710,-71.8,-90.7,-85.9,  5, 10, 0.00,298, 9.7
2026-03-21 23:56:40,-99.5289,37.6271,  96.0,16714,-71.8,-90.6,-85.9,  5, 10, 0.00,298, 9.8
2026-03-21 23:56:42,-99.5287,37.6271,  95.9,16722,-71.8,-90.6,-85.9,  5, 10, 0.00,298, 9.9
2026-03-21 23:56:43,-99.5286,37.6270,  95.8,16727,-71.8,-90.6,-85.9,  5, 10, 0.00,298,10.0
2026-03-21 23:56:44,-99.5285,37.6270,  95.7,16732,-71.8,-90.6,-85.9,  5, 10, 0.00,298,10.1
2026-03-21 23:56:45,-99.5284,37.6269,  95.6,16738,-71.9,-90.6,-85.9,  5, 10, 0.00,297,10.1
2026-03-21 23:56:46,-99.5283,37.6269,  95.5,16743,-71.9,-90.6,-85.9,  5, 10, 0.00,297,10.2
2026-03-21 23:56:48,-99.5281,37.6268,  95.4,16754,-71.9,-90.6,-85.9,  5, 10, 0.00,297,10.3
2026-03-21 23:56:49,-99.5280,37.6268,  95.3,16760,-72.0,-90.6,-85.9,  5, 10, 0.00,297,10.4
2026-03-21 23:56:50,-99.5279,37.6267,  95.2,16765,-72.0,-90.6,-85.9,  5, 10, 0.00,297,10.4
2026-03-21 23:56:51,-99.5278,37.6267,  95.1,16770,-72.0,-90.6,-85.9,  5, 10, 0.00,298,10.5
2026-03-21 23:56:52,-99.5277,37.6266,  95.0,16775,-72.0,-90.6,-85.9,  5, 10, 0.00,298,10.6
2026-03-21 23:56:54,-99.5275,37.6265,  94.9,16784,-72.1,-90.6,-85.9,  5, 10, 0.00,298,10.7
2026-03-21 23:56:55,-99.5274,37.6265,  94.8,16789,-72.1,-90.7,-85.9,  5, 11, 0.00,298,10.7
2026-03-21 23:56:56,-99.5273,37.6264,  94.7,16793,-72.2,-90.7,-85.9,  5, 11, 0.00,298,10.8
2026-03-21 23:56:58,-99.5271,37.6264,  94.6,16803,-72.3,-90.7,-85.9,  5, 11, 0.00,298,10.9
2026-03-21 23:56:59,-99.5270,37.6263,  94.5,16807,-72.3,-90.7,-86.0,  5, 11, 0.00,299,10.9
2026-03-21 23:57:00,-99.5268,37.6263,  94.4,16812,-72.4,-90.7,-86.0,  5, 11, 0.00,299,11.0
2026-03-21 23:57:02,-99.5266,37.6262,  94.3,16823,-72.5,-90.7,-86.0,  5, 11, 0.00,299,11.0
2026-03-21 23:57:03,-99.5265,37.6261,  94.2,16828,-72.5,-90.7,-86.0,  5, 11, 0.00,299,11.1
2026-03-21 23:57:04,-99.5263,37.6261,  94.1,16834,-72.6,-90.7,-86.0,  6, 11, 0.00,300,11.1
2026-03-21 23:57:05,-99.5262,37.6260,  94.0,16839,-72.6,-90.7,-86.0,  6, 11, 0.00,300,11.1
2026-03-21 23:57:06,-99.5261,37.6260,  93.9,16843,-72.6,-90.7,-86.0,  6, 11, 0.00,300,11.1
2026-03-21 23:57:08,-99.5259,37.6259,  93.8,16853,-72.7,-90.7,-86.0,  6, 11, 0.00,301,11.1
2026-03-21 23:57:09,-99.5258,37.6258,  93.7,16858,-72.8,-90.8,-86.0,  6, 11, 0.00,301,11.1
2026-03-21 23:57:10,-99.5257,37.6258,  93.6,16862,-72.8,-90.8,-86.0,  6, 11, 0.00,301,11.1
2026-03-21 23:57:12,-99.5255,37.6257,  93.5,16872,-72.9,-90.8,-86.0,  6, 12, 0.00,302,11.0
2026-03-21 23:57:13,-99.5254,37.6256,  93.4,16877,-72.9,-90.8,-86.1,  6, 12, 0.00,302,11.0
2026-03-21 23:57:14,-99.5253,37.6256,  93.3,16882,-73.0,-90.8,-86.1,  6, 12, 0.00,303,10.9
2026-03-21 23:57:15,-99.5251,37.6255,  93.2,16887,-73.0,-90.8,-86.1,  6, 12, 0.00,303,10.9
2026-03-21 23:57:17,-99.5250,37.6254,  93.1,16897,-73.0,-90.8,-86.1,  6, 12, 0.00,304,10.7
2026-03-21 23:57:18,-99.5249,37.6253,  93.0,16903,-73.0,-90.8,-86.1,  6, 12, 0.00,304,10.7
2026-03-21 23:57:19,-99.5248,37.6253,  92.9,16908,-73.0,-90.8,-86.1,  6, 12, 0.00,305,10.6
2026-03-21 23:57:20,-99.5247,37.6253,  92.8,16913,-73.1,-90.8,-86.1,  6, 12, 0.00,305,10.5
2026-03-21 23:57:22,-99.5245,37.6251,  92.7,16923,-73.1,-90.8,-86.1,  6, 12, 0.00,306,10.3
2026-03-21 23:57:23,-99.5244,37.6251,  92.6,16929,-73.2,-90.8,-86.1,  6, 12, 0.00,306,10.2
2026-03-21 23:57:24,-99.5243,37.6250,  92.5,16935,-73.2,-90.9,-86.1,  6, 12, 0.00,306,10.1
2026-03-21 23:57:25,-99.5242,37.6249,  92.4,16940,-73.2,-90.9,-86.1,  6, 12, 0.00,307,10.0
2026-03-21 23:57:26,-99.5241,37.6249,  92.3,16946,-73.3,-90.9,-86.2,  6, 12, 0.00,307, 9.9
2026-03-21 23:57:27,-99.5240,37.6248,  92.2,16951,-73.3,-90.9,-86.2,  6, 12, 0.00,307, 9.7
2026-03-21 23:57:28,-99.5239,37.6248,  92.1,16957,-73.3,-91.0,-86.2,  6, 12, 0.00,308, 9.6
2026-03-21 23:57:29,-99.5238,37.6247,  92.0,16962,-73.4,-91.0,-86.2,  6, 12, 0.00,308, 9.5
2026-03-21 23:57:31,-99.5237,37.6246,  91.9,16973,-73.4,-91.0,-86.2,  6, 12, 0.00,309, 9.2
2026-03-21 23:57:32,-99.5236,37.6246,  91.8,16977,-73.4,-91.0,-86.3,  6, 12, 0.00,309, 9.1
2026-03-21 23:57:33,-99.5235,37.6245,  91.7,16983,-73.5,-91.0,-86.3,  6, 12, 0.00,310, 8.9
2026-03-21 23:57:34,-99.5234,37.6245,  91.6,16989,-73.5,-91.0,-86.3,  6, 12, 0.00,310, 8.8
2026-03-21 23:57:35,-99.5233,37.6245,  91.5,16994,-73.5,-91.1,-86.3,  6, 12, 0.00,310, 8.7
2026-03-21 23:57:37,-99.5232,37.6243,  91.4,17005,-73.6,-91.1,-86.4,  6, 12, 0.00,311, 8.4
2026-03-21 23:57:38,-99.5231,37.6243,  91.3,17010,-73.6,-91.1,-86.4,  6, 12, 0.00,311, 8.2
2026-03-21 23:57:39,-99.5231,37.6242,  91.2,17016,-73.7,-91.2,-86.4,  6, 12, 0.00,311, 8.1
2026-03-21 23:57:40,-99.5230,37.6242,  91.1,17021,-73.7,-91.2,-86.5,  6, 12, 0.00,311, 8.0
2026-03-21 23:57:41,-99.5229,37.6242,  91.0,17027,-73.7,-91.2,-86.5,  6, 12, 0.00,312, 7.8
2026-03-21 23:57:42,-99.5229,37.6241,  90.9,17033,-73.7,-91.2,-86.5,  6, 12, 0.00,312, 7.7
2026-03-21 23:57:44,-99.5227,37.6240,  90.8,17043,-73.8,-91.3,-86.6,  6, 12, 0.00,312, 7.5
2026-03-21 23:57:45,-99.5227,37.6240,  90.7,17048,-73.8,-91.4,-86.6,  6, 12, 0.00,311, 7.4
2026-03-21 23:57:46,-99.5227,37.6239,  90.6,17052,-73.8,-91.4,-86.6,  6, 12, 0.00,311, 7.3
2026-03-21 23:57:48,-99.5226,37.6238,  90.5,17061,-73.8,-91.4,-86.7,  6, 12, 0.00,311, 7.1
2026-03-21 23:57:49,-99.5225,37.6238,  90.4,17066,-73.8,-91.4,-86.7,  6, 12, 0.00,310, 7.0
2026-03-21 23:57:51,-99.5224,37.6237,  90.3,17075,-73.6,-91.4,-86.6,  6, 12, 0.00,309, 6.9
2026-03-21 23:57:52,-99.5223,37.6236,  90.2,17079,-73.5,-91.3,-86.6,  6, 12, 0.00,308, 6.8
2026-03-21 23:57:54,-99.5222,37.6236,  90.1,17089,-73.3,-91.2,-86.5,  6, 11, 0.00,307, 6.8
2026-03-21 23:57:55,-99.5222,37.6235,  90.0,17094,-73.2,-91.2,-86.4,  6, 11, 0.00,306, 6.7
2026-03-21 23:57:56,-99.5222,37.6235,  89.9,17099,-73.1,-91.1,-86.4,  6, 11, 0.00,305, 6.7
2026-03-21 23:57:58,-99.5220,37.6234,  89.8,17108,-73.0,-91.1,-86.4,  6, 11, 0.00,303, 6.7
2026-03-21 23:57:59,-99.5220,37.6234,  89.7,17112,-73.0,-91.1,-86.4,  6, 11, 0.00,302, 6.8
2026-03-21 23:58:01,-99.5218,37.6234,  89.6,17121,-73.1,-91.2,-86.4,  5, 11, 0.00,301, 6.8
2026-03-21 23:58:02,-99.5217,37.6233,  89.5,17126,-73.1,-91.2,-86.5,  5, 11, 0.00,300, 6.9
2026-03-21 23:58:03,-99.5217,37.6233,  89.4,17131,-73.1,-91.2,-86.5,  5, 11, 0.00,299, 6.9
2026-03-21 23:58:05,-99.5216,37.6232,  89.3,17141,-73.1,-91.2,-86.5,  5, 11, 0.00,297, 7.1
2026-03-21 23:58:06,-99.5215,37.6232,  89.2,17145,-73.1,-91.2,-86.5,  5, 11, 0.00,297, 7.1
2026-03-21 23:58:08,-99.5213,37.6231,  89.1,17153,-73.2,-91.3,-86.5,  5, 11, 0.00,296, 7.3
2026-03-21 23:58:09,-99.5212,37.6231,  89.0,17158,-73.2,-91.3,-86.6,  5, 11, 0.00,295, 7.4
2026-03-21 23:58:11,-99.5211,37.6231,  88.9,17167,-73.2,-91.3,-86.6,  5, 11, 0.00,294, 7.5
2026-03-21 23:58:12,-99.5210,37.6231,  88.8,17172,-73.3,-91.3,-86.6,  5, 11, 0.00,294, 7.6
2026-03-21 23:58:13,-99.5210,37.6230,  88.7,17176,-73.3,-91.4,-86.6,  5, 11, 0.00,294, 7.7
2026-03-21 23:58:15,-99.5208,37.6230,  88.6,17185,-73.4,-91.4,-86.7,  5, 11, 0.00,293, 7.8
2026-03-21 23:58:16,-99.5207,37.6230,  88.5,17190,-73.4,-91.5,-86.7,  5, 11, 0.00,293, 7.9
2026-03-21 23:58:18,-99.5205,37.6229,  88.4,17200,-73.4,-91.5,-86.7,  5, 11, 0.00,293, 8.0
2026-03-21 23:58:19,-99.5204,37.6228,  88.3,17205,-73.4,-91.5,-86.8,  5, 11, 0.00,293, 8.0
2026-03-21 23:58:20,-99.5203,37.6228,  88.2,17210,-73.4,-91.5,-86.8,  5, 11, 0.00,293, 8.1
2026-03-21 23:58:22,-99.5201,37.6227,  88.1,17218,-73.3,-91.5,-86.7,  5, 11, 0.00,293, 8.2
2026-03-21 23:58:23,-99.5200,37.6227,  88.0,17222,-73.3,-91.5,-86.7,  5, 11, 0.00,293, 8.3
2026-03-21 23:58:25,-99.5199,37.6227,  87.9,17230,-73.2,-91.5,-86.8,  5, 11, 0.00,293, 8.4
2026-03-21 23:58:27,-99.5197,37.6227,  87.8,17239,-73.2,-91.5,-86.8,  5, 11, 0.00,293, 8.4
2026-03-21 23:58:28,-99.5196,37.6226,  87.7,17243,-73.2,-91.6,-86.8,  5, 11, 0.00,294, 8.5
2026-03-21 23:58:30,-99.5195,37.6225,  87.6,17253,-73.1,-91.6,-86.8,  5, 10, 0.00,294, 8.6
2026-03-21 23:58:31,-99.5194,37.6225,  87.5,17258,-73.0,-91.5,-86.8,  5, 10, 0.00,294, 8.6
2026-03-21 23:58:32,-99.5193,37.6225,  87.4,17262,-72.9,-91.5,-86.7,  5, 10, 0.00,294, 8.7
2026-03-21 23:58:34,-99.5191,37.6224,  87.3,17270,-72.8,-91.4,-86.7,  5, 10, 0.00,294, 8.7
2026-03-21 23:58:36,-99.5189,37.6224,  87.2,17279,-72.6,-91.4,-86.7,  5, 10, 0.00,295, 8.8
2026-03-21 23:58:37,-99.5189,37.6223,  87.1,17284,-72.6,-91.4,-86.7,  5, 10, 0.00,295, 8.8
2026-03-21 23:58:39,-99.5187,37.6223,  87.0,17293,-72.5,-91.4,-86.7,  5, 10, 0.00,295, 8.9
2026-03-21 23:58:40,-99.5186,37.6222,  86.9,17298,-72.5,-91.4,-86.7,  5, 10, 0.00,295, 8.9
2026-03-21 23:58:42,-99.5184,37.6221,  86.8,17307,-72.4,-91.5,-86.7,  5, 10, 0.00,295, 8.9
2026-03-21 23:58:43,-99.5182,37.6221,  86.7,17311,-72.4,-91.5,-86.7,  5,  9, 0.00,295, 8.9
2026-03-21 23:58:45,-99.5180,37.6220,  86.6,17320,-72.4,-91.5,-86.8,  5,  9, 0.00,296, 8.9
2026-03-21 23:58:46,-99.5179,37.6220,  86.5,17325,-72.4,-91.6,-86.8,  5,  9, 0.00,296, 8.9
2026-03-21 23:58:47,-99.5179,37.6219,  86.4,17330,-72.4,-91.6,-86.8,  5,  9, 0.00,296, 8.8
2026-03-21 23:58:49,-99.5177,37.6219,  86.3,17340,-72.3,-91.6,-86.8,  5,  9, 0.00,296, 8.7
2026-03-21 23:58:50,-99.5176,37.6219,  86.2,17345,-72.3,-91.6,-86.8,  5,  9, 0.00,296, 8.7
2026-03-21 23:58:52,-99.5174,37.6218,  86.1,17354,-72.2,-91.6,-86.9,  4,  9, 0.00,296, 8.6
2026-03-21 23:58:53,-99.5173,37.6217,  86.0,17359,-72.2,-91.6,-86.9,  4,  9, 0.00,296, 8.6
2026-03-21 23:58:55,-99.5171,37.6217,  85.9,17368,-71.9,-91.5,-86.8,  4,  9, 0.00,296, 8.5
2026-03-21 23:58:56,-99.5171,37.6217,  85.8,17373,-71.8,-91.4,-86.7,  4,  9, 0.00,296, 8.4
2026-03-21 23:58:57,-99.5170,37.6216,  85.7,17378,-71.7,-91.4,-86.6,  4,  9, 0.00,296, 8.4
2026-03-21 23:58:59,-99.5168,37.6216,  85.6,17387,-71.6,-91.4,-86.6,  4,  9, 0.00,297, 8.3
2026-03-21 23:59:00,-99.5167,37.6215,  85.5,17392,-71.6,-91.4,-86.7,  4,  9, 0.00,297, 8.2
2026-03-21 23:59:02,-99.5166,37.6215,  85.4,17401,-71.7,-91.5,-86.8,  4,  8, 0.00,297, 8.1
2026-03-21 23:59:03,-99.5165,37.6215,  85.3,17405,-71.7,-91.6,-86.8,  4,  8, 0.00,297, 8.1
2026-03-21 23:59:05,-99.5164,37.6214,  85.2,17414,-71.7,-91.6,-86.9,  4,  8, 0.00,298, 8.0
2026-03-21 23:59:07,-99.5162,37.6213,  85.1,17423,-71.5,-91.6,-86.8,  4,  8, 0.00,298, 8.0
2026-03-21 23:59:08,-99.5162,37.6213,  85.0,17428,-71.5,-91.5,-86.8,  4,  8, 0.00,299, 8.0
2026-03-21 23:59:10,-99.5160,37.6212,  84.9,17436,-71.3,-91.5,-86.8,  4,  8, 0.00,299, 8.0
2026-03-21 23:59:11,-99.5159,37.6212,  84.8,17441,-71.3,-91.5,-86.7,  4,  8, 0.00,300, 8.0
2026-03-21 23:59:13,-99.5157,37.6211,  84.7,17449,-71.1,-91.4,-86.7,  4,  8, 0.00,300, 8.0
2026-03-21 23:59:14,-99.5156,37.6211,  84.6,17454,-71.1,-91.4,-86.7,  4,  8, 0.00,301, 8.0
2026-03-21 23:59:16,-99.5155,37.6210,  84.5,17463,-71.0,-91.4,-86.6,  4,  8, 0.00,302, 8.1
2026-03-21 23:59:18,-99.5153,37.6210,  84.4,17471,-71.0,-91.4,-86.7,  4,  8, 0.00,302, 8.2
2026-03-21 23:59:19,-99.5153,37.6209,  84.3,17475,-71.0,-91.5,-86.7,  4,  8, 0.00,303, 8.2
2026-03-21 23:59:21,-99.5151,37.6208,  84.2,17484,-71.1,-91.5,-86.8,  4,  8, 0.00,304, 8.3
2026-03-21 23:59:23,-99.5150,37.6208,  84.1,17493,-71.1,-91.6,-86.9,  4,  8, 0.00,305, 8.4
2026-03-21 23:59:24,-99.5149,37.6207,  84.0,17498,-71.1,-91.6,-86.9,  4,  8, 0.00,305, 8.5
2026-03-21 23:59:25,-99.5149,37.6207,  83.9,17503,-71.0,-91.6,-86.8,  4,  8, 0.00,306, 8.6
2026-03-21 23:59:27,-99.5147,37.6206,  83.8,17512,-70.8,-91.5,-86.7,  4,  7, 0.00,307, 8.7
2026-03-21 23:59:29,-99.5145,37.6205,  83.7,17521,-70.6,-91.3,-86.6,  4,  7, 0.00,308, 8.8
2026-03-21 23:59:30,-99.5145,37.6204,  83.6,17526,-70.5,-91.3,-86.6,  4,  7, 0.00,308, 8.9
2026-03-21 23:59:32,-99.5143,37.6204,  83.5,17536,-70.3,-91.2,-86.5,  4,  7, 0.00,309, 9.0
2026-03-21 23:59:33,-99.5142,37.6203,  83.4,17540,-70.3,-91.2,-86.5,  4,  7, 0.00,310, 9.1
2026-03-21 23:59:35,-99.5140,37.6202,  83.3,17549,-70.2,-91.2,-86.5,  4,  7, 0.00,311, 9.1
2026-03-21 23:59:36,-99.5139,37.6201,  83.2,17553,-70.2,-91.2,-86.5,  4,  7, 0.00,311, 9.2
2026-03-21 23:59:38,-99.5138,37.6200,  83.1,17563,-70.2,-91.3,-86.6,  4,  7, 0.00,312, 9.2
2026-03-21 23:59:39,-99.5137,37.6200,  83.0,17568,-70.2,-91.3,-86.6,  4,  7, 0.00,312, 9.2
2026-03-21 23:59:41,-99.5135,37.6198,  82.9,17577,-70.2,-91.3,-86.6,  4,  7, 0.00,313, 9.2
2026-03-21 23:59:42,-99.5134,37.6197,  82.8,17581,-70.2,-91.3,-86.6,  4,  7, 0.00,314, 9.2
2026-03-21 23:59:44,-99.5133,37.6196,  82.7,17589,-70.2,-91.3,-86.6,  4,  7, 0.00,315, 9.1
2026-03-21 23:59:46,-99.5131,37.6195,  82.6,17599,-70.1,-91.3,-86.6,  4,  7, 0.00,316, 8.9
2026-03-21 23:59:47,-99.5130,37.6194,  82.5,17604,-70.1,-91.4,-86.6,  3,  7, 0.00,316, 8.8
2026-03-21 23:59:49,-99.5129,37.6193,  82.4,17615,-70.2,-91.4,-86.6,  3,  7, 0.00,317, 8.6
2026-03-21 23:59:50,-99.5128,37.6193,  82.3,17619,-70.2,-91.4,-86.6,  3,  7, 0.00,318, 8.5
2026-03-21 23:59:51,-99.5128,37.6192,  82.2,17624,-70.2,-91.4,-86.7,  3,  7, 0.00,318, 8.4
2026-03-21 23:59:53,-99.5127,37.6191,  82.1,17633,-70.2,-91.4,-86.7,  3,  7, 0.00,319, 8.1
2026-03-21 23:59:55,-99.5126,37.6189,  82.0,17642,-70.3,-91.5,-86.7,  3,  7, 0.00,320, 7.8
2026-03-21 23:59:56,-99.5125,37.6189,  81.9,17647,-70.2,-91.5,-86.7,  3,  7, 0.00,321, 7.6
2026-03-21 23:59:58,-99.5124,37.6188,  81.8,17656,-70.1,-91.4,-86.7,  3,  7, 0.00,321, 7.3
2026-03-21 23:59:59,-99.5123,37.6187,  81.7,17662,-70.1,-91.4,-86.6,  3,  7, 0.00,322, 7.1
2026-03-22 00:00:01,-99.5122,37.6186,  81.6,17671,-70.1,-91.4,-86.6,  3,  7, 0.00,322, 6.8
2026-03-22 00:00:02,-99.5122,37.6186,  81.5,17676,-70.1,-91.4,-86.6,  3,  7, 0.00,323, 6.6
2026-03-22 00:00:04,-99.5122,37.6185,  81.4,17684,-70.0,-91.4,-86.6,  3,  7, 0.00,323, 6.3
2026-03-22 00:00:06,-99.5121,37.6184,  81.3,17693,-70.0,-91.3,-86.6,  3,  7, 0.00,323, 6.0
2026-03-22 00:00:07,-99.5120,37.6183,  81.2,17698,-70.0,-91.3,-86.6,  3,  7, 0.00,323, 5.8
2026-03-22 00:00:09,-99.5120,37.6182,  81.1,17708,-70.0,-91.4,-86.6,  3,  7, 0.00,323, 5.6
2026-03-22 00:00:10,-99.5119,37.6182,  81.0,17712,-69.9,-91.3,-86.6,  3,  7, 0.00,323, 5.5
2026-03-22 00:00:12,-99.5119,37.6182,  80.9,17722,-69.9,-91.3,-86.5,  3,  7, 0.00,322, 5.2
2026-03-22 00:00:13,-99.5119,37.6181,  80.8,17726,-69.8,-91.2,-86.5,  3,  7, 0.00,322, 5.1
2026-03-22 00:00:15,-99.5118,37.6181,  80.7,17734,-69.8,-91.1,-86.4,  3,  7, 0.00,321, 5.0
2026-03-22 00:00:18,-99.5117,37.6180,  80.6,17745,-69.8,-91.1,-86.4,  3,  7, 0.00,320, 4.8
2026-03-22 00:00:19,-99.5117,37.6180,  80.5,17752,-69.8,-91.1,-86.4,  3,  7, 0.00,320, 4.8
2026-03-22 00:00:20,-99.5116,37.6180,  80.4,17758,-69.8,-91.1,-86.3,  3,  7, 0.00,319, 4.7
2026-03-22 00:00:21,-99.5116,37.6179,  80.3,17764,-69.8,-91.1,-86.3,  4,  7, 0.00,318, 4.7
2026-03-22 00:00:23,-99.5116,37.6178,  80.2,17773,-69.9,-91.1,-86.4,  4,  7, 0.00,317, 4.7
2026-03-22 00:00:25,-99.5115,37.6178,  80.1,17782,-70.0,-91.1,-86.4,  4,  7, 0.00,316, 4.7
2026-03-22 00:00:26,-99.5115,37.6178,  80.0,17787,-70.0,-91.1,-86.4,  4,  7, 0.00,316, 4.7
2026-03-22 00:00:28,-99.5114,37.6177,  79.9,17796,-70.1,-91.1,-86.4,  4,  7, 0.00,315, 4.7
2026-03-22 00:00:30,-99.5113,37.6176,  79.8,17805,-70.2,-91.1,-86.4,  4,  7, 0.00,314, 4.7
2026-03-22 00:00:31,-99.5112,37.6176,  79.7,17809,-70.2,-91.2,-86.4,  4,  7, 0.00,314, 4.7
2026-03-22 00:00:33,-99.5112,37.6175,  79.6,17819,-70.3,-91.1,-86.4,  4,  7, 0.00,314, 4.7
2026-03-22 00:00:34,-99.5111,37.6175,  79.5,17823,-70.3,-91.1,-86.4,  4,  7, 0.00,313, 4.7
2026-03-22 00:00:36,-99.5111,37.6175,  79.4,17833,-70.3,-91.2,-86.4,  4,  7, 0.00,313, 4.7
2026-03-22 00:00:37,-99.5110,37.6174,  79.3,17838,-70.4,-91.2,-86.4,  4,  7, 0.00,313, 4.7
2026-03-22 00:00:39,-99.5109,37.6174,  79.2,17847,-70.4,-91.2,-86.4,  4,  7, 0.00,313, 4.7
2026-03-22 00:00:41,-99.5108,37.6173,  79.1,17857,-70.5,-91.2,-86.5,  4,  7, 0.00,313, 4.6
2026-03-22 00:00:42,-99.5108,37.6173,  79.0,17862,-70.5,-91.2,-86.5,  4,  7, 0.00,314, 4.6
2026-03-22 00:00:44,-99.5107,37.6172,  78.9,17872,-70.5,-91.2,-86.5,  4,  7, 0.00,314, 4.5
2026-03-22 00:00:45,-99.5107,37.6172,  78.8,17877,-70.5,-91.2,-86.5,  4,  7, 0.00,315, 4.5
2026-03-22 00:00:47,-99.5106,37.6172,  78.7,17887,-70.5,-91.2,-86.5,  4,  7, 0.00,316, 4.4
2026-03-22 00:00:48,-99.5106,37.6172,  78.6,17892,-70.5,-91.3,-86.5,  4,  7, 0.00,317, 4.3
2026-03-22 00:00:50,-99.5105,37.6171,  78.5,17903,-70.6,-91.4,-86.6,  4,  7, 0.00,319, 4.2
2026-03-22 00:00:51,-99.5105,37.6171,  78.4,17909,-70.6,-91.4,-86.6,  4,  7, 0.00,320, 4.1
2026-03-22 00:00:52,-99.5104,37.6170,  78.3,17914,-70.6,-91.4,-86.7,  4,  7, 0.00,321, 4.0
2026-03-22 00:00:54,-99.5103,37.6170,  78.2,17925,-70.6,-91.5,-86.7,  4,  7, 0.00,323, 3.8
2026-03-22 00:00:55,-99.5103,37.6170,  78.1,17930,-70.7,-91.5,-86.8,  4,  7, 0.00,324, 3.7
2026-03-22 00:00:57,-99.5102,37.6169,  78.0,17940,-70.6,-91.5,-86.8,  4,  7, 0.00,327, 3.5
2026-03-22 00:00:58,-99.5102,37.6169,  77.9,17945,-70.6,-91.5,-86.8,  4,  7, 0.00,329, 3.4
2026-03-22 00:01:00,-99.5102,37.6168,  77.8,17955,-70.4,-91.4,-86.7,  4,  7, 0.00,332, 3.1
2026-03-22 00:01:01,-99.5102,37.6167,  77.7,17960,-70.3,-91.4,-86.6,  4,  7, 0.00,334, 3.0
2026-03-22 00:01:03,-99.5102,37.6167,  77.6,17971,-70.2,-91.2,-86.5,  4,  7, 0.00,337, 2.7
2026-03-22 00:01:04,-99.5102,37.6167,  77.5,17975,-70.1,-91.2,-86.5,  4,  7, 0.00,339, 2.6
2026-03-22 00:01:06,-99.5102,37.6167,  77.4,17985,-70.0,-91.1,-86.4,  4,  7, 0.00,344, 2.3
2026-03-22 00:01:07,-99.5102,37.6167,  77.3,17990,-69.9,-91.1,-86.4,  4,  7, 0.00,346, 2.2
2026-03-22 00:01:09,-99.5102,37.6166,  77.2,18000,-70.0,-91.1,-86.4,  4,  7, 0.00,351, 2.0
2026-03-22 00:01:10,-99.5102,37.6166,  77.1,18006,-70.0,-91.1,-86.4,  4,  7, 0.00,354, 1.9
2026-03-22 00:01:12,-99.5102,37.6165,  77.0,18016,-70.1,-91.2,-86.5,  4,  7, 0.00,360, 1.7
2026-03-22 00:01:13,-99.5102,37.6165,  76.9,18021,-70.1,-91.2,-86.5,  4,  7, 0.00,  3, 1.6
2026-03-22 00:01:15,-99.5102,37.6165,  76.8,18030,-70.2,-91.3,-86.5,  4,  7, 0.00, 10, 1.4
2026-03-22 00:01:16,-99.5102,37.6165,  76.7,18035,-70.2,-91.3,-86.6,  4,  7, 0.00, 13, 1.4
2026-03-22 00:01:18,-99.5102,37.6165,  76.6,18045,-70.3,-91.3,-86.6,  4,  7, 0.00, 20, 1.3
2026-03-22 00:01:20,-99.5102,37.6165,  76.5,18054,-70.4,-91.4,-86.6,  4,  7, 0.00, 26, 1.3
2026-03-22 00:01:21,-99.5102,37.6165,  76.4,18059,-70.4,-91.4,-86.7,  4,  7, 0.00, 29, 1.2
2026-03-22 00:01:23,-99.5103,37.6165,  76.3,18069,-70.5,-91.4,-86.7,  4,  7, 0.00, 34, 1.2
2026-03-22 00:01:24,-99.5103,37.6165,  76.2,18075,-70.5,-91.4,-86.7,  4,  7, 0.00, 36, 1.2
2026-03-22 00:01:26,-99.5103,37.6165,  76.1,18085,-70.6,-91.4,-86.7,  4,  7, 0.00, 39, 1.2
2026-03-22 00:01:27,-99.5103,37.6165,  76.0,18090,-70.6,-91.4,-86.7,  4,  7, 0.00, 40, 1.3
2026-03-22 00:01:29,-99.5103,37.6165,  75.9,18099,-70.6,-91.4,-86.7,  4,  7, 0.00, 42, 1.3
2026-03-22 00:01:31,-99.5104,37.6164,  75.8,18108,-70.7,-91.4,-86.6,  4,  7, 0.00, 44, 1.3
2026-03-22 00:01:32,-99.5104,37.6164,  75.7,18113,-70.7,-91.4,-86.6,  4,  7, 0.00, 45, 1.3
2026-03-22 00:01:34,-99.5104,37.6164,  75.6,18124,-70.7,-91.4,-86.6,  4,  7, 0.00, 47, 1.3
2026-03-22 00:01:35,-99.5104,37.6164,  75.5,18129,-70.8,-91.4,-86.7,  4,  8, 0.00, 48, 1.3
2026-03-22 00:01:37,-99.5104,37.6163,  75.4,18139,-70.9,-91.4,-86.7,  4,  8, 0.00, 50, 1.3
2026-03-22 00:01:39,-99.5104,37.6163,  75.3,18149,-70.9,-91.4,-86.7,  4,  8, 0.00, 53, 1.3
2026-03-22 00:01:40,-99.5105,37.6163,  75.2,18154,-70.9,-91.4,-86.7,  4,  8, 0.00, 55, 1.3
2026-03-22 00:01:42,-99.5105,37.6163,  75.1,18163,-70.8,-91.4,-86.7,  4,  8, 0.00, 58, 1.3
2026-03-22 00:01:44,-99.5105,37.6163,  75.0,18172,-70.8,-91.4,-86.6,  4,  8, 0.00, 61, 1.3
2026-03-22 00:01:45,-99.5105,37.6163,  74.9,18178,-70.8,-91.4,-86.6,  4,  8, 0.00, 63, 1.3
2026-03-22 00:01:47,-99.5106,37.6163,  74.8,18189,-70.9,-91.4,-86.7,  4,  8, 0.00, 65, 1.4
2026-03-22 00:01:48,-99.5106,37.6163,  74.7,18195,-70.9,-91.5,-86.7,  4,  8, 0.00, 67, 1.4
2026-03-22 00:01:50,-99.5106,37.6163,  74.6,18204,-71.0,-91.6,-86.8,  4,  8, 0.00, 69, 1.4
2026-03-22 00:01:51,-99.5106,37.6163,  74.5,18209,-71.1,-91.6,-86.9,  4,  8, 0.00, 70, 1.5
2026-03-22 00:01:53,-99.5106,37.6163,  74.4,18218,-71.1,-91.6,-86.9,  4,  8, 0.00, 71, 1.5
2026-03-22 00:01:55,-99.5107,37.6163,  74.3,18226,-71.1,-91.6,-86.9,  4,  8, 0.00, 71, 1.6
2026-03-22 00:01:57,-99.5107,37.6163,  74.2,18235,-71.0,-91.6,-86.9,  4,  7, 0.00, 71, 1.7
2026-03-22 00:01:58,-99.5107,37.6163,  74.1,18240,-71.0,-91.6,-86.8,  4,  7, 0.00, 71, 1.7
2026-03-22 00:02:00,-99.5107,37.6163,  74.0,18249,-70.9,-91.6,-86.8,  4,  7, 0.00, 70, 1.8
2026-03-22 00:02:02,-99.5108,37.6163,  73.9,18259,-70.9,-91.6,-86.8,  4,  7, 0.00, 70, 1.9
2026-03-22 00:02:03,-99.5108,37.6163,  73.8,18264,-70.9,-91.6,-86.8,  4,  7, 0.00, 69, 1.9
2026-03-22 00:02:05,-99.5108,37.6162,  73.7,18273,-70.9,-91.6,-86.9,  4,  7, 0.00, 68, 2.0
2026-03-22 00:02:07,-99.5109,37.6162,  73.6,18282,-70.9,-91.6,-86.9,  4,  7, 0.00, 68, 2.0
2026-03-22 00:02:09,-99.5109,37.6161,  73.5,18292,-70.8,-91.6,-86.8,  4,  7, 0.00, 67, 2.1
2026-03-22 00:02:10,-99.5110,37.6161,  73.4,18298,-70.7,-91.5,-86.8,  4,  7, 0.00, 67, 2.1
2026-03-22 00:02:12,-99.5110,37.6161,  73.3,18308,-70.6,-91.5,-86.7,  4,  7, 0.00, 66, 2.1
2026-03-22 00:02:13,-99.5111,37.6161,  73.2,18313,-70.5,-91.4,-86.7,  4,  7, 0.00, 66, 2.1
2026-03-22 00:02:15,-99.5111,37.6161,  73.1,18322,-70.6,-91.4,-86.7,  4,  7, 0.00, 65, 2.1
2026-03-22 00:02:17,-99.5111,37.6161,  73.0,18331,-70.6,-91.5,-86.7,  4,  7, 0.00, 65, 2.1
2026-03-22 00:02:19,-99.5112,37.6161,  72.9,18340,-70.6,-91.5,-86.8,  4,  7, 0.00, 64, 2.1
2026-03-22 00:02:20,-99.5112,37.6161,  72.8,18345,-70.7,-91.5,-86.8,  4,  7, 0.00, 64, 2.1
2026-03-22 00:02:22,-99.5112,37.6161,  72.7,18355,-70.7,-91.5,-86.8,  4,  7, 0.00, 63, 2.1
2026-03-22 00:02:24,-99.5113,37.6161,  72.6,18364,-70.8,-91.5,-86.8,  4,  7, 0.00, 62, 2.1
2026-03-22 00:02:26,-99.5114,37.6161,  72.5,18373,-70.8,-91.6,-86.8,  4,  7, 0.00, 60, 2.1
2026-03-22 00:02:27,-99.5114,37.6161,  72.4,18378,-70.9,-91.6,-86.8,  4,  7, 0.00, 60, 2.1
2026-03-22 00:02:29,-99.5114,37.6161,  72.3,18387,-70.9,-91.6,-86.8,  4,  7, 0.00, 58, 2.1
2026-03-22 00:02:31,-99.5115,37.6160,  72.2,18397,-71.0,-91.6,-86.8,  4,  7, 0.00, 56, 2.1
2026-03-22 00:02:32,-99.5115,37.6160,  72.1,18402,-70.9,-91.5,-86.8,  4,  8, 0.00, 56, 2.1
2026-03-22 00:02:34,-99.5115,37.6160,  72.0,18411,-70.9,-91.5,-86.8,  4,  8, 0.00, 54, 2.1
2026-03-22 00:02:36,-99.5115,37.6160,  71.9,18420,-70.9,-91.5,-86.7,  4,  8, 0.00, 53, 2.1
2026-03-22 00:02:38,-99.5116,37.6159,  71.8,18428,-71.0,-91.5,-86.7,  4,  8, 0.00, 52, 2.2
2026-03-22 00:02:40,-99.5116,37.6159,  71.7,18437,-71.0,-91.5,-86.7,  4,  8, 0.00, 52, 2.2
2026-03-22 00:02:42,-99.5116,37.6159,  71.6,18447,-71.1,-91.5,-86.7,  4,  8, 0.00, 52, 2.3
2026-03-22 00:02:43,-99.5116,37.6159,  71.5,18452,-71.1,-91.5,-86.7,  4,  8, 0.00, 52, 2.3
2026-03-22 00:02:45,-99.5117,37.6159,  71.4,18461,-71.2,-91.5,-86.8,  4,  8, 0.00, 53, 2.4
2026-03-22 00:02:47,-99.5117,37.6158,  71.3,18470,-71.3,-91.5,-86.8,  4,  8, 0.00, 54, 2.6
2026-03-22 00:02:49,-99.5118,37.6158,  71.2,18480,-71.3,-91.5,-86.8,  4,  8, 0.00, 56, 2.7
2026-03-22 00:02:50,-99.5118,37.6158,  71.1,18486,-71.3,-91.5,-86.8,  4,  8, 0.00, 57, 2.8
2026-03-22 00:02:52,-99.5118,37.6157,  71.0,18495,-71.4,-91.5,-86.8,  4,  8, 0.00, 58, 2.9
2026-03-22 00:02:54,-99.5119,37.6157,  70.9,18504,-71.5,-91.5,-86.8,  4,  8, 0.00, 60, 3.1
2026-03-22 00:02:55,-99.5119,37.6157,  70.8,18509,-71.5,-91.6,-86.8,  4,  8, 0.00, 61, 3.1
2026-03-22 00:02:57,-99.5120,37.6157,  70.7,18519,-71.6,-91.6,-86.9,  4,  8, 0.00, 63, 3.3
2026-03-22 00:02:59,-99.5121,37.6156,  70.6,18529,-71.6,-91.6,-86.8,  4,  8, 0.00, 65, 3.5
2026-03-22 00:03:00,-99.5121,37.6156,  70.5,18534,-71.6,-91.6,-86.8,  4,  8, 0.00, 65, 3.6
2026-03-22 00:03:02,-99.5122,37.6156,  70.4,18544,-71.6,-91.6,-86.8,  4,  8, 0.00, 67, 3.7
2026-03-22 00:03:04,-99.5123,37.6156,  70.3,18553,-71.6,-91.5,-86.8,  4,  8, 0.00, 68, 3.9
2026-03-22 00:03:06,-99.5124,37.6155,  70.2,18562,-71.6,-91.5,-86.8,  4,  8, 0.00, 69, 4.0
2026-03-22 00:03:08,-99.5125,37.6155,  70.1,18570,-71.6,-91.5,-86.8,  4,  8, 0.00, 69, 4.1
2026-03-22 00:03:10,-99.5125,37.6155,  70.0,18580,-71.6,-91.5,-86.8,  4,  8, 0.00, 70, 4.3
2026-03-22 00:03:12,-99.5126,37.6155,  69.9,18590,-71.7,-91.6,-86.9,  4,  8, 0.00, 70, 4.3
2026-03-22 00:03:13,-99.5127,37.6155,  69.8,18596,-71.7,-91.6,-86.9,  4,  8, 0.00, 70, 4.3
2026-03-22 00:03:14,-99.5127,37.6155,  69.7,18602,-71.8,-91.7,-86.9,  4,  8, 0.00, 70, 4.4
2026-03-22 00:03:16,-99.5129,37.6154,  69.6,18611,-71.8,-91.7,-87.0,  4,  8, 0.00, 69, 4.4
2026-03-22 00:03:18,-99.5130,37.6154,  69.5,18621,-71.9,-91.8,-87.1,  4,  8, 0.00, 69, 4.5
2026-03-22 00:03:20,-99.5130,37.6154,  69.4,18631,-72.0,-91.9,-87.2,  4,  8, 0.00, 68, 4.5
2026-03-22 00:03:21,-99.5131,37.6154,  69.3,18637,-72.0,-92.0,-87.2,  4,  8, 0.00, 67, 4.5
2026-03-22 00:03:23,-99.5132,37.6153,  69.2,18647,-72.0,-92.0,-87.2,  4,  8, 0.00, 66, 4.5
2026-03-22 00:03:24,-99.5132,37.6153,  69.1,18652,-71.8,-91.9,-87.2,  4,  8, 0.00, 66, 4.5
2026-03-22 00:03:26,-99.5134,37.6153,  69.0,18662,-71.5,-91.7,-87.0,  4,  8, 0.00, 65, 4.5
2026-03-22 00:03:28,-99.5135,37.6153,  68.9,18672,-71.3,-91.6,-86.9,  4,  8, 0.00, 64, 4.5
2026-03-22 00:03:30,-99.5135,37.6152,  68.8,18681,-71.2,-91.6,-86.8,  4,  8, 0.00, 63, 4.4
2026-03-22 00:03:32,-99.5136,37.6152,  68.7,18691,-71.1,-91.6,-86.8,  4,  8, 0.00, 63, 4.4
2026-03-22 00:03:33,-99.5136,37.6151,  68.6,18695,-71.1,-91.6,-86.8,  4,  8, 0.00, 62, 4.3
2026-03-22 00:03:35,-99.5137,37.6151,  68.5,18705,-71.1,-91.6,-86.9,  4,  8, 0.00, 62, 4.3
2026-03-22 00:03:37,-99.5138,37.6150,  68.4,18715,-71.2,-91.7,-86.9,  4,  8, 0.00, 63, 4.1
2026-03-22 00:03:39,-99.5139,37.6150,  68.3,18725,-71.2,-91.7,-87.0,  4,  8, 0.00, 64, 4.0
2026-03-22 00:03:40,-99.5139,37.6150,  68.2,18731,-71.1,-91.7,-87.0,  4,  8, 0.00, 65, 4.0
2026-03-22 00:03:42,-99.5140,37.6149,  68.1,18741,-71.0,-91.6,-86.9,  4,  7, 0.00, 66, 3.8
2026-03-22 00:03:44,-99.5141,37.6149,  68.0,18751,-70.8,-91.5,-86.8,  4,  7, 0.00, 69, 3.7
2026-03-22 00:03:45,-99.5141,37.6149,  67.9,18756,-70.8,-91.5,-86.7,  4,  7, 0.00, 70, 3.6
2026-03-22 00:03:47,-99.5142,37.6149,  67.8,18766,-70.7,-91.4,-86.7,  4,  7, 0.00, 73, 3.5
2026-03-22 00:03:49,-99.5143,37.6149,  67.7,18776,-70.7,-91.4,-86.7,  4,  7, 0.00, 77, 3.4
2026-03-22 00:03:51,-99.5143,37.6149,  67.6,18787,-70.7,-91.4,-86.7,  4,  7, 0.00, 81, 3.3
2026-03-22 00:03:52,-99.5144,37.6149,  67.5,18792,-70.7,-91.4,-86.7,  4,  7, 0.00, 83, 3.2
2026-03-22 00:03:54,-99.5145,37.6148,  67.4,18803,-70.6,-91.3,-86.6,  4,  7, 0.00, 87, 3.1
2026-03-22 00:03:56,-99.5146,37.6148,  67.3,18812,-70.6,-91.3,-86.6,  4,  7, 0.00, 92, 3.1
2026-03-22 00:03:57,-99.5146,37.6148,  67.2,18817,-70.6,-91.3,-86.6,  4,  7, 0.00, 94, 3.0
2026-03-22 00:03:59,-99.5146,37.6149,  67.1,18826,-70.7,-91.3,-86.6,  4,  8, 0.00, 98, 3.0
2026-03-22 00:04:01,-99.5147,37.6149,  67.0,18837,-70.8,-91.3,-86.6,  4,  8, 0.00,103, 2.9
2026-03-22 00:04:03,-99.5148,37.6149,  66.9,18848,-70.9,-91.4,-86.6,  4,  8, 0.00,107, 2.9
2026-03-22 00:04:04,-99.5148,37.6149,  66.8,18853,-70.9,-91.4,-86.6,  4,  8, 0.00,109, 2.8
2026-03-22 00:04:06,-99.5148,37.6149,  66.7,18862,-70.9,-91.3,-86.6,  4,  8, 0.00,113, 2.8
2026-03-22 00:04:08,-99.5149,37.6150,  66.6,18873,-70.9,-91.3,-86.5,  4,  8, 0.00,118, 2.7
2026-03-22 00:04:10,-99.5150,37.6150,  66.5,18885,-70.9,-91.2,-86.5,  4,  8, 0.00,122, 2.6
2026-03-22 00:04:11,-99.5150,37.6150,  66.4,18891,-70.9,-91.2,-86.5,  4,  8, 0.00,124, 2.6
2026-03-22 00:04:13,-99.5151,37.6150,  66.3,18902,-71.0,-91.3,-86.5,  4,  8, 0.00,129, 2.5
2026-03-22 00:04:14,-99.5151,37.6150,  66.2,18907,-71.0,-91.3,-86.5,  4,  8, 0.00,132, 2.4
2026-03-22 00:04:16,-99.5152,37.6151,  66.1,18917,-71.1,-91.3,-86.6,  4,  8, 0.00,137, 2.3
2026-03-22 00:04:18,-99.5152,37.6151,  66.0,18926,-71.2,-91.3,-86.6,  4,  8, 0.00,143, 2.2
2026-03-22 00:04:20,-99.5152,37.6152,  65.9,18936,-71.2,-91.4,-86.6,  4,  8, 0.00,150, 2.2
2026-03-22 00:04:21,-99.5152,37.6152,  65.8,18942,-71.2,-91.4,-86.6,  4,  8, 0.00,153, 2.1
2026-03-22 00:04:24,-99.5152,37.6152,  65.7,18954,-71.3,-91.4,-86.6,  4,  8, 0.00,164, 2.1
2026-03-22 00:04:26,-99.5152,37.6153,  65.6,18964,-71.2,-91.3,-86.6,  4,  8, 0.00,171, 2.1
2026-03-22 00:04:27,-99.5152,37.6153,  65.5,18969,-71.2,-91.3,-86.6,  4,  8, 0.00,175, 2.1
2026-03-22 00:04:29,-99.5152,37.6153,  65.4,18979,-71.2,-91.3,-86.6,  4,  8, 0.00,182, 2.1
2026-03-22 00:04:31,-99.5152,37.6154,  65.3,18990,-71.3,-91.3,-86.6,  4,  8, 0.00,188, 2.2
2026-03-22 00:04:33,-99.5152,37.6154,  65.2,19001,-71.3,-91.4,-86.6,  4,  8, 0.00,194, 2.2
2026-03-22 00:04:34,-99.5152,37.6154,  65.1,19007,-71.4,-91.4,-86.6,  4,  8, 0.00,197, 2.2
2026-03-22 00:04:36,-99.5152,37.6155,  65.0,19018,-71.4,-91.4,-86.6,  4,  8, 0.00,202, 2.3
2026-03-22 00:04:37,-99.5152,37.6155,  64.9,19023,-71.4,-91.4,-86.6,  4,  8, 0.00,204, 2.4
2026-03-22 00:04:39,-99.5151,37.6155,  64.8,19033,-71.4,-91.4,-86.6,  4,  8, 0.00,209, 2.4
2026-03-22 00:04:41,-99.5151,37.6156,  64.7,19043,-71.3,-91.4,-86.6,  4,  8, 0.00,213, 2.5
2026-03-22 00:04:43,-99.5151,37.6156,  64.6,19054,-71.3,-91.4,-86.6,  4,  8, 0.00,217, 2.6
2026-03-22 00:04:45,-99.5150,37.6157,  64.5,19063,-71.4,-91.4,-86.6,  4,  8, 0.00,221, 2.7
2026-03-22 00:04:46,-99.5150,37.6157,  64.4,19069,-71.3,-91.4,-86.6,  4,  8, 0.00,223, 2.7
2026-03-22 00:04:48,-99.5150,37.6157,  64.3,19080,-71.3,-91.4,-86.6,  4,  8, 0.00,227, 2.9
2026-03-22 00:04:50,-99.5149,37.6157,  64.2,19090,-71.3,-91.4,-86.6,  4,  8, 0.00,230, 3.0
2026-03-22 00:04:52,-99.5149,37.6158,  64.1,19101,-71.3,-91.3,-86.6,  4,  8, 0.00,234, 3.1
2026-03-22 00:04:53,-99.5148,37.6158,  64.0,19107,-71.2,-91.3,-86.6,  4,  8, 0.00,235, 3.2
2026-03-22 00:04:55,-99.5148,37.6158,  63.9,19118,-71.2,-91.3,-86.5,  4,  8, 0.00,238, 3.4
2026-03-22 00:04:57,-99.5147,37.6159,  63.8,19127,-71.2,-91.3,-86.6,  4,  8, 0.00,240, 3.6
2026-03-22 00:04:59,-99.5147,37.6159,  63.7,19137,-71.2,-91.3,-86.6,  4,  8, 0.00,242, 3.9
2026-03-22 00:05:00,-99.5146,37.6159,  63.6,19143,-71.2,-91.3,-86.6,  4,  8, 0.00,242, 4.0
2026-03-22 00:05:02,-99.5145,37.6159,  63.5,19153,-71.2,-91.3,-86.6,  4,  8, 0.00,244, 4.3
2026-03-22 00:05:04,-99.5145,37.6160,  63.4,19163,-71.3,-91.3,-86.6,  4,  8, 0.00,244, 4.6
2026-03-22 00:05:06,-99.5144,37.6160,  63.3,19174,-71.3,-91.3,-86.6,  4,  8, 0.00,245, 4.9
2026-03-22 00:05:08,-99.5143,37.6160,  63.2,19185,-71.3,-91.4,-86.6,  4,  8, 0.00,245, 5.3
2026-03-22 00:05:09,-99.5142,37.6160,  63.1,19191,-71.3,-91.4,-86.6,  4,  8, 0.00,245, 5.5
2026-03-22 00:05:11,-99.5141,37.6161,  63.0,19200,-71.3,-91.4,-86.7,  4,  8, 0.00,245, 5.9
2026-03-22 00:05:14,-99.5139,37.6161,  62.9,19212,-71.3,-91.4,-86.7,  4,  8, 0.00,245, 6.5
2026-03-22 00:05:15,-99.5139,37.6162,  62.8,19218,-71.3,-91.4,-86.7,  4,  8, 0.00,245, 6.7
2026-03-22 00:05:17,-99.5137,37.6162,  62.7,19228,-71.4,-91.5,-86.7,  4,  8, 0.00,245, 7.2
2026-03-22 00:05:19,-99.5135,37.6163,  62.6,19238,-71.3,-91.5,-86.7,  4,  8, 0.00,245, 7.7
2026-03-22 00:05:21,-99.5134,37.6163,  62.5,19250,-71.2,-91.4,-86.7,  4,  8, 0.00,244, 8.1
2026-03-22 00:05:22,-99.5133,37.6164,  62.4,19255,-71.2,-91.4,-86.7,  4,  8, 0.00,244, 8.3
2026-03-22 00:05:24,-99.5132,37.6164,  62.3,19267,-71.1,-91.4,-86.6,  4,  8, 0.00,244, 8.8
2026-03-22 00:05:26,-99.5130,37.6165,  62.2,19277,-71.0,-91.3,-86.6,  4,  8, 0.00,244, 9.2
2026-03-22 00:05:28,-99.5128,37.6166,  62.1,19287,-70.9,-91.3,-86.6,  4,  8, 0.00,244, 9.6
2026-03-22 00:05:29,-99.5127,37.6167,  62.0,19293,-70.9,-91.3,-86.6,  4,  8, 0.00,245, 9.8
2026-03-22 00:05:31,-99.5124,37.6168,  61.9,19303,-70.9,-91.3,-86.6,  4,  8, 0.00,245,10.2
2026-03-22 00:05:33,-99.5122,37.6168,  61.8,19314,-70.8,-91.3,-86.6,  4,  8, 0.00,245,10.5
2026-03-22 00:05:35,-99.5120,37.6169,  61.7,19324,-70.7,-91.3,-86.5,  4,  8, 0.00,246,10.7
2026-03-22 00:05:37,-99.5117,37.6170,  61.6,19334,-70.6,-91.2,-86.5,  4,  8, 0.00,247,10.9
2026-03-22 00:05:39,-99.5115,37.6171,  61.5,19345,-70.5,-91.1,-86.4,  4,  8, 0.00,247,11.1
2026-03-22 00:05:41,-99.5112,37.6172,  61.4,19355,-70.5,-91.2,-86.4,  4,  8, 0.00,248,11.2
2026-03-22 00:05:43,-99.5110,37.6173,  61.3,19365,-70.6,-91.2,-86.5,  4,  7, 0.00,249,11.2
2026-03-22 00:05:44,-99.5109,37.6173,  61.2,19371,-70.6,-91.3,-86.5,  4,  8, 0.00,250,11.2
2026-03-22 00:05:46,-99.5107,37.6174,  61.1,19381,-70.7,-91.4,-86.6,  4,  7, 0.00,251,11.1
2026-03-22 00:05:48,-99.5104,37.6175,  61.0,19392,-70.8,-91.5,-86.7,  4,  7, 0.00,252,11.0
2026-03-22 00:05:50,-99.5101,37.6175,  60.9,19402,-70.9,-91.6,-86.9,  4,  7, 0.00,253,10.8
2026-03-22 00:05:52,-99.5099,37.6176,  60.8,19412,-70.9,-91.7,-87.0,  4,  7, 0.00,254,10.6
2026-03-22 00:05:54,-99.5096,37.6177,  60.7,19422,-71.0,-91.8,-87.1,  4,  7, 0.00,256,10.2
2026-03-22 00:05:56,-99.5094,37.6177,  60.6,19433,-71.0,-91.9,-87.2,  4,  7, 0.00,257, 9.8
2026-03-22 00:05:57,-99.5093,37.6177,  60.5,19439,-71.0,-92.0,-87.2,  4,  7, 0.00,257, 9.6
2026-03-22 00:05:59,-99.5090,37.6178,  60.4,19449,-70.8,-92.0,-87.3,  3,  7, 0.00,258, 9.1
2026-03-22 00:06:01,-99.5088,37.6178,  60.3,19460,-70.5,-91.9,-87.2,  3,  7, 0.00,258, 8.6
2026-03-22 00:06:03,-99.5086,37.6178,  60.2,19470,-70.1,-91.8,-87.1,  3,  6, 0.00,258, 8.0
2026-03-22 00:06:05,-99.5085,37.6178,  60.1,19480,-69.8,-91.8,-87.0,  3,  6, 0.00,258, 7.3
2026-03-22 00:06:07,-99.5083,37.6178,  60.0,19491,-69.5,-91.8,-87.0,  3,  6, 0.00,257, 6.7
2026-03-22 00:06:09,-99.5081,37.6178,  59.9,19502,-69.3,-91.8,-87.1,  3,  6, 0.00,255, 6.0
2026-03-22 00:06:11,-99.5080,37.6178,  59.8,19512,-69.0,-91.8,-87.1,  3,  5, 0.00,253, 5.3
2026-03-22 00:06:13,-99.5079,37.6178,  59.7,19521,-68.5,-91.7,-86.9,  3,  5, 0.00,249, 4.7
2026-03-22 00:06:15,-99.5079,37.6178,  59.6,19530,-68.0,-91.5,-86.7,  3,  5, 0.00,243, 4.1
2026-03-22 00:06:17,-99.5078,37.6179,  59.5,19540,-67.5,-91.3,-86.5,  2,  5, 0.00,236, 3.6
2026-03-22 00:06:19,-99.5078,37.6179,  59.4,19550,-67.0,-91.1,-86.3,  2,  5, 0.00,228, 3.2
2026-03-22 00:06:21,-99.5077,37.6180,  59.3,19561,-66.8,-91.0,-86.2,  2,  4, 0.00,218, 2.9
2026-03-22 00:06:23,-99.5077,37.6180,  59.2,19571,-66.6,-90.9,-86.2,  2,  4, 0.00,208, 2.8
2026-03-22 00:06:25,-99.5077,37.6181,  59.1,19581,-66.5,-90.9,-86.2,  2,  4, 0.00,199, 2.7
2026-03-22 00:06:27,-99.5078,37.6181,  59.0,19592,-66.4,-90.9,-86.2,  2,  4, 0.00,192, 2.8
2026-03-22 00:06:29,-99.5078,37.6182,  58.9,19603,-66.4,-90.9,-86.2,  2,  4, 0.00,187, 2.8
2026-03-22 00:06:31,-99.5078,37.6183,  58.8,19614,-66.4,-90.9,-86.1,  2,  4, 0.00,183, 2.8
2026-03-22 00:06:33,-99.5078,37.6183,  58.7,19623,-66.3,-90.8,-86.1,  2,  4, 0.00,182, 2.8
2026-03-22 00:06:35,-99.5079,37.6184,  58.6,19633,-66.2,-90.7,-86.0,  2,  4, 0.00,181, 2.8
2026-03-22 00:06:37,-99.5079,37.6185,  58.5,19644,-66.2,-90.7,-86.0,  2,  4, 0.00,182, 2.8
2026-03-22 00:06:38,-99.5079,37.6185,  58.4,19650,-66.2,-90.7,-86.0,  2,  4, 0.00,183, 2.7
2026-03-22 00:06:40,-99.5079,37.6185,  58.3,19661,-66.3,-90.7,-86.0,  2,  4, 0.00,186, 2.7
2026-03-22 00:06:42,-99.5079,37.6185,  58.2,19671,-66.4,-90.8,-86.0,  2,  4, 0.00,190, 2.6
2026-03-22 00:06:45,-99.5079,37.6186,  58.1,19686,-66.4,-90.7,-86.0,  2,  4, 0.00,197, 2.5
2026-03-22 00:06:46,-99.5079,37.6186,  58.0,19691,-66.4,-90.7,-86.0,  2,  4, 0.00,200, 2.5
2026-03-22 00:06:49,-99.5078,37.6187,  57.9,19706,-66.4,-90.7,-85.9,  2,  4, 0.00,210, 2.4
2026-03-22 00:06:51,-99.5078,37.6187,  57.8,19714,-66.4,-90.7,-85.9,  2,  5, 0.00,216, 2.4
2026-03-22 00:06:53,-99.5077,37.6188,  57.7,19724,-66.4,-90.7,-85.9,  2,  5, 0.00,223, 2.4
2026-03-22 00:06:55,-99.5077,37.6188,  57.6,19734,-66.5,-90.6,-85.9,  2,  5, 0.00,230, 2.4
2026-03-22 00:06:57,-99.5077,37.6189,  57.5,19745,-66.5,-90.7,-85.9,  2,  5, 0.00,237, 2.5
2026-03-22 00:06:59,-99.5076,37.6189,  57.4,19756,-66.5,-90.7,-85.9,  2,  5, 0.00,244, 2.6
2026-03-22 00:07:01,-99.5076,37.6189,  57.3,19765,-66.5,-90.7,-85.9,  2,  5, 0.00,250, 2.7
2026-03-22 00:07:04,-99.5074,37.6189,  57.2,19780,-66.5,-90.7,-85.9,  2,  5, 0.00,258, 2.8
2026-03-22 00:07:06,-99.5074,37.6189,  57.1,19791,-66.5,-90.7,-85.9,  2,  5, 0.00,263, 2.9
2026-03-22 00:07:08,-99.5073,37.6189,  57.0,19800,-66.4,-90.6,-85.9,  2,  5, 0.00,268, 3.0
2026-03-22 00:07:10,-99.5073,37.6189,  56.9,19809,-66.3,-90.5,-85.8,  2,  5, 0.00,273, 3.0
2026-03-22 00:07:12,-99.5071,37.6189,  56.8,19820,-66.2,-90.4,-85.7,  2,  5, 0.00,277, 3.1
2026-03-22 00:07:14,-99.5070,37.6189,  56.7,19831,-66.1,-90.4,-85.6,  2,  5, 0.00,281, 3.1
2026-03-22 00:07:16,-99.5070,37.6189,  56.6,19841,-66.0,-90.3,-85.6,  2,  5, 0.00,284, 3.1
2026-03-22 00:07:18,-99.5069,37.6188,  56.5,19851,-66.1,-90.4,-85.6,  2,  5, 0.00,287, 3.1
2026-03-22 00:07:20,-99.5068,37.6188,  56.4,19861,-66.2,-90.4,-85.7,  2,  5, 0.00,290, 3.1
2026-03-22 00:07:23,-99.5067,37.6188,  56.3,19875,-66.2,-90.5,-85.7,  2,  5, 0.00,294, 2.9
2026-03-22 00:07:25,-99.5066,37.6188,  56.2,19884,-66.3,-90.5,-85.7,  2,  5, 0.00,296, 2.8
2026-03-22 00:07:27,-99.5066,37.6187,  56.1,19895,-66.3,-90.5,-85.8,  2,  5, 0.00,298, 2.6
2026-03-22 00:07:29,-99.5065,37.6187,  56.0,19905,-66.3,-90.5,-85.8,  2,  5, 0.00,298, 2.4
2026-03-22 00:07:32,-99.5065,37.6187,  55.9,19919,-66.3,-90.5,-85.8,  2,  5, 0.00,298, 2.1
2026-03-22 00:07:34,-99.5065,37.6186,  55.8,19929,-66.3,-90.5,-85.8,  2,  5, 0.00,296, 1.8
2026-03-22 00:07:36,-99.5064,37.6186,  55.7,19940,-66.2,-90.5,-85.7,  2,  5, 0.00,292, 1.6
2026-03-22 00:07:38,-99.5064,37.6186,  55.6,19949,-66.1,-90.4,-85.7,  2,  5, 0.00,286, 1.3
2026-03-22 00:07:40,-99.5064,37.6186,  55.5,19958,-66.1,-90.4,-85.7,  2,  4, 0.00,274, 1.1
2026-03-22 00:07:43,-99.5064,37.6186,  55.4,19970,-66.1,-90.5,-85.7,  2,  4, 0.00,246, 0.9
2026-03-22 00:07:45,-99.5064,37.6186,  55.3,19980,-66.2,-90.6,-85.8,  2,  4, 0.00,222, 0.9
2026-03-22 00:07:47,-99.5063,37.6186,  55.2,19991,-66.3,-90.6,-85.9,  2,  4, 0.00,203, 1.1
2026-03-22 00:07:49,-99.5063,37.6187,  55.1,20002,-66.3,-90.7,-85.9,  2,  4, 0.00,190, 1.3
2026-03-22 00:07:51,-99.5063,37.6187,  55.0,20013,-66.3,-90.7,-86.0,  2,  4, 0.00,181, 1.6
2026-03-22 00:07:54,-99.5063,37.6187,  54.9,20028,-66.1,-90.6,-85.9,  2,  4, 0.00,171, 2.0
2026-03-22 00:07:56,-99.5063,37.6188,  54.8,20037,-65.9,-90.5,-85.8,  2,  4, 0.00,167, 2.3
2026-03-22 00:07:58,-99.5063,37.6189,  54.7,20047,-65.9,-90.5,-85.8,  2,  4, 0.00,163, 2.6
2026-03-22 00:08:00,-99.5063,37.6189,  54.6,20058,-65.9,-90.6,-85.9,  2,  4, 0.00,160, 3.0
2026-03-22 00:08:02,-99.5064,37.6189,  54.5,20070,-65.9,-90.7,-85.9,  2,  4, 0.00,158, 3.3
2026-03-22 00:08:05,-99.5064,37.6190,  54.4,20083,-65.8,-90.7,-86.0,  2,  4, 0.00,156, 3.7
2026-03-22 00:08:07,-99.5065,37.6191,  54.3,20090,-65.7,-90.7,-86.0,  2,  4, 0.00,154, 4.0
2026-03-22 00:08:10,-99.5065,37.6191,  54.2,20106,-65.6,-90.7,-86.0,  2,  4, 0.00,153, 4.3
2026-03-22 00:08:12,-99.5066,37.6192,  54.1,20118,-65.4,-90.7,-85.9,  2,  4, 0.00,153, 4.5
2026-03-22 00:08:14,-99.5067,37.6193,  54.0,20128,-65.2,-90.6,-85.9,  2,  4, 0.00,154, 4.7
2026-03-22 00:08:16,-99.5068,37.6195,  53.9,20138,-65.0,-90.5,-85.8,  2,  4, 0.00,154, 4.8
2026-03-22 00:08:18,-99.5068,37.6195,  53.8,20149,-64.9,-90.5,-85.7,  2,  4, 0.00,155, 4.9
2026-03-22 00:08:21,-99.5069,37.6197,  53.7,20162,-64.7,-90.4,-85.6,  2,  4, 0.00,157, 5.0
2026-03-22 00:08:23,-99.5070,37.6198,  53.6,20171,-64.6,-90.3,-85.6,  2,  4, 0.00,159, 4.9
2026-03-22 00:08:25,-99.5070,37.6198,  53.5,20182,-64.6,-90.3,-85.6,  2,  4, 0.00,161, 4.9
2026-03-22 00:08:28,-99.5070,37.6199,  53.4,20196,-64.7,-90.3,-85.6,  2,  4, 0.00,165, 4.8
2026-03-22 00:08:30,-99.5071,37.6200,  53.3,20206,-64.7,-90.3,-85.6,  2,  4, 0.00,168, 4.7
2026-03-22 00:08:32,-99.5071,37.6201,  53.2,20216,-64.7,-90.3,-85.6,  2,  4, 0.00,171, 4.6
2026-03-22 00:08:35,-99.5071,37.6203,  53.1,20231,-64.8,-90.3,-85.5,  2,  4, 0.00,177, 4.6
2026-03-22 00:08:37,-99.5071,37.6203,  53.0,20242,-64.8,-90.3,-85.5,  2,  4, 0.00,181, 4.6
2026-03-22 00:08:39,-99.5071,37.6204,  52.9,20253,-64.9,-90.3,-85.5,  2,  4, 0.00,185, 4.6
2026-03-22 00:08:41,-99.5071,37.6205,  52.8,20263,-64.9,-90.3,-85.5,  2,  4, 0.00,190, 4.7
2026-03-22 00:08:43,-99.5071,37.6206,  52.7,20272,-65.0,-90.3,-85.6,  2,  4, 0.00,194, 4.9
2026-03-22 00:08:46,-99.5070,37.6207,  52.6,20287,-65.1,-90.4,-85.7,  2,  4, 0.00,199, 5.2
2026-03-22 00:08:48,-99.5070,37.6208,  52.5,20297,-65.2,-90.5,-85.7,  2,  4, 0.00,202, 5.5
2026-03-22 00:08:50,-99.5070,37.6209,  52.4,20308,-65.3,-90.6,-85.8,  2,  4, 0.00,205, 5.9
2026-03-22 00:08:53,-99.5069,37.6210,  52.3,20324,-65.3,-90.7,-86.0,  2,  4, 0.00,208, 6.4
2026-03-22 00:08:55,-99.5068,37.6211,  52.2,20334,-65.2,-90.7,-85.9,  2,  4, 0.00,210, 6.8
2026-03-22 00:08:57,-99.5067,37.6212,  52.1,20344,-65.0,-90.6,-85.8,  2,  4, 0.00,211, 7.1
2026-03-22 00:09:00,-99.5065,37.6214,  52.0,20358,-64.5,-90.4,-85.6,  2,  4, 0.00,213, 7.6
2026-03-22 00:09:02,-99.5064,37.6215,  51.9,20368,-64.4,-90.3,-85.6,  2,  4, 0.00,214, 7.8
2026-03-22 00:09:04,-99.5063,37.6217,  51.8,20379,-64.2,-90.3,-85.6,  2,  3, 0.00,214, 8.0
2026-03-22 00:09:06,-99.5062,37.6218,  51.7,20389,-64.1,-90.3,-85.5,  2,  3, 0.00,214, 8.2
2026-03-22 00:09:09,-99.5060,37.6220,  51.6,20405,-64.0,-90.4,-85.6,  2,  3, 0.00,215, 8.3
2026-03-22 00:09:11,-99.5059,37.6221,  51.5,20415,-64.0,-90.4,-85.7,  2,  3, 0.00,214, 8.3
2026-03-22 00:09:13,-99.5058,37.6223,  51.4,20425,-64.0,-90.5,-85.7,  2,  3, 0.00,214, 8.2
2026-03-22 00:09:16,-99.5056,37.6225,  51.3,20441,-64.0,-90.6,-85.8,  2,  3, 0.00,213, 8.0
2026-03-22 00:09:18,-99.5055,37.6226,  51.2,20451,-64.1,-90.7,-86.0,  2,  3, 0.00,212, 7.9
2026-03-22 00:09:21,-99.5053,37.6227,  51.1,20465,-64.0,-90.8,-86.0,  2,  3, 0.00,210, 7.7
2026-03-22 00:09:23,-99.5052,37.6228,  51.0,20474,-63.8,-90.7,-85.9,  2,  3, 0.00,208, 7.6
2026-03-22 00:09:25,-99.5052,37.6229,  50.9,20485,-63.5,-90.5,-85.8,  2,  3, 0.00,206, 7.5
2026-03-22 00:09:28,-99.5051,37.6231,  50.8,20500,-63.3,-90.5,-85.8,  2,  3, 0.00,202, 7.5
2026-03-22 00:09:30,-99.5050,37.6232,  50.7,20511,-63.2,-90.5,-85.7,  2,  3, 0.00,200, 7.5
2026-03-22 00:09:32,-99.5050,37.6233,  50.6,20522,-63.0,-90.4,-85.7,  2,  3, 0.00,198, 7.6
2026-03-22 00:09:35,-99.5049,37.6235,  50.5,20537,-62.9,-90.3,-85.6,  2,  3, 0.00,195, 7.9
2026-03-22 00:09:37,-99.5049,37.6237,  50.4,20547,-62.8,-90.3,-85.5,  2,  3, 0.00,193, 8.0
2026-03-22 00:09:39,-99.5049,37.6238,  50.3,20558,-62.6,-90.2,-85.5,  2,  3, 0.00,192, 8.2
2026-03-22 00:09:42,-99.5048,37.6241,  50.2,20573,-62.5,-90.1,-85.4,  2,  3, 0.00,190, 8.5
2026-03-22 00:09:44,-99.5048,37.6242,  50.1,20583,-62.5,-90.1,-85.3,  2,  3, 0.00,189, 8.7
2026-03-22 00:09:48,-99.5048,37.6245,  50.0,20600,-62.6,-90.1,-85.3,  2,  3, 0.00,189, 9.0
2026-03-22 00:09:49,-99.5047,37.6246,  49.9,20607,-62.6,-90.1,-85.3,  2,  3, 0.00,188, 9.1
2026-03-22 00:09:52,-99.5047,37.6249,  49.8,20622,-62.7,-90.0,-85.3,  2,  3, 0.00,188, 9.3
2026-03-22 00:09:54,-99.5046,37.6250,  49.7,20632,-62.7,-90.0,-85.2,  2,  3, 0.00,188, 9.4
2026-03-22 00:09:57,-99.5046,37.6253,  49.6,20647,-62.8,-89.9,-85.2,  2,  3, 0.00,188, 9.5
2026-03-22 00:09:59,-99.5046,37.6255,  49.5,20658,-62.9,-89.9,-85.2,  2,  3, 0.00,189, 9.5
2026-03-22 00:10:01,-99.5046,37.6256,  49.4,20669,-63.0,-89.9,-85.2,  2,  3, 0.00,190, 9.6
2026-03-22 00:10:04,-99.5046,37.6259,  49.3,20683,-63.1,-89.9,-85.1,  2,  3, 0.00,191, 9.7
2026-03-22 00:10:06,-99.5045,37.6261,  49.2,20694,-63.1,-89.9,-85.1,  2,  3, 0.00,192, 9.7
2026-03-22 00:10:09,-99.5044,37.6263,  49.1,20710,-63.2,-89.9,-85.2,  2,  3, 0.00,194, 9.8
2026-03-22 00:10:11,-99.5044,37.6265,  49.0,20720,-63.3,-89.9,-85.2,  2,  3, 0.00,195, 9.8
2026-03-22 00:10:14,-99.5043,37.6268,  48.9,20736,-63.3,-89.9,-85.2,  2,  3, 0.00,198, 9.9
2026-03-22 00:10:16,-99.5042,37.6270,  48.8,20747,-63.3,-89.9,-85.2,  2,  3, 0.00,199, 9.9
2026-03-22 00:10:18,-99.5041,37.6271,  48.7,20756,-63.4,-90.0,-85.2,  2,  3, 0.00,201, 9.9
2026-03-22 00:10:21,-99.5040,37.6273,  48.6,20770,-63.5,-90.0,-85.3,  2,  3, 0.00,203,10.0
2026-03-22 00:10:23,-99.5039,37.6275,  48.5,20781,-63.5,-90.0,-85.3,  2,  3, 0.00,204,10.0
2026-03-22 00:10:26,-99.5037,37.6278,  48.4,20796,-63.4,-90.0,-85.3,  2,  3, 0.00,205, 9.9
2026-03-22 00:10:29,-99.5035,37.6280,  48.3,20812,-63.3,-89.9,-85.2,  2,  3, 0.00,207, 9.8
2026-03-22 00:10:31,-99.5034,37.6282,  48.2,20822,-63.3,-89.9,-85.2,  2,  3, 0.00,207, 9.7
2026-03-22 00:10:34,-99.5033,37.6284,  48.1,20837,-63.3,-90.0,-85.3,  2,  3, 0.00,208, 9.5
2026-03-22 00:10:36,-99.5031,37.6286,  48.0,20848,-63.4,-90.1,-85.3,  2,  3, 0.00,208, 9.3
2026-03-22 00:10:38,-99.5030,37.6287,  47.9,20859,-63.4,-90.1,-85.3,  2,  3, 0.00,208, 9.2
2026-03-22 00:10:41,-99.5029,37.6289,  47.8,20875,-63.4,-90.1,-85.3,  2,  3, 0.00,208, 8.9
2026-03-22 00:10:43,-99.5028,37.6290,  47.7,20886,-63.4,-90.1,-85.3,  2,  3, 0.00,208, 8.7
2026-03-22 00:10:46,-99.5027,37.6292,  47.6,20900,-63.4,-90.1,-85.3,  2,  3, 0.00,208, 8.5
2026-03-22 00:10:48,-99.5026,37.6294,  47.5,20910,-63.5,-90.1,-85.4,  2,  3, 0.00,208, 8.3
2026-03-22 00:10:51,-99.5025,37.6296,  47.4,20926,-63.5,-90.1,-85.4,  2,  3, 0.00,208, 8.0
2026-03-22 00:10:53,-99.5024,37.6297,  47.3,20937,-63.6,-90.1,-85.4,  2,  3, 0.00,208, 7.8
2026-03-22 00:10:56,-99.5023,37.6299,  47.2,20953,-63.6,-90.1,-85.4,  2,  3, 0.00,208, 7.5
2026-03-22 00:10:58,-99.5022,37.6300,  47.1,20963,-63.6,-90.1,-85.4,  2,  3, 0.00,208, 7.3
2026-03-22 00:11:00,-99.5021,37.6302,  47.0,20975,-63.6,-90.1,-85.3,  2,  3, 0.00,208, 7.1
2026-03-22 00:11:03,-99.5020,37.6303,  46.9,20990,-63.7,-90.1,-85.4,  2,  3, 0.00,210, 6.7
2026-03-22 00:11:05,-99.5019,37.6304,  46.8,21000,-63.7,-90.2,-85.4,  2,  3, 0.00,211, 6.4
2026-03-22 00:11:08,-99.5018,37.6306,  46.7,21018,-63.7,-90.2,-85.4,  2,  3, 0.00,213, 5.9
2026-03-22 00:11:10,-99.5018,37.6307,  46.6,21028,-63.8,-90.2,-85.5,  2,  3, 0.00,215, 5.6
2026-03-22 00:11:12,-99.5018,37.6308,  46.5,21040,-63.8,-90.3,-85.5,  2,  3, 0.00,218, 5.4
2026-03-22 00:11:15,-99.5016,37.6309,  46.4,21058,-63.8,-90.3,-85.6,  2,  3, 0.00,223, 5.0
2026-03-22 00:11:17,-99.5016,37.6309,  46.3,21069,-63.8,-90.4,-85.6,  2,  3, 0.00,226, 4.8
2026-03-22 00:11:19,-99.5015,37.6310,  46.2,21080,-63.8,-90.4,-85.6,  2,  3, 0.00,230, 4.6
2026-03-22 00:11:22,-99.5014,37.6310,  46.1,21096,-63.7,-90.3,-85.6,  2,  3, 0.00,237, 4.4
2026-03-22 00:11:24,-99.5013,37.6310,  46.0,21108,-63.5,-90.3,-85.5,  2,  3, 0.00,241, 4.3
2026-03-22 00:11:27,-99.5011,37.6310,  45.9,21124,-63.4,-90.2,-85.5,  2,  3, 0.00,247, 4.3
2026-03-22 00:11:29,-99.5010,37.6311,  45.8,21135,-63.4,-90.3,-85.5,  2,  3, 0.00,251, 4.3
2026-03-22 00:11:31,-99.5010,37.6311,  45.7,21146,-63.4,-90.3,-85.6,  2,  3, 0.00,255, 4.3
2026-03-22 00:11:34,-99.5008,37.6312,  45.6,21163,-63.4,-90.3,-85.6,  2,  3, 0.00,260, 4.5
2026-03-22 00:11:36,-99.5007,37.6311,  45.5,21173,-63.4,-90.3,-85.6,  2,  3, 0.00,263, 4.6
2026-03-22 00:11:39,-99.5006,37.6311,  45.4,21190,-63.4,-90.3,-85.6,  2,  3, 0.00,267, 4.8
2026-03-22 00:11:41,-99.5005,37.6312,  45.3,21201,-63.3,-90.3,-85.6,  2,  3, 0.00,270, 4.9
2026-03-22 00:11:44,-99.5003,37.6312,  45.2,21215,-63.2,-90.3,-85.6,  2,  3, 0.00,273, 5.2
2026-03-22 00:11:47,-99.5001,37.6311,  45.1,21230,-63.2,-90.3,-85.6,  2,  3, 0.00,276, 5.5
2026-03-22 00:11:50,-99.5000,37.6311,  45.0,21245,-63.2,-90.3,-85.6,  2,  3, 0.00,278, 5.8
2026-03-22 00:11:52,-99.4998,37.6311,  44.9,21256,-63.2,-90.4,-85.6,  2,  3, 0.00,279, 6.0
2026-03-22 00:11:55,-99.4996,37.6311,  44.8,21273,-63.2,-90.4,-85.6,  2,  3, 0.00,281, 6.2
2026-03-22 00:11:57,-99.4994,37.6311,  44.7,21285,-63.2,-90.4,-85.6,  2,  3, 0.00,282, 6.3
2026-03-22 00:11:59,-99.4993,37.6310,  44.6,21295,-63.1,-90.4,-85.7,  2,  3, 0.00,282, 6.3
2026-03-22 00:12:02,-99.4990,37.6310,  44.5,21311,-63.1,-90.5,-85.7,  2,  3, 0.00,283, 6.3
2026-03-22 00:12:05,-99.4988,37.6310,  44.4,21327,-62.9,-90.4,-85.6,  2,  3, 0.00,284, 6.2
2026-03-22 00:12:07,-99.4987,37.6309,  44.3,21338,-62.8,-90.3,-85.5,  2,  3, 0.00,284, 6.1
2026-03-22 00:12:10,-99.4985,37.6308,  44.2,21356,-62.6,-90.2,-85.4,  2,  3, 0.00,284, 5.9
2026-03-22 00:12:12,-99.4984,37.6308,  44.1,21368,-62.5,-90.2,-85.4,  2,  3, 0.00,283, 5.7
2026-03-22 00:12:15,-99.4981,37.6308,  44.0,21382,-62.5,-90.2,-85.4,  2,  3, 0.00,282, 5.4
2026-03-22 00:12:18,-99.4980,37.6308,  43.9,21396,-62.5,-90.2,-85.4,  2,  3, 0.00,281, 5.0
2026-03-22 00:12:20,-99.4979,37.6307,  43.8,21407,-62.5,-90.2,-85.4,  2,  3, 0.00,279, 4.8
2026-03-22 00:12:23,-99.4977,37.6307,  43.7,21423,-62.4,-90.2,-85.4,  2,  3, 0.00,277, 4.5
2026-03-22 00:12:26,-99.4976,37.6307,  43.6,21438,-62.4,-90.2,-85.4,  2,  3, 0.00,274, 4.2
2026-03-22 00:12:29,-99.4975,37.6307,  43.5,21453,-62.4,-90.1,-85.4,  2,  3, 0.00,272, 3.9
2026-03-22 00:12:31,-99.4974,37.6307,  43.4,21465,-62.4,-90.1,-85.4,  2,  3, 0.00,271, 3.7
2026-03-22 00:12:34,-99.4973,37.6308,  43.3,21481,-62.3,-90.1,-85.3,  2,  3, 0.00,271, 3.5
2026-03-22 00:12:36,-99.4972,37.6308,  43.2,21492,-62.2,-90.0,-85.2,  2,  3, 0.00,271, 3.3
2026-03-22 00:12:39,-99.4971,37.6308,  43.1,21511,-62.3,-90.0,-85.2,  2,  3, 0.00,273, 3.1
2026-03-22 00:12:41,-99.4971,37.6308,  43.0,21522,-62.3,-90.0,-85.2,  2,  3, 0.00,275, 3.0
2026-03-22 00:12:44,-99.4969,37.6308,  42.9,21537,-62.4,-89.9,-85.2,  2,  3, 0.00,279, 2.8
2026-03-22 00:12:47,-99.4968,37.6308,  42.8,21551,-62.5,-89.9,-85.2,  2,  3, 0.00,284, 2.6
2026-03-22 00:12:50,-99.4968,37.6307,  42.7,21566,-62.6,-89.9,-85.2,  2,  3, 0.00,291, 2.4
2026-03-22 00:12:53,-99.4967,37.6307,  42.6,21583,-62.7,-89.9,-85.2,  2,  3, 0.00,298, 2.2
2026-03-22 00:12:55,-99.4966,37.6307,  42.5,21594,-62.7,-90.0,-85.2,  2,  3, 0.00,304, 2.1
2026-03-22 00:12:58,-99.4966,37.6307,  42.4,21611,-62.8,-90.0,-85.2,  2,  3, 0.00,312, 1.9
2026-03-22 00:13:00,-99.4966,37.6306,  42.3,21622,-62.8,-90.0,-85.2,  2,  3, 0.00,318, 1.8
2026-03-22 00:13:03,-99.4965,37.6306,  42.2,21637,-62.9,-90.0,-85.3,  2,  3, 0.00,326, 1.7
2026-03-22 00:13:06,-99.4965,37.6305,  42.1,21654,-62.9,-90.1,-85.3,  2,  3, 0.00,333, 1.5
2026-03-22 00:13:09,-99.4965,37.6305,  42.0,21670,-62.8,-90.1,-85.3,  2,  3, 0.00,338, 1.4
2026-03-22 00:13:11,-99.4965,37.6304,  41.9,21681,-62.7,-90.0,-85.3,  2,  3, 0.00,339, 1.3
2026-03-22 00:13:14,-99.4966,37.6304,  41.8,21699,-62.6,-90.0,-85.2,  2,  3, 0.00,339, 1.1
2026-03-22 00:13:16,-99.4966,37.6304,  41.7,21710,-62.6,-90.0,-85.2,  2,  3, 0.00,336, 1.0
2026-03-22 00:13:19,-99.4966,37.6304,  41.6,21725,-62.6,-90.0,-85.2,  2,  3, 0.00,328, 0.9
2026-03-22 00:13:22,-99.4965,37.6304,  41.5,21741,-62.6,-90.0,-85.2,  2,  3, 0.00,315, 0.8
2026-03-22 00:13:25,-99.4965,37.6303,  41.4,21757,-62.7,-90.0,-85.3,  2,  3, 0.00,302, 0.9
2026-03-22 00:13:28,-99.4965,37.6303,  41.3,21774,-62.8,-90.0,-85.3,  2,  3, 0.00,292, 0.9
2026-03-22 00:13:30,-99.4965,37.6304,  41.2,21786,-62.8,-90.1,-85.3,  2,  3, 0.00,288, 1.0
2026-03-22 00:13:33,-99.4964,37.6304,  41.1,21801,-63.0,-90.1,-85.4,  2,  3, 0.00,284, 1.1
2026-03-22 00:13:36,-99.4963,37.6304,  41.0,21818,-63.0,-90.1,-85.4,  2,  3, 0.00,282, 1.2
2026-03-22 00:13:38,-99.4964,37.6304,  40.9,21829,-63.0,-90.0,-85.3,  2,  3, 0.00,281, 1.2
2026-03-22 00:13:41,-99.4963,37.6304,  40.8,21847,-62.9,-90.0,-85.2,  2,  3, 0.00,281, 1.3
2026-03-22 00:13:44,-99.4962,37.6303,  40.7,21862,-63.0,-90.0,-85.3,  2,  3, 0.00,280, 1.3
2026-03-22 00:13:47,-99.4962,37.6303,  40.6,21878,-63.0,-90.0,-85.3,  2,  3, 0.00,279, 1.3
2026-03-22 00:13:49,-99.4962,37.6303,  40.5,21889,-63.1,-90.1,-85.3,  2,  3, 0.00,277, 1.3
2026-03-22 00:13:52,-99.4961,37.6303,  40.4,21905,-63.1,-90.1,-85.3,  2,  3, 0.00,275, 1.4
2026-03-22 00:13:55,-99.4961,37.6303,  40.3,21922,-63.1,-90.0,-85.3,  2,  3, 0.00,274, 1.4
2026-03-22 00:13:58,-99.4961,37.6303,  40.2,21938,-63.3,-90.1,-85.3,  2,  3, 0.00,273, 1.5
2026-03-22 00:14:01,-99.4960,37.6304,  40.1,21955,-63.4,-90.1,-85.4,  2,  3, 0.00,273, 1.6
2026-03-22 00:14:03,-99.4959,37.6304,  40.0,21966,-63.4,-90.1,-85.4,  2,  3, 0.00,275, 1.6
2026-03-22 00:14:06,-99.4959,37.6303,  39.9,21983,-63.5,-90.1,-85.4,  2,  3, 0.00,279, 1.7
2026-03-22 00:14:09,-99.4959,37.6303,  39.8,22000,-63.6,-90.2,-85.4,  2,  3, 0.00,284, 1.8
2026-03-22 00:14:11,-99.4958,37.6304,  39.7,22013,-63.6,-90.2,-85.5,  2,  3, 0.00,289, 1.8
2026-03-22 00:14:14,-99.4957,37.6303,  39.6,22030,-63.7,-90.3,-85.5,  2,  3, 0.00,297, 2.0
2026-03-22 00:14:17,-99.4957,37.6303,  39.5,22047,-63.8,-90.4,-85.6,  2,  3, 0.00,305, 2.3
2026-03-22 00:14:19,-99.4957,37.6303,  39.4,22059,-63.8,-90.4,-85.7,  2,  3, 0.00,310, 2.5
2026-03-22 00:14:22,-99.4956,37.6303,  39.3,22077,-63.7,-90.5,-85.7,  2,  3, 0.00,316, 2.8
2026-03-22 00:14:24,-99.4955,37.6302,  39.2,22089,-63.7,-90.5,-85.7,  2,  3, 0.00,320, 3.1
2026-03-22 00:14:27,-99.4955,37.6302,  39.1,22107,-63.6,-90.5,-85.7,  2,  3, 0.00,324, 3.5
2026-03-22 00:14:30,-99.4954,37.6301,  39.0,22125,-63.4,-90.5,-85.7,  2,  3, 0.00,327, 4.0
2026-03-22 00:14:32,-99.4953,37.6300,  38.9,22136,-63.3,-90.4,-85.7,  2,  3, 0.00,329, 4.2
2026-03-22 00:14:35,-99.4952,37.6299,  38.8,22152,-63.2,-90.4,-85.6,  2,  3, 0.00,332, 4.6
2026-03-22 00:14:38,-99.4952,37.6297,  38.7,22169,-63.2,-90.4,-85.7,  2,  3, 0.00,334, 4.9
2026-03-22 00:14:41,-99.4951,37.6296,  38.6,22184,-63.2,-90.4,-85.7,  2,  3, 0.00,336, 5.2
2026-03-22 00:14:44,-99.4950,37.6295,  38.5,22199,-63.2,-90.5,-85.8,  2,  3, 0.00,338, 5.5
2026-03-22 00:14:47,-99.4950,37.6293,  38.4,22216,-63.3,-90.5,-85.8,  2,  3, 0.00,340, 5.7
2026-03-22 00:14:50,-99.4949,37.6292,  38.3,22232,-63.2,-90.4,-85.7,  2,  3, 0.00,342, 5.9
2026-03-22 00:14:53,-99.4949,37.6291,  38.2,22249,-63.2,-90.4,-85.7,  2,  3, 0.00,343, 6.1
2026-03-22 00:14:56,-99.4948,37.6288,  38.1,22266,-63.3,-90.4,-85.7,  2,  3, 0.00,345, 6.4
2026-03-22 00:14:59,-99.4948,37.6287,  38.0,22284,-63.2,-90.4,-85.6,  2,  3, 0.00,346, 6.5
2026-03-22 00:15:02,-99.4947,37.6285,  37.9,22301,-63.2,-90.3,-85.6,  2,  3, 0.00,347, 6.7
2026-03-22 00:15:04,-99.4947,37.6284,  37.8,22314,-63.2,-90.3,-85.6,  2,  3, 0.00,347, 6.7
2026-03-22 00:15:07,-99.4946,37.6282,  37.7,22330,-63.2,-90.4,-85.6,  2,  3, 0.00,348, 6.8
2026-03-22 00:15:10,-99.4946,37.6280,  37.6,22346,-63.2,-90.4,-85.6,  2,  3, 0.00,349, 6.7
2026-03-22 00:15:13,-99.4945,37.6279,  37.5,22363,-63.2,-90.4,-85.6,  2,  3, 0.00,351, 6.6
2026-03-22 00:15:16,-99.4944,37.6276,  37.4,22381,-63.3,-90.4,-85.7,  2,  3, 0.00,352, 6.4
2026-03-22 00:15:19,-99.4944,37.6274,  37.3,22398,-63.2,-90.4,-85.7,  2,  3, 0.00,354, 6.2
2026-03-22 00:15:22,-99.4944,37.6273,  37.2,22414,-63.1,-90.3,-85.6,  2,  3, 0.00,356, 5.9
2026-03-22 00:15:25,-99.4944,37.6271,  37.1,22430,-63.0,-90.3,-85.5,  2,  3, 0.00,358, 5.5
2026-03-22 00:15:28,-99.4944,37.6270,  37.0,22447,-63.0,-90.2,-85.5,  2,  3, 0.00,360, 5.1
2026-03-22 00:15:31,-99.4945,37.6269,  36.9,22464,-63.0,-90.3,-85.5,  2,  3, 0.00,  2, 4.8
2026-03-22 00:15:34,-99.4945,37.6268,  36.8,22481,-63.2,-90.4,-85.6,  2,  3, 0.00,  4, 4.3
2026-03-22 00:15:37,-99.4945,37.6266,  36.7,22498,-63.3,-90.4,-85.7,  2,  3, 0.00,  7, 3.9
2026-03-22 00:15:39,-99.4945,37.6265,  36.6,22510,-63.3,-90.5,-85.7,  2,  3, 0.00,  8, 3.7
2026-03-22 00:15:42,-99.4945,37.6265,  36.5,22527,-63.4,-90.5,-85.7,  2,  3, 0.00, 11, 3.2
2026-03-22 00:15:45,-99.4945,37.6264,  36.4,22544,-63.4,-90.5,-85.7,  2,  3, 0.00, 13, 2.8
2026-03-22 00:15:48,-99.4945,37.6263,  36.3,22561,-63.3,-90.5,-85.7,  2,  3, 0.00, 15, 2.4
2026-03-22 00:15:51,-99.4946,37.6263,  36.2,22578,-63.3,-90.4,-85.7,  2,  3, 0.00, 16, 2.0
2026-03-22 00:15:54,-99.4946,37.6262,  36.1,22595,-63.3,-90.4,-85.7,  2,  3, 0.00, 15, 1.6
2026-03-22 00:15:57,-99.4947,37.6262,  36.0,22613,-63.2,-90.4,-85.7,  2,  3, 0.00,  9, 1.3
2026-03-22 00:16:00,-99.4947,37.6262,  35.9,22629,-63.1,-90.4,-85.6,  2,  3, 0.00,356, 1.1
2026-03-22 00:16:03,-99.4947,37.6262,  35.8,22646,-63.0,-90.3,-85.6,  2,  3, 0.00,338, 1.1
2026-03-22 00:16:06,-99.4947,37.6262,  35.7,22663,-63.1,-90.3,-85.6,  2,  3, 0.00,322, 1.3
2026-03-22 00:16:09,-99.4946,37.6262,  35.6,22680,-63.1,-90.3,-85.6,  2,  3, 0.00,312, 1.7
2026-03-22 00:16:13,-99.4945,37.6262,  35.5,22702,-63.2,-90.4,-85.6,  2,  3, 0.00,306, 2.3
2026-03-22 00:16:16,-99.4945,37.6261,  35.4,22719,-63.3,-90.4,-85.6,  2,  3, 0.00,305, 2.7
2026-03-22 00:16:19,-99.4944,37.6261,  35.3,22736,-63.4,-90.4,-85.7,  2,  3, 0.00,305, 3.2
2026-03-22 00:16:22,-99.4943,37.6260,  35.2,22754,-63.4,-90.4,-85.7,  2,  3, 0.00,305, 3.6
2026-03-22 00:16:25,-99.4942,37.6259,  35.1,22769,-63.4,-90.5,-85.7,  2,  3, 0.00,307, 4.0
2026-03-22 00:16:28,-99.4940,37.6259,  35.0,22786,-63.5,-90.6,-85.8,  2,  3, 0.00,308, 4.2
2026-03-22 00:16:31,-99.4939,37.6258,  34.9,22802,-63.6,-90.7,-86.0,  2,  3, 0.00,310, 4.5
2026-03-22 00:16:35,-99.4937,37.6257,  34.8,22823,-63.4,-90.7,-86.0,  2,  3, 0.00,314, 4.7
2026-03-22 00:16:38,-99.4936,37.6256,  34.7,22838,-63.1,-90.6,-85.8,  2,  3, 0.00,318, 4.7
2026-03-22 00:16:42,-99.4935,37.6255,  34.6,22860,-62.8,-90.5,-85.8,  2,  3, 0.00,324, 4.7
2026-03-22 00:16:45,-99.4933,37.6254,  34.5,22876,-62.8,-90.6,-85.8,  1,  3, 0.00,329, 4.7
2026-03-22 00:16:48,-99.4933,37.6253,  34.4,22891,-62.7,-90.7,-85.9,  1,  3, 0.00,334, 4.6
2026-03-22 00:16:52,-99.4932,37.6251,  34.3,22912,-62.8,-90.9,-86.1,  1,  3, 0.00,343, 4.4
2026-03-22 00:16:55,-99.4931,37.6249,  34.2,22931,-62.8,-91.0,-86.2,  1,  3, 0.00,350, 4.3
2026-03-22 00:16:58,-99.4931,37.6248,  34.1,22948,-62.6,-90.9,-86.2,  1,  3, 0.00,358, 4.1
2026-03-22 00:17:01,-99.4931,37.6247,  34.0,22965,-62.2,-90.7,-86.0,  1,  2, 0.00,  5, 3.9
2026-03-22 00:17:04,-99.4932,37.6246,  33.9,22983,-61.9,-90.5,-85.8,  1,  2, 0.00, 13, 3.8
2026-03-22 00:17:07,-99.4932,37.6245,  33.8,23001,-61.7,-90.4,-85.7,  1,  2, 0.00, 21, 3.6
2026-03-22 00:17:10,-99.4934,37.6244,  33.7,23017,-61.6,-90.4,-85.6,  1,  2, 0.00, 29, 3.5
2026-03-22 00:17:14,-99.4934,37.6243,  33.6,23039,-61.6,-90.3,-85.6,  1,  2, 0.00, 38, 3.3
2026-03-22 00:17:17,-99.4935,37.6242,  33.5,23056,-61.6,-90.3,-85.5,  1,  2, 0.00, 45, 3.2
2026-03-22 00:17:21,-99.4936,37.6242,  33.4,23077,-61.6,-90.2,-85.4,  1,  2, 0.00, 54, 3.0
2026-03-22 00:17:24,-99.4937,37.6242,  33.3,23094,-61.6,-90.1,-85.3,  1,  3, 0.00, 60, 3.0
2026-03-22 00:17:27,-99.4938,37.6241,  33.2,23110,-61.7,-90.0,-85.3,  1,  3, 0.00, 66, 3.1
2026-03-22 00:17:31,-99.4939,37.6241,  33.1,23132,-61.8,-90.0,-85.3,  1,  3, 0.00, 74, 3.3
2026-03-22 00:17:34,-99.4940,37.6241,  33.0,23150,-61.9,-90.1,-85.3,  1,  3, 0.00, 79, 3.5
2026-03-22 00:17:37,-99.4941,37.6240,  32.9,23165,-62.0,-90.1,-85.4,  1,  3, 0.00, 84, 3.8
2026-03-22 00:17:41,-99.4943,37.6241,  32.8,23185,-62.1,-90.1,-85.3,  1,  3, 0.00, 89, 4.3
2026-03-22 00:17:45,-99.4945,37.6240,  32.7,23209,-62.1,-90.1,-85.3,  1,  3, 0.00, 94, 4.8
2026-03-22 00:17:48,-99.4947,37.6241,  32.6,23226,-62.0,-90.0,-85.3,  1,  3, 0.00, 97, 5.1
2026-03-22 00:17:51,-99.4949,37.6241,  32.5,23242,-62.0,-90.0,-85.2,  1,  3, 0.00, 99, 5.5
2026-03-22 00:17:55,-99.4952,37.6241,  32.4,23263,-62.0,-90.0,-85.2,  1,  3, 0.00,103, 5.7
2026-03-22 00:17:58,-99.4954,37.6242,  32.3,23280,-62.1,-90.0,-85.3,  2,  3, 0.00,106, 5.9
2026-03-22 00:18:02,-99.4957,37.6242,  32.2,23301,-62.2,-90.0,-85.3,  2,  3, 0.00,111, 5.9
2026-03-22 00:18:05,-99.4959,37.6243,  32.1,23318,-62.2,-90.1,-85.3,  2,  3, 0.00,114, 5.8
2026-03-22 00:18:09,-99.4961,37.6244,  32.0,23340,-62.3,-90.1,-85.3,  2,  3, 0.00,120, 5.6
2026-03-22 00:18:12,-99.4963,37.6245,  31.9,23356,-62.3,-90.1,-85.4,  2,  3, 0.00,125, 5.3
2026-03-22 00:18:16,-99.4965,37.6246,  31.8,23377,-62.3,-90.1,-85.3,  2,  3, 0.00,133, 5.0
2026-03-22 00:18:20,-99.4966,37.6247,  31.7,23399,-62.3,-90.0,-85.3,  2,  3, 0.00,141, 4.7
2026-03-22 00:18:23,-99.4967,37.6248,  31.6,23415,-62.3,-90.0,-85.3,  2,  3, 0.00,148, 4.5
2026-03-22 00:18:27,-99.4968,37.6251,  31.5,23438,-62.4,-90.0,-85.3,  2,  3, 0.00,157, 4.2
2026-03-22 00:18:30,-99.4968,37.6251,  31.4,23454,-62.5,-90.1,-85.3,  2,  3, 0.00,163, 4.1
2026-03-22 00:18:34,-99.4968,37.6253,  31.3,23476,-62.6,-90.1,-85.4,  2,  3, 0.00,170, 4.1
2026-03-22 00:18:37,-99.4969,37.6254,  31.2,23495,-62.7,-90.2,-85.4,  2,  3, 0.00,173, 4.1
2026-03-22 00:18:40,-99.4968,37.6254,  31.1,23512,-62.8,-90.3,-85.5,  2,  3, 0.00,175, 4.2
2026-03-22 00:18:44,-99.4967,37.6256,  31.0,23534,-62.8,-90.3,-85.5,  2,  3, 0.00,175, 4.3
2026-03-22 00:18:48,-99.4968,37.6257,  30.9,23557,-62.6,-90.2,-85.4,  2,  3, 0.00,173, 4.6
2026-03-22 00:18:51,-99.4968,37.6259,  30.8,23575,-62.7,-90.2,-85.5,  2,  3, 0.00,172, 4.9
2026-03-22 00:18:54,-99.4968,37.6260,  30.7,23593,-62.8,-90.4,-85.6,  2,  3, 0.00,170, 5.2
2026-03-22 00:18:58,-99.4969,37.6262,  30.6,23617,-63.0,-90.5,-85.8,  2,  3, 0.00,169, 5.6
2026-03-22 00:19:01,-99.4970,37.6263,  30.5,23635,-63.0,-90.6,-85.9,  2,  3, 0.00,170, 5.9
2026-03-22 00:19:05,-99.4971,37.6265,  30.4,23657,-62.9,-90.7,-85.9,  1,  3, 0.00,172, 6.2
2026-03-22 00:19:08,-99.4972,37.6268,  30.3,23674,-62.8,-90.7,-85.9,  1,  3, 0.00,174, 6.4
2026-03-22 00:19:12,-99.4972,37.6270,  30.2,23696,-62.6,-90.7,-86.0,  1,  3, 0.00,178, 6.5
2026-03-22 00:19:16,-99.4972,37.6273,  30.1,23718,-62.3,-90.6,-85.8,  1,  3, 0.00,183, 6.5
2026-03-22 00:19:21,-99.4971,37.6276,  30.0,23744,-62.2,-90.6,-85.8,  1,  3, 0.00,188, 6.5
2026-03-22 00:19:23,-99.4970,37.6277,  29.9,23756,-62.1,-90.6,-85.8,  1,  2, 0.00,191, 6.5
2026-03-22 00:19:27,-99.4970,37.6279,  29.8,23779,-62.0,-90.5,-85.8,  1,  2, 0.00,195, 6.4
2026-03-22 00:19:30,-99.4969,37.6281,  29.7,23796,-62.1,-90.6,-85.8,  1,  2, 0.00,198, 6.2
2026-03-22 00:19:34,-99.4968,37.6283,  29.6,23819,-62.1,-90.5,-85.8,  1,  2, 0.00,202, 6.0
2026-03-22 00:19:38,-99.4967,37.6285,  29.5,23842,-62.0,-90.5,-85.8,  1,  2, 0.00,205, 5.6
2026-03-22 00:19:41,-99.4966,37.6286,  29.4,23859,-62.0,-90.5,-85.7,  1,  2, 0.00,208, 5.2
2026-03-22 00:19:45,-99.4965,37.6288,  29.3,23883,-61.9,-90.5,-85.8,  1,  2, 0.00,213, 4.6
2026-03-22 00:19:49,-99.4964,37.6290,  29.2,23904,-61.9,-90.6,-85.9,  1,  2, 0.00,219, 3.9
2026-03-22 00:19:53,-99.4963,37.6290,  29.1,23927,-61.8,-90.8,-86.0,  1,  2, 0.00,227, 3.2
2026-03-22 00:19:56,-99.4962,37.6291,  29.0,23944,-61.7,-90.9,-86.1,  1,  2, 0.00,234, 2.8
2026-03-22 00:20:00,-99.4961,37.6291,  28.9,23964,-61.2,-90.7,-86.0,  1,  2, 0.00,246, 2.3
2026-03-22 00:20:04,-99.4961,37.6290,  28.8,23987,-60.4,-90.3,-85.6,  1,  2, 0.00,257, 2.0
2026-03-22 00:20:08,-99.4959,37.6291,  28.7,24011,-60.1,-90.3,-85.5,  1,  2, 0.00,268, 1.8
2026-03-22 00:20:12,-99.4958,37.6291,  28.6,24033,-60.1,-90.3,-85.5,  1,  2, 0.00,277, 1.6
2026-03-22 00:20:16,-99.4958,37.6291,  28.5,24056,-60.0,-90.2,-85.5,  1,  2, 0.00,285, 1.4
2026-03-22 00:20:19,-99.4957,37.6290,  28.4,24073,-60.0,-90.2,-85.5,  1,  2, 0.00,290, 1.2
2026-03-22 00:20:23,-99.4957,37.6290,  28.3,24096,-60.0,-90.2,-85.4,  1,  2, 0.00,296, 1.0
2026-03-22 00:20:27,-99.4956,37.6290,  28.2,24117,-60.0,-90.1,-85.3,  1,  2, 0.00,299, 0.9
2026-03-22 00:20:31,-99.4956,37.6290,  28.1,24140,-59.8,-89.9,-85.1,  1,  2, 0.01,294, 0.8
2026-03-22 00:20:36,-99.4956,37.6289,  28.0,24166,-59.5,-89.6,-84.9,  1,  2, 0.01,277, 0.8
2026-03-22 00:20:39,-99.4956,37.6289,  27.9,24185,-59.4,-89.6,-84.9,  1,  2, 0.01,266, 0.9
2026-03-22 00:20:43,-99.4956,37.6290,  27.8,24207,-59.5,-89.7,-84.9,  1,  2, 0.01,257, 1.3
2026-03-22 00:20:47,-99.4955,37.6290,  27.7,24229,-59.5,-89.7,-84.9,  1,  2, 0.01,254, 1.7
2026-03-22 00:20:51,-99.4955,37.6290,  27.6,24255,-59.3,-89.5,-84.8,  1,  2, 0.01,253, 2.2
2026-03-22 00:20:55,-99.4954,37.6291,  27.5,24277,-59.2,-89.5,-84.8,  1,  2, 0.01,254, 2.7
2026-03-22 00:20:59,-99.4952,37.6291,  27.4,24300,-59.1,-89.4,-84.6,  1,  2, 0.01,255, 3.1
2026-03-22 00:21:02,-99.4950,37.6291,  27.3,24319,-58.9,-89.2,-84.5,  1,  2, 0.01,256, 3.4
2026-03-22 00:21:06,-99.4950,37.6291,  27.2,24342,-58.8,-89.1,-84.4,  1,  2, 0.01,257, 3.6
2026-03-22 00:21:11,-99.4946,37.6292,  27.1,24370,-58.9,-89.1,-84.3,  1,  2, 0.01,258, 3.8
2026-03-22 00:21:15,-99.4945,37.6292,  27.0,24393,-58.9,-89.0,-84.2,  1,  2, 0.01,258, 3.9
2026-03-22 00:21:19,-99.4944,37.6293,  26.9,24416,-59.1,-89.0,-84.2,  1,  2, 0.01,259, 4.0
2026-03-22 00:21:23,-99.4942,37.6292,  26.8,24437,-59.1,-88.9,-84.2,  1,  2, 0.01,259, 4.1
2026-03-22 00:21:27,-99.4940,37.6294,  26.7,24460,-59.2,-88.9,-84.2,  1,  2, 0.01,260, 4.2
2026-03-22 00:21:31,-99.4938,37.6294,  26.6,24482,-59.3,-89.0,-84.2,  1,  2, 0.01,262, 4.4
2026-03-22 00:21:35,-99.4937,37.6294,  26.5,24506,-59.4,-89.0,-84.2,  1,  2, 0.01,263, 4.6
2026-03-22 00:21:40,-99.4933,37.6294,  26.4,24535,-59.5,-89.0,-84.3,  1,  2, 0.01,264, 4.8
2026-03-22 00:21:43,-99.4931,37.6294,  26.3,24553,-59.6,-89.1,-84.3,  1,  2, 0.01,264, 5.0
2026-03-22 00:21:48,-99.4930,37.6294,  26.2,24581,-59.8,-89.2,-84.4,  1,  2, 0.01,264, 5.4
2026-03-22 00:21:52,-99.4926,37.6295,  26.1,24603,-59.9,-89.2,-84.4,  1,  2, 0.01,263, 5.8
2026-03-22 00:21:56,-99.4924,37.6294,  26.0,24627,-59.9,-89.2,-84.4,  1,  2, 0.01,262, 6.1
2026-03-22 00:22:00,-99.4921,37.6295,  25.9,24650,-59.9,-89.2,-84.4,  1,  2, 0.01,262, 6.4
2026-03-22 00:22:04,-99.4918,37.6296,  25.8,24675,-59.9,-89.3,-84.6,  1,  2, 0.01,263, 6.7
2026-03-22 00:22:08,-99.4915,37.6296,  25.7,24700,-60.1,-89.5,-84.8,  1,  2, 0.01,264, 7.0
2026-03-22 00:22:12,-99.4912,37.6297,  25.6,24723,-60.2,-89.7,-85.0,  1,  2, 0.01,266, 7.2
2026-03-22 00:22:17,-99.4907,37.6296,  25.5,24750,-59.9,-89.7,-84.9,  1,  2, 0.01,269, 7.4
2026-03-22 00:22:21,-99.4904,37.6297,  25.4,24772,-59.3,-89.4,-84.6,  1,  2, 0.01,272, 7.5
2026-03-22 00:22:25,-99.4900,37.6296,  25.3,24795,-59.1,-89.3,-84.6,  1,  2, 0.01,275, 7.6
2026-03-22 00:22:29,-99.4897,37.6296,  25.2,24821,-59.1,-89.4,-84.7,  1,  2, 0.01,278, 7.7
2026-03-22 00:22:33,-99.4894,37.6296,  25.1,24844,-59.2,-89.6,-84.8,  1,  2, 0.01,281, 7.7
2026-03-22 00:22:38,-99.4890,37.6295,  25.0,24874,-59.1,-89.6,-84.8,  1,  2, 0.01,284, 7.8
2026-03-22 00:22:42,-99.4885,37.6294,  24.9,24897,-59.0,-89.5,-84.7,  1,  2, 0.01,286, 7.7
2026-03-22 00:22:47,-99.4882,37.6292,  24.8,24925,-58.9,-89.4,-84.7,  1,  2, 0.01,287, 7.5
2026-03-22 00:22:50,-99.4879,37.6292,  24.7,24947,-58.7,-89.4,-84.6,  1,  2, 0.01,286, 7.4
2026-03-22 00:22:54,-99.4876,37.6291,  24.6,24973,-58.5,-89.2,-84.5,  1,  2, 0.01,285, 7.2
2026-03-22 00:22:58,-99.4874,37.6291,  24.5,24998,-58.3,-89.2,-84.4,  1,  2, 0.01,283, 7.1
2026-03-22 00:23:03,-99.4870,37.6290,  24.4,25023,-58.3,-89.2,-84.4,  1,  2, 0.01,282, 7.2
2026-03-22 00:23:07,-99.4867,37.6290,  24.3,25048,-58.2,-89.2,-84.4,  1,  2, 0.01,283, 7.4
2026-03-22 00:23:11,-99.4863,37.6290,  24.2,25073,-58.0,-89.0,-84.3,  1,  2, 0.01,285, 7.6
2026-03-22 00:23:17,-99.4858,37.6289,  24.1,25103,-57.8,-88.8,-84.0,  1,  2, 0.01,289, 8.0
2026-03-22 00:23:21,-99.4855,37.6288,  24.0,25127,-57.8,-88.7,-83.9,  1,  2, 0.01,293, 8.2
2026-03-22 00:23:25,-99.4851,37.6286,  23.9,25152,-57.9,-88.6,-83.8,  1,  2, 0.01,297, 8.3
2026-03-22 00:23:30,-99.4847,37.6284,  23.8,25180,-58.0,-88.5,-83.7,  1,  2, 0.01,301, 8.4
2026-03-22 00:23:35,-99.4842,37.6283,  23.7,25211,-58.3,-88.5,-83.7,  1,  2, 0.01,305, 8.3
2026-03-22 00:23:38,-99.4841,37.6281,  23.6,25233,-58.5,-88.5,-83.7,  1,  2, 0.01,307, 8.3
2026-03-22 00:23:42,-99.4838,37.6279,  23.5,25259,-58.6,-88.4,-83.7,  1,  2, 0.01,311, 8.1
2026-03-22 00:23:46,-99.4835,37.6277,  23.4,25284,-58.8,-88.4,-83.7,  1,  2, 0.01,314, 8.0
2026-03-22 00:23:51,-99.4833,37.6274,  23.3,25315,-59.1,-88.4,-83.7,  1,  2, 0.01,319, 7.8
2026-03-22 00:23:55,-99.4829,37.6273,  23.2,25338,-59.3,-88.5,-83.8,  1,  2, 0.01,322, 7.7
2026-03-22 00:24:00,-99.4827,37.6269,  23.1,25369,-59.5,-88.5,-83.8,  1,  2, 0.01,327, 7.5
2026-03-22 00:24:04,-99.4826,37.6267,  23.0,25393,-59.7,-88.6,-83.8,  1,  3, 0.01,331, 7.4
2026-03-22 00:24:09,-99.4824,37.6264,  22.9,25424,-59.9,-88.6,-83.9,  1,  3, 0.01,336, 7.2
2026-03-22 00:24:13,-99.4823,37.6262,  22.8,25448,-60.1,-88.7,-84.0,  1,  3, 0.01,341, 7.1
2026-03-22 00:24:18,-99.4822,37.6258,  22.7,25478,-60.3,-88.9,-84.1,  1,  3, 0.01,346, 7.0
2026-03-22 00:24:23,-99.4820,37.6255,  22.6,25502,-60.6,-89.0,-84.3,  1,  3, 0.01,352, 6.9
2026-03-22 00:24:27,-99.4821,37.6253,  22.5,25529,-60.6,-89.1,-84.4,  1,  3, 0.01,356, 6.7
2026-03-22 00:24:31,-99.4821,37.6250,  22.4,25559,-60.8,-89.3,-84.5,  1,  3, 0.01,359, 6.5
2026-03-22 00:24:35,-99.4821,37.6248,  22.3,25588,-60.9,-89.5,-84.7,  1,  3, 0.01,360, 6.2
2026-03-22 00:24:40,-99.4822,37.6245,  22.2,25614,-60.8,-89.5,-84.7,  1,  3, 0.01,359, 5.7
2026-03-22 00:24:45,-99.4822,37.6243,  22.1,25642,-60.7,-89.5,-84.8,  1,  2, 0.01,356, 5.1
2026-03-22 00:24:50,-99.4822,37.6240,  22.0,25668,-60.6,-89.7,-84.9,  1,  2, 0.01,351, 4.5
2026-03-22 00:24:55,-99.4820,37.6239,  21.9,25699,-60.7,-89.9,-85.1,  1,  2, 0.01,347, 4.1
2026-03-22 00:25:00,-99.4820,37.6238,  21.8,25729,-60.6,-89.9,-85.2,  1,  2, 0.01,346, 4.0
2026-03-22 00:25:04,-99.4819,37.6236,  21.7,25754,-60.3,-89.8,-85.1,  1,  2, 0.01,348, 4.0
2026-03-22 00:25:08,-99.4819,37.6235,  21.6,25783,-60.1,-89.8,-85.0,  1,  2, 0.01,353, 4.0
2026-03-22 00:25:13,-99.4818,37.6233,  21.5,25812,-60.0,-89.7,-85.0,  1,  2, 0.01,360, 4.1
2026-03-22 00:25:18,-99.4819,37.6231,  21.4,25844,-60.1,-89.8,-85.0,  1,  2, 0.01,  9, 4.1
2026-03-22 00:25:23,-99.4819,37.6229,  21.3,25875,-60.1,-89.7,-84.9,  1,  2, 0.01, 18, 4.0
2026-03-22 00:25:27,-99.4820,37.6228,  21.2,25898,-60.2,-89.6,-84.9,  1,  2, 0.01, 28, 3.9
2026-03-22 00:25:33,-99.4821,37.6225,  21.1,25930,-60.2,-89.6,-84.9,  1,  2, 0.01, 44, 3.8
2026-03-22 00:25:38,-99.4824,37.6225,  21.0,25959,-60.2,-89.7,-84.9,  1,  2, 0.01, 58, 3.9
2026-03-22 00:25:43,-99.4825,37.6224,  20.9,25988,-60.2,-89.9,-85.1,  1,  2, 0.01, 68, 4.1
2026-03-22 00:25:49,-99.4828,37.6225,  20.8,26021,-60.1,-90.1,-85.4,  1,  2, 0.01, 77, 4.4
2026-03-22 00:25:54,-99.4832,37.6224,  20.7,26050,-59.3,-89.9,-85.1,  1,  2, 0.01, 84, 4.4
2026-03-22 00:25:59,-99.4834,37.6223,  20.6,26080,-58.7,-89.7,-84.9,  1,  2, 0.01, 91, 4.4
2026-03-22 00:26:04,-99.4836,37.6223,  20.5,26108,-58.4,-89.7,-85.0,  1,  2, 0.01,101, 4.4
2026-03-22 00:26:09,-99.4839,37.6223,  20.4,26138,-58.2,-89.7,-85.0,  1,  2, 0.01,111, 4.6
2026-03-22 00:26:15,-99.4841,37.6226,  20.3,26171,-57.9,-89.5,-84.8,  1,  2, 0.01,121, 5.0
2026-03-22 00:26:21,-99.4845,37.6227,  20.2,26204,-57.6,-89.3,-84.5,  1,  2, 0.01,127, 5.3
2026-03-22 00:26:26,-99.4847,37.6229,  20.1,26231,-57.3,-89.0,-84.2,  1,  2, 0.01,132, 5.4
2026-03-22 00:26:34,-99.4851,37.6232,  20.0,26278,-57.3,-88.8,-84.1,  1,  2, 0.01,142, 5.2
2026-03-22 00:26:38,-99.4852,37.6233,  19.9,26299,-57.3,-88.8,-84.0,  1,  2, 0.01,146, 5.1
2026-03-22 00:26:43,-99.4854,37.6235,  19.8,26326,-57.2,-88.7,-83.9,  1,  2, 0.01,154, 5.0
2026-03-22 00:26:48,-99.4855,37.6238,  19.7,26358,-57.0,-88.5,-83.7,  1,  2, 0.01,163, 4.9
2026-03-22 00:26:54,-99.4855,37.6240,  19.6,26393,-56.9,-88.4,-83.6,  1,  2, 0.01,174, 5.1
2026-03-22 00:26:59,-99.4855,37.6242,  19.5,26423,-56.8,-88.3,-83.6,  1,  2, 0.01,182, 5.3
2026-03-22 00:27:05,-99.4854,37.6246,  19.4,26457,-56.8,-88.2,-83.4,  1,  2, 0.01,189, 5.6
2026-03-22 00:27:11,-99.4854,37.6249,  19.3,26490,-56.8,-88.1,-83.4,  1,  2, 0.01,195, 6.0
2026-03-22 00:27:16,-99.4853,37.6251,  19.2,26522,-56.9,-88.1,-83.4,  1,  2, 0.01,199, 6.3
2026-03-22 00:27:22,-99.4851,37.6255,  19.1,26556,-57.0,-88.2,-83.5,  1,  2, 0.01,204, 6.7
2026-03-22 00:27:28,-99.4850,37.6257,  19.0,26592,-57.0,-88.2,-83.5,  1,  2, 0.01,207, 7.3
2026-03-22 00:27:33,-99.4847,37.6261,  18.9,26623,-56.8,-88.2,-83.4,  1,  2, 0.01,209, 8.0
2026-03-22 00:27:38,-99.4845,37.6264,  18.8,26654,-56.6,-88.1,-83.4,  1,  2, 0.01,211, 8.7
2026-03-22 00:27:44,-99.4842,37.6268,  18.7,26690,-56.5,-88.2,-83.4,  1,  2, 0.01,214, 9.4
2026-03-22 00:27:49,-99.4839,37.6272,  18.6,26721,-56.5,-88.2,-83.5,  1,  2, 0.01,216,10.0
2026-03-22 00:27:55,-99.4834,37.6277,  18.5,26757,-56.4,-88.2,-83.4,  1,  2, 0.01,220,10.6
2026-03-22 00:28:01,-99.4830,37.6280,  18.4,26793,-56.2,-88.1,-83.3,  1,  2, 0.01,224,11.2
2026-03-22 00:28:06,-99.4825,37.6285,  18.3,26824,-56.0,-88.0,-83.2,  1,  2, 0.01,227,11.9
2026-03-22 00:28:12,-99.4818,37.6288,  18.2,26862,-55.9,-87.9,-83.1,  1,  2, 0.01,230,12.6
2026-03-22 00:28:18,-99.4811,37.6293,  18.1,26897,-55.6,-87.6,-82.9,  1,  2, 0.01,233,13.4
2026-03-22 00:28:24,-99.4804,37.6298,  18.0,26934,-55.8,-87.6,-82.8,  1,  2, 0.01,236,14.0
2026-03-22 00:28:29,-99.4797,37.6302,  17.9,26965,-56.0,-87.6,-82.8,  1,  2, 0.01,238,14.4
2026-03-22 00:28:35,-99.4788,37.6305,  17.8,27002,-56.2,-87.5,-82.8,  1,  2, 0.01,241,14.7
2026-03-22 00:28:41,-99.4779,37.6309,  17.7,27041,-56.4,-87.5,-82.8,  1,  2, 0.01,244,15.0
2026-03-22 00:28:46,-99.4772,37.6312,  17.6,27074,-56.6,-87.6,-82.9,  1,  2, 0.01,247,15.1
2026-03-22 00:28:52,-99.4762,37.6315,  17.5,27111,-56.7,-87.8,-83.0,  1,  2, 0.01,250,15.1
2026-03-22 00:28:58,-99.4752,37.6318,  17.4,27149,-56.7,-87.9,-83.1,  1,  2, 0.01,254,14.9
2026-03-22 00:29:03,-99.4743,37.6319,  17.3,27181,-56.5,-87.8,-83.1,  1,  2, 0.01,256,14.6
2026-03-22 00:29:09,-99.4734,37.6320,  17.2,27218,-56.3,-87.9,-83.1,  1,  2, 0.01,260,13.9
2026-03-22 00:29:15,-99.4725,37.6322,  17.1,27254,-56.4,-88.1,-83.3,  1,  2, 0.01,263,13.1
2026-03-22 00:29:21,-99.4716,37.6323,  17.0,27292,-56.3,-88.2,-83.5,  1,  2, 0.01,267,12.2
2026-03-22 00:29:27,-99.4710,37.6322,  16.9,27329,-55.8,-88.2,-83.4,  1,  2, 0.01,270,11.4
2026-03-22 00:29:33,-99.4702,37.6322,  16.8,27368,-55.2,-88.0,-83.2,  1,  2, 0.01,274,10.8
2026-03-22 00:29:40,-99.4692,37.6321,  16.7,27410,-54.8,-87.8,-83.0,  1,  2, 0.01,277,10.2
2026-03-22 00:29:46,-99.4687,37.6320,  16.6,27445,-54.4,-87.6,-82.8,  1,  2, 0.01,279, 9.7
2026-03-22 00:29:52,-99.4680,37.6320,  16.5,27484,-54.4,-87.4,-82.7,  1,  2, 0.01,283, 9.1
2026-03-22 00:29:59,-99.4673,37.6318,  16.4,27524,-54.3,-87.2,-82.5,  1,  2, 0.01,288, 8.4
2026-03-22 00:30:04,-99.4669,37.6317,  16.3,27558,-54.4,-87.1,-82.4,  1,  2, 0.01,293, 7.8
2026-03-22 00:30:11,-99.4664,37.6315,  16.2,27600,-54.5,-87.1,-82.3,  1,  2, 0.01,302, 7.0
2026-03-22 00:30:18,-99.4661,37.6312,  16.1,27641,-54.6,-87.0,-82.2,  1,  2, 0.01,311, 6.5
2026-03-22 00:30:24,-99.4657,37.6310,  16.0,27678,-54.6,-86.9,-82.1,  1,  2, 0.01,319, 6.1
2026-03-22 00:30:31,-99.4655,37.6307,  15.9,27722,-54.8,-86.9,-82.2,  1,  2, 0.01,327, 5.8
2026-03-22 00:30:38,-99.4653,37.6303,  15.8,27762,-55.1,-87.1,-82.3,  1,  2, 0.01,333, 5.4
2026-03-22 00:30:44,-99.4651,37.6300,  15.7,27800,-55.2,-87.2,-82.4,  1,  2, 0.01,335, 4.8
2026-03-22 00:30:51,-99.4651,37.6298,  15.6,27840,-54.9,-87.2,-82.4,  1,  2, 0.01,333, 3.8
2026-03-22 00:30:58,-99.4649,37.6297,  15.5,27882,-54.8,-87.2,-82.4,  1,  2, 0.01,323, 2.9
2026-03-22 00:31:05,-99.4647,37.6296,  15.4,27923,-54.6,-87.1,-82.3,  1,  2, 0.01,303, 2.4
2026-03-22 00:31:12,-99.4646,37.6295,  15.3,27967,-54.8,-87.3,-82.5,  1,  2, 0.01,281, 2.6
2026-03-22 00:31:19,-99.4644,37.6295,  15.2,28010,-54.9,-87.4,-82.6,  1,  2, 0.01,266, 3.5
2026-03-22 00:31:25,-99.4642,37.6296,  15.1,28045,-54.5,-87.3,-82.6,  1,  2, 0.01,260, 4.5
2026-03-22 00:31:32,-99.4638,37.6297,  15.0,28091,-53.9,-87.1,-82.4,  1,  2, 0.02,257, 5.6
2026-03-22 00:31:39,-99.4632,37.6298,  14.9,28131,-53.8,-87.3,-82.5,  1,  1, 0.01,258, 6.1
2026-03-22 00:31:47,-99.4627,37.6299,  14.8,28180,-53.5,-87.4,-82.6,  1,  1, 0.01,258, 5.9
2026-03-22 00:31:54,-99.4622,37.6298,  14.7,28222,-52.9,-87.2,-82.5,  1,  1, 0.02,255, 5.6
2026-03-22 00:32:01,-99.4618,37.6299,  14.6,28267,-52.0,-86.8,-82.0,  1,  1, 0.02,246, 5.8
2026-03-22 00:32:07,-99.4615,37.6302,  14.5,28306,-51.5,-86.6,-81.8,  1,  1, 0.02,239, 6.6
2026-03-22 00:32:15,-99.4610,37.6304,  14.4,28354,-51.3,-86.2,-81.5,  1,  1, 0.02,234, 8.3
2026-03-22 00:32:22,-99.4605,37.6308,  14.3,28397,-51.4,-86.0,-81.3,  1,  1, 0.02,233, 9.7
2026-03-22 00:32:29,-99.4597,37.6313,  14.2,28441,-51.6,-85.8,-81.0,  1,  1, 0.02,235,10.7
2026-03-22 00:32:36,-99.4589,37.6316,  14.1,28488,-51.8,-85.7,-81.0,  1,  1, 0.02,238,11.4
2026-03-22 00:32:44,-99.4580,37.6320,  14.0,28537,-51.7,-85.5,-80.7,  1,  2, 0.02,242,11.6
2026-03-22 00:32:52,-99.4571,37.6324,  13.9,28584,-52.1,-85.6,-80.9,  1,  2, 0.02,246,11.4
2026-03-22 00:32:59,-99.4562,37.6327,  13.8,28627,-52.4,-85.7,-80.9,  1,  2, 0.02,249,11.1
2026-03-22 00:33:06,-99.4554,37.6329,  13.7,28672,-52.7,-85.7,-80.9,  1,  2, 0.02,253,10.7
2026-03-22 00:33:14,-99.4546,37.6331,  13.6,28725,-53.1,-85.8,-81.1,  1,  2, 0.02,258,10.4
2026-03-22 00:33:21,-99.4538,37.6332,  13.5,28771,-53.4,-86.0,-81.2,  1,  2, 0.02,264,10.3
2026-03-22 00:33:28,-99.4529,37.6332,  13.4,28816,-53.6,-86.2,-81.4,  1,  2, 0.02,270,10.1
2026-03-22 00:33:36,-99.4521,37.6332,  13.3,28867,-53.6,-86.2,-81.5,  1,  2, 0.02,274, 9.7
2026-03-22 00:33:43,-99.4513,37.6331,  13.2,28913,-53.7,-86.4,-81.6,  1,  2, 0.02,275, 9.1
2026-03-22 00:33:51,-99.4505,37.6330,  13.1,28962,-53.6,-86.5,-81.7,  1,  2, 0.02,271, 8.4
2026-03-22 00:33:58,-99.4500,37.6330,  13.0,29008,-53.6,-86.6,-81.8,  1,  2, 0.02,266, 7.9
2026-03-22 00:34:06,-99.4492,37.6332,  12.9,29057,-53.5,-86.6,-81.8,  1,  2, 0.02,260, 7.6
2026-03-22 00:34:14,-99.4485,37.6333,  12.8,29107,-53.5,-86.6,-81.8,  1,  2, 0.02,255, 7.6
2026-03-22 00:34:23,-99.4478,37.6335,  12.7,29160,-53.5,-86.6,-81.9,  1,  2, 0.02,250, 8.2
2026-03-22 00:34:31,-99.4473,37.6336,  12.6,29210,-53.5,-86.7,-81.9,  1,  2, 0.02,246, 9.0
2026-03-22 00:34:40,-99.4464,37.6341,  12.5,29263,-53.3,-86.6,-81.9,  1,  2, 0.02,245,10.1
2026-03-22 00:34:48,-99.4455,37.6344,  12.4,29313,-53.1,-86.5,-81.8,  1,  2, 0.02,247,11.0
2026-03-22 00:34:57,-99.4444,37.6347,  12.3,29365,-53.0,-86.6,-81.8,  1,  1, 0.02,251,12.0
2026-03-22 00:35:06,-99.4431,37.6350,  12.2,29417,-53.1,-86.6,-81.9,  1,  1, 0.02,254,12.9
2026-03-22 00:35:15,-99.4417,37.6353,  12.1,29470,-52.6,-86.3,-81.6,  1,  1, 0.02,255,13.5
2026-03-22 00:35:25,-99.4402,37.6356,  12.0,29526,-52.9,-86.5,-81.7,  1,  1, 0.02,256,13.7
2026-03-22 00:35:33,-99.4390,37.6358,  11.9,29576,-53.0,-86.5,-81.7,  1,  2, 0.02,255,13.8
2026-03-22 00:35:43,-99.4376,37.6361,  11.8,29634,-52.7,-86.2,-81.5,  1,  2, 0.02,254,13.5
2026-03-22 00:35:52,-99.4363,37.6364,  11.7,29688,-52.9,-86.2,-81.5,  1,  2, 0.02,252,12.7
2026-03-22 00:36:01,-99.4352,37.6368,  11.6,29741,-53.2,-86.4,-81.6,  1,  2, 0.02,251,11.6
2026-03-22 00:36:11,-99.4340,37.6372,  11.5,29799,-53.1,-86.4,-81.6,  1,  2, 0.02,252,10.1
2026-03-22 00:36:20,-99.4331,37.6373,  11.4,29856,-53.1,-86.4,-81.7,  1,  2, 0.02,253, 9.2
2026-03-22 00:36:29,-99.4322,37.6374,  11.3,29913,-53.2,-86.5,-81.8,  1,  2, 0.02,249, 9.2
2026-03-22 00:36:37,-99.4314,37.6377,  11.2,29964,-52.9,-86.3,-81.6,  1,  2, 0.02,243, 9.9
2026-03-22 00:36:47,-99.4304,37.6382,  11.1,30024,-53.2,-86.4,-81.6,  1,  2, 0.02,238,11.3
2026-03-22 00:36:56,-99.4294,37.6388,  11.0,30080,-53.3,-86.4,-81.6,  1,  2, 0.02,237,12.7
2026-03-22 00:37:06,-99.4282,37.6395,  10.9,30142,-53.4,-86.5,-81.8,  1,  2, 0.02,239,14.1
2026-03-22 00:37:15,-99.4269,37.6401,  10.8,30198,-53.5,-86.9,-82.1,  1,  2, 0.02,241,14.8
2026-03-22 00:37:24,-99.4255,37.6407,  10.7,30257,-52.7,-86.7,-81.9,  1,  1, 0.02,245,14.8
2026-03-22 00:37:34,-99.4240,37.6412,  10.6,30318,-52.0,-86.5,-81.8,  1,  1, 0.02,249,14.2
2026-03-22 00:37:44,-99.4224,37.6415,  10.5,30383,-51.7,-86.4,-81.7,  1,  1, 0.02,253,13.3
2026-03-22 00:37:53,-99.4212,37.6418,  10.4,30440,-51.7,-86.4,-81.6,  1,  1, 0.02,255,12.6
2026-03-22 00:38:03,-99.4198,37.6420,  10.3,30505,-51.2,-86.2,-81.5,  1,  1, 0.03,253,12.1
2026-03-22 00:38:13,-99.4186,37.6423,  10.2,30569,-50.6,-86.0,-81.2,  1,  1, 0.03,248,12.2
2026-03-22 00:38:23,-99.4175,37.6429,  10.1,30631,-50.2,-85.8,-81.0,  1,  1, 0.03,243,13.2
2026-03-22 00:38:37,-99.4154,37.6437,  10.0,30726,-50.2,-85.5,-80.8,  1,  1, 0.03,240,15.2
2026-03-22 00:38:43,-99.4146,37.6443,   9.9,30762,-50.2,-85.4,-80.7,  1,  1, 0.03,241,15.6
2026-03-22 00:38:54,-99.4127,37.6449,   9.8,30828,-50.2,-85.3,-80.5,  1,  1, 0.03,245,15.6
2026-03-22 00:39:05,-99.4110,37.6456,   9.7,30897,-50.4,-85.4,-80.6,  1,  1, 0.03,249,14.6
2026-03-22 00:39:15,-99.4097,37.6460,   9.6,30962,-50.2,-85.4,-80.6,  1,  1, 0.03,250,14.3
2026-03-22 00:39:26,-99.4079,37.6464,   9.5,31029,-50.1,-85.4,-80.7,  1,  1, 0.03,250,14.6
2026-03-22 00:39:37,-99.4061,37.6469,   9.4,31099,-49.7,-85.4,-80.6,  1,  1, 0.03,250,14.8
2026-03-22 00:39:48,-99.4044,37.6474,   9.3,31168,-49.5,-85.3,-80.6,  1,  1, 0.03,252,14.8
2026-03-22 00:39:59,-99.4027,37.6479,   9.2,31238,-49.2,-85.1,-80.3,  1,  1, 0.03,253,15.5
2026-03-22 00:40:10,-99.4007,37.6483,   9.1,31308,-49.4,-85.1,-80.4,  1,  1, 0.03,252,16.6
2026-03-22 00:40:22,-99.3987,37.6489,   9.0,31379,-49.2,-85.0,-80.3,  1,  1, 0.04,252,17.8
2026-03-22 00:40:35,-99.3959,37.6496,   8.9,31456,-49.2,-85.0,-80.2,  1,  1, 0.04,253,19.2
2026-03-22 00:40:46,-99.3935,37.6500,   8.8,31529,-49.3,-85.0,-80.2,  1,  1, 0.04,255,19.9
2026-03-22 00:40:58,-99.3911,37.6506,   8.7,31605,-49.0,-84.9,-80.2,  1,  1, 0.04,257,19.8
2026-03-22 00:41:10,-99.3883,37.6510,   8.6,31681,-49.2,-84.9,-80.2,  1,  1, 0.04,259,19.3
2026-03-22 00:41:22,-99.3858,37.6514,   8.5,31756,-49.3,-84.9,-80.2,  1,  1, 0.04,262,19.2
2026-03-22 00:41:34,-99.3833,37.6516,   8.4,31833,-49.4,-85.0,-80.2,  1,  1, 0.04,266,19.6
2026-03-22 00:41:46,-99.3804,37.6516,   8.3,31907,-49.5,-85.2,-80.4,  1,  1, 0.04,268,19.4
2026-03-22 00:41:59,-99.3778,37.6519,   8.2,31988,-49.2,-85.1,-80.3,  1,  1, 0.04,267,18.4
2026-03-22 00:42:12,-99.3751,37.6519,   8.1,32066,-49.0,-85.2,-80.5,  1,  1, 0.04,265,17.9
2026-03-22 00:42:26,-99.3725,37.6523,   8.0,32149,-48.3,-84.9,-80.2,  1,  1, 0.04,261,18.7
2026-03-22 00:42:40,-99.3694,37.6527,   7.9,32230,-48.0,-84.8,-80.0,  1,  1, 0.04,258,20.5
2026-03-22 00:42:54,-99.3663,37.6534,   7.8,32316,-48.1,-84.7,-79.9,  1,  1, 0.04,260,21.8
2026-03-22 00:43:07,-99.3629,37.6536,   7.7,32397,-48.1,-84.5,-79.8,  1,  1, 0.05,264,22.2
2026-03-22 00:43:22,-99.3593,37.6538,   7.6,32487,-48.3,-84.6,-79.8,  1,  1, 0.05,269,22.0
2026-03-22 00:43:35,-99.3559,37.6538,   7.5,32569,-48.5,-84.9,-80.1,  1,  1, 0.04,272,21.0
2026-03-22 00:43:50,-99.3527,37.6536,   7.4,32661,-47.6,-84.6,-79.9,  1,  1, 0.05,269,19.7
2026-03-22 00:44:04,-99.3497,37.6540,   7.3,32749,-47.6,-84.7,-80.0,  1,  1, 0.05,263,19.5
2026-03-22 00:44:19,-99.3463,37.6544,   7.2,32842,-47.4,-84.8,-80.1,  1,  1, 0.05,261,21.3
2026-03-22 00:44:33,-99.3429,37.6548,   7.1,32933,-46.1,-84.3,-79.6,  1,  1, 0.05,263,22.8
2026-03-22 00:44:53,-99.3374,37.6551,   7.0,33069,-46.0,-83.9,-79.1,  1,  1, 0.06,271,22.1
