time,longitude,latitude,pressure_hPa,geopotential height_m,temperature_C,dew point temperature_C,ice point temperature_C,relative humidity_%,humidity wrt ice_%,mixing ratio_g/kg,wind direction_degree,wind speed_m/s
2026-06-10 11:04:41,-102.1897,31.9429, 912.4,  874, 23.4, 20.3, 20.3, 83, 83,16.65,191, 6.7
2026-06-10 11:04:42,-102.1898,31.9430, 911.7,  880, 23.3, 20.2, 20.2, 82, 82,16.50,168, 8.5
2026-06-10 11:04:43,-102.1898,31.9431, 911.0,  885, 23.2, 20.0, 20.0, 82, 82,16.32,168, 8.5
2026-06-10 11:04:44,-102.1898,31.9432, 910.3,  893, 23.1, 19.8, 19.8, 81, 81,16.12,168, 8.5
2026-06-10 11:04:45,-102.1898,31.9433, 909.6,  900, 23.0, 19.6, 19.6, 81, 81,15.93,168, 8.5
2026-06-10 11:04:46,-102.1899,31.9434, 908.9,  907, 23.0, 19.4, 19.4, 80, 80,15.74,168, 8.6
2026-06-10 11:04:47,-102.1899,31.9434, 908.2,  914, 22.9, 19.2, 19.2, 80, 80,15.57,168, 8.6
2026-06-10 11:04:48,-102.1899,31.9435, 907.6,  921, 22.8, 19.0, 19.0, 79, 79,15.42,168, 8.8
2026-06-10 11:04:49,-102.1899,31.9436, 906.8,  929, 22.8, 19.0, 19.0, 79, 79,15.40,169, 9.0
2026-06-10 11:04:50,-102.1899,31.9437, 906.1,  935, 22.7, 19.0, 19.0, 79, 79,15.39,169, 9.2
2026-06-10 11:04:51,-102.1900,31.9438, 905.5,  942, 22.6, 18.9, 18.9, 80, 80,15.38,169, 9.4
2026-06-10 11:04:52,-102.1900,31.9439, 904.8,  948, 22.6, 18.9, 18.9, 80, 80,15.36,170, 9.6
2026-06-10 11:04:53,-102.1900,31.9440, 904.1,  954, 22.5, 18.9, 18.9, 80, 80,15.34,170, 9.8
2026-06-10 11:04:54,-102.1900,31.9441, 903.4,  960, 22.5, 18.9, 18.9, 80, 80,15.33,170,10.1
2026-06-10 11:04:55,-102.1900,31.9442, 902.8,  966, 22.4, 18.8, 18.8, 80, 80,15.32,170,10.3
2026-06-10 11:04:56,-102.1900,31.9443, 902.2,  973, 22.4, 18.8, 18.8, 80, 80,15.30,171,10.5
2026-06-10 11:04:57,-102.1901,31.9444, 901.5,  979, 22.3, 18.8, 18.8, 80, 80,15.29,171,10.5
2026-06-10 11:04:58,-102.1901,31.9445, 900.9,  985, 22.3, 18.7, 18.7, 80, 80,15.27,171,10.6
2026-06-10 11:04:59,-102.1901,31.9447, 900.3,  991, 22.2, 18.7, 18.7, 81, 81,15.25,172,10.6
2026-06-10 11:05:00,-102.1901,31.9448, 899.6,  997, 22.2, 18.7, 18.7, 81, 81,15.24,172,10.7
2026-06-10 11:05:01,-102.1901,31.9449, 898.9, 1004, 22.1, 18.7, 18.7, 81, 81,15.23,172,10.7
2026-06-10 11:05:02,-102.1901,31.9450, 898.2, 1011, 22.1, 18.6, 18.6, 81, 81,15.22,172,10.8
2026-06-10 11:05:03,-102.1901,31.9451, 897.5, 1018, 22.0, 18.6, 18.6, 81, 81,15.20,173,10.8
2026-06-10 11:05:04,-102.1901,31.9452, 896.8, 1024, 21.9, 18.6, 18.6, 81, 81,15.19,173,10.9
2026-06-10 11:05:05,-102.1901,31.9453, 896.1, 1031, 21.9, 18.6, 18.6, 81, 81,15.18,173,11.0
2026-06-10 11:05:06,-102.1901,31.9454, 895.5, 1038, 21.8, 18.5, 18.5, 82, 82,15.17,173,11.0
2026-06-10 11:05:07,-102.1901,31.9455, 894.9, 1044, 21.8, 18.5, 18.5, 82, 82,15.15,174,11.1
2026-06-10 11:05:08,-102.1901,31.9456, 894.2, 1050, 21.7, 18.5, 18.5, 82, 82,15.14,174,11.1
2026-06-10 11:05:09,-102.1901,31.9457, 893.6, 1056, 21.7, 18.5, 18.5, 82, 82,15.13,174,11.2
2026-06-10 11:05:10,-102.1901,31.9458, 893.0, 1062, 21.6, 18.4, 18.4, 82, 82,15.11,175,11.2
2026-06-10 11:05:11,-102.1901,31.9459, 892.3, 1068, 21.6, 18.4, 18.4, 82, 82,15.11,175,11.3
2026-06-10 11:05:12,-102.1901,31.9461, 891.7, 1074, 21.5, 18.4, 18.4, 82, 82,15.09,175,11.4
2026-06-10 11:05:13,-102.1902,31.9462, 891.1, 1081, 21.5, 18.4, 18.4, 83, 83,15.08,176,11.5
2026-06-10 11:05:14,-102.1902,31.9463, 890.4, 1087, 21.4, 18.3, 18.3, 83, 83,15.06,176,11.5
2026-06-10 11:05:15,-102.1902,31.9464, 889.8, 1093, 21.4, 18.3, 18.3, 83, 83,15.06,176,11.6
2026-06-10 11:05:16,-102.1902,31.9465, 889.2, 1100, 21.3, 18.3, 18.3, 83, 83,15.06,177,11.7
2026-06-10 11:05:17,-102.1902,31.9466, 888.5, 1105, 21.3, 18.3, 18.3, 83, 83,15.06,177,11.8
2026-06-10 11:05:18,-102.1902,31.9467, 888.0, 1110, 21.2, 18.3, 18.3, 83, 83,15.05,177,11.9
2026-06-10 11:05:19,-102.1902,31.9468, 887.5, 1115, 21.2, 18.3, 18.3, 83, 83,15.05,178,11.9
2026-06-10 11:05:20,-102.1902,31.9469, 887.0, 1120, 21.1, 18.3, 18.3, 84, 84,15.04,178,12.0
2026-06-10 11:05:21,-102.1902,31.9470, 886.5, 1125, 21.1, 18.2, 18.2, 84, 84,15.03,178,12.1
2026-06-10 11:05:22,-102.1902,31.9471, 885.9, 1131, 21.0, 18.2, 18.2, 84, 84,15.03,179,12.2
2026-06-10 11:05:23,-102.1902,31.9472, 885.4, 1136, 21.0, 18.2, 18.2, 84, 84,15.02,179,12.3
2026-06-10 11:05:24,-102.1902,31.9473, 884.9, 1141, 21.0, 18.2, 18.2, 84, 84,15.01,179,12.3
2026-06-10 11:05:25,-102.1902,31.9475, 884.3, 1146, 20.9, 18.2, 18.2, 84, 84,15.01,179,12.4
2026-06-10 11:05:26,-102.1902,31.9476, 883.8, 1152, 20.9, 18.2, 18.2, 85, 85,15.00,180,12.5
2026-06-10 11:05:27,-102.1902,31.9477, 883.3, 1157, 20.8, 18.2, 18.2, 85, 85,15.00,180,12.6
2026-06-10 11:05:28,-102.1902,31.9478, 882.7, 1162, 20.8, 18.1, 18.1, 85, 85,14.99,180,12.7
2026-06-10 11:05:29,-102.1903,31.9480, 882.2, 1168, 20.7, 18.1, 18.1, 85, 85,14.98,180,12.8
2026-06-10 11:05:30,-102.1903,31.9481, 881.6, 1173, 20.7, 18.1, 18.1, 85, 85,14.97,179,12.8
2026-06-10 11:05:31,-102.1903,31.9482, 881.1, 1179, 20.6, 18.1, 18.1, 85, 85,14.96,179,12.9
2026-06-10 11:05:32,-102.1903,31.9484, 880.5, 1184, 20.6, 18.1, 18.1, 85, 85,14.96,179,13.0
2026-06-10 11:05:33,-102.1903,31.9485, 879.9, 1190, 20.5, 18.0, 18.0, 86, 86,14.96,179,13.1
2026-06-10 11:05:34,-102.1903,31.9486, 879.4, 1195, 20.5, 18.0, 18.0, 86, 86,14.95,179,13.2
2026-06-10 11:05:35,-102.1903,31.9488, 878.9, 1200, 20.4, 18.0, 18.0, 86, 86,14.94,179,13.3
2026-06-10 11:05:36,-102.1903,31.9489, 878.3, 1206, 20.4, 18.0, 18.0, 86, 86,14.93,179,13.4
2026-06-10 11:05:37,-102.1903,31.9490, 877.7, 1211, 20.3, 18.0, 18.0, 86, 86,14.92,179,13.4
2026-06-10 11:05:38,-102.1903,31.9491, 877.2, 1217, 20.3, 17.9, 17.9, 86, 86,14.91,179,13.5
2026-06-10 11:05:39,-102.1903,31.9493, 876.7, 1222, 20.2, 17.9, 17.9, 87, 87,14.90,179,13.6
2026-06-10 11:05:40,-102.1903,31.9494, 876.1, 1227, 20.2, 17.9, 17.9, 87, 87,14.89,179,13.7
2026-06-10 11:05:41,-102.1903,31.9495, 875.6, 1232, 20.1, 17.9, 17.9, 87, 87,14.88,179,13.8
2026-06-10 11:05:42,-102.1903,31.9497, 875.0, 1238, 20.1, 17.9, 17.9, 87, 87,14.87,179,13.9
2026-06-10 11:05:43,-102.1903,31.9498, 874.5, 1244, 20.0, 17.8, 17.8, 87, 87,14.85,179,13.9
2026-06-10 11:05:44,-102.1903,31.9499, 873.9, 1249, 20.0, 17.8, 17.8, 87, 87,14.84,179,14.0
2026-06-10 11:05:45,-102.1903,31.9500, 873.3, 1255, 19.9, 17.8, 17.8, 88, 88,14.83,179,14.1
2026-06-10 11:05:46,-102.1903,31.9502, 872.8, 1261, 19.9, 17.8, 17.8, 88, 88,14.81,179,14.2
2026-06-10 11:05:47,-102.1904,31.9503, 872.2, 1266, 19.8, 17.7, 17.7, 88, 88,14.80,178,14.2
2026-06-10 11:05:48,-102.1904,31.9504, 871.6, 1272, 19.8, 17.7, 17.7, 88, 88,14.79,178,14.3
2026-06-10 11:05:49,-102.1904,31.9506, 871.1, 1277, 19.7, 17.7, 17.7, 88, 88,14.77,178,14.3
2026-06-10 11:05:50,-102.1904,31.9507, 870.6, 1283, 19.7, 17.7, 17.7, 88, 88,14.76,178,14.4
2026-06-10 11:05:51,-102.1904,31.9508, 870.0, 1288, 19.6, 17.6, 17.6, 88, 88,14.75,178,14.4
2026-06-10 11:05:52,-102.1904,31.9510, 869.5, 1293, 19.6, 17.6, 17.6, 89, 89,14.74,178,14.4
2026-06-10 11:05:53,-102.1904,31.9511, 868.9, 1299, 19.5, 17.6, 17.6, 89, 89,14.73,178,14.5
2026-06-10 11:05:54,-102.1904,31.9512, 868.3, 1305, 19.4, 17.6, 17.6, 89, 89,14.71,177,14.5
2026-06-10 11:05:55,-102.1904,31.9513, 867.8, 1310, 19.4, 17.5, 17.5, 89, 89,14.68,177,14.5
2026-06-10 11:05:56,-102.1904,31.9515, 867.2, 1315, 19.4, 17.5, 17.5, 89, 89,14.64,177,14.6
2026-06-10 11:05:57,-102.1904,31.9516, 866.7, 1321, 19.3, 17.4, 17.4, 89, 89,14.60,177,14.6
2026-06-10 11:05:58,-102.1904,31.9518, 866.1, 1326, 19.3, 17.4, 17.4, 89, 89,14.57,177,14.7
2026-06-10 11:05:59,-102.1904,31.9519, 865.5, 1333, 19.2, 17.3, 17.3, 89, 89,14.53,177,14.7
2026-06-10 11:06:00,-102.1903,31.9521, 864.9, 1339, 19.2, 17.3, 17.3, 89, 89,14.49,177,14.7
2026-06-10 11:06:01,-102.1903,31.9522, 864.2, 1345, 19.1, 17.2, 17.2, 89, 89,14.46,177,14.8
2026-06-10 11:06:02,-102.1903,31.9523, 863.6, 1352, 19.1, 17.2, 17.2, 89, 89,14.42,177,14.8
2026-06-10 11:06:03,-102.1903,31.9525, 863.0, 1358, 19.1, 17.1, 17.1, 89, 89,14.39,176,14.8
2026-06-10 11:06:04,-102.1903,31.9526, 862.3, 1364, 19.0, 17.1, 17.1, 89, 89,14.35,176,14.9
2026-06-10 11:06:05,-102.1903,31.9528, 861.7, 1371, 19.0, 17.0, 17.0, 89, 89,14.32,176,14.9
2026-06-10 11:06:06,-102.1903,31.9530, 861.1, 1377, 18.9, 17.0, 17.0, 89, 89,14.28,176,15.0
2026-06-10 11:06:07,-102.1903,31.9531, 860.2, 1386, 18.9, 16.9, 16.9, 89, 89,14.23,177,15.0
2026-06-10 11:06:08,-102.1902,31.9532, 859.9, 1389, 18.9, 16.9, 16.9, 88, 88,14.24,177,15.1
2026-06-10 11:06:09,-102.1902,31.9533, 859.2, 1395, 19.0, 16.9, 16.9, 88, 88,14.24,178,15.1
2026-06-10 11:06:10,-102.1902,31.9535, 858.6, 1402, 19.1, 16.9, 16.9, 87, 87,14.24,178,15.2
2026-06-10 11:06:11,-102.1902,31.9536, 858.0, 1408, 19.2, 16.9, 16.9, 87, 87,14.23,179,15.3
2026-06-10 11:06:12,-102.1902,31.9538, 857.4, 1414, 19.3, 16.9, 16.9, 86, 86,14.22,180,15.4
2026-06-10 11:06:13,-102.1902,31.9539, 856.9, 1420, 19.4, 16.8, 16.8, 85, 85,14.21,180,15.4
2026-06-10 11:06:14,-102.1902,31.9541, 856.3, 1426, 19.4, 16.8, 16.8, 85, 85,14.20,181,15.5
2026-06-10 11:06:15,-102.1902,31.9542, 855.8, 1432, 19.5, 16.8, 16.8, 84, 84,14.18,181,15.6
2026-06-10 11:06:16,-102.1901,31.9543, 855.2, 1437, 19.6, 16.8, 16.8, 84, 84,14.18,182,15.6
2026-06-10 11:06:17,-102.1901,31.9545, 854.7, 1442, 19.7, 16.7, 16.7, 83, 83,14.17,182,15.7
2026-06-10 11:06:18,-102.1901,31.9546, 854.2, 1446, 19.8, 16.7, 16.7, 82, 82,14.15,183,15.8
2026-06-10 11:06:19,-102.1901,31.9548, 853.7, 1451, 19.9, 16.7, 16.7, 82, 82,14.14,184,15.9
2026-06-10 11:06:20,-102.1901,31.9549, 853.2, 1455, 20.0, 16.7, 16.7, 81, 81,14.12,184,16.0
2026-06-10 11:06:21,-102.1901,31.9551, 852.7, 1460, 20.1, 16.6, 16.6, 81, 81,14.11,185,16.1
2026-06-10 11:06:22,-102.1901,31.9552, 852.2, 1466, 20.2, 16.6, 16.6, 80, 80,14.12,185,16.1
2026-06-10 11:06:23,-102.1901,31.9553, 851.7, 1472, 20.3, 16.6, 16.6, 79, 79,14.12,186,16.2
2026-06-10 11:06:24,-102.1900,31.9555, 851.2, 1477, 20.5, 16.6, 16.6, 79, 79,14.12,186,16.3
2026-06-10 11:06:25,-102.1900,31.9556, 850.6, 1483, 20.6, 16.6, 16.6, 78, 78,14.13,187,16.4
2026-06-10 11:06:26,-102.1900,31.9558, 850.0, 1489, 20.8, 16.6, 16.6, 77, 77,14.13,187,16.5
2026-06-10 11:06:27,-102.1899,31.9559, 849.6, 1494, 20.9, 16.6, 16.6, 77, 77,14.12,188,16.5
2026-06-10 11:06:28,-102.1899,31.9560, 848.9, 1500, 21.0, 16.6, 16.6, 76, 76,14.12,189,16.4
2026-06-10 11:06:29,-102.1898,31.9561, 848.5, 1504, 21.2, 16.6, 16.6, 75, 75,14.12,189,16.4
2026-06-10 11:06:30,-102.1897,31.9563, 848.0, 1510, 21.3, 16.6, 16.6, 74, 74,14.11,190,16.4
2026-06-10 11:06:31,-102.1897,31.9564, 847.5, 1515, 21.4, 16.5, 16.5, 74, 74,14.10,190,16.4
2026-06-10 11:06:32,-102.1896,31.9565, 846.9, 1520, 21.6, 16.5, 16.5, 73, 73,14.10,191,16.4
2026-06-10 11:06:33,-102.1895,31.9567, 846.4, 1526, 21.7, 16.5, 16.5, 72, 72,14.09,192,16.3
2026-06-10 11:06:34,-102.1895,31.9568, 845.9, 1531, 21.8, 16.5, 16.5, 72, 72,14.08,192,16.3
2026-06-10 11:06:35,-102.1894,31.9569, 845.4, 1536, 21.9, 16.4, 16.4, 71, 71,14.01,193,16.3
2026-06-10 11:06:36,-102.1893,31.9570, 844.9, 1541, 21.9, 16.3, 16.3, 71, 71,13.97,193,16.3
2026-06-10 11:06:37,-102.1893,31.9572, 844.4, 1546, 22.0, 16.3, 16.3, 70, 70,13.92,194,16.3
2026-06-10 11:06:38,-102.1892,31.9573, 843.9, 1552, 22.0, 16.2, 16.2, 70, 70,13.87,195,16.3
2026-06-10 11:06:39,-102.1891,31.9574, 843.4, 1557, 22.0, 16.2, 16.2, 69, 69,13.82,195,16.3
2026-06-10 11:06:40,-102.1891,31.9576, 842.9, 1562, 22.1, 16.1, 16.1, 69, 69,13.77,196,16.3
2026-06-10 11:06:41,-102.1890,31.9577, 842.4, 1567, 22.1, 16.0, 16.0, 68, 68,13.72,197,16.3
2026-06-10 11:06:42,-102.1889,31.9578, 841.8, 1573, 22.2, 16.0, 16.0, 68, 68,13.68,197,16.3
2026-06-10 11:06:43,-102.1889,31.9579, 841.3, 1578, 22.2, 15.9, 15.9, 68, 68,13.62,198,16.3
2026-06-10 11:06:44,-102.1888,31.9581, 840.8, 1583, 22.2, 15.8, 15.8, 67, 67,13.58,198,16.3
2026-06-10 11:06:45,-102.1887,31.9582, 840.3, 1589, 22.3, 15.8, 15.8, 67, 67,13.52,199,16.3
2026-06-10 11:06:46,-102.1887,31.9583, 839.7, 1595, 22.3, 15.7, 15.7, 66, 66,13.47,200,16.3
2026-06-10 11:06:47,-102.1886,31.9585, 839.2, 1600, 22.3, 15.6, 15.6, 66, 66,13.42,200,16.2
2026-06-10 11:06:48,-102.1885,31.9586, 838.7, 1606, 22.4, 15.6, 15.6, 65, 65,13.37,201,16.1
2026-06-10 11:06:49,-102.1884,31.9587, 838.2, 1611, 22.4, 15.5, 15.5, 65, 65,13.35,202,16.0
2026-06-10 11:06:50,-102.1884,31.9588, 837.7, 1617, 22.5, 15.5, 15.5, 65, 65,13.33,202,15.9
2026-06-10 11:06:51,-102.1883,31.9590, 837.2, 1622, 22.5, 15.5, 15.5, 64, 64,13.32,203,15.7
2026-06-10 11:06:52,-102.1882,31.9591, 836.7, 1627, 22.6, 15.4, 15.4, 64, 64,13.30,204,15.6
2026-06-10 11:06:53,-102.1882,31.9592, 836.2, 1631, 22.6, 15.4, 15.4, 64, 64,13.29,205,15.5
2026-06-10 11:06:54,-102.1881,31.9594, 835.8, 1636, 22.6, 15.4, 15.4, 64, 64,13.27,205,15.4
2026-06-10 11:06:55,-102.1880,31.9595, 835.3, 1641, 22.7, 15.4, 15.4, 63, 63,13.25,206,15.3
2026-06-10 11:06:56,-102.1880,31.9596, 834.8, 1646, 22.7, 15.3, 15.3, 63, 63,13.25,207,15.2
2026-06-10 11:06:57,-102.1879,31.9597, 834.4, 1650, 22.8, 15.3, 15.3, 63, 63,13.23,208,15.1
2026-06-10 11:06:58,-102.1878,31.9598, 833.9, 1655, 22.8, 15.3, 15.3, 63, 63,13.21,208,15.0
2026-06-10 11:06:59,-102.1877,31.9599, 833.5, 1660, 22.8, 15.3, 15.3, 62, 62,13.20,209,14.9
2026-06-10 11:07:00,-102.1876,31.9599, 833.0, 1665, 22.9, 15.2, 15.2, 62, 62,13.18,210,14.8
2026-06-10 11:07:01,-102.1876,31.9600, 832.5, 1669, 22.9, 15.2, 15.2, 62, 62,13.16,211,14.8
2026-06-10 11:07:02,-102.1875,31.9601, 832.0, 1675, 23.0, 15.2, 15.2, 62, 62,13.14,212,14.7
2026-06-10 11:07:03,-102.1874,31.9602, 831.5, 1681, 23.0, 15.1, 15.1, 61, 61,13.12,212,14.6
2026-06-10 11:07:04,-102.1873,31.9603, 831.0, 1686, 23.0, 15.1, 15.1, 61, 61,13.10,213,14.5
2026-06-10 11:07:05,-102.1872,31.9603, 830.5, 1692, 23.0, 15.1, 15.1, 61, 61,13.08,214,14.4
2026-06-10 11:07:06,-102.1872,31.9604, 829.9, 1697, 23.1, 15.0, 15.0, 61, 61,13.07,215,14.4
2026-06-10 11:07:07,-102.1871,31.9605, 829.4, 1703, 23.1, 15.0, 15.0, 60, 60,13.04,215,14.2
2026-06-10 11:07:08,-102.1870,31.9606, 828.9, 1708, 23.1, 15.0, 15.0, 60, 60,13.02,216,14.1
2026-06-10 11:07:09,-102.1869,31.9607, 828.4, 1713, 23.1, 14.9, 14.9, 60, 60,13.00,216,13.9
2026-06-10 11:07:10,-102.1868,31.9608, 827.9, 1719, 23.2, 14.9, 14.9, 60, 60,12.98,216,13.7
2026-06-10 11:07:11,-102.1867,31.9608, 827.4, 1724, 23.2, 14.9, 14.9, 60, 60,12.96,217,13.6
2026-06-10 11:07:12,-102.1867,31.9609, 826.8, 1730, 23.2, 14.8, 14.8, 59, 59,12.94,217,13.4
2026-06-10 11:07:13,-102.1866,31.9610, 826.3, 1735, 23.2, 14.8, 14.8, 59, 59,12.92,217,13.3
2026-06-10 11:07:14,-102.1865,31.9611, 825.8, 1741, 23.3, 14.8, 14.8, 59, 59,12.90,218,13.1
2026-06-10 11:07:15,-102.1864,31.9612, 825.5, 1744, 23.3, 14.7, 14.7, 59, 59,12.88,218,13.0
2026-06-10 11:07:16,-102.1863,31.9612, 824.8, 1752, 23.3, 14.7, 14.7, 59, 59,12.83,219,12.8
2026-06-10 11:07:17,-102.1862,31.9613, 824.2, 1757, 23.3, 14.6, 14.6, 58, 58,12.81,219,12.7
2026-06-10 11:07:18,-102.1862,31.9614, 823.7, 1763, 23.3, 14.6, 14.6, 58, 58,12.78,219,12.5
2026-06-10 11:07:19,-102.1861,31.9615, 823.2, 1768, 23.2, 14.5, 14.5, 58, 58,12.75,220,12.4
2026-06-10 11:07:20,-102.1860,31.9616, 822.6, 1774, 23.2, 14.5, 14.5, 58, 58,12.72,220,12.2
2026-06-10 11:07:21,-102.1859,31.9617, 822.1, 1780, 23.2, 14.5, 14.5, 58, 58,12.69,221,12.1
2026-06-10 11:07:22,-102.1858,31.9617, 821.6, 1785, 23.2, 14.4, 14.4, 58, 58,12.66,221,11.9
2026-06-10 11:07:23,-102.1857,31.9618, 821.1, 1791, 23.2, 14.4, 14.4, 58, 58,12.64,222,11.8
2026-06-10 11:07:24,-102.1857,31.9619, 820.6, 1797, 23.2, 14.3, 14.3, 57, 57,12.60,222,11.6
2026-06-10 11:07:25,-102.1856,31.9620, 820.3, 1800, 23.2, 14.3, 14.3, 57, 57,12.58,223,11.5
2026-06-10 11:07:26,-102.1855,31.9621, 819.8, 1805, 23.2, 14.2, 14.2, 57, 57,12.54,223,11.4
2026-06-10 11:07:27,-102.1854,31.9621, 819.3, 1810, 23.2, 14.2, 14.2, 57, 57,12.52,223,11.2
2026-06-10 11:07:28,-102.1854,31.9622, 818.9, 1814, 23.2, 14.1, 14.1, 57, 57,12.48,223,11.1
2026-06-10 11:07:29,-102.1853,31.9622, 818.5, 1819, 23.1, 14.1, 14.1, 57, 57,12.46,223,10.9
2026-06-10 11:07:30,-102.1852,31.9623, 818.0, 1823, 23.1, 14.1, 14.1, 57, 57,12.42,223,10.8
2026-06-10 11:07:31,-102.1852,31.9623, 817.5, 1828, 23.1, 14.0, 14.0, 57, 57,12.40,223,10.6
2026-06-10 11:07:32,-102.1851,31.9624, 817.1, 1833, 23.1, 14.0, 14.0, 57, 57,12.37,223,10.5
2026-06-10 11:07:33,-102.1851,31.9624, 816.6, 1838, 23.1, 13.9, 13.9, 56, 56,12.35,223,10.3
2026-06-10 11:07:34,-102.1850,31.9625, 816.2, 1843, 23.0, 13.9, 13.9, 56, 56,12.31,223,10.2
2026-06-10 11:07:35,-102.1849,31.9626, 815.7, 1848, 23.0, 13.8, 13.8, 56, 56,12.29,223,10.0
2026-06-10 11:07:36,-102.1849,31.9626, 815.2, 1854, 23.0, 13.8, 13.8, 56, 56,12.26,223, 9.9
2026-06-10 11:07:37,-102.1848,31.9627, 814.6, 1860, 23.0, 13.8, 13.8, 56, 56,12.23,223, 9.7
2026-06-10 11:07:38,-102.1848,31.9627, 814.1, 1865, 22.9, 13.7, 13.7, 56, 56,12.20,223, 9.6
2026-06-10 11:07:39,-102.1847,31.9628, 813.5, 1871, 22.9, 13.7, 13.7, 56, 56,12.18,223, 9.4
2026-06-10 11:07:40,-102.1846,31.9628, 813.0, 1877, 22.9, 13.6, 13.6, 56, 56,12.16,223, 9.3
2026-06-10 11:07:41,-102.1846,31.9629, 812.5, 1883, 22.9, 13.6, 13.6, 56, 56,12.12,223, 9.1
2026-06-10 11:07:42,-102.1845,31.9629, 812.0, 1889, 22.8, 13.5, 13.5, 56, 56,12.10,223, 9.0
2026-06-10 11:07:43,-102.1844,31.9630, 811.4, 1894, 22.8, 13.5, 13.5, 56, 56,12.05,223, 8.8
2026-06-10 11:07:44,-102.1844,31.9630, 810.9, 1900, 22.8, 13.4, 13.4, 55, 55,12.00,223, 8.7
2026-06-10 11:07:45,-102.1843,31.9631, 810.4, 1906, 22.8, 13.3, 13.3, 55, 55,11.96,223, 8.5
2026-06-10 11:07:46,-102.1843,31.9632, 809.9, 1911, 22.8, 13.3, 13.3, 55, 55,11.91,223, 8.4
2026-06-10 11:07:47,-102.1842,31.9632, 809.3, 1917, 22.8, 13.2, 13.2, 55, 55,11.85,223, 8.3
2026-06-10 11:07:48,-102.1841,31.9633, 808.9, 1921, 22.7, 13.1, 13.1, 55, 55,11.80,223, 8.3
2026-06-10 11:07:49,-102.1841,31.9633, 808.5, 1926, 22.7, 13.0, 13.0, 54, 54,11.76,223, 8.3
2026-06-10 11:07:50,-102.1840,31.9634, 808.0, 1931, 22.7, 13.0, 13.0, 54, 54,11.71,224, 8.3
2026-06-10 11:07:51,-102.1840,31.9634, 807.6, 1936, 22.7, 12.9, 12.9, 54, 54,11.66,224, 8.3
2026-06-10 11:07:52,-102.1839,31.9635, 807.1, 1940, 22.7, 12.8, 12.8, 54, 54,11.61,224, 8.2
2026-06-10 11:07:53,-102.1838,31.9635, 806.7, 1945, 22.7, 12.8, 12.8, 54, 54,11.56,224, 8.2
2026-06-10 11:07:54,-102.1838,31.9636, 806.2, 1950, 22.7, 12.7, 12.7, 53, 53,11.51,224, 8.2
2026-06-10 11:07:55,-102.1837,31.9636, 805.7, 1956, 22.6, 12.6, 12.6, 53, 53,11.46,224, 8.2
2026-06-10 11:07:56,-102.1836,31.9637, 805.2, 1962, 22.6, 12.5, 12.5, 53, 53,11.41,224, 8.1
2026-06-10 11:07:57,-102.1836,31.9637, 804.7, 1967, 22.6, 12.5, 12.5, 53, 53,11.36,224, 8.1
2026-06-10 11:07:58,-102.1835,31.9638, 804.1, 1973, 22.6, 12.4, 12.4, 52, 52,11.32,225, 8.1
2026-06-10 11:07:59,-102.1835,31.9638, 803.6, 1978, 22.6, 12.3, 12.3, 52, 52,11.27,225, 8.1
2026-06-10 11:08:00,-102.1834,31.9638, 803.1, 1984, 22.6, 12.2, 12.2, 52, 52,11.22,225, 8.0
2026-06-10 11:08:01,-102.1834,31.9639, 802.6, 1990, 22.6, 12.2, 12.2, 52, 52,11.18,225, 8.0
2026-06-10 11:08:02,-102.1833,31.9639, 802.0, 1996, 22.6, 12.1, 12.1, 52, 52,11.12,225, 8.0
2026-06-10 11:08:03,-102.1833,31.9639, 801.5, 2001, 22.6, 12.0, 12.0, 51, 51,11.08,225, 8.0
2026-06-10 11:08:04,-102.1832,31.9640, 801.0, 2007, 22.6, 12.0, 12.0, 51, 51,11.03,225, 7.9
2026-06-10 11:08:05,-102.1831,31.9640, 800.4, 2013, 22.6, 11.9, 11.9, 51, 51,10.98,226, 7.9
2026-06-10 11:08:06,-102.1831,31.9640, 800.0, 2018, 22.6, 11.8, 11.8, 51, 51,10.94,226, 7.9
2026-06-10 11:08:07,-102.1830,31.9641, 799.6, 2023, 22.6, 11.7, 11.7, 50, 50,10.88,226, 7.8
2026-06-10 11:08:08,-102.1830,31.9641, 799.1, 2028, 22.5, 11.6, 11.6, 50, 50,10.83,227, 7.7
2026-06-10 11:08:09,-102.1829,31.9642, 798.7, 2033, 22.5, 11.6, 11.6, 50, 50,10.80,227, 7.6
2026-06-10 11:08:10,-102.1829,31.9642, 798.2, 2037, 22.5, 11.6, 11.6, 50, 50,10.78,227, 7.5
2026-06-10 11:08:11,-102.1828,31.9642, 797.8, 2042, 22.5, 11.5, 11.5, 50, 50,10.76,228, 7.4
2026-06-10 11:08:12,-102.1828,31.9643, 797.3, 2047, 22.5, 11.5, 11.5, 50, 50,10.75,228, 7.3
2026-06-10 11:08:13,-102.1827,31.9643, 796.9, 2052, 22.5, 11.5, 11.5, 50, 50,10.73,229, 7.2
2026-06-10 11:08:14,-102.1826,31.9643, 796.4, 2057, 22.5, 11.4, 11.4, 50, 50,10.72,229, 7.1
2026-06-10 11:08:15,-102.1826,31.9644, 795.9, 2062, 22.5, 11.4, 11.4, 50, 50,10.70,230, 7.1
2026-06-10 11:08:16,-102.1825,31.9644, 795.5, 2067, 22.5, 11.4, 11.4, 49, 49,10.68,230, 7.0
2026-06-10 11:08:17,-102.1825,31.9644, 795.0, 2072, 22.5, 11.3, 11.3, 49, 49,10.67,231, 6.9
2026-06-10 11:08:18,-102.1824,31.9645, 794.6, 2077, 22.5, 11.3, 11.3, 49, 49,10.65,231, 6.8
2026-06-10 11:08:19,-102.1824,31.9645, 794.2, 2081, 22.4, 11.3, 11.3, 49, 49,10.63,232, 6.7
2026-06-10 11:08:20,-102.1823,31.9645, 793.8, 2086, 22.4, 11.2, 11.2, 49, 49,10.61,232, 6.6
2026-06-10 11:08:21,-102.1822,31.9646, 793.4, 2090, 22.4, 11.2, 11.2, 49, 49,10.59,233, 6.5
2026-06-10 11:08:22,-102.1822,31.9646, 792.9, 2095, 22.4, 11.2, 11.2, 49, 49,10.57,234, 6.4
2026-06-10 11:08:23,-102.1821,31.9647, 792.5, 2100, 22.4, 11.2, 11.2, 49, 49,10.57,234, 6.3
2026-06-10 11:08:24,-102.1821,31.9647, 792.1, 2104, 22.4, 11.2, 11.2, 49, 49,10.58,235, 6.2
2026-06-10 11:08:25,-102.1820,31.9647, 791.7, 2108, 22.4, 11.1, 11.1, 49, 49,10.57,235, 6.2
2026-06-10 11:08:26,-102.1820,31.9648, 791.3, 2113, 22.3, 11.1, 11.1, 49, 49,10.57,236, 6.1
2026-06-10 11:08:27,-102.1819,31.9648, 790.8, 2118, 22.3, 11.1, 11.1, 49, 49,10.57,237, 6.1
2026-06-10 11:08:28,-102.1819,31.9648, 790.4, 2123, 22.3, 11.1, 11.1, 49, 49,10.57,238, 6.1
2026-06-10 11:08:29,-102.1818,31.9648, 790.0, 2128, 22.3, 11.1, 11.1, 49, 49,10.58,239, 6.1
2026-06-10 11:08:30,-102.1817,31.9648, 789.5, 2133, 22.3, 11.1, 11.1, 49, 49,10.58,240, 6.1
2026-06-10 11:08:31,-102.1816,31.9648, 789.0, 2138, 22.2, 11.1, 11.1, 49, 49,10.58,241, 6.1
2026-06-10 11:08:32,-102.1816,31.9648, 788.5, 2144, 22.2, 11.1, 11.1, 49, 49,10.57,242, 6.2
2026-06-10 11:08:33,-102.1815,31.9649, 788.1, 2149, 22.2, 11.1, 11.1, 49, 49,10.57,243, 6.3
2026-06-10 11:08:34,-102.1814,31.9649, 787.6, 2154, 22.2, 11.1, 11.1, 49, 49,10.57,243, 6.3
2026-06-10 11:08:35,-102.1814,31.9649, 787.1, 2159, 22.2, 11.1, 11.1, 49, 49,10.58,244, 6.3
2026-06-10 11:08:36,-102.1813,31.9649, 786.7, 2164, 22.1, 11.1, 11.1, 49, 49,10.58,245, 6.3
2026-06-10 11:08:37,-102.1812,31.9649, 786.2, 2169, 22.1, 11.0, 11.0, 49, 49,10.56,246, 6.4
2026-06-10 11:08:38,-102.1812,31.9649, 785.8, 2174, 22.1, 11.0, 11.0, 49, 49,10.53,247, 6.4
2026-06-10 11:08:39,-102.1811,31.9649, 785.3, 2179, 22.1, 10.9, 10.9, 49, 49,10.50,248, 6.4
2026-06-10 11:08:40,-102.1810,31.9649, 784.9, 2184, 22.1, 10.9, 10.9, 49, 49,10.47,249, 6.4
2026-06-10 11:08:41,-102.1810,31.9649, 784.4, 2189, 22.1, 10.8, 10.8, 49, 49,10.44,250, 6.4
2026-06-10 11:08:42,-102.1809,31.9649, 784.0, 2194, 22.0, 10.8, 10.8, 49, 49,10.41,250, 6.4
2026-06-10 11:08:43,-102.1808,31.9650, 783.5, 2199, 22.0, 10.7, 10.7, 49, 49,10.38,251, 6.5
2026-06-10 11:08:44,-102.1808,31.9650, 783.1, 2204, 22.0, 10.7, 10.7, 49, 49,10.35,252, 6.5
2026-06-10 11:08:45,-102.1807,31.9650, 782.6, 2209, 22.0, 10.6, 10.6, 48, 48,10.32,253, 6.6
2026-06-10 11:08:46,-102.1806,31.9650, 782.2, 2214, 22.0, 10.6, 10.6, 48, 48,10.29,254, 6.6
2026-06-10 11:08:47,-102.1806,31.9650, 781.7, 2219, 22.0, 10.5, 10.5, 48, 48,10.26,254, 6.6
2026-06-10 11:08:48,-102.1805,31.9650, 781.3, 2223, 21.9, 10.5, 10.5, 48, 48,10.24,255, 6.6
2026-06-10 11:08:49,-102.1804,31.9650, 780.9, 2228, 21.9, 10.4, 10.4, 48, 48,10.21,255, 6.6
2026-06-10 11:08:50,-102.1804,31.9650, 780.4, 2233, 21.9, 10.3, 10.3, 48, 48,10.16,256, 6.5
2026-06-10 11:08:51,-102.1803,31.9650, 780.0, 2238, 21.9, 10.2, 10.2, 47, 47,10.06,257, 6.5
2026-06-10 11:08:52,-102.1802,31.9651, 779.5, 2243, 21.9, 10.0, 10.0, 47, 47, 9.96,257, 6.5
2026-06-10 11:08:53,-102.1802,31.9651, 779.1, 2248, 21.8,  9.9,  9.9, 47, 47, 9.86,258, 6.5
2026-06-10 11:08:54,-102.1801,31.9651, 778.6, 2253, 21.8,  9.7,  9.7, 46, 46, 9.76,258, 6.5
2026-06-10 11:08:55,-102.1800,31.9651, 778.2, 2259, 21.8,  9.6,  9.6, 46, 46, 9.66,259, 6.5
2026-06-10 11:08:56,-102.1800,31.9651, 777.7, 2264, 21.8,  9.4,  9.4, 45, 45, 9.56,259, 6.5
2026-06-10 11:08:57,-102.1799,31.9651, 777.2, 2269, 21.8,  9.2,  9.2, 45, 45, 9.46,260, 6.5
2026-06-10 11:08:58,-102.1798,31.9651, 776.8, 2274, 21.8,  9.1,  9.1, 44, 44, 9.37,261, 6.5
2026-06-10 11:08:59,-102.1798,31.9651, 776.3, 2279, 21.7,  8.9,  8.9, 44, 44, 9.27,261, 6.5
2026-06-10 11:09:00,-102.1797,31.9651, 775.9, 2284, 21.7,  8.7,  8.7, 43, 43, 9.17,262, 6.5
2026-06-10 11:09:01,-102.1796,31.9651, 775.4, 2289, 21.7,  8.6,  8.6, 43, 43, 9.07,262, 6.5
2026-06-10 11:09:02,-102.1796,31.9651, 774.9, 2295, 21.7,  8.4,  8.4, 42, 42, 8.95,263, 6.5
2026-06-10 11:09:03,-102.1795,31.9651, 774.5, 2299, 21.7,  8.3,  8.3, 42, 42, 8.88,264, 6.5
2026-06-10 11:09:04,-102.1794,31.9651, 774.1, 2304, 21.7,  7.9,  7.9, 41, 41, 8.68,264, 6.5
2026-06-10 11:09:05,-102.1793,31.9651, 773.6, 2309, 21.7,  7.5,  7.5, 40, 40, 8.45,265, 6.5
2026-06-10 11:09:06,-102.1793,31.9651, 773.2, 2314, 21.7,  7.1,  7.1, 39, 39, 8.21,265, 6.5
2026-06-10 11:09:07,-102.1792,31.9651, 772.8, 2319, 21.7,  6.7,  6.7, 38, 38, 7.97,266, 6.5
2026-06-10 11:09:08,-102.1791,31.9651, 772.4, 2324, 21.7,  6.2,  6.2, 37, 37, 7.73,266, 6.4
2026-06-10 11:09:09,-102.1791,31.9651, 772.0, 2328, 21.7,  5.8,  5.8, 35, 35, 7.49,266, 6.4
2026-06-10 11:09:10,-102.1790,31.9651, 771.6, 2332, 21.8,  5.3,  5.3, 34, 34, 7.25,266, 6.4
2026-06-10 11:09:11,-102.1789,31.9651, 771.2, 2337, 21.8,  4.8,  4.8, 33, 33, 7.02,266, 6.4
2026-06-10 11:09:12,-102.1789,31.9651, 770.7, 2341, 21.8,  4.3,  4.3, 32, 32, 6.78,266, 6.4
2026-06-10 11:09:13,-102.1788,31.9652, 770.2, 2346, 21.8,  3.8,  3.8, 31, 31, 6.54,266, 6.4
2026-06-10 11:09:14,-102.1787,31.9652, 769.7, 2352, 21.8,  3.3,  3.3, 30, 30, 6.30,266, 6.4
2026-06-10 11:09:15,-102.1787,31.9652, 769.3, 2358, 21.8,  2.7,  2.7, 28, 28, 6.05,266, 6.4
2026-06-10 11:09:16,-102.1786,31.9652, 768.8, 2363, 21.8,  2.1,  2.1, 27, 27, 5.82,267, 6.4
2026-06-10 11:09:17,-102.1785,31.9652, 768.3, 2369, 21.8,  1.7,  1.7, 26, 26, 5.62,267, 6.4
2026-06-10 11:09:18,-102.1785,31.9652, 767.8, 2375, 21.9,  1.4,  1.4, 26, 26, 5.52,267, 6.4
2026-06-10 11:09:19,-102.1784,31.9652, 767.3, 2380, 21.9,  1.2,  1.2, 25, 25, 5.43,267, 6.4
2026-06-10 11:09:20,-102.1783,31.9652, 766.8, 2386, 21.9,  0.9,  0.9, 25, 25, 5.33,267, 6.4
2026-06-10 11:09:21,-102.1783,31.9652, 766.3, 2392, 22.0,  0.6,  0.6, 24, 24, 5.23,267, 6.4
2026-06-10 11:09:22,-102.1782,31.9652, 765.8, 2397, 22.0,  0.4,  0.4, 24, 24, 5.13,267, 6.4
2026-06-10 11:09:23,-102.1781,31.9652, 765.3, 2403, 22.0,  0.1,  0.1, 23, 23, 5.03,267, 6.4
2026-06-10 11:09:24,-102.1781,31.9652, 764.8, 2409, 22.1, -0.2, -0.2, 23, 23, 4.93,267, 6.4
2026-06-10 11:09:25,-102.1780,31.9652, 764.2, 2415, 22.1, -0.5, -0.5, 22, 22, 4.83,268, 6.4
2026-06-10 11:09:26,-102.1779,31.9652, 763.7, 2421, 22.1, -0.8, -0.7, 22, 22, 4.72,268, 6.4
2026-06-10 11:09:27,-102.1779,31.9652, 763.2, 2427, 22.1, -1.1, -1.0, 21, 21, 4.62,268, 6.4
2026-06-10 11:09:28,-102.1778,31.9652, 762.6, 2433, 22.2, -1.4, -1.3, 21, 21, 4.52,269, 6.5
2026-06-10 11:09:29,-102.1777,31.9652, 762.1, 2439, 22.2, -1.7, -1.5, 20, 20, 4.42,269, 6.5
2026-06-10 11:09:30,-102.1776,31.9652, 761.6, 2445, 22.1, -2.2, -2.0, 20, 20, 4.26,270, 6.5
2026-06-10 11:09:31,-102.1776,31.9651, 761.2, 2450, 22.1, -1.7, -1.5, 20, 20, 4.43,270, 6.5
2026-06-10 11:09:32,-102.1775,31.9651, 760.8, 2455, 22.0, -1.1, -1.0, 21, 21, 4.63,271, 6.5
2026-06-10 11:09:33,-102.1774,31.9651, 760.3, 2460, 21.9, -0.6, -0.5, 22, 22, 4.82,271, 6.5
2026-06-10 11:09:34,-102.1774,31.9651, 759.9, 2465, 21.8, -0.1, -0.1, 23, 23, 5.02,272, 6.6
2026-06-10 11:09:35,-102.1773,31.9651, 759.4, 2470, 21.7,  0.4,  0.4, 24, 24, 5.21,272, 6.6
2026-06-10 11:09:36,-102.1772,31.9651, 759.0, 2475, 21.7,  0.9,  0.9, 25, 25, 5.40,273, 6.6
2026-06-10 11:09:37,-102.1771,31.9651, 758.5, 2480, 21.6,  1.4,  1.4, 26, 26, 5.59,273, 6.6
2026-06-10 11:09:38,-102.1771,31.9650, 758.1, 2485, 21.5,  1.8,  1.8, 27, 27, 5.77,274, 6.6
2026-06-10 11:09:39,-102.1770,31.9650, 757.6, 2491, 21.4,  2.3,  2.3, 28, 28, 5.96,274, 6.7
2026-06-10 11:09:40,-102.1769,31.9650, 757.2, 2496, 21.3,  2.7,  2.7, 29, 29, 6.14,275, 6.7
2026-06-10 11:09:41,-102.1768,31.9650, 756.7, 2501, 21.3,  3.1,  3.1, 30, 30, 6.32,275, 6.7
2026-06-10 11:09:42,-102.1768,31.9650, 756.3, 2506, 21.2,  3.5,  3.5, 31, 31, 6.51,276, 6.7
2026-06-10 11:09:43,-102.1767,31.9650, 755.8, 2510, 21.1,  3.9,  3.9, 32, 32, 6.69,276, 6.7
2026-06-10 11:09:44,-102.1766,31.9649, 755.4, 2515, 21.0,  4.1,  4.1, 33, 33, 6.80,277, 6.8
2026-06-10 11:09:45,-102.1766,31.9649, 754.9, 2520, 21.0,  4.1,  4.1, 33, 33, 6.82,277, 6.8
2026-06-10 11:09:46,-102.1765,31.9649, 754.5, 2525, 20.9,  4.1,  4.1, 33, 33, 6.83,278, 6.8
2026-06-10 11:09:47,-102.1764,31.9649, 754.1, 2531, 20.9,  4.1,  4.1, 33, 33, 6.84,279, 6.8
2026-06-10 11:09:48,-102.1763,31.9649, 753.5, 2537, 20.8,  4.2,  4.2, 33, 33, 6.85,279, 6.8
2026-06-10 11:09:49,-102.1763,31.9649, 753.0, 2543, 20.8,  4.2,  4.2, 34, 34, 6.86,280, 6.9
2026-06-10 11:09:50,-102.1762,31.9649, 752.4, 2550, 20.7,  4.2,  4.2, 34, 34, 6.87,281, 6.9
2026-06-10 11:09:51,-102.1761,31.9648, 751.9, 2556, 20.7,  4.2,  4.2, 34, 34, 6.89,281, 6.9
2026-06-10 11:09:52,-102.1760,31.9648, 751.4, 2562, 20.6,  4.2,  4.2, 34, 34, 6.90,282, 6.9
2026-06-10 11:09:53,-102.1760,31.9648, 750.8, 2568, 20.5,  4.2,  4.2, 34, 34, 6.91,283, 7.0
2026-06-10 11:09:54,-102.1759,31.9648, 750.3, 2575, 20.5,  4.2,  4.2, 34, 34, 6.92,283, 7.0
2026-06-10 11:09:55,-102.1758,31.9648, 749.8, 2581, 20.4,  4.2,  4.2, 34, 34, 6.93,284, 7.0
2026-06-10 11:09:56,-102.1757,31.9648, 749.3, 2587, 20.4,  4.3,  4.3, 35, 35, 6.95,285, 7.0
2026-06-10 11:09:57,-102.1757,31.9648, 748.7, 2594, 20.4,  4.3,  4.3, 35, 35, 6.98,285, 7.1
2026-06-10 11:09:58,-102.1756,31.9647, 748.2, 2599, 20.4,  4.0,  4.0, 34, 34, 6.83,286, 7.1
2026-06-10 11:09:59,-102.1756,31.9647, 747.7, 2605, 20.4,  3.6,  3.6, 33, 33, 6.66,287, 7.1
2026-06-10 11:10:00,-102.1755,31.9647, 747.2, 2610, 20.4,  3.3,  3.3, 32, 32, 6.49,287, 7.2
2026-06-10 11:10:01,-102.1754,31.9647, 746.7, 2616, 20.4,  2.9,  2.9, 31, 31, 6.32,288, 7.2
2026-06-10 11:10:02,-102.1754,31.9647, 746.2, 2621, 20.4,  2.5,  2.5, 31, 31, 6.15,288, 7.2
2026-06-10 11:10:03,-102.1753,31.9646, 745.7, 2627, 20.4,  2.1,  2.1, 30, 30, 5.99,289, 7.3
2026-06-10 11:10:04,-102.1753,31.9646, 745.3, 2633, 20.4,  1.7,  1.7, 29, 29, 5.82,290, 7.3
2026-06-10 11:10:05,-102.1752,31.9646, 744.8, 2638, 20.4,  1.3,  1.3, 28, 28, 5.65,290, 7.3
2026-06-10 11:10:06,-102.1752,31.9646, 744.3, 2644, 20.4,  0.9,  0.9, 27, 27, 5.48,291, 7.4
2026-06-10 11:10:07,-102.1751,31.9646, 743.8, 2649, 20.4,  0.4,  0.4, 26, 26, 5.31,291, 7.3
2026-06-10 11:10:08,-102.1751,31.9645, 743.3, 2655, 20.4, -0.0, -0.0, 26, 26, 5.15,291, 7.2
2026-06-10 11:10:09,-102.1750,31.9645, 742.8, 2660, 20.4, -0.5, -0.4, 25, 25, 4.98,291, 7.1
2026-06-10 11:10:10,-102.1750,31.9645, 742.3, 2666, 20.4, -1.0, -0.9, 24, 24, 4.80,291, 7.0
2026-06-10 11:10:11,-102.1749,31.9645, 741.8, 2672, 20.3, -1.3, -1.2, 23, 23, 4.69,291, 6.9
2026-06-10 11:10:12,-102.1748,31.9645, 741.4, 2678, 20.3, -1.5, -1.3, 23, 23, 4.63,291, 6.8
2026-06-10 11:10:13,-102.1748,31.9644, 740.9, 2684, 20.3, -1.7, -1.5, 23, 23, 4.57,291, 6.7
2026-06-10 11:10:14,-102.1747,31.9644, 740.4, 2690, 20.3, -1.8, -1.6, 22, 22, 4.52,291, 6.6
2026-06-10 11:10:15,-102.1747,31.9644, 740.0, 2695, 20.3, -2.0, -1.8, 22, 22, 4.46,291, 6.5
2026-06-10 11:10:16,-102.1746,31.9644, 739.5, 2700, 20.2, -2.2, -2.0, 22, 22, 4.40,291, 6.4
2026-06-10 11:10:17,-102.1746,31.9644, 739.0, 2705, 20.2, -2.4, -2.1, 22, 22, 4.34,291, 6.3
2026-06-10 11:10:18,-102.1745,31.9643, 738.6, 2710, 20.2, -2.6, -2.3, 21, 21, 4.28,291, 6.2
2026-06-10 11:10:19,-102.1745,31.9643, 738.1, 2715, 20.2, -2.8, -2.5, 21, 21, 4.22,292, 6.2
2026-06-10 11:10:20,-102.1744,31.9643, 737.7, 2720, 20.2, -3.0, -2.6, 21, 21, 4.17,292, 6.1
2026-06-10 11:10:21,-102.1744,31.9643, 737.2, 2726, 20.1, -3.2, -2.8, 21, 21, 4.11,292, 6.0
2026-06-10 11:10:22,-102.1743,31.9642, 736.8, 2731, 20.1, -3.4, -3.0, 20, 20, 4.05,292, 5.9
2026-06-10 11:10:23,-102.1743,31.9642, 736.3, 2737, 20.1, -3.6, -3.2, 20, 20, 3.99,292, 5.8
2026-06-10 11:10:24,-102.1742,31.9642, 735.9, 2742, 20.1, -3.8, -3.3, 20, 20, 3.94,292, 5.7
2026-06-10 11:10:25,-102.1741,31.9642, 735.4, 2747, 20.0, -3.4, -3.0, 20, 20, 4.04,292, 5.6
2026-06-10 11:10:26,-102.1741,31.9642, 734.9, 2753, 20.0, -3.1, -2.8, 21, 21, 4.13,292, 5.5
2026-06-10 11:10:27,-102.1740,31.9641, 734.4, 2759, 20.0, -2.8, -2.5, 21, 21, 4.23,293, 5.4
2026-06-10 11:10:28,-102.1740,31.9641, 733.9, 2764, 19.9, -2.6, -2.3, 22, 22, 4.32,294, 5.3
2026-06-10 11:10:29,-102.1739,31.9641, 733.4, 2770, 19.9, -2.3, -2.0, 22, 22, 4.41,295, 5.2
2026-06-10 11:10:30,-102.1739,31.9641, 732.9, 2776, 19.9, -2.0, -1.8, 23, 23, 4.50,296, 5.2
2026-06-10 11:10:31,-102.1739,31.9640, 732.4, 2782, 19.8, -1.8, -1.6, 23, 23, 4.60,297, 5.1
2026-06-10 11:10:32,-102.1738,31.9640, 731.9, 2788, 19.8, -1.5, -1.3, 24, 24, 4.69,297, 5.1
2026-06-10 11:10:33,-102.1738,31.9640, 731.4, 2794, 19.8, -1.2, -1.1, 24, 24, 4.78,299, 5.0
2026-06-10 11:10:34,-102.1738,31.9640, 730.9, 2800, 19.7, -1.0, -0.9, 25, 25, 4.87,300, 4.9
2026-06-10 11:10:35,-102.1738,31.9639, 730.4, 2806, 19.7, -0.8, -0.7, 25, 25, 4.96,301, 4.9
2026-06-10 11:10:36,-102.1737,31.9639, 729.9, 2812, 19.7, -0.5, -0.5, 26, 26, 5.06,302, 4.8
2026-06-10 11:10:37,-102.1737,31.9639, 729.4, 2818, 19.6, -0.3, -0.3, 26, 26, 5.14,303, 4.7
2026-06-10 11:10:38,-102.1737,31.9638, 728.8, 2825, 19.5, -0.0, -0.1, 27, 27, 5.24,304, 4.6
2026-06-10 11:10:39,-102.1736,31.9638, 728.3, 2831, 19.5,  0.2,  0.2, 28, 28, 5.35,305, 4.6
2026-06-10 11:10:40,-102.1736,31.9638, 727.8, 2837, 19.4,  0.5,  0.5, 28, 28, 5.46,307, 4.5
2026-06-10 11:10:41,-102.1736,31.9638, 727.3, 2843, 19.3,  0.8,  0.8, 29, 29, 5.57,308, 4.4
2026-06-10 11:10:42,-102.1736,31.9637, 726.8, 2848, 19.2,  1.0,  1.0, 30, 30, 5.67,309, 4.4
2026-06-10 11:10:43,-102.1735,31.9637, 726.3, 2854, 19.2,  1.3,  1.3, 30, 30, 5.78,311, 4.3
2026-06-10 11:10:44,-102.1735,31.9637, 725.8, 2860, 19.1,  1.5,  1.5, 31, 31, 5.89,312, 4.2
2026-06-10 11:10:45,-102.1735,31.9636, 725.3, 2866, 19.0,  1.7,  1.7, 31, 31, 5.99,314, 4.1
2026-06-10 11:10:46,-102.1735,31.9636, 724.8, 2872, 19.0,  2.0,  2.0, 32, 32, 6.09,315, 4.1
2026-06-10 11:10:47,-102.1734,31.9636, 724.3, 2878, 18.9,  2.2,  2.2, 33, 33, 6.20,316, 4.1
2026-06-10 11:10:48,-102.1734,31.9635, 723.8, 2884, 18.8,  2.4,  2.4, 33, 33, 6.30,316, 4.1
2026-06-10 11:10:49,-102.1734,31.9635, 723.3, 2889, 18.8,  2.6,  2.6, 34, 34, 6.40,317, 4.1
2026-06-10 11:10:50,-102.1733,31.9635, 722.8, 2895, 18.7,  2.8,  2.8, 35, 35, 6.51,318, 4.1
2026-06-10 11:10:51,-102.1733,31.9635, 722.3, 2901, 18.6,  3.0,  3.0, 35, 35, 6.60,319, 4.1
2026-06-10 11:10:52,-102.1733,31.9634, 721.8, 2907, 18.6,  3.1,  3.1, 36, 36, 6.62,319, 4.1
2026-06-10 11:10:53,-102.1733,31.9634, 721.4, 2913, 18.5,  3.1,  3.1, 36, 36, 6.64,320, 4.1
2026-06-10 11:10:54,-102.1732,31.9634, 720.9, 2919, 18.5,  3.1,  3.1, 36, 36, 6.67,321, 4.1
2026-06-10 11:10:55,-102.1732,31.9633, 720.5, 2924, 18.4,  3.2,  3.2, 36, 36, 6.69,321, 4.1
2026-06-10 11:10:56,-102.1732,31.9633, 720.1, 2929, 18.4,  3.2,  3.2, 36, 36, 6.71,322, 4.1
2026-06-10 11:10:57,-102.1732,31.9633, 719.6, 2934, 18.3,  3.2,  3.2, 37, 37, 6.73,323, 4.2
2026-06-10 11:10:58,-102.1731,31.9633, 719.2, 2939, 18.3,  3.3,  3.3, 37, 37, 6.75,323, 4.2
2026-06-10 11:10:59,-102.1731,31.9632, 718.8, 2943, 18.2,  3.3,  3.3, 37, 37, 6.77,324, 4.2
2026-06-10 11:11:00,-102.1731,31.9632, 718.4, 2948, 18.2,  3.3,  3.3, 37, 37, 6.79,325, 4.2
2026-06-10 11:11:01,-102.1731,31.9631, 717.9, 2953, 18.1,  3.4,  3.4, 37, 37, 6.81,325, 4.2
2026-06-10 11:11:02,-102.1731,31.9631, 717.5, 2958, 18.1,  3.4,  3.4, 38, 38, 6.83,326, 4.2
2026-06-10 11:11:03,-102.1731,31.9631, 717.1, 2963, 18.0,  3.4,  3.4, 38, 38, 6.85,327, 4.2
2026-06-10 11:11:04,-102.1730,31.9630, 716.7, 2969, 18.0,  3.5,  3.5, 38, 38, 6.87,327, 4.2
2026-06-10 11:11:05,-102.1730,31.9630, 716.2, 2974, 17.9,  3.5,  3.5, 38, 38, 6.87,328, 4.3
2026-06-10 11:11:06,-102.1730,31.9630, 715.8, 2979, 17.9,  3.5,  3.5, 38, 38, 6.87,329, 4.3
2026-06-10 11:11:07,-102.1730,31.9629, 715.3, 2985, 17.8,  3.4,  3.4, 38, 38, 6.87,330, 4.3
2026-06-10 11:11:08,-102.1730,31.9629, 714.8, 2991, 17.7,  3.4,  3.4, 39, 39, 6.87,331, 4.3
2026-06-10 11:11:09,-102.1730,31.9628, 714.3, 2997, 17.7,  3.4,  3.4, 39, 39, 6.87,332, 4.3
2026-06-10 11:11:10,-102.1730,31.9628, 713.8, 3003, 17.6,  3.4,  3.4, 39, 39, 6.86,333, 4.3
2026-06-10 11:11:11,-102.1729,31.9628, 713.3, 3009, 17.6,  3.4,  3.4, 39, 39, 6.86,334, 4.3
2026-06-10 11:11:12,-102.1729,31.9627, 712.8, 3015, 17.5,  3.4,  3.4, 39, 39, 6.86,335, 4.4
2026-06-10 11:11:13,-102.1729,31.9627, 712.2, 3021, 17.5,  3.4,  3.4, 39, 39, 6.86,336, 4.4
2026-06-10 11:11:14,-102.1729,31.9626, 711.7, 3028, 17.4,  3.4,  3.4, 39, 39, 6.86,337, 4.4
2026-06-10 11:11:15,-102.1729,31.9626, 711.2, 3034, 17.4,  3.3,  3.3, 39, 39, 6.86,338, 4.4
2026-06-10 11:11:16,-102.1729,31.9626, 710.7, 3041, 17.3,  3.3,  3.3, 39, 39, 6.85,339, 4.4
2026-06-10 11:11:17,-102.1729,31.9625, 710.1, 3047, 17.3,  3.3,  3.3, 39, 39, 6.86,340, 4.4
2026-06-10 11:11:18,-102.1728,31.9625, 709.7, 3053, 17.2,  3.3,  3.3, 39, 39, 6.85,340, 4.5
2026-06-10 11:11:19,-102.1728,31.9625, 709.3, 3058, 17.2,  3.3,  3.3, 40, 40, 6.85,341, 4.5
2026-06-10 11:11:20,-102.1728,31.9624, 708.9, 3062, 17.1,  3.3,  3.3, 40, 40, 6.85,342, 4.5
2026-06-10 11:11:21,-102.1728,31.9624, 708.5, 3067, 17.1,  3.3,  3.3, 40, 40, 6.85,343, 4.5
2026-06-10 11:11:22,-102.1728,31.9623, 708.1, 3071, 17.0,  3.3,  3.3, 40, 40, 6.85,344, 4.5
2026-06-10 11:11:23,-102.1728,31.9623, 707.7, 3076, 17.0,  3.2,  3.2, 40, 40, 6.84,345, 4.5
2026-06-10 11:11:24,-102.1728,31.9623, 707.3, 3081, 16.9,  3.2,  3.2, 40, 40, 6.84,346, 4.5
2026-06-10 11:11:25,-102.1727,31.9622, 706.9, 3086, 16.9,  3.2,  3.2, 40, 40, 6.83,347, 4.6
2026-06-10 11:11:26,-102.1727,31.9622, 706.5, 3090, 16.8,  3.2,  3.2, 40, 40, 6.83,348, 4.6
2026-06-10 11:11:27,-102.1727,31.9622, 706.1, 3095, 16.8,  3.2,  3.2, 40, 40, 6.83,347, 4.6
2026-06-10 11:11:28,-102.1727,31.9621, 705.7, 3100, 16.8,  3.2,  3.2, 40, 40, 6.83,346, 4.5
2026-06-10 11:11:29,-102.1727,31.9621, 705.3, 3105, 16.7,  3.2,  3.2, 40, 40, 6.82,345, 4.5
2026-06-10 11:11:30,-102.1727,31.9620, 704.9, 3110, 16.7,  3.1,  3.1, 40, 40, 6.82,344, 4.5
2026-06-10 11:11:31,-102.1726,31.9620, 704.5, 3114, 16.6,  3.1,  3.1, 40, 40, 6.81,343, 4.5
2026-06-10 11:11:32,-102.1726,31.9620, 704.1, 3119, 16.6,  3.1,  3.1, 41, 41, 6.81,343, 4.5
2026-06-10 11:11:33,-102.1726,31.9619, 703.7, 3124, 16.5,  3.1,  3.1, 41, 41, 6.80,342, 4.5
2026-06-10 11:11:34,-102.1726,31.9619, 703.3, 3129, 16.5,  3.0,  3.0, 41, 41, 6.79,341, 4.5
2026-06-10 11:11:35,-102.1725,31.9619, 702.9, 3134, 16.4,  3.0,  3.0, 41, 41, 6.77,340, 4.5
2026-06-10 11:11:36,-102.1725,31.9618, 702.5, 3139, 16.4,  3.0,  3.0, 41, 41, 6.77,339, 4.5
2026-06-10 11:11:37,-102.1725,31.9618, 702.0, 3145, 16.3,  3.0,  3.0, 41, 41, 6.76,338, 4.4
2026-06-10 11:11:38,-102.1725,31.9618, 701.6, 3150, 16.3,  2.9,  2.9, 41, 41, 6.75,337, 4.4
2026-06-10 11:11:39,-102.1724,31.9617, 701.2, 3155, 16.2,  2.9,  2.9, 41, 41, 6.74,336, 4.4
2026-06-10 11:11:40,-102.1724,31.9617, 700.7, 3161, 16.2,  2.9,  2.9, 41, 41, 6.73,336, 4.4
2026-06-10 11:11:41,-102.1724,31.9617, 700.3, 3166, 16.1,  2.8,  2.8, 41, 41, 6.72,335, 4.4
2026-06-10 11:11:42,-102.1724,31.9616, 700.0, 3169, 16.1,  2.8,  2.8, 41, 41, 6.72,334, 4.4
2026-06-10 11:11:43,-102.1723,31.9616, 699.3, 3177, 16.0,  2.8,  2.8, 41, 41, 6.70,333, 4.3
2026-06-10 11:11:44,-102.1723,31.9615, 698.9, 3183, 16.0,  2.8,  2.8, 41, 41, 6.69,332, 4.3
2026-06-10 11:11:45,-102.1723,31.9615, 698.4, 3189, 15.9,  2.7,  2.7, 41, 41, 6.68,331, 4.3
2026-06-10 11:11:46,-102.1723,31.9615, 697.9, 3194, 15.9,  2.7,  2.7, 41, 41, 6.67,330, 4.3
2026-06-10 11:11:47,-102.1722,31.9614, 697.5, 3200, 15.8,  2.7,  2.7, 41, 41, 6.66,330, 4.4
2026-06-10 11:11:48,-102.1722,31.9614, 696.9, 3206, 15.7,  2.6,  2.6, 41, 41, 6.65,330, 4.4
2026-06-10 11:11:49,-102.1722,31.9614, 696.4, 3213, 15.7,  2.6,  2.6, 41, 41, 6.64,330, 4.4
2026-06-10 11:11:50,-102.1722,31.9613, 695.9, 3219, 15.6,  2.5,  2.5, 41, 41, 6.62,330, 4.4
2026-06-10 11:11:51,-102.1721,31.9613, 695.3, 3226, 15.6,  2.5,  2.5, 41, 41, 6.61,330, 4.5
2026-06-10 11:11:52,-102.1721,31.9613, 694.8, 3233, 15.5,  2.5,  2.5, 41, 41, 6.60,331, 4.5
2026-06-10 11:11:53,-102.1721,31.9612, 694.3, 3239, 15.5,  2.4,  2.4, 41, 41, 6.59,331, 4.5
2026-06-10 11:11:54,-102.1721,31.9612, 693.8, 3245, 15.4,  2.4,  2.4, 42, 42, 6.58,331, 4.5
2026-06-10 11:11:55,-102.1721,31.9612, 693.3, 3251, 15.3,  2.4,  2.4, 42, 42, 6.57,331, 4.6
2026-06-10 11:11:56,-102.1720,31.9611, 692.8, 3257, 15.3,  2.3,  2.3, 42, 42, 6.55,331, 4.6
2026-06-10 11:11:57,-102.1720,31.9611, 692.3, 3263, 15.2,  2.3,  2.3, 42, 42, 6.54,331, 4.6
2026-06-10 11:11:58,-102.1720,31.9611, 691.9, 3269, 15.2,  2.3,  2.3, 42, 42, 6.53,331, 4.6
2026-06-10 11:11:59,-102.1720,31.9610, 691.4, 3275, 15.1,  2.3,  2.3, 42, 42, 6.53,331, 4.7
2026-06-10 11:12:00,-102.1719,31.9610, 690.9, 3280, 15.1,  2.2,  2.2, 42, 42, 6.52,331, 4.7
2026-06-10 11:12:01,-102.1719,31.9609, 690.5, 3286, 15.0,  2.2,  2.2, 42, 42, 6.52,331, 4.7
2026-06-10 11:12:02,-102.1719,31.9609, 690.0, 3291, 15.0,  2.2,  2.2, 42, 42, 6.52,331, 4.8
2026-06-10 11:12:03,-102.1719,31.9609, 689.6, 3296, 14.9,  2.2,  2.2, 42, 42, 6.51,331, 4.8
2026-06-10 11:12:04,-102.1719,31.9608, 689.1, 3302, 14.9,  2.2,  2.2, 42, 42, 6.51,331, 4.8
2026-06-10 11:12:05,-102.1719,31.9608, 688.7, 3308, 14.8,  2.2,  2.2, 42, 42, 6.51,331, 4.8
2026-06-10 11:12:06,-102.1719,31.9607, 688.2, 3313, 14.8,  2.1,  2.1, 42, 42, 6.50,332, 4.9
2026-06-10 11:12:07,-102.1718,31.9607, 687.8, 3319, 14.7,  2.1,  2.1, 42, 42, 6.50,332, 4.8
2026-06-10 11:12:08,-102.1718,31.9607, 687.3, 3325, 14.7,  2.1,  2.1, 43, 43, 6.49,333, 4.8
2026-06-10 11:12:09,-102.1718,31.9606, 686.9, 3331, 14.6,  2.1,  2.1, 43, 43, 6.49,333, 4.7
2026-06-10 11:12:10,-102.1718,31.9606, 686.4, 3336, 14.6,  2.1,  2.1, 43, 43, 6.49,334, 4.7
2026-06-10 11:12:11,-102.1718,31.9606, 686.0, 3341, 14.5,  2.0,  2.0, 43, 43, 6.48,335, 4.7
2026-06-10 11:12:12,-102.1718,31.9605, 685.6, 3346, 14.5,  2.0,  2.0, 43, 43, 6.48,335, 4.6
2026-06-10 11:12:13,-102.1718,31.9605, 685.2, 3351, 14.5,  2.0,  2.0, 43, 43, 6.47,336, 4.6
2026-06-10 11:12:14,-102.1718,31.9604, 684.8, 3356, 14.4,  2.0,  2.0, 43, 43, 6.47,337, 4.5
2026-06-10 11:12:15,-102.1717,31.9604, 684.4, 3361, 14.4,  2.0,  2.0, 43, 43, 6.47,337, 4.5
2026-06-10 11:12:16,-102.1717,31.9604, 684.0, 3365, 14.3,  2.0,  2.0, 43, 43, 6.47,338, 4.5
2026-06-10 11:12:17,-102.1717,31.9603, 683.6, 3370, 14.3,  2.0,  2.0, 43, 43, 6.46,339, 4.4
2026-06-10 11:12:18,-102.1717,31.9603, 683.2, 3375, 14.3,  1.9,  1.9, 43, 43, 6.46,339, 4.4
2026-06-10 11:12:19,-102.1717,31.9602, 682.9, 3380, 14.2,  1.9,  1.9, 43, 43, 6.45,340, 4.4
2026-06-10 11:12:20,-102.1717,31.9602, 682.5, 3384, 14.2,  1.9,  1.9, 43, 43, 6.45,341, 4.3
2026-06-10 11:12:21,-102.1717,31.9602, 682.2, 3389, 14.1,  1.9,  1.9, 43, 43, 6.45,342, 4.3
2026-06-10 11:12:22,-102.1716,31.9601, 681.8, 3393, 14.1,  1.9,  1.9, 44, 44, 6.44,342, 4.3
2026-06-10 11:12:23,-102.1716,31.9601, 681.4, 3397, 14.0,  1.9,  1.9, 44, 44, 6.44,343, 4.2
2026-06-10 11:12:24,-102.1716,31.9601, 681.1, 3401, 14.0,  1.8,  1.8, 44, 44, 6.43,344, 4.2
2026-06-10 11:12:25,-102.1716,31.9600, 680.7, 3405, 14.0,  1.8,  1.8, 44, 44, 6.42,345, 4.2
2026-06-10 11:12:26,-102.1716,31.9600, 680.4, 3409, 13.9,  1.8,  1.8, 44, 44, 6.41,346, 4.1
2026-06-10 11:12:27,-102.1716,31.9599, 680.0, 3414, 13.9,  1.7,  1.7, 44, 44, 6.40,346, 4.2
2026-06-10 11:12:28,-102.1716,31.9599, 679.6, 3419, 13.8,  1.7,  1.7, 44, 44, 6.39,346, 4.3
2026-06-10 11:12:29,-102.1716,31.9599, 679.3, 3424, 13.8,  1.7,  1.7, 44, 44, 6.38,346, 4.3
2026-06-10 11:12:30,-102.1715,31.9598, 678.9, 3429, 13.8,  1.6,  1.6, 44, 44, 6.36,346, 4.4
2026-06-10 11:12:31,-102.1715,31.9598, 678.5, 3434, 13.7,  1.6,  1.6, 44, 44, 6.35,346, 4.4
2026-06-10 11:12:32,-102.1715,31.9597, 678.1, 3438, 13.7,  1.6,  1.6, 44, 44, 6.34,346, 4.5
2026-06-10 11:12:33,-102.1715,31.9597, 677.7, 3443, 13.6,  1.6,  1.6, 44, 44, 6.33,346, 4.6
2026-06-10 11:12:34,-102.1715,31.9596, 677.3, 3448, 13.6,  1.5,  1.5, 44, 44, 6.32,346, 4.6
2026-06-10 11:12:35,-102.1715,31.9596, 676.9, 3453, 13.6,  1.5,  1.5, 44, 44, 6.31,346, 4.7
2026-06-10 11:12:36,-102.1714,31.9595, 676.5, 3458, 13.5,  1.5,  1.5, 44, 44, 6.30,346, 4.7
2026-06-10 11:12:37,-102.1714,31.9595, 676.1, 3463, 13.5,  1.4,  1.4, 44, 44, 6.28,346, 4.8
2026-06-10 11:12:38,-102.1714,31.9594, 675.7, 3468, 13.4,  1.4,  1.4, 44, 44, 6.28,346, 4.9
2026-06-10 11:12:39,-102.1714,31.9594, 675.3, 3473, 13.4,  1.4,  1.4, 44, 44, 6.27,346, 4.9
2026-06-10 11:12:40,-102.1714,31.9593, 674.9, 3478, 13.3,  1.3,  1.3, 44, 44, 6.26,346, 5.0
2026-06-10 11:12:41,-102.1714,31.9593, 674.5, 3483, 13.3,  1.3,  1.3, 44, 44, 6.26,346, 5.1
2026-06-10 11:12:42,-102.1714,31.9593, 674.0, 3488, 13.3,  1.3,  1.3, 44, 44, 6.25,346, 5.1
2026-06-10 11:12:43,-102.1713,31.9592, 673.6, 3493, 13.2,  1.3,  1.3, 44, 44, 6.24,346, 5.2
2026-06-10 11:12:44,-102.1713,31.9592, 673.1, 3499, 13.2,  1.3,  1.3, 44, 44, 6.24,346, 5.2
2026-06-10 11:12:45,-102.1713,31.9591, 672.6, 3506, 13.1,  1.2,  1.2, 44, 44, 6.23,346, 5.3
2026-06-10 11:12:46,-102.1713,31.9591, 672.1, 3512, 13.1,  1.2,  1.2, 44, 44, 6.23,346, 5.4
2026-06-10 11:12:47,-102.1713,31.9590, 671.7, 3519, 13.0,  1.2,  1.2, 44, 44, 6.22,346, 5.4
2026-06-10 11:12:48,-102.1713,31.9590, 671.3, 3525, 13.0,  1.2,  1.2, 44, 44, 6.22,346, 5.4
2026-06-10 11:12:49,-102.1713,31.9589, 671.0, 3529, 12.9,  1.1,  1.1, 45, 45, 6.21,346, 5.4
2026-06-10 11:12:50,-102.1712,31.9589, 670.6, 3533, 12.9,  1.1,  1.1, 45, 45, 6.20,346, 5.4
2026-06-10 11:12:51,-102.1712,31.9588, 670.3, 3536, 12.9,  1.1,  1.1, 45, 45, 6.19,346, 5.4
2026-06-10 11:12:52,-102.1712,31.9588, 670.0, 3540, 12.8,  1.1,  1.1, 45, 45, 6.19,346, 5.4
2026-06-10 11:12:53,-102.1712,31.9587, 669.6, 3544, 12.8,  1.1,  1.1, 45, 45, 6.18,345, 5.5
2026-06-10 11:12:54,-102.1712,31.9587, 669.2, 3548, 12.7,  1.0,  1.0, 45, 45, 6.18,345, 5.5
2026-06-10 11:12:55,-102.1712,31.9586, 668.9, 3553, 12.7,  1.0,  1.0, 45, 45, 6.17,345, 5.5
2026-06-10 11:12:56,-102.1712,31.9586, 668.5, 3558, 12.6,  1.0,  1.0, 45, 45, 6.17,345, 5.5
2026-06-10 11:12:57,-102.1711,31.9585, 668.1, 3563, 12.6,  1.0,  1.0, 45, 45, 6.16,345, 5.5
2026-06-10 11:12:58,-102.1711,31.9585, 667.7, 3568, 12.5,  1.0,  1.0, 45, 45, 6.16,345, 5.5
2026-06-10 11:12:59,-102.1711,31.9584, 667.4, 3573, 12.5,  0.9,  0.9, 45, 45, 6.15,345, 5.6
2026-06-10 11:13:00,-102.1711,31.9584, 667.0, 3578, 12.5,  0.9,  0.9, 45, 45, 6.15,345, 5.6
2026-06-10 11:13:01,-102.1711,31.9583, 666.6, 3583, 12.4,  0.9,  0.9, 45, 45, 6.14,345, 5.6
2026-06-10 11:13:02,-102.1710,31.9583, 666.2, 3588, 12.4,  0.9,  0.9, 45, 45, 6.14,345, 5.6
2026-06-10 11:13:03,-102.1710,31.9582, 665.8, 3593, 12.3,  0.9,  0.9, 45, 45, 6.13,344, 5.6
2026-06-10 11:13:04,-102.1710,31.9582, 665.4, 3598, 12.3,  0.8,  0.8, 45, 45, 6.13,344, 5.6
2026-06-10 11:13:05,-102.1710,31.9581, 665.0, 3603, 12.2,  0.8,  0.8, 46, 46, 6.13,344, 5.7
2026-06-10 11:13:06,-102.1709,31.9581, 664.6, 3608, 12.2,  0.8,  0.8, 46, 46, 6.13,344, 5.7
2026-06-10 11:13:07,-102.1709,31.9580, 664.2, 3613, 12.2,  0.8,  0.8, 46, 46, 6.14,344, 5.7
2026-06-10 11:13:08,-102.1709,31.9580, 663.8, 3618, 12.1,  0.8,  0.8, 46, 46, 6.14,343, 5.7
2026-06-10 11:13:09,-102.1709,31.9579, 663.4, 3622, 12.1,  0.8,  0.8, 46, 46, 6.14,343, 5.8
2026-06-10 11:13:10,-102.1708,31.9579, 663.0, 3627, 12.0,  0.8,  0.8, 46, 46, 6.14,342, 5.8
2026-06-10 11:13:11,-102.1708,31.9578, 662.6, 3632, 12.0,  0.8,  0.8, 46, 46, 6.15,342, 5.9
2026-06-10 11:13:12,-102.1708,31.9578, 662.3, 3637, 12.0,  0.8,  0.8, 46, 46, 6.15,341, 5.9
2026-06-10 11:13:13,-102.1708,31.9577, 661.9, 3641, 11.9,  0.8,  0.8, 47, 47, 6.15,341, 6.0
2026-06-10 11:13:14,-102.1707,31.9577, 661.6, 3645, 11.9,  0.8,  0.8, 47, 47, 6.16,341, 6.0
2026-06-10 11:13:15,-102.1707,31.9576, 661.3, 3650, 11.8,  0.8,  0.8, 47, 47, 6.16,340, 6.0
2026-06-10 11:13:16,-102.1707,31.9576, 660.9, 3654, 11.8,  0.8,  0.8, 47, 47, 6.16,340, 6.1
2026-06-10 11:13:17,-102.1707,31.9575, 660.6, 3658, 11.8,  0.8,  0.8, 47, 47, 6.17,339, 6.1
2026-06-10 11:13:18,-102.1706,31.9574, 660.3, 3662, 11.7,  0.8,  0.8, 47, 47, 6.17,339, 6.2
2026-06-10 11:13:19,-102.1706,31.9574, 659.9, 3666, 11.7,  0.8,  0.8, 47, 47, 6.16,339, 6.2
2026-06-10 11:13:20,-102.1706,31.9573, 659.6, 3670, 11.6,  0.8,  0.8, 47, 47, 6.15,338, 6.3
2026-06-10 11:13:21,-102.1705,31.9573, 659.3, 3674, 11.6,  0.8,  0.8, 47, 47, 6.15,338, 6.3
2026-06-10 11:13:22,-102.1705,31.9572, 659.0, 3678, 11.5,  0.7,  0.7, 47, 47, 6.14,337, 6.4
2026-06-10 11:13:23,-102.1705,31.9572, 658.7, 3682, 11.5,  0.7,  0.7, 47, 47, 6.14,337, 6.4
2026-06-10 11:13:24,-102.1705,31.9571, 658.3, 3687, 11.5,  0.7,  0.7, 48, 48, 6.13,337, 6.4
2026-06-10 11:13:25,-102.1704,31.9571, 657.9, 3692, 11.4,  0.7,  0.7, 48, 48, 6.13,336, 6.5
2026-06-10 11:13:26,-102.1704,31.9570, 657.5, 3698, 11.4,  0.7,  0.7, 48, 48, 6.12,336, 6.5
2026-06-10 11:13:27,-102.1704,31.9570, 657.1, 3703, 11.3,  0.6,  0.6, 48, 48, 6.11,336, 6.5
2026-06-10 11:13:28,-102.1704,31.9569, 656.7, 3708, 11.3,  0.6,  0.6, 48, 48, 6.11,336, 6.5
2026-06-10 11:13:29,-102.1703,31.9569, 656.3, 3712, 11.3,  0.6,  0.6, 48, 48, 6.10,336, 6.5
2026-06-10 11:13:30,-102.1703,31.9568, 656.0, 3717, 11.2,  0.6,  0.6, 48, 48, 6.10,336, 6.5
2026-06-10 11:13:31,-102.1703,31.9568, 655.6, 3721, 11.2,  0.6,  0.6, 48, 48, 6.09,336, 6.4
2026-06-10 11:13:32,-102.1703,31.9567, 655.2, 3726, 11.1,  0.5,  0.5, 48, 48, 6.08,336, 6.4
2026-06-10 11:13:33,-102.1702,31.9566, 654.8, 3730, 11.1,  0.5,  0.5, 48, 48, 6.07,336, 6.4
2026-06-10 11:13:34,-102.1702,31.9566, 654.5, 3735, 11.0,  0.5,  0.5, 48, 48, 6.06,336, 6.4
2026-06-10 11:13:35,-102.1702,31.9565, 654.1, 3740, 11.0,  0.5,  0.5, 48, 48, 6.06,336, 6.4
2026-06-10 11:13:36,-102.1702,31.9565, 653.7, 3746, 10.9,  0.4,  0.4, 48, 48, 6.05,336, 6.3
2026-06-10 11:13:37,-102.1701,31.9564, 653.2, 3751, 10.9,  0.4,  0.4, 48, 48, 6.04,336, 6.3
2026-06-10 11:13:38,-102.1701,31.9564, 652.8, 3757, 10.8,  0.4,  0.4, 48, 48, 6.03,336, 6.3
2026-06-10 11:13:39,-102.1701,31.9563, 652.4, 3762, 10.8,  0.3,  0.3, 48, 48, 6.03,336, 6.3
2026-06-10 11:13:40,-102.1700,31.9563, 652.0, 3768, 10.7,  0.3,  0.3, 49, 49, 6.02,336, 6.3
2026-06-10 11:13:41,-102.1700,31.9562, 651.5, 3774, 10.7,  0.3,  0.3, 49, 49, 6.01,336, 6.2
2026-06-10 11:13:42,-102.1700,31.9561, 651.1, 3779, 10.6,  0.3,  0.3, 49, 49, 6.00,336, 6.2
2026-06-10 11:13:43,-102.1700,31.9561, 650.7, 3785, 10.6,  0.2,  0.2, 49, 49, 5.99,336, 6.2
2026-06-10 11:13:44,-102.1699,31.9560, 650.2, 3791, 10.5,  0.2,  0.2, 49, 49, 5.98,336, 6.2
2026-06-10 11:13:45,-102.1699,31.9560, 649.8, 3796, 10.5,  0.2,  0.2, 49, 49, 5.98,336, 6.2
2026-06-10 11:13:46,-102.1699,31.9559, 649.4, 3801, 10.4,  0.2,  0.2, 49, 49, 5.97,336, 6.1
2026-06-10 11:13:47,-102.1699,31.9559, 649.0, 3806, 10.4,  0.1,  0.1, 49, 49, 5.97,336, 6.2
2026-06-10 11:13:48,-102.1698,31.9558, 648.6, 3811, 10.3,  0.1,  0.1, 49, 49, 5.96,336, 6.2
2026-06-10 11:13:49,-102.1698,31.9558, 648.2, 3816, 10.3,  0.1,  0.1, 49, 49, 5.95,336, 6.3
2026-06-10 11:13:50,-102.1698,31.9557, 647.8, 3822, 10.2,  0.1,  0.1, 49, 49, 5.95,337, 6.3
2026-06-10 11:13:51,-102.1698,31.9557, 647.4, 3827, 10.2,  0.0,  0.0, 49, 49, 5.94,337, 6.3
2026-06-10 11:13:52,-102.1697,31.9556, 646.9, 3832, 10.1,  0.0,  0.0, 49, 49, 5.94,337, 6.4
2026-06-10 11:13:53,-102.1697,31.9555, 646.5, 3837, 10.1,  0.0,  0.0, 49, 49, 5.93,337, 6.4
2026-06-10 11:13:54,-102.1697,31.9555, 646.2, 3843, 10.1, -0.0, -0.0, 50, 50, 5.92,338, 6.4
2026-06-10 11:13:55,-102.1696,31.9554, 645.8, 3848, 10.0, -0.0, -0.1, 50, 50, 5.92,338, 6.5
2026-06-10 11:13:56,-102.1696,31.9554, 645.5, 3853, 10.0, -0.1, -0.1, 50, 50, 5.91,338, 6.5
2026-06-10 11:13:57,-102.1696,31.9553, 645.1, 3857,  9.9, -0.1, -0.1, 50, 50, 5.91,338, 6.6
2026-06-10 11:13:58,-102.1696,31.9553, 644.7, 3861,  9.9, -0.1, -0.1, 50, 50, 5.90,338, 6.6
2026-06-10 11:13:59,-102.1695,31.9552, 644.4, 3866,  9.8, -0.1, -0.1, 50, 50, 5.89,339, 6.6
2026-06-10 11:14:00,-102.1695,31.9551, 644.0, 3870,  9.8, -0.2, -0.1, 50, 50, 5.89,339, 6.7
2026-06-10 11:14:01,-102.1695,31.9551, 643.6, 3874,  9.7, -0.2, -0.2, 50, 50, 5.88,339, 6.7
2026-06-10 11:14:02,-102.1695,31.9550, 643.2, 3879,  9.7, -0.2, -0.2, 50, 50, 5.87,339, 6.7
2026-06-10 11:14:03,-102.1695,31.9549, 642.8, 3885,  9.6, -0.2, -0.2, 50, 50, 5.87,339, 6.8
2026-06-10 11:14:04,-102.1695,31.9549, 642.4, 3890,  9.6, -0.2, -0.2, 50, 50, 5.86,340, 6.8
2026-06-10 11:14:05,-102.1694,31.9548, 642.0, 3896,  9.5, -0.3, -0.3, 50, 50, 5.85,340, 6.9
2026-06-10 11:14:06,-102.1694,31.9547, 641.7, 3901,  9.5, -0.3, -0.3, 50, 50, 5.85,340, 6.9
2026-06-10 11:14:07,-102.1694,31.9547, 641.3, 3907,  9.4, -0.3, -0.3, 51, 51, 5.84,341, 6.9
2026-06-10 11:14:08,-102.1694,31.9546, 640.9, 3911,  9.4, -0.3, -0.3, 51, 51, 5.83,341, 7.0
2026-06-10 11:14:09,-102.1694,31.9545, 640.5, 3916,  9.4, -0.4, -0.3, 51, 51, 5.83,342, 7.0
2026-06-10 11:14:10,-102.1694,31.9545, 640.1, 3921,  9.3, -0.4, -0.4, 51, 51, 5.82,342, 7.0
2026-06-10 11:14:11,-102.1693,31.9544, 639.7, 3926,  9.3, -0.4, -0.4, 51, 51, 5.81,343, 7.1
2026-06-10 11:14:12,-102.1693,31.9543, 639.4, 3930,  9.2, -0.4, -0.4, 51, 51, 5.81,344, 7.1
2026-06-10 11:14:13,-102.1693,31.9543, 639.0, 3935,  9.2, -0.5, -0.4, 51, 51, 5.79,344, 7.2
2026-06-10 11:14:14,-102.1693,31.9542, 638.6, 3940,  9.1, -0.5, -0.5, 51, 51, 5.78,345, 7.2
2026-06-10 11:14:15,-102.1693,31.9541, 638.3, 3944,  9.1, -0.5, -0.5, 51, 51, 5.77,346, 7.2
2026-06-10 11:14:16,-102.1693,31.9541, 637.9, 3949,  9.0, -0.6, -0.5, 51, 51, 5.77,346, 7.3
2026-06-10 11:14:17,-102.1693,31.9540, 637.5, 3954,  9.0, -0.6, -0.5, 51, 51, 5.76,347, 7.3
2026-06-10 11:14:18,-102.1692,31.9539, 637.2, 3959,  8.9, -0.6, -0.6, 51, 51, 5.74,347, 7.4
2026-06-10 11:14:19,-102.1692,31.9539, 636.8, 3963,  8.9, -0.7, -0.6, 51, 51, 5.73,348, 7.4
2026-06-10 11:14:20,-102.1692,31.9538, 636.4, 3968,  8.9, -0.7, -0.6, 51, 51, 5.72,348, 7.5
2026-06-10 11:14:21,-102.1692,31.9537, 636.0, 3973,  8.8, -0.7, -0.7, 51, 51, 5.72,349, 7.5
2026-06-10 11:14:22,-102.1692,31.9537, 635.6, 3979,  8.8, -0.8, -0.7, 51, 51, 5.71,349, 7.6
2026-06-10 11:14:23,-102.1692,31.9536, 635.2, 3984,  8.7, -0.8, -0.7, 51, 51, 5.69,350, 7.6
2026-06-10 11:14:24,-102.1691,31.9535, 634.8, 3990,  8.7, -0.8, -0.7, 51, 51, 5.68,351, 7.7
2026-06-10 11:14:25,-102.1691,31.9535, 634.5, 3995,  8.6, -0.9, -0.8, 51, 51, 5.67,351, 7.7
2026-06-10 11:14:26,-102.1691,31.9534, 634.1, 4001,  8.6, -0.9, -0.8, 51, 51, 5.66,352, 7.7
2026-06-10 11:14:27,-102.1691,31.9533, 633.7, 4005,  8.6, -1.0, -0.9, 51, 51, 5.64,351, 7.8
2026-06-10 11:14:28,-102.1691,31.9533, 633.3, 4010,  8.5, -1.0, -0.9, 51, 51, 5.62,351, 7.8
2026-06-10 11:14:29,-102.1691,31.9532, 632.9, 4014,  8.5, -1.1, -0.9, 51, 51, 5.61,350, 7.9
2026-06-10 11:14:30,-102.1690,31.9531, 632.6, 4018,  8.4, -1.1, -1.0, 51, 51, 5.59,350, 7.9
2026-06-10 11:14:31,-102.1690,31.9530, 632.2, 4023,  8.4, -1.2, -1.0, 51, 51, 5.57,350, 8.0
2026-06-10 11:14:32,-102.1690,31.9530, 631.8, 4027,  8.3, -1.2, -1.1, 51, 51, 5.55,349, 8.0
2026-06-10 11:14:33,-102.1690,31.9529, 631.5, 4032,  8.3, -1.3, -1.1, 51, 51, 5.54,349, 8.1
2026-06-10 11:14:34,-102.1690,31.9528, 631.1, 4037,  8.3, -1.3, -1.2, 51, 51, 5.52,348, 8.1
2026-06-10 11:14:35,-102.1689,31.9528, 630.7, 4043,  8.2, -1.4, -1.2, 51, 51, 5.50,348, 8.1
2026-06-10 11:14:36,-102.1689,31.9527, 630.3, 4048,  8.2, -1.4, -1.3, 51, 51, 5.48,348, 8.2
2026-06-10 11:14:37,-102.1689,31.9526, 629.9, 4053,  8.1, -1.5, -1.3, 51, 51, 5.47,347, 8.2
2026-06-10 11:14:38,-102.1689,31.9525, 629.5, 4059,  8.1, -1.5, -1.4, 51, 51, 5.45,347, 8.3
2026-06-10 11:14:39,-102.1689,31.9525, 629.1, 4064,  8.0, -1.6, -1.4, 51, 51, 5.43,347, 8.3
2026-06-10 11:14:40,-102.1688,31.9524, 628.7, 4070,  8.0, -1.6, -1.4, 51, 51, 5.42,346, 8.4
2026-06-10 11:14:41,-102.1688,31.9523, 628.2, 4075,  8.0, -1.6, -1.5, 51, 51, 5.41,346, 8.4
2026-06-10 11:14:42,-102.1688,31.9523, 627.8, 4081,  7.9, -1.7, -1.5, 51, 51, 5.39,346, 8.5
2026-06-10 11:14:43,-102.1688,31.9522, 627.4, 4087,  7.9, -1.7, -1.5, 51, 51, 5.38,345, 8.5
2026-06-10 11:14:44,-102.1688,31.9521, 627.0, 4092,  7.8, -1.8, -1.6, 51, 51, 5.36,345, 8.6
2026-06-10 11:14:45,-102.1688,31.9520, 626.6, 4097,  7.8, -1.8, -1.6, 51, 51, 5.35,344, 8.6
2026-06-10 11:14:46,-102.1687,31.9520, 626.2, 4103,  7.8, -1.9, -1.7, 51, 51, 5.34,344, 8.7
2026-06-10 11:14:47,-102.1687,31.9519, 625.7, 4108,  7.7, -1.9, -1.7, 51, 51, 5.32,344, 8.6
2026-06-10 11:14:48,-102.1687,31.9518, 625.4, 4114,  7.7, -2.0, -1.7, 51, 51, 5.31,345, 8.5
2026-06-10 11:14:49,-102.1687,31.9518, 625.0, 4119,  7.6, -2.0, -1.8, 51, 51, 5.29,345, 8.5
2026-06-10 11:14:50,-102.1687,31.9517, 624.6, 4124,  7.6, -2.0, -1.8, 51, 51, 5.28,345, 8.4
2026-06-10 11:14:51,-102.1686,31.9516, 624.2, 4129,  7.5, -2.1, -1.9, 50, 50, 5.27,346, 8.4
2026-06-10 11:14:52,-102.1686,31.9515, 623.8, 4134,  7.5, -2.1, -1.9, 50, 50, 5.25,346, 8.3
2026-06-10 11:14:53,-102.1686,31.9515, 623.5, 4138,  7.5, -2.2, -1.9, 50, 50, 5.24,346, 8.3
2026-06-10 11:14:54,-102.1686,31.9514, 623.1, 4143,  7.4, -2.2, -2.0, 50, 50, 5.23,347, 8.2
2026-06-10 11:14:55,-102.1686,31.9513, 622.8, 4148,  7.4, -2.2, -2.0, 50, 50, 5.22,347, 8.1
2026-06-10 11:14:56,-102.1685,31.9513, 622.4, 4152,  7.3, -2.3, -2.0, 50, 50, 5.21,347, 8.1
2026-06-10 11:14:57,-102.1685,31.9512, 622.1, 4156,  7.3, -2.3, -2.0, 50, 50, 5.20,348, 8.0
2026-06-10 11:14:58,-102.1685,31.9511, 621.8, 4161,  7.3, -2.3, -2.1, 50, 50, 5.18,348, 8.0
2026-06-10 11:14:59,-102.1685,31.9510, 621.4, 4165,  7.2, -2.4, -2.1, 50, 50, 5.17,348, 7.9
2026-06-10 11:15:00,-102.1685,31.9510, 621.1, 4170,  7.2, -2.4, -2.2, 50, 50, 5.16,349, 7.9
2026-06-10 11:15:01,-102.1684,31.9509, 620.8, 4174,  7.1, -2.5, -2.2, 50, 50, 5.15,349, 7.8
2026-06-10 11:15:02,-102.1684,31.9508, 620.4, 4178,  7.1, -2.5, -2.2, 50, 50, 5.14,349, 7.8
2026-06-10 11:15:03,-102.1684,31.9508, 620.1, 4183,  7.1, -2.5, -2.3, 50, 50, 5.13,350, 7.7
2026-06-10 11:15:04,-102.1684,31.9507, 619.8, 4187,  7.0, -2.6, -2.3, 50, 50, 5.12,350, 7.7
2026-06-10 11:15:05,-102.1683,31.9506, 619.4, 4192,  7.0, -2.6, -2.3, 50, 50, 5.10,351, 7.6
2026-06-10 11:15:06,-102.1683,31.9506, 619.1, 4196,  7.0, -2.7, -2.4, 50, 50, 5.08,351, 7.6
2026-06-10 11:15:07,-102.1683,31.9505, 618.8, 4200,  6.9, -2.7, -2.4, 50, 50, 5.06,351, 7.6
2026-06-10 11:15:08,-102.1683,31.9504, 618.3, 4206,  6.9, -2.8, -2.5, 50, 50, 5.03,350, 7.6
2026-06-10 11:15:09,-102.1683,31.9503, 618.0, 4211,  6.9, -2.9, -2.6, 50, 50, 5.01,350, 7.6
2026-06-10 11:15:10,-102.1682,31.9503, 617.6, 4216,  6.8, -3.0, -2.6, 50, 50, 4.98,350, 7.6
2026-06-10 11:15:11,-102.1682,31.9502, 617.2, 4221,  6.8, -3.0, -2.7, 49, 49, 4.96,349, 7.6
2026-06-10 11:15:12,-102.1682,31.9501, 616.9, 4226,  6.7, -3.1, -2.8, 49, 49, 4.93,349, 7.6
2026-06-10 11:15:13,-102.1682,31.9501, 616.5, 4232,  6.7, -3.2, -2.8, 49, 49, 4.91,349, 7.6
2026-06-10 11:15:14,-102.1682,31.9500, 616.1, 4237,  6.7, -3.3, -2.9, 49, 49, 4.88,348, 7.6
2026-06-10 11:15:15,-102.1681,31.9499, 615.7, 4242,  6.6, -3.3, -3.0, 49, 49, 4.86,348, 7.6
2026-06-10 11:15:16,-102.1681,31.9499, 615.3, 4248,  6.6, -3.4, -3.0, 49, 49, 4.83,348, 7.6
2026-06-10 11:15:17,-102.1681,31.9498, 614.9, 4253,  6.6, -3.5, -3.1, 49, 49, 4.81,347, 7.6
2026-06-10 11:15:18,-102.1681,31.9497, 614.5, 4257,  6.5, -3.6, -3.2, 48, 48, 4.78,347, 7.7
2026-06-10 11:15:19,-102.1681,31.9497, 614.2, 4262,  6.5, -3.6, -3.2, 48, 48, 4.77,347, 7.7
2026-06-10 11:15:20,-102.1680,31.9496, 613.8, 4266,  6.5, -3.7, -3.3, 48, 48, 4.75,346, 7.7
2026-06-10 11:15:21,-102.1680,31.9495, 613.5, 4271,  6.4, -3.8, -3.3, 48, 48, 4.73,346, 7.7
2026-06-10 11:15:22,-102.1680,31.9495, 613.2, 4275,  6.4, -3.8, -3.4, 48, 48, 4.72,346, 7.7
2026-06-10 11:15:23,-102.1680,31.9494, 612.8, 4280,  6.4, -3.9, -3.4, 48, 48, 4.70,345, 7.7
2026-06-10 11:15:24,-102.1680,31.9493, 612.5, 4285,  6.3, -3.9, -3.5, 48, 48, 4.68,345, 7.7
2026-06-10 11:15:25,-102.1679,31.9492, 612.1, 4289,  6.3, -4.0, -3.5, 48, 48, 4.66,345, 7.7
2026-06-10 11:15:26,-102.1679,31.9492, 611.8, 4294,  6.3, -4.0, -3.6, 48, 48, 4.65,344, 7.8
2026-06-10 11:15:27,-102.1679,31.9491, 611.5, 4298,  6.2, -4.1, -3.6, 48, 48, 4.63,344, 7.8
2026-06-10 11:15:28,-102.1679,31.9490, 611.1, 4303,  6.2, -4.1, -3.7, 48, 48, 4.62,344, 7.8
2026-06-10 11:15:29,-102.1679,31.9490, 610.8, 4307,  6.2, -4.2, -3.7, 47, 47, 4.60,344, 7.9
2026-06-10 11:15:30,-102.1678,31.9489, 610.4, 4312,  6.1, -4.2, -3.8, 47, 47, 4.59,344, 7.9
2026-06-10 11:15:31,-102.1678,31.9488, 610.1, 4316,  6.1, -4.3, -3.8, 47, 47, 4.57,344, 8.0
2026-06-10 11:15:32,-102.1678,31.9488, 609.7, 4321,  6.1, -4.4, -3.9, 47, 47, 4.55,344, 8.0
2026-06-10 11:15:33,-102.1678,31.9487, 609.4, 4325,  6.0, -4.4, -3.9, 47, 47, 4.54,344, 8.1
2026-06-10 11:15:34,-102.1677,31.9486, 609.0, 4330,  6.0, -4.4, -3.9, 47, 47, 4.53,344, 8.1
2026-06-10 11:15:35,-102.1677,31.9485, 608.7, 4336,  5.9, -4.4, -3.9, 47, 47, 4.53,344, 8.2
2026-06-10 11:15:36,-102.1677,31.9485, 608.3, 4341,  5.9, -4.5, -4.0, 47, 47, 4.52,344, 8.2
2026-06-10 11:15:37,-102.1676,31.9484, 607.8, 4347,  5.9, -4.5, -4.0, 47, 47, 4.52,344, 8.3
2026-06-10 11:15:38,-102.1676,31.9483, 607.4, 4352,  5.8, -4.5, -4.0, 47, 47, 4.51,344, 8.3
2026-06-10 11:15:39,-102.1676,31.9483, 607.0, 4358,  5.8, -4.5, -4.0, 47, 47, 4.50,344, 8.4
2026-06-10 11:15:40,-102.1676,31.9482, 606.6, 4364,  5.7, -4.6, -4.1, 48, 48, 4.50,344, 8.4
2026-06-10 11:15:41,-102.1675,31.9481, 606.2, 4369,  5.7, -4.6, -4.1, 48, 48, 4.49,344, 8.5
2026-06-10 11:15:42,-102.1675,31.9480, 605.7, 4375,  5.6, -4.6, -4.1, 48, 48, 4.48,344, 8.5
2026-06-10 11:15:43,-102.1675,31.9480, 605.3, 4381,  5.6, -4.6, -4.1, 48, 48, 4.48,344, 8.6
2026-06-10 11:15:44,-102.1674,31.9479, 604.9, 4387,  5.6, -4.7, -4.2, 48, 48, 4.47,344, 8.6
2026-06-10 11:15:45,-102.1674,31.9478, 604.5, 4392,  5.5, -4.7, -4.2, 48, 48, 4.47,344, 8.7
2026-06-10 11:15:46,-102.1674,31.9477, 604.1, 4398,  5.5, -4.7, -4.2, 48, 48, 4.46,344, 8.7
2026-06-10 11:15:47,-102.1674,31.9477, 603.7, 4403,  5.4, -4.8, -4.2, 48, 48, 4.45,344, 8.7
2026-06-10 11:15:48,-102.1673,31.9476, 603.2, 4409,  5.4, -4.8, -4.3, 48, 48, 4.44,344, 8.7
2026-06-10 11:15:49,-102.1673,31.9475, 602.8, 4414,  5.3, -4.8, -4.3, 48, 48, 4.43,344, 8.7
2026-06-10 11:15:50,-102.1673,31.9475, 602.4, 4420,  5.3, -4.9, -4.3, 48, 48, 4.42,343, 8.7
2026-06-10 11:15:51,-102.1672,31.9474, 601.9, 4426,  5.2, -4.9, -4.4, 48, 48, 4.41,343, 8.6
2026-06-10 11:15:52,-102.1672,31.9473, 601.5, 4432,  5.2, -4.9, -4.4, 48, 48, 4.41,343, 8.6
2026-06-10 11:15:53,-102.1672,31.9472, 601.1, 4438,  5.1, -5.0, -4.4, 48, 48, 4.40,343, 8.6
2026-06-10 11:15:54,-102.1672,31.9472, 600.6, 4444,  5.1, -5.0, -4.5, 48, 48, 4.39,342, 8.6
2026-06-10 11:15:55,-102.1671,31.9471, 600.2, 4450,  5.0, -5.1, -4.5, 48, 48, 4.38,342, 8.6
2026-06-10 11:15:56,-102.1671,31.9470, 599.7, 4457,  5.0, -5.1, -4.5, 48, 48, 4.37,342, 8.6
2026-06-10 11:15:57,-102.1671,31.9469, 599.2, 4463,  4.9, -5.1, -4.6, 48, 48, 4.36,342, 8.6
2026-06-10 11:15:58,-102.1670,31.9469, 598.8, 4470,  4.9, -5.2, -4.6, 48, 48, 4.36,341, 8.6
2026-06-10 11:15:59,-102.1670,31.9468, 598.3, 4476,  4.9, -5.2, -4.6, 48, 48, 4.35,341, 8.5
2026-06-10 11:16:00,-102.1670,31.9467, 597.9, 4483,  4.8, -5.2, -4.7, 48, 48, 4.33,341, 8.5
2026-06-10 11:16:01,-102.1670,31.9467, 597.5, 4489,  4.8, -5.3, -4.7, 48, 48, 4.31,341, 8.5
2026-06-10 11:16:02,-102.1669,31.9466, 597.1, 4494,  4.8, -5.4, -4.8, 48, 48, 4.29,340, 8.5
2026-06-10 11:16:03,-102.1669,31.9465, 596.8, 4498,  4.7, -5.4, -4.8, 48, 48, 4.27,340, 8.5
2026-06-10 11:16:04,-102.1669,31.9464, 596.4, 4503,  4.7, -5.5, -4.9, 48, 48, 4.25,340, 8.5
2026-06-10 11:16:05,-102.1668,31.9464, 596.0, 4508,  4.7, -5.6, -5.0, 47, 47, 4.23,340, 8.5
2026-06-10 11:16:06,-102.1668,31.9463, 595.7, 4512,  4.6, -5.6, -5.0, 47, 47, 4.22,339, 8.5
2026-06-10 11:16:07,-102.1667,31.9462, 595.3, 4517,  4.6, -5.7, -5.1, 47, 47, 4.20,339, 8.4
2026-06-10 11:16:08,-102.1667,31.9462, 595.0, 4521,  4.5, -5.8, -5.1, 47, 47, 4.18,339, 8.4
2026-06-10 11:16:09,-102.1667,31.9461, 594.7, 4526,  4.5, -5.8, -5.2, 47, 47, 4.16,339, 8.4
2026-06-10 11:16:10,-102.1666,31.9460, 594.3, 4531,  4.5, -5.9, -5.3, 47, 47, 4.14,339, 8.3
2026-06-10 11:16:11,-102.1666,31.9460, 594.0, 4535,  4.4, -6.0, -5.3, 47, 47, 4.12,339, 8.3
2026-06-10 11:16:12,-102.1666,31.9459, 593.6, 4540,  4.4, -6.0, -5.4, 47, 47, 4.10,338, 8.3
2026-06-10 11:16:13,-102.1665,31.9459, 593.2, 4545,  4.4, -6.1, -5.4, 46, 46, 4.08,338, 8.3
2026-06-10 11:16:14,-102.1665,31.9458, 592.9, 4550,  4.3, -6.2, -5.5, 46, 46, 4.05,338, 8.2
2026-06-10 11:16:15,-102.1664,31.9457, 592.5, 4555,  4.3, -6.3, -5.6, 46, 46, 4.03,338, 8.2
2026-06-10 11:16:16,-102.1664,31.9457, 592.1, 4560,  4.3, -6.4, -5.7, 46, 46, 4.00,338, 8.2
2026-06-10 11:16:17,-102.1664,31.9456, 591.8, 4566,  4.2, -6.5, -5.8, 46, 46, 3.98,338, 8.1
2026-06-10 11:16:18,-102.1663,31.9455, 591.3, 4571,  4.2, -6.6, -5.9, 45, 45, 3.95,337, 8.1
2026-06-10 11:16:19,-102.1663,31.9455, 590.9, 4577,  4.2, -6.7, -5.9, 45, 45, 3.93,337, 8.1
2026-06-10 11:16:20,-102.1662,31.9454, 590.5, 4582,  4.1, -6.8, -6.0, 45, 45, 3.90,337, 8.1
2026-06-10 11:16:21,-102.1662,31.9453, 590.1, 4588,  4.1, -6.9, -6.1, 45, 45, 3.88,337, 8.0
2026-06-10 11:16:22,-102.1662,31.9453, 589.7, 4594,  4.1, -7.0, -6.2, 44, 44, 3.85,337, 8.0
2026-06-10 11:16:23,-102.1661,31.9452, 589.3, 4599,  4.0, -7.1, -6.3, 44, 44, 3.82,337, 8.0
2026-06-10 11:16:24,-102.1661,31.9451, 589.0, 4604,  4.0, -7.2, -6.4, 44, 44, 3.80,336, 7.9
2026-06-10 11:16:25,-102.1661,31.9451, 588.6, 4609,  3.9, -7.2, -6.4, 44, 44, 3.77,336, 7.9
2026-06-10 11:16:26,-102.1660,31.9450, 588.3, 4614,  3.9, -7.3, -6.5, 44, 44, 3.75,336, 7.9
2026-06-10 11:16:27,-102.1660,31.9449, 587.9, 4618,  3.9, -7.4, -6.5, 44, 44, 3.74,336, 7.9
2026-06-10 11:16:28,-102.1659,31.9449, 587.6, 4623,  3.8, -7.4, -6.6, 44, 44, 3.74,335, 8.0
2026-06-10 11:16:29,-102.1659,31.9448, 587.2, 4628,  3.8, -7.4, -6.6, 44, 44, 3.73,335, 8.0
2026-06-10 11:16:30,-102.1659,31.9447, 586.8, 4633,  3.8, -7.5, -6.6, 44, 44, 3.72,334, 8.1
2026-06-10 11:16:31,-102.1658,31.9447, 586.5, 4639,  3.7, -7.5, -6.7, 44, 44, 3.71,334, 8.1
2026-06-10 11:16:32,-102.1658,31.9446, 586.1, 4644,  3.7, -7.5, -6.7, 44, 44, 3.71,334, 8.2
2026-06-10 11:16:33,-102.1657,31.9445, 585.7, 4650,  3.6, -7.6, -6.7, 44, 44, 3.70,333, 8.2
2026-06-10 11:16:34,-102.1657,31.9445, 585.3, 4655,  3.6, -7.6, -6.7, 44, 44, 3.70,333, 8.3
2026-06-10 11:16:35,-102.1657,31.9444, 584.9, 4661,  3.6, -7.6, -6.8, 44, 44, 3.69,332, 8.3
2026-06-10 11:16:36,-102.1656,31.9443, 584.5, 4667,  3.5, -7.7, -6.8, 44, 44, 3.68,332, 8.4
2026-06-10 11:16:37,-102.1656,31.9442, 584.0, 4673,  3.5, -7.7, -6.8, 44, 44, 3.68,332, 8.4
2026-06-10 11:16:38,-102.1655,31.9442, 583.6, 4679,  3.5, -7.7, -6.9, 44, 44, 3.67,331, 8.5
2026-06-10 11:16:39,-102.1655,31.9441, 583.2, 4685,  3.4, -7.8, -6.9, 44, 44, 3.66,331, 8.5
2026-06-10 11:16:40,-102.1654,31.9440, 582.7, 4690,  3.4, -7.8, -7.0, 44, 44, 3.65,331, 8.6
2026-06-10 11:16:41,-102.1654,31.9440, 582.3, 4696,  3.3, -7.9, -7.0, 44, 44, 3.63,330, 8.7
2026-06-10 11:16:42,-102.1653,31.9439, 581.9, 4702,  3.3, -8.0, -7.1, 43, 43, 3.61,330, 8.7
2026-06-10 11:16:43,-102.1653,31.9438, 581.5, 4708,  3.3, -8.1, -7.2, 43, 43, 3.59,329, 8.8
2026-06-10 11:16:44,-102.1652,31.9438, 581.1, 4714,  3.2, -8.1, -7.2, 43, 43, 3.57,329, 8.8
2026-06-10 11:16:45,-102.1652,31.9437, 580.7, 4719,  3.2, -8.2, -7.3, 43, 43, 3.55,329, 8.9
2026-06-10 11:16:46,-102.1652,31.9436, 580.2, 4725,  3.2, -8.3, -7.4, 43, 43, 3.53,328, 8.9
2026-06-10 11:16:47,-102.1651,31.9436, 579.8, 4731,  3.1, -8.4, -7.5, 43, 43, 3.51,329, 8.9
2026-06-10 11:16:48,-102.1651,31.9435, 579.4, 4737,  3.1, -8.5, -7.5, 42, 42, 3.49,329, 8.9
2026-06-10 11:16:49,-102.1650,31.9434, 579.0, 4743,  3.0, -8.5, -7.6, 42, 42, 3.47,329, 8.9
2026-06-10 11:16:50,-102.1650,31.9434, 578.5, 4749,  3.0, -8.6, -7.7, 42, 42, 3.45,329, 8.9
2026-06-10 11:16:51,-102.1649,31.9433, 578.1, 4754,  3.0, -8.7, -7.7, 42, 42, 3.43,329, 8.9
2026-06-10 11:16:52,-102.1649,31.9432, 577.7, 4761,  2.9, -8.8, -7.8, 42, 42, 3.41,329, 8.9
2026-06-10 11:16:53,-102.1648,31.9432, 577.2, 4768,  2.9, -8.9, -7.9, 42, 42, 3.39,330, 8.8
2026-06-10 11:16:54,-102.1648,31.9431, 576.8, 4774,  2.8, -8.9, -8.0, 42, 42, 3.37,330, 8.8
2026-06-10 11:16:55,-102.1647,31.9430, 576.3, 4781,  2.8, -9.0, -8.0, 41, 41, 3.35,330, 8.8
2026-06-10 11:16:56,-102.1647,31.9429, 575.8, 4788,  2.8, -9.1, -8.1, 41, 41, 3.34,330, 8.8
2026-06-10 11:16:57,-102.1646,31.9429, 575.4, 4795,  2.7, -9.2, -8.2, 41, 41, 3.31,330, 8.8
2026-06-10 11:16:58,-102.1646,31.9428, 574.9, 4801,  2.7, -9.3, -8.3, 41, 41, 3.30,331, 8.8
2026-06-10 11:16:59,-102.1646,31.9427, 574.5, 4806,  2.7, -9.4, -8.3, 41, 41, 3.27,331, 8.8
2026-06-10 11:17:00,-102.1645,31.9427, 574.1, 4812,  2.6, -9.4, -8.4, 41, 41, 3.26,331, 8.8
2026-06-10 11:17:01,-102.1645,31.9426, 573.7, 4817,  2.6, -9.5, -8.5, 40, 40, 3.24,331, 8.7
2026-06-10 11:17:02,-102.1644,31.9425, 573.4, 4822,  2.5, -9.6, -8.6, 40, 40, 3.22,331, 8.7
2026-06-10 11:17:03,-102.1644,31.9425, 573.0, 4828,  2.5, -9.7, -8.6, 40, 40, 3.20,332, 8.7
2026-06-10 11:17:04,-102.1643,31.9424, 572.6, 4833,  2.5, -9.8, -8.7, 40, 40, 3.18,332, 8.7
2026-06-10 11:17:05,-102.1643,31.9424, 572.2, 4838,  2.4, -9.9, -8.8, 40, 40, 3.16,332, 8.7
2026-06-10 11:17:06,-102.1642,31.9423, 571.9, 4843,  2.4,-10.0, -8.9, 40, 40, 3.14,332, 8.7
2026-06-10 11:17:07,-102.1642,31.9423, 571.6, 4848,  2.3,-10.0, -8.9, 40, 40, 3.12,331, 8.6
2026-06-10 11:17:08,-102.1641,31.9422, 571.2, 4853,  2.3,-10.1, -9.0, 39, 39, 3.11,331, 8.5
2026-06-10 11:17:09,-102.1641,31.9422, 570.9, 4858,  2.2,-10.1, -9.0, 39, 39, 3.10,330, 8.4
2026-06-10 11:17:10,-102.1640,31.9421, 570.5, 4862,  2.2,-10.2, -9.1, 39, 39, 3.09,330, 8.4
2026-06-10 11:17:11,-102.1640,31.9421, 570.2, 4867,  2.2,-10.3, -9.1, 39, 39, 3.07,329, 8.3
2026-06-10 11:17:12,-102.1639,31.9420, 569.9, 4871,  2.1,-10.3, -9.2, 39, 39, 3.06,328, 8.2
2026-06-10 11:17:13,-102.1639,31.9420, 569.5, 4875,  2.1,-10.4, -9.3, 39, 39, 3.05,328, 8.1
2026-06-10 11:17:14,-102.1638,31.9419, 569.2, 4880,  2.0,-10.4, -9.3, 39, 39, 3.03,327, 8.1
2026-06-10 11:17:15,-102.1638,31.9419, 568.9, 4885,  2.0,-10.5, -9.4, 39, 39, 3.02,326, 8.0
2026-06-10 11:17:16,-102.1638,31.9418, 568.5, 4890,  2.0,-10.6, -9.4, 39, 39, 3.01,326, 7.9
2026-06-10 11:17:17,-102.1637,31.9418, 568.2, 4895,  1.9,-10.6, -9.5, 39, 39, 3.00,325, 7.8
2026-06-10 11:17:18,-102.1637,31.9417, 567.8, 4900,  1.9,-10.7, -9.5, 39, 39, 2.98,324, 7.8
2026-06-10 11:17:19,-102.1636,31.9417, 567.5, 4905,  1.8,-10.8, -9.6, 39, 39, 2.97,324, 7.7
2026-06-10 11:17:20,-102.1636,31.9416, 567.2, 4908,  1.8,-10.8, -9.6, 39, 39, 2.96,323, 7.6
2026-06-10 11:17:21,-102.1635,31.9416, 566.7, 4916,  1.7,-10.8, -9.6, 39, 39, 2.96,322, 7.6
2026-06-10 11:17:22,-102.1635,31.9415, 566.4, 4921,  1.7,-10.9, -9.7, 39, 39, 2.95,321, 7.5
2026-06-10 11:17:23,-102.1634,31.9415, 566.0, 4926,  1.6,-10.9, -9.7, 39, 39, 2.94,321, 7.4
2026-06-10 11:17:24,-102.1634,31.9414, 565.7, 4932,  1.6,-10.9, -9.7, 39, 39, 2.94,320, 7.4
2026-06-10 11:17:25,-102.1633,31.9414, 565.3, 4937,  1.6,-11.0, -9.8, 39, 39, 2.93,319, 7.3
2026-06-10 11:17:26,-102.1633,31.9413, 565.0, 4941,  1.5,-11.0, -9.8, 39, 39, 2.93,318, 7.3
2026-06-10 11:17:27,-102.1632,31.9412, 564.7, 4946,  1.5,-11.0, -9.8, 39, 39, 2.92,318, 7.2
2026-06-10 11:17:28,-102.1632,31.9412, 564.3, 4950,  1.4,-11.0, -9.8, 39, 39, 2.92,319, 7.2
2026-06-10 11:17:29,-102.1631,31.9411, 564.0, 4954,  1.4,-11.1, -9.9, 39, 39, 2.91,319, 7.2
2026-06-10 11:17:30,-102.1631,31.9411, 563.6, 4959,  1.3,-11.1, -9.9, 39, 39, 2.91,319, 7.1
2026-06-10 11:17:31,-102.1630,31.9410, 563.3, 4964,  1.3,-11.1, -9.9, 39, 39, 2.90,319, 7.1
2026-06-10 11:17:32,-102.1630,31.9410, 562.9, 4970,  1.2,-11.2,-10.0, 39, 39, 2.90,320, 7.1
2026-06-10 11:17:33,-102.1629,31.9409, 562.5, 4975,  1.2,-11.2,-10.0, 39, 39, 2.89,320, 7.1
2026-06-10 11:17:34,-102.1629,31.9409, 562.1, 4981,  1.1,-11.2,-10.0, 39, 39, 2.89,320, 7.0
2026-06-10 11:17:35,-102.1629,31.9408, 561.7, 4987,  1.1,-11.2,-10.0, 39, 39, 2.89,320, 7.0
2026-06-10 11:17:36,-102.1628,31.9408, 561.3, 4993,  1.0,-11.2,-10.0, 39, 39, 2.89,321, 7.0
2026-06-10 11:17:37,-102.1628,31.9407, 560.9, 4998,  1.0,-11.3,-10.0, 39, 39, 2.89,321, 7.0
2026-06-10 11:17:38,-102.1627,31.9407, 560.5, 5004,  0.9,-11.3,-10.1, 40, 40, 2.88,321, 6.9
2026-06-10 11:17:39,-102.1627,31.9406, 560.1, 5010,  0.9,-11.3,-10.1, 40, 40, 2.88,321, 6.9
2026-06-10 11:17:40,-102.1627,31.9406, 559.7, 5017,  0.8,-11.3,-10.1, 40, 40, 2.88,322, 6.9
2026-06-10 11:17:41,-102.1626,31.9405, 559.3, 5023,  0.8,-11.3,-10.1, 40, 40, 2.88,322, 6.9
2026-06-10 11:17:42,-102.1626,31.9405, 558.9, 5029,  0.7,-11.3,-10.1, 40, 40, 2.88,322, 6.9
2026-06-10 11:17:43,-102.1625,31.9404, 558.5, 5034,  0.7,-11.3,-10.1, 40, 40, 2.88,322, 6.8
2026-06-10 11:17:44,-102.1625,31.9404, 558.2, 5039,  0.6,-11.4,-10.1, 40, 40, 2.88,323, 6.8
2026-06-10 11:17:45,-102.1625,31.9403, 557.8, 5044,  0.6,-11.4,-10.1, 40, 40, 2.87,323, 6.8
2026-06-10 11:17:46,-102.1624,31.9403, 557.5, 5049,  0.5,-11.4,-10.2, 40, 40, 2.87,323, 6.8
2026-06-10 11:17:47,-102.1624,31.9402, 557.1, 5054,  0.5,-11.4,-10.1, 41, 41, 2.88,323, 6.8
2026-06-10 11:17:48,-102.1623,31.9402, 556.8, 5059,  0.4,-11.3,-10.1, 41, 41, 2.90,324, 6.8
2026-06-10 11:17:49,-102.1623,31.9401, 556.4, 5064,  0.4,-11.2,-10.0, 41, 41, 2.91,324, 6.8
2026-06-10 11:17:50,-102.1623,31.9401, 556.1, 5068,  0.3,-11.2,-10.0, 42, 42, 2.93,324, 6.8
2026-06-10 11:17:51,-102.1622,31.9400, 555.7, 5073,  0.3,-11.1, -9.9, 42, 42, 2.95,324, 6.8
2026-06-10 11:17:52,-102.1622,31.9400, 555.4, 5078,  0.2,-11.1, -9.9, 43, 43, 2.96,324, 6.8
2026-06-10 11:17:53,-102.1621,31.9399, 555.0, 5083,  0.1,-11.0, -9.8, 43, 43, 2.98,325, 6.8
2026-06-10 11:17:54,-102.1621,31.9399, 554.7, 5089,  0.1,-10.9, -9.7, 43, 43, 2.99,325, 6.8
2026-06-10 11:17:55,-102.1621,31.9398, 554.3, 5094,  0.0,-10.9, -9.7, 44, 44, 3.01,325, 6.8
2026-06-10 11:17:56,-102.1620,31.9398, 553.9, 5099, -0.0,-10.8, -9.6, 44, 44, 3.03,325, 6.8
2026-06-10 11:17:57,-102.1620,31.9397, 553.6, 5104, -0.1,-10.8, -9.6, 44, 44, 3.04,326, 6.8
2026-06-10 11:17:58,-102.1619,31.9397, 553.2, 5110, -0.1,-10.7, -9.5, 45, 45, 3.06,326, 6.8
2026-06-10 11:17:59,-102.1619,31.9396, 552.8, 5115, -0.2,-10.7, -9.5, 45, 45, 3.07,326, 6.8
2026-06-10 11:18:00,-102.1619,31.9396, 552.4, 5121, -0.2,-10.6, -9.4, 45, 46, 3.09,326, 6.8
2026-06-10 11:18:01,-102.1618,31.9395, 552.1, 5127, -0.3,-10.6, -9.4, 46, 46, 3.09,326, 6.8
2026-06-10 11:18:02,-102.1618,31.9395, 551.7, 5133, -0.3,-10.6, -9.5, 46, 46, 3.09,327, 6.8
2026-06-10 11:18:03,-102.1617,31.9394, 551.3, 5139, -0.4,-10.6, -9.5, 46, 46, 3.09,327, 6.8
2026-06-10 11:18:04,-102.1617,31.9394, 550.9, 5144, -0.4,-10.6, -9.5, 46, 46, 3.09,327, 6.8
2026-06-10 11:18:05,-102.1616,31.9393, 550.5, 5149, -0.5,-10.6, -9.5, 46, 46, 3.09,327, 6.8
2026-06-10 11:18:06,-102.1616,31.9393, 550.2, 5153, -0.5,-10.6, -9.5, 46, 47, 3.09,328, 6.8
2026-06-10 11:18:07,-102.1615,31.9392, 549.8, 5158, -0.6,-10.6, -9.5, 47, 47, 3.09,327, 6.8
2026-06-10 11:18:08,-102.1615,31.9392, 549.5, 5163, -0.7,-10.6, -9.5, 47, 47, 3.10,327, 6.9
2026-06-10 11:18:09,-102.1614,31.9392, 549.2, 5167, -0.7,-10.6, -9.5, 47, 47, 3.10,327, 6.9
2026-06-10 11:18:10,-102.1614,31.9391, 548.8, 5172, -0.8,-10.6, -9.5, 47, 47, 3.10,326, 6.9
2026-06-10 11:18:11,-102.1613,31.9391, 548.5, 5178, -0.8,-10.6, -9.5, 47, 48, 3.10,326, 6.9
2026-06-10 11:18:12,-102.1613,31.9390, 548.1, 5184, -0.9,-10.7, -9.5, 47, 48, 3.10,325, 6.9
2026-06-10 11:18:13,-102.1612,31.9390, 547.7, 5190, -0.9,-10.7, -9.5, 48, 48, 3.10,325, 6.9
2026-06-10 11:18:14,-102.1612,31.9389, 547.3, 5195, -1.0,-10.7, -9.5, 48, 48, 3.10,325, 7.0
2026-06-10 11:18:15,-102.1611,31.9389, 546.9, 5201, -1.0,-10.7, -9.5, 48, 48, 3.09,324, 7.0
2026-06-10 11:18:16,-102.1611,31.9388, 546.5, 5207, -1.1,-10.7, -9.6, 48, 48, 3.09,324, 7.0
2026-06-10 11:18:17,-102.1610,31.9388, 546.1, 5214, -1.2,-10.8, -9.6, 48, 49, 3.09,324, 7.0
2026-06-10 11:18:18,-102.1610,31.9387, 545.6, 5220, -1.2,-10.8, -9.6, 48, 49, 3.08,323, 7.0
2026-06-10 11:18:19,-102.1610,31.9387, 545.2, 5226, -1.3,-10.8, -9.6, 48, 49, 3.08,323, 7.1
2026-06-10 11:18:20,-102.1609,31.9387, 544.8, 5233, -1.3,-10.8, -9.7, 48, 49, 3.07,323, 7.1
2026-06-10 11:18:21,-102.1609,31.9386, 544.3, 5239, -1.4,-10.9, -9.7, 48, 49, 3.07,322, 7.1
2026-06-10 11:18:22,-102.1608,31.9386, 543.9, 5245, -1.4,-10.9, -9.7, 49, 49, 3.07,322, 7.1
2026-06-10 11:18:23,-102.1608,31.9385, 543.5, 5251, -1.5,-10.9, -9.7, 49, 49, 3.06,322, 7.1
2026-06-10 11:18:24,-102.1607,31.9385, 543.1, 5258, -1.6,-10.9, -9.8, 49, 49, 3.06,321, 7.2
2026-06-10 11:18:25,-102.1607,31.9384, 542.6, 5264, -1.6,-11.0, -9.8, 49, 50, 3.05,321, 7.2
2026-06-10 11:18:26,-102.1606,31.9384, 542.2, 5270, -1.7,-11.0, -9.8, 49, 50, 3.05,321, 7.2
2026-06-10 11:18:27,-102.1606,31.9383, 541.8, 5276, -1.7,-11.0, -9.8, 49, 50, 3.05,320, 7.1
2026-06-10 11:18:28,-102.1605,31.9383, 541.4, 5282, -1.8,-11.0, -9.8, 49, 50, 3.05,319, 7.1
2026-06-10 11:18:29,-102.1605,31.9382, 541.0, 5288, -1.8,-11.0, -9.8, 50, 50, 3.06,319, 7.0
2026-06-10 11:18:30,-102.1604,31.9382, 540.6, 5294, -1.9,-11.0, -9.8, 50, 51, 3.06,318, 6.9
2026-06-10 11:18:31,-102.1604,31.9382, 540.2, 5300, -2.0,-11.0, -9.8, 50, 51, 3.07,317, 6.8
2026-06-10 11:18:32,-102.1603,31.9381, 539.8, 5306, -2.0,-11.0, -9.8, 50, 51, 3.07,317, 6.8
2026-06-10 11:18:33,-102.1603,31.9381, 539.4, 5312, -2.1,-11.0, -9.8, 51, 52, 3.07,316, 6.7
2026-06-10 11:18:34,-102.1602,31.9380, 539.0, 5318, -2.1,-11.0, -9.8, 51, 52, 3.08,315, 6.6
2026-06-10 11:18:35,-102.1602,31.9380, 538.6, 5324, -2.2,-10.9, -9.8, 51, 52, 3.08,315, 6.6
2026-06-10 11:18:36,-102.1601,31.9380, 538.2, 5330, -2.2,-10.9, -9.8, 51, 52, 3.08,314, 6.5
2026-06-10 11:18:37,-102.1601,31.9379, 537.9, 5335, -2.3,-10.9, -9.7, 51, 53, 3.09,313, 6.4
2026-06-10 11:18:38,-102.1600,31.9379, 537.5, 5341, -2.3,-10.9, -9.7, 52, 53, 3.09,312, 6.4
2026-06-10 11:18:39,-102.1600,31.9379, 537.1, 5346, -2.4,-10.9, -9.7, 52, 53, 3.10,312, 6.3
2026-06-10 11:18:40,-102.1599,31.9378, 536.8, 5350, -2.4,-10.9, -9.7, 52, 53, 3.10,311, 6.2
2026-06-10 11:18:41,-102.1599,31.9378, 536.4, 5355, -2.5,-10.9, -9.7, 52, 54, 3.10,310, 6.2
2026-06-10 11:18:42,-102.1599,31.9378, 536.1, 5360, -2.5,-10.9, -9.7, 53, 54, 3.10,309, 6.1
2026-06-10 11:18:43,-102.1598,31.9377, 535.8, 5365, -2.6,-10.9, -9.7, 53, 54, 3.11,308, 6.1
2026-06-10 11:18:44,-102.1598,31.9377, 535.4, 5370, -2.6,-10.9, -9.7, 53, 54, 3.11,308, 6.0
2026-06-10 11:18:45,-102.1597,31.9377, 535.1, 5375, -2.7,-10.9, -9.7, 53, 54, 3.11,307, 6.0
2026-06-10 11:18:46,-102.1597,31.9376, 534.8, 5380, -2.7,-10.9, -9.7, 53, 55, 3.11,306, 5.9
2026-06-10 11:18:47,-102.1596,31.9376, 534.4, 5385, -2.8,-10.9, -9.7, 53, 55, 3.11,306, 5.9
2026-06-10 11:18:48,-102.1596,31.9376, 534.1, 5390, -2.8,-10.9, -9.7, 54, 55, 3.11,306, 5.9
2026-06-10 11:18:49,-102.1595,31.9375, 533.8, 5395, -2.9,-10.9, -9.7, 54, 55, 3.11,307, 5.8
2026-06-10 11:18:50,-102.1595,31.9375, 533.4, 5400, -2.9,-10.9, -9.7, 54, 56, 3.11,307, 5.8
2026-06-10 11:18:51,-102.1594,31.9375, 533.1, 5405, -3.0,-10.9, -9.8, 54, 56, 3.11,307, 5.8
2026-06-10 11:18:52,-102.1594,31.9374, 532.8, 5410, -3.0,-10.9, -9.8, 54, 56, 3.12,308, 5.8
2026-06-10 11:18:53,-102.1593,31.9374, 532.4, 5414, -3.1,-10.9, -9.8, 54, 56, 3.12,308, 5.8
2026-06-10 11:18:54,-102.1593,31.9374, 532.1, 5419, -3.1,-11.0, -9.8, 55, 56, 3.12,308, 5.7
2026-06-10 11:18:55,-102.1593,31.9374, 531.8, 5424, -3.2,-11.0, -9.8, 55, 56, 3.11,308, 5.7
2026-06-10 11:18:56,-102.1592,31.9373, 531.4, 5430, -3.2,-11.0, -9.8, 55, 56, 3.11,309, 5.7
2026-06-10 11:18:57,-102.1592,31.9373, 531.1, 5435, -3.2,-11.0, -9.8, 55, 57, 3.11,309, 5.7
2026-06-10 11:18:58,-102.1591,31.9373, 530.7, 5440, -3.3,-11.0, -9.8, 55, 57, 3.10,309, 5.7
2026-06-10 11:18:59,-102.1591,31.9372, 530.4, 5445, -3.3,-11.1, -9.9, 55, 57, 3.10,310, 5.7
2026-06-10 11:19:00,-102.1590,31.9372, 530.0, 5450, -3.4,-11.1, -9.9, 55, 57, 3.09,310, 5.6
2026-06-10 11:19:01,-102.1590,31.9372, 529.7, 5455, -3.4,-11.1, -9.9, 55, 57, 3.09,310, 5.6
2026-06-10 11:19:02,-102.1589,31.9371, 529.4, 5460, -3.5,-11.1, -9.9, 55, 57, 3.09,311, 5.6
2026-06-10 11:19:03,-102.1589,31.9371, 529.0, 5465, -3.5,-11.2,-10.0, 55, 57, 3.08,311, 5.6
2026-06-10 11:19:04,-102.1588,31.9371, 528.7, 5470, -3.5,-11.2,-10.0, 55, 57, 3.08,311, 5.6
2026-06-10 11:19:05,-102.1588,31.9370, 528.3, 5476, -3.6,-11.2,-10.0, 55, 57, 3.08,312, 5.6
2026-06-10 11:19:06,-102.1587,31.9370, 528.0, 5481, -3.6,-11.2,-10.0, 56, 57, 3.07,312, 5.5
2026-06-10 11:19:07,-102.1587,31.9370, 527.7, 5486, -3.7,-11.3,-10.0, 56, 58, 3.07,312, 5.5
2026-06-10 11:19:08,-102.1587,31.9370, 527.3, 5491, -3.7,-11.3,-10.1, 56, 58, 3.06,311, 5.5
2026-06-10 11:19:09,-102.1586,31.9369, 527.0, 5496, -3.8,-11.3,-10.1, 56, 58, 3.06,311, 5.5
2026-06-10 11:19:10,-102.1586,31.9369, 526.7, 5501, -3.8,-11.3,-10.1, 56, 58, 3.05,311, 5.5
2026-06-10 11:19:11,-102.1585,31.9369, 526.3, 5506, -3.9,-11.4,-10.1, 56, 58, 3.05,311, 5.4
2026-06-10 11:19:12,-102.1585,31.9368, 526.0, 5511, -3.9,-11.4,-10.2, 56, 58, 3.04,310, 5.4
2026-06-10 11:19:13,-102.1584,31.9368, 525.6, 5516, -4.0,-11.4,-10.2, 56, 58, 3.04,310, 5.4
2026-06-10 11:19:14,-102.1584,31.9368, 525.3, 5521, -4.0,-11.5,-10.2, 56, 58, 3.03,310, 5.4
2026-06-10 11:19:15,-102.1583,31.9368, 524.9, 5527, -4.1,-11.5,-10.2, 56, 58, 3.03,309, 5.4
2026-06-10 11:19:16,-102.1583,31.9367, 524.6, 5532, -4.1,-11.5,-10.3, 56, 59, 3.02,309, 5.3
2026-06-10 11:19:17,-102.1582,31.9367, 524.2, 5537, -4.2,-11.6,-10.3, 56, 59, 3.02,309, 5.3
2026-06-10 11:19:18,-102.1582,31.9367, 523.9, 5542, -4.2,-11.6,-10.3, 56, 59, 3.01,309, 5.3
2026-06-10 11:19:19,-102.1581,31.9367, 523.5, 5548, -4.3,-11.6,-10.4, 56, 59, 3.01,308, 5.3
2026-06-10 11:19:20,-102.1581,31.9366, 523.1, 5554, -4.3,-11.6,-10.4, 57, 59, 3.00,308, 5.3
2026-06-10 11:19:21,-102.1581,31.9366, 522.8, 5558, -4.3,-11.7,-10.4, 57, 59, 3.00,308, 5.3
2026-06-10 11:19:22,-102.1580,31.9366, 522.3, 5567, -4.4,-11.8,-10.5, 56, 59, 2.97,307, 5.2
2026-06-10 11:19:23,-102.1580,31.9365, 521.9, 5573, -4.5,-11.9,-10.6, 56, 59, 2.95,307, 5.2
2026-06-10 11:19:24,-102.1579,31.9365, 521.4, 5579, -4.5,-12.0,-10.7, 56, 58, 2.93,307, 5.2
2026-06-10 11:19:25,-102.1579,31.9365, 521.0, 5586, -4.6,-12.1,-10.8, 56, 58, 2.91,306, 5.2
2026-06-10 11:19:26,-102.1578,31.9365, 520.6, 5592, -4.6,-12.2,-10.9, 55, 58, 2.89,306, 5.2
2026-06-10 11:19:27,-102.1578,31.9364, 520.1, 5599, -4.6,-12.3,-11.0, 55, 58, 2.87,306, 5.2
2026-06-10 11:19:28,-102.1577,31.9364, 519.7, 5606, -4.7,-12.4,-11.0, 55, 57, 2.85,306, 5.2
2026-06-10 11:19:29,-102.1577,31.9364, 519.2, 5613, -4.8,-12.5,-11.1, 55, 57, 2.83,306, 5.2
2026-06-10 11:19:30,-102.1576,31.9364, 518.8, 5619, -4.8,-12.6,-11.2, 54, 57, 2.81,306, 5.3
2026-06-10 11:19:31,-102.1576,31.9363, 518.4, 5625, -4.8,-12.7,-11.3, 54, 57, 2.79,305, 5.3
2026-06-10 11:19:32,-102.1575,31.9363, 518.1, 5631, -4.9,-12.8,-11.4, 54, 57, 2.77,305, 5.3
2026-06-10 11:19:33,-102.1575,31.9363, 517.7, 5637, -4.9,-12.8,-11.5, 54, 56, 2.75,305, 5.4
2026-06-10 11:19:34,-102.1575,31.9362, 517.3, 5643, -5.0,-12.9,-11.5, 54, 56, 2.74,305, 5.4
2026-06-10 11:19:35,-102.1574,31.9362, 516.9, 5648, -5.0,-13.1,-11.7, 53, 56, 2.71,305, 5.4
2026-06-10 11:19:36,-102.1574,31.9362, 516.5, 5654, -5.0,-13.2,-11.8, 53, 55, 2.68,305, 5.5
2026-06-10 11:19:37,-102.1573,31.9361, 516.2, 5659, -5.0,-13.3,-11.9, 52, 55, 2.65,305, 5.5
2026-06-10 11:19:38,-102.1573,31.9361, 515.8, 5664, -5.1,-13.5,-12.0, 52, 54, 2.63,305, 5.5
2026-06-10 11:19:39,-102.1572,31.9361, 515.5, 5670, -5.1,-13.6,-12.1, 51, 54, 2.60,304, 5.5
2026-06-10 11:19:40,-102.1572,31.9361, 515.2, 5675, -5.1,-13.7,-12.3, 51, 53, 2.57,304, 5.6
2026-06-10 11:19:41,-102.1571,31.9360, 514.8, 5680, -5.2,-13.9,-12.4, 50, 53, 2.55,304, 5.6
2026-06-10 11:19:42,-102.1571,31.9360, 514.5, 5685, -5.2,-14.0,-12.5, 50, 52, 2.52,304, 5.6
2026-06-10 11:19:43,-102.1570,31.9360, 514.2, 5690, -5.2,-14.1,-12.6, 50, 52, 2.49,304, 5.7
2026-06-10 11:19:44,-102.1570,31.9359, 513.9, 5695, -5.2,-14.3,-12.7, 49, 52, 2.47,304, 5.7
2026-06-10 11:19:45,-102.1569,31.9359, 513.6, 5699, -5.3,-14.4,-12.9, 49, 51, 2.44,304, 5.7
2026-06-10 11:19:46,-102.1569,31.9359, 513.2, 5704, -5.3,-14.6,-13.0, 48, 51, 2.41,304, 5.8
2026-06-10 11:19:47,-102.1568,31.9358, 512.9, 5709, -5.3,-14.7,-13.2, 48, 50, 2.38,304, 5.7
2026-06-10 11:19:48,-102.1568,31.9358, 512.6, 5714, -5.4,-14.6,-13.0, 48, 51, 2.41,304, 5.7
2026-06-10 11:19:49,-102.1567,31.9358, 512.2, 5719, -5.4,-14.4,-12.9, 49, 52, 2.44,304, 5.7
2026-06-10 11:19:50,-102.1567,31.9357, 511.9, 5724, -5.5,-14.3,-12.8, 50, 53, 2.47,304, 5.7
2026-06-10 11:19:51,-102.1566,31.9357, 511.5, 5730, -5.5,-14.2,-12.6, 51, 53, 2.50,304, 5.7
2026-06-10 11:19:52,-102.1566,31.9357, 511.2, 5736, -5.6,-14.0,-12.5, 51, 54, 2.53,305, 5.7
2026-06-10 11:19:53,-102.1565,31.9356, 510.8, 5741, -5.6,-13.9,-12.4, 52, 55, 2.56,305, 5.7
2026-06-10 11:19:54,-102.1565,31.9356, 510.4, 5747, -5.6,-13.8,-12.3, 53, 56, 2.59,305, 5.7
2026-06-10 11:19:55,-102.1564,31.9356, 510.1, 5753, -5.7,-13.6,-12.2, 54, 57, 2.62,305, 5.7
2026-06-10 11:19:56,-102.1564,31.9356, 509.7, 5758, -5.7,-13.5,-12.1, 54, 57, 2.65,305, 5.7
2026-06-10 11:19:57,-102.1563,31.9355, 509.4, 5764, -5.8,-13.4,-11.9, 55, 58, 2.68,305, 5.7
2026-06-10 11:19:58,-102.1563,31.9355, 509.0, 5769, -5.8,-13.2,-11.8, 56, 59, 2.71,305, 5.7
2026-06-10 11:19:59,-102.1562,31.9355, 508.6, 5775, -5.9,-13.1,-11.7, 56, 60, 2.74,306, 5.7
2026-06-10 11:20:00,-102.1562,31.9354, 508.2, 5780, -5.9,-13.0,-11.6, 57, 61, 2.77,306, 5.7
2026-06-10 11:20:01,-102.1561,31.9354, 507.8, 5787, -5.9,-13.0,-11.6, 57, 61, 2.78,306, 5.7
2026-06-10 11:20:02,-102.1561,31.9354, 507.3, 5794, -5.9,-12.9,-11.6, 58, 61, 2.79,306, 5.7
2026-06-10 11:20:03,-102.1560,31.9353, 506.9, 5801, -6.0,-12.9,-11.5, 58, 61, 2.79,306, 5.7
2026-06-10 11:20:04,-102.1560,31.9353, 506.4, 5808, -6.0,-12.9,-11.5, 58, 61, 2.79,306, 5.7
2026-06-10 11:20:05,-102.1559,31.9353, 506.0, 5815, -6.0,-12.9,-11.5, 58, 62, 2.80,306, 5.7
2026-06-10 11:20:06,-102.1558,31.9353, 505.6, 5822, -6.1,-12.9,-11.5, 58, 62, 2.80,307, 5.7
2026-06-10 11:20:07,-102.1557,31.9352, 505.2, 5828, -6.1,-12.9,-11.5, 59, 62, 2.81,306, 5.8
2026-06-10 11:20:08,-102.1557,31.9352, 504.8, 5834, -6.1,-12.9,-11.5, 59, 62, 2.81,305, 5.9
2026-06-10 11:20:09,-102.1556,31.9352, 504.4, 5840, -6.2,-12.9,-11.5, 59, 62, 2.81,304, 5.9
2026-06-10 11:20:10,-102.1555,31.9352, 504.1, 5846, -6.2,-12.9,-11.5, 59, 63, 2.82,304, 6.0
2026-06-10 11:20:11,-102.1554,31.9351, 503.7, 5852, -6.2,-12.9,-11.5, 59, 63, 2.82,303, 6.1
2026-06-10 11:20:12,-102.1553,31.9351, 503.2, 5858, -6.2,-12.9,-11.5, 59, 63, 2.82,302, 6.2
2026-06-10 11:20:13,-102.1553,31.9351, 502.6, 5868, -6.3,-12.9,-11.5, 60, 63, 2.83,301, 6.3
2026-06-10 11:20:14,-102.1552,31.9350, 502.3, 5872, -6.3,-12.9,-11.5, 60, 63, 2.83,301, 6.4
2026-06-10 11:20:15,-102.1551,31.9350, 501.9, 5879, -6.3,-13.0,-11.6, 59, 63, 2.81,301, 6.4
2026-06-10 11:20:16,-102.1551,31.9350, 501.5, 5886, -6.3,-13.0,-11.6, 59, 63, 2.80,300, 6.5
2026-06-10 11:20:17,-102.1550,31.9350, 501.0, 5893, -6.4,-13.1,-11.7, 59, 63, 2.79,299, 6.6
2026-06-10 11:20:18,-102.1549,31.9349, 500.6, 5899, -6.4,-13.1,-11.7, 59, 62, 2.78,299, 6.7
2026-06-10 11:20:19,-102.1549,31.9349, 500.3, 5905, -6.4,-13.2,-11.8, 58, 62, 2.76,298, 6.8
2026-06-10 11:20:20,-102.1548,31.9349, 500.0, 5909, -6.4,-13.3,-11.8, 58, 62, 2.75,298, 6.9
2026-06-10 11:20:21,-102.1547,31.9349, 499.5, 5917, -6.4,-13.3,-11.9, 58, 62, 2.74,297, 7.0
2026-06-10 11:20:22,-102.1546,31.9348, 499.1, 5923, -6.5,-13.4,-12.0, 58, 61, 2.72,297, 7.1
2026-06-10 11:20:23,-102.1545,31.9348, 498.7, 5928, -6.5,-13.5,-12.0, 58, 61, 2.71,296, 7.2
2026-06-10 11:20:24,-102.1545,31.9348, 498.4, 5933, -6.5,-13.5,-12.1, 57, 61, 2.70,296, 7.2
2026-06-10 11:20:25,-102.1544,31.9348, 498.1, 5938, -6.5,-13.6,-12.2, 57, 61, 2.69,295, 7.3
2026-06-10 11:20:26,-102.1543,31.9347, 497.9, 5942, -6.5,-13.7,-12.2, 57, 61, 2.68,295, 7.4
2026-06-10 11:20:27,-102.1542,31.9347, 497.5, 5948, -6.5,-13.7,-12.3, 57, 60, 2.67,295, 7.5
2026-06-10 11:20:28,-102.1542,31.9347, 497.2, 5953, -6.5,-13.8,-12.3, 56, 60, 2.64,294, 7.6
2026-06-10 11:20:29,-102.1541,31.9347, 496.9, 5958, -6.5,-13.9,-12.4, 56, 59, 2.63,294, 7.6
2026-06-10 11:20:30,-102.1540,31.9346, 496.6, 5963, -6.5,-14.0,-12.5, 55, 59, 2.61,294, 7.7
2026-06-10 11:20:31,-102.1539,31.9346, 496.2, 5968, -6.5,-14.1,-12.6, 55, 58, 2.59,293, 7.8
2026-06-10 11:20:32,-102.1538,31.9346, 495.9, 5973, -6.5,-14.2,-12.7, 54, 58, 2.57,293, 7.8
2026-06-10 11:20:33,-102.1538,31.9345, 495.6, 5978, -6.5,-14.3,-12.8, 54, 58, 2.55,293, 7.9
2026-06-10 11:20:34,-102.1537,31.9345, 495.3, 5983, -6.5,-14.4,-12.9, 54, 57, 2.53,292, 8.0
2026-06-10 11:20:35,-102.1536,31.9345, 495.0, 5987, -6.5,-14.5,-13.0, 53, 57, 2.51,292, 8.0
2026-06-10 11:20:36,-102.1535,31.9345, 494.7, 5992, -6.5,-14.6,-13.1, 53, 56, 2.49,292, 8.1
2026-06-10 11:20:37,-102.1535,31.9344, 494.3, 5997, -6.5,-14.7,-13.1, 52, 56, 2.47,291, 8.2
2026-06-10 11:20:38,-102.1534,31.9344, 494.0, 6001, -6.5,-14.8,-13.2, 52, 55, 2.46,291, 8.2
2026-06-10 11:20:39,-102.1532,31.9344, 493.7, 6007, -6.5,-14.9,-13.3, 51, 55, 2.44,291, 8.3
2026-06-10 11:20:40,-102.1532,31.9344, 493.2, 6015, -6.6,-15.1,-13.5, 51, 54, 2.41,290, 8.4
2026-06-10 11:20:41,-102.1531,31.9343, 493.0, 6019, -6.6,-15.0,-13.5, 51, 54, 2.41,290, 8.5
2026-06-10 11:20:42,-102.1530,31.9343, 492.6, 6025, -6.6,-15.0,-13.4, 51, 55, 2.42,290, 8.5
2026-06-10 11:20:43,-102.1529,31.9343, 492.3, 6031, -6.6,-15.0,-13.4, 51, 55, 2.43,290, 8.6
2026-06-10 11:20:44,-102.1528,31.9343, 491.9, 6037, -6.6,-14.9,-13.3, 52, 55, 2.45,289, 8.7
2026-06-10 11:20:45,-102.1527,31.9342, 491.5, 6043, -6.6,-14.9,-13.3, 52, 55, 2.46,289, 8.7
2026-06-10 11:20:46,-102.1526,31.9342, 491.2, 6048, -6.6,-14.8,-13.2, 52, 56, 2.47,289, 8.8
2026-06-10 11:20:47,-102.1525,31.9342, 490.8, 6054, -6.6,-14.8,-13.2, 52, 56, 2.48,289, 8.9
2026-06-10 11:20:48,-102.1524,31.9342, 490.4, 6060, -6.7,-14.7,-13.2, 53, 56, 2.49,289, 8.9
2026-06-10 11:20:49,-102.1523,31.9341, 490.1, 6065, -6.7,-14.7,-13.1, 53, 56, 2.50,289, 9.0
2026-06-10 11:20:50,-102.1522,31.9341, 489.7, 6071, -6.7,-14.6,-13.1, 53, 57, 2.51,288, 9.0
2026-06-10 11:20:51,-102.1521,31.9341, 489.3, 6077, -6.7,-14.6,-13.0, 53, 57, 2.53,288, 9.1
2026-06-10 11:20:52,-102.1520,31.9341, 488.9, 6083, -6.7,-14.5,-13.0, 54, 57, 2.54,288, 9.2
2026-06-10 11:20:53,-102.1519,31.9340, 488.6, 6089, -6.7,-14.5,-13.0, 54, 58, 2.55,288, 9.2
2026-06-10 11:20:54,-102.1518,31.9340, 488.2, 6096, -6.8,-14.5,-13.0, 54, 58, 2.55,288, 9.3
2026-06-10 11:20:55,-102.1517,31.9340, 487.8, 6102, -6.8,-14.5,-12.9, 54, 58, 2.55,288, 9.4
2026-06-10 11:20:56,-102.1516,31.9340, 487.5, 6108, -6.9,-14.5,-12.9, 55, 58, 2.56,288, 9.4
2026-06-10 11:20:57,-102.1515,31.9339, 487.1, 6114, -6.9,-14.5,-12.9, 55, 59, 2.56,288, 9.5
2026-06-10 11:20:58,-102.1514,31.9339, 486.7, 6119, -7.0,-14.5,-12.9, 55, 59, 2.56,288, 9.5
2026-06-10 11:20:59,-102.1513,31.9339, 486.3, 6125, -7.0,-14.5,-12.9, 55, 59, 2.56,288, 9.6
2026-06-10 11:21:00,-102.1513,31.9339, 486.0, 6131, -7.1,-14.5,-12.9, 55, 59, 2.56,288, 9.7
2026-06-10 11:21:01,-102.1512,31.9338, 485.7, 6137, -7.1,-14.5,-12.9, 56, 60, 2.56,288, 9.7
2026-06-10 11:21:02,-102.1511,31.9338, 485.4, 6142, -7.2,-14.5,-12.9, 56, 60, 2.57,288, 9.8
2026-06-10 11:21:03,-102.1510,31.9338, 485.0, 6147, -7.2,-14.5,-12.9, 56, 60, 2.57,288, 9.8
2026-06-10 11:21:04,-102.1509,31.9337, 484.7, 6152, -7.2,-14.5,-12.9, 56, 60, 2.57,287, 9.9
2026-06-10 11:21:05,-102.1508,31.9337, 484.4, 6157, -7.3,-14.5,-12.9, 56, 61, 2.57,287,10.0
2026-06-10 11:21:06,-102.1507,31.9337, 484.0, 6162, -7.3,-14.5,-12.9, 57, 61, 2.58,287,10.0
2026-06-10 11:21:07,-102.1506,31.9337, 483.6, 6168, -7.4,-14.5,-12.9, 57, 61, 2.58,287, 9.9
2026-06-10 11:21:08,-102.1505,31.9337, 483.4, 6172, -7.4,-14.6,-13.0, 56, 61, 2.56,287, 9.9
2026-06-10 11:21:09,-102.1504,31.9337, 483.0, 6178, -7.4,-14.7,-13.2, 56, 60, 2.53,286, 9.8
2026-06-10 11:21:10,-102.1503,31.9337, 482.7, 6184, -7.4,-14.9,-13.3, 55, 59, 2.50,286, 9.7
2026-06-10 11:21:11,-102.1502,31.9337, 482.3, 6190, -7.5,-15.0,-13.4, 55, 59, 2.47,286, 9.7
2026-06-10 11:21:12,-102.1501,31.9336, 482.0, 6196, -7.5,-15.2,-13.6, 54, 58, 2.45,285, 9.6
2026-06-10 11:21:13,-102.1500,31.9336, 481.6, 6201, -7.5,-15.3,-13.7, 54, 58, 2.42,285, 9.5
2026-06-10 11:21:14,-102.1499,31.9336, 481.3, 6207, -7.5,-15.5,-13.8, 53, 57, 2.39,285, 9.5
2026-06-10 11:21:15,-102.1498,31.9336, 481.0, 6212, -7.6,-15.6,-14.0, 52, 56, 2.36,284, 9.4
2026-06-10 11:21:16,-102.1497,31.9336, 480.6, 6218, -7.6,-15.8,-14.1, 52, 56, 2.33,284, 9.3
2026-06-10 11:21:17,-102.1496,31.9336, 480.3, 6223, -7.6,-15.9,-14.3, 51, 55, 2.30,284, 9.3
2026-06-10 11:21:18,-102.1495,31.9336, 479.9, 6229, -7.6,-16.1,-14.4, 51, 55, 2.27,283, 9.2
2026-06-10 11:21:19,-102.1494,31.9336, 479.5, 6235, -7.6,-16.2,-14.5, 50, 54, 2.24,283, 9.1
2026-06-10 11:21:20,-102.1493,31.9336, 479.1, 6241, -7.7,-16.4,-14.7, 50, 53, 2.22,282, 9.1
2026-06-10 11:21:21,-102.1493,31.9336, 478.7, 6248, -7.7,-16.6,-14.8, 49, 53, 2.19,282, 9.0
2026-06-10 11:21:22,-102.1492,31.9336, 478.3, 6254, -7.7,-16.8,-15.0, 48, 52, 2.15,282, 8.9
2026-06-10 11:21:23,-102.1491,31.9336, 477.9, 6261, -7.7,-17.0,-15.2, 47, 51, 2.12,281, 8.9
2026-06-10 11:21:24,-102.1490,31.9336, 477.6, 6267, -7.7,-17.2,-15.4, 46, 50, 2.08,281, 8.8
2026-06-10 11:21:25,-102.1489,31.9336, 477.2, 6273, -7.7,-17.4,-15.6, 46, 49, 2.04,280, 8.7
2026-06-10 11:21:26,-102.1488,31.9336, 476.9, 6279, -7.7,-17.6,-15.8, 45, 48, 2.01,280, 8.7
2026-06-10 11:21:27,-102.1487,31.9336, 476.5, 6285, -7.7,-17.9,-16.0, 44, 47, 1.97,279, 8.7
2026-06-10 11:21:28,-102.1486,31.9336, 476.1, 6291, -7.7,-18.1,-16.2, 43, 46, 1.93,278, 8.7
2026-06-10 11:21:29,-102.1485,31.9336, 475.8, 6296, -7.7,-18.3,-16.4, 42, 45, 1.90,276, 8.8
2026-06-10 11:21:30,-102.1484,31.9336, 475.4, 6303, -7.7,-18.6,-16.7, 41, 45, 1.86,275, 8.8
2026-06-10 11:21:31,-102.1483,31.9336, 475.0, 6309, -7.7,-18.8,-16.9, 41, 44, 1.82,274, 8.9
2026-06-10 11:21:32,-102.1482,31.9336, 474.6, 6316, -7.7,-19.1,-17.1, 40, 43, 1.79,273, 8.9
2026-06-10 11:21:33,-102.1481,31.9336, 474.2, 6322, -7.7,-19.3,-17.3, 39, 42, 1.75,272, 9.0
2026-06-10 11:21:34,-102.1480,31.9336, 473.8, 6329, -7.8,-19.6,-17.6, 38, 41, 1.71,270, 9.0
2026-06-10 11:21:35,-102.1479,31.9336, 473.4, 6335, -7.8,-19.9,-17.9, 37, 40, 1.67,269, 9.0
2026-06-10 11:21:36,-102.1478,31.9336, 473.0, 6342, -7.8,-20.2,-18.2, 36, 39, 1.62,268, 9.1
2026-06-10 11:21:37,-102.1477,31.9336, 472.6, 6348, -7.8,-20.6,-18.5, 35, 38, 1.58,267, 9.1
2026-06-10 11:21:38,-102.1476,31.9336, 472.2, 6355, -7.8,-20.9,-18.8, 34, 37, 1.53,266, 9.2
2026-06-10 11:21:39,-102.1476,31.9336, 471.8, 6361, -7.8,-21.3,-19.1, 33, 36, 1.49,265, 9.2
2026-06-10 11:21:40,-102.1475,31.9337, 471.4, 6368, -7.8,-21.6,-19.4, 32, 35, 1.44,264, 9.2
2026-06-10 11:21:41,-102.1474,31.9337, 471.0, 6374, -7.8,-22.0,-19.8, 31, 34, 1.40,263, 9.3
2026-06-10 11:21:42,-102.1473,31.9338, 470.6, 6381, -7.9,-22.4,-20.1, 30, 33, 1.35,262, 9.3
2026-06-10 11:21:43,-102.1473,31.9338, 470.2, 6387, -7.9,-22.8,-20.5, 29, 31, 1.31,261, 9.3
2026-06-10 11:21:44,-102.1472,31.9339, 469.8, 6394, -7.9,-23.2,-20.9, 28, 30, 1.26,260, 9.3
2026-06-10 11:21:45,-102.1471,31.9339, 469.4, 6401, -7.9,-23.6,-21.2, 27, 29, 1.22,258, 9.4
2026-06-10 11:21:46,-102.1470,31.9339, 469.0, 6407, -7.9,-24.0,-21.6, 26, 28, 1.17,257, 9.5
2026-06-10 11:21:47,-102.1469,31.9340, 468.6, 6415, -8.0,-24.5,-22.1, 25, 27, 1.12,256, 9.4
2026-06-10 11:21:48,-102.1469,31.9340, 468.1, 6422, -8.0,-25.0,-22.5, 24, 26, 1.07,255, 9.3
2026-06-10 11:21:49,-102.1468,31.9341, 467.7, 6429, -8.1,-25.3,-22.8, 24, 26, 1.05,254, 9.3
2026-06-10 11:21:50,-102.1467,31.9341, 467.2, 6437, -8.2,-25.4,-22.9, 24, 26, 1.04,253, 9.3
2026-06-10 11:21:51,-102.1466,31.9342, 466.8, 6444, -8.2,-25.5,-23.0, 23, 25, 1.03,252, 9.3
2026-06-10 11:21:52,-102.1465,31.9342, 466.3, 6451, -8.3,-25.6,-23.1, 23, 25, 1.02,251, 9.2
2026-06-10 11:21:53,-102.1465,31.9342, 465.9, 6460, -8.4,-25.7,-23.2, 23, 25, 1.01,250, 9.2
2026-06-10 11:21:54,-102.1464,31.9343, 465.4, 6468, -8.4,-25.8,-23.3, 23, 25, 1.01,249, 9.2
2026-06-10 11:21:55,-102.1463,31.9343, 464.9, 6477, -8.5,-25.9,-23.4, 23, 25, 1.00,248, 9.1
2026-06-10 11:21:56,-102.1462,31.9344, 464.4, 6485, -8.6,-26.0,-23.4, 23, 25, 0.99,247, 9.1
2026-06-10 11:21:57,-102.1461,31.9344, 463.9, 6494, -8.6,-26.1,-23.5, 23, 25, 0.98,246, 9.0
2026-06-10 11:21:58,-102.1461,31.9344, 463.4, 6501, -8.7,-26.2,-23.6, 23, 25, 0.98,245, 9.0
2026-06-10 11:21:59,-102.1460,31.9345, 463.0, 6508, -8.8,-26.3,-23.7, 23, 25, 0.97,244, 8.9
2026-06-10 11:22:00,-102.1459,31.9345, 462.5, 6515, -8.8,-26.4,-23.8, 23, 25, 0.96,243, 8.9
2026-06-10 11:22:01,-102.1458,31.9346, 462.1, 6523, -8.8,-26.4,-23.9, 23, 25, 0.96,241, 8.9
2026-06-10 11:22:02,-102.1458,31.9346, 461.6, 6530, -8.9,-26.5,-23.9, 22, 25, 0.95,240, 8.8
2026-06-10 11:22:03,-102.1457,31.9347, 461.2, 6537, -8.9,-26.7,-24.1, 22, 24, 0.93,239, 8.7
2026-06-10 11:22:04,-102.1456,31.9347, 460.8, 6545, -8.9,-27.0,-24.3, 22, 24, 0.91,238, 8.7
2026-06-10 11:22:05,-102.1455,31.9347, 460.3, 6553, -9.0,-27.2,-24.5, 21, 23, 0.90,237, 8.7
2026-06-10 11:22:06,-102.1454,31.9348, 459.9, 6560, -9.0,-27.4,-24.8, 21, 23, 0.88,236, 8.7
2026-06-10 11:22:07,-102.1454,31.9348, 459.4, 6568, -9.0,-27.6,-25.0, 21, 22, 0.86,235, 8.7
2026-06-10 11:22:08,-102.1453,31.9349, 459.0, 6576, -9.1,-27.9,-25.2, 20, 22, 0.84,235, 8.7
2026-06-10 11:22:09,-102.1452,31.9349, 458.5, 6583, -9.1,-28.1,-25.4, 20, 22, 0.83,234, 8.8
2026-06-10 11:22:10,-102.1451,31.9350, 458.1, 6591, -9.1,-28.3,-25.6, 19, 21, 0.81,234, 8.8
2026-06-10 11:22:11,-102.1450,31.9351, 457.6, 6598, -9.1,-28.6,-25.8, 19, 21, 0.79,233, 8.9
2026-06-10 11:22:12,-102.1449,31.9351, 457.2, 6606, -9.2,-28.8,-26.1, 19, 20, 0.77,233, 8.9
2026-06-10 11:22:13,-102.1449,31.9352, 456.6, 6615, -9.2,-29.2,-26.4, 18, 20, 0.75,232, 8.9
2026-06-10 11:22:14,-102.1448,31.9353, 456.4, 6620, -9.2,-29.3,-26.5, 18, 19, 0.74,232, 9.0
2026-06-10 11:22:15,-102.1447,31.9353, 455.9, 6628, -9.2,-29.5,-26.7, 17, 19, 0.73,231, 9.0
2026-06-10 11:22:16,-102.1446,31.9354, 455.5, 6634, -9.1,-29.9,-27.1, 17, 18, 0.70,231, 9.1
2026-06-10 11:22:17,-102.1446,31.9354, 455.1, 6640, -9.1,-30.4,-27.5, 16, 17, 0.67,230, 9.1
2026-06-10 11:22:18,-102.1445,31.9355, 454.8, 6647, -9.1,-30.9,-28.0, 15, 17, 0.64,230, 9.2
2026-06-10 11:22:19,-102.1444,31.9356, 454.4, 6653, -9.0,-31.5,-28.5, 14, 16, 0.61,229, 9.2
2026-06-10 11:22:20,-102.1443,31.9356, 454.1, 6660, -9.0,-32.0,-29.0, 14, 15, 0.58,229, 9.2
2026-06-10 11:22:21,-102.1442,31.9357, 453.7, 6665, -9.0,-32.6,-29.6, 13, 14, 0.54,228, 9.3
2026-06-10 11:22:22,-102.1442,31.9358, 453.4, 6671, -8.9,-33.3,-30.2, 12, 13, 0.51,228, 9.3
2026-06-10 11:22:23,-102.1441,31.9358, 453.0, 6676, -8.9,-34.0,-30.9, 11, 12, 0.48,227, 9.4
2026-06-10 11:22:24,-102.1440,31.9359, 452.7, 6682, -8.9,-34.7,-31.6, 10, 11, 0.44,227, 9.4
2026-06-10 11:22:25,-102.1439,31.9360, 452.4, 6687, -8.8,-35.5,-32.3,  9, 10, 0.41,226, 9.5
2026-06-10 11:22:26,-102.1438,31.9360, 452.0, 6693, -8.8,-36.4,-33.1,  9,  9, 0.38,226, 9.5
2026-06-10 11:22:27,-102.1438,31.9361, 451.7, 6699, -8.8,-37.4,-34.0,  8,  9, 0.34,226, 9.6
2026-06-10 11:22:28,-102.1437,31.9362, 451.4, 6704, -8.8,-38.5,-35.0,  7,  8, 0.31,226, 9.7
2026-06-10 11:22:29,-102.1436,31.9362, 451.0, 6710, -8.7,-39.5,-36.0,  6,  7, 0.28,226, 9.8
2026-06-10 11:22:30,-102.1435,31.9363, 450.6, 6716, -8.7,-39.9,-36.4,  6,  7, 0.26,226, 9.9
2026-06-10 11:22:31,-102.1434,31.9364, 450.2, 6722, -8.7,-40.4,-36.8,  6,  6, 0.25,226,10.0
2026-06-10 11:22:32,-102.1434,31.9364, 449.9, 6729, -8.7,-40.8,-37.3,  5,  6, 0.24,226,10.1
2026-06-10 11:22:33,-102.1433,31.9365, 449.5, 6736, -8.7,-41.3,-37.8,  5,  6, 0.23,226,10.2
2026-06-10 11:22:34,-102.1432,31.9365, 449.1, 6743, -8.7,-41.9,-38.3,  5,  5, 0.22,226,10.3
2026-06-10 11:22:35,-102.1431,31.9366, 448.7, 6750, -8.7,-42.4,-38.8,  5,  5, 0.20,226,10.4
2026-06-10 11:22:36,-102.1430,31.9367, 448.3, 6757, -8.7,-43.0,-39.4,  4,  5, 0.19,226,10.5
2026-06-10 11:22:37,-102.1430,31.9367, 447.9, 6764, -8.6,-43.7,-40.0,  4,  4, 0.18,226,10.6
2026-06-10 11:22:38,-102.1429,31.9368, 447.4, 6772, -8.6,-44.3,-40.6,  4,  4, 0.17,226,10.7
2026-06-10 11:22:39,-102.1428,31.9369, 447.0, 6779, -8.6,-45.1,-41.3,  3,  4, 0.15,226,10.8
2026-06-10 11:22:40,-102.1427,31.9369, 446.5, 6788, -8.6,-46.0,-42.2,  3,  3, 0.14,226,11.0
2026-06-10 11:22:41,-102.1426,31.9370, 446.2, 6794, -8.6,-46.7,-42.9,  3,  3, 0.13,226,11.0
2026-06-10 11:22:42,-102.1425,31.9371, 445.7, 6803, -8.7,-47.9,-44.0,  3,  3, 0.11,226,11.2
2026-06-10 11:22:43,-102.1424,31.9372, 445.4, 6808, -8.7,-47.9,-44.0,  3,  3, 0.11,226,11.2
2026-06-10 11:22:44,-102.1423,31.9373, 445.0, 6815, -8.8,-47.9,-44.0,  3,  3, 0.11,226,11.3
2026-06-10 11:22:45,-102.1422,31.9373, 444.6, 6821, -8.8,-47.9,-44.0,  3,  3, 0.11,226,11.4
2026-06-10 11:22:46,-102.1421,31.9374, 444.2, 6828, -8.8,-47.9,-44.0,  3,  3, 0.11,226,11.5
2026-06-10 11:22:47,-102.1420,31.9375, 443.8, 6835, -8.8,-47.9,-44.0,  3,  3, 0.11,226,11.6
2026-06-10 11:22:48,-102.1419,31.9376, 443.5, 6842, -8.9,-47.9,-44.0,  3,  3, 0.11,226,11.6
2026-06-10 11:22:49,-102.1418,31.9376, 443.1, 6848, -8.9,-47.9,-44.0,  3,  3, 0.11,226,11.7
2026-06-10 11:22:50,-102.1417,31.9377, 442.7, 6854, -9.0,-47.9,-44.0,  3,  3, 0.11,226,11.7
2026-06-10 11:22:51,-102.1416,31.9378, 442.3, 6861, -9.0,-47.9,-44.0,  3,  3, 0.11,227,11.8
2026-06-10 11:22:52,-102.1415,31.9379, 442.0, 6867, -9.0,-47.9,-44.0,  3,  3, 0.11,227,11.8
2026-06-10 11:22:53,-102.1414,31.9379, 441.6, 6874, -9.1,-47.9,-44.0,  3,  3, 0.11,227,11.9
2026-06-10 11:22:54,-102.1413,31.9380, 441.2, 6881, -9.1,-47.9,-44.0,  3,  3, 0.11,227,11.9
2026-06-10 11:22:55,-102.1412,31.9381, 440.8, 6888, -9.1,-47.9,-44.0,  3,  3, 0.11,227,12.0
2026-06-10 11:22:56,-102.1411,31.9382, 440.3, 6896, -9.2,-47.8,-43.9,  3,  3, 0.12,227,12.0
2026-06-10 11:22:57,-102.1410,31.9382, 439.9, 6903, -9.2,-47.5,-43.6,  3,  3, 0.12,227,12.1
2026-06-10 11:22:58,-102.1409,31.9383, 439.5, 6911, -9.3,-47.2,-43.3,  3,  3, 0.12,227,12.1
2026-06-10 11:22:59,-102.1408,31.9384, 439.1, 6918, -9.3,-46.9,-43.0,  3,  3, 0.13,227,12.2
2026-06-10 11:23:00,-102.1407,31.9385, 438.7, 6925, -9.4,-46.6,-42.7,  3,  3, 0.13,227,12.2
2026-06-10 11:23:01,-102.1406,31.9385, 438.3, 6932, -9.4,-46.3,-42.5,  3,  4, 0.14,227,12.3
2026-06-10 11:23:02,-102.1405,31.9386, 437.9, 6939, -9.4,-46.0,-42.2,  3,  4, 0.14,227,12.3
2026-06-10 11:23:03,-102.1404,31.9387, 437.5, 6946, -9.5,-45.8,-42.0,  3,  4, 0.15,227,12.4
2026-06-10 11:23:04,-102.1403,31.9388, 437.1, 6953, -9.5,-45.5,-41.7,  4,  4, 0.15,227,12.4
2026-06-10 11:23:05,-102.1402,31.9389, 436.7, 6960, -9.6,-45.3,-41.5,  4,  4, 0.15,227,12.5
2026-06-10 11:23:06,-102.1402,31.9389, 436.4, 6966, -9.6,-45.0,-41.3,  4,  4, 0.16,227,12.5
2026-06-10 11:23:07,-102.1401,31.9390, 436.0, 6972, -9.7,-44.8,-41.0,  4,  4, 0.16,228,12.6
2026-06-10 11:23:08,-102.1400,31.9391, 435.7, 6978, -9.7,-44.6,-40.8,  4,  4, 0.17,228,12.7
2026-06-10 11:23:09,-102.1399,31.9392, 435.3, 6984, -9.7,-44.3,-40.6,  4,  5, 0.17,228,12.8
2026-06-10 11:23:10,-102.1397,31.9392, 435.0, 6990, -9.8,-44.0,-40.3,  4,  5, 0.18,228,12.8
2026-06-10 11:23:11,-102.1396,31.9393, 434.6, 6997, -9.8,-43.7,-40.0,  4,  5, 0.18,228,12.9
2026-06-10 11:23:12,-102.1395,31.9394, 434.2, 7004, -9.8,-43.3,-39.7,  5,  5, 0.19,229,13.0
2026-06-10 11:23:13,-102.1394,31.9395, 433.8, 7010, -9.9,-43.0,-39.4,  5,  5, 0.20,229,13.1
2026-06-10 11:23:14,-102.1393,31.9395, 433.5, 7017, -9.9,-42.7,-39.1,  5,  5, 0.20,229,13.2
2026-06-10 11:23:15,-102.1392,31.9396, 433.1, 7024, -9.9,-42.4,-38.8,  5,  6, 0.21,229,13.2
2026-06-10 11:23:16,-102.1390,31.9397, 432.7, 7031,-10.0,-42.2,-38.5,  5,  6, 0.22,229,13.3
2026-06-10 11:23:17,-102.1389,31.9398, 432.3, 7038,-10.0,-39.6,-36.1,  7,  8, 0.29,230,13.4
2026-06-10 11:23:18,-102.1388,31.9399, 431.9, 7045,-10.0,-39.3,-35.9,  7,  8, 0.29,230,13.5
2026-06-10 11:23:19,-102.1387,31.9399, 431.5, 7053,-10.1,-39.1,-35.6,  7,  8, 0.30,230,13.6
2026-06-10 11:23:20,-102.1386,31.9400, 431.1, 7060,-10.1,-38.8,-35.4,  8,  8, 0.31,230,13.6
2026-06-10 11:23:21,-102.1385,31.9401, 430.7, 7067,-10.1,-38.6,-35.2,  8,  9, 0.32,230,13.7
2026-06-10 11:23:22,-102.1383,31.9402, 430.3, 7074,-10.2,-38.4,-35.0,  8,  9, 0.32,231,13.8
2026-06-10 11:23:23,-102.1382,31.9402, 429.9, 7080,-10.2,-38.3,-34.9,  8,  9, 0.33,231,13.9
2026-06-10 11:23:24,-102.1381,31.9403, 429.6, 7086,-10.3,-38.2,-34.8,  8,  9, 0.33,231,14.0
2026-06-10 11:23:25,-102.1380,31.9404, 429.3, 7093,-10.3,-38.1,-34.7,  8,  9, 0.34,231,14.0
2026-06-10 11:23:26,-102.1379,31.9405, 428.9, 7099,-10.4,-38.0,-34.6,  8,  9, 0.34,231,14.1
2026-06-10 11:23:27,-102.1378,31.9406, 428.6, 7105,-10.4,-37.9,-34.5,  8,  9, 0.34,231,14.1
2026-06-10 11:23:28,-102.1376,31.9406, 428.3, 7111,-10.5,-37.8,-34.5,  9, 10, 0.34,231,14.1
2026-06-10 11:23:29,-102.1375,31.9407, 427.9, 7116,-10.5,-37.7,-34.4,  9, 10, 0.35,232,14.1
2026-06-10 11:23:30,-102.1374,31.9408, 427.6, 7121,-10.6,-37.7,-34.3,  9, 10, 0.35,232,14.1
2026-06-10 11:23:31,-102.1373,31.9409, 427.3, 7127,-10.6,-37.6,-34.2,  9, 10, 0.35,232,14.0
2026-06-10 11:23:32,-102.1372,31.9409, 427.0, 7132,-10.7,-37.5,-34.2,  9, 10, 0.36,232,14.0
2026-06-10 11:23:33,-102.1370,31.9410, 426.7, 7137,-10.7,-37.4,-34.1,  9, 10, 0.36,232,14.0
2026-06-10 11:23:34,-102.1369,31.9411, 426.4, 7144,-10.8,-37.4,-34.0,  9, 10, 0.36,232,14.0
2026-06-10 11:23:35,-102.1368,31.9412, 426.0, 7150,-10.8,-37.3,-34.0,  9, 10, 0.37,232,14.0
2026-06-10 11:23:36,-102.1367,31.9413, 425.7, 7156,-10.9,-37.2,-33.9,  9, 10, 0.37,232,14.0
2026-06-10 11:23:37,-102.1366,31.9413, 425.3, 7163,-10.9,-37.1,-33.8, 10, 11, 0.37,232,13.9
2026-06-10 11:23:38,-102.1365,31.9414, 425.0, 7169,-11.0,-37.0,-33.7, 10, 11, 0.38,232,13.9
2026-06-10 11:23:39,-102.1363,31.9415, 424.7, 7176,-11.0,-36.9,-33.6, 10, 11, 0.38,233,13.9
2026-06-10 11:23:40,-102.1362,31.9416, 424.3, 7182,-11.1,-36.8,-33.5, 10, 11, 0.38,233,13.9
2026-06-10 11:23:41,-102.1361,31.9416, 424.0, 7188,-11.1,-36.7,-33.4, 10, 11, 0.39,233,13.9
2026-06-10 11:23:42,-102.1360,31.9417, 423.6, 7194,-11.2,-36.6,-33.4, 10, 11, 0.39,233,13.9
2026-06-10 11:23:43,-102.1359,31.9417, 423.3, 7200,-11.2,-36.6,-33.3, 10, 12, 0.40,233,13.8
2026-06-10 11:23:44,-102.1358,31.9418, 422.9, 7206,-11.3,-36.5,-33.2, 11, 12, 0.40,233,13.8
2026-06-10 11:23:45,-102.1357,31.9419, 422.6, 7213,-11.4,-36.4,-33.1, 11, 12, 0.40,233,13.8
2026-06-10 11:23:46,-102.1356,31.9419, 422.2, 7219,-11.4,-36.3,-33.0, 11, 12, 0.41,233,13.8
2026-06-10 11:23:47,-102.1355,31.9420, 421.9, 7226,-11.5,-36.2,-32.9, 11, 12, 0.41,233,13.7
2026-06-10 11:23:48,-102.1354,31.9421, 421.5, 7232,-11.5,-36.1,-32.9, 11, 12, 0.42,233,13.6
2026-06-10 11:23:49,-102.1353,31.9421, 421.2, 7239,-11.6,-36.0,-32.8, 11, 13, 0.42,233,13.5
2026-06-10 11:23:50,-102.1352,31.9422, 420.8, 7245,-11.6,-35.8,-32.5, 12, 13, 0.43,233,13.3
2026-06-10 11:23:51,-102.1351,31.9422, 420.5, 7251,-11.7,-35.3,-32.1, 12, 14, 0.45,233,13.2
2026-06-10 11:23:52,-102.1350,31.9423, 420.1, 7257,-11.7,-34.9,-31.7, 13, 14, 0.47,233,13.1
2026-06-10 11:23:53,-102.1349,31.9424, 419.8, 7264,-11.8,-34.5,-31.3, 13, 15, 0.49,233,13.0
2026-06-10 11:23:54,-102.1348,31.9424, 419.4, 7270,-11.8,-34.1,-31.0, 14, 16, 0.51,233,12.9
2026-06-10 11:23:55,-102.1347,31.9425, 419.1, 7276,-11.9,-33.8,-30.7, 14, 16, 0.53,233,12.8
2026-06-10 11:23:56,-102.1346,31.9426, 418.8, 7282,-11.9,-33.4,-30.3, 15, 17, 0.55,233,12.7
2026-06-10 11:23:57,-102.1345,31.9426, 418.5, 7288,-12.0,-33.1,-30.0, 15, 17, 0.56,233,12.6
2026-06-10 11:23:58,-102.1344,31.9427, 418.1, 7294,-12.0,-32.8,-29.7, 16, 18, 0.58,233,12.4
2026-06-10 11:23:59,-102.1343,31.9427, 417.8, 7300,-12.1,-32.5,-29.5, 17, 19, 0.60,233,12.3
2026-06-10 11:24:00,-102.1342,31.9428, 417.5, 7306,-12.1,-32.2,-29.2, 17, 19, 0.62,233,12.2
2026-06-10 11:24:01,-102.1341,31.9429, 417.2, 7311,-12.2,-31.9,-28.9, 18, 20, 0.63,233,12.1
2026-06-10 11:24:02,-102.1340,31.9429, 417.0, 7316,-12.2,-31.6,-28.7, 18, 21, 0.65,233,12.0
2026-06-10 11:24:03,-102.1339,31.9430, 416.7, 7321,-12.3,-31.4,-28.4, 19, 21, 0.67,233,11.9
2026-06-10 11:24:04,-102.1338,31.9431, 416.4, 7325,-12.3,-31.2,-28.3, 19, 22, 0.68,233,11.8
2026-06-10 11:24:05,-102.1337,31.9431, 416.2, 7330,-12.4,-31.0,-28.1, 20, 22, 0.69,233,11.7
2026-06-10 11:24:06,-102.1336,31.9432, 415.9, 7334,-12.4,-30.9,-28.0, 20, 22, 0.70,233,11.5
2026-06-10 11:24:07,-102.1335,31.9432, 415.6, 7340,-12.5,-30.7,-27.8, 20, 23, 0.71,234,11.6
2026-06-10 11:24:08,-102.1334,31.9433, 415.3, 7346,-12.5,-30.6,-27.7, 21, 23, 0.72,234,11.6
2026-06-10 11:24:09,-102.1333,31.9434, 415.0, 7351,-12.6,-30.4,-27.5, 21, 24, 0.73,234,11.6
2026-06-10 11:24:10,-102.1332,31.9434, 414.6, 7357,-12.6,-30.3,-27.4, 21, 24, 0.75,234,11.6
2026-06-10 11:24:11,-102.1331,31.9435, 414.3, 7363,-12.7,-30.1,-27.3, 22, 25, 0.76,235,11.6
2026-06-10 11:24:12,-102.1330,31.9435, 414.0, 7369,-12.8,-30.0,-27.1, 22, 25, 0.77,235,11.6
2026-06-10 11:24:13,-102.1328,31.9436, 413.7, 7375,-12.8,-29.8,-27.0, 23, 26, 0.78,235,11.6
2026-06-10 11:24:14,-102.1327,31.9436, 413.3, 7382,-12.8,-29.7,-26.9, 23, 26, 0.79,235,11.7
2026-06-10 11:24:15,-102.1326,31.9437, 413.0, 7388,-12.9,-29.6,-26.8, 23, 26, 0.80,235,11.7
2026-06-10 11:24:16,-102.1325,31.9437, 412.6, 7396,-13.0,-29.4,-26.6, 24, 27, 0.81,236,11.7
2026-06-10 11:24:17,-102.1324,31.9438, 412.3, 7400,-13.0,-29.5,-26.7, 24, 27, 0.81,236,11.7
2026-06-10 11:24:18,-102.1323,31.9438, 412.0, 7406,-13.0,-29.7,-26.8, 23, 27, 0.80,236,11.7
2026-06-10 11:24:19,-102.1322,31.9439, 411.7, 7412,-13.1,-29.8,-27.0, 23, 26, 0.79,236,11.7
2026-06-10 11:24:20,-102.1320,31.9439, 411.4, 7417,-13.1,-29.9,-27.1, 23, 26, 0.78,237,11.7
2026-06-10 11:24:21,-102.1319,31.9440, 411.1, 7423,-13.2,-30.1,-27.2, 23, 26, 0.77,237,11.8
2026-06-10 11:24:22,-102.1318,31.9440, 410.8, 7429,-13.2,-30.2,-27.4, 23, 26, 0.76,237,11.8
2026-06-10 11:24:23,-102.1317,31.9441, 410.5, 7434,-13.3,-30.4,-27.5, 22, 25, 0.75,237,11.8
2026-06-10 11:24:24,-102.1316,31.9441, 410.2, 7440,-13.3,-30.5,-27.6, 22, 25, 0.74,238,11.8
2026-06-10 11:24:25,-102.1315,31.9442, 409.9, 7446,-13.4,-30.7,-27.8, 22, 25, 0.73,238,11.8
2026-06-10 11:24:26,-102.1313,31.9442, 409.5, 7452,-13.4,-30.8,-27.9, 22, 25, 0.72,238,11.8
2026-06-10 11:24:27,-102.1312,31.9443, 409.2, 7458,-13.5,-31.0,-28.1, 21, 24, 0.71,238,11.9
2026-06-10 11:24:28,-102.1311,31.9443, 408.9, 7464,-13.5,-31.1,-28.2, 21, 24, 0.70,239,11.9
2026-06-10 11:24:29,-102.1310,31.9444, 408.6, 7470,-13.6,-31.3,-28.3, 21, 24, 0.69,240,11.9
2026-06-10 11:24:30,-102.1309,31.9444, 408.3, 7475,-13.6,-31.5,-28.5, 21, 24, 0.68,240,12.0
2026-06-10 11:24:31,-102.1308,31.9445, 408.0, 7481,-13.6,-31.8,-28.9, 20, 23, 0.65,241,12.0
2026-06-10 11:24:32,-102.1307,31.9445, 407.7, 7487,-13.7,-32.2,-29.2, 19, 22, 0.63,241,12.0
2026-06-10 11:24:33,-102.1305,31.9446, 407.3, 7493,-13.7,-32.6,-29.5, 19, 21, 0.61,242,12.1
2026-06-10 11:24:34,-102.1304,31.9446, 407.0, 7499,-13.8,-33.0,-29.9, 18, 21, 0.59,242,12.1
2026-06-10 11:24:35,-102.1303,31.9447, 406.7, 7505,-13.8,-33.4,-30.3, 18, 20, 0.57,243,12.2
2026-06-10 11:24:36,-102.1302,31.9447, 406.4, 7510,-13.9,-33.8,-30.7, 17, 19, 0.54,243,12.2
2026-06-10 11:24:37,-102.1301,31.9448, 406.1, 7515,-13.9,-34.2,-31.1, 16, 19, 0.52,244,12.2
2026-06-10 11:24:38,-102.1300,31.9448, 405.9, 7520,-13.9,-34.6,-31.5, 16, 18, 0.50,244,12.3
2026-06-10 11:24:39,-102.1298,31.9449, 405.6, 7525,-14.0,-35.1,-31.9, 15, 17, 0.48,245,12.3
2026-06-10 11:24:40,-102.1297,31.9449, 405.3, 7531,-14.0,-35.6,-32.3, 14, 16, 0.46,245,12.4
2026-06-10 11:24:41,-102.1296,31.9450, 405.0, 7537,-14.1,-36.1,-32.8, 14, 16, 0.43,245,12.4
2026-06-10 11:24:42,-102.1295,31.9450, 404.7, 7543,-14.1,-36.6,-33.3, 13, 15, 0.41,246,12.5
2026-06-10 11:24:43,-102.1294,31.9451, 404.3, 7549,-14.2,-37.2,-33.8, 12, 14, 0.39,246,12.5
2026-06-10 11:24:44,-102.1292,31.9451, 404.0, 7555,-14.2,-37.3,-34.0, 12, 14, 0.38,247,12.6
2026-06-10 11:24:45,-102.1291,31.9451, 403.7, 7561,-14.3,-37.4,-34.1, 12, 14, 0.38,247,12.6
2026-06-10 11:24:46,-102.1290,31.9452, 403.3, 7568,-14.3,-37.5,-34.1, 12, 14, 0.38,248,12.7
2026-06-10 11:24:47,-102.1288,31.9452, 403.0, 7574,-14.4,-37.5,-34.2, 12, 14, 0.38,248,12.7
2026-06-10 11:24:48,-102.1287,31.9453, 402.7, 7581,-14.4,-37.6,-34.3, 12, 14, 0.37,248,12.7
2026-06-10 11:24:49,-102.1286,31.9453, 402.3, 7587,-14.5,-37.7,-34.3, 12, 14, 0.37,248,12.7
2026-06-10 11:24:50,-102.1285,31.9454, 402.0, 7594,-14.5,-37.8,-34.4, 12, 14, 0.37,248,12.7
2026-06-10 11:24:51,-102.1283,31.9454, 401.6, 7600,-14.6,-37.9,-34.5, 12, 14, 0.37,248,12.8
2026-06-10 11:24:52,-102.1282,31.9454, 401.3, 7607,-14.6,-37.9,-34.6, 12, 14, 0.36,248,12.8
2026-06-10 11:24:53,-102.1281,31.9455, 401.0, 7612,-14.7,-38.0,-34.6, 12, 14, 0.36,248,12.8
2026-06-10 11:24:54,-102.1279,31.9455, 400.7, 7618,-14.7,-38.1,-34.7, 12, 14, 0.36,248,12.8
2026-06-10 11:24:55,-102.1278,31.9456, 400.4, 7624,-14.8,-38.2,-34.8, 12, 14, 0.36,248,12.8
2026-06-10 11:24:56,-102.1277,31.9456, 400.0, 7632,-14.9,-38.3,-34.9, 12, 14, 0.35,248,12.9
2026-06-10 11:24:57,-102.1276,31.9457, 399.8, 7636,-14.9,-38.2,-34.8, 12, 14, 0.35,248,12.9
2026-06-10 11:24:58,-102.1274,31.9457, 399.5, 7641,-15.0,-38.2,-34.8, 12, 14, 0.36,248,12.9
2026-06-10 11:24:59,-102.1273,31.9457, 399.2, 7647,-15.0,-38.1,-34.7, 12, 14, 0.36,248,12.9
2026-06-10 11:25:00,-102.1272,31.9458, 398.9, 7652,-15.1,-38.0,-34.7, 12, 14, 0.36,248,12.9
2026-06-10 11:25:01,-102.1270,31.9458, 398.6, 7657,-15.1,-38.0,-34.6, 12, 14, 0.36,248,12.9
2026-06-10 11:25:02,-102.1269,31.9459, 398.3, 7662,-15.2,-37.9,-34.6, 12, 14, 0.37,248,13.0
2026-06-10 11:25:03,-102.1268,31.9459, 398.0, 7668,-15.2,-37.9,-34.5, 13, 15, 0.37,248,13.0
2026-06-10 11:25:04,-102.1267,31.9460, 397.7, 7673,-15.3,-37.8,-34.4, 13, 15, 0.37,248,13.0
2026-06-10 11:25:05,-102.1265,31.9460, 397.4, 7679,-15.4,-37.8,-34.4, 13, 15, 0.37,248,13.0
2026-06-10 11:25:06,-102.1264,31.9460, 397.1, 7685,-15.4,-37.7,-34.3, 13, 15, 0.38,248,13.0
2026-06-10 11:25:07,-102.1263,31.9461, 396.8, 7691,-15.5,-37.6,-34.3, 13, 15, 0.38,248,13.0
2026-06-10 11:25:08,-102.1261,31.9461, 396.4, 7697,-15.5,-37.6,-34.2, 13, 15, 0.38,248,13.0
2026-06-10 11:25:09,-102.1260,31.9462, 396.1, 7704,-15.6,-37.5,-34.2, 13, 16, 0.38,249,13.1
2026-06-10 11:25:10,-102.1259,31.9462, 395.7, 7711,-15.6,-37.5,-34.1, 14, 16, 0.39,249,13.1
2026-06-10 11:25:11,-102.1258,31.9463, 395.4, 7718,-15.7,-37.4,-34.1, 14, 16, 0.39,249,13.1
2026-06-10 11:25:12,-102.1256,31.9463, 395.1, 7725,-15.8,-37.4,-34.0, 14, 16, 0.39,249,13.1
2026-06-10 11:25:13,-102.1255,31.9463, 394.7, 7732,-15.8,-37.3,-34.0, 14, 16, 0.39,249,13.1
2026-06-10 11:25:14,-102.1254,31.9464, 394.4, 7739,-15.9,-37.2,-33.9, 14, 16, 0.40,249,13.1
2026-06-10 11:25:15,-102.1252,31.9464, 394.0, 7745,-15.9,-37.2,-33.9, 14, 17, 0.40,249,13.1
2026-06-10 11:25:16,-102.1251,31.9464, 393.7, 7751,-16.0,-37.1,-33.8, 14, 17, 0.40,249,13.1
2026-06-10 11:25:17,-102.1249,31.9465, 393.4, 7757,-16.0,-37.1,-33.8, 15, 17, 0.40,249,13.2
2026-06-10 11:25:18,-102.1248,31.9465, 393.1, 7763,-16.1,-37.0,-33.7, 15, 17, 0.41,249,13.2
2026-06-10 11:25:19,-102.1247,31.9466, 392.8, 7769,-16.2,-37.0,-33.7, 15, 17, 0.41,250,13.2
2026-06-10 11:25:20,-102.1245,31.9466, 392.5, 7774,-16.2,-36.9,-33.6, 15, 18, 0.41,250,13.2
2026-06-10 11:25:21,-102.1244,31.9466, 392.2, 7779,-16.3,-36.9,-33.6, 15, 18, 0.41,250,13.2
2026-06-10 11:25:22,-102.1243,31.9467, 391.9, 7784,-16.3,-36.8,-33.5, 15, 18, 0.42,250,13.2
2026-06-10 11:25:23,-102.1241,31.9467, 391.7, 7790,-16.4,-36.8,-33.5, 15, 18, 0.42,250,13.2
2026-06-10 11:25:24,-102.1240,31.9468, 391.4, 7795,-16.4,-36.8,-33.5, 15, 18, 0.42,250,13.3
2026-06-10 11:25:25,-102.1239,31.9468, 391.1, 7800,-16.5,-36.8,-33.5, 15, 18, 0.42,250,13.3
2026-06-10 11:25:26,-102.1237,31.9468, 390.8, 7806,-16.5,-36.9,-33.6, 16, 18, 0.42,250,13.3
2026-06-10 11:25:27,-102.1236,31.9469, 390.5, 7811,-16.6,-36.9,-33.6, 16, 18, 0.41,250,13.3
2026-06-10 11:25:28,-102.1235,31.9469, 390.2, 7817,-16.7,-36.9,-33.6, 16, 18, 0.41,250,13.3
2026-06-10 11:25:29,-102.1233,31.9470, 389.9, 7823,-16.7,-37.0,-33.7, 16, 18, 0.41,251,13.3
2026-06-10 11:25:30,-102.1232,31.9470, 389.6, 7828,-16.8,-37.0,-33.7, 16, 18, 0.41,251,13.3
2026-06-10 11:25:31,-102.1231,31.9470, 389.3, 7834,-16.8,-37.0,-33.7, 16, 18, 0.41,251,13.3
2026-06-10 11:25:32,-102.1229,31.9471, 389.0, 7840,-16.9,-37.1,-33.7, 16, 18, 0.41,251,13.4
2026-06-10 11:25:33,-102.1228,31.9471, 388.7, 7846,-16.9,-37.1,-33.8, 16, 18, 0.41,251,13.4
2026-06-10 11:25:34,-102.1227,31.9472, 388.4, 7852,-17.0,-37.1,-33.8, 16, 19, 0.41,251,13.4
2026-06-10 11:25:35,-102.1225,31.9472, 388.1, 7858,-17.0,-37.2,-33.8, 16, 19, 0.41,251,13.4
2026-06-10 11:25:36,-102.1224,31.9472, 387.8, 7864,-17.1,-37.2,-33.9, 16, 19, 0.41,251,13.4
2026-06-10 11:25:37,-102.1223,31.9473, 387.5, 7870,-17.2,-37.1,-33.8, 16, 19, 0.41,251,13.4
2026-06-10 11:25:38,-102.1221,31.9473, 387.2, 7876,-17.2,-37.1,-33.8, 16, 19, 0.41,251,13.4
2026-06-10 11:25:39,-102.1220,31.9473, 386.9, 7882,-17.3,-37.0,-33.7, 16, 19, 0.41,251,13.5
2026-06-10 11:25:40,-102.1219,31.9474, 386.6, 7888,-17.3,-37.0,-33.6, 16, 19, 0.42,251,13.5
2026-06-10 11:25:41,-102.1217,31.9474, 386.3, 7894,-17.4,-36.9,-33.6, 17, 20, 0.42,251,13.5
2026-06-10 11:25:42,-102.1216,31.9475, 386.0, 7900,-17.4,-36.8,-33.5, 17, 20, 0.42,251,13.5
2026-06-10 11:25:43,-102.1215,31.9475, 385.7, 7905,-17.5,-36.8,-33.5, 17, 20, 0.43,251,13.5
2026-06-10 11:25:44,-102.1213,31.9475, 385.4, 7911,-17.5,-36.7,-33.4, 17, 20, 0.43,252,13.5
2026-06-10 11:25:45,-102.1212,31.9476, 385.1, 7917,-17.6,-36.7,-33.4, 17, 21, 0.43,252,13.5
2026-06-10 11:25:46,-102.1210,31.9476, 384.8, 7923,-17.7,-36.6,-33.3, 18, 21, 0.43,252,13.6
2026-06-10 11:25:47,-102.1209,31.9476, 384.5, 7928,-17.7,-36.6,-33.3, 18, 21, 0.44,252,13.6
2026-06-10 11:25:48,-102.1208,31.9477, 384.2, 7934,-17.8,-36.5,-33.2, 18, 21, 0.44,252,13.6
2026-06-10 11:25:49,-102.1206,31.9477, 383.9, 7939,-17.8,-36.5,-33.2, 18, 21, 0.44,252,13.6
2026-06-10 11:25:50,-102.1205,31.9477, 383.6, 7945,-17.9,-36.2,-33.0, 19, 22, 0.45,252,13.6
2026-06-10 11:25:51,-102.1203,31.9478, 383.3, 7950,-17.9,-35.8,-32.6, 19, 23, 0.47,252,13.7
2026-06-10 11:25:52,-102.1202,31.9478, 383.1, 7956,-18.0,-35.5,-32.3, 20, 24, 0.49,252,13.7
2026-06-10 11:25:53,-102.1201,31.9478, 382.8, 7961,-18.1,-35.1,-31.9, 21, 25, 0.50,252,13.7
2026-06-10 11:25:54,-102.1199,31.9479, 382.5, 7967,-18.1,-34.8,-31.6, 22, 26, 0.52,252,13.7
2026-06-10 11:25:55,-102.1198,31.9479, 382.2, 7973,-18.2,-34.5,-31.3, 23, 27, 0.54,253,13.8
2026-06-10 11:25:56,-102.1196,31.9480, 381.9, 7979,-18.2,-34.2,-31.1, 23, 28, 0.55,253,13.8
2026-06-10 11:25:57,-102.1195,31.9480, 381.6, 7985,-18.3,-33.9,-30.8, 24, 29, 0.57,253,13.8
2026-06-10 11:25:58,-102.1194,31.9480, 381.3, 7991,-18.3,-33.6,-30.5, 25, 30, 0.59,253,13.8
2026-06-10 11:25:59,-102.1192,31.9481, 381.0, 7996,-18.4,-33.4,-30.3, 26, 31, 0.60,253,13.9
2026-06-10 11:26:00,-102.1191,31.9481, 380.7, 8002,-18.5,-33.1,-30.0, 26, 32, 0.62,253,13.9
2026-06-10 11:26:01,-102.1189,31.9481, 380.4, 8008,-18.5,-32.9,-29.8, 27, 33, 0.63,253,13.9
2026-06-10 11:26:02,-102.1188,31.9482, 380.1, 8014,-18.6,-32.6,-29.6, 28, 34, 0.65,253,13.9
2026-06-10 11:26:03,-102.1187,31.9482, 379.8, 8019,-18.6,-32.4,-29.4, 29, 34, 0.66,253,14.0
2026-06-10 11:26:04,-102.1185,31.9482, 379.5, 8025,-18.7,-32.3,-29.3, 29, 35, 0.67,253,14.0
2026-06-10 11:26:05,-102.1184,31.9483, 379.2, 8031,-18.7,-32.3,-29.3, 29, 35, 0.67,254,14.0
2026-06-10 11:26:06,-102.1182,31.9483, 378.9, 8036,-18.8,-32.2,-29.2, 30, 36, 0.68,254,14.0
2026-06-10 11:26:07,-102.1181,31.9484, 378.6, 8042,-18.9,-32.1,-29.1, 30, 36, 0.69,254,14.0
2026-06-10 11:26:08,-102.1180,31.9484, 378.4, 8047,-18.9,-32.0,-29.1, 30, 37, 0.69,254,14.0
2026-06-10 11:26:09,-102.1178,31.9484, 378.1, 8053,-19.0,-32.0,-29.0, 31, 37, 0.69,253,13.9
2026-06-10 11:26:10,-102.1177,31.9485, 377.8, 8059,-19.0,-31.9,-28.9, 31, 37, 0.70,253,13.9
2026-06-10 11:26:11,-102.1175,31.9485, 377.5, 8066,-19.1,-31.9,-28.9, 31, 38, 0.70,253,13.8
2026-06-10 11:26:12,-102.1174,31.9485, 377.1, 8072,-19.1,-31.8,-28.8, 32, 38, 0.71,253,13.8
2026-06-10 11:26:13,-102.1173,31.9486, 376.8, 8079,-19.2,-31.7,-28.8, 32, 39, 0.71,253,13.8
2026-06-10 11:26:14,-102.1171,31.9486, 376.5, 8086,-19.3,-31.7,-28.7, 32, 39, 0.72,253,13.7
2026-06-10 11:26:15,-102.1170,31.9487, 376.1, 8092,-19.3,-31.6,-28.7, 33, 40, 0.72,253,13.7
2026-06-10 11:26:16,-102.1169,31.9487, 375.7, 8101,-19.4,-31.5,-28.6, 33, 40, 0.73,253,13.6
2026-06-10 11:26:17,-102.1167,31.9487, 375.5, 8105,-19.4,-31.6,-28.6, 33, 40, 0.73,253,13.6
2026-06-10 11:26:18,-102.1166,31.9488, 375.2, 8111,-19.5,-31.7,-28.7, 33, 40, 0.72,253,13.5
2026-06-10 11:26:19,-102.1165,31.9488, 374.9, 8118,-19.5,-31.8,-28.8, 33, 40, 0.72,253,13.5
2026-06-10 11:26:20,-102.1163,31.9488, 374.6, 8124,-19.6,-31.9,-28.9, 33, 40, 0.71,253,13.5
2026-06-10 11:26:21,-102.1162,31.9489, 374.3, 8129,-19.6,-31.9,-29.0, 33, 40, 0.70,253,13.4
2026-06-10 11:26:22,-102.1161,31.9489, 374.0, 8134,-19.7,-32.0,-29.0, 33, 39, 0.70,253,13.4
2026-06-10 11:26:23,-102.1159,31.9490, 373.7, 8139,-19.7,-32.1,-29.1, 32, 39, 0.69,253,13.3
2026-06-10 11:26:24,-102.1158,31.9490, 373.5, 8144,-19.8,-32.2,-29.2, 32, 39, 0.69,253,13.3
2026-06-10 11:26:25,-102.1157,31.9490, 373.2, 8149,-19.8,-32.3,-29.3, 32, 39, 0.68,253,13.3
2026-06-10 11:26:26,-102.1155,31.9491, 373.0, 8154,-19.9,-32.4,-29.4, 32, 39, 0.68,253,13.2
2026-06-10 11:26:27,-102.1154,31.9491, 372.7, 8159,-19.9,-32.5,-29.4, 32, 39, 0.67,252,13.2
2026-06-10 11:26:28,-102.1153,31.9491, 372.5, 8164,-20.0,-32.6,-29.5, 32, 39, 0.67,252,13.2
2026-06-10 11:26:29,-102.1151,31.9492, 372.2, 8169,-20.0,-32.6,-29.6, 32, 39, 0.66,252,13.3
2026-06-10 11:26:30,-102.1150,31.9492, 372.0, 8175,-20.1,-32.7,-29.7, 32, 38, 0.66,252,13.3
2026-06-10 11:26:31,-102.1149,31.9493, 371.7, 8180,-20.1,-32.8,-29.7, 32, 38, 0.65,252,13.3
2026-06-10 11:26:32,-102.1147,31.9493, 371.4, 8185,-20.2,-32.8,-29.8, 32, 38, 0.65,252,13.3
2026-06-10 11:26:33,-102.1146,31.9493, 371.2, 8191,-20.2,-32.9,-29.8, 31, 38, 0.65,252,13.3
2026-06-10 11:26:34,-102.1145,31.9494, 370.9, 8196,-20.3,-32.9,-29.9, 31, 38, 0.65,252,13.4
2026-06-10 11:26:35,-102.1143,31.9494, 370.6, 8202,-20.3,-33.0,-29.9, 31, 38, 0.64,252,13.4
2026-06-10 11:26:36,-102.1142,31.9494, 370.3, 8207,-20.4,-33.1,-30.0, 31, 38, 0.64,252,13.4
2026-06-10 11:26:37,-102.1141,31.9495, 370.0, 8213,-20.4,-33.1,-30.0, 31, 38, 0.64,252,13.4
2026-06-10 11:26:38,-102.1139,31.9495, 369.7, 8218,-20.5,-33.2,-30.1, 31, 38, 0.63,252,13.4
2026-06-10 11:26:39,-102.1138,31.9496, 369.5, 8224,-20.5,-33.2,-30.1, 31, 38, 0.63,252,13.5
2026-06-10 11:26:40,-102.1136,31.9496, 369.2, 8230,-20.6,-33.3,-30.2, 31, 38, 0.63,252,13.5
2026-06-10 11:26:41,-102.1135,31.9497, 368.9, 8236,-20.6,-33.3,-30.2, 31, 38, 0.63,252,13.5
2026-06-10 11:26:42,-102.1134,31.9497, 368.6, 8242,-20.7,-33.4,-30.3, 31, 38, 0.62,251,13.5
2026-06-10 11:26:43,-102.1132,31.9498, 368.3, 8248,-20.7,-33.4,-30.3, 31, 38, 0.62,251,13.5
2026-06-10 11:26:44,-102.1131,31.9498, 368.0, 8254,-20.7,-33.6,-30.5, 31, 37, 0.61,251,13.5
2026-06-10 11:26:45,-102.1130,31.9499, 367.7, 8260,-20.8,-33.9,-30.8, 30, 36, 0.59,251,13.6
2026-06-10 11:26:46,-102.1128,31.9499, 367.4, 8266,-20.8,-34.2,-31.1, 29, 35, 0.57,251,13.6
2026-06-10 11:26:47,-102.1127,31.9500, 367.1, 8272,-20.9,-34.5,-31.4, 28, 35, 0.56,251,13.6
2026-06-10 11:26:48,-102.1126,31.9500, 366.8, 8278,-20.9,-34.9,-31.7, 27, 34, 0.54,251,13.6
2026-06-10 11:26:49,-102.1124,31.9501, 366.6, 8283,-20.9,-35.2,-32.0, 27, 33, 0.52,250,13.7
2026-06-10 11:26:50,-102.1123,31.9501, 366.3, 8288,-21.0,-35.5,-32.3, 26, 32, 0.51,250,13.7
2026-06-10 11:26:51,-102.1122,31.9502, 366.0, 8294,-21.0,-35.9,-32.6, 25, 31, 0.49,249,13.7
2026-06-10 11:26:52,-102.1120,31.9502, 365.8, 8299,-21.0,-36.2,-32.9, 24, 30, 0.47,249,13.7
2026-06-10 11:26:53,-102.1119,31.9503, 365.5, 8304,-21.1,-36.6,-33.3, 23, 29, 0.46,249,13.8
2026-06-10 11:26:54,-102.1118,31.9503, 365.2, 8310,-21.1,-36.9,-33.6, 23, 28, 0.44,248,13.8
2026-06-10 11:26:55,-102.1116,31.9504, 365.0, 8315,-21.1,-37.3,-34.0, 22, 27, 0.42,248,13.8
2026-06-10 11:26:56,-102.1115,31.9504, 364.7, 8320,-21.2,-37.7,-34.4, 21, 26, 0.41,248,13.9
2026-06-10 11:26:57,-102.1114,31.9505, 364.5, 8325,-21.2,-38.1,-34.8, 20, 25, 0.39,247,13.9
2026-06-10 11:26:58,-102.1112,31.9505, 364.2, 8330,-21.2,-38.4,-35.0, 20, 24, 0.38,247,13.9
2026-06-10 11:26:59,-102.1111,31.9506, 364.0, 8335,-21.3,-38.7,-35.3, 19, 24, 0.37,247,14.0
2026-06-10 11:27:00,-102.1110,31.9507, 363.8, 8340,-21.3,-39.0,-35.6, 19, 23, 0.36,246,14.0
2026-06-10 11:27:01,-102.1108,31.9507, 363.5, 8345,-21.3,-39.4,-35.9, 18, 22, 0.35,246,14.0
2026-06-10 11:27:02,-102.1107,31.9508, 363.3, 8350,-21.4,-39.7,-36.2, 18, 22, 0.34,246,14.1
2026-06-10 11:27:03,-102.1106,31.9508, 363.0, 8355,-21.4,-40.0,-36.5, 17, 21, 0.32,245,14.1
2026-06-10 11:27:04,-102.1104,31.9509, 362.8, 8360,-21.4,-40.4,-36.8, 17, 20, 0.31,245,14.1
2026-06-10 11:27:05,-102.1103,31.9509, 362.5, 8365,-21.5,-40.7,-37.2, 16, 20, 0.30,245,14.2
2026-06-10 11:27:06,-102.1102,31.9510, 362.2, 8370,-21.5,-41.1,-37.5, 15, 19, 0.29,244,14.2
2026-06-10 11:27:07,-102.1100,31.9510, 362.0, 8376,-21.5,-41.4,-37.9, 15, 18, 0.28,244,14.2
2026-06-10 11:27:08,-102.1099,31.9511, 361.7, 8381,-21.6,-41.8,-38.2, 14, 18, 0.27,244,14.1
2026-06-10 11:27:09,-102.1098,31.9511, 361.4, 8387,-21.6,-42.2,-38.6, 14, 17, 0.26,244,14.1
2026-06-10 11:27:10,-102.1096,31.9512, 361.2, 8392,-21.7,-42.6,-39.0, 13, 16, 0.25,244,14.1
2026-06-10 11:27:11,-102.1095,31.9512, 360.9, 8398,-21.7,-42.7,-39.0, 13, 16, 0.25,243,14.0
2026-06-10 11:27:12,-102.1094,31.9513, 360.6, 8403,-21.8,-42.7,-39.1, 13, 16, 0.25,243,14.0
2026-06-10 11:27:13,-102.1092,31.9514, 360.4, 8408,-21.8,-42.8,-39.1, 13, 16, 0.25,243,14.0
2026-06-10 11:27:14,-102.1091,31.9514, 360.1, 8413,-21.9,-42.8,-39.2, 13, 16, 0.24,243,13.9
2026-06-10 11:27:15,-102.1090,31.9515, 359.9, 8419,-21.9,-42.9,-39.2, 13, 16, 0.24,243,13.9
2026-06-10 11:27:16,-102.1089,31.9516, 359.6, 8424,-21.9,-42.9,-39.3, 13, 16, 0.24,242,13.9
2026-06-10 11:27:17,-102.1087,31.9516, 359.3, 8429,-22.0,-43.0,-39.3, 13, 16, 0.24,242,13.8
2026-06-10 11:27:18,-102.1086,31.9517, 359.1, 8435,-22.0,-43.0,-39.4, 13, 16, 0.24,242,13.8
2026-06-10 11:27:19,-102.1085,31.9518, 358.8, 8440,-22.1,-43.1,-39.4, 13, 16, 0.24,242,13.8
2026-06-10 11:27:20,-102.1083,31.9518, 358.5, 8446,-22.1,-43.1,-39.5, 13, 16, 0.24,242,13.8
2026-06-10 11:27:21,-102.1082,31.9519, 358.3, 8451,-22.2,-43.2,-39.5, 13, 16, 0.24,241,13.7
2026-06-10 11:27:22,-102.1080,31.9520, 358.0, 8457,-22.2,-43.2,-39.6, 13, 16, 0.23,241,13.7
2026-06-10 11:27:23,-102.1080,31.9520, 357.6, 8465,-22.3,-43.3,-39.6, 13, 16, 0.23,241,13.6
2026-06-10 11:27:24,-102.1078,31.9521, 357.4, 8468,-22.3,-43.3,-39.6, 13, 16, 0.23,241,13.6
2026-06-10 11:27:25,-102.1077,31.9522, 357.2, 8474,-22.4,-43.3,-39.7, 13, 16, 0.23,240,13.6
2026-06-10 11:27:26,-102.1076,31.9522, 356.9, 8480,-22.4,-43.4,-39.7, 13, 16, 0.23,240,13.6
2026-06-10 11:27:27,-102.1075,31.9523, 356.6, 8485,-22.5,-43.4,-39.7, 13, 16, 0.23,240,13.6
2026-06-10 11:27:28,-102.1073,31.9523, 356.3, 8491,-22.5,-43.4,-39.7, 13, 16, 0.23,240,13.7
2026-06-10 11:27:29,-102.1072,31.9524, 356.0, 8497,-22.6,-43.4,-39.7, 13, 16, 0.23,240,13.7
2026-06-10 11:27:30,-102.1071,31.9525, 355.7, 8503,-22.6,-43.4,-39.7, 13, 17, 0.23,240,13.8
2026-06-10 11:27:31,-102.1069,31.9525, 355.5, 8510,-22.7,-43.4,-39.7, 13, 17, 0.23,240,13.8
2026-06-10 11:27:32,-102.1068,31.9526, 355.2, 8516,-22.7,-43.5,-39.8, 13, 17, 0.23,240,13.9
2026-06-10 11:27:33,-102.1067,31.9527, 354.9, 8522,-22.8,-43.5,-39.8, 13, 17, 0.23,239,13.9
2026-06-10 11:27:34,-102.1066,31.9527, 354.6, 8528,-22.8,-43.5,-39.8, 13, 17, 0.23,239,14.0
2026-06-10 11:27:35,-102.1064,31.9528, 354.3, 8533,-22.9,-43.5,-39.8, 13, 17, 0.23,239,14.1
2026-06-10 11:27:36,-102.1063,31.9529, 354.0, 8539,-22.9,-43.5,-39.8, 13, 17, 0.23,239,14.1
2026-06-10 11:27:37,-102.1062,31.9529, 353.8, 8544,-22.9,-43.5,-39.8, 13, 17, 0.23,239,14.2
2026-06-10 11:27:38,-102.1061,31.9530, 353.5, 8549,-23.0,-43.5,-39.8, 14, 17, 0.23,239,14.2
2026-06-10 11:27:39,-102.1059,31.9531, 353.3, 8555,-23.0,-43.5,-39.8, 14, 17, 0.23,239,14.3
2026-06-10 11:27:40,-102.1058,31.9531, 353.0, 8560,-23.1,-43.5,-39.8, 14, 17, 0.23,239,14.3
2026-06-10 11:27:41,-102.1057,31.9532, 352.8, 8565,-23.1,-43.5,-39.8, 14, 17, 0.23,239,14.4
2026-06-10 11:27:42,-102.1055,31.9533, 352.5, 8570,-23.2,-43.5,-39.8, 14, 17, 0.23,239,14.4
2026-06-10 11:27:43,-102.1054,31.9533, 352.3, 8574,-23.2,-43.5,-39.8, 14, 17, 0.23,238,14.5
2026-06-10 11:27:44,-102.1053,31.9534, 352.1, 8579,-23.2,-43.4,-39.8, 14, 18, 0.23,238,14.5
2026-06-10 11:27:45,-102.1052,31.9535, 351.8, 8584,-23.3,-43.4,-39.7, 14, 18, 0.23,238,14.6
2026-06-10 11:27:46,-102.1050,31.9536, 351.6, 8589,-23.3,-43.4,-39.7, 14, 18, 0.23,238,14.6
2026-06-10 11:27:47,-102.1049,31.9536, 351.4, 8594,-23.4,-43.4,-39.7, 14, 18, 0.23,238,14.6
2026-06-10 11:27:48,-102.1048,31.9537, 351.1, 8598,-23.4,-43.4,-39.7, 14, 18, 0.24,238,14.6
2026-06-10 11:27:49,-102.1047,31.9538, 350.9, 8603,-23.4,-43.4,-39.7, 14, 18, 0.24,238,14.6
2026-06-10 11:27:50,-102.1045,31.9539, 350.7, 8608,-23.5,-43.4,-39.7, 14, 18, 0.24,238,14.6
2026-06-10 11:27:51,-102.1044,31.9539, 350.4, 8613,-23.5,-43.4,-39.7, 14, 18, 0.24,238,14.6
2026-06-10 11:27:52,-102.1043,31.9540, 350.2, 8618,-23.5,-43.3,-39.6, 15, 18, 0.24,238,14.6
2026-06-10 11:27:53,-102.1041,31.9541, 350.0, 8623,-23.6,-43.3,-39.6, 15, 18, 0.24,238,14.6
2026-06-10 11:27:54,-102.1040,31.9542, 349.7, 8628,-23.6,-43.3,-39.6, 15, 19, 0.24,238,14.6
2026-06-10 11:27:55,-102.1039,31.9543, 349.5, 8633,-23.7,-43.2,-39.5, 15, 19, 0.24,237,14.6
2026-06-10 11:27:56,-102.1038,31.9543, 349.2, 8638,-23.7,-43.2,-39.5, 15, 19, 0.24,237,14.5
2026-06-10 11:27:57,-102.1036,31.9544, 349.0, 8643,-23.7,-43.1,-39.5, 15, 19, 0.24,237,14.5
2026-06-10 11:27:58,-102.1035,31.9545, 348.8, 8648,-23.8,-43.1,-39.4, 15, 19, 0.24,237,14.5
2026-06-10 11:27:59,-102.1034,31.9546, 348.5, 8654,-23.8,-43.1,-39.4, 15, 19, 0.25,237,14.5
2026-06-10 11:28:00,-102.1033,31.9546, 348.3, 8659,-23.8,-43.0,-39.4, 15, 19, 0.25,237,14.5
2026-06-10 11:28:01,-102.1031,31.9547, 348.0, 8664,-23.9,-43.0,-39.3, 15, 20, 0.25,237,14.5
2026-06-10 11:28:02,-102.1030,31.9548, 347.7, 8669,-23.9,-43.0,-39.3, 16, 20, 0.25,237,14.5
2026-06-10 11:28:03,-102.1029,31.9549, 347.5, 8675,-24.0,-43.0,-39.3, 16, 20, 0.25,237,14.5
2026-06-10 11:28:04,-102.1027,31.9549, 347.2, 8680,-24.0,-42.9,-39.3, 16, 20, 0.25,237,14.5
2026-06-10 11:28:05,-102.1026,31.9550, 347.0, 8686,-24.0,-42.9,-39.2, 16, 20, 0.25,237,14.4
2026-06-10 11:28:06,-102.1025,31.9551, 346.7, 8691,-24.1,-42.9,-39.2, 16, 20, 0.25,236,14.4
2026-06-10 11:28:07,-102.1024,31.9552, 346.5, 8697,-24.1,-42.9,-39.2, 16, 20, 0.25,236,14.5
2026-06-10 11:28:08,-102.1022,31.9552, 346.2, 8702,-24.1,-42.8,-39.2, 16, 20, 0.25,236,14.5
2026-06-10 11:28:09,-102.1021,31.9553, 345.9, 8708,-24.2,-42.8,-39.2, 16, 21, 0.25,236,14.6
2026-06-10 11:28:10,-102.1020,31.9554, 345.7, 8713,-24.2,-42.8,-39.1, 16, 21, 0.25,235,14.6
2026-06-10 11:28:11,-102.1019,31.9555, 345.4, 8718,-24.2,-42.8,-39.1, 16, 21, 0.26,235,14.7
2026-06-10 11:28:12,-102.1017,31.9555, 345.2, 8724,-24.3,-42.8,-39.1, 16, 21, 0.26,235,14.7
2026-06-10 11:28:13,-102.1016,31.9556, 344.9, 8729,-24.3,-42.7,-39.1, 17, 21, 0.26,234,14.8
2026-06-10 11:28:14,-102.1015,31.9557, 344.7, 8734,-24.3,-42.7,-39.1, 17, 21, 0.26,234,14.9
2026-06-10 11:28:15,-102.1013,31.9558, 344.5, 8739,-24.4,-42.7,-39.1, 17, 21, 0.26,234,14.9
2026-06-10 11:28:16,-102.1012,31.9559, 344.2, 8744,-24.4,-42.7,-39.0, 17, 21, 0.26,233,15.0
2026-06-10 11:28:17,-102.1011,31.9560, 344.0, 8749,-24.4,-42.7,-39.0, 17, 21, 0.26,233,15.0
2026-06-10 11:28:18,-102.1009,31.9561, 343.8, 8753,-24.5,-42.6,-39.0, 17, 22, 0.26,233,15.1
2026-06-10 11:28:19,-102.1008,31.9562, 343.5, 8758,-24.5,-42.5,-38.9, 17, 22, 0.26,233,15.1
2026-06-10 11:28:20,-102.1007,31.9562, 343.3, 8763,-24.6,-42.4,-38.8, 18, 22, 0.27,232,15.2
2026-06-10 11:28:21,-102.1006,31.9563, 343.1, 8768,-24.6,-42.3,-38.7, 18, 23, 0.27,232,15.2
2026-06-10 11:28:22,-102.1004,31.9564, 342.9, 8772,-24.6,-42.2,-38.6, 18, 23, 0.27,232,15.3
2026-06-10 11:28:23,-102.1003,31.9565, 342.7, 8777,-24.7,-42.1,-38.5, 18, 23, 0.28,231,15.4
2026-06-10 11:28:24,-102.1002,31.9566, 342.4, 8782,-24.7,-42.0,-38.4, 19, 24, 0.28,231,15.4
2026-06-10 11:28:25,-102.1000,31.9567, 342.1, 8787,-24.8,-41.9,-38.3, 19, 24, 0.28,231,15.5
2026-06-10 11:28:26,-102.0999,31.9568, 341.9, 8793,-24.8,-41.8,-38.2, 19, 24, 0.29,231,15.5
2026-06-10 11:28:27,-102.0998,31.9569, 341.6, 8798,-24.8,-41.7,-38.1, 19, 25, 0.29,231,15.5
2026-06-10 11:28:28,-102.0997,31.9569, 341.4, 8804,-24.9,-41.7,-38.1, 20, 25, 0.29,231,15.6
2026-06-10 11:28:29,-102.0995,31.9570, 341.1, 8809,-24.9,-41.6,-38.0, 20, 25, 0.29,231,15.6
2026-06-10 11:28:30,-102.0994,31.9571, 340.8, 8816,-25.0,-41.5,-37.9, 20, 26, 0.30,231,15.6
2026-06-10 11:28:31,-102.0993,31.9572, 340.5, 8823,-25.0,-41.4,-37.8, 20, 26, 0.30,231,15.6
2026-06-10 11:28:32,-102.0991,31.9573, 340.1, 8830,-25.0,-41.4,-37.8, 20, 26, 0.30,231,15.6
2026-06-10 11:28:33,-102.0990,31.9574, 339.8, 8837,-25.1,-41.4,-37.8, 21, 26, 0.30,231,15.6
2026-06-10 11:28:34,-102.0989,31.9575, 339.5, 8845,-25.1,-41.3,-37.8, 21, 26, 0.30,231,15.6
2026-06-10 11:28:35,-102.0987,31.9576, 339.2, 8851,-25.2,-41.3,-37.7, 21, 27, 0.30,231,15.6
2026-06-10 11:28:36,-102.0986,31.9577, 338.9, 8856,-25.2,-41.3,-37.7, 21, 27, 0.31,231,15.6
2026-06-10 11:28:37,-102.0985,31.9577, 338.7, 8861,-25.3,-41.2,-37.7, 21, 27, 0.31,231,15.6
2026-06-10 11:28:38,-102.0984,31.9578, 338.5, 8865,-25.3,-41.2,-37.6, 21, 27, 0.31,231,15.7
2026-06-10 11:28:39,-102.0982,31.9579, 338.3, 8870,-25.4,-41.2,-37.6, 22, 28, 0.31,231,15.7
2026-06-10 11:28:40,-102.0981,31.9580, 338.1, 8875,-25.4,-41.2,-37.6, 22, 28, 0.31,231,15.7
2026-06-10 11:28:41,-102.0980,31.9581, 337.8, 8880,-25.5,-41.1,-37.6, 22, 28, 0.31,231,15.7
2026-06-10 11:28:42,-102.0978,31.9582, 337.6, 8885,-25.5,-41.1,-37.5, 22, 28, 0.31,231,15.7
2026-06-10 11:28:43,-102.0977,31.9583, 337.4, 8890,-25.6,-41.1,-37.5, 22, 28, 0.31,231,15.7
2026-06-10 11:28:44,-102.0975,31.9583, 337.1, 8896,-25.6,-41.1,-37.5, 22, 29, 0.31,232,15.7
2026-06-10 11:28:45,-102.0974,31.9584, 336.9, 8901,-25.7,-41.1,-37.5, 22, 29, 0.31,232,15.7
2026-06-10 11:28:46,-102.0972,31.9585, 336.6, 8906,-25.8,-41.1,-37.6, 22, 29, 0.31,232,15.7
2026-06-10 11:28:47,-102.0971,31.9586, 336.4, 8912,-25.8,-41.2,-37.6, 22, 29, 0.31,232,15.8
2026-06-10 11:28:48,-102.0970,31.9587, 336.1, 8918,-25.9,-41.2,-37.6, 22, 29, 0.31,232,15.9
2026-06-10 11:28:49,-102.0968,31.9588, 335.8, 8923,-25.9,-41.2,-37.7, 22, 29, 0.31,232,15.9
2026-06-10 11:28:50,-102.0967,31.9589, 335.5, 8929,-26.0,-41.3,-37.7, 22, 29, 0.31,232,16.0
2026-06-10 11:28:51,-102.0965,31.9589, 335.3, 8935,-26.0,-41.3,-37.7, 22, 29, 0.31,233,16.0
2026-06-10 11:28:52,-102.0964,31.9590, 335.0, 8941,-26.1,-41.4,-37.8, 22, 29, 0.31,233,16.1
2026-06-10 11:28:53,-102.0962,31.9591, 334.7, 8946,-26.1,-41.4,-37.8, 23, 29, 0.31,233,16.2
2026-06-10 11:28:54,-102.0961,31.9592, 334.5, 8952,-26.2,-41.4,-37.9, 23, 29, 0.30,233,16.2
2026-06-10 11:28:55,-102.0959,31.9593, 334.2, 8958,-26.2,-41.5,-37.9, 23, 29, 0.30,234,16.3
2026-06-10 11:28:56,-102.0958,31.9594, 334.0, 8964,-26.3,-41.5,-37.9, 23, 29, 0.30,234,16.3
2026-06-10 11:28:57,-102.0957,31.9595, 333.7, 8970,-26.3,-41.5,-38.0, 23, 29, 0.30,234,16.4
2026-06-10 11:28:58,-102.0955,31.9595, 333.4, 8975,-26.4,-41.6,-38.0, 23, 29, 0.30,234,16.5
2026-06-10 11:28:59,-102.0954,31.9596, 333.2, 8981,-26.4,-41.6,-38.0, 23, 29, 0.30,234,16.5
2026-06-10 11:29:00,-102.0952,31.9597, 332.9, 8986,-26.5,-41.6,-38.1, 23, 29, 0.30,234,16.6
2026-06-10 11:29:01,-102.0951,31.9598, 332.7, 8991,-26.5,-41.7,-38.1, 23, 29, 0.30,235,16.6
2026-06-10 11:29:02,-102.0949,31.9599, 332.5, 8997,-26.6,-41.7,-38.1, 23, 29, 0.30,235,16.7
2026-06-10 11:29:03,-102.0948,31.9600, 332.2, 9002,-26.6,-41.7,-38.1, 23, 29, 0.30,235,16.8
2026-06-10 11:29:04,-102.0946,31.9601, 332.0, 9007,-26.7,-41.8,-38.2, 23, 29, 0.30,235,16.8
2026-06-10 11:29:05,-102.0945,31.9601, 331.7, 9011,-26.7,-41.8,-38.2, 23, 30, 0.29,235,16.9
2026-06-10 11:29:06,-102.0944,31.9602, 331.5, 9016,-26.8,-41.9,-38.3, 23, 30, 0.29,236,17.0
2026-06-10 11:29:07,-102.0942,31.9603, 331.3, 9021,-26.8,-41.9,-38.3, 23, 30, 0.29,236,16.9
2026-06-10 11:29:08,-102.0941,31.9604, 331.1, 9026,-26.9,-41.9,-38.3, 23, 30, 0.29,236,16.9
2026-06-10 11:29:09,-102.0939,31.9605, 330.9, 9030,-26.9,-42.0,-38.3, 23, 30, 0.29,236,16.9
2026-06-10 11:29:10,-102.0938,31.9606, 330.6, 9035,-27.0,-42.0,-38.4, 23, 30, 0.29,236,16.9
2026-06-10 11:29:11,-102.0936,31.9607, 330.4, 9040,-27.0,-42.0,-38.4, 23, 30, 0.29,236,16.8
2026-06-10 11:29:12,-102.0935,31.9607, 330.2, 9045,-27.1,-42.0,-38.4, 23, 30, 0.29,236,16.8
2026-06-10 11:29:13,-102.0933,31.9608, 329.9, 9051,-27.1,-42.1,-38.5, 23, 30, 0.29,236,16.8
2026-06-10 11:29:14,-102.0932,31.9609, 329.7, 9056,-27.2,-42.1,-38.5, 23, 30, 0.29,236,16.8
2026-06-10 11:29:15,-102.0930,31.9610, 329.4, 9061,-27.2,-42.1,-38.5, 23, 30, 0.29,236,16.8
2026-06-10 11:29:16,-102.0929,31.9611, 329.2, 9067,-27.3,-42.1,-38.5, 23, 30, 0.29,236,16.7
2026-06-10 11:29:17,-102.0927,31.9612, 328.9, 9073,-27.3,-42.2,-38.5, 23, 30, 0.29,236,16.7
2026-06-10 11:29:18,-102.0926,31.9612, 328.7, 9078,-27.3,-42.2,-38.6, 23, 30, 0.29,236,16.7
2026-06-10 11:29:19,-102.0924,31.9613, 328.4, 9084,-27.4,-42.2,-38.6, 23, 30, 0.29,236,16.7
2026-06-10 11:29:20,-102.0923,31.9614, 328.2, 9090,-27.4,-42.2,-38.6, 23, 30, 0.29,236,16.7
2026-06-10 11:29:21,-102.0921,31.9615, 327.9, 9095,-27.5,-42.2,-38.6, 23, 30, 0.28,236,16.6
2026-06-10 11:29:22,-102.0920,31.9616, 327.7, 9101,-27.5,-42.3,-38.7, 23, 30, 0.28,236,16.6
2026-06-10 11:29:23,-102.0918,31.9616, 327.4, 9106,-27.6,-42.3,-38.7, 23, 31, 0.28,236,16.6
2026-06-10 11:29:24,-102.0917,31.9617, 327.2, 9111,-27.6,-42.3,-38.7, 23, 31, 0.28,236,16.6
2026-06-10 11:29:25,-102.0915,31.9618, 327.0, 9114,-27.6,-42.3,-38.7, 23, 31, 0.28,236,16.6
2026-06-10 11:29:26,-102.0913,31.9619, 326.7, 9122,-27.7,-42.5,-38.9, 23, 30, 0.28,237,16.5
2026-06-10 11:29:27,-102.0912,31.9620, 326.4, 9128,-27.7,-42.6,-39.0, 23, 30, 0.27,237,16.6
2026-06-10 11:29:28,-102.0910,31.9620, 326.2, 9134,-27.8,-42.8,-39.1, 23, 30, 0.27,237,16.6
2026-06-10 11:29:29,-102.0909,31.9621, 325.9, 9139,-27.8,-42.9,-39.2, 22, 29, 0.27,237,16.7
2026-06-10 11:29:30,-102.0907,31.9622, 325.6, 9145,-27.9,-43.0,-39.4, 22, 29, 0.26,237,16.7
2026-06-10 11:29:31,-102.0906,31.9623, 325.4, 9151,-27.9,-43.2,-39.5, 22, 29, 0.26,237,16.8
2026-06-10 11:29:32,-102.0904,31.9624, 325.1, 9156,-27.9,-43.3,-39.6, 22, 29, 0.26,237,16.8
2026-06-10 11:29:33,-102.0903,31.9624, 324.9, 9162,-28.0,-43.4,-39.7, 21, 28, 0.25,238,16.9
2026-06-10 11:29:34,-102.0901,31.9625, 324.6, 9168,-28.0,-43.6,-39.9, 21, 28, 0.25,238,16.9
2026-06-10 11:29:35,-102.0900,31.9626, 324.4, 9174,-28.1,-43.7,-40.0, 21, 28, 0.25,238,17.0
2026-06-10 11:29:36,-102.0898,31.9627, 324.1, 9179,-28.1,-43.8,-40.1, 21, 27, 0.24,238,17.1
2026-06-10 11:29:37,-102.0896,31.9628, 323.8, 9185,-28.1,-44.0,-40.3, 21, 27, 0.24,238,17.1
2026-06-10 11:29:38,-102.0895,31.9628, 323.5, 9191,-28.2,-44.1,-40.4, 20, 27, 0.24,238,17.2
2026-06-10 11:29:39,-102.0893,31.9629, 323.2, 9198,-28.2,-44.1,-40.4, 21, 27, 0.24,238,17.2
2026-06-10 11:29:40,-102.0892,31.9630, 323.0, 9204,-28.3,-44.1,-40.3, 21, 27, 0.24,238,17.3
2026-06-10 11:29:41,-102.0890,31.9631, 322.7, 9211,-28.3,-44.0,-40.3, 21, 27, 0.24,239,17.3
2026-06-10 11:29:42,-102.0889,31.9632, 322.4, 9217,-28.4,-44.0,-40.3, 21, 28, 0.24,239,17.4
2026-06-10 11:29:43,-102.0887,31.9633, 322.1, 9223,-28.4,-44.0,-40.3, 21, 28, 0.24,239,17.4
2026-06-10 11:29:44,-102.0886,31.9633, 321.8, 9229,-28.5,-44.0,-40.2, 21, 28, 0.24,239,17.5
2026-06-10 11:29:45,-102.0884,31.9634, 321.6, 9235,-28.5,-43.9,-40.2, 21, 28, 0.24,239,17.5
2026-06-10 11:29:46,-102.0882,31.9635, 321.3, 9241,-28.6,-43.9,-40.2, 22, 29, 0.24,239,17.6
2026-06-10 11:29:47,-102.0881,31.9636, 321.0, 9248,-28.6,-43.9,-40.2, 22, 29, 0.24,239,17.6
2026-06-10 11:29:48,-102.0879,31.9636, 320.8, 9254,-28.7,-43.9,-40.1, 22, 29, 0.25,239,17.6
2026-06-10 11:29:49,-102.0878,31.9637, 320.5, 9260,-28.7,-43.8,-40.1, 22, 29, 0.25,239,17.5
2026-06-10 11:29:50,-102.0876,31.9638, 320.2, 9265,-28.8,-43.8,-40.1, 22, 29, 0.25,239,17.5
2026-06-10 11:29:51,-102.0875,31.9639, 320.0, 9271,-28.8,-43.8,-40.1, 22, 30, 0.25,239,17.5
2026-06-10 11:29:52,-102.0873,31.9640, 319.7, 9277,-28.9,-43.8,-40.1, 22, 30, 0.25,239,17.5
2026-06-10 11:29:53,-102.0872,31.9640, 319.4, 9283,-28.9,-43.9,-40.1, 22, 30, 0.25,239,17.4
2026-06-10 11:29:54,-102.0870,31.9641, 319.2, 9288,-29.0,-43.9,-40.2, 22, 30, 0.25,239,17.4
2026-06-10 11:29:55,-102.0868,31.9642, 319.0, 9293,-29.0,-43.9,-40.2, 22, 30, 0.24,240,17.4
2026-06-10 11:29:56,-102.0867,31.9643, 318.7, 9299,-29.1,-44.0,-40.3, 22, 30, 0.24,240,17.4
2026-06-10 11:29:57,-102.0865,31.9643, 318.5, 9304,-29.1,-44.0,-40.3, 22, 30, 0.24,240,17.3
2026-06-10 11:29:58,-102.0864,31.9644, 318.3, 9309,-29.2,-44.1,-40.4, 22, 30, 0.24,240,17.3
2026-06-10 11:29:59,-102.0862,31.9645, 318.0, 9314,-29.2,-44.1,-40.4, 22, 30, 0.24,240,17.3
2026-06-10 11:30:00,-102.0861,31.9646, 317.8, 9320,-29.3,-44.2,-40.4, 22, 30, 0.24,240,17.3
2026-06-10 11:30:01,-102.0859,31.9647, 317.6, 9325,-29.3,-44.2,-40.5, 22, 30, 0.24,240,17.2
2026-06-10 11:30:02,-102.0858,31.9647, 317.3, 9331,-29.4,-44.2,-40.5, 22, 30, 0.24,240,17.2
2026-06-10 11:30:03,-102.0856,31.9648, 317.1, 9336,-29.4,-44.3,-40.6, 22, 30, 0.24,240,17.2
2026-06-10 11:30:04,-102.0855,31.9649, 316.8, 9342,-29.5,-44.3,-40.6, 22, 30, 0.24,240,17.2
2026-06-10 11:30:05,-102.0853,31.9650, 316.6, 9346,-29.5,-44.4,-40.6, 22, 30, 0.23,240,17.2
2026-06-10 11:30:06,-102.0851,31.9651, 316.3, 9353,-29.6,-44.5,-40.8, 22, 30, 0.23,240,17.1
2026-06-10 11:30:07,-102.0850,31.9651, 316.1, 9358,-29.6,-44.6,-40.8, 22, 30, 0.23,240,17.1
2026-06-10 11:30:08,-102.0848,31.9652, 315.8, 9363,-29.7,-44.7,-40.9, 22, 29, 0.23,240,17.1
2026-06-10 11:30:09,-102.0847,31.9653, 315.6, 9369,-29.7,-44.8,-41.0, 22, 29, 0.22,240,17.1
2026-06-10 11:30:10,-102.0845,31.9654, 315.4, 9374,-29.8,-44.9,-41.1, 22, 29, 0.22,239,17.1
2026-06-10 11:30:11,-102.0843,31.9654, 315.1, 9380,-29.8,-45.0,-41.2, 22, 29, 0.22,239,17.1
2026-06-10 11:30:12,-102.0842,31.9655, 314.8, 9386,-29.9,-45.1,-41.3, 21, 29, 0.22,239,17.1
2026-06-10 11:30:13,-102.0840,31.9656, 314.6, 9393,-29.9,-45.2,-41.4, 21, 29, 0.22,239,17.1
2026-06-10 11:30:14,-102.0839,31.9657, 314.3, 9399,-30.0,-45.3,-41.5, 21, 28, 0.21,239,17.1
2026-06-10 11:30:15,-102.0837,31.9658, 314.0, 9406,-30.1,-45.4,-41.6, 21, 28, 0.21,239,17.1
2026-06-10 11:30:16,-102.0836,31.9659, 313.7, 9412,-30.1,-45.5,-41.7, 21, 28, 0.21,239,17.2
2026-06-10 11:30:17,-102.0834,31.9660, 313.4, 9418,-30.2,-45.6,-41.8, 21, 28, 0.21,239,17.2
2026-06-10 11:30:18,-102.0833,31.9661, 313.2, 9424,-30.2,-45.7,-41.9, 21, 28, 0.20,239,17.2
2026-06-10 11:30:19,-102.0831,31.9661, 312.9, 9430,-30.3,-45.8,-42.0, 21, 28, 0.20,238,17.2
2026-06-10 11:30:20,-102.0830,31.9662, 312.6, 9436,-30.3,-45.9,-42.1, 21, 28, 0.20,238,17.2
2026-06-10 11:30:21,-102.0828,31.9663, 312.4, 9442,-30.4,-45.9,-42.1, 20, 28, 0.20,238,17.2
2026-06-10 11:30:22,-102.0827,31.9664, 312.1, 9448,-30.4,-46.0,-42.2, 20, 28, 0.20,238,17.2
2026-06-10 11:30:23,-102.0825,31.9665, 311.9, 9454,-30.5,-46.1,-42.2, 20, 27, 0.20,238,17.2
2026-06-10 11:30:24,-102.0824,31.9666, 311.6, 9459,-30.5,-46.1,-42.3, 20, 27, 0.20,238,17.2
2026-06-10 11:30:25,-102.0822,31.9667, 311.4, 9465,-30.6,-46.2,-42.4, 20, 27, 0.20,238,17.2
2026-06-10 11:30:26,-102.0821,31.9668, 311.1, 9470,-30.6,-46.3,-42.4, 20, 27, 0.19,238,17.2
2026-06-10 11:30:27,-102.0819,31.9669, 310.9, 9476,-30.7,-46.3,-42.5, 20, 27, 0.19,237,17.2
2026-06-10 11:30:28,-102.0818,31.9670, 310.7, 9481,-30.7,-46.4,-42.5, 20, 27, 0.19,237,17.2
2026-06-10 11:30:29,-102.0816,31.9670, 310.4, 9486,-30.8,-46.4,-42.6, 20, 27, 0.19,237,17.3
2026-06-10 11:30:30,-102.0814,31.9671, 310.2, 9492,-30.8,-46.5,-42.7, 20, 27, 0.19,237,17.3
2026-06-10 11:30:31,-102.0813,31.9672, 310.0, 9497,-30.9,-46.6,-42.7, 20, 27, 0.19,237,17.3
2026-06-10 11:30:32,-102.0811,31.9673, 309.7, 9503,-30.9,-46.6,-42.8, 20, 27, 0.19,236,17.3
2026-06-10 11:30:33,-102.0810,31.9674, 309.5, 9508,-31.0,-46.7,-42.8, 20, 27, 0.19,236,17.3
2026-06-10 11:30:34,-102.0808,31.9675, 309.3, 9514,-31.0,-46.7,-42.9, 20, 27, 0.19,236,17.4
2026-06-10 11:30:35,-102.0807,31.9676, 309.0, 9519,-31.1,-46.8,-42.9, 20, 27, 0.19,236,17.4
2026-06-10 11:30:36,-102.0805,31.9677, 308.8, 9525,-31.1,-46.8,-43.0, 20, 27, 0.18,236,17.4
2026-06-10 11:30:37,-102.0804,31.9678, 308.5, 9531,-31.2,-46.9,-43.0, 20, 27, 0.18,236,17.4
2026-06-10 11:30:38,-102.0802,31.9679, 308.3, 9537,-31.2,-46.9,-43.1, 20, 27, 0.18,235,17.5
2026-06-10 11:30:39,-102.0801,31.9679, 308.0, 9542,-31.3,-47.0,-43.1, 20, 27, 0.18,235,17.5
2026-06-10 11:30:40,-102.0799,31.9680, 307.8, 9548,-31.3,-47.0,-43.1, 20, 27, 0.18,235,17.5
2026-06-10 11:30:41,-102.0798,31.9681, 307.5, 9554,-31.4,-47.1,-43.2, 20, 27, 0.18,235,17.5
2026-06-10 11:30:42,-102.0796,31.9682, 307.3, 9559,-31.4,-47.1,-43.2, 20, 27, 0.18,235,17.6
2026-06-10 11:30:43,-102.0795,31.9683, 307.0, 9564,-31.5,-47.2,-43.3, 20, 27, 0.18,235,17.6
2026-06-10 11:30:44,-102.0793,31.9684, 306.8, 9570,-31.5,-47.2,-43.3, 20, 27, 0.18,234,17.6
2026-06-10 11:30:45,-102.0792,31.9685, 306.6, 9576,-31.6,-47.3,-43.4, 20, 27, 0.18,234,17.7
2026-06-10 11:30:46,-102.0790,31.9686, 306.4, 9580,-31.6,-47.3,-43.4, 20, 27, 0.18,234,17.7
2026-06-10 11:30:47,-102.0788,31.9687, 306.1, 9585,-31.6,-47.3,-43.4, 20, 27, 0.18,234,17.7
2026-06-10 11:30:48,-102.0787,31.9688, 305.9, 9590,-31.7,-47.3,-43.5, 20, 27, 0.18,234,17.7
2026-06-10 11:30:49,-102.0785,31.9689, 305.7, 9596,-31.7,-47.4,-43.5, 20, 27, 0.18,234,17.8
2026-06-10 11:30:50,-102.0784,31.9690, 305.4, 9601,-31.8,-47.4,-43.5, 20, 27, 0.18,234,17.8
2026-06-10 11:30:51,-102.0782,31.9691, 305.2, 9606,-31.8,-47.4,-43.5, 20, 27, 0.18,234,17.8
2026-06-10 11:30:52,-102.0781,31.9692, 305.0, 9612,-31.9,-47.4,-43.5, 20, 27, 0.17,234,17.8
2026-06-10 11:30:53,-102.0779,31.9693, 304.7, 9618,-31.9,-47.4,-43.5, 20, 28, 0.17,234,17.8
2026-06-10 11:30:54,-102.0777,31.9694, 304.5, 9623,-32.0,-47.5,-43.6, 20, 28, 0.17,234,17.9
2026-06-10 11:30:55,-102.0776,31.9695, 304.2, 9629,-32.0,-47.5,-43.6, 20, 28, 0.17,234,17.9
2026-06-10 11:30:56,-102.0774,31.9695, 303.9, 9635,-32.1,-47.5,-43.6, 20, 28, 0.17,234,17.9
2026-06-10 11:30:57,-102.0773,31.9696, 303.7, 9641,-32.1,-47.5,-43.6, 20, 28, 0.17,234,17.9
2026-06-10 11:30:58,-102.0771,31.9697, 303.4, 9648,-32.2,-47.5,-43.7, 20, 28, 0.17,234,18.0
2026-06-10 11:30:59,-102.0770,31.9698, 303.2, 9654,-32.2,-47.5,-43.7, 21, 28, 0.17,234,18.0
2026-06-10 11:31:00,-102.0768,31.9699, 302.9, 9661,-32.3,-47.5,-43.6, 21, 28, 0.17,233,18.0
2026-06-10 11:31:01,-102.0767,31.9700, 302.6, 9668,-32.3,-47.5,-43.6, 21, 29, 0.18,233,18.0
2026-06-10 11:31:02,-102.0765,31.9701, 302.3, 9674,-32.4,-47.4,-43.5, 21, 29, 0.18,233,18.1
2026-06-10 11:31:03,-102.0763,31.9702, 302.0, 9681,-32.5,-47.4,-43.5, 21, 29, 0.18,233,18.1
2026-06-10 11:31:04,-102.0762,31.9703, 301.7, 9689,-32.5,-47.3,-43.5, 22, 30, 0.18,233,18.1
2026-06-10 11:31:05,-102.0760,31.9704, 301.4, 9696,-32.6,-47.3,-43.4, 22, 30, 0.18,233,18.1
2026-06-10 11:31:06,-102.0759,31.9705, 301.1, 9703,-32.6,-47.3,-43.4, 22, 30, 0.18,233,18.2
2026-06-10 11:31:07,-102.0757,31.9706, 300.8, 9710,-32.7,-47.2,-43.4, 22, 30, 0.18,234,18.2
2026-06-10 11:31:08,-102.0755,31.9707, 300.5, 9718,-32.7,-47.2,-43.3, 22, 31, 0.18,234,18.2
2026-06-10 11:31:09,-102.0754,31.9708, 300.0, 9728,-32.8,-47.2,-43.3, 23, 31, 0.18,234,18.2
2026-06-10 11:31:10,-102.0752,31.9709, 299.8, 9732,-32.8,-47.1,-43.3, 23, 31, 0.18,234,18.3
2026-06-10 11:31:11,-102.0751,31.9710, 299.5, 9739,-32.9,-47.1,-43.2, 23, 32, 0.18,234,18.3
2026-06-10 11:31:12,-102.0749,31.9711, 299.3, 9746,-32.9,-47.1,-43.2, 23, 32, 0.19,235,18.3
2026-06-10 11:31:13,-102.0748,31.9712, 299.0, 9753,-33.0,-47.0,-43.2, 23, 32, 0.19,235,18.3
2026-06-10 11:31:14,-102.0746,31.9713, 298.7, 9760,-33.0,-47.0,-43.1, 24, 33, 0.19,235,18.4
2026-06-10 11:31:15,-102.0744,31.9714, 298.5, 9765,-33.1,-47.0,-43.1, 24, 33, 0.19,235,18.4
2026-06-10 11:31:16,-102.0743,31.9714, 298.2, 9771,-33.2,-46.9,-43.1, 24, 33, 0.19,236,18.4
2026-06-10 11:31:17,-102.0741,31.9715, 297.9, 9777,-33.2,-46.9,-43.0, 24, 34, 0.19,236,18.4
2026-06-10 11:31:18,-102.0739,31.9716, 297.7, 9783,-33.3,-46.8,-43.0, 25, 34, 0.19,236,18.5
2026-06-10 11:31:19,-102.0737,31.9717, 297.4, 9789,-33.3,-46.8,-42.9, 25, 34, 0.19,236,18.5
2026-06-10 11:31:20,-102.0736,31.9718, 297.2, 9794,-33.4,-46.8,-42.9, 25, 35, 0.19,237,18.5
2026-06-10 11:31:21,-102.0734,31.9719, 296.9, 9800,-33.4,-46.7,-42.9, 25, 35, 0.19,237,18.6
2026-06-10 11:31:22,-102.0732,31.9719, 296.7, 9806,-33.5,-46.7,-42.9, 25, 35, 0.19,237,18.6
2026-06-10 11:31:23,-102.0730,31.9720, 296.4, 9812,-33.5,-46.7,-42.8, 26, 36, 0.20,237,18.6
2026-06-10 11:31:24,-102.0728,31.9721, 296.2, 9818,-33.6,-46.6,-42.8, 26, 36, 0.20,237,18.6
2026-06-10 11:31:25,-102.0727,31.9722, 295.9, 9824,-33.6,-46.6,-42.8, 26, 36, 0.20,238,18.7
2026-06-10 11:31:26,-102.0725,31.9723, 295.7, 9829,-33.7,-46.6,-42.7, 26, 36, 0.20,238,18.7
2026-06-10 11:31:27,-102.0723,31.9723, 295.5, 9835,-33.7,-46.6,-42.7, 26, 37, 0.20,238,18.7
2026-06-10 11:31:28,-102.0721,31.9724, 295.2, 9841,-33.8,-46.6,-42.7, 26, 37, 0.20,238,18.8
2026-06-10 11:31:29,-102.0720,31.9725, 295.0, 9847,-33.8,-46.6,-42.7, 27, 37, 0.20,239,18.8
2026-06-10 11:31:30,-102.0718,31.9726, 294.7, 9853,-33.9,-46.6,-42.7, 27, 37, 0.20,239,18.8
2026-06-10 11:31:31,-102.0716,31.9727, 294.4, 9859,-33.9,-46.6,-42.8, 27, 37, 0.20,239,18.8
2026-06-10 11:31:32,-102.0714,31.9728, 294.2, 9865,-34.0,-46.6,-42.8, 27, 38, 0.20,239,18.9
2026-06-10 11:31:33,-102.0712,31.9728, 293.9, 9872,-34.0,-46.6,-42.8, 27, 38, 0.20,240,18.9
2026-06-10 11:31:34,-102.0711,31.9729, 293.6, 9878,-34.1,-46.6,-42.8, 27, 38, 0.20,240,18.9
2026-06-10 11:31:35,-102.0709,31.9730, 293.4, 9884,-34.1,-46.6,-42.8, 27, 38, 0.20,240,18.9
2026-06-10 11:31:36,-102.0707,31.9731, 293.1, 9891,-34.2,-46.6,-42.8, 27, 38, 0.20,240,19.0
2026-06-10 11:31:37,-102.0705,31.9732, 292.9, 9897,-34.2,-46.6,-42.8, 28, 39, 0.20,240,19.0
2026-06-10 11:31:38,-102.0704,31.9733, 292.6, 9903,-34.3,-46.6,-42.8, 28, 39, 0.20,241,19.0
2026-06-10 11:31:39,-102.0702,31.9733, 292.4, 9909,-34.3,-46.6,-42.8, 28, 39, 0.20,241,19.1
2026-06-10 11:31:40,-102.0700,31.9734, 292.1, 9915,-34.4,-46.6,-42.8, 28, 39, 0.20,241,19.1
2026-06-10 11:31:41,-102.0698,31.9735, 291.9, 9921,-34.4,-46.6,-42.7, 28, 40, 0.20,241,19.1
2026-06-10 11:31:42,-102.0697,31.9736, 291.6, 9926,-34.5,-46.6,-42.7, 28, 40, 0.20,241,19.2
2026-06-10 11:31:43,-102.0695,31.9737, 291.3, 9933,-34.5,-46.6,-42.7, 29, 40, 0.20,242,19.2
2026-06-10 11:31:44,-102.0693,31.9738, 291.1, 9940,-34.6,-46.5,-42.7, 29, 40, 0.20,242,19.2
2026-06-10 11:31:45,-102.0691,31.9738, 290.8, 9946,-34.6,-46.5,-42.7, 29, 41, 0.20,242,19.3
2026-06-10 11:31:46,-102.0689,31.9739, 290.5, 9953,-34.7,-46.5,-42.7, 29, 41, 0.20,242,19.3
2026-06-10 11:31:47,-102.0687,31.9740, 290.3, 9959,-34.8,-46.5,-42.6, 29, 41, 0.20,242,19.3
2026-06-10 11:31:48,-102.0685,31.9741, 290.0, 9966,-34.8,-46.5,-42.6, 30, 42, 0.20,243,19.4
2026-06-10 11:31:49,-102.0683,31.9741, 289.7, 9973,-34.9,-46.5,-42.6, 30, 42, 0.20,243,19.4
2026-06-10 11:31:50,-102.0681,31.9742, 289.4, 9980,-34.9,-46.4,-42.6, 30, 42, 0.21,243,19.5
2026-06-10 11:31:51,-102.0678,31.9743, 289.1, 9987,-35.0,-46.4,-42.6, 30, 43, 0.21,243,19.5
2026-06-10 11:31:52,-102.0677,31.9744, 288.7, 9996,-35.0,-46.4,-42.6, 31, 43, 0.21,243,19.6
2026-06-10 11:31:53,-102.0675,31.9744, 288.5,10001,-35.0,-46.4,-42.6, 30, 43, 0.21,243,19.6
2026-06-10 11:31:54,-102.0673,31.9745, 288.3,10006,-35.1,-46.5,-42.7, 30, 43, 0.20,244,19.6
2026-06-10 11:31:55,-102.0671,31.9746, 288.1,10012,-35.1,-46.6,-42.7, 30, 43, 0.20,244,19.7
2026-06-10 11:31:56,-102.0669,31.9746, 287.8,10018,-35.2,-46.6,-42.8, 30, 43, 0.20,244,19.7
2026-06-10 11:31:57,-102.0667,31.9747, 287.6,10024,-35.2,-46.7,-42.8, 30, 43, 0.20,244,19.8
2026-06-10 11:31:58,-102.0665,31.9748, 287.3,10030,-35.2,-46.7,-42.9, 30, 42, 0.20,244,19.8
2026-06-10 11:31:59,-102.0663,31.9749, 287.1,10036,-35.3,-46.8,-42.9, 30, 42, 0.20,244,19.8
2026-06-10 11:32:00,-102.0661,31.9749, 286.8,10042,-35.3,-46.9,-43.0, 30, 42, 0.20,244,19.9
2026-06-10 11:32:01,-102.0659,31.9750, 286.6,10048,-35.3,-46.9,-43.1, 30, 42, 0.20,245,19.9
2026-06-10 11:32:02,-102.0657,31.9751, 286.3,10055,-35.4,-47.0,-43.1, 30, 42, 0.20,245,20.0
2026-06-10 11:32:03,-102.0655,31.9751, 286.1,10061,-35.4,-47.0,-43.2, 30, 42, 0.19,245,20.0
2026-06-10 11:32:04,-102.0653,31.9752, 285.9,10067,-35.5,-47.1,-43.2, 30, 42, 0.19,245,20.1
2026-06-10 11:32:05,-102.0651,31.9753, 285.6,10072,-35.5,-47.2,-43.3, 29, 42, 0.19,245,20.1
2026-06-10 11:32:06,-102.0649,31.9754, 285.4,10077,-35.5,-47.2,-43.3, 29, 42, 0.19,245,20.2
2026-06-10 11:32:07,-102.0647,31.9754, 285.2,10082,-35.5,-47.4,-43.5, 29, 41, 0.19,246,20.2
2026-06-10 11:32:08,-102.0645,31.9755, 285.0,10087,-35.6,-47.5,-43.6, 29, 40, 0.19,246,20.3
2026-06-10 11:32:09,-102.0643,31.9756, 284.8,10092,-35.6,-47.6,-43.7, 28, 40, 0.18,246,20.4
2026-06-10 11:32:10,-102.0641,31.9756, 284.6,10097,-35.6,-47.8,-43.9, 28, 39, 0.18,246,20.5
2026-06-10 11:32:11,-102.0639,31.9757, 284.4,10102,-35.7,-47.9,-44.0, 27, 39, 0.18,247,20.6
2026-06-10 11:32:12,-102.0637,31.9758, 284.2,10106,-35.7,-48.1,-44.2, 27, 38, 0.17,247,20.7
2026-06-10 11:32:13,-102.0635,31.9759, 284.0,10111,-35.7,-48.2,-44.3, 27, 38, 0.17,247,20.8
2026-06-10 11:32:14,-102.0633,31.9759, 283.8,10115,-35.7,-48.4,-44.5, 26, 37, 0.17,248,20.9
2026-06-10 11:32:15,-102.0631,31.9760, 283.6,10120,-35.8,-48.5,-44.6, 26, 37, 0.17,248,21.0
2026-06-10 11:32:16,-102.0629,31.9761, 283.4,10125,-35.8,-48.7,-44.7, 26, 36, 0.16,248,21.0
2026-06-10 11:32:17,-102.0627,31.9761, 283.2,10130,-35.8,-48.9,-44.9, 25, 36, 0.16,248,21.1
2026-06-10 11:32:18,-102.0624,31.9762, 283.0,10135,-35.8,-49.0,-45.1, 25, 35, 0.16,249,21.2
2026-06-10 11:32:19,-102.0622,31.9762, 282.8,10140,-35.9,-49.2,-45.2, 24, 35, 0.15,249,21.3
2026-06-10 11:32:20,-102.0620,31.9763, 282.6,10145,-35.9,-49.4,-45.4, 24, 34, 0.15,249,21.4
2026-06-10 11:32:21,-102.0618,31.9764, 282.4,10150,-35.9,-49.5,-45.6, 23, 33, 0.15,249,21.5
2026-06-10 11:32:22,-102.0615,31.9764, 282.2,10156,-35.9,-49.8,-45.8, 23, 33, 0.15,250,21.6
2026-06-10 11:32:23,-102.0613,31.9765, 281.9,10162,-36.0,-50.0,-45.9, 23, 32, 0.14,250,21.7
2026-06-10 11:32:24,-102.0611,31.9765, 281.7,10167,-36.0,-50.2,-46.2, 22, 31, 0.14,250,21.8
2026-06-10 11:32:25,-102.0609,31.9766, 281.5,10173,-36.0,-50.4,-46.4, 22, 31, 0.14,250,21.9
2026-06-10 11:32:26,-102.0606,31.9766, 281.2,10179,-36.0,-50.6,-46.6, 21, 30, 0.13,251,22.0
2026-06-10 11:32:27,-102.0604,31.9767, 281.0,10184,-36.1,-50.8,-46.8, 21, 29, 0.13,251,22.0
2026-06-10 11:32:28,-102.0602,31.9767, 280.8,10190,-36.1,-51.0,-47.0, 20, 29, 0.13,251,22.0
2026-06-10 11:32:29,-102.0600,31.9768, 280.5,10196,-36.1,-51.3,-47.2, 20, 28, 0.12,251,22.0
2026-06-10 11:32:30,-102.0597,31.9768, 280.3,10202,-36.1,-51.5,-47.4, 19, 27, 0.12,252,22.0
2026-06-10 11:32:31,-102.0595,31.9769, 280.1,10208,-36.2,-51.7,-47.7, 19, 27, 0.12,252,22.0
2026-06-10 11:32:32,-102.0593,31.9770, 279.9,10214,-36.2,-52.0,-47.9, 18, 26, 0.11,252,22.0
2026-06-10 11:32:33,-102.0591,31.9770, 279.6,10219,-36.2,-52.2,-48.1, 18, 25, 0.11,252,22.0
2026-06-10 11:32:34,-102.0588,31.9771, 279.4,10225,-36.3,-52.3,-48.2, 18, 25, 0.11,252,22.0
2026-06-10 11:32:35,-102.0586,31.9771, 279.2,10230,-36.3,-52.5,-48.4, 17, 25, 0.11,253,22.0
2026-06-10 11:32:36,-102.0584,31.9772, 279.0,10235,-36.3,-52.6,-48.5, 17, 25, 0.11,253,22.0
2026-06-10 11:32:37,-102.0582,31.9772, 278.8,10241,-36.4,-52.7,-48.6, 17, 24, 0.10,253,22.1
2026-06-10 11:32:38,-102.0579,31.9773, 278.5,10246,-36.4,-52.9,-48.7, 17, 24, 0.10,253,22.1
2026-06-10 11:32:39,-102.0577,31.9773, 278.3,10251,-36.4,-53.0,-48.9, 17, 24, 0.10,253,22.1
2026-06-10 11:32:40,-102.0575,31.9774, 278.1,10256,-36.5,-53.2,-49.0, 16, 23, 0.10,254,22.1
2026-06-10 11:32:41,-102.0573,31.9774, 277.9,10262,-36.5,-53.3,-49.1, 16, 23, 0.10,254,22.1
2026-06-10 11:32:42,-102.0570,31.9775, 277.7,10267,-36.5,-53.4,-49.3, 16, 23, 0.10,254,22.1
2026-06-10 11:32:43,-102.0568,31.9775, 277.5,10272,-36.6,-53.6,-49.4, 16, 22, 0.09,254,22.1
2026-06-10 11:32:44,-102.0566,31.9776, 277.3,10278,-36.6,-53.7,-49.6, 15, 22, 0.09,255,22.1
2026-06-10 11:32:45,-102.0564,31.9777, 277.0,10283,-36.6,-53.9,-49.7, 15, 22, 0.09,255,22.2
2026-06-10 11:32:46,-102.0561,31.9777, 276.8,10288,-36.7,-54.0,-49.9, 15, 22, 0.09,255,22.2
2026-06-10 11:32:47,-102.0559,31.9778, 276.6,10294,-36.7,-54.1,-49.9, 15, 21, 0.09,255,22.2
2026-06-10 11:32:48,-102.0557,31.9778, 276.4,10299,-36.7,-54.2,-50.0, 15, 21, 0.09,255,22.2
2026-06-10 11:32:49,-102.0554,31.9778, 276.2,10305,-36.8,-54.3,-50.1, 15, 21, 0.09,255,22.2
2026-06-10 11:32:50,-102.0552,31.9779, 276.0,10310,-36.8,-54.3,-50.1, 15, 21, 0.09,256,22.3
2026-06-10 11:32:51,-102.0550,31.9779, 275.8,10315,-36.9,-54.4,-50.2, 15, 21, 0.09,256,22.3
2026-06-10 11:32:52,-102.0547,31.9780, 275.6,10320,-36.9,-54.5,-50.3, 15, 21, 0.09,256,22.3
2026-06-10 11:32:53,-102.0545,31.9780, 275.4,10325,-36.9,-54.5,-50.3, 15, 21, 0.09,256,22.4
2026-06-10 11:32:54,-102.0542,31.9781, 275.1,10330,-37.0,-54.6,-50.4, 15, 21, 0.08,256,22.4
2026-06-10 11:32:55,-102.0540,31.9781, 274.9,10335,-37.0,-54.7,-50.5, 14, 21, 0.08,256,22.4
2026-06-10 11:32:56,-102.0538,31.9781, 274.7,10340,-37.1,-54.7,-50.5, 14, 21, 0.08,256,22.4
2026-06-10 11:32:57,-102.0535,31.9782, 274.5,10346,-37.1,-54.8,-50.6, 14, 21, 0.08,256,22.5
2026-06-10 11:32:58,-102.0533,31.9782, 274.3,10352,-37.1,-54.9,-50.7, 14, 20, 0.08,257,22.5
2026-06-10 11:32:59,-102.0530,31.9783, 274.0,10359,-37.2,-55.0,-50.7, 14, 20, 0.08,257,22.5
2026-06-10 11:33:00,-102.0528,31.9783, 273.8,10365,-37.2,-55.0,-50.8, 14, 20, 0.08,257,22.6
2026-06-10 11:33:01,-102.0526,31.9784, 273.5,10371,-37.3,-55.1,-50.9, 14, 20, 0.08,257,22.6
2026-06-10 11:33:02,-102.0523,31.9784, 273.3,10377,-37.3,-55.2,-51.0, 14, 20, 0.08,257,22.6
2026-06-10 11:33:03,-102.0521,31.9784, 273.1,10383,-37.3,-55.3,-51.1, 14, 20, 0.08,257,22.7
2026-06-10 11:33:04,-102.0518,31.9785, 272.8,10390,-37.4,-55.4,-51.2, 14, 20, 0.08,257,22.7
2026-06-10 11:33:05,-102.0516,31.9785, 272.6,10396,-37.4,-55.5,-51.2, 14, 20, 0.08,258,22.7
2026-06-10 11:33:06,-102.0514,31.9786, 272.3,10402,-37.4,-55.6,-51.3, 14, 20, 0.08,258,22.7
2026-06-10 11:33:07,-102.0511,31.9786, 272.1,10409,-37.5,-55.7,-51.4, 13, 19, 0.08,258,22.8
2026-06-10 11:33:08,-102.0509,31.9787, 271.8,10415,-37.5,-55.7,-51.5, 13, 19, 0.07,258,22.9
2026-06-10 11:33:09,-102.0506,31.9787, 271.6,10421,-37.5,-55.8,-51.6, 13, 19, 0.07,258,22.9
2026-06-10 11:33:10,-102.0504,31.9787, 271.3,10427,-37.6,-55.9,-51.7, 13, 19, 0.07,258,23.0
2026-06-10 11:33:11,-102.0502,31.9788, 271.1,10433,-37.6,-56.0,-51.8, 13, 19, 0.07,258,23.0
2026-06-10 11:33:12,-102.0499,31.9788, 270.9,10439,-37.7,-56.1,-51.9, 13, 19, 0.07,258,23.1
2026-06-10 11:33:13,-102.0497,31.9789, 270.6,10445,-37.7,-56.2,-52.0, 13, 19, 0.07,258,23.1
2026-06-10 11:33:14,-102.0494,31.9789, 270.4,10451,-37.7,-56.3,-52.0, 13, 18, 0.07,258,23.2
2026-06-10 11:33:15,-102.0492,31.9790, 270.2,10456,-37.7,-56.3,-52.1, 13, 18, 0.07,258,23.2
2026-06-10 11:33:16,-102.0490,31.9790, 270.0,10462,-37.8,-56.4,-52.1, 13, 18, 0.07,259,23.3
2026-06-10 11:33:17,-102.0487,31.9790, 269.7,10468,-37.8,-56.4,-52.2, 13, 18, 0.07,259,23.4
2026-06-10 11:33:18,-102.0485,31.9791, 269.5,10473,-37.8,-56.5,-52.2, 13, 18, 0.07,259,23.4
2026-06-10 11:33:19,-102.0482,31.9791, 269.4,10478,-37.9,-56.6,-52.3, 13, 18, 0.07,259,23.5
2026-06-10 11:33:20,-102.0479,31.9791, 269.2,10483,-37.9,-56.6,-52.4, 12, 18, 0.07,259,23.5
2026-06-10 11:33:21,-102.0477,31.9792, 269.0,10488,-37.9,-56.7,-52.4, 12, 18, 0.07,259,23.6
2026-06-10 11:33:22,-102.0474,31.9792, 268.8,10492,-38.0,-56.7,-52.5, 12, 18, 0.07,259,23.6
2026-06-10 11:33:23,-102.0472,31.9792, 268.6,10497,-38.0,-56.8,-52.5, 12, 18, 0.07,259,23.7
2026-06-10 11:33:24,-102.0469,31.9793, 268.4,10502,-38.0,-56.9,-52.6, 12, 18, 0.07,259,23.8
2026-06-10 11:33:25,-102.0467,31.9793, 268.2,10506,-38.1,-56.9,-52.6, 12, 18, 0.07,259,23.8
2026-06-10 11:33:26,-102.0464,31.9793, 268.0,10511,-38.1,-57.0,-52.7, 12, 18, 0.07,259,23.9
2026-06-10 11:33:27,-102.0461,31.9794, 267.8,10516,-38.1,-57.0,-52.8, 12, 18, 0.06,259,23.9
2026-06-10 11:33:28,-102.0459,31.9794, 267.6,10522,-38.1,-57.1,-52.8, 12, 18, 0.06,260,24.0
2026-06-10 11:33:29,-102.0456,31.9794, 267.4,10527,-38.2,-57.2,-52.9, 12, 17, 0.06,260,24.0
2026-06-10 11:33:30,-102.0454,31.9795, 267.2,10532,-38.2,-57.2,-52.9, 12, 17, 0.06,260,24.1
2026-06-10 11:33:31,-102.0451,31.9795, 267.0,10537,-38.2,-57.3,-53.0, 12, 17, 0.06,260,24.1
2026-06-10 11:33:32,-102.0449,31.9795, 266.8,10542,-38.2,-57.3,-53.0, 12, 17, 0.06,260,24.1
2026-06-10 11:33:33,-102.0446,31.9796, 266.6,10547,-38.3,-57.4,-53.1, 12, 17, 0.06,260,24.2
2026-06-10 11:33:34,-102.0443,31.9796, 266.4,10553,-38.3,-57.4,-53.1, 12, 17, 0.06,260,24.2
2026-06-10 11:33:35,-102.0441,31.9796, 266.2,10558,-38.3,-57.5,-53.2, 12, 17, 0.06,260,24.3
2026-06-10 11:33:36,-102.0438,31.9797, 266.0,10563,-38.3,-57.5,-53.2, 12, 17, 0.06,261,24.3
2026-06-10 11:33:37,-102.0436,31.9797, 265.8,10568,-38.4,-57.6,-53.3, 12, 17, 0.06,261,24.4
2026-06-10 11:33:38,-102.0433,31.9797, 265.6,10574,-38.4,-57.6,-53.3, 12, 17, 0.06,261,24.4
2026-06-10 11:33:39,-102.0431,31.9798, 265.4,10580,-38.4,-57.7,-53.4, 12, 17, 0.06,261,24.5
2026-06-10 11:33:40,-102.0428,31.9798, 265.2,10585,-38.4,-57.7,-53.4, 11, 17, 0.06,261,24.5
2026-06-10 11:33:41,-102.0425,31.9798, 264.9,10591,-38.5,-57.8,-53.5, 11, 17, 0.06,261,24.6
2026-06-10 11:33:42,-102.0423,31.9799, 264.7,10597,-38.5,-57.9,-53.6, 11, 17, 0.06,261,24.6
2026-06-10 11:33:43,-102.0420,31.9799, 264.5,10603,-38.5,-58.0,-53.7, 11, 16, 0.06,261,24.7
2026-06-10 11:33:44,-102.0418,31.9799, 264.3,10608,-38.5,-58.0,-53.7, 11, 16, 0.06,261,24.7
2026-06-10 11:33:45,-102.0415,31.9800, 264.1,10613,-38.6,-58.1,-53.8, 11, 16, 0.06,262,24.8
2026-06-10 11:33:46,-102.0413,31.9800, 263.9,10618,-38.6,-58.2,-53.9, 11, 16, 0.06,262,24.8
2026-06-10 11:33:47,-102.0410,31.9800, 263.7,10623,-38.6,-58.3,-54.0, 11, 16, 0.06,262,24.9
2026-06-10 11:33:48,-102.0407,31.9801, 263.5,10629,-38.6,-58.4,-54.0, 11, 16, 0.06,262,24.9
2026-06-10 11:33:49,-102.0404,31.9801, 263.3,10634,-38.7,-58.4,-54.1, 11, 16, 0.06,262,25.0
2026-06-10 11:33:50,-102.0402,31.9802, 263.1,10639,-38.7,-58.5,-54.2, 11, 16, 0.06,262,25.0
2026-06-10 11:33:51,-102.0399,31.9802, 262.9,10645,-38.7,-58.6,-54.3, 11, 15, 0.05,261,25.1
2026-06-10 11:33:52,-102.0396,31.9802, 262.7,10650,-38.7,-58.7,-54.3, 11, 15, 0.05,261,25.1
2026-06-10 11:33:53,-102.0394,31.9803, 262.5,10656,-38.7,-58.8,-54.4, 10, 15, 0.05,261,25.2
2026-06-10 11:33:54,-102.0391,31.9803, 262.3,10661,-38.8,-58.8,-54.5, 10, 15, 0.05,261,25.2
2026-06-10 11:33:55,-102.0388,31.9803, 262.0,10667,-38.8,-58.9,-54.5, 10, 15, 0.05,261,25.3
2026-06-10 11:33:56,-102.0385,31.9804, 261.8,10672,-38.8,-58.9,-54.6, 10, 15, 0.05,261,25.3
2026-06-10 11:33:57,-102.0383,31.9804, 261.6,10678,-38.8,-59.0,-54.6, 10, 15, 0.05,261,25.4
2026-06-10 11:33:58,-102.0380,31.9804, 261.4,10683,-38.9,-59.0,-54.7, 10, 15, 0.05,261,25.4
2026-06-10 11:33:59,-102.0377,31.9805, 261.2,10689,-38.9,-59.1,-54.8, 10, 15, 0.05,261,25.5
2026-06-10 11:34:00,-102.0374,31.9805, 261.0,10694,-38.9,-59.2,-54.8, 10, 15, 0.05,261,25.5
2026-06-10 11:34:01,-102.0372,31.9806, 260.8,10699,-38.9,-59.2,-54.9, 10, 15, 0.05,261,25.6
2026-06-10 11:34:02,-102.0369,31.9806, 260.6,10704,-39.0,-59.3,-54.9, 10, 15, 0.05,261,25.6
2026-06-10 11:34:03,-102.0366,31.9806, 260.4,10709,-39.0,-59.3,-55.0, 10, 15, 0.05,261,25.7
2026-06-10 11:34:04,-102.0363,31.9807, 260.2,10714,-39.0,-59.4,-55.0, 10, 15, 0.05,261,25.7
2026-06-10 11:34:05,-102.0361,31.9807, 260.0,10719,-39.0,-59.4,-55.1, 10, 14, 0.05,261,25.8
2026-06-10 11:34:06,-102.0358,31.9807, 259.8,10725,-39.1,-59.5,-55.1, 10, 14, 0.05,261,25.8
2026-06-10 11:34:07,-102.0355,31.9808, 259.6,10730,-39.1,-59.6,-55.2, 10, 14, 0.05,261,25.9
2026-06-10 11:34:08,-102.0353,31.9808, 259.4,10736,-39.1,-59.6,-55.3, 10, 14, 0.05,261,25.9
2026-06-10 11:34:09,-102.0350,31.9808, 259.2,10742,-39.2,-59.7,-55.3, 10, 14, 0.05,261,26.0
2026-06-10 11:34:10,-102.0347,31.9809, 259.0,10747,-39.2,-59.8,-55.4, 10, 14, 0.05,261,26.0
2026-06-10 11:34:11,-102.0344,31.9809, 258.8,10753,-39.2,-59.8,-55.4, 10, 14, 0.05,261,26.1
2026-06-10 11:34:12,-102.0342,31.9810, 258.6,10758,-39.3,-59.9,-55.5, 10, 14, 0.05,261,26.1
2026-06-10 11:34:13,-102.0339,31.9810, 258.4,10764,-39.3,-60.0,-55.6, 10, 14, 0.05,261,26.2
2026-06-10 11:34:14,-102.0336,31.9810, 258.2,10769,-39.4,-60.0,-55.6, 10, 14, 0.05,261,26.2
2026-06-10 11:34:15,-102.0333,31.9811, 258.0,10774,-39.4,-60.1,-55.7,  9, 14, 0.05,261,26.2
2026-06-10 11:34:16,-102.0331,31.9811, 257.8,10779,-39.4,-60.1,-55.8,  9, 14, 0.05,261,26.3
2026-06-10 11:34:17,-102.0328,31.9811, 257.6,10784,-39.5,-60.2,-55.8,  9, 14, 0.05,261,26.3
2026-06-10 11:34:18,-102.0325,31.9812, 257.4,10789,-39.5,-60.3,-55.9,  9, 14, 0.05,261,26.4
2026-06-10 11:34:19,-102.0322,31.9812, 257.2,10794,-39.5,-60.3,-55.9,  9, 14, 0.04,261,26.4
2026-06-10 11:34:20,-102.0319,31.9812, 257.0,10800,-39.6,-60.4,-56.0,  9, 14, 0.04,261,26.5
2026-06-10 11:34:21,-102.0316,31.9813, 256.8,10805,-39.6,-60.5,-56.1,  9, 14, 0.04,261,26.5
2026-06-10 11:34:22,-102.0314,31.9813, 256.6,10810,-39.6,-60.5,-56.1,  9, 14, 0.04,261,26.6
2026-06-10 11:34:23,-102.0311,31.9813, 256.4,10815,-39.7,-60.6,-56.2,  9, 14, 0.04,261,26.6
2026-06-10 11:34:24,-102.0308,31.9814, 256.3,10820,-39.7,-60.6,-56.2,  9, 13, 0.04,261,26.7
2026-06-10 11:34:25,-102.0305,31.9814, 256.1,10824,-39.7,-60.7,-56.3,  9, 13, 0.04,261,26.7
2026-06-10 11:34:26,-102.0302,31.9814, 255.9,10829,-39.8,-60.7,-56.3,  9, 13, 0.04,261,26.7
2026-06-10 11:34:27,-102.0299,31.9815, 255.7,10834,-39.8,-60.8,-56.4,  9, 13, 0.04,261,26.8
2026-06-10 11:34:28,-102.0296,31.9815, 255.5,10839,-39.9,-60.8,-56.4,  9, 13, 0.04,261,26.8
2026-06-10 11:34:29,-102.0294,31.9816, 255.3,10844,-39.9,-60.9,-56.5,  9, 13, 0.04,261,26.8
2026-06-10 11:34:30,-102.0291,31.9816, 255.1,10849,-39.9,-61.0,-56.5,  9, 13, 0.04,261,26.8
2026-06-10 11:34:31,-102.0288,31.9816, 255.0,10854,-40.0,-61.0,-56.6,  9, 13, 0.04,262,26.9
2026-06-10 11:34:32,-102.0285,31.9817, 254.8,10859,-40.0,-61.1,-56.7,  9, 13, 0.04,262,26.9
2026-06-10 11:34:33,-102.0283,31.9817, 254.6,10864,-40.0,-61.1,-56.7,  9, 13, 0.04,262,26.9
2026-06-10 11:34:34,-102.0279,31.9817, 254.5,10868,-40.1,-61.2,-56.7,  9, 13, 0.04,262,26.9
2026-06-10 11:34:35,-102.0276,31.9818, 254.2,10874,-40.1,-60.8,-56.4,  9, 14, 0.04,262,27.0
2026-06-10 11:34:36,-102.0274,31.9818, 254.0,10879,-40.1,-60.6,-56.2, 10, 14, 0.04,262,27.0
2026-06-10 11:34:37,-102.0271,31.9818, 253.8,10884,-40.2,-60.3,-55.9, 10, 15, 0.05,262,27.0
2026-06-10 11:34:38,-102.0268,31.9819, 253.6,10889,-40.2,-60.1,-55.7, 10, 15, 0.05,262,27.0
2026-06-10 11:34:39,-102.0265,31.9819, 253.5,10894,-40.2,-59.9,-55.5, 11, 16, 0.05,262,27.1
2026-06-10 11:34:40,-102.0262,31.9819, 253.3,10899,-40.3,-59.7,-55.3, 11, 16, 0.05,262,27.1
2026-06-10 11:34:41,-102.0259,31.9820, 253.1,10904,-40.3,-59.5,-55.1, 11, 17, 0.05,262,27.1
2026-06-10 11:34:42,-102.0256,31.9820, 252.9,10910,-40.3,-59.3,-54.9, 12, 17, 0.05,262,27.1
2026-06-10 11:34:43,-102.0254,31.9820, 252.7,10915,-40.4,-59.1,-54.7, 12, 18, 0.05,262,27.2
2026-06-10 11:34:44,-102.0251,31.9821, 252.4,10920,-40.4,-58.9,-54.6, 12, 18, 0.05,262,27.2
2026-06-10 11:34:45,-102.0248,31.9821, 252.2,10926,-40.4,-58.7,-54.4, 12, 18, 0.06,262,27.2
2026-06-10 11:34:46,-102.0245,31.9821, 252.0,10933,-40.5,-58.6,-54.2, 13, 19, 0.06,262,27.2
2026-06-10 11:34:47,-102.0242,31.9822, 251.8,10939,-40.5,-58.4,-54.1, 13, 19, 0.06,262,27.3
2026-06-10 11:34:48,-102.0239,31.9822, 251.6,10946,-40.5,-58.2,-53.9, 13, 20, 0.06,262,27.5
2026-06-10 11:34:49,-102.0236,31.9822, 251.3,10952,-40.6,-58.1,-53.8, 14, 20, 0.06,262,27.6
2026-06-10 11:34:50,-102.0233,31.9823, 251.1,10959,-40.6,-57.9,-53.6, 14, 21, 0.06,262,27.7
2026-06-10 11:34:51,-102.0230,31.9823, 250.8,10965,-40.6,-57.7,-53.4, 14, 21, 0.06,262,27.8
2026-06-10 11:34:52,-102.0226,31.9823, 250.6,10972,-40.7,-57.5,-53.2, 15, 22, 0.07,262,27.9
2026-06-10 11:34:53,-102.0222,31.9824, 250.3,10979,-40.7,-57.3,-53.0, 15, 23, 0.07,262,28.1
2026-06-10 11:34:54,-102.0220,31.9824, 250.0,10989,-40.7,-57.0,-52.7, 16, 24, 0.07,262,28.2
2026-06-10 11:34:55,-102.0217,31.9824, 249.8,10993,-40.7,-56.9,-52.6, 16, 24, 0.07,262,28.3
2026-06-10 11:34:56,-102.0213,31.9825, 249.6,11000,-40.8,-56.7,-52.4, 17, 25, 0.07,262,28.4
2026-06-10 11:34:57,-102.0210,31.9825, 249.4,11007,-40.8,-56.5,-52.2, 17, 26, 0.07,262,28.5
2026-06-10 11:34:58,-102.0207,31.9825, 249.1,11013,-40.8,-56.3,-52.0, 18, 26, 0.08,262,28.6
2026-06-10 11:34:59,-102.0204,31.9826, 248.9,11018,-40.9,-56.1,-51.9, 18, 27, 0.08,262,28.8
2026-06-10 11:35:00,-102.0201,31.9826, 248.7,11023,-40.9,-56.0,-51.7, 18, 28, 0.08,262,28.9
2026-06-10 11:35:01,-102.0197,31.9826, 248.5,11028,-41.0,-55.8,-51.6, 19, 28, 0.08,262,29.0
2026-06-10 11:35:02,-102.0194,31.9827, 248.3,11034,-41.0,-55.6,-51.4, 19, 29, 0.08,262,29.1
2026-06-10 11:35:03,-102.0191,31.9827, 248.1,11039,-41.0,-55.5,-51.3, 20, 29, 0.08,262,29.2
2026-06-10 11:35:04,-102.0188,31.9828, 247.9,11044,-41.1,-55.3,-51.1, 20, 30, 0.09,262,29.4
2026-06-10 11:35:05,-102.0184,31.9828, 247.8,11049,-41.1,-55.2,-51.0, 21, 31, 0.09,262,29.5
2026-06-10 11:35:06,-102.0181,31.9828, 247.6,11054,-41.2,-55.1,-50.9, 21, 32, 0.09,262,29.6
2026-06-10 11:35:07,-102.0178,31.9829, 247.4,11059,-41.2,-54.9,-50.7, 22, 32, 0.09,262,29.8
2026-06-10 11:35:08,-102.0175,31.9829, 247.2,11065,-41.2,-54.8,-50.6, 22, 33, 0.09,262,29.9
2026-06-10 11:35:09,-102.0171,31.9829, 247.0,11070,-41.3,-54.7,-50.5, 22, 33, 0.09,262,30.1
2026-06-10 11:35:10,-102.0168,31.9830, 246.8,11075,-41.3,-54.5,-50.4, 23, 34, 0.10,262,30.2
2026-06-10 11:35:11,-102.0165,31.9830, 246.6,11080,-41.4,-54.4,-50.2, 23, 35, 0.10,263,30.4
2026-06-10 11:35:12,-102.0162,31.9830, 246.4,11085,-41.4,-54.3,-50.1, 24, 35, 0.10,263,30.5
2026-06-10 11:35:13,-102.0159,31.9831, 246.3,11091,-41.5,-54.2,-50.0, 24, 36, 0.10,263,30.7
2026-06-10 11:35:14,-102.0155,31.9831, 246.1,11096,-41.5,-54.1,-49.9, 25, 37, 0.10,263,30.8
2026-06-10 11:35:15,-102.0152,31.9831, 245.9,11101,-41.5,-54.0,-49.8, 25, 37, 0.10,263,31.0
2026-06-10 11:35:16,-102.0149,31.9832, 245.7,11106,-41.6,-53.9,-49.7, 25, 38, 0.10,263,31.2
2026-06-10 11:35:17,-102.0146,31.9832, 245.5,11111,-41.6,-53.8,-49.6, 26, 39, 0.10,263,31.3
2026-06-10 11:35:18,-102.0142,31.9832, 245.3,11116,-41.7,-53.7,-49.5, 26, 39, 0.11,263,31.5
2026-06-10 11:35:19,-102.0139,31.9833, 245.1,11121,-41.7,-53.6,-49.4, 27, 40, 0.11,263,31.6
2026-06-10 11:35:20,-102.0136,31.9833, 244.9,11126,-41.8,-53.5,-49.4, 27, 41, 0.11,263,31.8
2026-06-10 11:35:21,-102.0132,31.9833, 244.7,11132,-41.8,-53.4,-49.3, 28, 41, 0.11,263,31.9
2026-06-10 11:35:22,-102.0129,31.9833, 244.6,11137,-41.9,-53.3,-49.2, 28, 42, 0.11,263,32.1
2026-06-10 11:35:23,-102.0125,31.9834, 244.4,11143,-41.9,-53.2,-49.1, 28, 43, 0.11,263,32.3
2026-06-10 11:35:24,-102.0122,31.9834, 244.2,11148,-42.0,-53.2,-49.0, 29, 43, 0.11,263,32.4
2026-06-10 11:35:25,-102.0118,31.9834, 243.9,11154,-42.0,-53.1,-48.9, 29, 44, 0.11,263,32.6
2026-06-10 11:35:26,-102.0115,31.9834, 243.7,11159,-42.1,-53.0,-48.9, 30, 45, 0.12,263,32.7
2026-06-10 11:35:27,-102.0112,31.9835, 243.5,11166,-42.1,-52.9,-48.8, 30, 45, 0.12,264,32.7
2026-06-10 11:35:28,-102.0108,31.9835, 243.3,11172,-42.2,-52.9,-48.7, 30, 46, 0.12,264,32.7
2026-06-10 11:35:29,-102.0105,31.9835, 243.1,11178,-42.2,-52.8,-48.7, 31, 47, 0.12,264,32.7
2026-06-10 11:35:30,-102.0101,31.9835, 242.9,11184,-42.3,-52.7,-48.6, 31, 47, 0.12,264,32.7
2026-06-10 11:35:31,-102.0098,31.9836, 242.7,11190,-42.3,-52.6,-48.5, 32, 48, 0.12,264,32.6
2026-06-10 11:35:32,-102.0094,31.9836, 242.4,11196,-42.4,-52.6,-48.5, 32, 49, 0.12,264,32.6
2026-06-10 11:35:33,-102.0091,31.9836, 242.2,11203,-42.4,-52.5,-48.4, 33, 49, 0.12,264,32.6
2026-06-10 11:35:34,-102.0088,31.9837, 242.0,11209,-42.5,-52.4,-48.3, 33, 50, 0.12,264,32.6
2026-06-10 11:35:35,-102.0084,31.9837, 241.8,11215,-42.5,-52.4,-48.3, 33, 51, 0.13,264,32.6
2026-06-10 11:35:36,-102.0081,31.9837, 241.5,11221,-42.6,-52.3,-48.2, 34, 51, 0.13,264,32.6
2026-06-10 11:35:37,-102.0077,31.9837, 241.3,11228,-42.6,-52.3,-48.2, 34, 52, 0.13,264,32.6
2026-06-10 11:35:38,-102.0074,31.9838, 241.1,11234,-42.7,-52.2,-48.1, 35, 52, 0.13,265,32.5
2026-06-10 11:35:39,-102.0070,31.9838, 240.9,11240,-42.7,-52.2,-48.1, 35, 53, 0.13,265,32.5
2026-06-10 11:35:40,-102.0067,31.9838, 240.6,11247,-42.8,-52.1,-48.0, 35, 54, 0.13,265,32.5
2026-06-10 11:35:41,-102.0063,31.9838, 240.4,11253,-42.8,-52.0,-48.0, 36, 54, 0.13,265,32.5
2026-06-10 11:35:42,-102.0060,31.9839, 240.2,11259,-42.9,-52.0,-47.9, 36, 55, 0.13,265,32.5
2026-06-10 11:35:43,-102.0057,31.9839, 240.0,11266,-42.9,-51.9,-47.8, 37, 56, 0.13,265,32.5
2026-06-10 11:35:44,-102.0053,31.9839, 239.7,11272,-43.0,-51.9,-47.8, 37, 56, 0.13,265,32.4
2026-06-10 11:35:45,-102.0050,31.9839, 239.5,11278,-43.0,-51.8,-47.7, 38, 57, 0.13,265,32.4
2026-06-10 11:35:46,-102.0046,31.9840, 239.3,11284,-43.1,-51.8,-47.7, 38, 58, 0.14,265,32.4
2026-06-10 11:35:47,-102.0043,31.9840, 239.1,11290,-43.1,-51.7,-47.7, 38, 58, 0.14,265,32.5
2026-06-10 11:35:48,-102.0039,31.9840, 238.9,11297,-43.2,-51.7,-47.6, 39, 59, 0.14,265,32.5
2026-06-10 11:35:49,-102.0036,31.9840, 238.7,11303,-43.2,-51.6,-47.6, 39, 60, 0.14,265,32.6
2026-06-10 11:35:50,-102.0032,31.9841, 238.4,11309,-43.3,-51.6,-47.5, 40, 60, 0.14,265,32.6
2026-06-10 11:35:51,-102.0029,31.9841, 238.2,11314,-43.3,-51.6,-47.5, 40, 61, 0.14,265,32.7
2026-06-10 11:35:52,-102.0025,31.9841, 238.0,11320,-43.4,-51.5,-47.4, 40, 62, 0.14,265,32.7
2026-06-10 11:35:53,-102.0022,31.9842, 237.8,11326,-43.4,-51.5,-47.4, 41, 62, 0.14,265,32.8
2026-06-10 11:35:54,-102.0018,31.9842, 237.6,11332,-43.5,-51.5,-47.5, 41, 62, 0.14,265,32.8
2026-06-10 11:35:55,-102.0015,31.9842, 237.4,11339,-43.5,-51.5,-47.5, 41, 63, 0.14,265,32.9
2026-06-10 11:35:56,-102.0011,31.9842, 237.1,11345,-43.6,-51.6,-47.5, 41, 63, 0.14,265,32.9
2026-06-10 11:35:57,-102.0008,31.9843, 236.9,11352,-43.6,-51.6,-47.5, 41, 63, 0.14,265,33.0
2026-06-10 11:35:58,-102.0004,31.9843, 236.7,11358,-43.7,-51.6,-47.5, 41, 63, 0.14,265,33.0
2026-06-10 11:35:59,-102.0000,31.9843, 236.4,11365,-43.7,-51.6,-47.6, 41, 63, 0.14,265,33.1
2026-06-10 11:36:00,-101.9997,31.9844, 236.2,11371,-43.8,-51.7,-47.6, 41, 64, 0.14,265,33.1
2026-06-10 11:36:01,-101.9993,31.9844, 236.0,11377,-43.8,-51.7,-47.6, 42, 64, 0.14,265,33.2
2026-06-10 11:36:02,-101.9990,31.9844, 235.8,11383,-43.8,-51.7,-47.6, 42, 64, 0.14,265,33.2
2026-06-10 11:36:03,-101.9986,31.9844, 235.6,11389,-43.9,-51.7,-47.6, 42, 64, 0.14,265,33.3
2026-06-10 11:36:04,-101.9983,31.9845, 235.4,11395,-43.9,-51.7,-47.7, 42, 64, 0.14,265,33.3
2026-06-10 11:36:05,-101.9979,31.9845, 235.2,11401,-44.0,-51.8,-47.7, 42, 64, 0.14,265,33.4
2026-06-10 11:36:06,-101.9976,31.9845, 235.0,11406,-44.0,-51.8,-47.7, 42, 65, 0.14,265,33.4
2026-06-10 11:36:07,-101.9972,31.9846, 234.8,11412,-44.1,-51.8,-47.7, 42, 65, 0.14,265,33.4
2026-06-10 11:36:08,-101.9969,31.9846, 234.6,11417,-44.1,-51.8,-47.7, 42, 65, 0.14,265,33.5
2026-06-10 11:36:09,-101.9965,31.9846, 234.4,11422,-44.2,-51.8,-47.7, 43, 66, 0.14,265,33.5
2026-06-10 11:36:10,-101.9962,31.9847, 234.2,11428,-44.2,-51.8,-47.7, 43, 66, 0.14,265,33.5
2026-06-10 11:36:11,-101.9958,31.9847, 234.0,11433,-44.3,-51.8,-47.7, 43, 67, 0.14,264,33.5
2026-06-10 11:36:12,-101.9954,31.9847, 233.8,11439,-44.3,-51.8,-47.7, 43, 67, 0.14,264,33.5
2026-06-10 11:36:13,-101.9951,31.9847, 233.6,11445,-44.4,-51.8,-47.7, 44, 67, 0.14,264,33.6
2026-06-10 11:36:14,-101.9947,31.9848, 233.4,11451,-44.4,-51.8,-47.7, 44, 68, 0.14,264,33.6
2026-06-10 11:36:15,-101.9944,31.9848, 233.2,11457,-44.5,-51.8,-47.7, 44, 68, 0.14,264,33.6
2026-06-10 11:36:16,-101.9940,31.9848, 233.0,11462,-44.5,-51.8,-47.7, 44, 68, 0.14,264,33.6
2026-06-10 11:36:17,-101.9937,31.9849, 232.8,11468,-44.6,-51.8,-47.7, 44, 69, 0.14,264,33.7
2026-06-10 11:36:18,-101.9933,31.9849, 232.6,11474,-44.6,-51.8,-47.7, 45, 69, 0.14,264,33.7
2026-06-10 11:36:19,-101.9930,31.9849, 232.5,11479,-44.7,-51.8,-47.7, 45, 69, 0.14,264,33.7
2026-06-10 11:36:20,-101.9926,31.9850, 232.3,11485,-44.7,-51.8,-47.7, 45, 70, 0.14,264,33.7
2026-06-10 11:36:21,-101.9923,31.9850, 232.1,11490,-44.8,-51.8,-47.7, 45, 70, 0.14,264,33.7
2026-06-10 11:36:22,-101.9919,31.9850, 231.9,11496,-44.8,-51.8,-47.8, 46, 71, 0.14,264,33.8
2026-06-10 11:36:23,-101.9916,31.9851, 231.7,11501,-44.9,-51.9,-47.8, 46, 71, 0.14,264,33.8
2026-06-10 11:36:24,-101.9912,31.9851, 231.5,11506,-44.9,-51.9,-47.8, 46, 71, 0.14,264,33.8
2026-06-10 11:36:25,-101.9909,31.9851, 231.3,11511,-45.0,-51.9,-47.8, 46, 72, 0.14,264,33.8
2026-06-10 11:36:26,-101.9905,31.9851, 231.2,11516,-45.0,-51.9,-47.8, 46, 72, 0.14,264,33.8
2026-06-10 11:36:27,-101.9902,31.9852, 231.0,11521,-45.1,-51.9,-47.8, 47, 72, 0.14,264,33.8
2026-06-10 11:36:28,-101.9898,31.9852, 230.8,11526,-45.1,-51.9,-47.8, 47, 73, 0.14,264,33.8
2026-06-10 11:36:29,-101.9895,31.9852, 230.6,11532,-45.2,-51.9,-47.8, 47, 73, 0.14,264,33.7
2026-06-10 11:36:30,-101.9891,31.9853, 230.4,11538,-45.2,-51.9,-47.8, 47, 73, 0.14,264,33.7
2026-06-10 11:36:31,-101.9888,31.9853, 230.2,11543,-45.3,-51.9,-47.9, 47, 74, 0.14,264,33.7
2026-06-10 11:36:32,-101.9884,31.9853, 230.0,11549,-45.3,-52.0,-47.9, 48, 74, 0.14,264,33.6
2026-06-10 11:36:33,-101.9881,31.9854, 229.8,11555,-45.4,-52.0,-47.9, 48, 74, 0.14,264,33.6
2026-06-10 11:36:34,-101.9877,31.9854, 229.6,11560,-45.4,-52.0,-47.9, 48, 74, 0.14,264,33.6
2026-06-10 11:36:35,-101.9874,31.9854, 229.4,11566,-45.5,-52.0,-47.9, 48, 75, 0.14,264,33.5
2026-06-10 11:36:36,-101.9870,31.9855, 229.3,11571,-45.5,-52.0,-48.0, 48, 75, 0.14,264,33.5
2026-06-10 11:36:37,-101.9867,31.9855, 229.1,11577,-45.6,-52.1,-48.0, 48, 75, 0.14,264,33.5
2026-06-10 11:36:38,-101.9863,31.9855, 228.9,11583,-45.6,-52.1,-48.0, 48, 75, 0.14,264,33.4
2026-06-10 11:36:39,-101.9860,31.9856, 228.7,11588,-45.6,-52.1,-48.0, 48, 75, 0.14,264,33.4
2026-06-10 11:36:40,-101.9856,31.9856, 228.5,11594,-45.7,-52.1,-48.0, 48, 75, 0.14,264,33.4
2026-06-10 11:36:41,-101.9853,31.9856, 228.3,11600,-45.7,-52.2,-48.1, 48, 75, 0.14,264,33.3
2026-06-10 11:36:42,-101.9849,31.9857, 228.1,11605,-45.8,-52.2,-48.1, 48, 76, 0.14,264,33.3
2026-06-10 11:36:43,-101.9846,31.9857, 227.9,11611,-45.8,-52.2,-48.1, 48, 76, 0.14,264,33.3
2026-06-10 11:36:44,-101.9842,31.9857, 227.7,11616,-45.8,-52.2,-48.1, 48, 76, 0.14,264,33.2
2026-06-10 11:36:45,-101.9838,31.9858, 227.5,11622,-45.9,-52.3,-48.2, 48, 76, 0.13,264,33.2
2026-06-10 11:36:46,-101.9835,31.9858, 227.3,11628,-45.9,-52.3,-48.2, 49, 76, 0.13,264,33.2
2026-06-10 11:36:47,-101.9832,31.9858, 227.2,11632,-45.9,-52.3,-48.2, 49, 76, 0.13,264,33.2
2026-06-10 11:36:48,-101.9828,31.9859, 227.0,11638,-45.9,-52.3,-48.2, 49, 76, 0.13,264,33.3
2026-06-10 11:36:49,-101.9825,31.9859, 226.8,11643,-46.0,-52.4,-48.3, 48, 76, 0.13,264,33.4
2026-06-10 11:36:50,-101.9821,31.9859, 226.6,11648,-46.0,-52.4,-48.3, 48, 76, 0.13,263,33.4
2026-06-10 11:36:51,-101.9817,31.9860, 226.4,11654,-46.0,-52.4,-48.3, 48, 76, 0.13,263,33.5
2026-06-10 11:36:52,-101.9814,31.9860, 226.2,11660,-46.0,-52.4,-48.3, 48, 76, 0.13,263,33.5
2026-06-10 11:36:53,-101.9810,31.9861, 226.0,11666,-46.0,-52.5,-48.4, 48, 76, 0.13,263,33.6
2026-06-10 11:36:54,-101.9806,31.9862, 225.8,11672,-46.1,-52.5,-48.4, 48, 76, 0.13,263,33.7
2026-06-10 11:36:55,-101.9803,31.9862, 225.6,11678,-46.1,-52.5,-48.4, 48, 76, 0.13,263,33.7
2026-06-10 11:36:56,-101.9799,31.9863, 225.4,11684,-46.1,-52.6,-48.4, 48, 75, 0.13,263,33.8
2026-06-10 11:36:57,-101.9795,31.9863, 225.2,11690,-46.1,-52.6,-48.5, 48, 75, 0.13,263,33.9
2026-06-10 11:36:58,-101.9791,31.9864, 225.0,11696,-46.1,-52.6,-48.5, 48, 75, 0.13,263,33.9
2026-06-10 11:36:59,-101.9788,31.9864, 224.8,11702,-46.2,-52.6,-48.5, 48, 75, 0.13,263,34.0
2026-06-10 11:37:00,-101.9784,31.9865, 224.6,11709,-46.2,-52.6,-48.5, 48, 75, 0.13,263,34.1
2026-06-10 11:37:01,-101.9780,31.9865, 224.4,11715,-46.2,-52.7,-48.5, 48, 75, 0.13,263,34.1
2026-06-10 11:37:02,-101.9777,31.9866, 224.2,11721,-46.2,-52.7,-48.5, 48, 76, 0.13,262,34.2
2026-06-10 11:37:03,-101.9773,31.9866, 224.0,11727,-46.2,-52.7,-48.5, 48, 76, 0.13,262,34.2
2026-06-10 11:37:04,-101.9769,31.9867, 223.8,11733,-46.2,-52.7,-48.6, 48, 76, 0.13,262,34.3
2026-06-10 11:37:05,-101.9766,31.9867, 223.6,11738,-46.3,-52.7,-48.6, 48, 76, 0.13,262,34.4
2026-06-10 11:37:06,-101.9762,31.9868, 223.4,11744,-46.3,-52.7,-48.6, 48, 76, 0.13,262,34.4
2026-06-10 11:37:07,-101.9758,31.9868, 223.2,11750,-46.3,-52.7,-48.6, 49, 76, 0.13,262,34.5
2026-06-10 11:37:08,-101.9755,31.9869, 223.0,11756,-46.3,-52.7,-48.6, 49, 76, 0.13,262,34.6
2026-06-10 11:37:09,-101.9751,31.9869, 222.8,11761,-46.3,-52.7,-48.6, 49, 76, 0.13,262,34.7
2026-06-10 11:37:10,-101.9747,31.9870, 222.6,11767,-46.4,-52.7,-48.6, 49, 76, 0.13,261,34.9
2026-06-10 11:37:11,-101.9743,31.9870, 222.4,11772,-46.4,-52.7,-48.6, 49, 77, 0.13,261,35.0
2026-06-10 11:37:12,-101.9740,31.9871, 222.3,11778,-46.4,-52.7,-48.6, 49, 77, 0.13,261,35.1
2026-06-10 11:37:13,-101.9736,31.9872, 222.1,11783,-46.4,-52.7,-48.6, 49, 77, 0.13,261,35.2
2026-06-10 11:37:14,-101.9732,31.9872, 221.9,11788,-46.5,-52.7,-48.6, 49, 77, 0.13,261,35.3
2026-06-10 11:37:15,-101.9729,31.9873, 221.7,11794,-46.5,-52.7,-48.6, 49, 77, 0.13,261,35.4
2026-06-10 11:37:16,-101.9725,31.9873, 221.5,11799,-46.5,-52.8,-48.6, 49, 78, 0.13,261,35.5
2026-06-10 11:37:17,-101.9721,31.9874, 221.4,11805,-46.6,-52.8,-48.6, 49, 78, 0.13,260,35.6
2026-06-10 11:37:18,-101.9718,31.9874, 221.2,11810,-46.6,-52.8,-48.7, 50, 78, 0.13,260,35.7
2026-06-10 11:37:19,-101.9714,31.9875, 221.0,11815,-46.6,-52.8,-48.7, 50, 78, 0.13,260,35.8
2026-06-10 11:37:20,-101.9710,31.9875, 220.8,11820,-46.7,-52.8,-48.7, 50, 79, 0.13,260,35.9
2026-06-10 11:37:21,-101.9706,31.9876, 220.7,11825,-46.7,-52.8,-48.7, 50, 79, 0.13,260,36.0
2026-06-10 11:37:22,-101.9703,31.9877, 220.5,11830,-46.7,-52.8,-48.7, 50, 79, 0.13,260,36.1
2026-06-10 11:37:23,-101.9699,31.9877, 220.3,11835,-46.8,-52.8,-48.7, 50, 79, 0.13,259,36.2
2026-06-10 11:37:24,-101.9695,31.9878, 220.2,11840,-46.8,-52.8,-48.7, 50, 79, 0.13,259,36.4
2026-06-10 11:37:25,-101.9691,31.9879, 220.0,11846,-46.8,-52.8,-48.7, 51, 80, 0.13,259,36.5
2026-06-10 11:37:26,-101.9688,31.9879, 219.8,11852,-46.9,-52.9,-48.7, 51, 80, 0.13,259,36.6
2026-06-10 11:37:27,-101.9684,31.9880, 219.6,11857,-46.9,-52.9,-48.7, 51, 80, 0.13,259,36.6
2026-06-10 11:37:28,-101.9680,31.9881, 219.4,11863,-47.0,-52.9,-48.8, 51, 80, 0.13,259,36.5
2026-06-10 11:37:29,-101.9676,31.9881, 219.2,11868,-47.0,-53.0,-48.8, 51, 80, 0.13,259,36.5
2026-06-10 11:37:30,-101.9673,31.9882, 219.0,11874,-47.1,-53.0,-48.9, 51, 80, 0.13,259,36.5
2026-06-10 11:37:31,-101.9669,31.9883, 218.9,11879,-47.1,-53.0,-48.9, 51, 80, 0.13,259,36.5
2026-06-10 11:37:32,-101.9665,31.9884, 218.7,11885,-47.1,-53.1,-48.9, 51, 80, 0.13,259,36.5
2026-06-10 11:37:33,-101.9661,31.9884, 218.5,11890,-47.2,-53.1,-49.0, 51, 80, 0.13,259,36.5
2026-06-10 11:37:34,-101.9658,31.9885, 218.3,11896,-47.2,-53.2,-49.0, 51, 80, 0.13,259,36.5
2026-06-10 11:37:35,-101.9654,31.9886, 218.1,11902,-47.3,-53.2,-49.1, 51, 81, 0.13,258,36.4
2026-06-10 11:37:36,-101.9650,31.9886, 217.9,11907,-47.3,-53.2,-49.1, 51, 81, 0.13,258,36.4
2026-06-10 11:37:37,-101.9646,31.9887, 217.8,11913,-47.4,-53.3,-49.1, 51, 81, 0.13,258,36.4
2026-06-10 11:37:38,-101.9643,31.9888, 217.6,11919,-47.4,-53.3,-49.2, 51, 81, 0.12,258,36.4
2026-06-10 11:37:39,-101.9639,31.9888, 217.4,11925,-47.4,-53.4,-49.2, 51, 81, 0.12,258,36.4
2026-06-10 11:37:40,-101.9635,31.9889, 217.2,11931,-47.5,-53.4,-49.2, 51, 81, 0.12,258,36.4
2026-06-10 11:37:41,-101.9631,31.9890, 217.0,11936,-47.5,-53.4,-49.3, 51, 81, 0.12,258,36.3
2026-06-10 11:37:42,-101.9628,31.9890, 216.8,11941,-47.6,-53.5,-49.3, 51, 81, 0.12,258,36.3
2026-06-10 11:37:43,-101.9624,31.9891, 216.7,11946,-47.6,-53.5,-49.4, 51, 81, 0.12,258,36.3
2026-06-10 11:37:44,-101.9620,31.9892, 216.5,11952,-47.7,-53.6,-49.4, 51, 81, 0.12,258,36.3
2026-06-10 11:37:45,-101.9616,31.9893, 216.3,11957,-47.7,-53.6,-49.5, 51, 81, 0.12,258,36.3
2026-06-10 11:37:46,-101.9613,31.9893, 216.2,11962,-47.7,-53.7,-49.5, 50, 80, 0.12,258,36.3
2026-06-10 11:37:47,-101.9609,31.9894, 216.0,11967,-47.8,-53.8,-49.6, 50, 80, 0.12,258,36.3
2026-06-10 11:37:48,-101.9605,31.9895, 215.8,11972,-47.8,-53.8,-49.6, 50, 80, 0.12,258,36.2
2026-06-10 11:37:49,-101.9601,31.9895, 215.7,11977,-47.9,-53.9,-49.7, 50, 80, 0.12,258,36.2
2026-06-10 11:37:50,-101.9598,31.9896, 215.5,11982,-47.9,-53.9,-49.7, 50, 80, 0.12,257,36.2
2026-06-10 11:37:51,-101.9594,31.9897, 215.3,11987,-48.0,-54.0,-49.8, 50, 80, 0.12,257,36.2
2026-06-10 11:37:52,-101.9590,31.9897, 215.2,11992,-48.0,-54.0,-49.8, 50, 80, 0.12,257,36.2
2026-06-10 11:37:53,-101.9587,31.9898, 215.0,11997,-48.0,-54.1,-49.9, 50, 80, 0.12,257,36.2
2026-06-10 11:37:54,-101.9583,31.9899, 214.8,12002,-48.1,-54.1,-50.0, 50, 80, 0.11,257,36.1
2026-06-10 11:37:55,-101.9579,31.9900, 214.6,12008,-48.1,-54.2,-50.0, 49, 79, 0.11,257,36.1
2026-06-10 11:37:56,-101.9576,31.9900, 214.5,12013,-48.2,-54.3,-50.1, 49, 79, 0.11,257,36.1
2026-06-10 11:37:57,-101.9572,31.9901, 214.3,12018,-48.2,-54.4,-50.2, 49, 78, 0.11,257,36.1
2026-06-10 11:37:58,-101.9568,31.9902, 214.1,12024,-48.2,-54.5,-50.3, 49, 78, 0.11,257,36.1
2026-06-10 11:37:59,-101.9565,31.9902, 213.9,12029,-48.3,-54.6,-50.4, 48, 77, 0.11,257,36.1
2026-06-10 11:38:00,-101.9561,31.9903, 213.8,12035,-48.3,-54.7,-50.5, 48, 77, 0.11,257,36.1
2026-06-10 11:38:01,-101.9558,31.9904, 213.6,12041,-48.4,-54.7,-50.5, 48, 76, 0.11,257,36.0
2026-06-10 11:38:02,-101.9554,31.9904, 213.4,12046,-48.4,-54.8,-50.6, 47, 76, 0.11,257,36.0
2026-06-10 11:38:03,-101.9550,31.9905, 213.2,12052,-48.4,-54.9,-50.7, 47, 75, 0.11,256,36.0
2026-06-10 11:38:04,-101.9547,31.9906, 213.0,12059,-48.5,-55.0,-50.8, 47, 75, 0.10,256,36.0
2026-06-10 11:38:05,-101.9543,31.9907, 212.8,12065,-48.5,-55.1,-50.9, 46, 74, 0.10,256,36.0
2026-06-10 11:38:06,-101.9539,31.9907, 212.6,12072,-48.5,-55.2,-51.0, 46, 74, 0.10,256,36.0
2026-06-10 11:38:07,-101.9536,31.9908, 212.4,12078,-48.6,-55.3,-51.1, 46, 74, 0.10,256,35.9
2026-06-10 11:38:08,-101.9532,31.9909, 212.2,12085,-48.6,-55.4,-51.1, 46, 73, 0.10,256,35.9
2026-06-10 11:38:09,-101.9528,31.9909, 212.0,12091,-48.6,-55.5,-51.2, 45, 73, 0.10,257,35.8
2026-06-10 11:38:10,-101.9525,31.9910, 211.8,12096,-48.7,-55.5,-51.3, 45, 72, 0.10,257,35.8
2026-06-10 11:38:11,-101.9521,31.9911, 211.6,12102,-48.7,-55.6,-51.4, 45, 72, 0.10,257,35.7
2026-06-10 11:38:12,-101.9517,31.9911, 211.4,12107,-48.7,-55.7,-51.5, 44, 71, 0.10,257,35.7
2026-06-10 11:38:13,-101.9514,31.9912, 211.2,12113,-48.8,-55.8,-51.6, 44, 71, 0.10,257,35.6
2026-06-10 11:38:14,-101.9510,31.9913, 211.1,12119,-48.8,-55.9,-51.6, 44, 70, 0.09,257,35.6
2026-06-10 11:38:15,-101.9506,31.9914, 210.9,12125,-48.8,-56.0,-51.7, 43, 70, 0.09,257,35.6
2026-06-10 11:38:16,-101.9503,31.9914, 210.7,12130,-48.8,-56.1,-51.8, 43, 69, 0.09,257,35.5
2026-06-10 11:38:17,-101.9499,31.9915, 210.5,12136,-48.9,-56.1,-51.9, 43, 69, 0.09,257,35.5
2026-06-10 11:38:18,-101.9496,31.9916, 210.3,12142,-48.9,-56.2,-52.0, 42, 68, 0.09,257,35.4
2026-06-10 11:38:19,-101.9492,31.9916, 210.1,12148,-48.9,-56.3,-52.1, 42, 68, 0.09,257,35.4
2026-06-10 11:38:20,-101.9488,31.9917, 209.9,12154,-49.0,-56.4,-52.1, 42, 68, 0.09,258,35.3
2026-06-10 11:38:21,-101.9485,31.9918, 209.8,12160,-49.0,-56.5,-52.2, 42, 67, 0.09,258,35.3
2026-06-10 11:38:22,-101.9481,31.9918, 209.6,12165,-49.0,-56.6,-52.3, 41, 67, 0.09,258,35.2
2026-06-10 11:38:23,-101.9478,31.9919, 209.4,12171,-49.1,-56.7,-52.4, 41, 66, 0.09,258,35.2
2026-06-10 11:38:24,-101.9474,31.9919, 209.2,12177,-49.1,-56.8,-52.5, 41, 66, 0.09,258,35.1
2026-06-10 11:38:25,-101.9470,31.9920, 209.1,12182,-49.1,-56.8,-52.6, 40, 65, 0.09,258,35.1
2026-06-10 11:38:26,-101.9467,31.9920, 208.9,12187,-49.1,-56.9,-52.6, 40, 65, 0.08,258,35.1
2026-06-10 11:38:27,-101.9463,31.9921, 208.7,12192,-49.2,-57.0,-52.7, 40, 64, 0.08,258,35.0
2026-06-10 11:38:28,-101.9460,31.9921, 208.6,12197,-49.2,-57.1,-52.8, 39, 64, 0.08,258,34.9
2026-06-10 11:38:29,-101.9456,31.9922, 208.4,12202,-49.2,-57.2,-52.9, 39, 63, 0.08,259,34.9
2026-06-10 11:38:30,-101.9453,31.9922, 208.2,12207,-49.3,-57.3,-53.0, 39, 63, 0.08,259,34.8
2026-06-10 11:38:31,-101.9449,31.9923, 208.1,12212,-49.3,-57.4,-53.1, 39, 62, 0.08,259,34.8
2026-06-10 11:38:32,-101.9445,31.9923, 207.9,12217,-49.3,-57.5,-53.2, 38, 62, 0.08,259,34.7
2026-06-10 11:38:33,-101.9442,31.9924, 207.8,12222,-49.4,-57.6,-53.3, 38, 61, 0.08,259,34.7
2026-06-10 11:38:34,-101.9438,31.9924, 207.6,12226,-49.4,-57.7,-53.4, 38, 61, 0.08,259,34.6
2026-06-10 11:38:35,-101.9435,31.9925, 207.5,12231,-49.4,-57.8,-53.4, 37, 60, 0.08,259,34.6
2026-06-10 11:38:36,-101.9431,31.9925, 207.3,12236,-49.5,-57.9,-53.5, 37, 60, 0.08,260,34.5
2026-06-10 11:38:37,-101.9428,31.9926, 207.2,12241,-49.5,-58.0,-53.6, 37, 59, 0.07,260,34.4
2026-06-10 11:38:38,-101.9424,31.9926, 207.0,12246,-49.5,-58.1,-53.7, 36, 59, 0.07,260,34.4
2026-06-10 11:38:39,-101.9421,31.9927, 206.8,12251,-49.6,-58.2,-53.8, 36, 59, 0.07,260,34.3
2026-06-10 11:38:40,-101.9417,31.9927, 206.7,12256,-49.6,-58.3,-53.9, 36, 58, 0.07,260,34.3
2026-06-10 11:38:41,-101.9413,31.9928, 206.5,12261,-49.6,-58.4,-54.0, 36, 58, 0.07,260,34.2
2026-06-10 11:38:42,-101.9410,31.9928, 206.4,12266,-49.7,-58.5,-54.1, 35, 57, 0.07,260,34.2
2026-06-10 11:38:43,-101.9406,31.9929, 206.2,12271,-49.7,-58.6,-54.2, 35, 57, 0.07,261,34.1
2026-06-10 11:38:44,-101.9403,31.9929, 206.1,12276,-49.7,-58.7,-54.3, 35, 56, 0.07,261,34.1
2026-06-10 11:38:45,-101.9399,31.9930, 205.9,12281,-49.8,-58.8,-54.4, 34, 56, 0.07,261,34.0
2026-06-10 11:38:46,-101.9396,31.9930, 205.8,12286,-49.8,-58.9,-54.5, 34, 55, 0.07,261,34.0
2026-06-10 11:38:47,-101.9392,31.9931, 205.6,12290,-49.8,-59.0,-54.6, 34, 55, 0.07,261,34.0
2026-06-10 11:38:48,-101.9388,31.9931, 205.5,12295,-49.9,-59.1,-54.7, 33, 54, 0.07,261,34.0
2026-06-10 11:38:49,-101.9385,31.9932, 205.3,12299,-49.9,-59.2,-54.8, 33, 54, 0.06,261,34.0
2026-06-10 11:38:50,-101.9381,31.9932, 205.2,12304,-50.0,-59.3,-55.0, 33, 53, 0.06,261,34.0
2026-06-10 11:38:51,-101.9378,31.9933, 205.0,12308,-50.0,-59.4,-55.1, 32, 53, 0.06,261,33.9
2026-06-10 11:38:52,-101.9374,31.9933, 204.9,12313,-50.0,-59.5,-55.2, 32, 52, 0.06,261,33.9
2026-06-10 11:38:53,-101.9371,31.9934, 204.8,12317,-50.1,-59.7,-55.3, 32, 52, 0.06,261,33.9
2026-06-10 11:38:54,-101.9367,31.9934, 204.6,12322,-50.1,-59.8,-55.4, 31, 51, 0.06,261,33.9
2026-06-10 11:38:55,-101.9364,31.9935, 204.5,12327,-50.2,-59.9,-55.5, 31, 51, 0.06,261,33.9
2026-06-10 11:38:56,-101.9360,31.9935, 204.3,12332,-50.2,-60.0,-55.6, 31, 50, 0.06,261,33.9
2026-06-10 11:38:57,-101.9357,31.9936, 204.2,12337,-50.2,-60.1,-55.7, 31, 50, 0.06,261,33.9
2026-06-10 11:38:58,-101.9353,31.9936, 204.0,12341,-50.3,-60.2,-55.9, 30, 49, 0.06,261,33.9
2026-06-10 11:38:59,-101.9350,31.9937, 203.9,12346,-50.3,-60.4,-56.0, 30, 49, 0.06,261,33.9
2026-06-10 11:39:00,-101.9346,31.9937, 203.7,12351,-50.4,-60.5,-56.1, 30, 48, 0.06,261,33.9
2026-06-10 11:39:01,-101.9343,31.9938, 203.5,12356,-50.4,-60.6,-56.2, 29, 48, 0.05,261,33.9
2026-06-10 11:39:02,-101.9339,31.9938, 203.4,12361,-50.5,-60.7,-56.3, 29, 47, 0.05,261,33.9
2026-06-10 11:39:03,-101.9336,31.9939, 203.2,12366,-50.5,-60.9,-56.5, 29, 47, 0.05,261,33.9
2026-06-10 11:39:04,-101.9332,31.9939, 203.1,12370,-50.5,-61.0,-56.6, 28, 46, 0.05,261,33.9
2026-06-10 11:39:05,-101.9329,31.9940, 202.9,12375,-50.6,-61.1,-56.7, 28, 46, 0.05,261,33.9
2026-06-10 11:39:06,-101.9325,31.9940, 202.8,12380,-50.6,-61.2,-56.8, 28, 45, 0.05,261,33.9
2026-06-10 11:39:07,-101.9322,31.9941, 202.6,12385,-50.7,-61.4,-57.0, 27, 45, 0.05,261,33.9
2026-06-10 11:39:08,-101.9318,31.9941, 202.5,12390,-50.7,-61.5,-57.1, 27, 44, 0.05,261,33.8
2026-06-10 11:39:09,-101.9315,31.9942, 202.3,12395,-50.8,-61.6,-57.2, 27, 44, 0.05,261,33.8
2026-06-10 11:39:10,-101.9311,31.9942, 202.2,12400,-50.8,-61.8,-57.3, 26, 43, 0.05,261,33.8
2026-06-10 11:39:11,-101.9308,31.9943, 202.0,12405,-50.9,-61.9,-57.5, 26, 43, 0.05,261,33.8
2026-06-10 11:39:12,-101.9304,31.9943, 201.9,12409,-50.9,-62.0,-57.6, 26, 42, 0.05,260,33.7
2026-06-10 11:39:13,-101.9301,31.9944, 201.7,12414,-51.0,-62.2,-57.7, 26, 42, 0.05,260,33.7
2026-06-10 11:39:14,-101.9297,31.9944, 201.6,12419,-51.0,-62.3,-57.9, 25, 41, 0.04,260,33.7
2026-06-10 11:39:15,-101.9294,31.9944, 201.4,12424,-51.0,-62.5,-58.0, 25, 41, 0.04,260,33.7
2026-06-10 11:39:16,-101.9290,31.9945, 201.3,12429,-51.1,-62.6,-58.1, 25, 40, 0.04,260,33.6
2026-06-10 11:39:17,-101.9287,31.9945, 201.1,12434,-51.1,-62.7,-58.3, 24, 40, 0.04,260,33.6
2026-06-10 11:39:18,-101.9283,31.9946, 201.0,12439,-51.2,-62.9,-58.4, 24, 39, 0.04,260,33.6
2026-06-10 11:39:19,-101.9280,31.9946, 200.8,12444,-51.2,-63.0,-58.6, 24, 39, 0.04,260,33.6
2026-06-10 11:39:20,-101.9276,31.9947, 200.7,12449,-51.3,-63.2,-58.7, 23, 38, 0.04,260,33.5
2026-06-10 11:39:21,-101.9273,31.9947, 200.5,12454,-51.3,-63.3,-58.8, 23, 38, 0.04,260,33.5
2026-06-10 11:39:22,-101.9269,31.9948, 200.3,12459,-51.4,-63.5,-59.0, 23, 37, 0.04,260,33.5
2026-06-10 11:39:23,-101.9266,31.9948, 200.2,12464,-51.4,-63.6,-59.1, 22, 37, 0.04,260,33.5
2026-06-10 11:39:24,-101.9263,31.9949, 200.0,12470,-51.5,-63.8,-59.3, 22, 36, 0.04,260,33.4
2026-06-10 11:39:25,-101.9259,31.9949, 199.8,12475,-51.5,-63.9,-59.4, 22, 36, 0.04,260,33.4
2026-06-10 11:39:26,-101.9256,31.9950, 199.7,12480,-51.6,-64.1,-59.6, 21, 35, 0.04,260,33.4
2026-06-10 11:39:27,-101.9252,31.9950, 199.5,12486,-51.6,-64.2,-59.7, 21, 35, 0.03,260,33.4
2026-06-10 11:39:28,-101.9249,31.9951, 199.4,12491,-51.6,-64.4,-59.9, 21, 34, 0.03,260,33.4
2026-06-10 11:39:29,-101.9245,31.9951, 199.2,12497,-51.7,-64.5,-60.0, 20, 34, 0.03,260,33.3
2026-06-10 11:39:30,-101.9242,31.9952, 199.0,12503,-51.7,-64.7,-60.2, 20, 33, 0.03,260,33.3
2026-06-10 11:39:31,-101.9239,31.9952, 198.8,12508,-51.8,-64.8,-60.3, 20, 33, 0.03,260,33.3
2026-06-10 11:39:32,-101.9235,31.9953, 198.7,12514,-51.8,-65.0,-60.5, 19, 32, 0.03,260,33.3
2026-06-10 11:39:33,-101.9232,31.9953, 198.5,12520,-51.8,-65.1,-60.6, 19, 32, 0.03,260,33.2
2026-06-10 11:39:34,-101.9228,31.9954, 198.3,12526,-51.9,-65.3,-60.8, 19, 31, 0.03,260,33.2
2026-06-10 11:39:35,-101.9225,31.9954, 198.1,12531,-51.9,-65.5,-60.9, 18, 31, 0.03,260,33.2
2026-06-10 11:39:36,-101.9222,31.9954, 198.0,12537,-51.9,-65.6,-61.1, 18, 30, 0.03,260,33.2
2026-06-10 11:39:37,-101.9218,31.9955, 197.8,12542,-52.0,-65.8,-61.3, 18, 30, 0.03,260,33.1
2026-06-10 11:39:38,-101.9215,31.9955, 197.6,12548,-52.0,-65.9,-61.4, 18, 29, 0.03,260,33.1
2026-06-10 11:39:39,-101.9211,31.9956, 197.4,12554,-52.0,-66.0,-61.5, 17, 29, 0.03,260,33.1
2026-06-10 11:39:40,-101.9208,31.9956, 197.3,12560,-52.1,-66.1,-61.5, 17, 29, 0.03,260,33.1
2026-06-10 11:39:41,-101.9204,31.9957, 197.1,12566,-52.1,-66.2,-61.6, 17, 29, 0.03,260,33.0
2026-06-10 11:39:42,-101.9201,31.9957, 196.9,12572,-52.1,-66.2,-61.7, 17, 28, 0.03,260,33.0
2026-06-10 11:39:43,-101.9198,31.9958, 196.7,12578,-52.2,-66.3,-61.7, 17, 28, 0.03,260,33.0
2026-06-10 11:39:44,-101.9194,31.9958, 196.5,12584,-52.2,-66.4,-61.8, 17, 28, 0.03,260,33.0
2026-06-10 11:39:45,-101.9191,31.9959, 196.4,12590,-52.2,-66.4,-61.9, 17, 28, 0.03,260,32.9
2026-06-10 11:39:46,-101.9187,31.9959, 196.2,12595,-52.2,-66.5,-62.0, 17, 28, 0.03,260,32.9
2026-06-10 11:39:47,-101.9184,31.9960, 196.0,12601,-52.3,-66.6,-62.0, 17, 28, 0.03,261,32.9
2026-06-10 11:39:48,-101.9180,31.9960, 195.9,12606,-52.3,-66.7,-62.1, 16, 27, 0.03,261,32.9
2026-06-10 11:39:49,-101.9177,31.9961, 195.7,12611,-52.3,-66.7,-62.2, 16, 27, 0.03,261,32.8
2026-06-10 11:39:50,-101.9174,31.9961, 195.5,12617,-52.3,-66.8,-62.2, 16, 27, 0.03,261,32.8
2026-06-10 11:39:51,-101.9170,31.9961, 195.4,12622,-52.4,-66.9,-62.3, 16, 27, 0.03,261,32.8
2026-06-10 11:39:52,-101.9167,31.9962, 195.2,12628,-52.4,-66.9,-62.4, 16, 27, 0.02,261,32.7
2026-06-10 11:39:53,-101.9162,31.9962, 195.0,12633,-52.4,-67.0,-62.4, 16, 26, 0.02,261,32.7
2026-06-10 11:39:54,-101.9160,31.9962, 194.8,12641,-52.4,-67.1,-62.5, 16, 26, 0.02,262,32.6
2026-06-10 11:39:55,-101.9156,31.9963, 194.7,12644,-52.5,-67.1,-62.5, 16, 26, 0.02,262,32.6
2026-06-10 11:39:56,-101.9153,31.9963, 194.5,12649,-52.5,-67.1,-62.5, 16, 26, 0.02,262,32.6
2026-06-10 11:39:57,-101.9149,31.9963, 194.4,12655,-52.5,-67.1,-62.5, 16, 26, 0.02,262,32.5
2026-06-10 11:39:58,-101.9146,31.9964, 194.2,12660,-52.5,-67.1,-62.5, 16, 27, 0.02,262,32.5
2026-06-10 11:39:59,-101.9142,31.9964, 194.0,12666,-52.5,-67.1,-62.6, 16, 27, 0.02,262,32.5
2026-06-10 11:40:00,-101.9139,31.9964, 193.9,12671,-52.6,-67.1,-62.6, 16, 27, 0.02,262,32.5
2026-06-10 11:40:01,-101.9135,31.9964, 193.7,12677,-52.6,-67.1,-62.6, 16, 27, 0.02,263,32.4
2026-06-10 11:40:02,-101.9132,31.9965, 193.6,12682,-52.6,-67.1,-62.6, 16, 27, 0.02,263,32.4
2026-06-10 11:40:03,-101.9128,31.9965, 193.4,12688,-52.6,-67.1,-62.6, 16, 27, 0.02,263,32.4
2026-06-10 11:40:04,-101.9125,31.9965, 193.2,12693,-52.7,-67.1,-62.6, 16, 27, 0.02,263,32.3
2026-06-10 11:40:05,-101.9121,31.9965, 193.1,12699,-52.7,-67.1,-62.6, 16, 27, 0.02,263,32.3
2026-06-10 11:40:06,-101.9118,31.9966, 192.9,12704,-52.7,-67.1,-62.6, 16, 27, 0.02,263,32.3
2026-06-10 11:40:07,-101.9114,31.9966, 192.7,12710,-52.7,-67.1,-62.6, 16, 27, 0.02,263,32.3
2026-06-10 11:40:08,-101.9111,31.9966, 192.6,12715,-52.8,-67.1,-62.6, 16, 27, 0.02,264,32.4
2026-06-10 11:40:09,-101.9107,31.9967, 192.4,12720,-52.8,-67.1,-62.5, 16, 27, 0.02,264,32.5
2026-06-10 11:40:10,-101.9104,31.9967, 192.3,12725,-52.8,-67.1,-62.5, 17, 28, 0.02,264,32.6
2026-06-10 11:40:11,-101.9101,31.9967, 192.1,12730,-52.9,-67.1,-62.5, 17, 28, 0.02,264,32.7
2026-06-10 11:40:12,-101.9097,31.9967, 192.0,12736,-52.9,-67.1,-62.5, 17, 28, 0.02,264,32.7
2026-06-10 11:40:13,-101.9094,31.9968, 191.8,12741,-53.0,-67.1,-62.5, 17, 28, 0.02,264,32.8
2026-06-10 11:40:14,-101.9090,31.9968, 191.7,12746,-53.0,-67.0,-62.5, 17, 28, 0.02,264,32.9
2026-06-10 11:40:15,-101.9087,31.9968, 191.5,12751,-53.0,-67.0,-62.5, 17, 29, 0.03,264,33.0
2026-06-10 11:40:16,-101.9083,31.9968, 191.4,12756,-53.1,-67.0,-62.4, 17, 29, 0.03,264,33.1
2026-06-10 11:40:17,-101.9080,31.9969, 191.2,12761,-53.1,-67.0,-62.4, 17, 29, 0.03,264,33.2
2026-06-10 11:40:18,-101.9076,31.9969, 191.1,12766,-53.1,-67.0,-62.4, 17, 29, 0.03,264,33.2
2026-06-10 11:40:19,-101.9073,31.9969, 190.9,12771,-53.2,-67.0,-62.4, 18, 29, 0.03,264,33.3
2026-06-10 11:40:20,-101.9069,31.9970, 190.8,12775,-53.2,-67.0,-62.4, 18, 30, 0.03,264,33.4
2026-06-10 11:40:21,-101.9066,31.9970, 190.6,12780,-53.3,-67.0,-62.4, 18, 30, 0.03,264,33.5
2026-06-10 11:40:22,-101.9062,31.9970, 190.5,12785,-53.3,-66.9,-62.4, 18, 30, 0.03,265,33.6
2026-06-10 11:40:23,-101.9059,31.9970, 190.3,12790,-53.3,-66.9,-62.3, 18, 30, 0.03,265,33.6
2026-06-10 11:40:24,-101.9055,31.9971, 190.2,12795,-53.4,-66.8,-62.3, 18, 31, 0.03,265,33.7
2026-06-10 11:40:25,-101.9051,31.9971, 190.1,12800,-53.4,-66.8,-62.2, 18, 31, 0.03,265,33.8
2026-06-10 11:40:26,-101.9048,31.9971, 189.9,12804,-53.4,-66.8,-62.2, 19, 31, 0.03,265,33.9
2026-06-10 11:40:27,-101.9044,31.9971, 189.8,12809,-53.5,-66.7,-62.2, 19, 32, 0.03,265,33.9
2026-06-10 11:40:28,-101.9040,31.9972, 189.7,12813,-53.5,-66.7,-62.1, 19, 32, 0.03,265,34.0
2026-06-10 11:40:29,-101.9037,31.9972, 189.5,12818,-53.6,-66.7,-62.1, 19, 32, 0.03,265,34.0
2026-06-10 11:40:30,-101.9033,31.9972, 189.4,12823,-53.6,-66.6,-62.1, 19, 32, 0.03,265,34.1
2026-06-10 11:40:31,-101.9029,31.9972, 189.3,12827,-53.6,-66.6,-62.0, 19, 33, 0.03,265,34.1
2026-06-10 11:40:32,-101.9026,31.9973, 189.1,12831,-53.7,-66.6,-62.0, 20, 33, 0.03,265,34.1
2026-06-10 11:40:33,-101.9022,31.9973, 189.0,12836,-53.7,-66.5,-62.0, 20, 33, 0.03,265,34.2
2026-06-10 11:40:34,-101.9018,31.9973, 188.9,12840,-53.7,-66.5,-61.9, 20, 34, 0.03,265,34.2
2026-06-10 11:40:35,-101.9015,31.9973, 188.7,12845,-53.8,-66.5,-61.9, 20, 34, 0.03,265,34.3
2026-06-10 11:40:36,-101.9011,31.9974, 188.6,12850,-53.8,-66.5,-61.9, 20, 34, 0.03,265,34.3
2026-06-10 11:40:37,-101.9007,31.9974, 188.4,12855,-53.9,-66.5,-61.9, 20, 34, 0.03,265,34.3
2026-06-10 11:40:38,-101.9004,31.9974, 188.3,12860,-53.9,-66.5,-61.9, 20, 34, 0.03,265,34.4
2026-06-10 11:40:39,-101.9000,31.9974, 188.1,12865,-53.9,-66.5,-61.9, 20, 35, 0.03,265,34.4
2026-06-10 11:40:40,-101.8996,31.9975, 188.0,12870,-54.0,-66.5,-61.9, 21, 35, 0.03,265,34.5
2026-06-10 11:40:41,-101.8993,31.9975, 187.9,12875,-54.0,-66.5,-61.9, 21, 35, 0.03,265,34.5
2026-06-10 11:40:42,-101.8989,31.9975, 187.7,12879,-54.1,-66.5,-61.9, 21, 35, 0.03,265,34.6
2026-06-10 11:40:43,-101.8985,31.9975, 187.6,12884,-54.1,-66.5,-61.9, 21, 35, 0.03,265,34.6
2026-06-10 11:40:44,-101.8982,31.9976, 187.4,12889,-54.1,-66.5,-61.9, 21, 36, 0.03,266,34.6
2026-06-10 11:40:45,-101.8978,31.9976, 187.3,12894,-54.2,-66.5,-61.9, 21, 36, 0.03,266,34.7
2026-06-10 11:40:46,-101.8974,31.9976, 187.1,12899,-54.2,-66.5,-61.9, 21, 36, 0.03,266,34.7
2026-06-10 11:40:47,-101.8970,31.9977, 187.0,12904,-54.3,-66.5,-61.9, 21, 36, 0.03,266,34.7
2026-06-10 11:40:48,-101.8967,31.9977, 186.8,12910,-54.3,-66.5,-61.9, 21, 36, 0.03,265,34.8
2026-06-10 11:40:49,-101.8963,31.9977, 186.7,12914,-54.3,-66.5,-62.0, 21, 36, 0.03,265,34.8
2026-06-10 11:40:50,-101.8960,31.9977, 186.6,12919,-54.4,-66.6,-62.0, 21, 36, 0.03,265,34.8
2026-06-10 11:40:51,-101.8956,31.9978, 186.4,12924,-54.4,-66.6,-62.0, 21, 36, 0.03,265,34.8
2026-06-10 11:40:52,-101.8952,31.9978, 186.3,12929,-54.5,-66.6,-62.1, 21, 36, 0.03,265,34.8
2026-06-10 11:40:53,-101.8949,31.9978, 186.1,12934,-54.5,-66.7,-62.1, 21, 36, 0.03,265,34.8
2026-06-10 11:40:54,-101.8945,31.9978, 186.0,12939,-54.5,-66.7,-62.2, 21, 36, 0.03,265,34.8
2026-06-10 11:40:55,-101.8941,31.9979, 185.8,12945,-54.6,-66.8,-62.2, 21, 36, 0.03,265,34.9
2026-06-10 11:40:56,-101.8938,31.9979, 185.7,12950,-54.6,-66.8,-62.2, 21, 36, 0.03,265,34.9
2026-06-10 11:40:57,-101.8934,31.9979, 185.5,12955,-54.7,-66.8,-62.3, 21, 36, 0.03,265,34.9
2026-06-10 11:40:58,-101.8930,31.9980, 185.3,12961,-54.7,-66.9,-62.3, 21, 36, 0.03,265,34.9
2026-06-10 11:40:59,-101.8926,31.9980, 185.2,12966,-54.8,-66.9,-62.3, 21, 36, 0.03,265,34.9
2026-06-10 11:41:00,-101.8923,31.9980, 185.0,12971,-54.8,-66.9,-62.4, 21, 36, 0.03,265,34.9
2026-06-10 11:41:01,-101.8919,31.9981, 184.9,12977,-54.8,-67.0,-62.4, 21, 36, 0.03,265,35.0
2026-06-10 11:41:02,-101.8915,31.9981, 184.7,12982,-54.9,-67.0,-62.4, 21, 36, 0.03,265,35.0
2026-06-10 11:41:03,-101.8911,31.9981, 184.6,12987,-54.9,-67.0,-62.4, 21, 37, 0.03,265,35.0
2026-06-10 11:41:04,-101.8908,31.9982, 184.4,12993,-55.0,-67.0,-62.5, 22, 37, 0.03,265,35.0
2026-06-10 11:41:05,-101.8904,31.9982, 184.3,12998,-55.0,-67.0,-62.5, 22, 37, 0.03,265,35.0
2026-06-10 11:41:06,-101.8900,31.9982, 184.1,13003,-55.1,-67.0,-62.5, 22, 37, 0.03,265,35.0
2026-06-10 11:41:07,-101.8896,31.9982, 184.0,13008,-55.1,-67.0,-62.5, 22, 37, 0.03,265,35.1
2026-06-10 11:41:08,-101.8893,31.9983, 183.8,13013,-55.2,-67.0,-62.5, 22, 38, 0.03,265,35.1
2026-06-10 11:41:09,-101.8889,31.9983, 183.7,13019,-55.2,-67.0,-62.5, 22, 38, 0.03,264,35.2
2026-06-10 11:41:10,-101.8885,31.9983, 183.5,13024,-55.3,-67.1,-62.5, 22, 38, 0.03,264,35.2
2026-06-10 11:41:11,-101.8882,31.9984, 183.4,13029,-55.3,-67.1,-62.5, 22, 38, 0.03,264,35.3
2026-06-10 11:41:12,-101.8878,31.9984, 183.2,13035,-55.4,-67.1,-62.5, 22, 39, 0.03,264,35.3
2026-06-10 11:41:13,-101.8874,31.9984, 183.1,13040,-55.4,-67.1,-62.5, 23, 39, 0.03,264,35.4
2026-06-10 11:41:14,-101.8870,31.9985, 182.9,13045,-55.5,-67.1,-62.5, 23, 39, 0.03,264,35.4
2026-06-10 11:41:15,-101.8867,31.9985, 182.7,13051,-55.5,-67.1,-62.5, 23, 39, 0.03,264,35.5
2026-06-10 11:41:16,-101.8863,31.9985, 182.6,13056,-55.6,-67.1,-62.5, 23, 39, 0.03,264,35.5
2026-06-10 11:41:17,-101.8859,31.9986, 182.4,13062,-55.6,-67.1,-62.5, 23, 40, 0.03,264,35.6
2026-06-10 11:41:18,-101.8855,31.9986, 182.3,13068,-55.7,-67.1,-62.5, 23, 40, 0.03,264,35.6
2026-06-10 11:41:19,-101.8852,31.9986, 182.1,13073,-55.7,-67.1,-62.5, 23, 40, 0.03,264,35.7
2026-06-10 11:41:20,-101.8848,31.9987, 181.9,13079,-55.8,-67.1,-62.5, 24, 40, 0.03,264,35.7
2026-06-10 11:41:21,-101.8844,31.9987, 181.8,13085,-55.8,-67.1,-62.5, 24, 41, 0.03,264,35.8
2026-06-10 11:41:22,-101.8840,31.9987, 181.6,13090,-55.9,-67.1,-62.5, 24, 41, 0.03,264,35.8
2026-06-10 11:41:23,-101.8837,31.9988, 181.5,13096,-55.9,-67.1,-62.5, 24, 41, 0.03,264,35.9
2026-06-10 11:41:24,-101.8833,31.9988, 181.3,13101,-56.0,-67.1,-62.5, 24, 41, 0.03,264,35.9
2026-06-10 11:41:25,-101.8829,31.9988, 181.2,13106,-56.0,-67.1,-62.5, 24, 42, 0.03,264,36.0
2026-06-10 11:41:26,-101.8826,31.9989, 181.0,13112,-56.1,-67.1,-62.5, 24, 42, 0.03,264,36.0
2026-06-10 11:41:27,-101.8822,31.9989, 180.9,13117,-56.1,-67.1,-62.5, 24, 42, 0.03,264,36.0
2026-06-10 11:41:28,-101.8818,31.9989, 180.7,13122,-56.2,-67.1,-62.5, 25, 42, 0.03,264,35.9
2026-06-10 11:41:29,-101.8814,31.9990, 180.6,13126,-56.2,-67.1,-62.5, 25, 43, 0.03,264,35.9
2026-06-10 11:41:30,-101.8811,31.9990, 180.5,13131,-56.2,-67.1,-62.5, 25, 43, 0.03,264,35.8
2026-06-10 11:41:31,-101.8807,31.9991, 180.3,13136,-56.3,-67.1,-62.5, 25, 43, 0.03,264,35.8
2026-06-10 11:41:32,-101.8803,31.9991, 180.2,13140,-56.3,-67.0,-62.5, 25, 44, 0.03,264,35.7
2026-06-10 11:41:33,-101.8800,31.9991, 180.0,13145,-56.4,-67.0,-62.5, 25, 44, 0.03,264,35.7
2026-06-10 11:41:34,-101.8796,31.9992, 179.9,13150,-56.4,-67.0,-62.5, 26, 44, 0.03,264,35.6
2026-06-10 11:41:35,-101.8792,31.9992, 179.8,13155,-56.4,-67.0,-62.4, 26, 45, 0.03,264,35.6
2026-06-10 11:41:36,-101.8789,31.9992, 179.6,13160,-56.5,-67.0,-62.4, 26, 45, 0.03,263,35.5
2026-06-10 11:41:37,-101.8785,31.9993, 179.5,13165,-56.5,-67.0,-62.4, 26, 45, 0.03,263,35.5
2026-06-10 11:41:38,-101.8781,31.9993, 179.4,13170,-56.6,-67.0,-62.4, 26, 46, 0.03,263,35.4
2026-06-10 11:41:39,-101.8777,31.9994, 179.2,13175,-56.6,-67.0,-62.4, 26, 46, 0.03,263,35.4
2026-06-10 11:41:40,-101.8774,31.9994, 179.1,13180,-56.7,-67.0,-62.4, 27, 46, 0.03,263,35.3
2026-06-10 11:41:41,-101.8770,31.9994, 178.9,13185,-56.7,-67.0,-62.4, 27, 46, 0.03,263,35.3
2026-06-10 11:41:42,-101.8766,31.9995, 178.8,13189,-56.7,-67.0,-62.4, 27, 47, 0.03,263,35.2
2026-06-10 11:41:43,-101.8763,31.9995, 178.7,13194,-56.8,-67.0,-62.4, 27, 47, 0.03,263,35.2
2026-06-10 11:41:44,-101.8759,31.9996, 178.6,13198,-56.8,-67.0,-62.4, 27, 47, 0.03,263,35.1
2026-06-10 11:41:45,-101.8755,31.9996, 178.4,13203,-56.8,-67.0,-62.5, 27, 47, 0.03,263,35.1
2026-06-10 11:41:46,-101.8752,31.9996, 178.3,13207,-56.9,-67.1,-62.5, 27, 47, 0.03,263,35.0
2026-06-10 11:41:47,-101.8748,31.9997, 178.2,13211,-56.9,-67.1,-62.5, 27, 47, 0.03,263,35.0
2026-06-10 11:41:48,-101.8744,31.9997, 178.1,13216,-56.9,-67.1,-62.6, 27, 47, 0.03,263,35.1
2026-06-10 11:41:49,-101.8741,31.9997, 177.9,13220,-56.9,-67.2,-62.6, 27, 47, 0.03,263,35.1
2026-06-10 11:41:50,-101.8737,31.9998, 177.8,13225,-57.0,-67.2,-62.6, 27, 47, 0.03,263,35.1
2026-06-10 11:41:51,-101.8733,31.9998, 177.7,13229,-57.0,-67.2,-62.6, 27, 47, 0.03,263,35.1
2026-06-10 11:41:52,-101.8729,31.9999, 177.5,13234,-57.0,-67.2,-62.7, 27, 47, 0.03,263,35.1
2026-06-10 11:41:53,-101.8726,31.9999, 177.4,13238,-57.1,-67.3,-62.7, 27, 47, 0.03,263,35.1
2026-06-10 11:41:54,-101.8722,31.9999, 177.3,13243,-57.1,-67.3,-62.7, 27, 47, 0.03,263,35.1
2026-06-10 11:41:55,-101.8718,32.0000, 177.2,13248,-57.1,-67.3,-62.8, 27, 47, 0.03,263,35.1
2026-06-10 11:41:56,-101.8715,32.0000, 177.0,13252,-57.2,-67.4,-62.8, 27, 46, 0.03,263,35.1
2026-06-10 11:41:57,-101.8711,32.0000, 176.9,13257,-57.2,-67.5,-62.9, 26, 46, 0.03,263,35.1
2026-06-10 11:41:58,-101.8707,32.0001, 176.8,13262,-57.2,-67.6,-63.0, 26, 46, 0.03,263,35.1
2026-06-10 11:41:59,-101.8704,32.0001, 176.6,13266,-57.2,-67.6,-63.1, 26, 45, 0.03,263,35.2
2026-06-10 11:42:00,-101.8700,32.0001, 176.5,13271,-57.3,-67.7,-63.1, 26, 45, 0.02,263,35.2
2026-06-10 11:42:01,-101.8696,32.0001, 176.4,13276,-57.3,-67.8,-63.2, 26, 45, 0.02,263,35.2
2026-06-10 11:42:02,-101.8693,32.0002, 176.3,13280,-57.3,-67.9,-63.3, 25, 44, 0.02,263,35.2
2026-06-10 11:42:03,-101.8689,32.0002, 176.1,13285,-57.4,-68.0,-63.4, 25, 44, 0.02,263,35.2
2026-06-10 11:42:04,-101.8685,32.0002, 176.0,13290,-57.4,-68.0,-63.4, 25, 44, 0.02,263,35.2
2026-06-10 11:42:05,-101.8682,32.0003, 175.9,13294,-57.4,-68.1,-63.5, 25, 44, 0.02,263,35.2
2026-06-10 11:42:06,-101.8678,32.0003, 175.7,13299,-57.4,-68.2,-63.6, 25, 43, 0.02,263,35.2
2026-06-10 11:42:07,-101.8674,32.0003, 175.6,13304,-57.5,-68.3,-63.7, 25, 43, 0.02,263,35.2
2026-06-10 11:42:08,-101.8671,32.0004, 175.5,13308,-57.5,-68.4,-63.8, 24, 43, 0.02,263,35.1
2026-06-10 11:42:09,-101.8667,32.0004, 175.4,13313,-57.5,-68.4,-63.8, 24, 42, 0.02,263,35.1
2026-06-10 11:42:10,-101.8663,32.0004, 175.2,13317,-57.6,-68.5,-63.9, 24, 42, 0.02,263,35.0
2026-06-10 11:42:11,-101.8660,32.0005, 175.1,13321,-57.6,-68.5,-63.9, 24, 42, 0.02,263,35.0
2026-06-10 11:42:12,-101.8656,32.0005, 175.0,13326,-57.6,-68.6,-64.0, 24, 42, 0.02,263,34.9
2026-06-10 11:42:13,-101.8652,32.0005, 174.9,13330,-57.7,-68.6,-64.0, 24, 42, 0.02,263,34.9
2026-06-10 11:42:14,-101.8649,32.0006, 174.7,13335,-57.7,-68.7,-64.1, 24, 42, 0.02,264,34.8
2026-06-10 11:42:15,-101.8645,32.0006, 174.6,13339,-57.8,-68.7,-64.1, 24, 42, 0.02,264,34.8
2026-06-10 11:42:16,-101.8641,32.0006, 174.5,13344,-57.8,-68.8,-64.2, 24, 42, 0.02,264,34.8
2026-06-10 11:42:17,-101.8638,32.0007, 174.4,13348,-57.8,-68.8,-64.2, 24, 42, 0.02,264,34.7
2026-06-10 11:42:18,-101.8634,32.0007, 174.2,13353,-57.9,-68.9,-64.3, 24, 42, 0.02,264,34.7
2026-06-10 11:42:19,-101.8630,32.0007, 174.1,13357,-57.9,-68.9,-64.3, 24, 42, 0.02,264,34.6
2026-06-10 11:42:20,-101.8627,32.0008, 174.0,13362,-58.0,-69.0,-64.4, 24, 42, 0.02,264,34.6
2026-06-10 11:42:21,-101.8623,32.0008, 173.9,13366,-58.0,-69.0,-64.4, 24, 42, 0.02,264,34.5
2026-06-10 11:42:22,-101.8620,32.0008, 173.7,13371,-58.0,-69.1,-64.4, 24, 42, 0.02,264,34.5
2026-06-10 11:42:23,-101.8616,32.0008, 173.6,13376,-58.1,-69.1,-64.5, 24, 41, 0.02,265,34.4
2026-06-10 11:42:24,-101.8612,32.0009, 173.5,13380,-58.1,-69.1,-64.5, 24, 42, 0.02,265,34.4
2026-06-10 11:42:25,-101.8609,32.0009, 173.4,13385,-58.1,-69.2,-64.6, 24, 42, 0.02,265,34.3
2026-06-10 11:42:26,-101.8605,32.0009, 173.2,13389,-58.2,-69.2,-64.6, 24, 42, 0.02,265,34.3
2026-06-10 11:42:27,-101.8601,32.0009, 173.1,13394,-58.2,-69.2,-64.6, 24, 42, 0.02,265,34.3
2026-06-10 11:42:28,-101.8598,32.0010, 173.0,13398,-58.3,-69.3,-64.7, 24, 42, 0.02,265,34.4
2026-06-10 11:42:29,-101.8594,32.0010, 172.9,13403,-58.3,-69.3,-64.7, 24, 42, 0.02,265,34.4
2026-06-10 11:42:30,-101.8590,32.0010, 172.7,13407,-58.3,-69.3,-64.7, 24, 42, 0.02,265,34.5
2026-06-10 11:42:31,-101.8587,32.0010, 172.6,13412,-58.4,-69.4,-64.8, 24, 42, 0.02,265,34.6
2026-06-10 11:42:32,-101.8583,32.0010, 172.5,13416,-58.4,-69.4,-64.8, 24, 42, 0.02,265,34.6
2026-06-10 11:42:33,-101.8580,32.0011, 172.4,13421,-58.5,-69.5,-64.8, 24, 42, 0.02,265,34.7
2026-06-10 11:42:34,-101.8576,32.0011, 172.2,13425,-58.5,-69.5,-64.9, 24, 42, 0.02,265,34.7
2026-06-10 11:42:35,-101.8572,32.0011, 172.1,13430,-58.5,-69.5,-64.9, 24, 42, 0.02,265,34.8
2026-06-10 11:42:36,-101.8569,32.0011, 172.0,13434,-58.6,-69.6,-65.0, 24, 42, 0.02,265,34.8
2026-06-10 11:42:37,-101.8565,32.0011, 171.9,13439,-58.6,-69.6,-65.0, 23, 41, 0.02,265,34.9
2026-06-10 11:42:38,-101.8562,32.0012, 171.7,13443,-58.7,-69.7,-65.1, 23, 41, 0.02,265,34.9
2026-06-10 11:42:39,-101.8558,32.0012, 171.6,13448,-58.7,-69.7,-65.1, 23, 41, 0.02,266,35.0
2026-06-10 11:42:40,-101.8554,32.0012, 171.5,13453,-58.7,-69.8,-65.2, 23, 41, 0.02,266,35.0
2026-06-10 11:42:41,-101.8551,32.0012, 171.4,13457,-58.8,-69.8,-65.2, 23, 41, 0.02,266,35.1
2026-06-10 11:42:42,-101.8547,32.0012, 171.2,13462,-58.8,-69.9,-65.3, 23, 41, 0.02,266,35.1
2026-06-10 11:42:43,-101.8543,32.0013, 171.1,13467,-58.8,-69.9,-65.3, 23, 41, 0.02,266,35.2
2026-06-10 11:42:44,-101.8540,32.0013, 171.0,13471,-58.9,-70.0,-65.4, 23, 41, 0.02,266,35.2
2026-06-10 11:42:45,-101.8536,32.0013, 170.9,13476,-58.9,-70.0,-65.4, 23, 41, 0.02,266,35.3
2026-06-10 11:42:46,-101.8533,32.0013, 170.7,13481,-59.0,-70.1,-65.5, 23, 41, 0.02,266,35.3
2026-06-10 11:42:47,-101.8529,32.0014, 170.6,13485,-59.0,-70.1,-65.5, 23, 41, 0.02,266,35.2
2026-06-10 11:42:48,-101.8525,32.0014, 170.5,13490,-59.0,-70.2,-65.6, 23, 41, 0.02,266,35.1
2026-06-10 11:42:49,-101.8522,32.0014, 170.3,13495,-59.1,-70.2,-65.6, 23, 40, 0.02,266,35.0
2026-06-10 11:42:50,-101.8518,32.0014, 170.2,13500,-59.1,-70.3,-65.7, 23, 40, 0.02,266,34.9
2026-06-10 11:42:51,-101.8515,32.0014, 170.1,13504,-59.1,-70.4,-65.7, 23, 40, 0.02,266,34.7
2026-06-10 11:42:52,-101.8511,32.0015, 170.0,13509,-59.2,-70.4,-65.8, 22, 40, 0.02,266,34.6
2026-06-10 11:42:53,-101.8507,32.0015, 169.8,13513,-59.2,-70.5,-65.9, 22, 40, 0.02,266,34.5
2026-06-10 11:42:54,-101.8504,32.0015, 169.7,13518,-59.2,-70.6,-65.9, 22, 39, 0.02,266,34.4
2026-06-10 11:42:55,-101.8500,32.0015, 169.6,13522,-59.3,-70.6,-66.0, 22, 39, 0.02,266,34.3
2026-06-10 11:42:56,-101.8496,32.0015, 169.5,13527,-59.3,-70.7,-66.1, 22, 39, 0.02,266,34.2
2026-06-10 11:42:57,-101.8493,32.0016, 169.4,13531,-59.3,-70.8,-66.1, 22, 39, 0.02,266,34.0
2026-06-10 11:42:58,-101.8490,32.0016, 169.2,13535,-59.4,-70.9,-66.2, 22, 39, 0.02,266,33.9
2026-06-10 11:42:59,-101.8487,32.0016, 169.1,13540,-59.4,-70.9,-66.3, 22, 38, 0.02,266,33.8
2026-06-10 11:43:00,-101.8483,32.0016, 169.0,13544,-59.4,-71.0,-66.4, 21, 38, 0.02,266,33.7
2026-06-10 11:43:01,-101.8480,32.0016, 168.9,13549,-59.5,-71.1,-66.4, 21, 38, 0.02,266,33.6
2026-06-10 11:43:02,-101.8477,32.0016, 168.7,13553,-59.5,-71.1,-66.5, 21, 38, 0.02,266,33.5
2026-06-10 11:43:03,-101.8474,32.0017, 168.6,13558,-59.5,-71.2,-66.6, 21, 37, 0.02,266,33.3
2026-06-10 11:43:04,-101.8470,32.0017, 168.5,13563,-59.6,-71.3,-66.7, 21, 37, 0.02,266,33.2
2026-06-10 11:43:05,-101.8467,32.0017, 168.4,13568,-59.6,-71.4,-66.7, 21, 37, 0.02,266,33.1
2026-06-10 11:43:06,-101.8464,32.0017, 168.2,13573,-59.6,-71.5,-66.8, 21, 37, 0.02,266,33.0
2026-06-10 11:43:07,-101.8461,32.0017, 168.1,13578,-59.7,-71.5,-66.9, 20, 36, 0.02,266,32.9
2026-06-10 11:43:08,-101.8457,32.0017, 168.0,13583,-59.7,-71.6,-67.0, 20, 36, 0.02,266,32.7
2026-06-10 11:43:09,-101.8454,32.0018, 167.8,13588,-59.7,-71.7,-67.1, 20, 36, 0.01,266,32.6
2026-06-10 11:43:10,-101.8451,32.0018, 167.7,13593,-59.8,-71.8,-67.1, 20, 36, 0.01,266,32.5
2026-06-10 11:43:11,-101.8448,32.0018, 167.5,13598,-59.8,-71.9,-67.2, 20, 35, 0.01,266,32.3
2026-06-10 11:43:12,-101.8444,32.0018, 167.4,13603,-59.8,-72.0,-67.3, 20, 35, 0.01,266,32.2
2026-06-10 11:43:13,-101.8441,32.0018, 167.3,13608,-59.9,-72.0,-67.4, 20, 35, 0.01,266,32.1
2026-06-10 11:43:14,-101.8438,32.0019, 167.1,13613,-59.9,-72.1,-67.5, 19, 35, 0.01,266,32.0
2026-06-10 11:43:15,-101.8435,32.0019, 167.0,13619,-59.9,-72.2,-67.6, 19, 34, 0.01,266,31.8
2026-06-10 11:43:16,-101.8431,32.0019, 166.8,13625,-60.0,-72.3,-67.6, 19, 34, 0.01,266,31.7
2026-06-10 11:43:17,-101.8428,32.0019, 166.7,13631,-60.0,-72.4,-67.7, 19, 34, 0.01,266,31.6
2026-06-10 11:43:18,-101.8425,32.0019, 166.5,13636,-60.0,-72.4,-67.7, 19, 34, 0.01,266,31.4
2026-06-10 11:43:19,-101.8422,32.0019, 166.4,13642,-60.1,-72.5,-67.8, 19, 34, 0.01,266,31.3
2026-06-10 11:43:20,-101.8418,32.0020, 166.2,13648,-60.1,-72.5,-67.8, 19, 34, 0.01,266,31.2
2026-06-10 11:43:21,-101.8415,32.0020, 166.1,13654,-60.1,-72.6,-67.9, 19, 34, 0.01,266,31.1
2026-06-10 11:43:22,-101.8412,32.0020, 165.9,13659,-60.2,-72.6,-67.9, 19, 34, 0.01,266,30.9
2026-06-10 11:43:23,-101.8409,32.0020, 165.8,13665,-60.2,-72.7,-68.0, 19, 33, 0.01,266,30.8
2026-06-10 11:43:24,-101.8405,32.0020, 165.6,13671,-60.3,-72.7,-68.0, 19, 33, 0.01,266,30.7
2026-06-10 11:43:25,-101.8402,32.0020, 165.5,13676,-60.3,-72.8,-68.1, 19, 33, 0.01,266,30.5
2026-06-10 11:43:26,-101.8399,32.0021, 165.3,13681,-60.3,-72.8,-68.2, 18, 33, 0.01,266,30.4
2026-06-10 11:43:27,-101.8396,32.0021, 165.2,13687,-60.4,-72.9,-68.2, 18, 33, 0.01,266,30.3
2026-06-10 11:43:28,-101.8392,32.0021, 165.1,13692,-60.4,-72.9,-68.3, 18, 33, 0.01,266,30.2
2026-06-10 11:43:29,-101.8390,32.0021, 164.9,13699,-60.4,-73.0,-68.3, 18, 33, 0.01,266,30.0
2026-06-10 11:43:30,-101.8387,32.0022, 164.8,13702,-60.5,-73.0,-68.3, 18, 33, 0.01,266,30.0
2026-06-10 11:43:31,-101.8384,32.0022, 164.7,13707,-60.5,-73.0,-68.4, 18, 33, 0.01,266,29.9
2026-06-10 11:43:32,-101.8382,32.0022, 164.5,13712,-60.5,-73.1,-68.4, 18, 33, 0.01,266,29.8
2026-06-10 11:43:33,-101.8379,32.0022, 164.4,13717,-60.5,-73.1,-68.4, 18, 33, 0.01,266,29.7
2026-06-10 11:43:34,-101.8376,32.0022, 164.2,13722,-60.6,-73.1,-68.4, 18, 33, 0.01,266,29.5
2026-06-10 11:43:35,-101.8373,32.0023, 164.1,13727,-60.6,-73.1,-68.5, 18, 33, 0.01,266,29.4
2026-06-10 11:43:36,-101.8370,32.0023, 164.0,13732,-60.6,-73.2,-68.5, 18, 33, 0.01,266,29.3
2026-06-10 11:43:37,-101.8367,32.0023, 163.9,13737,-60.7,-73.2,-68.5, 18, 33, 0.01,265,29.2
2026-06-10 11:43:38,-101.8364,32.0023, 163.7,13742,-60.7,-73.2,-68.5, 18, 33, 0.01,265,29.1
2026-06-10 11:43:39,-101.8361,32.0024, 163.6,13746,-60.7,-73.3,-68.6, 18, 33, 0.01,265,29.0
2026-06-10 11:43:40,-101.8358,32.0024, 163.5,13751,-60.8,-73.3,-68.6, 18, 33, 0.01,265,28.9
2026-06-10 11:43:41,-101.8356,32.0024, 163.4,13756,-60.8,-73.3,-68.6, 18, 33, 0.01,265,28.8
2026-06-10 11:43:42,-101.8353,32.0024, 163.2,13760,-60.8,-73.3,-68.7, 18, 33, 0.01,265,28.7
2026-06-10 11:43:43,-101.8350,32.0025, 163.1,13765,-60.9,-73.4,-68.7, 18, 33, 0.01,265,28.6
2026-06-10 11:43:44,-101.8347,32.0025, 163.0,13770,-60.9,-73.4,-68.7, 18, 33, 0.01,265,28.5
2026-06-10 11:43:45,-101.8344,32.0025, 162.9,13774,-60.9,-73.5,-68.8, 18, 33, 0.01,265,28.4
2026-06-10 11:43:46,-101.8341,32.0025, 162.8,13779,-60.9,-73.5,-68.8, 18, 33, 0.01,265,28.3
2026-06-10 11:43:47,-101.8338,32.0025, 162.6,13783,-60.9,-73.5,-68.9, 18, 32, 0.01,265,28.1
2026-06-10 11:43:48,-101.8335,32.0026, 162.5,13788,-60.9,-73.6,-68.9, 18, 32, 0.01,265,28.0
2026-06-10 11:43:49,-101.8332,32.0026, 162.4,13793,-60.9,-73.6,-69.0, 18, 32, 0.01,265,27.9
2026-06-10 11:43:50,-101.8329,32.0026, 162.3,13798,-60.9,-73.7,-69.0, 18, 32, 0.01,265,27.8
2026-06-10 11:43:51,-101.8327,32.0026, 162.1,13803,-61.0,-73.7,-69.0, 18, 32, 0.01,265,27.7
2026-06-10 11:43:52,-101.8324,32.0027, 162.0,13807,-61.0,-73.8,-69.1, 17, 32, 0.01,264,27.6
2026-06-10 11:43:53,-101.8321,32.0027, 161.9,13812,-61.0,-73.8,-69.1, 17, 31, 0.01,264,27.4
2026-06-10 11:43:54,-101.8318,32.0027, 161.8,13817,-61.0,-73.9,-69.2, 17, 31, 0.01,264,27.3
2026-06-10 11:43:55,-101.8315,32.0027, 161.6,13822,-61.0,-73.9,-69.2, 17, 31, 0.01,264,27.2
2026-06-10 11:43:56,-101.8312,32.0028, 161.5,13827,-61.0,-74.0,-69.3, 17, 31, 0.01,264,27.1
2026-06-10 11:43:57,-101.8309,32.0028, 161.4,13832,-61.0,-74.0,-69.3, 17, 31, 0.01,264,27.0
2026-06-10 11:43:58,-101.8307,32.0028, 161.2,13837,-61.0,-74.1,-69.4, 17, 31, 0.01,264,26.9
2026-06-10 11:43:59,-101.8304,32.0028, 161.1,13843,-61.1,-74.1,-69.4, 17, 30, 0.01,264,26.7
2026-06-10 11:44:00,-101.8302,32.0028, 161.0,13848,-61.1,-74.2,-69.5, 17, 30, 0.01,264,26.6
2026-06-10 11:44:01,-101.8299,32.0029, 160.8,13853,-61.1,-74.2,-69.5, 17, 30, 0.01,264,26.5
2026-06-10 11:44:02,-101.8297,32.0029, 160.7,13858,-61.1,-74.3,-69.6, 16, 30, 0.01,264,26.4
2026-06-10 11:44:03,-101.8294,32.0029, 160.6,13864,-61.1,-74.3,-69.7, 16, 30, 0.01,264,26.3
2026-06-10 11:44:04,-101.8292,32.0029, 160.4,13869,-61.1,-74.4,-69.7, 16, 29, 0.01,264,26.2
2026-06-10 11:44:05,-101.8289,32.0030, 160.3,13874,-61.1,-74.5,-69.8, 16, 29, 0.01,264,26.1
2026-06-10 11:44:06,-101.8287,32.0030, 160.2,13879,-61.1,-74.5,-69.8, 16, 29, 0.01,264,25.9
2026-06-10 11:44:07,-101.8284,32.0030, 160.0,13884,-61.1,-74.6,-69.9, 16, 29, 0.01,264,25.8
2026-06-10 11:44:08,-101.8282,32.0030, 159.9,13889,-61.2,-74.6,-69.9, 16, 29, 0.01,264,25.7
2026-06-10 11:44:09,-101.8279,32.0030, 159.8,13894,-61.2,-74.7,-70.0, 16, 28, 0.01,264,25.5
2026-06-10 11:44:10,-101.8277,32.0031, 159.6,13899,-61.2,-74.7,-70.0, 16, 28, 0.01,264,25.4
2026-06-10 11:44:11,-101.8274,32.0031, 159.5,13905,-61.2,-74.8,-70.1, 16, 28, 0.01,264,25.3
2026-06-10 11:44:12,-101.8272,32.0031, 159.4,13910,-61.2,-74.8,-70.1, 16, 28, 0.01,264,25.2
2026-06-10 11:44:13,-101.8269,32.0031, 159.2,13915,-61.2,-74.8,-70.1, 15, 28, 0.01,264,25.0
2026-06-10 11:44:14,-101.8267,32.0032, 159.1,13921,-61.2,-74.8,-70.1, 15, 28, 0.01,264,24.9
2026-06-10 11:44:15,-101.8264,32.0032, 159.0,13926,-61.2,-74.9,-70.2, 15, 28, 0.01,264,24.8
2026-06-10 11:44:16,-101.8262,32.0032, 158.8,13931,-61.3,-74.9,-70.2, 15, 28, 0.01,264,24.7
2026-06-10 11:44:17,-101.8259,32.0032, 158.7,13936,-61.3,-74.9,-70.2, 15, 28, 0.01,264,24.5
2026-06-10 11:44:18,-101.8257,32.0032, 158.6,13941,-61.3,-74.9,-70.2, 15, 28, 0.01,264,24.4
2026-06-10 11:44:19,-101.8254,32.0033, 158.4,13946,-61.3,-75.0,-70.3, 15, 28, 0.01,264,24.3
2026-06-10 11:44:20,-101.8252,32.0033, 158.3,13951,-61.3,-75.0,-70.3, 15, 28, 0.01,264,24.1
2026-06-10 11:44:21,-101.8249,32.0033, 158.2,13956,-61.3,-75.0,-70.3, 15, 28, 0.01,264,24.0
2026-06-10 11:44:22,-101.8247,32.0033, 158.0,13961,-61.3,-75.1,-70.4, 15, 28, 0.01,264,23.9
2026-06-10 11:44:23,-101.8244,32.0034, 157.9,13966,-61.4,-75.1,-70.4, 15, 28, 0.01,264,23.8
2026-06-10 11:44:24,-101.8242,32.0034, 157.8,13972,-61.4,-75.1,-70.4, 15, 27, 0.01,264,23.6
2026-06-10 11:44:25,-101.8239,32.0034, 157.7,13977,-61.4,-75.1,-70.4, 15, 27, 0.01,264,23.5
2026-06-10 11:44:26,-101.8237,32.0034, 157.5,13982,-61.4,-75.2,-70.5, 15, 27, 0.01,264,23.4
2026-06-10 11:44:27,-101.8234,32.0034, 157.4,13987,-61.5,-75.2,-70.5, 15, 27, 0.01,264,23.3
2026-06-10 11:44:28,-101.8232,32.0035, 157.3,13992,-61.5,-75.3,-70.6, 15, 27, 0.01,264,23.3
2026-06-10 11:44:29,-101.8230,32.0035, 157.1,13997,-61.5,-75.3,-70.6, 15, 27, 0.01,264,23.2
2026-06-10 11:44:30,-101.8227,32.0035, 157.0,14002,-61.6,-75.3,-70.6, 15, 27, 0.01,263,23.1
2026-06-10 11:44:31,-101.8225,32.0036, 156.9,14007,-61.6,-75.4,-70.7, 15, 27, 0.01,263,23.1
2026-06-10 11:44:32,-101.8223,32.0036, 156.7,14012,-61.6,-75.4,-70.7, 15, 27, 0.01,263,23.0
2026-06-10 11:44:33,-101.8221,32.0037, 156.6,14018,-61.6,-75.4,-70.7, 15, 27, 0.01,263,23.0
2026-06-10 11:44:34,-101.8218,32.0037, 156.5,14023,-61.7,-75.5,-70.7, 15, 27, 0.01,263,22.9
2026-06-10 11:44:35,-101.8216,32.0037, 156.3,14028,-61.7,-75.5,-70.8, 15, 27, 0.01,263,22.9
2026-06-10 11:44:36,-101.8214,32.0038, 156.2,14034,-61.7,-75.5,-70.8, 15, 27, 0.01,262,22.8
2026-06-10 11:44:37,-101.8212,32.0038, 156.1,14039,-61.8,-75.6,-70.9, 15, 27, 0.01,262,22.8
2026-06-10 11:44:38,-101.8209,32.0039, 155.9,14045,-61.8,-75.6,-70.9, 15, 27, 0.01,262,22.7
2026-06-10 11:44:39,-101.8207,32.0039, 155.8,14050,-61.8,-75.7,-71.0, 15, 27, 0.01,262,22.6
2026-06-10 11:44:40,-101.8205,32.0039, 155.6,14056,-61.9,-75.7,-71.0, 15, 27, 0.01,262,22.6
2026-06-10 11:44:41,-101.8203,32.0040, 155.5,14062,-61.9,-75.8,-71.0, 15, 27, 0.01,261,22.5
2026-06-10 11:44:42,-101.8200,32.0040, 155.3,14068,-61.9,-75.8,-71.1, 15, 27, 0.01,261,22.5
2026-06-10 11:44:43,-101.8198,32.0041, 155.2,14074,-62.0,-75.8,-71.1, 15, 27, 0.01,261,22.4
2026-06-10 11:44:44,-101.8196,32.0041, 155.0,14079,-62.0,-75.9,-71.2, 15, 27, 0.01,261,22.4
2026-06-10 11:44:45,-101.8194,32.0041, 154.9,14086,-62.0,-75.9,-71.2, 15, 26, 0.01,261,22.3
2026-06-10 11:44:46,-101.8191,32.0042, 154.7,14092,-62.1,-76.0,-71.3, 15, 26, 0.01,261,22.3
2026-06-10 11:44:47,-101.8189,32.0042, 154.6,14099,-62.1,-76.0,-71.3, 14, 26, 0.01,260,22.2
2026-06-10 11:44:48,-101.8187,32.0043, 154.4,14105,-62.1,-76.1,-71.4, 14, 26, 0.01,260,22.1
2026-06-10 11:44:49,-101.8185,32.0043, 154.2,14112,-62.2,-76.1,-71.4, 14, 26, 0.01,260,22.1
2026-06-10 11:44:50,-101.8182,32.0043, 154.0,14120,-62.2,-76.2,-71.5, 14, 26, 0.01,259,22.0
2026-06-10 11:44:51,-101.8180,32.0044, 153.8,14128,-62.2,-76.2,-71.5, 14, 26, 0.01,259,22.0
2026-06-10 11:44:52,-101.8178,32.0044, 153.6,14136,-62.3,-76.2,-71.5, 14, 26, 0.01,259,21.9
2026-06-10 11:44:53,-101.8176,32.0045, 153.5,14143,-62.3,-76.3,-71.5, 14, 26, 0.01,258,21.8
2026-06-10 11:44:54,-101.8173,32.0045, 153.3,14151,-62.3,-76.3,-71.6, 14, 26, 0.01,258,21.8
2026-06-10 11:44:55,-101.8171,32.0046, 153.2,14158,-62.4,-76.3,-71.6, 14, 26, 0.01,258,21.7
2026-06-10 11:44:56,-101.8169,32.0046, 153.0,14164,-62.4,-76.3,-71.6, 14, 26, 0.01,258,21.7
2026-06-10 11:44:57,-101.8167,32.0046, 152.8,14169,-62.4,-76.4,-71.6, 14, 26, 0.01,257,21.6
2026-06-10 11:44:58,-101.8165,32.0047, 152.7,14175,-62.4,-76.4,-71.7, 14, 26, 0.01,257,21.5
2026-06-10 11:44:59,-101.8162,32.0047, 152.5,14181,-62.5,-76.4,-71.7, 14, 26, 0.01,257,21.5
2026-06-10 11:45:00,-101.8160,32.0048, 152.4,14187,-62.5,-76.4,-71.7, 14, 26, 0.01,256,21.4
2026-06-10 11:45:01,-101.8158,32.0049, 152.3,14192,-62.5,-76.5,-71.7, 14, 26, 0.01,256,21.4
2026-06-10 11:45:02,-101.8156,32.0049, 152.1,14198,-62.6,-76.5,-71.8, 14, 26, 0.01,256,21.3
2026-06-10 11:45:03,-101.8154,32.0050, 152.0,14203,-62.6,-76.5,-71.8, 14, 26, 0.01,255,21.3
2026-06-10 11:45:04,-101.8152,32.0051, 151.9,14208,-62.6,-76.5,-71.8, 14, 26, 0.01,255,21.2
2026-06-10 11:45:05,-101.8150,32.0051, 151.7,14214,-62.7,-76.6,-71.8, 14, 26, 0.01,255,21.1
2026-06-10 11:45:06,-101.8148,32.0052, 151.6,14219,-62.7,-76.6,-71.9, 14, 26, 0.01,254,21.1
2026-06-10 11:45:07,-101.8146,32.0053, 151.4,14225,-62.7,-76.6,-71.9, 14, 26, 0.01,254,21.1
2026-06-10 11:45:08,-101.8144,32.0053, 151.3,14231,-62.8,-76.7,-72.0, 14, 26, 0.01,254,21.0
2026-06-10 11:45:09,-101.8142,32.0054, 151.1,14238,-62.8,-76.7,-72.0, 14, 26, 0.01,253,21.0
2026-06-10 11:45:10,-101.8140,32.0055, 151.0,14244,-62.9,-76.8,-72.0, 14, 26, 0.01,253,21.0
2026-06-10 11:45:11,-101.8138,32.0055, 150.8,14250,-62.9,-76.8,-72.1, 14, 26, 0.01,253,21.0
2026-06-10 11:45:12,-101.8136,32.0056, 150.7,14256,-62.9,-76.8,-72.1, 14, 26, 0.01,252,20.9
2026-06-10 11:45:13,-101.8134,32.0057, 150.5,14262,-63.0,-76.9,-72.1, 14, 26, 0.01,252,20.9
2026-06-10 11:45:14,-101.8132,32.0058, 150.4,14268,-63.0,-76.9,-72.2, 14, 26, 0.01,252,20.9
2026-06-10 11:45:15,-101.8130,32.0058, 150.3,14274,-63.0,-76.9,-72.2, 14, 26, 0.01,251,20.9
2026-06-10 11:45:16,-101.8128,32.0059, 150.1,14279,-63.1,-77.0,-72.3, 14, 26, 0.01,251,20.8
2026-06-10 11:45:17,-101.8126,32.0060, 150.0,14285,-63.1,-77.0,-72.3, 14, 26, 0.01,251,20.8
2026-06-10 11:45:18,-101.8124,32.0060, 149.8,14291,-63.1,-77.0,-72.3, 14, 26, 0.01,250,20.8
2026-06-10 11:45:19,-101.8122,32.0061, 149.7,14297,-63.2,-77.1,-72.3, 14, 26, 0.01,250,20.8
2026-06-10 11:45:20,-101.8120,32.0062, 149.5,14303,-63.2,-77.1,-72.4, 14, 26, 0.01,250,20.7
2026-06-10 11:45:21,-101.8118,32.0062, 149.4,14309,-63.2,-77.1,-72.4, 14, 26, 0.01,249,20.7
2026-06-10 11:45:22,-101.8116,32.0063, 149.2,14316,-63.2,-77.1,-72.4, 14, 26, 0.01,249,20.7
2026-06-10 11:45:23,-101.8114,32.0064, 149.1,14322,-63.3,-77.1,-72.4, 14, 26, 0.01,249,20.7
2026-06-10 11:45:24,-101.8112,32.0064, 149.0,14327,-63.3,-77.2,-72.4, 14, 26, 0.01,248,20.7
2026-06-10 11:45:25,-101.8109,32.0065, 148.8,14332,-63.3,-77.2,-72.5, 14, 26, 0.01,248,20.7
2026-06-10 11:45:26,-101.8107,32.0066, 148.7,14338,-63.3,-77.2,-72.5, 14, 26, 0.01,248,20.6
2026-06-10 11:45:27,-101.8105,32.0066, 148.6,14343,-63.4,-77.2,-72.5, 14, 26, 0.01,247,20.7
2026-06-10 11:45:28,-101.8103,32.0067, 148.4,14348,-63.4,-77.2,-72.5, 14, 26, 0.01,247,20.7
2026-06-10 11:45:29,-101.8101,32.0068, 148.3,14354,-63.4,-77.3,-72.5, 14, 26, 0.01,246,20.8
2026-06-10 11:45:30,-101.8099,32.0069, 148.2,14360,-63.4,-77.3,-72.5, 14, 26, 0.01,246,20.8
2026-06-10 11:45:31,-101.8097,32.0070, 148.0,14365,-63.5,-77.3,-72.6, 14, 27, 0.01,246,20.8
2026-06-10 11:45:32,-101.8095,32.0071, 147.9,14371,-63.5,-77.3,-72.5, 14, 27, 0.01,245,20.9
2026-06-10 11:45:33,-101.8093,32.0072, 147.7,14377,-63.5,-77.3,-72.5, 14, 27, 0.01,245,20.9
2026-06-10 11:45:34,-101.8091,32.0073, 147.6,14383,-63.5,-77.2,-72.5, 15, 27, 0.01,245,21.0
2026-06-10 11:45:35,-101.8089,32.0074, 147.5,14388,-63.6,-77.2,-72.5, 15, 27, 0.01,244,21.0
2026-06-10 11:45:36,-101.8087,32.0075, 147.3,14394,-63.6,-77.2,-72.5, 15, 27, 0.01,244,21.1
2026-06-10 11:45:37,-101.8085,32.0076, 147.2,14400,-63.6,-77.2,-72.5, 15, 27, 0.01,244,21.1
2026-06-10 11:45:38,-101.8084,32.0077, 147.0,14406,-63.6,-77.2,-72.5, 15, 27, 0.01,243,21.2
2026-06-10 11:45:39,-101.8082,32.0078, 146.9,14412,-63.7,-77.2,-72.5, 15, 28, 0.01,243,21.2
2026-06-10 11:45:40,-101.8080,32.0079, 146.7,14418,-63.7,-77.2,-72.4, 15, 28, 0.01,243,21.3
2026-06-10 11:45:41,-101.8078,32.0081, 146.6,14425,-63.7,-77.2,-72.4, 15, 28, 0.01,242,21.3
2026-06-10 11:45:42,-101.8076,32.0082, 146.4,14431,-63.7,-77.1,-72.4, 15, 28, 0.01,242,21.4
2026-06-10 11:45:43,-101.8074,32.0083, 146.3,14438,-63.7,-77.1,-72.4, 15, 28, 0.01,241,21.4
2026-06-10 11:45:44,-101.8072,32.0084, 146.1,14445,-63.8,-77.1,-72.4, 15, 28, 0.01,241,21.5
2026-06-10 11:45:45,-101.8070,32.0085, 146.0,14451,-63.8,-77.1,-72.4, 15, 28, 0.01,241,21.5
2026-06-10 11:45:46,-101.8068,32.0086, 145.8,14458,-63.8,-77.1,-72.4, 15, 29, 0.01,240,21.6
2026-06-10 11:45:47,-101.8066,32.0087, 145.7,14464,-63.9,-77.1,-72.4, 15, 29, 0.01,240,21.6
2026-06-10 11:45:48,-101.8064,32.0088, 145.5,14471,-63.9,-77.1,-72.4, 15, 29, 0.01,240,21.7
2026-06-10 11:45:49,-101.8062,32.0089, 145.3,14477,-63.9,-77.1,-72.4, 16, 29, 0.01,240,21.8
2026-06-10 11:45:50,-101.8060,32.0090, 145.2,14484,-63.9,-77.1,-72.4, 16, 29, 0.01,239,21.8
2026-06-10 11:45:51,-101.8058,32.0091, 145.0,14490,-64.0,-77.1,-72.4, 16, 29, 0.01,239,21.9
2026-06-10 11:45:52,-101.8056,32.0092, 144.9,14497,-64.0,-77.1,-72.4, 16, 29, 0.01,239,21.9
2026-06-10 11:45:53,-101.8054,32.0093, 144.7,14504,-64.0,-77.1,-72.4, 16, 29, 0.01,239,22.0
2026-06-10 11:45:54,-101.8052,32.0094, 144.5,14511,-64.0,-77.1,-72.4, 16, 29, 0.01,239,22.0
2026-06-10 11:45:55,-101.8050,32.0095, 144.4,14519,-64.1,-77.1,-72.4, 16, 30, 0.01,238,22.1
2026-06-10 11:45:56,-101.8047,32.0096, 144.2,14526,-64.1,-77.1,-72.4, 16, 30, 0.01,238,22.2
2026-06-10 11:45:57,-101.8046,32.0097, 144.0,14534,-64.1,-77.1,-72.4, 16, 30, 0.01,238,22.2
2026-06-10 11:45:58,-101.8044,32.0098, 143.9,14539,-64.2,-77.2,-72.4, 16, 30, 0.01,238,22.3
2026-06-10 11:45:59,-101.8042,32.0099, 143.7,14545,-64.2,-77.2,-72.5, 16, 30, 0.01,237,22.3
2026-06-10 11:46:00,-101.8040,32.0100, 143.6,14552,-64.2,-77.3,-72.6, 16, 29, 0.01,237,22.4
2026-06-10 11:46:01,-101.8038,32.0102, 143.4,14558,-64.3,-77.4,-72.6, 16, 29, 0.01,237,22.5
2026-06-10 11:46:02,-101.8036,32.0103, 143.3,14564,-64.3,-77.4,-72.7, 16, 29, 0.01,237,22.5
2026-06-10 11:46:03,-101.8034,32.0104, 143.1,14571,-64.3,-77.5,-72.7, 16, 29, 0.01,236,22.6
2026-06-10 11:46:04,-101.8032,32.0105, 143.0,14577,-64.4,-77.5,-72.8, 15, 29, 0.01,236,22.6
2026-06-10 11:46:05,-101.8029,32.0106, 142.9,14583,-64.4,-77.6,-72.9, 15, 29, 0.01,236,22.7
2026-06-10 11:46:06,-101.8027,32.0107, 142.7,14590,-64.4,-77.7,-72.9, 15, 28, 0.01,236,22.8
2026-06-10 11:46:07,-101.8025,32.0108, 142.6,14596,-64.5,-77.7,-73.0, 15, 28, 0.01,236,22.8
2026-06-10 11:46:08,-101.8023,32.0109, 142.4,14602,-64.5,-77.8,-73.1, 15, 28, 0.01,236,22.8
2026-06-10 11:46:09,-101.8021,32.0110, 142.3,14609,-64.5,-77.9,-73.1, 15, 28, 0.01,236,22.8
2026-06-10 11:46:10,-101.8019,32.0112, 142.1,14615,-64.6,-77.9,-73.2, 15, 28, 0.01,236,22.9
2026-06-10 11:46:11,-101.8017,32.0113, 142.0,14621,-64.6,-78.0,-73.3, 15, 28, 0.01,236,22.9
2026-06-10 11:46:12,-101.8015,32.0114, 141.8,14628,-64.6,-78.1,-73.3, 15, 28, 0.01,236,22.9
2026-06-10 11:46:13,-101.8013,32.0115, 141.7,14634,-64.7,-78.1,-73.4, 15, 28, 0.01,236,22.9
2026-06-10 11:46:14,-101.8011,32.0116, 141.5,14641,-64.7,-78.2,-73.5, 15, 27, 0.01,236,22.9
2026-06-10 11:46:15,-101.8009,32.0117, 141.4,14647,-64.8,-78.3,-73.5, 15, 27, 0.01,237,23.0
2026-06-10 11:46:16,-101.8007,32.0118, 141.2,14653,-64.8,-78.3,-73.6, 15, 27, 0.01,237,23.0
2026-06-10 11:46:17,-101.8005,32.0119, 141.1,14659,-64.8,-78.4,-73.7, 15, 27, 0.01,237,23.0
2026-06-10 11:46:18,-101.8003,32.0121, 140.9,14666,-64.9,-78.5,-73.7, 14, 27, 0.01,237,23.0
2026-06-10 11:46:19,-101.8001,32.0122, 140.8,14672,-64.9,-78.5,-73.8, 14, 27, 0.01,237,23.1
2026-06-10 11:46:20,-101.7999,32.0123, 140.7,14678,-65.0,-78.6,-73.8, 14, 27, 0.01,237,23.1
2026-06-10 11:46:21,-101.7997,32.0124, 140.5,14684,-65.0,-78.6,-73.9, 14, 27, 0.01,237,23.1
2026-06-10 11:46:22,-101.7995,32.0125, 140.4,14690,-65.1,-78.7,-74.0, 14, 27, 0.01,237,23.1
2026-06-10 11:46:23,-101.7992,32.0126, 140.2,14696,-65.1,-78.8,-74.0, 14, 26, 0.01,237,23.1
2026-06-10 11:46:24,-101.7991,32.0127, 140.1,14702,-65.1,-78.9,-74.1, 14, 26, 0.01,237,23.2
2026-06-10 11:46:25,-101.7989,32.0128, 140.0,14707,-65.2,-78.9,-74.1, 14, 26, 0.01,237,23.2
2026-06-10 11:46:26,-101.7987,32.0129, 139.8,14713,-65.2,-78.9,-74.1, 14, 27, 0.01,237,23.2
2026-06-10 11:46:27,-101.7985,32.0131, 139.7,14719,-65.2,-78.9,-74.1, 14, 27, 0.01,237,23.2
2026-06-10 11:46:28,-101.7982,32.0132, 139.6,14725,-65.3,-78.9,-74.1, 14, 27, 0.01,238,23.2
2026-06-10 11:46:29,-101.7980,32.0133, 139.4,14731,-65.3,-78.9,-74.1, 14, 27, 0.01,238,23.2
2026-06-10 11:46:30,-101.7978,32.0134, 139.3,14737,-65.4,-78.9,-74.1, 14, 27, 0.01,238,23.2
2026-06-10 11:46:31,-101.7976,32.0135, 139.2,14743,-65.4,-78.9,-74.1, 15, 27, 0.01,238,23.2
2026-06-10 11:46:32,-101.7974,32.0136, 139.0,14749,-65.4,-78.9,-74.1, 15, 27, 0.01,238,23.1
2026-06-10 11:46:33,-101.7972,32.0137, 138.9,14754,-65.5,-78.9,-74.1, 15, 28, 0.01,238,23.1
2026-06-10 11:46:34,-101.7970,32.0138, 138.8,14760,-65.5,-78.9,-74.1, 15, 28, 0.01,238,23.1
2026-06-10 11:46:35,-101.7968,32.0139, 138.6,14765,-65.5,-78.9,-74.1, 15, 28, 0.01,238,23.1
2026-06-10 11:46:36,-101.7966,32.0140, 138.5,14771,-65.6,-78.9,-74.1, 15, 28, 0.01,238,23.1
2026-06-10 11:46:37,-101.7964,32.0141, 138.4,14776,-65.6,-78.9,-74.1, 15, 28, 0.01,238,23.1
2026-06-10 11:46:38,-101.7961,32.0142, 138.3,14781,-65.6,-78.8,-74.1, 15, 28, 0.01,238,23.1
2026-06-10 11:46:39,-101.7959,32.0143, 138.2,14786,-65.7,-78.7,-74.0, 15, 29, 0.01,238,23.1
2026-06-10 11:46:40,-101.7957,32.0144, 138.1,14791,-65.7,-78.7,-73.9, 16, 29, 0.01,239,23.1
2026-06-10 11:46:41,-101.7955,32.0145, 138.0,14796,-65.7,-78.6,-73.8, 16, 30, 0.01,239,23.1
2026-06-10 11:46:42,-101.7953,32.0146, 137.8,14801,-65.8,-78.5,-73.8, 16, 30, 0.01,239,23.1
2026-06-10 11:46:43,-101.7951,32.0147, 137.7,14806,-65.8,-78.4,-73.7, 16, 31, 0.01,239,23.1
2026-06-10 11:46:44,-101.7949,32.0148, 137.6,14811,-65.8,-78.4,-73.6, 17, 31, 0.01,239,23.0
2026-06-10 11:46:45,-101.7947,32.0149, 137.5,14817,-65.8,-78.3,-73.6, 17, 32, 0.01,239,23.0
2026-06-10 11:46:46,-101.7944,32.0150, 137.4,14822,-65.9,-78.2,-73.5, 17, 32, 0.01,239,23.0
2026-06-10 11:46:47,-101.7942,32.0151, 137.2,14827,-65.9,-78.2,-73.4, 17, 33, 0.01,239,23.0
2026-06-10 11:46:48,-101.7940,32.0152, 137.1,14832,-65.9,-78.1,-73.4, 18, 33, 0.01,239,23.0
2026-06-10 11:46:49,-101.7938,32.0153, 137.0,14837,-66.0,-78.0,-73.3, 18, 34, 0.01,240,22.9
2026-06-10 11:46:50,-101.7936,32.0154, 136.9,14842,-66.0,-78.0,-73.2, 18, 34, 0.01,240,22.9
2026-06-10 11:46:51,-101.7934,32.0155, 136.8,14847,-66.0,-77.9,-73.2, 18, 35, 0.01,240,22.9
2026-06-10 11:46:52,-101.7932,32.0156, 136.7,14851,-66.0,-77.9,-73.1, 18, 35, 0.01,240,22.8
2026-06-10 11:46:53,-101.7930,32.0157, 136.6,14856,-66.1,-77.8,-73.1, 19, 35, 0.01,240,22.8
2026-06-10 11:46:54,-101.7928,32.0158, 136.5,14861,-66.1,-77.8,-73.1, 19, 35, 0.01,241,22.8
2026-06-10 11:46:55,-101.7925,32.0159, 136.4,14866,-66.1,-77.8,-73.0, 19, 36, 0.01,241,22.7
2026-06-10 11:46:56,-101.7923,32.0160, 136.3,14871,-66.1,-77.7,-73.0, 19, 36, 0.01,241,22.7
2026-06-10 11:46:57,-101.7921,32.0161, 136.1,14876,-66.2,-77.7,-73.0, 19, 36, 0.01,241,22.7
2026-06-10 11:46:58,-101.7919,32.0162, 136.0,14881,-66.2,-77.7,-73.0, 19, 37, 0.01,241,22.7
2026-06-10 11:46:59,-101.7917,32.0163, 135.9,14886,-66.2,-77.7,-72.9, 19, 37, 0.01,242,22.6
2026-06-10 11:47:00,-101.7915,32.0164, 135.8,14891,-66.2,-77.6,-72.9, 20, 37, 0.01,242,22.6
2026-06-10 11:47:01,-101.7913,32.0164, 135.7,14895,-66.3,-77.6,-72.9, 20, 38, 0.01,242,22.6
2026-06-10 11:47:02,-101.7910,32.0165, 135.6,14900,-66.3,-77.6,-72.9, 20, 38, 0.01,242,22.5
2026-06-10 11:47:03,-101.7908,32.0166, 135.5,14905,-66.3,-77.6,-72.8, 20, 38, 0.01,242,22.5
2026-06-10 11:47:04,-101.7907,32.0166, 135.4,14910,-66.4,-77.5,-72.8, 20, 38, 0.01,242,22.5
2026-06-10 11:47:05,-101.7904,32.0168, 135.3,14913,-66.4,-77.5,-72.8, 20, 39, 0.01,243,22.5
2026-06-10 11:47:06,-101.7901,32.0168, 135.1,14920,-66.4,-77.6,-72.9, 20, 38, 0.01,243,22.4
2026-06-10 11:47:07,-101.7899,32.0169, 135.0,14925,-66.4,-77.7,-72.9, 20, 38, 0.01,243,22.5
2026-06-10 11:47:08,-101.7897,32.0170, 134.9,14931,-66.5,-77.7,-73.0, 20, 38, 0.01,243,22.5
2026-06-10 11:47:09,-101.7895,32.0171, 134.8,14936,-66.5,-77.8,-73.0, 20, 38, 0.01,243,22.5
2026-06-10 11:47:10,-101.7893,32.0172, 134.7,14941,-66.5,-77.8,-73.1, 20, 38, 0.01,244,22.5
2026-06-10 11:47:11,-101.7890,32.0173, 134.6,14946,-66.5,-77.9,-73.2, 20, 37, 0.01,244,22.5
2026-06-10 11:47:12,-101.7888,32.0173, 134.5,14951,-66.6,-77.9,-73.2, 20, 37, 0.01,244,22.5
2026-06-10 11:47:13,-101.7886,32.0174, 134.4,14956,-66.6,-78.0,-73.3, 19, 37, 0.01,244,22.6
2026-06-10 11:47:14,-101.7884,32.0175, 134.2,14961,-66.6,-78.1,-73.3, 19, 37, 0.01,244,22.6
2026-06-10 11:47:15,-101.7881,32.0176, 134.1,14966,-66.6,-78.1,-73.4, 19, 37, 0.01,245,22.6
2026-06-10 11:47:16,-101.7879,32.0177, 134.0,14971,-66.7,-78.2,-73.4, 19, 36, 0.01,245,22.6
2026-06-10 11:47:17,-101.7877,32.0177, 133.9,14976,-66.7,-78.2,-73.5, 19, 36, 0.01,245,22.6
2026-06-10 11:47:18,-101.7875,32.0178, 133.8,14981,-66.7,-78.3,-73.6, 19, 36, 0.01,245,22.7
2026-06-10 11:47:19,-101.7873,32.0179, 133.7,14986,-66.8,-78.4,-73.6, 19, 36, 0.01,245,22.7
2026-06-10 11:47:20,-101.7870,32.0180, 133.6,14991,-66.8,-78.5,-73.7, 19, 35, 0.01,246,22.7
2026-06-10 11:47:21,-101.7868,32.0181, 133.5,14996,-66.8,-78.6,-73.8, 18, 35, 0.01,246,22.7
2026-06-10 11:47:22,-101.7866,32.0181, 133.4,15001,-66.8,-78.7,-73.9, 18, 35, 0.01,246,22.7
2026-06-10 11:47:23,-101.7864,32.0182, 133.2,15006,-66.9,-78.8,-74.0, 18, 34, 0.01,246,22.8
2026-06-10 11:47:24,-101.7861,32.0183, 133.1,15011,-66.9,-78.9,-74.1, 18, 34, 0.01,246,22.8
2026-06-10 11:47:25,-101.7859,32.0184, 133.0,15016,-66.9,-79.0,-74.2, 18, 33, 0.01,247,22.8
2026-06-10 11:47:26,-101.7857,32.0185, 132.9,15021,-66.9,-79.1,-74.3, 17, 33, 0.01,247,22.8
2026-06-10 11:47:27,-101.7855,32.0185, 132.8,15026,-67.0,-79.2,-74.4, 17, 33, 0.01,247,22.9
2026-06-10 11:47:28,-101.7853,32.0186, 132.7,15031,-67.0,-79.3,-74.5, 17, 32, 0.01,247,22.9
2026-06-10 11:47:29,-101.7850,32.0187, 132.6,15036,-67.0,-79.4,-74.6, 17, 32, 0.01,247,23.0
2026-06-10 11:47:30,-101.7848,32.0188, 132.5,15040,-67.0,-79.5,-74.7, 16, 32, 0.01,248,23.0
2026-06-10 11:47:31,-101.7846,32.0188, 132.4,15045,-67.1,-79.6,-74.8, 16, 31, 0.01,248,23.1
2026-06-10 11:47:32,-101.7843,32.0189, 132.3,15050,-67.1,-79.7,-74.9, 16, 31, 0.01,248,23.1
2026-06-10 11:47:33,-101.7841,32.0190, 132.2,15055,-67.1,-79.8,-75.0, 16, 30, 0.01,248,23.2
2026-06-10 11:47:34,-101.7839,32.0190, 132.1,15060,-67.1,-79.9,-75.1, 16, 30, 0.01,248,23.2
2026-06-10 11:47:35,-101.7836,32.0191, 132.0,15065,-67.2,-80.0,-75.2, 16, 30, 0.01,248,23.3
2026-06-10 11:47:36,-101.7834,32.0192, 131.9,15070,-67.2,-80.1,-75.3, 15, 29, 0.01,249,23.3
2026-06-10 11:47:37,-101.7832,32.0192, 131.7,15074,-67.2,-80.2,-75.4, 15, 29, 0.01,249,23.4
2026-06-10 11:47:38,-101.7830,32.0193, 131.6,15079,-67.2,-80.3,-75.5, 15, 29, 0.01,249,23.4
2026-06-10 11:47:39,-101.7827,32.0194, 131.5,15084,-67.3,-80.4,-75.6, 15, 28, 0.01,249,23.5
2026-06-10 11:47:40,-101.7825,32.0194, 131.4,15089,-67.3,-80.5,-75.7, 15, 28, 0.01,249,23.6
2026-06-10 11:47:41,-101.7823,32.0195, 131.3,15094,-67.3,-80.6,-75.8, 14, 28, 0.01,249,23.6
2026-06-10 11:47:42,-101.7820,32.0196, 131.2,15099,-67.3,-80.7,-75.9, 14, 27, 0.00,250,23.7
2026-06-10 11:47:43,-101.7818,32.0196, 131.1,15104,-67.4,-80.8,-76.0, 14, 27, 0.00,250,23.7
2026-06-10 11:47:44,-101.7816,32.0197, 131.0,15109,-67.4,-80.9,-76.1, 14, 27, 0.00,250,23.8
2026-06-10 11:47:45,-101.7813,32.0198, 130.9,15114,-67.4,-81.0,-76.2, 14, 26, 0.00,250,23.8
2026-06-10 11:47:46,-101.7811,32.0198, 130.8,15119,-67.4,-81.0,-76.2, 14, 26, 0.00,250,23.9
2026-06-10 11:47:47,-101.7809,32.0199, 130.7,15124,-67.4,-81.0,-76.3, 14, 26, 0.00,250,23.8
2026-06-10 11:47:48,-101.7806,32.0200, 130.6,15129,-67.4,-81.1,-76.3, 13, 26, 0.00,250,23.7
2026-06-10 11:47:49,-101.7804,32.0200, 130.5,15134,-67.5,-81.1,-76.4, 13, 26, 0.00,251,23.7
2026-06-10 11:47:50,-101.7802,32.0201, 130.4,15139,-67.5,-81.2,-76.4, 13, 26, 0.00,251,23.6
2026-06-10 11:47:51,-101.7799,32.0202, 130.2,15143,-67.5,-81.2,-76.5, 13, 25, 0.00,251,23.6
2026-06-10 11:47:52,-101.7797,32.0202, 130.1,15148,-67.5,-81.3,-76.5, 13, 25, 0.00,251,23.5
2026-06-10 11:47:53,-101.7795,32.0203, 130.0,15153,-67.5,-81.3,-76.6, 13, 25, 0.00,251,23.4
2026-06-10 11:47:54,-101.7793,32.0204, 129.9,15158,-67.5,-81.4,-76.6, 13, 25, 0.00,251,23.4
2026-06-10 11:47:55,-101.7790,32.0204, 129.8,15163,-67.5,-81.4,-76.7, 13, 25, 0.00,251,23.3
2026-06-10 11:47:56,-101.7788,32.0205, 129.7,15168,-67.5,-81.5,-76.7, 13, 25, 0.00,251,23.2
2026-06-10 11:47:57,-101.7786,32.0206, 129.6,15173,-67.5,-81.5,-76.8, 13, 25, 0.00,251,23.2
2026-06-10 11:47:58,-101.7783,32.0206, 129.5,15177,-67.6,-81.5,-76.8, 13, 25, 0.00,251,23.1
2026-06-10 11:47:59,-101.7781,32.0207, 129.4,15183,-67.6,-81.5,-76.8, 13, 25, 0.00,251,23.1
2026-06-10 11:48:00,-101.7779,32.0208, 129.3,15188,-67.6,-81.5,-76.8, 13, 25, 0.00,251,23.0
2026-06-10 11:48:01,-101.7777,32.0209, 129.2,15193,-67.6,-81.5,-76.8, 13, 25, 0.00,251,22.9
2026-06-10 11:48:02,-101.7775,32.0209, 129.1,15198,-67.6,-81.5,-76.8, 13, 25, 0.00,251,22.9
2026-06-10 11:48:03,-101.7773,32.0210, 129.0,15203,-67.6,-81.5,-76.8, 13, 25, 0.00,251,22.8
2026-06-10 11:48:04,-101.7771,32.0211, 128.9,15208,-67.6,-81.5,-76.7, 13, 25, 0.00,251,22.7
2026-06-10 11:48:05,-101.7768,32.0211, 128.7,15213,-67.6,-81.5,-76.7, 13, 25, 0.00,252,22.7
2026-06-10 11:48:06,-101.7766,32.0212, 128.6,15218,-67.6,-81.5,-76.7, 13, 25, 0.00,252,22.6
2026-06-10 11:48:07,-101.7764,32.0213, 128.5,15223,-67.6,-81.5,-76.7, 13, 25, 0.00,251,22.5
2026-06-10 11:48:08,-101.7762,32.0213, 128.4,15228,-67.6,-81.5,-76.7, 13, 25, 0.00,251,22.5
2026-06-10 11:48:09,-101.7760,32.0214, 128.3,15232,-67.6,-81.5,-76.7, 13, 25, 0.00,251,22.4
2026-06-10 11:48:10,-101.7758,32.0215, 128.2,15237,-67.6,-81.5,-76.7, 13, 25, 0.00,251,22.3
2026-06-10 11:48:11,-101.7756,32.0215, 128.1,15242,-67.6,-81.4,-76.7, 13, 25, 0.00,251,22.2
2026-06-10 11:48:12,-101.7754,32.0216, 128.0,15247,-67.6,-81.3,-76.6, 13, 25, 0.00,251,22.1
2026-06-10 11:48:13,-101.7752,32.0217, 127.9,15252,-67.6,-81.3,-76.5, 13, 26, 0.00,250,22.1
2026-06-10 11:48:14,-101.7750,32.0218, 127.8,15257,-67.5,-81.2,-76.5, 13, 26, 0.00,250,22.0
2026-06-10 11:48:15,-101.7747,32.0218, 127.7,15262,-67.5,-81.1,-76.4, 14, 26, 0.00,250,21.9
2026-06-10 11:48:16,-101.7745,32.0219, 127.6,15267,-67.5,-81.1,-76.3, 14, 26, 0.00,250,21.8
2026-06-10 11:48:17,-101.7743,32.0220, 127.5,15272,-67.5,-81.0,-76.3, 14, 27, 0.00,250,21.8
2026-06-10 11:48:18,-101.7741,32.0220, 127.4,15277,-67.5,-80.9,-76.2, 14, 27, 0.00,249,21.7
2026-06-10 11:48:19,-101.7739,32.0221, 127.3,15283,-67.5,-80.9,-76.1, 14, 27, 0.00,249,21.6
2026-06-10 11:48:20,-101.7737,32.0222, 127.2,15288,-67.5,-80.8,-76.1, 14, 27, 0.01,249,21.5
2026-06-10 11:48:21,-101.7735,32.0222, 127.0,15293,-67.5,-80.7,-76.0, 14, 28, 0.01,249,21.5
2026-06-10 11:48:22,-101.7733,32.0223, 126.9,15298,-67.5,-80.7,-75.9, 15, 28, 0.01,249,21.4
2026-06-10 11:48:23,-101.7731,32.0224, 126.8,15303,-67.5,-80.6,-75.9, 15, 28, 0.01,249,21.3
2026-06-10 11:48:24,-101.7729,32.0224, 126.7,15308,-67.5,-80.5,-75.8, 15, 29, 0.01,248,21.2
2026-06-10 11:48:25,-101.7727,32.0225, 126.6,15313,-67.5,-80.4,-75.7, 15, 29, 0.01,248,21.2
2026-06-10 11:48:26,-101.7724,32.0226, 126.5,15318,-67.5,-80.3,-75.5, 16, 30, 0.01,248,21.1
2026-06-10 11:48:27,-101.7722,32.0227, 126.4,15322,-67.5,-80.2,-75.4, 16, 30, 0.01,248,21.1
2026-06-10 11:48:28,-101.7720,32.0227, 126.3,15327,-67.6,-80.1,-75.3, 16, 31, 0.01,248,21.1
2026-06-10 11:48:29,-101.7718,32.0228, 126.2,15332,-67.6,-80.0,-75.2, 16, 31, 0.01,248,21.1
2026-06-10 11:48:30,-101.7716,32.0229, 126.1,15336,-67.6,-79.9,-75.1, 17, 32, 0.01,248,21.1
2026-06-10 11:48:31,-101.7714,32.0229, 126.0,15341,-67.6,-79.8,-75.0, 17, 32, 0.01,248,21.1
2026-06-10 11:48:32,-101.7712,32.0230, 125.9,15346,-67.6,-79.7,-74.9, 17, 33, 0.01,248,21.1
2026-06-10 11:48:33,-101.7710,32.0231, 125.8,15351,-67.6,-79.6,-74.8, 17, 34, 0.01,248,21.1
2026-06-10 11:48:34,-101.7707,32.0231, 125.7,15356,-67.6,-79.5,-74.7, 18, 34, 0.01,248,21.1
2026-06-10 11:48:35,-101.7705,32.0232, 125.6,15361,-67.6,-79.4,-74.6, 18, 35, 0.01,248,21.1
2026-06-10 11:48:36,-101.7703,32.0233, 125.5,15366,-67.6,-79.3,-74.5, 18, 35, 0.01,248,21.1
2026-06-10 11:48:37,-101.7701,32.0234, 125.4,15371,-67.6,-79.2,-74.4, 19, 36, 0.01,248,21.1
2026-06-10 11:48:38,-101.7699,32.0234, 125.3,15376,-67.6,-79.1,-74.4, 19, 36, 0.01,248,21.2
2026-06-10 11:48:39,-101.7697,32.0235, 125.2,15381,-67.6,-79.1,-74.3, 19, 36, 0.01,248,21.2
2026-06-10 11:48:40,-101.7695,32.0236, 125.1,15386,-67.7,-79.0,-74.3, 19, 37, 0.01,248,21.2
2026-06-10 11:48:41,-101.7692,32.0236, 125.0,15391,-67.7,-79.0,-74.3, 19, 37, 0.01,248,21.2
2026-06-10 11:48:42,-101.7690,32.0237, 124.9,15396,-67.7,-79.0,-74.2, 20, 38, 0.01,248,21.2
2026-06-10 11:48:43,-101.7688,32.0238, 124.8,15401,-67.8,-78.9,-74.2, 20, 38, 0.01,248,21.2
2026-06-10 11:48:44,-101.7686,32.0239, 124.7,15406,-67.8,-78.9,-74.1, 20, 38, 0.01,248,21.2
2026-06-10 11:48:45,-101.7684,32.0239, 124.6,15411,-67.8,-78.8,-74.1, 20, 39, 0.01,248,21.2
2026-06-10 11:48:46,-101.7682,32.0240, 124.5,15417,-67.8,-78.8,-74.1, 20, 39, 0.01,248,21.2
2026-06-10 11:48:47,-101.7679,32.0241, 124.4,15422,-67.9,-78.8,-74.0, 20, 39, 0.01,248,21.3
2026-06-10 11:48:48,-101.7677,32.0241, 124.2,15427,-67.9,-78.7,-74.0, 21, 40, 0.01,248,21.3
2026-06-10 11:48:49,-101.7675,32.0242, 124.1,15432,-67.9,-78.7,-74.0, 21, 40, 0.01,248,21.4
2026-06-10 11:48:50,-101.7673,32.0243, 124.0,15438,-67.9,-78.7,-73.9, 21, 41, 0.01,248,21.5
2026-06-10 11:48:51,-101.7671,32.0244, 123.9,15442,-68.0,-78.7,-74.0, 21, 41, 0.01,248,21.5
2026-06-10 11:48:52,-101.7669,32.0244, 123.8,15448,-68.0,-78.8,-74.0, 21, 40, 0.01,248,21.6
2026-06-10 11:48:53,-101.7667,32.0245, 123.7,15453,-68.0,-78.8,-74.1, 21, 40, 0.01,248,21.6
2026-06-10 11:48:54,-101.7664,32.0246, 123.6,15458,-68.1,-78.9,-74.1, 21, 40, 0.01,248,21.7
2026-06-10 11:48:55,-101.7662,32.0246, 123.5,15464,-68.1,-78.9,-74.2, 21, 40, 0.01,248,21.8
2026-06-10 11:48:56,-101.7660,32.0247, 123.4,15469,-68.1,-79.0,-74.2, 21, 40, 0.01,249,21.8
2026-06-10 11:48:57,-101.7658,32.0248, 123.3,15474,-68.2,-79.0,-74.3, 21, 40, 0.01,249,21.9
2026-06-10 11:48:58,-101.7656,32.0249, 123.2,15479,-68.2,-79.1,-74.4, 20, 40, 0.01,249,22.0
2026-06-10 11:48:59,-101.7654,32.0249, 123.1,15485,-68.3,-79.2,-74.4, 20, 39, 0.01,249,22.0
2026-06-10 11:49:00,-101.7651,32.0250, 122.9,15490,-68.3,-79.2,-74.5, 20, 39, 0.01,249,22.1
2026-06-10 11:49:01,-101.7649,32.0251, 122.8,15495,-68.3,-79.3,-74.5, 20, 39, 0.01,249,22.2
2026-06-10 11:49:02,-101.7647,32.0251, 122.7,15500,-68.4,-79.3,-74.6, 20, 39, 0.01,249,22.2
2026-06-10 11:49:03,-101.7645,32.0252, 122.6,15506,-68.4,-79.4,-74.7, 20, 39, 0.01,249,22.3
2026-06-10 11:49:04,-101.7643,32.0253, 122.5,15511,-68.4,-79.5,-74.7, 20, 39, 0.01,249,22.4
2026-06-10 11:49:05,-101.7640,32.0253, 122.4,15516,-68.5,-79.5,-74.8, 20, 38, 0.01,249,22.4
2026-06-10 11:49:06,-101.7638,32.0254, 122.3,15522,-68.5,-79.6,-74.9, 20, 38, 0.01,249,22.5
2026-06-10 11:49:07,-101.7636,32.0255, 122.2,15527,-68.6,-79.7,-75.0, 20, 38, 0.01,249,22.5
2026-06-10 11:49:08,-101.7634,32.0255, 122.1,15533,-68.6,-79.8,-75.0, 19, 38, 0.01,249,22.5
2026-06-10 11:49:09,-101.7631,32.0256, 122.0,15538,-68.7,-79.8,-75.1, 19, 38, 0.01,249,22.5
2026-06-10 11:49:10,-101.7629,32.0257, 121.9,15543,-68.7,-79.9,-75.2, 19, 37, 0.01,249,22.5
2026-06-10 11:49:11,-101.7627,32.0258, 121.8,15547,-68.7,-80.0,-75.3, 19, 37, 0.01,249,22.5
2026-06-10 11:49:12,-101.7625,32.0258, 121.7,15552,-68.8,-80.1,-75.3, 19, 37, 0.01,249,22.5
2026-06-10 11:49:13,-101.7623,32.0259, 121.6,15557,-68.8,-80.2,-75.4, 19, 37, 0.01,249,22.5
2026-06-10 11:49:14,-101.7620,32.0260, 121.5,15561,-68.9,-80.2,-75.5, 19, 36, 0.01,249,22.5
2026-06-10 11:49:15,-101.7618,32.0260, 121.4,15566,-68.9,-80.3,-75.6, 19, 36, 0.01,249,22.5
2026-06-10 11:49:16,-101.7616,32.0261, 121.3,15571,-69.0,-80.4,-75.6, 19, 36, 0.01,249,22.5
2026-06-10 11:49:17,-101.7614,32.0262, 121.2,15576,-69.0,-80.5,-75.7, 18, 36, 0.01,249,22.5
2026-06-10 11:49:18,-101.7611,32.0262, 121.1,15581,-69.1,-80.5,-75.8, 18, 36, 0.01,249,22.5
2026-06-10 11:49:19,-101.7609,32.0263, 121.0,15586,-69.1,-80.6,-75.8, 18, 36, 0.01,249,22.5
2026-06-10 11:49:20,-101.7607,32.0264, 120.9,15591,-69.1,-80.6,-75.9, 18, 36, 0.01,250,22.5
2026-06-10 11:49:21,-101.7605,32.0264, 120.8,15597,-69.2,-80.7,-75.9, 18, 36, 0.01,250,22.5
2026-06-10 11:49:22,-101.7602,32.0265, 120.7,15602,-69.2,-80.7,-76.0, 18, 36, 0.01,250,22.5
2026-06-10 11:49:23,-101.7600,32.0266, 120.6,15607,-69.3,-80.8,-76.0, 18, 35, 0.01,250,22.5
2026-06-10 11:49:24,-101.7598,32.0266, 120.5,15612,-69.3,-80.8,-76.1, 18, 35, 0.01,250,22.5
2026-06-10 11:49:25,-101.7596,32.0267, 120.4,15617,-69.4,-80.9,-76.1, 18, 35, 0.01,250,22.5
2026-06-10 11:49:26,-101.7594,32.0268, 120.3,15622,-69.4,-80.9,-76.2, 18, 35, 0.01,250,22.5
2026-06-10 11:49:27,-101.7591,32.0269, 120.2,15627,-69.4,-81.0,-76.2, 18, 35, 0.01,250,22.5
2026-06-10 11:49:28,-101.7589,32.0269, 120.1,15632,-69.5,-81.0,-76.3, 18, 35, 0.01,250,22.5
2026-06-10 11:49:29,-101.7587,32.0270, 120.0,15637,-69.5,-81.1,-76.3, 18, 35, 0.01,250,22.4
2026-06-10 11:49:30,-101.7585,32.0271, 119.9,15641,-69.6,-81.1,-76.4, 18, 35, 0.01,250,22.4
2026-06-10 11:49:31,-101.7582,32.0271, 119.8,15646,-69.6,-81.2,-76.4, 18, 35, 0.01,250,22.4
2026-06-10 11:49:32,-101.7580,32.0272, 119.7,15651,-69.6,-81.2,-76.5, 18, 35, 0.00,250,22.4
2026-06-10 11:49:33,-101.7578,32.0272, 119.6,15656,-69.7,-81.3,-76.5, 18, 35, 0.00,250,22.4
2026-06-10 11:49:34,-101.7576,32.0273, 119.5,15661,-69.7,-81.3,-76.6, 18, 35, 0.00,251,22.4
2026-06-10 11:49:35,-101.7573,32.0273, 119.4,15666,-69.8,-81.4,-76.6, 18, 35, 0.00,251,22.4
2026-06-10 11:49:36,-101.7571,32.0274, 119.3,15671,-69.8,-81.4,-76.7, 18, 35, 0.00,251,22.4
2026-06-10 11:49:37,-101.7569,32.0274, 119.2,15675,-69.8,-81.5,-76.7, 18, 35, 0.00,251,22.4
2026-06-10 11:49:38,-101.7567,32.0275, 119.1,15680,-69.9,-81.5,-76.8, 18, 34, 0.00,251,22.4
2026-06-10 11:49:39,-101.7565,32.0276, 119.0,15685,-69.9,-81.6,-76.8, 18, 34, 0.00,251,22.3
2026-06-10 11:49:40,-101.7562,32.0276, 118.9,15689,-69.9,-81.6,-76.9, 17, 34, 0.00,251,22.3
2026-06-10 11:49:41,-101.7560,32.0277, 118.8,15694,-70.0,-81.7,-76.9, 17, 34, 0.00,251,22.3
2026-06-10 11:49:42,-101.7558,32.0277, 118.7,15699,-70.0,-81.7,-77.0, 17, 34, 0.00,251,22.3
2026-06-10 11:49:43,-101.7556,32.0278, 118.6,15704,-70.1,-81.8,-77.0, 17, 34, 0.00,251,22.3
2026-06-10 11:49:44,-101.7553,32.0278, 118.5,15708,-70.1,-81.8,-77.1, 17, 34, 0.00,251,22.3
2026-06-10 11:49:45,-101.7551,32.0279, 118.4,15713,-70.1,-81.8,-77.0, 17, 34, 0.00,252,22.3
2026-06-10 11:49:46,-101.7549,32.0279, 118.3,15718,-70.2,-81.8,-77.0, 18, 35, 0.00,252,22.3
2026-06-10 11:49:47,-101.7547,32.0280, 118.2,15723,-70.2,-81.7,-77.0, 18, 35, 0.00,252,22.3
2026-06-10 11:49:48,-101.7544,32.0281, 118.1,15728,-70.2,-81.7,-77.0, 18, 35, 0.00,252,22.2
2026-06-10 11:49:49,-101.7542,32.0281, 118.1,15733,-70.3,-81.7,-76.9, 18, 36, 0.00,252,22.2
2026-06-10 11:49:50,-101.7540,32.0282, 118.0,15737,-70.3,-81.6,-76.9, 18, 36, 0.00,252,22.2
2026-06-10 11:49:51,-101.7538,32.0282, 117.9,15742,-70.3,-81.6,-76.9, 18, 36, 0.00,253,22.2
2026-06-10 11:49:52,-101.7536,32.0283, 117.8,15747,-70.3,-81.6,-76.8, 19, 37, 0.00,253,22.1
2026-06-10 11:49:53,-101.7533,32.0283, 117.7,15751,-70.4,-81.6,-76.8, 19, 37, 0.00,253,22.1
2026-06-10 11:49:54,-101.7531,32.0284, 117.6,15756,-70.4,-81.5,-76.8, 19, 37, 0.00,253,22.1
2026-06-10 11:49:55,-101.7529,32.0284, 117.5,15761,-70.4,-81.5,-76.8, 19, 38, 0.00,253,22.1
2026-06-10 11:49:56,-101.7527,32.0285, 117.4,15766,-70.5,-81.5,-76.7, 19, 38, 0.00,254,22.1
2026-06-10 11:49:57,-101.7524,32.0286, 117.3,15771,-70.5,-81.5,-76.7, 19, 38, 0.00,254,22.1
2026-06-10 11:49:58,-101.7522,32.0286, 117.2,15776,-70.5,-81.5,-76.7, 20, 39, 0.00,254,22.0
2026-06-10 11:49:59,-101.7520,32.0287, 117.1,15781,-70.6,-81.4,-76.7, 20, 39, 0.00,254,22.0
2026-06-10 11:50:00,-101.7518,32.0287, 117.0,15786,-70.6,-81.4,-76.7, 20, 39, 0.00,254,22.0
2026-06-10 11:50:01,-101.7516,32.0287, 116.9,15791,-70.6,-81.4,-76.7, 20, 39, 0.00,254,22.0
2026-06-10 11:50:02,-101.7513,32.0288, 116.8,15796,-70.7,-81.4,-76.7, 20, 40, 0.00,255,22.0
2026-06-10 11:50:03,-101.7511,32.0288, 116.7,15801,-70.7,-81.4,-76.6, 20, 40, 0.00,255,21.9
2026-06-10 11:50:04,-101.7509,32.0288, 116.6,15806,-70.7,-81.4,-76.6, 20, 40, 0.01,255,21.9
2026-06-10 11:50:05,-101.7507,32.0289, 116.5,15811,-70.7,-81.4,-76.6, 20, 40, 0.01,255,21.9
2026-06-10 11:50:06,-101.7505,32.0289, 116.4,15816,-70.8,-81.4,-76.6, 21, 41, 0.01,255,21.9
2026-06-10 11:50:07,-101.7503,32.0289, 116.3,15821,-70.8,-81.3,-76.6, 21, 41, 0.01,256,21.8
2026-06-10 11:50:08,-101.7500,32.0290, 116.2,15826,-70.8,-81.3,-76.6, 21, 41, 0.01,256,21.8
2026-06-10 11:50:09,-101.7498,32.0290, 116.1,15831,-70.9,-81.3,-76.6, 21, 41, 0.01,256,21.7
2026-06-10 11:50:10,-101.7496,32.0290, 116.0,15836,-70.9,-81.3,-76.6, 21, 41, 0.01,256,21.6
2026-06-10 11:50:11,-101.7494,32.0291, 115.9,15840,-70.9,-81.3,-76.6, 21, 42, 0.01,257,21.6
2026-06-10 11:50:12,-101.7492,32.0291, 115.8,15846,-70.9,-81.4,-76.6, 21, 42, 0.01,257,21.5
2026-06-10 11:50:13,-101.7490,32.0291, 115.7,15851,-71.0,-81.4,-76.6, 21, 42, 0.01,257,21.4
2026-06-10 11:50:14,-101.7487,32.0292, 115.6,15856,-71.0,-81.4,-76.7, 21, 41, 0.00,257,21.4
2026-06-10 11:50:15,-101.7485,32.0292, 115.5,15861,-71.0,-81.5,-76.7, 21, 41, 0.00,258,21.3
2026-06-10 11:50:16,-101.7483,32.0292, 115.4,15866,-71.1,-81.5,-76.8, 21, 41, 0.00,258,21.2
2026-06-10 11:50:17,-101.7481,32.0292, 115.3,15870,-71.1,-81.6,-76.8, 21, 41, 0.00,258,21.2
2026-06-10 11:50:18,-101.7479,32.0293, 115.2,15875,-71.1,-81.6,-76.9, 21, 41, 0.00,258,21.1
2026-06-10 11:50:19,-101.7477,32.0293, 115.2,15880,-71.2,-81.7,-76.9, 21, 41, 0.00,259,21.0
2026-06-10 11:50:20,-101.7475,32.0293, 115.1,15884,-71.2,-81.7,-77.0, 21, 41, 0.00,259,21.0
2026-06-10 11:50:21,-101.7472,32.0294, 115.0,15889,-71.2,-81.7,-77.0, 21, 41, 0.00,259,20.9
2026-06-10 11:50:22,-101.7470,32.0294, 114.9,15894,-71.3,-81.8,-77.0, 21, 41, 0.00,259,20.8
2026-06-10 11:50:23,-101.7468,32.0294, 114.8,15898,-71.3,-81.8,-77.1, 20, 41, 0.00,260,20.8
2026-06-10 11:50:24,-101.7466,32.0295, 114.7,15903,-71.3,-81.9,-77.1, 20, 41, 0.00,260,20.7
2026-06-10 11:50:25,-101.7464,32.0295, 114.6,15908,-71.3,-81.9,-77.2, 20, 40, 0.00,260,20.7
2026-06-10 11:50:26,-101.7462,32.0295, 114.5,15913,-71.4,-82.0,-77.2, 20, 40, 0.00,261,20.6
2026-06-10 11:50:27,-101.7459,32.0296, 114.4,15917,-71.4,-82.1,-77.3, 20, 40, 0.00,261,20.6
2026-06-10 11:50:28,-101.7457,32.0296, 114.3,15922,-71.4,-82.1,-77.4, 20, 40, 0.00,261,20.6
2026-06-10 11:50:29,-101.7455,32.0296, 114.2,15927,-71.4,-82.2,-77.4, 20, 39, 0.00,261,20.6
2026-06-10 11:50:30,-101.7453,32.0297, 114.2,15932,-71.5,-82.3,-77.5, 20, 39, 0.00,261,20.6
2026-06-10 11:50:31,-101.7451,32.0297, 114.1,15936,-71.5,-82.3,-77.6, 19, 39, 0.00,261,20.6
2026-06-10 11:50:32,-101.7449,32.0297, 114.0,15941,-71.5,-82.4,-77.6, 19, 39, 0.00,261,20.5
2026-06-10 11:50:33,-101.7447,32.0297, 113.9,15946,-71.5,-82.5,-77.7, 19, 38, 0.00,261,20.5
2026-06-10 11:50:34,-101.7444,32.0297, 113.8,15950,-71.6,-82.5,-77.8, 19, 38, 0.00,261,20.5
2026-06-10 11:50:35,-101.7442,32.0297, 113.7,15955,-71.6,-82.6,-77.8, 19, 38, 0.00,262,20.5
2026-06-10 11:50:36,-101.7440,32.0298, 113.6,15959,-71.6,-82.7,-77.9, 19, 37, 0.00,262,20.5
2026-06-10 11:50:37,-101.7438,32.0298, 113.5,15964,-71.6,-82.7,-78.0, 19, 37, 0.00,262,20.5
2026-06-10 11:50:38,-101.7436,32.0298, 113.4,15968,-71.7,-82.8,-78.0, 19, 37, 0.00,262,20.5
2026-06-10 11:50:39,-101.7434,32.0298, 113.4,15972,-71.7,-82.8,-78.1, 18, 37, 0.00,262,20.5
2026-06-10 11:50:40,-101.7432,32.0298, 113.3,15977,-71.7,-82.9,-78.1, 18, 37, 0.00,262,20.5
2026-06-10 11:50:41,-101.7430,32.0298, 113.2,15981,-71.7,-82.9,-78.2, 18, 36, 0.00,262,20.5
2026-06-10 11:50:42,-101.7428,32.0299, 113.1,15986,-71.7,-83.0,-78.2, 18, 36, 0.00,262,20.5
2026-06-10 11:50:43,-101.7426,32.0299, 113.0,15990,-71.7,-83.0,-78.3, 18, 36, 0.00,262,20.5
2026-06-10 11:50:44,-101.7424,32.0299, 112.9,15995,-71.8,-83.1,-78.3, 18, 36, 0.00,263,20.4
2026-06-10 11:50:45,-101.7422,32.0299, 112.9,15999,-71.8,-83.1,-78.4, 18, 36, 0.00,263,20.4
2026-06-10 11:50:46,-101.7420,32.0299, 112.8,16003,-71.8,-83.2,-78.4, 18, 35, 0.00,263,20.4
2026-06-10 11:50:47,-101.7418,32.0299, 112.7,16008,-71.8,-83.2,-78.5, 18, 35, 0.00,263,20.4
2026-06-10 11:50:48,-101.7415,32.0299, 112.6,16012,-71.8,-83.3,-78.5, 18, 35, 0.00,263,20.3
2026-06-10 11:50:49,-101.7413,32.0300, 112.5,16016,-71.8,-83.3,-78.6, 17, 35, 0.00,263,20.2
2026-06-10 11:50:50,-101.7411,32.0300, 112.4,16021,-71.9,-83.4,-78.6, 17, 35, 0.00,264,20.1
2026-06-10 11:50:51,-101.7409,32.0300, 112.4,16025,-71.9,-83.4,-78.7, 17, 34, 0.00,264,20.1
2026-06-10 11:50:52,-101.7407,32.0300, 112.3,16029,-71.9,-83.4,-78.7, 17, 34, 0.00,264,20.0
2026-06-10 11:50:53,-101.7405,32.0300, 112.2,16034,-71.9,-83.5,-78.7, 17, 34, 0.00,264,19.9
2026-06-10 11:50:54,-101.7403,32.0300, 112.1,16038,-71.9,-83.5,-78.7, 17, 34, 0.00,264,19.8
2026-06-10 11:50:55,-101.7401,32.0301, 112.0,16043,-71.9,-83.5,-78.7, 17, 34, 0.00,265,19.8
2026-06-10 11:50:56,-101.7399,32.0301, 111.9,16047,-71.9,-83.5,-78.8, 17, 34, 0.00,265,19.7
2026-06-10 11:50:57,-101.7397,32.0301, 111.8,16052,-71.9,-83.5,-78.8, 17, 34, 0.00,265,19.6
2026-06-10 11:50:58,-101.7395,32.0301, 111.8,16056,-71.9,-83.6,-78.8, 17, 34, 0.00,265,19.5
2026-06-10 11:50:59,-101.7393,32.0301, 111.7,16061,-71.9,-83.6,-78.8, 17, 34, 0.00,265,19.5
2026-06-10 11:51:00,-101.7391,32.0301, 111.6,16065,-72.0,-83.6,-78.8, 17, 34, 0.00,266,19.4
2026-06-10 11:51:01,-101.7389,32.0301, 111.5,16070,-72.0,-83.6,-78.9, 17, 34, 0.00,266,19.3
2026-06-10 11:51:02,-101.7387,32.0301, 111.4,16074,-72.0,-83.6,-78.9, 17, 34, 0.00,266,19.2
2026-06-10 11:51:03,-101.7385,32.0301, 111.4,16078,-72.0,-83.7,-78.9, 17, 34, 0.00,266,19.2
2026-06-10 11:51:04,-101.7383,32.0301, 111.3,16082,-72.0,-83.7,-78.9, 17, 34, 0.00,267,19.1
2026-06-10 11:51:05,-101.7382,32.0301, 111.2,16088,-72.0,-83.7,-79.0, 17, 33, 0.00,267,19.0
2026-06-10 11:51:06,-101.7380,32.0301, 111.1,16090,-72.0,-83.7,-79.0, 17, 33, 0.00,267,19.0
2026-06-10 11:51:07,-101.7378,32.0301, 111.0,16095,-72.0,-83.7,-79.0, 17, 33, 0.00,267,18.8
2026-06-10 11:51:08,-101.7377,32.0301, 110.9,16100,-72.0,-83.7,-79.0, 17, 33, 0.00,268,18.7
2026-06-10 11:51:09,-101.7375,32.0301, 110.8,16104,-72.0,-83.8,-79.0, 17, 33, 0.00,268,18.6
2026-06-10 11:51:10,-101.7373,32.0301, 110.8,16109,-72.0,-83.8,-79.0, 17, 33, 0.00,268,18.5
2026-06-10 11:51:11,-101.7371,32.0301, 110.7,16114,-72.0,-83.8,-79.0, 16, 33, 0.00,268,18.4
2026-06-10 11:51:12,-101.7370,32.0301, 110.6,16119,-72.0,-83.8,-79.0, 16, 33, 0.00,269,18.3
2026-06-10 11:51:13,-101.7368,32.0300, 110.5,16123,-72.0,-83.8,-79.1, 16, 33, 0.00,269,18.2
2026-06-10 11:51:14,-101.7366,32.0300, 110.4,16128,-72.0,-83.8,-79.1, 16, 33, 0.00,269,18.1
2026-06-10 11:51:15,-101.7365,32.0300, 110.3,16133,-72.0,-83.8,-79.1, 16, 33, 0.00,270,18.0
2026-06-10 11:51:16,-101.7363,32.0300, 110.2,16138,-72.0,-83.9,-79.1, 16, 33, 0.00,270,17.9
2026-06-10 11:51:17,-101.7361,32.0300, 110.1,16142,-72.0,-83.9,-79.1, 16, 32, 0.00,270,17.7
2026-06-10 11:51:18,-101.7359,32.0300, 110.0,16147,-72.0,-83.9,-79.1, 16, 32, 0.00,270,17.6
2026-06-10 11:51:19,-101.7358,32.0300, 110.0,16152,-72.0,-83.9,-79.1, 16, 32, 0.00,271,17.5
2026-06-10 11:51:20,-101.7356,32.0300, 109.9,16157,-72.0,-83.9,-79.1, 16, 32, 0.00,271,17.4
2026-06-10 11:51:21,-101.7354,32.0300, 109.8,16162,-72.0,-83.9,-79.1, 16, 32, 0.00,271,17.3
2026-06-10 11:51:22,-101.7353,32.0300, 109.7,16167,-71.9,-83.9,-79.1, 16, 32, 0.00,272,17.2
2026-06-10 11:51:23,-101.7351,32.0300, 109.6,16172,-71.9,-83.9,-79.1, 16, 32, 0.00,272,17.1
2026-06-10 11:51:24,-101.7349,32.0300, 109.5,16177,-71.9,-83.9,-79.1, 16, 32, 0.00,272,17.0
2026-06-10 11:51:25,-101.7347,32.0299, 109.4,16182,-71.9,-83.9,-79.1, 16, 32, 0.00,273,16.9
2026-06-10 11:51:26,-101.7346,32.0299, 109.3,16187,-71.9,-83.9,-79.1, 16, 32, 0.00,273,16.8
2026-06-10 11:51:27,-101.7344,32.0299, 109.2,16193,-71.9,-83.9,-79.1, 16, 32, 0.00,273,16.5
2026-06-10 11:51:28,-101.7342,32.0299, 109.1,16198,-71.9,-83.9,-79.1, 16, 32, 0.00,273,16.3
2026-06-10 11:51:29,-101.7340,32.0299, 109.0,16203,-71.9,-83.9,-79.1, 16, 32, 0.00,273,16.0
2026-06-10 11:51:30,-101.7339,32.0299, 108.9,16209,-71.9,-83.9,-79.1, 16, 32, 0.00,273,15.7
2026-06-10 11:51:31,-101.7338,32.0299, 108.8,16215,-71.9,-83.9,-79.1, 16, 32, 0.00,274,15.5
2026-06-10 11:51:32,-101.7337,32.0299, 108.7,16218,-71.9,-83.9,-79.1, 16, 32, 0.00,274,15.3
2026-06-10 11:51:33,-101.7336,32.0299, 108.6,16226,-71.9,-83.9,-79.1, 16, 32, 0.00,274,14.9
2026-06-10 11:51:34,-101.7335,32.0299, 108.5,16232,-71.9,-83.9,-79.1, 16, 32, 0.00,274,14.7
2026-06-10 11:51:35,-101.7333,32.0299, 108.4,16238,-71.9,-83.9,-79.1, 16, 32, 0.00,274,14.4
2026-06-10 11:51:36,-101.7332,32.0299, 108.3,16243,-71.9,-83.8,-79.1, 16, 32, 0.00,274,14.2
2026-06-10 11:51:37,-101.7331,32.0299, 108.2,16249,-71.9,-83.8,-79.1, 16, 32, 0.00,274,13.9
2026-06-10 11:51:38,-101.7330,32.0298, 108.1,16254,-71.9,-83.8,-79.1, 16, 32, 0.00,275,13.6
2026-06-10 11:51:39,-101.7329,32.0298, 108.0,16260,-71.9,-83.8,-79.1, 16, 32, 0.00,275,13.4
2026-06-10 11:51:40,-101.7328,32.0298, 107.9,16266,-71.9,-83.8,-79.1, 16, 32, 0.00,275,13.1
2026-06-10 11:51:41,-101.7327,32.0298, 107.8,16271,-71.9,-83.8,-79.0, 16, 32, 0.00,275,12.8
2026-06-10 11:51:42,-101.7326,32.0298, 107.7,16276,-71.9,-83.8,-79.0, 16, 32, 0.00,275,12.6
2026-06-10 11:51:43,-101.7325,32.0298, 107.6,16281,-71.8,-83.8,-79.0, 16, 32, 0.00,275,12.3
2026-06-10 11:51:44,-101.7324,32.0298, 107.5,16285,-71.8,-83.8,-79.0, 16, 32, 0.00,276,12.1
2026-06-10 11:51:45,-101.7323,32.0298, 107.4,16290,-71.8,-83.8,-79.0, 16, 32, 0.00,276,11.8
2026-06-10 11:51:46,-101.7322,32.0298, 107.3,16295,-71.8,-83.8,-79.0, 16, 32, 0.00,276,11.5
2026-06-10 11:51:47,-101.7320,32.0297, 107.2,16300,-71.8,-83.8,-79.0, 16, 32, 0.00,276,11.4
2026-06-10 11:51:48,-101.7319,32.0297, 107.1,16305,-71.8,-83.7,-79.0, 16, 32, 0.00,276,11.3
2026-06-10 11:51:49,-101.7318,32.0297, 107.1,16309,-71.8,-83.7,-79.0, 16, 32, 0.00,276,11.2
2026-06-10 11:51:50,-101.7317,32.0297, 107.0,16314,-71.8,-83.7,-79.0, 16, 33, 0.00,276,11.1
2026-06-10 11:51:51,-101.7316,32.0297, 106.9,16319,-71.8,-83.7,-79.0, 16, 33, 0.00,276,11.0
2026-06-10 11:51:52,-101.7315,32.0297, 106.8,16324,-71.8,-83.7,-78.9, 16, 33, 0.00,276,10.9
2026-06-10 11:51:53,-101.7314,32.0297, 106.7,16329,-71.8,-83.7,-78.9, 16, 33, 0.00,276,10.8
2026-06-10 11:51:54,-101.7313,32.0297, 106.6,16333,-71.8,-83.7,-78.9, 16, 33, 0.00,276,10.7
2026-06-10 11:51:55,-101.7312,32.0297, 106.5,16338,-71.8,-83.7,-78.9, 16, 33, 0.00,276,10.6
2026-06-10 11:51:56,-101.7311,32.0297, 106.5,16343,-71.8,-83.7,-78.9, 16, 33, 0.00,276,10.5
2026-06-10 11:51:57,-101.7310,32.0297, 106.4,16347,-71.8,-83.7,-78.9, 16, 33, 0.00,276,10.4
2026-06-10 11:51:58,-101.7308,32.0296, 106.3,16352,-71.8,-83.6,-78.9, 16, 33, 0.00,276,10.3
2026-06-10 11:51:59,-101.7308,32.0296, 106.2,16357,-71.8,-83.6,-78.9, 16, 33, 0.00,276,10.2
2026-06-10 11:52:00,-101.7306,32.0296, 106.1,16361,-71.8,-83.6,-78.9, 17, 33, 0.00,276,10.1
2026-06-10 11:52:01,-101.7305,32.0296, 106.0,16365,-71.8,-83.7,-78.9, 17, 33, 0.00,276,10.0
2026-06-10 11:52:02,-101.7304,32.0296, 106.0,16370,-71.9,-83.7,-78.9, 17, 33, 0.00,276, 9.9
2026-06-10 11:52:03,-101.7304,32.0296, 105.9,16374,-71.9,-83.7,-78.9, 17, 33, 0.00,276, 9.8
2026-06-10 11:52:04,-101.7303,32.0296, 105.8,16379,-71.9,-83.7,-78.9, 17, 33, 0.00,276, 9.7
2026-06-10 11:52:05,-101.7302,32.0296, 105.7,16384,-71.9,-83.7,-78.9, 17, 33, 0.00,276, 9.6
2026-06-10 11:52:06,-101.7301,32.0295, 105.6,16388,-71.9,-83.7,-78.9, 17, 33, 0.00,276, 9.5
2026-06-10 11:52:07,-101.7300,32.0295, 105.5,16393,-71.9,-83.7,-78.9, 17, 33, 0.00,276, 9.4
2026-06-10 11:52:08,-101.7299,32.0295, 105.5,16398,-72.0,-83.7,-79.0, 17, 33, 0.00,276, 9.4
2026-06-10 11:52:09,-101.7298,32.0295, 105.4,16403,-72.0,-83.7,-79.0, 17, 33, 0.00,276, 9.4
2026-06-10 11:52:10,-101.7297,32.0295, 105.3,16407,-72.0,-83.7,-79.0, 17, 33, 0.00,277, 9.4
2026-06-10 11:52:11,-101.7296,32.0295, 105.2,16412,-72.0,-83.7,-79.0, 17, 33, 0.00,277, 9.4
2026-06-10 11:52:12,-101.7295,32.0295, 105.1,16417,-72.0,-83.8,-79.0, 17, 33, 0.00,277, 9.4
2026-06-10 11:52:13,-101.7294,32.0294, 105.0,16421,-72.0,-83.8,-79.0, 17, 33, 0.00,278, 9.4
2026-06-10 11:52:14,-101.7293,32.0294, 105.0,16426,-72.0,-83.8,-79.0, 17, 33, 0.00,278, 9.4
2026-06-10 11:52:15,-101.7292,32.0294, 104.9,16431,-72.1,-83.8,-79.1, 17, 33, 0.00,278, 9.4
2026-06-10 11:52:16,-101.7291,32.0294, 104.8,16436,-72.1,-83.9,-79.1, 17, 33, 0.00,279, 9.4
2026-06-10 11:52:17,-101.7290,32.0294, 104.7,16441,-72.1,-83.9,-79.1, 17, 33, 0.00,279, 9.4
2026-06-10 11:52:18,-101.7289,32.0294, 104.6,16445,-72.1,-83.9,-79.1, 16, 33, 0.00,279, 9.3
2026-06-10 11:52:19,-101.7289,32.0293, 104.5,16450,-72.1,-83.9,-79.2, 16, 33, 0.00,279, 9.3
2026-06-10 11:52:20,-101.7288,32.0293, 104.5,16455,-72.2,-84.0,-79.2, 16, 33, 0.00,280, 9.3
2026-06-10 11:52:21,-101.7287,32.0293, 104.4,16459,-72.2,-84.0,-79.2, 16, 33, 0.00,280, 9.3
2026-06-10 11:52:22,-101.7286,32.0293, 104.3,16464,-72.2,-84.0,-79.2, 16, 33, 0.00,280, 9.3
2026-06-10 11:52:23,-101.7285,32.0293, 104.2,16468,-72.2,-84.0,-79.3, 16, 33, 0.00,281, 9.3
2026-06-10 11:52:24,-101.7284,32.0293, 104.1,16473,-72.2,-84.1,-79.3, 16, 33, 0.00,281, 9.3
2026-06-10 11:52:25,-101.7283,32.0293, 104.0,16477,-72.2,-84.1,-79.3, 16, 33, 0.00,281, 9.3
2026-06-10 11:52:26,-101.7282,32.0292, 104.0,16482,-72.3,-84.1,-79.4, 16, 33, 0.00,281, 9.3
2026-06-10 11:52:27,-101.7281,32.0292, 103.9,16487,-72.3,-84.2,-79.4, 16, 32, 0.00,281, 9.2
2026-06-10 11:52:28,-101.7280,32.0292, 103.8,16492,-72.3,-84.2,-79.5, 16, 32, 0.00,281, 9.1
2026-06-10 11:52:29,-101.7279,32.0292, 103.7,16496,-72.3,-84.3,-79.5, 16, 32, 0.00,281, 9.1
2026-06-10 11:52:30,-101.7278,32.0292, 103.6,16501,-72.3,-84.3,-79.5, 16, 32, 0.00,281, 9.0
2026-06-10 11:52:31,-101.7277,32.0292, 103.5,16506,-72.3,-84.4,-79.6, 16, 32, 0.00,281, 8.9
2026-06-10 11:52:32,-101.7276,32.0292, 103.5,16511,-72.4,-84.4,-79.6, 16, 32, 0.00,280, 8.9
2026-06-10 11:52:33,-101.7276,32.0292, 103.4,16515,-72.4,-84.4,-79.7, 16, 31, 0.00,280, 8.8
2026-06-10 11:52:34,-101.7275,32.0292, 103.3,16520,-72.4,-84.5,-79.7, 16, 31, 0.00,280, 8.7
2026-06-10 11:52:35,-101.7274,32.0292, 103.2,16525,-72.4,-84.5,-79.8, 15, 31, 0.00,280, 8.7
2026-06-10 11:52:36,-101.7273,32.0292, 103.1,16530,-72.4,-84.6,-79.8, 15, 31, 0.00,279, 8.6
2026-06-10 11:52:37,-101.7273,32.0292, 103.0,16534,-72.5,-84.6,-79.9, 15, 31, 0.00,279, 8.5
2026-06-10 11:52:38,-101.7272,32.0292, 103.0,16539,-72.5,-84.7,-79.9, 15, 31, 0.00,279, 8.4
2026-06-10 11:52:39,-101.7271,32.0292, 102.9,16543,-72.5,-84.7,-80.0, 15, 31, 0.00,279, 8.4
2026-06-10 11:52:40,-101.7270,32.0292, 102.8,16548,-72.5,-84.8,-80.0, 15, 30, 0.00,279, 8.3
2026-06-10 11:52:41,-101.7270,32.0292, 102.7,16553,-72.5,-84.8,-80.0, 15, 30, 0.00,278, 8.2
2026-06-10 11:52:42,-101.7269,32.0292, 102.6,16557,-72.5,-84.8,-80.1, 15, 30, 0.00,278, 8.2
2026-06-10 11:52:43,-101.7268,32.0292, 102.6,16562,-72.5,-84.9,-80.1, 15, 30, 0.00,278, 8.1
2026-06-10 11:52:44,-101.7268,32.0292, 102.5,16566,-72.6,-84.9,-80.1, 15, 30, 0.00,278, 8.0
2026-06-10 11:52:45,-101.7267,32.0292, 102.4,16571,-72.6,-84.9,-80.2, 15, 30, 0.00,277, 7.9
2026-06-10 11:52:46,-101.7266,32.0292, 102.3,16575,-72.6,-85.0,-80.2, 15, 30, 0.00,277, 7.9
2026-06-10 11:52:47,-101.7265,32.0291, 102.2,16580,-72.6,-85.0,-80.2, 15, 30, 0.00,277, 7.8
2026-06-10 11:52:48,-101.7265,32.0291, 102.2,16584,-72.6,-85.0,-80.3, 15, 30, 0.00,276, 7.7
2026-06-10 11:52:49,-101.7264,32.0291, 102.1,16589,-72.6,-85.1,-80.3, 15, 29, 0.00,276, 7.7
2026-06-10 11:52:50,-101.7263,32.0291, 102.0,16593,-72.6,-85.1,-80.3, 15, 29, 0.00,275, 7.6
2026-06-10 11:52:51,-101.7262,32.0291, 101.9,16598,-72.7,-85.1,-80.4, 15, 29, 0.00,275, 7.6
2026-06-10 11:52:52,-101.7262,32.0291, 101.8,16603,-72.7,-85.2,-80.4, 14, 29, 0.00,274, 7.5
2026-06-10 11:52:53,-101.7261,32.0291, 101.8,16607,-72.7,-85.2,-80.4, 14, 29, 0.00,274, 7.4
2026-06-10 11:52:54,-101.7260,32.0291, 101.7,16612,-72.7,-85.2,-80.5, 14, 29, 0.00,273, 7.4
2026-06-10 11:52:55,-101.7259,32.0291, 101.6,16617,-72.7,-85.2,-80.5, 14, 29, 0.00,273, 7.3
2026-06-10 11:52:56,-101.7259,32.0291, 101.5,16621,-72.7,-85.3,-80.5, 14, 29, 0.00,272, 7.2
2026-06-10 11:52:57,-101.7258,32.0291, 101.4,16626,-72.7,-85.3,-80.5, 14, 29, 0.00,272, 7.2
2026-06-10 11:52:58,-101.7257,32.0291, 101.4,16631,-72.7,-85.3,-80.5, 14, 29, 0.00,271, 7.1
2026-06-10 11:52:59,-101.7256,32.0291, 101.3,16636,-72.7,-85.3,-80.6, 14, 29, 0.00,271, 7.1
2026-06-10 11:53:00,-101.7256,32.0291, 101.2,16641,-72.7,-85.3,-80.6, 14, 29, 0.00,270, 7.0
2026-06-10 11:53:01,-101.7255,32.0291, 101.1,16645,-72.7,-85.4,-80.6, 14, 29, 0.00,270, 6.9
2026-06-10 11:53:02,-101.7254,32.0291, 101.0,16650,-72.8,-85.4,-80.6, 14, 29, 0.00,269, 6.9
2026-06-10 11:53:03,-101.7254,32.0291, 100.9,16655,-72.8,-85.4,-80.6, 14, 29, 0.00,269, 6.8
2026-06-10 11:53:04,-101.7253,32.0292, 100.9,16660,-72.8,-85.4,-80.7, 14, 28, 0.00,268, 6.8
2026-06-10 11:53:05,-101.7253,32.0292, 100.8,16665,-72.8,-85.4,-80.7, 14, 28, 0.00,267, 6.7
2026-06-10 11:53:06,-101.7252,32.0292, 100.7,16668,-72.8,-85.4,-80.7, 14, 28, 0.00,267, 6.7
2026-06-10 11:53:07,-101.7252,32.0292, 100.6,16675,-72.8,-85.4,-80.7, 14, 29, 0.00,266, 6.5
2026-06-10 11:53:08,-101.7251,32.0292, 100.5,16680,-72.8,-85.4,-80.6, 14, 29, 0.00,265, 6.4
2026-06-10 11:53:09,-101.7251,32.0293, 100.4,16685,-72.8,-85.4,-80.6, 14, 29, 0.00,264, 6.4
2026-06-10 11:53:10,-101.7251,32.0293, 100.3,16690,-72.8,-85.4,-80.6, 14, 29, 0.00,263, 6.3
2026-06-10 11:53:11,-101.7250,32.0293, 100.3,16695,-72.8,-85.3,-80.6, 14, 29, 0.00,262, 6.2
2026-06-10 11:53:12,-101.7250,32.0293, 100.2,16700,-72.9,-85.3,-80.6, 14, 29, 0.00,261, 6.1
2026-06-10 11:53:13,-101.7249,32.0293, 100.1,16705,-72.9,-85.3,-80.6, 15, 29, 0.00,260, 6.0
2026-06-10 11:53:14,-101.7249,32.0294, 100.0,16710,-72.9,-85.3,-80.5, 15, 30, 0.00,258, 5.9
2026-06-10 11:53:15,-101.7248,32.0294,  99.9,16715,-72.9,-85.3,-80.5, 15, 30, 0.00,257, 5.8
2026-06-10 11:53:16,-101.7248,32.0294,  99.8,16720,-72.9,-85.3,-80.5, 15, 30, 0.00,256, 5.7
2026-06-10 11:53:17,-101.7248,32.0294,  99.7,16725,-72.9,-85.2,-80.5, 15, 30, 0.00,255, 5.6
2026-06-10 11:53:18,-101.7247,32.0294,  99.7,16730,-72.9,-85.2,-80.5, 15, 30, 0.00,253, 5.5
2026-06-10 11:53:19,-101.7247,32.0295,  99.6,16735,-72.9,-85.2,-80.5, 15, 30, 0.00,252, 5.4
2026-06-10 11:53:20,-101.7246,32.0295,  99.5,16739,-73.0,-85.2,-80.4, 15, 30, 0.00,250, 5.3
2026-06-10 11:53:21,-101.7246,32.0295,  99.4,16744,-73.0,-85.2,-80.4, 15, 30, 0.00,249, 5.2
2026-06-10 11:53:22,-101.7246,32.0295,  99.3,16749,-73.0,-85.2,-80.4, 15, 30, 0.00,247, 5.1
2026-06-10 11:53:23,-101.7245,32.0296,  99.3,16753,-73.0,-85.2,-80.4, 15, 30, 0.00,246, 5.0
2026-06-10 11:53:24,-101.7245,32.0296,  99.2,16758,-73.0,-85.2,-80.4, 15, 30, 0.00,244, 4.9
2026-06-10 11:53:25,-101.7244,32.0296,  99.1,16763,-73.0,-85.2,-80.4, 15, 31, 0.00,242, 4.8
2026-06-10 11:53:26,-101.7244,32.0296,  99.0,16768,-73.0,-85.2,-80.4, 15, 31, 0.00,241, 4.7
2026-06-10 11:53:27,-101.7243,32.0296,  98.9,16773,-73.0,-85.2,-80.4, 15, 31, 0.00,240, 4.7
2026-06-10 11:53:28,-101.7243,32.0297,  98.8,16778,-73.0,-85.2,-80.4, 15, 31, 0.00,239, 4.7
2026-06-10 11:53:29,-101.7243,32.0297,  98.8,16783,-73.0,-85.2,-80.4, 15, 31, 0.00,237, 4.6
2026-06-10 11:53:30,-101.7242,32.0297,  98.7,16788,-73.1,-85.2,-80.4, 15, 31, 0.00,236, 4.6
2026-06-10 11:53:31,-101.7242,32.0297,  98.6,16793,-73.1,-85.2,-80.4, 15, 31, 0.00,235, 4.6
2026-06-10 11:53:32,-101.7241,32.0297,  98.5,16800,-73.1,-85.2,-80.4, 15, 31, 0.00,234, 4.6
2026-06-10 11:53:33,-101.7241,32.0297,  98.4,16802,-73.1,-85.2,-80.5, 15, 31, 0.00,233, 4.6
2026-06-10 11:53:34,-101.7241,32.0298,  98.4,16807,-73.1,-85.2,-80.5, 15, 31, 0.00,232, 4.6
2026-06-10 11:53:35,-101.7240,32.0298,  98.3,16812,-73.1,-85.3,-80.5, 15, 31, 0.00,231, 4.5
2026-06-10 11:53:36,-101.7240,32.0299,  98.2,16817,-73.1,-85.3,-80.5, 15, 31, 0.00,229, 4.5
2026-06-10 11:53:37,-101.7240,32.0299,  98.1,16822,-73.1,-85.3,-80.6, 15, 30, 0.00,228, 4.5
2026-06-10 11:53:38,-101.7240,32.0300,  98.0,16827,-73.1,-85.4,-80.6, 15, 30, 0.00,227, 4.5
2026-06-10 11:53:39,-101.7240,32.0300,  97.9,16832,-73.1,-85.4,-80.6, 15, 30, 0.00,226, 4.5
2026-06-10 11:53:40,-101.7240,32.0301,  97.8,16837,-73.1,-85.4,-80.7, 15, 30, 0.00,225, 4.4
2026-06-10 11:53:41,-101.7240,32.0301,  97.8,16843,-73.1,-85.5,-80.7, 15, 30, 0.00,223, 4.4
2026-06-10 11:53:42,-101.7239,32.0301,  97.7,16848,-73.2,-85.5,-80.7, 15, 30, 0.00,222, 4.4
2026-06-10 11:53:43,-101.7239,32.0302,  97.6,16853,-73.2,-85.5,-80.8, 15, 30, 0.00,221, 4.4
2026-06-10 11:53:44,-101.7239,32.0302,  97.5,16859,-73.2,-85.6,-80.8, 15, 30, 0.00,220, 4.3
2026-06-10 11:53:45,-101.7239,32.0303,  97.4,16864,-73.2,-85.6,-80.8, 15, 29, 0.00,219, 4.3
2026-06-10 11:53:46,-101.7239,32.0303,  97.3,16870,-73.2,-85.6,-80.9, 15, 29, 0.00,217, 4.3
2026-06-10 11:53:47,-101.7239,32.0304,  97.3,16873,-73.2,-85.6,-80.9, 14, 29, 0.00,216, 4.4
2026-06-10 11:53:48,-101.7239,32.0304,  97.1,16882,-73.2,-85.6,-80.9, 14, 29, 0.00,213, 4.5
2026-06-10 11:53:49,-101.7239,32.0305,  97.0,16888,-73.2,-85.7,-80.9, 14, 29, 0.00,212, 4.6
2026-06-10 11:53:50,-101.7238,32.0305,  96.9,16894,-73.2,-85.7,-80.9, 14, 29, 0.00,210, 4.6
2026-06-10 11:53:51,-101.7238,32.0306,  96.8,16900,-73.2,-85.7,-80.9, 14, 29, 0.00,208, 4.7
2026-06-10 11:53:52,-101.7238,32.0306,  96.7,16905,-73.1,-85.7,-80.9, 14, 29, 0.00,206, 4.8
2026-06-10 11:53:53,-101.7238,32.0306,  96.7,16910,-73.1,-85.7,-80.9, 14, 29, 0.00,204, 4.9
2026-06-10 11:53:54,-101.7238,32.0307,  96.6,16914,-73.1,-85.7,-81.0, 14, 29, 0.00,203, 4.9
2026-06-10 11:53:55,-101.7238,32.0307,  96.5,16919,-73.1,-85.7,-81.0, 14, 29, 0.00,201, 5.0
2026-06-10 11:53:56,-101.7238,32.0308,  96.4,16924,-73.1,-85.7,-81.0, 14, 28, 0.00,200, 5.1
2026-06-10 11:53:57,-101.7237,32.0308,  96.3,16929,-73.1,-85.7,-81.0, 14, 28, 0.00,198, 5.2
2026-06-10 11:53:58,-101.7237,32.0309,  96.3,16934,-73.1,-85.8,-81.0, 14, 28, 0.00,197, 5.2
2026-06-10 11:53:59,-101.7237,32.0309,  96.2,16940,-73.1,-85.8,-81.0, 14, 28, 0.00,195, 5.3
2026-06-10 11:54:00,-101.7237,32.0310,  96.1,16943,-73.1,-85.8,-81.0, 14, 28, 0.00,194, 5.4
2026-06-10 11:54:01,-101.7237,32.0310,  96.0,16948,-73.1,-85.7,-81.0, 14, 28, 0.00,192, 5.5
2026-06-10 11:54:02,-101.7237,32.0311,  95.9,16952,-73.1,-85.7,-81.0, 14, 28, 0.00,191, 5.5
2026-06-10 11:54:03,-101.7237,32.0311,  95.9,16957,-73.1,-85.7,-80.9, 14, 28, 0.00,190, 5.6
2026-06-10 11:54:04,-101.7237,32.0312,  95.8,16962,-73.1,-85.7,-80.9, 14, 29, 0.00,189, 5.6
2026-06-10 11:54:05,-101.7236,32.0312,  95.7,16967,-73.1,-85.7,-80.9, 14, 29, 0.00,188, 5.7
2026-06-10 11:54:06,-101.7237,32.0313,  95.6,16971,-73.1,-85.6,-80.9, 14, 29, 0.00,187, 5.9
2026-06-10 11:54:07,-101.7237,32.0314,  95.6,16976,-73.1,-85.6,-80.8, 14, 29, 0.00,186, 6.0
2026-06-10 11:54:08,-101.7237,32.0314,  95.5,16981,-73.1,-85.6,-80.8, 14, 29, 0.00,185, 6.1
2026-06-10 11:54:09,-101.7237,32.0315,  95.4,16986,-73.1,-85.6,-80.8, 14, 29, 0.00,185, 6.2
2026-06-10 11:54:10,-101.7237,32.0316,  95.3,16990,-73.0,-85.5,-80.8, 14, 29, 0.00,184, 6.3
2026-06-10 11:54:11,-101.7237,32.0317,  95.3,16995,-73.0,-85.5,-80.8, 14, 29, 0.00,184, 6.4
2026-06-10 11:54:12,-101.7237,32.0318,  95.2,16999,-73.0,-85.5,-80.7, 14, 29, 0.00,183, 6.5
2026-06-10 11:54:13,-101.7237,32.0318,  95.1,17004,-73.0,-85.5,-80.7, 14, 29, 0.00,183, 6.6
2026-06-10 11:54:14,-101.7237,32.0319,  95.0,17009,-73.0,-85.5,-80.7, 15, 29, 0.00,182, 6.7
2026-06-10 11:54:15,-101.7237,32.0320,  95.0,17013,-73.0,-85.5,-80.7, 15, 29, 0.00,182, 6.8
2026-06-10 11:54:16,-101.7237,32.0321,  94.9,17018,-73.0,-85.4,-80.7, 15, 29, 0.00,181, 6.9
2026-06-10 11:54:17,-101.7237,32.0321,  94.8,17022,-73.0,-85.4,-80.7, 15, 29, 0.00,181, 7.1
2026-06-10 11:54:18,-101.7237,32.0322,  94.7,17027,-73.0,-85.4,-80.6, 15, 29, 0.00,180, 7.2
2026-06-10 11:54:19,-101.7237,32.0323,  94.7,17032,-73.0,-85.4,-80.6, 15, 30, 0.00,180, 7.3
2026-06-10 11:54:20,-101.7238,32.0324,  94.6,17036,-73.0,-85.4,-80.6, 15, 30, 0.00,179, 7.4
2026-06-10 11:54:21,-101.7238,32.0325,  94.5,17041,-73.0,-85.3,-80.6, 15, 30, 0.00,179, 7.5
2026-06-10 11:54:22,-101.7238,32.0325,  94.4,17045,-72.9,-85.3,-80.6, 15, 30, 0.00,179, 7.6
2026-06-10 11:54:23,-101.7238,32.0326,  94.4,17050,-72.9,-85.3,-80.5, 15, 30, 0.00,178, 7.7
2026-06-10 11:54:24,-101.7238,32.0327,  94.3,17055,-72.9,-85.3,-80.5, 15, 30, 0.00,178, 7.9
2026-06-10 11:54:25,-101.7238,32.0328,  94.2,17059,-72.9,-85.3,-80.5, 15, 30, 0.00,177, 8.0
2026-06-10 11:54:26,-101.7238,32.0328,  94.1,17064,-72.9,-85.2,-80.5, 15, 30, 0.00,177, 8.1
2026-06-10 11:54:27,-101.7238,32.0329,  94.0,17070,-72.9,-85.2,-80.5, 15, 30, 0.00,177, 8.2
2026-06-10 11:54:28,-101.7238,32.0330,  94.0,17075,-72.9,-85.2,-80.5, 15, 30, 0.00,176, 8.3
2026-06-10 11:54:29,-101.7238,32.0331,  93.9,17080,-72.9,-85.2,-80.5, 15, 30, 0.00,176, 8.5
2026-06-10 11:54:30,-101.7238,32.0332,  93.8,17085,-72.9,-85.2,-80.4, 15, 30, 0.00,176, 8.6
2026-06-10 11:54:31,-101.7238,32.0332,  93.7,17090,-72.8,-85.2,-80.4, 15, 30, 0.00,176, 8.7
2026-06-10 11:54:32,-101.7238,32.0333,  93.6,17095,-72.8,-85.2,-80.4, 15, 30, 0.00,175, 8.8
2026-06-10 11:54:33,-101.7239,32.0334,  93.6,17100,-72.8,-85.2,-80.4, 15, 30, 0.00,175, 9.0
2026-06-10 11:54:34,-101.7239,32.0335,  93.5,17106,-72.8,-85.2,-80.4, 15, 30, 0.00,175, 9.1
2026-06-10 11:54:35,-101.7239,32.0336,  93.4,17111,-72.8,-85.2,-80.4, 15, 30, 0.00,174, 9.2
2026-06-10 11:54:36,-101.7239,32.0336,  93.3,17116,-72.8,-85.1,-80.4, 15, 30, 0.00,174, 9.3
2026-06-10 11:54:37,-101.7239,32.0337,  93.2,17121,-72.8,-85.1,-80.4, 15, 30, 0.00,174, 9.5
2026-06-10 11:54:38,-101.7239,32.0339,  93.2,17126,-72.8,-85.1,-80.4, 15, 30, 0.00,174, 9.6
2026-06-10 11:54:39,-101.7239,32.0340,  93.1,17131,-72.8,-85.1,-80.3, 15, 30, 0.00,173, 9.7
2026-06-10 11:54:40,-101.7239,32.0341,  93.0,17137,-72.8,-85.1,-80.3, 15, 30, 0.00,173, 9.9
2026-06-10 11:54:41,-101.7239,32.0342,  92.9,17141,-72.8,-85.1,-80.3, 15, 30, 0.00,173,10.0
2026-06-10 11:54:42,-101.7239,32.0343,  92.8,17146,-72.8,-85.1,-80.3, 15, 30, 0.00,173,10.1
2026-06-10 11:54:43,-101.7239,32.0344,  92.8,17151,-72.8,-85.1,-80.3, 15, 30, 0.00,173,10.2
2026-06-10 11:54:44,-101.7239,32.0345,  92.7,17156,-72.8,-85.1,-80.3, 15, 30, 0.00,172,10.3
2026-06-10 11:54:45,-101.7240,32.0346,  92.6,17161,-72.8,-85.1,-80.3, 15, 30, 0.00,172,10.5
2026-06-10 11:54:46,-101.7240,32.0347,  92.5,17166,-72.8,-85.0,-80.3, 15, 30, 0.00,172,10.6
2026-06-10 11:54:47,-101.7240,32.0348,  92.4,17171,-72.8,-85.0,-80.3, 15, 30, 0.00,172,10.7
2026-06-10 11:54:48,-101.7240,32.0349,  92.4,17176,-72.8,-85.0,-80.3, 15, 30, 0.00,172,10.7
2026-06-10 11:54:49,-101.7240,32.0350,  92.3,17181,-72.8,-85.0,-80.3, 15, 30, 0.00,173,10.8
2026-06-10 11:54:50,-101.7240,32.0351,  92.2,17187,-72.8,-85.0,-80.3, 15, 30, 0.00,173,10.8
2026-06-10 11:54:51,-101.7240,32.0352,  92.1,17192,-72.8,-85.0,-80.2, 15, 30, 0.00,173,10.9
2026-06-10 11:54:52,-101.7240,32.0353,  92.0,17197,-72.8,-85.0,-80.2, 15, 30, 0.00,174,10.9
2026-06-10 11:54:53,-101.7240,32.0354,  91.9,17203,-72.8,-85.0,-80.2, 15, 31, 0.00,174,11.0
2026-06-10 11:54:54,-101.7240,32.0355,  91.9,17207,-72.8,-85.0,-80.2, 15, 31, 0.00,174,11.0
2026-06-10 11:54:55,-101.7240,32.0356,  91.8,17212,-72.8,-85.0,-80.2, 15, 31, 0.00,174,11.1
2026-06-10 11:54:56,-101.7240,32.0357,  91.7,17217,-72.8,-85.0,-80.2, 15, 31, 0.00,175,11.2
2026-06-10 11:54:57,-101.7241,32.0358,  91.6,17222,-72.8,-85.0,-80.2, 15, 31, 0.00,175,11.2
2026-06-10 11:54:58,-101.7241,32.0359,  91.6,17226,-72.8,-85.0,-80.2, 15, 31, 0.00,175,11.3
2026-06-10 11:54:59,-101.7241,32.0360,  91.5,17231,-72.8,-85.0,-80.3, 15, 31, 0.00,175,11.3
2026-06-10 11:55:00,-101.7241,32.0361,  91.4,17236,-72.8,-85.0,-80.3, 15, 31, 0.00,176,11.4
2026-06-10 11:55:01,-101.7241,32.0362,  91.3,17241,-72.8,-85.0,-80.3, 15, 31, 0.00,176,11.5
2026-06-10 11:55:02,-101.7241,32.0363,  91.3,17245,-72.8,-85.0,-80.3, 15, 31, 0.00,176,11.5
2026-06-10 11:55:03,-101.7241,32.0364,  91.2,17250,-72.8,-85.0,-80.3, 15, 30, 0.00,176,11.6
2026-06-10 11:55:04,-101.7241,32.0365,  91.1,17255,-72.8,-85.0,-80.3, 15, 31, 0.00,177,11.6
2026-06-10 11:55:05,-101.7241,32.0366,  91.0,17260,-72.8,-85.0,-80.3, 15, 31, 0.00,177,11.7
2026-06-10 11:55:06,-101.7241,32.0367,  91.0,17265,-72.8,-85.0,-80.3, 15, 30, 0.00,177,11.7
2026-06-10 11:55:07,-101.7241,32.0368,  90.9,17269,-72.8,-85.1,-80.3, 15, 30, 0.00,178,11.8
2026-06-10 11:55:08,-101.7241,32.0370,  90.8,17274,-72.8,-85.1,-80.3, 15, 30, 0.00,178,11.8
2026-06-10 11:55:09,-101.7241,32.0371,  90.7,17279,-72.8,-85.1,-80.3, 15, 30, 0.00,179,11.8
2026-06-10 11:55:10,-101.7240,32.0372,  90.7,17284,-72.9,-85.1,-80.3, 15, 30, 0.00,179,11.8
2026-06-10 11:55:11,-101.7240,32.0373,  90.6,17289,-72.9,-85.1,-80.3, 15, 30, 0.00,180,11.8
2026-06-10 11:55:12,-101.7240,32.0374,  90.5,17294,-72.9,-85.1,-80.4, 15, 30, 0.00,180,11.9
2026-06-10 11:55:13,-101.7240,32.0375,  90.4,17299,-72.9,-85.1,-80.4, 15, 30, 0.00,181,11.9
2026-06-10 11:55:14,-101.7239,32.0376,  90.4,17304,-72.9,-85.2,-80.4, 15, 30, 0.00,181,11.9
2026-06-10 11:55:15,-101.7239,32.0377,  90.3,17309,-72.9,-85.2,-80.4, 15, 30, 0.00,182,11.9
2026-06-10 11:55:16,-101.7239,32.0378,  90.2,17314,-72.9,-85.2,-80.4, 15, 30, 0.00,182,12.0
2026-06-10 11:55:17,-101.7239,32.0380,  90.1,17319,-72.9,-85.2,-80.4, 15, 30, 0.00,183,12.0
2026-06-10 11:55:18,-101.7238,32.0381,  90.1,17324,-72.9,-85.2,-80.5, 15, 30, 0.00,183,12.0
2026-06-10 11:55:19,-101.7238,32.0382,  90.0,17329,-72.9,-85.2,-80.5, 15, 30, 0.00,184,12.1
2026-06-10 11:55:20,-101.7238,32.0383,  89.9,17334,-72.9,-85.2,-80.5, 15, 30, 0.00,184,12.1
2026-06-10 11:55:21,-101.7238,32.0384,  89.8,17339,-73.0,-85.3,-80.5, 15, 30, 0.00,185,12.1
2026-06-10 11:55:22,-101.7237,32.0385,  89.7,17344,-73.0,-85.3,-80.5, 15, 30, 0.00,185,12.2
2026-06-10 11:55:23,-101.7237,32.0386,  89.7,17349,-73.0,-85.3,-80.6, 15, 30, 0.00,186,12.2
2026-06-10 11:55:24,-101.7237,32.0387,  89.6,17355,-73.0,-85.3,-80.6, 15, 30, 0.00,186,12.2
2026-06-10 11:55:25,-101.7237,32.0388,  89.5,17360,-73.0,-85.4,-80.6, 15, 30, 0.00,187,12.3
2026-06-10 11:55:26,-101.7236,32.0389,  89.4,17365,-73.0,-85.4,-80.6, 15, 30, 0.00,187,12.3
2026-06-10 11:55:27,-101.7236,32.0391,  89.4,17370,-73.0,-85.4,-80.7, 15, 29, 0.00,188,12.3
2026-06-10 11:55:28,-101.7236,32.0392,  89.3,17374,-73.0,-85.5,-80.7, 15, 29, 0.00,188,12.3
2026-06-10 11:55:29,-101.7236,32.0393,  89.2,17379,-73.1,-85.5,-80.7, 15, 29, 0.00,189,12.4
2026-06-10 11:55:30,-101.7235,32.0394,  89.1,17384,-73.1,-85.5,-80.8, 14, 29, 0.00,189,12.4
2026-06-10 11:55:31,-101.7235,32.0395,  89.1,17389,-73.1,-85.5,-80.8, 14, 29, 0.00,190,12.4
2026-06-10 11:55:32,-101.7235,32.0396,  89.0,17394,-73.1,-85.6,-80.8, 14, 29, 0.00,190,12.5
2026-06-10 11:55:33,-101.7235,32.0397,  88.9,17399,-73.1,-85.6,-80.8, 14, 29, 0.00,191,12.5
2026-06-10 11:55:34,-101.7234,32.0398,  88.8,17404,-73.1,-85.6,-80.9, 14, 29, 0.00,191,12.5
2026-06-10 11:55:35,-101.7234,32.0399,  88.8,17409,-73.1,-85.6,-80.9, 14, 29, 0.00,192,12.6
2026-06-10 11:55:36,-101.7234,32.0401,  88.7,17414,-73.1,-85.6,-80.9, 14, 29, 0.00,192,12.6
2026-06-10 11:55:37,-101.7234,32.0402,  88.6,17419,-73.1,-85.7,-80.9, 14, 29, 0.00,193,12.6
2026-06-10 11:55:38,-101.7233,32.0403,  88.5,17424,-73.1,-85.7,-80.9, 14, 29, 0.00,193,12.7
2026-06-10 11:55:39,-101.7233,32.0404,  88.4,17429,-73.1,-85.7,-80.9, 14, 29, 0.00,194,12.7
2026-06-10 11:55:40,-101.7233,32.0405,  88.4,17435,-73.1,-85.7,-80.9, 14, 29, 0.00,194,12.8
2026-06-10 11:55:41,-101.7232,32.0406,  88.3,17440,-73.2,-85.7,-81.0, 14, 29, 0.00,194,12.8
2026-06-10 11:55:42,-101.7232,32.0407,  88.2,17445,-73.2,-85.7,-81.0, 14, 29, 0.00,195,12.8
2026-06-10 11:55:43,-101.7232,32.0408,  88.1,17450,-73.2,-85.8,-81.0, 14, 29, 0.00,195,12.9
2026-06-10 11:55:44,-101.7231,32.0409,  88.1,17455,-73.2,-85.8,-81.0, 14, 29, 0.00,196,12.9
2026-06-10 11:55:45,-101.7231,32.0410,  88.0,17460,-73.2,-85.8,-81.0, 14, 28, 0.00,196,13.0
2026-06-10 11:55:46,-101.7231,32.0411,  87.9,17465,-73.2,-85.8,-81.0, 14, 28, 0.00,197,13.0
2026-06-10 11:55:47,-101.7230,32.0411,  87.8,17470,-73.2,-85.8,-81.1, 14, 28, 0.00,197,12.9
2026-06-10 11:55:48,-101.7230,32.0413,  87.8,17473,-73.2,-85.8,-81.1, 14, 28, 0.00,197,12.9
2026-06-10 11:55:49,-101.7230,32.0414,  87.7,17480,-73.2,-85.8,-81.1, 14, 28, 0.00,197,12.8
2026-06-10 11:55:50,-101.7229,32.0415,  87.6,17485,-73.2,-85.8,-81.1, 14, 28, 0.00,197,12.7
2026-06-10 11:55:51,-101.7229,32.0416,  87.5,17490,-73.2,-85.8,-81.1, 14, 28, 0.00,196,12.6
2026-06-10 11:55:52,-101.7229,32.0417,  87.5,17495,-73.2,-85.8,-81.1, 14, 28, 0.00,196,12.6
2026-06-10 11:55:53,-101.7228,32.0418,  87.4,17501,-73.2,-85.9,-81.1, 14, 28, 0.00,196,12.5
2026-06-10 11:55:54,-101.7228,32.0419,  87.3,17506,-73.2,-85.9,-81.1, 14, 28, 0.00,196,12.4
2026-06-10 11:55:55,-101.7228,32.0420,  87.2,17512,-73.2,-85.9,-81.1, 14, 28, 0.00,196,12.4
2026-06-10 11:55:56,-101.7227,32.0421,  87.1,17518,-73.2,-85.9,-81.1, 14, 28, 0.00,196,12.3
2026-06-10 11:55:57,-101.7227,32.0422,  87.0,17524,-73.2,-85.9,-81.1, 14, 28, 0.00,196,12.2
2026-06-10 11:55:58,-101.7227,32.0423,  86.9,17529,-73.2,-85.9,-81.1, 14, 28, 0.00,196,12.2
2026-06-10 11:55:59,-101.7226,32.0424,  86.9,17535,-73.2,-85.9,-81.1, 14, 28, 0.00,196,12.1
2026-06-10 11:56:00,-101.7226,32.0425,  86.8,17542,-73.1,-85.9,-81.1, 14, 28, 0.00,196,12.0
2026-06-10 11:56:01,-101.7226,32.0426,  86.7,17548,-73.1,-85.9,-81.1, 14, 28, 0.00,196,11.9
2026-06-10 11:56:02,-101.7225,32.0427,  86.6,17554,-73.1,-85.9,-81.1, 14, 28, 0.00,196,11.9
2026-06-10 11:56:03,-101.7225,32.0428,  86.5,17560,-73.1,-85.9,-81.1, 14, 28, 0.00,196,11.8
2026-06-10 11:56:04,-101.7225,32.0429,  86.4,17567,-73.1,-85.9,-81.1, 14, 28, 0.00,196,11.7
2026-06-10 11:56:05,-101.7224,32.0430,  86.3,17573,-73.1,-85.9,-81.1, 14, 28, 0.00,196,11.7
2026-06-10 11:56:06,-101.7224,32.0431,  86.2,17579,-73.1,-85.9,-81.1, 14, 28, 0.00,195,11.6
2026-06-10 11:56:07,-101.7224,32.0432,  86.1,17585,-73.1,-85.9,-81.1, 14, 28, 0.00,195,11.5
2026-06-10 11:56:08,-101.7224,32.0433,  86.0,17591,-73.1,-85.9,-81.1, 14, 27, 0.00,194,11.5
2026-06-10 11:56:09,-101.7225,32.0434,  85.9,17598,-73.1,-85.9,-81.1, 14, 27, 0.00,193,11.4
2026-06-10 11:56:10,-101.7225,32.0436,  85.9,17604,-73.0,-85.9,-81.1, 14, 27, 0.00,192,11.3
2026-06-10 11:56:11,-101.7225,32.0436,  85.8,17610,-73.0,-85.9,-81.1, 14, 27, 0.00,191,11.3
2026-06-10 11:56:12,-101.7225,32.0438,  85.7,17615,-73.0,-85.9,-81.1, 14, 27, 0.00,190,11.2
2026-06-10 11:56:13,-101.7225,32.0439,  85.6,17620,-73.0,-85.9,-81.1, 14, 27, 0.00,189,11.3
2026-06-10 11:56:14,-101.7225,32.0440,  85.5,17625,-73.0,-85.9,-81.1, 13, 27, 0.00,189,11.3
2026-06-10 11:56:15,-101.7225,32.0441,  85.5,17630,-73.0,-85.9,-81.1, 13, 27, 0.00,188,11.2
2026-06-10 11:56:16,-101.7226,32.0442,  85.4,17635,-73.0,-85.9,-81.1, 13, 27, 0.00,187,11.2
2026-06-10 11:56:17,-101.7226,32.0443,  85.3,17640,-73.0,-85.9,-81.1, 13, 27, 0.00,186,11.2
2026-06-10 11:56:18,-101.7226,32.0444,  85.2,17646,-72.9,-85.8,-81.1, 13, 27, 0.00,185,11.1
2026-06-10 11:56:19,-101.7226,32.0445,  85.2,17651,-72.9,-85.8,-81.1, 13, 27, 0.00,184,11.1
2026-06-10 11:56:20,-101.7226,32.0446,  85.1,17656,-72.9,-85.8,-81.1, 13, 27, 0.00,183,11.0
2026-06-10 11:56:21,-101.7226,32.0447,  85.0,17662,-72.9,-85.8,-81.0, 13, 27, 0.00,182,10.9
2026-06-10 11:56:22,-101.7226,32.0448,  84.9,17667,-72.9,-85.8,-81.0, 13, 27, 0.00,181,10.9
2026-06-10 11:56:23,-101.7226,32.0449,  84.9,17672,-72.9,-85.8,-81.0, 13, 27, 0.00,180,10.9
2026-06-10 11:56:24,-101.7227,32.0450,  84.8,17677,-72.8,-85.8,-81.0, 13, 27, 0.00,179,10.8
2026-06-10 11:56:25,-101.7227,32.0451,  84.7,17682,-72.8,-85.8,-81.0, 13, 27, 0.00,178,10.8
2026-06-10 11:56:26,-101.7227,32.0451,  84.6,17687,-72.8,-85.7,-81.0, 13, 27, 0.00,178,10.8
2026-06-10 11:56:27,-101.7227,32.0453,  84.6,17692,-72.8,-85.7,-81.0, 13, 27, 0.00,177,10.9
2026-06-10 11:56:28,-101.7227,32.0454,  84.5,17698,-72.8,-85.7,-81.0, 13, 27, 0.00,176,10.9
2026-06-10 11:56:29,-101.7227,32.0455,  84.4,17703,-72.8,-85.7,-80.9, 13, 27, 0.00,175,11.0
2026-06-10 11:56:30,-101.7227,32.0456,  84.3,17708,-72.7,-85.7,-80.9, 13, 27, 0.00,175,11.1
2026-06-10 11:56:31,-101.7228,32.0457,  84.3,17714,-72.7,-85.6,-80.9, 13, 27, 0.00,174,11.1
2026-06-10 11:56:32,-101.7228,32.0458,  84.2,17719,-72.7,-85.6,-80.9, 13, 27, 0.00,174,11.2
2026-06-10 11:56:33,-101.7228,32.0459,  84.1,17724,-72.7,-85.6,-80.8, 13, 27, 0.00,173,11.3
2026-06-10 11:56:34,-101.7228,32.0460,  84.0,17729,-72.6,-85.6,-80.8, 13, 27, 0.00,172,11.4
2026-06-10 11:56:35,-101.7228,32.0461,  84.0,17735,-72.6,-85.5,-80.8, 14, 27, 0.00,172,11.4
2026-06-10 11:56:36,-101.7228,32.0462,  83.9,17740,-72.6,-85.5,-80.8, 14, 27, 0.00,171,11.5
2026-06-10 11:56:37,-101.7228,32.0463,  83.8,17745,-72.6,-85.5,-80.7, 14, 27, 0.00,170,11.6
2026-06-10 11:56:38,-101.7229,32.0464,  83.7,17750,-72.5,-85.5,-80.7, 14, 27, 0.00,170,11.7
2026-06-10 11:56:39,-101.7229,32.0465,  83.7,17756,-72.5,-85.4,-80.7, 14, 27, 0.00,169,11.7
2026-06-10 11:56:40,-101.7229,32.0466,  83.6,17761,-72.5,-85.4,-80.7, 14, 27, 0.00,169,11.8
2026-06-10 11:56:41,-101.7229,32.0467,  83.5,17766,-72.5,-85.4,-80.6, 14, 27, 0.00,168,11.9
2026-06-10 11:56:42,-101.7229,32.0468,  83.4,17771,-72.4,-85.4,-80.6, 14, 27, 0.00,167,12.0
2026-06-10 11:56:43,-101.7230,32.0469,  83.4,17776,-72.4,-85.4,-80.6, 13, 27, 0.00,167,12.1
2026-06-10 11:56:44,-101.7230,32.0470,  83.3,17781,-72.4,-85.4,-80.6, 13, 27, 0.00,166,12.2
2026-06-10 11:56:45,-101.7230,32.0471,  83.2,17786,-72.3,-85.3,-80.6, 13, 27, 0.00,166,12.3
2026-06-10 11:56:46,-101.7230,32.0472,  83.2,17791,-72.3,-85.3,-80.6, 13, 27, 0.00,165,12.3
2026-06-10 11:56:47,-101.7230,32.0473,  83.1,17796,-72.3,-85.3,-80.5, 13, 27, 0.00,166,12.3
2026-06-10 11:56:48,-101.7231,32.0475,  83.0,17801,-72.2,-85.3,-80.5, 13, 27, 0.00,166,12.3
2026-06-10 11:56:49,-101.7231,32.0476,  83.0,17806,-72.2,-85.3,-80.5, 13, 27, 0.00,166,12.3
2026-06-10 11:56:50,-101.7231,32.0477,  82.9,17811,-72.1,-85.3,-80.5, 13, 27, 0.00,167,12.3
2026-06-10 11:56:51,-101.7231,32.0478,  82.8,17816,-72.1,-85.2,-80.5, 13, 26, 0.00,167,12.3
2026-06-10 11:56:52,-101.7231,32.0479,  82.7,17820,-72.1,-85.2,-80.5, 13, 26, 0.00,168,12.3
2026-06-10 11:56:53,-101.7232,32.0480,  82.7,17825,-72.0,-85.2,-80.5, 13, 26, 0.00,168,12.3
2026-06-10 11:56:54,-101.7232,32.0481,  82.6,17830,-72.0,-85.2,-80.4, 13, 26, 0.00,168,12.3
2026-06-10 11:56:55,-101.7232,32.0482,  82.5,17834,-72.0,-85.2,-80.4, 13, 26, 0.00,169,12.2
2026-06-10 11:56:56,-101.7232,32.0483,  82.5,17839,-71.9,-85.2,-80.4, 13, 26, 0.00,169,12.2
2026-06-10 11:56:57,-101.7232,32.0484,  82.4,17845,-71.9,-85.2,-80.4, 13, 26, 0.00,169,12.2
2026-06-10 11:56:58,-101.7233,32.0485,  82.3,17850,-71.9,-85.1,-80.4, 13, 26, 0.00,170,12.2
2026-06-10 11:56:59,-101.7233,32.0486,  82.3,17855,-71.9,-85.1,-80.4, 13, 26, 0.00,170,12.2
2026-06-10 11:57:00,-101.7233,32.0487,  82.2,17860,-71.8,-85.1,-80.3, 13, 26, 0.00,171,12.2
2026-06-10 11:57:01,-101.7233,32.0489,  82.1,17866,-71.8,-85.1,-80.3, 13, 26, 0.00,171,12.2
2026-06-10 11:57:02,-101.7233,32.0490,  82.0,17871,-71.8,-85.1,-80.3, 13, 26, 0.00,171,12.2
2026-06-10 11:57:03,-101.7234,32.0491,  82.0,17876,-71.7,-85.1,-80.3, 13, 26, 0.00,172,12.2
2026-06-10 11:57:04,-101.7234,32.0492,  81.9,17881,-71.7,-85.0,-80.3, 13, 26, 0.00,172,12.2
2026-06-10 11:57:05,-101.7234,32.0493,  81.8,17886,-71.7,-85.0,-80.3, 13, 26, 0.00,173,12.2
2026-06-10 11:57:06,-101.7234,32.0494,  81.8,17892,-71.6,-85.0,-80.3, 13, 26, 0.00,173,12.2
2026-06-10 11:57:07,-101.7234,32.0495,  81.6,17899,-71.6,-85.0,-80.2, 13, 25, 0.00,173,12.0
2026-06-10 11:57:08,-101.7235,32.0496,  81.6,17902,-71.6,-85.0,-80.2, 13, 25, 0.00,173,12.0
2026-06-10 11:57:09,-101.7235,32.0497,  81.5,17907,-71.5,-84.9,-80.2, 13, 25, 0.00,173,11.9
2026-06-10 11:57:10,-101.7235,32.0498,  81.5,17911,-71.5,-84.9,-80.1, 13, 25, 0.00,173,11.8
2026-06-10 11:57:11,-101.7235,32.0498,  81.4,17916,-71.5,-84.9,-80.1, 13, 26, 0.00,173,11.7
2026-06-10 11:57:12,-101.7235,32.0499,  81.3,17921,-71.4,-84.8,-80.1, 13, 26, 0.00,173,11.6
2026-06-10 11:57:13,-101.7235,32.0500,  81.3,17926,-71.4,-84.8,-80.0, 13, 25, 0.00,174,11.5
2026-06-10 11:57:14,-101.7235,32.0501,  81.2,17931,-71.3,-84.7,-80.0, 13, 26, 0.00,174,11.5
2026-06-10 11:57:15,-101.7235,32.0502,  81.1,17937,-71.3,-84.7,-79.9, 13, 26, 0.00,174,11.4
2026-06-10 11:57:16,-101.7235,32.0502,  81.1,17942,-71.2,-84.7,-79.9, 13, 26, 0.00,174,11.3
2026-06-10 11:57:17,-101.7235,32.0503,  81.0,17947,-71.2,-84.6,-79.9, 13, 26, 0.00,174,11.2
2026-06-10 11:57:18,-101.7235,32.0504,  80.9,17952,-71.2,-84.6,-79.8, 13, 25, 0.00,174,11.1
2026-06-10 11:57:19,-101.7235,32.0505,  80.8,17957,-71.1,-84.6,-79.8, 13, 25, 0.00,174,11.0
2026-06-10 11:57:20,-101.7235,32.0506,  80.8,17962,-71.1,-84.5,-79.8, 13, 26, 0.00,174,10.9
2026-06-10 11:57:21,-101.7235,32.0506,  80.7,17967,-71.0,-84.5,-79.7, 13, 26, 0.00,174,10.8
2026-06-10 11:57:22,-101.7235,32.0507,  80.6,17972,-71.0,-84.4,-79.7, 13, 26, 0.00,174,10.7
2026-06-10 11:57:23,-101.7235,32.0508,  80.6,17977,-70.9,-84.4,-79.6, 13, 26, 0.00,175,10.7
2026-06-10 11:57:24,-101.7235,32.0509,  80.5,17982,-70.9,-84.3,-79.6, 13, 26, 0.00,175,10.6
2026-06-10 11:57:25,-101.7235,32.0510,  80.4,17988,-70.8,-84.3,-79.5, 13, 26, 0.00,175,10.5
2026-06-10 11:57:26,-101.7235,32.0510,  80.4,17993,-70.8,-84.2,-79.5, 13, 26, 0.00,175,10.4
2026-06-10 11:57:27,-101.7235,32.0511,  80.3,17998,-70.7,-84.2,-79.4, 13, 26, 0.00,175,10.2
2026-06-10 11:57:28,-101.7235,32.0512,  80.2,18003,-70.7,-84.1,-79.4, 13, 26, 0.00,176,10.0
2026-06-10 11:57:29,-101.7236,32.0513,  80.2,18008,-70.6,-84.1,-79.3, 13, 26, 0.00,176, 9.8
2026-06-10 11:57:30,-101.7236,32.0513,  80.1,18014,-70.6,-84.0,-79.3, 13, 26, 0.00,176, 9.5
2026-06-10 11:57:31,-101.7236,32.0514,  80.0,18019,-70.5,-84.0,-79.2, 13, 26, 0.00,177, 9.3
2026-06-10 11:57:32,-101.7236,32.0515,  79.9,18025,-70.5,-83.9,-79.2, 13, 26, 0.00,177, 9.1
2026-06-10 11:57:33,-101.7236,32.0516,  79.9,18030,-70.4,-83.9,-79.1, 13, 26, 0.00,177, 8.9
2026-06-10 11:57:34,-101.7236,32.0517,  79.8,18036,-70.4,-83.8,-79.1, 13, 26, 0.00,178, 8.7
2026-06-10 11:57:35,-101.7236,32.0517,  79.7,18041,-70.3,-83.8,-79.0, 13, 26, 0.00,178, 8.5
2026-06-10 11:57:36,-101.7236,32.0518,  79.6,18046,-70.3,-83.7,-79.0, 13, 26, 0.01,179, 8.3
2026-06-10 11:57:37,-101.7236,32.0519,  79.6,18051,-70.2,-83.7,-78.9, 13, 26, 0.01,179, 8.1
2026-06-10 11:57:38,-101.7236,32.0520,  79.5,18056,-70.2,-83.6,-78.9, 13, 26, 0.01,180, 7.9
2026-06-10 11:57:39,-101.7236,32.0520,  79.4,18061,-70.2,-83.6,-78.8, 13, 26, 0.01,180, 7.7
2026-06-10 11:57:40,-101.7236,32.0520,  79.4,18066,-70.1,-83.5,-78.7, 13, 26, 0.01,181, 7.5
2026-06-10 11:57:41,-101.7236,32.0521,  79.3,18072,-70.1,-83.5,-78.7, 13, 26, 0.01,182, 7.3
2026-06-10 11:57:42,-101.7236,32.0521,  79.2,18077,-70.0,-83.4,-78.6, 13, 26, 0.01,182, 7.1
2026-06-10 11:57:43,-101.7236,32.0521,  79.2,18082,-70.0,-83.3,-78.6, 13, 26, 0.01,183, 6.9
2026-06-10 11:57:44,-101.7236,32.0521,  79.1,18088,-69.9,-83.3,-78.5, 13, 26, 0.01,184, 6.7
2026-06-10 11:57:45,-101.7236,32.0522,  79.0,18093,-69.9,-83.2,-78.5, 13, 26, 0.01,184, 6.5
2026-06-10 11:57:46,-101.7236,32.0522,  78.9,18099,-69.8,-83.2,-78.4, 13, 26, 0.01,185, 6.3
2026-06-10 11:57:47,-101.7236,32.0522,  78.9,18104,-69.8,-83.1,-78.4, 13, 26, 0.01,185, 6.1
2026-06-10 11:57:48,-101.7236,32.0522,  78.8,18109,-69.7,-83.1,-78.3, 13, 26, 0.01,185, 5.9
2026-06-10 11:57:49,-101.7236,32.0523,  78.7,18115,-69.7,-83.1,-78.3, 13, 26, 0.01,185, 5.7
2026-06-10 11:57:50,-101.7236,32.0523,  78.7,18120,-69.7,-83.0,-78.3, 13, 26, 0.01,185, 5.5
2026-06-10 11:57:51,-101.7236,32.0523,  78.6,18126,-69.6,-83.0,-78.2, 13, 26, 0.01,185, 5.2
2026-06-10 11:57:52,-101.7236,32.0523,  78.5,18131,-69.6,-83.0,-78.2, 13, 26, 0.01,185, 5.0
2026-06-10 11:57:53,-101.7236,32.0524,  78.4,18136,-69.6,-83.0,-78.2, 13, 26, 0.01,185, 4.8
2026-06-10 11:57:54,-101.7236,32.0524,  78.4,18141,-69.5,-82.9,-78.2, 13, 26, 0.01,185, 4.6
2026-06-10 11:57:55,-101.7236,32.0524,  78.3,18147,-69.5,-82.9,-78.2, 13, 26, 0.01,185, 4.4
2026-06-10 11:57:56,-101.7236,32.0524,  78.2,18152,-69.4,-82.9,-78.1, 13, 26, 0.01,185, 4.2
2026-06-10 11:57:57,-101.7236,32.0525,  78.2,18157,-69.4,-82.9,-78.1, 13, 26, 0.01,185, 4.0
2026-06-10 11:57:58,-101.7236,32.0525,  78.1,18162,-69.4,-82.9,-78.1, 13, 26, 0.01,185, 3.8
2026-06-10 11:57:59,-101.7236,32.0525,  78.0,18167,-69.3,-82.8,-78.1, 13, 26, 0.01,185, 3.5
2026-06-10 11:58:00,-101.7236,32.0525,  78.0,18172,-69.3,-82.8,-78.1, 13, 26, 0.01,185, 3.3
2026-06-10 11:58:01,-101.7236,32.0526,  77.9,18177,-69.3,-82.8,-78.0, 13, 26, 0.01,185, 3.1
2026-06-10 11:58:02,-101.7236,32.0526,  77.8,18182,-69.2,-82.8,-78.0, 13, 26, 0.01,185, 2.9
2026-06-10 11:58:03,-101.7236,32.0526,  77.8,18187,-69.2,-82.8,-78.1, 13, 25, 0.01,185, 2.7
2026-06-10 11:58:04,-101.7236,32.0526,  77.7,18192,-69.2,-82.8,-78.1, 13, 25, 0.01,185, 2.5
2026-06-10 11:58:05,-101.7236,32.0527,  77.7,18197,-69.2,-82.9,-78.1, 13, 25, 0.01,184, 2.3
2026-06-10 11:58:06,-101.7236,32.0527,  77.6,18202,-69.2,-82.9,-78.1, 13, 25, 0.01,184, 2.1
2026-06-10 11:58:07,-101.7236,32.0527,  77.5,18207,-69.1,-82.9,-78.2, 13, 25, 0.01,180, 2.2
2026-06-10 11:58:08,-101.7236,32.0527,  77.5,18211,-69.1,-82.9,-78.2, 13, 25, 0.01,177, 2.3
2026-06-10 11:58:09,-101.7236,32.0528,  77.4,18216,-69.1,-83.0,-78.2, 13, 24, 0.01,173, 2.3
2026-06-10 11:58:10,-101.7236,32.0528,  77.3,18222,-69.1,-83.0,-78.2, 12, 24, 0.01,170, 2.4
2026-06-10 11:58:11,-101.7237,32.0528,  77.3,18227,-69.1,-83.0,-78.3, 12, 24, 0.01,166, 2.5
2026-06-10 11:58:12,-101.7237,32.0529,  77.2,18232,-69.1,-83.1,-78.3, 12, 24, 0.01,163, 2.6
2026-06-10 11:58:13,-101.7237,32.0529,  77.1,18237,-69.1,-83.1,-78.3, 12, 24, 0.01,160, 2.7
2026-06-10 11:58:14,-101.7238,32.0529,  77.1,18242,-69.0,-83.1,-78.4, 12, 24, 0.01,158, 2.8
2026-06-10 11:58:15,-101.7238,32.0530,  77.0,18249,-69.0,-83.2,-78.4, 12, 23, 0.01,154, 2.9
2026-06-10 11:58:16,-101.7238,32.0530,  76.9,18253,-69.0,-83.2,-78.4, 12, 23, 0.01,153, 3.0
2026-06-10 11:58:17,-101.7239,32.0530,  76.9,18258,-69.0,-83.2,-78.5, 12, 23, 0.01,151, 3.1
2026-06-10 11:58:18,-101.7239,32.0531,  76.8,18263,-69.0,-83.3,-78.5, 12, 23, 0.01,149, 3.2
2026-06-10 11:58:19,-101.7239,32.0531,  76.7,18268,-69.0,-83.3,-78.5, 12, 23, 0.01,147, 3.3
2026-06-10 11:58:20,-101.7240,32.0531,  76.7,18273,-69.0,-83.3,-78.6, 12, 23, 0.01,145, 3.4
2026-06-10 11:58:21,-101.7240,32.0532,  76.6,18278,-69.1,-83.4,-78.6, 12, 23, 0.01,144, 3.5
2026-06-10 11:58:22,-101.7240,32.0532,  76.5,18284,-69.1,-83.4,-78.7, 12, 23, 0.01,142, 3.6
2026-06-10 11:58:23,-101.7241,32.0532,  76.5,18289,-69.1,-83.5,-78.7, 12, 22, 0.01,141, 3.7
2026-06-10 11:58:24,-101.7241,32.0533,  76.4,18294,-69.1,-83.5,-78.8, 11, 22, 0.01,139, 3.7
2026-06-10 11:58:25,-101.7241,32.0533,  76.3,18300,-69.1,-83.6,-78.8, 11, 22, 0.01,138, 3.8
2026-06-10 11:58:26,-101.7242,32.0533,  76.3,18305,-69.1,-83.6,-78.9, 11, 22, 0.01,137, 3.9
2026-06-10 11:58:27,-101.7242,32.0534,  76.2,18310,-69.1,-83.7,-78.9, 11, 22, 0.01,138, 4.0
2026-06-10 11:58:28,-101.7242,32.0534,  76.1,18315,-69.1,-83.7,-78.9, 11, 22, 0.01,138, 4.1
2026-06-10 11:58:29,-101.7243,32.0534,  76.1,18320,-69.1,-83.7,-79.0, 11, 22, 0.01,139, 4.2
2026-06-10 11:58:30,-101.7243,32.0535,  76.0,18325,-69.1,-83.7,-79.0, 11, 22, 0.01,139, 4.3
2026-06-10 11:58:31,-101.7243,32.0535,  75.9,18330,-69.1,-83.8,-79.0, 11, 22, 0.01,139, 4.4
2026-06-10 11:58:32,-101.7244,32.0536,  75.9,18335,-69.2,-83.8,-79.0, 11, 22, 0.01,140, 4.5
2026-06-10 11:58:33,-101.7244,32.0536,  75.8,18341,-69.2,-83.8,-79.0, 11, 22, 0.01,140, 4.6
2026-06-10 11:58:34,-101.7244,32.0536,  75.7,18346,-69.2,-83.8,-79.1, 11, 22, 0.01,140, 4.8
2026-06-10 11:58:35,-101.7244,32.0537,  75.7,18351,-69.2,-83.8,-79.1, 11, 22, 0.01,141, 4.9
2026-06-10 11:58:36,-101.7245,32.0537,  75.6,18356,-69.2,-83.9,-79.1, 11, 22, 0.01,141, 5.0
2026-06-10 11:58:37,-101.7245,32.0537,  75.5,18361,-69.2,-83.9,-79.1, 11, 21, 0.01,141, 5.1
2026-06-10 11:58:38,-101.7245,32.0538,  75.5,18366,-69.2,-83.9,-79.1, 11, 22, 0.01,142, 5.2
2026-06-10 11:58:39,-101.7246,32.0538,  75.4,18371,-69.3,-83.9,-79.1, 11, 21, 0.01,142, 5.3
2026-06-10 11:58:40,-101.7246,32.0538,  75.4,18376,-69.3,-83.9,-79.2, 11, 21, 0.01,142, 5.4
2026-06-10 11:58:41,-101.7246,32.0539,  75.3,18381,-69.3,-83.9,-79.2, 11, 21, 0.01,143, 5.5
2026-06-10 11:58:42,-101.7247,32.0539,  75.2,18386,-69.3,-84.0,-79.2, 11, 21, 0.01,143, 5.6
2026-06-10 11:58:43,-101.7247,32.0540,  75.2,18391,-69.3,-84.0,-79.3, 11, 21, 0.01,143, 5.7
2026-06-10 11:58:44,-101.7247,32.0540,  75.1,18397,-69.3,-84.1,-79.3, 11, 21, 0.01,143, 5.8
2026-06-10 11:58:45,-101.7248,32.0541,  75.0,18402,-69.3,-84.1,-79.4, 11, 21, 0.01,144, 5.9
2026-06-10 11:58:46,-101.7248,32.0541,  75.0,18407,-69.3,-84.2,-79.4, 11, 21, 0.00,144, 6.0
2026-06-10 11:58:47,-101.7248,32.0541,  74.9,18413,-69.3,-84.2,-79.5, 11, 21, 0.00,144, 6.0
2026-06-10 11:58:48,-101.7249,32.0542,  74.8,18418,-69.4,-84.3,-79.5, 11, 21, 0.00,144, 6.0
2026-06-10 11:58:49,-101.7249,32.0542,  74.8,18423,-69.4,-84.3,-79.6, 10, 20, 0.00,145, 6.0
2026-06-10 11:58:50,-101.7249,32.0543,  74.7,18429,-69.4,-84.4,-79.6, 10, 20, 0.00,145, 6.0
2026-06-10 11:58:51,-101.7250,32.0543,  74.6,18434,-69.4,-84.4,-79.6, 10, 20, 0.00,145, 6.0
2026-06-10 11:58:52,-101.7250,32.0544,  74.5,18440,-69.4,-84.5,-79.7, 10, 20, 0.00,145, 6.0
2026-06-10 11:58:53,-101.7250,32.0544,  74.5,18446,-69.4,-84.5,-79.7, 10, 20, 0.00,146, 6.0
2026-06-10 11:58:54,-101.7251,32.0545,  74.4,18452,-69.4,-84.6,-79.8, 10, 20, 0.00,146, 6.0
2026-06-10 11:58:55,-101.7251,32.0545,  74.3,18457,-69.4,-84.6,-79.8, 10, 20, 0.00,146, 6.0
2026-06-10 11:58:56,-101.7251,32.0546,  74.3,18463,-69.4,-84.6,-79.9, 10, 20, 0.00,147, 6.0
2026-06-10 11:58:57,-101.7252,32.0546,  74.2,18469,-69.4,-84.6,-79.9, 10, 20, 0.00,147, 6.0
2026-06-10 11:58:58,-101.7252,32.0546,  74.1,18474,-69.4,-84.6,-79.9, 10, 20, 0.00,147, 6.0
2026-06-10 11:58:59,-101.7252,32.0547,  74.1,18479,-69.4,-84.7,-79.9, 10, 19, 0.00,147, 6.0
2026-06-10 11:59:00,-101.7253,32.0547,  74.0,18485,-69.4,-84.7,-79.9, 10, 19, 0.00,148, 6.0
2026-06-10 11:59:01,-101.7253,32.0548,  73.9,18490,-69.4,-84.7,-79.9, 10, 19, 0.00,148, 6.0
2026-06-10 11:59:02,-101.7253,32.0548,  73.9,18496,-69.5,-84.7,-79.9, 10, 19, 0.00,148, 6.0
2026-06-10 11:59:03,-101.7254,32.0549,  73.8,18501,-69.5,-84.7,-80.0, 10, 19, 0.00,148, 6.0
2026-06-10 11:59:04,-101.7254,32.0549,  73.7,18506,-69.5,-84.7,-80.0, 10, 19, 0.00,149, 6.0
2026-06-10 11:59:05,-101.7254,32.0550,  73.7,18511,-69.5,-84.7,-80.0, 10, 19, 0.00,149, 6.0
2026-06-10 11:59:06,-101.7255,32.0550,  73.6,18516,-69.5,-84.8,-80.0, 10, 19, 0.00,149, 6.0
2026-06-10 11:59:07,-101.7255,32.0551,  73.5,18521,-69.5,-84.8,-80.0, 10, 19, 0.00,149, 5.9
2026-06-10 11:59:08,-101.7255,32.0551,  73.5,18526,-69.5,-84.8,-80.0, 10, 19, 0.00,150, 5.8
2026-06-10 11:59:09,-101.7255,32.0551,  73.4,18529,-69.5,-84.8,-80.0, 10, 19, 0.00,150, 5.8
2026-06-10 11:59:10,-101.7256,32.0552,  73.4,18537,-69.5,-84.8,-80.0, 10, 19, 0.00,150, 5.7
2026-06-10 11:59:11,-101.7256,32.0552,  73.3,18542,-69.5,-84.8,-80.0, 10, 19, 0.00,150, 5.6
2026-06-10 11:59:12,-101.7256,32.0552,  73.2,18547,-69.5,-84.8,-80.0, 10, 19, 0.00,150, 5.5
2026-06-10 11:59:13,-101.7256,32.0552,  73.2,18552,-69.5,-84.8,-80.0, 10, 19, 0.00,150, 5.4
2026-06-10 11:59:14,-101.7257,32.0553,  73.1,18557,-69.5,-84.7,-80.0, 10, 19, 0.00,150, 5.3
2026-06-10 11:59:15,-101.7257,32.0553,  73.0,18562,-69.5,-84.7,-80.0, 10, 19, 0.00,151, 5.2
2026-06-10 11:59:16,-101.7257,32.0553,  73.0,18567,-69.5,-84.7,-80.0, 10, 19, 0.00,151, 5.1
2026-06-10 11:59:17,-101.7257,32.0553,  72.9,18572,-69.5,-84.7,-80.0, 10, 19, 0.00,151, 5.0
2026-06-10 11:59:18,-101.7257,32.0553,  72.9,18577,-69.5,-84.7,-79.9, 10, 19, 0.00,151, 4.9
2026-06-10 11:59:19,-101.7258,32.0554,  72.8,18582,-69.5,-84.7,-79.9, 10, 19, 0.00,151, 4.8
2026-06-10 11:59:20,-101.7258,32.0554,  72.7,18587,-69.5,-84.7,-79.9, 10, 19, 0.00,152, 4.7
2026-06-10 11:59:21,-101.7258,32.0554,  72.7,18592,-69.5,-84.7,-79.9, 10, 19, 0.00,152, 4.6
2026-06-10 11:59:22,-101.7258,32.0554,  72.6,18597,-69.5,-84.7,-79.9, 10, 19, 0.00,152, 4.5
2026-06-10 11:59:23,-101.7258,32.0554,  72.6,18602,-69.5,-84.7,-79.9, 10, 20, 0.00,152, 4.4
2026-06-10 11:59:24,-101.7259,32.0555,  72.5,18607,-69.5,-84.7,-79.9, 10, 20, 0.00,153, 4.3
2026-06-10 11:59:25,-101.7259,32.0555,  72.4,18611,-69.5,-84.6,-79.9, 10, 20, 0.00,153, 4.2
2026-06-10 11:59:26,-101.7259,32.0555,  72.4,18616,-69.5,-84.6,-79.9, 10, 20, 0.00,153, 4.1
2026-06-10 11:59:27,-101.7259,32.0555,  72.3,18621,-69.5,-84.6,-79.9, 10, 20, 0.00,152, 4.0
2026-06-10 11:59:28,-101.7259,32.0556,  72.3,18626,-69.5,-84.6,-79.9, 10, 20, 0.00,151, 3.9
2026-06-10 11:59:29,-101.7260,32.0556,  72.2,18631,-69.5,-84.6,-79.8, 10, 20, 0.00,150, 3.8
2026-06-10 11:59:30,-101.7260,32.0556,  72.1,18636,-69.5,-84.6,-79.8, 10, 20, 0.00,149, 3.7
2026-06-10 11:59:31,-101.7260,32.0556,  72.1,18641,-69.5,-84.6,-79.8, 10, 20, 0.00,147, 3.6
2026-06-10 11:59:32,-101.7260,32.0556,  72.0,18646,-69.5,-84.6,-79.8, 10, 20, 0.00,146, 3.5
2026-06-10 11:59:33,-101.7260,32.0556,  72.0,18651,-69.5,-84.6,-79.8, 10, 20, 0.00,144, 3.4
2026-06-10 11:59:34,-101.7261,32.0557,  71.9,18657,-69.5,-84.6,-79.8, 10, 20, 0.00,142, 3.3
2026-06-10 11:59:35,-101.7261,32.0557,  71.8,18662,-69.5,-84.5,-79.8, 10, 20, 0.00,141, 3.2
2026-06-10 11:59:36,-101.7261,32.0557,  71.8,18668,-69.5,-84.6,-79.8, 10, 20, 0.00,139, 3.1
2026-06-10 11:59:37,-101.7261,32.0557,  71.7,18673,-69.5,-84.6,-79.8, 10, 20, 0.00,137, 3.0
2026-06-10 11:59:38,-101.7261,32.0558,  71.6,18678,-69.5,-84.6,-79.8, 10, 20, 0.00,134, 2.9
2026-06-10 11:59:39,-101.7262,32.0558,  71.6,18683,-69.5,-84.6,-79.9, 10, 20, 0.00,132, 2.8
2026-06-10 11:59:40,-101.7262,32.0557,  71.5,18689,-69.5,-84.6,-79.9, 10, 20, 0.00,129, 2.7
2026-06-10 11:59:41,-101.7262,32.0557,  71.4,18694,-69.5,-84.7,-79.9, 10, 20, 0.00,126, 2.6
2026-06-10 11:59:42,-101.7263,32.0557,  71.4,18699,-69.5,-84.7,-79.9, 10, 20, 0.00,123, 2.5
2026-06-10 11:59:43,-101.7263,32.0557,  71.3,18704,-69.5,-84.7,-79.9, 10, 20, 0.00,120, 2.4
2026-06-10 11:59:44,-101.7263,32.0556,  71.3,18709,-69.5,-84.7,-79.9, 10, 19, 0.00,116, 2.3
2026-06-10 11:59:45,-101.7264,32.0556,  71.2,18714,-69.5,-84.7,-80.0, 10, 19, 0.00,113, 2.2
2026-06-10 11:59:46,-101.7264,32.0556,  71.1,18719,-69.5,-84.7,-80.0, 10, 19, 0.00,109, 2.1
2026-06-10 11:59:47,-101.7264,32.0556,  71.1,18724,-69.5,-84.8,-80.0, 10, 19, 0.00,104, 2.2
2026-06-10 11:59:48,-101.7265,32.0556,  71.0,18730,-69.5,-84.8,-80.0, 10, 19, 0.00, 99, 2.3
2026-06-10 11:59:49,-101.7265,32.0556,  71.0,18735,-69.5,-84.8,-80.1, 10, 19, 0.00, 95, 2.4
2026-06-10 11:59:50,-101.7266,32.0555,  70.9,18740,-69.5,-84.8,-80.1, 10, 19, 0.00, 90, 2.5
2026-06-10 11:59:51,-101.7266,32.0555,  70.8,18745,-69.5,-84.9,-80.1, 10, 19, 0.00, 86, 2.6
2026-06-10 11:59:52,-101.7266,32.0555,  70.8,18751,-69.5,-84.9,-80.1, 10, 19, 0.00, 82, 2.6
2026-06-10 11:59:53,-101.7267,32.0555,  70.7,18756,-69.5,-84.9,-80.2, 10, 19, 0.00, 78, 2.7
2026-06-10 11:59:54,-101.7267,32.0554,  70.6,18761,-69.5,-84.9,-80.2, 10, 19, 0.00, 75, 2.8
2026-06-10 11:59:55,-101.7267,32.0554,  70.6,18766,-69.5,-85.0,-80.2, 10, 19, 0.00, 72, 2.9
2026-06-10 11:59:56,-101.7268,32.0554,  70.5,18771,-69.5,-85.0,-80.2, 10, 19, 0.00, 69, 3.0
2026-06-10 11:59:57,-101.7268,32.0554,  70.5,18777,-69.5,-85.0,-80.3,  9, 18, 0.00, 66, 3.1
2026-06-10 11:59:58,-101.7268,32.0554,  70.4,18782,-69.5,-85.1,-80.3,  9, 18, 0.00, 63, 3.2
2026-06-10 11:59:59,-101.7269,32.0553,  70.3,18787,-69.5,-85.1,-80.3,  9, 18, 0.00, 61, 3.3
2026-06-10 12:00:00,-101.7269,32.0553,  70.3,18792,-69.5,-85.1,-80.4,  9, 18, 0.00, 59, 3.4
2026-06-10 12:00:01,-101.7270,32.0553,  70.2,18798,-69.5,-85.1,-80.4,  9, 18, 0.00, 57, 3.5
2026-06-10 12:00:02,-101.7270,32.0553,  70.2,18803,-69.5,-85.2,-80.4,  9, 18, 0.00, 55, 3.6
2026-06-10 12:00:03,-101.7270,32.0553,  70.1,18808,-69.5,-85.2,-80.4,  9, 18, 0.00, 53, 3.7
2026-06-10 12:00:04,-101.7271,32.0552,  70.0,18813,-69.5,-85.2,-80.5,  9, 18, 0.00, 52, 3.8
2026-06-10 12:00:05,-101.7271,32.0552,  70.0,18816,-69.5,-85.3,-80.5,  9, 18, 0.00, 51, 3.9
2026-06-10 12:00:06,-101.7271,32.0552,  69.9,18823,-69.5,-85.3,-80.5,  9, 18, 0.00, 49, 4.0
2026-06-10 12:00:07,-101.7272,32.0552,  69.9,18827,-69.5,-85.3,-80.6,  9, 18, 0.00, 50, 4.2
2026-06-10 12:00:08,-101.7272,32.0551,  69.8,18832,-69.5,-85.4,-80.6,  9, 17, 0.00, 51, 4.3
2026-06-10 12:00:09,-101.7272,32.0551,  69.7,18837,-69.5,-85.4,-80.7,  9, 17, 0.00, 51, 4.4
2026-06-10 12:00:10,-101.7273,32.0551,  69.7,18842,-69.5,-85.5,-80.7,  9, 17, 0.00, 52, 4.6
2026-06-10 12:00:11,-101.7273,32.0551,  69.6,18847,-69.5,-85.5,-80.7,  9, 17, 0.00, 53, 4.7
2026-06-10 12:00:12,-101.7274,32.0551,  69.6,18853,-69.5,-85.5,-80.8,  9, 17, 0.00, 53, 4.9
2026-06-10 12:00:13,-101.7274,32.0550,  69.5,18858,-69.5,-85.6,-80.8,  9, 17, 0.00, 54, 5.0
2026-06-10 12:00:14,-101.7275,32.0550,  69.4,18863,-69.5,-85.6,-80.8,  9, 17, 0.00, 54, 5.2
2026-06-10 12:00:15,-101.7276,32.0550,  69.4,18868,-69.5,-85.6,-80.9,  9, 17, 0.00, 55, 5.3
2026-06-10 12:00:16,-101.7277,32.0549,  69.3,18875,-69.5,-85.7,-80.9,  9, 17, 0.00, 55, 5.5
2026-06-10 12:00:17,-101.7278,32.0549,  69.3,18878,-69.5,-85.6,-80.9,  9, 17, 0.00, 56, 5.6
2026-06-10 12:00:18,-101.7278,32.0549,  69.2,18883,-69.5,-85.6,-80.9,  9, 17, 0.00, 56, 5.8
2026-06-10 12:00:19,-101.7279,32.0549,  69.2,18888,-69.5,-85.6,-80.9,  9, 17, 0.00, 56, 5.9
2026-06-10 12:00:20,-101.7280,32.0548,  69.1,18893,-69.5,-85.6,-80.9,  9, 17, 0.00, 57, 6.1
2026-06-10 12:00:21,-101.7281,32.0548,  69.0,18898,-69.5,-85.6,-80.8,  9, 17, 0.00, 57, 6.2
2026-06-10 12:00:22,-101.7282,32.0548,  69.0,18903,-69.5,-85.6,-80.8,  9, 17, 0.00, 57, 6.4
2026-06-10 12:00:23,-101.7283,32.0547,  68.9,18908,-69.5,-85.6,-80.8,  9, 17, 0.00, 58, 6.5
2026-06-10 12:00:24,-101.7283,32.0547,  68.9,18913,-69.5,-85.6,-80.8,  9, 17, 0.00, 58, 6.7
2026-06-10 12:00:25,-101.7284,32.0547,  68.8,18918,-69.4,-85.6,-80.8,  9, 17, 0.00, 58, 6.8
2026-06-10 12:00:26,-101.7285,32.0547,  68.7,18923,-69.4,-85.5,-80.8,  9, 17, 0.00, 59, 7.0
2026-06-10 12:00:27,-101.7286,32.0546,  68.7,18928,-69.4,-85.5,-80.8,  9, 17, 0.00, 59, 7.1
2026-06-10 12:00:28,-101.7287,32.0546,  68.6,18933,-69.4,-85.5,-80.8,  9, 17, 0.00, 60, 7.2
2026-06-10 12:00:29,-101.7288,32.0546,  68.6,18938,-69.4,-85.5,-80.7,  9, 17, 0.00, 61, 7.3
2026-06-10 12:00:30,-101.7288,32.0545,  68.5,18944,-69.4,-85.5,-80.7,  9, 17, 0.00, 61, 7.4
2026-06-10 12:00:31,-101.7289,32.0545,  68.5,18949,-69.4,-85.5,-80.7,  9, 17, 0.00, 62, 7.5
2026-06-10 12:00:32,-101.7290,32.0545,  68.4,18954,-69.4,-85.5,-80.7,  9, 17, 0.00, 63, 7.7
2026-06-10 12:00:33,-101.7291,32.0545,  68.3,18959,-69.4,-85.5,-80.7,  9, 17, 0.00, 63, 7.8
2026-06-10 12:00:34,-101.7292,32.0544,  68.3,18964,-69.4,-85.5,-80.7,  9, 17, 0.00, 64, 7.9
2026-06-10 12:00:35,-101.7293,32.0544,  68.2,18969,-69.4,-85.5,-80.7,  9, 17, 0.00, 64, 8.0
2026-06-10 12:00:36,-101.7293,32.0544,  68.2,18974,-69.4,-85.5,-80.7,  9, 17, 0.00, 65, 8.1
2026-06-10 12:00:37,-101.7294,32.0543,  68.1,18979,-69.4,-85.5,-80.7,  9, 17, 0.00, 66, 8.2
2026-06-10 12:00:38,-101.7295,32.0543,  68.0,18984,-69.4,-85.4,-80.7,  9, 17, 0.00, 66, 8.3
2026-06-10 12:00:39,-101.7296,32.0543,  68.0,18989,-69.3,-85.4,-80.7,  9, 17, 0.00, 67, 8.5
2026-06-10 12:00:40,-101.7297,32.0543,  67.9,18994,-69.3,-85.4,-80.7,  9, 17, 0.00, 67, 8.6
2026-06-10 12:00:41,-101.7297,32.0542,  67.9,18999,-69.3,-85.4,-80.7,  9, 17, 0.00, 68, 8.7
2026-06-10 12:00:42,-101.7298,32.0542,  67.8,19004,-69.3,-85.4,-80.7,  9, 17, 0.00, 68, 8.8
2026-06-10 12:00:43,-101.7299,32.0542,  67.8,19010,-69.3,-85.4,-80.7,  9, 17, 0.00, 69, 8.9
2026-06-10 12:00:44,-101.7300,32.0541,  67.7,19015,-69.3,-85.4,-80.7,  9, 17, 0.00, 69, 9.1
2026-06-10 12:00:45,-101.7301,32.0541,  67.6,19020,-69.3,-85.4,-80.7,  9, 17, 0.00, 70, 9.2
2026-06-10 12:00:46,-101.7302,32.0541,  67.6,19025,-69.3,-85.5,-80.7,  9, 17, 0.00, 70, 9.3
2026-06-10 12:00:47,-101.7303,32.0541,  67.5,19031,-69.3,-85.5,-80.7,  9, 17, 0.00, 71, 9.3
2026-06-10 12:00:48,-101.7304,32.0541,  67.5,19036,-69.3,-85.5,-80.7,  9, 17, 0.00, 71, 9.3
2026-06-10 12:00:49,-101.7305,32.0541,  67.4,19041,-69.3,-85.5,-80.7,  9, 17, 0.00, 72, 9.2
2026-06-10 12:00:50,-101.7306,32.0541,  67.3,19047,-69.3,-85.5,-80.7,  9, 17, 0.00, 73, 9.2
2026-06-10 12:00:51,-101.7306,32.0541,  67.3,19052,-69.3,-85.5,-80.8,  9, 17, 0.00, 74, 9.2
2026-06-10 12:00:52,-101.7307,32.0541,  67.2,19057,-69.3,-85.5,-80.8,  8, 17, 0.00, 75, 9.2
2026-06-10 12:00:53,-101.7308,32.0541,  67.2,19062,-69.3,-85.5,-80.8,  8, 17, 0.00, 75, 9.2
2026-06-10 12:00:54,-101.7309,32.0541,  67.1,19067,-69.3,-85.5,-80.8,  8, 17, 0.00, 76, 9.2
2026-06-10 12:00:55,-101.7310,32.0541,  67.0,19072,-69.3,-85.6,-80.8,  8, 16, 0.00, 77, 9.1
2026-06-10 12:00:56,-101.7311,32.0541,  67.0,19077,-69.3,-85.6,-80.8,  8, 16, 0.00, 78, 9.1
2026-06-10 12:00:57,-101.7312,32.0541,  66.9,19083,-69.3,-85.6,-80.8,  8, 16, 0.00, 78, 9.1
2026-06-10 12:00:58,-101.7313,32.0541,  66.9,19088,-69.3,-85.6,-80.9,  8, 16, 0.00, 79, 9.1
2026-06-10 12:00:59,-101.7314,32.0541,  66.8,19093,-69.3,-85.6,-80.9,  8, 16, 0.00, 80, 9.1
2026-06-10 12:01:00,-101.7315,32.0541,  66.8,19099,-69.3,-85.7,-80.9,  8, 16, 0.00, 81, 9.1
2026-06-10 12:01:01,-101.7316,32.0541,  66.7,19104,-69.3,-85.7,-80.9,  8, 16, 0.00, 82, 9.1
2026-06-10 12:01:02,-101.7317,32.0541,  66.6,19109,-69.3,-85.7,-81.0,  8, 16, 0.00, 82, 9.1
2026-06-10 12:01:03,-101.7318,32.0541,  66.6,19114,-69.3,-85.7,-81.0,  8, 16, 0.00, 83, 9.1
2026-06-10 12:01:04,-101.7319,32.0541,  66.5,19119,-69.2,-85.8,-81.0,  8, 16, 0.00, 84, 9.1
2026-06-10 12:01:05,-101.7320,32.0541,  66.5,19124,-69.2,-85.8,-81.0,  8, 16, 0.00, 85, 9.1
2026-06-10 12:01:06,-101.7321,32.0541,  66.4,19129,-69.2,-85.8,-81.1,  8, 16, 0.00, 85, 9.1
2026-06-10 12:01:07,-101.7322,32.0541,  66.4,19134,-69.2,-85.8,-81.1,  8, 16, 0.00, 86, 9.1
2026-06-10 12:01:08,-101.7323,32.0541,  66.3,19140,-69.2,-85.9,-81.1,  8, 15, 0.00, 87, 9.1
2026-06-10 12:01:09,-101.7324,32.0541,  66.2,19145,-69.2,-85.9,-81.1,  8, 15, 0.00, 88, 9.1
2026-06-10 12:01:10,-101.7325,32.0541,  66.2,19150,-69.2,-85.9,-81.1,  8, 15, 0.00, 89, 9.1
2026-06-10 12:01:11,-101.7325,32.0541,  66.1,19156,-69.2,-85.9,-81.2,  8, 15, 0.00, 90, 9.0
2026-06-10 12:01:12,-101.7326,32.0541,  66.1,19161,-69.2,-85.9,-81.2,  8, 15, 0.00, 91, 9.0
2026-06-10 12:01:13,-101.7327,32.0541,  66.0,19167,-69.2,-85.9,-81.2,  8, 15, 0.00, 92, 9.1
2026-06-10 12:01:14,-101.7328,32.0541,  65.9,19172,-69.2,-85.9,-81.2,  8, 15, 0.00, 92, 9.1
2026-06-10 12:01:15,-101.7329,32.0541,  65.9,19177,-69.2,-86.0,-81.2,  8, 15, 0.00, 93, 9.1
2026-06-10 12:01:16,-101.7330,32.0541,  65.8,19182,-69.2,-86.0,-81.2,  8, 15, 0.00, 94, 9.1
2026-06-10 12:01:17,-101.7331,32.0542,  65.8,19187,-69.2,-86.0,-81.2,  8, 15, 0.00, 95, 9.1
2026-06-10 12:01:18,-101.7332,32.0542,  65.7,19193,-69.2,-86.0,-81.2,  8, 15, 0.00, 96, 9.1
2026-06-10 12:01:19,-101.7333,32.0542,  65.7,19198,-69.2,-86.0,-81.2,  8, 15, 0.00, 97, 9.1
2026-06-10 12:01:20,-101.7335,32.0542,  65.6,19203,-69.2,-86.0,-81.2,  8, 15, 0.00, 98, 9.0
2026-06-10 12:01:21,-101.7336,32.0542,  65.5,19209,-69.2,-86.0,-81.3,  8, 15, 0.00, 99, 9.0
2026-06-10 12:01:22,-101.7337,32.0542,  65.5,19214,-69.2,-86.0,-81.3,  8, 15, 0.00,100, 9.0
2026-06-10 12:01:23,-101.7338,32.0542,  65.4,19219,-69.2,-86.0,-81.3,  8, 15, 0.00,100, 9.0
2026-06-10 12:01:24,-101.7339,32.0543,  65.4,19225,-69.2,-86.0,-81.3,  8, 15, 0.00,101, 9.1
2026-06-10 12:01:25,-101.7340,32.0543,  65.3,19230,-69.1,-86.0,-81.2,  8, 15, 0.00,102, 9.1
2026-06-10 12:01:26,-101.7341,32.0543,  65.2,19235,-69.1,-86.0,-81.2,  8, 15, 0.00,103, 9.1
2026-06-10 12:01:27,-101.7342,32.0543,  65.2,19241,-69.1,-86.0,-81.2,  8, 15, 0.00,103, 9.2
2026-06-10 12:01:28,-101.7343,32.0543,  65.1,19246,-69.1,-86.0,-81.2,  8, 15, 0.00,102, 9.3
2026-06-10 12:01:29,-101.7344,32.0543,  65.1,19252,-69.1,-86.0,-81.2,  8, 15, 0.00,102, 9.3
2026-06-10 12:01:30,-101.7346,32.0543,  65.0,19257,-69.1,-85.9,-81.2,  8, 15, 0.00,101, 9.4
2026-06-10 12:01:31,-101.7347,32.0543,  65.0,19262,-69.1,-85.9,-81.2,  8, 15, 0.00,101, 9.5
2026-06-10 12:01:32,-101.7348,32.0543,  64.9,19267,-69.1,-85.9,-81.1,  8, 15, 0.00,100, 9.6
2026-06-10 12:01:33,-101.7349,32.0544,  64.8,19273,-69.1,-85.9,-81.1,  8, 15, 0.00,100, 9.7
2026-06-10 12:01:34,-101.7350,32.0544,  64.8,19278,-69.1,-85.9,-81.1,  8, 15, 0.00, 99, 9.8
2026-06-10 12:01:35,-101.7351,32.0544,  64.7,19283,-69.1,-85.9,-81.1,  8, 15, 0.00, 99, 9.9
2026-06-10 12:01:36,-101.7352,32.0544,  64.7,19288,-69.1,-85.9,-81.1,  8, 15, 0.00, 99, 9.9
2026-06-10 12:01:37,-101.7353,32.0544,  64.6,19293,-69.1,-85.8,-81.1,  8, 15, 0.00, 98,10.0
2026-06-10 12:01:38,-101.7354,32.0544,  64.6,19299,-69.1,-85.8,-81.1,  8, 15, 0.00, 98,10.1
2026-06-10 12:01:39,-101.7355,32.0544,  64.5,19304,-69.1,-85.8,-81.0,  8, 15, 0.00, 97,10.2
2026-06-10 12:01:40,-101.7356,32.0545,  64.4,19309,-69.1,-85.8,-81.0,  8, 15, 0.00, 97,10.3
2026-06-10 12:01:41,-101.7358,32.0545,  64.4,19314,-69.2,-85.8,-81.0,  8, 16, 0.00, 97,10.4
2026-06-10 12:01:42,-101.7359,32.0545,  64.3,19319,-69.2,-85.8,-81.0,  8, 16, 0.00, 96,10.5
2026-06-10 12:01:43,-101.7360,32.0545,  64.3,19324,-69.2,-85.8,-81.0,  8, 16, 0.00, 96,10.6
2026-06-10 12:01:44,-101.7361,32.0545,  64.2,19329,-69.2,-85.7,-81.0,  8, 16, 0.00, 96,10.7
2026-06-10 12:01:45,-101.7362,32.0545,  64.2,19333,-69.2,-85.7,-81.0,  8, 16, 0.00, 95,10.8
2026-06-10 12:01:46,-101.7363,32.0545,  64.1,19338,-69.2,-85.7,-80.9,  8, 16, 0.00, 95,10.8
2026-06-10 12:01:47,-101.7364,32.0545,  64.1,19343,-69.2,-85.7,-80.9,  8, 16, 0.00, 95,10.9
2026-06-10 12:01:48,-101.7365,32.0546,  64.0,19348,-69.2,-85.7,-80.9,  8, 16, 0.00, 95,10.9
2026-06-10 12:01:49,-101.7366,32.0546,  64.0,19353,-69.2,-85.7,-80.9,  8, 16, 0.00, 96,10.9
2026-06-10 12:01:50,-101.7367,32.0546,  63.9,19358,-69.2,-85.7,-80.9,  8, 16, 0.00, 96,10.9
2026-06-10 12:01:51,-101.7368,32.0546,  63.9,19363,-69.2,-85.7,-80.9,  8, 16, 0.00, 96,10.9
2026-06-10 12:01:52,-101.7370,32.0547,  63.8,19369,-69.2,-85.7,-80.9,  8, 16, 0.00, 96,10.9
2026-06-10 12:01:53,-101.7371,32.0547,  63.7,19374,-69.2,-85.7,-80.9,  8, 16, 0.00, 96,11.0
2026-06-10 12:01:54,-101.7372,32.0547,  63.7,19380,-69.2,-85.7,-80.9,  8, 16, 0.00, 97,11.0
2026-06-10 12:01:55,-101.7373,32.0547,  63.6,19385,-69.2,-85.7,-80.9,  8, 16, 0.00, 97,11.0
2026-06-10 12:01:56,-101.7374,32.0547,  63.6,19391,-69.2,-85.7,-80.9,  8, 16, 0.00, 97,11.0
2026-06-10 12:01:57,-101.7375,32.0548,  63.5,19396,-69.2,-85.7,-81.0,  8, 16, 0.00, 97,11.0
2026-06-10 12:01:58,-101.7376,32.0548,  63.5,19402,-69.2,-85.7,-81.0,  8, 16, 0.00, 98,11.1
2026-06-10 12:01:59,-101.7377,32.0548,  63.4,19407,-69.2,-85.7,-81.0,  8, 16, 0.00, 98,11.1
2026-06-10 12:02:00,-101.7378,32.0548,  63.3,19412,-69.2,-85.7,-81.0,  8, 16, 0.00, 98,11.1
2026-06-10 12:02:01,-101.7379,32.0548,  63.3,19417,-69.3,-85.7,-81.0,  8, 16, 0.00, 98,11.1
2026-06-10 12:02:02,-101.7380,32.0549,  63.2,19423,-69.3,-85.8,-81.0,  8, 16, 0.00, 98,11.1
2026-06-10 12:02:03,-101.7382,32.0549,  63.2,19428,-69.3,-85.8,-81.0,  8, 16, 0.00, 99,11.1
2026-06-10 12:02:04,-101.7383,32.0549,  63.1,19433,-69.3,-85.8,-81.0,  8, 16, 0.00, 99,11.2
2026-06-10 12:02:05,-101.7384,32.0549,  63.1,19438,-69.3,-85.7,-81.0,  8, 16, 0.00, 99,11.2
2026-06-10 12:02:06,-101.7385,32.0550,  63.0,19444,-69.3,-85.7,-81.0,  8, 16, 0.00, 99,11.2
2026-06-10 12:02:07,-101.7386,32.0550,  62.9,19449,-69.3,-85.7,-80.9,  8, 16, 0.00,100,11.1
2026-06-10 12:02:08,-101.7387,32.0550,  62.9,19455,-69.3,-85.7,-80.9,  8, 16, 0.00,100,11.0
2026-06-10 12:02:09,-101.7388,32.0550,  62.8,19460,-69.3,-85.7,-80.9,  8, 16, 0.00,101,11.0
2026-06-10 12:02:10,-101.7389,32.0550,  62.8,19465,-69.3,-85.6,-80.9,  8, 16, 0.00,101,10.9
2026-06-10 12:02:11,-101.7390,32.0551,  62.7,19470,-69.3,-85.6,-80.9,  8, 16, 0.00,102,10.8
2026-06-10 12:02:12,-101.7391,32.0551,  62.7,19475,-69.3,-85.6,-80.8,  8, 16, 0.00,102,10.7
2026-06-10 12:02:13,-101.7392,32.0551,  62.6,19481,-69.3,-85.6,-80.8,  8, 16, 0.00,103,10.6
2026-06-10 12:02:14,-101.7394,32.0551,  62.6,19486,-69.3,-85.6,-80.8,  8, 16, 0.00,103,10.6
2026-06-10 12:02:15,-101.7395,32.0551,  62.5,19491,-69.3,-85.5,-80.8,  8, 16, 0.00,104,10.5
2026-06-10 12:02:16,-101.7396,32.0552,  62.5,19496,-69.3,-85.5,-80.8,  8, 17, 0.00,104,10.4
2026-06-10 12:02:17,-101.7397,32.0552,  62.4,19503,-69.3,-85.5,-80.8,  8, 17, 0.00,105,10.3
2026-06-10 12:02:18,-101.7398,32.0552,  62.3,19506,-69.3,-85.5,-80.8,  8, 17, 0.00,105,10.3
2026-06-10 12:02:19,-101.7399,32.0552,  62.3,19511,-69.3,-85.5,-80.8,  8, 16, 0.00,106,10.2
2026-06-10 12:02:20,-101.7400,32.0553,  62.2,19517,-69.3,-85.5,-80.8,  8, 16, 0.00,107,10.1
2026-06-10 12:02:21,-101.7401,32.0553,  62.2,19522,-69.3,-85.5,-80.8,  8, 16, 0.00,107,10.0
2026-06-10 12:02:22,-101.7402,32.0553,  62.1,19527,-69.3,-85.6,-80.8,  8, 16, 0.00,108,10.0
2026-06-10 12:02:23,-101.7403,32.0554,  62.1,19533,-69.3,-85.6,-80.8,  8, 16, 0.00,108, 9.9
2026-06-10 12:02:24,-101.7404,32.0554,  62.0,19538,-69.3,-85.6,-80.8,  8, 16, 0.00,109, 9.8
2026-06-10 12:02:25,-101.7405,32.0554,  62.0,19544,-69.3,-85.6,-80.8,  8, 16, 0.00,110, 9.8
2026-06-10 12:02:26,-101.7406,32.0555,  61.9,19549,-69.3,-85.6,-80.8,  8, 16, 0.00,110, 9.7
2026-06-10 12:02:27,-101.7407,32.0555,  61.9,19554,-69.3,-85.6,-80.8,  8, 16, 0.00,110, 9.8
2026-06-10 12:02:28,-101.7408,32.0555,  61.8,19559,-69.3,-85.6,-80.8,  8, 16, 0.00,110, 9.8
2026-06-10 12:02:29,-101.7410,32.0555,  61.8,19564,-69.3,-85.6,-80.8,  8, 16, 0.00,110, 9.9
2026-06-10 12:02:30,-101.7411,32.0556,  61.7,19568,-69.3,-85.6,-80.9,  8, 16, 0.00,110, 9.9
2026-06-10 12:02:31,-101.7412,32.0556,  61.6,19573,-69.3,-85.7,-80.9,  8, 16, 0.00,110,10.0
2026-06-10 12:02:32,-101.7413,32.0556,  61.6,19578,-69.3,-85.7,-80.9,  8, 16, 0.00,109,10.0
2026-06-10 12:02:33,-101.7414,32.0557,  61.5,19584,-69.2,-85.7,-81.0,  8, 16, 0.00,109,10.1
2026-06-10 12:02:34,-101.7415,32.0557,  61.5,19589,-69.2,-85.8,-81.0,  8, 16, 0.00,109,10.1
2026-06-10 12:02:35,-101.7416,32.0557,  61.4,19594,-69.2,-85.8,-81.1,  8, 16, 0.00,109,10.2
2026-06-10 12:02:36,-101.7417,32.0558,  61.4,19600,-69.2,-85.9,-81.1,  8, 15, 0.00,109,10.3
2026-06-10 12:02:37,-101.7418,32.0558,  61.3,19605,-69.2,-85.9,-81.2,  8, 15, 0.00,109,10.3
2026-06-10 12:02:38,-101.7419,32.0558,  61.3,19610,-69.2,-86.0,-81.2,  8, 15, 0.00,109,10.4
2026-06-10 12:02:39,-101.7420,32.0558,  61.2,19616,-69.2,-86.0,-81.2,  8, 15, 0.00,109,10.4
2026-06-10 12:02:40,-101.7421,32.0559,  61.2,19621,-69.2,-86.1,-81.3,  8, 15, 0.00,109,10.5
2026-06-10 12:02:41,-101.7422,32.0559,  61.1,19627,-69.2,-86.1,-81.3,  8, 15, 0.00,109,10.5
2026-06-10 12:02:42,-101.7423,32.0559,  61.1,19632,-69.2,-86.1,-81.4,  8, 15, 0.00,108,10.6
2026-06-10 12:02:43,-101.7424,32.0560,  61.0,19638,-69.2,-86.2,-81.4,  7, 15, 0.00,108,10.6
2026-06-10 12:02:44,-101.7425,32.0560,  60.9,19643,-69.2,-86.2,-81.5,  7, 14, 0.00,108,10.7
2026-06-10 12:02:45,-101.7427,32.0560,  60.9,19648,-69.2,-86.2,-81.5,  7, 14, 0.00,108,10.8
2026-06-10 12:02:46,-101.7428,32.0561,  60.8,19653,-69.1,-86.2,-81.5,  7, 14, 0.00,108,10.8
2026-06-10 12:02:47,-101.7429,32.0561,  60.8,19658,-69.1,-86.2,-81.5,  7, 14, 0.00,108,10.9
2026-06-10 12:02:48,-101.7430,32.0561,  60.7,19663,-69.1,-86.2,-81.5,  7, 14, 0.00,107,10.9
2026-06-10 12:02:49,-101.7431,32.0561,  60.7,19668,-69.1,-86.2,-81.5,  7, 14, 0.00,107,11.0
2026-06-10 12:02:50,-101.7432,32.0562,  60.6,19673,-69.1,-86.2,-81.5,  7, 14, 0.00,107,11.0
2026-06-10 12:02:51,-101.7433,32.0562,  60.6,19678,-69.1,-86.2,-81.5,  7, 14, 0.00,106,11.1
2026-06-10 12:02:52,-101.7435,32.0562,  60.5,19683,-69.1,-86.2,-81.5,  7, 14, 0.00,106,11.1
2026-06-10 12:02:53,-101.7436,32.0562,  60.5,19688,-69.1,-86.2,-81.5,  7, 14, 0.00,106,11.2
2026-06-10 12:02:54,-101.7437,32.0563,  60.4,19693,-69.1,-86.2,-81.5,  7, 14, 0.00,105,11.3
2026-06-10 12:02:55,-101.7438,32.0563,  60.4,19698,-69.0,-86.2,-81.5,  7, 14, 0.00,105,11.3
2026-06-10 12:02:56,-101.7439,32.0563,  60.3,19704,-69.0,-86.3,-81.5,  7, 14, 0.00,105,11.4
2026-06-10 12:02:57,-101.7441,32.0563,  60.3,19709,-69.0,-86.3,-81.5,  7, 14, 0.00,104,11.4
2026-06-10 12:02:58,-101.7442,32.0564,  60.2,19714,-69.0,-86.3,-81.5,  7, 14, 0.00,104,11.5
2026-06-10 12:02:59,-101.7443,32.0564,  60.2,19719,-69.0,-86.3,-81.5,  7, 14, 0.00,104,11.5
2026-06-10 12:03:00,-101.7444,32.0564,  60.1,19725,-69.0,-86.3,-81.5,  7, 14, 0.00,103,11.6
2026-06-10 12:03:01,-101.7445,32.0564,  60.1,19730,-69.0,-86.3,-81.5,  7, 14, 0.00,103,11.7
2026-06-10 12:03:02,-101.7447,32.0565,  60.0,19735,-69.0,-86.3,-81.5,  7, 14, 0.00,103,11.7
2026-06-10 12:03:03,-101.7448,32.0565,  60.0,19740,-69.0,-86.3,-81.5,  7, 14, 0.00,102,11.8
2026-06-10 12:03:04,-101.7449,32.0565,  59.9,19745,-69.0,-86.3,-81.6,  7, 14, 0.00,102,11.8
2026-06-10 12:03:05,-101.7450,32.0565,  59.9,19750,-69.0,-86.3,-81.6,  7, 14, 0.00,102,11.9
2026-06-10 12:03:06,-101.7451,32.0566,  59.8,19755,-69.0,-86.3,-81.6,  7, 14, 0.00,101,12.0
2026-06-10 12:03:07,-101.7453,32.0566,  59.8,19760,-69.0,-86.3,-81.6,  7, 14, 0.00,102,11.9
2026-06-10 12:03:08,-101.7454,32.0566,  59.7,19765,-69.0,-86.3,-81.6,  7, 14, 0.00,102,11.9
2026-06-10 12:03:09,-101.7455,32.0566,  59.6,19771,-69.0,-86.4,-81.6,  7, 14, 0.00,102,11.9
2026-06-10 12:03:10,-101.7456,32.0567,  59.6,19776,-69.0,-86.4,-81.6,  7, 14, 0.00,103,11.8
2026-06-10 12:03:11,-101.7457,32.0567,  59.5,19781,-69.0,-86.4,-81.6,  7, 14, 0.00,103,11.8
2026-06-10 12:03:12,-101.7459,32.0567,  59.5,19785,-69.0,-86.4,-81.6,  7, 14, 0.00,103,11.8
2026-06-10 12:03:13,-101.7460,32.0567,  59.5,19790,-69.0,-86.4,-81.6,  7, 14, 0.00,103,11.7
2026-06-10 12:03:14,-101.7461,32.0568,  59.4,19795,-69.0,-86.4,-81.6,  7, 14, 0.00,104,11.7
2026-06-10 12:03:15,-101.7462,32.0568,  59.4,19800,-69.0,-86.3,-81.6,  7, 14, 0.00,104,11.7
2026-06-10 12:03:16,-101.7463,32.0568,  59.3,19805,-69.0,-86.3,-81.6,  7, 14, 0.00,104,11.6
2026-06-10 12:03:17,-101.7465,32.0568,  59.3,19810,-68.9,-86.3,-81.6,  7, 14, 0.00,105,11.6
2026-06-10 12:03:18,-101.7466,32.0569,  59.2,19814,-68.9,-86.3,-81.6,  7, 14, 0.00,105,11.6
2026-06-10 12:03:19,-101.7467,32.0569,  59.2,19819,-68.9,-86.3,-81.6,  7, 14, 0.00,105,11.5
2026-06-10 12:03:20,-101.7468,32.0569,  59.1,19824,-68.9,-86.3,-81.6,  7, 14, 0.00,106,11.5
2026-06-10 12:03:21,-101.7469,32.0570,  59.1,19829,-68.9,-86.3,-81.6,  7, 14, 0.00,106,11.5
2026-06-10 12:03:22,-101.7471,32.0570,  59.0,19834,-68.9,-86.3,-81.6,  7, 14, 0.00,106,11.4
2026-06-10 12:03:23,-101.7472,32.0571,  59.0,19839,-68.9,-86.3,-81.6,  7, 14, 0.00,106,11.4
2026-06-10 12:03:24,-101.7473,32.0571,  58.9,19844,-68.9,-86.3,-81.6,  7, 14, 0.00,107,11.4
2026-06-10 12:03:25,-101.7474,32.0571,  58.9,19849,-68.9,-86.3,-81.6,  7, 14, 0.00,107,11.4
2026-06-10 12:03:26,-101.7475,32.0572,  58.8,19854,-68.9,-86.3,-81.6,  7, 14, 0.00,107,11.3
2026-06-10 12:03:27,-101.7477,32.0572,  58.8,19859,-68.9,-86.3,-81.5,  7, 14, 0.00,108,11.4
2026-06-10 12:03:28,-101.7478,32.0573,  58.7,19864,-68.9,-86.3,-81.5,  7, 14, 0.00,108,11.4
2026-06-10 12:03:29,-101.7479,32.0573,  58.7,19869,-68.9,-86.3,-81.5,  7, 14, 0.00,108,11.5
2026-06-10 12:03:30,-101.7480,32.0573,  58.6,19873,-68.8,-86.3,-81.5,  7, 14, 0.00,108,11.5
2026-06-10 12:03:31,-101.7481,32.0574,  58.6,19878,-68.8,-86.3,-81.5,  7, 14, 0.00,108,11.5
2026-06-10 12:03:32,-101.7483,32.0574,  58.5,19883,-68.8,-86.3,-81.5,  7, 14, 0.00,109,11.6
2026-06-10 12:03:33,-101.7484,32.0575,  58.5,19888,-68.8,-86.2,-81.5,  7, 14, 0.00,109,11.6
2026-06-10 12:03:34,-101.7485,32.0575,  58.4,19892,-68.8,-86.2,-81.5,  7, 14, 0.00,109,11.7
2026-06-10 12:03:35,-101.7486,32.0575,  58.4,19897,-68.8,-86.2,-81.5,  7, 14, 0.00,109,11.7
2026-06-10 12:03:36,-101.7487,32.0576,  58.4,19901,-68.8,-86.2,-81.5,  7, 14, 0.00,109,11.8
2026-06-10 12:03:37,-101.7489,32.0576,  58.3,19906,-68.7,-86.2,-81.5,  7, 14, 0.00,110,11.8
2026-06-10 12:03:38,-101.7490,32.0577,  58.3,19911,-68.7,-86.3,-81.5,  7, 13, 0.00,110,11.8
2026-06-10 12:03:39,-101.7491,32.0577,  58.2,19915,-68.7,-86.3,-81.5,  7, 13, 0.00,110,11.9
2026-06-10 12:03:40,-101.7492,32.0577,  58.2,19920,-68.7,-86.3,-81.5,  7, 13, 0.00,110,11.9
2026-06-10 12:03:41,-101.7493,32.0578,  58.1,19925,-68.7,-86.3,-81.5,  7, 13, 0.00,110,12.0
2026-06-10 12:03:42,-101.7495,32.0578,  58.1,19930,-68.7,-86.3,-81.6,  7, 13, 0.00,111,12.0
2026-06-10 12:03:43,-101.7496,32.0579,  58.0,19934,-68.6,-86.3,-81.6,  7, 13, 0.00,111,12.1
2026-06-10 12:03:44,-101.7497,32.0579,  58.0,19939,-68.6,-86.4,-81.6,  7, 13, 0.00,111,12.1
2026-06-10 12:03:45,-101.7498,32.0579,  57.9,19944,-68.6,-86.4,-81.6,  7, 13, 0.00,111,12.2
2026-06-10 12:03:46,-101.7499,32.0580,  57.9,19949,-68.6,-86.4,-81.6,  7, 13, 0.00,111,12.2
2026-06-10 12:03:47,-101.7501,32.0580,  57.9,19954,-68.6,-86.4,-81.7,  7, 13, 0.00,112,12.2
2026-06-10 12:03:48,-101.7502,32.0581,  57.8,19958,-68.6,-86.4,-81.7,  7, 13, 0.00,112,12.3
2026-06-10 12:03:49,-101.7503,32.0581,  57.8,19963,-68.5,-86.5,-81.7,  7, 13, 0.00,112,12.3
2026-06-10 12:03:50,-101.7504,32.0582,  57.7,19968,-68.5,-86.5,-81.7,  6, 13, 0.00,112,12.4
2026-06-10 12:03:51,-101.7505,32.0582,  57.7,19972,-68.5,-86.5,-81.7,  6, 13, 0.00,113,12.4
2026-06-10 12:03:52,-101.7506,32.0583,  57.6,19977,-68.5,-86.5,-81.7,  6, 13, 0.00,113,12.5
2026-06-10 12:03:53,-101.7508,32.0583,  57.6,19982,-68.5,-86.4,-81.7,  6, 13, 0.00,113,12.5
2026-06-10 12:03:54,-101.7509,32.0584,  57.5,19986,-68.4,-86.4,-81.7,  6, 13, 0.00,113,12.6
2026-06-10 12:03:55,-101.7510,32.0584,  57.5,19991,-68.4,-86.4,-81.7,  6, 13, 0.00,114,12.6
2026-06-10 12:03:56,-101.7511,32.0585,  57.4,19996,-68.4,-86.4,-81.6,  6, 13, 0.00,114,12.7
2026-06-10 12:03:57,-101.7512,32.0585,  57.4,20001,-68.4,-86.4,-81.6,  6, 13, 0.00,114,12.8
2026-06-10 12:03:58,-101.7513,32.0586,  57.3,20006,-68.4,-86.4,-81.6,  6, 13, 0.00,115,12.8
2026-06-10 12:03:59,-101.7515,32.0586,  57.3,20011,-68.3,-86.3,-81.6,  6, 13, 0.00,115,12.9
2026-06-10 12:04:00,-101.7516,32.0587,  57.3,20015,-68.3,-86.3,-81.6,  6, 12, 0.00,115,12.9
2026-06-10 12:04:01,-101.7517,32.0587,  57.2,20020,-68.3,-86.3,-81.6,  6, 12, 0.00,115,13.0
2026-06-10 12:04:02,-101.7518,32.0588,  57.2,20025,-68.3,-86.3,-81.5,  6, 12, 0.00,116,13.0
2026-06-10 12:04:03,-101.7519,32.0588,  57.1,20030,-68.2,-86.3,-81.5,  6, 12, 0.00,116,13.1
2026-06-10 12:04:04,-101.7520,32.0589,  57.1,20034,-68.2,-86.3,-81.5,  6, 12, 0.00,116,13.1
2026-06-10 12:04:05,-101.7522,32.0590,  57.0,20039,-68.2,-86.3,-81.5,  6, 12, 0.00,116,13.2
2026-06-10 12:04:06,-101.7523,32.0590,  57.0,20044,-68.2,-86.2,-81.5,  6, 12, 0.00,117,13.2
2026-06-10 12:04:07,-101.7524,32.0590,  56.9,20048,-68.1,-86.2,-81.5,  6, 12, 0.00,117,13.1
2026-06-10 12:04:08,-101.7525,32.0591,  56.9,20053,-68.1,-86.2,-81.4,  6, 12, 0.00,117,13.1
2026-06-10 12:04:09,-101.7526,32.0592,  56.9,20058,-68.1,-86.2,-81.4,  6, 12, 0.00,117,13.0
2026-06-10 12:04:10,-101.7527,32.0592,  56.8,20062,-68.0,-86.2,-81.4,  6, 12, 0.00,117,12.9
2026-06-10 12:04:11,-101.7529,32.0593,  56.8,20067,-68.0,-86.2,-81.4,  6, 12, 0.00,117,12.8
2026-06-10 12:04:12,-101.7530,32.0593,  56.7,20072,-68.0,-86.1,-81.4,  6, 12, 0.00,117,12.7
2026-06-10 12:04:13,-101.7531,32.0594,  56.7,20076,-68.0,-86.1,-81.4,  6, 12, 0.00,117,12.6
2026-06-10 12:04:14,-101.7532,32.0594,  56.6,20081,-67.9,-86.1,-81.3,  6, 12, 0.00,118,12.5
2026-06-10 12:04:15,-101.7533,32.0595,  56.6,20086,-67.9,-86.1,-81.3,  6, 12, 0.00,118,12.5
2026-06-10 12:04:16,-101.7534,32.0595,  56.5,20091,-67.9,-86.1,-81.3,  6, 12, 0.00,118,12.4
2026-06-10 12:04:17,-101.7535,32.0596,  56.5,20095,-67.9,-86.0,-81.3,  6, 12, 0.00,118,12.3
2026-06-10 12:04:18,-101.7537,32.0596,  56.5,20100,-67.8,-86.0,-81.3,  6, 12, 0.00,118,12.2
2026-06-10 12:04:19,-101.7538,32.0597,  56.4,20105,-67.8,-86.0,-81.3,  6, 12, 0.00,118,12.1
2026-06-10 12:04:20,-101.7539,32.0597,  56.4,20110,-67.8,-86.0,-81.3,  6, 12, 0.00,118,12.0
2026-06-10 12:04:21,-101.7540,32.0598,  56.3,20114,-67.7,-86.0,-81.3,  6, 12, 0.00,119,11.9
2026-06-10 12:04:22,-101.7541,32.0598,  56.3,20119,-67.7,-86.0,-81.2,  6, 12, 0.00,119,11.9
2026-06-10 12:04:23,-101.7541,32.0599,  56.2,20124,-67.7,-86.0,-81.2,  6, 12, 0.00,119,11.8
2026-06-10 12:04:24,-101.7542,32.0599,  56.2,20129,-67.6,-86.0,-81.2,  6, 12, 0.00,119,11.7
2026-06-10 12:04:25,-101.7543,32.0600,  56.1,20134,-67.6,-86.0,-81.2,  6, 12, 0.00,119,11.6
2026-06-10 12:04:26,-101.7544,32.0600,  56.1,20139,-67.6,-86.0,-81.2,  6, 12, 0.00,119,11.5
2026-06-10 12:04:27,-101.7545,32.0601,  56.0,20144,-67.5,-86.0,-81.2,  6, 12, 0.00,120,11.4
2026-06-10 12:04:28,-101.7546,32.0601,  56.0,20149,-67.5,-85.9,-81.2,  6, 12, 0.00,120,11.4
2026-06-10 12:04:29,-101.7547,32.0602,  56.0,20154,-67.5,-85.9,-81.2,  6, 12, 0.00,120,11.3
2026-06-10 12:04:30,-101.7548,32.0602,  55.9,20159,-67.5,-85.9,-81.2,  6, 12, 0.00,120,11.2
2026-06-10 12:04:31,-101.7549,32.0603,  55.9,20164,-67.4,-85.9,-81.1,  6, 12, 0.01,120,11.2
2026-06-10 12:04:32,-101.7550,32.0603,  55.8,20169,-67.4,-85.9,-81.1,  6, 12, 0.01,120,11.1
2026-06-10 12:04:33,-101.7551,32.0603,  55.8,20174,-67.3,-85.9,-81.1,  6, 12, 0.01,120,11.0
2026-06-10 12:04:34,-101.7552,32.0604,  55.7,20179,-67.3,-85.8,-81.1,  6, 12, 0.01,120,11.0
2026-06-10 12:04:35,-101.7553,32.0604,  55.7,20183,-67.3,-85.8,-81.1,  6, 12, 0.01,120,10.9
2026-06-10 12:04:36,-101.7553,32.0605,  55.6,20188,-67.2,-85.8,-81.0,  6, 12, 0.01,120,10.8
2026-06-10 12:04:37,-101.7554,32.0605,  55.6,20193,-67.2,-85.8,-81.0,  6, 12, 0.01,120,10.7
2026-06-10 12:04:38,-101.7555,32.0606,  55.5,20198,-67.1,-85.7,-81.0,  6, 12, 0.01,120,10.7
2026-06-10 12:04:39,-101.7556,32.0606,  55.5,20203,-67.1,-85.7,-81.0,  6, 12, 0.01,121,10.6
2026-06-10 12:04:40,-101.7557,32.0607,  55.5,20208,-67.0,-85.7,-80.9,  6, 12, 0.01,121,10.5
2026-06-10 12:04:41,-101.7558,32.0607,  55.4,20213,-67.0,-85.7,-80.9,  6, 12, 0.01,121,10.5
2026-06-10 12:04:42,-101.7559,32.0608,  55.4,20218,-67.0,-85.6,-80.9,  6, 12, 0.01,121,10.4
2026-06-10 12:04:43,-101.7560,32.0608,  55.3,20223,-66.9,-85.6,-80.8,  6, 12, 0.01,121,10.3
2026-06-10 12:04:44,-101.7561,32.0609,  55.3,20229,-66.9,-85.6,-80.8,  6, 11, 0.01,121,10.3
2026-06-10 12:04:45,-101.7562,32.0609,  55.2,20234,-66.8,-85.5,-80.8,  6, 12, 0.01,121,10.2
2026-06-10 12:04:46,-101.7563,32.0610,  55.2,20239,-66.8,-85.5,-80.7,  6, 12, 0.01,121,10.1
2026-06-10 12:04:47,-101.7564,32.0610,  55.1,20244,-66.7,-85.4,-80.7,  6, 12, 0.01,121,10.1
2026-06-10 12:04:48,-101.7565,32.0611,  55.1,20249,-66.7,-85.4,-80.6,  6, 12, 0.01,121,10.0
2026-06-10 12:04:49,-101.7566,32.0611,  55.0,20254,-66.6,-85.3,-80.6,  6, 12, 0.01,121,10.0
2026-06-10 12:04:50,-101.7566,32.0611,  55.0,20259,-66.5,-85.3,-80.5,  6, 12, 0.01,121, 9.9
2026-06-10 12:04:51,-101.7567,32.0612,  54.9,20264,-66.5,-85.2,-80.5,  6, 12, 0.01,121, 9.9
2026-06-10 12:04:52,-101.7568,32.0612,  54.9,20269,-66.4,-85.2,-80.4,  6, 12, 0.01,121, 9.8
2026-06-10 12:04:53,-101.7569,32.0613,  54.8,20274,-66.4,-85.1,-80.4,  6, 12, 0.01,121, 9.8
2026-06-10 12:04:54,-101.7570,32.0613,  54.8,20279,-66.3,-85.1,-80.3,  6, 12, 0.01,120, 9.8
2026-06-10 12:04:55,-101.7571,32.0613,  54.8,20284,-66.2,-85.0,-80.3,  6, 11, 0.01,120, 9.7
2026-06-10 12:04:56,-101.7572,32.0614,  54.7,20289,-66.2,-85.0,-80.2,  6, 12, 0.01,120, 9.7
2026-06-10 12:04:57,-101.7572,32.0614,  54.7,20294,-66.1,-84.9,-80.2,  6, 12, 0.01,120, 9.6
2026-06-10 12:04:58,-101.7573,32.0615,  54.6,20299,-66.1,-84.9,-80.1,  6, 12, 0.01,120, 9.6
2026-06-10 12:04:59,-101.7574,32.0615,  54.6,20304,-66.0,-84.8,-80.1,  6, 12, 0.01,120, 9.5
2026-06-10 12:05:00,-101.7575,32.0615,  54.5,20309,-65.9,-84.8,-80.0,  6, 12, 0.01,120, 9.5
2026-06-10 12:05:01,-101.7576,32.0616,  54.5,20314,-65.9,-84.7,-79.9,  6, 12, 0.01,120, 9.5
2026-06-10 12:05:02,-101.7577,32.0616,  54.4,20319,-65.8,-84.6,-79.9,  6, 12, 0.01,119, 9.4
2026-06-10 12:05:03,-101.7578,32.0617,  54.4,20324,-65.7,-84.6,-79.8,  6, 12, 0.01,119, 9.4
2026-06-10 12:05:04,-101.7578,32.0617,  54.4,20329,-65.7,-84.5,-79.8,  6, 12, 0.01,119, 9.3
2026-06-10 12:05:05,-101.7579,32.0617,  54.3,20334,-65.6,-84.5,-79.7,  6, 12, 0.01,119, 9.3
2026-06-10 12:05:06,-101.7580,32.0618,  54.3,20339,-65.5,-84.4,-79.6,  6, 12, 0.01,119, 9.2
2026-06-10 12:05:07,-101.7581,32.0618,  54.2,20344,-65.5,-84.3,-79.6,  6, 12, 0.01,119, 9.2
2026-06-10 12:05:08,-101.7582,32.0618,  54.2,20349,-65.4,-84.3,-79.5,  6, 12, 0.01,119, 9.2
2026-06-10 12:05:09,-101.7583,32.0619,  54.1,20354,-65.3,-84.2,-79.5,  6, 12, 0.01,119, 9.2
2026-06-10 12:05:10,-101.7584,32.0619,  54.1,20359,-65.3,-84.2,-79.4,  6, 12, 0.01,119, 9.3
2026-06-10 12:05:11,-101.7585,32.0620,  54.0,20364,-65.2,-84.1,-79.4,  6, 12, 0.01,119, 9.3
2026-06-10 12:05:12,-101.7585,32.0620,  54.0,20370,-65.1,-84.1,-79.3,  6, 11, 0.01,119, 9.3
2026-06-10 12:05:13,-101.7586,32.0620,  53.9,20375,-65.1,-84.0,-79.3,  6, 11, 0.01,119, 9.3
2026-06-10 12:05:14,-101.7587,32.0621,  53.9,20380,-65.0,-84.0,-79.3,  6, 11, 0.01,119, 9.3
2026-06-10 12:05:15,-101.7588,32.0621,  53.9,20385,-64.9,-84.0,-79.2,  6, 11, 0.01,119, 9.3
2026-06-10 12:05:16,-101.7589,32.0622,  53.8,20390,-64.8,-83.9,-79.2,  6, 11, 0.01,118, 9.3
2026-06-10 12:05:17,-101.7590,32.0622,  53.8,20395,-64.8,-83.9,-79.1,  6, 11, 0.01,118, 9.3
2026-06-10 12:05:18,-101.7591,32.0622,  53.7,20400,-64.7,-83.9,-79.1,  6, 11, 0.01,118, 9.3
2026-06-10 12:05:19,-101.7591,32.0623,  53.7,20405,-64.6,-83.8,-79.1,  6, 11, 0.01,118, 9.3
2026-06-10 12:05:20,-101.7592,32.0623,  53.6,20410,-64.5,-83.8,-79.0,  6, 11, 0.01,118, 9.3
2026-06-10 12:05:21,-101.7593,32.0624,  53.6,20415,-64.5,-83.8,-79.0,  6, 11, 0.01,118, 9.3
2026-06-10 12:05:22,-101.7594,32.0624,  53.5,20420,-64.4,-83.7,-79.0,  6, 11, 0.01,118, 9.3
2026-06-10 12:05:23,-101.7595,32.0624,  53.5,20425,-64.3,-83.7,-78.9,  6, 11, 0.01,118, 9.3
2026-06-10 12:05:24,-101.7596,32.0625,  53.5,20430,-64.3,-83.6,-78.9,  6, 11, 0.01,118, 9.3
2026-06-10 12:05:25,-101.7596,32.0625,  53.4,20435,-64.2,-83.6,-78.8,  6, 11, 0.01,118, 9.3
2026-06-10 12:05:26,-101.7597,32.0626,  53.4,20440,-64.1,-83.5,-78.7,  6, 11, 0.01,118, 9.3
2026-06-10 12:05:27,-101.7598,32.0626,  53.3,20445,-64.0,-83.4,-78.7,  6, 11, 0.01,118, 9.3
2026-06-10 12:05:28,-101.7599,32.0626,  53.3,20450,-64.0,-83.4,-78.6,  6, 11, 0.01,118, 9.3
2026-06-10 12:05:29,-101.7600,32.0627,  53.2,20455,-63.9,-83.3,-78.6,  6, 11, 0.01,118, 9.3
2026-06-10 12:05:30,-101.7601,32.0627,  53.2,20459,-63.9,-83.3,-78.5,  6, 11, 0.01,119, 9.3
2026-06-10 12:05:31,-101.7601,32.0627,  53.2,20464,-63.8,-83.2,-78.4,  6, 11, 0.01,119, 9.3
2026-06-10 12:05:32,-101.7602,32.0628,  53.1,20469,-63.7,-83.1,-78.4,  6, 11, 0.01,119, 9.3
2026-06-10 12:05:33,-101.7603,32.0628,  53.1,20474,-63.7,-83.1,-78.3,  6, 11, 0.01,119, 9.3
2026-06-10 12:05:34,-101.7604,32.0629,  53.0,20480,-63.6,-83.0,-78.3,  6, 11, 0.01,119, 9.3
2026-06-10 12:05:35,-101.7605,32.0629,  53.0,20485,-63.6,-83.0,-78.2,  6, 11, 0.01,119, 9.3
2026-06-10 12:05:36,-101.7606,32.0629,  52.9,20491,-63.5,-82.9,-78.1,  6, 11, 0.01,120, 9.3
2026-06-10 12:05:37,-101.7606,32.0630,  52.9,20496,-63.4,-82.8,-78.1,  6, 11, 0.01,120, 9.3
2026-06-10 12:05:38,-101.7607,32.0630,  52.8,20502,-63.4,-82.8,-78.0,  6, 11, 0.01,120, 9.3
2026-06-10 12:05:39,-101.7608,32.0631,  52.8,20507,-63.3,-82.8,-78.0,  6, 11, 0.01,120, 9.3
2026-06-10 12:05:40,-101.7609,32.0631,  52.8,20512,-63.3,-82.8,-78.0,  6, 11, 0.01,120, 9.3
2026-06-10 12:05:41,-101.7610,32.0631,  52.7,20517,-63.2,-82.8,-78.0,  6, 11, 0.01,120, 9.3
2026-06-10 12:05:42,-101.7610,32.0632,  52.7,20522,-63.2,-82.8,-78.0,  6, 11, 0.01,120, 9.3
2026-06-10 12:05:43,-101.7611,32.0632,  52.6,20527,-63.1,-82.8,-78.0,  6, 11, 0.01,121, 9.3
2026-06-10 12:05:44,-101.7612,32.0633,  52.6,20532,-63.1,-82.8,-78.0,  6, 11, 0.01,121, 9.3
2026-06-10 12:05:45,-101.7613,32.0633,  52.5,20538,-63.1,-82.7,-78.0,  6, 11, 0.01,121, 9.3
2026-06-10 12:05:46,-101.7614,32.0633,  52.5,20543,-63.0,-82.7,-78.0,  6, 11, 0.01,121, 9.3
2026-06-10 12:05:47,-101.7615,32.0634,  52.4,20548,-63.0,-82.7,-78.0,  6, 11, 0.01,121, 9.1
2026-06-10 12:05:48,-101.7615,32.0634,  52.4,20553,-62.9,-82.7,-78.0,  6, 10, 0.01,120, 9.0
2026-06-10 12:05:49,-101.7616,32.0634,  52.4,20558,-62.9,-82.7,-78.0,  6, 10, 0.01,119, 8.9
2026-06-10 12:05:50,-101.7617,32.0635,  52.3,20564,-62.9,-82.7,-78.0,  6, 10, 0.01,119, 8.8
2026-06-10 12:05:51,-101.7618,32.0635,  52.3,20569,-62.8,-82.7,-78.0,  6, 10, 0.01,118, 8.6
2026-06-10 12:05:52,-101.7619,32.0636,  52.2,20574,-62.8,-82.8,-78.0,  6, 10, 0.01,118, 8.5
2026-06-10 12:05:53,-101.7619,32.0636,  52.2,20580,-62.7,-82.8,-78.1,  5, 10, 0.01,117, 8.4
2026-06-10 12:05:54,-101.7620,32.0636,  52.1,20585,-62.7,-82.9,-78.1,  5, 10, 0.01,116, 8.3
2026-06-10 12:05:55,-101.7621,32.0636,  52.1,20591,-62.7,-83.0,-78.2,  5, 10, 0.01,115, 8.2
2026-06-10 12:05:56,-101.7621,32.0636,  52.0,20596,-62.7,-83.0,-78.3,  5, 10, 0.01,115, 8.0
2026-06-10 12:05:57,-101.7622,32.0636,  52.0,20601,-62.6,-83.1,-78.3,  5,  9, 0.01,114, 7.9
2026-06-10 12:05:58,-101.7623,32.0636,  51.9,20606,-62.6,-83.2,-78.4,  5,  9, 0.01,113, 7.8
2026-06-10 12:05:59,-101.7623,32.0636,  51.9,20612,-62.6,-83.2,-78.5,  5,  9, 0.01,112, 7.7
2026-06-10 12:06:00,-101.7624,32.0636,  51.9,20617,-62.6,-83.3,-78.5,  5,  9, 0.01,112, 7.6
2026-06-10 12:06:01,-101.7625,32.0636,  51.8,20622,-62.5,-83.4,-78.6,  5,  9, 0.01,111, 7.5
2026-06-10 12:06:02,-101.7625,32.0636,  51.8,20627,-62.5,-83.4,-78.7,  5,  9, 0.01,110, 7.4
2026-06-10 12:06:03,-101.7626,32.0636,  51.7,20633,-62.5,-83.5,-78.8,  5,  9, 0.01,109, 7.3
2026-06-10 12:06:04,-101.7627,32.0636,  51.7,20638,-62.5,-83.6,-78.8,  5,  9, 0.01,108, 7.2
2026-06-10 12:06:05,-101.7627,32.0636,  51.6,20643,-62.4,-83.6,-78.9,  5,  8, 0.01,107, 7.1
2026-06-10 12:06:06,-101.7628,32.0636,  51.6,20648,-62.4,-83.7,-78.9,  5,  8, 0.01,106, 7.0
2026-06-10 12:06:07,-101.7629,32.0636,  51.6,20654,-62.4,-83.8,-79.0,  5,  8, 0.01,106, 6.9
2026-06-10 12:06:08,-101.7629,32.0637,  51.5,20659,-62.4,-83.8,-79.0,  4,  8, 0.01,105, 6.9
2026-06-10 12:06:09,-101.7630,32.0637,  51.5,20664,-62.4,-83.9,-79.1,  4,  8, 0.01,104, 6.8
2026-06-10 12:06:10,-101.7631,32.0637,  51.4,20669,-62.3,-83.9,-79.2,  4,  8, 0.01,103, 6.8
2026-06-10 12:06:11,-101.7631,32.0637,  51.4,20674,-62.3,-84.0,-79.2,  4,  8, 0.01,102, 6.7
2026-06-10 12:06:12,-101.7632,32.0637,  51.3,20679,-62.3,-84.0,-79.3,  4,  8, 0.01,101, 6.7
2026-06-10 12:06:13,-101.7633,32.0637,  51.3,20684,-62.3,-84.1,-79.3,  4,  8, 0.01,101, 6.7
2026-06-10 12:06:14,-101.7633,32.0637,  51.3,20689,-62.3,-84.2,-79.4,  4,  8, 0.01,100, 6.7
2026-06-10 12:06:15,-101.7634,32.0637,  51.2,20695,-62.3,-84.2,-79.5,  4,  7, 0.01, 99, 6.6
2026-06-10 12:06:16,-101.7635,32.0637,  51.2,20700,-62.2,-84.3,-79.5,  4,  7, 0.01, 98, 6.6
2026-06-10 12:06:17,-101.7635,32.0637,  51.1,20706,-62.2,-84.4,-79.6,  4,  7, 0.01, 97, 6.5
2026-06-10 12:06:18,-101.7636,32.0637,  51.1,20711,-62.2,-84.4,-79.7,  4,  7, 0.01, 96, 6.5
2026-06-10 12:06:19,-101.7637,32.0637,  51.0,20717,-62.2,-84.5,-79.7,  4,  7, 0.01, 95, 6.5
2026-06-10 12:06:20,-101.7637,32.0637,  51.0,20722,-62.2,-84.6,-79.8,  4,  7, 0.01, 94, 6.4
2026-06-10 12:06:21,-101.7638,32.0637,  50.9,20727,-62.2,-84.6,-79.9,  4,  7, 0.01, 93, 6.3
2026-06-10 12:06:22,-101.7639,32.0637,  50.9,20733,-62.2,-84.7,-79.9,  4,  7, 0.01, 92, 6.3
2026-06-10 12:06:23,-101.7639,32.0637,  50.9,20738,-62.2,-84.8,-80.0,  4,  7, 0.01, 91, 6.3
2026-06-10 12:06:24,-101.7640,32.0638,  50.8,20744,-62.2,-84.8,-80.1,  4,  7, 0.01, 91, 6.2
2026-06-10 12:06:25,-101.7641,32.0638,  50.8,20749,-62.2,-84.9,-80.1,  4,  7, 0.01, 90, 6.2
2026-06-10 12:06:26,-101.7641,32.0638,  50.7,20754,-62.2,-85.0,-80.2,  4,  7, 0.01, 89, 6.2
2026-06-10 12:06:27,-101.7642,32.0638,  50.7,20760,-62.1,-85.0,-80.3,  4,  6, 0.01, 89, 6.2
2026-06-10 12:06:28,-101.7643,32.0638,  50.6,20765,-62.1,-85.1,-80.4,  3,  6, 0.01, 90, 6.3
2026-06-10 12:06:29,-101.7644,32.0638,  50.6,20770,-62.1,-85.2,-80.4,  3,  6, 0.01, 91, 6.3
2026-06-10 12:06:30,-101.7644,32.0639,  50.5,20775,-62.1,-85.3,-80.5,  3,  6, 0.01, 91, 6.3
2026-06-10 12:06:31,-101.7645,32.0639,  50.5,20781,-62.1,-85.4,-80.6,  3,  6, 0.01, 92, 6.4
2026-06-10 12:06:32,-101.7646,32.0639,  50.5,20786,-62.1,-85.4,-80.7,  3,  6, 0.01, 93, 6.4
2026-06-10 12:06:33,-101.7646,32.0639,  50.4,20792,-62.1,-85.5,-80.7,  3,  6, 0.01, 93, 6.5
2026-06-10 12:06:34,-101.7647,32.0639,  50.4,20797,-62.1,-85.6,-80.8,  3,  6, 0.01, 94, 6.5
2026-06-10 12:06:35,-101.7648,32.0640,  50.3,20802,-62.1,-85.6,-80.9,  3,  6, 0.01, 95, 6.6
2026-06-10 12:06:36,-101.7649,32.0640,  50.3,20808,-62.1,-85.7,-80.9,  3,  6, 0.01, 95, 6.6
2026-06-10 12:06:37,-101.7649,32.0640,  50.2,20813,-62.1,-85.8,-81.0,  3,  6, 0.01, 96, 6.7
2026-06-10 12:06:38,-101.7650,32.0640,  50.2,20819,-62.1,-85.8,-81.1,  3,  6, 0.01, 96, 6.7
2026-06-10 12:06:39,-101.7651,32.0640,  50.1,20824,-62.1,-85.9,-81.2,  3,  6, 0.01, 97, 6.8
2026-06-10 12:06:40,-101.7651,32.0641,  50.1,20830,-62.1,-86.0,-81.2,  3,  5, 0.01, 97, 6.8
2026-06-10 12:06:41,-101.7652,32.0641,  50.1,20835,-62.0,-86.1,-81.3,  3,  5, 0.01, 98, 6.9
2026-06-10 12:06:42,-101.7653,32.0641,  50.0,20842,-62.0,-86.2,-81.4,  3,  5, 0.01, 99, 7.0
2026-06-10 12:06:43,-101.7654,32.0641,  50.0,20846,-62.0,-86.2,-81.5,  3,  5, 0.01, 99, 7.0
2026-06-10 12:06:44,-101.7654,32.0641,  49.9,20851,-62.0,-86.3,-81.6,  3,  5, 0.01,100, 7.1
2026-06-10 12:06:45,-101.7655,32.0641,  49.9,20857,-62.0,-86.4,-81.6,  3,  5, 0.01,100, 7.1
2026-06-10 12:06:46,-101.7656,32.0642,  49.8,20862,-62.0,-86.5,-81.7,  3,  5, 0.01,101, 7.2
2026-06-10 12:06:47,-101.7656,32.0642,  49.8,20867,-62.0,-86.6,-81.8,  3,  5, 0.01,102, 7.1
2026-06-10 12:06:48,-101.7657,32.0642,  49.8,20873,-62.0,-86.7,-81.9,  3,  5, 0.00,103, 7.2
2026-06-10 12:06:49,-101.7658,32.0642,  49.7,20878,-62.0,-86.7,-82.0,  3,  5, 0.00,105, 7.2
2026-06-10 12:06:50,-101.7659,32.0642,  49.7,20884,-62.0,-86.8,-82.1,  3,  5, 0.00,106, 7.2
2026-06-10 12:06:51,-101.7659,32.0643,  49.6,20889,-62.0,-86.9,-82.2,  3,  5, 0.00,108, 7.2
2026-06-10 12:06:52,-101.7660,32.0643,  49.6,20894,-62.0,-87.0,-82.3,  2,  5, 0.00,109, 7.2
2026-06-10 12:06:53,-101.7661,32.0643,  49.5,20900,-62.0,-87.1,-82.4,  2,  4, 0.00,110, 7.2
2026-06-10 12:06:54,-101.7661,32.0643,  49.5,20905,-62.0,-87.2,-82.5,  2,  4, 0.00,112, 7.2
2026-06-10 12:06:55,-101.7662,32.0644,  49.4,20911,-62.0,-87.3,-82.6,  2,  4, 0.00,113, 7.2
2026-06-10 12:06:56,-101.7663,32.0644,  49.4,20916,-62.0,-87.4,-82.7,  2,  4, 0.00,115, 7.3
2026-06-10 12:06:57,-101.7663,32.0644,  49.4,20922,-62.0,-87.5,-82.8,  2,  4, 0.00,116, 7.3
2026-06-10 12:06:58,-101.7664,32.0645,  49.3,20927,-62.0,-87.6,-82.9,  2,  4, 0.00,117, 7.3
2026-06-10 12:06:59,-101.7664,32.0645,  49.3,20933,-62.0,-87.6,-82.9,  2,  4, 0.00,119, 7.3
2026-06-10 12:07:00,-101.7665,32.0645,  49.2,20938,-62.0,-87.6,-82.9,  2,  4, 0.00,120, 7.3
2026-06-10 12:07:01,-101.7666,32.0646,  49.2,20944,-62.0,-87.6,-82.9,  2,  4, 0.00,122, 7.3
2026-06-10 12:07:02,-101.7666,32.0646,  49.1,20949,-62.0,-87.6,-82.9,  2,  4, 0.00,123, 7.3
2026-06-10 12:07:03,-101.7667,32.0646,  49.1,20955,-62.0,-87.6,-82.9,  2,  4, 0.00,124, 7.3
2026-06-10 12:07:04,-101.7668,32.0647,  49.1,20960,-61.9,-87.6,-82.9,  2,  4, 0.00,126, 7.2
2026-06-10 12:07:05,-101.7668,32.0647,  49.0,20966,-61.9,-87.7,-82.9,  2,  4, 0.00,127, 7.3
2026-06-10 12:07:06,-101.7669,32.0647,  49.0,20971,-61.9,-87.7,-82.9,  2,  4, 0.00,128, 7.3
2026-06-10 12:07:07,-101.7669,32.0648,  48.9,20977,-61.9,-87.7,-82.9,  2,  4, 0.00,128, 7.3
2026-06-10 12:07:08,-101.7670,32.0648,  48.9,20982,-61.9,-87.7,-82.9,  2,  4, 0.00,127, 7.3
2026-06-10 12:07:09,-101.7671,32.0648,  48.8,20988,-61.9,-87.7,-82.9,  2,  4, 0.00,127, 7.3
2026-06-10 12:07:10,-101.7671,32.0649,  48.8,20993,-61.9,-87.7,-82.9,  2,  4, 0.00,126, 7.2
2026-06-10 12:07:11,-101.7672,32.0649,  48.8,20998,-61.9,-87.7,-82.9,  2,  4, 0.00,126, 7.2
2026-06-10 12:07:12,-101.7673,32.0649,  48.7,21004,-61.9,-87.7,-82.9,  2,  4, 0.00,125, 7.2
2026-06-10 12:07:13,-101.7673,32.0650,  48.7,21009,-61.9,-87.6,-82.9,  2,  4, 0.00,125, 7.2
2026-06-10 12:07:14,-101.7674,32.0650,  48.6,21015,-61.9,-87.6,-82.8,  2,  4, 0.00,125, 7.1
2026-06-10 12:07:15,-101.7674,32.0650,  48.6,21020,-61.8,-87.6,-82.8,  2,  4, 0.00,124, 7.1
2026-06-10 12:07:16,-101.7675,32.0651,  48.5,21026,-61.8,-87.5,-82.8,  2,  4, 0.00,124, 7.1
2026-06-10 12:07:17,-101.7676,32.0651,  48.5,21031,-61.8,-87.5,-82.7,  2,  4, 0.00,123, 7.1
2026-06-10 12:07:18,-101.7676,32.0651,  48.5,21036,-61.8,-87.5,-82.7,  2,  4, 0.00,123, 7.1
2026-06-10 12:07:19,-101.7677,32.0652,  48.4,21042,-61.8,-87.4,-82.7,  2,  4, 0.00,122, 7.0
2026-06-10 12:07:20,-101.7678,32.0652,  48.4,21047,-61.8,-87.4,-82.7,  2,  4, 0.00,122, 7.0
2026-06-10 12:07:21,-101.7678,32.0653,  48.3,21053,-61.7,-87.4,-82.6,  2,  4, 0.00,121, 7.0
2026-06-10 12:07:22,-101.7679,32.0653,  48.3,21058,-61.7,-87.4,-82.6,  2,  4, 0.00,121, 7.0
2026-06-10 12:07:23,-101.7679,32.0653,  48.2,21064,-61.7,-87.3,-82.6,  2,  4, 0.00,120, 7.0
2026-06-10 12:07:24,-101.7680,32.0653,  48.2,21069,-61.7,-87.3,-82.5,  2,  4, 0.00,120, 7.0
2026-06-10 12:07:25,-101.7681,32.0654,  48.2,21074,-61.7,-87.3,-82.5,  2,  4, 0.00,119, 6.9
2026-06-10 12:07:26,-101.7682,32.0654,  48.1,21080,-61.6,-87.3,-82.5,  2,  4, 0.00,119, 6.9
2026-06-10 12:07:27,-101.7683,32.0654,  48.1,21085,-61.6,-87.3,-82.5,  2,  4, 0.00,118, 7.0
2026-06-10 12:07:28,-101.7683,32.0654,  48.0,21091,-61.6,-87.3,-82.5,  2,  4, 0.00,117, 7.0
2026-06-10 12:07:29,-101.7684,32.0654,  48.0,21096,-61.6,-87.3,-82.5,  2,  4, 0.00,116, 7.1
2026-06-10 12:07:30,-101.7685,32.0655,  47.9,21101,-61.6,-87.3,-82.5,  2,  4, 0.00,115, 7.1
2026-06-10 12:07:31,-101.7686,32.0655,  47.9,21107,-61.5,-87.3,-82.5,  2,  4, 0.00,114, 7.2
2026-06-10 12:07:32,-101.7687,32.0655,  47.9,21112,-61.5,-87.3,-82.5,  2,  4, 0.00,113, 7.2
2026-06-10 12:07:33,-101.7688,32.0655,  47.8,21117,-61.5,-87.3,-82.5,  2,  4, 0.00,112, 7.4
2026-06-10 12:07:34,-101.7688,32.0655,  47.8,21123,-61.5,-87.3,-82.5,  2,  4, 0.00,111, 7.4
2026-06-10 12:07:35,-101.7689,32.0655,  47.7,21129,-61.4,-87.3,-82.5,  2,  4, 0.00,111, 7.5
2026-06-10 12:07:36,-101.7690,32.0656,  47.7,21135,-61.4,-87.3,-82.5,  2,  4, 0.00,110, 7.5
2026-06-10 12:07:37,-101.7691,32.0656,  47.7,21140,-61.4,-87.3,-82.5,  2,  4, 0.00,109, 7.6
2026-06-10 12:07:38,-101.7692,32.0656,  47.6,21146,-61.4,-87.3,-82.5,  2,  4, 0.00,108, 7.6
2026-06-10 12:07:39,-101.7693,32.0656,  47.6,21152,-61.3,-87.3,-82.5,  2,  4, 0.00,107, 7.7
2026-06-10 12:07:40,-101.7693,32.0656,  47.5,21157,-61.3,-87.3,-82.5,  2,  4, 0.00,106, 7.7
2026-06-10 12:07:41,-101.7694,32.0656,  47.5,21162,-61.3,-87.3,-82.5,  2,  4, 0.00,106, 7.8
2026-06-10 12:07:42,-101.7695,32.0657,  47.4,21167,-61.2,-87.2,-82.5,  2,  4, 0.00,105, 7.9
2026-06-10 12:07:43,-101.7696,32.0657,  47.4,21173,-61.2,-87.2,-82.5,  2,  4, 0.00,104, 7.9
2026-06-10 12:07:44,-101.7697,32.0657,  47.4,21178,-61.2,-87.2,-82.5,  2,  4, 0.00,103, 8.0
2026-06-10 12:07:45,-101.7698,32.0657,  47.3,21183,-61.1,-87.2,-82.5,  2,  4, 0.00,103, 8.1
2026-06-10 12:07:46,-101.7698,32.0657,  47.3,21188,-61.1,-87.2,-82.5,  2,  4, 0.00,102, 8.2
2026-06-10 12:07:47,-101.7699,32.0657,  47.2,21194,-61.1,-87.2,-82.5,  2,  4, 0.00,102, 8.1
2026-06-10 12:07:48,-101.7700,32.0658,  47.2,21199,-61.0,-87.2,-82.5,  2,  4, 0.00,102, 8.1
2026-06-10 12:07:49,-101.7701,32.0658,  47.2,21205,-61.0,-87.2,-82.5,  2,  4, 0.00,102, 8.1
2026-06-10 12:07:50,-101.7702,32.0658,  47.1,21211,-61.0,-87.2,-82.4,  2,  4, 0.00,102, 8.1
2026-06-10 12:07:51,-101.7703,32.0658,  47.1,21216,-60.9,-87.2,-82.4,  2,  4, 0.00,102, 8.1
2026-06-10 12:07:52,-101.7703,32.0658,  47.0,21221,-60.9,-87.2,-82.4,  2,  4, 0.00,102, 8.1
2026-06-10 12:07:53,-101.7704,32.0658,  47.0,21227,-60.9,-87.2,-82.4,  2,  4, 0.00,102, 8.0
2026-06-10 12:07:54,-101.7705,32.0659,  46.9,21232,-60.8,-87.1,-82.4,  2,  4, 0.00,102, 8.0
2026-06-10 12:07:55,-101.7706,32.0659,  46.9,21237,-60.8,-87.1,-82.3,  2,  4, 0.00,102, 8.0
2026-06-10 12:07:56,-101.7707,32.0659,  46.9,21243,-60.7,-87.0,-82.3,  2,  4, 0.00,102, 8.0
2026-06-10 12:07:57,-101.7708,32.0659,  46.8,21248,-60.7,-87.0,-82.2,  2,  4, 0.00,102, 8.0
2026-06-10 12:07:58,-101.7708,32.0659,  46.8,21253,-60.6,-87.0,-82.2,  2,  4, 0.00,102, 8.0
2026-06-10 12:07:59,-101.7709,32.0658,  46.7,21259,-60.6,-86.9,-82.2,  2,  4, 0.01,102, 7.9
2026-06-10 12:08:00,-101.7710,32.0658,  46.7,21264,-60.6,-86.9,-82.1,  2,  4, 0.01,102, 7.9
2026-06-10 12:08:01,-101.7711,32.0658,  46.7,21269,-60.5,-86.9,-82.1,  2,  4, 0.01,102, 7.9
2026-06-10 12:08:02,-101.7712,32.0658,  46.6,21275,-60.5,-86.8,-82.1,  2,  4, 0.01,102, 7.9
2026-06-10 12:08:03,-101.7713,32.0658,  46.6,21280,-60.4,-86.8,-82.0,  2,  4, 0.01,102, 7.9
2026-06-10 12:08:04,-101.7714,32.0658,  46.5,21286,-60.4,-86.7,-82.0,  2,  4, 0.01,102, 7.9
2026-06-10 12:08:05,-101.7714,32.0658,  46.5,21291,-60.3,-86.7,-82.0,  2,  4, 0.01,102, 7.9
2026-06-10 12:08:06,-101.7715,32.0658,  46.5,21296,-60.3,-86.7,-81.9,  2,  4, 0.01,102, 7.8
2026-06-10 12:08:07,-101.7716,32.0658,  46.4,21302,-60.2,-86.7,-81.9,  2,  4, 0.01,101, 7.8
2026-06-10 12:08:08,-101.7717,32.0658,  46.4,21307,-60.2,-86.6,-81.9,  2,  4, 0.01,100, 7.8
2026-06-10 12:08:09,-101.7718,32.0658,  46.3,21312,-60.2,-86.6,-81.8,  2,  4, 0.01, 99, 7.9
2026-06-10 12:08:10,-101.7719,32.0658,  46.3,21318,-60.1,-86.6,-81.8,  2,  4, 0.01, 97, 7.9
2026-06-10 12:08:11,-101.7719,32.0658,  46.3,21323,-60.1,-86.6,-81.8,  2,  4, 0.01, 96, 7.9
2026-06-10 12:08:12,-101.7720,32.0658,  46.2,21329,-60.1,-86.5,-81.8,  2,  4, 0.01, 95, 7.9
2026-06-10 12:08:13,-101.7721,32.0658,  46.2,21334,-60.0,-86.5,-81.8,  2,  4, 0.01, 94, 7.9
2026-06-10 12:08:14,-101.7722,32.0658,  46.1,21340,-60.0,-86.5,-81.7,  2,  4, 0.01, 93, 8.0
2026-06-10 12:08:15,-101.7723,32.0658,  46.1,21346,-60.0,-86.5,-81.7,  2,  4, 0.01, 92, 8.0
2026-06-10 12:08:16,-101.7724,32.0658,  46.1,21351,-60.0,-86.4,-81.7,  2,  4, 0.01, 90, 8.0
2026-06-10 12:08:17,-101.7724,32.0657,  46.0,21357,-59.9,-86.4,-81.7,  2,  4, 0.01, 89, 8.0
2026-06-10 12:08:18,-101.7725,32.0657,  46.0,21363,-59.9,-86.4,-81.6,  2,  4, 0.01, 88, 8.0
2026-06-10 12:08:19,-101.7726,32.0657,  45.9,21366,-59.9,-86.4,-81.6,  2,  4, 0.01, 87, 8.0
2026-06-10 12:08:20,-101.7727,32.0657,  45.9,21374,-59.8,-86.3,-81.6,  2,  4, 0.01, 86, 8.0
2026-06-10 12:08:21,-101.7728,32.0657,  45.8,21380,-59.8,-86.3,-81.6,  2,  4, 0.01, 85, 8.1
2026-06-10 12:08:22,-101.7729,32.0657,  45.8,21386,-59.8,-86.3,-81.5,  2,  4, 0.01, 83, 8.1
2026-06-10 12:08:23,-101.7729,32.0657,  45.8,21391,-59.7,-86.3,-81.5,  2,  4, 0.01, 82, 8.1
2026-06-10 12:08:24,-101.7730,32.0657,  45.7,21397,-59.7,-86.2,-81.5,  2,  4, 0.01, 81, 8.0
2026-06-10 12:08:25,-101.7731,32.0657,  45.7,21403,-59.7,-86.2,-81.5,  2,  4, 0.01, 80, 8.1
2026-06-10 12:08:26,-101.7732,32.0657,  45.6,21409,-59.7,-86.2,-81.4,  2,  4, 0.01, 79, 8.1
2026-06-10 12:08:27,-101.7733,32.0656,  45.6,21414,-59.6,-86.2,-81.4,  2,  4, 0.01, 78, 8.3
2026-06-10 12:08:28,-101.7734,32.0656,  45.6,21420,-59.6,-86.1,-81.4,  2,  4, 0.01, 78, 8.4
2026-06-10 12:08:29,-101.7735,32.0656,  45.5,21425,-59.6,-86.1,-81.4,  2,  4, 0.01, 77, 8.5
2026-06-10 12:08:30,-101.7737,32.0655,  45.5,21431,-59.6,-86.1,-81.3,  2,  4, 0.01, 76, 8.7
2026-06-10 12:08:31,-101.7738,32.0655,  45.4,21436,-59.5,-86.1,-81.3,  2,  4, 0.01, 76, 8.8
2026-06-10 12:08:32,-101.7739,32.0655,  45.4,21441,-59.5,-86.0,-81.3,  2,  4, 0.01, 75, 8.9
2026-06-10 12:08:33,-101.7740,32.0654,  45.4,21446,-59.5,-86.0,-81.3,  2,  4, 0.01, 74, 9.1
2026-06-10 12:08:34,-101.7741,32.0654,  45.3,21452,-59.5,-86.0,-81.2,  2,  4, 0.01, 74, 9.2
2026-06-10 12:08:35,-101.7742,32.0654,  45.3,21457,-59.5,-86.0,-81.2,  2,  4, 0.01, 73, 9.4
2026-06-10 12:08:36,-101.7743,32.0653,  45.2,21462,-59.4,-85.9,-81.2,  2,  4, 0.01, 73, 9.5
2026-06-10 12:08:37,-101.7744,32.0653,  45.2,21468,-59.4,-85.9,-81.2,  2,  4, 0.01, 72, 9.7
2026-06-10 12:08:38,-101.7745,32.0653,  45.2,21474,-59.4,-85.9,-81.1,  2,  4, 0.01, 71, 9.8
2026-06-10 12:08:39,-101.7746,32.0652,  45.1,21480,-59.4,-85.9,-81.1,  2,  4, 0.01, 71,10.0
2026-06-10 12:08:40,-101.7747,32.0652,  45.1,21486,-59.4,-85.8,-81.1,  2,  4, 0.01, 70,10.1
2026-06-10 12:08:41,-101.7749,32.0652,  45.0,21492,-59.4,-85.8,-81.1,  2,  4, 0.01, 70,10.3
2026-06-10 12:08:42,-101.7750,32.0651,  45.0,21498,-59.3,-85.8,-81.0,  2,  4, 0.01, 70,10.4
2026-06-10 12:08:43,-101.7751,32.0651,  45.0,21503,-59.3,-85.8,-81.0,  2,  4, 0.01, 69,10.6
2026-06-10 12:08:44,-101.7752,32.0650,  44.9,21509,-59.3,-85.8,-81.0,  2,  4, 0.01, 69,10.7
2026-06-10 12:08:45,-101.7753,32.0650,  44.9,21515,-59.3,-85.7,-81.0,  2,  4, 0.01, 68,10.9
2026-06-10 12:08:46,-101.7754,32.0650,  44.8,21520,-59.3,-85.7,-81.0,  2,  4, 0.01, 68,11.0
2026-06-10 12:08:47,-101.7755,32.0650,  44.8,21526,-59.3,-85.7,-81.0,  2,  4, 0.01, 68,11.0
2026-06-10 12:08:48,-101.7756,32.0649,  44.8,21531,-59.3,-85.7,-80.9,  2,  4, 0.01, 68,11.0
2026-06-10 12:08:49,-101.7757,32.0649,  44.7,21536,-59.2,-85.7,-80.9,  2,  4, 0.01, 68,11.1
2026-06-10 12:08:50,-101.7758,32.0648,  44.7,21541,-59.2,-85.7,-80.9,  2,  4, 0.01, 69,11.1
2026-06-10 12:08:51,-101.7759,32.0648,  44.6,21546,-59.2,-85.7,-80.9,  2,  4, 0.01, 69,11.1
2026-06-10 12:08:52,-101.7760,32.0648,  44.6,21552,-59.2,-85.7,-80.9,  2,  4, 0.01, 69,11.1
2026-06-10 12:08:53,-101.7762,32.0648,  44.6,21557,-59.2,-85.7,-80.9,  2,  4, 0.01, 69,11.1
2026-06-10 12:08:54,-101.7763,32.0647,  44.5,21562,-59.2,-85.7,-80.9,  2,  4, 0.01, 70,11.1
2026-06-10 12:08:55,-101.7764,32.0647,  44.5,21568,-59.2,-85.7,-80.9,  2,  4, 0.01, 70,11.2
2026-06-10 12:08:56,-101.7765,32.0647,  44.5,21573,-59.2,-85.7,-80.9,  2,  4, 0.01, 70,11.2
2026-06-10 12:08:57,-101.7766,32.0646,  44.4,21579,-59.2,-85.6,-80.9,  2,  4, 0.01, 70,11.2
2026-06-10 12:08:58,-101.7767,32.0646,  44.4,21584,-59.2,-85.6,-80.9,  2,  4, 0.01, 70,11.2
2026-06-10 12:08:59,-101.7769,32.0646,  44.3,21589,-59.2,-85.6,-80.9,  2,  4, 0.01, 71,11.2
2026-06-10 12:09:00,-101.7770,32.0646,  44.3,21594,-59.1,-85.6,-80.9,  2,  4, 0.01, 71,11.2
2026-06-10 12:09:01,-101.7771,32.0645,  44.3,21600,-59.1,-85.6,-80.9,  2,  4, 0.01, 71,11.3
2026-06-10 12:09:02,-101.7772,32.0645,  44.2,21605,-59.1,-85.6,-80.9,  2,  4, 0.01, 71,11.3
2026-06-10 12:09:03,-101.7774,32.0645,  44.2,21610,-59.1,-85.6,-80.9,  2,  4, 0.01, 71,11.3
2026-06-10 12:09:04,-101.7775,32.0644,  44.2,21615,-59.1,-85.6,-80.9,  2,  4, 0.01, 72,11.3
2026-06-10 12:09:05,-101.7776,32.0644,  44.1,21621,-59.1,-85.6,-80.8,  2,  4, 0.01, 72,11.3
2026-06-10 12:09:06,-101.7777,32.0644,  44.1,21626,-59.1,-85.6,-80.8,  2,  4, 0.01, 72,11.4
2026-06-10 12:09:07,-101.7779,32.0644,  44.0,21632,-59.1,-85.6,-80.8,  2,  4, 0.01, 72,11.4
2026-06-10 12:09:08,-101.7780,32.0643,  44.0,21638,-59.1,-85.6,-80.8,  2,  4, 0.01, 73,11.5
2026-06-10 12:09:09,-101.7781,32.0643,  44.0,21643,-59.1,-85.6,-80.8,  2,  4, 0.01, 73,11.5
2026-06-10 12:09:10,-101.7782,32.0643,  43.9,21649,-59.1,-85.6,-80.8,  2,  4, 0.01, 73,11.6
2026-06-10 12:09:11,-101.7784,32.0643,  43.9,21654,-59.1,-85.6,-80.8,  2,  4, 0.01, 73,11.6
2026-06-10 12:09:12,-101.7785,32.0642,  43.8,21660,-59.1,-85.6,-80.8,  2,  4, 0.01, 74,11.7
2026-06-10 12:09:13,-101.7786,32.0642,  43.8,21665,-59.1,-85.6,-80.8,  2,  4, 0.01, 74,11.7
2026-06-10 12:09:14,-101.7787,32.0642,  43.8,21670,-59.1,-85.5,-80.8,  2,  4, 0.01, 74,11.8
2026-06-10 12:09:15,-101.7789,32.0642,  43.7,21676,-59.1,-85.5,-80.8,  2,  4, 0.01, 74,11.8
2026-06-10 12:09:16,-101.7790,32.0641,  43.7,21681,-59.1,-85.5,-80.7,  2,  4, 0.01, 74,11.9
2026-06-10 12:09:17,-101.7791,32.0641,  43.7,21687,-59.1,-85.5,-80.7,  2,  4, 0.01, 75,11.9
2026-06-10 12:09:18,-101.7792,32.0641,  43.6,21692,-59.1,-85.5,-80.7,  2,  4, 0.01, 75,12.0
2026-06-10 12:09:19,-101.7794,32.0641,  43.6,21697,-59.1,-85.4,-80.7,  2,  4, 0.01, 75,12.0
2026-06-10 12:09:20,-101.7795,32.0640,  43.5,21703,-59.1,-85.4,-80.7,  2,  4, 0.01, 75,12.1
2026-06-10 12:09:21,-101.7796,32.0640,  43.5,21708,-59.1,-85.4,-80.6,  2,  4, 0.01, 76,12.2
2026-06-10 12:09:22,-101.7797,32.0640,  43.5,21714,-59.0,-85.4,-80.6,  2,  4, 0.01, 76,12.2
2026-06-10 12:09:23,-101.7799,32.0640,  43.4,21719,-59.0,-85.4,-80.6,  2,  4, 0.01, 76,12.3
2026-06-10 12:09:24,-101.7800,32.0639,  43.4,21725,-59.0,-85.4,-80.6,  2,  4, 0.01, 76,12.3
2026-06-10 12:09:25,-101.7801,32.0639,  43.3,21732,-59.0,-85.3,-80.6,  2,  4, 0.01, 76,12.4
2026-06-10 12:09:26,-101.7802,32.0639,  43.3,21736,-59.0,-85.3,-80.6,  2,  4, 0.01, 77,12.4
2026-06-10 12:09:27,-101.7804,32.0639,  43.3,21741,-59.0,-85.3,-80.6,  2,  4, 0.01, 77,12.4
2026-06-10 12:09:28,-101.7805,32.0638,  43.2,21746,-59.0,-85.3,-80.5,  2,  4, 0.01, 78,12.4
2026-06-10 12:09:29,-101.7806,32.0639,  43.2,21751,-59.0,-85.3,-80.5,  2,  4, 0.01, 79,12.4
2026-06-10 12:09:30,-101.7807,32.0639,  43.2,21756,-59.0,-85.3,-80.5,  2,  4, 0.01, 79,12.4
2026-06-10 12:09:31,-101.7809,32.0639,  43.1,21762,-59.0,-85.3,-80.5,  2,  4, 0.01, 80,12.4
2026-06-10 12:09:32,-101.7810,32.0639,  43.1,21767,-59.0,-85.3,-80.5,  2,  4, 0.01, 81,12.4
2026-06-10 12:09:33,-101.7811,32.0639,  43.1,21772,-59.1,-85.3,-80.5,  2,  4, 0.01, 81,12.5
2026-06-10 12:09:34,-101.7813,32.0639,  43.0,21777,-59.1,-85.2,-80.5,  2,  4, 0.01, 82,12.5
2026-06-10 12:09:35,-101.7814,32.0639,  43.0,21782,-59.1,-85.2,-80.5,  2,  4, 0.01, 82,12.5
2026-06-10 12:09:36,-101.7815,32.0639,  43.0,21787,-59.1,-85.2,-80.5,  2,  4, 0.01, 83,12.5
2026-06-10 12:09:37,-101.7817,32.0639,  42.9,21792,-59.1,-85.2,-80.5,  2,  4, 0.01, 84,12.5
2026-06-10 12:09:38,-101.7818,32.0639,  42.9,21798,-59.1,-85.2,-80.4,  2,  4, 0.01, 84,12.5
2026-06-10 12:09:39,-101.7819,32.0639,  42.9,21803,-59.1,-85.2,-80.4,  2,  4, 0.01, 85,12.5
2026-06-10 12:09:40,-101.7821,32.0639,  42.8,21808,-59.1,-85.2,-80.4,  2,  4, 0.01, 86,12.6
2026-06-10 12:09:41,-101.7822,32.0639,  42.8,21813,-59.1,-85.2,-80.4,  2,  4, 0.01, 86,12.6
2026-06-10 12:09:42,-101.7823,32.0639,  42.7,21818,-59.1,-85.2,-80.4,  2,  4, 0.01, 87,12.6
2026-06-10 12:09:43,-101.7825,32.0639,  42.7,21823,-59.1,-85.2,-80.4,  2,  4, 0.01, 88,12.6
2026-06-10 12:09:44,-101.7826,32.0639,  42.7,21828,-59.1,-85.2,-80.4,  2,  4, 0.01, 88,12.7
2026-06-10 12:09:45,-101.7827,32.0639,  42.6,21833,-59.1,-85.2,-80.4,  2,  4, 0.01, 89,12.7
2026-06-10 12:09:46,-101.7828,32.0640,  42.6,21839,-59.1,-85.2,-80.4,  2,  4, 0.01, 90,12.7
2026-06-10 12:09:47,-101.7830,32.0640,  42.6,21845,-59.1,-85.2,-80.4,  2,  4, 0.01, 90,12.7
2026-06-10 12:09:48,-101.7831,32.0640,  42.5,21850,-59.1,-85.2,-80.4,  2,  4, 0.01, 90,12.6
2026-06-10 12:09:49,-101.7832,32.0640,  42.5,21856,-59.1,-85.2,-80.4,  2,  4, 0.01, 91,12.6
2026-06-10 12:09:50,-101.7834,32.0640,  42.5,21861,-59.1,-85.2,-80.4,  2,  4, 0.01, 91,12.5
2026-06-10 12:09:51,-101.7835,32.0640,  42.4,21867,-59.1,-85.2,-80.4,  2,  4, 0.01, 91,12.5
2026-06-10 12:09:52,-101.7836,32.0640,  42.4,21872,-59.1,-85.2,-80.4,  2,  4, 0.01, 92,12.5
2026-06-10 12:09:53,-101.7838,32.0640,  42.3,21877,-59.1,-85.2,-80.4,  2,  4, 0.01, 92,12.4
2026-06-10 12:09:54,-101.7839,32.0640,  42.3,21882,-59.1,-85.2,-80.4,  2,  4, 0.01, 92,12.4
2026-06-10 12:09:55,-101.7840,32.0640,  42.3,21888,-59.1,-85.2,-80.4,  2,  4, 0.01, 93,12.3
2026-06-10 12:09:56,-101.7842,32.0640,  42.2,21893,-59.1,-85.2,-80.4,  2,  4, 0.01, 93,12.3
2026-06-10 12:09:57,-101.7843,32.0640,  42.2,21899,-59.1,-85.2,-80.4,  2,  4, 0.01, 94,12.3
2026-06-10 12:09:58,-101.7844,32.0640,  42.2,21904,-59.1,-85.2,-80.5,  2,  4, 0.01, 94,12.2
2026-06-10 12:09:59,-101.7845,32.0640,  42.1,21909,-59.1,-85.2,-80.5,  2,  4, 0.01, 94,12.2
2026-06-10 12:10:00,-101.7846,32.0640,  42.1,21915,-59.1,-85.2,-80.5,  2,  4, 0.01, 95,12.1
2026-06-10 12:10:01,-101.7848,32.0640,  42.1,21920,-59.1,-85.2,-80.5,  2,  4, 0.01, 95,12.1
2026-06-10 12:10:02,-101.7849,32.0640,  42.0,21926,-59.1,-85.3,-80.5,  2,  4, 0.01, 96,12.1
2026-06-10 12:10:03,-101.7850,32.0640,  42.0,21932,-59.1,-85.3,-80.5,  2,  4, 0.01, 96,12.0
2026-06-10 12:10:04,-101.7851,32.0641,  41.9,21937,-59.1,-85.3,-80.5,  2,  4, 0.01, 96,12.0
2026-06-10 12:10:05,-101.7852,32.0641,  41.9,21943,-59.1,-85.3,-80.5,  2,  4, 0.01, 97,12.0
2026-06-10 12:10:06,-101.7853,32.0641,  41.9,21948,-59.1,-85.3,-80.5,  2,  4, 0.01, 97,11.9
2026-06-10 12:10:07,-101.7855,32.0641,  41.8,21954,-59.0,-85.3,-80.5,  2,  4, 0.01, 97,11.9
2026-06-10 12:10:08,-101.7856,32.0641,  41.8,21959,-59.0,-85.3,-80.5,  2,  4, 0.01, 97,11.8
2026-06-10 12:10:09,-101.7857,32.0641,  41.8,21965,-59.0,-85.2,-80.5,  2,  4, 0.01, 97,11.7
2026-06-10 12:10:10,-101.7858,32.0641,  41.7,21970,-59.0,-85.2,-80.5,  2,  4, 0.01, 97,11.7
2026-06-10 12:10:11,-101.7859,32.0641,  41.7,21975,-59.0,-85.2,-80.5,  2,  4, 0.01, 96,11.6
2026-06-10 12:10:12,-101.7860,32.0641,  41.7,21981,-59.0,-85.2,-80.5,  2,  4, 0.01, 96,11.5
2026-06-10 12:10:13,-101.7862,32.0641,  41.6,21986,-59.0,-85.2,-80.4,  2,  4, 0.01, 96,11.5
2026-06-10 12:10:14,-101.7863,32.0641,  41.6,21991,-59.0,-85.2,-80.4,  2,  4, 0.01, 96,11.4
2026-06-10 12:10:15,-101.7864,32.0641,  41.5,21997,-59.0,-85.2,-80.4,  2,  4, 0.01, 96,11.3
2026-06-10 12:10:16,-101.7865,32.0641,  41.5,22002,-59.0,-85.2,-80.4,  2,  4, 0.01, 96,11.3
2026-06-10 12:10:17,-101.7866,32.0641,  41.5,22008,-59.0,-85.2,-80.4,  2,  4, 0.01, 95,11.2
2026-06-10 12:10:18,-101.7867,32.0641,  41.4,22013,-59.0,-85.1,-80.4,  2,  4, 0.01, 95,11.1
2026-06-10 12:10:19,-101.7868,32.0641,  41.4,22018,-59.0,-85.1,-80.4,  2,  4, 0.01, 95,11.1
2026-06-10 12:10:20,-101.7870,32.0641,  41.4,22024,-59.0,-85.1,-80.4,  2,  4, 0.01, 95,11.0
2026-06-10 12:10:21,-101.7871,32.0641,  41.3,22029,-59.0,-85.1,-80.3,  2,  4, 0.01, 95,10.9
2026-06-10 12:10:22,-101.7872,32.0641,  41.3,22035,-59.0,-85.1,-80.3,  2,  4, 0.01, 95,10.9
2026-06-10 12:10:23,-101.7873,32.0641,  41.3,22040,-59.0,-85.1,-80.3,  2,  4, 0.01, 94,10.8
2026-06-10 12:10:24,-101.7874,32.0641,  41.2,22046,-58.9,-85.1,-80.3,  2,  4, 0.01, 94,10.8
2026-06-10 12:10:25,-101.7875,32.0641,  41.2,22051,-58.9,-85.1,-80.3,  2,  4, 0.01, 94,10.7
2026-06-10 12:10:26,-101.7877,32.0642,  41.2,22057,-58.9,-85.0,-80.3,  2,  4, 0.01, 94,10.6
2026-06-10 12:10:27,-101.7878,32.0642,  41.1,22062,-58.9,-85.0,-80.3,  2,  4, 0.01, 93,10.7
2026-06-10 12:10:28,-101.7879,32.0642,  41.1,22067,-58.9,-85.0,-80.3,  2,  4, 0.01, 92,10.7
2026-06-10 12:10:29,-101.7880,32.0641,  41.0,22073,-58.9,-85.0,-80.2,  2,  4, 0.01, 91,10.8
2026-06-10 12:10:30,-101.7882,32.0641,  41.0,22078,-58.9,-85.0,-80.2,  2,  4, 0.01, 90,10.8
2026-06-10 12:10:31,-101.7883,32.0641,  41.0,22083,-58.9,-85.0,-80.2,  2,  4, 0.01, 90,10.9
2026-06-10 12:10:32,-101.7884,32.0641,  40.9,22089,-58.9,-85.0,-80.2,  2,  4, 0.01, 89,10.9
2026-06-10 12:10:33,-101.7885,32.0640,  40.9,22095,-58.9,-85.0,-80.2,  2,  4, 0.01, 88,11.0
2026-06-10 12:10:34,-101.7887,32.0640,  40.9,22101,-58.9,-85.0,-80.2,  2,  4, 0.01, 87,11.0
2026-06-10 12:10:35,-101.7888,32.0640,  40.8,22107,-58.9,-84.9,-80.2,  2,  4, 0.01, 86,11.1
2026-06-10 12:10:36,-101.7889,32.0640,  40.8,22112,-58.8,-84.9,-80.2,  2,  4, 0.01, 86,11.2
2026-06-10 12:10:37,-101.7891,32.0639,  40.8,22118,-58.8,-84.9,-80.2,  2,  4, 0.01, 85,11.2
2026-06-10 12:10:38,-101.7892,32.0639,  40.7,22124,-58.8,-84.9,-80.2,  2,  4, 0.01, 84,11.3
2026-06-10 12:10:39,-101.7893,32.0639,  40.7,22129,-58.8,-84.9,-80.2,  2,  4, 0.01, 83,11.4
2026-06-10 12:10:40,-101.7895,32.0639,  40.6,22135,-58.8,-84.9,-80.2,  2,  4, 0.01, 83,11.4
2026-06-10 12:10:41,-101.7896,32.0638,  40.6,22141,-58.8,-84.9,-80.2,  2,  4, 0.01, 82,11.5
2026-06-10 12:10:42,-101.7897,32.0638,  40.6,22146,-58.7,-84.9,-80.2,  2,  4, 0.01, 81,11.6
2026-06-10 12:10:43,-101.7899,32.0638,  40.5,22152,-58.7,-84.9,-80.2,  2,  4, 0.01, 80,11.7
2026-06-10 12:10:44,-101.7900,32.0638,  40.5,22157,-58.7,-84.9,-80.2,  2,  4, 0.01, 80,11.8
2026-06-10 12:10:45,-101.7901,32.0637,  40.5,22163,-58.7,-84.9,-80.1,  2,  4, 0.01, 79,11.8
2026-06-10 12:10:46,-101.7903,32.0637,  40.4,22169,-58.7,-84.9,-80.1,  2,  4, 0.01, 78,11.9
2026-06-10 12:10:47,-101.7904,32.0637,  40.4,22174,-58.7,-84.9,-80.1,  2,  4, 0.01, 78,12.0
2026-06-10 12:10:48,-101.7905,32.0637,  40.4,22180,-58.6,-84.9,-80.1,  2,  4, 0.01, 78,12.1
2026-06-10 12:10:49,-101.7906,32.0636,  40.3,22185,-58.6,-84.9,-80.1,  2,  4, 0.01, 78,12.2
2026-06-10 12:10:50,-101.7908,32.0636,  40.3,22191,-58.6,-84.9,-80.1,  2,  4, 0.01, 78,12.3
2026-06-10 12:10:51,-101.7909,32.0636,  40.2,22196,-58.6,-84.9,-80.1,  2,  4, 0.01, 78,12.4
2026-06-10 12:10:52,-101.7910,32.0636,  40.2,22202,-58.6,-84.9,-80.1,  2,  4, 0.01, 78,12.5
2026-06-10 12:10:53,-101.7912,32.0635,  40.2,22207,-58.5,-84.8,-80.1,  2,  4, 0.01, 78,12.6
2026-06-10 12:10:54,-101.7913,32.0635,  40.1,22213,-58.5,-84.8,-80.1,  2,  4, 0.01, 78,12.7
2026-06-10 12:10:55,-101.7914,32.0635,  40.1,22218,-58.5,-84.8,-80.1,  2,  4, 0.01, 77,12.8
2026-06-10 12:10:56,-101.7916,32.0635,  40.1,22224,-58.5,-84.8,-80.1,  2,  4, 0.01, 77,12.9
2026-06-10 12:10:57,-101.7917,32.0635,  40.0,22230,-58.5,-84.8,-80.0,  2,  4, 0.01, 77,13.0
2026-06-10 12:10:58,-101.7918,32.0634,  40.0,22235,-58.4,-84.8,-80.0,  2,  4, 0.01, 77,13.1
2026-06-10 12:10:59,-101.7920,32.0634,  40.0,22241,-58.4,-84.8,-80.0,  2,  4, 0.01, 77,13.2
2026-06-10 12:11:00,-101.7921,32.0634,  39.9,22247,-58.4,-84.8,-80.0,  2,  4, 0.01, 77,13.3
2026-06-10 12:11:01,-101.7923,32.0634,  39.9,22253,-58.4,-84.8,-80.0,  2,  4, 0.01, 77,13.4
2026-06-10 12:11:02,-101.7924,32.0633,  39.8,22259,-58.4,-84.7,-80.0,  2,  4, 0.01, 77,13.5
2026-06-10 12:11:03,-101.7926,32.0633,  39.8,22264,-58.4,-84.7,-80.0,  2,  4, 0.01, 77,13.6
2026-06-10 12:11:04,-101.7928,32.0633,  39.8,22270,-58.3,-84.7,-80.0,  2,  4, 0.01, 77,13.7
2026-06-10 12:11:05,-101.7929,32.0633,  39.7,22276,-58.3,-84.7,-79.9,  2,  4, 0.01, 77,13.8
2026-06-10 12:11:06,-101.7931,32.0633,  39.7,22282,-58.3,-84.7,-79.9,  2,  4, 0.01, 77,13.9
2026-06-10 12:11:07,-101.7932,32.0633,  39.7,22287,-58.3,-84.7,-79.9,  2,  4, 0.01, 77,14.0
2026-06-10 12:11:08,-101.7934,32.0632,  39.6,22293,-58.3,-84.6,-79.9,  2,  4, 0.01, 77,14.0
2026-06-10 12:11:09,-101.7935,32.0632,  39.6,22298,-58.3,-84.6,-79.9,  2,  4, 0.01, 78,14.1
2026-06-10 12:11:10,-101.7937,32.0632,  39.6,22304,-58.2,-84.6,-79.9,  2,  4, 0.01, 78,14.2
2026-06-10 12:11:11,-101.7939,32.0632,  39.5,22309,-58.2,-84.6,-79.8,  2,  4, 0.01, 78,14.2
2026-06-10 12:11:12,-101.7940,32.0632,  39.5,22314,-58.2,-84.6,-79.8,  2,  4, 0.01, 79,14.3
2026-06-10 12:11:13,-101.7942,32.0632,  39.5,22320,-58.2,-84.6,-79.8,  2,  4, 0.01, 79,14.4
2026-06-10 12:11:14,-101.7943,32.0631,  39.4,22325,-58.2,-84.6,-79.8,  2,  4, 0.01, 80,14.4
2026-06-10 12:11:15,-101.7945,32.0631,  39.4,22330,-58.2,-84.5,-79.8,  2,  4, 0.01, 80,14.5
2026-06-10 12:11:16,-101.7946,32.0631,  39.4,22336,-58.1,-84.5,-79.8,  2,  4, 0.01, 80,14.6
2026-06-10 12:11:17,-101.7948,32.0631,  39.3,22341,-58.1,-84.5,-79.8,  2,  4, 0.01, 81,14.6
2026-06-10 12:11:18,-101.7950,32.0631,  39.3,22347,-58.1,-84.5,-79.7,  2,  4, 0.01, 81,14.7
2026-06-10 12:11:19,-101.7951,32.0631,  39.3,22352,-58.1,-84.5,-79.7,  2,  4, 0.01, 81,14.8
2026-06-10 12:11:20,-101.7953,32.0630,  39.2,22358,-58.1,-84.5,-79.7,  2,  4, 0.01, 82,14.8
2026-06-10 12:11:21,-101.7954,32.0630,  39.2,22363,-58.1,-84.5,-79.7,  2,  4, 0.01, 82,14.9
2026-06-10 12:11:22,-101.7956,32.0630,  39.2,22369,-58.1,-84.4,-79.7,  2,  4, 0.01, 82,15.0
2026-06-10 12:11:23,-101.7957,32.0630,  39.1,22375,-58.1,-84.4,-79.7,  2,  4, 0.01, 83,15.0
2026-06-10 12:11:24,-101.7959,32.0630,  39.1,22381,-58.0,-84.4,-79.7,  2,  4, 0.01, 83,15.1
2026-06-10 12:11:25,-101.7961,32.0630,  39.0,22386,-58.0,-84.4,-79.6,  2,  4, 0.01, 83,15.2
2026-06-10 12:11:26,-101.7962,32.0629,  39.0,22392,-58.0,-84.4,-79.6,  2,  4, 0.01, 84,15.3
2026-06-10 12:11:27,-101.7964,32.0629,  39.0,22398,-58.0,-84.4,-79.6,  2,  4, 0.01, 84,15.2
2026-06-10 12:11:28,-101.7965,32.0629,  38.9,22404,-58.0,-84.4,-79.6,  2,  4, 0.01, 84,15.2
2026-06-10 12:11:29,-101.7967,32.0629,  38.9,22410,-58.0,-84.4,-79.6,  2,  4, 0.01, 83,15.2
2026-06-10 12:11:30,-101.7968,32.0629,  38.9,22415,-58.0,-84.4,-79.6,  2,  4, 0.01, 83,15.2
2026-06-10 12:11:31,-101.7970,32.0628,  38.8,22421,-58.0,-84.4,-79.6,  2,  4, 0.01, 83,15.2
2026-06-10 12:11:32,-101.7972,32.0628,  38.8,22426,-58.0,-84.4,-79.6,  2,  4, 0.01, 83,15.1
2026-06-10 12:11:33,-101.7973,32.0628,  38.8,22432,-58.0,-84.4,-79.6,  2,  4, 0.01, 83,15.1
2026-06-10 12:11:34,-101.7975,32.0628,  38.7,22438,-57.9,-84.4,-79.6,  2,  4, 0.01, 83,15.1
2026-06-10 12:11:35,-101.7976,32.0628,  38.7,22443,-57.9,-84.4,-79.6,  2,  4, 0.01, 83,15.1
2026-06-10 12:11:36,-101.7978,32.0628,  38.7,22449,-57.9,-84.4,-79.6,  2,  4, 0.01, 83,15.1
2026-06-10 12:11:37,-101.7979,32.0627,  38.6,22455,-57.9,-84.4,-79.6,  2,  4, 0.01, 83,15.0
2026-06-10 12:11:38,-101.7981,32.0627,  38.6,22460,-57.9,-84.4,-79.6,  2,  4, 0.01, 83,15.0
2026-06-10 12:11:39,-101.7983,32.0627,  38.6,22466,-57.9,-84.4,-79.6,  2,  4, 0.01, 82,15.0
2026-06-10 12:11:40,-101.7984,32.0627,  38.5,22471,-57.9,-84.4,-79.6,  2,  4, 0.01, 82,15.0
2026-06-10 12:11:41,-101.7986,32.0627,  38.5,22477,-57.9,-84.4,-79.6,  2,  4, 0.01, 82,15.0
2026-06-10 12:11:42,-101.7987,32.0627,  38.5,22482,-57.9,-84.4,-79.6,  2,  4, 0.01, 82,14.9
2026-06-10 12:11:43,-101.7989,32.0626,  38.4,22488,-57.9,-84.4,-79.6,  2,  4, 0.01, 82,14.9
2026-06-10 12:11:44,-101.7990,32.0626,  38.4,22493,-57.9,-84.4,-79.6,  2,  4, 0.01, 82,14.9
2026-06-10 12:11:45,-101.7992,32.0626,  38.4,22499,-57.9,-84.4,-79.6,  2,  4, 0.01, 82,14.9
2026-06-10 12:11:46,-101.7993,32.0626,  38.3,22504,-57.9,-84.4,-79.6,  2,  4, 0.01, 82,14.9
2026-06-10 12:11:47,-101.7995,32.0626,  38.3,22510,-57.9,-84.4,-79.6,  2,  4, 0.01, 82,14.9
2026-06-10 12:11:48,-101.7997,32.0626,  38.3,22515,-57.9,-84.4,-79.6,  2,  4, 0.01, 82,14.9
2026-06-10 12:11:49,-101.7998,32.0625,  38.2,22521,-57.9,-84.4,-79.6,  2,  4, 0.01, 82,14.9
2026-06-10 12:11:50,-101.8000,32.0625,  38.2,22527,-57.9,-84.4,-79.6,  2,  4, 0.01, 82,14.9
2026-06-10 12:11:51,-101.8001,32.0625,  38.2,22533,-57.9,-84.3,-79.6,  2,  4, 0.01, 82,14.9
2026-06-10 12:11:52,-101.8003,32.0625,  38.1,22538,-57.9,-84.3,-79.6,  2,  4, 0.01, 82,14.9
2026-06-10 12:11:53,-101.8004,32.0625,  38.1,22544,-57.9,-84.3,-79.6,  2,  4, 0.01, 83,14.9
2026-06-10 12:11:54,-101.8006,32.0624,  38.0,22550,-57.9,-84.3,-79.6,  2,  4, 0.01, 83,14.9
2026-06-10 12:11:55,-101.8008,32.0624,  38.0,22556,-57.9,-84.3,-79.6,  2,  4, 0.01, 83,14.9
2026-06-10 12:11:56,-101.8009,32.0624,  38.0,22562,-57.8,-84.3,-79.6,  2,  4, 0.01, 83,14.9
2026-06-10 12:11:57,-101.8011,32.0624,  37.9,22567,-57.8,-84.3,-79.6,  2,  4, 0.01, 83,14.9
2026-06-10 12:11:58,-101.8012,32.0624,  37.9,22573,-57.8,-84.3,-79.6,  2,  4, 0.01, 83,14.9
2026-06-10 12:11:59,-101.8014,32.0624,  37.9,22578,-57.8,-84.3,-79.6,  2,  4, 0.01, 83,14.9
2026-06-10 12:12:00,-101.8015,32.0624,  37.8,22584,-57.8,-84.3,-79.5,  2,  4, 0.01, 84,14.9
2026-06-10 12:12:01,-101.8017,32.0624,  37.8,22589,-57.8,-84.3,-79.5,  2,  4, 0.01, 84,14.9
2026-06-10 12:12:02,-101.8019,32.0624,  37.8,22595,-57.8,-84.3,-79.5,  2,  4, 0.01, 84,14.9
2026-06-10 12:12:03,-101.8020,32.0624,  37.7,22600,-57.8,-84.3,-79.5,  2,  4, 0.01, 84,14.9
2026-06-10 12:12:04,-101.8022,32.0624,  37.7,22606,-57.8,-84.3,-79.5,  2,  4, 0.01, 84,14.9
2026-06-10 12:12:05,-101.8024,32.0624,  37.7,22612,-57.8,-84.3,-79.5,  2,  4, 0.01, 84,14.9
2026-06-10 12:12:06,-101.8025,32.0624,  37.6,22617,-57.8,-84.3,-79.5,  2,  4, 0.01, 84,14.9
2026-06-10 12:12:07,-101.8027,32.0624,  37.6,22623,-57.8,-84.3,-79.5,  2,  4, 0.01, 85,15.0
2026-06-10 12:12:08,-101.8029,32.0624,  37.6,22629,-57.8,-84.3,-79.5,  2,  4, 0.01, 85,15.0
2026-06-10 12:12:09,-101.8030,32.0624,  37.5,22635,-57.8,-84.3,-79.5,  2,  4, 0.01, 85,15.1
2026-06-10 12:12:10,-101.8032,32.0624,  37.5,22641,-57.8,-84.2,-79.5,  2,  4, 0.01, 86,15.1
2026-06-10 12:12:11,-101.8034,32.0624,  37.5,22647,-57.8,-84.2,-79.5,  2,  4, 0.01, 86,15.2
2026-06-10 12:12:12,-101.8035,32.0624,  37.4,22653,-57.8,-84.2,-79.5,  2,  4, 0.01, 86,15.2
2026-06-10 12:12:13,-101.8037,32.0624,  37.4,22659,-57.8,-84.2,-79.5,  2,  4, 0.01, 87,15.3
2026-06-10 12:12:14,-101.8039,32.0624,  37.4,22664,-57.8,-84.2,-79.5,  2,  4, 0.01, 87,15.3
2026-06-10 12:12:15,-101.8040,32.0624,  37.3,22670,-57.8,-84.2,-79.4,  2,  4, 0.01, 87,15.3
2026-06-10 12:12:16,-101.8042,32.0624,  37.3,22676,-57.8,-84.2,-79.4,  2,  4, 0.01, 88,15.4
2026-06-10 12:12:17,-101.8044,32.0624,  37.3,22681,-57.8,-84.2,-79.4,  2,  4, 0.01, 88,15.4
2026-06-10 12:12:18,-101.8045,32.0624,  37.2,22687,-57.8,-84.2,-79.4,  2,  4, 0.01, 88,15.5
2026-06-10 12:12:19,-101.8046,32.0624,  37.2,22693,-57.8,-84.2,-79.4,  2,  4, 0.01, 88,15.5
2026-06-10 12:12:20,-101.8049,32.0624,  37.2,22696,-57.7,-84.2,-79.4,  2,  4, 0.01, 89,15.6
2026-06-10 12:12:21,-101.8050,32.0624,  37.1,22704,-57.7,-84.2,-79.4,  2,  4, 0.01, 89,15.6
2026-06-10 12:12:22,-101.8052,32.0624,  37.1,22710,-57.7,-84.2,-79.4,  2,  4, 0.01, 89,15.7
2026-06-10 12:12:23,-101.8054,32.0624,  37.1,22716,-57.7,-84.2,-79.4,  2,  4, 0.01, 90,15.7
2026-06-10 12:12:24,-101.8055,32.0624,  37.0,22721,-57.7,-84.2,-79.4,  2,  4, 0.01, 90,15.8
2026-06-10 12:12:25,-101.8057,32.0624,  37.0,22727,-57.7,-84.2,-79.4,  2,  4, 0.01, 90,15.8
2026-06-10 12:12:26,-101.8058,32.0624,  37.0,22733,-57.7,-84.2,-79.4,  2,  4, 0.01, 90,15.9
2026-06-10 12:12:27,-101.8060,32.0624,  36.9,22739,-57.7,-84.2,-79.5,  2,  4, 0.01, 90,15.9
2026-06-10 12:12:28,-101.8062,32.0624,  36.9,22745,-57.7,-84.2,-79.5,  2,  4, 0.01, 91,15.9
2026-06-10 12:12:29,-101.8063,32.0624,  36.9,22751,-57.7,-84.2,-79.5,  2,  4, 0.01, 91,15.8
2026-06-10 12:12:30,-101.8065,32.0624,  36.8,22757,-57.7,-84.2,-79.5,  2,  4, 0.01, 91,15.8
2026-06-10 12:12:31,-101.8067,32.0624,  36.8,22763,-57.7,-84.2,-79.5,  2,  4, 0.01, 91,15.8
2026-06-10 12:12:32,-101.8068,32.0624,  36.8,22768,-57.7,-84.2,-79.5,  2,  4, 0.01, 91,15.8
2026-06-10 12:12:33,-101.8070,32.0624,  36.7,22774,-57.6,-84.2,-79.5,  2,  4, 0.01, 91,15.8
2026-06-10 12:12:34,-101.8072,32.0624,  36.7,22780,-57.6,-84.2,-79.5,  2,  4, 0.01, 91,15.8
2026-06-10 12:12:35,-101.8073,32.0624,  36.6,22786,-57.6,-84.2,-79.5,  2,  4, 0.01, 91,15.7
2026-06-10 12:12:36,-101.8075,32.0625,  36.6,22792,-57.6,-84.2,-79.5,  2,  4, 0.01, 92,15.7
2026-06-10 12:12:37,-101.8077,32.0625,  36.6,22798,-57.6,-84.2,-79.5,  2,  4, 0.01, 92,15.7
2026-06-10 12:12:38,-101.8078,32.0625,  36.5,22804,-57.6,-84.2,-79.5,  2,  4, 0.01, 92,15.7
2026-06-10 12:12:39,-101.8080,32.0625,  36.5,22811,-57.6,-84.2,-79.5,  2,  4, 0.01, 92,15.7
2026-06-10 12:12:40,-101.8082,32.0625,  36.5,22817,-57.5,-84.2,-79.4,  2,  4, 0.01, 92,15.7
2026-06-10 12:12:41,-101.8083,32.0626,  36.4,22824,-57.5,-84.2,-79.4,  2,  4, 0.01, 92,15.6
2026-06-10 12:12:42,-101.8085,32.0626,  36.4,22830,-57.5,-84.2,-79.4,  2,  4, 0.01, 92,15.6
2026-06-10 12:12:43,-101.8086,32.0626,  36.4,22836,-57.5,-84.2,-79.4,  2,  4, 0.01, 92,15.6
2026-06-10 12:12:44,-101.8088,32.0626,  36.3,22841,-57.5,-84.2,-79.4,  2,  4, 0.01, 93,15.6
2026-06-10 12:12:45,-101.8090,32.0626,  36.3,22847,-57.5,-84.2,-79.4,  2,  4, 0.01, 93,15.6
2026-06-10 12:12:46,-101.8091,32.0626,  36.3,22852,-57.5,-84.2,-79.4,  2,  4, 0.01, 93,15.6
2026-06-10 12:12:47,-101.8093,32.0627,  36.2,22858,-57.4,-84.2,-79.4,  2,  4, 0.01, 93,15.6
2026-06-10 12:12:48,-101.8095,32.0627,  36.2,22863,-57.4,-84.1,-79.4,  2,  4, 0.01, 94,15.6
2026-06-10 12:12:49,-101.8096,32.0627,  36.2,22868,-57.4,-84.1,-79.3,  2,  4, 0.01, 94,15.6
2026-06-10 12:12:50,-101.8098,32.0627,  36.1,22874,-57.4,-84.1,-79.3,  2,  4, 0.01, 94,15.6
2026-06-10 12:12:51,-101.8100,32.0627,  36.1,22879,-57.3,-84.0,-79.3,  2,  4, 0.01, 95,15.6
2026-06-10 12:12:52,-101.8101,32.0627,  36.1,22884,-57.3,-84.0,-79.3,  2,  4, 0.01, 95,15.6
2026-06-10 12:12:53,-101.8103,32.0628,  36.1,22889,-57.3,-84.0,-79.2,  2,  4, 0.01, 96,15.6
2026-06-10 12:12:54,-101.8105,32.0628,  36.0,22895,-57.3,-84.0,-79.2,  2,  4, 0.01, 96,15.6
2026-06-10 12:12:55,-101.8106,32.0628,  36.0,22900,-57.2,-83.9,-79.2,  2,  4, 0.01, 96,15.6
2026-06-10 12:12:56,-101.8108,32.0628,  36.0,22906,-57.2,-83.9,-79.2,  2,  4, 0.01, 97,15.6
2026-06-10 12:12:57,-101.8109,32.0628,  35.9,22912,-57.2,-83.9,-79.1,  2,  4, 0.01, 97,15.7
2026-06-10 12:12:58,-101.8111,32.0629,  35.9,22917,-57.2,-83.9,-79.1,  2,  4, 0.01, 97,15.7
2026-06-10 12:12:59,-101.8113,32.0629,  35.9,22923,-57.2,-83.8,-79.1,  2,  4, 0.01, 98,15.7
2026-06-10 12:13:00,-101.8114,32.0629,  35.8,22929,-57.1,-83.8,-79.1,  2,  4, 0.01, 98,15.7
2026-06-10 12:13:01,-101.8116,32.0629,  35.8,22934,-57.1,-83.8,-79.0,  2,  4, 0.01, 99,15.7
2026-06-10 12:13:02,-101.8118,32.0629,  35.8,22940,-57.1,-83.8,-79.0,  2,  4, 0.01, 99,15.7
2026-06-10 12:13:03,-101.8119,32.0630,  35.7,22946,-57.0,-83.8,-79.0,  2,  4, 0.01, 99,15.7
2026-06-10 12:13:04,-101.8121,32.0630,  35.7,22952,-57.0,-83.7,-79.0,  2,  4, 0.01,100,15.8
2026-06-10 12:13:05,-101.8122,32.0630,  35.7,22958,-57.0,-83.7,-79.0,  2,  4, 0.01,100,15.8
2026-06-10 12:13:06,-101.8124,32.0630,  35.6,22963,-57.0,-83.7,-78.9,  2,  4, 0.01,101,15.8
2026-06-10 12:13:07,-101.8125,32.0631,  35.6,22969,-56.9,-83.7,-78.9,  2,  4, 0.01,101,15.7
2026-06-10 12:13:08,-101.8127,32.0631,  35.6,22974,-56.9,-83.6,-78.9,  2,  4, 0.01,101,15.7
2026-06-10 12:13:09,-101.8128,32.0631,  35.5,22980,-56.9,-83.6,-78.9,  2,  4, 0.01,101,15.6
2026-06-10 12:13:10,-101.8130,32.0632,  35.5,22985,-56.9,-83.6,-78.8,  2,  4, 0.01,101,15.5
2026-06-10 12:13:11,-101.8131,32.0632,  35.5,22992,-56.8,-83.6,-78.8,  2,  4, 0.01,101,15.4
2026-06-10 12:13:12,-101.8133,32.0632,  35.4,22998,-56.8,-83.6,-78.8,  2,  4, 0.01,101,15.4
2026-06-10 12:13:13,-101.8134,32.0632,  35.4,23004,-56.8,-83.5,-78.8,  2,  4, 0.01,101,15.3
2026-06-10 12:13:14,-101.8136,32.0633,  35.4,23010,-56.8,-83.5,-78.8,  2,  4, 0.01,101,15.2
2026-06-10 12:13:15,-101.8137,32.0633,  35.3,23016,-56.7,-83.5,-78.8,  2,  4, 0.01,101,15.2
2026-06-10 12:13:16,-101.8139,32.0633,  35.3,23022,-56.7,-83.5,-78.8,  2,  4, 0.01,101,15.1
2026-06-10 12:13:17,-101.8140,32.0633,  35.3,23027,-56.7,-83.5,-78.8,  2,  4, 0.01,101,15.0
2026-06-10 12:13:18,-101.8142,32.0634,  35.2,23033,-56.7,-83.5,-78.8,  2,  4, 0.01,101,14.9
2026-06-10 12:13:19,-101.8144,32.0634,  35.2,23039,-56.6,-83.5,-78.7,  2,  4, 0.01,101,14.9
2026-06-10 12:13:20,-101.8145,32.0634,  35.2,23045,-56.6,-83.5,-78.7,  2,  4, 0.01,101,14.8
2026-06-10 12:13:21,-101.8147,32.0634,  35.1,23051,-56.6,-83.5,-78.7,  2,  4, 0.01,101,14.7
2026-06-10 12:13:22,-101.8148,32.0635,  35.1,23057,-56.6,-83.5,-78.7,  2,  4, 0.01,101,14.7
2026-06-10 12:13:23,-101.8150,32.0635,  35.1,23063,-56.6,-83.5,-78.7,  2,  4, 0.01,101,14.6
2026-06-10 12:13:24,-101.8151,32.0635,  35.0,23069,-56.5,-83.5,-78.7,  2,  4, 0.01,101,14.5
2026-06-10 12:13:25,-101.8153,32.0635,  35.0,23075,-56.5,-83.5,-78.7,  2,  4, 0.01,101,14.4
2026-06-10 12:13:26,-101.8154,32.0636,  35.0,23081,-56.5,-83.5,-78.7,  2,  4, 0.01,101,14.4
2026-06-10 12:13:27,-101.8156,32.0636,  34.9,23087,-56.5,-83.5,-78.7,  2,  4, 0.01,102,14.4
2026-06-10 12:13:28,-101.8157,32.0636,  34.9,23092,-56.5,-83.5,-78.7,  2,  4, 0.01,102,14.5
2026-06-10 12:13:29,-101.8159,32.0637,  34.9,23098,-56.4,-83.4,-78.7,  2,  4, 0.01,102,14.5
2026-06-10 12:13:30,-101.8160,32.0637,  34.9,23104,-56.4,-83.4,-78.7,  2,  4, 0.01,102,14.5
2026-06-10 12:13:31,-101.8162,32.0637,  34.8,23110,-56.4,-83.4,-78.7,  2,  4, 0.01,102,14.6
2026-06-10 12:13:32,-101.8163,32.0638,  34.8,23116,-56.4,-83.4,-78.6,  2,  4, 0.01,102,14.6
2026-06-10 12:13:33,-101.8165,32.0638,  34.8,23121,-56.3,-83.4,-78.6,  2,  4, 0.01,102,14.6
2026-06-10 12:13:34,-101.8166,32.0638,  34.7,23127,-56.3,-83.4,-78.6,  2,  4, 0.01,103,14.7
2026-06-10 12:13:35,-101.8168,32.0639,  34.7,23132,-56.3,-83.4,-78.6,  2,  4, 0.01,103,14.7
2026-06-10 12:13:36,-101.8169,32.0639,  34.7,23138,-56.3,-83.3,-78.6,  2,  4, 0.01,103,14.8
2026-06-10 12:13:37,-101.8171,32.0639,  34.6,23143,-56.2,-83.3,-78.6,  2,  4, 0.01,103,14.8
2026-06-10 12:13:38,-101.8172,32.0640,  34.6,23149,-56.2,-83.3,-78.6,  2,  4, 0.01,103,14.8
2026-06-10 12:13:39,-101.8174,32.0640,  34.6,23155,-56.2,-83.3,-78.5,  2,  4, 0.01,103,14.9
2026-06-10 12:13:40,-101.8175,32.0640,  34.5,23162,-56.2,-83.3,-78.5,  2,  4, 0.01,104,14.9
2026-06-10 12:13:41,-101.8177,32.0641,  34.5,23166,-56.1,-83.3,-78.5,  2,  4, 0.01,104,14.9
2026-06-10 12:13:42,-101.8178,32.0641,  34.5,23172,-56.1,-83.2,-78.5,  2,  4, 0.01,104,15.0
2026-06-10 12:13:43,-101.8180,32.0642,  34.4,23178,-56.1,-83.2,-78.4,  2,  4, 0.01,104,15.0
2026-06-10 12:13:44,-101.8181,32.0642,  34.4,23184,-56.0,-83.2,-78.4,  2,  4, 0.01,104,15.1
2026-06-10 12:13:45,-101.8183,32.0642,  34.4,23190,-56.0,-83.1,-78.4,  2,  4, 0.01,104,15.1
2026-06-10 12:13:46,-101.8184,32.0643,  34.4,23196,-56.0,-83.1,-78.3,  2,  4, 0.01,104,15.1
2026-06-10 12:13:47,-101.8186,32.0643,  34.3,23202,-55.9,-83.0,-78.3,  2,  4, 0.01,104,15.1
2026-06-10 12:13:48,-101.8187,32.0643,  34.3,23208,-55.9,-83.0,-78.2,  2,  4, 0.01,105,15.1
2026-06-10 12:13:49,-101.8189,32.0644,  34.3,23213,-55.9,-83.0,-78.2,  2,  4, 0.01,105,15.0
2026-06-10 12:13:50,-101.8190,32.0644,  34.2,23220,-55.8,-82.9,-78.2,  2,  4, 0.01,105,15.0
2026-06-10 12:13:51,-101.8192,32.0645,  34.2,23226,-55.8,-82.9,-78.1,  2,  4, 0.01,105,15.0
2026-06-10 12:13:52,-101.8193,32.0645,  34.2,23232,-55.8,-82.9,-78.1,  2,  4, 0.01,105,15.0
2026-06-10 12:13:53,-101.8195,32.0645,  34.1,23238,-55.7,-82.8,-78.1,  2,  4, 0.01,105,14.9
2026-06-10 12:13:54,-101.8196,32.0646,  34.1,23244,-55.7,-82.8,-78.0,  2,  4, 0.01,105,14.9
2026-06-10 12:13:55,-101.8198,32.0646,  34.1,23250,-55.7,-82.8,-78.0,  2,  4, 0.01,105,14.9
2026-06-10 12:13:56,-101.8199,32.0646,  34.0,23256,-55.6,-82.7,-78.0,  2,  4, 0.01,106,14.8
2026-06-10 12:13:57,-101.8200,32.0647,  34.0,23262,-55.6,-82.7,-77.9,  2,  4, 0.01,106,14.8
2026-06-10 12:13:58,-101.8202,32.0647,  34.0,23268,-55.6,-82.7,-77.9,  2,  4, 0.01,106,14.8
2026-06-10 12:13:59,-101.8203,32.0647,  33.9,23274,-55.5,-82.7,-77.9,  2,  4, 0.01,106,14.8
2026-06-10 12:14:00,-101.8205,32.0648,  33.9,23280,-55.5,-82.6,-77.9,  2,  4, 0.01,106,14.7
2026-06-10 12:14:01,-101.8206,32.0648,  33.9,23286,-55.5,-82.6,-77.8,  2,  4, 0.01,106,14.7
2026-06-10 12:14:02,-101.8208,32.0648,  33.8,23292,-55.4,-82.6,-77.8,  2,  4, 0.01,106,14.7
2026-06-10 12:14:03,-101.8209,32.0649,  33.8,23298,-55.4,-82.5,-77.8,  2,  4, 0.01,106,14.6
2026-06-10 12:14:04,-101.8211,32.0649,  33.8,23304,-55.4,-82.5,-77.8,  2,  4, 0.01,107,14.6
2026-06-10 12:14:05,-101.8212,32.0649,  33.7,23309,-55.3,-82.5,-77.7,  2,  4, 0.01,107,14.6
2026-06-10 12:14:06,-101.8213,32.0650,  33.7,23315,-55.3,-82.5,-77.7,  2,  4, 0.01,107,14.6
2026-06-10 12:14:07,-101.8214,32.0650,  33.7,23321,-55.3,-82.4,-77.7,  2,  4, 0.01,107,14.4
2026-06-10 12:14:08,-101.8216,32.0650,  33.7,23327,-55.2,-82.4,-77.7,  2,  4, 0.01,107,14.3
2026-06-10 12:14:09,-101.8217,32.0650,  33.6,23332,-55.2,-82.4,-77.6,  2,  4, 0.01,106,14.2
2026-06-10 12:14:10,-101.8218,32.0651,  33.6,23338,-55.2,-82.4,-77.6,  2,  4, 0.01,106,14.0
2026-06-10 12:14:11,-101.8219,32.0651,  33.6,23343,-55.1,-82.3,-77.6,  2,  4, 0.01,106,13.9
2026-06-10 12:14:12,-101.8221,32.0651,  33.5,23349,-55.1,-82.3,-77.5,  2,  4, 0.02,106,13.8
2026-06-10 12:14:13,-101.8222,32.0651,  33.5,23354,-55.1,-82.3,-77.5,  2,  4, 0.02,106,13.6
2026-06-10 12:14:14,-101.8223,32.0652,  33.5,23360,-55.0,-82.3,-77.5,  2,  4, 0.02,106,13.5
2026-06-10 12:14:15,-101.8224,32.0652,  33.4,23366,-55.0,-82.2,-77.5,  2,  4, 0.02,105,13.4
2026-06-10 12:14:16,-101.8226,32.0652,  33.4,23371,-55.0,-82.2,-77.4,  2,  4, 0.02,105,13.2
2026-06-10 12:14:17,-101.8227,32.0652,  33.4,23377,-55.0,-82.2,-77.4,  2,  4, 0.02,105,13.1
2026-06-10 12:14:18,-101.8228,32.0653,  33.4,23383,-54.9,-82.2,-77.4,  2,  4, 0.02,105,13.0
2026-06-10 12:14:19,-101.8229,32.0653,  33.3,23388,-54.9,-82.1,-77.4,  2,  4, 0.02,105,12.9
2026-06-10 12:14:20,-101.8230,32.0653,  33.3,23394,-54.9,-82.1,-77.3,  2,  4, 0.02,104,12.7
2026-06-10 12:14:21,-101.8232,32.0653,  33.3,23400,-54.8,-82.1,-77.3,  2,  4, 0.02,104,12.6
2026-06-10 12:14:22,-101.8233,32.0654,  33.2,23406,-54.8,-82.0,-77.3,  2,  4, 0.02,104,12.5
2026-06-10 12:14:23,-101.8234,32.0654,  33.2,23411,-54.8,-82.0,-77.3,  2,  4, 0.02,104,12.3
2026-06-10 12:14:24,-101.8235,32.0654,  33.2,23417,-54.7,-82.0,-77.2,  2,  4, 0.02,104,12.2
2026-06-10 12:14:25,-101.8237,32.0654,  33.2,23423,-54.7,-82.0,-77.2,  2,  4, 0.02,103,12.1
2026-06-10 12:14:26,-101.8238,32.0655,  33.1,23428,-54.6,-81.9,-77.2,  2,  4, 0.02,103,11.9
2026-06-10 12:14:27,-101.8239,32.0655,  33.1,23434,-54.6,-81.9,-77.1,  2,  4, 0.02,103,11.9
2026-06-10 12:14:28,-101.8240,32.0655,  33.1,23440,-54.6,-81.9,-77.1,  2,  4, 0.02,103,11.8
2026-06-10 12:14:29,-101.8242,32.0655,  33.0,23445,-54.5,-81.8,-77.1,  2,  4, 0.02,103,11.8
2026-06-10 12:14:30,-101.8243,32.0656,  33.0,23451,-54.5,-81.8,-77.0,  2,  4, 0.02,103,11.8
2026-06-10 12:14:31,-101.8244,32.0656,  33.0,23457,-54.4,-81.8,-77.0,  2,  4, 0.02,103,11.7
2026-06-10 12:14:32,-101.8245,32.0656,  32.9,23463,-54.4,-81.7,-77.0,  2,  4, 0.02,103,11.7
2026-06-10 12:14:33,-101.8247,32.0656,  32.9,23469,-54.4,-81.7,-77.0,  2,  4, 0.02,103,11.6
2026-06-10 12:14:34,-101.8248,32.0657,  32.9,23475,-54.3,-81.7,-76.9,  2,  4, 0.02,103,11.6
2026-06-10 12:14:35,-101.8249,32.0657,  32.9,23480,-54.3,-81.6,-76.9,  2,  4, 0.02,103,11.5
2026-06-10 12:14:36,-101.8250,32.0657,  32.8,23486,-54.2,-81.6,-76.9,  2,  4, 0.02,103,11.5
2026-06-10 12:14:37,-101.8251,32.0657,  32.8,23492,-54.2,-81.6,-76.8,  2,  4, 0.02,103,11.4
2026-06-10 12:14:38,-101.8252,32.0658,  32.8,23498,-54.1,-81.5,-76.8,  2,  4, 0.02,103,11.4
2026-06-10 12:14:39,-101.8253,32.0658,  32.7,23504,-54.1,-81.5,-76.7,  2,  4, 0.02,103,11.3
2026-06-10 12:14:40,-101.8254,32.0658,  32.7,23509,-54.0,-81.5,-76.7,  2,  4, 0.02,103,11.3
2026-06-10 12:14:41,-101.8255,32.0659,  32.7,23515,-54.0,-81.4,-76.7,  2,  4, 0.02,103,11.3
2026-06-10 12:14:42,-101.8256,32.0659,  32.6,23521,-53.9,-81.4,-76.6,  2,  4, 0.02,103,11.2
2026-06-10 12:14:43,-101.8257,32.0659,  32.6,23527,-53.9,-81.3,-76.6,  2,  4, 0.02,103,11.2
2026-06-10 12:14:44,-101.8258,32.0659,  32.6,23532,-53.8,-81.3,-76.5,  2,  4, 0.02,103,11.1
2026-06-10 12:14:45,-101.8260,32.0660,  32.6,23538,-53.8,-81.3,-76.5,  2,  4, 0.02,103,11.1
2026-06-10 12:14:46,-101.8261,32.0660,  32.5,23544,-53.7,-81.2,-76.5,  2,  4, 0.02,103,11.0
2026-06-10 12:14:47,-101.8262,32.0660,  32.5,23549,-53.7,-81.2,-76.4,  2,  4, 0.02,103,11.0
2026-06-10 12:14:48,-101.8263,32.0660,  32.5,23555,-53.6,-81.1,-76.4,  2,  4, 0.02,103,11.0
2026-06-10 12:14:49,-101.8264,32.0661,  32.4,23560,-53.6,-81.1,-76.4,  2,  4, 0.02,103,10.9
2026-06-10 12:14:50,-101.8265,32.0661,  32.4,23565,-53.5,-81.1,-76.3,  2,  4, 0.02,104,10.9
2026-06-10 12:14:51,-101.8266,32.0661,  32.4,23571,-53.5,-81.1,-76.3,  2,  4, 0.02,104,10.9
2026-06-10 12:14:52,-101.8267,32.0661,  32.4,23576,-53.5,-81.0,-76.3,  2,  4, 0.02,104,10.8
2026-06-10 12:14:53,-101.8268,32.0662,  32.3,23582,-53.4,-81.0,-76.3,  2,  4, 0.02,104,10.8
2026-06-10 12:14:54,-101.8269,32.0662,  32.3,23587,-53.4,-81.0,-76.2,  2,  4, 0.02,105,10.8
2026-06-10 12:14:55,-101.8270,32.0662,  32.3,23593,-53.3,-81.0,-76.2,  2,  4, 0.02,105,10.7
2026-06-10 12:14:56,-101.8271,32.0663,  32.3,23599,-53.3,-80.9,-76.2,  2,  4, 0.02,105,10.7
2026-06-10 12:14:57,-101.8272,32.0663,  32.2,23604,-53.3,-80.9,-76.2,  2,  4, 0.02,105,10.7
2026-06-10 12:14:58,-101.8273,32.0663,  32.2,23610,-53.2,-80.9,-76.1,  2,  4, 0.02,106,10.7
2026-06-10 12:14:59,-101.8275,32.0663,  32.2,23615,-53.2,-80.9,-76.1,  2,  4, 0.02,106,10.6
2026-06-10 12:15:00,-101.8276,32.0664,  32.1,23621,-53.1,-80.8,-76.1,  2,  4, 0.02,106,10.6
2026-06-10 12:15:01,-101.8277,32.0664,  32.1,23627,-53.1,-80.8,-76.1,  2,  4, 0.02,106,10.6
2026-06-10 12:15:02,-101.8278,32.0664,  32.1,23633,-53.0,-80.8,-76.0,  2,  4, 0.02,107,10.5
2026-06-10 12:15:03,-101.8279,32.0664,  32.1,23638,-53.0,-80.7,-76.0,  2,  4, 0.02,107,10.5
2026-06-10 12:15:04,-101.8280,32.0665,  32.0,23644,-53.0,-80.7,-76.0,  2,  4, 0.02,107,10.5
2026-06-10 12:15:05,-101.8281,32.0665,  32.0,23650,-52.9,-80.7,-75.9,  2,  4, 0.02,108,10.5
2026-06-10 12:15:06,-101.8282,32.0665,  32.0,23655,-52.9,-80.6,-75.9,  2,  4, 0.02,108,10.4
2026-06-10 12:15:07,-101.8283,32.0665,  31.9,23661,-52.8,-80.6,-75.9,  2,  4, 0.02,108,10.4
2026-06-10 12:15:08,-101.8284,32.0666,  31.9,23666,-52.8,-80.6,-75.8,  2,  4, 0.02,108,10.3
2026-06-10 12:15:09,-101.8285,32.0666,  31.9,23672,-52.7,-80.6,-75.8,  2,  4, 0.02,108,10.2
2026-06-10 12:15:10,-101.8286,32.0666,  31.9,23678,-52.7,-80.5,-75.8,  2,  4, 0.02,108,10.2
2026-06-10 12:15:11,-101.8287,32.0666,  31.8,23684,-52.6,-80.5,-75.7,  2,  4, 0.02,108,10.1
2026-06-10 12:15:12,-101.8288,32.0667,  31.8,23690,-52.6,-80.5,-75.7,  2,  4, 0.02,108,10.1
2026-06-10 12:15:13,-101.8289,32.0667,  31.8,23696,-52.6,-80.4,-75.7,  2,  4, 0.02,108,10.0
2026-06-10 12:15:14,-101.8290,32.0667,  31.7,23702,-52.5,-80.4,-75.6,  2,  4, 0.02,108, 9.9
2026-06-10 12:15:15,-101.8290,32.0667,  31.7,23708,-52.5,-80.4,-75.6,  2,  4, 0.02,109, 9.9
2026-06-10 12:15:16,-101.8291,32.0668,  31.7,23714,-52.4,-80.3,-75.6,  2,  4, 0.02,109, 9.8
2026-06-10 12:15:17,-101.8292,32.0668,  31.7,23719,-52.4,-80.3,-75.5,  2,  4, 0.02,109, 9.7
2026-06-10 12:15:18,-101.8293,32.0668,  31.6,23725,-52.3,-80.2,-75.5,  2,  4, 0.02,109, 9.7
2026-06-10 12:15:19,-101.8294,32.0668,  31.6,23731,-52.3,-80.2,-75.4,  2,  4, 0.02,109, 9.6
2026-06-10 12:15:20,-101.8295,32.0669,  31.6,23737,-52.2,-80.1,-75.4,  2,  4, 0.02,109, 9.6
2026-06-10 12:15:21,-101.8296,32.0669,  31.5,23743,-52.2,-80.1,-75.3,  2,  4, 0.02,109, 9.5
2026-06-10 12:15:22,-101.8297,32.0669,  31.5,23748,-52.2,-80.0,-75.3,  2,  4, 0.02,109, 9.4
2026-06-10 12:15:23,-101.8298,32.0669,  31.5,23754,-52.1,-80.0,-75.2,  2,  4, 0.02,109, 9.4
2026-06-10 12:15:24,-101.8299,32.0670,  31.5,23760,-52.1,-80.0,-75.2,  2,  4, 0.02,109, 9.3
2026-06-10 12:15:25,-101.8300,32.0670,  31.4,23765,-52.0,-79.9,-75.2,  2,  4, 0.02,110, 9.2
2026-06-10 12:15:26,-101.8301,32.0670,  31.4,23771,-52.0,-79.9,-75.1,  2,  4, 0.02,110, 9.2
2026-06-10 12:15:27,-101.8302,32.0670,  31.4,23777,-51.9,-79.8,-75.1,  2,  4, 0.02,109, 9.2
2026-06-10 12:15:28,-101.8303,32.0671,  31.3,23783,-51.9,-79.8,-75.0,  2,  4, 0.02,109, 9.2
2026-06-10 12:15:29,-101.8304,32.0671,  31.3,23789,-51.8,-79.7,-75.0,  2,  4, 0.02,109, 9.3
2026-06-10 12:15:30,-101.8305,32.0671,  31.3,23795,-51.8,-79.7,-75.0,  2,  4, 0.02,108, 9.3
2026-06-10 12:15:31,-101.8306,32.0671,  31.3,23801,-51.8,-79.7,-74.9,  2,  4, 0.02,108, 9.3
2026-06-10 12:15:32,-101.8307,32.0672,  31.2,23807,-51.7,-79.6,-74.9,  2,  4, 0.02,108, 9.3
2026-06-10 12:15:33,-101.8308,32.0672,  31.2,23813,-51.7,-79.6,-74.9,  2,  4, 0.02,107, 9.4
2026-06-10 12:15:34,-101.8308,32.0672,  31.2,23819,-51.7,-79.6,-74.8,  2,  4, 0.02,107, 9.4
2026-06-10 12:15:35,-101.8309,32.0672,  31.1,23825,-51.6,-79.5,-74.8,  2,  4, 0.03,107, 9.4
2026-06-10 12:15:36,-101.8310,32.0673,  31.1,23831,-51.6,-79.5,-74.8,  2,  4, 0.03,106, 9.5
2026-06-10 12:15:37,-101.8311,32.0673,  31.1,23837,-51.5,-79.5,-74.7,  2,  4, 0.03,106, 9.5
2026-06-10 12:15:38,-101.8312,32.0673,  31.1,23844,-51.5,-79.4,-74.7,  2,  4, 0.03,106, 9.5
2026-06-10 12:15:39,-101.8313,32.0674,  31.0,23850,-51.5,-79.4,-74.6,  2,  4, 0.03,105, 9.6
2026-06-10 12:15:40,-101.8314,32.0674,  31.0,23856,-51.4,-79.4,-74.6,  2,  4, 0.03,105, 9.6
2026-06-10 12:15:41,-101.8315,32.0674,  31.0,23862,-51.4,-79.3,-74.6,  2,  4, 0.03,105, 9.6
2026-06-10 12:15:42,-101.8316,32.0675,  30.9,23868,-51.4,-79.3,-74.6,  2,  4, 0.03,105, 9.7
2026-06-10 12:15:43,-101.8317,32.0675,  30.9,23875,-51.4,-79.3,-74.6,  2,  4, 0.03,104, 9.7
2026-06-10 12:15:44,-101.8318,32.0675,  30.9,23880,-51.3,-79.3,-74.5,  2,  4, 0.03,104, 9.7
2026-06-10 12:15:45,-101.8318,32.0676,  30.9,23886,-51.3,-79.3,-74.5,  2,  4, 0.03,104, 9.7
2026-06-10 12:15:46,-101.8319,32.0676,  30.8,23891,-51.3,-79.3,-74.5,  2,  4, 0.03,103, 9.8
2026-06-10 12:15:47,-101.8320,32.0676,  30.8,23897,-51.3,-79.3,-74.5,  2,  4, 0.03,104, 9.7
2026-06-10 12:15:48,-101.8321,32.0677,  30.8,23903,-51.3,-79.3,-74.5,  2,  4, 0.03,105, 9.7
2026-06-10 12:15:49,-101.8322,32.0677,  30.7,23908,-51.2,-79.2,-74.5,  2,  4, 0.03,105, 9.6
2026-06-10 12:15:50,-101.8323,32.0677,  30.7,23914,-51.2,-79.2,-74.5,  2,  4, 0.03,106, 9.6
2026-06-10 12:15:51,-101.8324,32.0678,  30.7,23920,-51.2,-79.2,-74.5,  2,  4, 0.03,107, 9.5
2026-06-10 12:15:52,-101.8325,32.0678,  30.7,23926,-51.2,-79.2,-74.5,  2,  4, 0.03,108, 9.5
2026-06-10 12:15:53,-101.8326,32.0678,  30.6,23932,-51.2,-79.2,-74.5,  2,  4, 0.03,108, 9.4
2026-06-10 12:15:54,-101.8326,32.0678,  30.6,23938,-51.1,-79.2,-74.5,  2,  4, 0.03,109, 9.4
2026-06-10 12:15:55,-101.8327,32.0679,  30.6,23944,-51.1,-79.2,-74.5,  2,  4, 0.03,110, 9.3
2026-06-10 12:15:56,-101.8328,32.0679,  30.5,23950,-51.1,-79.2,-74.4,  2,  4, 0.03,111, 9.3
2026-06-10 12:15:57,-101.8329,32.0680,  30.5,23956,-51.1,-79.1,-74.4,  2,  4, 0.03,111, 9.2
2026-06-10 12:15:58,-101.8330,32.0680,  30.5,23962,-51.1,-79.1,-74.4,  2,  4, 0.03,112, 9.2
2026-06-10 12:15:59,-101.8331,32.0680,  30.5,23968,-51.1,-79.1,-74.4,  2,  4, 0.03,113, 9.2
2026-06-10 12:16:00,-101.8332,32.0680,  30.4,23974,-51.1,-79.1,-74.3,  2,  4, 0.03,114, 9.1
2026-06-10 12:16:01,-101.8333,32.0681,  30.4,23980,-51.1,-79.0,-74.3,  2,  4, 0.03,114, 9.1
2026-06-10 12:16:02,-101.8334,32.0681,  30.4,23986,-51.1,-79.0,-74.3,  2,  4, 0.03,115, 9.1
2026-06-10 12:16:03,-101.8335,32.0682,  30.4,23992,-51.1,-79.0,-74.3,  2,  4, 0.03,116, 9.0
2026-06-10 12:16:04,-101.8335,32.0682,  30.3,23998,-51.0,-79.0,-74.2,  2,  4, 0.03,117, 9.0
2026-06-10 12:16:05,-101.8336,32.0682,  30.3,24004,-51.0,-79.0,-74.2,  2,  4, 0.03,118, 9.0
2026-06-10 12:16:06,-101.8337,32.0683,  30.3,24010,-51.0,-78.9,-74.2,  2,  4, 0.03,118, 9.0
2026-06-10 12:16:07,-101.8338,32.0683,  30.2,24016,-51.0,-78.9,-74.2,  2,  4, 0.03,118, 8.9
2026-06-10 12:16:08,-101.8339,32.0683,  30.2,24021,-51.0,-78.9,-74.1,  2,  4, 0.03,118, 8.9
2026-06-10 12:16:09,-101.8340,32.0684,  30.2,24027,-51.0,-78.9,-74.1,  2,  4, 0.03,118, 8.9
2026-06-10 12:16:10,-101.8341,32.0684,  30.2,24033,-51.0,-78.9,-74.1,  2,  4, 0.03,118, 8.9
2026-06-10 12:16:11,-101.8342,32.0684,  30.1,24039,-51.0,-78.8,-74.1,  2,  4, 0.03,118, 8.9
2026-06-10 12:16:12,-101.8342,32.0685,  30.1,24045,-51.0,-78.8,-74.1,  2,  4, 0.03,118, 8.9
2026-06-10 12:16:13,-101.8343,32.0685,  30.1,24051,-51.0,-78.8,-74.1,  2,  4, 0.03,118, 8.9
2026-06-10 12:16:14,-101.8344,32.0685,  30.1,24057,-51.0,-78.8,-74.1,  2,  4, 0.03,118, 8.9
2026-06-10 12:16:15,-101.8345,32.0686,  30.0,24063,-51.0,-78.8,-74.1,  2,  4, 0.03,118, 8.9
2026-06-10 12:16:16,-101.8346,32.0686,  30.0,24068,-51.0,-78.8,-74.0,  2,  4, 0.03,118, 8.9
2026-06-10 12:16:17,-101.8347,32.0686,  30.0,24075,-51.0,-78.8,-74.0,  2,  4, 0.03,118, 8.8
2026-06-10 12:16:18,-101.8348,32.0687,  29.9,24081,-51.0,-78.8,-74.0,  2,  4, 0.03,118, 8.8
2026-06-10 12:16:19,-101.8348,32.0687,  29.9,24087,-51.0,-78.7,-74.0,  2,  4, 0.03,117, 8.8
2026-06-10 12:16:20,-101.8349,32.0687,  29.9,24093,-51.0,-78.7,-74.0,  2,  4, 0.03,117, 8.8
2026-06-10 12:16:21,-101.8350,32.0688,  29.9,24099,-51.0,-78.7,-74.0,  2,  4, 0.03,117, 8.8
2026-06-10 12:16:22,-101.8351,32.0688,  29.8,24106,-51.0,-78.7,-74.0,  2,  4, 0.03,117, 8.8
2026-06-10 12:16:23,-101.8352,32.0688,  29.8,24112,-51.0,-78.7,-74.0,  2,  4, 0.03,117, 8.8
2026-06-10 12:16:24,-101.8353,32.0689,  29.8,24118,-51.1,-78.7,-74.0,  3,  4, 0.03,117, 8.8
2026-06-10 12:16:25,-101.8354,32.0689,  29.7,24124,-51.1,-78.7,-74.0,  3,  4, 0.03,117, 8.8
2026-06-10 12:16:26,-101.8354,32.0689,  29.7,24130,-51.1,-78.7,-74.0,  3,  4, 0.03,117, 8.8
2026-06-10 12:16:27,-101.8355,32.0690,  29.7,24137,-51.1,-78.7,-74.0,  3,  4, 0.03,117, 8.8
2026-06-10 12:16:28,-101.8356,32.0690,  29.7,24143,-51.1,-78.7,-74.0,  3,  4, 0.03,116, 8.8
2026-06-10 12:16:29,-101.8357,32.0690,  29.6,24149,-51.1,-78.8,-74.0,  3,  4, 0.03,116, 8.9
2026-06-10 12:16:30,-101.8358,32.0691,  29.6,24155,-51.1,-78.8,-74.0,  3,  4, 0.03,116, 8.9
2026-06-10 12:16:31,-101.8359,32.0691,  29.6,24161,-51.1,-78.8,-74.0,  3,  4, 0.03,116, 8.9
2026-06-10 12:16:32,-101.8360,32.0691,  29.5,24167,-51.2,-78.8,-74.0,  3,  4, 0.03,116, 9.0
2026-06-10 12:16:33,-101.8361,32.0692,  29.5,24173,-51.2,-78.8,-74.0,  3,  4, 0.03,115, 9.0
2026-06-10 12:16:34,-101.8361,32.0692,  29.5,24179,-51.2,-78.8,-74.0,  3,  4, 0.03,115, 9.0
2026-06-10 12:16:35,-101.8362,32.0692,  29.5,24185,-51.2,-78.8,-74.0,  3,  4, 0.03,115, 9.1
2026-06-10 12:16:36,-101.8363,32.0693,  29.4,24191,-51.2,-78.8,-74.0,  3,  4, 0.03,115, 9.1
2026-06-10 12:16:37,-101.8364,32.0693,  29.4,24198,-51.2,-78.8,-74.1,  3,  4, 0.03,115, 9.1
2026-06-10 12:16:38,-101.8365,32.0694,  29.4,24204,-51.3,-78.8,-74.1,  3,  4, 0.03,115, 9.2
2026-06-10 12:16:39,-101.8366,32.0694,  29.3,24210,-51.3,-78.8,-74.1,  3,  4, 0.03,114, 9.2
2026-06-10 12:16:40,-101.8367,32.0694,  29.3,24217,-51.3,-78.8,-74.1,  3,  4, 0.03,114, 9.2
2026-06-10 12:16:41,-101.8368,32.0695,  29.3,24223,-51.3,-78.8,-74.1,  3,  4, 0.03,114, 9.3
2026-06-10 12:16:42,-101.8369,32.0695,  29.3,24229,-51.3,-78.8,-74.1,  3,  4, 0.03,114, 9.3
2026-06-10 12:16:43,-101.8370,32.0695,  29.2,24236,-51.4,-78.9,-74.1,  3,  4, 0.03,114, 9.3
2026-06-10 12:16:44,-101.8370,32.0696,  29.2,24242,-51.4,-78.9,-74.1,  3,  4, 0.03,113, 9.4
2026-06-10 12:16:45,-101.8371,32.0696,  29.2,24249,-51.4,-78.9,-74.1,  3,  4, 0.03,113, 9.4
2026-06-10 12:16:46,-101.8372,32.0697,  29.1,24255,-51.4,-78.9,-74.1,  3,  4, 0.03,113, 9.5
2026-06-10 12:16:47,-101.8373,32.0697,  29.1,24262,-51.5,-78.9,-74.1,  3,  4, 0.03,113, 9.5
2026-06-10 12:16:48,-101.8374,32.0698,  29.1,24268,-51.5,-78.9,-74.2,  3,  4, 0.03,114, 9.5
2026-06-10 12:16:49,-101.8375,32.0698,  29.1,24275,-51.5,-78.9,-74.2,  3,  4, 0.03,114, 9.5
2026-06-10 12:16:50,-101.8376,32.0698,  29.0,24282,-51.5,-78.9,-74.2,  3,  4, 0.03,114, 9.5
2026-06-10 12:16:51,-101.8377,32.0699,  29.0,24288,-51.5,-78.9,-74.2,  3,  4, 0.03,115, 9.6
2026-06-10 12:16:52,-101.8378,32.0699,  29.0,24295,-51.6,-78.9,-74.2,  3,  4, 0.03,115, 9.6
2026-06-10 12:16:53,-101.8379,32.0700,  28.9,24302,-51.6,-78.9,-74.2,  3,  4, 0.03,115, 9.6
2026-06-10 12:16:54,-101.8380,32.0700,  28.9,24308,-51.6,-79.0,-74.2,  3,  4, 0.03,116, 9.6
2026-06-10 12:16:55,-101.8381,32.0700,  28.9,24315,-51.6,-79.0,-74.2,  3,  4, 0.03,116, 9.7
2026-06-10 12:16:56,-101.8381,32.0701,  28.9,24321,-51.6,-79.0,-74.2,  3,  4, 0.03,116, 9.7
2026-06-10 12:16:57,-101.8382,32.0701,  28.8,24328,-51.7,-79.0,-74.2,  3,  4, 0.03,117, 9.7
2026-06-10 12:16:58,-101.8383,32.0702,  28.8,24334,-51.7,-79.0,-74.3,  3,  4, 0.03,117, 9.8
2026-06-10 12:16:59,-101.8384,32.0702,  28.8,24341,-51.7,-79.0,-74.3,  3,  4, 0.03,117, 9.8
2026-06-10 12:17:00,-101.8385,32.0702,  28.7,24347,-51.7,-79.0,-74.3,  3,  4, 0.03,118, 9.8
2026-06-10 12:17:01,-101.8386,32.0703,  28.7,24354,-51.7,-79.0,-74.3,  3,  4, 0.03,118, 9.8
2026-06-10 12:17:02,-101.8387,32.0703,  28.7,24360,-51.8,-79.0,-74.3,  3,  4, 0.03,118, 9.9
2026-06-10 12:17:03,-101.8388,32.0704,  28.6,24367,-51.8,-79.0,-74.3,  3,  4, 0.03,118, 9.9
2026-06-10 12:17:04,-101.8389,32.0704,  28.6,24373,-51.8,-79.1,-74.3,  3,  4, 0.03,119, 9.9
2026-06-10 12:17:05,-101.8390,32.0705,  28.6,24380,-51.8,-79.1,-74.3,  3,  4, 0.03,119, 9.9
2026-06-10 12:17:06,-101.8391,32.0705,  28.6,24387,-51.8,-79.1,-74.3,  3,  4, 0.03,119,10.0
2026-06-10 12:17:07,-101.8392,32.0705,  28.5,24394,-51.9,-79.1,-74.3,  3,  4, 0.03,119,10.0
2026-06-10 12:17:08,-101.8393,32.0706,  28.5,24400,-51.9,-79.1,-74.4,  3,  4, 0.03,118,10.0
2026-06-10 12:17:09,-101.8394,32.0706,  28.5,24407,-51.9,-79.1,-74.4,  3,  4, 0.03,118,10.0
2026-06-10 12:17:10,-101.8395,32.0706,  28.4,24413,-51.9,-79.1,-74.4,  3,  4, 0.03,118,10.0
2026-06-10 12:17:11,-101.8396,32.0707,  28.4,24420,-51.9,-79.1,-74.4,  3,  4, 0.03,117,10.0
2026-06-10 12:17:12,-101.8397,32.0707,  28.4,24426,-51.9,-79.1,-74.4,  3,  4, 0.03,117,10.0
2026-06-10 12:17:13,-101.8398,32.0707,  28.4,24433,-52.0,-79.1,-74.4,  3,  4, 0.03,116,10.0
2026-06-10 12:17:14,-101.8399,32.0707,  28.3,24439,-52.0,-79.1,-74.4,  3,  4, 0.03,116,10.1
2026-06-10 12:17:15,-101.8400,32.0708,  28.3,24446,-52.0,-79.2,-74.4,  3,  4, 0.03,115,10.1
2026-06-10 12:17:16,-101.8401,32.0708,  28.3,24452,-52.0,-79.2,-74.4,  3,  4, 0.03,115,10.1
2026-06-10 12:17:17,-101.8402,32.0708,  28.2,24459,-52.0,-79.2,-74.4,  3,  4, 0.03,115,10.1
2026-06-10 12:17:18,-101.8403,32.0709,  28.2,24466,-52.1,-79.2,-74.4,  3,  4, 0.03,114,10.1
2026-06-10 12:17:19,-101.8404,32.0709,  28.2,24472,-52.1,-79.2,-74.4,  3,  4, 0.03,114,10.1
2026-06-10 12:17:20,-101.8405,32.0709,  28.2,24479,-52.1,-79.2,-74.5,  3,  4, 0.03,113,10.1
2026-06-10 12:17:21,-101.8406,32.0709,  28.1,24485,-52.1,-79.2,-74.5,  3,  4, 0.03,113,10.2
2026-06-10 12:17:22,-101.8407,32.0710,  28.1,24492,-52.1,-79.2,-74.5,  3,  4, 0.03,113,10.2
2026-06-10 12:17:23,-101.8408,32.0710,  28.1,24498,-52.1,-79.2,-74.5,  3,  4, 0.03,112,10.2
2026-06-10 12:17:24,-101.8409,32.0710,  28.0,24505,-52.2,-79.2,-74.5,  3,  4, 0.03,112,10.2
2026-06-10 12:17:25,-101.8410,32.0711,  28.0,24511,-52.2,-79.2,-74.5,  3,  4, 0.03,111,10.2
2026-06-10 12:17:26,-101.8410,32.0711,  28.0,24518,-52.2,-79.2,-74.5,  3,  4, 0.03,111,10.2
2026-06-10 12:17:27,-101.8411,32.0711,  28.0,24524,-52.2,-79.2,-74.5,  3,  4, 0.03,111,10.2
2026-06-10 12:17:28,-101.8412,32.0711,  27.9,24530,-52.2,-79.3,-74.5,  3,  4, 0.03,110,10.1
2026-06-10 12:17:29,-101.8413,32.0712,  27.9,24536,-52.2,-79.3,-74.5,  3,  4, 0.03,110,10.1
2026-06-10 12:17:30,-101.8414,32.0712,  27.9,24542,-52.3,-79.3,-74.5,  3,  4, 0.03,110,10.0
2026-06-10 12:17:31,-101.8415,32.0712,  27.9,24548,-52.3,-79.3,-74.5,  3,  4, 0.03,109,10.0
2026-06-10 12:17:32,-101.8416,32.0713,  27.8,24555,-52.3,-79.3,-74.5,  3,  4, 0.03,109, 9.9
2026-06-10 12:17:33,-101.8417,32.0713,  27.8,24561,-52.3,-79.3,-74.5,  3,  4, 0.03,109, 9.8
2026-06-10 12:17:34,-101.8418,32.0713,  27.8,24567,-52.3,-79.3,-74.6,  3,  4, 0.03,108, 9.8
2026-06-10 12:17:35,-101.8419,32.0714,  27.8,24573,-52.3,-79.3,-74.6,  3,  4, 0.03,108, 9.7
2026-06-10 12:17:36,-101.8420,32.0714,  27.7,24579,-52.3,-79.3,-74.6,  3,  4, 0.03,108, 9.7
2026-06-10 12:17:37,-101.8421,32.0714,  27.7,24586,-52.4,-79.3,-74.6,  3,  4, 0.03,107, 9.6
2026-06-10 12:17:38,-101.8422,32.0714,  27.7,24592,-52.4,-79.3,-74.6,  3,  4, 0.03,107, 9.6
2026-06-10 12:17:39,-101.8423,32.0714,  27.6,24599,-52.4,-79.3,-74.6,  3,  4, 0.03,107, 9.5
2026-06-10 12:17:40,-101.8424,32.0714,  27.6,24605,-52.4,-79.3,-74.6,  3,  4, 0.03,106, 9.5
2026-06-10 12:17:41,-101.8425,32.0714,  27.6,24611,-52.4,-79.3,-74.6,  3,  4, 0.03,106, 9.4
2026-06-10 12:17:42,-101.8426,32.0714,  27.6,24618,-52.4,-79.3,-74.6,  3,  4, 0.03,106, 9.3
2026-06-10 12:17:43,-101.8427,32.0714,  27.5,24624,-52.4,-79.3,-74.6,  3,  4, 0.03,105, 9.3
2026-06-10 12:17:44,-101.8428,32.0714,  27.5,24631,-52.5,-79.4,-74.6,  3,  4, 0.03,105, 9.2
2026-06-10 12:17:45,-101.8429,32.0714,  27.5,24638,-52.5,-79.4,-74.6,  3,  4, 0.03,105, 9.2
2026-06-10 12:17:46,-101.8430,32.0714,  27.4,24644,-52.5,-79.4,-74.6,  3,  4, 0.03,104, 9.1
2026-06-10 12:17:47,-101.8430,32.0714,  27.4,24651,-52.5,-79.4,-74.7,  3,  4, 0.03,104, 9.1
2026-06-10 12:17:48,-101.8431,32.0714,  27.4,24658,-52.5,-79.4,-74.7,  3,  4, 0.03,103, 9.0
2026-06-10 12:17:49,-101.8432,32.0714,  27.4,24664,-52.5,-79.4,-74.7,  3,  4, 0.03,102, 9.0
2026-06-10 12:17:50,-101.8433,32.0714,  27.3,24670,-52.5,-79.4,-74.7,  3,  4, 0.03,101, 8.9
2026-06-10 12:17:51,-101.8434,32.0714,  27.3,24676,-52.5,-79.5,-74.7,  3,  4, 0.03,101, 8.8
2026-06-10 12:17:52,-101.8435,32.0714,  27.3,24683,-52.5,-79.5,-74.7,  3,  4, 0.03,100, 8.8
2026-06-10 12:17:53,-101.8436,32.0714,  27.3,24689,-52.5,-79.5,-74.7,  3,  4, 0.03, 99, 8.7
2026-06-10 12:17:54,-101.8437,32.0714,  27.2,24695,-52.5,-79.5,-74.8,  3,  4, 0.03, 98, 8.7
2026-06-10 12:17:55,-101.8438,32.0714,  27.2,24705,-52.5,-79.5,-74.8,  3,  4, 0.03, 97, 8.6
2026-06-10 12:17:56,-101.8439,32.0714,  27.2,24709,-52.5,-79.5,-74.8,  3,  4, 0.03, 97, 8.6
2026-06-10 12:17:57,-101.8439,32.0714,  27.1,24715,-52.5,-79.5,-74.8,  3,  4, 0.03, 96, 8.6
2026-06-10 12:17:58,-101.8440,32.0714,  27.1,24722,-52.5,-79.5,-74.8,  3,  4, 0.03, 95, 8.5
2026-06-10 12:17:59,-101.8441,32.0714,  27.1,24729,-52.5,-79.5,-74.8,  3,  4, 0.03, 94, 8.5
2026-06-10 12:18:00,-101.8442,32.0714,  27.1,24735,-52.5,-79.5,-74.7,  3,  4, 0.03, 93, 8.4
2026-06-10 12:18:01,-101.8443,32.0714,  27.0,24742,-52.5,-79.5,-74.7,  3,  4, 0.03, 93, 8.4
2026-06-10 12:18:02,-101.8444,32.0714,  27.0,24749,-52.5,-79.5,-74.7,  3,  4, 0.03, 92, 8.4
2026-06-10 12:18:03,-101.8445,32.0714,  27.0,24755,-52.5,-79.5,-74.7,  3,  4, 0.03, 91, 8.3
2026-06-10 12:18:04,-101.8446,32.0714,  27.0,24762,-52.5,-79.4,-74.7,  3,  4, 0.03, 90, 8.3
2026-06-10 12:18:05,-101.8447,32.0714,  26.9,24768,-52.5,-79.4,-74.7,  3,  4, 0.03, 89, 8.3
2026-06-10 12:18:06,-101.8448,32.0714,  26.9,24774,-52.5,-79.4,-74.7,  3,  4, 0.03, 88, 8.2
2026-06-10 12:18:07,-101.8448,32.0714,  26.9,24780,-52.5,-79.4,-74.7,  3,  4, 0.03, 88, 8.3
2026-06-10 12:18:08,-101.8449,32.0714,  26.9,24786,-52.5,-79.4,-74.7,  3,  4, 0.03, 87, 8.4
2026-06-10 12:18:09,-101.8450,32.0714,  26.8,24792,-52.5,-79.4,-74.7,  3,  4, 0.03, 87, 8.5
2026-06-10 12:18:10,-101.8451,32.0714,  26.8,24798,-52.5,-79.4,-74.7,  3,  4, 0.03, 86, 8.6
2026-06-10 12:18:11,-101.8452,32.0714,  26.8,24804,-52.5,-79.4,-74.7,  3,  4, 0.03, 86, 8.7
2026-06-10 12:18:12,-101.8453,32.0714,  26.7,24811,-52.5,-79.4,-74.7,  3,  4, 0.03, 85, 8.8
2026-06-10 12:18:13,-101.8455,32.0714,  26.7,24817,-52.5,-79.4,-74.7,  3,  4, 0.03, 85, 8.9
2026-06-10 12:18:14,-101.8456,32.0714,  26.7,24823,-52.5,-79.4,-74.7,  3,  4, 0.03, 84, 9.0
2026-06-10 12:18:15,-101.8457,32.0714,  26.7,24829,-52.5,-79.4,-74.7,  3,  4, 0.03, 84, 9.1
2026-06-10 12:18:16,-101.8458,32.0714,  26.6,24836,-52.5,-79.4,-74.6,  3,  4, 0.03, 83, 9.2
2026-06-10 12:18:17,-101.8459,32.0713,  26.6,24842,-52.5,-79.4,-74.6,  3,  4, 0.03, 83, 9.4
2026-06-10 12:18:18,-101.8460,32.0713,  26.6,24848,-52.5,-79.4,-74.6,  3,  4, 0.03, 82, 9.5
2026-06-10 12:18:19,-101.8461,32.0713,  26.6,24855,-52.5,-79.4,-74.6,  3,  4, 0.03, 82, 9.6
2026-06-10 12:18:20,-101.8462,32.0713,  26.5,24861,-52.5,-79.4,-74.6,  3,  4, 0.03, 81, 9.7
2026-06-10 12:18:21,-101.8463,32.0713,  26.5,24867,-52.5,-79.4,-74.6,  3,  4, 0.03, 81, 9.8
2026-06-10 12:18:22,-101.8464,32.0713,  26.5,24873,-52.5,-79.4,-74.6,  3,  4, 0.03, 81, 9.9
2026-06-10 12:18:23,-101.8465,32.0713,  26.5,24880,-52.5,-79.4,-74.6,  3,  4, 0.03, 80,10.0
2026-06-10 12:18:24,-101.8466,32.0713,  26.4,24886,-52.5,-79.4,-74.6,  3,  4, 0.03, 80,10.1
2026-06-10 12:18:25,-101.8467,32.0713,  26.4,24893,-52.5,-79.4,-74.6,  3,  4, 0.03, 79,10.2
2026-06-10 12:18:26,-101.8468,32.0712,  26.4,24899,-52.5,-79.4,-74.6,  3,  4, 0.03, 79,10.3
2026-06-10 12:18:27,-101.8469,32.0712,  26.4,24905,-52.5,-79.4,-74.6,  3,  4, 0.03, 80,10.3
2026-06-10 12:18:28,-101.8471,32.0712,  26.3,24912,-52.5,-79.4,-74.6,  3,  4, 0.03, 80,10.2
2026-06-10 12:18:29,-101.8472,32.0712,  26.3,24918,-52.5,-79.4,-74.6,  3,  4, 0.03, 80,10.2
2026-06-10 12:18:30,-101.8473,32.0712,  26.3,24924,-52.5,-79.4,-74.6,  3,  4, 0.03, 81,10.2
2026-06-10 12:18:31,-101.8474,32.0712,  26.3,24930,-52.5,-79.4,-74.6,  3,  4, 0.03, 81,10.1
2026-06-10 12:18:32,-101.8475,32.0712,  26.2,24937,-52.5,-79.4,-74.6,  3,  4, 0.03, 82,10.1
2026-06-10 12:18:33,-101.8476,32.0712,  26.2,24943,-52.5,-79.4,-74.6,  3,  5, 0.03, 82,10.1
2026-06-10 12:18:34,-101.8477,32.0712,  26.2,24949,-52.5,-79.3,-74.6,  3,  5, 0.03, 83,10.0
2026-06-10 12:18:35,-101.8478,32.0712,  26.2,24955,-52.5,-79.3,-74.6,  3,  5, 0.03, 83,10.0
2026-06-10 12:18:36,-101.8479,32.0711,  26.1,24962,-52.6,-79.3,-74.6,  3,  5, 0.03, 84,10.0
2026-06-10 12:18:37,-101.8480,32.0711,  26.1,24968,-52.6,-79.3,-74.6,  3,  5, 0.03, 84,10.0
2026-06-10 12:18:38,-101.8481,32.0711,  26.1,24974,-52.6,-79.3,-74.6,  3,  5, 0.03, 85, 9.9
2026-06-10 12:18:39,-101.8482,32.0711,  26.1,24981,-52.6,-79.3,-74.6,  3,  5, 0.03, 85, 9.9
2026-06-10 12:18:40,-101.8483,32.0711,  26.0,24987,-52.6,-79.3,-74.6,  3,  5, 0.03, 86, 9.9
2026-06-10 12:18:41,-101.8484,32.0711,  26.0,24994,-52.6,-79.3,-74.6,  3,  5, 0.03, 86, 9.8
2026-06-10 12:18:42,-101.8485,32.0711,  26.0,25001,-52.6,-79.3,-74.6,  3,  5, 0.03, 87, 9.8
2026-06-10 12:18:43,-101.8485,32.0711,  25.9,25007,-52.6,-79.3,-74.6,  3,  5, 0.03, 87, 9.8
2026-06-10 12:18:44,-101.8486,32.0712,  25.9,25013,-52.6,-79.3,-74.6,  3,  5, 0.03, 88, 9.8
2026-06-10 12:18:45,-101.8487,32.0712,  25.9,25020,-52.6,-79.3,-74.6,  3,  5, 0.03, 88, 9.7
2026-06-10 12:18:46,-101.8488,32.0712,  25.9,25026,-52.6,-79.3,-74.6,  3,  5, 0.03, 89, 9.7
2026-06-10 12:18:47,-101.8488,32.0712,  25.8,25032,-52.6,-79.3,-74.6,  3,  5, 0.03, 89, 9.6
2026-06-10 12:18:48,-101.8489,32.0712,  25.8,25039,-52.6,-79.3,-74.6,  3,  5, 0.03, 90, 9.5
2026-06-10 12:18:49,-101.8490,32.0712,  25.8,25045,-52.6,-79.3,-74.6,  3,  5, 0.03, 90, 9.3
2026-06-10 12:18:50,-101.8491,32.0712,  25.8,25051,-52.6,-79.3,-74.6,  3,  5, 0.03, 91, 9.2
2026-06-10 12:18:51,-101.8492,32.0712,  25.7,25057,-52.6,-79.3,-74.6,  3,  5, 0.03, 91, 9.1
2026-06-10 12:18:52,-101.8492,32.0712,  25.7,25064,-52.6,-79.3,-74.6,  3,  5, 0.03, 91, 9.0
2026-06-10 12:18:53,-101.8493,32.0712,  25.7,25070,-52.6,-79.3,-74.6,  3,  5, 0.03, 92, 8.8
2026-06-10 12:18:54,-101.8494,32.0712,  25.7,25076,-52.6,-79.3,-74.6,  3,  5, 0.03, 92, 8.7
2026-06-10 12:18:55,-101.8495,32.0712,  25.6,25082,-52.6,-79.3,-74.6,  3,  5, 0.03, 93, 8.6
2026-06-10 12:18:56,-101.8496,32.0713,  25.6,25088,-52.6,-79.4,-74.6,  3,  5, 0.03, 93, 8.5
2026-06-10 12:18:57,-101.8496,32.0713,  25.6,25094,-52.6,-79.4,-74.6,  3,  5, 0.03, 94, 8.4
2026-06-10 12:18:58,-101.8497,32.0713,  25.6,25100,-52.6,-79.4,-74.6,  3,  5, 0.03, 95, 8.2
2026-06-10 12:18:59,-101.8498,32.0713,  25.6,25106,-52.6,-79.4,-74.6,  3,  5, 0.03, 95, 8.1
2026-06-10 12:19:00,-101.8499,32.0713,  25.5,25112,-52.6,-79.4,-74.6,  3,  5, 0.03, 96, 8.0
2026-06-10 12:19:01,-101.8500,32.0713,  25.5,25118,-52.6,-79.4,-74.6,  3,  5, 0.03, 96, 7.9
2026-06-10 12:19:02,-101.8500,32.0713,  25.5,25123,-52.6,-79.4,-74.6,  3,  5, 0.03, 97, 7.8
2026-06-10 12:19:03,-101.8501,32.0713,  25.5,25129,-52.6,-79.4,-74.6,  3,  5, 0.03, 98, 7.6
2026-06-10 12:19:04,-101.8502,32.0713,  25.4,25134,-52.6,-79.4,-74.6,  3,  5, 0.03, 98, 7.5
2026-06-10 12:19:05,-101.8503,32.0713,  25.4,25140,-52.6,-79.4,-74.6,  3,  5, 0.03, 99, 7.4
2026-06-10 12:19:06,-101.8504,32.0714,  25.4,25145,-52.6,-79.4,-74.6,  3,  5, 0.03,100, 7.3
2026-06-10 12:19:07,-101.8504,32.0714,  25.4,25151,-52.6,-79.4,-74.6,  3,  5, 0.03,100, 7.2
2026-06-10 12:19:08,-101.8505,32.0714,  25.4,25157,-52.7,-79.3,-74.6,  3,  5, 0.03, 99, 7.2
2026-06-10 12:19:09,-101.8506,32.0714,  25.3,25163,-52.7,-79.3,-74.6,  3,  5, 0.03, 99, 7.1
2026-06-10 12:19:10,-101.8506,32.0714,  25.3,25169,-52.7,-79.3,-74.6,  3,  5, 0.03, 99, 7.1
2026-06-10 12:19:11,-101.8507,32.0714,  25.3,25175,-52.7,-79.3,-74.6,  3,  5, 0.03, 99, 7.0
2026-06-10 12:19:12,-101.8508,32.0714,  25.3,25181,-52.7,-79.3,-74.6,  3,  5, 0.03, 98, 6.9
2026-06-10 12:19:13,-101.8508,32.0714,  25.2,25187,-52.7,-79.3,-74.6,  3,  5, 0.03, 98, 6.9
2026-06-10 12:19:14,-101.8509,32.0714,  25.2,25194,-52.7,-79.3,-74.6,  3,  5, 0.03, 98, 6.8
2026-06-10 12:19:15,-101.8509,32.0714,  25.2,25200,-52.7,-79.3,-74.6,  3,  5, 0.03, 98, 6.7
2026-06-10 12:19:16,-101.8510,32.0714,  25.2,25206,-52.7,-79.3,-74.6,  3,  5, 0.03, 98, 6.7
2026-06-10 12:19:17,-101.8511,32.0714,  25.1,25213,-52.7,-79.3,-74.6,  3,  5, 0.03, 97, 6.6
2026-06-10 12:19:18,-101.8511,32.0714,  25.1,25219,-52.8,-79.3,-74.6,  3,  5, 0.03, 97, 6.5
2026-06-10 12:19:19,-101.8512,32.0714,  25.1,25226,-52.8,-79.3,-74.6,  3,  5, 0.03, 97, 6.5
2026-06-10 12:19:20,-101.8513,32.0714,  25.1,25232,-52.8,-79.3,-74.6,  3,  5, 0.03, 97, 6.4
2026-06-10 12:19:21,-101.8513,32.0714,  25.0,25239,-52.8,-79.3,-74.6,  3,  5, 0.03, 96, 6.4
2026-06-10 12:19:22,-101.8514,32.0714,  25.0,25245,-52.8,-79.3,-74.6,  3,  5, 0.03, 96, 6.3
2026-06-10 12:19:23,-101.8514,32.0714,  25.0,25252,-52.8,-79.3,-74.6,  3,  5, 0.03, 96, 6.2
2026-06-10 12:19:24,-101.8515,32.0714,  25.0,25258,-52.9,-79.3,-74.6,  3,  5, 0.03, 95, 6.2
2026-06-10 12:19:25,-101.8516,32.0714,  24.9,25264,-52.9,-79.3,-74.6,  3,  5, 0.03, 95, 6.1
2026-06-10 12:19:26,-101.8516,32.0714,  24.9,25271,-52.9,-79.3,-74.6,  3,  5, 0.03, 95, 6.0
2026-06-10 12:19:27,-101.8517,32.0714,  24.9,25277,-52.9,-79.3,-74.6,  3,  5, 0.03, 95, 6.0
2026-06-10 12:19:28,-101.8517,32.0714,  24.9,25283,-52.9,-79.3,-74.6,  3,  5, 0.03, 94, 6.0
2026-06-10 12:19:29,-101.8518,32.0714,  24.8,25290,-52.9,-79.3,-74.6,  3,  5, 0.03, 94, 5.9
2026-06-10 12:19:30,-101.8519,32.0714,  24.8,25297,-53.0,-79.3,-74.6,  3,  5, 0.03, 94, 5.9
2026-06-10 12:19:31,-101.8519,32.0714,  24.8,25303,-53.0,-79.3,-74.6,  3,  5, 0.03, 93, 5.8
2026-06-10 12:19:32,-101.8520,32.0714,  24.8,25310,-53.0,-79.3,-74.6,  3,  5, 0.03, 93, 5.8
2026-06-10 12:19:33,-101.8520,32.0714,  24.7,25317,-53.0,-79.4,-74.6,  3,  5, 0.03, 93, 5.7
2026-06-10 12:19:34,-101.8521,32.0714,  24.7,25324,-53.0,-79.4,-74.6,  3,  5, 0.03, 92, 5.7
2026-06-10 12:19:35,-101.8522,32.0714,  24.7,25331,-53.1,-79.4,-74.6,  3,  5, 0.03, 92, 5.7
2026-06-10 12:19:36,-101.8522,32.0714,  24.7,25337,-53.1,-79.4,-74.7,  3,  5, 0.03, 92, 5.6
2026-06-10 12:19:37,-101.8523,32.0714,  24.6,25343,-53.1,-79.4,-74.7,  3,  5, 0.03, 91, 5.6
2026-06-10 12:19:38,-101.8523,32.0714,  24.6,25349,-53.1,-79.4,-74.7,  3,  5, 0.03, 91, 5.5
2026-06-10 12:19:39,-101.8524,32.0714,  24.6,25355,-53.1,-79.5,-74.7,  3,  5, 0.03, 90, 5.5
2026-06-10 12:19:40,-101.8524,32.0714,  24.6,25361,-53.1,-79.5,-74.7,  3,  5, 0.03, 90, 5.4
2026-06-10 12:19:41,-101.8525,32.0714,  24.5,25367,-53.2,-79.5,-74.8,  3,  5, 0.03, 90, 5.4
2026-06-10 12:19:42,-101.8525,32.0714,  24.5,25373,-53.2,-79.5,-74.8,  3,  5, 0.03, 89, 5.4
2026-06-10 12:19:43,-101.8526,32.0714,  24.5,25380,-53.2,-79.5,-74.8,  3,  5, 0.03, 89, 5.3
2026-06-10 12:19:44,-101.8526,32.0714,  24.5,25386,-53.2,-79.5,-74.8,  3,  5, 0.03, 89, 5.3
2026-06-10 12:19:45,-101.8527,32.0714,  24.4,25393,-53.2,-79.6,-74.8,  3,  5, 0.03, 88, 5.2
2026-06-10 12:19:46,-101.8527,32.0714,  24.4,25399,-53.2,-79.6,-74.8,  3,  5, 0.03, 88, 5.2
2026-06-10 12:19:47,-101.8527,32.0714,  24.4,25406,-53.3,-79.6,-74.8,  3,  5, 0.03, 88, 5.1
2026-06-10 12:19:48,-101.8528,32.0714,  24.4,25412,-53.3,-79.6,-74.8,  3,  5, 0.03, 87, 5.1
2026-06-10 12:19:49,-101.8528,32.0714,  24.3,25418,-53.3,-79.6,-74.8,  3,  5, 0.03, 87, 5.0
2026-06-10 12:19:50,-101.8529,32.0714,  24.3,25425,-53.3,-79.6,-74.8,  3,  5, 0.03, 87, 4.9
2026-06-10 12:19:51,-101.8529,32.0713,  24.3,25431,-53.3,-79.6,-74.9,  3,  5, 0.03, 87, 4.9
2026-06-10 12:19:52,-101.8529,32.0713,  24.3,25437,-53.3,-79.6,-74.9,  3,  5, 0.03, 86, 4.8
2026-06-10 12:19:53,-101.8530,32.0713,  24.3,25443,-53.3,-79.6,-74.9,  3,  5, 0.03, 86, 4.7
2026-06-10 12:19:54,-101.8530,32.0713,  24.2,25450,-53.4,-79.6,-74.9,  3,  5, 0.03, 86, 4.7
2026-06-10 12:19:55,-101.8531,32.0713,  24.2,25456,-53.4,-79.6,-74.9,  3,  5, 0.03, 85, 4.6
2026-06-10 12:19:56,-101.8531,32.0713,  24.2,25463,-53.4,-79.6,-74.9,  3,  5, 0.03, 85, 4.5
2026-06-10 12:19:57,-101.8531,32.0713,  24.2,25469,-53.4,-79.6,-74.9,  3,  5, 0.03, 85, 4.5
2026-06-10 12:19:58,-101.8532,32.0713,  24.1,25476,-53.4,-79.6,-74.9,  3,  5, 0.03, 84, 4.4
2026-06-10 12:19:59,-101.8532,32.0713,  24.1,25483,-53.4,-79.6,-74.9,  3,  5, 0.03, 84, 4.3
2026-06-10 12:20:00,-101.8533,32.0713,  24.1,25490,-53.4,-79.6,-74.9,  3,  5, 0.03, 84, 4.2
2026-06-10 12:20:01,-101.8533,32.0713,  24.1,25497,-53.4,-79.6,-74.9,  3,  5, 0.03, 83, 4.2
2026-06-10 12:20:02,-101.8534,32.0713,  24.0,25504,-53.4,-79.6,-74.9,  3,  5, 0.03, 83, 4.1
2026-06-10 12:20:03,-101.8534,32.0713,  24.0,25511,-53.5,-79.6,-74.9,  3,  5, 0.03, 83, 4.0
2026-06-10 12:20:04,-101.8534,32.0712,  24.0,25518,-53.5,-79.6,-74.9,  3,  5, 0.03, 82, 4.0
2026-06-10 12:20:05,-101.8535,32.0712,  23.9,25524,-53.5,-79.6,-74.9,  3,  5, 0.03, 82, 3.9
2026-06-10 12:20:06,-101.8535,32.0712,  23.9,25530,-53.5,-79.7,-74.9,  3,  5, 0.03, 82, 3.8
2026-06-10 12:20:07,-101.8536,32.0712,  23.9,25536,-53.5,-79.7,-74.9,  3,  5, 0.03, 81, 3.8
2026-06-10 12:20:08,-101.8536,32.0712,  23.9,25543,-53.5,-79.7,-74.9,  3,  5, 0.03, 80, 3.8
2026-06-10 12:20:09,-101.8536,32.0712,  23.9,25549,-53.5,-79.7,-74.9,  3,  5, 0.03, 79, 3.8
2026-06-10 12:20:10,-101.8537,32.0712,  23.8,25555,-53.5,-79.7,-74.9,  3,  5, 0.03, 78, 3.9
2026-06-10 12:20:11,-101.8537,32.0712,  23.8,25562,-53.5,-79.7,-74.9,  3,  5, 0.03, 77, 3.9
2026-06-10 12:20:12,-101.8538,32.0712,  23.8,25568,-53.5,-79.7,-74.9,  3,  5, 0.03, 76, 3.9
2026-06-10 12:20:13,-101.8538,32.0712,  23.8,25573,-53.5,-79.7,-74.9,  3,  5, 0.03, 75, 3.9
2026-06-10 12:20:14,-101.8538,32.0712,  23.7,25579,-53.5,-79.7,-74.9,  3,  5, 0.03, 74, 3.9
2026-06-10 12:20:15,-101.8539,32.0711,  23.7,25585,-53.5,-79.7,-74.9,  3,  5, 0.03, 73, 3.9
2026-06-10 12:20:16,-101.8539,32.0711,  23.7,25591,-53.5,-79.7,-74.9,  3,  5, 0.03, 72, 3.9
2026-06-10 12:20:17,-101.8540,32.0711,  23.7,25597,-53.5,-79.7,-74.9,  3,  5, 0.03, 71, 3.9
2026-06-10 12:20:18,-101.8540,32.0711,  23.7,25603,-53.5,-79.7,-74.9,  3,  5, 0.03, 70, 4.0
2026-06-10 12:20:19,-101.8540,32.0711,  23.6,25609,-53.5,-79.7,-74.9,  3,  5, 0.03, 70, 4.0
2026-06-10 12:20:20,-101.8541,32.0710,  23.6,25616,-53.5,-79.7,-75.0,  3,  5, 0.03, 69, 4.0
2026-06-10 12:20:21,-101.8541,32.0710,  23.6,25622,-53.5,-79.7,-75.0,  3,  5, 0.03, 68, 3.9
2026-06-10 12:20:22,-101.8542,32.0710,  23.6,25628,-53.5,-79.7,-75.0,  3,  5, 0.03, 67, 4.0
2026-06-10 12:20:23,-101.8542,32.0710,  23.5,25636,-53.5,-79.7,-75.0,  3,  5, 0.03, 66, 4.0
2026-06-10 12:20:24,-101.8543,32.0710,  23.5,25640,-53.5,-79.7,-75.0,  3,  5, 0.03, 65, 4.0
2026-06-10 12:20:25,-101.8543,32.0710,  23.5,25647,-53.5,-79.7,-75.0,  3,  5, 0.03, 64, 4.0
2026-06-10 12:20:26,-101.8543,32.0710,  23.5,25653,-53.5,-79.7,-74.9,  3,  5, 0.03, 63, 4.0
2026-06-10 12:20:27,-101.8544,32.0709,  23.5,25659,-53.5,-79.7,-74.9,  3,  5, 0.03, 63, 4.0
2026-06-10 12:20:28,-101.8544,32.0709,  23.4,25665,-53.5,-79.7,-74.9,  3,  5, 0.03, 64, 4.0
2026-06-10 12:20:29,-101.8545,32.0709,  23.4,25671,-53.5,-79.7,-74.9,  3,  5, 0.03, 64, 4.1
2026-06-10 12:20:30,-101.8545,32.0709,  23.4,25677,-53.5,-79.7,-74.9,  3,  5, 0.03, 64, 4.1
2026-06-10 12:20:31,-101.8545,32.0709,  23.4,25683,-53.5,-79.7,-74.9,  3,  5, 0.03, 64, 4.1
2026-06-10 12:20:32,-101.8546,32.0709,  23.3,25689,-53.5,-79.6,-74.9,  3,  5, 0.03, 64, 4.1
2026-06-10 12:20:33,-101.8546,32.0708,  23.3,25695,-53.5,-79.6,-74.9,  3,  5, 0.03, 64, 4.1
2026-06-10 12:20:34,-101.8547,32.0708,  23.3,25701,-53.5,-79.6,-74.9,  3,  5, 0.03, 64, 4.1
2026-06-10 12:20:35,-101.8547,32.0708,  23.3,25707,-53.5,-79.6,-74.9,  3,  5, 0.03, 64, 4.1
2026-06-10 12:20:36,-101.8547,32.0708,  23.3,25713,-53.5,-79.6,-74.9,  3,  5, 0.03, 64, 4.1
2026-06-10 12:20:37,-101.8548,32.0708,  23.2,25720,-53.4,-79.6,-74.9,  3,  5, 0.03, 64, 4.1
2026-06-10 12:20:38,-101.8548,32.0708,  23.2,25726,-53.4,-79.6,-74.9,  3,  5, 0.03, 64, 4.2
2026-06-10 12:20:39,-101.8549,32.0708,  23.2,25732,-53.4,-79.6,-74.9,  3,  5, 0.03, 64, 4.2
2026-06-10 12:20:40,-101.8549,32.0707,  23.2,25738,-53.4,-79.6,-74.9,  3,  5, 0.03, 64, 4.2
2026-06-10 12:20:41,-101.8549,32.0707,  23.1,25744,-53.4,-79.6,-74.9,  3,  5, 0.03, 64, 4.2
2026-06-10 12:20:42,-101.8550,32.0707,  23.1,25749,-53.4,-79.6,-74.8,  3,  5, 0.03, 64, 4.2
2026-06-10 12:20:43,-101.8550,32.0707,  23.1,25755,-53.3,-79.6,-74.8,  3,  5, 0.03, 64, 4.2
2026-06-10 12:20:44,-101.8551,32.0707,  23.1,25761,-53.3,-79.6,-74.8,  3,  5, 0.03, 64, 4.2
2026-06-10 12:20:45,-101.8551,32.0706,  23.1,25767,-53.3,-79.6,-74.8,  3,  5, 0.03, 64, 4.2
2026-06-10 12:20:46,-101.8552,32.0706,  23.0,25773,-53.3,-79.6,-74.8,  3,  5, 0.03, 64, 4.2
2026-06-10 12:20:47,-101.8552,32.0706,  23.0,25779,-53.3,-79.6,-74.8,  3,  5, 0.03, 64, 4.2
2026-06-10 12:20:48,-101.8552,32.0706,  23.0,25785,-53.3,-79.6,-74.8,  3,  5, 0.03, 64, 4.2
2026-06-10 12:20:49,-101.8553,32.0706,  23.0,25791,-53.2,-79.6,-74.8,  3,  5, 0.03, 64, 4.2
2026-06-10 12:20:50,-101.8553,32.0705,  23.0,25797,-53.2,-79.6,-74.8,  3,  5, 0.03, 64, 4.2
2026-06-10 12:20:51,-101.8554,32.0705,  22.9,25803,-53.2,-79.5,-74.8,  3,  5, 0.03, 64, 4.3
2026-06-10 12:20:52,-101.8554,32.0705,  22.9,25809,-53.2,-79.5,-74.8,  3,  5, 0.03, 64, 4.3
2026-06-10 12:20:53,-101.8554,32.0705,  22.9,25816,-53.2,-79.5,-74.8,  3,  5, 0.03, 64, 4.3
2026-06-10 12:20:54,-101.8555,32.0705,  22.9,25822,-53.1,-79.5,-74.8,  3,  5, 0.03, 65, 4.3
2026-06-10 12:20:55,-101.8555,32.0704,  22.8,25828,-53.1,-79.5,-74.7,  3,  5, 0.03, 65, 4.3
2026-06-10 12:20:56,-101.8556,32.0704,  22.8,25834,-53.1,-79.5,-74.7,  3,  5, 0.03, 65, 4.3
2026-06-10 12:20:57,-101.8556,32.0704,  22.8,25841,-53.1,-79.4,-74.7,  3,  5, 0.03, 65, 4.3
2026-06-10 12:20:58,-101.8557,32.0704,  22.8,25847,-53.0,-79.4,-74.7,  3,  5, 0.03, 65, 4.3
2026-06-10 12:20:59,-101.8557,32.0704,  22.8,25854,-53.0,-79.4,-74.7,  3,  5, 0.03, 65, 4.3
2026-06-10 12:21:00,-101.8557,32.0703,  22.7,25860,-53.0,-79.4,-74.7,  3,  5, 0.04, 65, 4.3
2026-06-10 12:21:01,-101.8558,32.0703,  22.7,25867,-53.0,-79.4,-74.6,  3,  5, 0.04, 65, 4.3
2026-06-10 12:21:02,-101.8558,32.0703,  22.7,25873,-52.9,-79.4,-74.6,  3,  5, 0.04, 65, 4.3
2026-06-10 12:21:03,-101.8559,32.0703,  22.7,25880,-52.9,-79.4,-74.6,  3,  5, 0.04, 65, 4.3
2026-06-10 12:21:04,-101.8559,32.0703,  22.6,25886,-52.9,-79.3,-74.6,  3,  5, 0.04, 65, 4.3
2026-06-10 12:21:05,-101.8559,32.0702,  22.6,25892,-52.8,-79.3,-74.6,  3,  5, 0.04, 65, 4.3
2026-06-10 12:21:06,-101.8560,32.0702,  22.6,25898,-52.8,-79.3,-74.5,  3,  5, 0.04, 65, 4.3
2026-06-10 12:21:07,-101.8560,32.0702,  22.6,25904,-52.8,-79.3,-74.5,  3,  5, 0.04, 64, 4.4
2026-06-10 12:21:08,-101.8561,32.0702,  22.6,25910,-52.8,-79.2,-74.5,  3,  5, 0.04, 62, 4.5
2026-06-10 12:21:09,-101.8561,32.0702,  22.5,25916,-52.7,-79.2,-74.5,  3,  5, 0.04, 61, 4.6
2026-06-10 12:21:10,-101.8561,32.0701,  22.5,25922,-52.7,-79.2,-74.4,  3,  5, 0.04, 59, 4.7
2026-06-10 12:21:11,-101.8562,32.0701,  22.5,25929,-52.7,-79.2,-74.4,  3,  5, 0.04, 58, 4.8
2026-06-10 12:21:12,-101.8563,32.0701,  22.5,25935,-52.7,-79.1,-74.4,  3,  5, 0.04, 57, 4.9
2026-06-10 12:21:13,-101.8563,32.0700,  22.4,25941,-52.6,-79.1,-74.4,  3,  5, 0.04, 55, 5.0
2026-06-10 12:21:14,-101.8564,32.0700,  22.4,25947,-52.6,-79.1,-74.3,  3,  5, 0.04, 54, 5.1
2026-06-10 12:21:15,-101.8564,32.0699,  22.4,25953,-52.6,-79.1,-74.3,  3,  5, 0.04, 53, 5.2
2026-06-10 12:21:16,-101.8565,32.0699,  22.4,25960,-52.6,-79.0,-74.3,  3,  5, 0.04, 52, 5.3
2026-06-10 12:21:17,-101.8565,32.0698,  22.4,25966,-52.5,-79.0,-74.3,  3,  5, 0.04, 51, 5.4
2026-06-10 12:21:18,-101.8566,32.0698,  22.3,25972,-52.5,-79.0,-74.2,  3,  5, 0.04, 50, 5.5
2026-06-10 12:21:19,-101.8567,32.0697,  22.3,25979,-52.5,-79.0,-74.2,  3,  5, 0.04, 49, 5.6
2026-06-10 12:21:20,-101.8567,32.0697,  22.3,25985,-52.4,-79.0,-74.2,  3,  5, 0.04, 48, 5.7
2026-06-10 12:21:21,-101.8568,32.0696,  22.3,25992,-52.4,-79.0,-74.2,  3,  5, 0.04, 47, 5.8
2026-06-10 12:21:22,-101.8568,32.0696,  22.2,25999,-52.4,-79.0,-74.2,  3,  5, 0.04, 46, 5.9
2026-06-10 12:21:23,-101.8569,32.0695,  22.2,26005,-52.4,-78.9,-74.2,  3,  5, 0.04, 45, 6.0
2026-06-10 12:21:24,-101.8569,32.0695,  22.2,26012,-52.3,-78.9,-74.2,  3,  5, 0.04, 45, 6.1
2026-06-10 12:21:25,-101.8570,32.0694,  22.2,26018,-52.3,-78.9,-74.2,  3,  5, 0.04, 44, 6.2
2026-06-10 12:21:26,-101.8571,32.0694,  22.2,26025,-52.3,-78.9,-74.2,  3,  5, 0.04, 43, 6.3
2026-06-10 12:21:27,-101.8571,32.0693,  22.1,26031,-52.2,-78.9,-74.2,  3,  5, 0.04, 43, 6.4
2026-06-10 12:21:28,-101.8572,32.0693,  22.1,26038,-52.2,-78.9,-74.2,  3,  5, 0.04, 44, 6.5
2026-06-10 12:21:29,-101.8572,32.0693,  22.1,26044,-52.2,-78.9,-74.1,  3,  5, 0.04, 44, 6.7
2026-06-10 12:21:30,-101.8573,32.0692,  22.1,26051,-52.1,-78.9,-74.1,  3,  5, 0.04, 44, 6.8
2026-06-10 12:21:31,-101.8574,32.0692,  22.0,26057,-52.1,-78.9,-74.1,  3,  5, 0.04, 45, 6.9
2026-06-10 12:21:32,-101.8574,32.0691,  22.0,26063,-52.1,-78.8,-74.1,  3,  5, 0.04, 45, 7.0
2026-06-10 12:21:33,-101.8575,32.0691,  22.0,26069,-52.1,-78.8,-74.1,  3,  5, 0.04, 45, 7.1
2026-06-10 12:21:34,-101.8575,32.0690,  22.0,26075,-52.0,-78.8,-74.1,  3,  5, 0.04, 45, 7.2
2026-06-10 12:21:35,-101.8576,32.0690,  22.0,26081,-52.0,-78.8,-74.0,  3,  5, 0.04, 46, 7.3
2026-06-10 12:21:36,-101.8576,32.0689,  21.9,26088,-52.0,-78.8,-74.0,  3,  5, 0.04, 46, 7.4
2026-06-10 12:21:37,-101.8577,32.0689,  21.9,26094,-51.9,-78.7,-74.0,  3,  5, 0.04, 46, 7.5
2026-06-10 12:21:38,-101.8578,32.0688,  21.9,26100,-51.9,-78.7,-74.0,  3,  5, 0.04, 46, 7.6
2026-06-10 12:21:39,-101.8578,32.0688,  21.9,26106,-51.9,-78.7,-74.0,  3,  5, 0.04, 47, 7.7
2026-06-10 12:21:40,-101.8579,32.0687,  21.9,26112,-51.9,-78.7,-73.9,  3,  5, 0.04, 47, 7.8
2026-06-10 12:21:41,-101.8579,32.0687,  21.8,26118,-51.8,-78.7,-73.9,  3,  5, 0.04, 47, 7.9
2026-06-10 12:21:42,-101.8580,32.0686,  21.8,26124,-51.8,-78.6,-73.9,  3,  5, 0.04, 47, 8.1
2026-06-10 12:21:43,-101.8580,32.0686,  21.8,26130,-51.8,-78.6,-73.9,  3,  5, 0.04, 48, 8.2
2026-06-10 12:21:44,-101.8581,32.0686,  21.8,26136,-51.7,-78.6,-73.9,  3,  5, 0.04, 48, 8.3
2026-06-10 12:21:45,-101.8582,32.0685,  21.8,26142,-51.7,-78.6,-73.8,  3,  5, 0.04, 48, 8.4
2026-06-10 12:21:46,-101.8583,32.0685,  21.7,26148,-51.7,-78.5,-73.8,  3,  5, 0.04, 48, 8.5
2026-06-10 12:21:47,-101.8583,32.0684,  21.7,26155,-51.7,-78.5,-73.8,  3,  5, 0.04, 49, 8.5
2026-06-10 12:21:48,-101.8584,32.0684,  21.7,26161,-51.6,-78.5,-73.7,  3,  5, 0.04, 49, 8.5
2026-06-10 12:21:49,-101.8585,32.0684,  21.7,26167,-51.6,-78.4,-73.7,  3,  5, 0.04, 50, 8.5
2026-06-10 12:21:50,-101.8586,32.0683,  21.7,26173,-51.6,-78.4,-73.7,  3,  5, 0.04, 50, 8.4
2026-06-10 12:21:51,-101.8586,32.0683,  21.6,26179,-51.5,-78.4,-73.7,  3,  5, 0.04, 51, 8.4
2026-06-10 12:21:52,-101.8587,32.0682,  21.6,26186,-51.5,-78.3,-73.6,  3,  5, 0.04, 51, 8.4
2026-06-10 12:21:53,-101.8588,32.0682,  21.6,26191,-51.5,-78.3,-73.6,  3,  5, 0.04, 52, 8.4
2026-06-10 12:21:54,-101.8589,32.0682,  21.6,26197,-51.4,-78.3,-73.6,  3,  5, 0.04, 52, 8.4
2026-06-10 12:21:55,-101.8589,32.0681,  21.6,26203,-51.4,-78.3,-73.5,  3,  5, 0.04, 53, 8.4
2026-06-10 12:21:56,-101.8590,32.0681,  21.5,26208,-51.4,-78.2,-73.5,  3,  5, 0.04, 53, 8.4
2026-06-10 12:21:57,-101.8591,32.0680,  21.5,26214,-51.4,-78.2,-73.5,  3,  5, 0.04, 54, 8.4
2026-06-10 12:21:58,-101.8592,32.0680,  21.5,26220,-51.3,-78.2,-73.4,  3,  5, 0.04, 54, 8.4
2026-06-10 12:21:59,-101.8592,32.0680,  21.5,26225,-51.3,-78.1,-73.4,  3,  5, 0.05, 55, 8.4
2026-06-10 12:22:00,-101.8593,32.0679,  21.5,26231,-51.3,-78.1,-73.4,  3,  5, 0.05, 55, 8.4
2026-06-10 12:22:01,-101.8594,32.0679,  21.4,26237,-51.2,-78.1,-73.4,  3,  5, 0.05, 56, 8.4
2026-06-10 12:22:02,-101.8595,32.0678,  21.4,26243,-51.2,-78.1,-73.3,  3,  5, 0.05, 56, 8.4
2026-06-10 12:22:03,-101.8595,32.0678,  21.4,26249,-51.2,-78.0,-73.3,  3,  5, 0.05, 57, 8.4
2026-06-10 12:22:04,-101.8596,32.0678,  21.4,26256,-51.2,-78.0,-73.3,  3,  5, 0.05, 58, 8.4
2026-06-10 12:22:05,-101.8597,32.0677,  21.4,26262,-51.1,-78.0,-73.3,  3,  5, 0.05, 58, 8.4
2026-06-10 12:22:06,-101.8598,32.0677,  21.3,26268,-51.1,-78.0,-73.2,  3,  5, 0.05, 59, 8.4
2026-06-10 12:22:07,-101.8598,32.0677,  21.3,26274,-51.1,-77.9,-73.2,  3,  5, 0.05, 59, 8.4
2026-06-10 12:22:08,-101.8599,32.0676,  21.3,26280,-51.0,-77.9,-73.2,  3,  5, 0.05, 59, 8.4
2026-06-10 12:22:09,-101.8600,32.0676,  21.3,26286,-51.0,-77.9,-73.2,  3,  5, 0.05, 59, 8.3
2026-06-10 12:22:10,-101.8601,32.0675,  21.3,26292,-51.0,-77.9,-73.1,  3,  5, 0.05, 60, 8.3
2026-06-10 12:22:11,-101.8601,32.0675,  21.2,26298,-50.9,-77.9,-73.1,  3,  5, 0.05, 60, 8.3
2026-06-10 12:22:12,-101.8602,32.0675,  21.2,26305,-50.9,-77.8,-73.1,  3,  5, 0.05, 60, 8.3
2026-06-10 12:22:13,-101.8603,32.0674,  21.2,26311,-50.9,-77.8,-73.1,  3,  5, 0.05, 60, 8.3
2026-06-10 12:22:14,-101.8604,32.0674,  21.2,26317,-50.9,-77.8,-73.1,  3,  5, 0.05, 61, 8.3
2026-06-10 12:22:15,-101.8605,32.0674,  21.2,26324,-50.8,-77.8,-73.1,  3,  5, 0.05, 61, 8.3
2026-06-10 12:22:16,-101.8606,32.0674,  21.1,26330,-50.8,-77.8,-73.1,  3,  5, 0.05, 61, 8.3
2026-06-10 12:22:17,-101.8606,32.0673,  21.1,26336,-50.8,-77.8,-73.1,  3,  5, 0.05, 61, 8.2
2026-06-10 12:22:18,-101.8607,32.0673,  21.1,26342,-50.8,-77.8,-73.1,  3,  5, 0.05, 62, 8.2
2026-06-10 12:22:19,-101.8608,32.0673,  21.1,26348,-50.7,-77.8,-73.1,  3,  5, 0.05, 62, 8.2
2026-06-10 12:22:20,-101.8609,32.0673,  21.1,26354,-50.7,-77.8,-73.1,  3,  5, 0.05, 62, 8.2
2026-06-10 12:22:21,-101.8610,32.0672,  21.0,26360,-50.7,-77.8,-73.1,  3,  5, 0.05, 62, 8.2
2026-06-10 12:22:22,-101.8611,32.0672,  21.0,26366,-50.7,-77.8,-73.1,  3,  5, 0.05, 63, 8.2
2026-06-10 12:22:23,-101.8612,32.0672,  21.0,26372,-50.6,-77.8,-73.0,  3,  5, 0.05, 63, 8.2
2026-06-10 12:22:24,-101.8613,32.0672,  21.0,26378,-50.6,-77.8,-73.0,  3,  5, 0.05, 63, 8.2
2026-06-10 12:22:25,-101.8613,32.0671,  21.0,26384,-50.6,-77.8,-73.0,  3,  5, 0.05, 63, 8.2
2026-06-10 12:22:26,-101.8614,32.0671,  20.9,26390,-50.6,-77.8,-73.0,  3,  5, 0.05, 64, 8.1
2026-06-10 12:22:27,-101.8615,32.0671,  20.9,26396,-50.6,-77.7,-73.0,  3,  5, 0.05, 64, 8.2
2026-06-10 12:22:28,-101.8616,32.0671,  20.9,26402,-50.6,-77.7,-73.0,  3,  5, 0.05, 65, 8.2
2026-06-10 12:22:29,-101.8617,32.0670,  20.9,26408,-50.5,-77.7,-73.0,  3,  5, 0.05, 66, 8.3
2026-06-10 12:22:30,-101.8618,32.0670,  20.9,26414,-50.5,-77.7,-73.0,  3,  4, 0.05, 66, 8.3
2026-06-10 12:22:31,-101.8619,32.0670,  20.9,26420,-50.5,-77.7,-73.0,  3,  4, 0.05, 67, 8.3
2026-06-10 12:22:32,-101.8620,32.0670,  20.8,26425,-50.5,-77.7,-73.0,  3,  4, 0.05, 68, 8.4
2026-06-10 12:22:33,-101.8620,32.0669,  20.8,26431,-50.5,-77.7,-73.0,  3,  4, 0.05, 68, 8.4
2026-06-10 12:22:34,-101.8621,32.0669,  20.8,26437,-50.5,-77.7,-73.0,  3,  4, 0.05, 69, 8.4
2026-06-10 12:22:35,-101.8622,32.0669,  20.8,26442,-50.4,-77.7,-72.9,  3,  4, 0.05, 69, 8.5
2026-06-10 12:22:36,-101.8623,32.0669,  20.8,26448,-50.4,-77.7,-72.9,  3,  4, 0.05, 70, 8.5
2026-06-10 12:22:37,-101.8624,32.0668,  20.7,26453,-50.4,-77.7,-72.9,  3,  4, 0.05, 71, 8.6
2026-06-10 12:22:38,-101.8625,32.0668,  20.7,26459,-50.4,-77.7,-72.9,  3,  4, 0.05, 71, 8.6
2026-06-10 12:22:39,-101.8626,32.0668,  20.7,26465,-50.4,-77.7,-72.9,  3,  4, 0.05, 72, 8.7
2026-06-10 12:22:40,-101.8627,32.0668,  20.7,26471,-50.4,-77.7,-72.9,  3,  4, 0.05, 72, 8.7
2026-06-10 12:22:41,-101.8627,32.0667,  20.7,26478,-50.4,-77.7,-72.9,  3,  4, 0.05, 73, 8.8
2026-06-10 12:22:42,-101.8628,32.0667,  20.6,26483,-50.4,-77.7,-72.9,  3,  4, 0.05, 74, 8.8
2026-06-10 12:22:43,-101.8629,32.0667,  20.6,26489,-50.4,-77.7,-72.9,  3,  4, 0.05, 74, 8.9
2026-06-10 12:22:44,-101.8630,32.0667,  20.6,26494,-50.4,-77.7,-72.9,  3,  4, 0.05, 75, 8.9
2026-06-10 12:22:45,-101.8631,32.0667,  20.6,26500,-50.4,-77.7,-72.9,  3,  4, 0.05, 75, 9.0
2026-06-10 12:22:46,-101.8631,32.0666,  20.6,26505,-50.4,-77.7,-72.9,  3,  4, 0.05, 76, 9.0
2026-06-10 12:22:47,-101.8632,32.0666,  20.6,26511,-50.3,-77.7,-72.9,  3,  4, 0.05, 76, 8.9
2026-06-10 12:22:48,-101.8633,32.0666,  20.5,26516,-50.3,-77.7,-72.9,  3,  4, 0.05, 76, 8.9
2026-06-10 12:22:49,-101.8634,32.0666,  20.5,26522,-50.3,-77.7,-72.9,  3,  4, 0.05, 76, 8.8
2026-06-10 12:22:50,-101.8634,32.0666,  20.5,26527,-50.3,-77.7,-72.9,  3,  4, 0.05, 76, 8.7
2026-06-10 12:22:51,-101.8635,32.0666,  20.5,26533,-50.3,-77.7,-72.9,  3,  4, 0.05, 76, 8.7
2026-06-10 12:22:52,-101.8636,32.0666,  20.5,26539,-50.3,-77.7,-72.9,  3,  4, 0.05, 76, 8.6
2026-06-10 12:22:53,-101.8637,32.0665,  20.5,26544,-50.3,-77.7,-72.9,  3,  4, 0.05, 76, 8.5
2026-06-10 12:22:54,-101.8637,32.0665,  20.4,26550,-50.3,-77.7,-72.9,  3,  4, 0.05, 76, 8.4
2026-06-10 12:22:55,-101.8638,32.0665,  20.4,26556,-50.3,-77.7,-72.9,  3,  4, 0.05, 75, 8.4
2026-06-10 12:22:56,-101.8639,32.0665,  20.4,26561,-50.3,-77.7,-72.9,  3,  4, 0.05, 75, 8.3
2026-06-10 12:22:57,-101.8640,32.0665,  20.4,26567,-50.3,-77.7,-72.9,  3,  4, 0.05, 75, 8.2
2026-06-10 12:22:58,-101.8640,32.0665,  20.4,26572,-50.3,-77.7,-72.9,  3,  4, 0.05, 75, 8.1
2026-06-10 12:22:59,-101.8641,32.0665,  20.3,26578,-50.3,-77.7,-72.9,  3,  4, 0.05, 75, 8.1
2026-06-10 12:23:00,-101.8642,32.0665,  20.3,26584,-50.3,-77.7,-72.9,  3,  4, 0.05, 75, 8.0
2026-06-10 12:23:01,-101.8643,32.0664,  20.3,26589,-50.3,-77.7,-72.9,  3,  4, 0.05, 75, 7.9
2026-06-10 12:23:02,-101.8643,32.0664,  20.3,26595,-50.3,-77.7,-72.9,  3,  4, 0.05, 75, 7.9
2026-06-10 12:23:03,-101.8644,32.0664,  20.3,26601,-50.3,-77.7,-72.9,  3,  4, 0.05, 75, 7.8
2026-06-10 12:23:04,-101.8645,32.0664,  20.3,26607,-50.3,-77.7,-72.9,  3,  4, 0.05, 75, 7.7
2026-06-10 12:23:05,-101.8645,32.0664,  20.2,26616,-50.3,-77.7,-72.9,  3,  4, 0.05, 75, 7.6
2026-06-10 12:23:06,-101.8646,32.0664,  20.2,26619,-50.3,-77.7,-72.9,  3,  4, 0.05, 75, 7.6
2026-06-10 12:23:07,-101.8647,32.0664,  20.2,26625,-50.3,-77.7,-72.9,  3,  4, 0.05, 75, 7.5
2026-06-10 12:23:08,-101.8648,32.0663,  20.2,26631,-50.3,-77.7,-72.9,  3,  4, 0.05, 76, 7.4
2026-06-10 12:23:09,-101.8648,32.0663,  20.2,26637,-50.3,-77.7,-72.9,  3,  4, 0.05, 76, 7.3
2026-06-10 12:23:10,-101.8649,32.0663,  20.1,26643,-50.3,-77.6,-72.9,  3,  4, 0.05, 77, 7.2
2026-06-10 12:23:11,-101.8650,32.0663,  20.1,26649,-50.3,-77.6,-72.9,  3,  4, 0.05, 77, 7.2
2026-06-10 12:23:12,-101.8651,32.0663,  20.1,26655,-50.3,-77.6,-72.9,  3,  4, 0.05, 78, 7.1
2026-06-10 12:23:13,-101.8651,32.0663,  20.1,26660,-50.3,-77.6,-72.9,  3,  4, 0.05, 78, 7.0
2026-06-10 12:23:14,-101.8652,32.0663,  20.1,26666,-50.3,-77.6,-72.9,  3,  4, 0.05, 79, 6.9
2026-06-10 12:23:15,-101.8653,32.0663,  20.1,26672,-50.3,-77.6,-72.9,  3,  4, 0.05, 79, 6.8
2026-06-10 12:23:16,-101.8654,32.0663,  20.0,26678,-50.3,-77.6,-72.9,  3,  4, 0.05, 80, 6.8
2026-06-10 12:23:17,-101.8654,32.0663,  20.0,26684,-50.3,-77.6,-72.9,  3,  4, 0.05, 80, 6.7
2026-06-10 12:23:18,-101.8655,32.0663,  20.0,26691,-50.3,-77.6,-72.9,  3,  4, 0.05, 81, 6.6
2026-06-10 12:23:19,-101.8656,32.0663,  20.0,26696,-50.3,-77.6,-72.9,  3,  4, 0.05, 82, 6.5
2026-06-10 12:23:20,-101.8656,32.0662,  20.0,26702,-50.3,-77.6,-72.9,  3,  4, 0.05, 82, 6.5
2026-06-10 12:23:21,-101.8657,32.0662,  19.9,26707,-50.3,-77.6,-72.9,  3,  4, 0.05, 83, 6.4
2026-06-10 12:23:22,-101.8658,32.0662,  19.9,26713,-50.3,-77.6,-72.9,  3,  4, 0.05, 83, 6.3
2026-06-10 12:23:23,-101.8658,32.0662,  19.9,26719,-50.3,-77.6,-72.9,  3,  4, 0.05, 84, 6.2
2026-06-10 12:23:24,-101.8659,32.0662,  19.9,26725,-50.3,-77.6,-72.9,  3,  4, 0.05, 85, 6.2
2026-06-10 12:23:25,-101.8659,32.0662,  19.9,26730,-50.4,-77.6,-72.9,  3,  4, 0.05, 85, 6.1
2026-06-10 12:23:26,-101.8660,32.0662,  19.9,26736,-50.4,-77.6,-72.9,  3,  4, 0.05, 86, 6.0
2026-06-10 12:23:27,-101.8661,32.0662,  19.8,26741,-50.4,-77.6,-72.9,  3,  4, 0.05, 86, 6.0
2026-06-10 12:23:28,-101.8661,32.0662,  19.8,26747,-50.4,-77.6,-72.9,  3,  4, 0.05, 86, 6.1
2026-06-10 12:23:29,-101.8662,32.0662,  19.8,26752,-50.4,-77.6,-72.9,  3,  4, 0.05, 87, 6.1
2026-06-10 12:23:30,-101.8663,32.0662,  19.8,26757,-50.4,-77.6,-72.9,  3,  4, 0.05, 87, 6.1
2026-06-10 12:23:31,-101.8663,32.0662,  19.8,26763,-50.4,-77.6,-72.9,  3,  4, 0.05, 87, 6.1
2026-06-10 12:23:32,-101.8664,32.0662,  19.8,26768,-50.4,-77.6,-72.9,  3,  5, 0.05, 87, 6.1
2026-06-10 12:23:33,-101.8665,32.0662,  19.7,26774,-50.4,-77.6,-72.9,  3,  5, 0.05, 87, 6.2
2026-06-10 12:23:34,-101.8665,32.0662,  19.7,26780,-50.4,-77.6,-72.9,  3,  5, 0.05, 87, 6.2
2026-06-10 12:23:35,-101.8666,32.0662,  19.7,26786,-50.4,-77.6,-72.9,  3,  5, 0.05, 87, 6.2
2026-06-10 12:23:36,-101.8667,32.0662,  19.7,26792,-50.4,-77.6,-72.9,  3,  5, 0.05, 88, 6.2
2026-06-10 12:23:37,-101.8667,32.0662,  19.7,26798,-50.4,-77.6,-72.9,  3,  5, 0.05, 88, 6.2
2026-06-10 12:23:38,-101.8668,32.0662,  19.7,26804,-50.4,-77.6,-72.9,  3,  5, 0.05, 88, 6.2
2026-06-10 12:23:39,-101.8669,32.0662,  19.6,26810,-50.4,-77.6,-72.9,  3,  5, 0.05, 88, 6.3
2026-06-10 12:23:40,-101.8669,32.0662,  19.6,26816,-50.4,-77.6,-72.9,  3,  5, 0.05, 88, 6.3
2026-06-10 12:23:41,-101.8670,32.0662,  19.6,26823,-50.4,-77.6,-72.9,  3,  5, 0.05, 88, 6.3
2026-06-10 12:23:42,-101.8671,32.0662,  19.6,26829,-50.4,-77.6,-72.9,  3,  5, 0.05, 89, 6.3
2026-06-10 12:23:43,-101.8671,32.0662,  19.6,26835,-50.4,-77.6,-72.9,  3,  5, 0.05, 89, 6.3
2026-06-10 12:23:44,-101.8672,32.0662,  19.5,26841,-50.4,-77.6,-72.9,  3,  5, 0.05, 89, 6.3
2026-06-10 12:23:45,-101.8673,32.0662,  19.5,26846,-50.4,-77.6,-72.9,  3,  5, 0.05, 89, 6.4
2026-06-10 12:23:46,-101.8673,32.0662,  19.5,26851,-50.4,-77.6,-72.9,  3,  5, 0.05, 89, 6.4
2026-06-10 12:23:47,-101.8674,32.0662,  19.5,26858,-50.4,-77.6,-72.8,  3,  5, 0.05, 89, 6.3
2026-06-10 12:23:48,-101.8674,32.0662,  19.5,26864,-50.4,-77.6,-72.8,  3,  5, 0.05, 89, 6.3
2026-06-10 12:23:49,-101.8675,32.0662,  19.5,26869,-50.4,-77.6,-72.8,  3,  5, 0.05, 89, 6.2
2026-06-10 12:23:50,-101.8676,32.0662,  19.4,26875,-50.4,-77.5,-72.8,  3,  5, 0.05, 90, 6.2
2026-06-10 12:23:51,-101.8676,32.0662,  19.4,26881,-50.4,-77.5,-72.8,  3,  5, 0.05, 90, 6.1
2026-06-10 12:23:52,-101.8677,32.0662,  19.4,26887,-50.4,-77.5,-72.8,  3,  5, 0.05, 90, 6.1
2026-06-10 12:23:53,-101.8677,32.0662,  19.4,26893,-50.3,-77.5,-72.8,  3,  5, 0.05, 90, 6.1
2026-06-10 12:23:54,-101.8678,32.0662,  19.4,26899,-50.3,-77.5,-72.8,  3,  5, 0.05, 90, 6.0
2026-06-10 12:23:55,-101.8679,32.0662,  19.4,26905,-50.3,-77.5,-72.8,  3,  5, 0.06, 90, 6.0
2026-06-10 12:23:56,-101.8679,32.0662,  19.3,26910,-50.3,-77.5,-72.8,  3,  5, 0.06, 90, 5.9
2026-06-10 12:23:57,-101.8680,32.0662,  19.3,26916,-50.3,-77.5,-72.7,  3,  5, 0.06, 91, 5.9
2026-06-10 12:23:58,-101.8680,32.0662,  19.3,26922,-50.3,-77.5,-72.7,  3,  5, 0.06, 91, 5.8
2026-06-10 12:23:59,-101.8681,32.0662,  19.3,26927,-50.3,-77.5,-72.7,  3,  5, 0.06, 91, 5.8
2026-06-10 12:24:00,-101.8681,32.0662,  19.3,26933,-50.3,-77.4,-72.7,  3,  5, 0.06, 91, 5.7
2026-06-10 12:24:01,-101.8682,32.0662,  19.3,26938,-50.3,-77.4,-72.7,  3,  5, 0.06, 91, 5.7
2026-06-10 12:24:02,-101.8683,32.0662,  19.2,26944,-50.2,-77.4,-72.7,  3,  5, 0.06, 91, 5.6
2026-06-10 12:24:03,-101.8683,32.0662,  19.2,26950,-50.2,-77.4,-72.7,  3,  5, 0.06, 92, 5.6
2026-06-10 12:24:04,-101.8684,32.0662,  19.2,26956,-50.2,-77.4,-72.7,  3,  5, 0.06, 92, 5.5
2026-06-10 12:24:05,-101.8684,32.0662,  19.2,26962,-50.2,-77.4,-72.6,  3,  5, 0.06, 92, 5.5
2026-06-10 12:24:06,-101.8685,32.0662,  19.2,26968,-50.2,-77.4,-72.6,  3,  5, 0.06, 92, 5.5
2026-06-10 12:24:07,-101.8686,32.0662,  19.1,26974,-50.2,-77.3,-72.6,  3,  5, 0.06, 91, 5.5
2026-06-10 12:24:08,-101.8686,32.0662,  19.1,26980,-50.1,-77.3,-72.6,  3,  5, 0.06, 90, 5.5
2026-06-10 12:24:09,-101.8687,32.0662,  19.1,26986,-50.1,-77.3,-72.6,  3,  5, 0.06, 89, 5.5
2026-06-10 12:24:10,-101.8687,32.0661,  19.1,26992,-50.1,-77.3,-72.6,  3,  5, 0.06, 88, 5.5
2026-06-10 12:24:11,-101.8688,32.0661,  19.1,26999,-50.1,-77.3,-72.6,  3,  5, 0.06, 87, 5.5
2026-06-10 12:24:12,-101.8688,32.0661,  19.1,27005,-50.1,-77.3,-72.6,  3,  5, 0.06, 86, 5.6
2026-06-10 12:24:13,-101.8689,32.0661,  19.0,27011,-50.1,-77.3,-72.5,  3,  5, 0.06, 85, 5.6
2026-06-10 12:24:14,-101.8690,32.0661,  19.0,27017,-50.0,-77.3,-72.5,  3,  5, 0.06, 84, 5.6
2026-06-10 12:24:15,-101.8690,32.0661,  19.0,27024,-50.0,-77.2,-72.5,  3,  5, 0.06, 83, 5.6
2026-06-10 12:24:16,-101.8691,32.0661,  19.0,27030,-50.0,-77.2,-72.5,  3,  5, 0.06, 82, 5.6
2026-06-10 12:24:17,-101.8691,32.0661,  19.0,27037,-50.0,-77.2,-72.5,  3,  5, 0.06, 81, 5.6
2026-06-10 12:24:18,-101.8692,32.0660,  18.9,27043,-50.0,-77.2,-72.5,  3,  5, 0.06, 80, 5.6
2026-06-10 12:24:19,-101.8693,32.0660,  18.9,27050,-50.0,-77.2,-72.5,  3,  5, 0.06, 79, 5.7
2026-06-10 12:24:20,-101.8694,32.0659,  18.9,27056,-50.0,-77.2,-72.5,  3,  5, 0.06, 78, 5.7
2026-06-10 12:24:21,-101.8694,32.0659,  18.9,27063,-49.9,-77.2,-72.5,  3,  5, 0.06, 77, 5.7
2026-06-10 12:24:22,-101.8695,32.0659,  18.9,27069,-49.9,-77.2,-72.4,  3,  5, 0.06, 76, 5.7
2026-06-10 12:24:23,-101.8696,32.0658,  18.9,27076,-49.9,-77.2,-72.4,  3,  5, 0.06, 75, 5.7
2026-06-10 12:24:24,-101.8696,32.0658,  18.8,27082,-49.9,-77.1,-72.4,  3,  5, 0.06, 74, 5.7
2026-06-10 12:24:25,-101.8697,32.0657,  18.8,27088,-49.9,-77.1,-72.4,  3,  5, 0.06, 73, 5.7
2026-06-10 12:24:26,-101.8698,32.0657,  18.8,27095,-49.9,-77.1,-72.4,  3,  5, 0.06, 72, 5.8
2026-06-10 12:24:27,-101.8698,32.0656,  18.8,27101,-49.9,-77.1,-72.4,  3,  5, 0.06, 71, 5.9
2026-06-10 12:24:28,-101.8699,32.0656,  18.8,27107,-49.8,-77.1,-72.4,  3,  5, 0.06, 69, 6.1
2026-06-10 12:24:29,-101.8700,32.0655,  18.7,27114,-49.8,-77.1,-72.4,  3,  5, 0.06, 67, 6.3
2026-06-10 12:24:30,-101.8701,32.0655,  18.7,27120,-49.8,-77.1,-72.3,  3,  5, 0.06, 66, 6.4
2026-06-10 12:24:31,-101.8701,32.0654,  18.7,27126,-49.8,-77.0,-72.3,  3,  5, 0.06, 64, 6.6
2026-06-10 12:24:32,-101.8702,32.0654,  18.7,27132,-49.8,-77.0,-72.3,  3,  5, 0.06, 63, 6.8
2026-06-10 12:24:33,-101.8703,32.0654,  18.7,27139,-49.8,-77.0,-72.3,  3,  5, 0.06, 61, 7.0
2026-06-10 12:24:34,-101.8703,32.0653,  18.7,27145,-49.8,-77.0,-72.3,  3,  5, 0.06, 60, 7.1
2026-06-10 12:24:35,-101.8704,32.0653,  18.6,27151,-49.7,-77.0,-72.3,  3,  5, 0.06, 59, 7.3
2026-06-10 12:24:36,-101.8705,32.0652,  18.6,27156,-49.7,-77.0,-72.2,  3,  5, 0.06, 58, 7.5
2026-06-10 12:24:37,-101.8705,32.0652,  18.6,27162,-49.7,-76.9,-72.2,  3,  5, 0.06, 57, 7.6
2026-06-10 12:24:38,-101.8706,32.0651,  18.6,27168,-49.7,-76.9,-72.2,  3,  5, 0.06, 55, 7.8
2026-06-10 12:24:39,-101.8707,32.0651,  18.6,27174,-49.7,-76.9,-72.2,  3,  5, 0.06, 54, 8.0
2026-06-10 12:24:40,-101.8707,32.0650,  18.6,27180,-49.7,-76.9,-72.2,  3,  5, 0.06, 53, 8.1
2026-06-10 12:24:41,-101.8708,32.0650,  18.5,27186,-49.6,-76.8,-72.1,  3,  5, 0.06, 53, 8.3
2026-06-10 12:24:42,-101.8709,32.0649,  18.5,27192,-49.6,-76.8,-72.1,  3,  5, 0.06, 52, 8.5
2026-06-10 12:24:43,-101.8710,32.0649,  18.5,27198,-49.6,-76.8,-72.1,  3,  5, 0.06, 51, 8.6
2026-06-10 12:24:44,-101.8710,32.0648,  18.5,27204,-49.6,-76.7,-72.0,  3,  5, 0.06, 50, 8.8
2026-06-10 12:24:45,-101.8711,32.0648,  18.5,27210,-49.6,-76.7,-72.0,  3,  5, 0.06, 49, 9.0
2026-06-10 12:24:46,-101.8712,32.0648,  18.5,27216,-49.5,-76.7,-72.0,  3,  5, 0.07, 48, 9.1
2026-06-10 12:24:47,-101.8713,32.0647,  18.4,27223,-49.5,-76.6,-71.9,  3,  5, 0.07, 48, 9.2
2026-06-10 12:24:48,-101.8714,32.0646,  18.4,27229,-49.5,-76.6,-71.9,  3,  5, 0.07, 48, 9.3
2026-06-10 12:24:49,-101.8714,32.0646,  18.4,27235,-49.5,-76.6,-71.9,  3,  5, 0.07, 48, 9.4
2026-06-10 12:24:50,-101.8715,32.0645,  18.4,27242,-49.5,-76.6,-71.8,  3,  5, 0.07, 48, 9.5
2026-06-10 12:24:51,-101.8716,32.0645,  18.4,27248,-49.4,-76.5,-71.8,  3,  5, 0.07, 49, 9.5
2026-06-10 12:24:52,-101.8717,32.0644,  18.3,27255,-49.4,-76.5,-71.8,  3,  5, 0.07, 49, 9.6
2026-06-10 12:24:53,-101.8718,32.0643,  18.3,27261,-49.4,-76.5,-71.7,  3,  5, 0.07, 49, 9.7
2026-06-10 12:24:54,-101.8719,32.0643,  18.3,27267,-49.4,-76.4,-71.7,  3,  5, 0.07, 49, 9.8
2026-06-10 12:24:55,-101.8720,32.0642,  18.3,27274,-49.4,-76.4,-71.7,  3,  5, 0.07, 49, 9.8
2026-06-10 12:24:56,-101.8721,32.0642,  18.3,27280,-49.4,-76.4,-71.7,  3,  5, 0.07, 49, 9.9
2026-06-10 12:24:57,-101.8722,32.0641,  18.3,27286,-49.4,-76.4,-71.7,  3,  5, 0.07, 49,10.0
2026-06-10 12:24:58,-101.8723,32.0641,  18.2,27292,-49.3,-76.4,-71.6,  3,  5, 0.07, 49,10.1
2026-06-10 12:24:59,-101.8724,32.0640,  18.2,27298,-49.3,-76.3,-71.6,  3,  5, 0.07, 49,10.1
2026-06-10 12:25:00,-101.8725,32.0639,  18.2,27304,-49.3,-76.3,-71.6,  3,  5, 0.07, 49,10.2
2026-06-10 12:25:01,-101.8726,32.0639,  18.2,27310,-49.3,-76.3,-71.6,  3,  5, 0.07, 49,10.3
2026-06-10 12:25:02,-101.8727,32.0638,  18.2,27317,-49.3,-76.3,-71.6,  3,  5, 0.07, 49,10.4
2026-06-10 12:25:03,-101.8728,32.0638,  18.1,27324,-49.3,-76.3,-71.6,  3,  5, 0.07, 49,10.5
2026-06-10 12:25:04,-101.8729,32.0637,  18.1,27331,-49.3,-76.3,-71.6,  3,  5, 0.07, 49,10.5
2026-06-10 12:25:05,-101.8729,32.0636,  18.1,27339,-49.3,-76.2,-71.5,  3,  5, 0.07, 49,10.6
2026-06-10 12:25:06,-101.8730,32.0636,  18.1,27346,-49.2,-76.2,-71.5,  3,  5, 0.07, 49,10.7
2026-06-10 12:25:07,-101.8731,32.0635,  18.1,27353,-49.2,-76.2,-71.5,  3,  5, 0.07, 49,10.7
2026-06-10 12:25:08,-101.8732,32.0635,  18.1,27359,-49.2,-76.2,-71.5,  3,  5, 0.07, 50,10.8
2026-06-10 12:25:09,-101.8733,32.0634,  18.0,27366,-49.2,-76.2,-71.5,  3,  5, 0.07, 51,10.9
2026-06-10 12:25:10,-101.8734,32.0633,  18.0,27373,-49.2,-76.2,-71.5,  3,  5, 0.07, 51,10.9
2026-06-10 12:25:11,-101.8735,32.0633,  18.0,27380,-49.2,-76.2,-71.5,  3,  5, 0.07, 52,11.0
2026-06-10 12:25:12,-101.8736,32.0632,  18.0,27387,-49.2,-76.2,-71.5,  3,  5, 0.07, 52,11.0
2026-06-10 12:25:13,-101.8737,32.0632,  18.0,27393,-49.2,-76.2,-71.5,  3,  5, 0.07, 53,11.1
2026-06-10 12:25:14,-101.8738,32.0631,  17.9,27400,-49.2,-76.2,-71.5,  3,  5, 0.07, 54,11.2
2026-06-10 12:25:15,-101.8739,32.0630,  17.9,27406,-49.2,-76.2,-71.5,  3,  5, 0.07, 54,11.2
2026-06-10 12:25:16,-101.8740,32.0630,  17.9,27412,-49.2,-76.2,-71.5,  3,  5, 0.07, 55,11.3
2026-06-10 12:25:17,-101.8741,32.0629,  17.9,27419,-49.2,-76.2,-71.5,  3,  5, 0.07, 55,11.4
2026-06-10 12:25:18,-101.8742,32.0629,  17.9,27425,-49.2,-76.2,-71.5,  3,  5, 0.07, 56,11.5
2026-06-10 12:25:19,-101.8743,32.0628,  17.9,27432,-49.2,-76.2,-71.5,  3,  5, 0.07, 56,11.5
2026-06-10 12:25:20,-101.8744,32.0628,  17.8,27437,-49.2,-76.2,-71.5,  3,  5, 0.07, 57,11.6
2026-06-10 12:25:21,-101.8745,32.0627,  17.8,27445,-49.2,-76.2,-71.5,  3,  5, 0.07, 57,11.7
2026-06-10 12:25:22,-101.8746,32.0627,  17.8,27452,-49.2,-76.2,-71.5,  3,  5, 0.07, 58,11.7
2026-06-10 12:25:23,-101.8747,32.0626,  17.8,27458,-49.2,-76.2,-71.5,  3,  5, 0.07, 59,11.8
2026-06-10 12:25:24,-101.8748,32.0626,  17.8,27465,-49.2,-76.2,-71.5,  3,  5, 0.07, 59,11.9
2026-06-10 12:25:25,-101.8749,32.0625,  17.7,27471,-49.3,-76.2,-71.5,  3,  5, 0.07, 60,12.0
2026-06-10 12:25:26,-101.8750,32.0625,  17.7,27477,-49.3,-76.2,-71.5,  3,  5, 0.07, 60,12.1
2026-06-10 12:25:27,-101.8751,32.0624,  17.7,27484,-49.3,-76.2,-71.5,  3,  5, 0.07, 60,12.0
2026-06-10 12:25:28,-101.8752,32.0624,  17.7,27490,-49.3,-76.2,-71.5,  3,  5, 0.07, 60,11.9
2026-06-10 12:25:29,-101.8753,32.0623,  17.7,27496,-49.3,-76.2,-71.5,  3,  5, 0.07, 60,11.9
2026-06-10 12:25:30,-101.8754,32.0623,  17.7,27503,-49.3,-76.2,-71.5,  3,  5, 0.07, 60,11.8
2026-06-10 12:25:31,-101.8756,32.0622,  17.6,27509,-49.3,-76.2,-71.5,  3,  5, 0.07, 60,11.8
2026-06-10 12:25:32,-101.8757,32.0622,  17.6,27516,-49.3,-76.2,-71.4,  3,  5, 0.07, 60,11.7
2026-06-10 12:25:33,-101.8758,32.0622,  17.6,27522,-49.3,-76.2,-71.4,  3,  5, 0.07, 61,11.7
2026-06-10 12:25:34,-101.8759,32.0621,  17.6,27528,-49.3,-76.1,-71.4,  3,  5, 0.07, 61,11.6
2026-06-10 12:25:35,-101.8760,32.0620,  17.6,27535,-49.3,-76.1,-71.4,  3,  5, 0.07, 61,11.6
2026-06-10 12:25:36,-101.8761,32.0620,  17.6,27542,-49.3,-76.1,-71.4,  3,  5, 0.07, 61,11.5
2026-06-10 12:25:37,-101.8762,32.0620,  17.5,27549,-49.3,-76.1,-71.4,  3,  5, 0.07, 61,11.5
2026-06-10 12:25:38,-101.8763,32.0619,  17.5,27556,-49.3,-76.1,-71.4,  3,  5, 0.07, 61,11.4
2026-06-10 12:25:39,-101.8764,32.0619,  17.5,27563,-49.3,-76.1,-71.4,  3,  5, 0.07, 61,11.4
2026-06-10 12:25:40,-101.8765,32.0618,  17.5,27569,-49.3,-76.1,-71.4,  3,  5, 0.07, 61,11.3
2026-06-10 12:25:41,-101.8766,32.0618,  17.5,27576,-49.3,-76.1,-71.4,  3,  5, 0.07, 61,11.3
2026-06-10 12:25:42,-101.8767,32.0617,  17.4,27584,-49.3,-76.1,-71.4,  3,  5, 0.08, 61,11.2
2026-06-10 12:25:43,-101.8768,32.0617,  17.4,27591,-49.3,-76.1,-71.4,  3,  5, 0.08, 61,11.2
2026-06-10 12:25:44,-101.8769,32.0616,  17.4,27599,-49.3,-76.1,-71.4,  3,  5, 0.08, 61,11.1
2026-06-10 12:25:45,-101.8770,32.0616,  17.4,27606,-49.3,-76.1,-71.4,  3,  5, 0.08, 61,11.1
2026-06-10 12:25:46,-101.8771,32.0615,  17.4,27613,-49.2,-76.1,-71.4,  3,  5, 0.08, 62,11.0
2026-06-10 12:25:47,-101.8772,32.0615,  17.4,27619,-49.2,-76.1,-71.4,  3,  5, 0.08, 62,11.0
2026-06-10 12:25:48,-101.8774,32.0614,  17.3,27626,-49.2,-76.1,-71.4,  3,  5, 0.08, 62,11.1
2026-06-10 12:25:49,-101.8775,32.0614,  17.3,27633,-49.2,-76.1,-71.4,  3,  5, 0.08, 62,11.1
2026-06-10 12:25:50,-101.8776,32.0613,  17.3,27639,-49.2,-76.1,-71.4,  3,  5, 0.08, 62,11.1
2026-06-10 12:25:51,-101.8777,32.0613,  17.3,27646,-49.2,-76.1,-71.4,  3,  5, 0.08, 62,11.1
2026-06-10 12:25:52,-101.8778,32.0612,  17.3,27652,-49.2,-76.1,-71.4,  3,  5, 0.08, 63,11.2
2026-06-10 12:25:53,-101.8779,32.0612,  17.2,27659,-49.2,-76.1,-71.4,  3,  5, 0.08, 63,11.2
2026-06-10 12:25:54,-101.8780,32.0612,  17.2,27666,-49.2,-76.1,-71.4,  3,  5, 0.08, 63,11.2
2026-06-10 12:25:55,-101.8781,32.0611,  17.2,27673,-49.1,-76.1,-71.4,  3,  5, 0.08, 63,11.2
2026-06-10 12:25:56,-101.8782,32.0611,  17.2,27679,-49.1,-76.1,-71.4,  3,  5, 0.08, 63,11.3
2026-06-10 12:25:57,-101.8783,32.0610,  17.2,27686,-49.1,-76.1,-71.4,  3,  5, 0.08, 64,11.3
2026-06-10 12:25:58,-101.8785,32.0610,  17.2,27693,-49.1,-76.1,-71.4,  3,  5, 0.08, 64,11.3
2026-06-10 12:25:59,-101.8786,32.0609,  17.1,27699,-49.1,-76.1,-71.4,  3,  5, 0.08, 64,11.4
2026-06-10 12:26:00,-101.8787,32.0609,  17.1,27706,-49.1,-76.1,-71.4,  3,  5, 0.08, 64,11.4
2026-06-10 12:26:01,-101.8788,32.0608,  17.1,27713,-49.1,-76.1,-71.4,  3,  5, 0.08, 64,11.4
2026-06-10 12:26:02,-101.8789,32.0608,  17.1,27720,-49.1,-76.1,-71.3,  3,  5, 0.08, 65,11.4
2026-06-10 12:26:03,-101.8790,32.0607,  17.1,27726,-49.0,-76.0,-71.3,  3,  5, 0.08, 65,11.5
2026-06-10 12:26:04,-101.8791,32.0607,  17.1,27733,-49.0,-76.0,-71.3,  3,  5, 0.08, 65,11.5
2026-06-10 12:26:05,-101.8792,32.0606,  17.0,27739,-49.0,-76.0,-71.3,  3,  5, 0.08, 65,11.5
2026-06-10 12:26:06,-101.8793,32.0606,  17.0,27746,-49.0,-76.0,-71.3,  3,  5, 0.08, 65,11.6
2026-06-10 12:26:07,-101.8794,32.0605,  17.0,27752,-49.0,-76.0,-71.3,  3,  5, 0.08, 65,11.6
2026-06-10 12:26:08,-101.8796,32.0605,  17.0,27759,-49.0,-76.0,-71.3,  3,  5, 0.08, 65,11.6
2026-06-10 12:26:09,-101.8797,32.0605,  17.0,27765,-48.9,-76.0,-71.3,  3,  5, 0.08, 65,11.6
2026-06-10 12:26:10,-101.8798,32.0604,  17.0,27772,-48.9,-76.0,-71.3,  3,  5, 0.08, 64,11.6
2026-06-10 12:26:11,-101.8799,32.0603,  16.9,27779,-48.9,-76.0,-71.3,  3,  5, 0.08, 64,11.6
2026-06-10 12:26:12,-101.8800,32.0603,  16.9,27786,-48.9,-76.0,-71.3,  3,  5, 0.08, 64,11.6
2026-06-10 12:26:13,-101.8801,32.0603,  16.9,27792,-48.9,-76.0,-71.3,  3,  5, 0.08, 64,11.6
2026-06-10 12:26:14,-101.8802,32.0602,  16.9,27799,-48.9,-76.0,-71.2,  3,  5, 0.08, 64,11.6
2026-06-10 12:26:15,-101.8803,32.0602,  16.9,27806,-48.8,-75.9,-71.2,  3,  5, 0.08, 63,11.6
2026-06-10 12:26:16,-101.8804,32.0601,  16.8,27812,-48.8,-75.9,-71.2,  3,  5, 0.08, 63,11.6
2026-06-10 12:26:17,-101.8806,32.0601,  16.8,27819,-48.8,-75.9,-71.2,  3,  5, 0.08, 63,11.6
2026-06-10 12:26:18,-101.8807,32.0600,  16.8,27825,-48.8,-75.9,-71.2,  3,  5, 0.08, 63,11.6
2026-06-10 12:26:19,-101.8808,32.0600,  16.8,27832,-48.8,-75.9,-71.2,  3,  5, 0.08, 63,11.6
2026-06-10 12:26:20,-101.8809,32.0599,  16.8,27838,-48.7,-75.9,-71.1,  3,  5, 0.08, 62,11.6
2026-06-10 12:26:21,-101.8810,32.0599,  16.8,27845,-48.7,-75.8,-71.1,  3,  5, 0.08, 62,11.6
2026-06-10 12:26:22,-101.8811,32.0598,  16.8,27851,-48.7,-75.8,-71.1,  3,  5, 0.08, 62,11.6
2026-06-10 12:26:23,-101.8812,32.0597,  16.7,27857,-48.7,-75.8,-71.1,  3,  5, 0.08, 62,11.6
2026-06-10 12:26:24,-101.8812,32.0597,  16.7,27864,-48.7,-75.8,-71.1,  3,  5, 0.08, 61,11.6
2026-06-10 12:26:25,-101.8813,32.0596,  16.7,27870,-48.6,-75.8,-71.1,  3,  5, 0.08, 61,11.6
2026-06-10 12:26:26,-101.8814,32.0596,  16.7,27876,-48.6,-75.8,-71.0,  3,  5, 0.08, 61,11.6
2026-06-10 12:26:27,-101.8815,32.0595,  16.7,27883,-48.6,-75.7,-71.0,  3,  5, 0.08, 61,11.5
2026-06-10 12:26:28,-101.8816,32.0594,  16.7,27889,-48.6,-75.7,-71.0,  3,  5, 0.08, 60,11.5
2026-06-10 12:26:29,-101.8817,32.0594,  16.6,27895,-48.6,-75.7,-71.0,  3,  5, 0.08, 60,11.4
2026-06-10 12:26:30,-101.8818,32.0593,  16.6,27901,-48.5,-75.7,-71.0,  3,  5, 0.08, 59,11.3
2026-06-10 12:26:31,-101.8819,32.0593,  16.6,27907,-48.5,-75.7,-71.0,  3,  5, 0.08, 59,11.3
2026-06-10 12:26:32,-101.8820,32.0592,  16.6,27913,-48.5,-75.7,-71.0,  3,  5, 0.08, 58,11.2
2026-06-10 12:26:33,-101.8821,32.0591,  16.6,27919,-48.5,-75.7,-71.0,  3,  5, 0.08, 57,11.2
2026-06-10 12:26:34,-101.8821,32.0591,  16.6,27926,-48.5,-75.7,-71.0,  3,  5, 0.08, 57,11.1
2026-06-10 12:26:35,-101.8822,32.0590,  16.5,27932,-48.4,-75.7,-71.0,  3,  5, 0.09, 56,11.1
2026-06-10 12:26:36,-101.8823,32.0589,  16.5,27937,-48.4,-75.7,-70.9,  3,  5, 0.09, 56,11.0
2026-06-10 12:26:37,-101.8824,32.0589,  16.5,27943,-48.4,-75.6,-70.9,  3,  5, 0.09, 55,10.9
2026-06-10 12:26:38,-101.8825,32.0588,  16.5,27949,-48.4,-75.6,-70.9,  3,  5, 0.09, 55,10.9
2026-06-10 12:26:39,-101.8826,32.0588,  16.5,27955,-48.4,-75.6,-70.9,  3,  5, 0.09, 54,10.8
2026-06-10 12:26:40,-101.8827,32.0587,  16.5,27961,-48.3,-75.6,-70.9,  3,  5, 0.09, 54,10.8
2026-06-10 12:26:41,-101.8828,32.0586,  16.5,27965,-48.3,-75.6,-70.9,  3,  5, 0.09, 53,10.8
2026-06-10 12:26:42,-101.8829,32.0586,  16.4,27973,-48.3,-75.6,-70.9,  3,  5, 0.09, 53,10.7
2026-06-10 12:26:43,-101.8830,32.0585,  16.4,27979,-48.3,-75.6,-70.8,  3,  5, 0.09, 52,10.7
2026-06-10 12:26:44,-101.8830,32.0585,  16.4,27985,-48.2,-75.5,-70.8,  3,  5, 0.09, 51,10.6
2026-06-10 12:26:45,-101.8831,32.0584,  16.4,27991,-48.2,-75.5,-70.8,  3,  5, 0.09, 51,10.6
2026-06-10 12:26:46,-101.8832,32.0583,  16.4,27997,-48.2,-75.5,-70.8,  3,  5, 0.09, 50,10.5
2026-06-10 12:26:47,-101.8833,32.0583,  16.4,28004,-48.2,-75.5,-70.8,  3,  5, 0.09, 50,10.6
2026-06-10 12:26:48,-101.8834,32.0582,  16.3,28010,-48.2,-75.4,-70.7,  3,  5, 0.09, 50,10.6
2026-06-10 12:26:49,-101.8835,32.0581,  16.3,28017,-48.1,-75.4,-70.7,  3,  5, 0.09, 50,10.7
2026-06-10 12:26:50,-101.8836,32.0581,  16.3,28023,-48.1,-75.4,-70.7,  3,  5, 0.09, 50,10.7
2026-06-10 12:26:51,-101.8837,32.0580,  16.3,28029,-48.1,-75.4,-70.7,  3,  5, 0.09, 50,10.8
2026-06-10 12:26:52,-101.8838,32.0580,  16.3,28036,-48.1,-75.3,-70.6,  3,  5, 0.09, 50,10.9
2026-06-10 12:26:53,-101.8839,32.0579,  16.3,28042,-48.0,-75.3,-70.6,  3,  5, 0.09, 50,10.9
2026-06-10 12:26:54,-101.8840,32.0579,  16.3,28048,-48.0,-75.3,-70.6,  3,  5, 0.09, 49,11.0
2026-06-10 12:26:55,-101.8841,32.0578,  16.2,28055,-48.0,-75.3,-70.6,  3,  5, 0.09, 49,11.0
2026-06-10 12:26:56,-101.8842,32.0577,  16.2,28061,-48.0,-75.3,-70.6,  3,  5, 0.09, 49,11.1
2026-06-10 12:26:57,-101.8843,32.0577,  16.2,28067,-48.0,-75.3,-70.6,  3,  5, 0.09, 49,11.1
2026-06-10 12:26:58,-101.8844,32.0576,  16.2,28074,-48.0,-75.3,-70.6,  3,  5, 0.09, 49,11.2
2026-06-10 12:26:59,-101.8845,32.0576,  16.2,28081,-48.0,-75.3,-70.6,  3,  5, 0.09, 49,11.3
2026-06-10 12:27:00,-101.8846,32.0575,  16.2,28087,-47.9,-75.3,-70.6,  3,  5, 0.09, 49,11.3
2026-06-10 12:27:01,-101.8847,32.0575,  16.1,28094,-47.9,-75.2,-70.5,  3,  5, 0.09, 49,11.4
2026-06-10 12:27:02,-101.8848,32.0574,  16.1,28101,-47.9,-75.2,-70.5,  3,  5, 0.09, 49,11.4
2026-06-10 12:27:03,-101.8849,32.0573,  16.1,28107,-47.9,-75.2,-70.5,  3,  5, 0.09, 49,11.5
2026-06-10 12:27:04,-101.8850,32.0573,  16.1,28113,-47.9,-75.2,-70.5,  3,  5, 0.09, 49,11.5
2026-06-10 12:27:05,-101.8851,32.0572,  16.1,28120,-47.9,-75.2,-70.5,  3,  5, 0.09, 49,11.6
2026-06-10 12:27:06,-101.8851,32.0572,  16.1,28126,-47.9,-75.2,-70.5,  3,  5, 0.09, 49,11.7
2026-06-10 12:27:07,-101.8852,32.0571,  16.1,28132,-47.9,-75.2,-70.5,  3,  5, 0.09, 49,11.6
2026-06-10 12:27:08,-101.8853,32.0571,  16.0,28138,-47.8,-75.2,-70.5,  3,  5, 0.09, 50,11.6
2026-06-10 12:27:09,-101.8854,32.0570,  16.0,28144,-47.8,-75.2,-70.5,  3,  5, 0.09, 50,11.5
2026-06-10 12:27:10,-101.8855,32.0569,  16.0,28150,-47.8,-75.2,-70.5,  3,  5, 0.09, 51,11.5
2026-06-10 12:27:11,-101.8856,32.0569,  16.0,28156,-47.8,-75.2,-70.5,  3,  5, 0.09, 51,11.5
2026-06-10 12:27:12,-101.8857,32.0568,  16.0,28162,-47.8,-75.1,-70.4,  3,  5, 0.09, 52,11.4
2026-06-10 12:27:13,-101.8858,32.0568,  16.0,28168,-47.8,-75.1,-70.4,  3,  5, 0.10, 53,11.4
2026-06-10 12:27:14,-101.8859,32.0567,  15.9,28174,-47.8,-75.1,-70.4,  3,  5, 0.10, 53,11.4
2026-06-10 12:27:15,-101.8860,32.0567,  15.9,28180,-47.8,-75.1,-70.4,  3,  5, 0.10, 54,11.3
2026-06-10 12:27:16,-101.8861,32.0566,  15.9,28186,-47.8,-75.1,-70.4,  3,  5, 0.10, 54,11.3
2026-06-10 12:27:17,-101.8862,32.0565,  15.9,28192,-47.8,-75.1,-70.4,  3,  5, 0.10, 55,11.3
2026-06-10 12:27:18,-101.8863,32.0565,  15.9,28198,-47.8,-75.1,-70.4,  3,  5, 0.10, 56,11.2
2026-06-10 12:27:19,-101.8864,32.0564,  15.9,28204,-47.8,-75.1,-70.4,  3,  5, 0.10, 56,11.2
2026-06-10 12:27:20,-101.8865,32.0564,  15.9,28210,-47.8,-75.1,-70.4,  3,  5, 0.10, 57,11.2
2026-06-10 12:27:21,-101.8866,32.0563,  15.8,28216,-47.8,-75.1,-70.4,  3,  5, 0.10, 58,11.1
2026-06-10 12:27:22,-101.8867,32.0563,  15.8,28221,-47.8,-75.0,-70.3,  3,  5, 0.10, 58,11.1
2026-06-10 12:27:23,-101.8868,32.0562,  15.8,28227,-47.7,-75.0,-70.3,  3,  5, 0.10, 59,11.1
2026-06-10 12:27:24,-101.8869,32.0562,  15.8,28233,-47.7,-75.0,-70.3,  3,  5, 0.10, 59,11.1
2026-06-10 12:27:25,-101.8871,32.0561,  15.8,28238,-47.7,-75.0,-70.3,  3,  5, 0.10, 60,11.1
2026-06-10 12:27:26,-101.8872,32.0561,  15.8,28244,-47.7,-75.0,-70.3,  3,  5, 0.10, 61,11.0
2026-06-10 12:27:27,-101.8873,32.0561,  15.8,28250,-47.7,-75.0,-70.3,  3,  5, 0.10, 61,11.1
2026-06-10 12:27:28,-101.8874,32.0560,  15.8,28255,-47.7,-75.0,-70.3,  3,  5, 0.10, 62,11.1
2026-06-10 12:27:29,-101.8875,32.0560,  15.7,28260,-47.7,-75.0,-70.3,  3,  5, 0.10, 62,11.1
2026-06-10 12:27:30,-101.8877,32.0559,  15.7,28266,-47.7,-75.0,-70.3,  3,  5, 0.10, 63,11.2
2026-06-10 12:27:31,-101.8878,32.0559,  15.7,28271,-47.7,-75.0,-70.3,  3,  5, 0.10, 63,11.2
2026-06-10 12:27:32,-101.8879,32.0559,  15.7,28277,-47.7,-75.0,-70.3,  3,  5, 0.10, 64,11.3
2026-06-10 12:27:33,-101.8880,32.0558,  15.7,28283,-47.7,-75.0,-70.3,  3,  5, 0.10, 64,11.3
2026-06-10 12:27:34,-101.8881,32.0558,  15.7,28290,-47.7,-75.0,-70.3,  3,  5, 0.10, 65,11.4
2026-06-10 12:27:35,-101.8882,32.0558,  15.7,28295,-47.7,-75.0,-70.3,  3,  5, 0.10, 65,11.4
2026-06-10 12:27:36,-101.8884,32.0557,  15.6,28301,-47.7,-75.0,-70.3,  3,  5, 0.10, 65,11.4
2026-06-10 12:27:37,-101.8885,32.0557,  15.6,28307,-47.7,-75.0,-70.3,  3,  5, 0.10, 66,11.5
2026-06-10 12:27:38,-101.8886,32.0556,  15.6,28313,-47.7,-75.0,-70.3,  3,  5, 0.10, 66,11.5
2026-06-10 12:27:39,-101.8887,32.0556,  15.6,28318,-47.7,-75.0,-70.3,  3,  5, 0.10, 67,11.6
2026-06-10 12:27:40,-101.8888,32.0556,  15.6,28323,-47.7,-75.0,-70.3,  3,  5, 0.10, 67,11.6
2026-06-10 12:27:41,-101.8890,32.0555,  15.6,28329,-47.7,-75.0,-70.3,  3,  5, 0.10, 68,11.7
2026-06-10 12:27:42,-101.8891,32.0555,  15.6,28334,-47.7,-75.0,-70.3,  3,  5, 0.10, 68,11.7
2026-06-10 12:27:43,-101.8892,32.0554,  15.6,28340,-47.7,-75.0,-70.3,  3,  5, 0.10, 68,11.8
2026-06-10 12:27:44,-101.8893,32.0554,  15.5,28345,-47.7,-75.0,-70.3,  3,  5, 0.10, 69,11.8
2026-06-10 12:27:45,-101.8894,32.0554,  15.5,28351,-47.7,-75.1,-70.4,  3,  5, 0.10, 69,11.8
2026-06-10 12:27:46,-101.8895,32.0553,  15.5,28356,-47.7,-75.1,-70.4,  3,  5, 0.10, 70,11.9
2026-06-10 12:27:47,-101.8897,32.0553,  15.5,28362,-47.7,-75.1,-70.4,  3,  5, 0.10, 70,12.0
2026-06-10 12:27:48,-101.8898,32.0553,  15.5,28368,-47.7,-75.1,-70.4,  3,  5, 0.10, 69,12.0
2026-06-10 12:27:49,-101.8899,32.0552,  15.5,28374,-47.7,-75.0,-70.3,  3,  5, 0.10, 69,12.1
2026-06-10 12:27:50,-101.8900,32.0552,  15.5,28379,-47.7,-75.0,-70.3,  3,  5, 0.10, 69,12.1
2026-06-10 12:27:51,-101.8901,32.0551,  15.4,28385,-47.7,-75.0,-70.3,  3,  5, 0.10, 69,12.2
2026-06-10 12:27:52,-101.8903,32.0551,  15.4,28391,-47.7,-75.0,-70.3,  3,  5, 0.10, 69,12.3
2026-06-10 12:27:53,-101.8904,32.0550,  15.4,28397,-47.7,-75.0,-70.3,  3,  5, 0.10, 69,12.3
2026-06-10 12:27:54,-101.8905,32.0550,  15.4,28402,-47.7,-75.0,-70.3,  3,  5, 0.10, 69,12.4
2026-06-10 12:27:55,-101.8907,32.0549,  15.4,28408,-47.7,-75.0,-70.3,  3,  5, 0.10, 69,12.5
2026-06-10 12:27:56,-101.8908,32.0548,  15.4,28415,-47.7,-75.0,-70.3,  3,  5, 0.10, 68,12.5
2026-06-10 12:27:57,-101.8909,32.0548,  15.4,28421,-47.7,-75.0,-70.3,  3,  5, 0.10, 68,12.6
2026-06-10 12:27:58,-101.8911,32.0547,  15.3,28427,-47.7,-74.9,-70.2,  3,  5, 0.10, 68,12.7
2026-06-10 12:27:59,-101.8912,32.0547,  15.3,28434,-47.7,-74.9,-70.2,  3,  5, 0.10, 68,12.7
2026-06-10 12:28:00,-101.8913,32.0546,  15.3,28440,-47.7,-74.9,-70.2,  3,  5, 0.10, 68,12.8
2026-06-10 12:28:01,-101.8915,32.0545,  15.3,28446,-47.7,-74.9,-70.2,  3,  5, 0.10, 68,12.8
2026-06-10 12:28:02,-101.8916,32.0545,  15.3,28451,-47.7,-74.9,-70.2,  3,  5, 0.10, 68,12.9
2026-06-10 12:28:03,-101.8917,32.0544,  15.3,28457,-47.7,-74.9,-70.2,  3,  5, 0.10, 68,13.0
2026-06-10 12:28:04,-101.8919,32.0543,  15.3,28462,-47.7,-74.9,-70.2,  3,  5, 0.10, 67,13.0
2026-06-10 12:28:05,-101.8920,32.0543,  15.3,28467,-47.7,-74.9,-70.2,  3,  5, 0.10, 67,13.1
2026-06-10 12:28:06,-101.8922,32.0542,  15.2,28472,-47.7,-74.9,-70.2,  3,  5, 0.10, 67,13.2
2026-06-10 12:28:07,-101.8923,32.0541,  15.2,28478,-47.7,-74.9,-70.2,  3,  5, 0.10, 67,13.3
2026-06-10 12:28:08,-101.8924,32.0541,  15.2,28484,-47.6,-74.9,-70.2,  3,  5, 0.10, 66,13.4
2026-06-10 12:28:09,-101.8926,32.0540,  15.2,28490,-47.6,-74.9,-70.2,  3,  5, 0.10, 66,13.5
2026-06-10 12:28:10,-101.8927,32.0540,  15.2,28496,-47.6,-74.9,-70.2,  3,  5, 0.10, 65,13.7
2026-06-10 12:28:11,-101.8928,32.0539,  15.2,28502,-47.6,-74.8,-70.1,  3,  5, 0.10, 64,13.8
2026-06-10 12:28:12,-101.8930,32.0538,  15.2,28508,-47.6,-74.8,-70.1,  3,  5, 0.10, 64,13.9
2026-06-10 12:28:13,-101.8931,32.0538,  15.1,28514,-47.6,-74.8,-70.1,  3,  5, 0.11, 63,14.0
2026-06-10 12:28:14,-101.8932,32.0537,  15.1,28520,-47.6,-74.8,-70.1,  3,  5, 0.11, 63,14.2
2026-06-10 12:28:15,-101.8934,32.0536,  15.1,28525,-47.6,-74.8,-70.1,  3,  5, 0.11, 62,14.3
2026-06-10 12:28:16,-101.8935,32.0536,  15.1,28532,-47.6,-74.8,-70.1,  3,  5, 0.11, 62,14.4
2026-06-10 12:28:17,-101.8936,32.0535,  15.1,28538,-47.6,-74.8,-70.1,  3,  5, 0.11, 61,14.6
2026-06-10 12:28:18,-101.8938,32.0534,  15.1,28544,-47.6,-74.8,-70.1,  3,  5, 0.11, 61,14.7
2026-06-10 12:28:19,-101.8939,32.0534,  15.1,28550,-47.5,-74.8,-70.1,  3,  5, 0.11, 60,14.8
2026-06-10 12:28:20,-101.8941,32.0533,  15.1,28556,-47.5,-74.8,-70.1,  3,  5, 0.11, 60,15.0
2026-06-10 12:28:21,-101.8942,32.0533,  15.0,28562,-47.5,-74.8,-70.1,  3,  5, 0.11, 59,15.1
2026-06-10 12:28:22,-101.8943,32.0532,  15.0,28568,-47.5,-74.8,-70.1,  3,  5, 0.11, 59,15.2
2026-06-10 12:28:23,-101.8945,32.0531,  15.0,28574,-47.5,-74.8,-70.1,  3,  5, 0.11, 59,15.4
2026-06-10 12:28:24,-101.8946,32.0530,  15.0,28580,-47.5,-74.7,-70.0,  3,  5, 0.11, 58,15.5
2026-06-10 12:28:25,-101.8948,32.0529,  15.0,28586,-47.5,-74.7,-70.0,  3,  5, 0.11, 58,15.6
2026-06-10 12:28:26,-101.8949,32.0528,  15.0,28592,-47.5,-74.7,-70.0,  3,  5, 0.11, 57,15.8
2026-06-10 12:28:27,-101.8951,32.0527,  15.0,28599,-47.4,-74.7,-70.0,  3,  5, 0.11, 57,15.9
2026-06-10 12:28:28,-101.8952,32.0527,  14.9,28605,-47.4,-74.7,-70.0,  3,  5, 0.11, 57,16.0
2026-06-10 12:28:29,-101.8954,32.0526,  14.9,28611,-47.4,-74.7,-70.0,  3,  5, 0.11, 57,16.1
2026-06-10 12:28:30,-101.8955,32.0525,  14.9,28618,-47.4,-74.7,-70.0,  3,  5, 0.11, 57,16.3
2026-06-10 12:28:31,-101.8957,32.0524,  14.9,28624,-47.4,-74.7,-70.0,  3,  5, 0.11, 57,16.4
2026-06-10 12:28:32,-101.8959,32.0523,  14.9,28630,-47.4,-74.7,-70.0,  3,  5, 0.11, 56,16.5
2026-06-10 12:28:33,-101.8960,32.0522,  14.9,28636,-47.4,-74.7,-70.0,  3,  5, 0.11, 56,16.6
2026-06-10 12:28:34,-101.8962,32.0521,  14.9,28643,-47.4,-74.7,-70.0,  3,  5, 0.11, 56,16.7
2026-06-10 12:28:35,-101.8963,32.0520,  14.8,28648,-47.4,-74.7,-70.0,  3,  5, 0.11, 56,16.8
2026-06-10 12:28:36,-101.8965,32.0520,  14.8,28654,-47.4,-74.7,-70.0,  3,  5, 0.11, 56,17.0
2026-06-10 12:28:37,-101.8966,32.0519,  14.8,28660,-47.4,-74.7,-70.0,  3,  5, 0.11, 56,17.1
2026-06-10 12:28:38,-101.8968,32.0518,  14.8,28666,-47.3,-74.7,-70.0,  3,  5, 0.11, 56,17.2
2026-06-10 12:28:39,-101.8969,32.0517,  14.8,28672,-47.3,-74.7,-70.0,  3,  5, 0.11, 56,17.3
2026-06-10 12:28:40,-101.8971,32.0516,  14.8,28677,-47.3,-74.7,-70.0,  3,  5, 0.11, 55,17.4
2026-06-10 12:28:41,-101.8972,32.0515,  14.8,28683,-47.3,-74.7,-70.0,  3,  5, 0.11, 55,17.6
2026-06-10 12:28:42,-101.8974,32.0514,  14.8,28688,-47.3,-74.6,-69.9,  3,  5, 0.11, 55,17.7
2026-06-10 12:28:43,-101.8975,32.0513,  14.7,28693,-47.3,-74.6,-69.9,  3,  5, 0.11, 55,17.8
2026-06-10 12:28:44,-101.8977,32.0512,  14.7,28699,-47.3,-74.6,-69.9,  3,  5, 0.11, 55,17.9
2026-06-10 12:28:45,-101.8979,32.0511,  14.7,28704,-47.3,-74.6,-69.9,  3,  5, 0.11, 55,18.0
2026-06-10 12:28:46,-101.8980,32.0511,  14.7,28710,-47.3,-74.6,-69.9,  3,  5, 0.11, 55,18.2
2026-06-10 12:28:47,-101.8982,32.0510,  14.7,28716,-47.3,-74.6,-69.9,  3,  5, 0.11, 55,18.0
2026-06-10 12:28:48,-101.8983,32.0509,  14.7,28723,-47.3,-74.6,-69.9,  3,  5, 0.11, 55,17.9
2026-06-10 12:28:49,-101.8985,32.0508,  14.7,28729,-47.3,-74.6,-69.9,  3,  5, 0.11, 55,17.8
2026-06-10 12:28:50,-101.8986,32.0507,  14.6,28736,-47.2,-74.6,-69.9,  3,  5, 0.11, 55,17.7
2026-06-10 12:28:51,-101.8988,32.0506,  14.6,28742,-47.2,-74.6,-69.9,  3,  5, 0.11, 55,17.6
2026-06-10 12:28:52,-101.8989,32.0505,  14.6,28747,-47.2,-74.6,-69.9,  3,  5, 0.11, 56,17.5
2026-06-10 12:28:53,-101.8991,32.0504,  14.6,28753,-47.2,-74.6,-69.9,  3,  5, 0.11, 56,17.3
2026-06-10 12:28:54,-101.8992,32.0504,  14.6,28759,-47.2,-74.6,-69.9,  3,  5, 0.11, 56,17.2
2026-06-10 12:28:55,-101.8993,32.0503,  14.6,28765,-47.2,-74.6,-69.9,  3,  5, 0.11, 56,17.1
2026-06-10 12:28:56,-101.8995,32.0502,  14.6,28770,-47.2,-74.6,-69.9,  3,  5, 0.11, 56,17.0
2026-06-10 12:28:57,-101.8996,32.0502,  14.6,28777,-47.2,-74.5,-69.9,  3,  5, 0.11, 56,16.9
2026-06-10 12:28:58,-101.8997,32.0501,  14.5,28783,-47.2,-74.5,-69.8,  3,  5, 0.11, 57,16.8
2026-06-10 12:28:59,-101.8999,32.0500,  14.5,28790,-47.2,-74.5,-69.8,  3,  5, 0.11, 57,16.6
2026-06-10 12:29:00,-101.9000,32.0500,  14.5,28796,-47.1,-74.5,-69.8,  3,  5, 0.11, 57,16.5
2026-06-10 12:29:01,-101.9001,32.0499,  14.5,28803,-47.1,-74.5,-69.8,  3,  5, 0.11, 57,16.4
2026-06-10 12:29:02,-101.9003,32.0498,  14.5,28809,-47.1,-74.5,-69.8,  3,  5, 0.12, 57,16.3
2026-06-10 12:29:03,-101.9004,32.0498,  14.5,28815,-47.1,-74.5,-69.8,  3,  5, 0.12, 57,16.2
2026-06-10 12:29:04,-101.9005,32.0497,  14.5,28822,-47.1,-74.5,-69.8,  3,  5, 0.12, 58,16.1
2026-06-10 12:29:05,-101.9006,32.0496,  14.4,28828,-47.1,-74.5,-69.8,  3,  5, 0.12, 58,15.9
2026-06-10 12:29:06,-101.9008,32.0496,  14.4,28834,-47.1,-74.5,-69.8,  3,  5, 0.12, 58,15.8
2026-06-10 12:29:07,-101.9009,32.0495,  14.4,28840,-47.1,-74.5,-69.8,  3,  5, 0.12, 58,15.7
2026-06-10 12:29:08,-101.9010,32.0494,  14.4,28846,-47.1,-74.5,-69.8,  3,  5, 0.12, 58,15.6
2026-06-10 12:29:09,-101.9012,32.0494,  14.4,28853,-47.1,-74.4,-69.8,  3,  5, 0.12, 58,15.5
2026-06-10 12:29:10,-101.9013,32.0493,  14.4,28859,-47.0,-74.4,-69.8,  3,  5, 0.12, 58,15.4
2026-06-10 12:29:11,-101.9014,32.0492,  14.4,28865,-47.0,-74.4,-69.7,  3,  5, 0.12, 58,15.4
2026-06-10 12:29:12,-101.9016,32.0492,  14.4,28871,-47.0,-74.4,-69.7,  3,  5, 0.12, 58,15.3
2026-06-10 12:29:13,-101.9017,32.0491,  14.3,28877,-47.0,-74.4,-69.7,  3,  5, 0.12, 58,15.2
2026-06-10 12:29:14,-101.9018,32.0490,  14.3,28883,-47.0,-74.4,-69.7,  3,  5, 0.12, 58,15.1
2026-06-10 12:29:15,-101.9019,32.0490,  14.3,28890,-47.0,-74.4,-69.7,  3,  5, 0.12, 58,15.0
2026-06-10 12:29:16,-101.9021,32.0489,  14.3,28897,-47.0,-74.4,-69.7,  3,  5, 0.12, 59,14.9
2026-06-10 12:29:17,-101.9022,32.0488,  14.3,28903,-47.0,-74.4,-69.7,  3,  5, 0.12, 59,14.8
2026-06-10 12:29:18,-101.9023,32.0487,  14.3,28910,-47.0,-74.4,-69.7,  3,  5, 0.12, 59,14.7
2026-06-10 12:29:19,-101.9025,32.0487,  14.3,28916,-47.0,-74.4,-69.7,  3,  5, 0.12, 59,14.6
2026-06-10 12:29:20,-101.9026,32.0486,  14.2,28923,-46.9,-74.4,-69.7,  3,  5, 0.12, 59,14.5
2026-06-10 12:29:21,-101.9027,32.0485,  14.2,28929,-46.9,-74.3,-69.7,  3,  5, 0.12, 59,14.4
2026-06-10 12:29:22,-101.9029,32.0485,  14.2,28936,-46.9,-74.3,-69.6,  3,  5, 0.12, 59,14.3
2026-06-10 12:29:23,-101.9030,32.0484,  14.2,28942,-46.9,-74.3,-69.6,  3,  5, 0.12, 59,14.2
2026-06-10 12:29:24,-101.9031,32.0483,  14.2,28948,-46.9,-74.3,-69.6,  3,  5, 0.12, 59,14.1
2026-06-10 12:29:25,-101.9033,32.0483,  14.2,28954,-46.9,-74.3,-69.6,  3,  5, 0.12, 59,14.0
2026-06-10 12:29:26,-101.9034,32.0482,  14.2,28960,-46.9,-74.3,-69.6,  3,  5, 0.12, 59,13.9
2026-06-10 12:29:27,-101.9036,32.0482,  14.1,28966,-46.8,-74.3,-69.6,  3,  5, 0.12, 59,14.0
2026-06-10 12:29:28,-101.9037,32.0481,  14.1,28972,-46.8,-74.3,-69.6,  3,  5, 0.12, 60,14.0
2026-06-10 12:29:29,-101.9039,32.0481,  14.1,28978,-46.8,-74.3,-69.6,  3,  5, 0.12, 60,14.1
2026-06-10 12:29:30,-101.9040,32.0480,  14.1,28984,-46.8,-74.3,-69.6,  3,  5, 0.12, 60,14.1
2026-06-10 12:29:31,-101.9042,32.0479,  14.1,28990,-46.8,-74.3,-69.6,  3,  5, 0.12, 60,14.2
2026-06-10 12:29:32,-101.9043,32.0479,  14.1,28996,-46.8,-74.3,-69.6,  3,  5, 0.12, 60,14.3
2026-06-10 12:29:33,-101.9044,32.0478,  14.1,29002,-46.8,-74.3,-69.6,  3,  5, 0.12, 61,14.3
2026-06-10 12:29:34,-101.9046,32.0477,  14.1,29008,-46.7,-74.3,-69.6,  3,  5, 0.12, 61,14.4
2026-06-10 12:29:35,-101.9047,32.0477,  14.0,29014,-46.7,-74.3,-69.6,  3,  5, 0.12, 61,14.4
2026-06-10 12:29:36,-101.9049,32.0476,  14.0,29021,-46.7,-74.3,-69.6,  3,  5, 0.12, 61,14.5
2026-06-10 12:29:37,-101.9050,32.0476,  14.0,29027,-46.7,-74.3,-69.6,  3,  5, 0.12, 61,14.6
2026-06-10 12:29:38,-101.9052,32.0475,  14.0,29034,-46.7,-74.2,-69.5,  3,  5, 0.12, 62,14.6
2026-06-10 12:29:39,-101.9053,32.0474,  14.0,29040,-46.7,-74.2,-69.5,  3,  5, 0.12, 62,14.7
2026-06-10 12:29:40,-101.9055,32.0474,  14.0,29047,-46.6,-74.2,-69.5,  3,  5, 0.12, 62,14.7
2026-06-10 12:29:41,-101.9056,32.0473,  14.0,29054,-46.6,-74.2,-69.5,  3,  5, 0.12, 62,14.8
2026-06-10 12:29:42,-101.9058,32.0473,  13.9,29060,-46.6,-74.2,-69.5,  3,  5, 0.13, 62,14.9
2026-06-10 12:29:43,-101.9059,32.0472,  13.9,29067,-46.6,-74.2,-69.5,  3,  5, 0.13, 63,14.9
2026-06-10 12:29:44,-101.9060,32.0471,  13.9,29074,-46.6,-74.1,-69.4,  3,  5, 0.13, 63,15.0
2026-06-10 12:29:45,-101.9062,32.0471,  13.9,29081,-46.5,-74.1,-69.4,  3,  5, 0.13, 63,15.0
2026-06-10 12:29:46,-101.9063,32.0470,  13.9,29088,-46.5,-74.1,-69.4,  3,  5, 0.13, 63,15.1
2026-06-10 12:29:47,-101.9065,32.0470,  13.9,29095,-46.5,-74.1,-69.4,  3,  5, 0.13, 63,15.1
2026-06-10 12:29:48,-101.9066,32.0469,  13.9,29102,-46.5,-74.1,-69.4,  3,  5, 0.13, 64,15.2
2026-06-10 12:29:49,-101.9068,32.0468,  13.8,29109,-46.5,-74.1,-69.4,  3,  5, 0.13, 64,15.2
2026-06-10 12:29:50,-101.9069,32.0468,  13.8,29117,-46.5,-74.0,-69.4,  3,  5, 0.13, 64,15.3
2026-06-10 12:29:51,-101.9071,32.0467,  13.8,29124,-46.4,-74.0,-69.3,  3,  5, 0.13, 64,15.3
2026-06-10 12:29:52,-101.9072,32.0466,  13.8,29131,-46.4,-74.0,-69.3,  3,  5, 0.13, 64,15.4
2026-06-10 12:29:53,-101.9073,32.0466,  13.8,29138,-46.4,-74.0,-69.3,  3,  5, 0.13, 64,15.4
2026-06-10 12:29:54,-101.9075,32.0465,  13.8,29145,-46.4,-74.0,-69.3,  3,  5, 0.13, 64,15.5
2026-06-10 12:29:55,-101.9077,32.0465,  13.8,29151,-46.3,-74.0,-69.3,  3,  5, 0.13, 64,15.5
2026-06-10 12:29:56,-101.9078,32.0464,  13.7,29158,-46.3,-74.0,-69.3,  3,  5, 0.13, 64,15.6
2026-06-10 12:29:57,-101.9080,32.0464,  13.7,29165,-46.3,-74.0,-69.3,  3,  5, 0.13, 65,15.6
2026-06-10 12:29:58,-101.9081,32.0463,  13.7,29172,-46.3,-74.0,-69.3,  3,  5, 0.13, 65,15.7
2026-06-10 12:29:59,-101.9083,32.0462,  13.7,29178,-46.3,-74.0,-69.3,  3,  5, 0.13, 65,15.7
2026-06-10 12:30:00,-101.9084,32.0462,  13.7,29184,-46.2,-74.0,-69.3,  3,  5, 0.13, 65,15.8
2026-06-10 12:30:01,-101.9086,32.0461,  13.7,29190,-46.2,-73.9,-69.3,  3,  5, 0.13, 65,15.8
2026-06-10 12:30:02,-101.9087,32.0461,  13.7,29196,-46.2,-73.9,-69.2,  3,  5, 0.13, 65,15.9
2026-06-10 12:30:03,-101.9089,32.0460,  13.7,29203,-46.2,-73.9,-69.2,  3,  5, 0.13, 65,15.9
2026-06-10 12:30:04,-101.9090,32.0459,  13.6,29209,-46.2,-73.9,-69.2,  3,  5, 0.13, 65,16.0
2026-06-10 12:30:05,-101.9092,32.0459,  13.6,29216,-46.1,-73.9,-69.2,  3,  5, 0.13, 65,16.0
2026-06-10 12:30:06,-101.9093,32.0458,  13.6,29222,-46.1,-73.9,-69.2,  3,  5, 0.13, 66,16.0
2026-06-10 12:30:07,-101.9095,32.0458,  13.6,29229,-46.1,-73.9,-69.2,  3,  5, 0.13, 66,16.0
2026-06-10 12:30:08,-101.9097,32.0457,  13.6,29235,-46.1,-73.9,-69.2,  3,  5, 0.13, 65,16.0
2026-06-10 12:30:09,-101.9098,32.0456,  13.6,29242,-46.0,-73.9,-69.2,  3,  5, 0.13, 65,16.0
2026-06-10 12:30:10,-101.9100,32.0456,  13.6,29249,-46.0,-73.8,-69.2,  3,  5, 0.14, 65,16.0
2026-06-10 12:30:11,-101.9101,32.0455,  13.5,29256,-46.0,-73.8,-69.1,  3,  5, 0.14, 65,16.0
2026-06-10 12:30:12,-101.9103,32.0455,  13.5,29263,-46.0,-73.8,-69.1,  3,  5, 0.14, 65,16.0
2026-06-10 12:30:13,-101.9104,32.0454,  13.5,29270,-45.9,-73.8,-69.1,  3,  5, 0.14, 65,16.0
2026-06-10 12:30:14,-101.9106,32.0453,  13.5,29277,-45.9,-73.8,-69.1,  3,  5, 0.14, 65,16.0
2026-06-10 12:30:15,-101.9107,32.0453,  13.5,29284,-45.9,-73.8,-69.1,  3,  5, 0.14, 65,15.9
2026-06-10 12:30:16,-101.9109,32.0452,  13.5,29288,-45.9,-73.8,-69.1,  3,  5, 0.14, 65,15.9
2026-06-10 12:30:17,-101.9110,32.0452,  13.5,29298,-45.8,-73.7,-69.1,  3,  5, 0.14, 65,15.9
2026-06-10 12:30:18,-101.9112,32.0451,  13.4,29306,-45.8,-73.7,-69.0,  3,  5, 0.14, 65,15.9
2026-06-10 12:30:19,-101.9113,32.0451,  13.4,29313,-45.8,-73.7,-69.0,  3,  5, 0.14, 65,15.9
2026-06-10 12:30:20,-101.9115,32.0450,  13.4,29320,-45.8,-73.7,-69.0,  3,  5, 0.14, 65,15.9
2026-06-10 12:30:21,-101.9116,32.0449,  13.4,29328,-45.7,-73.7,-69.0,  3,  5, 0.14, 65,15.9
2026-06-10 12:30:22,-101.9118,32.0449,  13.4,29335,-45.7,-73.6,-69.0,  3,  5, 0.14, 65,15.9
2026-06-10 12:30:23,-101.9120,32.0448,  13.4,29343,-45.7,-73.6,-68.9,  3,  5, 0.14, 65,15.9
2026-06-10 12:30:24,-101.9121,32.0448,  13.4,29350,-45.7,-73.6,-68.9,  3,  5, 0.14, 65,15.9
2026-06-10 12:30:25,-101.9123,32.0447,  13.3,29358,-45.6,-73.6,-68.9,  3,  5, 0.14, 65,15.8
2026-06-10 12:30:26,-101.9125,32.0447,  13.3,29365,-45.6,-73.6,-68.9,  3,  5, 0.14, 65,15.8
2026-06-10 12:30:27,-101.9127,32.0447,  13.3,29372,-45.6,-73.5,-68.9,  3,  5, 0.14, 65,15.9
2026-06-10 12:30:28,-101.9129,32.0447,  13.3,29379,-45.6,-73.5,-68.8,  3,  5, 0.15, 66,16.0
2026-06-10 12:30:29,-101.9131,32.0446,  13.3,29386,-45.5,-73.5,-68.8,  3,  5, 0.15, 67,16.1
2026-06-10 12:30:30,-101.9132,32.0446,  13.3,29393,-45.5,-73.5,-68.8,  3,  5, 0.15, 68,16.2
2026-06-10 12:30:31,-101.9134,32.0446,  13.3,29400,-45.5,-73.4,-68.8,  3,  5, 0.15, 68,16.3
2026-06-10 12:30:32,-101.9136,32.0445,  13.2,29407,-45.4,-73.4,-68.7,  3,  5, 0.15, 69,16.4
2026-06-10 12:30:33,-101.9138,32.0445,  13.2,29414,-45.4,-73.4,-68.7,  3,  5, 0.15, 70,16.5
2026-06-10 12:30:34,-101.9140,32.0445,  13.2,29421,-45.4,-73.4,-68.7,  3,  5, 0.15, 71,16.7
2026-06-10 12:30:35,-101.9142,32.0445,  13.2,29428,-45.3,-73.3,-68.7,  3,  5, 0.15, 71,16.8
2026-06-10 12:30:36,-101.9144,32.0444,  13.2,29435,-45.3,-73.3,-68.6,  3,  5, 0.15, 72,16.9
2026-06-10 12:30:37,-101.9146,32.0444,  13.2,29442,-45.3,-73.3,-68.6,  3,  5, 0.15, 73,17.0
2026-06-10 12:30:38,-101.9147,32.0444,  13.2,29449,-45.3,-73.3,-68.6,  3,  5, 0.15, 73,17.1
2026-06-10 12:30:39,-101.9149,32.0443,  13.1,29456,-45.2,-73.2,-68.6,  3,  5, 0.15, 74,17.3
2026-06-10 12:30:40,-101.9151,32.0443,  13.1,29463,-45.2,-73.2,-68.5,  3,  5, 0.15, 75,17.4
2026-06-10 12:30:41,-101.9153,32.0443,  13.1,29470,-45.2,-73.2,-68.5,  3,  5, 0.15, 75,17.5
2026-06-10 12:30:42,-101.9155,32.0443,  13.1,29477,-45.1,-73.2,-68.5,  3,  5, 0.16, 76,17.6
2026-06-10 12:30:43,-101.9157,32.0442,  13.1,29485,-45.1,-73.1,-68.5,  3,  5, 0.16, 76,17.8
2026-06-10 12:30:44,-101.9159,32.0442,  13.1,29492,-45.1,-73.1,-68.4,  3,  5, 0.16, 77,17.9
2026-06-10 12:30:45,-101.9160,32.0442,  13.1,29499,-45.1,-73.1,-68.4,  3,  5, 0.16, 78,18.0
2026-06-10 12:30:46,-101.9162,32.0441,  13.0,29506,-45.0,-73.1,-68.4,  3,  5, 0.16, 78,18.2
2026-06-10 12:30:47,-101.9164,32.0441,  13.0,29513,-45.0,-73.0,-68.4,  3,  5, 0.16, 79,18.2
2026-06-10 12:30:48,-101.9166,32.0441,  13.0,29520,-45.0,-73.0,-68.4,  3,  5, 0.16, 79,18.2
2026-06-10 12:30:49,-101.9168,32.0441,  13.0,29527,-45.0,-73.0,-68.3,  3,  5, 0.16, 80,18.2
2026-06-10 12:30:50,-101.9170,32.0440,  13.0,29534,-44.9,-73.0,-68.3,  3,  5, 0.16, 80,18.2
2026-06-10 12:30:51,-101.9172,32.0440,  13.0,29541,-44.9,-73.0,-68.3,  3,  5, 0.16, 81,18.2
2026-06-10 12:30:52,-101.9174,32.0440,  13.0,29548,-44.9,-72.9,-68.3,  3,  5, 0.16, 81,18.2
2026-06-10 12:30:53,-101.9175,32.0439,  12.9,29555,-44.9,-72.9,-68.2,  3,  5, 0.16, 82,18.2
2026-06-10 12:30:54,-101.9177,32.0439,  12.9,29562,-44.8,-72.9,-68.2,  3,  5, 0.16, 82,18.2
2026-06-10 12:30:55,-101.9179,32.0439,  12.9,29569,-44.8,-72.9,-68.2,  3,  5, 0.16, 83,18.2
2026-06-10 12:30:56,-101.9181,32.0439,  12.9,29576,-44.8,-72.8,-68.2,  3,  5, 0.16, 83,18.2
2026-06-10 12:30:57,-101.9182,32.0439,  12.9,29583,-44.8,-72.8,-68.1,  3,  5, 0.17, 84,18.2
2026-06-10 12:30:58,-101.9184,32.0439,  12.9,29590,-44.7,-72.8,-68.1,  3,  5, 0.17, 84,18.2
2026-06-10 12:30:59,-101.9186,32.0439,  12.9,29597,-44.7,-72.8,-68.1,  3,  5, 0.17, 85,18.2
2026-06-10 12:31:00,-101.9188,32.0439,  12.9,29603,-44.7,-72.7,-68.1,  3,  5, 0.17, 85,18.3
2026-06-10 12:31:01,-101.9189,32.0439,  12.8,29610,-44.7,-72.7,-68.1,  3,  5, 0.17, 86,18.3
2026-06-10 12:31:02,-101.9191,32.0439,  12.8,29617,-44.6,-72.7,-68.0,  3,  5, 0.17, 86,18.3
2026-06-10 12:31:03,-101.9193,32.0438,  12.8,29624,-44.6,-72.7,-68.0,  3,  5, 0.17, 86,18.3
2026-06-10 12:31:04,-101.9194,32.0438,  12.8,29631,-44.6,-72.6,-68.0,  3,  5, 0.17, 87,18.3
2026-06-10 12:31:05,-101.9196,32.0438,  12.8,29639,-44.6,-72.6,-68.0,  3,  5, 0.17, 87,18.4
2026-06-10 12:31:06,-101.9198,32.0438,  12.8,29646,-44.5,-72.6,-67.9,  3,  5, 0.17, 88,18.4
2026-06-10 12:31:07,-101.9200,32.0438,  12.8,29653,-44.5,-72.6,-67.9,  3,  5, 0.17, 88,18.2
2026-06-10 12:31:08,-101.9201,32.0438,  12.7,29659,-44.5,-72.6,-67.9,  3,  5, 0.17, 88,18.1
2026-06-10 12:31:09,-101.9203,32.0438,  12.7,29666,-44.5,-72.5,-67.9,  3,  5, 0.18, 88,17.9
2026-06-10 12:31:10,-101.9205,32.0438,  12.7,29672,-44.4,-72.5,-67.8,  3,  5, 0.18, 87,17.7
2026-06-10 12:31:11,-101.9206,32.0438,  12.7,29678,-44.4,-72.5,-67.8,  3,  5, 0.18, 87,17.6
2026-06-10 12:31:12,-101.9208,32.0438,  12.7,29685,-44.4,-72.5,-67.8,  3,  5, 0.18, 87,17.4
2026-06-10 12:31:13,-101.9210,32.0438,  12.7,29691,-44.4,-72.5,-67.8,  3,  5, 0.18, 87,17.2
2026-06-10 12:31:14,-101.9212,32.0438,  12.7,29698,-44.4,-72.4,-67.8,  3,  5, 0.18, 87,17.1
2026-06-10 12:31:15,-101.9213,32.0437,  12.7,29705,-44.3,-72.4,-67.8,  3,  5, 0.18, 87,16.9
2026-06-10 12:31:16,-101.9215,32.0437,  12.6,29712,-44.3,-72.4,-67.7,  3,  5, 0.18, 87,16.7
2026-06-10 12:31:17,-101.9217,32.0437,  12.6,29719,-44.3,-72.4,-67.7,  3,  5, 0.18, 86,16.6
2026-06-10 12:31:18,-101.9218,32.0437,  12.6,29726,-44.3,-72.4,-67.7,  3,  5, 0.18, 86,16.4
2026-06-10 12:31:19,-101.9220,32.0437,  12.6,29732,-44.3,-72.4,-67.7,  3,  5, 0.18, 86,16.3
2026-06-10 12:31:20,-101.9222,32.0437,  12.6,29739,-44.2,-72.3,-67.7,  3,  5, 0.18, 86,16.1
2026-06-10 12:31:21,-101.9224,32.0437,  12.6,29746,-44.2,-72.3,-67.7,  3,  5, 0.18, 86,15.9
2026-06-10 12:31:22,-101.9225,32.0437,  12.6,29753,-44.2,-72.3,-67.7,  3,  5, 0.18, 86,15.8
2026-06-10 12:31:23,-101.9227,32.0437,  12.6,29760,-44.2,-72.3,-67.6,  3,  5, 0.18, 85,15.6
2026-06-10 12:31:24,-101.9229,32.0437,  12.5,29766,-44.2,-72.3,-67.6,  3,  5, 0.18, 85,15.5
2026-06-10 12:31:25,-101.9230,32.0436,  12.5,29773,-44.1,-72.3,-67.6,  3,  5, 0.18, 85,15.3
2026-06-10 12:31:26,-101.9231,32.0436,  12.5,29780,-44.1,-72.2,-67.6,  3,  5, 0.19, 85,15.1
2026-06-10 12:31:27,-101.9232,32.0436,  12.5,29788,-44.1,-72.2,-67.6,  3,  5, 0.19, 85,15.0
2026-06-10 12:31:28,-101.9234,32.0435,  12.5,29795,-44.1,-72.2,-67.6,  3,  5, 0.19, 84,14.8
2026-06-10 12:31:29,-101.9235,32.0435,  12.5,29802,-44.1,-72.2,-67.5,  3,  5, 0.19, 84,14.7
2026-06-10 12:31:30,-101.9236,32.0435,  12.5,29809,-44.0,-72.2,-67.5,  3,  5, 0.19, 84,14.6
2026-06-10 12:31:31,-101.9237,32.0434,  12.5,29815,-44.0,-72.2,-67.5,  3,  5, 0.19, 83,14.4
2026-06-10 12:31:32,-101.9239,32.0434,  12.4,29822,-44.0,-72.1,-67.5,  3,  5, 0.19, 83,14.3
2026-06-10 12:31:33,-101.9240,32.0434,  12.4,29829,-44.0,-72.1,-67.5,  3,  5, 0.19, 83,14.1
2026-06-10 12:31:34,-101.9241,32.0434,  12.4,29836,-44.0,-72.1,-67.5,  3,  5, 0.19, 82,14.0
2026-06-10 12:31:35,-101.9242,32.0433,  12.4,29843,-43.9,-72.1,-67.4,  3,  5, 0.19, 82,13.9
2026-06-10 12:31:36,-101.9244,32.0433,  12.4,29850,-43.9,-72.1,-67.4,  3,  5, 0.19, 82,13.7
2026-06-10 12:31:37,-101.9245,32.0433,  12.4,29856,-43.9,-72.1,-67.4,  3,  5, 0.19, 81,13.6
2026-06-10 12:31:38,-101.9246,32.0432,  12.4,29863,-43.9,-72.0,-67.4,  3,  5, 0.19, 81,13.4
2026-06-10 12:31:39,-101.9247,32.0432,  12.4,29870,-43.9,-72.0,-67.4,  3,  5, 0.19, 81,13.3
2026-06-10 12:31:40,-101.9249,32.0432,  12.3,29877,-43.8,-72.0,-67.3,  3,  5, 0.20, 80,13.2
2026-06-10 12:31:41,-101.9250,32.0432,  12.3,29884,-43.8,-72.0,-67.3,  3,  5, 0.20, 80,13.0
2026-06-10 12:31:42,-101.9251,32.0431,  12.3,29891,-43.8,-72.0,-67.3,  3,  5, 0.20, 79,12.9
2026-06-10 12:31:43,-101.9252,32.0431,  12.3,29897,-43.8,-71.9,-67.3,  3,  5, 0.20, 79,12.8
2026-06-10 12:31:44,-101.9254,32.0431,  12.3,29904,-43.7,-71.9,-67.2,  3,  5, 0.20, 79,12.6
2026-06-10 12:31:45,-101.9255,32.0430,  12.3,29911,-43.7,-71.9,-67.2,  3,  5, 0.20, 78,12.5
2026-06-10 12:31:46,-101.9256,32.0430,  12.3,29918,-43.7,-71.9,-67.2,  3,  5, 0.20, 78,12.4
2026-06-10 12:31:47,-101.9257,32.0430,  12.3,29925,-43.7,-71.8,-67.2,  3,  5, 0.20, 77,12.3
2026-06-10 12:31:48,-101.9259,32.0429,  12.2,29931,-43.7,-71.8,-67.2,  3,  5, 0.20, 76,12.3
2026-06-10 12:31:49,-101.9260,32.0429,  12.2,29937,-43.7,-71.8,-67.1,  3,  5, 0.20, 76,12.3
2026-06-10 12:31:50,-101.9261,32.0429,  12.2,29943,-43.6,-71.8,-67.1,  3,  5, 0.20, 75,12.3
2026-06-10 12:31:51,-101.9262,32.0429,  12.2,29950,-43.6,-71.8,-67.1,  3,  5, 0.20, 74,12.3
2026-06-10 12:31:52,-101.9264,32.0428,  12.2,29956,-43.6,-71.8,-67.1,  3,  5, 0.20, 73,12.3
2026-06-10 12:31:53,-101.9265,32.0428,  12.2,29962,-43.6,-71.7,-67.1,  3,  5, 0.20, 73,12.3
2026-06-10 12:31:54,-101.9266,32.0428,  12.2,29968,-43.6,-71.7,-67.1,  3,  5, 0.20, 72,12.3
2026-06-10 12:31:55,-101.9267,32.0427,  12.2,29973,-43.6,-71.7,-67.1,  3,  5, 0.20, 71,12.2
2026-06-10 12:31:56,-101.9269,32.0427,  12.2,29979,-43.5,-71.7,-67.1,  3,  5, 0.21, 70,12.2
2026-06-10 12:31:57,-101.9270,32.0426,  12.1,29985,-43.5,-71.7,-67.0,  3,  5, 0.21, 69,12.2
2026-06-10 12:31:58,-101.9271,32.0425,  12.1,29991,-43.5,-71.7,-67.0,  3,  5, 0.21, 69,12.2
2026-06-10 12:31:59,-101.9272,32.0424,  12.1,29998,-43.5,-71.7,-67.0,  3,  5, 0.21, 68,12.2
2026-06-10 12:32:00,-101.9273,32.0423,  12.1,30004,-43.5,-71.7,-67.0,  3,  5, 0.21, 67,12.3
2026-06-10 12:32:01,-101.9275,32.0423,  12.1,30010,-43.5,-71.6,-67.0,  3,  5, 0.21, 66,12.3
2026-06-10 12:32:02,-101.9276,32.0422,  12.1,30016,-43.4,-71.6,-67.0,  3,  5, 0.21, 66,12.3
2026-06-10 12:32:03,-101.9277,32.0421,  12.1,30022,-43.4,-71.6,-67.0,  3,  5, 0.21, 65,12.3
2026-06-10 12:32:04,-101.9278,32.0420,  12.1,30029,-43.4,-71.6,-67.0,  3,  5, 0.21, 64,12.3
2026-06-10 12:32:05,-101.9279,32.0419,  12.1,30035,-43.4,-71.6,-66.9,  3,  5, 0.21, 63,12.3
2026-06-10 12:32:06,-101.9281,32.0419,  12.0,30041,-43.4,-71.6,-66.9,  3,  5, 0.21, 63,12.3
2026-06-10 12:32:07,-101.9282,32.0418,  12.0,30048,-43.4,-71.6,-66.9,  3,  5, 0.21, 62,12.5
2026-06-10 12:32:08,-101.9283,32.0417,  12.0,30054,-43.4,-71.5,-66.9,  3,  5, 0.21, 61,12.6
2026-06-10 12:32:09,-101.9284,32.0416,  12.0,30061,-43.4,-71.5,-66.9,  3,  5, 0.21, 60,12.7
2026-06-10 12:32:10,-101.9285,32.0415,  12.0,30067,-43.4,-71.5,-66.9,  3,  5, 0.21, 60,12.8
2026-06-10 12:32:11,-101.9287,32.0415,  12.0,30074,-43.3,-71.5,-66.8,  3,  5, 0.21, 59,13.0
2026-06-10 12:32:12,-101.9288,32.0414,  12.0,30081,-43.3,-71.5,-66.8,  3,  5, 0.22, 58,13.1
2026-06-10 12:32:13,-101.9289,32.0413,  12.0,30087,-43.3,-71.5,-66.8,  3,  5, 0.22, 58,13.2
2026-06-10 12:32:14,-101.9290,32.0412,  11.9,30094,-43.3,-71.4,-66.8,  3,  5, 0.22, 57,13.3
2026-06-10 12:32:15,-101.9291,32.0411,  11.9,30100,-43.3,-71.4,-66.8,  3,  5, 0.22, 56,13.5
2026-06-10 12:32:16,-101.9293,32.0411,  11.9,30107,-43.3,-71.4,-66.8,  3,  5, 0.22, 56,13.6
2026-06-10 12:32:17,-101.9294,32.0410,  11.9,30113,-43.3,-71.4,-66.8,  3,  5, 0.22, 55,13.8
2026-06-10 12:32:18,-101.9295,32.0409,  11.9,30119,-43.3,-71.4,-66.7,  3,  5, 0.22, 54,13.9
2026-06-10 12:32:19,-101.9296,32.0408,  11.9,30126,-43.3,-71.4,-66.7,  3,  5, 0.22, 54,14.0
2026-06-10 12:32:20,-101.9297,32.0407,  11.9,30132,-43.3,-71.4,-66.7,  3,  5, 0.22, 53,14.2
2026-06-10 12:32:21,-101.9299,32.0407,  11.9,30139,-43.3,-71.4,-66.7,  3,  5, 0.22, 53,14.3
2026-06-10 12:32:22,-101.9300,32.0406,  11.9,30146,-43.3,-71.4,-66.7,  3,  5, 0.22, 52,14.5
2026-06-10 12:32:23,-101.9301,32.0405,  11.8,30153,-43.3,-71.3,-66.7,  3,  5, 0.22, 51,14.6
2026-06-10 12:32:24,-101.9302,32.0404,  11.8,30159,-43.3,-71.3,-66.7,  3,  5, 0.22, 51,14.8
2026-06-10 12:32:25,-101.9303,32.0403,  11.8,30166,-43.3,-71.3,-66.7,  3,  5, 0.22, 50,14.9
2026-06-10 12:32:26,-101.9305,32.0403,  11.8,30173,-43.3,-71.3,-66.7,  3,  5, 0.22, 50,15.1
2026-06-10 12:32:27,-101.9306,32.0401,  11.8,30180,-43.3,-71.3,-66.7,  3,  5, 0.22, 49,15.2
2026-06-10 12:32:28,-101.9307,32.0400,  11.8,30189,-43.3,-71.3,-66.6,  3,  5, 0.23, 48,15.4
2026-06-10 12:32:29,-101.9308,32.0399,  11.8,30193,-43.3,-71.3,-66.6,  3,  5, 0.23, 48,15.5
2026-06-10 12:32:30,-101.9309,32.0397,  11.8,30200,-43.3,-71.3,-66.6,  3,  5, 0.23, 47,15.7
2026-06-10 12:32:31,-101.9311,32.0396,  11.7,30206,-43.3,-71.3,-66.6,  3,  5, 0.23, 46,15.9
2026-06-10 12:32:32,-101.9312,32.0395,  11.7,30213,-43.3,-71.3,-66.6,  3,  5, 0.23, 46,16.0
2026-06-10 12:32:33,-101.9313,32.0394,  11.7,30220,-43.3,-71.2,-66.6,  3,  5, 0.23, 45,16.2
2026-06-10 12:32:34,-101.9314,32.0392,  11.7,30227,-43.3,-71.2,-66.6,  3,  5, 0.23, 44,16.3
2026-06-10 12:32:35,-101.9315,32.0391,  11.7,30233,-43.3,-71.2,-66.6,  3,  5, 0.23, 44,16.5
2026-06-10 12:32:36,-101.9316,32.0390,  11.7,30240,-43.3,-71.2,-66.6,  3,  5, 0.23, 43,16.7
2026-06-10 12:32:37,-101.9318,32.0388,  11.7,30247,-43.3,-71.2,-66.6,  3,  5, 0.23, 43,16.9
2026-06-10 12:32:38,-101.9319,32.0387,  11.7,30253,-43.3,-71.2,-66.5,  3,  5, 0.23, 42,17.0
2026-06-10 12:32:39,-101.9320,32.0386,  11.7,30260,-43.3,-71.2,-66.5,  3,  5, 0.23, 41,17.2
2026-06-10 12:32:40,-101.9321,32.0384,  11.6,30266,-43.3,-71.2,-66.5,  3,  5, 0.23, 41,17.4
2026-06-10 12:32:41,-101.9322,32.0383,  11.6,30273,-43.4,-71.2,-66.5,  3,  5, 0.23, 40,17.6
2026-06-10 12:32:42,-101.9324,32.0382,  11.6,30280,-43.4,-71.2,-66.5,  3,  5, 0.23, 40,17.7
2026-06-10 12:32:43,-101.9325,32.0381,  11.6,30286,-43.4,-71.2,-66.5,  3,  5, 0.23, 39,17.9
2026-06-10 12:32:44,-101.9326,32.0379,  11.6,30292,-43.4,-71.2,-66.5,  3,  5, 0.23, 39,18.1
2026-06-10 12:32:45,-101.9327,32.0378,  11.6,30299,-43.4,-71.2,-66.5,  3,  5, 0.23, 38,18.3
2026-06-10 12:32:46,-101.9328,32.0377,  11.6,30305,-43.4,-71.2,-66.5,  3,  5, 0.23, 38,18.5
2026-06-10 12:32:47,-101.9329,32.0375,  11.6,30312,-43.4,-71.2,-66.5,  3,  5, 0.23, 38,18.5
2026-06-10 12:32:48,-101.9331,32.0374,  11.6,30318,-43.4,-71.2,-66.5,  3,  5, 0.23, 38,18.4
2026-06-10 12:32:49,-101.9332,32.0373,  11.5,30325,-43.4,-71.2,-66.5,  3,  5, 0.24, 38,18.4
2026-06-10 12:32:50,-101.9333,32.0372,  11.5,30332,-43.4,-71.2,-66.5,  3,  5, 0.23, 38,18.4
2026-06-10 12:32:51,-101.9334,32.0370,  11.5,30338,-43.5,-71.2,-66.5,  3,  5, 0.23, 38,18.4
2026-06-10 12:32:52,-101.9335,32.0369,  11.5,30345,-43.5,-71.2,-66.5,  3,  5, 0.23, 38,18.3
2026-06-10 12:32:53,-101.9337,32.0368,  11.5,30352,-43.5,-71.2,-66.5,  3,  5, 0.23, 38,18.3
2026-06-10 12:32:54,-101.9338,32.0366,  11.5,30359,-43.5,-71.2,-66.5,  3,  5, 0.23, 38,18.3
2026-06-10 12:32:55,-101.9339,32.0365,  11.5,30365,-43.5,-71.2,-66.5,  3,  5, 0.23, 38,18.3
2026-06-10 12:32:56,-101.9340,32.0364,  11.5,30372,-43.5,-71.2,-66.5,  3,  5, 0.23, 38,18.2
2026-06-10 12:32:57,-101.9341,32.0363,  11.5,30378,-43.5,-71.2,-66.5,  3,  5, 0.23, 38,18.2
2026-06-10 12:32:58,-101.9343,32.0361,  11.4,30385,-43.5,-71.2,-66.5,  3,  5, 0.24, 38,18.2
2026-06-10 12:32:59,-101.9344,32.0360,  11.4,30391,-43.5,-71.2,-66.5,  3,  5, 0.24, 38,18.2
2026-06-10 12:33:00,-101.9345,32.0359,  11.4,30398,-43.6,-71.2,-66.5,  3,  5, 0.24, 38,18.2
2026-06-10 12:33:01,-101.9346,32.0358,  11.4,30405,-43.6,-71.2,-66.5,  3,  5, 0.24, 38,18.1
2026-06-10 12:33:02,-101.9348,32.0357,  11.4,30412,-43.6,-71.2,-66.6,  3,  5, 0.24, 38,18.1
2026-06-10 12:33:03,-101.9349,32.0356,  11.4,30419,-43.6,-71.2,-66.6,  3,  5, 0.24, 38,18.1
2026-06-10 12:33:04,-101.9350,32.0355,  11.4,30425,-43.6,-71.2,-66.6,  3,  5, 0.24, 37,18.1
2026-06-10 12:33:05,-101.9352,32.0353,  11.4,30432,-43.6,-71.2,-66.6,  3,  5, 0.24, 37,18.0
2026-06-10 12:33:06,-101.9353,32.0352,  11.4,30439,-43.6,-71.2,-66.6,  3,  5, 0.24, 37,18.0
2026-06-10 12:33:07,-101.9354,32.0351,  11.3,30445,-43.6,-71.2,-66.6,  3,  5, 0.24, 38,18.0
2026-06-10 12:33:08,-101.9355,32.0350,  11.3,30452,-43.6,-71.2,-66.6,  3,  5, 0.24, 38,17.9
2026-06-10 12:33:09,-101.9357,32.0349,  11.3,30458,-43.7,-71.2,-66.6,  3,  5, 0.24, 39,17.9
2026-06-10 12:33:10,-101.9358,32.0348,  11.3,30465,-43.7,-71.2,-66.6,  3,  5, 0.24, 39,17.9
2026-06-10 12:33:11,-101.9359,32.0346,  11.3,30472,-43.7,-71.2,-66.6,  3,  5, 0.24, 39,17.8
2026-06-10 12:33:12,-101.9361,32.0345,  11.3,30479,-43.7,-71.3,-66.6,  3,  5, 0.24, 40,17.8
2026-06-10 12:33:13,-101.9362,32.0344,  11.3,30485,-43.7,-71.3,-66.6,  3,  5, 0.24, 40,17.8
2026-06-10 12:33:14,-101.9363,32.0343,  11.3,30492,-43.7,-71.3,-66.6,  3,  5, 0.24, 40,17.7
2026-06-10 12:33:15,-101.9364,32.0342,  11.3,30499,-43.7,-71.3,-66.6,  3,  5, 0.23, 41,17.7
2026-06-10 12:33:16,-101.9366,32.0341,  11.2,30505,-43.8,-71.3,-66.7,  3,  5, 0.24, 41,17.7
2026-06-10 12:33:17,-101.9367,32.0340,  11.2,30512,-43.8,-71.3,-66.7,  3,  5, 0.24, 41,17.6
2026-06-10 12:33:18,-101.9368,32.0339,  11.2,30518,-43.8,-71.3,-66.7,  3,  5, 0.24, 42,17.6
2026-06-10 12:33:19,-101.9370,32.0337,  11.2,30524,-43.8,-71.3,-66.7,  3,  5, 0.24, 42,17.6
2026-06-10 12:33:20,-101.9371,32.0336,  11.2,30530,-43.8,-71.4,-66.7,  3,  5, 0.23, 43,17.5
2026-06-10 12:33:21,-101.9372,32.0335,  11.2,30536,-43.8,-71.4,-66.7,  3,  5, 0.23, 43,17.5
2026-06-10 12:33:22,-101.9373,32.0334,  11.2,30541,-43.8,-71.4,-66.7,  3,  5, 0.23, 43,17.5
2026-06-10 12:33:23,-101.9375,32.0333,  11.2,30547,-43.9,-71.4,-66.7,  3,  5, 0.23, 44,17.5
2026-06-10 12:33:24,-101.9376,32.0332,  11.2,30553,-43.9,-71.4,-66.7,  3,  5, 0.23, 44,17.4
2026-06-10 12:33:25,-101.9377,32.0331,  11.1,30558,-43.9,-71.4,-66.7,  3,  5, 0.24, 44,17.4
2026-06-10 12:33:26,-101.9378,32.0329,  11.1,30564,-43.9,-71.4,-66.7,  3,  5, 0.24, 45,17.4
2026-06-10 12:33:27,-101.9380,32.0329,  11.1,30570,-43.9,-71.4,-66.7,  3,  5, 0.24, 45,17.4
2026-06-10 12:33:28,-101.9382,32.0328,  11.1,30577,-43.9,-71.4,-66.7,  3,  5, 0.24, 46,17.4
2026-06-10 12:33:29,-101.9383,32.0327,  11.1,30583,-43.9,-71.4,-66.7,  3,  5, 0.24, 47,17.4
2026-06-10 12:33:30,-101.9385,32.0326,  11.1,30590,-43.9,-71.4,-66.7,  3,  5, 0.24, 47,17.4
2026-06-10 12:33:31,-101.9387,32.0326,  11.1,30596,-43.9,-71.4,-66.7,  3,  5, 0.24, 48,17.4
2026-06-10 12:33:32,-101.9388,32.0325,  11.1,30603,-43.9,-71.4,-66.7,  3,  5, 0.24, 48,17.4
2026-06-10 12:33:33,-101.9390,32.0324,  11.1,30609,-44.0,-71.4,-66.7,  3,  5, 0.24, 49,17.4
2026-06-10 12:33:34,-101.9391,32.0323,  11.1,30616,-44.0,-71.4,-66.7,  3,  5, 0.24, 50,17.4
2026-06-10 12:33:35,-101.9394,32.0322,  11.0,30623,-44.0,-71.4,-66.7,  3,  5, 0.24, 50,17.4
2026-06-10 12:33:36,-101.9395,32.0322,  11.0,30632,-44.0,-71.4,-66.7,  3,  5, 0.24, 51,17.4
2026-06-10 12:33:37,-101.9396,32.0321,  11.0,30636,-44.0,-71.4,-66.7,  3,  5, 0.24, 51,17.5
2026-06-10 12:33:38,-101.9398,32.0320,  11.0,30642,-44.0,-71.4,-66.7,  3,  5, 0.24, 52,17.5
2026-06-10 12:33:39,-101.9400,32.0320,  11.0,30649,-44.0,-71.4,-66.7,  3,  5, 0.24, 53,17.5
2026-06-10 12:33:40,-101.9401,32.0319,  11.0,30656,-44.0,-71.4,-66.8,  3,  5, 0.24, 53,17.5
2026-06-10 12:33:41,-101.9403,32.0318,  11.0,30663,-44.0,-71.4,-66.8,  3,  5, 0.24, 54,17.5
2026-06-10 12:33:42,-101.9404,32.0317,  11.0,30669,-44.0,-71.4,-66.8,  3,  5, 0.24, 54,17.6
2026-06-10 12:33:43,-101.9406,32.0316,  11.0,30676,-44.0,-71.5,-66.8,  3,  5, 0.24, 55,17.6
2026-06-10 12:33:44,-101.9408,32.0316,  10.9,30683,-44.0,-71.5,-66.8,  3,  5, 0.24, 55,17.6
2026-06-10 12:33:45,-101.9409,32.0315,  10.9,30689,-44.0,-71.5,-66.8,  3,  5, 0.24, 56,17.6
2026-06-10 12:33:46,-101.9411,32.0314,  10.9,30696,-44.0,-71.5,-66.8,  3,  5, 0.24, 57,17.7
2026-06-10 12:33:47,-101.9413,32.0314,  10.9,30702,-44.0,-71.5,-66.9,  3,  5, 0.24, 57,17.7
2026-06-10 12:33:48,-101.9414,32.0313,  10.9,30709,-44.0,-71.5,-66.9,  3,  5, 0.24, 58,17.7
2026-06-10 12:33:49,-101.9416,32.0312,  10.9,30713,-44.0,-71.5,-66.9,  3,  5, 0.24, 59,17.6
2026-06-10 12:33:50,-101.9417,32.0311,  10.9,30722,-44.0,-71.5,-66.9,  3,  5, 0.24, 60,17.6
2026-06-10 12:33:51,-101.9419,32.0310,  10.9,30728,-44.0,-71.5,-66.9,  3,  5, 0.24, 60,17.6
2026-06-10 12:33:52,-101.9421,32.0310,  10.9,30734,-44.0,-71.5,-66.9,  3,  5, 0.24, 61,17.6
2026-06-10 12:33:53,-101.9422,32.0309,  10.9,30741,-44.0,-71.5,-66.9,  3,  5, 0.24, 62,17.6
2026-06-10 12:33:54,-101.9424,32.0308,  10.8,30747,-44.0,-71.5,-66.9,  3,  5, 0.24, 63,17.6
2026-06-10 12:33:55,-101.9426,32.0307,  10.8,30753,-44.0,-71.5,-66.8,  3,  5, 0.24, 63,17.6
2026-06-10 12:33:56,-101.9427,32.0307,  10.8,30759,-43.9,-71.5,-66.8,  3,  5, 0.24, 64,17.7
2026-06-10 12:33:57,-101.9429,32.0306,  10.8,30766,-43.9,-71.5,-66.8,  3,  5, 0.24, 65,17.7
2026-06-10 12:33:58,-101.9431,32.0306,  10.8,30772,-43.9,-71.5,-66.8,  3,  5, 0.24, 65,17.7
2026-06-10 12:33:59,-101.9433,32.0306,  10.8,30778,-43.9,-71.5,-66.8,  3,  5, 0.24, 66,17.7
2026-06-10 12:34:00,-101.9435,32.0306,  10.8,30784,-43.9,-71.5,-66.8,  3,  5, 0.24, 67,17.7
2026-06-10 12:34:01,-101.9436,32.0305,  10.8,30790,-43.9,-71.5,-66.8,  3,  5, 0.24, 68,17.8
2026-06-10 12:34:02,-101.9438,32.0305,  10.8,30797,-43.9,-71.5,-66.8,  3,  5, 0.24, 68,17.8
2026-06-10 12:34:03,-101.9440,32.0305,  10.8,30803,-43.8,-71.4,-66.8,  3,  5, 0.24, 69,17.8
2026-06-10 12:34:04,-101.9442,32.0305,  10.7,30810,-43.8,-71.4,-66.8,  3,  5, 0.24, 70,17.9
2026-06-10 12:34:05,-101.9444,32.0305,  10.7,30816,-43.8,-71.4,-66.7,  3,  5, 0.25, 71,17.9
2026-06-10 12:34:06,-101.9446,32.0305,  10.7,30823,-43.7,-71.3,-66.7,  3,  5, 0.25, 71,17.9
2026-06-10 12:34:07,-101.9448,32.0304,  10.7,30830,-43.7,-71.3,-66.7,  3,  5, 0.25, 72,17.9
2026-06-10 12:34:08,-101.9449,32.0304,  10.7,30836,-43.7,-71.3,-66.6,  3,  5, 0.25, 73,17.9
2026-06-10 12:34:09,-101.9451,32.0304,  10.7,30843,-43.6,-71.3,-66.6,  3,  5, 0.25, 74,17.8
2026-06-10 12:34:10,-101.9453,32.0304,  10.7,30850,-43.6,-71.2,-66.6,  3,  5, 0.25, 74,17.8
2026-06-10 12:34:11,-101.9455,32.0304,  10.7,30856,-43.6,-71.2,-66.6,  3,  5, 0.25, 75,17.8
2026-06-10 12:34:12,-101.9457,32.0304,  10.7,30863,-43.5,-71.2,-66.5,  3,  5, 0.25, 76,17.8
2026-06-10 12:34:13,-101.9459,32.0303,  10.6,30870,-43.5,-71.1,-66.5,  3,  5, 0.26, 77,17.7
2026-06-10 12:34:14,-101.9461,32.0303,  10.6,30876,-43.5,-71.1,-66.5,  3,  5, 0.26, 78,17.7
2026-06-10 12:34:15,-101.9462,32.0303,  10.6,30883,-43.4,-71.1,-66.4,  3,  5, 0.26, 79,17.7
2026-06-10 12:34:16,-101.9464,32.0303,  10.6,30890,-43.4,-71.1,-66.4,  3,  5, 0.26, 79,17.9
2026-06-10 12:34:17,-101.9466,32.0303,  10.6,30897,-43.4,-71.0,-66.4,  3,  5, 0.26, 80,17.7
2026-06-10 12:34:18,-101.9468,32.0303,  10.6,30904,-43.3,-71.0,-66.4,  3,  5, 0.26, 81,17.7
2026-06-10 12:34:19,-101.9470,32.0302,  10.6,30910,-43.3,-71.0,-66.4,  3,  5, 0.26, 82,17.7
2026-06-10 12:34:20,-101.9472,32.0302,  10.6,30917,-43.2,-71.0,-66.4,  3,  5, 0.26, 83,17.7
2026-06-10 12:34:21,-101.9474,32.0302,  10.6,30923,-43.2,-71.0,-66.3,  3,  5, 0.26, 83,17.7
2026-06-10 12:34:22,-101.9475,32.0302,  10.6,30929,-43.2,-71.0,-66.3,  3,  5, 0.26, 84,17.8
2026-06-10 12:34:23,-101.9477,32.0302,  10.5,30935,-43.1,-71.0,-66.3,  3,  5, 0.26, 85,17.8
2026-06-10 12:34:24,-101.9479,32.0302,  10.5,30941,-43.1,-71.0,-66.3,  3,  5, 0.27, 86,17.8
2026-06-10 12:34:25,-101.9481,32.0301,  10.5,30947,-43.1,-70.9,-66.3,  3,  5, 0.27, 87,17.8
2026-06-10 12:34:26,-101.9483,32.0301,  10.5,30953,-43.0,-70.9,-66.3,  3,  5, 0.27, 88,17.9
2026-06-10 12:34:27,-101.9485,32.0301,  10.5,30959,-43.0,-70.9,-66.3,  3,  5, 0.27, 88,17.8
2026-06-10 12:34:28,-101.9486,32.0301,  10.5,30965,-42.9,-70.9,-66.3,  3,  5, 0.27, 88,17.7
2026-06-10 12:34:29,-101.9488,32.0301,  10.5,30971,-42.9,-70.9,-66.3,  3,  5, 0.27, 88,17.6
2026-06-10 12:34:30,-101.9490,32.0301,  10.5,30977,-42.9,-70.9,-66.3,  3,  5, 0.27, 88,17.5
2026-06-10 12:34:31,-101.9491,32.0301,  10.5,30984,-42.8,-70.9,-66.2,  3,  5, 0.27, 88,17.4
2026-06-10 12:34:32,-101.9493,32.0301,  10.5,30990,-42.8,-70.9,-66.2,  3,  5, 0.27, 88,17.3
2026-06-10 12:34:33,-101.9495,32.0301,  10.4,30996,-42.7,-70.8,-66.2,  3,  5, 0.27, 88,17.2
2026-06-10 12:34:34,-101.9496,32.0301,  10.4,31003,-42.7,-70.8,-66.2,  3,  5, 0.27, 88,17.1
2026-06-10 12:34:35,-101.9498,32.0301,  10.4,31009,-42.7,-70.8,-66.1,  3,  5, 0.27, 88,17.0
2026-06-10 12:34:36,-101.9500,32.0300,  10.4,31016,-42.6,-70.8,-66.1,  3,  5, 0.28, 88,16.9
2026-06-10 12:34:37,-101.9501,32.0300,  10.4,31022,-42.6,-70.7,-66.1,  3,  5, 0.28, 88,16.8
2026-06-10 12:34:38,-101.9503,32.0300,  10.4,31029,-42.6,-70.7,-66.1,  3,  5, 0.28, 88,16.7
2026-06-10 12:34:39,-101.9504,32.0300,  10.4,31035,-42.5,-70.7,-66.1,  3,  5, 0.28, 88,16.6
2026-06-10 12:34:40,-101.9506,32.0300,  10.4,31042,-42.5,-70.7,-66.0,  3,  5, 0.28, 88,16.5
2026-06-10 12:34:41,-101.9508,32.0300,  10.4,31048,-42.4,-70.7,-66.0,  3,  5, 0.28, 88,16.4
2026-06-10 12:34:42,-101.9509,32.0300,  10.4,31055,-42.4,-70.6,-66.0,  3,  5, 0.28, 88,16.3
2026-06-10 12:34:43,-101.9511,32.0300,  10.3,31061,-42.4,-70.6,-66.0,  3,  5, 0.28, 88,16.2
2026-06-10 12:34:44,-101.9513,32.0300,  10.3,31068,-42.3,-70.6,-66.0,  3,  5, 0.28, 88,16.1
2026-06-10 12:34:45,-101.9514,32.0300,  10.3,31074,-42.3,-70.6,-65.9,  3,  5, 0.29, 88,16.0
2026-06-10 12:34:46,-101.9516,32.0300,  10.3,31081,-42.3,-70.5,-65.9,  3,  5, 0.29, 88,15.9
2026-06-10 12:34:47,-101.9518,32.0300,  10.3,31087,-42.2,-70.5,-65.9,  3,  5, 0.29, 88,15.8
2026-06-10 12:34:48,-101.9519,32.0299,  10.3,31094,-42.2,-70.5,-65.8,  3,  5, 0.29, 88,15.8
2026-06-10 12:34:49,-101.9521,32.0299,  10.3,31100,-42.2,-70.4,-65.8,  3,  5, 0.29, 88,15.8
2026-06-10 12:34:50,-101.9523,32.0299,  10.3,31107,-42.1,-70.4,-65.8,  3,  5, 0.29, 88,15.8
2026-06-10 12:34:51,-101.9524,32.0299,  10.3,31113,-42.1,-70.4,-65.7,  3,  5, 0.29, 87,15.8
2026-06-10 12:34:52,-101.9526,32.0299,  10.3,31120,-42.0,-70.3,-65.7,  3,  5, 0.30, 87,15.8
2026-06-10 12:34:53,-101.9527,32.0299,  10.2,31126,-42.0,-70.3,-65.7,  3,  5, 0.30, 87,15.8
2026-06-10 12:34:54,-101.9529,32.0299,  10.2,31133,-42.0,-70.3,-65.6,  3,  5, 0.30, 87,15.8
2026-06-10 12:34:55,-101.9531,32.0299,  10.2,31139,-41.9,-70.2,-65.6,  3,  5, 0.30, 87,15.8
2026-06-10 12:34:56,-101.9532,32.0299,  10.2,31145,-41.9,-70.2,-65.6,  3,  5, 0.30, 86,15.8
2026-06-10 12:34:57,-101.9534,32.0299,  10.2,31151,-41.9,-70.2,-65.5,  3,  5, 0.30, 86,15.8
2026-06-10 12:34:58,-101.9536,32.0299,  10.2,31158,-41.8,-70.2,-65.5,  3,  5, 0.31, 86,15.8
2026-06-10 12:34:59,-101.9538,32.0299,  10.2,31164,-41.8,-70.1,-65.5,  3,  5, 0.31, 86,15.8
2026-06-10 12:35:00,-101.9539,32.0298,  10.2,31170,-41.8,-70.1,-65.5,  3,  5, 0.31, 86,15.7
2026-06-10 12:35:01,-101.9541,32.0298,  10.2,31176,-41.7,-70.1,-65.5,  3,  5, 0.31, 85,15.7
2026-06-10 12:35:02,-101.9543,32.0298,  10.2,31182,-41.7,-70.1,-65.4,  3,  5, 0.31, 85,15.7
2026-06-10 12:35:03,-101.9545,32.0298,  10.2,31188,-41.7,-70.0,-65.4,  3,  5, 0.31, 85,15.7
2026-06-10 12:35:04,-101.9546,32.0298,  10.1,31194,-41.6,-70.0,-65.4,  3,  5, 0.32, 85,15.7
2026-06-10 12:35:05,-101.9548,32.0298,  10.1,31200,-41.6,-70.0,-65.4,  3,  5, 0.32, 85,15.7
2026-06-10 12:35:06,-101.9550,32.0298,  10.1,31206,-41.6,-70.0,-65.3,  3,  5, 0.32, 84,15.7
2026-06-10 12:35:07,-101.9552,32.0297,  10.1,31212,-41.5,-69.9,-65.3,  3,  5, 0.32, 84,15.8
2026-06-10 12:35:08,-101.9553,32.0297,  10.1,31218,-41.5,-69.9,-65.3,  3,  5, 0.32, 84,15.8
2026-06-10 12:35:09,-101.9555,32.0297,  10.1,31225,-41.5,-69.9,-65.3,  3,  5, 0.32, 84,15.9
2026-06-10 12:35:10,-101.9557,32.0297,  10.1,31231,-41.4,-69.9,-65.2,  3,  5, 0.32, 84,16.0
2026-06-10 12:35:11,-101.9559,32.0297,  10.1,31237,-41.4,-69.8,-65.2,  3,  5, 0.32, 84,16.1
2026-06-10 12:35:12,-101.9560,32.0297,  10.1,31243,-41.4,-69.8,-65.2,  3,  5, 0.32, 84,16.1
2026-06-10 12:35:13,-101.9562,32.0297,  10.1,31249,-41.3,-69.8,-65.2,  3,  5, 0.33, 84,16.2
2026-06-10 12:35:14,-101.9564,32.0297,  10.1,31256,-41.3,-69.8,-65.1,  3,  5, 0.33, 84,16.3
2026-06-10 12:35:15,-101.9566,32.0296,  10.0,31262,-41.3,-69.7,-65.1,  3,  5, 0.33, 84,16.3
2026-06-10 12:35:16,-101.9567,32.0296,  10.0,31268,-41.2,-69.7,-65.1,  3,  5, 0.33, 84,16.4
2026-06-10 12:35:17,-101.9569,32.0296,  10.0,31274,-41.2,-69.7,-65.1,  3,  5, 0.33, 84,16.5
2026-06-10 12:35:18,-101.9571,32.0296,  10.0,31281,-41.2,-69.7,-65.0,  3,  5, 0.33, 84,16.5
2026-06-10 12:35:19,-101.9572,32.0296,  10.0,31287,-41.1,-69.6,-65.0,  3,  5, 0.34, 84,16.6
2026-06-10 12:35:20,-101.9575,32.0296,  10.0,31292,-41.1,-69.6,-65.0,  3,  5, 0.34, 84,16.6
2026-06-10 12:35:21,-101.9576,32.0296,  10.0,31300,-41.0,-69.6,-65.0,  3,  5, 0.34, 84,16.7
2026-06-10 12:35:22,-101.9578,32.0296,  10.0,31306,-41.0,-69.6,-64.9,  3,  5, 0.34, 84,16.8
2026-06-10 12:35:23,-101.9580,32.0295,  10.0,31313,-41.0,-69.5,-64.9,  3,  5, 0.34, 84,16.9
2026-06-10 12:35:24,-101.9582,32.0295,  10.0,31319,-40.9,-69.5,-64.9,  3,  5, 0.34, 84,16.9
2026-06-10 12:35:25,-101.9583,32.0295,  10.0,31325,-40.9,-69.5,-64.9,  3,  5, 0.34, 84,17.0
2026-06-10 12:35:26,-101.9585,32.0295,   9.9,31332,-40.9,-69.5,-64.9,  3,  5, 0.35, 84,17.1
2026-06-10 12:35:27,-101.9587,32.0295,   9.9,31338,-40.9,-69.5,-64.8,  3,  5, 0.35, 85,17.0
2026-06-10 12:35:28,-101.9589,32.0295,   9.9,31344,-40.8,-69.5,-64.8,  3,  5, 0.35, 85,17.0
2026-06-10 12:35:29,-101.9590,32.0295,   9.9,31351,-40.8,-69.4,-64.8,  3,  5, 0.35, 85,16.9
2026-06-10 12:35:30,-101.9592,32.0295,   9.9,31358,-40.8,-69.4,-64.8,  3,  5, 0.35, 85,16.9
2026-06-10 12:35:31,-101.9594,32.0295,   9.9,31365,-40.7,-69.4,-64.8,  3,  5, 0.35, 85,16.8
2026-06-10 12:35:32,-101.9596,32.0295,   9.9,31372,-40.7,-69.4,-64.8,  3,  5, 0.35, 86,16.8
2026-06-10 12:35:33,-101.9597,32.0295,   9.9,31379,-40.7,-69.4,-64.8,  3,  5, 0.35, 86,16.7
2026-06-10 12:35:34,-101.9599,32.0295,   9.9,31386,-40.7,-69.4,-64.7,  3,  5, 0.35, 86,16.7
2026-06-10 12:35:35,-101.9601,32.0295,   9.9,31392,-40.6,-69.3,-64.7,  3,  5, 0.35, 86,16.6
2026-06-10 12:35:36,-101.9603,32.0295,   9.8,31399,-40.6,-69.3,-64.7,  3,  5, 0.36, 87,16.6
2026-06-10 12:35:37,-101.9604,32.0295,   9.8,31409,-40.6,-69.3,-64.7,  3,  5, 0.36, 87,16.5
2026-06-10 12:35:38,-101.9606,32.0295,   9.8,31413,-40.6,-69.3,-64.7,  3,  5, 0.36, 87,16.5
2026-06-10 12:35:39,-101.9608,32.0295,   9.8,31419,-40.6,-69.3,-64.7,  3,  5, 0.36, 87,16.4
2026-06-10 12:35:40,-101.9609,32.0295,   9.8,31426,-40.5,-69.3,-64.6,  3,  5, 0.36, 88,16.4
2026-06-10 12:35:41,-101.9611,32.0295,   9.8,31432,-40.5,-69.2,-64.6,  3,  5, 0.36, 88,16.3
2026-06-10 12:35:42,-101.9613,32.0295,   9.8,31438,-40.5,-69.2,-64.6,  3,  5, 0.36, 88,16.3
2026-06-10 12:35:43,-101.9614,32.0295,   9.8,31444,-40.5,-69.2,-64.6,  3,  5, 0.36, 88,16.2
2026-06-10 12:35:44,-101.9616,32.0295,   9.8,31450,-40.5,-69.2,-64.6,  3,  5, 0.37, 89,16.2
2026-06-10 12:35:45,-101.9618,32.0295,   9.8,31457,-40.5,-69.1,-64.5,  3,  5, 0.37, 89,16.1
2026-06-10 12:35:46,-101.9620,32.0295,   9.8,31463,-40.4,-69.1,-64.5,  3,  5, 0.37, 89,16.1
2026-06-10 12:35:47,-101.9621,32.0295,   9.7,31470,-40.4,-69.1,-64.5,  3,  5, 0.37, 89,16.1
2026-06-10 12:35:48,-101.9623,32.0295,   9.7,31477,-40.4,-69.1,-64.5,  3,  5, 0.37, 90,16.1
2026-06-10 12:35:49,-101.9625,32.0295,   9.7,31484,-40.4,-69.0,-64.4,  3,  5, 0.38, 90,16.2
2026-06-10 12:35:50,-101.9626,32.0295,   9.7,31491,-40.4,-69.0,-64.4,  3,  5, 0.38, 90,16.2
2026-06-10 12:35:51,-101.9628,32.0295,   9.7,31498,-40.4,-69.0,-64.4,  3,  5, 0.38, 90,16.2
2026-06-10 12:35:52,-101.9630,32.0295,   9.7,31505,-40.4,-69.0,-64.4,  3,  5, 0.38, 91,16.2
2026-06-10 12:35:53,-101.9632,32.0295,   9.7,31511,-40.3,-69.0,-64.4,  3,  5, 0.38, 91,16.3
2026-06-10 12:35:54,-101.9633,32.0295,   9.7,31518,-40.3,-69.0,-64.4,  3,  5, 0.38, 91,16.3
2026-06-10 12:35:55,-101.9635,32.0295,   9.7,31525,-40.3,-69.0,-64.4,  3,  5, 0.38, 91,16.3
2026-06-10 12:35:56,-101.9637,32.0296,   9.7,31532,-40.3,-69.0,-64.4,  3,  5, 0.38, 91,16.3
2026-06-10 12:35:57,-101.9638,32.0296,   9.6,31538,-40.3,-69.0,-64.4,  3,  5, 0.38, 92,16.4
2026-06-10 12:35:58,-101.9640,32.0296,   9.6,31545,-40.3,-69.0,-64.4,  3,  5, 0.38, 92,16.4
2026-06-10 12:35:59,-101.9642,32.0296,   9.6,31552,-40.3,-69.0,-64.4,  3,  5, 0.38, 92,16.4
2026-06-10 12:36:00,-101.9644,32.0296,   9.6,31559,-40.3,-69.0,-64.4,  3,  5, 0.38, 92,16.4
2026-06-10 12:36:01,-101.9645,32.0296,   9.6,31566,-40.3,-69.0,-64.4,  3,  5, 0.38, 92,16.5
2026-06-10 12:36:02,-101.9647,32.0296,   9.6,31573,-40.2,-69.0,-64.4,  3,  5, 0.38, 93,16.5
2026-06-10 12:36:03,-101.9649,32.0296,   9.6,31579,-40.2,-69.0,-64.4,  3,  5, 0.38, 93,16.5
2026-06-10 12:36:04,-101.9651,32.0296,   9.6,31586,-40.2,-69.0,-64.4,  3,  5, 0.38, 93,16.5
2026-06-10 12:36:05,-101.9653,32.0296,   9.6,31593,-40.2,-69.0,-64.3,  3,  5, 0.38, 93,16.6
2026-06-10 12:36:06,-101.9655,32.0296,   9.6,31599,-40.2,-68.9,-64.3,  3,  5, 0.38, 93,16.6
2026-06-10 12:36:07,-101.9656,32.0296,   9.5,31606,-40.2,-68.9,-64.3,  3,  5, 0.39, 93,16.6
2026-06-10 12:36:08,-101.9658,32.0296,   9.5,31613,-40.2,-68.9,-64.3,  3,  5, 0.39, 93,16.7
2026-06-10 12:36:09,-101.9660,32.0297,   9.5,31619,-40.2,-68.9,-64.3,  3,  5, 0.39, 93,16.7
2026-06-10 12:36:10,-101.9662,32.0297,   9.5,31626,-40.2,-68.9,-64.3,  3,  5, 0.39, 93,16.7
2026-06-10 12:36:11,-101.9664,32.0297,   9.5,31633,-40.1,-68.9,-64.3,  3,  5, 0.39, 93,16.7
2026-06-10 12:36:12,-101.9665,32.0297,   9.5,31640,-40.1,-68.9,-64.3,  3,  5, 0.39, 93,16.8
2026-06-10 12:36:13,-101.9667,32.0297,   9.5,31646,-40.1,-68.9,-64.3,  3,  5, 0.39, 93,16.8
2026-06-10 12:36:14,-101.9669,32.0297,   9.5,31653,-40.1,-68.8,-64.2,  3,  5, 0.39, 93,16.8
2026-06-10 12:36:15,-101.9671,32.0297,   9.5,31659,-40.1,-68.8,-64.2,  3,  5, 0.39, 93,16.9
2026-06-10 12:36:16,-101.9673,32.0297,   9.5,31666,-40.1,-68.8,-64.2,  3,  5, 0.39, 93,16.9
2026-06-10 12:36:17,-101.9675,32.0297,   9.5,31673,-40.1,-68.8,-64.2,  3,  5, 0.40, 92,16.9
2026-06-10 12:36:18,-101.9676,32.0297,   9.4,31679,-40.0,-68.8,-64.2,  3,  5, 0.40, 92,16.9
2026-06-10 12:36:19,-101.9678,32.0298,   9.4,31686,-40.0,-68.8,-64.2,  3,  5, 0.40, 92,17.0
2026-06-10 12:36:20,-101.9680,32.0298,   9.4,31693,-40.0,-68.8,-64.2,  3,  5, 0.40, 92,17.0
2026-06-10 12:36:21,-101.9682,32.0298,   9.4,31700,-40.0,-68.7,-64.1,  3,  5, 0.40, 92,17.0
2026-06-10 12:36:22,-101.9684,32.0298,   9.4,31707,-40.0,-68.7,-64.1,  3,  5, 0.41, 92,17.1
2026-06-10 12:36:23,-101.9685,32.0298,   9.4,31714,-39.9,-68.7,-64.1,  3,  5, 0.41, 92,17.1
2026-06-10 12:36:24,-101.9687,32.0298,   9.4,31721,-39.9,-68.7,-64.1,  3,  5, 0.41, 92,17.1
2026-06-10 12:36:25,-101.9689,32.0298,   9.4,31728,-39.9,-68.7,-64.1,  3,  5, 0.41, 92,17.2
2026-06-10 12:36:26,-101.9691,32.0298,   9.4,31735,-39.9,-68.6,-64.0,  3,  5, 0.41, 92,17.2
2026-06-10 12:36:27,-101.9693,32.0298,   9.4,31742,-39.9,-68.6,-64.0,  3,  5, 0.41, 92,17.2
2026-06-10 12:36:28,-101.9695,32.0299,   9.4,31749,-39.8,-68.6,-64.0,  3,  5, 0.41, 93,17.3
2026-06-10 12:36:29,-101.9696,32.0299,   9.3,31756,-39.8,-68.6,-64.0,  3,  5, 0.42, 93,17.3
2026-06-10 12:36:30,-101.9698,32.0299,   9.3,31762,-39.8,-68.6,-64.0,  3,  5, 0.42, 94,17.4
2026-06-10 12:36:31,-101.9700,32.0299,   9.3,31769,-39.8,-68.5,-63.9,  3,  5, 0.42, 94,17.4
2026-06-10 12:36:32,-101.9702,32.0299,   9.3,31776,-39.7,-68.5,-63.9,  3,  5, 0.42, 95,17.5
2026-06-10 12:36:33,-101.9704,32.0300,   9.3,31784,-39.7,-68.5,-63.9,  3,  5, 0.42, 96,17.5
2026-06-10 12:36:34,-101.9705,32.0300,   9.3,31791,-39.7,-68.5,-63.9,  3,  5, 0.42, 96,17.6
2026-06-10 12:36:35,-101.9707,32.0301,   9.3,31799,-39.7,-68.5,-63.9,  3,  5, 0.42, 97,17.6
2026-06-10 12:36:36,-101.9709,32.0301,   9.3,31806,-39.7,-68.5,-63.9,  3,  5, 0.42, 97,17.7
2026-06-10 12:36:37,-101.9711,32.0302,   9.3,31813,-39.6,-68.4,-63.8,  3,  5, 0.43, 98,17.7
2026-06-10 12:36:38,-101.9713,32.0302,   9.3,31821,-39.6,-68.4,-63.8,  3,  5, 0.43, 98,17.8
2026-06-10 12:36:39,-101.9714,32.0303,   9.2,31828,-39.6,-68.4,-63.8,  3,  5, 0.43, 99,17.9
2026-06-10 12:36:40,-101.9716,32.0304,   9.2,31835,-39.6,-68.4,-63.8,  3,  5, 0.43, 99,17.9
2026-06-10 12:36:41,-101.9718,32.0304,   9.2,31843,-39.6,-68.4,-63.8,  3,  5, 0.43,100,18.0
2026-06-10 12:36:42,-101.9720,32.0305,   9.2,31850,-39.5,-68.4,-63.8,  3,  5, 0.43,100,18.0
2026-06-10 12:36:43,-101.9721,32.0305,   9.2,31857,-39.5,-68.3,-63.8,  3,  5, 0.44,101,18.1
2026-06-10 12:36:44,-101.9723,32.0306,   9.2,31863,-39.5,-68.3,-63.7,  3,  5, 0.44,101,18.2
2026-06-10 12:36:45,-101.9725,32.0306,   9.2,31870,-39.5,-68.3,-63.7,  3,  5, 0.44,102,18.2
2026-06-10 12:36:46,-101.9727,32.0307,   9.2,31876,-39.5,-68.3,-63.7,  3,  5, 0.44,102,18.3
2026-06-10 12:36:47,-101.9729,32.0307,   9.2,31883,-39.4,-68.3,-63.7,  3,  5, 0.44,103,18.3
2026-06-10 12:36:48,-101.9730,32.0308,   9.2,31889,-39.4,-68.3,-63.7,  3,  5, 0.44,103,18.2
2026-06-10 12:36:49,-101.9732,32.0308,   9.2,31896,-39.4,-68.2,-63.7,  3,  5, 0.44,104,18.2
2026-06-10 12:36:50,-101.9734,32.0309,   9.1,31903,-39.4,-68.2,-63.6,  3,  5, 0.45,105,18.1
2026-06-10 12:36:51,-101.9736,32.0309,   9.1,31910,-39.4,-68.2,-63.6,  3,  5, 0.45,105,18.1
2026-06-10 12:36:52,-101.9737,32.0310,   9.1,31917,-39.4,-68.2,-63.6,  3,  5, 0.45,106,18.1
2026-06-10 12:36:53,-101.9739,32.0310,   9.1,31923,-39.3,-68.2,-63.6,  3,  5, 0.45,106,18.0
2026-06-10 12:36:54,-101.9741,32.0311,   9.1,31930,-39.3,-68.1,-63.6,  3,  5, 0.45,107,18.0
2026-06-10 12:36:55,-101.9743,32.0311,   9.1,31937,-39.3,-68.1,-63.5,  3,  5, 0.45,108,18.0
2026-06-10 12:36:56,-101.9745,32.0312,   9.1,31944,-39.3,-68.1,-63.5,  3,  5, 0.45,108,18.0
2026-06-10 12:36:57,-101.9746,32.0312,   9.1,31951,-39.3,-68.1,-63.5,  3,  5, 0.46,109,17.9
2026-06-10 12:36:58,-101.9748,32.0313,   9.1,31958,-39.3,-68.1,-63.5,  3,  5, 0.46,110,17.9
2026-06-10 12:36:59,-101.9750,32.0314,   9.1,31965,-39.2,-68.1,-63.5,  3,  5, 0.46,110,17.9
2026-06-10 12:37:00,-101.9752,32.0314,   9.1,31971,-39.2,-68.0,-63.5,  3,  5, 0.46,111,17.9
2026-06-10 12:37:01,-101.9754,32.0315,   9.0,31978,-39.2,-68.0,-63.4,  3,  5, 0.46,111,17.9
2026-06-10 12:37:02,-101.9755,32.0315,   9.0,31986,-39.2,-68.0,-63.4,  3,  5, 0.47,112,17.8
2026-06-10 12:37:03,-101.9757,32.0316,   9.0,31993,-39.2,-68.0,-63.4,  3,  5, 0.47,113,17.8
2026-06-10 12:37:04,-101.9758,32.0316,   9.0,32000,-39.2,-68.0,-63.4,  3,  5, 0.47,113,17.8
2026-06-10 12:37:05,-101.9759,32.0317,   9.0,32007,-39.2,-68.0,-63.4,  3,  5, 0.47,114,17.8
2026-06-10 12:37:06,-101.9760,32.0318,   9.0,32014,-39.2,-68.0,-63.4,  3,  5, 0.47,115,17.8
2026-06-10 12:37:07,-101.9761,32.0318,   9.0,32022,-39.2,-67.9,-63.4,  3,  5, 0.47,115,17.6
2026-06-10 12:37:08,-101.9763,32.0319,   9.0,32029,-39.1,-67.9,-63.3,  3,  5, 0.47,115,17.4
2026-06-10 12:37:09,-101.9764,32.0320,   9.0,32037,-39.1,-67.9,-63.3,  3,  5, 0.47,115,17.2
2026-06-10 12:37:10,-101.9766,32.0321,   9.0,32044,-39.1,-67.9,-63.3,  3,  5, 0.47,116,17.0
2026-06-10 12:37:11,-101.9766,32.0321,   8.9,32055,-39.1,-67.9,-63.3,  3,  5, 0.48,116,16.7
2026-06-10 12:37:12,-101.9767,32.0322,   8.9,32060,-39.1,-67.9,-63.3,  3,  5, 0.48,116,16.5
2026-06-10 12:37:13,-101.9769,32.0322,   8.9,32067,-39.1,-67.9,-63.3,  3,  5, 0.48,117,16.3
2026-06-10 12:37:14,-101.9770,32.0323,   8.9,32074,-39.1,-67.9,-63.3,  3,  5, 0.48,117,16.1
2026-06-10 12:37:15,-101.9771,32.0323,   8.9,32080,-39.1,-67.8,-63.3,  3,  5, 0.48,118,15.9
2026-06-10 12:37:16,-101.9772,32.0324,   8.9,32087,-39.0,-67.8,-63.3,  3,  5, 0.48,118,15.7
2026-06-10 12:37:17,-101.9773,32.0325,   8.9,32094,-39.0,-67.8,-63.3,  3,  5, 0.48,118,15.5
2026-06-10 12:37:18,-101.9775,32.0325,   8.9,32101,-39.0,-67.8,-63.2,  3,  5, 0.48,119,15.3
2026-06-10 12:37:19,-101.9776,32.0326,   8.9,32108,-39.0,-67.8,-63.2,  3,  5, 0.48,119,15.1
2026-06-10 12:37:20,-101.9777,32.0327,   8.9,32114,-39.0,-67.8,-63.2,  3,  5, 0.49,120,14.9
2026-06-10 12:37:21,-101.9778,32.0327,   8.9,32121,-39.0,-67.8,-63.2,  3,  5, 0.49,120,14.7
2026-06-10 12:37:22,-101.9780,32.0328,   8.8,32127,-39.0,-67.8,-63.2,  3,  5, 0.49,120,14.5
2026-06-10 12:37:23,-101.9781,32.0329,   8.8,32134,-39.0,-67.8,-63.2,  3,  5, 0.49,121,14.2
2026-06-10 12:37:24,-101.9782,32.0329,   8.8,32140,-38.9,-67.8,-63.2,  3,  5, 0.49,121,14.0
2026-06-10 12:37:25,-101.9783,32.0330,   8.8,32147,-38.9,-67.8,-63.2,  3,  5, 0.49,122,13.8
2026-06-10 12:37:26,-101.9784,32.0331,   8.8,32154,-38.9,-67.8,-63.2,  3,  5, 0.49,122,13.6
2026-06-10 12:37:27,-101.9786,32.0331,   8.8,32161,-38.9,-67.7,-63.2,  3,  5, 0.50,122,13.5
2026-06-10 12:37:28,-101.9787,32.0332,   8.8,32168,-38.9,-67.7,-63.1,  3,  5, 0.50,122,13.3
2026-06-10 12:37:29,-101.9788,32.0332,   8.8,32174,-38.8,-67.7,-63.1,  3,  5, 0.50,122,13.2
2026-06-10 12:37:30,-101.9789,32.0333,   8.8,32181,-38.8,-67.7,-63.1,  3,  5, 0.50,122,13.0
2026-06-10 12:37:31,-101.9790,32.0334,   8.8,32188,-38.8,-67.7,-63.1,  3,  5, 0.50,122,12.9
2026-06-10 12:37:32,-101.9792,32.0334,   8.8,32195,-38.8,-67.7,-63.1,  3,  5, 0.50,122,12.7
2026-06-10 12:37:33,-101.9793,32.0335,   8.8,32202,-38.8,-67.7,-63.1,  3,  5, 0.50,122,12.6
2026-06-10 12:37:34,-101.9794,32.0335,   8.7,32209,-38.8,-67.6,-63.1,  3,  5, 0.51,122,12.4
2026-06-10 12:37:35,-101.9795,32.0336,   8.7,32216,-38.7,-67.6,-63.1,  3,  5, 0.51,122,12.3
2026-06-10 12:37:36,-101.9795,32.0336,   8.7,32223,-38.7,-67.6,-63.0,  3,  5, 0.51,122,12.1
2026-06-10 12:37:37,-101.9796,32.0336,   8.7,32230,-38.7,-67.6,-63.0,  3,  5, 0.51,122,11.9
2026-06-10 12:37:38,-101.9797,32.0336,   8.7,32237,-38.7,-67.6,-63.0,  3,  5, 0.51,122,11.8
2026-06-10 12:37:39,-101.9798,32.0337,   8.7,32244,-38.7,-67.6,-63.0,  3,  5, 0.51,122,11.6
2026-06-10 12:37:40,-101.9799,32.0337,   8.7,32251,-38.6,-67.6,-63.0,  3,  5, 0.51,122,11.5
2026-06-10 12:37:41,-101.9800,32.0337,   8.7,32258,-38.6,-67.6,-63.0,  3,  5, 0.51,122,11.3
2026-06-10 12:37:42,-101.9801,32.0338,   8.7,32264,-38.6,-67.5,-63.0,  3,  5, 0.51,122,11.2
2026-06-10 12:37:43,-101.9802,32.0338,   8.7,32271,-38.6,-67.5,-62.9,  3,  5, 0.52,122,11.0
2026-06-10 12:37:44,-101.9803,32.0338,   8.7,32277,-38.5,-67.5,-62.9,  3,  5, 0.52,122,10.9
2026-06-10 12:37:45,-101.9804,32.0339,   8.6,32283,-38.5,-67.5,-62.9,  3,  5, 0.52,122,10.7
2026-06-10 12:37:46,-101.9805,32.0339,   8.6,32289,-38.5,-67.5,-62.9,  3,  5, 0.53,122,10.6
2026-06-10 12:37:47,-101.9806,32.0339,   8.6,32296,-38.5,-67.5,-62.9,  3,  5, 0.53,121,10.5
2026-06-10 12:37:48,-101.9807,32.0340,   8.6,32303,-38.5,-67.4,-62.9,  3,  5, 0.53,121,10.4
2026-06-10 12:37:49,-101.9807,32.0340,   8.6,32310,-38.4,-67.4,-62.9,  3,  5, 0.53,120,10.3
2026-06-10 12:37:50,-101.9808,32.0340,   8.6,32316,-38.4,-67.4,-62.8,  3,  5, 0.53,119,10.2
2026-06-10 12:37:51,-101.9809,32.0340,   8.6,32323,-38.4,-67.4,-62.8,  3,  5, 0.53,118,10.1
2026-06-10 12:37:52,-101.9810,32.0341,   8.6,32330,-38.4,-67.4,-62.8,  3,  5, 0.53,117,10.0
2026-06-10 12:37:53,-101.9811,32.0341,   8.6,32337,-38.4,-67.4,-62.8,  3,  5, 0.53,117, 9.9
2026-06-10 12:37:54,-101.9812,32.0341,   8.6,32343,-38.3,-67.4,-62.8,  3,  5, 0.53,116, 9.9
2026-06-10 12:37:55,-101.9813,32.0342,   8.6,32350,-38.3,-67.3,-62.8,  3,  5, 0.53,115, 9.8
2026-06-10 12:37:56,-101.9814,32.0342,   8.6,32357,-38.3,-67.3,-62.8,  3,  5, 0.54,114, 9.7
2026-06-10 12:37:57,-101.9815,32.0342,   8.5,32364,-38.3,-67.3,-62.7,  3,  5, 0.54,113, 9.7
2026-06-10 12:37:58,-101.9816,32.0343,   8.5,32370,-38.3,-67.3,-62.7,  3,  5, 0.54,112, 9.6
2026-06-10 12:37:59,-101.9817,32.0343,   8.5,32376,-38.3,-67.3,-62.7,  3,  5, 0.55,111, 9.5
2026-06-10 12:38:00,-101.9818,32.0343,   8.5,32382,-38.2,-67.3,-62.7,  3,  5, 0.55,111, 9.4
2026-06-10 12:38:01,-101.9819,32.0344,   8.5,32389,-38.2,-67.2,-62.7,  3,  5, 0.55,110, 9.3
2026-06-10 12:38:02,-101.9819,32.0344,   8.5,32395,-38.2,-67.2,-62.7,  3,  5, 0.55,109, 9.2
2026-06-10 12:38:03,-101.9820,32.0344,   8.5,32401,-38.2,-67.2,-62.6,  3,  5, 0.55,108, 9.1
2026-06-10 12:38:04,-101.9821,32.0344,   8.5,32407,-38.2,-67.2,-62.6,  3,  5, 0.55,107, 9.1
2026-06-10 12:38:05,-101.9823,32.0345,   8.5,32413,-38.2,-67.2,-62.6,  3,  5, 0.55,106, 9.0
2026-06-10 12:38:06,-101.9824,32.0345,   8.5,32419,-38.2,-67.2,-62.6,  3,  5, 0.55,105, 8.9
2026-06-10 12:38:07,-101.9825,32.0345,   8.5,32425,-38.1,-67.2,-62.6,  3,  5, 0.55,104, 9.1
2026-06-10 12:38:08,-101.9827,32.0346,   8.5,32431,-38.1,-67.2,-62.6,  3,  5, 0.55,104, 9.3
2026-06-10 12:38:09,-101.9828,32.0346,   8.5,32437,-38.1,-67.2,-62.6,  3,  5, 0.55,104, 9.5
2026-06-10 12:38:10,-101.9829,32.0346,   8.4,32444,-38.1,-67.2,-62.6,  3,  5, 0.56,104, 9.7
2026-06-10 12:38:11,-101.9831,32.0346,   8.4,32450,-38.1,-67.2,-62.6,  3,  5, 0.56,104, 9.9
2026-06-10 12:38:12,-101.9832,32.0347,   8.4,32457,-38.1,-67.2,-62.6,  3,  5, 0.56,104,10.0
2026-06-10 12:38:13,-101.9833,32.0347,   8.4,32464,-38.1,-67.2,-62.6,  3,  5, 0.56,104,10.2
2026-06-10 12:38:14,-101.9835,32.0347,   8.4,32470,-38.0,-67.2,-62.6,  3,  5, 0.56,103,10.4
2026-06-10 12:38:15,-101.9836,32.0347,   8.4,32477,-38.0,-67.2,-62.6,  3,  5, 0.56,103,10.6
2026-06-10 12:38:16,-101.9837,32.0348,   8.4,32483,-38.0,-67.2,-62.6,  3,  5, 0.56,103,10.8
2026-06-10 12:38:17,-101.9839,32.0348,   8.4,32489,-38.0,-67.2,-62.6,  3,  5, 0.56,103,11.0
2026-06-10 12:38:18,-101.9839,32.0348,   8.4,32496,-38.0,-67.2,-62.6,  3,  5, 0.56,103,11.1
2026-06-10 12:38:19,-101.9841,32.0349,   8.4,32500,-38.0,-67.2,-62.6,  3,  5, 0.56,103,11.3
2026-06-10 12:38:20,-101.9843,32.0349,   8.4,32508,-37.9,-67.1,-62.5,  3,  5, 0.56,103,11.5
2026-06-10 12:38:21,-101.9844,32.0349,   8.4,32515,-37.9,-67.1,-62.5,  3,  5, 0.57,103,11.7
2026-06-10 12:38:22,-101.9845,32.0349,   8.4,32522,-37.9,-67.1,-62.5,  3,  5, 0.57,102,11.9
2026-06-10 12:38:23,-101.9847,32.0350,   8.3,32528,-37.9,-67.0,-62.5,  3,  5, 0.58,102,12.1
2026-06-10 12:38:24,-101.9848,32.0350,   8.3,32535,-37.9,-67.0,-62.4,  3,  5, 0.58,102,12.3
2026-06-10 12:38:25,-101.9849,32.0350,   8.3,32541,-37.8,-67.0,-62.4,  3,  5, 0.58,102,12.4
2026-06-10 12:38:26,-101.9851,32.0350,   8.3,32548,-37.8,-67.0,-62.4,  3,  5, 0.58,102,12.6
2026-06-10 12:38:27,-101.9852,32.0351,   8.3,32554,-37.8,-66.9,-62.4,  3,  5, 0.58,102,12.7
2026-06-10 12:38:28,-101.9853,32.0351,   8.3,32560,-37.8,-66.9,-62.4,  3,  5, 0.59,102,12.8
2026-06-10 12:38:29,-101.9855,32.0351,   8.3,32567,-37.8,-66.9,-62.3,  3,  5, 0.59,102,12.9
2026-06-10 12:38:30,-101.9856,32.0352,   8.3,32573,-37.8,-66.9,-62.3,  3,  5, 0.59,103,12.9
2026-06-10 12:38:31,-101.9857,32.0352,   8.3,32579,-37.7,-66.8,-62.3,  3,  5, 0.59,103,13.0
2026-06-10 12:38:32,-101.9859,32.0352,   8.3,32586,-37.7,-66.8,-62.3,  3,  5, 0.60,103,13.1
2026-06-10 12:38:33,-101.9860,32.0352,   8.3,32592,-37.7,-66.8,-62.2,  3,  5, 0.60,103,13.2
2026-06-10 12:38:34,-101.9861,32.0353,   8.3,32599,-37.7,-66.8,-62.2,  3,  5, 0.60,103,13.3
2026-06-10 12:38:35,-101.9863,32.0353,   8.3,32605,-37.6,-66.8,-62.2,  3,  5, 0.60,103,13.4
2026-06-10 12:38:36,-101.9864,32.0353,   8.2,32611,-37.6,-66.7,-62.2,  3,  5, 0.61,104,13.4
2026-06-10 12:38:37,-101.9866,32.0353,   8.2,32618,-37.6,-66.7,-62.2,  3,  5, 0.61,104,13.5
2026-06-10 12:38:38,-101.9867,32.0354,   8.2,32624,-37.6,-66.7,-62.1,  3,  5, 0.61,104,13.6
2026-06-10 12:38:39,-101.9868,32.0354,   8.2,32630,-37.5,-66.7,-62.1,  3,  5, 0.61,104,13.7
2026-06-10 12:38:40,-101.9870,32.0354,   8.2,32636,-37.5,-66.7,-62.1,  3,  5, 0.62,104,13.8
2026-06-10 12:38:41,-101.9871,32.0354,   8.2,32643,-37.5,-66.6,-62.1,  3,  5, 0.62,104,13.8
2026-06-10 12:38:42,-101.9873,32.0355,   8.2,32649,-37.5,-66.6,-62.1,  3,  5, 0.62,104,13.9
2026-06-10 12:38:43,-101.9874,32.0355,   8.2,32655,-37.4,-66.6,-62.0,  3,  5, 0.62,104,14.0
2026-06-10 12:38:44,-101.9876,32.0355,   8.2,32661,-37.4,-66.6,-62.0,  3,  5, 0.62,105,14.1
2026-06-10 12:38:45,-101.9877,32.0356,   8.2,32667,-37.4,-66.6,-62.0,  3,  5, 0.62,105,14.2
2026-06-10 12:38:46,-101.9879,32.0356,   8.2,32673,-37.4,-66.5,-62.0,  3,  5, 0.62,105,14.3
2026-06-10 12:38:47,-101.9880,32.0356,   8.2,32680,-37.4,-66.5,-62.0,  3,  5, 0.63,105,14.3
2026-06-10 12:38:48,-101.9882,32.0356,   8.2,32686,-37.3,-66.5,-62.0,  3,  5, 0.63,104,14.2
2026-06-10 12:38:49,-101.9883,32.0357,   8.2,32692,-37.3,-66.5,-62.0,  3,  5, 0.63,104,14.2
2026-06-10 12:38:50,-101.9885,32.0357,   8.1,32698,-37.3,-66.5,-61.9,  3,  5, 0.64,104,14.2
2026-06-10 12:38:51,-101.9886,32.0357,   8.1,32704,-37.3,-66.5,-61.9,  3,  5, 0.64,104,14.2
2026-06-10 12:38:52,-101.9888,32.0357,   8.1,32710,-37.2,-66.5,-61.9,  3,  5, 0.64,103,14.2
2026-06-10 12:38:53,-101.9889,32.0358,   8.1,32716,-37.2,-66.4,-61.9,  3,  5, 0.64,103,14.2
2026-06-10 12:38:54,-101.9890,32.0358,   8.1,32722,-37.2,-66.4,-61.9,  3,  5, 0.64,103,14.2
2026-06-10 12:38:55,-101.9892,32.0358,   8.1,32727,-37.2,-66.4,-61.9,  3,  5, 0.64,103,14.2
2026-06-10 12:38:56,-101.9893,32.0358,   8.1,32733,-37.1,-66.4,-61.8,  3,  5, 0.65,102,14.1
2026-06-10 12:38:57,-101.9895,32.0359,   8.1,32739,-37.1,-66.4,-61.8,  3,  5, 0.65,102,14.1
2026-06-10 12:38:58,-101.9896,32.0359,   8.1,32746,-37.1,-66.4,-61.8,  3,  5, 0.65,102,14.1
2026-06-10 12:38:59,-101.9898,32.0359,   8.1,32752,-37.1,-66.4,-61.8,  3,  5, 0.65,102,14.1
2026-06-10 12:39:00,-101.9899,32.0359,   8.1,32758,-37.1,-66.3,-61.8,  3,  5, 0.65,102,14.1
2026-06-10 12:39:01,-101.9901,32.0360,   8.1,32764,-37.0,-66.3,-61.8,  3,  5, 0.65,101,14.1
2026-06-10 12:39:02,-101.9902,32.0360,   8.1,32770,-37.0,-66.3,-61.8,  3,  5, 0.65,101,14.1
2026-06-10 12:39:03,-101.9904,32.0360,   8.1,32776,-37.0,-66.3,-61.8,  3,  5, 0.65,101,14.1
2026-06-10 12:39:04,-101.9905,32.0360,   8.0,32782,-37.0,-66.3,-61.7,  3,  5, 0.66,101,14.1
2026-06-10 12:39:05,-101.9907,32.0361,   8.0,32788,-37.0,-66.3,-61.7,  3,  5, 0.66,100,14.1
2026-06-10 12:39:06,-101.9908,32.0361,   8.0,32794,-37.0,-66.3,-61.7,  3,  5, 0.67,100,14.1
2026-06-10 12:39:07,-101.9910,32.0362,   8.0,32801,-37.0,-66.3,-61.7,  3,  5, 0.67,100,14.2
2026-06-10 12:39:08,-101.9911,32.0362,   8.0,32807,-36.9,-66.2,-61.7,  3,  5, 0.67,101,14.3
2026-06-10 12:39:09,-101.9913,32.0363,   8.0,32813,-36.9,-66.2,-61.7,  3,  5, 0.67,101,14.4
2026-06-10 12:39:10,-101.9914,32.0363,   8.0,32819,-36.9,-66.2,-61.7,  3,  5, 0.67,102,14.5
2026-06-10 12:39:11,-101.9916,32.0364,   8.0,32825,-36.9,-66.2,-61.7,  3,  5, 0.67,102,14.6
2026-06-10 12:39:12,-101.9918,32.0364,   8.0,32831,-36.9,-66.2,-61.6,  3,  5, 0.67,102,14.7
2026-06-10 12:39:13,-101.9919,32.0365,   8.0,32838,-36.9,-66.2,-61.6,  3,  5, 0.67,103,14.8
2026-06-10 12:39:14,-101.9921,32.0365,   8.0,32844,-36.9,-66.2,-61.6,  3,  5, 0.67,103,14.9
2026-06-10 12:39:15,-101.9922,32.0365,   8.0,32851,-36.9,-66.2,-61.6,  3,  5, 0.68,103,15.0
2026-06-10 12:39:16,-101.9924,32.0366,   8.0,32857,-36.9,-66.1,-61.6,  3,  5, 0.68,104,15.1
2026-06-10 12:39:17,-101.9926,32.0366,   8.0,32863,-36.9,-66.1,-61.6,  3,  5, 0.68,104,15.2
2026-06-10 12:39:18,-101.9927,32.0367,   7.9,32870,-36.8,-66.1,-61.6,  3,  5, 0.69,104,15.3
2026-06-10 12:39:19,-101.9929,32.0367,   7.9,32876,-36.8,-66.1,-61.6,  3,  5, 0.69,105,15.4
2026-06-10 12:39:20,-101.9930,32.0368,   7.9,32882,-36.8,-66.1,-61.6,  3,  5, 0.69,105,15.5
2026-06-10 12:39:21,-101.9932,32.0368,   7.9,32888,-36.8,-66.1,-61.5,  3,  5, 0.69,105,15.6
2026-06-10 12:39:22,-101.9933,32.0369,   7.9,32894,-36.8,-66.1,-61.5,  3,  5, 0.69,106,15.7
2026-06-10 12:39:23,-101.9935,32.0369,   7.9,32900,-36.8,-66.1,-61.5,  3,  5, 0.69,106,15.8
2026-06-10 12:39:24,-101.9937,32.0370,   7.9,32906,-36.8,-66.1,-61.5,  3,  5, 0.69,106,15.9
2026-06-10 12:39:25,-101.9938,32.0370,   7.9,32913,-36.8,-66.0,-61.5,  3,  5, 0.69,106,16.0
2026-06-10 12:39:26,-101.9940,32.0371,   7.9,32919,-36.8,-66.0,-61.5,  3,  5, 0.69,107,16.1
2026-06-10 12:39:27,-101.9941,32.0371,   7.9,32926,-36.8,-66.0,-61.5,  3,  5, 0.70,107,16.1
2026-06-10 12:39:28,-101.9943,32.0372,   7.9,32933,-36.8,-66.0,-61.5,  3,  5, 0.70,108,16.0
2026-06-10 12:39:29,-101.9944,32.0372,   7.9,32939,-36.8,-66.0,-61.5,  3,  5, 0.70,108,16.0
2026-06-10 12:39:30,-101.9946,32.0372,   7.9,32946,-36.8,-66.0,-61.5,  3,  5, 0.70,109,16.0
2026-06-10 12:39:31,-101.9948,32.0373,   7.8,32953,-36.8,-66.0,-61.5,  3,  5, 0.71,109,16.0
2026-06-10 12:39:32,-101.9949,32.0373,   7.8,32959,-36.8,-66.0,-61.5,  3,  5, 0.71,109,15.9
2026-06-10 12:39:33,-101.9951,32.0374,   7.8,32966,-36.8,-66.0,-61.5,  3,  5, 0.71,110,15.9
2026-06-10 12:39:34,-101.9952,32.0374,   7.8,32973,-36.8,-66.0,-61.4,  3,  5, 0.71,110,15.9
2026-06-10 12:39:35,-101.9954,32.0375,   7.8,32980,-36.8,-66.0,-61.4,  3,  5, 0.71,111,15.8
2026-06-10 12:39:36,-101.9955,32.0376,   7.8,32986,-36.8,-66.0,-61.4,  3,  5, 0.71,111,15.8
2026-06-10 12:39:37,-101.9956,32.0376,   7.8,32993,-36.8,-66.0,-61.4,  3,  5, 0.71,112,15.8
2026-06-10 12:39:38,-101.9958,32.0377,   7.8,32999,-36.8,-66.0,-61.4,  3,  5, 0.71,112,15.8
2026-06-10 12:39:39,-101.9959,32.0378,   7.8,33006,-36.8,-66.0,-61.4,  3,  5, 0.71,113,15.8
2026-06-10 12:39:40,-101.9960,32.0379,   7.8,33012,-36.8,-66.0,-61.4,  3,  5, 0.71,113,15.7
2026-06-10 12:39:41,-101.9961,32.0379,   7.8,33019,-36.8,-66.0,-61.4,  3,  5, 0.71,114,15.7
2026-06-10 12:39:42,-101.9963,32.0380,   7.8,33025,-36.8,-66.0,-61.4,  3,  5, 0.71,114,15.7
2026-06-10 12:39:43,-101.9964,32.0381,   7.8,33031,-36.8,-66.0,-61.4,  3,  5, 0.71,115,15.7
2026-06-10 12:39:44,-101.9965,32.0382,   7.8,33038,-36.8,-66.0,-61.4,  3,  5, 0.71,115,15.7
2026-06-10 12:39:45,-101.9966,32.0382,   7.7,33044,-36.8,-66.0,-61.4,  3,  5, 0.72,116,15.7
2026-06-10 12:39:46,-101.9967,32.0383,   7.7,33050,-36.8,-66.0,-61.4,  3,  5, 0.72,116,15.6
2026-06-10 12:39:47,-101.9969,32.0384,   7.7,33057,-36.8,-66.0,-61.4,  3,  5, 0.72,117,15.5
2026-06-10 12:39:48,-101.9970,32.0385,   7.7,33063,-36.8,-66.0,-61.4,  3,  5, 0.72,117,15.5
2026-06-10 12:39:49,-101.9971,32.0385,   7.7,33069,-36.8,-66.0,-61.4,  3,  5, 0.72,118,15.4
2026-06-10 12:39:50,-101.9973,32.0386,   7.7,33076,-36.8,-66.0,-61.4,  3,  5, 0.72,118,15.3
2026-06-10 12:39:51,-101.9974,32.0387,   7.7,33084,-36.8,-66.0,-61.4,  3,  5, 0.72,119,15.1
2026-06-10 12:39:52,-101.9975,32.0388,   7.7,33089,-36.8,-66.0,-61.5,  3,  5, 0.72,120,15.1
2026-06-10 12:39:53,-101.9976,32.0388,   7.7,33095,-36.8,-66.0,-61.5,  3,  5, 0.72,120,15.0
2026-06-10 12:39:54,-101.9977,32.0389,   7.7,33102,-36.8,-66.0,-61.4,  3,  5, 0.72,121,14.9
2026-06-10 12:39:55,-101.9978,32.0390,   7.7,33109,-36.8,-66.0,-61.4,  3,  5, 0.72,121,14.8
2026-06-10 12:39:56,-101.9980,32.0391,   7.7,33116,-36.8,-66.0,-61.4,  3,  5, 0.72,122,14.8
2026-06-10 12:39:57,-101.9981,32.0391,   7.7,33122,-36.8,-66.0,-61.4,  3,  5, 0.72,123,14.7
2026-06-10 12:39:58,-101.9982,32.0392,   7.7,33129,-36.8,-66.0,-61.4,  3,  5, 0.72,123,14.6
2026-06-10 12:39:59,-101.9983,32.0393,   7.6,33136,-36.8,-66.0,-61.4,  3,  5, 0.73,124,14.5
2026-06-10 12:40:00,-101.9985,32.0394,   7.6,33142,-36.8,-66.0,-61.4,  3,  5, 0.73,125,14.5
2026-06-10 12:40:01,-101.9986,32.0394,   7.6,33149,-36.8,-66.0,-61.4,  3,  5, 0.73,125,14.4
2026-06-10 12:40:02,-101.9987,32.0395,   7.6,33156,-36.8,-66.0,-61.4,  3,  5, 0.73,126,14.3
2026-06-10 12:40:03,-101.9988,32.0396,   7.6,33162,-36.8,-65.9,-61.4,  3,  5, 0.73,127,14.2
2026-06-10 12:40:04,-101.9990,32.0397,   7.6,33169,-36.8,-65.9,-61.4,  3,  5, 0.73,127,14.2
2026-06-10 12:40:05,-101.9991,32.0397,   7.6,33175,-36.8,-65.9,-61.4,  3,  5, 0.73,128,14.1
2026-06-10 12:40:06,-101.9992,32.0398,   7.6,33182,-36.8,-65.9,-61.4,  3,  5, 0.73,129,14.1
2026-06-10 12:40:07,-101.9993,32.0399,   7.6,33189,-36.8,-65.9,-61.4,  3,  5, 0.73,129,14.0
2026-06-10 12:40:08,-101.9994,32.0400,   7.6,33195,-36.8,-65.9,-61.4,  3,  5, 0.73,130,13.9
2026-06-10 12:40:09,-101.9994,32.0401,   7.6,33202,-36.8,-66.0,-61.4,  3,  5, 0.73,131,13.9
2026-06-10 12:40:10,-101.9995,32.0402,   7.6,33209,-36.8,-66.0,-61.4,  3,  5, 0.73,131,13.8
2026-06-10 12:40:11,-101.9996,32.0403,   7.6,33216,-36.9,-66.0,-61.4,  3,  5, 0.73,132,13.8
2026-06-10 12:40:12,-101.9997,32.0404,   7.5,33223,-36.9,-66.0,-61.4,  3,  5, 0.74,133,13.7
2026-06-10 12:40:13,-101.9998,32.0405,   7.5,33230,-36.9,-66.0,-61.4,  3,  5, 0.74,133,13.7
2026-06-10 12:40:14,-101.9999,32.0406,   7.5,33237,-36.9,-66.0,-61.4,  3,  5, 0.74,134,13.7
2026-06-10 12:40:15,-101.9999,32.0407,   7.5,33244,-36.9,-66.0,-61.4,  3,  5, 0.74,135,13.6
2026-06-10 12:40:16,-102.0000,32.0408,   7.5,33250,-36.9,-66.0,-61.4,  3,  5, 0.74,135,13.6
2026-06-10 12:40:17,-102.0001,32.0409,   7.5,33257,-36.9,-66.0,-61.4,  3,  5, 0.74,136,13.5
2026-06-10 12:40:18,-102.0002,32.0410,   7.5,33263,-36.9,-66.0,-61.5,  3,  5, 0.74,137,13.5
2026-06-10 12:40:19,-102.0003,32.0411,   7.5,33270,-36.9,-66.0,-61.5,  3,  5, 0.74,138,13.5
2026-06-10 12:40:20,-102.0003,32.0412,   7.5,33276,-36.9,-66.0,-61.5,  3,  5, 0.74,138,13.4
2026-06-10 12:40:21,-102.0004,32.0413,   7.5,33283,-36.9,-66.0,-61.5,  3,  5, 0.74,139,13.4
2026-06-10 12:40:22,-102.0005,32.0413,   7.5,33290,-36.9,-66.0,-61.5,  3,  5, 0.74,140,13.4
2026-06-10 12:40:23,-102.0006,32.0414,   7.5,33296,-36.9,-66.0,-61.4,  3,  5, 0.74,140,13.3
2026-06-10 12:40:24,-102.0007,32.0415,   7.5,33303,-37.0,-66.0,-61.4,  3,  5, 0.74,141,13.3
2026-06-10 12:40:25,-102.0007,32.0416,   7.5,33310,-37.0,-66.0,-61.4,  3,  5, 0.74,142,13.3
2026-06-10 12:40:26,-102.0008,32.0417,   7.4,33316,-37.0,-66.0,-61.4,  3,  5, 0.75,143,13.3
2026-06-10 12:40:27,-102.0009,32.0418,   7.4,33323,-37.0,-66.0,-61.4,  3,  5, 0.75,143,13.3
2026-06-10 12:40:28,-102.0010,32.0419,   7.4,33330,-37.0,-66.0,-61.4,  3,  5, 0.75,143,13.2
2026-06-10 12:40:29,-102.0011,32.0420,   7.4,33337,-37.0,-66.0,-61.4,  3,  5, 0.75,144,13.2
2026-06-10 12:40:30,-102.0011,32.0421,   7.4,33344,-37.0,-66.0,-61.4,  3,  5, 0.75,144,13.2
2026-06-10 12:40:31,-102.0012,32.0422,   7.4,33351,-37.0,-66.0,-61.4,  3,  5, 0.75,144,13.2
2026-06-10 12:40:32,-102.0013,32.0423,   7.4,33358,-37.0,-66.0,-61.4,  3,  5, 0.75,145,13.1
2026-06-10 12:40:33,-102.0014,32.0424,   7.4,33365,-37.0,-66.0,-61.4,  3,  5, 0.75,145,13.1
2026-06-10 12:40:34,-102.0015,32.0425,   7.4,33372,-37.0,-65.9,-61.4,  3,  5, 0.75,145,13.1
2026-06-10 12:40:35,-102.0015,32.0426,   7.4,33379,-37.0,-65.9,-61.4,  3,  5, 0.75,146,13.1
2026-06-10 12:40:36,-102.0016,32.0427,   7.4,33387,-37.0,-65.9,-61.4,  3,  5, 0.75,146,13.1
2026-06-10 12:40:37,-102.0017,32.0428,   7.4,33394,-37.0,-65.9,-61.4,  4,  5, 0.76,147,13.1
2026-06-10 12:40:38,-102.0017,32.0429,   7.4,33401,-37.1,-65.9,-61.3,  4,  5, 0.76,147,13.0
2026-06-10 12:40:39,-102.0018,32.0429,   7.3,33408,-37.1,-65.9,-61.3,  4,  5, 0.77,147,13.0
2026-06-10 12:40:40,-102.0019,32.0430,   7.3,33415,-37.1,-65.8,-61.3,  4,  5, 0.77,148,13.0
2026-06-10 12:40:41,-102.0019,32.0431,   7.3,33422,-37.1,-65.8,-61.3,  4,  5, 0.77,148,13.0
2026-06-10 12:40:42,-102.0020,32.0431,   7.3,33429,-37.1,-65.8,-61.3,  4,  5, 0.77,148,13.0
2026-06-10 12:40:43,-102.0020,32.0432,   7.3,33435,-37.1,-65.8,-61.3,  4,  5, 0.78,149,13.0
2026-06-10 12:40:44,-102.0021,32.0433,   7.3,33441,-37.1,-65.8,-61.2,  4,  5, 0.78,149,12.9
2026-06-10 12:40:45,-102.0021,32.0433,   7.3,33447,-37.1,-65.8,-61.2,  4,  5, 0.78,149,12.9
2026-06-10 12:40:46,-102.0022,32.0434,   7.3,33454,-37.1,-65.8,-61.2,  4,  5, 0.78,150,12.9
2026-06-10 12:40:47,-102.0022,32.0435,   7.3,33460,-37.1,-65.7,-61.2,  4,  5, 0.78,150,12.7
2026-06-10 12:40:48,-102.0023,32.0435,   7.3,33466,-37.1,-65.7,-61.2,  4,  5, 0.78,150,12.5
2026-06-10 12:40:49,-102.0023,32.0436,   7.3,33473,-37.1,-65.7,-61.2,  4,  5, 0.78,150,12.2
2026-06-10 12:40:50,-102.0024,32.0437,   7.3,33480,-37.1,-65.7,-61.2,  4,  5, 0.79,149,12.0
2026-06-10 12:40:51,-102.0024,32.0438,   7.3,33487,-37.1,-65.7,-61.1,  4,  5, 0.79,149,11.8
2026-06-10 12:40:52,-102.0025,32.0438,   7.3,33493,-37.1,-65.7,-61.1,  4,  5, 0.79,149,11.5
2026-06-10 12:40:53,-102.0025,32.0439,   7.3,33500,-37.1,-65.7,-61.1,  4,  5, 0.79,149,11.3
2026-06-10 12:40:54,-102.0026,32.0440,   7.2,33507,-37.1,-65.7,-61.1,  4,  5, 0.80,149,11.1
2026-06-10 12:40:55,-102.0026,32.0440,   7.2,33514,-37.1,-65.6,-61.1,  4,  5, 0.80,149,10.9
2026-06-10 12:40:56,-102.0027,32.0441,   7.2,33521,-37.1,-65.6,-61.1,  4,  5, 0.81,149,10.6
2026-06-10 12:40:57,-102.0027,32.0442,   7.2,33527,-37.1,-65.6,-61.1,  4,  5, 0.81,149,10.4
2026-06-10 12:40:58,-102.0028,32.0442,   7.2,33534,-37.1,-65.6,-61.1,  4,  5, 0.81,149,10.2
2026-06-10 12:40:59,-102.0028,32.0443,   7.2,33541,-37.1,-65.6,-61.1,  4,  5, 0.81,148,10.0
2026-06-10 12:41:00,-102.0029,32.0444,   7.2,33548,-37.1,-65.6,-61.0,  4,  5, 0.81,148, 9.7
2026-06-10 12:41:01,-102.0029,32.0444,   7.2,33556,-37.1,-65.6,-61.0,  4,  5, 0.81,148, 9.5
2026-06-10 12:41:02,-102.0030,32.0445,   7.2,33563,-37.1,-65.6,-61.0,  4,  5, 0.81,148, 9.3
2026-06-10 12:41:03,-102.0031,32.0446,   7.2,33570,-37.1,-65.6,-61.0,  4,  5, 0.81,148, 9.1
2026-06-10 12:41:04,-102.0031,32.0447,   7.2,33577,-37.1,-65.6,-61.0,  4,  5, 0.81,148, 8.8
2026-06-10 12:41:05,-102.0032,32.0447,   7.2,33584,-37.1,-65.6,-61.0,  4,  5, 0.81,147, 8.6
2026-06-10 12:41:06,-102.0032,32.0448,   7.2,33591,-37.1,-65.6,-61.0,  4,  5, 0.81,147, 8.4
2026-06-10 12:41:07,-102.0033,32.0449,   7.1,33598,-37.1,-65.6,-61.0,  4,  5, 0.82,146, 8.2
2026-06-10 12:41:08,-102.0033,32.0449,   7.1,33605,-37.1,-65.6,-61.0,  4,  5, 0.82,145, 8.0
2026-06-10 12:41:09,-102.0034,32.0449,   7.1,33612,-37.1,-65.6,-61.0,  4,  5, 0.82,144, 7.9
2026-06-10 12:41:10,-102.0034,32.0449,   7.1,33620,-37.1,-65.6,-61.0,  4,  5, 0.82,143, 7.7
2026-06-10 12:41:11,-102.0035,32.0449,   7.1,33627,-37.1,-65.6,-61.0,  4,  5, 0.82,142, 7.5
2026-06-10 12:41:12,-102.0035,32.0449,   7.1,33635,-37.1,-65.6,-61.0,  4,  5, 0.82,141, 7.3
2026-06-10 12:41:13,-102.0036,32.0449,   7.1,33643,-37.1,-65.5,-61.0,  4,  5, 0.83,140, 7.2
2026-06-10 12:41:14,-102.0036,32.0449,   7.1,33650,-37.1,-65.5,-61.0,  4,  5, 0.83,138, 7.0
2026-06-10 12:41:15,-102.0037,32.0449,   7.1,33658,-37.1,-65.5,-61.0,  4,  5, 0.83,137, 6.8
2026-06-10 12:41:16,-102.0038,32.0449,   7.1,33665,-37.1,-65.5,-61.0,  4,  5, 0.83,135, 6.6
2026-06-10 12:41:17,-102.0038,32.0449,   7.1,33672,-37.1,-65.5,-61.0,  4,  5, 0.83,134, 6.5
2026-06-10 12:41:18,-102.0039,32.0449,   7.1,33678,-37.1,-65.5,-61.0,  4,  5, 0.83,132, 6.3
2026-06-10 12:41:19,-102.0039,32.0449,   7.1,33685,-37.1,-65.5,-61.0,  4,  5, 0.83,130, 6.1
2026-06-10 12:41:20,-102.0040,32.0449,   7.1,33692,-37.1,-65.5,-60.9,  4,  5, 0.83,128, 5.9
2026-06-10 12:41:21,-102.0040,32.0449,   7.0,33699,-37.1,-65.5,-60.9,  4,  5, 0.85,126, 5.8
2026-06-10 12:41:22,-102.0041,32.0449,   7.0,33706,-37.1,-65.5,-60.9,  4,  5, 0.85,124, 5.6
2026-06-10 12:41:23,-102.0041,32.0449,   7.0,33713,-37.1,-65.4,-60.9,  4,  5, 0.85,122, 5.4
2026-06-10 12:41:24,-102.0042,32.0449,   7.0,33720,-37.1,-65.4,-60.9,  4,  5, 0.85,119, 5.3
2026-06-10 12:41:25,-102.0042,32.0449,   7.0,33727,-37.1,-65.4,-60.9,  4,  5, 0.85,117, 5.1
2026-06-10 12:41:26,-102.0043,32.0449,   7.0,33734,-37.2,-65.4,-60.9,  4,  5, 0.85,114, 4.9
2026-06-10 12:41:27,-102.0043,32.0449,   7.0,33741,-37.2,-65.4,-60.9,  4,  5, 0.85,111, 5.0
2026-06-10 12:41:28,-102.0044,32.0449,   7.0,33745,-37.2,-65.4,-60.9,  4,  5, 0.85,109, 5.1
2026-06-10 12:41:29,-102.0045,32.0449,   7.0,33755,-37.2,-65.4,-60.9,  4,  5, 0.86,104, 5.2
2026-06-10 12:41:30,-102.0045,32.0449,   7.0,33762,-37.2,-65.4,-60.8,  4,  5, 0.86,101, 5.3
2026-06-10 12:41:31,-102.0046,32.0449,   7.0,33769,-37.2,-65.4,-60.8,  4,  5, 0.86, 98, 5.5
2026-06-10 12:41:32,-102.0046,32.0449,   7.0,33776,-37.2,-65.4,-60.8,  4,  5, 0.86, 95, 5.6
2026-06-10 12:41:33,-102.0047,32.0449,   7.0,33783,-37.2,-65.3,-60.8,  4,  5, 0.86, 92, 5.7
2026-06-10 12:41:34,-102.0047,32.0449,   7.0,33790,-37.2,-65.3,-60.8,  4,  5, 0.86, 89, 5.8
2026-06-10 12:41:35,-102.0048,32.0449,   6.9,33797,-37.2,-65.3,-60.8,  4,  6, 0.87, 86, 5.9
2026-06-10 12:41:36,-102.0048,32.0449,   6.9,33804,-37.2,-65.3,-60.8,  4,  6, 0.87, 84, 6.0
2026-06-10 12:41:37,-102.0049,32.0449,   6.9,33811,-37.2,-65.3,-60.8,  4,  6, 0.88, 81, 6.1
2026-06-10 12:41:38,-102.0050,32.0449,   6.9,33817,-37.2,-65.3,-60.8,  4,  6, 0.88, 79, 6.2
2026-06-10 12:41:39,-102.0050,32.0448,   6.9,33824,-37.2,-65.3,-60.8,  4,  6, 0.88, 76, 6.3
2026-06-10 12:41:40,-102.0051,32.0448,   6.9,33831,-37.2,-65.3,-60.8,  4,  6, 0.88, 74, 6.4
2026-06-10 12:41:41,-102.0052,32.0448,   6.9,33838,-37.2,-65.3,-60.8,  4,  6, 0.88, 72, 6.5
2026-06-10 12:41:42,-102.0053,32.0447,   6.9,33845,-37.2,-65.3,-60.8,  4,  6, 0.88, 70, 6.6
2026-06-10 12:41:43,-102.0054,32.0447,   6.9,33852,-37.2,-65.3,-60.8,  4,  6, 0.88, 68, 6.8
2026-06-10 12:41:44,-102.0055,32.0447,   6.9,33859,-37.2,-65.3,-60.8,  4,  6, 0.88, 67, 6.9
2026-06-10 12:41:45,-102.0056,32.0447,   6.9,33866,-37.2,-65.3,-60.8,  4,  6, 0.88, 65, 7.0
2026-06-10 12:41:46,-102.0057,32.0446,   6.9,33873,-37.2,-65.3,-60.8,  4,  6, 0.88, 63, 7.1
2026-06-10 12:41:47,-102.0057,32.0446,   6.9,33881,-37.3,-65.3,-60.8,  4,  6, 0.88, 64, 7.2
2026-06-10 12:41:48,-102.0058,32.0446,   6.9,33888,-37.3,-65.3,-60.8,  4,  6, 0.88, 64, 7.3
2026-06-10 12:41:49,-102.0059,32.0445,   6.8,33895,-37.3,-65.3,-60.8,  4,  6, 0.89, 64, 7.4
2026-06-10 12:41:50,-102.0060,32.0445,   6.8,33903,-37.3,-65.3,-60.8,  4,  6, 0.89, 64, 7.6
2026-06-10 12:41:51,-102.0061,32.0445,   6.8,33910,-37.3,-65.3,-60.8,  4,  6, 0.89, 65, 7.7
2026-06-10 12:41:52,-102.0062,32.0444,   6.8,33917,-37.3,-65.3,-60.8,  4,  6, 0.89, 65, 7.8
2026-06-10 12:41:53,-102.0063,32.0444,   6.8,33924,-37.3,-65.3,-60.8,  4,  6, 0.89, 65, 7.9
2026-06-10 12:41:54,-102.0064,32.0444,   6.8,33931,-37.3,-65.3,-60.8,  4,  6, 0.89, 66, 8.1
2026-06-10 12:41:55,-102.0065,32.0443,   6.8,33938,-37.3,-65.3,-60.8,  4,  6, 0.89, 66, 8.2
2026-06-10 12:41:56,-102.0066,32.0443,   6.8,33944,-37.3,-65.3,-60.8,  4,  6, 0.89, 66, 8.3
2026-06-10 12:41:57,-102.0066,32.0443,   6.8,33951,-37.3,-65.3,-60.8,  4,  6, 0.89, 66, 8.4
2026-06-10 12:41:58,-102.0067,32.0442,   6.8,33958,-37.4,-65.3,-60.8,  4,  6, 0.89, 67, 8.5
2026-06-10 12:41:59,-102.0068,32.0442,   6.8,33965,-37.4,-65.3,-60.8,  4,  6, 0.89, 67, 8.7
2026-06-10 12:42:00,-102.0069,32.0442,   6.8,33971,-37.4,-65.3,-60.8,  4,  6, 0.89, 67, 8.8
2026-06-10 12:42:01,-102.0070,32.0442,   6.8,33978,-37.4,-65.3,-60.8,  4,  6, 0.89, 67, 8.9
2026-06-10 12:42:02,-102.0071,32.0441,   6.8,33985,-37.4,-65.3,-60.8,  4,  6, 0.89, 67, 9.0
2026-06-10 12:42:03,-102.0072,32.0441,   6.8,33991,-37.4,-65.3,-60.8,  4,  6, 0.89, 68, 9.2
2026-06-10 12:42:04,-102.0073,32.0441,   6.7,33997,-37.4,-65.3,-60.8,  4,  6, 0.90, 68, 9.3
2026-06-10 12:42:05,-102.0074,32.0440,   6.7,34004,-37.4,-65.3,-60.8,  4,  6, 0.90, 68, 9.4
2026-06-10 12:42:06,-102.0075,32.0440,   6.7,34010,-37.4,-65.3,-60.8,  4,  6, 0.90, 68, 9.5
2026-06-10 12:42:07,-102.0075,32.0440,   6.7,34017,-37.5,-65.3,-60.8,  4,  6, 0.90, 68, 9.5
2026-06-10 12:42:08,-102.0076,32.0439,   6.7,34023,-37.5,-65.3,-60.8,  4,  6, 0.90, 69, 9.5
2026-06-10 12:42:09,-102.0077,32.0439,   6.7,34030,-37.5,-65.3,-60.8,  4,  6, 0.90, 69, 9.5
2026-06-10 12:42:10,-102.0078,32.0439,   6.7,34037,-37.5,-65.3,-60.8,  4,  6, 0.90, 69, 9.5
2026-06-10 12:42:11,-102.0079,32.0439,   6.7,34044,-37.5,-65.3,-60.8,  4,  6, 0.90, 70, 9.5
2026-06-10 12:42:12,-102.0080,32.0438,   6.7,34051,-37.5,-65.3,-60.8,  4,  6, 0.90, 70, 9.5
2026-06-10 12:42:13,-102.0081,32.0438,   6.7,34057,-37.5,-65.3,-60.8,  4,  6, 0.90, 70, 9.5
2026-06-10 12:42:14,-102.0082,32.0438,   6.7,34063,-37.5,-65.3,-60.8,  4,  6, 0.90, 71, 9.5
2026-06-10 12:42:15,-102.0083,32.0438,   6.7,34070,-37.5,-65.3,-60.8,  4,  6, 0.90, 71, 9.5
2026-06-10 12:42:16,-102.0084,32.0438,   6.7,34076,-37.6,-65.3,-60.8,  4,  6, 0.90, 71, 9.5
2026-06-10 12:42:17,-102.0085,32.0437,   6.7,34083,-37.6,-65.3,-60.8,  4,  6, 0.90, 71, 9.5
2026-06-10 12:42:18,-102.0086,32.0437,   6.7,34089,-37.6,-65.3,-60.8,  4,  6, 0.90, 72, 9.5
2026-06-10 12:42:19,-102.0087,32.0437,   6.7,34095,-37.6,-65.3,-60.8,  4,  6, 0.90, 72, 9.5
2026-06-10 12:42:20,-102.0088,32.0437,   6.6,34102,-37.6,-65.3,-60.8,  4,  6, 0.91, 72, 9.6
2026-06-10 12:42:21,-102.0089,32.0437,   6.6,34109,-37.6,-65.3,-60.8,  4,  6, 0.91, 73, 9.6
2026-06-10 12:42:22,-102.0090,32.0436,   6.6,34115,-37.6,-65.3,-60.8,  4,  6, 0.91, 73, 9.6
2026-06-10 12:42:23,-102.0091,32.0436,   6.6,34122,-37.6,-65.3,-60.8,  4,  6, 0.91, 73, 9.6
2026-06-10 12:42:24,-102.0091,32.0436,   6.6,34128,-37.6,-65.3,-60.8,  4,  6, 0.91, 74, 9.6
2026-06-10 12:42:25,-102.0092,32.0436,   6.6,34135,-37.6,-65.3,-60.8,  4,  6, 0.91, 74, 9.6
2026-06-10 12:42:26,-102.0093,32.0436,   6.6,34141,-37.6,-65.3,-60.8,  4,  6, 0.91, 74, 9.6
2026-06-10 12:42:27,-102.0094,32.0435,   6.6,34148,-37.7,-65.3,-60.8,  4,  6, 0.91, 74, 9.5
2026-06-10 12:42:28,-102.0095,32.0435,   6.6,34154,-37.7,-65.3,-60.8,  4,  6, 0.91, 75, 9.5
2026-06-10 12:42:29,-102.0096,32.0435,   6.6,34161,-37.7,-65.4,-60.8,  4,  6, 0.91, 75, 9.5
2026-06-10 12:42:30,-102.0097,32.0435,   6.6,34167,-37.7,-65.4,-60.8,  4,  6, 0.91, 75, 9.5
2026-06-10 12:42:31,-102.0098,32.0435,   6.6,34173,-37.7,-65.4,-60.8,  4,  6, 0.91, 75, 9.4
2026-06-10 12:42:32,-102.0099,32.0434,   6.6,34179,-37.7,-65.4,-60.8,  4,  6, 0.91, 75, 9.4
2026-06-10 12:42:33,-102.0100,32.0434,   6.6,34185,-37.7,-65.4,-60.8,  4,  6, 0.91, 76, 9.4
2026-06-10 12:42:34,-102.0101,32.0434,   6.6,34191,-37.7,-65.4,-60.8,  4,  6, 0.91, 76, 9.4
2026-06-10 12:42:35,-102.0102,32.0434,   6.6,34197,-37.7,-65.4,-60.8,  4,  6, 0.91, 76, 9.3
2026-06-10 12:42:36,-102.0103,32.0434,   6.5,34204,-37.7,-65.4,-60.8,  4,  6, 0.92, 76, 9.3
2026-06-10 12:42:37,-102.0104,32.0434,   6.5,34210,-37.8,-65.4,-60.9,  4,  6, 0.92, 76, 9.3
2026-06-10 12:42:38,-102.0105,32.0433,   6.5,34217,-37.8,-65.4,-60.9,  4,  6, 0.92, 77, 9.3
2026-06-10 12:42:39,-102.0106,32.0433,   6.5,34223,-37.8,-65.4,-60.9,  4,  6, 0.92, 77, 9.2
2026-06-10 12:42:40,-102.0107,32.0433,   6.5,34229,-37.8,-65.4,-60.9,  4,  6, 0.92, 77, 9.2
2026-06-10 12:42:41,-102.0108,32.0433,   6.5,34235,-37.8,-65.4,-60.9,  4,  6, 0.92, 77, 9.2
2026-06-10 12:42:42,-102.0109,32.0433,   6.5,34241,-37.8,-65.5,-60.9,  4,  6, 0.91, 78, 9.2
2026-06-10 12:42:43,-102.0110,32.0432,   6.5,34247,-37.8,-65.5,-60.9,  4,  6, 0.91, 78, 9.2
2026-06-10 12:42:44,-102.0111,32.0432,   6.5,34253,-37.8,-65.5,-60.9,  4,  6, 0.91, 78, 9.1
2026-06-10 12:42:45,-102.0111,32.0432,   6.5,34259,-37.8,-65.5,-61.0,  4,  6, 0.91, 78, 9.1
2026-06-10 12:42:46,-102.0112,32.0432,   6.5,34265,-37.8,-65.5,-61.0,  4,  6, 0.91, 79, 9.1
2026-06-10 12:42:47,-102.0113,32.0431,   6.5,34272,-37.8,-65.5,-61.0,  4,  6, 0.91, 78, 9.1
2026-06-10 12:42:48,-102.0114,32.0431,   6.5,34278,-37.9,-65.5,-61.0,  4,  6, 0.90, 78, 9.1
2026-06-10 12:42:49,-102.0115,32.0431,   6.5,34284,-37.9,-65.5,-61.0,  4,  6, 0.90, 78, 9.1
2026-06-10 12:42:50,-102.0116,32.0431,   6.5,34290,-37.9,-65.5,-61.0,  4,  6, 0.90, 78, 9.1
2026-06-10 12:42:51,-102.0117,32.0431,   6.5,34296,-37.9,-65.5,-61.0,  4,  6, 0.90, 78, 9.1
2026-06-10 12:42:52,-102.0118,32.0430,   6.5,34303,-37.9,-65.5,-61.0,  4,  6, 0.90, 78, 9.1
2026-06-10 12:42:53,-102.0119,32.0430,   6.5,34309,-37.9,-65.5,-61.0,  4,  6, 0.90, 77, 9.1
2026-06-10 12:42:54,-102.0120,32.0430,   6.4,34315,-37.9,-65.5,-61.0,  4,  6, 0.92, 77, 9.1
2026-06-10 12:42:55,-102.0121,32.0430,   6.4,34321,-37.9,-65.6,-61.0,  4,  6, 0.91, 77, 9.1
2026-06-10 12:42:56,-102.0122,32.0429,   6.4,34328,-37.9,-65.6,-61.0,  4,  6, 0.91, 77, 9.1
2026-06-10 12:42:57,-102.0123,32.0429,   6.4,34334,-37.9,-65.6,-61.0,  4,  6, 0.91, 77, 9.1
2026-06-10 12:42:58,-102.0124,32.0429,   6.4,34340,-37.9,-65.6,-61.0,  4,  6, 0.91, 76, 9.2
2026-06-10 12:42:59,-102.0125,32.0429,   6.4,34346,-37.9,-65.6,-61.0,  4,  6, 0.91, 76, 9.2
2026-06-10 12:43:00,-102.0126,32.0429,   6.4,34352,-37.9,-65.6,-61.0,  4,  6, 0.91, 76, 9.2
2026-06-10 12:43:01,-102.0127,32.0428,   6.4,34358,-37.9,-65.6,-61.0,  4,  6, 0.91, 76, 9.2
2026-06-10 12:43:02,-102.0128,32.0428,   6.4,34364,-37.9,-65.6,-61.0,  4,  6, 0.91, 76, 9.2
2026-06-10 12:43:03,-102.0129,32.0428,   6.4,34370,-37.9,-65.6,-61.0,  4,  6, 0.91, 76, 9.2
2026-06-10 12:43:04,-102.0130,32.0428,   6.4,34377,-37.9,-65.6,-61.0,  4,  6, 0.91, 75, 9.2
2026-06-10 12:43:05,-102.0131,32.0427,   6.4,34383,-37.9,-65.6,-61.0,  4,  6, 0.91, 75, 9.2
2026-06-10 12:43:06,-102.0132,32.0427,   6.4,34389,-37.9,-65.6,-61.0,  4,  6, 0.91, 75, 9.2
2026-06-10 12:43:07,-102.0133,32.0427,   6.4,34395,-37.9,-65.6,-61.0,  4,  6, 0.91, 75, 9.3
2026-06-10 12:43:08,-102.0133,32.0427,   6.4,34401,-37.9,-65.6,-61.0,  4,  6, 0.91, 75, 9.3
2026-06-10 12:43:09,-102.0134,32.0427,   6.4,34407,-37.9,-65.6,-61.0,  4,  6, 0.91, 75, 9.4
2026-06-10 12:43:10,-102.0135,32.0426,   6.4,34413,-37.9,-65.6,-61.0,  4,  6, 0.91, 75, 9.4
2026-06-10 12:43:11,-102.0137,32.0426,   6.3,34419,-37.9,-65.6,-61.0,  4,  6, 0.93, 74, 9.5
2026-06-10 12:43:12,-102.0137,32.0426,   6.3,34427,-37.9,-65.6,-61.0,  4,  6, 0.93, 74, 9.6
2026-06-10 12:43:13,-102.0139,32.0426,   6.3,34432,-37.9,-65.6,-61.0,  4,  6, 0.93, 74, 9.6
2026-06-10 12:43:14,-102.0140,32.0425,   6.3,34438,-37.9,-65.6,-61.0,  4,  6, 0.93, 74, 9.7
2026-06-10 12:43:15,-102.0141,32.0425,   6.3,34444,-37.9,-65.5,-61.0,  4,  6, 0.93, 74, 9.7
2026-06-10 12:43:16,-102.0142,32.0425,   6.3,34449,-37.9,-65.5,-61.0,  4,  6, 0.93, 74, 9.8
2026-06-10 12:43:17,-102.0143,32.0425,   6.3,34455,-37.9,-65.6,-61.0,  4,  6, 0.93, 74, 9.9
2026-06-10 12:43:18,-102.0144,32.0424,   6.3,34461,-37.9,-65.6,-61.0,  4,  6, 0.93, 73, 9.9
2026-06-10 12:43:19,-102.0146,32.0424,   6.3,34467,-37.8,-65.6,-61.0,  4,  6, 0.93, 73,10.0
2026-06-10 12:43:20,-102.0147,32.0424,   6.3,34473,-37.8,-65.6,-61.0,  4,  6, 0.93, 73,10.0
2026-06-10 12:43:21,-102.0148,32.0424,   6.3,34478,-37.8,-65.6,-61.0,  4,  6, 0.93, 73,10.1
2026-06-10 12:43:22,-102.0149,32.0423,   6.3,34484,-37.8,-65.6,-61.1,  4,  6, 0.93, 73,10.2
2026-06-10 12:43:23,-102.0150,32.0423,   6.3,34490,-37.8,-65.6,-61.1,  4,  6, 0.93, 73,10.2
2026-06-10 12:43:24,-102.0151,32.0423,   6.3,34495,-37.8,-65.6,-61.1,  4,  6, 0.92, 73,10.3
2026-06-10 12:43:25,-102.0152,32.0422,   6.3,34501,-37.7,-65.6,-61.1,  4,  6, 0.92, 73,10.4
2026-06-10 12:43:26,-102.0154,32.0422,   6.3,34507,-37.7,-65.6,-61.1,  4,  6, 0.92, 72,10.4
2026-06-10 12:43:27,-102.0155,32.0422,   6.3,34513,-37.7,-65.6,-61.1,  4,  6, 0.92, 73,10.5
2026-06-10 12:43:28,-102.0156,32.0422,   6.3,34519,-37.7,-65.6,-61.1,  4,  6, 0.93, 73,10.6
2026-06-10 12:43:29,-102.0157,32.0421,   6.3,34525,-37.6,-65.6,-61.0,  4,  6, 0.93, 73,10.6
2026-06-10 12:43:30,-102.0158,32.0421,   6.2,34531,-37.6,-65.6,-61.0,  4,  6, 0.94, 73,10.7
2026-06-10 12:43:31,-102.0159,32.0421,   6.2,34537,-37.5,-65.6,-61.0,  4,  6, 0.94, 74,10.8
2026-06-10 12:43:32,-102.0161,32.0421,   6.2,34543,-37.5,-65.6,-61.0,  4,  6, 0.94, 74,10.9
2026-06-10 12:43:33,-102.0162,32.0420,   6.2,34549,-37.5,-65.6,-61.0,  4,  6, 0.94, 74,11.0
2026-06-10 12:43:34,-102.0163,32.0420,   6.2,34555,-37.4,-65.6,-61.0,  4,  5, 0.94, 74,11.0
2026-06-10 12:43:35,-102.0164,32.0420,   6.2,34561,-37.4,-65.6,-61.0,  4,  5, 0.94, 74,11.1
2026-06-10 12:43:36,-102.0165,32.0419,   6.2,34566,-37.4,-65.6,-61.0,  4,  5, 0.94, 75,11.2
2026-06-10 12:43:37,-102.0166,32.0419,   6.2,34572,-37.3,-65.6,-61.0,  4,  5, 0.94, 75,11.3
2026-06-10 12:43:38,-102.0168,32.0419,   6.2,34578,-37.3,-65.6,-61.0,  4,  5, 0.94, 75,11.4
2026-06-10 12:43:39,-102.0169,32.0419,   6.2,34584,-37.3,-65.6,-61.0,  4,  5, 0.94, 75,11.4
2026-06-10 12:43:40,-102.0170,32.0418,   6.2,34590,-37.3,-65.6,-61.0,  4,  5, 0.94, 75,11.5
2026-06-10 12:43:41,-102.0171,32.0418,   6.2,34596,-37.2,-65.6,-61.0,  4,  5, 0.94, 76,11.6
2026-06-10 12:43:42,-102.0172,32.0418,   6.2,34603,-37.2,-65.6,-61.0,  4,  5, 0.94, 76,11.7
2026-06-10 12:43:43,-102.0173,32.0418,   6.2,34609,-37.2,-65.6,-61.1,  4,  5, 0.94, 76,11.8
2026-06-10 12:43:44,-102.0175,32.0417,   6.2,34615,-37.2,-65.6,-61.1,  4,  5, 0.94, 76,11.9
2026-06-10 12:43:45,-102.0176,32.0417,   6.2,34621,-37.1,-65.6,-61.1,  4,  5, 0.94, 76,11.9
2026-06-10 12:43:46,-102.0177,32.0416,   6.2,34627,-37.1,-65.6,-61.1,  4,  5, 0.94, 76,12.0
2026-06-10 12:43:47,-102.0178,32.0416,   6.2,34633,-37.1,-65.6,-61.1,  4,  5, 0.94, 76,12.0
2026-06-10 12:43:48,-102.0179,32.0416,   6.1,34639,-37.1,-65.6,-61.1,  4,  5, 0.95, 76,12.1
2026-06-10 12:43:49,-102.0181,32.0415,   6.1,34645,-37.1,-65.6,-61.1,  4,  5, 0.95, 75,12.1
2026-06-10 12:43:50,-102.0182,32.0415,   6.1,34651,-37.0,-65.7,-61.1,  4,  5, 0.95, 75,12.2
2026-06-10 12:43:51,-102.0183,32.0414,   6.1,34657,-37.0,-65.7,-61.1,  4,  5, 0.94, 74,12.2
2026-06-10 12:43:52,-102.0184,32.0414,   6.1,34663,-37.0,-65.7,-61.1,  4,  5, 0.94, 74,12.2
2026-06-10 12:43:53,-102.0185,32.0414,   6.1,34669,-37.0,-65.7,-61.2,  4,  5, 0.94, 73,12.3
2026-06-10 12:43:54,-102.0187,32.0413,   6.1,34675,-37.0,-65.7,-61.2,  4,  5, 0.94, 73,12.3
2026-06-10 12:43:55,-102.0188,32.0413,   6.1,34679,-37.0,-65.8,-61.2,  4,  5, 0.93, 73,12.3
2026-06-10 12:43:56,-102.0189,32.0412,   6.1,34684,-37.0,-65.8,-61.3,  4,  5, 0.93, 72,12.4
2026-06-10 12:43:57,-102.0190,32.0412,   6.1,34688,-37.0,-65.9,-61.3,  4,  5, 0.92, 72,12.4
