time,longitude,latitude,pressure_hPa,geopotential height_m,temperature_C,dew point temperature_C,ice point temperature_C,relative humidity_%,humidity wrt ice_%,mixing ratio_g/kg,wind direction_degree,wind speed_m/s
2026-06-16 17:04:55,-102.1897,31.9428, 914.2,  874, 30.7, 19.1, 19.1, 50, 50,15.39,177, 3.1
2026-06-16 17:04:56,-102.1898,31.9429, 913.5,  882, 30.5, 19.0, 19.0, 50, 50,15.31,170, 4.5
2026-06-16 17:04:57,-102.1898,31.9429, 912.8,  890, 30.3, 18.9, 18.9, 51, 51,15.25,170, 4.5
2026-06-16 17:04:58,-102.1898,31.9430, 912.1,  896, 30.2, 18.9, 18.9, 51, 51,15.18,169, 4.6
2026-06-16 17:04:59,-102.1898,31.9430, 911.6,  900, 30.1, 18.8, 18.8, 51, 51,15.15,169, 4.6
2026-06-16 17:05:00,-102.1899,31.9431, 910.7,  909, 29.8, 18.7, 18.7, 51, 51,15.06,168, 4.7
2026-06-16 17:05:01,-102.1899,31.9431, 909.9,  915, 29.6, 18.6, 18.6, 52, 52,15.00,167, 4.7
2026-06-16 17:05:02,-102.1899,31.9432, 909.2,  922, 29.5, 18.6, 18.6, 52, 52,14.95,166, 4.8
2026-06-16 17:05:03,-102.1899,31.9432, 908.5,  928, 29.3, 18.5, 18.5, 52, 52,14.91,165, 5.0
2026-06-16 17:05:04,-102.1900,31.9433, 907.8,  936, 29.1, 18.4, 18.4, 53, 53,14.85,164, 5.1
2026-06-16 17:05:05,-102.1900,31.9433, 907.1,  943, 29.0, 18.4, 18.4, 53, 53,14.81,163, 5.3
2026-06-16 17:05:06,-102.1900,31.9433, 906.4,  950, 28.8, 18.3, 18.3, 53, 53,14.76,161, 5.4
2026-06-16 17:05:07,-102.1900,31.9434, 905.7,  958, 28.7, 18.3, 18.3, 53, 53,14.72,161, 5.5
2026-06-16 17:05:08,-102.1900,31.9434, 904.9,  965, 28.5, 18.2, 18.2, 54, 54,14.66,160, 5.7
2026-06-16 17:05:09,-102.1901,31.9435, 904.1,  973, 28.4, 18.1, 18.1, 54, 54,14.62,159, 5.8
2026-06-16 17:05:10,-102.1901,31.9435, 903.3,  981, 28.2, 18.1, 18.1, 54, 54,14.57,158, 6.0
2026-06-16 17:05:11,-102.1901,31.9436, 902.5,  989, 28.1, 18.0, 18.0, 54, 54,14.53,158, 6.0
2026-06-16 17:05:12,-102.1901,31.9436, 901.7,  997, 27.9, 17.9, 17.9, 55, 55,14.47,158, 5.9
2026-06-16 17:05:13,-102.1901,31.9436, 900.9, 1004, 27.7, 17.9, 17.9, 55, 55,14.43,158, 5.9
2026-06-16 17:05:14,-102.1901,31.9437, 900.1, 1012, 27.6, 17.8, 17.8, 55, 55,14.38,158, 5.8
2026-06-16 17:05:15,-102.1902,31.9437, 899.4, 1020, 27.5, 17.7, 17.7, 55, 55,14.34,158, 5.8
2026-06-16 17:05:16,-102.1902,31.9438, 898.6, 1027, 27.3, 17.7, 17.7, 56, 56,14.33,158, 5.8
2026-06-16 17:05:17,-102.1902,31.9438, 897.8, 1035, 27.2, 17.7, 17.7, 56, 56,14.31,159, 5.7
2026-06-16 17:05:18,-102.1902,31.9438, 897.0, 1042, 27.1, 17.6, 17.6, 56, 56,14.29,159, 5.7
2026-06-16 17:05:19,-102.1902,31.9439, 896.3, 1050, 27.0, 17.6, 17.6, 57, 57,14.27,159, 5.7
2026-06-16 17:05:20,-102.1902,31.9439, 895.5, 1058, 26.9, 17.6, 17.6, 57, 57,14.24,159, 5.6
2026-06-16 17:05:21,-102.1903,31.9440, 894.6, 1066, 26.7, 17.5, 17.5, 57, 57,14.22,159, 5.6
2026-06-16 17:05:22,-102.1903,31.9440, 893.8, 1074, 26.6, 17.5, 17.5, 57, 57,14.21,159, 5.5
2026-06-16 17:05:23,-102.1903,31.9440, 893.0, 1082, 26.5, 17.5, 17.5, 58, 58,14.18,159, 5.5
2026-06-16 17:05:24,-102.1903,31.9441, 892.2, 1090, 26.4, 17.4, 17.4, 58, 58,14.16,159, 5.4
2026-06-16 17:05:25,-102.1903,31.9441, 891.4, 1099, 26.3, 17.4, 17.4, 58, 58,14.13,159, 5.3
2026-06-16 17:05:26,-102.1903,31.9442, 890.5, 1107, 26.2, 17.3, 17.3, 58, 58,14.11,160, 5.2
2026-06-16 17:05:27,-102.1904,31.9442, 889.6, 1116, 26.0, 17.3, 17.3, 59, 59,14.09,160, 5.2
2026-06-16 17:05:28,-102.1904,31.9442, 888.8, 1125, 25.9, 17.3, 17.3, 59, 59,14.08,160, 5.1
2026-06-16 17:05:29,-102.1904,31.9443, 887.9, 1133, 25.8, 17.2, 17.2, 59, 59,14.07,160, 5.0
2026-06-16 17:05:30,-102.1904,31.9443, 887.1, 1142, 25.8, 17.2, 17.2, 59, 59,14.08,160, 4.9
2026-06-16 17:05:31,-102.1904,31.9444, 886.2, 1150, 25.7, 17.2, 17.2, 60, 60,14.08,160, 4.8
2026-06-16 17:05:32,-102.1904,31.9444, 885.5, 1157, 25.6, 17.2, 17.2, 60, 60,14.08,161, 4.7
2026-06-16 17:05:33,-102.1905,31.9444, 884.7, 1165, 25.5, 17.2, 17.2, 60, 60,14.08,161, 4.6
2026-06-16 17:05:34,-102.1905,31.9445, 884.0, 1172, 25.4, 17.2, 17.2, 60, 60,14.07,161, 4.6
2026-06-16 17:05:35,-102.1905,31.9445, 883.2, 1180, 25.3, 17.2, 17.2, 61, 61,14.08,161, 4.5
2026-06-16 17:05:36,-102.1905,31.9446, 882.5, 1187, 25.3, 17.1, 17.1, 61, 61,14.07,161, 4.4
2026-06-16 17:05:37,-102.1905,31.9446, 881.7, 1194, 25.2, 17.1, 17.1, 61, 61,14.06,162, 4.3
2026-06-16 17:05:38,-102.1905,31.9446, 881.2, 1200, 25.1, 17.1, 17.1, 61, 61,14.06,162, 4.2
2026-06-16 17:05:39,-102.1905,31.9447, 880.5, 1208, 25.0, 17.1, 17.1, 62, 62,14.06,162, 4.1
2026-06-16 17:05:40,-102.1906,31.9447, 879.9, 1215, 24.9, 17.1, 17.1, 62, 62,14.05,162, 4.1
2026-06-16 17:05:41,-102.1906,31.9447, 879.3, 1222, 24.8, 17.1, 17.1, 62, 62,14.05,162, 4.0
2026-06-16 17:05:42,-102.1906,31.9448, 878.7, 1227, 24.8, 17.0, 17.0, 62, 62,14.04,162, 3.9
2026-06-16 17:05:43,-102.1906,31.9448, 878.0, 1231, 24.7, 17.0, 17.0, 62, 62,14.03,162, 3.9
2026-06-16 17:05:44,-102.1906,31.9448, 877.5, 1236, 24.6, 17.0, 17.0, 63, 63,14.02,162, 3.8
2026-06-16 17:05:45,-102.1906,31.9448, 877.0, 1240, 24.6, 17.0, 17.0, 63, 63,14.01,162, 3.7
2026-06-16 17:05:46,-102.1906,31.9449, 876.5, 1245, 24.5, 17.0, 17.0, 63, 63,14.00,162, 3.7
2026-06-16 17:05:47,-102.1906,31.9449, 876.0, 1249, 24.4, 16.9, 16.9, 63, 63,13.98,162, 3.6
2026-06-16 17:05:48,-102.1906,31.9449, 875.5, 1256, 24.3, 16.9, 16.9, 63, 63,13.97,162, 3.6
2026-06-16 17:05:49,-102.1906,31.9449, 875.0, 1262, 24.3, 16.9, 16.9, 63, 63,13.96,162, 3.5
2026-06-16 17:05:50,-102.1907,31.9449, 874.4, 1268, 24.2, 16.9, 16.9, 64, 64,13.94,163, 3.4
2026-06-16 17:05:51,-102.1907,31.9450, 873.8, 1275, 24.1, 16.8, 16.8, 64, 64,13.93,163, 3.4
2026-06-16 17:05:52,-102.1907,31.9450, 873.3, 1281, 24.1, 16.8, 16.8, 64, 64,13.92,163, 3.3
2026-06-16 17:05:53,-102.1907,31.9450, 872.7, 1286, 24.0, 16.8, 16.8, 64, 64,13.90,163, 3.2
2026-06-16 17:05:54,-102.1907,31.9450, 872.1, 1292, 23.9, 16.8, 16.8, 64, 64,13.90,163, 3.2
2026-06-16 17:05:55,-102.1907,31.9451, 871.5, 1297, 23.8, 16.7, 16.7, 65, 65,13.89,163, 3.1
2026-06-16 17:05:56,-102.1907,31.9451, 871.0, 1302, 23.8, 16.7, 16.7, 65, 65,13.89,163, 3.0
2026-06-16 17:05:57,-102.1907,31.9451, 870.5, 1308, 23.8, 16.7, 16.7, 65, 65,13.89,163, 3.0
2026-06-16 17:05:58,-102.1907,31.9451, 870.0, 1313, 23.7, 16.7, 16.7, 65, 65,13.88,163, 2.9
2026-06-16 17:05:59,-102.1907,31.9452, 869.6, 1317, 23.7, 16.7, 16.7, 65, 65,13.88,163, 2.9
2026-06-16 17:06:00,-102.1908,31.9452, 869.1, 1322, 23.6, 16.7, 16.7, 65, 65,13.88,163, 2.8
2026-06-16 17:06:01,-102.1908,31.9452, 868.6, 1326, 23.6, 16.7, 16.7, 65, 65,13.88,163, 2.8
2026-06-16 17:06:02,-102.1908,31.9452, 868.2, 1331, 23.5, 16.7, 16.7, 65, 65,13.87,163, 2.8
2026-06-16 17:06:03,-102.1908,31.9453, 867.8, 1335, 23.5, 16.7, 16.7, 66, 66,13.87,163, 2.8
2026-06-16 17:06:04,-102.1908,31.9453, 867.3, 1339, 23.4, 16.6, 16.6, 66, 66,13.87,163, 2.9
2026-06-16 17:06:05,-102.1908,31.9453, 866.9, 1344, 23.4, 16.6, 16.6, 66, 66,13.86,163, 2.9
2026-06-16 17:06:06,-102.1908,31.9453, 866.5, 1348, 23.3, 16.6, 16.6, 66, 66,13.86,163, 2.9
2026-06-16 17:06:07,-102.1908,31.9454, 866.1, 1352, 23.3, 16.6, 16.6, 66, 66,13.86,163, 2.9
2026-06-16 17:06:08,-102.1908,31.9454, 865.7, 1356, 23.2, 16.6, 16.6, 66, 66,13.86,163, 2.9
2026-06-16 17:06:09,-102.1908,31.9454, 865.3, 1360, 23.2, 16.6, 16.6, 67, 67,13.86,163, 2.9
2026-06-16 17:06:10,-102.1908,31.9454, 864.9, 1364, 23.1, 16.6, 16.6, 67, 67,13.87,163, 3.0
2026-06-16 17:06:11,-102.1908,31.9455, 864.4, 1368, 23.1, 16.6, 16.6, 67, 67,13.88,163, 3.0
2026-06-16 17:06:12,-102.1908,31.9455, 864.0, 1372, 23.0, 16.6, 16.6, 67, 67,13.88,163, 3.0
2026-06-16 17:06:13,-102.1909,31.9455, 863.6, 1377, 23.0, 16.6, 16.6, 67, 67,13.88,163, 3.0
2026-06-16 17:06:14,-102.1909,31.9456, 863.1, 1381, 22.9, 16.6, 16.6, 67, 67,13.89,163, 3.0
2026-06-16 17:06:15,-102.1909,31.9456, 862.6, 1385, 22.9, 16.6, 16.6, 68, 68,13.90,163, 3.0
2026-06-16 17:06:16,-102.1909,31.9457, 862.2, 1390, 22.9, 16.6, 16.6, 68, 68,13.90,164, 3.0
2026-06-16 17:06:17,-102.1909,31.9457, 861.7, 1396, 22.8, 16.6, 16.6, 68, 68,13.91,164, 3.1
2026-06-16 17:06:18,-102.1909,31.9457, 861.2, 1401, 22.8, 16.6, 16.6, 68, 68,13.92,164, 3.1
2026-06-16 17:06:19,-102.1909,31.9458, 860.7, 1406, 22.7, 16.6, 16.6, 68, 68,13.93,164, 3.1
2026-06-16 17:06:20,-102.1909,31.9458, 860.2, 1411, 22.7, 16.6, 16.6, 69, 69,13.93,164, 3.1
2026-06-16 17:06:21,-102.1909,31.9458, 859.7, 1416, 22.6, 16.6, 16.6, 69, 69,13.94,165, 3.2
2026-06-16 17:06:22,-102.1909,31.9459, 859.2, 1421, 22.6, 16.6, 16.6, 69, 69,13.93,166, 3.2
2026-06-16 17:06:23,-102.1909,31.9459, 858.7, 1427, 22.5, 16.5, 16.5, 69, 69,13.92,166, 3.3
2026-06-16 17:06:24,-102.1909,31.9460, 858.2, 1432, 22.5, 16.5, 16.5, 69, 69,13.91,167, 3.4
2026-06-16 17:06:25,-102.1909,31.9460, 857.7, 1437, 22.4, 16.5, 16.5, 69, 69,13.89,168, 3.5
2026-06-16 17:06:26,-102.1909,31.9460, 857.2, 1442, 22.4, 16.5, 16.5, 69, 69,13.88,169, 3.5
2026-06-16 17:06:27,-102.1909,31.9461, 856.6, 1447, 22.3, 16.4, 16.4, 69, 69,13.86,169, 3.6
2026-06-16 17:06:28,-102.1909,31.9461, 856.1, 1452, 22.3, 16.4, 16.4, 70, 70,13.85,170, 3.7
2026-06-16 17:06:29,-102.1909,31.9461, 855.6, 1458, 22.2, 16.4, 16.4, 70, 70,13.83,171, 3.7
2026-06-16 17:06:30,-102.1909,31.9462, 855.0, 1463, 22.2, 16.4, 16.4, 70, 70,13.82,171, 3.8
2026-06-16 17:06:31,-102.1909,31.9462, 854.5, 1469, 22.1, 16.3, 16.3, 70, 70,13.81,172, 3.9
2026-06-16 17:06:32,-102.1909,31.9462, 854.0, 1475, 22.1, 16.3, 16.3, 70, 70,13.80,173, 4.0
2026-06-16 17:06:33,-102.1909,31.9463, 853.4, 1481, 22.0, 16.3, 16.3, 70, 70,13.78,173, 4.0
2026-06-16 17:06:34,-102.1909,31.9463, 852.9, 1486, 22.0, 16.3, 16.3, 70, 70,13.77,174, 4.1
2026-06-16 17:06:35,-102.1909,31.9464, 852.3, 1492, 21.9, 16.3, 16.3, 70, 70,13.76,174, 4.2
2026-06-16 17:06:36,-102.1909,31.9464, 851.8, 1497, 21.9, 16.2, 16.2, 70, 70,13.74,175, 4.3
2026-06-16 17:06:37,-102.1910,31.9464, 851.5, 1500, 21.9, 16.2, 16.2, 70, 70,13.74,175, 4.3
2026-06-16 17:06:38,-102.1910,31.9465, 850.7, 1508, 21.8, 16.2, 16.2, 70, 70,13.72,176, 4.4
2026-06-16 17:06:39,-102.1910,31.9465, 850.0, 1515, 21.7, 16.1, 16.1, 71, 71,13.70,177, 4.5
2026-06-16 17:06:40,-102.1910,31.9465, 849.7, 1519, 21.7, 16.1, 16.1, 71, 71,13.69,177, 4.6
2026-06-16 17:06:41,-102.1909,31.9466, 849.2, 1524, 21.6, 16.1, 16.1, 71, 71,13.68,178, 4.6
2026-06-16 17:06:42,-102.1909,31.9466, 848.7, 1529, 21.6, 16.1, 16.1, 71, 71,13.67,178, 4.5
2026-06-16 17:06:43,-102.1909,31.9467, 848.1, 1534, 21.6, 16.1, 16.1, 71, 71,13.65,179, 4.5
2026-06-16 17:06:44,-102.1909,31.9467, 847.6, 1539, 21.5, 16.0, 16.0, 71, 71,13.64,180, 4.5
2026-06-16 17:06:45,-102.1909,31.9467, 847.1, 1545, 21.5, 16.0, 16.0, 71, 71,13.62,180, 4.4
2026-06-16 17:06:46,-102.1909,31.9468, 846.6, 1550, 21.4, 16.0, 16.0, 71, 71,13.61,181, 4.4
2026-06-16 17:06:47,-102.1909,31.9468, 846.0, 1556, 21.4, 16.0, 16.0, 71, 71,13.60,182, 4.4
2026-06-16 17:06:48,-102.1909,31.9469, 845.5, 1561, 21.3, 15.9, 15.9, 71, 71,13.59,183, 4.3
2026-06-16 17:06:49,-102.1909,31.9469, 845.0, 1567, 21.3, 15.9, 15.9, 71, 71,13.58,184, 4.3
2026-06-16 17:06:50,-102.1908,31.9469, 844.5, 1572, 21.2, 15.9, 15.9, 72, 72,13.58,184, 4.3
2026-06-16 17:06:51,-102.1908,31.9470, 844.0, 1578, 21.2, 15.9, 15.9, 72, 72,13.58,185, 4.3
2026-06-16 17:06:52,-102.1908,31.9470, 843.5, 1582, 21.1, 15.9, 15.9, 72, 72,13.58,186, 4.2
2026-06-16 17:06:53,-102.1908,31.9470, 843.0, 1587, 21.1, 15.9, 15.9, 72, 72,13.58,187, 4.2
2026-06-16 17:06:54,-102.1908,31.9471, 842.5, 1592, 21.0, 15.9, 15.9, 72, 72,13.58,188, 4.2
2026-06-16 17:06:55,-102.1908,31.9471, 842.0, 1597, 21.0, 15.9, 15.9, 73, 73,13.58,189, 4.2
2026-06-16 17:06:56,-102.1908,31.9472, 841.6, 1602, 20.9, 15.9, 15.9, 73, 73,13.58,190, 4.1
2026-06-16 17:06:57,-102.1908,31.9472, 841.1, 1607, 20.9, 15.8, 15.8, 73, 73,13.58,190, 4.1
2026-06-16 17:06:58,-102.1908,31.9472, 840.7, 1611, 20.8, 15.8, 15.8, 73, 73,13.58,191, 4.1
2026-06-16 17:06:59,-102.1907,31.9473, 840.2, 1616, 20.8, 15.8, 15.8, 73, 73,13.58,192, 4.1
2026-06-16 17:07:00,-102.1907,31.9473, 839.8, 1620, 20.7, 15.8, 15.8, 74, 74,13.58,193, 4.1
2026-06-16 17:07:01,-102.1907,31.9473, 839.3, 1625, 20.7, 15.8, 15.8, 74, 74,13.58,193, 4.1
2026-06-16 17:07:02,-102.1907,31.9474, 838.8, 1630, 20.6, 15.8, 15.8, 74, 74,13.57,194, 4.1
2026-06-16 17:07:03,-102.1907,31.9474, 838.2, 1636, 20.6, 15.8, 15.8, 74, 74,13.57,194, 4.2
2026-06-16 17:07:04,-102.1907,31.9475, 837.7, 1641, 20.5, 15.8, 15.8, 74, 74,13.56,194, 4.2
2026-06-16 17:07:05,-102.1907,31.9475, 837.2, 1647, 20.4, 15.7, 15.7, 74, 74,13.55,194, 4.2
2026-06-16 17:07:06,-102.1907,31.9475, 836.6, 1653, 20.4, 15.7, 15.7, 75, 75,13.55,195, 4.3
2026-06-16 17:07:07,-102.1907,31.9476, 836.1, 1658, 20.3, 15.7, 15.7, 75, 75,13.54,195, 4.3
2026-06-16 17:07:08,-102.1906,31.9476, 835.6, 1663, 20.3, 15.7, 15.7, 75, 75,13.53,195, 4.3
2026-06-16 17:07:09,-102.1906,31.9477, 835.1, 1669, 20.2, 15.7, 15.7, 75, 75,13.52,195, 4.4
2026-06-16 17:07:10,-102.1906,31.9477, 834.6, 1674, 20.2, 15.7, 15.7, 75, 75,13.52,196, 4.4
2026-06-16 17:07:11,-102.1906,31.9477, 834.1, 1679, 20.1, 15.6, 15.6, 75, 75,13.51,196, 4.4
2026-06-16 17:07:12,-102.1906,31.9478, 833.6, 1684, 20.1, 15.6, 15.6, 76, 76,13.50,196, 4.5
2026-06-16 17:07:13,-102.1906,31.9478, 833.1, 1689, 20.0, 15.6, 15.6, 76, 76,13.49,196, 4.5
2026-06-16 17:07:14,-102.1905,31.9478, 832.6, 1695, 20.0, 15.6, 15.6, 76, 76,13.48,196, 4.5
2026-06-16 17:07:15,-102.1905,31.9479, 832.0, 1700, 19.9, 15.6, 15.6, 76, 76,13.47,197, 4.6
2026-06-16 17:07:16,-102.1905,31.9479, 831.5, 1706, 19.9, 15.5, 15.5, 76, 76,13.47,197, 4.6
2026-06-16 17:07:17,-102.1905,31.9480, 831.0, 1711, 19.8, 15.5, 15.5, 76, 76,13.45,197, 4.6
2026-06-16 17:07:18,-102.1905,31.9480, 830.5, 1717, 19.8, 15.5, 15.5, 76, 76,13.43,197, 4.7
2026-06-16 17:07:19,-102.1905,31.9480, 829.9, 1722, 19.7, 15.4, 15.4, 76, 76,13.41,197, 4.7
2026-06-16 17:07:20,-102.1904,31.9481, 829.3, 1729, 19.7, 15.4, 15.4, 76, 76,13.40,198, 4.8
2026-06-16 17:07:21,-102.1904,31.9481, 828.7, 1736, 19.6, 15.4, 15.4, 76, 76,13.38,198, 4.8
2026-06-16 17:07:22,-102.1904,31.9482, 828.1, 1742, 19.6, 15.4, 15.4, 76, 76,13.36,198, 4.8
2026-06-16 17:07:23,-102.1904,31.9482, 827.5, 1749, 19.6, 15.3, 15.3, 77, 77,13.35,198, 4.8
2026-06-16 17:07:24,-102.1904,31.9482, 826.9, 1755, 19.5, 15.3, 15.3, 77, 77,13.33,199, 4.8
2026-06-16 17:07:25,-102.1903,31.9483, 826.3, 1760, 19.5, 15.3, 15.3, 77, 77,13.31,199, 4.8
2026-06-16 17:07:26,-102.1903,31.9483, 825.8, 1766, 19.4, 15.2, 15.2, 77, 77,13.30,199, 4.8
2026-06-16 17:07:27,-102.1903,31.9483, 825.3, 1771, 19.4, 15.2, 15.2, 77, 77,13.28,200, 4.8
2026-06-16 17:07:28,-102.1903,31.9484, 824.7, 1776, 19.3, 15.2, 15.2, 77, 77,13.26,200, 4.8
2026-06-16 17:07:29,-102.1903,31.9484, 824.3, 1781, 19.3, 15.1, 15.1, 77, 77,13.24,200, 4.8
2026-06-16 17:07:30,-102.1902,31.9485, 823.7, 1787, 19.3, 15.1, 15.1, 77, 77,13.21,200, 4.8
2026-06-16 17:07:31,-102.1902,31.9485, 823.2, 1793, 19.2, 15.0, 15.0, 77, 77,13.17,201, 4.8
2026-06-16 17:07:32,-102.1902,31.9485, 822.5, 1800, 19.2, 15.0, 15.0, 77, 77,13.13,201, 4.8
2026-06-16 17:07:33,-102.1902,31.9486, 822.1, 1804, 19.2, 15.0, 15.0, 76, 76,13.11,201, 4.8
2026-06-16 17:07:34,-102.1902,31.9486, 821.6, 1809, 19.2, 14.9, 14.9, 76, 76,13.08,201, 4.8
2026-06-16 17:07:35,-102.1901,31.9487, 821.1, 1815, 19.2, 14.9, 14.9, 76, 76,13.04,202, 4.8
2026-06-16 17:07:36,-102.1901,31.9487, 820.6, 1820, 19.1, 14.8, 14.8, 76, 76,13.02,202, 4.8
2026-06-16 17:07:37,-102.1901,31.9487, 820.0, 1826, 19.1, 14.8, 14.8, 76, 76,12.99,202, 4.8
2026-06-16 17:07:38,-102.1901,31.9488, 819.5, 1832, 19.1, 14.7, 14.7, 76, 76,12.95,203, 4.9
2026-06-16 17:07:39,-102.1901,31.9488, 819.0, 1837, 19.1, 14.7, 14.7, 76, 76,12.92,203, 4.9
2026-06-16 17:07:40,-102.1901,31.9489, 818.5, 1843, 19.0, 14.6, 14.6, 76, 76,12.89,203, 4.9
2026-06-16 17:07:41,-102.1900,31.9489, 817.9, 1849, 19.0, 14.6, 14.6, 75, 75,12.86,203, 4.7
2026-06-16 17:07:42,-102.1900,31.9489, 817.4, 1854, 19.0, 14.5, 14.5, 75, 75,12.82,203, 4.5
2026-06-16 17:07:43,-102.1900,31.9489, 816.9, 1859, 19.0, 14.5, 14.5, 75, 75,12.79,203, 4.4
2026-06-16 17:07:44,-102.1900,31.9489, 816.4, 1864, 18.9, 14.4, 14.4, 75, 75,12.76,204, 4.2
2026-06-16 17:07:45,-102.1900,31.9489, 815.9, 1869, 18.9, 14.4, 14.4, 75, 75,12.73,204, 4.1
2026-06-16 17:07:46,-102.1900,31.9489, 815.3, 1874, 18.8, 14.3, 14.3, 75, 75,12.70,204, 3.9
2026-06-16 17:07:47,-102.1900,31.9489, 814.8, 1880, 18.8, 14.3, 14.3, 75, 75,12.66,204, 3.8
2026-06-16 17:07:48,-102.1900,31.9489, 814.3, 1886, 18.8, 14.2, 14.2, 75, 75,12.64,204, 3.6
2026-06-16 17:07:49,-102.1900,31.9489, 813.8, 1892, 18.7, 14.2, 14.2, 75, 75,12.60,204, 3.4
2026-06-16 17:07:50,-102.1900,31.9490, 813.3, 1898, 18.7, 14.1, 14.1, 75, 75,12.57,205, 3.3
2026-06-16 17:07:51,-102.1900,31.9490, 812.8, 1903, 18.6, 14.1, 14.1, 75, 75,12.54,205, 3.1
2026-06-16 17:07:52,-102.1900,31.9490, 812.3, 1909, 18.6, 14.1, 14.1, 75, 75,12.51,205, 3.0
2026-06-16 17:07:53,-102.1900,31.9490, 811.8, 1914, 18.6, 14.0, 14.0, 75, 75,12.48,205, 2.8
2026-06-16 17:07:54,-102.1900,31.9490, 811.2, 1919, 18.5, 14.0, 14.0, 75, 75,12.45,206, 2.6
2026-06-16 17:07:55,-102.1900,31.9490, 810.7, 1924, 18.5, 13.9, 13.9, 75, 75,12.41,206, 2.5
2026-06-16 17:07:56,-102.1900,31.9490, 810.2, 1929, 18.5, 13.9, 13.9, 75, 75,12.39,206, 2.3
2026-06-16 17:07:57,-102.1900,31.9490, 809.7, 1934, 18.4, 13.8, 13.8, 74, 74,12.35,207, 2.2
2026-06-16 17:07:58,-102.1900,31.9490, 809.3, 1939, 18.4, 13.8, 13.8, 74, 74,12.33,207, 2.0
2026-06-16 17:07:59,-102.1900,31.9490, 808.8, 1945, 18.4, 13.7, 13.7, 74, 74,12.29,208, 1.9
2026-06-16 17:08:00,-102.1900,31.9490, 808.3, 1950, 18.4, 13.7, 13.7, 74, 74,12.27,209, 1.7
2026-06-16 17:08:01,-102.1900,31.9490, 807.8, 1956, 18.3, 13.6, 13.6, 74, 74,12.24,209, 1.7
2026-06-16 17:08:02,-102.1899,31.9490, 807.3, 1961, 18.3, 13.6, 13.6, 74, 74,12.21,208, 1.6
2026-06-16 17:08:03,-102.1899,31.9490, 806.8, 1966, 18.3, 13.5, 13.5, 74, 74,12.18,208, 1.5
2026-06-16 17:08:04,-102.1899,31.9491, 806.3, 1972, 18.3, 13.5, 13.5, 74, 74,12.15,208, 1.5
2026-06-16 17:08:05,-102.1899,31.9491, 805.8, 1977, 18.3, 13.5, 13.5, 74, 74,12.12,207, 1.4
2026-06-16 17:08:06,-102.1899,31.9491, 805.3, 1982, 18.2, 13.4, 13.4, 73, 73,12.09,207, 1.4
2026-06-16 17:08:07,-102.1899,31.9491, 804.8, 1987, 18.2, 13.4, 13.4, 73, 73,12.07,206, 1.3
2026-06-16 17:08:08,-102.1899,31.9491, 804.3, 1992, 18.2, 13.3, 13.3, 73, 73,12.03,206, 1.3
2026-06-16 17:08:09,-102.1899,31.9491, 803.8, 1998, 18.2, 13.3, 13.3, 73, 73,12.01,204, 1.2
2026-06-16 17:08:10,-102.1899,31.9491, 803.3, 2003, 18.1, 13.2, 13.2, 73, 73,11.96,203, 1.2
2026-06-16 17:08:11,-102.1899,31.9491, 802.8, 2009, 18.1, 13.1, 13.1, 73, 73,11.91,200, 1.1
2026-06-16 17:08:12,-102.1899,31.9491, 802.3, 2014, 18.1, 13.1, 13.1, 72, 72,11.86,196, 1.1
2026-06-16 17:08:13,-102.1899,31.9491, 801.8, 2019, 18.1, 13.0, 13.0, 72, 72,11.82,186, 1.0
2026-06-16 17:08:14,-102.1899,31.9490, 801.3, 2025, 18.1, 12.9, 12.9, 72, 72,11.76,155, 1.0
2026-06-16 17:08:15,-102.1900,31.9490, 800.7, 2030, 18.0, 12.8, 12.8, 72, 72,11.72, 83, 0.9
2026-06-16 17:08:16,-102.1900,31.9490, 800.2, 2036, 18.0, 12.8, 12.8, 71, 71,11.67, 55, 0.9
2026-06-16 17:08:17,-102.1900,31.9490, 799.7, 2042, 18.0, 12.7, 12.7, 71, 71,11.61, 47, 0.8
2026-06-16 17:08:18,-102.1900,31.9490, 799.2, 2047, 18.0, 12.6, 12.6, 71, 71,11.57, 43, 0.8
2026-06-16 17:08:19,-102.1900,31.9490, 798.7, 2053, 18.0, 12.5, 12.5, 71, 71,11.51, 40, 0.7
2026-06-16 17:08:20,-102.1900,31.9489, 798.1, 2059, 17.9, 12.5, 12.5, 70, 70,11.47, 39, 0.7
2026-06-16 17:08:21,-102.1900,31.9489, 797.6, 2064, 17.9, 12.4, 12.4, 70, 70,11.42, 37, 0.7
2026-06-16 17:08:22,-102.1900,31.9489, 796.8, 2073, 17.9, 12.3, 12.3, 70, 70,11.35, 35, 0.9
2026-06-16 17:08:23,-102.1900,31.9489, 796.5, 2076, 17.9, 12.3, 12.3, 70, 70,11.33, 34, 0.9
2026-06-16 17:08:24,-102.1900,31.9489, 796.0, 2082, 17.9, 12.2, 12.2, 69, 69,11.31, 33, 1.0
2026-06-16 17:08:25,-102.1901,31.9488, 795.4, 2088, 17.9, 12.2, 12.2, 69, 69,11.29, 32, 1.1
2026-06-16 17:08:26,-102.1901,31.9488, 795.1, 2092, 17.9, 12.1, 12.1, 69, 69,11.25, 31, 1.2
2026-06-16 17:08:27,-102.1901,31.9488, 794.8, 2095, 17.9, 12.1, 12.1, 69, 69,11.23, 31, 1.3
2026-06-16 17:08:28,-102.1901,31.9488, 794.3, 2100, 17.9, 12.0, 12.0, 68, 68,11.18, 30, 1.4
2026-06-16 17:08:29,-102.1901,31.9488, 794.1, 2102, 17.9, 12.0, 12.0, 68, 68,11.17, 30, 1.4
2026-06-16 17:08:30,-102.1901,31.9488, 793.8, 2105, 17.9, 12.0, 12.0, 68, 68,11.14, 29, 1.5
2026-06-16 17:08:31,-102.1901,31.9487, 793.5, 2109, 17.9, 11.9, 11.9, 68, 68,11.11, 29, 1.6
2026-06-16 17:08:32,-102.1901,31.9487, 793.2, 2112, 18.0, 11.9, 11.9, 68, 68,11.09, 28, 1.7
2026-06-16 17:08:33,-102.1901,31.9487, 792.9, 2115, 18.0, 11.8, 11.8, 67, 67,11.05, 28, 1.8
2026-06-16 17:08:34,-102.1901,31.9487, 792.6, 2119, 18.0, 11.8, 11.8, 67, 67,11.03, 28, 1.9
2026-06-16 17:08:35,-102.1902,31.9487, 792.2, 2122, 18.0, 11.7, 11.7, 67, 67,11.00, 28, 2.0
2026-06-16 17:08:36,-102.1902,31.9487, 791.9, 2125, 18.0, 11.7, 11.7, 67, 67,10.97, 27, 2.1
2026-06-16 17:08:37,-102.1902,31.9486, 791.6, 2129, 17.9, 11.6, 11.6, 67, 67,10.93, 27, 2.2
2026-06-16 17:08:38,-102.1902,31.9486, 791.2, 2133, 17.9, 11.6, 11.6, 67, 67,10.91, 27, 2.2
2026-06-16 17:08:39,-102.1902,31.9486, 790.8, 2138, 17.9, 11.6, 11.6, 66, 66,10.88, 27, 2.3
2026-06-16 17:08:40,-102.1902,31.9486, 790.4, 2142, 17.8, 11.5, 11.5, 66, 66,10.86, 27, 2.4
2026-06-16 17:08:41,-102.1902,31.9486, 790.0, 2146, 17.8, 11.5, 11.5, 66, 66,10.84, 25, 2.5
2026-06-16 17:08:42,-102.1902,31.9485, 789.6, 2151, 17.8, 11.4, 11.4, 66, 66,10.81, 23, 2.5
2026-06-16 17:08:43,-102.1902,31.9485, 789.2, 2155, 17.7, 11.4, 11.4, 66, 66,10.79, 22, 2.6
2026-06-16 17:08:44,-102.1902,31.9485, 788.8, 2159, 17.7, 11.4, 11.4, 66, 66,10.76, 20, 2.7
2026-06-16 17:08:45,-102.1902,31.9484, 788.4, 2164, 17.7, 11.3, 11.3, 66, 66,10.74, 19, 2.8
2026-06-16 17:08:46,-102.1902,31.9484, 788.0, 2168, 17.6, 11.3, 11.3, 66, 66,10.72, 18, 2.8
2026-06-16 17:08:47,-102.1902,31.9484, 787.6, 2172, 17.6, 11.2, 11.2, 66, 66,10.69, 16, 2.9
2026-06-16 17:08:48,-102.1902,31.9483, 787.3, 2176, 17.6, 11.2, 11.2, 66, 66,10.67, 15, 3.0
2026-06-16 17:08:49,-102.1902,31.9483, 786.9, 2180, 17.5, 11.2, 11.2, 66, 66,10.65, 14, 3.0
2026-06-16 17:08:50,-102.1902,31.9482, 786.5, 2185, 17.5, 11.1, 11.1, 66, 66,10.62, 13, 3.1
2026-06-16 17:08:51,-102.1902,31.9482, 786.1, 2189, 17.5, 11.1, 11.1, 66, 66,10.59, 12, 3.2
2026-06-16 17:08:52,-102.1902,31.9482, 785.8, 2193, 17.5, 11.0, 11.0, 66, 66,10.57, 11, 3.3
2026-06-16 17:08:53,-102.1902,31.9481, 785.4, 2197, 17.4, 11.0, 11.0, 66, 66,10.55, 10, 3.3
2026-06-16 17:08:54,-102.1902,31.9481, 785.0, 2201, 17.4, 10.9, 10.9, 66, 66,10.52,  9, 3.4
2026-06-16 17:08:55,-102.1902,31.9481, 784.6, 2205, 17.4, 10.9, 10.9, 66, 66,10.49,  8, 3.5
2026-06-16 17:08:56,-102.1902,31.9480, 784.3, 2209, 17.3, 10.9, 10.9, 66, 66,10.47,  8, 3.5
2026-06-16 17:08:57,-102.1902,31.9480, 783.9, 2213, 17.3, 10.8, 10.8, 66, 66,10.45,  7, 3.6
2026-06-16 17:08:58,-102.1902,31.9480, 783.5, 2217, 17.3, 10.8, 10.8, 66, 66,10.42,  6, 3.7
2026-06-16 17:08:59,-102.1902,31.9479, 783.1, 2221, 17.2, 10.7, 10.7, 66, 66,10.39,  5, 3.7
2026-06-16 17:09:00,-102.1903,31.9479, 782.8, 2225, 17.2, 10.7, 10.7, 66, 66,10.37,  5, 3.8
2026-06-16 17:09:01,-102.1903,31.9479, 782.4, 2229, 17.2, 10.6, 10.6, 65, 65,10.34,  4, 3.8
2026-06-16 17:09:02,-102.1903,31.9478, 782.0, 2233, 17.1, 10.6, 10.6, 65, 65,10.32,  4, 3.9
2026-06-16 17:09:03,-102.1903,31.9478, 781.6, 2238, 17.1, 10.6, 10.6, 65, 65,10.29,  4, 3.9
2026-06-16 17:09:04,-102.1903,31.9477, 781.2, 2242, 17.1, 10.5, 10.5, 65, 65,10.24,  3, 3.9
2026-06-16 17:09:05,-102.1903,31.9477, 780.8, 2246, 17.1, 10.4, 10.4, 65, 65,10.20,  3, 4.0
2026-06-16 17:09:06,-102.1903,31.9477, 780.4, 2251, 17.0, 10.3, 10.3, 65, 65,10.15,  3, 4.0
2026-06-16 17:09:07,-102.1903,31.9476, 780.0, 2256, 17.0, 10.3, 10.3, 64, 64,10.11,  3, 4.0
2026-06-16 17:09:08,-102.1903,31.9476, 779.5, 2261, 17.0, 10.2, 10.2, 64, 64,10.06,  2, 4.1
2026-06-16 17:09:09,-102.1903,31.9476, 779.1, 2266, 17.0, 10.1, 10.1, 64, 64,10.02,  2, 4.1
2026-06-16 17:09:10,-102.1903,31.9475, 778.6, 2271, 16.9, 10.0, 10.0, 64, 64, 9.97,  2, 4.1
2026-06-16 17:09:11,-102.1903,31.9475, 778.2, 2276, 16.9,  9.9,  9.9, 63, 63, 9.92,  2, 4.1
2026-06-16 17:09:12,-102.1903,31.9475, 777.8, 2280, 16.9,  9.9,  9.9, 63, 63, 9.88,  1, 4.2
2026-06-16 17:09:13,-102.1903,31.9474, 777.3, 2285, 16.9,  9.8,  9.8, 63, 63, 9.83,  1, 4.2
2026-06-16 17:09:14,-102.1903,31.9474, 776.9, 2289, 16.8,  9.7,  9.7, 63, 63, 9.78,  1, 4.2
2026-06-16 17:09:15,-102.1903,31.9473, 776.5, 2294, 16.8,  9.6,  9.6, 63, 63, 9.74,  1, 4.3
2026-06-16 17:09:16,-102.1903,31.9473, 776.1, 2299, 16.8,  9.6,  9.6, 62, 62, 9.69,360, 4.3
2026-06-16 17:09:17,-102.1903,31.9472, 775.7, 2303, 16.8,  9.5,  9.5, 62, 62, 9.63,360, 4.3
2026-06-16 17:09:18,-102.1903,31.9472, 775.2, 2308, 16.8,  9.3,  9.3, 61, 61, 9.54,360, 4.4
2026-06-16 17:09:19,-102.1903,31.9472, 774.8, 2313, 16.8,  9.2,  9.2, 61, 61, 9.45,360, 4.4
2026-06-16 17:09:20,-102.1904,31.9471, 774.4, 2317, 16.8,  9.0,  9.0, 60, 60, 9.36,359, 4.4
2026-06-16 17:09:21,-102.1904,31.9471, 773.9, 2322, 16.7,  8.9,  8.9, 60, 60, 9.27,360, 4.4
2026-06-16 17:09:22,-102.1904,31.9470, 773.5, 2327, 16.7,  8.7,  8.7, 59, 59, 9.18,  1, 4.4
2026-06-16 17:09:23,-102.1904,31.9470, 773.0, 2332, 16.7,  8.6,  8.6, 59, 59, 9.09,  2, 4.4
2026-06-16 17:09:24,-102.1904,31.9469, 772.6, 2337, 16.7,  8.4,  8.4, 58, 58, 9.01,  3, 4.4
2026-06-16 17:09:25,-102.1904,31.9469, 772.2, 2342, 16.7,  8.3,  8.3, 58, 58, 8.92,  3, 4.4
2026-06-16 17:09:26,-102.1904,31.9469, 771.7, 2347, 16.7,  8.1,  8.1, 57, 57, 8.83,  4, 4.5
2026-06-16 17:09:27,-102.1904,31.9468, 771.2, 2352, 16.7,  8.0,  8.0, 56, 56, 8.74,  5, 4.5
2026-06-16 17:09:28,-102.1904,31.9468, 770.7, 2358, 16.7,  7.8,  7.8, 56, 56, 8.65,  6, 4.5
2026-06-16 17:09:29,-102.1904,31.9467, 770.3, 2363, 16.7,  7.7,  7.7, 55, 55, 8.57,  7, 4.5
2026-06-16 17:09:30,-102.1905,31.9467, 769.8, 2368, 16.6,  7.5,  7.5, 55, 55, 8.48,  8, 4.5
2026-06-16 17:09:31,-102.1905,31.9467, 769.3, 2373, 16.6,  7.4,  7.4, 55, 55, 8.43,  8, 4.5
2026-06-16 17:09:32,-102.1905,31.9466, 768.8, 2378, 16.6,  7.3,  7.3, 54, 54, 8.38,  9, 4.5
2026-06-16 17:09:33,-102.1905,31.9466, 768.4, 2384, 16.5,  7.2,  7.2, 54, 54, 8.34, 10, 4.5
2026-06-16 17:09:34,-102.1905,31.9465, 767.9, 2389, 16.5,  7.1,  7.1, 54, 54, 8.29, 11, 4.5
2026-06-16 17:09:35,-102.1905,31.9465, 767.5, 2394, 16.5,  7.0,  7.0, 54, 54, 8.24, 12, 4.6
2026-06-16 17:09:36,-102.1905,31.9464, 767.0, 2399, 16.4,  7.0,  7.0, 53, 53, 8.20, 12, 4.6
2026-06-16 17:09:37,-102.1905,31.9464, 766.5, 2404, 16.4,  6.9,  6.9, 53, 53, 8.15, 13, 4.6
2026-06-16 17:09:38,-102.1905,31.9464, 766.1, 2409, 16.4,  6.8,  6.8, 53, 53, 8.10, 14, 4.6
2026-06-16 17:09:39,-102.1905,31.9463, 765.6, 2414, 16.4,  6.7,  6.7, 53, 53, 8.06, 15, 4.6
2026-06-16 17:09:40,-102.1906,31.9463, 765.1, 2419, 16.3,  6.6,  6.6, 53, 53, 8.01, 15, 4.6
2026-06-16 17:09:41,-102.1906,31.9462, 764.7, 2424, 16.3,  6.5,  6.5, 52, 52, 7.96, 15, 4.7
2026-06-16 17:09:42,-102.1906,31.9462, 764.2, 2430, 16.3,  6.4,  6.4, 52, 52, 7.92, 15, 4.7
2026-06-16 17:09:43,-102.1906,31.9461, 763.7, 2435, 16.2,  6.3,  6.3, 52, 52, 7.87, 15, 4.8
2026-06-16 17:09:44,-102.1906,31.9461, 763.3, 2441, 16.2,  6.3,  6.3, 52, 52, 7.84, 15, 4.8
2026-06-16 17:09:45,-102.1906,31.9461, 762.8, 2446, 16.2,  6.2,  6.2, 52, 52, 7.83, 15, 4.9
2026-06-16 17:09:46,-102.1906,31.9460, 762.3, 2451, 16.1,  6.2,  6.2, 52, 52, 7.82, 14, 4.9
2026-06-16 17:09:47,-102.1906,31.9460, 761.9, 2457, 16.1,  6.1,  6.1, 52, 52, 7.80, 14, 5.0
2026-06-16 17:09:48,-102.1906,31.9459, 761.4, 2462, 16.0,  6.1,  6.1, 52, 52, 7.79, 14, 5.0
2026-06-16 17:09:49,-102.1906,31.9459, 760.9, 2467, 16.0,  6.1,  6.1, 52, 52, 7.77, 14, 5.1
2026-06-16 17:09:50,-102.1907,31.9458, 760.5, 2472, 16.0,  6.0,  6.0, 52, 52, 7.75, 14, 5.1
2026-06-16 17:09:51,-102.1907,31.9458, 760.1, 2476, 15.9,  6.0,  6.0, 52, 52, 7.74, 14, 5.2
2026-06-16 17:09:52,-102.1907,31.9458, 759.7, 2481, 15.9,  6.0,  6.0, 52, 52, 7.72, 13, 5.2
2026-06-16 17:09:53,-102.1907,31.9457, 759.2, 2486, 15.9,  5.9,  5.9, 52, 52, 7.71, 13, 5.3
2026-06-16 17:09:54,-102.1907,31.9457, 758.8, 2491, 15.8,  5.9,  5.9, 52, 52, 7.69, 13, 5.3
2026-06-16 17:09:55,-102.1907,31.9456, 758.4, 2495, 15.8,  5.9,  5.9, 52, 52, 7.68, 13, 5.3
2026-06-16 17:09:56,-102.1907,31.9456, 757.9, 2500, 15.8,  5.8,  5.8, 52, 52, 7.67, 13, 5.4
2026-06-16 17:09:57,-102.1907,31.9455, 757.5, 2504, 15.7,  5.8,  5.8, 52, 52, 7.64, 13, 5.4
2026-06-16 17:09:58,-102.1907,31.9455, 757.1, 2509, 15.7,  5.7,  5.7, 52, 52, 7.62, 13, 5.5
2026-06-16 17:09:59,-102.1908,31.9455, 756.6, 2514, 15.6,  5.7,  5.7, 51, 51, 7.60, 12, 5.5
2026-06-16 17:10:00,-102.1908,31.9454, 756.2, 2519, 15.6,  5.6,  5.6, 51, 51, 7.58, 12, 5.6
2026-06-16 17:10:01,-102.1908,31.9454, 755.7, 2525, 15.5,  5.6,  5.6, 51, 51, 7.55, 12, 5.5
2026-06-16 17:10:02,-102.1908,31.9453, 755.2, 2530, 15.5,  5.5,  5.5, 51, 51, 7.53, 12, 5.4
2026-06-16 17:10:03,-102.1908,31.9453, 754.7, 2536, 15.4,  5.5,  5.5, 51, 51, 7.51, 12, 5.4
2026-06-16 17:10:04,-102.1908,31.9452, 754.2, 2541, 15.4,  5.4,  5.4, 51, 51, 7.49, 12, 5.3
2026-06-16 17:10:05,-102.1908,31.9452, 753.7, 2547, 15.3,  5.4,  5.4, 51, 51, 7.46, 12, 5.2
2026-06-16 17:10:06,-102.1908,31.9452, 753.2, 2553, 15.3,  5.3,  5.3, 51, 51, 7.44, 12, 5.2
2026-06-16 17:10:07,-102.1908,31.9451, 752.7, 2558, 15.2,  5.3,  5.3, 51, 51, 7.42, 12, 5.1
2026-06-16 17:10:08,-102.1908,31.9451, 752.2, 2564, 15.2,  5.2,  5.2, 51, 51, 7.40, 12, 5.0
2026-06-16 17:10:09,-102.1909,31.9450, 751.7, 2570, 15.1,  5.1,  5.1, 51, 51, 7.37, 12, 5.0
2026-06-16 17:10:10,-102.1909,31.9450, 751.2, 2576, 15.1,  5.1,  5.1, 51, 51, 7.35, 12, 4.9
2026-06-16 17:10:11,-102.1909,31.9449, 750.7, 2581, 15.0,  5.0,  5.0, 51, 51, 7.32, 12, 4.8
2026-06-16 17:10:12,-102.1909,31.9449, 750.2, 2587, 15.0,  5.0,  5.0, 51, 51, 7.29, 12, 4.8
2026-06-16 17:10:13,-102.1909,31.9448, 749.7, 2592, 14.9,  4.9,  4.9, 51, 51, 7.26, 12, 4.7
2026-06-16 17:10:14,-102.1909,31.9448, 749.2, 2598, 14.9,  4.8,  4.8, 51, 51, 7.23, 12, 4.6
2026-06-16 17:10:15,-102.1909,31.9448, 748.7, 2603, 14.8,  4.8,  4.8, 51, 51, 7.20, 11, 4.6
2026-06-16 17:10:16,-102.1909,31.9447, 748.2, 2609, 14.8,  4.7,  4.7, 51, 51, 7.17, 11, 4.5
2026-06-16 17:10:17,-102.1909,31.9447, 747.7, 2615, 14.7,  4.6,  4.6, 51, 51, 7.14, 11, 4.4
2026-06-16 17:10:18,-102.1910,31.9447, 747.2, 2621, 14.7,  4.5,  4.5, 51, 51, 7.11, 11, 4.4
2026-06-16 17:10:19,-102.1910,31.9447, 746.7, 2627, 14.6,  4.5,  4.5, 50, 50, 7.08, 11, 4.3
2026-06-16 17:10:20,-102.1910,31.9447, 746.1, 2633, 14.6,  4.4,  4.4, 50, 50, 7.05, 11, 4.2
2026-06-16 17:10:21,-102.1910,31.9446, 745.6, 2640, 14.6,  4.3,  4.3, 50, 50, 7.02, 12, 4.2
2026-06-16 17:10:22,-102.1910,31.9446, 745.1, 2646, 14.5,  4.3,  4.3, 50, 50, 6.99, 12, 4.1
2026-06-16 17:10:23,-102.1910,31.9446, 744.5, 2651, 14.5,  4.2,  4.2, 50, 50, 6.96, 13, 4.0
2026-06-16 17:10:24,-102.1910,31.9446, 744.0, 2657, 14.4,  4.1,  4.1, 50, 50, 6.93, 13, 3.9
2026-06-16 17:10:25,-102.1910,31.9446, 743.5, 2663, 14.4,  4.1,  4.1, 50, 50, 6.90, 14, 3.8
2026-06-16 17:10:26,-102.1911,31.9445, 743.0, 2669, 14.3,  4.0,  4.0, 50, 50, 6.88, 15, 3.7
2026-06-16 17:10:27,-102.1911,31.9445, 742.6, 2674, 14.3,  3.9,  3.9, 50, 50, 6.85, 15, 3.6
2026-06-16 17:10:28,-102.1911,31.9445, 742.1, 2680, 14.3,  3.9,  3.9, 50, 50, 6.82, 16, 3.5
2026-06-16 17:10:29,-102.1911,31.9445, 741.6, 2685, 14.2,  3.8,  3.8, 49, 49, 6.79, 17, 3.5
2026-06-16 17:10:30,-102.1911,31.9444, 741.2, 2690, 14.2,  3.7,  3.7, 49, 49, 6.76, 17, 3.4
2026-06-16 17:10:31,-102.1911,31.9444, 740.7, 2695, 14.2,  3.7,  3.7, 49, 49, 6.74, 18, 3.3
2026-06-16 17:10:32,-102.1911,31.9444, 740.2, 2700, 14.1,  3.6,  3.6, 49, 49, 6.71, 19, 3.2
2026-06-16 17:10:33,-102.1911,31.9444, 739.7, 2705, 14.1,  3.5,  3.5, 49, 49, 6.68, 20, 3.1
2026-06-16 17:10:34,-102.1911,31.9444, 739.2, 2711, 14.0,  3.5,  3.5, 49, 49, 6.65, 21, 3.0
2026-06-16 17:10:35,-102.1912,31.9443, 738.7, 2717, 14.0,  3.4,  3.4, 49, 49, 6.63, 22, 2.9
2026-06-16 17:10:36,-102.1912,31.9443, 738.2, 2723, 14.0,  3.3,  3.3, 49, 49, 6.60, 23, 2.9
2026-06-16 17:10:37,-102.1912,31.9443, 737.7, 2729, 13.9,  3.3,  3.3, 49, 49, 6.57, 24, 2.8
2026-06-16 17:10:38,-102.1912,31.9443, 737.2, 2735, 13.9,  3.2,  3.2, 48, 48, 6.55, 25, 2.7
2026-06-16 17:10:39,-102.1912,31.9443, 736.7, 2741, 13.9,  3.2,  3.2, 48, 48, 6.54, 26, 2.6
2026-06-16 17:10:40,-102.1912,31.9442, 736.3, 2746, 13.8,  3.1,  3.1, 48, 48, 6.51, 28, 2.6
2026-06-16 17:10:41,-102.1912,31.9442, 735.8, 2751, 13.8,  3.1,  3.1, 48, 48, 6.49, 28, 2.5
2026-06-16 17:10:42,-102.1912,31.9442, 735.3, 2757, 13.8,  3.0,  3.0, 48, 48, 6.47, 28, 2.5
2026-06-16 17:10:43,-102.1913,31.9442, 734.8, 2762, 13.7,  3.0,  3.0, 48, 48, 6.45, 28, 2.5
2026-06-16 17:10:44,-102.1913,31.9441, 734.3, 2768, 13.7,  2.9,  2.9, 48, 48, 6.43, 28, 2.5
2026-06-16 17:10:45,-102.1913,31.9441, 733.9, 2773, 13.7,  2.8,  2.8, 48, 48, 6.41, 28, 2.5
2026-06-16 17:10:46,-102.1913,31.9441, 733.4, 2778, 13.6,  2.8,  2.8, 48, 48, 6.39, 28, 2.4
2026-06-16 17:10:47,-102.1913,31.9441, 733.0, 2783, 13.6,  2.7,  2.7, 48, 48, 6.37, 28, 2.4
2026-06-16 17:10:48,-102.1913,31.9441, 732.5, 2788, 13.5,  2.7,  2.7, 48, 48, 6.35, 29, 2.4
2026-06-16 17:10:49,-102.1913,31.9440, 732.1, 2793, 13.5,  2.6,  2.6, 48, 48, 6.33, 29, 2.4
2026-06-16 17:10:50,-102.1913,31.9440, 731.7, 2798, 13.5,  2.6,  2.6, 48, 48, 6.31, 29, 2.3
2026-06-16 17:10:51,-102.1913,31.9440, 731.2, 2804, 13.4,  2.5,  2.5, 48, 48, 6.30, 29, 2.3
2026-06-16 17:10:52,-102.1913,31.9440, 730.8, 2809, 13.4,  2.5,  2.5, 48, 48, 6.29, 29, 2.3
2026-06-16 17:10:53,-102.1913,31.9439, 730.3, 2814, 13.4,  2.5,  2.5, 48, 48, 6.28, 29, 2.3
2026-06-16 17:10:54,-102.1913,31.9439, 729.9, 2819, 13.4,  2.5,  2.5, 48, 48, 6.27, 29, 2.3
2026-06-16 17:10:55,-102.1913,31.9439, 729.4, 2824, 13.4,  2.4,  2.4, 47, 47, 6.26, 30, 2.2
2026-06-16 17:10:56,-102.1913,31.9439, 729.0, 2829, 13.3,  2.4,  2.4, 47, 47, 6.25, 30, 2.2
2026-06-16 17:10:57,-102.1913,31.9438, 728.6, 2833, 13.3,  2.4,  2.4, 47, 47, 6.24, 30, 2.2
2026-06-16 17:10:58,-102.1913,31.9438, 728.2, 2838, 13.3,  2.3,  2.3, 47, 47, 6.23, 30, 2.2
2026-06-16 17:10:59,-102.1913,31.9438, 727.8, 2843, 13.3,  2.3,  2.3, 47, 47, 6.22, 30, 2.2
2026-06-16 17:11:00,-102.1913,31.9438, 727.4, 2847, 13.2,  2.3,  2.3, 47, 47, 6.21, 30, 2.1
2026-06-16 17:11:01,-102.1913,31.9438, 727.0, 2852, 13.2,  2.2,  2.2, 47, 47, 6.20, 28, 2.2
2026-06-16 17:11:02,-102.1914,31.9437, 726.6, 2857, 13.2,  2.2,  2.2, 47, 47, 6.19, 26, 2.2
2026-06-16 17:11:03,-102.1914,31.9437, 726.2, 2862, 13.2,  2.2,  2.2, 47, 47, 6.17, 24, 2.3
2026-06-16 17:11:04,-102.1914,31.9437, 725.7, 2867, 13.1,  2.1,  2.1, 47, 47, 6.16, 22, 2.3
2026-06-16 17:11:05,-102.1914,31.9437, 725.3, 2871, 13.1,  2.1,  2.1, 47, 47, 6.15, 20, 2.4
2026-06-16 17:11:06,-102.1914,31.9436, 724.9, 2876, 13.1,  2.0,  2.0, 47, 47, 6.13, 18, 2.4
2026-06-16 17:11:07,-102.1914,31.9436, 724.5, 2881, 13.1,  2.0,  2.0, 47, 47, 6.11, 16, 2.5
2026-06-16 17:11:08,-102.1914,31.9436, 724.0, 2886, 13.1,  1.9,  1.9, 47, 47, 6.09, 14, 2.5
2026-06-16 17:11:09,-102.1914,31.9436, 723.6, 2892, 13.1,  1.9,  1.9, 47, 47, 6.07, 12, 2.5
2026-06-16 17:11:10,-102.1914,31.9435, 723.1, 2897, 13.1,  1.8,  1.8, 46, 46, 6.05, 11, 2.6
2026-06-16 17:11:11,-102.1914,31.9435, 722.7, 2902, 13.0,  1.8,  1.8, 46, 46, 6.03,  9, 2.6
2026-06-16 17:11:12,-102.1914,31.9435, 722.3, 2907, 13.0,  1.7,  1.7, 46, 46, 6.02,  8, 2.7
2026-06-16 17:11:13,-102.1914,31.9435, 721.8, 2912, 13.0,  1.7,  1.7, 46, 46, 6.00,  6, 2.7
2026-06-16 17:11:14,-102.1914,31.9435, 721.3, 2918, 13.0,  1.6,  1.6, 46, 46, 5.98,  5, 2.8
2026-06-16 17:11:15,-102.1914,31.9434, 720.9, 2923, 13.0,  1.6,  1.6, 46, 46, 5.96,  3, 2.8
2026-06-16 17:11:16,-102.1914,31.9434, 720.4, 2929, 13.0,  1.5,  1.5, 46, 46, 5.94,  2, 2.9
2026-06-16 17:11:17,-102.1914,31.9434, 719.7, 2936, 12.9,  1.4,  1.4, 45, 45, 5.91,360, 2.9
2026-06-16 17:11:18,-102.1914,31.9434, 719.5, 2939, 12.9,  1.4,  1.4, 46, 46, 5.91,359, 2.9
2026-06-16 17:11:19,-102.1914,31.9433, 719.0, 2945, 12.9,  1.4,  1.4, 46, 46, 5.90,358, 3.0
2026-06-16 17:11:20,-102.1914,31.9433, 718.5, 2951, 12.8,  1.4,  1.4, 46, 46, 5.89,357, 3.0
2026-06-16 17:11:21,-102.1914,31.9433, 718.1, 2956, 12.8,  1.3,  1.3, 46, 46, 5.88,357, 3.1
2026-06-16 17:11:22,-102.1914,31.9432, 717.6, 2962, 12.8,  1.3,  1.3, 46, 46, 5.87,356, 3.1
2026-06-16 17:11:23,-102.1914,31.9432, 717.1, 2968, 12.7,  1.3,  1.3, 46, 46, 5.86,356, 3.2
2026-06-16 17:11:24,-102.1914,31.9431, 716.7, 2973, 12.7,  1.3,  1.3, 46, 46, 5.86,355, 3.2
2026-06-16 17:11:25,-102.1913,31.9431, 716.2, 2978, 12.6,  1.2,  1.2, 46, 46, 5.85,355, 3.2
2026-06-16 17:11:26,-102.1913,31.9431, 715.7, 2983, 12.6,  1.2,  1.2, 46, 46, 5.84,354, 3.3
2026-06-16 17:11:27,-102.1913,31.9430, 715.3, 2989, 12.6,  1.2,  1.2, 46, 46, 5.83,354, 3.3
2026-06-16 17:11:28,-102.1913,31.9430, 714.8, 2994, 12.5,  1.1,  1.1, 46, 46, 5.82,353, 3.3
2026-06-16 17:11:29,-102.1913,31.9430, 714.4, 2999, 12.5,  1.1,  1.1, 46, 46, 5.81,353, 3.4
2026-06-16 17:11:30,-102.1913,31.9429, 713.9, 3004, 12.4,  1.1,  1.1, 46, 46, 5.80,353, 3.4
2026-06-16 17:11:31,-102.1913,31.9429, 713.5, 3010, 12.4,  1.0,  1.0, 46, 46, 5.79,352, 3.5
2026-06-16 17:11:32,-102.1913,31.9429, 713.1, 3015, 12.3,  1.0,  1.0, 46, 46, 5.79,352, 3.5
2026-06-16 17:11:33,-102.1913,31.9428, 712.6, 3020, 12.3,  1.0,  1.0, 46, 46, 5.78,352, 3.5
2026-06-16 17:11:34,-102.1913,31.9428, 712.2, 3025, 12.2,  1.0,  1.0, 46, 46, 5.77,351, 3.6
2026-06-16 17:11:35,-102.1913,31.9428, 711.7, 3031, 12.2,  1.0,  1.0, 46, 46, 5.77,351, 3.6
2026-06-16 17:11:36,-102.1912,31.9427, 711.3, 3036, 12.2,  0.9,  0.9, 46, 46, 5.76,350, 3.7
2026-06-16 17:11:37,-102.1912,31.9427, 710.8, 3041, 12.1,  0.9,  0.9, 46, 46, 5.76,350, 3.7
2026-06-16 17:11:38,-102.1912,31.9427, 710.4, 3047, 12.1,  0.9,  0.9, 46, 46, 5.75,350, 3.7
2026-06-16 17:11:39,-102.1912,31.9426, 709.9, 3052, 12.0,  0.9,  0.9, 46, 46, 5.74,349, 3.8
2026-06-16 17:11:40,-102.1912,31.9426, 709.4, 3057, 12.0,  0.8,  0.8, 46, 46, 5.73,349, 3.8
2026-06-16 17:11:41,-102.1912,31.9426, 709.0, 3063, 11.9,  0.8,  0.8, 46, 46, 5.73,349, 3.8
2026-06-16 17:11:42,-102.1912,31.9425, 708.5, 3068, 11.9,  0.8,  0.8, 47, 47, 5.73,349, 3.9
2026-06-16 17:11:43,-102.1912,31.9425, 708.0, 3074, 11.8,  0.8,  0.8, 47, 47, 5.72,349, 3.9
2026-06-16 17:11:44,-102.1912,31.9425, 707.6, 3079, 11.8,  0.7,  0.7, 47, 47, 5.71,349, 3.9
2026-06-16 17:11:45,-102.1912,31.9424, 707.1, 3085, 11.7,  0.7,  0.7, 47, 47, 5.70,349, 3.9
2026-06-16 17:11:46,-102.1912,31.9424, 706.6, 3091, 11.7,  0.7,  0.7, 47, 47, 5.69,349, 3.9
2026-06-16 17:11:47,-102.1912,31.9423, 706.1, 3097, 11.7,  0.6,  0.6, 47, 47, 5.68,348, 4.0
2026-06-16 17:11:48,-102.1911,31.9423, 705.6, 3102, 11.6,  0.6,  0.6, 47, 47, 5.67,348, 4.0
2026-06-16 17:11:49,-102.1911,31.9423, 705.1, 3108, 11.6,  0.6,  0.6, 47, 47, 5.67,348, 4.0
2026-06-16 17:11:50,-102.1911,31.9422, 704.7, 3114, 11.5,  0.5,  0.5, 47, 47, 5.66,348, 4.0
2026-06-16 17:11:51,-102.1911,31.9422, 704.3, 3120, 11.5,  0.5,  0.5, 47, 47, 5.65,348, 4.0
2026-06-16 17:11:52,-102.1911,31.9422, 703.8, 3125, 11.5,  0.5,  0.5, 47, 47, 5.63,348, 4.1
2026-06-16 17:11:53,-102.1911,31.9422, 703.4, 3130, 11.4,  0.4,  0.4, 47, 47, 5.63,348, 4.1
2026-06-16 17:11:54,-102.1911,31.9421, 702.9, 3135, 11.4,  0.4,  0.4, 47, 47, 5.62,348, 4.1
2026-06-16 17:11:55,-102.1911,31.9421, 702.5, 3140, 11.3,  0.4,  0.4, 47, 47, 5.61,348, 4.1
2026-06-16 17:11:56,-102.1911,31.9421, 702.1, 3144, 11.3,  0.4,  0.4, 47, 47, 5.60,348, 4.1
2026-06-16 17:11:57,-102.1911,31.9421, 701.7, 3149, 11.3,  0.3,  0.3, 47, 47, 5.59,348, 4.2
2026-06-16 17:11:58,-102.1911,31.9420, 701.4, 3153, 11.2,  0.3,  0.3, 47, 47, 5.58,348, 4.2
2026-06-16 17:11:59,-102.1911,31.9420, 700.9, 3159, 11.2,  0.2,  0.2, 47, 47, 5.56,347, 4.2
2026-06-16 17:12:00,-102.1910,31.9420, 700.5, 3163, 11.2,  0.2,  0.2, 47, 47, 5.55,347, 4.2
2026-06-16 17:12:01,-102.1910,31.9419, 700.0, 3169, 11.1,  0.1,  0.1, 47, 47, 5.53,347, 4.1
2026-06-16 17:12:02,-102.1910,31.9419, 699.7, 3173, 11.1,  0.1,  0.1, 47, 47, 5.51,347, 4.1
2026-06-16 17:12:03,-102.1910,31.9419, 699.2, 3179, 11.0,  0.1,  0.1, 47, 47, 5.50,347, 4.0
2026-06-16 17:12:04,-102.1910,31.9419, 698.7, 3184, 11.0,  0.0,  0.0, 47, 47, 5.48,347, 3.9
2026-06-16 17:12:05,-102.1910,31.9418, 698.3, 3190, 11.0, -0.0, -0.1, 47, 47, 5.47,347, 3.8
2026-06-16 17:12:06,-102.1910,31.9418, 697.8, 3195, 10.9, -0.1, -0.1, 46, 46, 5.46,347, 3.7
2026-06-16 17:12:07,-102.1910,31.9418, 697.4, 3201, 10.9, -0.1, -0.1, 46, 46, 5.44,347, 3.7
2026-06-16 17:12:08,-102.1910,31.9417, 696.9, 3207, 10.9, -0.2, -0.2, 46, 46, 5.42,346, 3.6
2026-06-16 17:12:09,-102.1910,31.9417, 696.5, 3212, 10.8, -0.2, -0.2, 46, 46, 5.41,346, 3.5
2026-06-16 17:12:10,-102.1910,31.9417, 696.0, 3217, 10.8, -0.3, -0.3, 46, 46, 5.39,346, 3.4
2026-06-16 17:12:11,-102.1909,31.9417, 695.6, 3222, 10.8, -0.3, -0.3, 46, 46, 5.38,346, 3.3
2026-06-16 17:12:12,-102.1909,31.9416, 695.2, 3227, 10.7, -0.4, -0.3, 46, 46, 5.36,346, 3.3
2026-06-16 17:12:13,-102.1909,31.9416, 694.7, 3233, 10.7, -0.4, -0.4, 46, 46, 5.35,346, 3.2
2026-06-16 17:12:14,-102.1909,31.9416, 694.2, 3238, 10.6, -0.5, -0.4, 46, 46, 5.33,345, 3.1
2026-06-16 17:12:15,-102.1909,31.9415, 693.7, 3244, 10.6, -0.5, -0.5, 46, 46, 5.32,345, 3.0
2026-06-16 17:12:16,-102.1909,31.9415, 693.2, 3251, 10.5, -0.6, -0.5, 46, 46, 5.31,345, 2.9
2026-06-16 17:12:17,-102.1909,31.9415, 692.7, 3257, 10.5, -0.6, -0.5, 46, 46, 5.29,345, 2.9
2026-06-16 17:12:18,-102.1909,31.9415, 692.2, 3263, 10.4, -0.7, -0.6, 46, 46, 5.27,345, 2.8
2026-06-16 17:12:19,-102.1909,31.9414, 691.7, 3269, 10.4, -0.7, -0.6, 46, 46, 5.26,344, 2.7
2026-06-16 17:12:20,-102.1909,31.9414, 691.1, 3276, 10.3, -0.8, -0.7, 46, 46, 5.25,344, 2.6
2026-06-16 17:12:21,-102.1909,31.9414, 690.6, 3282, 10.3, -0.8, -0.7, 46, 46, 5.23,344, 2.7
2026-06-16 17:12:22,-102.1909,31.9413, 690.0, 3289, 10.2, -0.8, -0.8, 46, 46, 5.22,345, 2.7
2026-06-16 17:12:23,-102.1908,31.9413, 689.5, 3296, 10.2, -0.9, -0.8, 46, 46, 5.21,345, 2.8
2026-06-16 17:12:24,-102.1908,31.9413, 689.0, 3302, 10.1, -0.9, -0.8, 46, 46, 5.19,345, 2.9
2026-06-16 17:12:25,-102.1908,31.9412, 688.4, 3308, 10.1, -1.0, -0.9, 46, 46, 5.18,345, 2.9
2026-06-16 17:12:26,-102.1908,31.9412, 688.0, 3314, 10.0, -1.0, -0.9, 46, 46, 5.18,346, 3.0
2026-06-16 17:12:27,-102.1908,31.9412, 687.5, 3320, 10.0, -1.0, -0.9, 46, 46, 5.18,346, 3.0
2026-06-16 17:12:28,-102.1908,31.9411, 687.0, 3326, 10.0, -1.0, -0.9, 46, 46, 5.17,346, 3.1
2026-06-16 17:12:29,-102.1908,31.9411, 686.5, 3332,  9.9, -1.0, -0.9, 46, 46, 5.17,346, 3.2
2026-06-16 17:12:30,-102.1908,31.9411, 686.1, 3337,  9.9, -1.1, -1.0, 46, 46, 5.16,347, 3.2
2026-06-16 17:12:31,-102.1908,31.9410, 685.6, 3343,  9.9, -1.1, -1.0, 46, 46, 5.16,347, 3.3
2026-06-16 17:12:32,-102.1908,31.9410, 685.2, 3348,  9.8, -1.1, -1.0, 46, 46, 5.15,347, 3.3
2026-06-16 17:12:33,-102.1908,31.9410, 684.8, 3353,  9.8, -1.1, -1.0, 46, 46, 5.15,347, 3.4
2026-06-16 17:12:34,-102.1908,31.9410, 684.4, 3358,  9.8, -1.1, -1.0, 47, 47, 5.15,347, 3.5
2026-06-16 17:12:35,-102.1908,31.9409, 684.0, 3363,  9.7, -1.2, -1.0, 47, 47, 5.14,348, 3.5
2026-06-16 17:12:36,-102.1908,31.9409, 683.6, 3368,  9.7, -1.2, -1.1, 47, 47, 5.14,348, 3.6
2026-06-16 17:12:37,-102.1907,31.9409, 683.2, 3372,  9.7, -1.2, -1.1, 47, 47, 5.14,348, 3.7
2026-06-16 17:12:38,-102.1907,31.9408, 682.8, 3377,  9.6, -1.2, -1.1, 47, 47, 5.13,348, 3.7
2026-06-16 17:12:39,-102.1907,31.9408, 682.4, 3382,  9.6, -1.2, -1.1, 47, 47, 5.12,348, 3.8
2026-06-16 17:12:40,-102.1907,31.9408, 682.0, 3386,  9.6, -1.3, -1.1, 47, 47, 5.12,348, 3.8
2026-06-16 17:12:41,-102.1907,31.9407, 681.6, 3391,  9.5, -1.3, -1.2, 47, 47, 5.11,348, 3.8
2026-06-16 17:12:42,-102.1907,31.9407, 681.2, 3396,  9.5, -1.3, -1.2, 47, 47, 5.11,348, 3.8
2026-06-16 17:12:43,-102.1907,31.9407, 680.8, 3401,  9.5, -1.3, -1.2, 47, 47, 5.10,348, 3.8
2026-06-16 17:12:44,-102.1907,31.9406, 680.4, 3406,  9.4, -1.4, -1.2, 47, 47, 5.09,348, 3.8
2026-06-16 17:12:45,-102.1907,31.9406, 680.0, 3411,  9.4, -1.4, -1.2, 47, 47, 5.08,347, 3.8
2026-06-16 17:12:46,-102.1907,31.9406, 679.6, 3416,  9.3, -1.4, -1.3, 47, 47, 5.08,347, 3.8
2026-06-16 17:12:47,-102.1907,31.9405, 679.1, 3421,  9.3, -1.4, -1.3, 47, 47, 5.07,347, 3.8
2026-06-16 17:12:48,-102.1907,31.9405, 678.7, 3426,  9.3, -1.5, -1.3, 47, 47, 5.07,347, 3.8
2026-06-16 17:12:49,-102.1907,31.9405, 678.3, 3431,  9.2, -1.5, -1.3, 47, 47, 5.06,347, 3.8
2026-06-16 17:12:50,-102.1906,31.9404, 677.9, 3437,  9.2, -1.5, -1.4, 47, 47, 5.06,347, 3.8
2026-06-16 17:12:51,-102.1906,31.9404, 677.4, 3442,  9.2, -1.5, -1.4, 47, 47, 5.05,346, 3.7
2026-06-16 17:12:52,-102.1906,31.9404, 677.0, 3447,  9.1, -1.6, -1.4, 47, 47, 5.04,346, 3.7
2026-06-16 17:12:53,-102.1906,31.9403, 676.5, 3453,  9.1, -1.6, -1.4, 47, 47, 5.03,346, 3.7
2026-06-16 17:12:54,-102.1905,31.9403, 676.1, 3458,  9.0, -1.7, -1.5, 47, 47, 5.02,346, 3.7
2026-06-16 17:12:55,-102.1905,31.9402, 675.7, 3464,  9.0, -1.7, -1.5, 47, 47, 5.00,346, 3.7
2026-06-16 17:12:56,-102.1905,31.9402, 675.2, 3469,  8.9, -1.7, -1.5, 47, 47, 4.99,345, 3.7
2026-06-16 17:12:57,-102.1905,31.9402, 674.7, 3475,  8.9, -1.8, -1.6, 47, 47, 4.98,345, 3.7
2026-06-16 17:12:58,-102.1905,31.9401, 674.2, 3480,  8.8, -1.8, -1.6, 47, 47, 4.97,345, 3.7
2026-06-16 17:12:59,-102.1904,31.9401, 673.7, 3487,  8.8, -1.8, -1.6, 47, 47, 4.96,345, 3.7
2026-06-16 17:13:00,-102.1904,31.9401, 673.3, 3493,  8.7, -1.9, -1.7, 47, 47, 4.95,345, 3.7
2026-06-16 17:13:01,-102.1904,31.9400, 672.8, 3499,  8.7, -1.9, -1.7, 47, 47, 4.94,344, 3.7
2026-06-16 17:13:02,-102.1904,31.9400, 672.3, 3505,  8.6, -2.0, -1.7, 47, 47, 4.93,343, 3.8
2026-06-16 17:13:03,-102.1903,31.9400, 671.8, 3511,  8.6, -2.0, -1.8, 47, 47, 4.92,342, 3.8
2026-06-16 17:13:04,-102.1903,31.9399, 671.3, 3518,  8.5, -2.0, -1.8, 47, 47, 4.91,341, 3.9
2026-06-16 17:13:05,-102.1903,31.9399, 670.8, 3524,  8.5, -2.1, -1.8, 47, 47, 4.90,340, 3.9
2026-06-16 17:13:06,-102.1903,31.9399, 670.3, 3530,  8.4, -2.1, -1.9, 47, 47, 4.90,339, 4.0
2026-06-16 17:13:07,-102.1903,31.9398, 669.8, 3536,  8.4, -2.1, -1.9, 48, 48, 4.89,338, 4.1
2026-06-16 17:13:08,-102.1902,31.9398, 669.3, 3542,  8.4, -2.1, -1.9, 48, 48, 4.89,337, 4.1
2026-06-16 17:13:09,-102.1902,31.9398, 668.9, 3548,  8.3, -2.2, -1.9, 48, 48, 4.88,337, 4.2
2026-06-16 17:13:10,-102.1902,31.9397, 668.4, 3554,  8.3, -2.2, -1.9, 48, 48, 4.88,336, 4.2
2026-06-16 17:13:11,-102.1902,31.9397, 668.0, 3559,  8.2, -2.2, -2.0, 48, 48, 4.87,335, 4.3
2026-06-16 17:13:12,-102.1901,31.9396, 667.5, 3565,  8.2, -2.2, -2.0, 48, 48, 4.87,334, 4.3
2026-06-16 17:13:13,-102.1901,31.9396, 667.1, 3570,  8.1, -2.3, -2.0, 48, 48, 4.86,334, 4.4
2026-06-16 17:13:14,-102.1901,31.9396, 666.7, 3574,  8.1, -2.3, -2.0, 48, 48, 4.86,333, 4.5
2026-06-16 17:13:15,-102.1901,31.9395, 666.3, 3579,  8.0, -2.3, -2.0, 48, 48, 4.85,332, 4.5
2026-06-16 17:13:16,-102.1901,31.9395, 665.9, 3583,  8.0, -2.3, -2.1, 48, 48, 4.85,332, 4.6
2026-06-16 17:13:17,-102.1900,31.9395, 665.5, 3588,  7.9, -2.3, -2.1, 48, 48, 4.84,331, 4.7
2026-06-16 17:13:18,-102.1900,31.9394, 665.1, 3593,  7.9, -2.4, -2.1, 48, 48, 4.84,331, 4.7
2026-06-16 17:13:19,-102.1900,31.9394, 664.7, 3599,  7.8, -2.4, -2.1, 48, 48, 4.83,330, 4.8
2026-06-16 17:13:20,-102.1900,31.9394, 664.2, 3605,  7.8, -2.4, -2.2, 48, 48, 4.82,329, 4.8
2026-06-16 17:13:21,-102.1899,31.9393, 663.8, 3610,  7.8, -2.5, -2.2, 48, 48, 4.81,329, 4.8
2026-06-16 17:13:22,-102.1899,31.9393, 663.4, 3616,  7.7, -2.5, -2.2, 48, 48, 4.81,330, 4.7
2026-06-16 17:13:23,-102.1899,31.9393, 662.9, 3621,  7.7, -2.5, -2.2, 48, 48, 4.80,330, 4.7
2026-06-16 17:13:24,-102.1899,31.9392, 662.5, 3627,  7.6, -2.5, -2.3, 48, 48, 4.79,330, 4.6
2026-06-16 17:13:25,-102.1899,31.9392, 662.0, 3632,  7.6, -2.6, -2.3, 48, 48, 4.78,330, 4.6
2026-06-16 17:13:26,-102.1899,31.9392, 661.6, 3637,  7.6, -2.6, -2.3, 48, 48, 4.78,330, 4.5
2026-06-16 17:13:27,-102.1899,31.9391, 661.2, 3642,  7.5, -2.6, -2.4, 48, 48, 4.77,330, 4.5
2026-06-16 17:13:28,-102.1898,31.9391, 660.8, 3647,  7.5, -2.7, -2.4, 48, 48, 4.76,330, 4.4
2026-06-16 17:13:29,-102.1898,31.9391, 660.4, 3653,  7.4, -2.7, -2.4, 49, 49, 4.75,330, 4.4
2026-06-16 17:13:30,-102.1898,31.9390, 660.0, 3658,  7.4, -2.7, -2.4, 49, 49, 4.74,330, 4.3
2026-06-16 17:13:31,-102.1898,31.9390, 659.6, 3663,  7.4, -2.8, -2.5, 49, 49, 4.73,330, 4.3
2026-06-16 17:13:32,-102.1898,31.9390, 659.2, 3667,  7.3, -2.8, -2.5, 49, 49, 4.73,331, 4.2
2026-06-16 17:13:33,-102.1898,31.9389, 658.7, 3673,  7.3, -2.8, -2.5, 49, 49, 4.72,331, 4.2
2026-06-16 17:13:34,-102.1898,31.9389, 658.3, 3679,  7.2, -2.9, -2.6, 49, 49, 4.70,331, 4.1
2026-06-16 17:13:35,-102.1897,31.9389, 657.9, 3684,  7.2, -2.9, -2.6, 49, 49, 4.69,331, 4.1
2026-06-16 17:13:36,-102.1897,31.9388, 657.4, 3689,  7.1, -3.0, -2.6, 49, 49, 4.68,331, 4.0
2026-06-16 17:13:37,-102.1897,31.9388, 657.0, 3695,  7.1, -3.0, -2.7, 49, 49, 4.67,331, 4.0
2026-06-16 17:13:38,-102.1897,31.9388, 656.6, 3700,  7.1, -3.0, -2.7, 49, 49, 4.66,331, 3.9
2026-06-16 17:13:39,-102.1897,31.9387, 656.1, 3706,  7.0, -3.1, -2.7, 49, 49, 4.65,332, 3.8
2026-06-16 17:13:40,-102.1897,31.9387, 655.7, 3711,  7.0, -3.1, -2.8, 49, 49, 4.64,332, 3.8
2026-06-16 17:13:41,-102.1897,31.9387, 655.2, 3717,  6.9, -3.2, -2.8, 49, 49, 4.63,333, 3.8
2026-06-16 17:13:42,-102.1896,31.9386, 654.7, 3723,  6.9, -3.2, -2.8, 49, 49, 4.62,334, 3.8
2026-06-16 17:13:43,-102.1896,31.9386, 654.3, 3729,  6.8, -3.2, -2.9, 49, 49, 4.61,335, 3.9
2026-06-16 17:13:44,-102.1896,31.9386, 653.8, 3735,  6.8, -3.3, -2.9, 49, 49, 4.60,336, 3.9
2026-06-16 17:13:45,-102.1896,31.9385, 653.2, 3743,  6.7, -3.3, -3.0, 49, 49, 4.58,337, 4.0
2026-06-16 17:13:46,-102.1896,31.9385, 652.9, 3747,  6.7, -3.4, -3.0, 49, 49, 4.58,338, 4.0
2026-06-16 17:13:47,-102.1896,31.9385, 652.4, 3753,  6.7, -3.4, -3.0, 49, 49, 4.56,339, 4.0
2026-06-16 17:13:48,-102.1895,31.9384, 651.9, 3759,  6.6, -3.4, -3.1, 49, 49, 4.55,340, 4.1
2026-06-16 17:13:49,-102.1895,31.9384, 651.4, 3765,  6.6, -3.5, -3.1, 48, 48, 4.54,340, 4.1
2026-06-16 17:13:50,-102.1895,31.9384, 651.0, 3771,  6.6, -3.5, -3.1, 48, 48, 4.53,341, 4.1
2026-06-16 17:13:51,-102.1895,31.9383, 650.5, 3777,  6.5, -3.6, -3.2, 48, 48, 4.52,342, 4.2
2026-06-16 17:13:52,-102.1895,31.9383, 650.0, 3782,  6.5, -3.6, -3.2, 48, 48, 4.51,343, 4.2
2026-06-16 17:13:53,-102.1895,31.9382, 649.6, 3788,  6.5, -3.7, -3.3, 48, 48, 4.49,344, 4.3
2026-06-16 17:13:54,-102.1895,31.9382, 649.1, 3794,  6.4, -3.7, -3.3, 48, 48, 4.48,345, 4.2
2026-06-16 17:13:55,-102.1895,31.9381, 648.7, 3800,  6.4, -3.8, -3.3, 48, 48, 4.47,346, 4.3
2026-06-16 17:13:56,-102.1895,31.9381, 648.2, 3806,  6.4, -3.8, -3.4, 48, 48, 4.46,346, 4.3
2026-06-16 17:13:57,-102.1894,31.9380, 647.8, 3811,  6.3, -3.8, -3.4, 48, 48, 4.45,347, 4.4
2026-06-16 17:13:58,-102.1894,31.9380, 647.4, 3817,  6.3, -3.9, -3.4, 48, 48, 4.43,348, 4.4
2026-06-16 17:13:59,-102.1894,31.9379, 646.9, 3822,  6.3, -3.9, -3.5, 48, 48, 4.42,349, 4.5
2026-06-16 17:14:00,-102.1894,31.9378, 646.5, 3827,  6.2, -4.1, -3.6, 48, 48, 4.37,349, 4.5
2026-06-16 17:14:01,-102.1894,31.9378, 646.1, 3833,  6.2, -4.2, -3.7, 47, 47, 4.33,349, 4.6
2026-06-16 17:14:02,-102.1894,31.9377, 645.7, 3838,  6.2, -4.4, -3.9, 47, 47, 4.29,349, 4.7
2026-06-16 17:14:03,-102.1894,31.9377, 645.2, 3843,  6.2, -4.5, -4.0, 46, 46, 4.25,349, 4.7
2026-06-16 17:14:04,-102.1894,31.9376, 644.8, 3848,  6.2, -4.6, -4.1, 46, 46, 4.21,349, 4.8
2026-06-16 17:14:05,-102.1894,31.9376, 644.4, 3853,  6.1, -4.8, -4.2, 45, 45, 4.17,348, 4.9
2026-06-16 17:14:06,-102.1894,31.9375, 644.0, 3859,  6.1, -4.9, -4.4, 45, 45, 4.13,348, 5.0
2026-06-16 17:14:07,-102.1893,31.9375, 643.6, 3864,  6.1, -5.0, -4.5, 45, 45, 4.08,348, 5.1
2026-06-16 17:14:08,-102.1893,31.9374, 643.2, 3870,  6.1, -5.2, -4.6, 44, 44, 4.04,348, 5.2
2026-06-16 17:14:09,-102.1893,31.9374, 642.8, 3875,  6.0, -5.3, -4.7, 44, 44, 4.00,348, 5.2
2026-06-16 17:14:10,-102.1893,31.9373, 642.3, 3880,  6.0, -5.5, -4.9, 43, 43, 3.96,347, 5.3
2026-06-16 17:14:11,-102.1893,31.9372, 641.9, 3886,  6.0, -5.6, -5.0, 43, 43, 3.92,347, 5.4
2026-06-16 17:14:12,-102.1893,31.9372, 641.4, 3892,  6.0, -5.8, -5.1, 43, 43, 3.87,347, 5.5
2026-06-16 17:14:13,-102.1893,31.9371, 641.1, 3896,  6.0, -6.1, -5.4, 41, 41, 3.78,347, 5.6
2026-06-16 17:14:14,-102.1893,31.9371, 640.7, 3901,  6.0, -6.5, -5.8, 40, 40, 3.66,347, 5.7
2026-06-16 17:14:15,-102.1893,31.9370, 640.2, 3906,  6.0, -7.0, -6.2, 39, 39, 3.55,347, 5.7
2026-06-16 17:14:16,-102.1892,31.9370, 639.8, 3912,  6.0, -7.4, -6.6, 38, 38, 3.43,347, 5.8
2026-06-16 17:14:17,-102.1892,31.9369, 639.3, 3918,  6.0, -7.8, -7.0, 36, 36, 3.32,346, 5.9
2026-06-16 17:14:18,-102.1892,31.9369, 638.9, 3924,  6.0, -8.3, -7.4, 35, 35, 3.20,346, 6.0
2026-06-16 17:14:19,-102.1892,31.9368, 638.4, 3930,  6.0, -8.8, -7.8, 34, 34, 3.09,346, 6.1
2026-06-16 17:14:20,-102.1892,31.9368, 638.0, 3936,  6.0, -9.3, -8.2, 32, 32, 2.97,346, 6.2
2026-06-16 17:14:21,-102.1892,31.9367, 637.6, 3942,  6.0, -9.8, -8.7, 31, 31, 2.86,347, 6.2
2026-06-16 17:14:22,-102.1892,31.9366, 637.1, 3947,  6.0,-10.3, -9.2, 30, 30, 2.74,349, 6.3
2026-06-16 17:14:23,-102.1892,31.9366, 636.7, 3953,  6.0,-10.8, -9.7, 29, 29, 2.63,350, 6.4
2026-06-16 17:14:24,-102.1892,31.9365, 636.2, 3958,  6.0,-11.4,-10.2, 27, 27, 2.51,351, 6.6
2026-06-16 17:14:25,-102.1892,31.9364, 635.8, 3964,  6.0,-12.0,-10.7, 26, 26, 2.39,352, 6.7
2026-06-16 17:14:26,-102.1892,31.9363, 635.4, 3969,  6.0,-12.5,-11.2, 25, 25, 2.30,353, 6.9
2026-06-16 17:14:27,-102.1892,31.9363, 635.0, 3974,  6.0,-12.8,-11.4, 25, 25, 2.26,354, 7.0
2026-06-16 17:14:28,-102.1893,31.9362, 634.6, 3979,  6.0,-13.0,-11.6, 24, 24, 2.21,356, 7.1
2026-06-16 17:14:29,-102.1893,31.9361, 634.2, 3984,  6.0,-13.3,-11.9, 24, 24, 2.16,357, 7.2
2026-06-16 17:14:30,-102.1893,31.9360, 633.8, 3989,  5.9,-13.6,-12.2, 23, 23, 2.11,358, 7.3
2026-06-16 17:14:31,-102.1893,31.9360, 633.4, 3994,  5.9,-13.9,-12.4, 22, 22, 2.06,359, 7.5
2026-06-16 17:14:32,-102.1893,31.9359, 633.0, 4000,  5.9,-14.2,-12.7, 22, 22, 2.01,359, 7.6
2026-06-16 17:14:33,-102.1893,31.9358, 632.5, 4006,  5.9,-14.5,-13.0, 21, 21, 1.96,360, 7.7
2026-06-16 17:14:34,-102.1893,31.9358, 632.1, 4011,  5.9,-14.9,-13.3, 21, 21, 1.91,  1, 7.8
2026-06-16 17:14:35,-102.1893,31.9357, 631.6, 4017,  5.9,-15.2,-13.6, 20, 20, 1.86,  2, 7.9
2026-06-16 17:14:36,-102.1893,31.9356, 631.2, 4023,  5.9,-15.5,-13.9, 20, 20, 1.81,  3, 8.0
2026-06-16 17:14:37,-102.1894,31.9355, 630.7, 4029,  5.8,-15.8,-14.2, 19, 19, 1.76,  4, 8.1
2026-06-16 17:14:38,-102.1894,31.9355, 630.4, 4034,  5.8,-16.2,-14.5, 19, 19, 1.71,  4, 8.3
2026-06-16 17:14:39,-102.1894,31.9354, 630.0, 4039,  5.8,-16.6,-14.8, 18, 18, 1.66,  5, 8.4
2026-06-16 17:14:40,-102.1894,31.9353, 629.7, 4043,  5.8,-16.5,-14.8, 18, 18, 1.67,  6, 8.5
2026-06-16 17:14:41,-102.1894,31.9352, 629.3, 4047,  5.7,-16.4,-14.7, 19, 19, 1.69,  6, 8.5
2026-06-16 17:14:42,-102.1894,31.9352, 629.0, 4052,  5.7,-16.3,-14.6, 19, 19, 1.70,  6, 8.5
2026-06-16 17:14:43,-102.1894,31.9351, 628.6, 4057,  5.6,-16.2,-14.5, 19, 19, 1.72,  7, 8.5
2026-06-16 17:14:44,-102.1894,31.9350, 628.2, 4062,  5.6,-16.1,-14.4, 19, 19, 1.73,  7, 8.5
2026-06-16 17:14:45,-102.1894,31.9349, 627.8, 4068,  5.6,-16.0,-14.4, 19, 19, 1.74,  7, 8.5
2026-06-16 17:14:46,-102.1894,31.9349, 627.3, 4074,  5.5,-16.0,-14.3, 20, 20, 1.76,  7, 8.5
2026-06-16 17:14:47,-102.1895,31.9348, 626.9, 4079,  5.5,-15.9,-14.2, 20, 20, 1.77,  8, 8.5
2026-06-16 17:14:48,-102.1895,31.9347, 626.5, 4085,  5.4,-15.8,-14.1, 20, 20, 1.78,  8, 8.5
2026-06-16 17:14:49,-102.1895,31.9346, 626.0, 4090,  5.4,-15.7,-14.1, 20, 20, 1.80,  8, 8.5
2026-06-16 17:14:50,-102.1895,31.9346, 625.7, 4095,  5.3,-15.6,-14.0, 20, 20, 1.81,  8, 8.5
2026-06-16 17:14:51,-102.1895,31.9345, 625.3, 4100,  5.3,-15.6,-13.9, 21, 21, 1.82,  9, 8.4
2026-06-16 17:14:52,-102.1895,31.9344, 624.8, 4107,  5.2,-15.4,-13.8, 21, 21, 1.84,  9, 8.4
2026-06-16 17:14:53,-102.1895,31.9343, 624.6, 4109,  5.2,-15.5,-13.8, 21, 21, 1.84,  9, 8.4
2026-06-16 17:14:54,-102.1895,31.9343, 624.2, 4114,  5.2,-15.6,-13.9, 21, 21, 1.82,  9, 8.4
2026-06-16 17:14:55,-102.1896,31.9342, 623.8, 4119,  5.1,-15.6,-14.0, 21, 21, 1.82, 10, 8.4
2026-06-16 17:14:56,-102.1896,31.9341, 623.5, 4124,  5.1,-15.7,-14.0, 21, 21, 1.81, 10, 8.4
2026-06-16 17:14:57,-102.1896,31.9340, 623.1, 4129,  5.1,-15.8,-14.1, 20, 20, 1.80, 10, 8.4
2026-06-16 17:14:58,-102.1896,31.9339, 622.7, 4134,  5.0,-15.8,-14.2, 20, 20, 1.79, 10, 8.4
2026-06-16 17:14:59,-102.1896,31.9338, 622.3, 4139,  5.0,-15.9,-14.2, 20, 20, 1.78, 11, 8.4
2026-06-16 17:15:00,-102.1897,31.9338, 621.9, 4144,  5.0,-16.0,-14.3, 20, 20, 1.77, 11, 8.4
2026-06-16 17:15:01,-102.1897,31.9337, 621.6, 4149,  4.9,-16.1,-14.4, 20, 20, 1.76, 11, 8.5
2026-06-16 17:15:02,-102.1897,31.9336, 621.2, 4154,  4.9,-16.1,-14.4, 20, 20, 1.75, 11, 8.5
2026-06-16 17:15:03,-102.1897,31.9335, 620.8, 4158,  4.8,-16.2,-14.5, 20, 20, 1.74, 10, 8.6
2026-06-16 17:15:04,-102.1897,31.9334, 620.5, 4163,  4.8,-16.3,-14.6, 20, 20, 1.73, 10, 8.7
2026-06-16 17:15:05,-102.1897,31.9334, 620.1, 4168,  4.8,-16.4,-14.6, 20, 20, 1.72, 10, 8.7
2026-06-16 17:15:06,-102.1898,31.9333, 619.7, 4173,  4.7,-16.4,-14.7, 20, 20, 1.71, 10, 8.8
2026-06-16 17:15:07,-102.1898,31.9332, 619.3, 4178,  4.7,-16.6,-14.9, 20, 20, 1.68, 10, 8.9
2026-06-16 17:15:08,-102.1898,31.9331, 618.9, 4184,  4.6,-16.8,-15.1, 19, 19, 1.66, 10, 9.0
2026-06-16 17:15:09,-102.1898,31.9330, 618.5, 4189,  4.6,-17.0,-15.2, 19, 19, 1.63,  9, 9.0
2026-06-16 17:15:10,-102.1898,31.9329, 618.1, 4194,  4.6,-17.2,-15.4, 19, 19, 1.61,  9, 9.1
2026-06-16 17:15:11,-102.1899,31.9329, 617.7, 4200,  4.5,-17.4,-15.6, 19, 19, 1.58,  9, 9.2
2026-06-16 17:15:12,-102.1899,31.9328, 617.3, 4205,  4.5,-17.6,-15.7, 18, 18, 1.56,  9, 9.2
2026-06-16 17:15:13,-102.1899,31.9327, 616.9, 4210,  4.4,-17.8,-15.9, 18, 18, 1.53,  9, 9.3
2026-06-16 17:15:14,-102.1899,31.9326, 616.5, 4215,  4.4,-18.0,-16.1, 18, 18, 1.51,  9, 9.4
2026-06-16 17:15:15,-102.1899,31.9325, 616.2, 4220,  4.3,-18.2,-16.3, 18, 18, 1.48,  9, 9.5
2026-06-16 17:15:16,-102.1899,31.9325, 615.8, 4224,  4.3,-18.4,-16.5, 17, 17, 1.46,  8, 9.5
2026-06-16 17:15:17,-102.1900,31.9324, 615.5, 4229,  4.3,-18.6,-16.7, 17, 17, 1.44,  8, 9.6
2026-06-16 17:15:18,-102.1900,31.9323, 615.1, 4234,  4.2,-18.8,-16.8, 17, 17, 1.41,  8, 9.7
2026-06-16 17:15:19,-102.1900,31.9322, 614.7, 4239,  4.2,-19.0,-17.0, 17, 17, 1.39,  8, 9.7
2026-06-16 17:15:20,-102.1900,31.9321, 614.4, 4244,  4.1,-19.1,-17.2, 16, 16, 1.37,  8, 9.8
2026-06-16 17:15:21,-102.1900,31.9320, 614.0, 4249,  4.1,-19.2,-17.2, 16, 16, 1.36,  8, 9.8
2026-06-16 17:15:22,-102.1900,31.9320, 613.6, 4254,  4.1,-19.3,-17.3, 16, 16, 1.35,  9, 9.7
2026-06-16 17:15:23,-102.1901,31.9319, 613.3, 4259,  4.0,-19.4,-17.4, 16, 16, 1.34,  9, 9.6
2026-06-16 17:15:24,-102.1901,31.9318, 612.9, 4264,  4.0,-19.5,-17.5, 16, 16, 1.33, 10, 9.6
2026-06-16 17:15:25,-102.1901,31.9317, 612.5, 4268,  3.9,-19.6,-17.5, 16, 16, 1.33, 10, 9.5
2026-06-16 17:15:26,-102.1902,31.9316, 612.2, 4273,  3.9,-19.6,-17.6, 16, 16, 1.32, 11, 9.5
2026-06-16 17:15:27,-102.1902,31.9316, 611.8, 4277,  3.8,-19.7,-17.7, 16, 16, 1.31, 11, 9.4
2026-06-16 17:15:28,-102.1902,31.9315, 611.4, 4282,  3.8,-19.8,-17.8, 16, 16, 1.30, 12, 9.4
2026-06-16 17:15:29,-102.1903,31.9314, 611.1, 4286,  3.8,-19.9,-17.9, 16, 16, 1.29, 12, 9.3
2026-06-16 17:15:30,-102.1903,31.9313, 610.7, 4291,  3.7,-20.0,-18.0, 16, 16, 1.28, 13, 9.3
2026-06-16 17:15:31,-102.1903,31.9313, 610.4, 4297,  3.7,-20.1,-18.0, 16, 16, 1.27, 14, 9.2
2026-06-16 17:15:32,-102.1904,31.9312, 609.9, 4302,  3.6,-20.2,-18.1, 16, 16, 1.26, 14, 9.2
2026-06-16 17:15:33,-102.1904,31.9311, 609.6, 4307,  3.6,-20.3,-18.2, 16, 16, 1.25, 15, 9.1
2026-06-16 17:15:34,-102.1904,31.9310, 609.1, 4313,  3.5,-20.1,-18.0, 16, 16, 1.28, 15, 9.1
2026-06-16 17:15:35,-102.1905,31.9309, 608.7, 4318,  3.5,-19.9,-17.9, 16, 16, 1.30, 16, 9.0
2026-06-16 17:15:36,-102.1905,31.9309, 608.3, 4324,  3.5,-19.7,-17.7, 16, 16, 1.32, 16, 9.0
2026-06-16 17:15:37,-102.1905,31.9308, 607.9, 4330,  3.4,-19.6,-17.6, 17, 17, 1.34, 17, 8.9
2026-06-16 17:15:38,-102.1906,31.9307, 607.5, 4335,  3.4,-19.4,-17.4, 17, 17, 1.35, 18, 8.9
2026-06-16 17:15:39,-102.1906,31.9306, 607.1, 4341,  3.3,-19.3,-17.3, 17, 17, 1.37, 18, 8.8
2026-06-16 17:15:40,-102.1906,31.9306, 606.7, 4346,  3.3,-19.1,-17.1, 18, 18, 1.39, 19, 8.8
2026-06-16 17:15:41,-102.1907,31.9305, 606.3, 4352,  3.2,-19.0,-17.0, 18, 18, 1.41, 19, 8.8
2026-06-16 17:15:42,-102.1907,31.9304, 605.9, 4357,  3.2,-18.8,-16.9, 18, 18, 1.43, 19, 8.9
2026-06-16 17:15:43,-102.1907,31.9303, 605.5, 4362,  3.2,-18.7,-16.7, 18, 18, 1.45, 19, 8.9
2026-06-16 17:15:44,-102.1908,31.9302, 605.1, 4367,  3.1,-18.5,-16.6, 19, 19, 1.47, 20, 9.0
2026-06-16 17:15:45,-102.1908,31.9302, 604.7, 4372,  3.1,-18.4,-16.5, 19, 19, 1.48, 20, 9.0
2026-06-16 17:15:46,-102.1908,31.9301, 604.3, 4377,  3.0,-18.3,-16.4, 19, 19, 1.50, 20, 9.0
2026-06-16 17:15:47,-102.1909,31.9300, 603.9, 4383,  3.0,-18.2,-16.3, 19, 19, 1.52, 20, 9.1
2026-06-16 17:15:48,-102.1909,31.9299, 603.5, 4388,  2.9,-18.1,-16.2, 20, 20, 1.53, 21, 9.1
2026-06-16 17:15:49,-102.1909,31.9299, 603.1, 4393,  2.9,-18.0,-16.1, 20, 20, 1.54, 21, 9.2
2026-06-16 17:15:50,-102.1910,31.9298, 602.7, 4399,  2.9,-17.9,-16.0, 20, 20, 1.56, 21, 9.2
2026-06-16 17:15:51,-102.1910,31.9297, 602.3, 4404,  2.8,-17.8,-15.9, 20, 20, 1.57, 21, 9.3
2026-06-16 17:15:52,-102.1911,31.9296, 602.0, 4409,  2.8,-17.7,-15.8, 21, 21, 1.59, 22, 9.3
2026-06-16 17:15:53,-102.1911,31.9295, 601.6, 4414,  2.7,-17.6,-15.7, 21, 21, 1.60, 22, 9.3
2026-06-16 17:15:54,-102.1911,31.9295, 601.2, 4420,  2.7,-17.5,-15.7, 21, 21, 1.61, 22, 9.4
2026-06-16 17:15:55,-102.1912,31.9294, 600.8, 4425,  2.7,-17.4,-15.6, 21, 21, 1.63, 22, 9.4
2026-06-16 17:15:56,-102.1912,31.9293, 600.4, 4430,  2.6,-17.3,-15.5, 21, 21, 1.64, 22, 9.5
2026-06-16 17:15:57,-102.1913,31.9292, 599.9, 4435,  2.6,-17.2,-15.4, 22, 22, 1.65, 23, 9.5
2026-06-16 17:15:58,-102.1913,31.9292, 599.5, 4441,  2.5,-17.1,-15.3, 22, 22, 1.67, 23, 9.5
2026-06-16 17:15:59,-102.1914,31.9291, 599.1, 4447,  2.5,-17.0,-15.3, 22, 22, 1.68, 23, 9.6
2026-06-16 17:16:00,-102.1914,31.9290, 598.7, 4453,  2.5,-17.0,-15.2, 22, 22, 1.69, 23, 9.6
2026-06-16 17:16:01,-102.1914,31.9290, 598.3, 4458,  2.4,-16.9,-15.1, 23, 23, 1.70, 23, 9.6
2026-06-16 17:16:02,-102.1915,31.9289, 597.9, 4464,  2.4,-16.8,-15.1, 23, 23, 1.72, 24, 9.6
2026-06-16 17:16:03,-102.1915,31.9288, 597.4, 4470,  2.3,-16.8,-15.0, 23, 23, 1.73, 24, 9.6
2026-06-16 17:16:04,-102.1916,31.9287, 597.0, 4476,  2.3,-16.7,-14.9, 23, 23, 1.74, 24, 9.5
2026-06-16 17:16:05,-102.1916,31.9287, 596.6, 4481,  2.2,-16.6,-14.9, 23, 23, 1.75, 24, 9.5
2026-06-16 17:16:06,-102.1917,31.9286, 596.2, 4487,  2.2,-16.5,-14.8, 24, 24, 1.76, 24, 9.5
2026-06-16 17:16:07,-102.1917,31.9285, 595.8, 4492,  2.1,-16.5,-14.7, 24, 24, 1.77, 25, 9.5
2026-06-16 17:16:08,-102.1918,31.9284, 595.4, 4498,  2.1,-16.4,-14.7, 24, 24, 1.79, 25, 9.4
2026-06-16 17:16:09,-102.1918,31.9284, 595.0, 4503,  2.0,-16.3,-14.6, 24, 24, 1.80, 25, 9.4
2026-06-16 17:16:10,-102.1918,31.9283, 594.6, 4508,  2.0,-16.3,-14.5, 24, 24, 1.81, 25, 9.4
2026-06-16 17:16:11,-102.1919,31.9282, 594.2, 4514,  1.9,-16.2,-14.5, 25, 25, 1.82, 25, 9.4
2026-06-16 17:16:12,-102.1919,31.9281, 593.8, 4519,  1.9,-16.1,-14.4, 25, 25, 1.83, 26, 9.3
2026-06-16 17:16:13,-102.1920,31.9281, 593.4, 4525,  1.8,-16.1,-14.4, 25, 25, 1.84, 26, 9.3
2026-06-16 17:16:14,-102.1920,31.9280, 593.1, 4529,  1.8,-16.1,-14.4, 25, 25, 1.83, 26, 9.3
2026-06-16 17:16:15,-102.1921,31.9279, 592.7, 4534,  1.8,-16.2,-14.5, 25, 25, 1.82, 26, 9.3
2026-06-16 17:16:16,-102.1921,31.9279, 592.3, 4539,  1.7,-16.3,-14.6, 25, 25, 1.81, 26, 9.2
2026-06-16 17:16:17,-102.1922,31.9278, 591.9, 4544,  1.7,-16.4,-14.7, 25, 25, 1.79, 27, 9.2
2026-06-16 17:16:18,-102.1922,31.9277, 591.6, 4549,  1.6,-16.5,-14.8, 25, 25, 1.78, 27, 9.2
2026-06-16 17:16:19,-102.1922,31.9276, 591.2, 4554,  1.6,-16.6,-14.8, 25, 25, 1.77, 27, 9.2
2026-06-16 17:16:20,-102.1923,31.9276, 590.8, 4560,  1.5,-16.7,-14.9, 24, 24, 1.75, 27, 9.1
2026-06-16 17:16:21,-102.1923,31.9275, 590.4, 4565,  1.5,-16.8,-15.0, 24, 24, 1.74, 28, 9.1
2026-06-16 17:16:22,-102.1924,31.9274, 590.0, 4571,  1.4,-16.9,-15.1, 24, 24, 1.73, 28, 9.1
2026-06-16 17:16:23,-102.1924,31.9273, 589.6, 4577,  1.4,-17.0,-15.2, 24, 24, 1.72, 29, 9.1
2026-06-16 17:16:24,-102.1925,31.9273, 589.2, 4582,  1.3,-17.1,-15.3, 24, 24, 1.71, 29, 9.0
2026-06-16 17:16:25,-102.1925,31.9272, 588.8, 4588,  1.3,-17.1,-15.4, 24, 24, 1.69, 29, 9.0
2026-06-16 17:16:26,-102.1926,31.9272, 588.3, 4594,  1.3,-17.2,-15.4, 24, 24, 1.68, 30, 9.0
2026-06-16 17:16:27,-102.1926,31.9271, 587.9, 4599,  1.2,-17.3,-15.5, 24, 24, 1.67, 30, 9.0
2026-06-16 17:16:28,-102.1927,31.9270, 587.5, 4605,  1.2,-17.3,-15.5, 24, 24, 1.67, 31, 9.0
2026-06-16 17:16:29,-102.1927,31.9270, 587.1, 4611,  1.1,-17.4,-15.6, 24, 24, 1.67, 31, 8.9
2026-06-16 17:16:30,-102.1928,31.9269, 586.6, 4617,  1.1,-17.4,-15.6, 24, 24, 1.66, 32, 8.9
2026-06-16 17:16:31,-102.1928,31.9268, 586.2, 4623,  1.1,-17.4,-15.6, 24, 24, 1.66, 32, 8.9
2026-06-16 17:16:32,-102.1929,31.9268, 585.9, 4627,  1.0,-17.5,-15.7, 24, 24, 1.65, 33, 8.9
2026-06-16 17:16:33,-102.1929,31.9267, 585.5, 4632,  1.0,-17.5,-15.7, 24, 24, 1.65, 33, 8.9
2026-06-16 17:16:34,-102.1930,31.9267, 585.2, 4637,  0.9,-17.6,-15.7, 24, 24, 1.65, 34, 8.9
2026-06-16 17:16:35,-102.1930,31.9266, 584.8, 4641,  0.9,-17.6,-15.8, 24, 24, 1.64, 34, 8.9
2026-06-16 17:16:36,-102.1931,31.9265, 584.5, 4646,  0.9,-17.6,-15.8, 24, 24, 1.64, 35, 8.8
2026-06-16 17:16:37,-102.1931,31.9265, 584.1, 4651,  0.8,-17.7,-15.8, 24, 24, 1.63, 35, 8.8
2026-06-16 17:16:38,-102.1931,31.9264, 583.7, 4657,  0.8,-17.7,-15.9, 24, 24, 1.63, 36, 8.8
2026-06-16 17:16:39,-102.1932,31.9263, 583.3, 4662,  0.8,-17.7,-15.9, 24, 24, 1.63, 36, 8.8
2026-06-16 17:16:40,-102.1932,31.9263, 582.9, 4668,  0.7,-17.8,-15.9, 24, 24, 1.62, 37, 8.8
2026-06-16 17:16:41,-102.1933,31.9262, 582.5, 4674,  0.7,-17.7,-15.9, 24, 24, 1.63, 36, 8.7
2026-06-16 17:16:42,-102.1933,31.9261, 582.1, 4679,  0.7,-17.7,-15.9, 24, 24, 1.63, 36, 8.7
2026-06-16 17:16:43,-102.1934,31.9261, 581.7, 4684,  0.6,-17.7,-15.9, 24, 24, 1.64, 35, 8.6
2026-06-16 17:16:44,-102.1934,31.9260, 581.4, 4689,  0.6,-17.7,-15.8, 24, 24, 1.64, 35, 8.5
2026-06-16 17:16:45,-102.1935,31.9260, 581.0, 4694,  0.6,-17.7,-15.8, 24, 24, 1.64, 35, 8.5
2026-06-16 17:16:46,-102.1935,31.9259, 580.7, 4699,  0.5,-17.6,-15.8, 24, 24, 1.65, 34, 8.4
2026-06-16 17:16:47,-102.1936,31.9258, 580.3, 4704,  0.5,-17.6,-15.8, 24, 24, 1.65, 34, 8.3
2026-06-16 17:16:48,-102.1936,31.9258, 580.0, 4708,  0.5,-17.6,-15.8, 24, 24, 1.65, 33, 8.3
2026-06-16 17:16:49,-102.1937,31.9257, 579.6, 4713,  0.5,-17.6,-15.8, 24, 24, 1.66, 33, 8.2
2026-06-16 17:16:50,-102.1937,31.9256, 579.2, 4718,  0.4,-17.6,-15.7, 25, 25, 1.66, 32, 8.1
2026-06-16 17:16:51,-102.1938,31.9256, 578.8, 4724,  0.4,-17.5,-15.7, 25, 25, 1.67, 32, 8.1
2026-06-16 17:16:52,-102.1938,31.9255, 578.4, 4729,  0.4,-17.5,-15.7, 25, 25, 1.67, 31, 8.0
2026-06-16 17:16:53,-102.1939,31.9255, 578.1, 4734,  0.4,-17.5,-15.7, 25, 25, 1.67, 31, 7.9
2026-06-16 17:16:54,-102.1939,31.9254, 577.7, 4739,  0.3,-17.5,-15.7, 25, 25, 1.68, 30, 7.9
2026-06-16 17:16:55,-102.1939,31.9254, 577.3, 4746,  0.3,-17.5,-15.7, 25, 25, 1.68, 30, 7.8
2026-06-16 17:16:56,-102.1940,31.9253, 576.8, 4752,  0.2,-17.5,-15.6, 25, 25, 1.68, 29, 7.8
2026-06-16 17:16:57,-102.1940,31.9252, 576.4, 4759,  0.2,-17.5,-15.6, 25, 25, 1.69, 29, 7.7
2026-06-16 17:16:58,-102.1940,31.9252, 575.9, 4765,  0.1,-17.4,-15.6, 25, 25, 1.69, 28, 7.6
2026-06-16 17:16:59,-102.1940,31.9251, 575.4, 4772,  0.1,-17.4,-15.6, 25, 25, 1.69, 28, 7.6
2026-06-16 17:17:00,-102.1941,31.9251, 575.0, 4778,  0.1,-17.4,-15.6, 25, 25, 1.70, 27, 7.5
2026-06-16 17:17:01,-102.1941,31.9250, 574.5, 4784,  0.0,-17.4,-15.6, 26, 26, 1.70, 27, 7.5
2026-06-16 17:17:02,-102.1941,31.9250, 574.2, 4789, -0.0,-17.4,-15.6, 26, 26, 1.70, 27, 7.4
2026-06-16 17:17:03,-102.1941,31.9249, 573.8, 4794, -0.1,-17.4,-15.6, 26, 26, 1.70, 26, 7.3
2026-06-16 17:17:04,-102.1942,31.9249, 573.4, 4799, -0.1,-17.4,-15.6, 26, 26, 1.71, 26, 7.3
2026-06-16 17:17:05,-102.1942,31.9248, 573.0, 4804, -0.1,-17.4,-15.6, 26, 26, 1.71, 26, 7.2
2026-06-16 17:17:06,-102.1942,31.9248, 572.7, 4810, -0.2,-17.4,-15.5, 26, 26, 1.71, 25, 7.1
2026-06-16 17:17:07,-102.1942,31.9247, 572.3, 4815, -0.2,-17.3,-15.5, 26, 26, 1.71, 25, 7.1
2026-06-16 17:17:08,-102.1943,31.9247, 571.9, 4821, -0.3,-17.4,-15.5, 26, 26, 1.71, 25, 7.0
2026-06-16 17:17:09,-102.1943,31.9246, 571.4, 4828, -0.3,-17.4,-15.6, 26, 26, 1.71, 24, 6.9
2026-06-16 17:17:10,-102.1943,31.9246, 571.0, 4834, -0.4,-17.4,-15.6, 26, 26, 1.71, 24, 6.9
2026-06-16 17:17:11,-102.1943,31.9245, 570.5, 4840, -0.4,-17.4,-15.6, 26, 27, 1.71, 24, 6.8
2026-06-16 17:17:12,-102.1944,31.9245, 570.1, 4846, -0.5,-17.4,-15.6, 27, 27, 1.71, 23, 6.7
2026-06-16 17:17:13,-102.1944,31.9244, 569.7, 4852, -0.5,-17.4,-15.6, 27, 27, 1.71, 23, 6.7
2026-06-16 17:17:14,-102.1944,31.9244, 569.3, 4858, -0.6,-17.4,-15.6, 27, 27, 1.71, 22, 6.6
2026-06-16 17:17:15,-102.1944,31.9243, 568.9, 4863, -0.6,-17.4,-15.6, 27, 27, 1.71, 22, 6.5
2026-06-16 17:17:16,-102.1945,31.9242, 568.5, 4869, -0.7,-17.4,-15.6, 27, 27, 1.71, 22, 6.5
2026-06-16 17:17:17,-102.1945,31.9242, 568.1, 4875, -0.7,-17.5,-15.6, 27, 27, 1.71, 21, 6.4
2026-06-16 17:17:18,-102.1945,31.9241, 567.7, 4880, -0.8,-17.5,-15.6, 27, 27, 1.71, 21, 6.4
2026-06-16 17:17:19,-102.1945,31.9241, 567.3, 4885, -0.8,-17.5,-15.7, 27, 27, 1.71, 20, 6.3
2026-06-16 17:17:20,-102.1946,31.9240, 567.0, 4890, -0.9,-17.5,-15.7, 27, 27, 1.71, 20, 6.2
2026-06-16 17:17:21,-102.1946,31.9240, 566.6, 4895, -0.9,-17.5,-15.7, 27, 27, 1.71, 20, 6.2
2026-06-16 17:17:22,-102.1946,31.9239, 566.3, 4900, -1.0,-17.5,-15.7, 27, 27, 1.71, 20, 6.2
2026-06-16 17:17:23,-102.1946,31.9239, 565.9, 4905, -1.0,-17.5,-15.7, 27, 28, 1.70, 20, 6.2
2026-06-16 17:17:24,-102.1947,31.9238, 565.6, 4910, -1.1,-17.6,-15.7, 27, 28, 1.70, 20, 6.2
2026-06-16 17:17:25,-102.1947,31.9238, 565.2, 4915, -1.1,-17.6,-15.8, 27, 28, 1.70, 20, 6.2
2026-06-16 17:17:26,-102.1947,31.9237, 564.9, 4920, -1.2,-17.6,-15.8, 27, 28, 1.70, 20, 6.2
2026-06-16 17:17:27,-102.1947,31.9237, 564.5, 4925, -1.2,-17.6,-15.8, 28, 28, 1.70, 20, 6.2
2026-06-16 17:17:28,-102.1947,31.9236, 564.1, 4930, -1.3,-17.6,-15.8, 28, 28, 1.70, 20, 6.2
2026-06-16 17:17:29,-102.1947,31.9236, 563.8, 4935, -1.3,-17.7,-15.8, 28, 28, 1.69, 20, 6.2
2026-06-16 17:17:30,-102.1948,31.9235, 563.4, 4940, -1.4,-17.7,-15.9, 28, 28, 1.69, 21, 6.2
2026-06-16 17:17:31,-102.1948,31.9235, 563.1, 4945, -1.4,-17.7,-15.9, 28, 28, 1.69, 21, 6.1
2026-06-16 17:17:32,-102.1948,31.9234, 562.7, 4950, -1.5,-17.7,-15.9, 28, 28, 1.69, 21, 6.1
2026-06-16 17:17:33,-102.1948,31.9233, 562.3, 4955, -1.5,-17.8,-15.9, 28, 28, 1.68, 21, 6.1
2026-06-16 17:17:34,-102.1948,31.9233, 561.9, 4960, -1.6,-17.8,-15.9, 28, 28, 1.68, 21, 6.1
2026-06-16 17:17:35,-102.1949,31.9232, 561.6, 4965, -1.6,-17.8,-16.0, 28, 28, 1.68, 21, 6.1
2026-06-16 17:17:36,-102.1949,31.9232, 561.2, 4971, -1.7,-17.8,-16.0, 28, 28, 1.68, 21, 6.1
2026-06-16 17:17:37,-102.1949,31.9231, 560.8, 4977, -1.8,-17.9,-16.0, 28, 29, 1.68, 21, 6.1
2026-06-16 17:17:38,-102.1949,31.9231, 560.4, 4983, -1.8,-17.9,-16.0, 28, 29, 1.67, 21, 6.1
2026-06-16 17:17:39,-102.1949,31.9230, 560.0, 4988, -1.9,-17.9,-16.0, 28, 29, 1.67, 21, 6.1
2026-06-16 17:17:40,-102.1950,31.9230, 559.6, 4994, -1.9,-17.9,-16.1, 28, 29, 1.67, 21, 6.1
2026-06-16 17:17:41,-102.1950,31.9229, 559.2, 5000, -2.0,-18.0,-16.1, 28, 29, 1.66, 21, 6.1
2026-06-16 17:17:42,-102.1950,31.9229, 558.8, 5005, -2.0,-18.0,-16.1, 28, 29, 1.66, 21, 6.1
2026-06-16 17:17:43,-102.1950,31.9228, 558.4, 5011, -2.1,-18.0,-16.1, 28, 29, 1.66, 20, 6.1
2026-06-16 17:17:44,-102.1950,31.9228, 558.0, 5016, -2.1,-18.0,-16.2, 28, 29, 1.66, 20, 6.1
2026-06-16 17:17:45,-102.1951,31.9227, 557.7, 5022, -2.2,-18.1,-16.2, 28, 29, 1.65, 20, 6.2
2026-06-16 17:17:46,-102.1951,31.9226, 557.3, 5027, -2.2,-18.1,-16.2, 28, 29, 1.65, 19, 6.2
2026-06-16 17:17:47,-102.1951,31.9226, 556.9, 5033, -2.3,-18.1,-16.2, 28, 29, 1.65, 19, 6.2
2026-06-16 17:17:48,-102.1951,31.9225, 556.5, 5038, -2.3,-18.1,-16.3, 29, 29, 1.65, 19, 6.2
2026-06-16 17:17:49,-102.1951,31.9225, 556.1, 5044, -2.4,-18.2,-16.3, 29, 29, 1.65, 19, 6.2
2026-06-16 17:17:50,-102.1951,31.9224, 555.7, 5049, -2.4,-18.2,-16.3, 29, 29, 1.65, 18, 6.3
2026-06-16 17:17:51,-102.1952,31.9224, 555.3, 5054, -2.5,-18.2,-16.3, 29, 29, 1.64, 18, 6.3
2026-06-16 17:17:52,-102.1952,31.9223, 554.9, 5060, -2.5,-18.2,-16.3, 29, 29, 1.64, 18, 6.3
2026-06-16 17:17:53,-102.1952,31.9223, 554.6, 5066, -2.5,-18.2,-16.3, 29, 29, 1.64, 17, 6.3
2026-06-16 17:17:54,-102.1952,31.9222, 554.2, 5071, -2.6,-18.2,-16.4, 29, 30, 1.64, 17, 6.3
2026-06-16 17:17:55,-102.1952,31.9221, 553.8, 5077, -2.6,-18.3,-16.4, 29, 30, 1.64, 17, 6.4
2026-06-16 17:17:56,-102.1952,31.9220, 553.4, 5083, -2.7,-18.3,-16.4, 29, 30, 1.64, 16, 6.4
2026-06-16 17:17:57,-102.1952,31.9220, 553.0, 5088, -2.7,-18.3,-16.4, 29, 30, 1.64, 16, 6.4
2026-06-16 17:17:58,-102.1953,31.9219, 552.7, 5094, -2.8,-18.3,-16.4, 29, 30, 1.63, 16, 6.4
2026-06-16 17:17:59,-102.1953,31.9218, 552.3, 5099, -2.8,-18.3,-16.4, 29, 30, 1.63, 16, 6.4
2026-06-16 17:18:00,-102.1953,31.9218, 551.9, 5104, -2.8,-18.4,-16.5, 29, 30, 1.63, 15, 6.5
2026-06-16 17:18:01,-102.1953,31.9217, 551.7, 5107, -2.9,-18.4,-16.5, 29, 30, 1.63, 15, 6.5
2026-06-16 17:18:02,-102.1953,31.9216, 551.1, 5114, -2.9,-18.5,-16.6, 29, 30, 1.61, 14, 6.7
2026-06-16 17:18:03,-102.1953,31.9215, 550.7, 5120, -2.9,-18.6,-16.7, 29, 29, 1.60, 13, 6.8
2026-06-16 17:18:04,-102.1953,31.9214, 550.3, 5126, -2.9,-18.7,-16.8, 28, 29, 1.59, 12, 6.9
2026-06-16 17:18:05,-102.1953,31.9214, 549.9, 5132, -2.9,-18.8,-16.9, 28, 29, 1.58, 11, 7.0
2026-06-16 17:18:06,-102.1953,31.9213, 549.5, 5138, -2.9,-18.9,-17.0, 28, 29, 1.56, 11, 7.2
2026-06-16 17:18:07,-102.1953,31.9212, 549.1, 5144, -2.9,-19.0,-17.1, 28, 28, 1.55, 10, 7.3
2026-06-16 17:18:08,-102.1954,31.9211, 548.7, 5150, -2.9,-19.1,-17.1, 27, 28, 1.54, 10, 7.4
2026-06-16 17:18:09,-102.1954,31.9211, 548.2, 5156, -2.9,-19.2,-17.2, 27, 28, 1.53,  9, 7.5
2026-06-16 17:18:10,-102.1954,31.9210, 547.8, 5163, -2.9,-19.3,-17.3, 27, 28, 1.51,  8, 7.7
2026-06-16 17:18:11,-102.1954,31.9209, 547.4, 5169, -2.9,-19.4,-17.4, 27, 28, 1.50,  8, 7.8
2026-06-16 17:18:12,-102.1954,31.9208, 546.9, 5176, -2.9,-19.5,-17.5, 27, 27, 1.49,  7, 7.9
2026-06-16 17:18:13,-102.1954,31.9208, 546.5, 5182, -2.9,-19.6,-17.6, 26, 27, 1.48,  7, 8.1
2026-06-16 17:18:14,-102.1954,31.9207, 546.1, 5188, -3.0,-19.8,-17.7, 26, 27, 1.46,  6, 8.2
2026-06-16 17:18:15,-102.1954,31.9206, 545.6, 5194, -3.0,-19.9,-17.9, 26, 27, 1.45,  6, 8.3
2026-06-16 17:18:16,-102.1954,31.9205, 545.2, 5200, -3.0,-20.0,-18.0, 26, 26, 1.43,  5, 8.4
2026-06-16 17:18:17,-102.1955,31.9205, 544.8, 5206, -3.0,-20.2,-18.1, 25, 26, 1.42,  5, 8.6
2026-06-16 17:18:18,-102.1955,31.9204, 544.4, 5212, -3.0,-20.3,-18.2, 25, 26, 1.40,  4, 8.7
2026-06-16 17:18:19,-102.1955,31.9203, 544.0, 5218, -3.0,-20.4,-18.3, 25, 25, 1.39,  4, 8.8
2026-06-16 17:18:20,-102.1955,31.9203, 543.6, 5224, -3.0,-20.6,-18.5, 24, 25, 1.37,  3, 9.0
2026-06-16 17:18:21,-102.1955,31.9202, 543.1, 5231, -3.0,-20.7,-18.6, 24, 25, 1.36,  4, 9.0
2026-06-16 17:18:22,-102.1955,31.9201, 542.7, 5237, -3.1,-20.8,-18.7, 24, 25, 1.34,  4, 9.0
2026-06-16 17:18:23,-102.1955,31.9200, 542.2, 5244, -3.1,-21.0,-18.9, 24, 24, 1.32,  5, 9.0
2026-06-16 17:18:24,-102.1955,31.9199, 541.8, 5250, -3.1,-21.1,-19.0, 23, 24, 1.31,  5, 9.0
2026-06-16 17:18:25,-102.1956,31.9199, 541.4, 5256, -3.1,-21.3,-19.1, 23, 24, 1.29,  6, 9.0
2026-06-16 17:18:26,-102.1956,31.9198, 541.0, 5262, -3.1,-21.4,-19.2, 23, 24, 1.28,  6, 9.1
2026-06-16 17:18:27,-102.1956,31.9197, 540.6, 5267, -3.1,-21.6,-19.4, 23, 23, 1.26,  7, 9.1
2026-06-16 17:18:28,-102.1956,31.9196, 540.3, 5272, -3.1,-21.7,-19.5, 22, 23, 1.25,  7, 9.1
2026-06-16 17:18:29,-102.1956,31.9195, 539.9, 5277, -3.2,-21.8,-19.6, 22, 23, 1.24,  8, 9.1
2026-06-16 17:18:30,-102.1957,31.9195, 539.6, 5283, -3.2,-21.8,-19.6, 22, 23, 1.23,  8, 9.1
2026-06-16 17:18:31,-102.1957,31.9194, 539.2, 5288, -3.2,-21.9,-19.7, 22, 23, 1.23,  9, 9.1
2026-06-16 17:18:32,-102.1957,31.9193, 538.8, 5294, -3.3,-22.0,-19.8, 22, 23, 1.22,  9, 9.2
2026-06-16 17:18:33,-102.1957,31.9192, 538.4, 5300, -3.3,-22.1,-19.9, 22, 23, 1.21, 10, 9.2
2026-06-16 17:18:34,-102.1957,31.9191, 538.0, 5306, -3.4,-22.2,-19.9, 22, 22, 1.20, 10, 9.2
2026-06-16 17:18:35,-102.1958,31.9190, 537.6, 5312, -3.4,-22.3,-20.0, 22, 22, 1.19, 11, 9.2
2026-06-16 17:18:36,-102.1958,31.9190, 537.2, 5318, -3.4,-22.3,-20.1, 22, 22, 1.19, 11, 9.2
2026-06-16 17:18:37,-102.1958,31.9189, 536.8, 5323, -3.5,-22.4,-20.2, 21, 22, 1.18, 12, 9.3
2026-06-16 17:18:38,-102.1958,31.9188, 536.5, 5328, -3.5,-22.5,-20.3, 21, 22, 1.17, 12, 9.3
2026-06-16 17:18:39,-102.1958,31.9187, 536.1, 5333, -3.5,-22.6,-20.3, 21, 22, 1.16, 13, 9.3
2026-06-16 17:18:40,-102.1959,31.9187, 535.8, 5338, -3.6,-22.7,-20.4, 21, 22, 1.15, 13, 9.3
2026-06-16 17:18:41,-102.1959,31.9186, 535.6, 5342, -3.6,-22.7,-20.5, 21, 22, 1.15, 13, 9.3
2026-06-16 17:18:42,-102.1959,31.9185, 535.1, 5348, -3.6,-22.9,-20.6, 21, 21, 1.13, 13, 9.2
2026-06-16 17:18:43,-102.1959,31.9184, 534.8, 5353, -3.6,-23.1,-20.8, 20, 21, 1.12, 13, 9.2
2026-06-16 17:18:44,-102.1959,31.9183, 534.5, 5357, -3.6,-23.3,-20.9, 20, 21, 1.10, 13, 9.1
2026-06-16 17:18:45,-102.1960,31.9182, 534.2, 5362, -3.6,-23.4,-21.1, 20, 21, 1.08, 13, 9.1
2026-06-16 17:18:46,-102.1960,31.9182, 533.9, 5366, -3.6,-23.6,-21.2, 20, 20, 1.07, 13, 9.0
2026-06-16 17:18:47,-102.1960,31.9181, 533.5, 5371, -3.6,-23.8,-21.4, 19, 20, 1.05, 13, 9.0
2026-06-16 17:18:48,-102.1960,31.9180, 533.2, 5376, -3.6,-23.9,-21.6, 19, 20, 1.04, 13, 8.9
2026-06-16 17:18:49,-102.1961,31.9179, 532.9, 5381, -3.6,-24.1,-21.7, 19, 19, 1.02, 13, 8.9
2026-06-16 17:18:50,-102.1961,31.9178, 532.6, 5386, -3.6,-24.3,-21.9, 18, 19, 1.01, 13, 8.8
2026-06-16 17:18:51,-102.1961,31.9177, 532.2, 5390, -3.6,-24.5,-22.1, 18, 19, 0.99, 13, 8.8
2026-06-16 17:18:52,-102.1961,31.9177, 531.8, 5395, -3.6,-24.7,-22.2, 18, 18, 0.97, 13, 8.7
2026-06-16 17:18:53,-102.1961,31.9176, 531.5, 5401, -3.6,-24.9,-22.4, 17, 18, 0.96, 13, 8.6
2026-06-16 17:18:54,-102.1961,31.9175, 531.1, 5407, -3.6,-25.0,-22.6, 17, 18, 0.94, 12, 8.6
2026-06-16 17:18:55,-102.1962,31.9175, 530.7, 5413, -3.5,-25.4,-22.9, 17, 17, 0.92, 12, 8.5
2026-06-16 17:18:56,-102.1962,31.9174, 530.3, 5419, -3.5,-25.8,-23.3, 16, 16, 0.88, 12, 8.5
2026-06-16 17:18:57,-102.1962,31.9173, 529.9, 5426, -3.4,-26.2,-23.7, 15, 16, 0.85, 12, 8.4
2026-06-16 17:18:58,-102.1962,31.9173, 529.5, 5432, -3.4,-26.7,-24.1, 14, 15, 0.81, 12, 8.4
2026-06-16 17:18:59,-102.1962,31.9172, 529.2, 5438, -3.3,-27.2,-24.6, 14, 14, 0.78, 12, 8.3
2026-06-16 17:19:00,-102.1962,31.9171, 528.8, 5443, -3.2,-27.7,-25.0, 13, 14, 0.74, 12, 8.3
2026-06-16 17:19:01,-102.1962,31.9171, 528.4, 5448, -3.2,-28.3,-25.6, 12, 13, 0.71, 12, 8.2
2026-06-16 17:19:02,-102.1963,31.9170, 528.0, 5454, -3.1,-28.8,-26.1, 12, 12, 0.67, 12, 8.2
2026-06-16 17:19:03,-102.1963,31.9169, 527.7, 5459, -3.1,-29.5,-26.7, 11, 11, 0.63, 12, 8.1
2026-06-16 17:19:04,-102.1963,31.9169, 527.4, 5464, -3.0,-30.1,-27.3, 10, 11, 0.59, 12, 8.1
2026-06-16 17:19:05,-102.1963,31.9168, 527.1, 5469, -3.0,-30.8,-27.9, 10, 10, 0.56, 12, 8.0
2026-06-16 17:19:06,-102.1963,31.9167, 526.7, 5473, -2.9,-31.6,-28.6,  9,  9, 0.52, 12, 8.0
2026-06-16 17:19:07,-102.1963,31.9167, 526.4, 5478, -2.9,-32.4,-29.4,  8,  8, 0.48, 11, 7.9
2026-06-16 17:19:08,-102.1963,31.9166, 526.1, 5482, -2.8,-33.2,-30.1,  8,  8, 0.44, 11, 7.9
2026-06-16 17:19:09,-102.1964,31.9165, 525.7, 5487, -2.8,-33.8,-30.7,  7,  7, 0.42, 11, 7.8
2026-06-16 17:19:10,-102.1964,31.9165, 525.3, 5492, -2.8,-34.5,-31.3,  7,  7, 0.39, 11, 7.8
2026-06-16 17:19:11,-102.1964,31.9164, 525.0, 5498, -2.8,-35.2,-32.0,  6,  6, 0.37, 11, 7.7
2026-06-16 17:19:12,-102.1964,31.9164, 524.6, 5504, -2.8,-36.0,-32.7,  6,  6, 0.34, 11, 7.7
2026-06-16 17:19:13,-102.1964,31.9163, 524.2, 5510, -2.8,-36.8,-33.5,  5,  5, 0.31, 11, 7.6
2026-06-16 17:19:14,-102.1964,31.9162, 523.9, 5517, -2.8,-37.6,-34.3,  5,  5, 0.29, 11, 7.6
2026-06-16 17:19:15,-102.1964,31.9162, 523.5, 5523, -2.8,-38.6,-35.2,  4,  5, 0.26, 10, 7.5
2026-06-16 17:19:16,-102.1965,31.9161, 523.1, 5529, -2.8,-39.6,-36.2,  4,  4, 0.23, 10, 7.5
2026-06-16 17:19:17,-102.1965,31.9160, 522.7, 5534, -2.8,-40.8,-37.3,  4,  4, 0.21, 10, 7.4
2026-06-16 17:19:18,-102.1965,31.9160, 522.3, 5540, -2.8,-42.1,-38.5,  3,  3, 0.18, 10, 7.4
2026-06-16 17:19:19,-102.1965,31.9159, 521.9, 5545, -2.8,-43.6,-39.9,  3,  3, 0.15, 10, 7.3
2026-06-16 17:19:20,-102.1965,31.9158, 521.6, 5551, -2.8,-45.4,-41.6,  2,  2, 0.13, 10, 7.3
2026-06-16 17:19:21,-102.1965,31.9158, 521.2, 5557, -2.8,-47.7,-43.8,  2,  2, 0.10, 10, 7.3
2026-06-16 17:19:22,-102.1966,31.9157, 520.9, 5561, -2.9,-48.3,-44.4,  2,  2, 0.09, 10, 7.4
2026-06-16 17:19:23,-102.1966,31.9156, 520.6, 5566, -2.9,-48.5,-44.5,  2,  2, 0.09, 10, 7.4
2026-06-16 17:19:24,-102.1966,31.9156, 520.2, 5571, -2.9,-48.6,-44.7,  2,  2, 0.09, 10, 7.5
2026-06-16 17:19:25,-102.1966,31.9155, 519.9, 5576, -3.0,-48.8,-44.8,  1,  2, 0.09, 10, 7.5
2026-06-16 17:19:26,-102.1966,31.9154, 519.6, 5581, -3.0,-48.9,-44.9,  1,  2, 0.09, 10, 7.6
2026-06-16 17:19:27,-102.1966,31.9154, 519.3, 5586, -3.0,-49.1,-45.1,  1,  2, 0.09, 10, 7.7
2026-06-16 17:19:28,-102.1967,31.9153, 518.9, 5591, -3.1,-49.2,-45.2,  1,  1, 0.08, 10, 7.7
2026-06-16 17:19:29,-102.1967,31.9152, 518.6, 5596, -3.1,-49.4,-45.4,  1,  1, 0.08, 10, 7.8
2026-06-16 17:19:30,-102.1967,31.9151, 518.3, 5601, -3.1,-49.5,-45.5,  1,  1, 0.08, 10, 7.8
2026-06-16 17:19:31,-102.1967,31.9151, 518.0, 5606, -3.2,-49.7,-45.7,  1,  1, 0.08, 10, 7.9
2026-06-16 17:19:32,-102.1967,31.9150, 517.6, 5611, -3.2,-49.8,-45.8,  1,  1, 0.08, 10, 8.0
2026-06-16 17:19:33,-102.1968,31.9149, 517.2, 5617, -3.2,-50.0,-46.0,  1,  1, 0.08, 10, 8.0
2026-06-16 17:19:34,-102.1968,31.9148, 516.8, 5622, -3.3,-50.2,-46.2,  1,  1, 0.08, 10, 8.1
2026-06-16 17:19:35,-102.1968,31.9147, 516.6, 5627, -3.3,-50.3,-46.3,  1,  1, 0.07, 10, 8.1
2026-06-16 17:19:36,-102.1968,31.9147, 516.1, 5634, -3.3,-50.2,-46.2,  1,  1, 0.08, 10, 8.2
2026-06-16 17:19:37,-102.1968,31.9146, 515.7, 5640, -3.4,-50.1,-46.1,  1,  1, 0.08, 10, 8.2
2026-06-16 17:19:38,-102.1969,31.9145, 515.4, 5646, -3.4,-50.1,-46.0,  1,  1, 0.08, 10, 8.3
2026-06-16 17:19:39,-102.1969,31.9144, 515.0, 5651, -3.4,-50.0,-46.0,  1,  1, 0.08, 11, 8.4
2026-06-16 17:19:40,-102.1969,31.9144, 514.7, 5656, -3.5,-49.9,-45.9,  1,  1, 0.08, 11, 8.4
2026-06-16 17:19:41,-102.1969,31.9143, 514.3, 5661, -3.5,-49.8,-45.8,  1,  1, 0.08, 11, 8.4
2026-06-16 17:19:42,-102.1970,31.9142, 514.0, 5667, -3.5,-49.8,-45.8,  1,  1, 0.08, 11, 8.4
2026-06-16 17:19:43,-102.1970,31.9141, 513.6, 5672, -3.6,-49.7,-45.7,  1,  1, 0.08, 11, 8.4
2026-06-16 17:19:44,-102.1970,31.9141, 513.2, 5678, -3.6,-49.7,-45.7,  1,  1, 0.08, 12, 8.4
2026-06-16 17:19:45,-102.1970,31.9140, 512.9, 5684, -3.6,-49.6,-45.6,  1,  1, 0.08, 12, 8.4
2026-06-16 17:19:46,-102.1970,31.9139, 512.5, 5690, -3.7,-49.5,-45.5,  1,  2, 0.08, 12, 8.4
2026-06-16 17:19:47,-102.1971,31.9138, 512.1, 5696, -3.7,-49.5,-45.5,  1,  2, 0.08, 13, 8.4
2026-06-16 17:19:48,-102.1971,31.9138, 511.7, 5702, -3.8,-49.4,-45.4,  1,  2, 0.08, 13, 8.5
2026-06-16 17:19:49,-102.1971,31.9137, 511.3, 5708, -3.8,-48.7,-44.7,  2,  2, 0.09, 13, 8.5
2026-06-16 17:19:50,-102.1971,31.9136, 510.9, 5714, -3.8,-47.9,-44.0,  2,  2, 0.10, 13, 8.5
2026-06-16 17:19:51,-102.1971,31.9135, 510.6, 5719, -3.9,-47.1,-43.3,  2,  2, 0.11, 14, 8.5
2026-06-16 17:19:52,-102.1972,31.9135, 510.2, 5725, -3.9,-46.5,-42.6,  2,  2, 0.12, 14, 8.5
2026-06-16 17:19:53,-102.1972,31.9134, 509.8, 5731, -4.0,-45.8,-42.0,  2,  2, 0.12, 14, 8.5
2026-06-16 17:19:54,-102.1972,31.9133, 509.5, 5736, -4.0,-45.3,-41.5,  2,  2, 0.13, 14, 8.5
2026-06-16 17:19:55,-102.1972,31.9132, 509.1, 5742, -4.1,-44.7,-41.0,  3,  3, 0.14, 15, 8.5
2026-06-16 17:19:56,-102.1973,31.9132, 508.8, 5747, -4.1,-44.2,-40.5,  3,  3, 0.15, 15, 8.5
2026-06-16 17:19:57,-102.1973,31.9131, 508.4, 5752, -4.1,-43.7,-40.0,  3,  3, 0.16, 15, 8.5
2026-06-16 17:19:58,-102.1973,31.9130, 508.1, 5757, -4.2,-43.3,-39.6,  3,  3, 0.17, 16, 8.5
2026-06-16 17:19:59,-102.1973,31.9129, 507.7, 5762, -4.2,-42.8,-39.2,  3,  3, 0.17, 16, 8.5
2026-06-16 17:20:00,-102.1974,31.9129, 507.4, 5767, -4.3,-42.4,-38.8,  3,  3, 0.18, 16, 8.5
2026-06-16 17:20:01,-102.1974,31.9128, 507.1, 5773, -4.3,-42.0,-38.4,  3,  4, 0.19, 16, 8.5
2026-06-16 17:20:02,-102.1974,31.9127, 506.7, 5779, -4.4,-41.7,-38.1,  4,  4, 0.20, 16, 8.6
2026-06-16 17:20:03,-102.1974,31.9126, 506.3, 5785, -4.4,-41.5,-37.9,  4,  4, 0.20, 17, 8.6
2026-06-16 17:20:04,-102.1975,31.9126, 505.9, 5792, -4.5,-41.4,-37.8,  4,  4, 0.20, 17, 8.6
2026-06-16 17:20:05,-102.1975,31.9125, 505.5, 5798, -4.5,-41.2,-37.6,  4,  4, 0.21, 17, 8.6
2026-06-16 17:20:06,-102.1975,31.9124, 505.1, 5804, -4.6,-41.0,-37.5,  4,  4, 0.21, 17, 8.6
2026-06-16 17:20:07,-102.1976,31.9123, 504.7, 5809, -4.6,-40.9,-37.3,  4,  4, 0.21, 17, 8.6
2026-06-16 17:20:08,-102.1976,31.9123, 504.4, 5815, -4.7,-40.7,-37.2,  4,  4, 0.22, 18, 8.7
2026-06-16 17:20:09,-102.1976,31.9122, 504.0, 5821, -4.7,-40.6,-37.0,  4,  4, 0.22, 18, 8.7
2026-06-16 17:20:10,-102.1976,31.9121, 503.6, 5827, -4.8,-40.4,-36.9,  4,  4, 0.22, 18, 8.7
2026-06-16 17:20:11,-102.1977,31.9120, 503.2, 5833, -4.8,-40.3,-36.8,  4,  5, 0.23, 18, 8.7
2026-06-16 17:20:12,-102.1977,31.9120, 502.8, 5839, -4.8,-40.1,-36.6,  4,  5, 0.23, 18, 8.7
2026-06-16 17:20:13,-102.1977,31.9119, 502.5, 5845, -4.9,-40.0,-36.5,  4,  5, 0.24, 18, 8.8
2026-06-16 17:20:14,-102.1978,31.9118, 502.1, 5851, -4.9,-39.9,-36.4,  5,  5, 0.24, 19, 8.8
2026-06-16 17:20:15,-102.1978,31.9117, 501.7, 5857, -5.0,-39.7,-36.2,  5,  5, 0.24, 19, 8.8
2026-06-16 17:20:16,-102.1978,31.9117, 501.4, 5863, -5.0,-39.7,-36.2,  5,  5, 0.24, 19, 8.8
2026-06-16 17:20:17,-102.1978,31.9116, 501.0, 5869, -5.1,-39.7,-36.2,  5,  5, 0.24, 19, 8.8
2026-06-16 17:20:18,-102.1979,31.9115, 500.6, 5874, -5.1,-39.7,-36.2,  5,  5, 0.24, 19, 8.9
2026-06-16 17:20:19,-102.1979,31.9114, 500.3, 5880, -5.2,-39.7,-36.2,  5,  5, 0.24, 19, 8.9
2026-06-16 17:20:20,-102.1979,31.9114, 499.9, 5885, -5.2,-39.7,-36.2,  5,  5, 0.24, 20, 8.9
2026-06-16 17:20:21,-102.1980,31.9113, 499.6, 5891, -5.2,-39.7,-36.2,  5,  5, 0.24, 19, 8.9
2026-06-16 17:20:22,-102.1980,31.9112, 499.3, 5896, -5.3,-39.7,-36.2,  5,  5, 0.25, 19, 8.8
2026-06-16 17:20:23,-102.1980,31.9111, 499.0, 5900, -5.3,-39.6,-36.2,  5,  5, 0.25, 19, 8.8
2026-06-16 17:20:24,-102.1980,31.9111, 498.7, 5905, -5.4,-39.6,-36.2,  5,  5, 0.25, 18, 8.8
2026-06-16 17:20:25,-102.1981,31.9110, 498.4, 5909, -5.4,-39.6,-36.2,  5,  5, 0.25, 18, 8.8
2026-06-16 17:20:26,-102.1981,31.9109, 498.1, 5913, -5.4,-39.6,-36.1,  5,  5, 0.25, 18, 8.7
2026-06-16 17:20:27,-102.1981,31.9108, 497.8, 5918, -5.5,-39.6,-36.1,  5,  5, 0.25, 17, 8.7
2026-06-16 17:20:28,-102.1981,31.9108, 497.5, 5922, -5.5,-39.6,-36.1,  5,  5, 0.25, 17, 8.7
2026-06-16 17:20:29,-102.1981,31.9107, 497.1, 5928, -5.6,-39.6,-36.1,  5,  5, 0.25, 17, 8.7
2026-06-16 17:20:30,-102.1982,31.9106, 496.8, 5933, -5.6,-39.5,-36.0,  5,  5, 0.25, 16, 8.6
2026-06-16 17:20:31,-102.1982,31.9105, 496.5, 5938, -5.7,-39.5,-36.0,  5,  5, 0.25, 16, 8.6
2026-06-16 17:20:32,-102.1982,31.9105, 496.2, 5944, -5.7,-39.4,-35.9,  5,  5, 0.25, 16, 8.6
2026-06-16 17:20:33,-102.1982,31.9104, 495.8, 5949, -5.8,-39.3,-35.9,  5,  5, 0.26, 15, 8.6
2026-06-16 17:20:34,-102.1982,31.9103, 495.4, 5955, -5.8,-39.3,-35.8,  5,  5, 0.26, 15, 8.5
2026-06-16 17:20:35,-102.1982,31.9102, 495.1, 5961, -5.8,-39.2,-35.8,  5,  5, 0.26, 15, 8.5
2026-06-16 17:20:36,-102.1983,31.9102, 494.7, 5967, -5.9,-39.2,-35.7,  5,  6, 0.26, 14, 8.5
2026-06-16 17:20:37,-102.1983,31.9101, 494.4, 5973, -5.9,-39.1,-35.7,  5,  6, 0.26, 14, 8.5
2026-06-16 17:20:38,-102.1983,31.9100, 494.0, 5979, -6.0,-39.1,-35.6,  5,  6, 0.26, 14, 8.4
2026-06-16 17:20:39,-102.1983,31.9099, 493.6, 5985, -6.0,-39.0,-35.6,  5,  6, 0.26, 13, 8.4
2026-06-16 17:20:40,-102.1983,31.9099, 493.2, 5991, -6.0,-39.0,-35.5,  5,  6, 0.27, 13, 8.4
2026-06-16 17:20:41,-102.1983,31.9098, 492.9, 5997, -6.1,-38.9,-35.5,  5,  6, 0.27, 13, 8.4
2026-06-16 17:20:42,-102.1984,31.9097, 492.5, 6002, -6.1,-38.9,-35.4,  6,  6, 0.27, 13, 8.4
2026-06-16 17:20:43,-102.1984,31.9096, 492.1, 6008, -6.2,-38.8,-35.4,  6,  6, 0.27, 12, 8.5
2026-06-16 17:20:44,-102.1984,31.9095, 491.7, 6014, -6.2,-38.7,-35.3,  6,  6, 0.27, 12, 8.5
2026-06-16 17:20:45,-102.1984,31.9095, 491.3, 6020, -6.3,-38.7,-35.3,  6,  6, 0.28, 12, 8.5
2026-06-16 17:20:46,-102.1984,31.9094, 491.0, 6026, -6.3,-38.6,-35.2,  6,  6, 0.28, 12, 8.6
2026-06-16 17:20:47,-102.1984,31.9093, 490.6, 6032, -6.4,-38.6,-35.2,  6,  6, 0.28, 11, 8.6
2026-06-16 17:20:48,-102.1985,31.9092, 490.2, 6038, -6.4,-38.5,-35.1,  6,  6, 0.28, 11, 8.6
2026-06-16 17:20:49,-102.1985,31.9092, 489.8, 6044, -6.5,-38.5,-35.0,  6,  6, 0.28, 11, 8.6
2026-06-16 17:20:50,-102.1985,31.9091, 489.4, 6051, -6.5,-38.4,-35.0,  6,  6, 0.28, 11, 8.7
2026-06-16 17:20:51,-102.1985,31.9090, 489.1, 6057, -6.6,-38.3,-34.9,  6,  6, 0.29, 10, 8.7
2026-06-16 17:20:52,-102.1985,31.9089, 488.7, 6063, -6.6,-38.3,-34.9,  6,  6, 0.29, 10, 8.7
2026-06-16 17:20:53,-102.1985,31.9089, 488.3, 6069, -6.7,-38.2,-34.9,  6,  7, 0.29, 10, 8.7
2026-06-16 17:20:54,-102.1986,31.9088, 487.9, 6075, -6.7,-38.2,-34.8,  6,  7, 0.29, 10, 8.8
2026-06-16 17:20:55,-102.1986,31.9087, 487.5, 6082, -6.8,-38.1,-34.7,  6,  7, 0.29,  9, 8.8
2026-06-16 17:20:56,-102.1986,31.9086, 487.2, 6087, -6.8,-37.9,-34.5,  6,  7, 0.30,  9, 8.8
2026-06-16 17:20:57,-102.1986,31.9086, 486.8, 6093, -6.9,-37.5,-34.2,  7,  7, 0.31,  9, 8.9
2026-06-16 17:20:58,-102.1986,31.9085, 486.5, 6098, -6.9,-37.2,-33.8,  7,  7, 0.32,  9, 8.9
2026-06-16 17:20:59,-102.1986,31.9084, 486.2, 6103, -7.0,-36.8,-33.5,  7,  8, 0.34,  8, 8.9
2026-06-16 17:21:00,-102.1986,31.9083, 485.9, 6108, -7.0,-36.5,-33.2,  7,  8, 0.35,  8, 8.9
2026-06-16 17:21:01,-102.1986,31.9082, 485.5, 6113, -7.0,-36.2,-32.9,  8,  8, 0.36,  8, 8.9
2026-06-16 17:21:02,-102.1986,31.9082, 485.1, 6119, -7.1,-35.9,-32.7,  8,  9, 0.37,  8, 8.9
2026-06-16 17:21:03,-102.1986,31.9081, 484.7, 6125, -7.1,-35.6,-32.4,  8,  9, 0.38,  8, 8.9
2026-06-16 17:21:04,-102.1986,31.9080, 484.3, 6132, -7.2,-35.3,-32.1,  9,  9, 0.39,  8, 8.9
2026-06-16 17:21:05,-102.1986,31.9079, 484.0, 6138, -7.2,-35.1,-31.9,  9,  9, 0.40,  7, 8.9
2026-06-16 17:21:06,-102.1987,31.9079, 483.6, 6145, -7.3,-34.8,-31.6,  9, 10, 0.41,  7, 9.0
2026-06-16 17:21:07,-102.1987,31.9078, 483.2, 6151, -7.3,-34.5,-31.4,  9, 10, 0.42,  7, 9.0
2026-06-16 17:21:08,-102.1987,31.9077, 482.8, 6157, -7.4,-34.3,-31.2, 10, 10, 0.43,  7, 9.0
2026-06-16 17:21:09,-102.1987,31.9076, 482.5, 6163, -7.4,-34.1,-30.9, 10, 11, 0.44,  7, 9.0
2026-06-16 17:21:10,-102.1987,31.9075, 482.1, 6168, -7.4,-33.9,-30.7, 10, 11, 0.45,  7, 9.0
2026-06-16 17:21:11,-102.1987,31.9075, 481.8, 6174, -7.5,-33.7,-30.6, 10, 11, 0.46,  6, 9.0
2026-06-16 17:21:12,-102.1987,31.9074, 481.4, 6179, -7.5,-33.5,-30.4, 11, 11, 0.47,  6, 9.0
2026-06-16 17:21:13,-102.1987,31.9073, 481.1, 6185, -7.6,-33.3,-30.2, 11, 12, 0.48,  6, 9.0
2026-06-16 17:21:14,-102.1987,31.9072, 480.8, 6190, -7.6,-33.1,-30.0, 11, 12, 0.49,  6, 9.0
2026-06-16 17:21:15,-102.1987,31.9072, 480.5, 6195, -7.7,-32.9,-29.9, 11, 12, 0.50,  6, 9.0
2026-06-16 17:21:16,-102.1987,31.9071, 480.1, 6200, -7.7,-32.7,-29.7, 11, 12, 0.51,  6, 9.0
2026-06-16 17:21:17,-102.1987,31.9070, 479.8, 6205, -7.8,-32.6,-29.5, 12, 13, 0.52,  5, 9.0
2026-06-16 17:21:18,-102.1987,31.9069, 479.5, 6211, -7.8,-32.4,-29.4, 12, 13, 0.53,  5, 9.0
2026-06-16 17:21:19,-102.1987,31.9068, 479.2, 6216, -7.9,-32.2,-29.2, 12, 13, 0.54,  5, 9.0
2026-06-16 17:21:20,-102.1987,31.9068, 478.8, 6222, -7.9,-32.1,-29.1, 12, 13, 0.54,  5, 9.0
2026-06-16 17:21:21,-102.1987,31.9067, 478.5, 6227, -7.9,-31.9,-28.9, 13, 14, 0.55,  5, 8.9
2026-06-16 17:21:22,-102.1987,31.9066, 478.1, 6233, -8.0,-31.7,-28.8, 13, 14, 0.56,  4, 8.8
2026-06-16 17:21:23,-102.1987,31.9065, 477.8, 6239, -8.0,-31.7,-28.7, 13, 14, 0.57,  4, 8.7
2026-06-16 17:21:24,-102.1987,31.9065, 477.4, 6244, -8.1,-31.6,-28.7, 13, 14, 0.57,  3, 8.7
2026-06-16 17:21:25,-102.1987,31.9064, 477.1, 6250, -8.1,-31.6,-28.6, 13, 14, 0.57,  3, 8.6
2026-06-16 17:21:26,-102.1988,31.9063, 476.7, 6256, -8.2,-31.6,-28.6, 13, 14, 0.57,  2, 8.5
2026-06-16 17:21:27,-102.1988,31.9062, 476.3, 6262, -8.2,-31.5,-28.6, 13, 14, 0.58,  2, 8.4
2026-06-16 17:21:28,-102.1988,31.9062, 475.9, 6268, -8.3,-31.5,-28.6, 13, 15, 0.58,  1, 8.4
2026-06-16 17:21:29,-102.1988,31.9061, 475.6, 6274, -8.3,-31.5,-28.5, 14, 15, 0.58,  1, 8.3
2026-06-16 17:21:30,-102.1987,31.9060, 475.2, 6280, -8.4,-31.4,-28.5, 14, 15, 0.58,  1, 8.2
2026-06-16 17:21:31,-102.1987,31.9060, 474.8, 6286, -8.4,-31.4,-28.5, 14, 15, 0.58,360, 8.1
2026-06-16 17:21:32,-102.1987,31.9059, 474.5, 6292, -8.5,-31.4,-28.4, 14, 15, 0.59,360, 8.1
2026-06-16 17:21:33,-102.1987,31.9058, 474.1, 6298, -8.5,-31.3,-28.4, 14, 15, 0.59,359, 8.0
2026-06-16 17:21:34,-102.1987,31.9058, 473.8, 6304, -8.6,-31.3,-28.4, 14, 15, 0.59,359, 7.9
2026-06-16 17:21:35,-102.1987,31.9057, 473.4, 6310, -8.6,-31.3,-28.3, 14, 15, 0.59,358, 7.8
2026-06-16 17:21:36,-102.1987,31.9056, 473.2, 6314, -8.6,-31.3,-28.3, 14, 15, 0.59,358, 7.8
2026-06-16 17:21:37,-102.1987,31.9056, 472.7, 6322, -8.7,-31.3,-28.4, 14, 15, 0.59,357, 7.7
2026-06-16 17:21:38,-102.1987,31.9055, 472.3, 6327, -8.8,-31.4,-28.5, 14, 15, 0.59,356, 7.6
2026-06-16 17:21:39,-102.1987,31.9055, 472.0, 6333, -8.8,-31.5,-28.5, 14, 15, 0.58,356, 7.6
2026-06-16 17:21:40,-102.1987,31.9054, 471.7, 6339, -8.8,-31.5,-28.6, 14, 15, 0.58,355, 7.5
2026-06-16 17:21:41,-102.1987,31.9053, 471.3, 6344, -8.9,-31.6,-28.6, 14, 15, 0.58,355, 7.5
2026-06-16 17:21:42,-102.1987,31.9053, 471.0, 6350, -8.9,-31.6,-28.7, 14, 15, 0.58,356, 7.4
2026-06-16 17:21:43,-102.1987,31.9052, 470.6, 6355, -9.0,-31.7,-28.7, 14, 15, 0.57,356, 7.4
2026-06-16 17:21:44,-102.1987,31.9051, 470.3, 6361, -9.0,-31.8,-28.8, 14, 15, 0.57,356, 7.4
2026-06-16 17:21:45,-102.1987,31.9051, 469.9, 6367, -9.0,-31.8,-28.9, 14, 15, 0.57,356, 7.4
2026-06-16 17:21:46,-102.1987,31.9050, 469.6, 6372, -9.1,-31.9,-28.9, 14, 15, 0.56,356, 7.4
2026-06-16 17:21:47,-102.1987,31.9049, 469.3, 6378, -9.1,-31.9,-29.0, 14, 15, 0.56,356, 7.3
2026-06-16 17:21:48,-102.1987,31.9049, 468.9, 6383, -9.2,-32.0,-29.0, 14, 15, 0.56,357, 7.3
2026-06-16 17:21:49,-102.1986,31.9048, 468.6, 6389, -9.2,-32.1,-29.1, 14, 15, 0.56,357, 7.3
2026-06-16 17:21:50,-102.1986,31.9048, 468.3, 6394, -9.3,-32.0,-29.1, 14, 15, 0.56,357, 7.3
2026-06-16 17:21:51,-102.1986,31.9047, 467.9, 6399, -9.3,-32.0,-29.0, 14, 15, 0.56,357, 7.2
2026-06-16 17:21:52,-102.1986,31.9046, 467.6, 6405, -9.4,-31.9,-29.0, 14, 15, 0.56,357, 7.2
2026-06-16 17:21:53,-102.1986,31.9046, 467.2, 6411, -9.4,-31.9,-28.9, 14, 16, 0.57,357, 7.2
2026-06-16 17:21:54,-102.1986,31.9045, 466.9, 6417, -9.5,-31.9,-28.9, 14, 16, 0.57,358, 7.2
2026-06-16 17:21:55,-102.1986,31.9044, 466.5, 6423, -9.5,-31.8,-28.8, 14, 16, 0.57,358, 7.2
2026-06-16 17:21:56,-102.1986,31.9044, 466.2, 6429, -9.5,-31.8,-28.8, 15, 16, 0.58,358, 7.1
2026-06-16 17:21:57,-102.1986,31.9043, 465.8, 6435, -9.6,-31.7,-28.7, 15, 16, 0.58,358, 7.1
2026-06-16 17:21:58,-102.1986,31.9042, 465.5, 6441, -9.6,-31.7,-28.7, 15, 16, 0.58,358, 7.1
2026-06-16 17:21:59,-102.1986,31.9042, 465.2, 6446, -9.7,-31.6,-28.7, 15, 16, 0.58,359, 7.1
2026-06-16 17:22:00,-102.1986,31.9042, 464.8, 6452, -9.7,-31.6,-28.6, 15, 16, 0.59,359, 7.0
2026-06-16 17:22:01,-102.1986,31.9041, 464.5, 6457, -9.8,-31.6,-28.6, 15, 17, 0.59,359, 7.0
2026-06-16 17:22:02,-102.1986,31.9041, 464.1, 6462, -9.8,-31.5,-28.6, 15, 17, 0.59,359, 6.9
2026-06-16 17:22:03,-102.1986,31.9040, 463.7, 6468, -9.9,-31.4,-28.5, 15, 17, 0.60,359, 6.8
2026-06-16 17:22:04,-102.1986,31.9040, 463.4, 6474, -9.9,-31.3,-28.3, 16, 17, 0.61,359, 6.7
2026-06-16 17:22:05,-102.1986,31.9039, 463.0, 6480,-10.0,-31.1,-28.2, 16, 18, 0.62,359, 6.6
2026-06-16 17:22:06,-102.1986,31.9039, 462.7, 6487,-10.0,-29.2,-26.4, 19, 21, 0.74,359, 6.5
2026-06-16 17:22:07,-102.1986,31.9038, 462.3, 6493,-10.1,-29.1,-26.3, 19, 21, 0.75,359, 6.4
2026-06-16 17:22:08,-102.1986,31.9038, 461.9, 6499,-10.1,-29.0,-26.2, 20, 22, 0.76,359, 6.3
2026-06-16 17:22:09,-102.1986,31.9037, 461.5, 6506,-10.2,-28.8,-26.1, 20, 22, 0.77,360, 6.2
2026-06-16 17:22:10,-102.1986,31.9037, 461.1, 6513,-10.2,-28.7,-26.0, 20, 23, 0.78,360, 6.1
2026-06-16 17:22:11,-102.1986,31.9036, 460.7, 6520,-10.2,-28.6,-25.8, 21, 23, 0.79,360, 6.0
2026-06-16 17:22:12,-102.1986,31.9036, 460.3, 6527,-10.3,-28.5,-25.7, 21, 23, 0.80,360, 5.9
2026-06-16 17:22:13,-102.1986,31.9035, 459.9, 6534,-10.3,-28.4,-25.6, 21, 24, 0.80,360, 5.8
2026-06-16 17:22:14,-102.1986,31.9035, 459.5, 6541,-10.4,-28.2,-25.5, 22, 24, 0.81,360, 5.7
2026-06-16 17:22:15,-102.1986,31.9035, 459.2, 6547,-10.4,-28.1,-25.4, 22, 24, 0.82,360, 5.6
2026-06-16 17:22:16,-102.1986,31.9034, 458.8, 6552,-10.5,-28.0,-25.3, 22, 25, 0.83,360, 5.5
2026-06-16 17:22:17,-102.1986,31.9034, 458.5, 6558,-10.5,-28.1,-25.4, 22, 24, 0.82,  1, 5.4
2026-06-16 17:22:18,-102.1986,31.9033, 458.1, 6563,-10.6,-28.3,-25.5, 22, 24, 0.82,  1, 5.3
2026-06-16 17:22:19,-102.1986,31.9033, 457.8, 6568,-10.6,-28.4,-25.7, 22, 24, 0.81,  1, 5.2
2026-06-16 17:22:20,-102.1986,31.9032, 457.5, 6574,-10.6,-28.5,-25.8, 22, 24, 0.80,  1, 5.1
2026-06-16 17:22:21,-102.1986,31.9032, 457.2, 6579,-10.7,-28.6,-25.9, 21, 24, 0.79,  1, 5.1
2026-06-16 17:22:22,-102.1986,31.9031, 456.8, 6584,-10.7,-28.8,-26.0, 21, 23, 0.78,  1, 5.1
2026-06-16 17:22:23,-102.1987,31.9031, 456.5, 6590,-10.7,-28.9,-26.1, 21, 23, 0.77,360, 5.1
2026-06-16 17:22:24,-102.1987,31.9030, 456.2, 6595,-10.8,-29.0,-26.2, 21, 23, 0.76,360, 5.1
2026-06-16 17:22:25,-102.1987,31.9030, 455.9, 6600,-10.8,-29.1,-26.4, 21, 23, 0.75,360, 5.1
2026-06-16 17:22:26,-102.1987,31.9029, 455.6, 6606,-10.8,-29.3,-26.5, 20, 23, 0.75,360, 5.0
2026-06-16 17:22:27,-102.1987,31.9029, 455.2, 6612,-10.9,-29.4,-26.6, 20, 22, 0.74,359, 5.0
2026-06-16 17:22:28,-102.1987,31.9028, 454.9, 6618,-10.9,-29.5,-26.7, 20, 22, 0.73,359, 5.0
2026-06-16 17:22:29,-102.1986,31.9028, 454.5, 6623,-10.9,-29.7,-26.8, 20, 22, 0.72,359, 5.0
2026-06-16 17:22:30,-102.1986,31.9028, 454.2, 6629,-11.0,-29.8,-27.0, 20, 22, 0.71,359, 5.0
2026-06-16 17:22:31,-102.1986,31.9027, 453.9, 6635,-11.0,-30.0,-27.2, 19, 21, 0.70,359, 4.9
2026-06-16 17:22:32,-102.1986,31.9027, 453.5, 6641,-11.0,-30.2,-27.3, 19, 21, 0.69,358, 4.9
2026-06-16 17:22:33,-102.1986,31.9026, 453.2, 6647,-11.1,-30.4,-27.5, 19, 21, 0.68,358, 4.9
2026-06-16 17:22:34,-102.1985,31.9026, 452.8, 6652,-11.1,-30.5,-27.7, 18, 21, 0.67,358, 4.9
2026-06-16 17:22:35,-102.1985,31.9026, 452.5, 6658,-11.2,-30.7,-27.8, 18, 20, 0.65,358, 4.9
2026-06-16 17:22:36,-102.1985,31.9025, 452.1, 6664,-11.2,-30.9,-28.0, 18, 20, 0.64,357, 4.9
2026-06-16 17:22:37,-102.1985,31.9025, 451.8, 6670,-11.2,-31.1,-28.2, 18, 20, 0.63,357, 4.8
2026-06-16 17:22:38,-102.1985,31.9024, 451.4, 6676,-11.3,-31.3,-28.4, 17, 19, 0.62,357, 4.8
2026-06-16 17:22:39,-102.1984,31.9024, 451.1, 6682,-11.3,-31.5,-28.5, 17, 19, 0.61,357, 4.8
2026-06-16 17:22:40,-102.1984,31.9023, 450.7, 6688,-11.3,-31.7,-28.7, 17, 19, 0.60,356, 4.8
2026-06-16 17:22:41,-102.1984,31.9023, 450.4, 6694,-11.4,-31.9,-28.9, 17, 19, 0.59,355, 4.8
2026-06-16 17:22:42,-102.1984,31.9023, 450.0, 6700,-11.4,-32.1,-29.1, 16, 18, 0.58,353, 4.8
2026-06-16 17:22:43,-102.1983,31.9022, 449.7, 6706,-11.4,-32.3,-29.3, 16, 18, 0.57,352, 4.9
2026-06-16 17:22:44,-102.1983,31.9022, 449.4, 6711,-11.4,-32.5,-29.5, 16, 18, 0.56,350, 4.9
2026-06-16 17:22:45,-102.1983,31.9021, 449.0, 6717,-11.5,-32.7,-29.7, 15, 17, 0.55,349, 4.9
2026-06-16 17:22:46,-102.1983,31.9021, 448.7, 6722,-11.5,-32.9,-29.9, 15, 17, 0.53,348, 4.9
2026-06-16 17:22:47,-102.1983,31.9021, 448.4, 6728,-11.5,-33.1,-30.1, 15, 17, 0.52,346, 5.0
2026-06-16 17:22:48,-102.1982,31.9020, 448.1, 6734,-11.5,-33.3,-30.3, 15, 16, 0.51,345, 5.0
2026-06-16 17:22:49,-102.1982,31.9020, 447.7, 6739,-11.5,-33.6,-30.5, 14, 16, 0.50,343, 5.0
2026-06-16 17:22:50,-102.1982,31.9019, 447.4, 6745,-11.6,-33.8,-30.7, 14, 16, 0.49,342, 5.0
2026-06-16 17:22:51,-102.1982,31.9019, 447.1, 6750,-11.6,-34.0,-30.9, 14, 15, 0.48,341, 5.1
2026-06-16 17:22:52,-102.1982,31.9019, 446.8, 6756,-11.6,-34.3,-31.1, 13, 15, 0.47,339, 5.1
2026-06-16 17:22:53,-102.1981,31.9018, 446.5, 6761,-11.6,-34.5,-31.3, 13, 15, 0.46,338, 5.1
2026-06-16 17:22:54,-102.1981,31.9018, 446.2, 6766,-11.6,-34.8,-31.6, 13, 14, 0.45,337, 5.1
2026-06-16 17:22:55,-102.1981,31.9017, 445.8, 6771,-11.6,-35.0,-31.8, 13, 14, 0.44,335, 5.2
2026-06-16 17:22:56,-102.1981,31.9017, 445.5, 6776,-11.7,-35.3,-32.1, 12, 14, 0.43,334, 5.2
2026-06-16 17:22:57,-102.1980,31.9016, 445.2, 6781,-11.7,-35.5,-32.3, 12, 13, 0.42,333, 5.2
2026-06-16 17:22:58,-102.1980,31.9016, 444.9, 6787,-11.7,-35.7,-32.5, 12, 13, 0.41,331, 5.2
2026-06-16 17:22:59,-102.1980,31.9016, 444.6, 6792,-11.7,-35.9,-32.7, 12, 13, 0.40,330, 5.2
2026-06-16 17:23:00,-102.1980,31.9015, 444.4, 6797,-11.8,-36.1,-32.9, 11, 13, 0.39,329, 5.3
2026-06-16 17:23:01,-102.1979,31.9015, 444.1, 6802,-11.8,-36.4,-33.1, 11, 12, 0.38,329, 5.3
2026-06-16 17:23:02,-102.1979,31.9015, 443.8, 6807,-11.8,-36.6,-33.3, 11, 12, 0.38,328, 5.3
2026-06-16 17:23:03,-102.1978,31.9014, 443.4, 6813,-11.8,-36.8,-33.5, 11, 12, 0.37,328, 5.3
2026-06-16 17:23:04,-102.1978,31.9014, 443.1, 6818,-11.9,-37.1,-33.8, 10, 12, 0.36,327, 5.3
2026-06-16 17:23:05,-102.1977,31.9013, 442.8, 6823,-11.9,-37.3,-34.0, 10, 11, 0.35,327, 5.3
2026-06-16 17:23:06,-102.1977,31.9013, 442.5, 6828,-11.9,-37.6,-34.2, 10, 11, 0.34,326, 5.3
2026-06-16 17:23:07,-102.1977,31.9013, 442.2, 6834,-11.9,-37.8,-34.5, 10, 11, 0.33,326, 5.3
2026-06-16 17:23:08,-102.1976,31.9012, 441.9, 6839,-12.0,-38.1,-34.7,  9, 11, 0.33,326, 5.3
2026-06-16 17:23:09,-102.1976,31.9012, 441.6, 6844,-12.0,-38.3,-34.9,  9, 10, 0.32,325, 5.3
2026-06-16 17:23:10,-102.1975,31.9011, 441.3, 6849,-12.0,-38.6,-35.2,  9, 10, 0.31,325, 5.4
2026-06-16 17:23:11,-102.1975,31.9011, 441.0, 6854,-12.0,-38.9,-35.4,  9, 10, 0.30,324, 5.4
2026-06-16 17:23:12,-102.1974,31.9011, 440.6, 6861,-12.1,-39.1,-35.7,  9, 10, 0.29,324, 5.4
2026-06-16 17:23:13,-102.1974,31.9010, 440.3, 6867,-12.1,-39.4,-35.9,  8,  9, 0.29,324, 5.4
2026-06-16 17:23:14,-102.1974,31.9010, 440.0, 6873,-12.1,-39.7,-36.2,  8,  9, 0.28,323, 5.4
2026-06-16 17:23:15,-102.1973,31.9009, 439.7, 6879,-12.2,-40.0,-36.5,  8,  9, 0.27,323, 5.4
2026-06-16 17:23:16,-102.1973,31.9009, 439.3, 6885,-12.2,-40.2,-36.7,  8,  9, 0.26,322, 5.4
2026-06-16 17:23:17,-102.1972,31.9009, 439.0, 6890,-12.2,-40.5,-37.0,  7,  8, 0.25,322, 5.4
2026-06-16 17:23:18,-102.1972,31.9008, 438.7, 6896,-12.3,-40.8,-37.3,  7,  8, 0.25,322, 5.4
2026-06-16 17:23:19,-102.1971,31.9008, 438.4, 6901,-12.3,-41.1,-37.6,  7,  8, 0.24,321, 5.4
2026-06-16 17:23:20,-102.1971,31.9008, 438.0, 6906,-12.3,-41.5,-37.9,  7,  8, 0.23,321, 5.4
2026-06-16 17:23:21,-102.1971,31.9007, 437.7, 6911,-12.4,-41.8,-38.2,  7,  7, 0.22,320, 5.5
2026-06-16 17:23:22,-102.1970,31.9007, 437.4, 6917,-12.4,-42.1,-38.5,  6,  7, 0.22,319, 5.6
2026-06-16 17:23:23,-102.1970,31.9006, 437.1, 6922,-12.4,-42.5,-38.8,  6,  7, 0.21,318, 5.7
2026-06-16 17:23:24,-102.1969,31.9006, 436.8, 6927,-12.5,-42.8,-39.2,  6,  7, 0.20,318, 5.7
2026-06-16 17:23:25,-102.1969,31.9006, 436.5, 6933,-12.5,-43.2,-39.6,  6,  6, 0.19,317, 5.8
2026-06-16 17:23:26,-102.1968,31.9005, 436.2, 6938,-12.5,-43.6,-39.9,  6,  6, 0.18,316, 5.9
2026-06-16 17:23:27,-102.1968,31.9005, 435.9, 6944,-12.5,-44.1,-40.3,  5,  6, 0.18,316, 6.0
2026-06-16 17:23:28,-102.1967,31.9004, 435.5, 6949,-12.5,-44.5,-40.8,  5,  6, 0.17,315, 6.0
2026-06-16 17:23:29,-102.1967,31.9004, 435.2, 6955,-12.6,-45.0,-41.2,  5,  5, 0.16,314, 6.1
2026-06-16 17:23:30,-102.1967,31.9004, 434.9, 6961,-12.6,-45.5,-41.7,  5,  5, 0.15,314, 6.2
2026-06-16 17:23:31,-102.1966,31.9003, 434.6, 6967,-12.6,-46.0,-42.2,  4,  5, 0.14,313, 6.3
2026-06-16 17:23:32,-102.1965,31.9003, 434.3, 6973,-12.6,-46.5,-42.7,  4,  5, 0.14,312, 6.3
2026-06-16 17:23:33,-102.1965,31.9003, 434.0, 6978,-12.7,-47.1,-43.2,  4,  4, 0.13,312, 6.4
2026-06-16 17:23:34,-102.1964,31.9002, 433.7, 6983,-12.7,-47.7,-43.8,  4,  4, 0.12,311, 6.5
2026-06-16 17:23:35,-102.1964,31.9002, 433.4, 6988,-12.7,-48.4,-44.4,  3,  4, 0.11,311, 6.6
2026-06-16 17:23:36,-102.1963,31.9002, 433.1, 6993,-12.7,-49.1,-45.1,  3,  4, 0.10,310, 6.7
2026-06-16 17:23:37,-102.1962,31.9001, 432.8, 6998,-12.8,-49.6,-45.6,  3,  3, 0.10,310, 6.7
2026-06-16 17:23:38,-102.1962,31.9001, 432.5, 7003,-12.8,-49.9,-45.9,  3,  3, 0.09,309, 6.8
2026-06-16 17:23:39,-102.1961,31.9001, 432.2, 7009,-12.8,-50.2,-46.2,  3,  3, 0.09,309, 6.9
2026-06-16 17:23:40,-102.1960,31.9000, 431.9, 7014,-12.8,-50.5,-46.5,  3,  3, 0.09,308, 7.0
2026-06-16 17:23:41,-102.1960,31.9000, 431.5, 7020,-12.9,-50.8,-46.7,  3,  3, 0.08,308, 7.0
2026-06-16 17:23:42,-102.1959,31.9000, 431.2, 7026,-12.9,-51.1,-47.0,  2,  3, 0.08,307, 7.0
2026-06-16 17:23:43,-102.1959,31.8999, 430.9, 7031,-12.9,-51.4,-47.4,  2,  3, 0.08,307, 6.9
2026-06-16 17:23:44,-102.1958,31.8999, 430.6, 7037,-13.0,-51.8,-47.7,  2,  3, 0.08,306, 6.9
2026-06-16 17:23:45,-102.1957,31.8999, 430.2, 7043,-13.0,-52.1,-48.0,  2,  3, 0.07,306, 6.9
2026-06-16 17:23:46,-102.1957,31.8998, 429.8, 7050,-13.0,-52.5,-48.4,  2,  2, 0.07,306, 6.9
2026-06-16 17:23:47,-102.1956,31.8998, 429.5, 7057,-13.0,-52.8,-48.7,  2,  2, 0.07,305, 6.9
2026-06-16 17:23:48,-102.1956,31.8998, 429.1, 7063,-13.1,-53.2,-49.1,  2,  2, 0.06,305, 6.9
2026-06-16 17:23:49,-102.1955,31.8997, 428.7, 7070,-13.1,-53.6,-49.5,  2,  2, 0.06,304, 6.9
2026-06-16 17:23:50,-102.1954,31.8997, 428.4, 7076,-13.1,-54.1,-49.9,  2,  2, 0.06,304, 6.8
2026-06-16 17:23:51,-102.1954,31.8997, 428.2, 7081,-13.2,-54.1,-49.9,  2,  2, 0.06,303, 6.8
2026-06-16 17:23:52,-102.1953,31.8996, 427.9, 7086,-13.2,-54.1,-49.9,  2,  2, 0.06,303, 6.8
2026-06-16 17:23:53,-102.1953,31.8996, 427.6, 7091,-13.2,-54.1,-50.0,  2,  2, 0.06,302, 6.8
2026-06-16 17:23:54,-102.1952,31.8996, 427.3, 7096,-13.3,-54.2,-50.0,  2,  2, 0.06,302, 6.8
2026-06-16 17:23:55,-102.1951,31.8995, 427.0, 7101,-13.3,-54.2,-50.0,  2,  2, 0.06,302, 6.8
2026-06-16 17:23:56,-102.1951,31.8995, 426.7, 7107,-13.3,-54.2,-50.0,  2,  2, 0.06,301, 6.8
2026-06-16 17:23:57,-102.1950,31.8994, 426.4, 7112,-13.4,-54.2,-50.0,  2,  2, 0.06,301, 6.8
2026-06-16 17:23:58,-102.1950,31.8994, 426.1, 7117,-13.4,-54.2,-50.1,  2,  2, 0.06,300, 6.7
2026-06-16 17:23:59,-102.1949,31.8994, 425.8, 7123,-13.4,-54.3,-50.1,  2,  2, 0.06,300, 6.7
2026-06-16 17:24:00,-102.1948,31.8993, 425.5, 7128,-13.5,-54.3,-50.1,  2,  2, 0.06,299, 6.7
2026-06-16 17:24:01,-102.1948,31.8993, 425.2, 7134,-13.5,-54.3,-50.1,  2,  2, 0.06,300, 6.7
2026-06-16 17:24:02,-102.1947,31.8993, 424.8, 7139,-13.5,-54.3,-50.1,  2,  2, 0.06,301, 6.7
2026-06-16 17:24:03,-102.1947,31.8992, 424.5, 7145,-13.6,-54.4,-50.2,  2,  2, 0.06,302, 6.7
2026-06-16 17:24:04,-102.1946,31.8992, 424.2, 7151,-13.6,-54.4,-50.2,  2,  2, 0.06,302, 6.7
2026-06-16 17:24:05,-102.1946,31.8991, 423.9, 7157,-13.7,-54.3,-50.1,  2,  2, 0.06,303, 6.7
2026-06-16 17:24:06,-102.1945,31.8991, 423.6, 7163,-13.7,-54.3,-50.1,  2,  2, 0.06,304, 6.8
2026-06-16 17:24:07,-102.1945,31.8990, 423.2, 7168,-13.8,-54.3,-50.1,  2,  2, 0.06,304, 6.8
2026-06-16 17:24:08,-102.1944,31.8990, 422.9, 7174,-13.8,-54.3,-50.1,  2,  2, 0.06,305, 6.8
2026-06-16 17:24:09,-102.1944,31.8989, 422.6, 7179,-13.8,-54.3,-50.1,  2,  2, 0.06,306, 6.8
2026-06-16 17:24:10,-102.1943,31.8989, 422.3, 7184,-13.9,-54.2,-50.1,  2,  2, 0.06,307, 6.8
2026-06-16 17:24:11,-102.1943,31.8988, 422.0, 7190,-13.9,-54.2,-50.0,  2,  2, 0.06,307, 6.8
2026-06-16 17:24:12,-102.1942,31.8988, 421.7, 7196,-14.0,-54.2,-50.0,  2,  2, 0.06,308, 6.8
2026-06-16 17:24:13,-102.1942,31.8987, 421.4, 7201,-14.0,-54.2,-50.0,  2,  2, 0.06,309, 6.8
2026-06-16 17:24:14,-102.1941,31.8987, 421.1, 7207,-14.0,-54.2,-50.0,  2,  2, 0.06,310, 6.9
2026-06-16 17:24:15,-102.1941,31.8986, 420.8, 7213,-14.1,-54.2,-50.0,  2,  2, 0.06,310, 6.9
2026-06-16 17:24:16,-102.1940,31.8986, 420.5, 7219,-14.1,-54.1,-50.0,  2,  2, 0.06,311, 6.9
2026-06-16 17:24:17,-102.1940,31.8986, 420.1, 7224,-14.2,-54.1,-49.9,  2,  2, 0.06,312, 6.9
2026-06-16 17:24:18,-102.1939,31.8985, 419.8, 7230,-14.2,-54.1,-49.9,  2,  2, 0.06,312, 6.9
2026-06-16 17:24:19,-102.1939,31.8985, 419.5, 7235,-14.2,-54.0,-49.8,  2,  2, 0.06,313, 7.0
2026-06-16 17:24:20,-102.1938,31.8984, 419.2, 7240,-14.3,-53.9,-49.8,  2,  2, 0.06,314, 7.0
2026-06-16 17:24:21,-102.1938,31.8984, 418.9, 7246,-14.3,-53.9,-49.7,  2,  2, 0.06,314, 7.0
2026-06-16 17:24:22,-102.1937,31.8983, 418.6, 7251,-14.3,-53.8,-49.6,  2,  2, 0.06,315, 7.0
2026-06-16 17:24:23,-102.1937,31.8983, 418.3, 7256,-14.3,-53.7,-49.6,  2,  2, 0.06,316, 7.1
2026-06-16 17:24:24,-102.1936,31.8982, 418.0, 7262,-14.4,-53.7,-49.5,  2,  2, 0.06,316, 7.1
2026-06-16 17:24:25,-102.1936,31.8982, 417.7, 7267,-14.4,-53.6,-49.5,  2,  2, 0.06,317, 7.1
2026-06-16 17:24:26,-102.1935,31.8981, 417.4, 7273,-14.4,-53.6,-49.4,  2,  2, 0.06,318, 7.1
2026-06-16 17:24:27,-102.1935,31.8981, 417.2, 7278,-14.5,-53.5,-49.3,  2,  2, 0.06,318, 7.2
2026-06-16 17:24:28,-102.1934,31.8980, 416.9, 7284,-14.5,-53.4,-49.3,  2,  2, 0.06,319, 7.2
2026-06-16 17:24:29,-102.1934,31.8980, 416.6, 7289,-14.5,-53.4,-49.2,  2,  3, 0.06,319, 7.2
2026-06-16 17:24:30,-102.1933,31.8979, 416.3, 7294,-14.6,-53.3,-49.2,  2,  3, 0.07,320, 7.3
2026-06-16 17:24:31,-102.1933,31.8979, 416.0, 7299,-14.6,-53.3,-49.1,  2,  3, 0.07,320, 7.3
2026-06-16 17:24:32,-102.1932,31.8978, 415.7, 7304,-14.6,-53.2,-49.1,  2,  3, 0.07,321, 7.3
2026-06-16 17:24:33,-102.1932,31.8978, 415.4, 7309,-14.6,-53.1,-49.0,  2,  3, 0.07,322, 7.4
2026-06-16 17:24:34,-102.1931,31.8978, 415.1, 7314,-14.6,-53.1,-48.9,  2,  3, 0.07,322, 7.4
2026-06-16 17:24:35,-102.1930,31.8977, 414.9, 7319,-14.7,-53.0,-48.9,  2,  3, 0.07,323, 7.4
2026-06-16 17:24:36,-102.1930,31.8977, 414.6, 7325,-14.7,-53.0,-48.8,  2,  3, 0.07,323, 7.5
2026-06-16 17:24:37,-102.1929,31.8976, 414.3, 7330,-14.7,-52.9,-48.8,  2,  3, 0.07,324, 7.5
2026-06-16 17:24:38,-102.1928,31.8976, 414.0, 7335,-14.7,-52.8,-48.7,  2,  3, 0.07,324, 7.5
2026-06-16 17:24:39,-102.1927,31.8975, 413.7, 7340,-14.8,-52.8,-48.7,  2,  3, 0.07,325, 7.6
2026-06-16 17:24:40,-102.1927,31.8975, 413.4, 7345,-14.8,-52.7,-48.6,  2,  3, 0.07,325, 7.6
2026-06-16 17:24:41,-102.1926,31.8974, 413.2, 7351,-14.8,-52.7,-48.6,  2,  3, 0.07,324, 7.6
2026-06-16 17:24:42,-102.1925,31.8974, 412.9, 7356,-14.8,-52.6,-48.5,  2,  3, 0.07,323, 7.6
2026-06-16 17:24:43,-102.1925,31.8973, 412.6, 7361,-14.8,-52.6,-48.4,  2,  3, 0.07,322, 7.6
2026-06-16 17:24:44,-102.1924,31.8973, 412.3, 7366,-14.9,-52.2,-48.1,  3,  3, 0.07,321, 7.7
2026-06-16 17:24:45,-102.1923,31.8973, 412.0, 7372,-14.9,-50.7,-46.7,  3,  4, 0.09,320, 7.8
2026-06-16 17:24:46,-102.1923,31.8972, 411.6, 7377,-14.9,-49.4,-45.5,  4,  4, 0.10,319, 7.8
2026-06-16 17:24:47,-102.1922,31.8972, 411.3, 7383,-15.0,-48.3,-44.4,  4,  5, 0.12,318, 7.8
2026-06-16 17:24:48,-102.1921,31.8971, 411.0, 7390,-15.0,-47.4,-43.5,  5,  5, 0.13,317, 7.8
2026-06-16 17:24:49,-102.1921,31.8971, 410.7, 7396,-15.1,-46.5,-42.6,  5,  6, 0.14,316, 7.9
2026-06-16 17:24:50,-102.1920,31.8970, 410.4, 7402,-15.1,-45.7,-41.9,  5,  6, 0.16,315, 7.9
2026-06-16 17:24:51,-102.1919,31.8970, 410.1, 7408,-15.2,-45.0,-41.2,  6,  7, 0.17,314, 7.9
2026-06-16 17:24:52,-102.1919,31.8969, 409.7, 7414,-15.2,-44.3,-40.6,  6,  7, 0.18,312, 8.0
2026-06-16 17:24:53,-102.1918,31.8969, 409.4, 7420,-15.3,-43.7,-40.0,  7,  8, 0.20,311, 8.0
2026-06-16 17:24:54,-102.1917,31.8968, 409.1, 7425,-15.3,-43.1,-39.4,  7,  9, 0.21,310, 8.0
2026-06-16 17:24:55,-102.1917,31.8968, 408.8, 7431,-15.3,-42.6,-38.9,  8,  9, 0.22,309, 8.0
2026-06-16 17:24:56,-102.1916,31.8968, 408.5, 7437,-15.4,-42.1,-38.5,  8, 10, 0.23,308, 8.1
2026-06-16 17:24:57,-102.1915,31.8967, 408.2, 7442,-15.4,-41.6,-38.0,  9, 10, 0.24,307, 8.0
2026-06-16 17:24:58,-102.1915,31.8967, 407.9, 7448,-15.5,-40.9,-37.3,  9, 11, 0.26,306, 8.1
2026-06-16 17:24:59,-102.1914,31.8966, 407.6, 7454,-15.5,-40.1,-36.6, 10, 12, 0.29,305, 8.1
2026-06-16 17:25:00,-102.1913,31.8966, 407.3, 7460,-15.6,-39.4,-36.0, 11, 13, 0.31,304, 8.2
2026-06-16 17:25:01,-102.1913,31.8965, 406.9, 7465,-15.6,-38.8,-35.4, 12, 14, 0.33,304, 8.3
2026-06-16 17:25:02,-102.1912,31.8965, 406.7, 7471,-15.7,-38.2,-34.8, 13, 15, 0.35,303, 8.3
2026-06-16 17:25:03,-102.1911,31.8964, 406.4, 7476,-15.7,-37.6,-34.3, 13, 16, 0.37,302, 8.4
2026-06-16 17:25:04,-102.1910,31.8964, 406.1, 7481,-15.8,-37.1,-33.8, 14, 17, 0.39,302, 8.5
2026-06-16 17:25:05,-102.1909,31.8964, 405.8, 7486,-15.8,-36.6,-33.3, 15, 17, 0.41,301, 8.6
2026-06-16 17:25:06,-102.1908,31.8963, 405.6, 7491,-15.9,-36.2,-32.9, 16, 18, 0.43,301, 8.7
2026-06-16 17:25:07,-102.1907,31.8963, 405.3, 7496,-15.9,-35.7,-32.5, 17, 19, 0.45,300, 8.8
2026-06-16 17:25:08,-102.1906,31.8963, 405.0, 7501,-16.0,-35.3,-32.1, 17, 20, 0.47,299, 8.9
2026-06-16 17:25:09,-102.1905,31.8962, 404.7, 7507,-16.0,-34.9,-31.7, 18, 21, 0.49,299, 9.0
2026-06-16 17:25:10,-102.1904,31.8962, 404.4, 7512,-16.1,-34.5,-31.4, 19, 22, 0.51,298, 9.0
2026-06-16 17:25:11,-102.1903,31.8961, 404.1, 7518,-16.1,-34.2,-31.1, 19, 23, 0.52,298, 9.1
2026-06-16 17:25:12,-102.1902,31.8961, 403.8, 7524,-16.2,-34.1,-31.0, 20, 23, 0.53,297, 9.2
2026-06-16 17:25:13,-102.1901,31.8961, 403.5, 7530,-16.2,-34.0,-30.9, 20, 24, 0.54,297, 9.3
2026-06-16 17:25:14,-102.1900,31.8960, 403.2, 7536,-16.3,-33.9,-30.7, 20, 24, 0.54,296, 9.4
2026-06-16 17:25:15,-102.1899,31.8960, 402.9, 7541,-16.3,-33.7,-30.6, 21, 24, 0.55,295, 9.5
2026-06-16 17:25:16,-102.1898,31.8960, 402.6, 7547,-16.4,-33.6,-30.5, 21, 25, 0.56,295, 9.6
2026-06-16 17:25:17,-102.1897,31.8959, 402.3, 7552,-16.4,-33.5,-30.4, 21, 25, 0.56,294, 9.7
2026-06-16 17:25:18,-102.1896,31.8959, 402.0, 7558,-16.5,-33.4,-30.3, 22, 26, 0.57,294, 9.8
2026-06-16 17:25:19,-102.1896,31.8958, 401.7, 7563,-16.5,-33.3,-30.2, 22, 26, 0.58,293, 9.9
2026-06-16 17:25:20,-102.1895,31.8958, 401.4, 7568,-16.6,-33.2,-30.1, 22, 26, 0.58,293,10.0
2026-06-16 17:25:21,-102.1894,31.8958, 401.1, 7573,-16.6,-33.1,-30.0, 23, 27, 0.59,293,10.0
2026-06-16 17:25:22,-102.1893,31.8957, 400.9, 7578,-16.7,-33.0,-29.9, 23, 27, 0.60,293,10.0
2026-06-16 17:25:23,-102.1892,31.8957, 400.6, 7583,-16.8,-32.9,-29.8, 23, 28, 0.60,294,10.0
2026-06-16 17:25:24,-102.1890,31.8956, 400.3, 7588,-16.8,-32.8,-29.7, 24, 28, 0.61,294,10.0
2026-06-16 17:25:25,-102.1890,31.8956, 400.0, 7595,-16.9,-32.6,-29.6, 24, 29, 0.62,294,10.0
2026-06-16 17:25:26,-102.1889,31.8956, 399.8, 7598,-16.9,-32.5,-29.5, 24, 29, 0.62,294,10.0
2026-06-16 17:25:27,-102.1888,31.8955, 399.6, 7603,-16.9,-32.4,-29.4, 25, 29, 0.63,295,10.0
2026-06-16 17:25:28,-102.1887,31.8955, 399.3, 7608,-17.0,-32.3,-29.3, 25, 30, 0.64,295,10.0
2026-06-16 17:25:29,-102.1886,31.8955, 399.0, 7613,-17.0,-32.2,-29.2, 26, 30, 0.65,295,10.0
2026-06-16 17:25:30,-102.1885,31.8954, 398.8, 7617,-17.1,-32.1,-29.1, 26, 31, 0.65,295,10.0
2026-06-16 17:25:31,-102.1884,31.8954, 398.5, 7622,-17.1,-32.0,-29.0, 26, 31, 0.66,295,10.0
2026-06-16 17:25:32,-102.1883,31.8954, 398.3, 7627,-17.2,-31.9,-28.9, 27, 32, 0.67,296,10.0
2026-06-16 17:25:33,-102.1882,31.8953, 398.0, 7632,-17.2,-31.7,-28.8, 27, 32, 0.68,296,10.0
2026-06-16 17:25:34,-102.1881,31.8953, 397.7, 7637,-17.3,-31.6,-28.7, 28, 33, 0.68,296,10.0
2026-06-16 17:25:35,-102.1880,31.8953, 397.5, 7642,-17.3,-31.5,-28.6, 28, 33, 0.69,296,10.1
2026-06-16 17:25:36,-102.1879,31.8952, 397.2, 7646,-17.4,-31.4,-28.5, 28, 34, 0.70,296,10.1
2026-06-16 17:25:37,-102.1878,31.8952, 396.9, 7652,-17.4,-31.3,-28.4, 29, 34, 0.70,297,10.1
2026-06-16 17:25:38,-102.1877,31.8952, 396.6, 7658,-17.5,-31.2,-28.3, 29, 35, 0.71,297,10.1
2026-06-16 17:25:39,-102.1876,31.8951, 396.3, 7663,-17.5,-31.0,-28.1, 30, 35, 0.72,297,10.1
2026-06-16 17:25:40,-102.1875,31.8951, 396.0, 7669,-17.6,-30.9,-28.0, 30, 36, 0.74,297,10.1
2026-06-16 17:25:41,-102.1873,31.8951, 395.7, 7675,-17.6,-30.7,-27.8, 31, 37, 0.75,297,10.1
2026-06-16 17:25:42,-102.1872,31.8950, 395.4, 7680,-17.7,-30.5,-27.7, 32, 38, 0.76,297,10.1
2026-06-16 17:25:43,-102.1871,31.8950, 395.1, 7687,-17.7,-30.4,-27.5, 32, 38, 0.77,296,10.2
2026-06-16 17:25:44,-102.1870,31.8950, 394.8, 7693,-17.8,-30.2,-27.4, 33, 39, 0.79,296,10.2
2026-06-16 17:25:45,-102.1869,31.8949, 394.4, 7700,-17.8,-30.1,-27.2, 33, 40, 0.80,295,10.2
2026-06-16 17:25:46,-102.1868,31.8949, 394.1, 7706,-17.9,-29.9,-27.1, 34, 41, 0.81,295,10.3
2026-06-16 17:25:47,-102.1867,31.8949, 393.8, 7712,-17.9,-29.8,-27.0, 35, 41, 0.82,294,10.3
2026-06-16 17:25:48,-102.1866,31.8949, 393.5, 7718,-18.0,-29.6,-26.8, 35, 42, 0.83,294,10.3
2026-06-16 17:25:49,-102.1865,31.8948, 393.1, 7724,-18.0,-29.5,-26.7, 36, 43, 0.84,294,10.4
2026-06-16 17:25:50,-102.1864,31.8948, 392.8, 7731,-18.1,-29.4,-26.6, 37, 44, 0.86,293,10.4
2026-06-16 17:25:51,-102.1863,31.8948, 392.5, 7737,-18.1,-29.2,-26.5, 37, 44, 0.87,293,10.5
2026-06-16 17:25:52,-102.1862,31.8947, 392.1, 7743,-18.1,-29.1,-26.4, 38, 45, 0.88,292,10.5
2026-06-16 17:25:53,-102.1861,31.8947, 391.8, 7749,-18.2,-29.0,-26.3, 38, 45, 0.89,292,10.5
2026-06-16 17:25:54,-102.1860,31.8947, 391.5, 7756,-18.2,-28.9,-26.2, 39, 46, 0.90,292,10.6
2026-06-16 17:25:55,-102.1859,31.8946, 391.1, 7763,-18.3,-28.8,-26.1, 39, 47, 0.91,291,10.6
2026-06-16 17:25:56,-102.1858,31.8946, 390.8, 7769,-18.3,-28.7,-26.0, 40, 47, 0.91,291,10.6
2026-06-16 17:25:57,-102.1857,31.8946, 390.5, 7776,-18.3,-28.6,-25.9, 40, 48, 0.92,291,10.7
2026-06-16 17:25:58,-102.1855,31.8945, 390.2, 7783,-18.4,-28.5,-25.8, 41, 49, 0.93,290,10.7
2026-06-16 17:25:59,-102.1854,31.8945, 389.8, 7789,-18.4,-28.4,-25.7, 41, 49, 0.94,290,10.8
2026-06-16 17:26:00,-102.1853,31.8945, 389.5, 7794,-18.4,-28.3,-25.6, 42, 50, 0.95,289,10.8
2026-06-16 17:26:01,-102.1852,31.8945, 389.2, 7799,-18.5,-28.2,-25.5, 42, 50, 0.96,289,10.8
2026-06-16 17:26:02,-102.1851,31.8944, 388.9, 7804,-18.5,-28.2,-25.4, 43, 51, 0.97,288,10.8
2026-06-16 17:26:03,-102.1850,31.8944, 388.7, 7810,-18.6,-28.1,-25.4, 43, 52, 0.98,288,10.8
2026-06-16 17:26:04,-102.1849,31.8944, 388.3, 7817,-18.6,-27.9,-25.2, 44, 52, 0.99,287,10.8
2026-06-16 17:26:05,-102.1848,31.8943, 388.1, 7820,-18.6,-28.0,-25.3, 44, 52, 0.99,287,10.9
2026-06-16 17:26:06,-102.1847,31.8943, 387.9, 7825,-18.6,-28.1,-25.4, 43, 52, 0.98,286,10.9
2026-06-16 17:26:07,-102.1846,31.8943, 387.6, 7830,-18.7,-28.1,-25.4, 43, 52, 0.97,285,10.9
2026-06-16 17:26:08,-102.1845,31.8943, 387.3, 7835,-18.7,-28.2,-25.5, 43, 51, 0.97,285,10.9
2026-06-16 17:26:09,-102.1844,31.8942, 387.0, 7841,-18.7,-28.3,-25.6, 43, 51, 0.96,284,10.9
2026-06-16 17:26:10,-102.1843,31.8942, 386.7, 7846,-18.7,-28.4,-25.7, 42, 51, 0.95,284,10.9
2026-06-16 17:26:11,-102.1841,31.8942, 386.4, 7852,-18.8,-28.5,-25.7, 42, 51, 0.95,283,11.0
2026-06-16 17:26:12,-102.1840,31.8942, 386.1, 7858,-18.8,-28.5,-25.8, 42, 50, 0.94,283,11.0
2026-06-16 17:26:13,-102.1839,31.8941, 385.9, 7864,-18.8,-28.6,-25.9, 42, 50, 0.93,282,11.0
2026-06-16 17:26:14,-102.1838,31.8941, 385.6, 7869,-18.8,-28.7,-26.0, 41, 50, 0.93,281,11.0
2026-06-16 17:26:15,-102.1837,31.8941, 385.3, 7875,-18.8,-28.8,-26.0, 41, 49, 0.92,281,11.0
2026-06-16 17:26:16,-102.1836,31.8941, 385.0, 7881,-18.9,-28.9,-26.1, 41, 49, 0.91,280,11.1
2026-06-16 17:26:17,-102.1835,31.8940, 384.7, 7886,-18.9,-29.0,-26.2, 41, 49, 0.91,280,11.1
2026-06-16 17:26:18,-102.1834,31.8940, 384.4, 7891,-18.9,-29.1,-26.3, 40, 49, 0.90,279,11.1
2026-06-16 17:26:19,-102.1833,31.8940, 384.1, 7897,-18.9,-29.2,-26.4, 40, 48, 0.89,279,11.1
2026-06-16 17:26:20,-102.1832,31.8940, 383.9, 7902,-19.0,-29.4,-26.6, 39, 47, 0.87,278,11.2
2026-06-16 17:26:21,-102.1830,31.8939, 383.6, 7908,-19.0,-29.6,-26.8, 39, 47, 0.86,279,11.1
2026-06-16 17:26:22,-102.1829,31.8939, 383.3, 7913,-19.0,-29.7,-26.9, 38, 46, 0.85,279,11.1
2026-06-16 17:26:23,-102.1828,31.8939, 383.0, 7919,-19.0,-29.9,-27.1, 38, 45, 0.83,280,11.0
2026-06-16 17:26:24,-102.1827,31.8939, 382.7, 7924,-19.1,-30.1,-27.3, 37, 45, 0.82,281,11.0
2026-06-16 17:26:25,-102.1826,31.8938, 382.4, 7930,-19.1,-30.3,-27.4, 37, 44, 0.81,281,11.0
2026-06-16 17:26:26,-102.1825,31.8938, 382.1, 7935,-19.1,-30.5,-27.6, 36, 43, 0.79,282,10.9
2026-06-16 17:26:27,-102.1824,31.8938, 381.8, 7941,-19.2,-30.7,-27.8, 35, 43, 0.78,282,10.9
2026-06-16 17:26:28,-102.1823,31.8938, 381.4, 7948,-19.2,-30.9,-27.9, 35, 42, 0.77,283,10.8
2026-06-16 17:26:29,-102.1822,31.8938, 381.1, 7955,-19.2,-31.0,-28.1, 34, 41, 0.75,284,10.8
2026-06-16 17:26:30,-102.1821,31.8937, 380.8, 7962,-19.2,-31.2,-28.3, 34, 41, 0.74,284,10.8
2026-06-16 17:26:31,-102.1819,31.8937, 380.5, 7968,-19.3,-31.4,-28.5, 33, 40, 0.73,285,10.7
2026-06-16 17:26:32,-102.1818,31.8937, 380.1, 7975,-19.3,-31.7,-28.7, 33, 39, 0.71,285,10.7
2026-06-16 17:26:33,-102.1817,31.8937, 379.8, 7982,-19.3,-31.9,-28.9, 32, 39, 0.70,286,10.7
2026-06-16 17:26:34,-102.1816,31.8936, 379.4, 7989,-19.4,-32.1,-29.1, 31, 38, 0.68,287,10.6
2026-06-16 17:26:35,-102.1815,31.8936, 379.1, 7996,-19.4,-32.4,-29.4, 31, 37, 0.67,287,10.6
2026-06-16 17:26:36,-102.1814,31.8936, 378.7, 8002,-19.5,-32.6,-29.6, 30, 36, 0.65,288,10.6
2026-06-16 17:26:37,-102.1813,31.8936, 378.4, 8009,-19.5,-32.9,-29.8, 29, 36, 0.64,289,10.6
2026-06-16 17:26:38,-102.1812,31.8935, 378.0, 8016,-19.5,-33.2,-30.1, 29, 35, 0.62,289,10.5
2026-06-16 17:26:39,-102.1810,31.8935, 377.7, 8023,-19.6,-33.4,-30.3, 28, 34, 0.60,290,10.5
2026-06-16 17:26:40,-102.1809,31.8935, 377.3, 8029,-19.6,-33.7,-30.6, 28, 33, 0.59,291,10.5
2026-06-16 17:26:41,-102.1808,31.8935, 377.0, 8036,-19.6,-34.0,-30.8, 27, 33, 0.57,290,10.5
2026-06-16 17:26:42,-102.1807,31.8934, 376.7, 8043,-19.7,-34.3,-31.1, 26, 32, 0.56,290,10.6
2026-06-16 17:26:43,-102.1806,31.8934, 376.3, 8050,-19.7,-34.5,-31.4, 26, 31, 0.54,290,10.6
2026-06-16 17:26:44,-102.1805,31.8934, 376.0, 8057,-19.7,-34.8,-31.7, 25, 30, 0.53,289,10.6
2026-06-16 17:26:45,-102.1804,31.8934, 375.6, 8063,-19.8,-35.1,-31.9, 24, 29, 0.51,289,10.7
2026-06-16 17:26:46,-102.1802,31.8933, 375.3, 8070,-19.8,-35.1,-31.9, 24, 30, 0.52,288,10.7
2026-06-16 17:26:47,-102.1801,31.8933, 375.0, 8077,-19.8,-35.1,-31.9, 25, 30, 0.52,288,10.7
2026-06-16 17:26:48,-102.1800,31.8933, 374.6, 8083,-19.9,-35.0,-31.8, 25, 30, 0.52,288,10.8
2026-06-16 17:26:49,-102.1799,31.8933, 374.3, 8090,-19.9,-35.0,-31.8, 25, 30, 0.53,287,10.8
2026-06-16 17:26:50,-102.1798,31.8932, 374.0, 8095,-20.0,-34.9,-31.7, 25, 31, 0.53,287,10.8
2026-06-16 17:26:51,-102.1797,31.8932, 373.7, 8101,-20.0,-34.9,-31.7, 25, 31, 0.53,287,10.9
2026-06-16 17:26:52,-102.1796,31.8932, 373.4, 8107,-20.0,-34.8,-31.6, 26, 31, 0.53,286,10.9
2026-06-16 17:26:53,-102.1794,31.8932, 373.1, 8113,-20.1,-34.8,-31.6, 26, 31, 0.54,286,10.9
2026-06-16 17:26:54,-102.1793,31.8931, 372.8, 8119,-20.1,-34.7,-31.6, 26, 32, 0.54,286,11.0
2026-06-16 17:26:55,-102.1792,31.8931, 372.5, 8125,-20.2,-34.7,-31.5, 26, 32, 0.54,285,11.0
2026-06-16 17:26:56,-102.1791,31.8931, 372.2, 8132,-20.2,-34.7,-31.5, 26, 32, 0.54,285,11.1
2026-06-16 17:26:57,-102.1790,31.8931, 371.8, 8139,-20.2,-34.6,-31.5, 27, 32, 0.55,285,11.1
2026-06-16 17:26:58,-102.1789,31.8930, 371.5, 8146,-20.3,-34.6,-31.4, 27, 33, 0.55,284,11.1
2026-06-16 17:26:59,-102.1788,31.8930, 371.1, 8154,-20.3,-34.5,-31.4, 27, 33, 0.55,284,11.2
2026-06-16 17:27:00,-102.1786,31.8930, 370.8, 8161,-20.3,-34.5,-31.3, 27, 33, 0.56,284,11.2
2026-06-16 17:27:01,-102.1785,31.8930, 370.4, 8166,-20.4,-34.4,-31.2, 28, 34, 0.56,283,11.2
2026-06-16 17:27:02,-102.1784,31.8929, 370.2, 8171,-20.4,-34.3,-31.2, 28, 34, 0.57,283,11.3
2026-06-16 17:27:03,-102.1783,31.8929, 369.9, 8177,-20.5,-34.3,-31.1, 28, 34, 0.57,283,11.3
2026-06-16 17:27:04,-102.1782,31.8929, 369.7, 8182,-20.5,-34.2,-31.1, 28, 35, 0.57,283,11.3
2026-06-16 17:27:05,-102.1781,31.8929, 369.4, 8187,-20.5,-34.1,-31.0, 29, 35, 0.58,283,11.3
2026-06-16 17:27:06,-102.1779,31.8928, 369.1, 8192,-20.6,-34.1,-30.9, 29, 35, 0.58,283,11.4
2026-06-16 17:27:07,-102.1778,31.8928, 368.9, 8198,-20.6,-34.0,-30.9, 29, 36, 0.59,283,11.4
2026-06-16 17:27:08,-102.1777,31.8928, 368.6, 8204,-20.7,-33.9,-30.8, 29, 36, 0.59,283,11.4
2026-06-16 17:27:09,-102.1776,31.8928, 368.3, 8210,-20.7,-33.9,-30.8, 30, 36, 0.59,282,11.4
2026-06-16 17:27:10,-102.1775,31.8928, 368.0, 8216,-20.7,-33.8,-30.7, 30, 37, 0.60,282,11.5
2026-06-16 17:27:11,-102.1773,31.8928, 367.6, 8222,-20.8,-33.8,-30.7, 30, 37, 0.60,282,11.5
2026-06-16 17:27:12,-102.1772,31.8927, 367.3, 8228,-20.8,-33.7,-30.6, 31, 37, 0.60,282,11.5
2026-06-16 17:27:13,-102.1771,31.8927, 367.0, 8234,-20.9,-33.7,-30.6, 31, 38, 0.61,282,11.5
2026-06-16 17:27:14,-102.1770,31.8927, 366.7, 8241,-20.9,-33.6,-30.5, 31, 38, 0.61,282,11.5
2026-06-16 17:27:15,-102.1768,31.8927, 366.4, 8247,-21.0,-33.6,-30.5, 31, 38, 0.61,282,11.6
2026-06-16 17:27:16,-102.1767,31.8927, 366.2, 8253,-21.0,-33.6,-30.5, 32, 39, 0.62,282,11.6
2026-06-16 17:27:17,-102.1766,31.8927, 365.9, 8260,-21.1,-33.5,-30.4, 32, 39, 0.62,282,11.6
2026-06-16 17:27:18,-102.1765,31.8926, 365.6, 8265,-21.1,-33.5,-30.4, 32, 39, 0.62,281,11.6
2026-06-16 17:27:19,-102.1764,31.8926, 365.3, 8270,-21.2,-33.5,-30.4, 32, 40, 0.62,281,11.7
2026-06-16 17:27:20,-102.1762,31.8926, 365.0, 8276,-21.2,-33.4,-30.4, 32, 40, 0.63,281,11.7
2026-06-16 17:27:21,-102.1761,31.8926, 364.7, 8281,-21.3,-33.4,-30.3, 33, 40, 0.63,281,11.7
2026-06-16 17:27:22,-102.1760,31.8926, 364.4, 8286,-21.3,-33.4,-30.3, 33, 41, 0.63,281,11.7
2026-06-16 17:27:23,-102.1759,31.8925, 364.2, 8292,-21.4,-33.3,-30.3, 33, 41, 0.63,281,11.7
2026-06-16 17:27:24,-102.1757,31.8925, 363.9, 8298,-21.4,-33.3,-30.2, 33, 41, 0.63,280,11.7
2026-06-16 17:27:25,-102.1756,31.8925, 363.6, 8304,-21.5,-33.3,-30.2, 34, 42, 0.64,280,11.7
2026-06-16 17:27:26,-102.1755,31.8925, 363.3, 8309,-21.5,-33.2,-30.1, 34, 42, 0.64,280,11.7
2026-06-16 17:27:27,-102.1754,31.8925, 363.0, 8315,-21.6,-33.1,-30.1, 34, 43, 0.65,280,11.8
2026-06-16 17:27:28,-102.1753,31.8925, 362.7, 8321,-21.6,-33.1,-30.0, 35, 43, 0.65,280,11.8
2026-06-16 17:27:29,-102.1751,31.8924, 362.3, 8328,-21.7,-33.0,-29.9, 35, 44, 0.66,279,11.8
2026-06-16 17:27:30,-102.1750,31.8924, 362.0, 8335,-21.7,-32.9,-29.9, 36, 44, 0.66,279,11.8
2026-06-16 17:27:31,-102.1749,31.8924, 361.7, 8342,-21.8,-32.9,-29.8, 36, 45, 0.67,279,11.8
2026-06-16 17:27:32,-102.1748,31.8924, 361.4, 8349,-21.8,-32.8,-29.7, 36, 45, 0.67,279,11.8
2026-06-16 17:27:33,-102.1746,31.8924, 361.1, 8356,-21.9,-32.7,-29.7, 37, 46, 0.68,279,11.8
2026-06-16 17:27:34,-102.1745,31.8924, 360.9, 8363,-21.9,-32.7,-29.6, 37, 46, 0.68,279,11.8
2026-06-16 17:27:35,-102.1744,31.8923, 360.6, 8367,-22.0,-32.6,-29.6, 38, 47, 0.69,278,11.8
2026-06-16 17:27:36,-102.1743,31.8923, 360.3, 8372,-22.0,-32.5,-29.5, 38, 47, 0.69,278,11.8
2026-06-16 17:27:37,-102.1742,31.8923, 360.0, 8377,-22.1,-32.5,-29.4, 38, 48, 0.70,278,11.9
2026-06-16 17:27:38,-102.1740,31.8923, 359.8, 8382,-22.1,-32.4,-29.4, 39, 48, 0.70,278,11.9
2026-06-16 17:27:39,-102.1739,31.8923, 359.5, 8386,-22.2,-32.4,-29.4, 39, 48, 0.70,278,11.9
2026-06-16 17:27:40,-102.1738,31.8923, 359.2, 8392,-22.2,-32.4,-29.4, 39, 48, 0.70,277,11.9
2026-06-16 17:27:41,-102.1737,31.8922, 359.0, 8397,-22.2,-32.4,-29.4, 39, 49, 0.70,278,11.9
2026-06-16 17:27:42,-102.1735,31.8922, 358.7, 8403,-22.3,-32.5,-29.4, 39, 49, 0.70,278,11.8
2026-06-16 17:27:43,-102.1734,31.8922, 358.5, 8409,-22.3,-32.5,-29.5, 39, 49, 0.70,278,11.8
2026-06-16 17:27:44,-102.1733,31.8922, 358.1, 8414,-22.4,-32.5,-29.5, 39, 49, 0.70,278,11.8
2026-06-16 17:27:45,-102.1732,31.8922, 357.8, 8420,-22.4,-32.5,-29.5, 39, 49, 0.70,278,11.8
2026-06-16 17:27:46,-102.1731,31.8921, 357.5, 8427,-22.4,-32.6,-29.5, 39, 49, 0.69,278,11.8
2026-06-16 17:27:47,-102.1729,31.8921, 357.2, 8434,-22.5,-32.6,-29.6, 39, 49, 0.69,279,11.7
2026-06-16 17:27:48,-102.1728,31.8921, 356.9, 8441,-22.5,-32.6,-29.6, 39, 49, 0.69,279,11.7
2026-06-16 17:27:49,-102.1727,31.8921, 356.5, 8448,-22.6,-32.7,-29.6, 39, 49, 0.69,279,11.7
2026-06-16 17:27:50,-102.1726,31.8921, 356.2, 8455,-22.6,-32.7,-29.6, 39, 49, 0.69,279,11.7
2026-06-16 17:27:51,-102.1725,31.8921, 355.9, 8462,-22.6,-32.7,-29.7, 39, 49, 0.69,279,11.7
2026-06-16 17:27:52,-102.1723,31.8920, 355.8, 8465,-22.7,-32.7,-29.7, 40, 49, 0.69,279,11.7
2026-06-16 17:27:53,-102.1722,31.8920, 355.3, 8474,-22.7,-32.8,-29.8, 39, 49, 0.68,279,11.6
2026-06-16 17:27:54,-102.1721,31.8920, 355.0, 8480,-22.7,-32.8,-29.8, 39, 49, 0.68,280,11.6
2026-06-16 17:27:55,-102.1720,31.8920, 354.7, 8486,-22.8,-32.9,-29.9, 39, 49, 0.68,280,11.6
2026-06-16 17:27:56,-102.1718,31.8920, 354.4, 8492,-22.8,-33.0,-29.9, 39, 49, 0.67,280,11.6
2026-06-16 17:27:57,-102.1717,31.8920, 354.1, 8498,-22.8,-33.0,-29.9, 39, 49, 0.67,280,11.6
2026-06-16 17:27:58,-102.1716,31.8919, 353.8, 8504,-22.9,-33.1,-30.0, 39, 49, 0.67,280,11.5
2026-06-16 17:27:59,-102.1715,31.8919, 353.6, 8510,-22.9,-33.1,-30.1, 39, 49, 0.67,280,11.5
2026-06-16 17:28:00,-102.1714,31.8919, 353.3, 8515,-23.0,-33.2,-30.1, 39, 49, 0.66,281,11.5
2026-06-16 17:28:01,-102.1712,31.8919, 353.0, 8521,-23.0,-33.2,-30.1, 39, 48, 0.66,281,11.5
2026-06-16 17:28:02,-102.1711,31.8919, 352.8, 8527,-23.0,-33.3,-30.2, 39, 48, 0.66,281,11.6
2026-06-16 17:28:03,-102.1710,31.8919, 352.5, 8532,-23.1,-33.3,-30.2, 39, 48, 0.65,281,11.6
2026-06-16 17:28:04,-102.1709,31.8918, 352.3, 8536,-23.1,-33.4,-30.3, 38, 48, 0.65,281,11.7
2026-06-16 17:28:05,-102.1708,31.8918, 352.0, 8541,-23.1,-33.4,-30.3, 38, 48, 0.65,281,11.7
2026-06-16 17:28:06,-102.1706,31.8918, 351.8, 8546,-23.2,-33.5,-30.4, 38, 48, 0.64,281,11.7
2026-06-16 17:28:07,-102.1705,31.8918, 351.6, 8551,-23.2,-33.7,-30.6, 38, 47, 0.63,281,11.8
2026-06-16 17:28:08,-102.1704,31.8918, 351.3, 8557,-23.2,-33.8,-30.7, 37, 47, 0.63,280,11.8
2026-06-16 17:28:09,-102.1702,31.8917, 351.0, 8563,-23.3,-34.0,-30.9, 37, 46, 0.62,280,11.8
2026-06-16 17:28:10,-102.1701,31.8917, 350.7, 8569,-23.3,-34.1,-31.0, 36, 46, 0.61,280,11.9
2026-06-16 17:28:11,-102.1700,31.8917, 350.4, 8575,-23.3,-34.3,-31.1, 36, 45, 0.60,280,11.9
2026-06-16 17:28:12,-102.1698,31.8917, 350.1, 8581,-23.4,-34.4,-31.3, 36, 45, 0.59,280,11.9
2026-06-16 17:28:13,-102.1697,31.8916, 349.8, 8587,-23.4,-34.6,-31.4, 35, 44, 0.58,280,12.0
2026-06-16 17:28:14,-102.1696,31.8916, 349.5, 8594,-23.4,-34.7,-31.6, 35, 44, 0.58,280,12.0
2026-06-16 17:28:15,-102.1694,31.8916, 349.2, 8601,-23.5,-34.9,-31.7, 34, 43, 0.57,280,12.1
2026-06-16 17:28:16,-102.1693,31.8916, 348.9, 8608,-23.5,-35.0,-31.8, 34, 43, 0.56,280,12.1
2026-06-16 17:28:17,-102.1692,31.8915, 348.5, 8615,-23.6,-35.2,-32.0, 34, 42, 0.55,280,12.1
2026-06-16 17:28:18,-102.1690,31.8915, 348.2, 8622,-23.6,-35.3,-32.1, 33, 42, 0.54,280,12.2
2026-06-16 17:28:19,-102.1689,31.8915, 347.9, 8628,-23.6,-35.5,-32.3, 33, 41, 0.53,280,12.2
2026-06-16 17:28:20,-102.1688,31.8915, 347.6, 8634,-23.7,-36.0,-32.7, 31, 40, 0.51,280,12.2
2026-06-16 17:28:21,-102.1686,31.8914, 347.3, 8640,-23.7,-36.4,-33.1, 30, 38, 0.49,281,12.3
2026-06-16 17:28:22,-102.1685,31.8914, 347.0, 8647,-23.7,-36.9,-33.6, 29, 36, 0.47,281,12.3
2026-06-16 17:28:23,-102.1684,31.8914, 346.8, 8653,-23.7,-37.4,-34.0, 27, 35, 0.45,281,12.4
2026-06-16 17:28:24,-102.1682,31.8914, 346.5, 8659,-23.8,-37.9,-34.5, 26, 33, 0.42,281,12.4
2026-06-16 17:28:25,-102.1681,31.8913, 346.2, 8663,-23.8,-38.4,-35.0, 25, 31, 0.40,281,12.5
2026-06-16 17:28:26,-102.1680,31.8913, 346.0, 8668,-23.8,-39.0,-35.5, 24, 30, 0.38,281,12.5
2026-06-16 17:28:27,-102.1679,31.8913, 345.7, 8673,-23.9,-39.6,-36.1, 22, 28, 0.36,281,12.5
2026-06-16 17:28:28,-102.1677,31.8913, 345.5, 8678,-23.9,-40.2,-36.7, 21, 26, 0.34,282,12.6
2026-06-16 17:28:29,-102.1676,31.8912, 345.3, 8682,-23.9,-40.8,-37.3, 20, 25, 0.31,282,12.6
2026-06-16 17:28:30,-102.1675,31.8912, 345.0, 8688,-24.0,-41.6,-38.0, 18, 23, 0.29,282,12.7
2026-06-16 17:28:31,-102.1673,31.8912, 344.8, 8693,-24.0,-42.3,-38.7, 17, 21, 0.27,282,12.7
2026-06-16 17:28:32,-102.1672,31.8912, 344.5, 8698,-24.0,-43.1,-39.4, 16, 20, 0.25,282,12.8
2026-06-16 17:28:33,-102.1671,31.8911, 344.3, 8704,-24.1,-43.7,-40.0, 15, 19, 0.23,282,12.8
2026-06-16 17:28:34,-102.1669,31.8911, 344.0, 8709,-24.1,-44.3,-40.6, 14, 17, 0.22,283,12.8
2026-06-16 17:28:35,-102.1668,31.8911, 343.8, 8714,-24.1,-44.9,-41.2, 13, 16, 0.20,283,12.9
2026-06-16 17:28:36,-102.1667,31.8911, 343.5, 8720,-24.2,-45.6,-41.8, 12, 15, 0.19,283,12.9
2026-06-16 17:28:37,-102.1665,31.8910, 343.3, 8726,-24.2,-46.4,-42.5, 11, 14, 0.17,283,13.0
2026-06-16 17:28:38,-102.1664,31.8910, 343.0, 8732,-24.2,-47.2,-43.3, 10, 13, 0.16,283,13.0
2026-06-16 17:28:39,-102.1663,31.8910, 342.7, 8737,-24.3,-48.1,-44.2,  9, 12, 0.14,283,13.1
2026-06-16 17:28:40,-102.1661,31.8910, 342.4, 8743,-24.3,-49.1,-45.1,  8, 10, 0.13,283,13.1
2026-06-16 17:28:41,-102.1660,31.8909, 342.1, 8749,-24.3,-50.2,-46.2,  7,  9, 0.11,284,13.1
2026-06-16 17:28:42,-102.1659,31.8909, 341.8, 8756,-24.4,-51.4,-47.3,  6,  8, 0.10,284,13.1
2026-06-16 17:28:43,-102.1657,31.8909, 341.5, 8763,-24.4,-52.9,-48.7,  5,  7, 0.08,284,13.1
2026-06-16 17:28:44,-102.1656,31.8908, 341.2, 8770,-24.4,-54.6,-50.4,  4,  6, 0.07,284,13.1
2026-06-16 17:28:45,-102.1655,31.8908, 340.9, 8776,-24.5,-56.7,-52.5,  3,  4, 0.05,284,13.1
2026-06-16 17:28:46,-102.1653,31.8908, 340.7, 8781,-24.5,-58.9,-54.5,  3,  3, 0.04,284,13.1
2026-06-16 17:28:47,-102.1652,31.8907, 340.4, 8789,-24.6,-58.9,-54.5,  3,  3, 0.04,284,13.1
2026-06-16 17:28:48,-102.1651,31.8907, 340.1, 8794,-24.6,-58.9,-54.5,  3,  3, 0.04,284,13.1
2026-06-16 17:28:49,-102.1649,31.8907, 339.8, 8800,-24.7,-58.9,-54.5,  3,  3, 0.04,284,13.1
2026-06-16 17:28:50,-102.1648,31.8907, 339.5, 8805,-24.7,-58.9,-54.5,  3,  3, 0.04,285,13.1
2026-06-16 17:28:51,-102.1647,31.8906, 339.3, 8810,-24.8,-58.9,-54.5,  3,  3, 0.04,285,13.1
2026-06-16 17:28:52,-102.1645,31.8906, 339.1, 8815,-24.8,-58.9,-54.5,  3,  3, 0.04,285,13.1
2026-06-16 17:28:53,-102.1644,31.8906, 338.8, 8820,-24.9,-58.9,-54.5,  3,  3, 0.04,285,13.1
2026-06-16 17:28:54,-102.1643,31.8905, 338.6, 8825,-24.9,-58.9,-54.5,  3,  3, 0.04,285,13.1
2026-06-16 17:28:55,-102.1641,31.8905, 338.4, 8830,-24.9,-58.9,-54.5,  3,  4, 0.04,285,13.1
2026-06-16 17:28:56,-102.1640,31.8905, 338.1, 8835,-25.0,-58.9,-54.5,  3,  4, 0.04,285,13.1
2026-06-16 17:28:57,-102.1639,31.8904, 337.9, 8840,-25.0,-58.9,-54.5,  3,  4, 0.04,285,13.1
2026-06-16 17:28:58,-102.1637,31.8904, 337.7, 8845,-25.1,-58.9,-54.5,  3,  4, 0.04,286,13.1
2026-06-16 17:28:59,-102.1636,31.8904, 337.5, 8850,-25.1,-58.9,-54.5,  3,  4, 0.04,286,13.0
2026-06-16 17:29:00,-102.1635,31.8903, 337.2, 8854,-25.2,-58.7,-54.4,  3,  4, 0.04,286,13.0
2026-06-16 17:29:01,-102.1633,31.8903, 337.0, 8859,-25.2,-58.5,-54.2,  3,  4, 0.04,286,13.0
2026-06-16 17:29:02,-102.1632,31.8903, 336.8, 8864,-25.3,-58.3,-54.0,  3,  4, 0.04,285,13.0
2026-06-16 17:29:03,-102.1631,31.8903, 336.6, 8868,-25.3,-58.2,-53.8,  3,  4, 0.04,285,13.0
2026-06-16 17:29:04,-102.1629,31.8902, 336.3, 8873,-25.4,-58.0,-53.7,  3,  4, 0.05,285,13.0
2026-06-16 17:29:05,-102.1628,31.8902, 336.1, 8879,-25.5,-57.8,-53.5,  3,  4, 0.05,285,13.0
2026-06-16 17:29:06,-102.1627,31.8902, 335.8, 8884,-25.5,-57.7,-53.4,  3,  4, 0.05,285,12.9
2026-06-16 17:29:07,-102.1625,31.8902, 335.6, 8889,-25.6,-57.5,-53.2,  3,  4, 0.05,284,12.9
2026-06-16 17:29:08,-102.1624,31.8901, 335.3, 8895,-25.6,-57.4,-53.1,  4,  5, 0.05,284,12.9
2026-06-16 17:29:09,-102.1623,31.8901, 335.1, 8900,-25.7,-57.2,-52.9,  4,  5, 0.05,284,12.9
2026-06-16 17:29:10,-102.1621,31.8901, 334.8, 8907,-25.7,-57.1,-52.8,  4,  5, 0.05,284,12.9
2026-06-16 17:29:11,-102.1620,31.8901, 334.5, 8913,-25.8,-56.9,-52.7,  4,  5, 0.05,284,12.9
2026-06-16 17:29:12,-102.1619,31.8901, 334.2, 8919,-25.8,-56.8,-52.5,  4,  5, 0.05,283,12.8
2026-06-16 17:29:13,-102.1617,31.8901, 333.9, 8926,-25.9,-56.7,-52.4,  4,  5, 0.05,283,12.8
2026-06-16 17:29:14,-102.1616,31.8900, 333.7, 8932,-25.9,-56.6,-52.3,  4,  5, 0.05,283,12.8
2026-06-16 17:29:15,-102.1615,31.8900, 333.4, 8938,-26.0,-56.5,-52.2,  4,  5, 0.06,283,12.8
2026-06-16 17:29:16,-102.1613,31.8900, 333.1, 8944,-26.0,-56.4,-52.2,  4,  5, 0.06,283,12.8
2026-06-16 17:29:17,-102.1612,31.8900, 332.8, 8950,-26.1,-56.4,-52.1,  4,  5, 0.06,282,12.8
2026-06-16 17:29:18,-102.1611,31.8900, 332.6, 8956,-26.1,-56.3,-52.0,  4,  5, 0.06,282,12.8
2026-06-16 17:29:19,-102.1610,31.8900, 332.3, 8962,-26.2,-56.2,-51.9,  4,  6, 0.06,282,12.7
2026-06-16 17:29:20,-102.1608,31.8899, 332.0, 8968,-26.2,-56.1,-51.9,  4,  6, 0.06,282,12.7
2026-06-16 17:29:21,-102.1607,31.8899, 331.6, 8975,-26.3,-56.1,-51.8,  4,  6, 0.06,282,12.7
2026-06-16 17:29:22,-102.1606,31.8899, 331.3, 8982,-26.4,-56.0,-51.7,  4,  6, 0.06,281,12.7
2026-06-16 17:29:23,-102.1604,31.8899, 331.0, 8989,-26.4,-55.9,-51.7,  5,  6, 0.06,281,12.7
2026-06-16 17:29:24,-102.1603,31.8899, 330.7, 8996,-26.5,-55.8,-51.6,  5,  6, 0.06,281,12.7
2026-06-16 17:29:25,-102.1602,31.8899, 330.4, 9003,-26.5,-55.8,-51.5,  5,  6, 0.06,280,12.7
2026-06-16 17:29:26,-102.1600,31.8898, 330.1, 9010,-26.6,-55.7,-51.5,  5,  6, 0.06,280,12.8
2026-06-16 17:29:27,-102.1599,31.8898, 329.7, 9017,-26.6,-55.0,-50.7,  5,  7, 0.07,280,12.8
2026-06-16 17:29:28,-102.1598,31.8898, 329.4, 9024,-26.7,-54.2,-50.0,  6,  7, 0.07,279,12.8
2026-06-16 17:29:29,-102.1596,31.8898, 329.1, 9031,-26.7,-53.5,-49.4,  6,  8, 0.08,279,12.8
2026-06-16 17:29:30,-102.1595,31.8898, 328.8, 9038,-26.8,-52.9,-48.8,  7,  9, 0.09,279,12.8
2026-06-16 17:29:31,-102.1594,31.8897, 328.5, 9045,-26.8,-52.4,-48.2,  7,  9, 0.09,278,12.8
2026-06-16 17:29:32,-102.1592,31.8897, 328.2, 9051,-26.9,-51.8,-47.7,  8, 10, 0.10,278,12.8
2026-06-16 17:29:33,-102.1591,31.8897, 327.9, 9057,-26.9,-51.3,-47.3,  8, 11, 0.10,278,12.8
2026-06-16 17:29:34,-102.1590,31.8897, 327.7, 9063,-27.0,-50.9,-46.8,  9, 11, 0.11,278,12.8
2026-06-16 17:29:35,-102.1588,31.8897, 327.4, 9069,-27.0,-50.4,-46.4,  9, 12, 0.12,277,12.8
2026-06-16 17:29:36,-102.1587,31.8897, 327.1, 9075,-27.1,-50.0,-46.0, 10, 12, 0.12,277,12.8
2026-06-16 17:29:37,-102.1585,31.8897, 326.8, 9081,-27.1,-49.6,-45.7, 10, 13, 0.13,277,12.8
2026-06-16 17:29:38,-102.1584,31.8897, 326.6, 9087,-27.2,-49.3,-45.3, 11, 14, 0.13,276,12.9
2026-06-16 17:29:39,-102.1583,31.8897, 326.3, 9093,-27.3,-48.9,-45.0, 11, 14, 0.14,276,12.9
2026-06-16 17:29:40,-102.1581,31.8897, 326.0, 9099,-27.3,-48.4,-44.5, 12, 15, 0.15,276,12.9
2026-06-16 17:29:41,-102.1580,31.8897, 325.7, 9105,-27.4,-47.8,-43.9, 13, 16, 0.16,275,12.9
2026-06-16 17:29:42,-102.1578,31.8897, 325.4, 9111,-27.4,-47.2,-43.3, 14, 18, 0.17,275,13.0
2026-06-16 17:29:43,-102.1577,31.8897, 325.2, 9118,-27.5,-46.6,-42.8, 15, 19, 0.18,275,13.0
2026-06-16 17:29:44,-102.1575,31.8897, 324.9, 9124,-27.5,-46.1,-42.3, 15, 20, 0.19,274,13.1
2026-06-16 17:29:45,-102.1574,31.8897, 324.6, 9130,-27.6,-45.6,-41.8, 16, 21, 0.20,274,13.1
2026-06-16 17:29:46,-102.1572,31.8897, 324.3, 9137,-27.6,-45.1,-41.3, 17, 23, 0.21,274,13.2
2026-06-16 17:29:47,-102.1571,31.8897, 324.0, 9143,-27.7,-44.7,-40.9, 18, 24, 0.22,273,13.2
2026-06-16 17:29:48,-102.1569,31.8897, 323.7, 9150,-27.7,-44.3,-40.6, 19, 25, 0.23,273,13.3
2026-06-16 17:29:49,-102.1568,31.8897, 323.4, 9156,-27.8,-43.9,-40.2, 20, 26, 0.24,273,13.4
2026-06-16 17:29:50,-102.1566,31.8897, 323.1, 9163,-27.8,-43.5,-39.8, 21, 28, 0.25,272,13.4
2026-06-16 17:29:51,-102.1565,31.8897, 322.9, 9170,-27.9,-43.2,-39.5, 22, 29, 0.26,272,13.5
2026-06-16 17:29:52,-102.1564,31.8897, 322.6, 9176,-28.0,-42.9,-39.2, 23, 30, 0.27,272,13.5
2026-06-16 17:29:53,-102.1562,31.8897, 322.3, 9183,-28.0,-42.5,-38.9, 24, 31, 0.28,271,13.6
2026-06-16 17:29:54,-102.1561,31.8897, 322.0, 9189,-28.1,-42.4,-38.7, 24, 32, 0.29,271,13.6
2026-06-16 17:29:55,-102.1559,31.8897, 321.7, 9194,-28.1,-42.2,-38.6, 25, 33, 0.29,271,13.7
2026-06-16 17:29:56,-102.1558,31.8897, 321.5, 9199,-28.2,-42.0,-38.4, 25, 33, 0.30,270,13.8
2026-06-16 17:29:57,-102.1556,31.8897, 321.3, 9205,-28.2,-41.9,-38.3, 26, 34, 0.30,270,13.8
2026-06-16 17:29:58,-102.1555,31.8897, 321.0, 9210,-28.3,-41.7,-38.1, 27, 35, 0.31,270,13.9
2026-06-16 17:29:59,-102.1553,31.8897, 320.8, 9215,-28.3,-41.6,-38.0, 27, 36, 0.31,269,13.9
2026-06-16 17:30:00,-102.1552,31.8897, 320.6, 9220,-28.4,-41.4,-37.8, 28, 36, 0.32,269,14.0
2026-06-16 17:30:01,-102.1550,31.8897, 320.3, 9225,-28.4,-41.3,-37.7, 28, 37, 0.32,269,14.0
2026-06-16 17:30:02,-102.1549,31.8897, 320.1, 9231,-28.5,-41.1,-37.6, 29, 38, 0.33,269,14.0
2026-06-16 17:30:03,-102.1548,31.8897, 319.8, 9236,-28.5,-41.0,-37.5, 29, 39, 0.33,269,14.0
2026-06-16 17:30:04,-102.1546,31.8897, 319.5, 9241,-28.6,-40.9,-37.3, 30, 39, 0.34,269,14.0
2026-06-16 17:30:05,-102.1544,31.8897, 319.3, 9247,-28.6,-40.7,-37.2, 30, 40, 0.34,269,14.0
2026-06-16 17:30:06,-102.1543,31.8897, 318.9, 9257,-28.7,-40.6,-37.0, 31, 41, 0.35,269,14.0
2026-06-16 17:30:07,-102.1542,31.8897, 318.7, 9261,-28.7,-40.6,-37.1, 31, 41, 0.35,269,14.0
2026-06-16 17:30:08,-102.1540,31.8897, 318.4, 9268,-28.8,-40.7,-37.1, 31, 41, 0.35,268,14.0
2026-06-16 17:30:09,-102.1538,31.8897, 318.1, 9275,-28.9,-40.7,-37.2, 31, 41, 0.34,268,14.0
2026-06-16 17:30:10,-102.1537,31.8897, 317.9, 9282,-28.9,-40.8,-37.2, 31, 41, 0.34,268,13.9
2026-06-16 17:30:11,-102.1535,31.8897, 317.6, 9289,-29.0,-40.8,-37.3, 31, 41, 0.34,268,13.9
2026-06-16 17:30:12,-102.1534,31.8897, 317.3, 9295,-29.0,-40.9,-37.4, 31, 41, 0.34,268,13.9
2026-06-16 17:30:13,-102.1532,31.8897, 317.0, 9301,-29.1,-41.0,-37.4, 31, 41, 0.34,268,13.9
2026-06-16 17:30:14,-102.1531,31.8897, 316.7, 9307,-29.1,-41.0,-37.5, 31, 41, 0.34,268,13.9
2026-06-16 17:30:15,-102.1529,31.8897, 316.4, 9313,-29.2,-41.1,-37.5, 31, 41, 0.33,268,13.9
2026-06-16 17:30:16,-102.1528,31.8897, 316.2, 9319,-29.2,-41.1,-37.6, 31, 41, 0.33,268,13.9
2026-06-16 17:30:17,-102.1526,31.8897, 315.9, 9325,-29.3,-41.2,-37.6, 31, 41, 0.33,268,13.9
2026-06-16 17:30:18,-102.1524,31.8897, 315.6, 9331,-29.3,-41.3,-37.7, 31, 41, 0.33,268,13.9
2026-06-16 17:30:19,-102.1523,31.8897, 315.4, 9337,-29.4,-41.3,-37.8, 31, 41, 0.33,268,13.9
2026-06-16 17:30:20,-102.1521,31.8897, 315.1, 9343,-29.4,-41.4,-37.8, 30, 41, 0.32,267,13.9
2026-06-16 17:30:21,-102.1520,31.8897, 314.8, 9349,-29.5,-41.6,-38.0, 30, 40, 0.32,268,14.0
2026-06-16 17:30:22,-102.1518,31.8897, 314.5, 9356,-29.5,-41.8,-38.2, 29, 39, 0.31,268,14.0
2026-06-16 17:30:23,-102.1517,31.8897, 314.2, 9363,-29.5,-42.1,-38.5, 29, 38, 0.30,268,14.1
2026-06-16 17:30:24,-102.1515,31.8897, 313.9, 9370,-29.6,-42.3,-38.7, 28, 38, 0.30,268,14.2
2026-06-16 17:30:25,-102.1513,31.8897, 313.6, 9377,-29.6,-42.5,-38.9, 28, 37, 0.29,268,14.3
2026-06-16 17:30:26,-102.1512,31.8897, 313.3, 9384,-29.6,-42.8,-39.1, 27, 36, 0.28,269,14.3
2026-06-16 17:30:27,-102.1510,31.8897, 313.0, 9392,-29.7,-43.0,-39.3, 26, 35, 0.28,269,14.4
2026-06-16 17:30:28,-102.1509,31.8897, 312.7, 9399,-29.7,-43.2,-39.6, 26, 35, 0.27,269,14.5
2026-06-16 17:30:29,-102.1507,31.8897, 312.3, 9406,-29.8,-43.5,-39.8, 25, 34, 0.26,269,14.5
2026-06-16 17:30:30,-102.1506,31.8897, 312.0, 9413,-29.8,-43.8,-40.1, 25, 33, 0.25,269,14.6
2026-06-16 17:30:31,-102.1504,31.8897, 311.7, 9420,-29.8,-44.0,-40.3, 24, 32, 0.25,270,14.7
2026-06-16 17:30:32,-102.1503,31.8897, 311.4, 9427,-29.9,-44.3,-40.6, 23, 31, 0.24,270,14.8
2026-06-16 17:30:33,-102.1501,31.8897, 311.1, 9434,-29.9,-44.7,-41.0, 22, 30, 0.23,270,14.8
2026-06-16 17:30:34,-102.1499,31.8897, 310.8, 9441,-29.9,-45.1,-41.3, 22, 29, 0.22,270,14.9
2026-06-16 17:30:35,-102.1498,31.8897, 310.5, 9447,-30.0,-45.6,-41.8, 21, 28, 0.21,270,15.0
2026-06-16 17:30:36,-102.1496,31.8897, 310.2, 9454,-30.0,-46.0,-42.2, 20, 26, 0.20,270,15.0
2026-06-16 17:30:37,-102.1495,31.8897, 309.9, 9461,-30.0,-46.5,-42.6, 19, 25, 0.19,271,15.1
2026-06-16 17:30:38,-102.1493,31.8897, 309.6, 9467,-30.0,-47.0,-43.1, 18, 24, 0.18,271,15.2
2026-06-16 17:30:39,-102.1491,31.8897, 309.3, 9474,-30.1,-47.5,-43.6, 17, 23, 0.17,271,15.3
2026-06-16 17:30:40,-102.1489,31.8897, 309.0, 9481,-30.1,-48.0,-44.1, 16, 21, 0.16,271,15.3
2026-06-16 17:30:41,-102.1488,31.8897, 308.7, 9488,-30.1,-48.6,-44.7, 15, 20, 0.15,271,15.4
2026-06-16 17:30:42,-102.1486,31.8897, 308.4, 9495,-30.1,-49.2,-45.2, 14, 19, 0.14,271,15.5
2026-06-16 17:30:43,-102.1484,31.8897, 308.1, 9503,-30.2,-49.9,-45.9, 13, 17, 0.13,272,15.6
2026-06-16 17:30:44,-102.1482,31.8897, 307.9, 9510,-30.2,-50.6,-46.5, 12, 16, 0.12,272,15.7
2026-06-16 17:30:45,-102.1480,31.8896, 307.6, 9515,-30.2,-51.3,-47.3, 11, 15, 0.11,272,15.8
2026-06-16 17:30:46,-102.1479,31.8896, 307.4, 9521,-30.3,-52.2,-48.1, 10, 13, 0.10,272,15.9
2026-06-16 17:30:47,-102.1477,31.8896, 307.1, 9527,-30.3,-53.1,-49.0,  9, 12, 0.09,272,16.0
2026-06-16 17:30:48,-102.1475,31.8896, 306.8, 9532,-30.3,-54.1,-50.0,  8, 11, 0.08,272,16.1
2026-06-16 17:30:49,-102.1473,31.8896, 306.6, 9538,-30.4,-55.3,-51.1,  7,  9, 0.07,272,16.2
2026-06-16 17:30:50,-102.1471,31.8896, 306.4, 9543,-30.4,-55.9,-51.6,  7,  9, 0.07,273,16.2
2026-06-16 17:30:51,-102.1470,31.8896, 306.1, 9548,-30.4,-55.9,-51.7,  7,  9, 0.07,273,16.3
2026-06-16 17:30:52,-102.1468,31.8896, 305.9, 9553,-30.5,-55.9,-51.7,  7,  9, 0.06,273,16.4
2026-06-16 17:30:53,-102.1466,31.8896, 305.7, 9559,-30.5,-56.0,-51.7,  7,  9, 0.06,273,16.5
2026-06-16 17:30:54,-102.1464,31.8896, 305.5, 9564,-30.6,-56.0,-51.8,  7,  9, 0.06,273,16.6
2026-06-16 17:30:55,-102.1462,31.8896, 305.3, 9569,-30.6,-56.1,-51.8,  7,  9, 0.06,273,16.7
2026-06-16 17:30:56,-102.1461,31.8895, 305.0, 9574,-30.6,-56.1,-51.8,  7,  9, 0.06,273,16.8
2026-06-16 17:30:57,-102.1459,31.8895, 304.8, 9580,-30.7,-56.1,-51.9,  7,  9, 0.06,273,16.9
2026-06-16 17:30:58,-102.1457,31.8895, 304.6, 9585,-30.7,-56.2,-51.9,  7,  9, 0.06,274,17.0
2026-06-16 17:30:59,-102.1455,31.8895, 304.3, 9591,-30.8,-56.2,-52.0,  7,  9, 0.06,274,17.1
2026-06-16 17:31:00,-102.1453,31.8895, 304.1, 9596,-30.8,-56.2,-52.0,  7,  9, 0.06,274,17.2
2026-06-16 17:31:01,-102.1452,31.8895, 303.8, 9602,-30.8,-56.3,-52.0,  6,  9, 0.06,274,17.2
2026-06-16 17:31:02,-102.1450,31.8895, 303.6, 9608,-30.9,-56.3,-52.1,  6,  9, 0.06,274,17.2
2026-06-16 17:31:03,-102.1448,31.8895, 303.4, 9613,-30.9,-56.4,-52.1,  6,  9, 0.06,274,17.2
2026-06-16 17:31:04,-102.1446,31.8895, 303.0, 9620,-31.0,-56.4,-52.1,  7,  9, 0.06,274,17.2
2026-06-16 17:31:05,-102.1445,31.8895, 302.8, 9626,-31.1,-56.4,-52.2,  7,  9, 0.06,274,17.2
2026-06-16 17:31:06,-102.1443,31.8894, 302.5, 9633,-31.1,-56.4,-52.2,  7,  9, 0.06,274,17.2
2026-06-16 17:31:07,-102.1441,31.8894, 302.2, 9639,-31.2,-56.5,-52.2,  7,  9, 0.06,274,17.2
2026-06-16 17:31:08,-102.1439,31.8894, 302.0, 9646,-31.2,-56.5,-52.2,  7,  9, 0.06,274,17.2
2026-06-16 17:31:09,-102.1437,31.8894, 301.7, 9652,-31.3,-56.5,-52.2,  7,  9, 0.06,274,17.2
2026-06-16 17:31:10,-102.1435,31.8894, 301.4, 9659,-31.3,-56.5,-52.2,  7,  9, 0.06,274,17.2
2026-06-16 17:31:11,-102.1433,31.8894, 301.1, 9666,-31.4,-56.5,-52.3,  7,  9, 0.06,274,17.2
2026-06-16 17:31:12,-102.1432,31.8894, 300.8, 9673,-31.4,-56.5,-52.3,  7,  9, 0.06,274,17.2
2026-06-16 17:31:13,-102.1430,31.8893, 300.5, 9679,-31.5,-56.6,-52.3,  7,  9, 0.06,274,17.2
2026-06-16 17:31:14,-102.1428,31.8893, 300.2, 9686,-31.5,-56.6,-52.3,  7,  9, 0.06,274,17.2
2026-06-16 17:31:15,-102.1426,31.8893, 300.0, 9692,-31.6,-56.6,-52.3,  7,  9, 0.06,275,17.2
2026-06-16 17:31:16,-102.1424,31.8893, 299.7, 9700,-31.6,-56.6,-52.4,  7,  9, 0.06,275,17.2
2026-06-16 17:31:17,-102.1422,31.8893, 299.4, 9707,-31.7,-56.5,-52.2,  7,  9, 0.06,275,17.2
2026-06-16 17:31:18,-102.1420,31.8893, 299.1, 9714,-31.7,-56.4,-52.1,  7, 10, 0.06,275,17.2
2026-06-16 17:31:19,-102.1419,31.8892, 298.8, 9720,-31.8,-56.2,-52.0,  7, 10, 0.06,275,17.2
2026-06-16 17:31:20,-102.1417,31.8892, 298.5, 9726,-31.9,-56.1,-51.8,  7, 10, 0.07,275,17.2
2026-06-16 17:31:21,-102.1415,31.8892, 298.3, 9733,-31.9,-55.9,-51.7,  8, 10, 0.07,275,17.3
2026-06-16 17:31:22,-102.1413,31.8892, 298.0, 9739,-32.0,-55.8,-51.5,  8, 11, 0.07,275,17.3
2026-06-16 17:31:23,-102.1411,31.8892, 297.7, 9746,-32.0,-55.6,-51.4,  8, 11, 0.07,275,17.4
2026-06-16 17:31:24,-102.1409,31.8891, 297.5, 9752,-32.1,-55.5,-51.3,  8, 11, 0.07,275,17.4
2026-06-16 17:31:25,-102.1407,31.8891, 297.2, 9759,-32.1,-55.4,-51.1,  8, 11, 0.07,275,17.5
2026-06-16 17:31:26,-102.1405,31.8891, 296.9, 9765,-32.2,-55.2,-51.0,  8, 12, 0.07,275,17.5
2026-06-16 17:31:27,-102.1404,31.8891, 296.7, 9771,-32.3,-55.1,-50.9,  9, 12, 0.07,276,17.6
2026-06-16 17:31:28,-102.1402,31.8891, 296.4, 9778,-32.3,-55.0,-50.8,  9, 12, 0.07,276,17.6
2026-06-16 17:31:29,-102.1400,31.8891, 296.1, 9784,-32.4,-54.9,-50.7,  9, 12, 0.08,276,17.7
2026-06-16 17:31:30,-102.1398,31.8890, 295.9, 9790,-32.4,-54.6,-50.4,  9, 13, 0.08,276,17.7
2026-06-16 17:31:31,-102.1396,31.8890, 295.6, 9796,-32.5,-54.0,-49.9, 10, 14, 0.08,276,17.8
2026-06-16 17:31:32,-102.1394,31.8890, 295.3, 9802,-32.5,-53.5,-49.3, 11, 15, 0.09,276,17.8
2026-06-16 17:31:33,-102.1392,31.8890, 295.1, 9809,-32.6,-53.0,-48.9, 11, 16, 0.10,276,17.9
2026-06-16 17:31:34,-102.1390,31.8890, 294.8, 9815,-32.7,-52.5,-48.4, 12, 17, 0.10,276,17.9
2026-06-16 17:31:35,-102.1389,31.8890, 294.5, 9821,-32.7,-52.1,-48.0, 13, 18, 0.11,276,18.0
2026-06-16 17:31:36,-102.1387,31.8889, 294.2, 9828,-32.8,-51.7,-47.6, 14, 19, 0.11,276,18.0
2026-06-16 17:31:37,-102.1385,31.8889, 294.0, 9835,-32.8,-51.3,-47.2, 14, 20, 0.12,277,18.1
2026-06-16 17:31:38,-102.1383,31.8889, 293.7, 9842,-32.9,-50.9,-46.9, 15, 21, 0.12,277,18.1
2026-06-16 17:31:39,-102.1381,31.8889, 293.4, 9849,-33.0,-50.6,-46.5, 16, 22, 0.13,277,18.2
2026-06-16 17:31:40,-102.1379,31.8889, 293.2, 9856,-33.0,-50.2,-46.2, 16, 23, 0.13,277,18.2
2026-06-16 17:31:41,-102.1377,31.8888, 292.9, 9862,-33.1,-49.9,-45.9, 17, 24, 0.14,277,18.3
2026-06-16 17:31:42,-102.1375,31.8888, 292.6, 9867,-33.1,-49.6,-45.6, 18, 24, 0.14,277,18.4
2026-06-16 17:31:43,-102.1373,31.8888, 292.4, 9873,-33.2,-49.3,-45.4, 18, 25, 0.15,277,18.5
2026-06-16 17:31:44,-102.1371,31.8888, 292.1, 9879,-33.2,-49.2,-45.2, 19, 26, 0.15,277,18.5
2026-06-16 17:31:45,-102.1368,31.8887, 291.9, 9885,-33.3,-49.0,-45.1, 19, 27, 0.15,277,18.6
2026-06-16 17:31:46,-102.1366,31.8887, 291.7, 9890,-33.4,-48.9,-44.9, 20, 27, 0.16,277,18.7
2026-06-16 17:31:47,-102.1364,31.8887, 291.4, 9896,-33.4,-48.7,-44.8, 20, 28, 0.16,277,18.8
2026-06-16 17:31:48,-102.1362,31.8887, 291.2, 9902,-33.5,-48.6,-44.7, 21, 29, 0.16,277,18.8
2026-06-16 17:31:49,-102.1360,31.8886, 291.0, 9908,-33.5,-48.5,-44.5, 21, 29, 0.16,277,18.9
2026-06-16 17:31:50,-102.1358,31.8886, 290.7, 9913,-33.6,-48.3,-44.4, 21, 30, 0.17,277,19.0
2026-06-16 17:31:51,-102.1356,31.8886, 290.5, 9919,-33.7,-48.2,-44.3, 22, 30, 0.17,277,19.1
2026-06-16 17:31:52,-102.1354,31.8886, 290.2, 9925,-33.7,-48.1,-44.2, 22, 31, 0.17,277,19.1
2026-06-16 17:31:53,-102.1352,31.8885, 290.0, 9931,-33.8,-48.0,-44.1, 23, 32, 0.17,277,19.2
2026-06-16 17:31:54,-102.1350,31.8885, 289.8, 9936,-33.8,-47.9,-43.9, 23, 32, 0.18,277,19.3
2026-06-16 17:31:55,-102.1348,31.8885, 289.5, 9942,-33.9,-47.7,-43.8, 24, 33, 0.18,277,19.4
2026-06-16 17:31:56,-102.1346,31.8885, 289.2, 9948,-33.9,-47.6,-43.7, 24, 33, 0.18,277,19.4
2026-06-16 17:31:57,-102.1344,31.8884, 289.0, 9954,-34.0,-47.5,-43.7, 24, 34, 0.18,277,19.5
2026-06-16 17:31:58,-102.1342,31.8884, 288.7, 9962,-34.1,-47.5,-43.6, 25, 35, 0.18,277,19.6
2026-06-16 17:31:59,-102.1340,31.8884, 288.4, 9969,-34.1,-47.4,-43.5, 25, 35, 0.19,277,19.7
2026-06-16 17:32:00,-102.1337,31.8884, 288.1, 9976,-34.2,-47.3,-43.4, 26, 36, 0.19,277,19.7
2026-06-16 17:32:01,-102.1335,31.8884, 287.8, 9983,-34.2,-47.2,-43.3, 26, 36, 0.19,277,19.7
2026-06-16 17:32:02,-102.1333,31.8883, 287.6, 9990,-34.3,-47.1,-43.2, 26, 37, 0.19,277,19.8
2026-06-16 17:32:03,-102.1331,31.8883, 287.3, 9997,-34.4,-47.0,-43.2, 27, 37, 0.19,277,19.8
2026-06-16 17:32:04,-102.1329,31.8883, 287.0,10004,-34.4,-47.0,-43.1, 27, 38, 0.20,277,19.8
2026-06-16 17:32:05,-102.1327,31.8883, 286.7,10010,-34.5,-46.9,-43.0, 27, 38, 0.20,277,19.8
2026-06-16 17:32:06,-102.1325,31.8882, 286.5,10016,-34.5,-46.8,-42.9, 28, 39, 0.20,278,19.8
2026-06-16 17:32:07,-102.1323,31.8882, 286.2,10023,-34.6,-46.7,-42.9, 28, 40, 0.20,278,19.8
2026-06-16 17:32:08,-102.1321,31.8882, 286.0,10029,-34.6,-46.7,-42.8, 29, 40, 0.20,278,19.8
2026-06-16 17:32:09,-102.1319,31.8882, 285.7,10035,-34.7,-46.6,-42.7, 29, 41, 0.20,278,19.8
2026-06-16 17:32:10,-102.1317,31.8881, 285.5,10041,-34.8,-46.5,-42.7, 29, 41, 0.21,278,19.8
2026-06-16 17:32:11,-102.1315,31.8881, 285.3,10046,-34.8,-46.5,-42.6, 30, 42, 0.21,278,19.8
2026-06-16 17:32:12,-102.1313,31.8881, 285.1,10051,-34.9,-46.4,-42.6, 30, 42, 0.21,278,19.8
2026-06-16 17:32:13,-102.1311,31.8881, 284.8,10057,-34.9,-46.5,-42.7, 30, 42, 0.21,278,19.8
2026-06-16 17:32:14,-102.1309,31.8880, 284.5,10065,-35.0,-46.7,-42.8, 30, 42, 0.20,279,19.8
2026-06-16 17:32:15,-102.1307,31.8880, 284.2,10072,-35.1,-46.8,-42.9, 29, 41, 0.20,279,19.8
2026-06-16 17:32:16,-102.1305,31.8880, 283.9,10079,-35.1,-46.9,-43.0, 29, 41, 0.20,279,19.8
2026-06-16 17:32:17,-102.1303,31.8879, 283.6,10087,-35.2,-47.0,-43.1, 29, 41, 0.20,279,19.8
2026-06-16 17:32:18,-102.1301,31.8879, 283.3,10094,-35.2,-47.1,-43.2, 29, 41, 0.19,279,19.8
2026-06-16 17:32:19,-102.1298,31.8879, 283.0,10101,-35.3,-47.2,-43.3, 29, 40, 0.19,279,19.9
2026-06-16 17:32:20,-102.1296,31.8879, 282.8,10107,-35.3,-47.3,-43.5, 28, 40, 0.19,279,19.9
2026-06-16 17:32:21,-102.1294,31.8878, 282.5,10114,-35.4,-47.5,-43.6, 28, 40, 0.19,279,19.8
2026-06-16 17:32:22,-102.1291,31.8878, 282.2,10120,-35.5,-47.6,-43.7, 28, 40, 0.19,279,19.8
2026-06-16 17:32:23,-102.1290,31.8878, 281.9,10130,-35.6,-47.7,-43.8, 28, 39, 0.18,279,19.8
2026-06-16 17:32:24,-102.1288,31.8877, 281.7,10133,-35.6,-47.7,-43.8, 28, 39, 0.18,279,19.8
2026-06-16 17:32:25,-102.1286,31.8877, 281.5,10139,-35.6,-47.7,-43.8, 28, 40, 0.18,279,19.8
2026-06-16 17:32:26,-102.1284,31.8877, 281.2,10145,-35.7,-47.6,-43.7, 28, 40, 0.18,279,19.7
2026-06-16 17:32:27,-102.1282,31.8877, 281.0,10151,-35.8,-47.6,-43.7, 29, 41, 0.19,279,19.7
2026-06-16 17:32:28,-102.1280,31.8876, 280.7,10157,-35.8,-47.6,-43.7, 29, 41, 0.19,279,19.7
2026-06-16 17:32:29,-102.1278,31.8876, 280.5,10163,-35.9,-47.5,-43.6, 29, 42, 0.19,279,19.7
2026-06-16 17:32:30,-102.1276,31.8876, 280.3,10169,-36.0,-47.5,-43.6, 30, 42, 0.19,279,19.7
2026-06-16 17:32:31,-102.1274,31.8876, 280.0,10175,-36.0,-47.5,-43.6, 30, 43, 0.19,279,19.7
2026-06-16 17:32:32,-102.1272,31.8875, 279.8,10181,-36.1,-47.4,-43.5, 30, 43, 0.19,279,19.6
2026-06-16 17:32:33,-102.1270,31.8875, 279.5,10188,-36.1,-47.4,-43.5, 31, 43, 0.19,279,19.6
2026-06-16 17:32:34,-102.1268,31.8875, 279.2,10194,-36.2,-47.4,-43.5, 31, 44, 0.19,279,19.6
2026-06-16 17:32:35,-102.1266,31.8874, 279.0,10201,-36.3,-47.3,-43.5, 31, 44, 0.19,279,19.6
2026-06-16 17:32:36,-102.1264,31.8874, 278.7,10207,-36.3,-47.3,-43.4, 31, 45, 0.19,279,19.6
2026-06-16 17:32:37,-102.1262,31.8874, 278.5,10213,-36.4,-47.3,-43.4, 32, 45, 0.19,279,19.5
2026-06-16 17:32:38,-102.1260,31.8874, 278.2,10219,-36.4,-47.2,-43.3, 32, 46, 0.20,279,19.5
2026-06-16 17:32:39,-102.1258,31.8873, 278.0,10224,-36.5,-47.1,-43.2, 33, 47, 0.20,279,19.5
2026-06-16 17:32:40,-102.1256,31.8873, 277.8,10230,-36.6,-47.0,-43.2, 33, 47, 0.20,279,19.5
2026-06-16 17:32:41,-102.1254,31.8873, 277.6,10236,-36.6,-47.0,-43.1, 34, 48, 0.20,279,19.5
2026-06-16 17:32:42,-102.1252,31.8872, 277.3,10241,-36.7,-46.9,-43.0, 34, 49, 0.20,279,19.5
2026-06-16 17:32:43,-102.1250,31.8872, 277.1,10247,-36.7,-46.8,-42.9, 35, 50, 0.21,279,19.5
2026-06-16 17:32:44,-102.1247,31.8872, 276.9,10253,-36.8,-46.7,-42.9, 35, 50, 0.21,279,19.5
2026-06-16 17:32:45,-102.1245,31.8872, 276.6,10260,-36.9,-46.7,-42.8, 36, 51, 0.21,279,19.5
2026-06-16 17:32:46,-102.1243,31.8871, 276.4,10266,-36.9,-46.6,-42.7, 36, 52, 0.21,279,19.5
2026-06-16 17:32:47,-102.1241,31.8871, 276.1,10272,-37.0,-46.5,-42.7, 37, 53, 0.21,279,19.5
2026-06-16 17:32:48,-102.1239,31.8871, 275.9,10278,-37.0,-46.5,-42.6, 37, 53, 0.21,279,19.5
2026-06-16 17:32:49,-102.1236,31.8871, 275.6,10285,-37.1,-46.4,-42.6, 38, 54, 0.22,279,19.5
2026-06-16 17:32:50,-102.1235,31.8870, 275.3,10294,-37.2,-46.3,-42.5, 38, 55, 0.22,279,19.5
2026-06-16 17:32:51,-102.1233,31.8870, 275.1,10298,-37.2,-46.3,-42.5, 38, 55, 0.22,279,19.4
2026-06-16 17:32:52,-102.1231,31.8870, 274.9,10304,-37.3,-46.4,-42.6, 38, 55, 0.22,279,19.4
2026-06-16 17:32:53,-102.1229,31.8870, 274.6,10310,-37.3,-46.5,-42.6, 38, 55, 0.22,279,19.4
2026-06-16 17:32:54,-102.1227,31.8869, 274.4,10316,-37.4,-46.6,-42.7, 38, 55, 0.21,279,19.4
2026-06-16 17:32:55,-102.1225,31.8869, 274.1,10322,-37.4,-46.6,-42.8, 38, 55, 0.21,279,19.4
2026-06-16 17:32:56,-102.1223,31.8869, 273.9,10327,-37.5,-46.7,-42.8, 38, 55, 0.21,279,19.4
2026-06-16 17:32:57,-102.1221,31.8869, 273.7,10333,-37.6,-46.8,-42.9, 38, 55, 0.21,279,19.4
2026-06-16 17:32:58,-102.1219,31.8868, 273.4,10339,-37.6,-46.8,-43.0, 38, 54, 0.21,279,19.4
2026-06-16 17:32:59,-102.1217,31.8868, 273.2,10345,-37.7,-46.9,-43.0, 38, 54, 0.21,279,19.4
2026-06-16 17:33:00,-102.1215,31.8868, 273.0,10351,-37.7,-47.0,-43.1, 38, 54, 0.21,279,19.4
2026-06-16 17:33:01,-102.1213,31.8868, 272.7,10358,-37.8,-47.0,-43.2, 38, 54, 0.20,279,19.4
2026-06-16 17:33:02,-102.1210,31.8867, 272.5,10364,-37.8,-47.1,-43.2, 37, 54, 0.20,279,19.5
2026-06-16 17:33:03,-102.1208,31.8867, 272.2,10370,-37.9,-47.2,-43.3, 37, 54, 0.20,278,19.5
2026-06-16 17:33:04,-102.1206,31.8867, 272.0,10377,-38.0,-47.2,-43.4, 37, 54, 0.20,278,19.5
2026-06-16 17:33:05,-102.1204,31.8867, 271.7,10383,-38.0,-47.3,-43.4, 37, 54, 0.20,278,19.5
2026-06-16 17:33:06,-102.1202,31.8866, 271.5,10389,-38.1,-47.3,-43.5, 37, 54, 0.20,278,19.6
2026-06-16 17:33:07,-102.1200,31.8866, 271.2,10396,-38.1,-47.4,-43.5, 37, 54, 0.20,278,19.6
2026-06-16 17:33:08,-102.1198,31.8866, 271.0,10402,-38.2,-47.4,-43.5, 37, 54, 0.20,278,19.6
2026-06-16 17:33:09,-102.1196,31.8866, 270.7,10408,-38.2,-47.5,-43.6, 37, 54, 0.20,278,19.6
2026-06-16 17:33:10,-102.1194,31.8865, 270.5,10414,-38.3,-47.5,-43.6, 37, 54, 0.19,278,19.6
2026-06-16 17:33:11,-102.1192,31.8865, 270.2,10421,-38.4,-47.6,-43.7, 38, 55, 0.19,277,19.7
2026-06-16 17:33:12,-102.1190,31.8865, 270.0,10427,-38.4,-47.6,-43.7, 37, 55, 0.19,277,19.7
2026-06-16 17:33:13,-102.1188,31.8865, 269.7,10433,-38.5,-47.7,-43.8, 38, 55, 0.19,277,19.7
2026-06-16 17:33:14,-102.1186,31.8865, 269.5,10439,-38.5,-47.7,-43.8, 38, 55, 0.19,277,19.7
2026-06-16 17:33:15,-102.1184,31.8865, 269.3,10445,-38.6,-47.8,-43.9, 38, 55, 0.19,277,19.8
2026-06-16 17:33:16,-102.1182,31.8865, 269.0,10452,-38.6,-47.8,-43.9, 38, 55, 0.19,277,19.8
2026-06-16 17:33:17,-102.1180,31.8865, 268.8,10458,-38.7,-47.8,-43.9, 38, 55, 0.19,277,19.8
2026-06-16 17:33:18,-102.1178,31.8864, 268.5,10464,-38.7,-47.8,-43.9, 38, 55, 0.19,277,19.8
2026-06-16 17:33:19,-102.1176,31.8864, 268.3,10470,-38.8,-47.7,-43.8, 38, 56, 0.19,277,19.9
2026-06-16 17:33:20,-102.1174,31.8864, 268.0,10477,-38.9,-47.7,-43.8, 39, 57, 0.19,276,19.9
2026-06-16 17:33:21,-102.1172,31.8864, 267.8,10483,-38.9,-47.6,-43.7, 39, 58, 0.19,276,19.8
2026-06-16 17:33:22,-102.1170,31.8864, 267.6,10489,-39.0,-47.6,-43.7, 40, 58, 0.20,276,19.8
2026-06-16 17:33:23,-102.1168,31.8864, 267.3,10494,-39.0,-47.5,-43.6, 40, 59, 0.20,276,19.7
2026-06-16 17:33:24,-102.1166,31.8864, 267.1,10500,-39.1,-47.4,-43.6, 41, 60, 0.20,276,19.7
2026-06-16 17:33:25,-102.1164,31.8864, 266.9,10506,-39.1,-47.4,-43.5, 41, 61, 0.20,275,19.7
2026-06-16 17:33:26,-102.1162,31.8864, 266.7,10512,-39.2,-47.3,-43.5, 42, 61, 0.20,275,19.6
2026-06-16 17:33:27,-102.1160,31.8864, 266.4,10518,-39.2,-47.3,-43.4, 42, 62, 0.20,275,19.6
2026-06-16 17:33:28,-102.1157,31.8863, 266.2,10524,-39.3,-47.2,-43.4, 43, 63, 0.20,275,19.5
2026-06-16 17:33:29,-102.1155,31.8863, 266.0,10530,-39.4,-47.2,-43.3, 43, 64, 0.21,275,19.5
2026-06-16 17:33:30,-102.1153,31.8863, 265.7,10535,-39.4,-47.1,-43.3, 44, 64, 0.21,275,19.5
2026-06-16 17:33:31,-102.1151,31.8863, 265.5,10541,-39.5,-47.1,-43.2, 44, 65, 0.21,274,19.4
2026-06-16 17:33:32,-102.1149,31.8863, 265.3,10547,-39.5,-47.0,-43.2, 45, 66, 0.21,274,19.4
2026-06-16 17:33:33,-102.1147,31.8863, 265.1,10553,-39.6,-47.0,-43.1, 45, 67, 0.21,274,19.3
2026-06-16 17:33:34,-102.1145,31.8863, 264.8,10559,-39.6,-46.9,-43.1, 46, 68, 0.21,274,19.3
2026-06-16 17:33:35,-102.1143,31.8863, 264.6,10564,-39.7,-46.9,-43.0, 46, 68, 0.21,274,19.3
2026-06-16 17:33:36,-102.1141,31.8863, 264.4,10570,-39.8,-46.8,-43.0, 47, 69, 0.21,273,19.2
2026-06-16 17:33:37,-102.1139,31.8862, 264.2,10576,-39.8,-46.8,-42.9, 47, 70, 0.22,273,19.2
2026-06-16 17:33:38,-102.1137,31.8862, 263.9,10582,-39.9,-46.8,-42.9, 48, 71, 0.22,273,19.1
2026-06-16 17:33:39,-102.1135,31.8862, 263.7,10589,-39.9,-46.7,-42.9, 48, 71, 0.22,273,19.1
2026-06-16 17:33:40,-102.1133,31.8862, 263.4,10596,-40.0,-46.7,-42.8, 49, 72, 0.22,273,19.1
2026-06-16 17:33:41,-102.1131,31.8862, 263.1,10603,-40.0,-46.6,-42.8, 49, 73, 0.22,273,19.1
2026-06-16 17:33:42,-102.1129,31.8862, 262.9,10609,-40.1,-46.6,-42.7, 50, 74, 0.22,273,19.2
2026-06-16 17:33:43,-102.1127,31.8862, 262.6,10616,-40.2,-46.6,-42.7, 50, 75, 0.22,273,19.2
2026-06-16 17:33:44,-102.1125,31.8862, 262.4,10622,-40.2,-46.5,-42.7, 51, 75, 0.22,273,19.3
2026-06-16 17:33:45,-102.1123,31.8862, 262.2,10628,-40.3,-46.5,-42.6, 51, 76, 0.23,273,19.3
2026-06-16 17:33:46,-102.1120,31.8862, 262.0,10633,-40.3,-46.5,-42.6, 52, 77, 0.23,273,19.4
2026-06-16 17:33:47,-102.1118,31.8862, 261.7,10639,-40.4,-46.4,-42.6, 52, 78, 0.23,273,19.4
2026-06-16 17:33:48,-102.1116,31.8862, 261.5,10645,-40.4,-46.4,-42.5, 53, 79, 0.23,273,19.5
2026-06-16 17:33:49,-102.1114,31.8862, 261.3,10651,-40.5,-46.4,-42.5, 53, 79, 0.23,273,19.5
2026-06-16 17:33:50,-102.1112,31.8862, 261.1,10657,-40.6,-46.3,-42.5, 54, 80, 0.23,273,19.6
2026-06-16 17:33:51,-102.1110,31.8862, 260.8,10663,-40.6,-46.3,-42.5, 54, 81, 0.23,273,19.7
2026-06-16 17:33:52,-102.1107,31.8862, 260.6,10669,-40.7,-46.3,-42.5, 55, 81, 0.23,273,19.7
2026-06-16 17:33:53,-102.1105,31.8861, 260.4,10675,-40.7,-46.3,-42.5, 55, 82, 0.23,273,19.8
2026-06-16 17:33:54,-102.1103,31.8861, 260.1,10681,-40.8,-46.4,-42.5, 55, 82, 0.23,273,19.8
2026-06-16 17:33:55,-102.1101,31.8861, 259.9,10687,-40.8,-46.4,-42.5, 55, 82, 0.23,273,19.9
2026-06-16 17:33:56,-102.1099,31.8861, 259.7,10693,-40.9,-46.4,-42.5, 56, 83, 0.23,273,19.9
2026-06-16 17:33:57,-102.1097,31.8861, 259.4,10700,-41.0,-46.4,-42.6, 56, 83, 0.23,273,20.0
2026-06-16 17:33:58,-102.1095,31.8861, 259.2,10706,-41.0,-46.4,-42.6, 56, 84, 0.23,273,20.0
2026-06-16 17:33:59,-102.1092,31.8861, 259.0,10712,-41.1,-46.4,-42.6, 56, 84, 0.23,273,20.1
2026-06-16 17:34:00,-102.1090,31.8861, 258.7,10718,-41.1,-46.4,-42.6, 57, 84, 0.23,273,20.1
2026-06-16 17:34:01,-102.1088,31.8861, 258.5,10723,-41.2,-46.4,-42.6, 57, 85, 0.23,273,20.2
2026-06-16 17:34:02,-102.1086,31.8861, 258.3,10729,-41.2,-46.5,-42.6, 57, 85, 0.23,273,20.2
2026-06-16 17:34:03,-102.1084,31.8861, 258.1,10734,-41.3,-46.5,-42.6, 57, 85, 0.23,273,20.2
2026-06-16 17:34:04,-102.1082,31.8861, 257.9,10739,-41.3,-46.5,-42.6, 57, 86, 0.23,272,20.3
2026-06-16 17:34:05,-102.1080,31.8861, 257.7,10745,-41.4,-46.6,-42.7, 57, 86, 0.23,272,20.3
2026-06-16 17:34:06,-102.1077,31.8861, 257.4,10751,-41.4,-46.6,-42.8, 57, 86, 0.23,272,20.3
2026-06-16 17:34:07,-102.1075,31.8861, 257.2,10757,-41.5,-46.7,-42.9, 57, 85, 0.22,272,20.4
2026-06-16 17:34:08,-102.1073,31.8861, 257.0,10764,-41.5,-46.8,-42.9, 57, 85, 0.22,271,20.4
2026-06-16 17:34:09,-102.1071,31.8861, 256.8,10770,-41.6,-46.8,-43.0, 57, 85, 0.22,271,20.4
2026-06-16 17:34:10,-102.1069,31.8861, 256.6,10777,-41.6,-46.9,-43.0, 57, 85, 0.22,271,20.5
2026-06-16 17:34:11,-102.1067,31.8861, 256.3,10783,-41.7,-47.0,-43.1, 57, 85, 0.22,271,20.5
2026-06-16 17:34:12,-102.1064,31.8861, 256.1,10788,-41.7,-47.0,-43.2, 56, 85, 0.22,271,20.5
2026-06-16 17:34:13,-102.1062,31.8861, 255.9,10793,-41.8,-47.1,-43.2, 56, 85, 0.22,270,20.6
2026-06-16 17:34:14,-102.1060,31.8861, 255.7,10798,-41.8,-47.2,-43.3, 56, 84, 0.21,270,20.6
2026-06-16 17:34:15,-102.1058,31.8861, 255.5,10803,-41.9,-47.2,-43.4, 56, 84, 0.21,270,20.7
2026-06-16 17:34:16,-102.1055,31.8861, 255.3,10809,-41.9,-47.3,-43.4, 56, 84, 0.21,270,20.7
2026-06-16 17:34:17,-102.1053,31.8861, 255.1,10814,-42.0,-47.4,-43.5, 56, 84, 0.21,270,20.7
2026-06-16 17:34:18,-102.1051,31.8861, 254.9,10819,-42.0,-47.5,-43.6, 55, 83, 0.21,269,20.8
2026-06-16 17:34:19,-102.1048,31.8861, 254.7,10825,-42.1,-47.6,-43.7, 55, 83, 0.20,269,20.8
2026-06-16 17:34:20,-102.1046,31.8861, 254.5,10830,-42.1,-47.8,-43.9, 54, 82, 0.20,269,20.8
2026-06-16 17:34:21,-102.1044,31.8861, 254.2,10836,-42.2,-47.9,-44.0, 54, 81, 0.20,269,20.9
2026-06-16 17:34:22,-102.1042,31.8861, 254.0,10841,-42.2,-48.0,-44.1, 53, 80, 0.20,269,20.9
2026-06-16 17:34:23,-102.1039,31.8862, 253.8,10847,-42.3,-48.2,-44.2, 53, 80, 0.19,269,21.0
2026-06-16 17:34:24,-102.1037,31.8862, 253.6,10854,-42.3,-48.3,-44.4, 52, 79, 0.19,268,21.0
2026-06-16 17:34:25,-102.1035,31.8862, 253.3,10860,-42.4,-48.4,-44.5, 52, 78, 0.19,268,21.1
2026-06-16 17:34:26,-102.1032,31.8862, 253.1,10867,-42.4,-48.6,-44.6, 51, 77, 0.19,268,21.2
2026-06-16 17:34:27,-102.1030,31.8862, 252.9,10874,-42.5,-48.7,-44.8, 51, 77, 0.18,268,21.2
2026-06-16 17:34:28,-102.1028,31.8862, 252.7,10880,-42.5,-48.8,-44.9, 50, 76, 0.18,268,21.3
2026-06-16 17:34:29,-102.1025,31.8862, 252.4,10886,-42.6,-49.0,-45.0, 50, 75, 0.18,268,21.3
2026-06-16 17:34:30,-102.1023,31.8862, 252.2,10891,-42.6,-49.1,-45.2, 49, 74, 0.17,268,21.4
2026-06-16 17:34:31,-102.1021,31.8862, 252.0,10897,-42.7,-49.3,-45.3, 48, 73, 0.17,268,21.4
2026-06-16 17:34:32,-102.1019,31.8862, 251.8,10903,-42.7,-49.4,-45.4, 48, 73, 0.17,268,21.5
2026-06-16 17:34:33,-102.1016,31.8863, 251.5,10908,-42.7,-49.6,-45.6, 47, 72, 0.17,268,21.5
2026-06-16 17:34:34,-102.1014,31.8863, 251.3,10914,-42.8,-49.7,-45.7, 47, 71, 0.16,267,21.6
2026-06-16 17:34:35,-102.1012,31.8863, 251.1,10920,-42.8,-49.8,-45.8, 46, 70, 0.16,267,21.6
2026-06-16 17:34:36,-102.1009,31.8863, 250.9,10926,-42.9,-50.0,-46.0, 46, 69, 0.16,267,21.7
2026-06-16 17:34:37,-102.1007,31.8863, 250.6,10933,-42.9,-50.1,-46.1, 45, 69, 0.16,267,21.7
2026-06-16 17:34:38,-102.1005,31.8863, 250.4,10939,-43.0,-50.3,-46.3, 45, 68, 0.15,267,21.8
2026-06-16 17:34:39,-102.1003,31.8863, 250.2,10945,-43.0,-50.4,-46.4, 44, 67, 0.15,267,21.8
2026-06-16 17:34:40,-102.1000,31.8863, 250.0,10950,-43.0,-50.6,-46.5, 44, 66, 0.15,267,21.9
2026-06-16 17:34:41,-102.0998,31.8863, 249.7,10957,-43.1,-50.8,-46.7, 43, 65, 0.15,267,21.9
2026-06-16 17:34:42,-102.0996,31.8863, 249.5,10964,-43.1,-50.9,-46.9, 42, 65, 0.14,267,22.0
2026-06-16 17:34:43,-102.0993,31.8864, 249.3,10970,-43.2,-51.1,-47.0, 42, 64, 0.14,267,22.0
2026-06-16 17:34:44,-102.0991,31.8864, 249.0,10976,-43.2,-51.2,-47.2, 41, 63, 0.14,267,22.1
2026-06-16 17:34:45,-102.0988,31.8864, 248.8,10982,-43.3,-51.4,-47.3, 41, 62, 0.14,267,22.1
2026-06-16 17:34:46,-102.0986,31.8864, 248.6,10989,-43.3,-51.5,-47.5, 40, 61, 0.13,267,22.2
2026-06-16 17:34:47,-102.0983,31.8864, 248.3,10995,-43.4,-51.7,-47.6, 40, 60, 0.13,267,22.2
2026-06-16 17:34:48,-102.0981,31.8864, 248.1,11001,-43.4,-51.9,-47.8, 39, 59, 0.13,267,22.3
2026-06-16 17:34:49,-102.0979,31.8865, 247.9,11007,-43.4,-52.0,-47.9, 38, 59, 0.13,267,22.3
2026-06-16 17:34:50,-102.0976,31.8865, 247.7,11013,-43.5,-52.2,-48.1, 38, 58, 0.12,267,22.4
2026-06-16 17:34:51,-102.0974,31.8865, 247.5,11019,-43.5,-52.4,-48.3, 37, 57, 0.12,267,22.4
2026-06-16 17:34:52,-102.0971,31.8865, 247.2,11025,-43.6,-52.5,-48.4, 37, 56, 0.12,267,22.5
2026-06-16 17:34:53,-102.0969,31.8865, 247.0,11030,-43.6,-52.7,-48.6, 36, 55, 0.12,266,22.5
2026-06-16 17:34:54,-102.0966,31.8865, 246.8,11036,-43.7,-52.9,-48.8, 36, 54, 0.12,266,22.6
2026-06-16 17:34:55,-102.0964,31.8866, 246.6,11042,-43.7,-53.1,-48.9, 35, 54, 0.11,266,22.6
2026-06-16 17:34:56,-102.0961,31.8866, 246.4,11047,-43.7,-53.2,-49.1, 34, 53, 0.11,266,22.7
2026-06-16 17:34:57,-102.0959,31.8866, 246.2,11053,-43.8,-53.4,-49.3, 34, 52, 0.11,266,22.7
2026-06-16 17:34:58,-102.0956,31.8866, 246.0,11059,-43.8,-53.6,-49.4, 33, 51, 0.11,266,22.8
2026-06-16 17:34:59,-102.0954,31.8866, 245.8,11065,-43.9,-53.8,-49.6, 33, 50, 0.10,266,22.8
2026-06-16 17:35:00,-102.0952,31.8866, 245.5,11071,-43.9,-54.0,-49.8, 32, 49, 0.10,266,22.9
2026-06-16 17:35:01,-102.0949,31.8867, 245.3,11076,-43.9,-54.2,-50.0, 31, 48, 0.10,266,22.9
2026-06-16 17:35:02,-102.0947,31.8867, 245.1,11082,-44.0,-54.4,-50.2, 31, 47, 0.10,266,23.0
2026-06-16 17:35:03,-102.0944,31.8867, 244.9,11088,-44.0,-54.5,-50.4, 30, 47, 0.10,266,23.1
2026-06-16 17:35:04,-102.0942,31.8867, 244.7,11094,-44.0,-54.7,-50.5, 30, 46, 0.09,266,23.1
2026-06-16 17:35:05,-102.0939,31.8867, 244.5,11100,-44.1,-54.9,-50.7, 29, 45, 0.09,266,23.2
2026-06-16 17:35:06,-102.0937,31.8867, 244.3,11106,-44.1,-55.1,-50.9, 29, 44, 0.09,266,23.2
2026-06-16 17:35:07,-102.0934,31.8868, 244.1,11111,-44.1,-55.3,-51.1, 28, 43, 0.09,266,23.3
2026-06-16 17:35:08,-102.0932,31.8868, 243.8,11117,-44.2,-55.5,-51.3, 27, 42, 0.09,266,23.3
2026-06-16 17:35:09,-102.0930,31.8868, 243.6,11123,-44.2,-55.7,-51.4, 27, 42, 0.08,265,23.4
2026-06-16 17:35:10,-102.0927,31.8868, 243.4,11129,-44.2,-55.7,-51.5, 27, 41, 0.08,265,23.5
2026-06-16 17:35:11,-102.0925,31.8868, 243.2,11135,-44.3,-55.8,-51.6, 27, 41, 0.08,265,23.5
2026-06-16 17:35:12,-102.0922,31.8868, 243.0,11141,-44.3,-55.9,-51.6, 27, 41, 0.08,265,23.6
2026-06-16 17:35:13,-102.0920,31.8869, 242.8,11147,-44.3,-56.0,-51.7, 26, 41, 0.08,265,23.6
2026-06-16 17:35:14,-102.0917,31.8869, 242.6,11153,-44.4,-56.0,-51.8, 26, 41, 0.08,265,23.7
2026-06-16 17:35:15,-102.0914,31.8869, 242.3,11159,-44.4,-56.1,-51.9, 26, 40, 0.08,265,23.7
2026-06-16 17:35:16,-102.0911,31.8869, 242.1,11165,-44.4,-56.2,-51.9, 26, 40, 0.08,265,23.8
2026-06-16 17:35:17,-102.0909,31.8869, 241.9,11171,-44.4,-56.2,-52.0, 26, 40, 0.08,265,23.9
2026-06-16 17:35:18,-102.0906,31.8869, 241.7,11178,-44.5,-56.3,-52.1, 26, 40, 0.08,265,23.9
2026-06-16 17:35:19,-102.0903,31.8869, 241.4,11184,-44.5,-56.4,-52.1, 26, 39, 0.08,265,24.0
2026-06-16 17:35:20,-102.0901,31.8869, 241.2,11191,-44.5,-56.5,-52.2, 25, 39, 0.08,265,24.0
2026-06-16 17:35:21,-102.0898,31.8870, 241.0,11198,-44.5,-56.5,-52.3, 25, 39, 0.08,265,24.1
2026-06-16 17:35:22,-102.0895,31.8870, 240.7,11205,-44.5,-56.6,-52.3, 25, 39, 0.08,265,24.2
2026-06-16 17:35:23,-102.0893,31.8870, 240.5,11212,-44.6,-56.7,-52.4, 25, 38, 0.08,265,24.3
2026-06-16 17:35:24,-102.0890,31.8870, 240.2,11219,-44.6,-56.8,-52.5, 25, 38, 0.07,265,24.4
2026-06-16 17:35:25,-102.0887,31.8870, 240.0,11224,-44.6,-56.9,-52.6, 24, 38, 0.07,265,24.5
2026-06-16 17:35:26,-102.0884,31.8870, 239.8,11230,-44.6,-57.0,-52.7, 24, 37, 0.07,265,24.6
2026-06-16 17:35:27,-102.0882,31.8870, 239.6,11235,-44.7,-57.1,-52.8, 24, 37, 0.07,265,24.7
2026-06-16 17:35:28,-102.0879,31.8870, 239.4,11241,-44.7,-57.2,-52.9, 24, 36, 0.07,266,24.8
2026-06-16 17:35:29,-102.0876,31.8871, 239.2,11247,-44.7,-57.3,-53.0, 23, 36, 0.07,266,24.8
2026-06-16 17:35:30,-102.0874,31.8871, 239.0,11252,-44.7,-57.4,-53.1, 23, 36, 0.07,266,24.9
2026-06-16 17:35:31,-102.0871,31.8871, 238.8,11258,-44.8,-57.5,-53.2, 23, 35, 0.07,266,25.0
2026-06-16 17:35:32,-102.0868,31.8871, 238.6,11264,-44.8,-57.7,-53.3, 23, 35, 0.07,266,25.1
2026-06-16 17:35:33,-102.0865,31.8871, 238.4,11270,-44.8,-57.8,-53.5, 22, 35, 0.07,266,25.2
2026-06-16 17:35:34,-102.0863,31.8871, 238.2,11276,-44.8,-57.9,-53.6, 22, 34, 0.07,266,25.3
2026-06-16 17:35:35,-102.0860,31.8871, 237.9,11281,-44.9,-58.0,-53.7, 22, 34, 0.06,266,25.4
2026-06-16 17:35:36,-102.0857,31.8871, 237.7,11287,-44.9,-58.1,-53.7, 22, 34, 0.06,266,25.5
2026-06-16 17:35:37,-102.0855,31.8872, 237.5,11293,-44.9,-58.1,-53.8, 22, 34, 0.06,267,25.6
2026-06-16 17:35:38,-102.0852,31.8872, 237.3,11299,-44.9,-58.2,-53.8, 22, 33, 0.06,267,25.7
2026-06-16 17:35:39,-102.0849,31.8872, 237.1,11304,-44.9,-58.2,-53.9, 22, 33, 0.06,267,25.8
2026-06-16 17:35:40,-102.0847,31.8872, 236.9,11310,-45.0,-58.3,-53.9, 21, 33, 0.06,267,25.9
2026-06-16 17:35:41,-102.0844,31.8872, 236.7,11316,-45.0,-58.3,-54.0, 21, 33, 0.06,267,25.9
2026-06-16 17:35:42,-102.0841,31.8872, 236.5,11322,-45.0,-58.4,-54.0, 21, 33, 0.06,267,26.0
2026-06-16 17:35:43,-102.0838,31.8872, 236.3,11329,-45.0,-58.4,-54.1, 21, 33, 0.06,267,26.1
2026-06-16 17:35:44,-102.0835,31.8872, 236.0,11335,-45.1,-58.5,-54.1, 21, 33, 0.06,268,26.1
2026-06-16 17:35:45,-102.0833,31.8872, 235.8,11341,-45.1,-58.5,-54.2, 21, 33, 0.06,268,26.2
2026-06-16 17:35:46,-102.0830,31.8872, 235.6,11348,-45.1,-58.6,-54.3, 21, 33, 0.06,268,26.3
2026-06-16 17:35:47,-102.0827,31.8872, 235.4,11354,-45.2,-58.7,-54.3, 21, 32, 0.06,268,26.3
2026-06-16 17:35:48,-102.0824,31.8872, 235.2,11360,-45.2,-58.7,-54.4, 21, 32, 0.06,268,26.4
2026-06-16 17:35:49,-102.0821,31.8872, 235.0,11365,-45.2,-58.8,-54.4, 21, 32, 0.06,268,26.5
2026-06-16 17:35:50,-102.0818,31.8872, 234.8,11371,-45.3,-58.8,-54.5, 21, 32, 0.06,268,26.5
2026-06-16 17:35:51,-102.0815,31.8872, 234.6,11377,-45.3,-58.9,-54.5, 21, 32, 0.06,269,26.6
2026-06-16 17:35:52,-102.0812,31.8872, 234.4,11382,-45.3,-58.9,-54.6, 21, 32, 0.06,269,26.7
2026-06-16 17:35:53,-102.0809,31.8872, 234.2,11388,-45.4,-59.0,-54.6, 21, 32, 0.06,269,26.7
2026-06-16 17:35:54,-102.0807,31.8872, 234.0,11394,-45.4,-59.0,-54.6, 21, 32, 0.06,269,26.8
2026-06-16 17:35:55,-102.0804,31.8872, 233.8,11400,-45.4,-59.0,-54.7, 20, 32, 0.06,269,26.9
2026-06-16 17:35:56,-102.0801,31.8872, 233.6,11406,-45.5,-59.1,-54.7, 20, 32, 0.06,269,26.9
2026-06-16 17:35:57,-102.0798,31.8872, 233.4,11411,-45.5,-59.1,-54.8, 20, 32, 0.06,269,27.0
2026-06-16 17:35:58,-102.0795,31.8872, 233.2,11417,-45.6,-59.2,-54.8, 20, 32, 0.06,270,27.1
2026-06-16 17:35:59,-102.0792,31.8872, 233.0,11423,-45.6,-59.2,-54.9, 20, 32, 0.06,270,27.1
2026-06-16 17:36:00,-102.0789,31.8872, 232.8,11428,-45.6,-59.3,-54.9, 20, 32, 0.06,270,27.2
2026-06-16 17:36:01,-102.0786,31.8872, 232.6,11433,-45.7,-59.4,-55.0, 20, 32, 0.06,270,27.2
2026-06-16 17:36:02,-102.0783,31.8872, 232.4,11439,-45.7,-59.4,-55.0, 20, 31, 0.06,270,27.3
2026-06-16 17:36:03,-102.0780,31.8872, 232.2,11444,-45.8,-59.5,-55.1, 20, 31, 0.06,270,27.3
2026-06-16 17:36:04,-102.0778,31.8872, 232.0,11450,-45.8,-59.5,-55.2, 20, 31, 0.05,270,27.3
2026-06-16 17:36:05,-102.0775,31.8872, 231.8,11456,-45.8,-59.6,-55.2, 20, 31, 0.05,270,27.3
2026-06-16 17:36:06,-102.0772,31.8872, 231.6,11461,-45.9,-59.7,-55.3, 20, 31, 0.05,270,27.4
2026-06-16 17:36:07,-102.0769,31.8872, 231.4,11467,-45.9,-59.7,-55.4, 20, 31, 0.05,270,27.4
2026-06-16 17:36:08,-102.0766,31.8872, 231.2,11473,-45.9,-59.8,-55.4, 20, 31, 0.05,270,27.4
2026-06-16 17:36:09,-102.0763,31.8872, 231.0,11479,-46.0,-59.9,-55.5, 20, 31, 0.05,270,27.4
2026-06-16 17:36:10,-102.0760,31.8872, 230.8,11485,-46.0,-59.9,-55.5, 20, 31, 0.05,270,27.4
2026-06-16 17:36:11,-102.0757,31.8872, 230.6,11491,-46.0,-60.0,-55.6, 19, 31, 0.05,270,27.5
2026-06-16 17:36:12,-102.0754,31.8872, 230.4,11497,-46.1,-60.0,-55.6, 19, 30, 0.05,270,27.5
2026-06-16 17:36:13,-102.0752,31.8872, 230.2,11503,-46.1,-60.1,-55.7, 19, 30, 0.05,270,27.5
2026-06-16 17:36:14,-102.0749,31.8872, 229.9,11509,-46.1,-60.1,-55.7, 19, 30, 0.05,270,27.5
2026-06-16 17:36:15,-102.0746,31.8872, 229.7,11516,-46.2,-60.2,-55.8, 19, 30, 0.05,270,27.6
2026-06-16 17:36:16,-102.0743,31.8872, 229.5,11522,-46.2,-60.3,-55.9, 19, 30, 0.05,270,27.6
2026-06-16 17:36:17,-102.0740,31.8872, 229.3,11528,-46.2,-60.4,-56.0, 19, 30, 0.05,270,27.6
2026-06-16 17:36:18,-102.0736,31.8872, 229.1,11535,-46.2,-60.5,-56.1, 19, 29, 0.05,270,27.6
2026-06-16 17:36:19,-102.0733,31.8872, 228.8,11541,-46.3,-60.6,-56.2, 18, 29, 0.05,270,27.7
2026-06-16 17:36:20,-102.0730,31.8872, 228.6,11547,-46.3,-60.7,-56.3, 18, 29, 0.05,270,27.7
2026-06-16 17:36:21,-102.0727,31.8872, 228.4,11554,-46.3,-60.8,-56.4, 18, 28, 0.05,270,27.8
2026-06-16 17:36:22,-102.0724,31.8872, 228.2,11560,-46.4,-60.9,-56.5, 18, 28, 0.05,270,27.8
2026-06-16 17:36:23,-102.0721,31.8872, 228.0,11566,-46.4,-61.0,-56.6, 18, 28, 0.05,270,27.9
2026-06-16 17:36:24,-102.0718,31.8872, 227.8,11572,-46.4,-61.1,-56.7, 18, 28, 0.05,270,28.0
2026-06-16 17:36:25,-102.0715,31.8872, 227.6,11579,-46.4,-61.2,-56.8, 17, 27, 0.05,270,28.1
2026-06-16 17:36:26,-102.0712,31.8872, 227.4,11585,-46.5,-61.3,-56.9, 17, 27, 0.04,270,28.2
2026-06-16 17:36:27,-102.0709,31.8872, 227.2,11590,-46.5,-61.4,-57.0, 17, 27, 0.04,270,28.2
2026-06-16 17:36:28,-102.0706,31.8872, 227.0,11596,-46.5,-61.5,-57.1, 17, 26, 0.04,270,28.3
2026-06-16 17:36:29,-102.0703,31.8872, 226.8,11602,-46.5,-61.6,-57.2, 17, 26, 0.04,270,28.4
2026-06-16 17:36:30,-102.0699,31.8872, 226.6,11607,-46.6,-61.7,-57.3, 16, 26, 0.04,270,28.5
2026-06-16 17:36:31,-102.0696,31.8872, 226.4,11613,-46.6,-61.8,-57.4, 16, 26, 0.04,270,28.6
2026-06-16 17:36:32,-102.0693,31.8872, 226.2,11619,-46.6,-61.9,-57.5, 16, 25, 0.04,270,28.6
2026-06-16 17:36:33,-102.0690,31.8872, 226.0,11625,-46.6,-62.0,-57.6, 16, 25, 0.04,270,28.7
2026-06-16 17:36:34,-102.0687,31.8872, 225.8,11631,-46.6,-62.1,-57.7, 16, 25, 0.04,270,28.8
2026-06-16 17:36:35,-102.0684,31.8872, 225.6,11637,-46.7,-62.2,-57.8, 16, 25, 0.04,270,28.9
2026-06-16 17:36:36,-102.0681,31.8872, 225.3,11644,-46.7,-62.3,-57.9, 16, 24, 0.04,270,29.0
2026-06-16 17:36:37,-102.0678,31.8872, 225.1,11649,-46.7,-62.4,-58.0, 15, 24, 0.04,270,29.0
2026-06-16 17:36:38,-102.0675,31.8872, 224.9,11655,-46.7,-62.5,-58.1, 15, 24, 0.04,270,29.1
2026-06-16 17:36:39,-102.0672,31.8872, 224.7,11661,-46.8,-62.6,-58.2, 15, 24, 0.04,270,29.2
2026-06-16 17:36:40,-102.0669,31.8872, 224.5,11667,-46.8,-62.7,-58.3, 15, 23, 0.04,270,29.3
2026-06-16 17:36:41,-102.0666,31.8872, 224.3,11673,-46.8,-62.8,-58.4, 15, 23, 0.04,270,29.3
2026-06-16 17:36:42,-102.0663,31.8872, 224.1,11679,-46.9,-62.9,-58.5, 15, 23, 0.04,270,29.4
2026-06-16 17:36:43,-102.0659,31.8872, 223.9,11685,-46.9,-63.0,-58.5, 14, 23, 0.04,270,29.4
2026-06-16 17:36:44,-102.0656,31.8872, 223.7,11691,-46.9,-63.1,-58.6, 14, 23, 0.04,270,29.4
2026-06-16 17:36:45,-102.0653,31.8872, 223.5,11698,-46.9,-63.1,-58.7, 14, 23, 0.04,270,29.5
2026-06-16 17:36:46,-102.0650,31.8872, 223.3,11704,-47.0,-63.2,-58.7, 14, 23, 0.04,270,29.5
2026-06-16 17:36:47,-102.0647,31.8872, 223.1,11710,-47.0,-63.2,-58.8, 14, 23, 0.04,270,29.6
2026-06-16 17:36:48,-102.0644,31.8872, 222.8,11717,-47.0,-63.3,-58.8, 14, 22, 0.04,270,29.6
2026-06-16 17:36:49,-102.0641,31.8872, 222.6,11724,-47.1,-63.3,-58.8, 14, 22, 0.04,270,29.6
2026-06-16 17:36:50,-102.0637,31.8872, 222.4,11731,-47.1,-63.4,-58.9, 14, 22, 0.04,270,29.7
2026-06-16 17:36:51,-102.0634,31.8872, 222.2,11738,-47.1,-63.4,-59.0, 14, 22, 0.03,270,29.7
2026-06-16 17:36:52,-102.0631,31.8871, 222.0,11744,-47.2,-63.5,-59.0, 14, 22, 0.03,270,29.8
2026-06-16 17:36:53,-102.0628,31.8871, 221.7,11751,-47.2,-63.6,-59.1, 14, 22, 0.03,270,29.8
2026-06-16 17:36:54,-102.0625,31.8871, 221.5,11758,-47.2,-63.6,-59.2, 14, 22, 0.03,270,29.8
2026-06-16 17:36:55,-102.0622,31.8871, 221.3,11764,-47.3,-63.7,-59.2, 14, 22, 0.03,271,29.9
2026-06-16 17:36:56,-102.0618,31.8871, 221.1,11769,-47.3,-63.7,-59.3, 14, 22, 0.03,271,29.9
2026-06-16 17:36:57,-102.0615,31.8871, 220.9,11775,-47.4,-63.8,-59.3, 14, 22, 0.03,271,30.0
2026-06-16 17:36:58,-102.0612,31.8871, 220.7,11781,-47.4,-63.8,-59.3, 14, 22, 0.03,271,30.0
2026-06-16 17:36:59,-102.0609,31.8871, 220.5,11787,-47.4,-63.9,-59.4, 14, 22, 0.03,271,30.1
2026-06-16 17:37:00,-102.0606,31.8871, 220.3,11793,-47.5,-63.9,-59.4, 14, 22, 0.03,271,30.1
2026-06-16 17:37:01,-102.0603,31.8871, 220.1,11799,-47.5,-63.9,-59.4, 14, 22, 0.03,271,30.1
2026-06-16 17:37:02,-102.0599,31.8871, 219.9,11805,-47.5,-64.0,-59.5, 14, 22, 0.03,271,30.1
2026-06-16 17:37:03,-102.0596,31.8871, 219.7,11810,-47.6,-64.0,-59.5, 14, 22, 0.03,271,30.1
2026-06-16 17:37:04,-102.0593,31.8871, 219.5,11816,-47.6,-64.0,-59.5, 14, 22, 0.03,271,30.1
2026-06-16 17:37:05,-102.0590,31.8871, 219.3,11822,-47.7,-64.0,-59.5, 14, 22, 0.03,271,30.1
2026-06-16 17:37:06,-102.0587,31.8871, 219.1,11828,-47.7,-64.1,-59.6, 14, 22, 0.03,271,30.1
2026-06-16 17:37:07,-102.0584,31.8871, 218.9,11834,-47.7,-64.1,-59.6, 14, 22, 0.03,271,30.1
2026-06-16 17:37:08,-102.0580,31.8871, 218.7,11840,-47.8,-64.1,-59.6, 14, 22, 0.03,271,30.1
2026-06-16 17:37:09,-102.0577,31.8871, 218.5,11846,-47.8,-64.2,-59.7, 14, 22, 0.03,271,30.1
2026-06-16 17:37:10,-102.0574,31.8871, 218.3,11852,-47.8,-64.2,-59.7, 14, 22, 0.03,271,30.0
2026-06-16 17:37:11,-102.0571,31.8871, 218.1,11858,-47.9,-64.3,-59.8, 14, 22, 0.03,271,30.0
2026-06-16 17:37:12,-102.0568,31.8870, 217.9,11864,-47.9,-64.3,-59.8, 14, 22, 0.03,271,30.0
2026-06-16 17:37:13,-102.0565,31.8870, 217.7,11870,-47.9,-64.4,-59.9, 14, 22, 0.03,271,30.0
2026-06-16 17:37:14,-102.0561,31.8870, 217.5,11876,-48.0,-64.4,-59.9, 14, 22, 0.03,271,30.0
2026-06-16 17:37:15,-102.0558,31.8870, 217.4,11882,-48.0,-64.5,-59.9, 14, 22, 0.03,271,30.0
2026-06-16 17:37:16,-102.0555,31.8870, 217.2,11888,-48.1,-64.5,-60.0, 14, 22, 0.03,271,30.0
2026-06-16 17:37:17,-102.0551,31.8870, 217.0,11894,-48.1,-64.6,-60.0, 14, 22, 0.03,271,30.0
2026-06-16 17:37:18,-102.0548,31.8871, 216.8,11900,-48.1,-64.6,-60.1, 13, 22, 0.03,271,30.0
2026-06-16 17:37:19,-102.0545,31.8871, 216.6,11906,-48.2,-64.7,-60.1, 13, 21, 0.03,271,30.0
2026-06-16 17:37:20,-102.0541,31.8871, 216.4,11911,-48.2,-64.7,-60.2, 13, 21, 0.03,271,30.0
2026-06-16 17:37:21,-102.0538,31.8871, 216.2,11917,-48.2,-64.8,-60.2, 13, 21, 0.03,271,30.1
2026-06-16 17:37:22,-102.0535,31.8871, 216.0,11923,-48.3,-64.8,-60.3, 13, 21, 0.03,271,30.2
2026-06-16 17:37:23,-102.0531,31.8871, 215.8,11929,-48.3,-64.8,-60.3, 13, 21, 0.03,271,30.2
2026-06-16 17:37:24,-102.0528,31.8871, 215.6,11935,-48.3,-64.9,-60.4, 13, 21, 0.03,270,30.3
2026-06-16 17:37:25,-102.0525,31.8871, 215.4,11942,-48.4,-65.0,-60.4, 13, 21, 0.03,270,30.4
2026-06-16 17:37:26,-102.0521,31.8871, 215.2,11948,-48.4,-65.0,-60.5, 13, 21, 0.03,270,30.5
2026-06-16 17:37:27,-102.0518,31.8871, 214.9,11954,-48.4,-65.1,-60.5, 13, 21, 0.03,270,30.6
2026-06-16 17:37:28,-102.0514,31.8871, 214.7,11961,-48.5,-65.1,-60.6, 13, 21, 0.03,270,30.7
2026-06-16 17:37:29,-102.0511,31.8872, 214.5,11968,-48.5,-65.2,-60.6, 13, 21, 0.03,270,30.8
2026-06-16 17:37:30,-102.0508,31.8872, 214.3,11975,-48.6,-65.2,-60.7, 13, 21, 0.03,269,30.8
2026-06-16 17:37:31,-102.0504,31.8872, 214.1,11983,-48.6,-65.3,-60.7, 13, 21, 0.03,269,30.9
2026-06-16 17:37:32,-102.0501,31.8872, 213.8,11990,-48.6,-65.3,-60.8, 13, 21, 0.03,269,31.0
2026-06-16 17:37:33,-102.0498,31.8872, 213.6,11997,-48.7,-65.4,-60.8, 13, 21, 0.03,269,31.1
2026-06-16 17:37:34,-102.0494,31.8872, 213.4,12003,-48.7,-65.4,-60.9, 13, 21, 0.03,269,31.2
2026-06-16 17:37:35,-102.0491,31.8872, 213.2,12009,-48.7,-65.5,-60.9, 13, 21, 0.03,269,31.3
2026-06-16 17:37:36,-102.0487,31.8872, 213.0,12016,-48.8,-65.5,-61.0, 13, 21, 0.03,269,31.4
2026-06-16 17:37:37,-102.0484,31.8872, 212.8,12022,-48.8,-65.5,-61.0, 13, 21, 0.03,268,31.4
2026-06-16 17:37:38,-102.0481,31.8872, 212.6,12028,-48.8,-65.6,-61.1, 13, 21, 0.03,268,31.5
2026-06-16 17:37:39,-102.0477,31.8872, 212.4,12034,-48.9,-65.6,-61.1, 13, 21, 0.03,268,31.6
2026-06-16 17:37:40,-102.0474,31.8873, 212.2,12040,-48.9,-65.7,-61.1, 13, 20, 0.03,268,31.7
2026-06-16 17:37:41,-102.0471,31.8873, 212.0,12046,-48.9,-65.7,-61.2, 13, 20, 0.03,268,31.8
2026-06-16 17:37:42,-102.0467,31.8873, 211.8,12051,-48.9,-65.8,-61.2, 13, 20, 0.03,268,32.0
2026-06-16 17:37:43,-102.0464,31.8873, 211.6,12057,-49.0,-65.8,-61.3, 13, 20, 0.03,268,32.1
2026-06-16 17:37:44,-102.0460,31.8873, 211.5,12063,-49.0,-65.9,-61.3, 13, 20, 0.03,268,32.2
2026-06-16 17:37:45,-102.0457,31.8873, 211.3,12068,-49.0,-65.9,-61.4, 13, 20, 0.03,268,32.3
2026-06-16 17:37:46,-102.0454,31.8873, 211.1,12073,-49.1,-65.9,-61.4, 13, 20, 0.03,268,32.5
2026-06-16 17:37:47,-102.0450,31.8873, 211.0,12078,-49.1,-66.0,-61.4, 13, 20, 0.03,268,32.6
2026-06-16 17:37:48,-102.0447,31.8873, 210.8,12084,-49.1,-66.0,-61.5, 12, 20, 0.03,268,32.7
2026-06-16 17:37:49,-102.0443,31.8874, 210.6,12089,-49.2,-66.1,-61.5, 12, 20, 0.03,268,32.9
2026-06-16 17:37:50,-102.0439,31.8874, 210.4,12094,-49.2,-66.1,-61.6, 12, 20, 0.03,267,33.0
2026-06-16 17:37:51,-102.0436,31.8874, 210.3,12100,-49.2,-66.2,-61.7, 12, 20, 0.03,267,33.1
2026-06-16 17:37:52,-102.0432,31.8874, 210.1,12106,-49.3,-66.3,-61.7, 12, 20, 0.03,267,33.2
2026-06-16 17:37:53,-102.0429,31.8874, 209.9,12111,-49.3,-66.4,-61.8, 12, 20, 0.03,267,33.4
2026-06-16 17:37:54,-102.0425,31.8874, 209.7,12117,-49.3,-66.4,-61.9, 12, 20, 0.02,267,33.5
2026-06-16 17:37:55,-102.0421,31.8874, 209.5,12122,-49.3,-66.5,-62.0, 12, 19, 0.02,267,33.6
2026-06-16 17:37:56,-102.0418,31.8875, 209.4,12128,-49.4,-66.6,-62.0, 12, 19, 0.02,267,33.7
2026-06-16 17:37:57,-102.0414,31.8875, 209.2,12134,-49.4,-66.7,-62.1, 12, 19, 0.02,267,33.9
2026-06-16 17:37:58,-102.0411,31.8875, 209.0,12139,-49.4,-66.7,-62.2, 12, 19, 0.02,267,34.0
2026-06-16 17:37:59,-102.0407,31.8875, 208.8,12145,-49.5,-66.8,-62.3, 12, 19, 0.02,267,34.1
2026-06-16 17:38:00,-102.0404,31.8875, 208.6,12151,-49.5,-66.9,-62.3, 12, 19, 0.02,267,34.3
2026-06-16 17:38:01,-102.0400,31.8875, 208.4,12157,-49.5,-67.0,-62.4, 11, 19, 0.02,267,34.2
2026-06-16 17:38:02,-102.0396,31.8875, 208.2,12163,-49.6,-67.1,-62.5, 11, 18, 0.02,267,34.2
2026-06-16 17:38:03,-102.0393,31.8876, 208.0,12170,-49.6,-67.1,-62.6, 11, 18, 0.02,267,34.2
2026-06-16 17:38:04,-102.0389,31.8876, 207.8,12176,-49.6,-67.2,-62.6, 11, 18, 0.02,267,34.1
2026-06-16 17:38:05,-102.0386,31.8876, 207.6,12183,-49.7,-67.2,-62.7, 11, 18, 0.02,267,34.1
2026-06-16 17:38:06,-102.0382,31.8876, 207.4,12189,-49.7,-67.3,-62.7, 11, 18, 0.02,267,34.1
2026-06-16 17:38:07,-102.0378,31.8876, 207.2,12195,-49.7,-67.3,-62.7, 11, 18, 0.02,267,34.1
2026-06-16 17:38:08,-102.0375,31.8876, 207.0,12202,-49.8,-67.3,-62.8, 11, 18, 0.02,267,34.0
2026-06-16 17:38:09,-102.0371,31.8876, 206.8,12208,-49.8,-67.4,-62.8, 11, 18, 0.02,267,34.0
2026-06-16 17:38:10,-102.0368,31.8877, 206.6,12214,-49.8,-67.4,-62.8, 11, 18, 0.02,267,34.0
2026-06-16 17:38:11,-102.0364,31.8877, 206.4,12220,-49.9,-67.4,-62.9, 11, 18, 0.02,267,33.9
2026-06-16 17:38:12,-102.0360,31.8877, 206.2,12226,-49.9,-67.5,-62.9, 11, 18, 0.02,267,33.9
2026-06-16 17:38:13,-102.0357,31.8877, 206.0,12232,-49.9,-67.5,-62.9, 11, 18, 0.02,267,33.9
2026-06-16 17:38:14,-102.0353,31.8877, 205.9,12238,-50.0,-67.5,-62.9, 11, 18, 0.02,267,33.9
2026-06-16 17:38:15,-102.0350,31.8877, 205.7,12244,-50.0,-67.6,-63.0, 11, 18, 0.02,267,33.8
2026-06-16 17:38:16,-102.0348,31.8877, 205.5,12250,-50.0,-67.6,-63.0, 11, 18, 0.02,267,33.8
2026-06-16 17:38:17,-102.0343,31.8878, 205.4,12253,-50.0,-67.6,-63.0, 11, 18, 0.02,267,33.8
2026-06-16 17:38:18,-102.0339,31.8878, 205.1,12262,-50.1,-67.6,-63.1, 11, 18, 0.02,267,33.7
2026-06-16 17:38:19,-102.0336,31.8878, 204.9,12268,-50.1,-67.7,-63.1, 11, 18, 0.02,267,33.7
2026-06-16 17:38:20,-102.0333,31.8878, 204.7,12274,-50.1,-67.7,-63.1, 11, 18, 0.02,267,33.7
2026-06-16 17:38:21,-102.0329,31.8878, 204.6,12280,-50.2,-67.7,-63.1, 11, 18, 0.02,267,33.6
2026-06-16 17:38:22,-102.0326,31.8878, 204.4,12286,-50.2,-67.7,-63.1, 11, 18, 0.02,267,33.5
2026-06-16 17:38:23,-102.0323,31.8878, 204.2,12292,-50.2,-67.8,-63.2, 11, 18, 0.02,267,33.4
2026-06-16 17:38:24,-102.0320,31.8878, 204.0,12298,-50.3,-67.8,-63.2, 11, 18, 0.02,268,33.3
2026-06-16 17:38:25,-102.0316,31.8878, 203.8,12303,-50.3,-67.8,-63.2, 11, 18, 0.02,268,33.2
2026-06-16 17:38:26,-102.0313,31.8878, 203.7,12309,-50.3,-67.8,-63.2, 11, 18, 0.02,268,33.1
2026-06-16 17:38:27,-102.0310,31.8879, 203.5,12315,-50.3,-67.8,-63.2, 11, 18, 0.02,268,33.0
2026-06-16 17:38:28,-102.0306,31.8879, 203.3,12320,-50.3,-67.8,-63.2, 11, 18, 0.02,268,32.9
2026-06-16 17:38:29,-102.0303,31.8879, 203.1,12326,-50.3,-67.8,-63.2, 11, 18, 0.02,268,32.8
2026-06-16 17:38:30,-102.0300,31.8879, 203.0,12331,-50.3,-67.8,-63.2, 11, 18, 0.02,268,32.7
2026-06-16 17:38:31,-102.0296,31.8879, 202.8,12336,-50.3,-67.9,-63.3, 11, 18, 0.02,268,32.6
2026-06-16 17:38:32,-102.0293,31.8879, 202.7,12341,-50.3,-68.0,-63.4, 11, 18, 0.02,268,32.6
2026-06-16 17:38:33,-102.0290,31.8879, 202.5,12346,-50.3,-68.1,-63.5, 11, 18, 0.02,268,32.5
2026-06-16 17:38:34,-102.0287,31.8879, 202.4,12351,-50.4,-68.2,-63.6, 11, 17, 0.02,268,32.4
2026-06-16 17:38:35,-102.0283,31.8879, 202.2,12356,-50.4,-68.3,-63.7, 11, 17, 0.02,268,32.3
2026-06-16 17:38:36,-102.0280,31.8879, 202.0,12361,-50.4,-68.4,-63.8, 10, 17, 0.02,268,32.2
2026-06-16 17:38:37,-102.0277,31.8880, 201.9,12365,-50.4,-68.5,-63.9, 10, 17, 0.02,268,32.1
2026-06-16 17:38:38,-102.0273,31.8880, 201.7,12370,-50.4,-68.5,-63.9, 10, 17, 0.02,268,32.0
2026-06-16 17:38:39,-102.0270,31.8880, 201.6,12375,-50.4,-68.6,-64.0, 10, 16, 0.02,268,31.9
2026-06-16 17:38:40,-102.0267,31.8880, 201.4,12380,-50.4,-68.7,-64.1, 10, 16, 0.02,268,31.8
2026-06-16 17:38:41,-102.0263,31.8880, 201.3,12385,-50.4,-68.8,-64.2, 10, 16, 0.02,268,31.7
2026-06-16 17:38:42,-102.0260,31.8880, 201.1,12390,-50.3,-68.9,-64.3, 10, 16, 0.02,268,31.6
2026-06-16 17:38:43,-102.0257,31.8880, 201.0,12395,-50.3,-69.0,-64.4, 10, 16, 0.02,268,31.4
2026-06-16 17:38:44,-102.0254,31.8880, 200.8,12400,-50.3,-69.1,-64.5,  9, 15, 0.02,268,31.3
2026-06-16 17:38:45,-102.0250,31.8880, 200.7,12405,-50.3,-69.3,-64.6,  9, 15, 0.02,268,31.2
2026-06-16 17:38:46,-102.0247,31.8880, 200.5,12410,-50.3,-69.4,-64.8,  9, 15, 0.02,268,31.1
2026-06-16 17:38:47,-102.0244,31.8881, 200.4,12415,-50.3,-69.6,-65.0,  9, 14, 0.02,268,30.9
2026-06-16 17:38:48,-102.0240,31.8881, 200.2,12420,-50.3,-69.8,-65.1,  9, 14, 0.02,268,30.8
2026-06-16 17:38:49,-102.0238,31.8881, 200.0,12427,-50.3,-70.0,-65.4,  8, 13, 0.02,268,30.6
2026-06-16 17:38:50,-102.0235,31.8881, 199.9,12430,-50.3,-70.1,-65.5,  8, 13, 0.02,268,30.6
2026-06-16 17:38:51,-102.0232,31.8881, 199.7,12435,-50.3,-70.3,-65.7,  8, 13, 0.02,268,30.4
2026-06-16 17:38:52,-102.0229,31.8881, 199.6,12440,-50.2,-70.5,-65.9,  8, 13, 0.01,268,30.3
2026-06-16 17:38:53,-102.0226,31.8881, 199.4,12445,-50.2,-70.7,-66.0,  7, 12, 0.01,268,30.2
2026-06-16 17:38:54,-102.0223,31.8881, 199.3,12450,-50.2,-70.9,-66.2,  7, 12, 0.01,268,30.1
2026-06-16 17:38:55,-102.0220,31.8881, 199.1,12455,-50.2,-71.1,-66.5,  7, 11, 0.01,268,29.9
2026-06-16 17:38:56,-102.0217,31.8881, 199.0,12461,-50.2,-71.3,-66.7,  7, 11, 0.01,268,29.8
2026-06-16 17:38:57,-102.0214,31.8882, 198.8,12466,-50.2,-71.5,-66.9,  7, 11, 0.01,268,29.7
2026-06-16 17:38:58,-102.0211,31.8882, 198.7,12471,-50.2,-71.7,-67.0,  6, 11, 0.01,267,29.6
2026-06-16 17:38:59,-102.0208,31.8882, 198.5,12476,-50.2,-71.8,-67.2,  6, 10, 0.01,267,29.4
2026-06-16 17:39:00,-102.0205,31.8882, 198.4,12481,-50.2,-72.0,-67.4,  6, 10, 0.01,267,29.3
2026-06-16 17:39:01,-102.0202,31.8882, 198.2,12486,-50.2,-72.2,-67.5,  6, 10, 0.01,267,29.2
2026-06-16 17:39:02,-102.0199,31.8882, 198.0,12491,-50.1,-72.4,-67.7,  6,  9, 0.01,267,29.1
2026-06-16 17:39:03,-102.0197,31.8882, 197.9,12496,-50.1,-72.5,-67.9,  6,  9, 0.01,267,29.0
2026-06-16 17:39:04,-102.0193,31.8882, 197.8,12500,-50.1,-72.7,-68.0,  6,  9, 0.01,267,29.0
2026-06-16 17:39:05,-102.0190,31.8882, 197.6,12507,-50.1,-73.0,-68.3,  5,  9, 0.01,268,28.8
2026-06-16 17:39:06,-102.0188,31.8883, 197.4,12512,-50.1,-73.2,-68.5,  5,  8, 0.01,268,28.7
2026-06-16 17:39:07,-102.0185,31.8883, 197.2,12517,-50.2,-73.4,-68.7,  5,  8, 0.01,268,28.6
2026-06-16 17:39:08,-102.0182,31.8883, 197.1,12523,-50.2,-73.6,-68.9,  5,  8, 0.01,268,28.6
2026-06-16 17:39:09,-102.0179,31.8883, 196.9,12528,-50.2,-73.9,-69.2,  5,  8, 0.01,268,28.5
2026-06-16 17:39:10,-102.0176,31.8883, 196.8,12533,-50.2,-74.1,-69.4,  5,  7, 0.01,268,28.4
2026-06-16 17:39:11,-102.0173,31.8883, 196.6,12538,-50.2,-74.2,-69.6,  4,  7, 0.01,268,28.3
2026-06-16 17:39:12,-102.0170,31.8883, 196.5,12543,-50.2,-74.4,-69.7,  4,  7, 0.01,268,28.2
2026-06-16 17:39:13,-102.0167,31.8883, 196.3,12548,-50.2,-74.5,-69.8,  4,  7, 0.01,268,28.1
2026-06-16 17:39:14,-102.0164,31.8883, 196.2,12553,-50.2,-74.6,-69.9,  4,  7, 0.01,268,28.0
2026-06-16 17:39:15,-102.0161,31.8883, 196.0,12558,-50.2,-74.7,-70.0,  4,  7, 0.01,268,27.9
2026-06-16 17:39:16,-102.0158,31.8884, 195.8,12564,-50.2,-74.8,-70.1,  4,  7, 0.01,268,27.8
2026-06-16 17:39:17,-102.0155,31.8884, 195.7,12569,-50.2,-74.9,-70.2,  4,  7, 0.01,268,27.7
2026-06-16 17:39:18,-102.0152,31.8884, 195.5,12574,-50.3,-75.0,-70.3,  4,  6, 0.01,268,27.6
2026-06-16 17:39:19,-102.0149,31.8884, 195.4,12580,-50.3,-75.2,-70.5,  4,  6, 0.01,268,27.5
2026-06-16 17:39:20,-102.0147,31.8884, 195.2,12585,-50.3,-75.3,-70.6,  4,  6, 0.01,268,27.4
2026-06-16 17:39:21,-102.0144,31.8884, 195.1,12589,-50.3,-75.5,-70.7,  4,  6, 0.01,268,27.4
2026-06-16 17:39:22,-102.0141,31.8885, 194.9,12594,-50.4,-75.6,-70.9,  4,  6, 0.01,268,27.3
2026-06-16 17:39:23,-102.0138,31.8885, 194.8,12599,-50.4,-75.7,-71.0,  4,  6, 0.01,267,27.2
2026-06-16 17:39:24,-102.0136,31.8885, 194.6,12604,-50.4,-75.9,-71.2,  4,  6, 0.01,267,27.1
2026-06-16 17:39:25,-102.0133,31.8885, 194.5,12609,-50.4,-76.0,-71.3,  4,  6, 0.01,267,27.1
2026-06-16 17:39:26,-102.0130,31.8886, 194.3,12614,-50.5,-76.1,-71.4,  4,  6, 0.01,267,27.0
2026-06-16 17:39:27,-102.0128,31.8886, 194.2,12619,-50.5,-76.2,-71.5,  3,  6, 0.01,267,26.9
2026-06-16 17:39:28,-102.0125,31.8886, 194.1,12624,-50.5,-76.3,-71.6,  3,  6, 0.01,266,26.8
2026-06-16 17:39:29,-102.0122,31.8886, 193.9,12629,-50.5,-76.4,-71.7,  3,  6, 0.01,266,26.8
2026-06-16 17:39:30,-102.0119,31.8887, 193.8,12634,-50.6,-76.5,-71.8,  3,  5, 0.01,266,26.7
2026-06-16 17:39:31,-102.0117,31.8887, 193.6,12639,-50.6,-76.6,-71.9,  3,  5, 0.01,266,26.6
2026-06-16 17:39:32,-102.0114,31.8887, 193.5,12644,-50.6,-76.7,-72.0,  3,  5, 0.01,266,26.5
2026-06-16 17:39:33,-102.0111,31.8887, 193.3,12649,-50.7,-76.8,-72.1,  3,  5, 0.01,265,26.5
2026-06-16 17:39:34,-102.0108,31.8888, 193.1,12655,-50.7,-76.9,-72.2,  3,  5, 0.01,265,26.4
2026-06-16 17:39:35,-102.0106,31.8888, 193.0,12660,-50.8,-77.1,-72.3,  3,  5, 0.01,265,26.3
2026-06-16 17:39:36,-102.0103,31.8888, 192.8,12665,-50.8,-77.2,-72.5,  3,  5, 0.01,265,26.2
2026-06-16 17:39:37,-102.0100,31.8888, 192.7,12670,-50.8,-77.3,-72.6,  3,  5, 0.01,265,26.2
2026-06-16 17:39:38,-102.0098,31.8889, 192.5,12675,-50.9,-77.4,-72.7,  3,  5, 0.01,264,26.1
2026-06-16 17:39:39,-102.0095,31.8889, 192.4,12680,-50.9,-77.5,-72.7,  3,  5, 0.01,264,26.0
2026-06-16 17:39:40,-102.0092,31.8889, 192.3,12684,-51.0,-77.5,-72.8,  3,  5, 0.01,264,26.0
2026-06-16 17:39:41,-102.0089,31.8889, 192.1,12689,-51.0,-77.6,-72.9,  3,  5, 0.01,264,26.0
2026-06-16 17:39:42,-102.0087,31.8890, 192.0,12694,-51.0,-77.7,-72.9,  3,  5, 0.01,264,26.0
2026-06-16 17:39:43,-102.0084,31.8890, 191.8,12699,-51.1,-77.7,-73.0,  3,  5, 0.01,264,25.9
2026-06-16 17:39:44,-102.0081,31.8890, 191.7,12704,-51.1,-77.8,-73.1,  3,  5, 0.01,264,25.9
2026-06-16 17:39:45,-102.0078,31.8890, 191.5,12709,-51.2,-77.9,-73.2,  3,  5, 0.01,264,25.9
2026-06-16 17:39:46,-102.0076,31.8891, 191.4,12714,-51.2,-78.0,-73.2,  3,  5, 0.01,264,25.9
2026-06-16 17:39:47,-102.0073,31.8891, 191.2,12719,-51.3,-78.1,-73.3,  3,  5, 0.01,263,25.9
2026-06-16 17:39:48,-102.0070,31.8891, 191.1,12724,-51.3,-78.1,-73.4,  3,  5, 0.01,263,25.9
2026-06-16 17:39:49,-102.0068,31.8891, 190.9,12729,-51.4,-78.2,-73.5,  3,  5, 0.01,263,25.9
2026-06-16 17:39:50,-102.0065,31.8892, 190.8,12734,-51.4,-78.3,-73.6,  3,  5, 0.00,263,25.9
2026-06-16 17:39:51,-102.0062,31.8892, 190.6,12739,-51.5,-78.4,-73.7,  3,  5, 0.00,263,25.9
2026-06-16 17:39:52,-102.0059,31.8892, 190.4,12744,-51.5,-78.5,-73.8,  3,  5, 0.00,263,25.9
2026-06-16 17:39:53,-102.0057,31.8893, 190.3,12750,-51.6,-78.6,-73.9,  3,  4, 0.00,263,25.9
2026-06-16 17:39:54,-102.0054,31.8893, 190.1,12757,-51.6,-78.7,-74.0,  3,  4, 0.00,263,25.9
2026-06-16 17:39:55,-102.0051,31.8893, 189.9,12763,-51.7,-78.8,-74.1,  3,  4, 0.00,263,25.9
2026-06-16 17:39:56,-102.0049,31.8894, 189.8,12769,-51.7,-78.9,-74.2,  3,  4, 0.00,263,25.9
2026-06-16 17:39:57,-102.0046,31.8894, 189.6,12776,-51.8,-79.0,-74.3,  3,  4, 0.00,263,25.9
2026-06-16 17:39:58,-102.0043,31.8894, 189.4,12782,-51.8,-79.1,-74.4,  3,  4, 0.00,262,25.9
2026-06-16 17:39:59,-102.0040,31.8894, 189.2,12787,-51.9,-79.3,-74.5,  3,  4, 0.00,262,25.9
2026-06-16 17:40:00,-102.0038,31.8895, 189.1,12793,-51.9,-79.4,-74.6,  3,  4, 0.00,262,25.9
2026-06-16 17:40:01,-102.0035,31.8895, 188.9,12799,-52.0,-79.5,-74.7,  2,  4, 0.00,262,25.9
2026-06-16 17:40:02,-102.0032,31.8895, 188.7,12804,-52.0,-79.6,-74.9,  2,  4, 0.00,262,25.9
2026-06-16 17:40:03,-102.0030,31.8896, 188.6,12810,-52.1,-79.7,-75.0,  2,  4, 0.00,262,25.9
2026-06-16 17:40:04,-102.0027,31.8896, 188.4,12816,-52.1,-79.8,-75.1,  2,  4, 0.00,262,25.9
2026-06-16 17:40:05,-102.0024,31.8896, 188.2,12822,-52.2,-79.9,-75.2,  2,  4, 0.00,262,25.9
2026-06-16 17:40:06,-102.0021,31.8897, 188.1,12827,-52.2,-80.0,-75.2,  2,  4, 0.00,262,25.9
2026-06-16 17:40:07,-102.0019,31.8897, 187.9,12833,-52.3,-80.0,-75.3,  2,  4, 0.00,262,25.9
2026-06-16 17:40:08,-102.0016,31.8897, 187.7,12839,-52.4,-80.1,-75.4,  2,  4, 0.00,262,25.9
2026-06-16 17:40:09,-102.0013,31.8897, 187.6,12845,-52.4,-80.2,-75.4,  2,  4, 0.00,262,25.9
2026-06-16 17:40:10,-102.0010,31.8898, 187.4,12851,-52.5,-80.2,-75.5,  2,  4, 0.00,262,25.9
2026-06-16 17:40:11,-102.0008,31.8898, 187.2,12857,-52.5,-80.3,-75.6,  2,  4, 0.00,263,26.0
2026-06-16 17:40:12,-102.0005,31.8898, 187.1,12862,-52.6,-80.4,-75.6,  2,  4, 0.00,263,26.0
2026-06-16 17:40:13,-102.0002,31.8899, 186.9,12868,-52.6,-80.4,-75.7,  2,  4, 0.00,263,26.0
2026-06-16 17:40:14,-102.0000,31.8899, 186.7,12873,-52.7,-80.5,-75.8,  2,  4, 0.00,263,26.0
2026-06-16 17:40:15,-101.9997,31.8899, 186.5,12879,-52.8,-80.6,-75.8,  2,  4, 0.00,263,26.0
2026-06-16 17:40:16,-101.9994,31.8899, 186.4,12885,-52.8,-80.7,-75.9,  2,  4, 0.00,263,26.0
2026-06-16 17:40:17,-101.9991,31.8900, 186.2,12891,-52.9,-80.7,-76.0,  2,  4, 0.00,263,26.0
2026-06-16 17:40:18,-101.9989,31.8900, 186.0,12897,-52.9,-80.8,-76.0,  2,  4, 0.00,263,26.0
2026-06-16 17:40:19,-101.9986,31.8900, 185.9,12904,-53.0,-80.8,-76.1,  2,  4, 0.00,263,26.0
2026-06-16 17:40:20,-101.9983,31.8901, 185.7,12910,-53.0,-80.9,-76.2,  2,  4, 0.00,263,26.0
2026-06-16 17:40:21,-101.9980,31.8901, 185.5,12916,-53.1,-81.0,-76.2,  2,  4, 0.00,263,26.1
2026-06-16 17:40:22,-101.9978,31.8901, 185.3,12922,-53.1,-81.0,-76.3,  2,  4, 0.00,263,26.1
2026-06-16 17:40:23,-101.9975,31.8901, 185.2,12928,-53.2,-81.1,-76.3,  2,  4, 0.00,263,26.1
2026-06-16 17:40:24,-101.9972,31.8901, 185.0,12933,-53.3,-81.1,-76.4,  2,  4, 0.00,263,26.1
2026-06-16 17:40:25,-101.9969,31.8901, 184.8,12939,-53.3,-81.2,-76.5,  2,  4, 0.00,263,26.1
2026-06-16 17:40:26,-101.9966,31.8901, 184.7,12945,-53.4,-81.3,-76.5,  2,  4, 0.00,263,26.2
2026-06-16 17:40:27,-101.9964,31.8902, 184.5,12951,-53.4,-81.3,-76.6,  2,  4, 0.00,264,26.2
2026-06-16 17:40:28,-101.9961,31.8902, 184.3,12957,-53.5,-81.4,-76.6,  2,  4, 0.00,264,26.2
2026-06-16 17:40:29,-101.9958,31.8902, 184.2,12963,-53.5,-81.4,-76.7,  2,  4, 0.00,264,26.2
2026-06-16 17:40:30,-101.9955,31.8902, 184.0,12969,-53.6,-81.5,-76.7,  2,  4, 0.00,264,26.3
2026-06-16 17:40:31,-101.9952,31.8902, 183.8,12974,-53.6,-81.5,-76.8,  2,  4, 0.00,264,26.3
2026-06-16 17:40:32,-101.9950,31.8902, 183.6,12981,-53.7,-81.6,-76.8,  2,  4, 0.00,264,26.3
2026-06-16 17:40:33,-101.9947,31.8903, 183.5,12986,-53.8,-81.6,-76.8,  2,  4, 0.00,264,26.3
2026-06-16 17:40:34,-101.9944,31.8903, 183.3,12992,-53.8,-81.6,-76.8,  2,  4, 0.00,264,26.3
2026-06-16 17:40:35,-101.9941,31.8903, 183.2,12998,-53.9,-81.6,-76.8,  2,  4, 0.00,265,26.4
2026-06-16 17:40:36,-101.9938,31.8903, 183.0,13004,-53.9,-81.6,-76.8,  2,  4, 0.00,265,26.4
2026-06-16 17:40:37,-101.9936,31.8903, 182.8,13009,-54.0,-81.6,-76.9,  2,  4, 0.00,265,26.4
2026-06-16 17:40:38,-101.9933,31.8903, 182.6,13016,-54.0,-81.6,-76.9,  2,  4, 0.00,265,26.4
2026-06-16 17:40:39,-101.9930,31.8903, 182.4,13024,-54.1,-81.6,-76.9,  2,  4, 0.00,265,26.5
2026-06-16 17:40:40,-101.9927,31.8904, 182.2,13031,-54.1,-81.6,-76.9,  2,  4, 0.00,265,26.5
2026-06-16 17:40:41,-101.9924,31.8904, 182.0,13039,-54.2,-81.6,-76.9,  2,  4, 0.00,265,26.5
2026-06-16 17:40:42,-101.9922,31.8904, 181.7,13047,-54.2,-81.6,-76.9,  2,  4, 0.00,266,26.5
2026-06-16 17:40:43,-101.9919,31.8904, 181.5,13055,-54.3,-81.7,-76.9,  2,  4, 0.00,266,26.5
2026-06-16 17:40:44,-101.9916,31.8904, 181.4,13061,-54.3,-81.7,-76.9,  2,  4, 0.00,266,26.6
2026-06-16 17:40:45,-101.9913,31.8904, 181.2,13066,-54.4,-81.7,-76.9,  2,  4, 0.00,266,26.6
2026-06-16 17:40:46,-101.9910,31.8904, 181.1,13072,-54.4,-81.6,-76.9,  2,  4, 0.00,266,26.6
2026-06-16 17:40:47,-101.9908,31.8905, 180.9,13077,-54.5,-81.6,-76.9,  2,  4, 0.00,267,26.6
2026-06-16 17:40:48,-101.9905,31.8905, 180.7,13083,-54.5,-81.6,-76.9,  2,  4, 0.00,267,26.7
2026-06-16 17:40:49,-101.9902,31.8905, 180.6,13088,-54.6,-81.6,-76.8,  2,  4, 0.00,267,26.7
2026-06-16 17:40:50,-101.9899,31.8905, 180.4,13094,-54.6,-81.6,-76.8,  2,  4, 0.00,267,26.7
2026-06-16 17:40:51,-101.9897,31.8905, 180.3,13100,-54.7,-81.6,-76.8,  2,  4, 0.00,267,26.7
2026-06-16 17:40:52,-101.9894,31.8905, 180.1,13105,-54.7,-81.5,-76.8,  2,  4, 0.00,268,26.8
2026-06-16 17:40:53,-101.9891,31.8904, 179.9,13111,-54.8,-81.5,-76.8,  3,  4, 0.00,268,26.8
2026-06-16 17:40:54,-101.9888,31.8904, 179.8,13117,-54.8,-81.5,-76.8,  3,  4, 0.00,268,26.8
2026-06-16 17:40:55,-101.9885,31.8904, 179.6,13123,-54.9,-81.5,-76.7,  3,  4, 0.00,268,26.8
2026-06-16 17:40:56,-101.9883,31.8904, 179.5,13128,-54.9,-81.5,-76.7,  3,  4, 0.00,269,26.9
2026-06-16 17:40:57,-101.9880,31.8904, 179.3,13134,-54.9,-81.5,-76.7,  3,  4, 0.00,269,26.9
2026-06-16 17:40:58,-101.9877,31.8904, 179.1,13140,-55.0,-81.4,-76.7,  3,  4, 0.00,269,26.9
2026-06-16 17:40:59,-101.9874,31.8904, 179.0,13146,-55.0,-81.4,-76.6,  3,  5, 0.00,269,26.9
2026-06-16 17:41:00,-101.9872,31.8903, 178.8,13151,-55.1,-81.3,-76.6,  3,  5, 0.00,269,27.0
2026-06-16 17:41:01,-101.9869,31.8903, 178.6,13158,-55.1,-81.3,-76.5,  3,  5, 0.00,270,26.9
2026-06-16 17:41:02,-101.9866,31.8903, 178.5,13164,-55.2,-81.2,-76.5,  3,  5, 0.00,270,26.9
2026-06-16 17:41:03,-101.9863,31.8903, 178.3,13170,-55.2,-81.2,-76.4,  3,  5, 0.00,270,26.8
2026-06-16 17:41:04,-101.9860,31.8903, 178.1,13176,-55.3,-81.1,-76.4,  3,  5, 0.00,270,26.8
2026-06-16 17:41:05,-101.9858,31.8903, 178.0,13182,-55.3,-81.1,-76.3,  3,  5, 0.00,271,26.8
2026-06-16 17:41:06,-101.9855,31.8903, 177.8,13188,-55.4,-81.0,-76.3,  3,  5, 0.00,271,26.7
2026-06-16 17:41:07,-101.9852,31.8902, 177.6,13194,-55.4,-81.0,-76.2,  3,  5, 0.00,271,26.7
2026-06-16 17:41:08,-101.9849,31.8902, 177.5,13200,-55.4,-80.9,-76.2,  3,  5, 0.00,271,26.6
2026-06-16 17:41:09,-101.9846,31.8902, 177.3,13205,-55.5,-80.9,-76.1,  3,  5, 0.00,272,26.6
2026-06-16 17:41:10,-101.9844,31.8902, 177.1,13211,-55.5,-80.8,-76.1,  3,  5, 0.00,272,26.6
2026-06-16 17:41:11,-101.9841,31.8902, 177.0,13217,-55.6,-80.8,-76.0,  3,  5, 0.00,272,26.5
2026-06-16 17:41:12,-101.9838,31.8902, 176.8,13223,-55.6,-80.8,-76.0,  3,  5, 0.00,272,26.5
2026-06-16 17:41:13,-101.9835,31.8902, 176.7,13229,-55.7,-80.8,-76.0,  3,  5, 0.00,273,26.5
2026-06-16 17:41:14,-101.9833,31.8902, 176.5,13234,-55.7,-80.8,-76.1,  3,  5, 0.00,273,26.4
2026-06-16 17:41:15,-101.9830,31.8901, 176.3,13240,-55.7,-80.8,-76.1,  3,  5, 0.00,273,26.4
2026-06-16 17:41:16,-101.9827,31.8901, 176.1,13246,-55.8,-80.9,-76.1,  3,  5, 0.00,274,26.3
2026-06-16 17:41:17,-101.9824,31.8901, 176.0,13252,-55.8,-80.9,-76.1,  3,  5, 0.00,274,26.3
2026-06-16 17:41:18,-101.9821,31.8901, 175.8,13259,-55.9,-80.9,-76.1,  3,  5, 0.00,274,26.3
2026-06-16 17:41:19,-101.9819,31.8901, 175.6,13265,-55.9,-80.9,-76.2,  3,  5, 0.00,274,26.3
2026-06-16 17:41:20,-101.9816,31.8901, 175.5,13272,-55.9,-80.9,-76.2,  3,  5, 0.00,275,26.2
2026-06-16 17:41:21,-101.9813,31.8900, 175.3,13278,-56.0,-81.0,-76.2,  3,  5, 0.00,275,26.2
2026-06-16 17:41:22,-101.9811,31.8900, 175.1,13285,-56.0,-81.0,-76.2,  3,  5, 0.00,275,26.2
2026-06-16 17:41:23,-101.9808,31.8900, 174.9,13292,-56.1,-81.0,-76.2,  3,  5, 0.00,275,26.1
2026-06-16 17:41:24,-101.9805,31.8900, 174.7,13298,-56.1,-81.0,-76.3,  3,  5, 0.00,275,26.1
2026-06-16 17:41:25,-101.9803,31.8899, 174.5,13305,-56.1,-81.0,-76.3,  3,  6, 0.00,275,26.1
2026-06-16 17:41:26,-101.9800,31.8899, 174.4,13312,-56.2,-81.0,-76.2,  3,  6, 0.00,275,26.1
2026-06-16 17:41:27,-101.9797,31.8899, 174.2,13319,-56.2,-81.0,-76.2,  3,  6, 0.00,275,26.0
2026-06-16 17:41:28,-101.9795,31.8899, 174.0,13326,-56.2,-81.0,-76.2,  3,  6, 0.00,275,26.0
2026-06-16 17:41:29,-101.9792,31.8898, 173.8,13332,-56.3,-81.0,-76.2,  3,  6, 0.00,276,26.0
2026-06-16 17:41:30,-101.9789,31.8898, 173.7,13337,-56.3,-80.9,-76.2,  3,  6, 0.00,276,26.0
2026-06-16 17:41:31,-101.9787,31.8898, 173.5,13343,-56.4,-80.9,-76.2,  3,  6, 0.00,276,25.9
2026-06-16 17:41:32,-101.9784,31.8898, 173.3,13349,-56.4,-80.9,-76.2,  3,  6, 0.00,276,25.9
2026-06-16 17:41:33,-101.9781,31.8897, 173.2,13355,-56.4,-80.9,-76.2,  3,  6, 0.00,276,25.9
2026-06-16 17:41:34,-101.9779,31.8897, 173.0,13361,-56.5,-80.9,-76.1,  3,  6, 0.00,276,25.8
2026-06-16 17:41:35,-101.9776,31.8897, 172.9,13367,-56.5,-80.9,-76.1,  3,  6, 0.00,276,25.8
2026-06-16 17:41:36,-101.9774,31.8897, 172.7,13373,-56.6,-80.9,-76.1,  3,  6, 0.00,276,25.8
2026-06-16 17:41:37,-101.9771,31.8896, 172.5,13379,-56.6,-80.9,-76.1,  3,  6, 0.00,276,25.8
2026-06-16 17:41:38,-101.9768,31.8896, 172.4,13385,-56.6,-80.9,-76.1,  3,  6, 0.00,276,25.7
2026-06-16 17:41:39,-101.9766,31.8896, 172.2,13391,-56.7,-80.9,-76.1,  3,  6, 0.00,277,25.7
2026-06-16 17:41:40,-101.9763,31.8895, 172.1,13396,-56.7,-80.9,-76.2,  3,  6, 0.00,277,25.7
2026-06-16 17:41:41,-101.9760,31.8895, 171.9,13402,-56.8,-81.0,-76.2,  3,  6, 0.00,277,25.6
2026-06-16 17:41:42,-101.9758,31.8895, 171.8,13407,-56.8,-81.0,-76.3,  3,  6, 0.00,277,25.6
2026-06-16 17:41:43,-101.9755,31.8895, 171.6,13413,-56.8,-81.1,-76.3,  3,  6, 0.00,277,25.5
2026-06-16 17:41:44,-101.9752,31.8894, 171.4,13418,-56.9,-81.1,-76.4,  3,  6, 0.00,277,25.5
2026-06-16 17:41:45,-101.9750,31.8894, 171.3,13424,-56.9,-81.1,-76.4,  3,  6, 0.00,277,25.4
2026-06-16 17:41:46,-101.9747,31.8894, 171.1,13430,-56.9,-81.2,-76.4,  3,  6, 0.00,277,25.4
2026-06-16 17:41:47,-101.9744,31.8894, 171.0,13437,-57.0,-81.2,-76.5,  3,  6, 0.00,276,25.3
2026-06-16 17:41:48,-101.9742,31.8893, 170.8,13443,-57.0,-81.3,-76.5,  3,  6, 0.00,276,25.2
2026-06-16 17:41:49,-101.9739,31.8893, 170.6,13449,-57.0,-81.3,-76.6,  3,  6, 0.00,276,25.2
2026-06-16 17:41:50,-101.9736,31.8893, 170.5,13455,-57.1,-81.3,-76.6,  3,  6, 0.00,276,25.1
2026-06-16 17:41:51,-101.9734,31.8893, 170.3,13461,-57.1,-81.4,-76.6,  3,  6, 0.00,276,25.1
2026-06-16 17:41:52,-101.9731,31.8892, 170.2,13467,-57.1,-81.4,-76.7,  3,  6, 0.00,276,25.0
2026-06-16 17:41:53,-101.9729,31.8892, 170.0,13472,-57.2,-81.5,-76.7,  3,  6, 0.00,276,25.0
2026-06-16 17:41:54,-101.9726,31.8892, 169.9,13478,-57.2,-81.5,-76.8,  3,  6, 0.00,276,24.9
2026-06-16 17:41:55,-101.9724,31.8892, 169.7,13483,-57.2,-81.6,-76.8,  3,  6, 0.00,276,24.9
2026-06-16 17:41:56,-101.9721,31.8891, 169.5,13489,-57.3,-81.6,-76.8,  3,  6, 0.00,276,24.8
2026-06-16 17:41:57,-101.9719,31.8891, 169.4,13495,-57.3,-81.6,-76.9,  3,  6, 0.00,276,24.7
2026-06-16 17:41:58,-101.9716,31.8891, 169.2,13501,-57.3,-81.7,-76.9,  3,  6, 0.00,276,24.7
2026-06-16 17:41:59,-101.9714,31.8891, 169.1,13507,-57.4,-81.7,-77.0,  3,  6, 0.00,276,24.6
2026-06-16 17:42:00,-101.9711,31.8890, 168.9,13513,-57.4,-81.8,-77.0,  3,  6, 0.00,276,24.6
2026-06-16 17:42:01,-101.9709,31.8890, 168.7,13519,-57.4,-81.8,-77.1,  3,  6, 0.00,276,24.5
2026-06-16 17:42:02,-101.9706,31.8890, 168.6,13526,-57.5,-81.9,-77.1,  3,  6, 0.00,276,24.5
2026-06-16 17:42:03,-101.9704,31.8890, 168.4,13532,-57.5,-81.9,-77.1,  3,  6, 0.00,276,24.5
2026-06-16 17:42:04,-101.9701,31.8889, 168.3,13538,-57.5,-82.0,-77.2,  3,  6, 0.00,276,24.4
2026-06-16 17:42:05,-101.9699,31.8889, 168.1,13544,-57.6,-82.0,-77.2,  3,  6, 0.00,276,24.4
2026-06-16 17:42:06,-101.9696,31.8889, 167.9,13550,-57.6,-82.0,-77.3,  3,  6, 0.00,276,24.4
2026-06-16 17:42:07,-101.9694,31.8889, 167.8,13556,-57.6,-82.1,-77.3,  3,  6, 0.00,276,24.3
2026-06-16 17:42:08,-101.9691,31.8888, 167.6,13562,-57.7,-82.2,-77.4,  3,  6, 0.00,276,24.3
2026-06-16 17:42:09,-101.9689,31.8888, 167.5,13567,-57.7,-82.2,-77.4,  3,  6, 0.00,276,24.2
2026-06-16 17:42:10,-101.9686,31.8888, 167.3,13573,-57.7,-82.3,-77.5,  3,  6, 0.00,276,24.2
2026-06-16 17:42:11,-101.9684,31.8888, 167.2,13579,-57.8,-82.3,-77.6,  3,  6, 0.00,276,24.2
2026-06-16 17:42:12,-101.9681,31.8887, 167.0,13584,-57.8,-82.4,-77.6,  3,  6, 0.00,276,24.1
2026-06-16 17:42:13,-101.9679,31.8887, 166.9,13590,-57.8,-82.4,-77.7,  3,  6, 0.00,276,24.1
2026-06-16 17:42:14,-101.9676,31.8887, 166.7,13595,-57.9,-82.5,-77.7,  3,  5, 0.00,277,24.1
2026-06-16 17:42:15,-101.9674,31.8887, 166.5,13601,-57.9,-82.5,-77.8,  3,  5, 0.00,277,24.0
2026-06-16 17:42:16,-101.9671,31.8886, 166.4,13608,-57.9,-82.6,-77.8,  3,  5, 0.00,277,24.0
2026-06-16 17:42:17,-101.9669,31.8886, 166.2,13614,-58.0,-82.6,-77.9,  3,  5, 0.00,277,23.9
2026-06-16 17:42:18,-101.9666,31.8886, 166.0,13621,-58.0,-82.7,-77.9,  3,  5, 0.00,277,23.9
2026-06-16 17:42:19,-101.9664,31.8886, 165.9,13627,-58.0,-82.7,-78.0,  3,  5, 0.00,277,23.9
2026-06-16 17:42:20,-101.9661,31.8885, 165.7,13634,-58.1,-82.7,-78.0,  3,  5, 0.00,277,23.8
2026-06-16 17:42:21,-101.9659,31.8885, 165.6,13640,-58.1,-82.7,-78.0,  3,  5, 0.00,277,23.8
2026-06-16 17:42:22,-101.9656,31.8885, 165.4,13646,-58.1,-82.7,-78.0,  3,  5, 0.00,277,23.7
2026-06-16 17:42:23,-101.9654,31.8885, 165.2,13652,-58.2,-82.7,-78.0,  3,  5, 0.00,277,23.7
2026-06-16 17:42:24,-101.9651,31.8884, 165.1,13658,-58.2,-82.7,-78.0,  3,  5, 0.00,277,23.7
2026-06-16 17:42:25,-101.9649,31.8884, 164.9,13663,-58.2,-82.7,-78.0,  3,  6, 0.00,277,23.6
2026-06-16 17:42:26,-101.9647,31.8884, 164.8,13669,-58.3,-82.8,-78.0,  3,  6, 0.00,277,23.6
2026-06-16 17:42:27,-101.9644,31.8883, 164.6,13675,-58.3,-82.8,-78.0,  3,  6, 0.00,277,23.5
2026-06-16 17:42:28,-101.9642,31.8883, 164.4,13682,-58.3,-82.8,-78.0,  3,  6, 0.00,277,23.5
2026-06-16 17:42:29,-101.9640,31.8883, 164.3,13688,-58.4,-82.8,-78.0,  3,  6, 0.00,277,23.4
2026-06-16 17:42:30,-101.9637,31.8883, 164.1,13694,-58.4,-82.8,-78.1,  3,  6, 0.00,277,23.4
2026-06-16 17:42:31,-101.9635,31.8882, 164.0,13700,-58.5,-82.8,-78.1,  3,  6, 0.00,277,23.3
2026-06-16 17:42:32,-101.9632,31.8882, 163.8,13707,-58.5,-82.8,-78.1,  3,  6, 0.00,277,23.3
2026-06-16 17:42:33,-101.9630,31.8882, 163.6,13713,-58.6,-82.9,-78.1,  3,  6, 0.00,277,23.3
2026-06-16 17:42:34,-101.9628,31.8882, 163.5,13718,-58.6,-82.9,-78.1,  3,  6, 0.00,277,23.2
2026-06-16 17:42:35,-101.9625,31.8881, 163.3,13724,-58.6,-82.9,-78.2,  3,  6, 0.00,277,23.2
2026-06-16 17:42:36,-101.9623,31.8881, 163.2,13730,-58.7,-83.0,-78.2,  3,  6, 0.00,277,23.1
2026-06-16 17:42:37,-101.9621,31.8881, 163.0,13736,-58.7,-83.0,-78.3,  3,  6, 0.00,277,23.1
2026-06-16 17:42:38,-101.9618,31.8881, 162.9,13741,-58.8,-83.0,-78.3,  3,  6, 0.00,277,23.0
2026-06-16 17:42:39,-101.9616,31.8880, 162.8,13746,-58.8,-83.1,-78.3,  3,  6, 0.00,277,23.0
2026-06-16 17:42:40,-101.9613,31.8880, 162.6,13752,-58.9,-83.1,-78.4,  3,  6, 0.00,277,23.0
2026-06-16 17:42:41,-101.9611,31.8880, 162.5,13757,-58.9,-83.2,-78.4,  3,  6, 0.00,277,22.9
2026-06-16 17:42:42,-101.9609,31.8879, 162.4,13762,-59.0,-83.2,-78.4,  3,  6, 0.00,277,22.9
2026-06-16 17:42:43,-101.9606,31.8879, 162.2,13767,-59.0,-83.2,-78.5,  3,  6, 0.00,277,22.9
2026-06-16 17:42:44,-101.9604,31.8879, 162.1,13772,-59.0,-83.3,-78.5,  3,  6, 0.00,277,22.9
2026-06-16 17:42:45,-101.9601,31.8879, 162.0,13777,-59.1,-83.3,-78.5,  3,  6, 0.00,277,22.9
2026-06-16 17:42:46,-101.9599,31.8878, 161.8,13783,-59.1,-83.3,-78.6,  3,  6, 0.00,277,22.8
2026-06-16 17:42:47,-101.9597,31.8878, 161.7,13788,-59.2,-83.4,-78.6,  3,  6, 0.00,277,22.8
2026-06-16 17:42:48,-101.9594,31.8878, 161.6,13793,-59.2,-83.4,-78.6,  3,  6, 0.00,277,22.8
2026-06-16 17:42:49,-101.9592,31.8878, 161.4,13798,-59.3,-83.4,-78.7,  3,  6, 0.00,278,22.8
2026-06-16 17:42:50,-101.9590,31.8877, 161.3,13803,-59.3,-83.5,-78.7,  3,  6, 0.00,278,22.8
2026-06-16 17:42:51,-101.9587,31.8877, 161.2,13808,-59.4,-83.5,-78.7,  3,  6, 0.00,278,22.7
2026-06-16 17:42:52,-101.9585,31.8877, 161.0,13813,-59.4,-83.5,-78.8,  3,  6, 0.00,278,22.7
2026-06-16 17:42:53,-101.9583,31.8876, 160.9,13818,-59.4,-83.6,-78.8,  3,  6, 0.00,278,22.7
2026-06-16 17:42:54,-101.9580,31.8876, 160.8,13823,-59.5,-83.6,-78.8,  3,  6, 0.00,278,22.7
2026-06-16 17:42:55,-101.9578,31.8876, 160.6,13829,-59.5,-83.6,-78.9,  3,  6, 0.00,278,22.7
2026-06-16 17:42:56,-101.9576,31.8875, 160.5,13834,-59.6,-83.7,-78.9,  3,  6, 0.00,278,22.6
2026-06-16 17:42:57,-101.9573,31.8875, 160.4,13839,-59.6,-83.7,-78.9,  3,  6, 0.00,278,22.6
2026-06-16 17:42:58,-101.9571,31.8875, 160.2,13844,-59.7,-83.7,-79.0,  3,  6, 0.00,278,22.6
2026-06-16 17:42:59,-101.9569,31.8874, 160.1,13849,-59.7,-83.7,-79.0,  3,  6, 0.00,278,22.6
2026-06-16 17:43:00,-101.9567,31.8874, 160.0,13854,-59.7,-83.8,-79.0,  3,  6, 0.00,279,22.6
2026-06-16 17:43:01,-101.9564,31.8874, 159.9,13859,-59.8,-83.8,-79.0,  3,  6, 0.00,279,22.5
2026-06-16 17:43:02,-101.9562,31.8873, 159.7,13864,-59.8,-83.8,-79.0,  3,  6, 0.00,279,22.5
2026-06-16 17:43:03,-101.9560,31.8873, 159.6,13869,-59.9,-83.8,-79.0,  3,  6, 0.00,279,22.5
2026-06-16 17:43:04,-101.9558,31.8872, 159.5,13874,-59.9,-83.8,-79.0,  3,  6, 0.00,279,22.4
2026-06-16 17:43:05,-101.9555,31.8872, 159.4,13879,-60.0,-83.8,-79.1,  3,  6, 0.00,279,22.4
2026-06-16 17:43:06,-101.9553,31.8872, 159.2,13884,-60.0,-83.8,-79.1,  3,  6, 0.00,279,22.3
2026-06-16 17:43:07,-101.9551,31.8871, 159.1,13889,-60.1,-83.9,-79.1,  3,  6, 0.00,279,22.3
2026-06-16 17:43:08,-101.9548,31.8871, 159.0,13893,-60.1,-83.9,-79.1,  3,  6, 0.00,279,22.3
2026-06-16 17:43:09,-101.9546,31.8871, 158.9,13898,-60.1,-83.9,-79.1,  3,  6, 0.00,279,22.2
2026-06-16 17:43:10,-101.9543,31.8870, 158.7,13903,-60.2,-83.9,-79.1,  3,  6, 0.00,279,22.2
2026-06-16 17:43:11,-101.9542,31.8870, 158.6,13909,-60.2,-83.9,-79.2,  3,  6, 0.00,279,22.1
2026-06-16 17:43:12,-101.9539,31.8870, 158.5,13912,-60.3,-84.0,-79.2,  3,  6, 0.00,280,22.1
2026-06-16 17:43:13,-101.9537,31.8869, 158.4,13916,-60.3,-84.0,-79.2,  3,  6, 0.00,280,22.1
2026-06-16 17:43:14,-101.9535,31.8869, 158.3,13921,-60.4,-84.1,-79.3,  3,  6, 0.00,280,22.0
2026-06-16 17:43:15,-101.9532,31.8869, 158.2,13925,-60.4,-84.1,-79.3,  3,  6, 0.00,280,22.0
2026-06-16 17:43:16,-101.9530,31.8868, 158.0,13930,-60.4,-84.2,-79.4,  3,  6, 0.00,280,22.0
2026-06-16 17:43:17,-101.9528,31.8868, 157.9,13935,-60.5,-84.2,-79.4,  3,  6, 0.00,280,21.9
2026-06-16 17:43:18,-101.9526,31.8868, 157.8,13940,-60.5,-84.3,-79.5,  3,  6, 0.00,280,21.9
2026-06-16 17:43:19,-101.9523,31.8867, 157.7,13945,-60.6,-84.3,-79.5,  3,  6, 0.00,280,21.8
2026-06-16 17:43:20,-101.9521,31.8867, 157.5,13949,-60.6,-84.4,-79.6,  3,  6, 0.00,280,21.8
2026-06-16 17:43:21,-101.9519,31.8867, 157.4,13954,-60.7,-84.4,-79.6,  3,  6, 0.00,280,21.8
2026-06-16 17:43:22,-101.9516,31.8866, 157.3,13959,-60.7,-84.5,-79.7,  3,  6, 0.00,280,21.8
2026-06-16 17:43:23,-101.9514,31.8866, 157.2,13965,-60.8,-84.5,-79.7,  3,  6, 0.00,280,21.8
2026-06-16 17:43:24,-101.9512,31.8865, 157.0,13970,-60.8,-84.6,-79.8,  3,  6, 0.00,281,21.8
2026-06-16 17:43:25,-101.9510,31.8865, 156.9,13976,-60.9,-84.6,-79.8,  3,  6, 0.00,281,21.8
2026-06-16 17:43:26,-101.9508,31.8865, 156.7,13981,-60.9,-84.6,-79.9,  3,  6, 0.00,281,21.8
2026-06-16 17:43:27,-101.9505,31.8864, 156.6,13986,-61.0,-84.7,-79.9,  3,  6, 0.00,281,21.8
2026-06-16 17:43:28,-101.9503,31.8864, 156.5,13992,-61.0,-84.7,-80.0,  3,  6, 0.00,281,21.7
2026-06-16 17:43:29,-101.9501,31.8863, 156.3,13998,-61.1,-84.8,-80.0,  3,  6, 0.00,281,21.7
2026-06-16 17:43:30,-101.9499,31.8863, 156.2,14004,-61.1,-84.8,-80.1,  3,  6, 0.00,281,21.7
2026-06-16 17:43:31,-101.9496,31.8863, 156.0,14010,-61.2,-84.9,-80.1,  3,  6, 0.00,281,21.7
2026-06-16 17:43:32,-101.9494,31.8862, 155.9,14016,-61.2,-84.9,-80.1,  3,  6, 0.00,281,21.7
2026-06-16 17:43:33,-101.9492,31.8862, 155.7,14022,-61.2,-84.9,-80.2,  3,  6, 0.00,281,21.7
2026-06-16 17:43:34,-101.9490,31.8862, 155.6,14029,-61.3,-85.0,-80.2,  3,  6, 0.00,281,21.7
2026-06-16 17:43:35,-101.9487,31.8861, 155.4,14035,-61.3,-85.0,-80.3,  3,  6, 0.00,282,21.7
2026-06-16 17:43:36,-101.9485,31.8861, 155.3,14041,-61.4,-85.0,-80.3,  3,  6, 0.00,282,21.7
2026-06-16 17:43:37,-101.9483,31.8860, 155.1,14047,-61.4,-85.1,-80.3,  3,  6, 0.00,282,21.7
2026-06-16 17:43:38,-101.9481,31.8860, 155.0,14053,-61.5,-85.1,-80.4,  3,  6, 0.00,282,21.7
2026-06-16 17:43:39,-101.9478,31.8860, 154.8,14059,-61.5,-85.1,-80.3,  3,  6, 0.00,282,21.7
2026-06-16 17:43:40,-101.9476,31.8859, 154.7,14064,-61.5,-85.0,-80.3,  3,  6, 0.00,282,21.7
2026-06-16 17:43:41,-101.9474,31.8859, 154.6,14069,-61.6,-85.0,-80.2,  3,  6, 0.00,282,21.7
2026-06-16 17:43:42,-101.9472,31.8859, 154.4,14074,-61.6,-84.9,-80.1,  3,  6, 0.00,282,21.7
2026-06-16 17:43:43,-101.9469,31.8858, 154.3,14079,-61.7,-84.8,-80.1,  3,  6, 0.00,282,21.7
2026-06-16 17:43:44,-101.9467,31.8858, 154.2,14085,-61.7,-84.8,-80.0,  3,  6, 0.00,282,21.7
2026-06-16 17:43:45,-101.9465,31.8857, 154.0,14090,-61.7,-84.7,-80.0,  4,  6, 0.00,282,21.7
2026-06-16 17:43:46,-101.9463,31.8857, 153.9,14095,-61.8,-84.7,-79.9,  4,  7, 0.00,281,21.7
2026-06-16 17:43:47,-101.9461,31.8857, 153.8,14100,-61.8,-84.6,-79.9,  4,  7, 0.00,281,21.7
2026-06-16 17:43:48,-101.9458,31.8856, 153.6,14106,-61.9,-84.6,-79.8,  4,  7, 0.00,281,21.7
2026-06-16 17:43:49,-101.9456,31.8856, 153.5,14111,-61.9,-84.5,-79.7,  4,  7, 0.00,281,21.7
2026-06-16 17:43:50,-101.9454,31.8855, 153.4,14116,-61.9,-84.5,-79.7,  4,  7, 0.00,281,21.8
2026-06-16 17:43:51,-101.9452,31.8855, 153.3,14121,-62.0,-84.4,-79.6,  4,  7, 0.00,281,21.8
2026-06-16 17:43:52,-101.9449,31.8855, 153.2,14125,-62.0,-84.4,-79.6,  4,  7, 0.00,281,21.8
2026-06-16 17:43:53,-101.9447,31.8854, 153.1,14130,-62.0,-84.3,-79.6,  4,  7, 0.00,281,21.8
2026-06-16 17:43:54,-101.9445,31.8854, 152.9,14134,-62.1,-84.3,-79.5,  4,  7, 0.00,281,21.8
2026-06-16 17:43:55,-101.9443,31.8854, 152.8,14138,-62.1,-84.3,-79.5,  4,  7, 0.00,281,21.8
2026-06-16 17:43:56,-101.9440,31.8854, 152.7,14143,-62.2,-84.2,-79.5,  4,  7, 0.00,280,21.8
2026-06-16 17:43:57,-101.9438,31.8854, 152.6,14148,-62.2,-84.2,-79.5,  4,  7, 0.00,280,21.8
2026-06-16 17:43:58,-101.9436,31.8853, 152.5,14152,-62.2,-84.2,-79.4,  4,  8, 0.00,280,21.8
2026-06-16 17:43:59,-101.9433,31.8853, 152.4,14157,-62.3,-84.2,-79.4,  4,  8, 0.00,280,21.8
2026-06-16 17:44:00,-101.9431,31.8853, 152.3,14161,-62.3,-84.1,-79.4,  4,  8, 0.00,280,21.8
2026-06-16 17:44:01,-101.9429,31.8853, 152.1,14166,-62.3,-84.1,-79.3,  4,  8, 0.00,280,21.8
2026-06-16 17:44:02,-101.9427,31.8853, 152.0,14171,-62.4,-84.1,-79.3,  4,  8, 0.00,280,21.8
2026-06-16 17:44:03,-101.9424,31.8852, 151.9,14176,-62.4,-84.1,-79.3,  4,  8, 0.00,279,21.8
2026-06-16 17:44:04,-101.9422,31.8852, 151.8,14181,-62.4,-84.0,-79.3,  4,  8, 0.00,279,21.7
2026-06-16 17:44:05,-101.9420,31.8852, 151.7,14186,-62.5,-84.0,-79.2,  4,  8, 0.00,279,21.7
2026-06-16 17:44:06,-101.9418,31.8852, 151.5,14191,-62.5,-84.0,-79.2,  4,  8, 0.00,279,21.7
2026-06-16 17:44:07,-101.9415,31.8852, 151.4,14196,-62.5,-83.9,-79.2,  4,  8, 0.00,278,21.7
2026-06-16 17:44:08,-101.9413,31.8851, 151.3,14201,-62.6,-83.9,-79.2,  4,  8, 0.00,278,21.7
2026-06-16 17:44:09,-101.9411,31.8851, 151.2,14206,-62.6,-83.9,-79.1,  5,  8, 0.00,278,21.6
2026-06-16 17:44:10,-101.9409,31.8851, 151.0,14211,-62.6,-83.8,-79.1,  5,  8, 0.00,278,21.6
2026-06-16 17:44:11,-101.9406,31.8851, 150.9,14216,-62.7,-83.8,-79.1,  5,  8, 0.00,278,21.6
2026-06-16 17:44:12,-101.9404,31.8851, 150.8,14221,-62.7,-83.8,-79.0,  5,  9, 0.00,277,21.6
2026-06-16 17:44:13,-101.9402,31.8850, 150.7,14225,-62.7,-83.8,-79.0,  5,  9, 0.00,277,21.6
2026-06-16 17:44:14,-101.9400,31.8850, 150.6,14230,-62.8,-83.7,-79.0,  5,  9, 0.00,277,21.6
2026-06-16 17:44:15,-101.9397,31.8850, 150.4,14235,-62.8,-83.7,-79.0,  5,  9, 0.00,277,21.5
2026-06-16 17:44:16,-101.9395,31.8850, 150.3,14240,-62.9,-83.7,-78.9,  5,  9, 0.00,276,21.5
2026-06-16 17:44:17,-101.9393,31.8850, 150.2,14245,-62.9,-83.7,-78.9,  5,  9, 0.00,276,21.5
2026-06-16 17:44:18,-101.9391,31.8850, 150.1,14250,-63.0,-83.7,-78.9,  5,  9, 0.00,276,21.5
2026-06-16 17:44:19,-101.9388,31.8849, 150.0,14253,-63.0,-83.6,-78.9,  5,  9, 0.00,276,21.5
2026-06-16 17:44:20,-101.9386,31.8849, 149.8,14260,-63.0,-83.5,-78.8,  5,  9, 0.00,276,21.4
2026-06-16 17:44:21,-101.9384,31.8849, 149.7,14265,-63.1,-83.5,-78.7,  5,  9, 0.00,275,21.5
2026-06-16 17:44:22,-101.9381,31.8849, 149.6,14270,-63.1,-83.4,-78.7,  5, 10, 0.00,275,21.5
2026-06-16 17:44:23,-101.9379,31.8848, 149.4,14275,-63.2,-83.3,-78.6,  5, 10, 0.00,275,21.5
2026-06-16 17:44:24,-101.9377,31.8849, 149.3,14280,-63.2,-83.3,-78.5,  5, 10, 0.00,274,21.5
2026-06-16 17:44:25,-101.9375,31.8849, 149.2,14286,-63.3,-83.2,-78.5,  5, 10, 0.00,274,21.5
2026-06-16 17:44:26,-101.9372,31.8849, 149.0,14293,-63.3,-83.2,-78.4,  6, 10, 0.00,274,21.5
2026-06-16 17:44:27,-101.9370,31.8849, 148.9,14299,-63.3,-83.1,-78.4,  6, 10, 0.00,274,21.5
2026-06-16 17:44:28,-101.9368,31.8849, 148.8,14305,-63.4,-83.1,-78.3,  6, 11, 0.00,273,21.5
2026-06-16 17:44:29,-101.9365,31.8849, 148.6,14311,-63.4,-83.0,-78.3,  6, 11, 0.00,273,21.5
2026-06-16 17:44:30,-101.9363,31.8849, 148.5,14317,-63.5,-83.0,-78.2,  6, 11, 0.00,273,21.5
2026-06-16 17:44:31,-101.9361,31.8849, 148.3,14323,-63.5,-82.9,-78.2,  6, 11, 0.00,272,21.5
2026-06-16 17:44:32,-101.9358,31.8849, 148.2,14329,-63.6,-82.9,-78.1,  6, 11, 0.00,272,21.5
2026-06-16 17:44:33,-101.9356,31.8849, 148.0,14336,-63.7,-82.8,-78.1,  6, 11, 0.00,272,21.5
2026-06-16 17:44:34,-101.9354,31.8849, 147.8,14342,-63.7,-82.8,-78.0,  6, 12, 0.00,272,21.5
2026-06-16 17:44:35,-101.9352,31.8849, 147.7,14348,-63.8,-82.7,-78.0,  6, 12, 0.00,271,21.5
2026-06-16 17:44:36,-101.9349,31.8849, 147.5,14355,-63.8,-82.7,-77.9,  6, 12, 0.00,271,21.6
2026-06-16 17:44:37,-101.9347,31.8849, 147.4,14361,-63.9,-82.6,-77.9,  7, 12, 0.00,271,21.6
2026-06-16 17:44:38,-101.9345,31.8849, 147.2,14368,-63.9,-82.6,-77.8,  7, 12, 0.00,270,21.6
2026-06-16 17:44:39,-101.9342,31.8849, 147.1,14374,-64.0,-82.5,-77.8,  7, 12, 0.00,270,21.6
2026-06-16 17:44:40,-101.9340,31.8850, 146.9,14381,-64.0,-82.5,-77.7,  7, 13, 0.00,270,21.6
2026-06-16 17:44:41,-101.9338,31.8850, 146.8,14387,-64.1,-82.5,-77.7,  7, 13, 0.00,270,21.6
2026-06-16 17:44:42,-101.9336,31.8850, 146.6,14393,-64.1,-82.4,-77.7,  7, 13, 0.00,269,21.7
2026-06-16 17:44:43,-101.9333,31.8850, 146.5,14399,-64.2,-82.4,-77.6,  7, 13, 0.00,269,21.7
2026-06-16 17:44:44,-101.9331,31.8850, 146.4,14405,-64.2,-82.3,-77.6,  7, 13, 0.00,269,21.7
2026-06-16 17:44:45,-101.9329,31.8850, 146.2,14410,-64.3,-82.3,-77.5,  7, 14, 0.00,269,21.7
2026-06-16 17:44:46,-101.9326,31.8850, 146.1,14416,-64.3,-82.2,-77.4,  7, 14, 0.00,269,21.8
2026-06-16 17:44:47,-101.9324,31.8850, 146.0,14421,-64.4,-82.1,-77.3,  8, 14, 0.00,269,21.8
2026-06-16 17:44:48,-101.9322,31.8850, 145.8,14427,-64.4,-82.0,-77.2,  8, 15, 0.00,268,21.8
2026-06-16 17:44:49,-101.9319,31.8850, 145.7,14432,-64.5,-81.9,-77.1,  8, 15, 0.00,268,21.8
2026-06-16 17:44:50,-101.9317,31.8850, 145.6,14437,-64.5,-81.8,-77.0,  8, 15, 0.00,268,21.9
2026-06-16 17:44:51,-101.9315,31.8850, 145.4,14442,-64.6,-81.7,-76.9,  8, 16, 0.00,268,21.9
2026-06-16 17:44:52,-101.9313,31.8850, 145.3,14448,-64.7,-81.6,-76.8,  9, 16, 0.00,268,21.9
2026-06-16 17:44:53,-101.9310,31.8850, 145.2,14453,-64.7,-81.5,-76.7,  9, 16, 0.00,267,22.0
2026-06-16 17:44:54,-101.9308,31.8850, 145.1,14459,-64.8,-81.4,-76.6,  9, 17, 0.00,267,22.0
2026-06-16 17:44:55,-101.9306,31.8851, 144.9,14464,-64.8,-81.3,-76.5,  9, 17, 0.00,267,22.0
2026-06-16 17:44:56,-101.9303,31.8851, 144.8,14470,-64.9,-81.2,-76.4,  9, 18, 0.00,267,22.1
2026-06-16 17:44:57,-101.9301,31.8851, 144.7,14475,-64.9,-81.1,-76.3, 10, 18, 0.00,267,22.1
2026-06-16 17:44:58,-101.9299,31.8851, 144.5,14481,-65.0,-81.0,-76.3, 10, 18, 0.00,267,22.1
2026-06-16 17:44:59,-101.9296,31.8852, 144.4,14487,-65.0,-80.9,-76.2, 10, 19, 0.00,266,22.1
2026-06-16 17:45:00,-101.9294,31.8852, 144.3,14492,-65.0,-80.9,-76.1, 10, 19, 0.00,266,22.2
2026-06-16 17:45:01,-101.9292,31.8852, 144.1,14498,-65.1,-80.8,-76.0, 10, 19, 0.00,266,22.2
2026-06-16 17:45:02,-101.9289,31.8852, 144.0,14504,-65.1,-80.7,-76.0, 11, 20, 0.00,266,22.2
2026-06-16 17:45:03,-101.9287,31.8852, 143.9,14509,-65.2,-80.7,-75.9, 11, 20, 0.00,266,22.2
2026-06-16 17:45:04,-101.9284,31.8853, 143.8,14515,-65.2,-80.6,-75.8, 11, 20, 0.00,266,22.2
2026-06-16 17:45:05,-101.9282,31.8853, 143.6,14520,-65.3,-80.5,-75.8, 11, 21, 0.00,265,22.2
2026-06-16 17:45:06,-101.9280,31.8853, 143.5,14525,-65.3,-80.5,-75.7, 11, 21, 0.00,265,22.3
2026-06-16 17:45:07,-101.9277,31.8853, 143.4,14529,-65.4,-80.4,-75.7, 11, 21, 0.00,265,22.3
2026-06-16 17:45:08,-101.9275,31.8853, 143.3,14534,-65.4,-80.3,-75.6, 12, 22, 0.00,265,22.3
2026-06-16 17:45:09,-101.9273,31.8854, 143.2,14539,-65.5,-80.3,-75.5, 12, 22, 0.00,265,22.3
2026-06-16 17:45:10,-101.9270,31.8854, 143.0,14544,-65.5,-80.2,-75.5, 12, 22, 0.00,265,22.3
2026-06-16 17:45:11,-101.9268,31.8854, 142.9,14549,-65.6,-80.2,-75.4, 12, 23, 0.00,265,22.3
2026-06-16 17:45:12,-101.9266,31.8854, 142.8,14553,-65.6,-80.1,-75.4, 12, 23, 0.00,265,22.3
2026-06-16 17:45:13,-101.9263,31.8854, 142.7,14558,-65.7,-80.1,-75.3, 12, 23, 0.01,264,22.4
2026-06-16 17:45:14,-101.9261,31.8855, 142.6,14562,-65.7,-80.1,-75.3, 13, 24, 0.01,264,22.4
2026-06-16 17:45:15,-101.9259,31.8855, 142.5,14567,-65.7,-80.0,-75.3, 13, 24, 0.01,264,22.4
2026-06-16 17:45:16,-101.9256,31.8855, 142.4,14572,-65.8,-80.0,-75.3, 13, 24, 0.01,264,22.4
2026-06-16 17:45:17,-101.9254,31.8855, 142.3,14577,-65.8,-80.0,-75.2, 13, 24, 0.01,264,22.4
2026-06-16 17:45:18,-101.9252,31.8856, 142.1,14582,-65.9,-80.0,-75.2, 13, 25, 0.01,264,22.4
2026-06-16 17:45:19,-101.9249,31.8856, 142.0,14587,-65.9,-79.9,-75.2, 13, 25, 0.01,264,22.5
2026-06-16 17:45:20,-101.9247,31.8856, 141.9,14592,-66.0,-79.9,-75.2, 13, 25, 0.01,263,22.5
2026-06-16 17:45:21,-101.9245,31.8856, 141.8,14597,-66.0,-79.9,-75.1, 13, 25, 0.01,263,22.4
2026-06-16 17:45:22,-101.9242,31.8856, 141.7,14602,-66.1,-79.9,-75.1, 14, 26, 0.01,263,22.4
2026-06-16 17:45:23,-101.9240,31.8857, 141.6,14606,-66.1,-79.8,-75.1, 14, 26, 0.01,263,22.4
2026-06-16 17:45:24,-101.9238,31.8857, 141.5,14611,-66.1,-79.8,-75.1, 14, 26, 0.01,263,22.4
2026-06-16 17:45:25,-101.9235,31.8857, 141.4,14615,-66.2,-79.8,-75.1, 14, 26, 0.01,263,22.3
2026-06-16 17:45:26,-101.9233,31.8857, 141.3,14620,-66.2,-79.8,-75.1, 14, 27, 0.01,263,22.3
2026-06-16 17:45:27,-101.9231,31.8858, 141.2,14624,-66.3,-79.8,-75.1, 14, 27, 0.01,263,22.3
2026-06-16 17:45:28,-101.9228,31.8858, 141.0,14629,-66.3,-79.8,-75.1, 14, 27, 0.01,263,22.2
2026-06-16 17:45:29,-101.9226,31.8858, 140.9,14634,-66.4,-79.8,-75.1, 14, 27, 0.01,263,22.2
2026-06-16 17:45:30,-101.9224,31.8858, 140.8,14638,-66.4,-79.8,-75.1, 14, 27, 0.01,263,22.2
2026-06-16 17:45:31,-101.9222,31.8859, 140.7,14643,-66.4,-79.8,-75.1, 14, 27, 0.01,263,22.1
2026-06-16 17:45:32,-101.9219,31.8859, 140.6,14648,-66.5,-79.8,-75.1, 14, 28, 0.01,263,22.1
2026-06-16 17:45:33,-101.9217,31.8859, 140.5,14652,-66.5,-79.8,-75.1, 15, 28, 0.01,263,22.1
2026-06-16 17:45:34,-101.9215,31.8860, 140.4,14657,-66.6,-79.8,-75.1, 15, 28, 0.01,263,22.0
2026-06-16 17:45:35,-101.9212,31.8860, 140.3,14662,-66.6,-79.8,-75.1, 15, 28, 0.01,263,22.0
2026-06-16 17:45:36,-101.9210,31.8860, 140.2,14667,-66.6,-79.8,-75.1, 15, 28, 0.01,263,22.0
2026-06-16 17:45:37,-101.9208,31.8860, 140.1,14672,-66.7,-79.8,-75.0, 15, 28, 0.01,263,22.0
2026-06-16 17:45:38,-101.9206,31.8861, 139.9,14677,-66.7,-79.8,-75.0, 15, 29, 0.01,263,21.9
2026-06-16 17:45:39,-101.9203,31.8861, 139.8,14682,-66.7,-79.8,-75.0, 15, 29, 0.01,263,21.9
2026-06-16 17:45:40,-101.9201,31.8861, 139.7,14686,-66.8,-79.8,-75.1, 15, 29, 0.01,263,21.9
2026-06-16 17:45:41,-101.9199,31.8862, 139.6,14691,-66.8,-79.8,-75.1, 15, 29, 0.01,263,21.9
2026-06-16 17:45:42,-101.9196,31.8862, 139.5,14696,-66.8,-79.8,-75.1, 15, 29, 0.01,263,21.9
2026-06-16 17:45:43,-101.9194,31.8862, 139.4,14701,-66.9,-79.8,-75.1, 15, 29, 0.01,263,21.9
2026-06-16 17:45:44,-101.9192,31.8862, 139.3,14706,-66.9,-79.8,-75.1, 15, 29, 0.01,263,21.9
2026-06-16 17:45:45,-101.9189,31.8863, 139.1,14711,-66.9,-79.8,-75.1, 15, 29, 0.01,262,21.9
2026-06-16 17:45:46,-101.9187,31.8863, 139.0,14717,-67.0,-79.8,-75.1, 15, 29, 0.01,262,21.9
2026-06-16 17:45:47,-101.9185,31.8863, 138.9,14722,-67.0,-79.9,-75.1, 15, 29, 0.01,262,22.0
2026-06-16 17:45:48,-101.9183,31.8864, 138.8,14728,-67.0,-79.9,-75.1, 15, 30, 0.01,262,22.0
2026-06-16 17:45:49,-101.9180,31.8864, 138.6,14733,-67.1,-79.9,-75.1, 16, 30, 0.01,262,22.0
2026-06-16 17:45:50,-101.9178,31.8864, 138.5,14738,-67.1,-79.9,-75.1, 16, 30, 0.01,262,22.0
2026-06-16 17:45:51,-101.9176,31.8864, 138.4,14743,-67.1,-79.9,-75.1, 16, 30, 0.01,262,22.0
2026-06-16 17:45:52,-101.9173,31.8865, 138.3,14747,-67.2,-79.9,-75.1, 16, 30, 0.01,261,22.0
2026-06-16 17:45:53,-101.9171,31.8865, 138.2,14753,-67.2,-80.1,-75.3, 15, 29, 0.01,261,22.0
2026-06-16 17:45:54,-101.9169,31.8865, 138.1,14758,-67.2,-80.2,-75.5, 15, 29, 0.01,261,22.0
2026-06-16 17:45:55,-101.9167,31.8866, 138.0,14763,-67.3,-80.3,-75.6, 15, 28, 0.00,261,22.1
2026-06-16 17:45:56,-101.9164,31.8866, 137.9,14767,-67.3,-80.5,-75.7, 15, 28, 0.00,261,22.1
2026-06-16 17:45:57,-101.9162,31.8866, 137.7,14772,-67.3,-80.6,-75.9, 14, 27, 0.00,261,22.1
2026-06-16 17:45:58,-101.9160,31.8867, 137.6,14777,-67.4,-80.8,-76.0, 14, 27, 0.00,261,22.1
2026-06-16 17:45:59,-101.9157,31.8867, 137.5,14781,-67.4,-80.9,-76.2, 14, 26, 0.00,260,22.1
2026-06-16 17:46:00,-101.9155,31.8868, 137.4,14786,-67.4,-81.1,-76.3, 13, 26, 0.00,260,22.1
2026-06-16 17:46:01,-101.9152,31.8868, 137.3,14790,-67.4,-81.2,-76.5, 13, 25, 0.00,260,22.2
2026-06-16 17:46:02,-101.9150,31.8868, 137.2,14795,-67.5,-81.4,-76.6, 13, 25, 0.00,260,22.2
2026-06-16 17:46:03,-101.9148,31.8869, 137.1,14800,-67.5,-81.5,-76.8, 13, 24, 0.00,260,22.2
2026-06-16 17:46:04,-101.9145,31.8869, 137.0,14804,-67.5,-81.7,-76.9, 12, 24, 0.00,260,22.2
2026-06-16 17:46:05,-101.9143,31.8870, 136.9,14809,-67.6,-81.8,-77.1, 12, 23, 0.00,260,22.3
2026-06-16 17:46:06,-101.9141,31.8870, 136.8,14813,-67.6,-82.0,-77.2, 12, 23, 0.00,259,22.3
2026-06-16 17:46:07,-101.9138,31.8871, 136.7,14818,-67.6,-82.1,-77.3, 12, 23, 0.00,259,22.3
2026-06-16 17:46:08,-101.9136,31.8871, 136.6,14823,-67.7,-82.2,-77.4, 12, 22, 0.00,259,22.4
2026-06-16 17:46:09,-101.9134,31.8871, 136.5,14828,-67.7,-82.3,-77.6, 11, 22, 0.00,259,22.4
2026-06-16 17:46:10,-101.9131,31.8872, 136.4,14833,-67.7,-82.4,-77.7, 11, 22, 0.00,259,22.4
2026-06-16 17:46:11,-101.9129,31.8872, 136.3,14837,-67.7,-82.6,-77.8, 11, 21, 0.00,259,22.5
2026-06-16 17:46:12,-101.9127,31.8873, 136.2,14842,-67.8,-82.7,-77.9, 11, 21, 0.00,258,22.5
2026-06-16 17:46:13,-101.9124,31.8873, 136.0,14847,-67.8,-82.8,-78.1, 11, 21, 0.00,258,22.5
2026-06-16 17:46:14,-101.9122,31.8873, 135.9,14852,-67.8,-82.9,-78.2, 11, 20, 0.00,258,22.6
2026-06-16 17:46:15,-101.9119,31.8874, 135.8,14857,-67.9,-83.1,-78.3, 10, 20, 0.00,258,22.6
2026-06-16 17:46:16,-101.9117,31.8874, 135.7,14861,-67.9,-83.2,-78.5, 10, 20, 0.00,258,22.6
2026-06-16 17:46:17,-101.9115,31.8875, 135.6,14866,-67.9,-83.4,-78.6, 10, 19, 0.00,258,22.7
2026-06-16 17:46:18,-101.9112,31.8875, 135.5,14871,-68.0,-83.5,-78.7, 10, 19, 0.00,257,22.7
2026-06-16 17:46:19,-101.9110,31.8876, 135.4,14876,-68.0,-83.6,-78.8, 10, 19, 0.00,257,22.7
2026-06-16 17:46:20,-101.9108,31.8876, 135.3,14880,-68.1,-83.6,-78.9, 10, 19, 0.00,257,22.7
2026-06-16 17:46:21,-101.9105,31.8876, 135.2,14885,-68.1,-83.7,-78.9, 10, 19, 0.00,257,22.8
2026-06-16 17:46:22,-101.9103,31.8877, 135.1,14890,-68.1,-83.7,-78.9, 10, 19, 0.00,257,22.8
2026-06-16 17:46:23,-101.9101,31.8877, 135.0,14895,-68.2,-83.7,-79.0, 10, 19, 0.00,258,22.9
2026-06-16 17:46:24,-101.9098,31.8878, 134.9,14900,-68.2,-83.8,-79.0, 10, 19, 0.00,258,22.9
2026-06-16 17:46:25,-101.9096,31.8878, 134.7,14905,-68.2,-83.8,-79.1, 10, 19, 0.00,258,23.0
2026-06-16 17:46:26,-101.9093,31.8879, 134.6,14909,-68.3,-83.9,-79.1, 10, 19, 0.00,258,23.0
2026-06-16 17:46:27,-101.9091,31.8879, 134.5,14914,-68.3,-83.9,-79.1, 10, 19, 0.00,258,23.1
2026-06-16 17:46:28,-101.9089,31.8879, 134.4,14919,-68.3,-83.9,-79.2, 10, 19, 0.00,258,23.1
2026-06-16 17:46:29,-101.9086,31.8880, 134.3,14924,-68.4,-84.0,-79.2, 10, 19, 0.00,259,23.1
2026-06-16 17:46:30,-101.9084,31.8880, 134.2,14929,-68.4,-84.0,-79.3, 10, 19, 0.00,259,23.2
2026-06-16 17:46:31,-101.9081,31.8880, 134.1,14934,-68.5,-84.1,-79.3, 10, 19, 0.00,259,23.2
2026-06-16 17:46:32,-101.9079,31.8880, 134.0,14939,-68.5,-84.1,-79.4, 10, 19, 0.00,259,23.3
2026-06-16 17:46:33,-101.9076,31.8881, 133.9,14944,-68.5,-84.1,-79.4, 10, 19, 0.00,259,23.3
2026-06-16 17:46:34,-101.9074,31.8881, 133.7,14949,-68.6,-84.2,-79.4, 10, 19, 0.00,259,23.4
2026-06-16 17:46:35,-101.9071,31.8881, 133.6,14954,-68.6,-84.2,-79.4, 10, 19, 0.00,259,23.4
2026-06-16 17:46:36,-101.9068,31.8882, 133.5,14959,-68.7,-84.2,-79.4, 10, 19, 0.00,260,23.5
2026-06-16 17:46:37,-101.9066,31.8882, 133.4,14964,-68.7,-84.2,-79.4, 10, 19, 0.00,260,23.5
2026-06-16 17:46:38,-101.9063,31.8882, 133.3,14969,-68.7,-84.2,-79.5, 10, 19, 0.00,260,23.6
2026-06-16 17:46:39,-101.9061,31.8882, 133.2,14974,-68.8,-84.2,-79.5, 10, 19, 0.00,260,23.6
2026-06-16 17:46:40,-101.9058,31.8883, 133.1,14979,-68.8,-84.3,-79.5, 10, 19, 0.00,260,23.6
2026-06-16 17:46:41,-101.9056,31.8883, 133.0,14984,-68.8,-84.3,-79.5, 10, 19, 0.00,260,23.7
2026-06-16 17:46:42,-101.9053,31.8883, 132.9,14989,-68.9,-84.3,-79.5, 10, 19, 0.00,261,23.7
2026-06-16 17:46:43,-101.9051,31.8884, 132.8,14994,-68.9,-84.3,-79.5, 10, 19, 0.00,261,23.7
2026-06-16 17:46:44,-101.9048,31.8884, 132.6,14999,-68.9,-84.3,-79.6, 10, 19, 0.00,261,23.8
2026-06-16 17:46:45,-101.9046,31.8884, 132.5,15004,-69.0,-84.3,-79.6, 10, 19, 0.00,261,23.8
2026-06-16 17:46:46,-101.9043,31.8884, 132.4,15009,-69.0,-84.3,-79.6, 10, 19, 0.00,261,23.8
2026-06-16 17:46:47,-101.9041,31.8885, 132.3,15014,-69.1,-84.4,-79.6, 10, 19, 0.00,261,23.9
2026-06-16 17:46:48,-101.9038,31.8885, 132.2,15019,-69.1,-84.4,-79.6, 10, 19, 0.00,261,23.9
2026-06-16 17:46:49,-101.9036,31.8885, 132.1,15024,-69.1,-84.4,-79.6, 10, 19, 0.00,262,23.9
2026-06-16 17:46:50,-101.9033,31.8886, 132.0,15029,-69.2,-84.4,-79.6, 10, 19, 0.00,262,23.9
2026-06-16 17:46:51,-101.9031,31.8886, 131.9,15033,-69.2,-84.4,-79.7, 10, 20, 0.00,262,24.0
2026-06-16 17:46:52,-101.9028,31.8886, 131.8,15039,-69.2,-84.4,-79.7, 10, 20, 0.00,262,24.0
2026-06-16 17:46:53,-101.9026,31.8886, 131.6,15044,-69.3,-84.5,-79.7, 10, 20, 0.00,262,24.0
2026-06-16 17:46:54,-101.9023,31.8887, 131.5,15049,-69.3,-84.5,-79.7, 10, 20, 0.00,262,24.1
2026-06-16 17:46:55,-101.9021,31.8887, 131.4,15054,-69.3,-84.5,-79.7, 10, 20, 0.00,262,24.1
2026-06-16 17:46:56,-101.9018,31.8887, 131.3,15059,-69.3,-84.5,-79.7, 10, 20, 0.00,263,24.1
2026-06-16 17:46:57,-101.9016,31.8888, 131.2,15064,-69.4,-84.5,-79.7, 10, 20, 0.00,263,24.2
2026-06-16 17:46:58,-101.9013,31.8888, 131.1,15069,-69.4,-84.5,-79.8, 10, 20, 0.00,263,24.2
2026-06-16 17:46:59,-101.9011,31.8888, 131.0,15074,-69.4,-84.5,-79.8, 10, 20, 0.00,263,24.2
2026-06-16 17:47:00,-101.9008,31.8888, 130.9,15079,-69.5,-84.4,-79.7, 10, 20, 0.00,263,24.2
2026-06-16 17:47:01,-101.9006,31.8888, 130.8,15084,-69.5,-84.4,-79.6, 11, 21, 0.00,263,24.3
2026-06-16 17:47:02,-101.9003,31.8888, 130.7,15089,-69.5,-84.3,-79.5, 11, 21, 0.00,264,24.3
2026-06-16 17:47:03,-101.9000,31.8888, 130.5,15094,-69.5,-84.2,-79.4, 11, 21, 0.00,264,24.3
2026-06-16 17:47:04,-101.8998,31.8888, 130.4,15099,-69.6,-84.1,-79.4, 11, 22, 0.00,264,24.3
2026-06-16 17:47:05,-101.8995,31.8888, 130.3,15104,-69.6,-84.1,-79.3, 11, 22, 0.00,264,24.3
2026-06-16 17:47:06,-101.8993,31.8888, 130.2,15108,-69.6,-84.0,-79.2, 11, 22, 0.00,265,24.3
2026-06-16 17:47:07,-101.8990,31.8888, 130.1,15113,-69.6,-83.9,-79.2, 12, 23, 0.00,265,24.3
2026-06-16 17:47:08,-101.8988,31.8888, 130.0,15118,-69.7,-83.8,-79.1, 12, 23, 0.00,265,24.3
2026-06-16 17:47:09,-101.8985,31.8888, 129.9,15123,-69.7,-83.8,-79.0, 12, 23, 0.00,265,24.3
2026-06-16 17:47:10,-101.8982,31.8888, 129.8,15128,-69.7,-83.7,-78.9, 12, 24, 0.00,266,24.3
2026-06-16 17:47:11,-101.8980,31.8888, 129.7,15133,-69.7,-83.6,-78.9, 12, 24, 0.00,266,24.3
2026-06-16 17:47:12,-101.8977,31.8888, 129.6,15138,-69.7,-83.6,-78.8, 12, 24, 0.00,266,24.3
2026-06-16 17:47:13,-101.8975,31.8888, 129.5,15143,-69.8,-83.5,-78.7, 13, 25, 0.00,266,24.4
2026-06-16 17:47:14,-101.8972,31.8888, 129.4,15148,-69.8,-83.4,-78.6, 13, 25, 0.00,267,24.4
2026-06-16 17:47:15,-101.8970,31.8888, 129.3,15153,-69.8,-83.3,-78.5, 13, 26, 0.00,267,24.4
2026-06-16 17:47:16,-101.8967,31.8888, 129.1,15158,-69.8,-83.2,-78.4, 13, 26, 0.00,267,24.4
2026-06-16 17:47:17,-101.8964,31.8888, 129.0,15163,-69.9,-83.1,-78.4, 14, 27, 0.00,267,24.4
2026-06-16 17:47:18,-101.8962,31.8888, 128.9,15168,-69.9,-83.0,-78.3, 14, 27, 0.00,268,24.4
2026-06-16 17:47:19,-101.8959,31.8888, 128.8,15174,-69.9,-82.9,-78.2, 14, 28, 0.00,268,24.4
2026-06-16 17:47:20,-101.8957,31.8888, 128.7,15179,-69.9,-82.9,-78.1, 14, 28, 0.00,268,24.4
2026-06-16 17:47:21,-101.8954,31.8888, 128.6,15184,-69.9,-82.8,-78.0, 15, 29, 0.00,268,24.4
2026-06-16 17:47:22,-101.8952,31.8888, 128.5,15189,-70.0,-82.7,-77.9, 15, 29, 0.00,269,24.4
2026-06-16 17:47:23,-101.8949,31.8888, 128.4,15193,-70.0,-82.6,-77.9, 15, 30, 0.00,269,24.4
2026-06-16 17:47:24,-101.8947,31.8888, 128.3,15198,-70.0,-82.6,-77.8, 15, 30, 0.00,269,24.4
2026-06-16 17:47:25,-101.8945,31.8889, 128.2,15203,-70.1,-82.5,-77.7, 16, 30, 0.00,269,24.4
2026-06-16 17:47:26,-101.8941,31.8889, 128.1,15207,-70.1,-82.4,-77.7, 16, 31, 0.00,270,24.4
2026-06-16 17:47:27,-101.8939,31.8889, 127.9,15214,-70.1,-82.5,-77.7, 16, 31, 0.00,270,24.3
2026-06-16 17:47:28,-101.8936,31.8889, 127.8,15219,-70.2,-82.5,-77.8, 16, 31, 0.00,270,24.3
2026-06-16 17:47:29,-101.8934,31.8888, 127.7,15224,-70.2,-82.6,-77.8, 16, 31, 0.00,271,24.3
2026-06-16 17:47:30,-101.8931,31.8888, 127.6,15229,-70.2,-82.6,-77.9, 15, 30, 0.00,271,24.3
2026-06-16 17:47:31,-101.8929,31.8888, 127.5,15234,-70.3,-82.7,-77.9, 15, 30, 0.00,271,24.3
2026-06-16 17:47:32,-101.8926,31.8888, 127.4,15240,-70.3,-82.7,-78.0, 15, 30, 0.00,271,24.3
2026-06-16 17:47:33,-101.8924,31.8887, 127.3,15245,-70.3,-82.8,-78.0, 15, 30, 0.00,272,24.3
2026-06-16 17:47:34,-101.8921,31.8887, 127.2,15250,-70.3,-82.8,-78.1, 15, 30, 0.00,272,24.3
2026-06-16 17:47:35,-101.8919,31.8887, 127.0,15256,-70.4,-82.9,-78.1, 15, 30, 0.00,272,24.3
2026-06-16 17:47:36,-101.8916,31.8887, 126.9,15261,-70.4,-82.9,-78.2, 15, 30, 0.00,272,24.3
2026-06-16 17:47:37,-101.8914,31.8887, 126.8,15266,-70.5,-83.0,-78.2, 15, 30, 0.00,273,24.2
2026-06-16 17:47:38,-101.8911,31.8886, 126.7,15272,-70.5,-83.0,-78.3, 15, 30, 0.00,273,24.2
2026-06-16 17:47:39,-101.8909,31.8886, 126.6,15277,-70.5,-83.1,-78.3, 15, 30, 0.00,273,24.2
2026-06-16 17:47:40,-101.8906,31.8886, 126.5,15282,-70.6,-83.2,-78.4, 15, 29, 0.00,273,24.2
2026-06-16 17:47:41,-101.8904,31.8886, 126.4,15288,-70.6,-83.3,-78.5, 15, 29, 0.00,274,24.2
2026-06-16 17:47:42,-101.8901,31.8885, 126.2,15293,-70.7,-83.4,-78.6, 15, 29, 0.00,274,24.1
2026-06-16 17:47:43,-101.8899,31.8885, 126.1,15298,-70.7,-83.5,-78.7, 14, 28, 0.00,274,24.1
2026-06-16 17:47:44,-101.8896,31.8885, 126.0,15304,-70.7,-83.6,-78.8, 14, 28, 0.00,274,24.1
2026-06-16 17:47:45,-101.8894,31.8885, 125.9,15309,-70.8,-83.7,-79.0, 14, 28, 0.00,274,24.0
2026-06-16 17:47:46,-101.8891,31.8884, 125.8,15315,-70.8,-83.8,-79.1, 14, 27, 0.00,274,24.0
2026-06-16 17:47:47,-101.8889,31.8884, 125.7,15320,-70.8,-83.9,-79.2, 14, 27, 0.00,275,24.0
2026-06-16 17:47:48,-101.8886,31.8884, 125.6,15325,-70.9,-84.0,-79.3, 14, 27, 0.00,275,23.9
2026-06-16 17:47:49,-101.8884,31.8884, 125.5,15330,-70.9,-84.1,-79.4, 13, 26, 0.00,275,23.9
2026-06-16 17:47:50,-101.8881,31.8884, 125.3,15335,-71.0,-84.3,-79.5, 13, 26, 0.00,275,23.9
2026-06-16 17:47:51,-101.8879,31.8883, 125.2,15340,-71.0,-84.4,-79.6, 13, 26, 0.00,275,23.8
2026-06-16 17:47:52,-101.8876,31.8883, 125.1,15345,-71.0,-84.5,-79.7, 13, 26, 0.00,276,23.8
2026-06-16 17:47:53,-101.8874,31.8883, 125.0,15350,-71.1,-84.6,-79.8, 13, 25, 0.00,276,23.8
2026-06-16 17:47:54,-101.8871,31.8883, 124.9,15356,-71.1,-84.7,-79.9, 13, 25, 0.00,276,23.7
2026-06-16 17:47:55,-101.8869,31.8882, 124.8,15361,-71.2,-84.8,-80.0, 13, 25, 0.00,276,23.7
2026-06-16 17:47:56,-101.8866,31.8882, 124.7,15366,-71.2,-84.8,-80.1, 12, 25, 0.00,276,23.7
2026-06-16 17:47:57,-101.8864,31.8882, 124.6,15371,-71.2,-84.9,-80.2, 12, 24, 0.00,276,23.6
2026-06-16 17:47:58,-101.8861,31.8882, 124.5,15377,-71.3,-85.0,-80.3, 12, 24, 0.00,277,23.6
2026-06-16 17:47:59,-101.8859,31.8881, 124.4,15382,-71.3,-85.1,-80.4, 12, 24, 0.00,277,23.6
2026-06-16 17:48:00,-101.8857,31.8881, 124.3,15387,-71.4,-85.2,-80.4, 12, 24, 0.00,277,23.5
2026-06-16 17:48:01,-101.8854,31.8880, 124.1,15392,-71.4,-85.3,-80.5, 12, 24, 0.00,277,23.5
2026-06-16 17:48:02,-101.8852,31.8880, 124.0,15397,-71.4,-85.4,-80.6, 12, 23, 0.00,277,23.6
2026-06-16 17:48:03,-101.8849,31.8879, 123.9,15403,-71.5,-85.5,-80.7, 12, 23, 0.00,278,23.6
2026-06-16 17:48:04,-101.8847,31.8879, 123.8,15408,-71.5,-85.5,-80.8, 12, 23, 0.00,278,23.6
2026-06-16 17:48:05,-101.8844,31.8878, 123.7,15413,-71.5,-85.6,-80.9, 11, 23, 0.00,278,23.6
2026-06-16 17:48:06,-101.8842,31.8878, 123.6,15418,-71.6,-85.7,-81.0, 11, 22, 0.00,278,23.6
2026-06-16 17:48:07,-101.8840,31.8877, 123.5,15423,-71.6,-85.8,-81.0, 11, 22, 0.00,279,23.6
2026-06-16 17:48:08,-101.8837,31.8877, 123.4,15428,-71.6,-85.8,-81.1, 11, 22, 0.00,279,23.6
2026-06-16 17:48:09,-101.8835,31.8876, 123.3,15434,-71.6,-85.9,-81.2, 11, 22, 0.00,279,23.6
2026-06-16 17:48:10,-101.8832,31.8876, 123.2,15439,-71.7,-86.0,-81.2, 11, 22, 0.00,279,23.6
2026-06-16 17:48:11,-101.8830,31.8875, 123.0,15444,-71.7,-86.1,-81.3, 11, 22, 0.00,280,23.7
2026-06-16 17:48:12,-101.8827,31.8875, 122.9,15450,-71.7,-86.1,-81.4, 11, 22, 0.00,280,23.7
2026-06-16 17:48:13,-101.8825,31.8874, 122.8,15455,-71.8,-86.2,-81.4, 11, 21, 0.00,280,23.7
2026-06-16 17:48:14,-101.8823,31.8874, 122.7,15460,-71.8,-86.3,-81.5, 11, 21, 0.00,280,23.7
2026-06-16 17:48:15,-101.8820,31.8873, 122.6,15466,-71.8,-86.3,-81.6, 11, 21, 0.00,280,23.7
2026-06-16 17:48:16,-101.8818,31.8873, 122.5,15471,-71.8,-86.4,-81.6, 10, 21, 0.00,281,23.7
2026-06-16 17:48:17,-101.8815,31.8872, 122.4,15477,-71.8,-86.4,-81.7, 10, 21, 0.00,281,23.7
2026-06-16 17:48:18,-101.8813,31.8872, 122.2,15483,-71.8,-86.5,-81.7, 10, 21, 0.00,281,23.8
2026-06-16 17:48:19,-101.8812,31.8871, 122.1,15489,-71.9,-86.5,-81.8, 10, 20, 0.00,281,23.8
2026-06-16 17:48:20,-101.8808,31.8870, 122.1,15492,-71.9,-86.6,-81.8, 10, 20, 0.00,281,23.8
2026-06-16 17:48:21,-101.8806,31.8870, 121.9,15500,-71.9,-86.6,-81.8, 10, 21, 0.00,282,23.8
2026-06-16 17:48:22,-101.8803,31.8869, 121.7,15507,-71.9,-86.5,-81.8, 10, 21, 0.00,282,23.7
2026-06-16 17:48:23,-101.8801,31.8869, 121.6,15513,-71.9,-86.5,-81.8, 10, 21, 0.00,283,23.7
2026-06-16 17:48:24,-101.8798,31.8868, 121.5,15520,-71.9,-86.5,-81.7, 10, 21, 0.00,283,23.7
2026-06-16 17:48:25,-101.8796,31.8868, 121.4,15526,-71.9,-86.5,-81.7, 10, 21, 0.00,284,23.7
2026-06-16 17:48:26,-101.8794,31.8867, 121.2,15533,-71.9,-86.5,-81.7, 10, 21, 0.00,284,23.6
2026-06-16 17:48:27,-101.8790,31.8867, 121.1,15539,-71.9,-86.5,-81.7, 11, 21, 0.00,285,23.6
2026-06-16 17:48:28,-101.8789,31.8866, 120.9,15547,-71.9,-86.4,-81.7, 11, 21, 0.00,285,23.6
2026-06-16 17:48:29,-101.8787,31.8866, 120.8,15552,-72.0,-86.4,-81.7, 11, 21, 0.00,285,23.6
2026-06-16 17:48:30,-101.8784,31.8865, 120.7,15558,-72.0,-86.4,-81.7, 11, 21, 0.00,286,23.6
2026-06-16 17:48:31,-101.8782,31.8864, 120.6,15564,-72.0,-86.4,-81.6, 11, 21, 0.00,286,23.5
2026-06-16 17:48:32,-101.8780,31.8863, 120.5,15570,-72.0,-86.4,-81.6, 11, 21, 0.00,287,23.5
2026-06-16 17:48:33,-101.8778,31.8863, 120.4,15575,-72.0,-86.3,-81.6, 11, 22, 0.00,287,23.5
2026-06-16 17:48:34,-101.8776,31.8862, 120.2,15580,-72.0,-86.3,-81.5, 11, 22, 0.00,288,23.5
2026-06-16 17:48:35,-101.8774,31.8861, 120.1,15586,-72.0,-86.3,-81.5, 11, 22, 0.00,288,23.5
2026-06-16 17:48:36,-101.8772,31.8860, 120.0,15591,-72.0,-86.2,-81.5, 11, 22, 0.00,288,23.5
2026-06-16 17:48:37,-101.8770,31.8859, 119.9,15597,-72.0,-86.2,-81.4, 11, 22, 0.00,289,23.5
2026-06-16 17:48:38,-101.8768,31.8859, 119.8,15603,-72.0,-86.1,-81.4, 11, 22, 0.00,289,23.5
2026-06-16 17:48:39,-101.8766,31.8858, 119.7,15608,-72.0,-86.1,-81.3, 11, 23, 0.00,290,23.5
2026-06-16 17:48:40,-101.8763,31.8857, 119.6,15614,-72.0,-86.0,-81.3, 11, 23, 0.00,290,23.5
2026-06-16 17:48:41,-101.8761,31.8856, 119.4,15620,-72.0,-86.0,-81.2, 11, 23, 0.00,290,23.3
2026-06-16 17:48:42,-101.8759,31.8855, 119.3,15626,-72.0,-85.9,-81.2, 12, 23, 0.00,291,23.2
2026-06-16 17:48:43,-101.8757,31.8855, 119.2,15631,-72.0,-85.9,-81.1, 12, 23, 0.00,291,23.1
2026-06-16 17:48:44,-101.8755,31.8854, 119.1,15637,-72.0,-85.9,-81.1, 12, 23, 0.00,291,22.9
2026-06-16 17:48:45,-101.8753,31.8853, 119.0,15642,-72.0,-85.8,-81.1, 12, 24, 0.00,291,22.8
2026-06-16 17:48:46,-101.8751,31.8852, 118.9,15647,-72.0,-85.8,-81.0, 12, 24, 0.00,292,22.7
2026-06-16 17:48:47,-101.8749,31.8851, 118.8,15652,-72.0,-85.8,-81.0, 12, 24, 0.00,292,22.5
2026-06-16 17:48:48,-101.8747,31.8851, 118.7,15658,-72.0,-85.7,-81.0, 12, 24, 0.00,292,22.4
2026-06-16 17:48:49,-101.8745,31.8850, 118.6,15663,-72.0,-85.7,-80.9, 12, 24, 0.00,292,22.3
2026-06-16 17:48:50,-101.8742,31.8849, 118.5,15669,-72.0,-85.6,-80.9, 12, 24, 0.00,293,22.1
2026-06-16 17:48:51,-101.8740,31.8848, 118.3,15674,-72.0,-85.6,-80.9, 12, 25, 0.00,293,22.0
2026-06-16 17:48:52,-101.8738,31.8848, 118.2,15679,-72.0,-85.6,-80.8, 12, 25, 0.00,293,21.9
2026-06-16 17:48:53,-101.8736,31.8847, 118.1,15685,-72.0,-85.5,-80.8, 12, 25, 0.00,293,21.8
2026-06-16 17:48:54,-101.8734,31.8846, 118.0,15690,-72.0,-85.5,-80.8, 12, 25, 0.00,294,21.6
2026-06-16 17:48:55,-101.8732,31.8845, 117.9,15696,-72.0,-85.5,-80.7, 13, 25, 0.00,294,21.5
2026-06-16 17:48:56,-101.8730,31.8844, 117.8,15701,-72.0,-85.5,-80.7, 13, 25, 0.00,294,21.4
2026-06-16 17:48:57,-101.8728,31.8844, 117.7,15707,-72.1,-85.4,-80.7, 13, 25, 0.00,294,21.2
2026-06-16 17:48:58,-101.8726,31.8843, 117.6,15712,-72.1,-85.4,-80.7, 13, 26, 0.00,295,21.1
2026-06-16 17:48:59,-101.8724,31.8842, 117.5,15718,-72.1,-85.4,-80.6, 13, 26, 0.00,295,21.0
2026-06-16 17:49:00,-101.8722,31.8841, 117.4,15723,-72.1,-85.4,-80.6, 13, 26, 0.00,295,20.9
2026-06-16 17:49:01,-101.8720,31.8841, 117.3,15729,-72.1,-85.4,-80.6, 13, 26, 0.00,295,20.8
2026-06-16 17:49:02,-101.8718,31.8840, 117.1,15734,-72.1,-85.4,-80.7, 13, 26, 0.00,295,20.8
2026-06-16 17:49:03,-101.8716,31.8839, 117.0,15739,-72.2,-85.5,-80.7, 13, 26, 0.00,295,20.7
2026-06-16 17:49:04,-101.8714,31.8839, 116.9,15745,-72.2,-85.5,-80.7, 13, 26, 0.00,295,20.7
2026-06-16 17:49:05,-101.8712,31.8838, 116.8,15750,-72.2,-85.5,-80.7, 13, 26, 0.00,295,20.6
2026-06-16 17:49:06,-101.8710,31.8837, 116.7,15755,-72.2,-85.5,-80.8, 13, 26, 0.00,295,20.5
2026-06-16 17:49:07,-101.8708,31.8837, 116.6,15761,-72.2,-85.6,-80.8, 13, 26, 0.00,295,20.5
2026-06-16 17:49:08,-101.8706,31.8836, 116.5,15766,-72.3,-85.6,-80.8, 13, 26, 0.00,294,20.4
2026-06-16 17:49:09,-101.8705,31.8835, 116.4,15771,-72.3,-85.6,-80.9, 13, 26, 0.00,294,20.4
2026-06-16 17:49:10,-101.8703,31.8835, 116.3,15777,-72.3,-85.6,-80.9, 13, 25, 0.00,294,20.3
2026-06-16 17:49:11,-101.8701,31.8834, 116.2,15782,-72.3,-85.7,-80.9, 13, 25, 0.00,294,20.3
2026-06-16 17:49:12,-101.8699,31.8833, 116.1,15787,-72.4,-85.7,-81.0, 13, 25, 0.00,294,20.2
2026-06-16 17:49:13,-101.8697,31.8833, 116.0,15793,-72.4,-85.7,-81.0, 13, 25, 0.00,294,20.2
2026-06-16 17:49:14,-101.8695,31.8832, 115.9,15798,-72.4,-85.8,-81.0, 13, 25, 0.00,294,20.1
2026-06-16 17:49:15,-101.8693,31.8831, 115.8,15803,-72.4,-85.9,-81.1, 12, 25, 0.00,294,20.1
2026-06-16 17:49:16,-101.8691,31.8831, 115.7,15808,-72.5,-85.9,-81.2, 12, 25, 0.00,294,20.0
2026-06-16 17:49:17,-101.8689,31.8830, 115.6,15814,-72.5,-86.0,-81.2, 12, 25, 0.00,293,20.0
2026-06-16 17:49:18,-101.8688,31.8829, 115.5,15819,-72.5,-86.0,-81.3, 12, 25, 0.00,293,19.9
2026-06-16 17:49:19,-101.8686,31.8829, 115.4,15825,-72.5,-86.1,-81.3, 12, 25, 0.00,293,19.9
2026-06-16 17:49:20,-101.8684,31.8828, 115.2,15830,-72.6,-86.1,-81.4, 12, 24, 0.00,293,19.8
2026-06-16 17:49:21,-101.8682,31.8827, 115.1,15835,-72.6,-86.2,-81.4, 12, 24, 0.00,293,19.8
2026-06-16 17:49:22,-101.8680,31.8827, 115.0,15841,-72.6,-86.3,-81.5, 12, 24, 0.00,293,19.7
2026-06-16 17:49:23,-101.8678,31.8826, 114.9,15846,-72.6,-86.3,-81.6, 12, 24, 0.00,293,19.7
2026-06-16 17:49:24,-101.8676,31.8825, 114.8,15852,-72.7,-86.4,-81.6, 12, 24, 0.00,292,19.7
2026-06-16 17:49:25,-101.8674,31.8825, 114.7,15857,-72.7,-86.5,-81.7, 12, 24, 0.00,292,19.6
2026-06-16 17:49:26,-101.8672,31.8824, 114.6,15863,-72.7,-86.5,-81.8, 12, 24, 0.00,292,19.6
2026-06-16 17:49:27,-101.8671,31.8823, 114.5,15868,-72.8,-86.6,-81.8, 12, 23, 0.00,292,19.6
2026-06-16 17:49:28,-101.8669,31.8823, 114.4,15873,-72.8,-86.6,-81.9, 12, 23, 0.00,292,19.6
2026-06-16 17:49:29,-101.8667,31.8822, 114.3,15878,-72.8,-86.7,-81.9, 12, 23, 0.00,292,19.5
2026-06-16 17:49:30,-101.8665,31.8821, 114.2,15884,-72.9,-86.7,-81.9, 12, 23, 0.00,292,19.5
2026-06-16 17:49:31,-101.8663,31.8821, 114.1,15889,-72.9,-86.7,-82.0, 12, 23, 0.00,291,19.5
2026-06-16 17:49:32,-101.8661,31.8820, 114.0,15894,-72.9,-86.8,-82.0, 12, 23, 0.00,291,19.4
2026-06-16 17:49:33,-101.8659,31.8820, 113.9,15899,-73.0,-86.8,-82.0, 12, 23, 0.00,291,19.4
2026-06-16 17:49:34,-101.8657,31.8819, 113.8,15905,-73.0,-86.8,-82.1, 12, 23, 0.00,291,19.4
2026-06-16 17:49:35,-101.8655,31.8818, 113.7,15910,-73.0,-86.9,-82.1, 12, 23, 0.00,291,19.3
2026-06-16 17:49:36,-101.8653,31.8818, 113.6,15915,-73.1,-86.9,-82.1, 11, 23, 0.00,291,19.3
2026-06-16 17:49:37,-101.8651,31.8817, 113.5,15921,-73.1,-86.9,-82.2, 11, 23, 0.00,290,19.3
2026-06-16 17:49:38,-101.8649,31.8817, 113.4,15926,-73.1,-87.0,-82.2, 11, 23, 0.00,290,19.3
2026-06-16 17:49:39,-101.8647,31.8816, 113.3,15932,-73.2,-87.0,-82.2, 11, 23, 0.00,290,19.2
2026-06-16 17:49:40,-101.8645,31.8815, 113.2,15937,-73.2,-87.0,-82.3, 11, 23, 0.00,290,19.2
2026-06-16 17:49:41,-101.8643,31.8815, 113.1,15941,-73.2,-87.0,-82.3, 11, 23, 0.00,290,19.2
2026-06-16 17:49:42,-101.8641,31.8814, 113.0,15946,-73.3,-87.1,-82.3, 12, 23, 0.00,290,19.3
2026-06-16 17:49:43,-101.8639,31.8814, 112.9,15951,-73.3,-87.1,-82.3, 12, 23, 0.00,290,19.3
2026-06-16 17:49:44,-101.8637,31.8813, 112.8,15956,-73.3,-87.1,-82.3, 12, 23, 0.00,290,19.4
2026-06-16 17:49:45,-101.8635,31.8812, 112.7,15961,-73.4,-87.1,-82.3, 12, 24, 0.00,290,19.4
2026-06-16 17:49:46,-101.8633,31.8812, 112.6,15967,-73.4,-87.1,-82.3, 12, 24, 0.00,290,19.4
2026-06-16 17:49:47,-101.8631,31.8811, 112.5,15972,-73.4,-87.1,-82.4, 12, 24, 0.00,290,19.5
2026-06-16 17:49:48,-101.8629,31.8811, 112.4,15977,-73.5,-87.1,-82.4, 12, 24, 0.00,290,19.5
2026-06-16 17:49:49,-101.8627,31.8810, 112.3,15983,-73.5,-87.1,-82.4, 12, 24, 0.00,289,19.6
2026-06-16 17:49:50,-101.8625,31.8810, 112.2,15988,-73.5,-87.2,-82.4, 12, 24, 0.00,289,19.6
2026-06-16 17:49:51,-101.8623,31.8809, 112.1,15993,-73.6,-87.2,-82.4, 12, 24, 0.00,289,19.7
2026-06-16 17:49:52,-101.8622,31.8808, 112.0,15999,-73.6,-87.2,-82.4, 12, 24, 0.00,289,19.7
2026-06-16 17:49:53,-101.8620,31.8808, 111.9,16004,-73.6,-87.2,-82.4, 12, 24, 0.00,289,19.7
2026-06-16 17:49:54,-101.8618,31.8807, 111.8,16009,-73.7,-87.2,-82.5, 12, 24, 0.00,289,19.8
2026-06-16 17:49:55,-101.8616,31.8807, 111.7,16015,-73.7,-87.3,-82.5, 12, 24, 0.00,289,19.8
2026-06-16 17:49:56,-101.8614,31.8806, 111.6,16020,-73.8,-87.3,-82.5, 12, 24, 0.00,289,19.9
2026-06-16 17:49:57,-101.8612,31.8805, 111.5,16026,-73.8,-87.3,-82.6, 12, 24, 0.00,289,19.9
2026-06-16 17:49:58,-101.8610,31.8805, 111.3,16031,-73.8,-87.3,-82.6, 12, 24, 0.00,289,19.9
2026-06-16 17:49:59,-101.8608,31.8804, 111.2,16037,-73.9,-87.4,-82.6, 12, 24, 0.00,289,20.0
2026-06-16 17:50:00,-101.8606,31.8804, 111.1,16043,-73.9,-87.4,-82.7, 12, 24, 0.00,289,20.0
2026-06-16 17:50:01,-101.8604,31.8803, 111.0,16048,-73.9,-87.4,-82.7, 12, 24, 0.00,289,20.0
2026-06-16 17:50:02,-101.8602,31.8803, 110.9,16054,-74.0,-87.5,-82.7, 12, 24, 0.00,289,20.1
2026-06-16 17:50:03,-101.8600,31.8802, 110.8,16059,-74.0,-87.5,-82.8, 12, 24, 0.00,289,20.1
2026-06-16 17:50:04,-101.8598,31.8802, 110.7,16064,-74.0,-87.5,-82.8, 12, 24, 0.00,289,20.1
2026-06-16 17:50:05,-101.8596,31.8801, 110.6,16069,-74.1,-87.6,-82.8, 12, 24, 0.00,289,20.1
2026-06-16 17:50:06,-101.8594,31.8801, 110.5,16074,-74.1,-87.6,-82.9, 12, 24, 0.00,288,20.1
2026-06-16 17:50:07,-101.8592,31.8800, 110.4,16079,-74.2,-87.6,-82.9, 12, 24, 0.00,288,20.1
2026-06-16 17:50:08,-101.8590,31.8800, 110.3,16084,-74.2,-87.7,-82.9, 12, 24, 0.00,288,20.2
2026-06-16 17:50:09,-101.8588,31.8799, 110.3,16089,-74.2,-87.7,-82.9, 12, 24, 0.00,288,20.2
2026-06-16 17:50:10,-101.8586,31.8798, 110.2,16094,-74.3,-87.7,-82.9, 12, 24, 0.00,288,20.2
2026-06-16 17:50:11,-101.8584,31.8798, 110.1,16099,-74.3,-87.7,-83.0, 12, 24, 0.00,288,20.2
2026-06-16 17:50:12,-101.8582,31.8797, 110.0,16104,-74.3,-87.7,-83.0, 12, 25, 0.00,288,20.2
2026-06-16 17:50:13,-101.8580,31.8797, 109.9,16110,-74.4,-87.8,-83.0, 12, 25, 0.00,288,20.2
2026-06-16 17:50:14,-101.8578,31.8796, 109.8,16115,-74.4,-87.8,-83.0, 12, 25, 0.00,288,20.3
2026-06-16 17:50:15,-101.8576,31.8796, 109.7,16121,-74.5,-87.8,-83.0, 12, 25, 0.00,288,20.3
2026-06-16 17:50:16,-101.8574,31.8795, 109.6,16126,-74.5,-87.8,-83.1, 12, 25, 0.00,288,20.3
2026-06-16 17:50:17,-101.8572,31.8795, 109.5,16132,-74.5,-87.8,-83.1, 12, 25, 0.00,287,20.3
2026-06-16 17:50:18,-101.8570,31.8794, 109.4,16137,-74.5,-87.8,-83.1, 12, 25, 0.00,287,20.3
2026-06-16 17:50:19,-101.8568,31.8794, 109.2,16142,-74.6,-87.8,-83.1, 12, 25, 0.00,287,20.3
2026-06-16 17:50:20,-101.8566,31.8793, 109.2,16147,-74.6,-87.8,-83.1, 12, 25, 0.00,287,20.4
2026-06-16 17:50:21,-101.8564,31.8793, 109.1,16152,-74.6,-87.8,-83.1, 12, 25, 0.00,287,20.3
2026-06-16 17:50:22,-101.8562,31.8792, 109.0,16158,-74.6,-87.9,-83.1, 12, 25, 0.00,287,20.2
2026-06-16 17:50:23,-101.8560,31.8792, 108.9,16163,-74.6,-87.9,-83.1, 12, 25, 0.00,287,20.2
2026-06-16 17:50:24,-101.8558,31.8791, 108.8,16168,-74.7,-87.9,-83.1, 12, 25, 0.00,287,20.1
2026-06-16 17:50:25,-101.8555,31.8791, 108.7,16173,-74.7,-87.9,-83.1, 12, 25, 0.00,287,20.1
2026-06-16 17:50:26,-101.8553,31.8790, 108.6,16178,-74.7,-87.9,-83.1, 12, 25, 0.00,287,20.0
2026-06-16 17:50:27,-101.8551,31.8790, 108.5,16183,-74.7,-87.9,-83.1, 12, 25, 0.00,287,20.0
2026-06-16 17:50:28,-101.8549,31.8789, 108.4,16189,-74.7,-87.9,-83.1, 12, 25, 0.00,286,19.9
2026-06-16 17:50:29,-101.8547,31.8789, 108.3,16195,-74.8,-87.9,-83.2, 12, 25, 0.00,286,19.8
2026-06-16 17:50:30,-101.8545,31.8788, 108.2,16199,-74.8,-87.9,-83.1, 12, 26, 0.00,286,19.8
2026-06-16 17:50:31,-101.8543,31.8788, 108.1,16204,-74.8,-87.9,-83.1, 12, 26, 0.00,286,19.7
2026-06-16 17:50:32,-101.8542,31.8787, 108.0,16209,-74.8,-87.9,-83.1, 12, 26, 0.00,286,19.7
2026-06-16 17:50:33,-101.8540,31.8786, 107.9,16214,-74.8,-87.9,-83.1, 12, 26, 0.00,286,19.6
2026-06-16 17:50:34,-101.8538,31.8786, 107.8,16219,-74.8,-87.9,-83.1, 13, 26, 0.00,286,19.6
2026-06-16 17:50:35,-101.8536,31.8785, 107.7,16224,-74.8,-87.9,-83.1, 13, 26, 0.00,286,19.5
2026-06-16 17:50:36,-101.8534,31.8784, 107.6,16228,-74.8,-87.9,-83.1, 13, 26, 0.00,286,19.4
2026-06-16 17:50:37,-101.8532,31.8784, 107.5,16233,-74.8,-87.9,-83.1, 13, 26, 0.00,286,19.4
2026-06-16 17:50:38,-101.8530,31.8783, 107.5,16238,-74.8,-87.9,-83.1, 13, 26, 0.00,286,19.3
2026-06-16 17:50:39,-101.8528,31.8783, 107.4,16243,-74.8,-87.9,-83.1, 13, 26, 0.00,285,19.3
2026-06-16 17:50:40,-101.8526,31.8782, 107.3,16248,-74.8,-87.9,-83.1, 13, 26, 0.00,285,19.2
2026-06-16 17:50:41,-101.8524,31.8781, 107.2,16253,-74.8,-87.9,-83.1, 13, 26, 0.00,286,19.2
2026-06-16 17:50:42,-101.8523,31.8781, 107.1,16258,-74.8,-87.9,-83.2, 13, 26, 0.00,286,19.3
2026-06-16 17:50:43,-101.8520,31.8780, 107.0,16261,-74.8,-87.9,-83.2, 13, 26, 0.00,286,19.3
2026-06-16 17:50:44,-101.8519,31.8779, 106.9,16267,-74.8,-87.9,-83.1, 13, 26, 0.00,287,19.3
2026-06-16 17:50:45,-101.8517,31.8779, 106.8,16272,-74.8,-87.9,-83.1, 13, 26, 0.00,287,19.4
2026-06-16 17:50:46,-101.8515,31.8778, 106.7,16277,-74.8,-87.9,-83.1, 13, 26, 0.00,287,19.4
2026-06-16 17:50:47,-101.8513,31.8777, 106.7,16282,-74.8,-87.8,-83.1, 13, 26, 0.00,288,19.4
2026-06-16 17:50:48,-101.8511,31.8777, 106.6,16287,-74.8,-87.8,-83.1, 13, 26, 0.00,288,19.4
2026-06-16 17:50:49,-101.8509,31.8776, 106.5,16292,-74.7,-87.8,-83.0, 13, 26, 0.00,288,19.5
2026-06-16 17:50:50,-101.8507,31.8775, 106.4,16296,-74.7,-87.8,-83.0, 13, 26, 0.00,289,19.5
2026-06-16 17:50:51,-101.8505,31.8775, 106.3,16301,-74.7,-87.7,-83.0, 13, 26, 0.00,289,19.5
2026-06-16 17:50:52,-101.8503,31.8774, 106.2,16306,-74.7,-87.7,-82.9, 13, 26, 0.00,290,19.6
2026-06-16 17:50:53,-101.8501,31.8773, 106.1,16311,-74.7,-87.7,-82.9, 13, 26, 0.00,290,19.6
2026-06-16 17:50:54,-101.8499,31.8773, 106.0,16316,-74.6,-87.7,-82.9, 13, 26, 0.00,290,19.7
2026-06-16 17:50:55,-101.8497,31.8772, 105.9,16322,-74.6,-87.6,-82.9, 13, 26, 0.00,291,19.7
2026-06-16 17:50:56,-101.8496,31.8771, 105.8,16327,-74.6,-87.6,-82.8, 13, 26, 0.00,291,19.7
2026-06-16 17:50:57,-101.8494,31.8771, 105.7,16332,-74.6,-87.6,-82.8, 13, 26, 0.00,291,19.8
2026-06-16 17:50:58,-101.8492,31.8770, 105.7,16337,-74.5,-87.5,-82.8, 13, 26, 0.00,292,19.8
2026-06-16 17:50:59,-101.8490,31.8769, 105.6,16342,-74.5,-87.5,-82.7, 13, 26, 0.00,292,19.8
2026-06-16 17:51:00,-101.8488,31.8769, 105.5,16346,-74.5,-87.4,-82.7, 13, 26, 0.00,292,19.9
2026-06-16 17:51:01,-101.8486,31.8768, 105.4,16351,-74.4,-87.4,-82.6, 13, 26, 0.00,293,19.8
2026-06-16 17:51:02,-101.8484,31.8768, 105.3,16356,-74.4,-87.4,-82.6, 13, 26, 0.00,293,19.8
2026-06-16 17:51:03,-101.8483,31.8767, 105.2,16361,-74.3,-87.3,-82.6, 13, 26, 0.00,294,19.7
2026-06-16 17:51:04,-101.8481,31.8766, 105.1,16365,-74.3,-87.3,-82.5, 13, 26, 0.00,294,19.6
2026-06-16 17:51:05,-101.8480,31.8765, 105.0,16370,-74.3,-87.3,-82.5, 13, 26, 0.00,295,19.6
2026-06-16 17:51:06,-101.8478,31.8764, 105.0,16375,-74.2,-87.2,-82.5, 13, 26, 0.00,296,19.5
2026-06-16 17:51:07,-101.8477,31.8763, 104.9,16380,-74.2,-87.2,-82.4, 13, 26, 0.00,296,19.5
2026-06-16 17:51:08,-101.8475,31.8762, 104.8,16384,-74.2,-87.2,-82.4, 13, 26, 0.00,297,19.4
2026-06-16 17:51:09,-101.8474,31.8761, 104.7,16389,-74.1,-87.1,-82.4, 13, 26, 0.00,297,19.4
2026-06-16 17:51:10,-101.8472,31.8760, 104.6,16394,-74.1,-87.1,-82.4, 13, 26, 0.00,298,19.3
2026-06-16 17:51:11,-101.8471,31.8759, 104.5,16399,-74.0,-87.1,-82.3, 13, 26, 0.00,299,19.3
2026-06-16 17:51:12,-101.8469,31.8758, 104.4,16404,-74.0,-87.0,-82.3, 13, 26, 0.00,299,19.3
2026-06-16 17:51:13,-101.8468,31.8757, 104.3,16409,-74.0,-87.0,-82.2, 13, 26, 0.00,300,19.2
2026-06-16 17:51:14,-101.8467,31.8756, 104.3,16414,-73.9,-87.0,-82.2, 13, 26, 0.00,300,19.2
2026-06-16 17:51:15,-101.8465,31.8755, 104.2,16419,-73.9,-86.9,-82.2, 13, 26, 0.00,301,19.1
2026-06-16 17:51:16,-101.8464,31.8754, 104.1,16424,-73.8,-86.9,-82.1, 13, 26, 0.00,302,19.1
2026-06-16 17:51:17,-101.8462,31.8753, 104.0,16429,-73.8,-86.8,-82.1, 13, 26, 0.00,302,19.1
2026-06-16 17:51:18,-101.8461,31.8752, 103.9,16434,-73.7,-86.8,-82.0, 13, 26, 0.00,303,19.1
2026-06-16 17:51:19,-101.8459,31.8751, 103.8,16439,-73.7,-86.7,-82.0, 13, 26, 0.00,303,19.0
2026-06-16 17:51:20,-101.8458,31.8750, 103.7,16443,-73.6,-86.7,-81.9, 13, 26, 0.00,304,19.0
2026-06-16 17:51:21,-101.8456,31.8749, 103.6,16448,-73.6,-86.6,-81.9, 13, 26, 0.00,304,18.8
2026-06-16 17:51:22,-101.8455,31.8748, 103.6,16453,-73.6,-86.6,-81.8, 13, 26, 0.00,305,18.7
2026-06-16 17:51:23,-101.8453,31.8747, 103.5,16458,-73.5,-86.6,-81.8, 13, 26, 0.00,305,18.5
2026-06-16 17:51:24,-101.8452,31.8746, 103.4,16463,-73.5,-86.5,-81.7, 13, 26, 0.00,306,18.3
2026-06-16 17:51:25,-101.8451,31.8745, 103.3,16468,-73.4,-86.5,-81.7, 13, 26, 0.00,306,18.1
2026-06-16 17:51:26,-101.8449,31.8744, 103.2,16473,-73.4,-86.4,-81.7, 13, 26, 0.00,306,18.0
2026-06-16 17:51:27,-101.8448,31.8743, 103.1,16478,-73.4,-86.4,-81.6, 13, 27, 0.00,307,17.8
2026-06-16 17:51:28,-101.8446,31.8742, 103.0,16482,-73.3,-86.3,-81.6, 13, 27, 0.00,307,17.6
2026-06-16 17:51:29,-101.8445,31.8741, 103.0,16487,-73.3,-86.3,-81.5, 13, 26, 0.00,308,17.5
2026-06-16 17:51:30,-101.8443,31.8741, 102.9,16492,-73.2,-86.3,-81.5, 13, 27, 0.00,308,17.3
2026-06-16 17:51:31,-101.8442,31.8740, 102.8,16497,-73.2,-86.2,-81.5, 13, 27, 0.00,308,17.1
2026-06-16 17:51:32,-101.8440,31.8739, 102.7,16502,-73.1,-86.2,-81.4, 13, 27, 0.00,309,16.9
2026-06-16 17:51:33,-101.8439,31.8738, 102.6,16507,-73.1,-86.1,-81.4, 13, 27, 0.00,309,16.8
2026-06-16 17:51:34,-101.8438,31.8737, 102.5,16512,-73.1,-86.1,-81.3, 13, 27, 0.00,310,16.6
2026-06-16 17:51:35,-101.8437,31.8736, 102.4,16517,-73.0,-86.1,-81.3, 13, 27, 0.00,310,16.5
2026-06-16 17:51:36,-101.8436,31.8735, 102.3,16523,-73.0,-86.0,-81.3, 13, 27, 0.00,311,16.3
2026-06-16 17:51:37,-101.8435,31.8734, 102.3,16527,-72.9,-86.0,-81.2, 13, 27, 0.00,311,16.1
2026-06-16 17:51:38,-101.8434,31.8733, 102.2,16532,-72.9,-86.0,-81.2, 13, 27, 0.00,312,16.0
2026-06-16 17:51:39,-101.8433,31.8732, 102.1,16537,-72.9,-85.9,-81.2, 13, 27, 0.00,312,15.8
2026-06-16 17:51:40,-101.8432,31.8731, 102.0,16542,-72.9,-85.9,-81.1, 13, 27, 0.00,313,15.7
2026-06-16 17:51:41,-101.8431,31.8731, 101.9,16547,-72.8,-85.9,-81.1, 13, 27, 0.00,313,15.5
2026-06-16 17:51:42,-101.8431,31.8730, 101.8,16551,-72.8,-85.9,-81.1, 13, 27, 0.00,313,15.3
2026-06-16 17:51:43,-101.8430,31.8729, 101.8,16556,-72.8,-85.9,-81.1, 13, 26, 0.00,313,15.2
2026-06-16 17:51:44,-101.8429,31.8728, 101.7,16562,-72.8,-85.8,-81.1, 13, 26, 0.00,313,15.0
2026-06-16 17:51:45,-101.8428,31.8727, 101.6,16567,-72.7,-85.8,-81.1, 13, 26, 0.00,314,14.9
2026-06-16 17:51:46,-101.8427,31.8726, 101.5,16572,-72.7,-85.8,-81.1, 13, 26, 0.00,314,14.7
2026-06-16 17:51:47,-101.8426,31.8726, 101.4,16577,-72.7,-85.8,-81.1, 13, 26, 0.00,314,14.6
2026-06-16 17:51:48,-101.8425,31.8725, 101.3,16583,-72.6,-85.8,-81.1, 13, 26, 0.00,314,14.4
2026-06-16 17:51:49,-101.8424,31.8724, 101.2,16588,-72.6,-85.8,-81.0, 13, 26, 0.00,315,14.3
2026-06-16 17:51:50,-101.8423,31.8723, 101.1,16593,-72.6,-85.8,-81.0, 13, 26, 0.00,315,14.1
2026-06-16 17:51:51,-101.8422,31.8722, 101.0,16598,-72.6,-85.8,-81.0, 13, 26, 0.00,315,14.0
2026-06-16 17:51:52,-101.8422,31.8721, 100.9,16603,-72.6,-85.8,-81.0, 13, 26, 0.00,315,13.8
2026-06-16 17:51:53,-101.8421,31.8720, 100.9,16608,-72.5,-85.8,-81.0, 13, 26, 0.00,316,13.7
2026-06-16 17:51:54,-101.8420,31.8720, 100.8,16613,-72.5,-85.8,-81.0, 13, 26, 0.00,316,13.5
2026-06-16 17:51:55,-101.8419,31.8719, 100.7,16618,-72.5,-85.8,-81.0, 13, 26, 0.00,316,13.4
2026-06-16 17:51:56,-101.8418,31.8718, 100.6,16624,-72.5,-85.8,-81.0, 13, 25, 0.00,317,13.2
2026-06-16 17:51:57,-101.8417,31.8717, 100.5,16629,-72.5,-85.8,-81.1, 13, 25, 0.00,317,13.1
2026-06-16 17:51:58,-101.8416,31.8716, 100.4,16634,-72.4,-85.8,-81.1, 13, 25, 0.00,317,12.9
2026-06-16 17:51:59,-101.8415,31.8715, 100.3,16639,-72.4,-85.8,-81.1, 12, 25, 0.00,317,12.8
2026-06-16 17:52:00,-101.8414,31.8714, 100.2,16644,-72.4,-85.9,-81.1, 12, 25, 0.00,318,12.6
2026-06-16 17:52:01,-101.8414,31.8714, 100.2,16649,-72.4,-85.9,-81.1, 12, 25, 0.00,318,12.5
2026-06-16 17:52:02,-101.8413,31.8713, 100.1,16654,-72.4,-85.9,-81.1, 12, 25, 0.00,319,12.4
2026-06-16 17:52:03,-101.8412,31.8712, 100.0,16658,-72.3,-85.9,-81.1, 12, 25, 0.00,319,12.4
2026-06-16 17:52:04,-101.8411,31.8711,  99.9,16665,-72.3,-85.9,-81.2, 12, 24, 0.00,319,12.2
2026-06-16 17:52:05,-101.8410,31.8710,  99.8,16670,-72.3,-85.9,-81.2, 12, 24, 0.00,320,12.2
2026-06-16 17:52:06,-101.8410,31.8710,  99.7,16675,-72.3,-86.0,-81.2, 12, 24, 0.00,320,12.1
2026-06-16 17:52:07,-101.8409,31.8709,  99.6,16681,-72.3,-86.0,-81.2, 12, 24, 0.00,320,12.0
2026-06-16 17:52:08,-101.8409,31.8708,  99.5,16686,-72.3,-86.0,-81.2, 12, 24, 0.00,321,11.9
2026-06-16 17:52:09,-101.8408,31.8708,  99.4,16692,-72.3,-86.0,-81.3, 12, 24, 0.00,321,11.8
2026-06-16 17:52:10,-101.8408,31.8707,  99.3,16697,-72.3,-86.0,-81.3, 12, 24, 0.00,322,11.7
2026-06-16 17:52:11,-101.8407,31.8706,  99.3,16702,-72.3,-86.0,-81.3, 12, 24, 0.00,322,11.6
2026-06-16 17:52:12,-101.8407,31.8706,  99.2,16708,-72.2,-86.0,-81.3, 12, 24, 0.00,322,11.5
2026-06-16 17:52:13,-101.8406,31.8705,  99.1,16713,-72.2,-86.1,-81.3, 12, 24, 0.00,323,11.4
2026-06-16 17:52:14,-101.8406,31.8704,  99.0,16718,-72.2,-86.1,-81.3, 12, 23, 0.00,323,11.3
2026-06-16 17:52:15,-101.8405,31.8704,  98.9,16724,-72.2,-86.1,-81.3, 12, 23, 0.00,324,11.2
2026-06-16 17:52:16,-101.8405,31.8703,  98.8,16729,-72.2,-86.1,-81.3, 12, 23, 0.00,324,11.1
2026-06-16 17:52:17,-101.8404,31.8702,  98.7,16735,-72.2,-86.1,-81.3, 12, 23, 0.00,325,11.0
2026-06-16 17:52:18,-101.8404,31.8702,  98.6,16740,-72.2,-86.1,-81.4, 12, 23, 0.00,325,11.0
2026-06-16 17:52:19,-101.8403,31.8701,  98.5,16746,-72.2,-86.1,-81.4, 12, 23, 0.00,326,10.9
2026-06-16 17:52:20,-101.8403,31.8700,  98.4,16752,-72.2,-86.1,-81.4, 11, 23, 0.00,326,10.8
2026-06-16 17:52:21,-101.8402,31.8700,  98.3,16757,-72.2,-86.2,-81.4, 11, 23, 0.00,326,10.6
2026-06-16 17:52:22,-101.8402,31.8699,  98.2,16763,-72.2,-86.2,-81.4, 11, 23, 0.00,326,10.4
2026-06-16 17:52:23,-101.8401,31.8698,  98.1,16770,-72.2,-86.2,-81.5, 11, 23, 0.00,326,10.2
2026-06-16 17:52:24,-101.8401,31.8698,  98.0,16776,-72.2,-86.3,-81.5, 11, 23, 0.00,326,10.0
2026-06-16 17:52:25,-101.8400,31.8697,  97.9,16783,-72.2,-86.3,-81.5, 11, 22, 0.00,326, 9.8
2026-06-16 17:52:26,-101.8400,31.8696,  97.8,16789,-72.2,-86.3,-81.6, 11, 22, 0.00,326, 9.6
2026-06-16 17:52:27,-101.8399,31.8696,  97.7,16796,-72.2,-86.4,-81.6, 11, 22, 0.00,326, 9.4
2026-06-16 17:52:28,-101.8399,31.8695,  97.6,16803,-72.1,-86.4,-81.7, 11, 22, 0.00,326, 9.2
2026-06-16 17:52:29,-101.8398,31.8694,  97.5,16810,-72.1,-86.5,-81.7, 11, 22, 0.00,326, 9.0
2026-06-16 17:52:30,-101.8398,31.8694,  97.3,16817,-72.1,-86.5,-81.8, 11, 21, 0.00,326, 8.8
2026-06-16 17:52:31,-101.8397,31.8693,  97.2,16824,-72.1,-86.6,-81.8, 11, 21, 0.00,326, 8.6
2026-06-16 17:52:32,-101.8396,31.8692,  97.1,16831,-72.1,-86.6,-81.8, 11, 21, 0.00,326, 8.4
2026-06-16 17:52:33,-101.8396,31.8692,  97.0,16838,-72.1,-86.7,-81.9, 10, 21, 0.00,326, 8.2
2026-06-16 17:52:34,-101.8395,31.8691,  96.9,16843,-72.1,-86.7,-81.9, 10, 21, 0.00,326, 8.1
2026-06-16 17:52:35,-101.8395,31.8691,  96.8,16849,-72.1,-86.7,-82.0, 10, 21, 0.00,326, 7.9
2026-06-16 17:52:36,-101.8395,31.8690,  96.7,16854,-72.1,-86.7,-82.0, 10, 21, 0.00,326, 7.7
2026-06-16 17:52:37,-101.8394,31.8690,  96.6,16860,-72.1,-86.7,-82.0, 10, 21, 0.00,326, 7.5
2026-06-16 17:52:38,-101.8394,31.8690,  96.5,16865,-72.1,-86.7,-82.0, 10, 21, 0.00,325, 7.3
2026-06-16 17:52:39,-101.8394,31.8690,  96.5,16870,-72.1,-86.7,-82.0, 10, 21, 0.00,325, 7.1
2026-06-16 17:52:40,-101.8394,31.8690,  96.4,16876,-72.1,-86.7,-82.0, 10, 21, 0.00,325, 6.9
2026-06-16 17:52:41,-101.8393,31.8689,  96.3,16881,-72.1,-86.7,-82.0, 10, 21, 0.00,325, 6.7
2026-06-16 17:52:42,-101.8393,31.8689,  96.2,16886,-72.1,-86.7,-82.0, 10, 21, 0.00,324, 6.5
2026-06-16 17:52:43,-101.8393,31.8689,  96.1,16891,-72.1,-86.7,-82.0, 10, 21, 0.00,324, 6.4
2026-06-16 17:52:44,-101.8392,31.8689,  96.1,16894,-72.1,-86.7,-82.0, 10, 21, 0.00,324, 6.3
2026-06-16 17:52:45,-101.8392,31.8689,  95.9,16901,-72.1,-86.8,-82.0, 10, 21, 0.00,323, 6.0
2026-06-16 17:52:46,-101.8392,31.8689,  95.9,16907,-72.1,-86.8,-82.0, 10, 21, 0.00,322, 5.9
2026-06-16 17:52:47,-101.8391,31.8688,  95.8,16912,-72.1,-86.8,-82.0, 10, 21, 0.00,322, 5.7
2026-06-16 17:52:48,-101.8391,31.8688,  95.7,16917,-72.2,-86.8,-82.0, 10, 21, 0.00,321, 5.5
2026-06-16 17:52:49,-101.8391,31.8688,  95.6,16922,-72.2,-86.8,-82.0, 10, 21, 0.00,321, 5.4
2026-06-16 17:52:50,-101.8390,31.8688,  95.5,16928,-72.2,-86.8,-82.0, 10, 21, 0.00,320, 5.2
2026-06-16 17:52:51,-101.8390,31.8688,  95.4,16933,-72.2,-86.8,-82.1, 10, 21, 0.00,319, 5.0
2026-06-16 17:52:52,-101.8390,31.8687,  95.4,16938,-72.2,-86.8,-82.1, 10, 21, 0.00,318, 4.9
2026-06-16 17:52:53,-101.8390,31.8687,  95.3,16944,-72.2,-86.8,-82.1, 10, 21, 0.00,317, 4.7
2026-06-16 17:52:54,-101.8389,31.8687,  95.2,16949,-72.2,-86.9,-82.1, 10, 20, 0.00,316, 4.5
2026-06-16 17:52:55,-101.8389,31.8687,  95.1,16954,-72.2,-86.9,-82.1, 10, 20, 0.00,315, 4.4
2026-06-16 17:52:56,-101.8389,31.8687,  95.0,16960,-72.2,-86.9,-82.1, 10, 20, 0.00,314, 4.2
2026-06-16 17:52:57,-101.8388,31.8686,  94.9,16965,-72.2,-86.9,-82.1, 10, 20, 0.00,313, 4.0
2026-06-16 17:52:58,-101.8388,31.8686,  94.8,16970,-72.2,-86.9,-82.1, 10, 20, 0.00,312, 3.9
2026-06-16 17:52:59,-101.8388,31.8686,  94.7,16976,-72.2,-86.9,-82.2, 10, 20, 0.00,311, 3.7
2026-06-16 17:53:00,-101.8387,31.8686,  94.7,16981,-72.3,-86.9,-82.2, 10, 20, 0.00,309, 3.6
2026-06-16 17:53:01,-101.8387,31.8686,  94.6,16987,-72.3,-87.0,-82.2, 10, 20, 0.00,307, 3.6
2026-06-16 17:53:02,-101.8387,31.8686,  94.5,16992,-72.3,-87.0,-82.2, 10, 20, 0.00,304, 3.6
2026-06-16 17:53:03,-101.8386,31.8685,  94.4,16998,-72.3,-87.0,-82.3, 10, 20, 0.00,301, 3.6
2026-06-16 17:53:04,-101.8386,31.8685,  94.3,17003,-72.3,-87.1,-82.3, 10, 20, 0.00,298, 3.6
2026-06-16 17:53:05,-101.8386,31.8685,  94.2,17009,-72.3,-87.1,-82.4, 10, 20, 0.00,295, 3.6
2026-06-16 17:53:06,-101.8385,31.8685,  94.1,17014,-72.3,-87.2,-82.4, 10, 20, 0.00,292, 3.6
2026-06-16 17:53:07,-101.8385,31.8685,  94.0,17020,-72.3,-87.2,-82.5, 10, 20, 0.00,289, 3.6
2026-06-16 17:53:08,-101.8385,31.8686,  94.0,17025,-72.4,-87.3,-82.5, 10, 20, 0.00,286, 3.6
2026-06-16 17:53:09,-101.8384,31.8686,  93.9,17030,-72.4,-87.3,-82.6, 10, 19, 0.00,282, 3.6
2026-06-16 17:53:10,-101.8384,31.8686,  93.8,17035,-72.4,-87.4,-82.6, 10, 19, 0.00,279, 3.6
2026-06-16 17:53:11,-101.8384,31.8687,  93.7,17041,-72.4,-87.4,-82.7, 10, 19, 0.00,276, 3.6
2026-06-16 17:53:12,-101.8383,31.8687,  93.6,17046,-72.4,-87.5,-82.7,  9, 19, 0.00,272, 3.6
2026-06-16 17:53:13,-101.8383,31.8687,  93.5,17052,-72.4,-87.6,-82.8,  9, 19, 0.00,269, 3.6
2026-06-16 17:53:14,-101.8383,31.8687,  93.4,17057,-72.5,-87.6,-82.9,  9, 19, 0.00,266, 3.6
2026-06-16 17:53:15,-101.8382,31.8688,  93.4,17063,-72.5,-87.7,-82.9,  9, 19, 0.00,263, 3.6
2026-06-16 17:53:16,-101.8382,31.8688,  93.3,17069,-72.5,-87.7,-83.0,  9, 18, 0.00,260, 3.6
2026-06-16 17:53:17,-101.8382,31.8688,  93.2,17074,-72.5,-87.8,-83.0,  9, 18, 0.00,257, 3.6
2026-06-16 17:53:18,-101.8381,31.8688,  93.1,17080,-72.5,-87.9,-83.1,  9, 18, 0.00,254, 3.6
2026-06-16 17:53:19,-101.8381,31.8689,  93.0,17085,-72.5,-87.9,-83.2,  9, 18, 0.00,252, 3.6
2026-06-16 17:53:20,-101.8381,31.8689,  92.9,17090,-72.6,-88.0,-83.2,  9, 18, 0.00,249, 3.6
2026-06-16 17:53:21,-101.8380,31.8689,  92.8,17094,-72.6,-88.1,-83.3,  9, 18, 0.00,247, 3.7
2026-06-16 17:53:22,-101.8380,31.8689,  92.8,17099,-72.6,-88.1,-83.4,  9, 18, 0.00,245, 3.7
2026-06-16 17:53:23,-101.8380,31.8690,  92.7,17104,-72.6,-88.2,-83.4,  9, 17, 0.00,243, 3.8
2026-06-16 17:53:24,-101.8379,31.8690,  92.6,17110,-72.6,-88.3,-83.5,  9, 17, 0.00,241, 3.9
2026-06-16 17:53:25,-101.8379,31.8690,  92.5,17115,-72.7,-88.3,-83.6,  9, 17, 0.00,239, 4.0
2026-06-16 17:53:26,-101.8379,31.8691,  92.4,17121,-72.7,-88.4,-83.6,  8, 17, 0.00,237, 4.0
2026-06-16 17:53:27,-101.8378,31.8691,  92.3,17126,-72.7,-88.5,-83.7,  8, 17, 0.00,235, 4.1
2026-06-16 17:53:28,-101.8378,31.8691,  92.3,17132,-72.7,-88.5,-83.8,  8, 17, 0.00,233, 4.2
2026-06-16 17:53:29,-101.8378,31.8691,  92.2,17137,-72.8,-88.6,-83.9,  8, 17, 0.00,231, 4.3
2026-06-16 17:53:30,-101.8377,31.8692,  92.1,17143,-72.8,-88.6,-83.9,  8, 17, 0.00,230, 4.3
2026-06-16 17:53:31,-101.8377,31.8692,  92.0,17148,-72.8,-88.7,-83.9,  8, 17, 0.00,228, 4.4
2026-06-16 17:53:32,-101.8377,31.8692,  91.9,17154,-72.8,-88.7,-83.9,  8, 17, 0.00,227, 4.5
2026-06-16 17:53:33,-101.8376,31.8692,  91.8,17159,-72.9,-88.7,-83.9,  8, 17, 0.00,225, 4.6
2026-06-16 17:53:34,-101.8376,31.8693,  91.7,17165,-72.9,-88.7,-84.0,  8, 17, 0.00,224, 4.7
2026-06-16 17:53:35,-101.8376,31.8693,  91.6,17171,-72.9,-88.8,-84.0,  8, 17, 0.00,222, 4.7
2026-06-16 17:53:36,-101.8375,31.8693,  91.6,17176,-73.0,-88.8,-84.0,  8, 17, 0.00,221, 4.8
2026-06-16 17:53:37,-101.8375,31.8694,  91.5,17182,-73.0,-88.8,-84.0,  8, 17, 0.00,220, 4.9
2026-06-16 17:53:38,-101.8374,31.8694,  91.4,17188,-73.0,-88.8,-84.1,  8, 17, 0.00,219, 5.0
2026-06-16 17:53:39,-101.8374,31.8695,  91.3,17194,-73.0,-88.8,-84.1,  8, 17, 0.00,218, 5.0
2026-06-16 17:53:40,-101.8373,31.8695,  91.2,17200,-73.1,-88.9,-84.1,  8, 17, 0.00,216, 5.1
2026-06-16 17:53:41,-101.8373,31.8696,  91.1,17205,-73.1,-88.9,-84.1,  8, 17, 0.00,216, 5.2
2026-06-16 17:53:42,-101.8372,31.8696,  91.0,17212,-73.1,-88.9,-84.2,  8, 17, 0.00,217, 5.3
2026-06-16 17:53:43,-101.8372,31.8697,  90.9,17217,-73.2,-88.9,-84.2,  8, 17, 0.00,217, 5.4
2026-06-16 17:53:44,-101.8371,31.8697,  90.9,17222,-73.2,-88.9,-84.2,  8, 17, 0.00,217, 5.5
2026-06-16 17:53:45,-101.8371,31.8698,  90.8,17228,-73.2,-88.9,-84.2,  8, 17, 0.00,217, 5.7
2026-06-16 17:53:46,-101.8370,31.8698,  90.7,17233,-73.2,-88.9,-84.2,  8, 17, 0.00,217, 5.8
2026-06-16 17:53:47,-101.8370,31.8699,  90.6,17239,-73.3,-88.9,-84.2,  8, 17, 0.00,217, 5.9
2026-06-16 17:53:48,-101.8369,31.8699,  90.5,17244,-73.3,-89.0,-84.2,  8, 17, 0.00,217, 6.0
2026-06-16 17:53:49,-101.8369,31.8700,  90.4,17250,-73.3,-89.0,-84.2,  8, 17, 0.00,217, 6.1
2026-06-16 17:53:50,-101.8368,31.8700,  90.3,17255,-73.4,-89.0,-84.2,  8, 17, 0.00,217, 6.2
2026-06-16 17:53:51,-101.8368,31.8701,  90.3,17260,-73.4,-89.0,-84.2,  8, 17, 0.00,217, 6.3
2026-06-16 17:53:52,-101.8367,31.8701,  90.2,17266,-73.4,-89.0,-84.2,  8, 17, 0.00,217, 6.4
2026-06-16 17:53:53,-101.8367,31.8702,  90.1,17271,-73.5,-89.0,-84.2,  9, 17, 0.00,217, 6.5
2026-06-16 17:53:54,-101.8366,31.8702,  90.0,17276,-73.5,-89.0,-84.2,  9, 17, 0.00,217, 6.6
2026-06-16 17:53:55,-101.8366,31.8703,  89.9,17282,-73.5,-89.0,-84.2,  9, 17, 0.00,217, 6.7
2026-06-16 17:53:56,-101.8366,31.8703,  89.8,17287,-73.5,-89.0,-84.2,  9, 17, 0.00,217, 6.8
2026-06-16 17:53:57,-101.8365,31.8704,  89.8,17292,-73.6,-89.0,-84.3,  9, 18, 0.00,217, 6.9
2026-06-16 17:53:58,-101.8365,31.8704,  89.7,17298,-73.6,-89.0,-84.3,  9, 18, 0.00,217, 7.0
2026-06-16 17:53:59,-101.8364,31.8705,  89.6,17303,-73.6,-89.0,-84.3,  9, 18, 0.00,217, 7.2
2026-06-16 17:54:00,-101.8364,31.8705,  89.5,17308,-73.7,-89.0,-84.3,  9, 18, 0.00,218, 7.3
2026-06-16 17:54:01,-101.8363,31.8706,  89.4,17314,-73.7,-89.0,-84.3,  9, 18, 0.00,218, 7.3
2026-06-16 17:54:02,-101.8363,31.8706,  89.4,17319,-73.7,-89.0,-84.3,  9, 18, 0.00,219, 7.3
2026-06-16 17:54:03,-101.8362,31.8707,  89.3,17325,-73.8,-89.0,-84.3,  9, 18, 0.00,220, 7.4
2026-06-16 17:54:04,-101.8362,31.8707,  89.2,17330,-73.8,-89.0,-84.3,  9, 18, 0.00,220, 7.4
2026-06-16 17:54:05,-101.8361,31.8708,  89.1,17335,-73.8,-89.0,-84.3,  9, 18, 0.00,221, 7.4
2026-06-16 17:54:06,-101.8361,31.8708,  89.0,17341,-73.9,-89.1,-84.3,  9, 18, 0.00,222, 7.5
2026-06-16 17:54:07,-101.8360,31.8709,  88.9,17346,-73.9,-89.1,-84.3,  9, 18, 0.00,222, 7.5
2026-06-16 17:54:08,-101.8359,31.8709,  88.9,17351,-74.0,-89.1,-84.3,  9, 18, 0.00,223, 7.6
2026-06-16 17:54:09,-101.8358,31.8709,  88.8,17357,-74.0,-89.1,-84.3,  9, 18, 0.00,223, 7.6
2026-06-16 17:54:10,-101.8358,31.8710,  88.7,17362,-74.0,-89.1,-84.3,  9, 18, 0.00,224, 7.7
2026-06-16 17:54:11,-101.8357,31.8710,  88.6,17368,-74.1,-89.1,-84.4,  9, 18, 0.00,225, 7.7
2026-06-16 17:54:12,-101.8356,31.8711,  88.5,17373,-74.1,-89.2,-84.4,  9, 18, 0.00,225, 7.7
2026-06-16 17:54:13,-101.8356,31.8711,  88.4,17379,-74.1,-89.2,-84.5,  9, 18, 0.00,226, 7.8
2026-06-16 17:54:14,-101.8355,31.8711,  88.4,17384,-74.2,-89.2,-84.5,  9, 18, 0.00,226, 7.8
2026-06-16 17:54:15,-101.8354,31.8712,  88.3,17389,-74.2,-89.3,-84.5,  9, 18, 0.00,227, 7.9
2026-06-16 17:54:16,-101.8353,31.8712,  88.2,17395,-74.2,-89.3,-84.6,  9, 18, 0.00,228, 7.9
2026-06-16 17:54:17,-101.8353,31.8712,  88.1,17400,-74.3,-89.4,-84.6,  9, 18, 0.00,228, 8.0
2026-06-16 17:54:18,-101.8352,31.8713,  88.0,17406,-74.3,-89.4,-84.6,  9, 18, 0.00,229, 8.0
2026-06-16 17:54:19,-101.8351,31.8713,  88.0,17411,-74.3,-89.4,-84.7,  9, 18, 0.00,229, 8.1
2026-06-16 17:54:20,-101.8351,31.8714,  87.9,17417,-74.4,-89.4,-84.7,  9, 18, 0.00,230, 8.1
2026-06-16 17:54:21,-101.8350,31.8714,  87.8,17422,-74.4,-89.5,-84.7,  9, 18, 0.00,230, 8.1
2026-06-16 17:54:22,-101.8349,31.8714,  87.7,17427,-74.4,-89.5,-84.8,  9, 18, 0.00,231, 8.1
2026-06-16 17:54:23,-101.8348,31.8715,  87.6,17433,-74.5,-89.5,-84.8,  9, 18, 0.00,232, 8.1
2026-06-16 17:54:24,-101.8348,31.8715,  87.5,17438,-74.5,-89.6,-84.8,  9, 18, 0.00,232, 8.1
2026-06-16 17:54:25,-101.8347,31.8716,  87.5,17444,-74.5,-89.6,-84.9,  9, 18, 0.00,233, 8.1
2026-06-16 17:54:26,-101.8346,31.8716,  87.4,17449,-74.6,-89.7,-84.9,  9, 18, 0.00,234, 8.1
2026-06-16 17:54:27,-101.8346,31.8716,  87.3,17454,-74.6,-89.7,-85.0,  9, 18, 0.00,234, 8.1
2026-06-16 17:54:28,-101.8345,31.8717,  87.2,17460,-74.6,-89.8,-85.0,  9, 18, 0.00,235, 8.1
2026-06-16 17:54:29,-101.8344,31.8717,  87.1,17465,-74.6,-89.8,-85.1,  9, 18, 0.00,235, 8.1
2026-06-16 17:54:30,-101.8343,31.8718,  87.1,17471,-74.7,-89.9,-85.1,  9, 18, 0.00,236, 8.1
2026-06-16 17:54:31,-101.8343,31.8718,  87.0,17476,-74.7,-89.9,-85.2,  9, 18, 0.00,237, 8.1
2026-06-16 17:54:32,-101.8342,31.8718,  86.9,17481,-74.7,-89.9,-85.2,  9, 18, 0.00,237, 8.1
2026-06-16 17:54:33,-101.8341,31.8719,  86.8,17486,-74.7,-90.0,-85.2,  9, 18, 0.00,238, 8.1
2026-06-16 17:54:34,-101.8340,31.8719,  86.8,17491,-74.7,-90.0,-85.2,  9, 18, 0.00,239, 8.1
2026-06-16 17:54:35,-101.8340,31.8720,  86.7,17496,-74.7,-90.0,-85.3,  9, 18, 0.00,239, 8.1
2026-06-16 17:54:36,-101.8339,31.8720,  86.6,17501,-74.8,-90.1,-85.3,  9, 18, 0.00,240, 8.2
2026-06-16 17:54:37,-101.8338,31.8720,  86.5,17506,-74.8,-90.1,-85.3,  9, 17, 0.00,240, 8.2
2026-06-16 17:54:38,-101.8337,31.8720,  86.5,17511,-74.8,-90.1,-85.4,  8, 17, 0.00,241, 8.2
2026-06-16 17:54:39,-101.8336,31.8720,  86.4,17517,-74.8,-90.1,-85.4,  8, 17, 0.00,242, 8.2
2026-06-16 17:54:40,-101.8335,31.8721,  86.3,17522,-74.8,-90.2,-85.4,  8, 17, 0.00,242, 8.2
2026-06-16 17:54:41,-101.8334,31.8721,  86.2,17527,-74.8,-90.2,-85.4,  8, 17, 0.00,243, 8.3
2026-06-16 17:54:42,-101.8333,31.8721,  86.1,17533,-74.8,-90.2,-85.5,  8, 17, 0.00,244, 8.3
2026-06-16 17:54:43,-101.8332,31.8721,  86.1,17538,-74.8,-90.2,-85.5,  8, 17, 0.00,244, 8.4
2026-06-16 17:54:44,-101.8332,31.8721,  86.0,17544,-74.8,-90.3,-85.5,  8, 17, 0.00,245, 8.4
2026-06-16 17:54:45,-101.8330,31.8721,  85.9,17547,-74.8,-90.3,-85.5,  8, 17, 0.00,245, 8.5
2026-06-16 17:54:46,-101.8329,31.8721,  85.8,17554,-74.8,-90.3,-85.5,  8, 17, 0.00,246, 8.6
2026-06-16 17:54:47,-101.8328,31.8721,  85.7,17560,-74.8,-90.3,-85.5,  8, 17, 0.00,247, 8.6
2026-06-16 17:54:48,-101.8327,31.8721,  85.7,17565,-74.8,-90.3,-85.5,  8, 17, 0.00,248, 8.7
2026-06-16 17:54:49,-101.8326,31.8721,  85.6,17571,-74.7,-90.3,-85.5,  8, 17, 0.00,248, 8.8
2026-06-16 17:54:50,-101.8325,31.8721,  85.5,17576,-74.7,-90.2,-85.5,  8, 17, 0.00,249, 8.8
2026-06-16 17:54:51,-101.8324,31.8722,  85.4,17582,-74.7,-90.2,-85.4,  8, 17, 0.00,249, 8.9
2026-06-16 17:54:52,-101.8323,31.8722,  85.3,17587,-74.7,-90.1,-85.4,  8, 17, 0.00,250, 9.0
2026-06-16 17:54:53,-101.8322,31.8722,  85.3,17592,-74.7,-90.1,-85.3,  8, 17, 0.00,251, 9.0
2026-06-16 17:54:54,-101.8321,31.8722,  85.2,17598,-74.6,-90.0,-85.3,  8, 17, 0.00,251, 9.1
2026-06-16 17:54:55,-101.8320,31.8722,  85.1,17603,-74.6,-90.0,-85.2,  8, 17, 0.00,252, 9.2
2026-06-16 17:54:56,-101.8319,31.8722,  85.0,17609,-74.6,-89.9,-85.2,  9, 17, 0.00,252, 9.3
2026-06-16 17:54:57,-101.8318,31.8722,  84.9,17614,-74.6,-89.9,-85.1,  9, 18, 0.00,253, 9.3
2026-06-16 17:54:58,-101.8317,31.8722,  84.9,17620,-74.6,-89.8,-85.1,  9, 18, 0.00,253, 9.4
2026-06-16 17:54:59,-101.8316,31.8722,  84.8,17625,-74.5,-89.8,-85.0,  9, 18, 0.00,254, 9.5
2026-06-16 17:55:00,-101.8315,31.8722,  84.7,17631,-74.5,-89.7,-84.9,  9, 18, 0.00,254, 9.6
2026-06-16 17:55:01,-101.8314,31.8723,  84.6,17636,-74.4,-89.6,-84.9,  9, 18, 0.00,256, 9.6
2026-06-16 17:55:02,-101.8313,31.8723,  84.5,17642,-74.4,-89.6,-84.8,  9, 18, 0.00,258, 9.8
2026-06-16 17:55:03,-101.8312,31.8723,  84.4,17647,-74.4,-89.5,-84.7,  9, 18, 0.00,260, 9.9
2026-06-16 17:55:04,-101.8311,31.8723,  84.4,17653,-74.3,-89.4,-84.6,  9, 18, 0.00,262,10.1
2026-06-16 17:55:05,-101.8310,31.8723,  84.3,17659,-74.3,-89.3,-84.6,  9, 19, 0.00,264,10.2
2026-06-16 17:55:06,-101.8309,31.8723,  84.2,17665,-74.2,-89.2,-84.4,  9, 19, 0.00,266,10.3
2026-06-16 17:55:07,-101.8308,31.8723,  84.1,17671,-74.2,-89.1,-84.4,  9, 19, 0.00,268,10.5
2026-06-16 17:55:08,-101.8307,31.8723,  84.0,17677,-74.1,-89.0,-84.3,  9, 19, 0.00,270,10.6
2026-06-16 17:55:09,-101.8305,31.8723,  83.9,17683,-74.1,-88.9,-84.2,  9, 19, 0.00,271,10.7
2026-06-16 17:55:10,-101.8304,31.8722,  83.9,17688,-74.1,-88.8,-84.1, 10, 19, 0.00,273,10.8
2026-06-16 17:55:11,-101.8303,31.8721,  83.8,17694,-74.0,-88.8,-84.0, 10, 20, 0.00,275,11.0
2026-06-16 17:55:12,-101.8302,31.8721,  83.7,17700,-74.0,-88.7,-83.9, 10, 20, 0.00,276,11.1
2026-06-16 17:55:13,-101.8301,31.8720,  83.6,17705,-73.9,-88.6,-83.8, 10, 20, 0.00,278,11.2
2026-06-16 17:55:14,-101.8300,31.8720,  83.5,17711,-73.9,-88.5,-83.7, 10, 20, 0.00,279,11.4
2026-06-16 17:55:15,-101.8298,31.8719,  83.5,17716,-73.8,-88.4,-83.6, 10, 20, 0.00,281,11.5
2026-06-16 17:55:16,-101.8297,31.8718,  83.4,17722,-73.8,-88.3,-83.5, 10, 20, 0.00,282,11.6
2026-06-16 17:55:17,-101.8296,31.8718,  83.3,17727,-73.8,-88.2,-83.5, 10, 21, 0.00,284,11.8
2026-06-16 17:55:18,-101.8295,31.8717,  83.2,17733,-73.7,-88.2,-83.4, 10, 21, 0.00,285,11.9
2026-06-16 17:55:19,-101.8294,31.8717,  83.1,17738,-73.7,-88.1,-83.3, 10, 21, 0.00,286,11.9
2026-06-16 17:55:20,-101.8293,31.8716,  83.1,17744,-73.6,-88.0,-83.3, 10, 21, 0.00,288,12.1
2026-06-16 17:55:21,-101.8291,31.8715,  83.0,17749,-73.6,-88.0,-83.2, 10, 21, 0.00,288,12.2
2026-06-16 17:55:22,-101.8290,31.8715,  82.9,17754,-73.5,-87.9,-83.1, 10, 21, 0.00,289,12.2
2026-06-16 17:55:23,-101.8289,31.8714,  82.9,17759,-73.5,-87.8,-83.1, 10, 21, 0.00,290,12.2
2026-06-16 17:55:24,-101.8288,31.8713,  82.8,17764,-73.4,-87.8,-83.0, 10, 21, 0.00,291,12.3
2026-06-16 17:55:25,-101.8287,31.8713,  82.7,17769,-73.4,-87.7,-83.0, 10, 21, 0.00,292,12.3
2026-06-16 17:55:26,-101.8286,31.8712,  82.6,17774,-73.3,-87.7,-82.9, 11, 21, 0.00,293,12.5
2026-06-16 17:55:27,-101.8285,31.8712,  82.6,17780,-73.3,-87.6,-82.8, 11, 21, 0.00,294,12.6
2026-06-16 17:55:28,-101.8283,31.8711,  82.5,17785,-73.3,-87.5,-82.8, 11, 21, 0.00,295,12.6
2026-06-16 17:55:29,-101.8283,31.8711,  82.4,17791,-73.2,-87.5,-82.7, 11, 22, 0.00,296,12.7
2026-06-16 17:55:30,-101.8281,31.8710,  82.3,17795,-73.2,-87.4,-82.7, 11, 22, 0.00,297,12.7
2026-06-16 17:55:31,-101.8280,31.8709,  82.2,17802,-73.2,-87.4,-82.7, 11, 22, 0.00,298,12.8
2026-06-16 17:55:32,-101.8279,31.8709,  82.2,17807,-73.1,-87.4,-82.7, 11, 21, 0.00,299,12.9
2026-06-16 17:55:33,-101.8278,31.8708,  82.1,17812,-73.1,-87.4,-82.6, 11, 21, 0.00,300,12.9
2026-06-16 17:55:34,-101.8276,31.8707,  82.0,17817,-73.0,-87.4,-82.6, 11, 21, 0.00,301,13.0
2026-06-16 17:55:35,-101.8275,31.8707,  82.0,17822,-73.0,-87.4,-82.6, 11, 21, 0.00,301,12.9
2026-06-16 17:55:36,-101.8274,31.8706,  81.9,17828,-73.0,-87.4,-82.6, 10, 21, 0.00,302,13.0
2026-06-16 17:55:37,-101.8273,31.8706,  81.8,17833,-72.9,-87.3,-82.6, 10, 21, 0.00,303,13.1
2026-06-16 17:55:38,-101.8272,31.8705,  81.7,17838,-72.9,-87.3,-82.6, 10, 21, 0.00,304,13.2
2026-06-16 17:55:39,-101.8271,31.8704,  81.7,17843,-72.9,-87.3,-82.6, 10, 21, 0.00,305,13.3
2026-06-16 17:55:40,-101.8270,31.8704,  81.6,17848,-72.8,-87.3,-82.6, 10, 21, 0.00,306,13.3
2026-06-16 17:55:41,-101.8269,31.8703,  81.5,17853,-72.8,-87.3,-82.6, 10, 21, 0.00,306,13.3
2026-06-16 17:55:42,-101.8268,31.8702,  81.5,17858,-72.8,-87.3,-82.6, 10, 21, 0.00,307,13.3
2026-06-16 17:55:43,-101.8267,31.8701,  81.4,17863,-72.8,-87.3,-82.6, 10, 21, 0.00,308,13.2
2026-06-16 17:55:44,-101.8267,31.8700,  81.3,17868,-72.8,-87.4,-82.6, 10, 21, 0.00,309,13.2
2026-06-16 17:55:45,-101.8266,31.8699,  81.3,17873,-72.8,-87.4,-82.6, 10, 20, 0.00,310,13.2
2026-06-16 17:55:46,-101.8265,31.8698,  81.2,17878,-72.8,-87.4,-82.7, 10, 20, 0.00,311,13.2
2026-06-16 17:55:47,-101.8264,31.8697,  81.1,17882,-72.7,-87.5,-82.7, 10, 20, 0.00,311,13.1
2026-06-16 17:55:48,-101.8264,31.8696,  81.1,17887,-72.7,-87.5,-82.7, 10, 20, 0.00,312,13.2
2026-06-16 17:55:49,-101.8263,31.8695,  81.0,17892,-72.7,-87.5,-82.8, 10, 20, 0.00,313,13.2
2026-06-16 17:55:50,-101.8262,31.8694,  80.9,17898,-72.7,-87.6,-82.8, 10, 20, 0.00,314,13.2
2026-06-16 17:55:51,-101.8262,31.8694,  80.8,17903,-72.7,-87.6,-82.8, 10, 19, 0.00,315,13.2
2026-06-16 17:55:52,-101.8261,31.8692,  80.8,17907,-72.7,-87.6,-82.9, 10, 19, 0.00,315,13.2
2026-06-16 17:55:53,-101.8260,31.8691,  80.7,17914,-72.7,-87.7,-82.9, 10, 19, 0.00,317,13.1
2026-06-16 17:55:54,-101.8259,31.8691,  80.6,17919,-72.7,-87.7,-83.0,  9, 19, 0.00,317,13.1
2026-06-16 17:55:55,-101.8258,31.8690,  80.5,17924,-72.7,-87.8,-83.0,  9, 19, 0.00,318,13.1
2026-06-16 17:55:56,-101.8258,31.8689,  80.5,17930,-72.7,-87.8,-83.1,  9, 19, 0.00,319,13.1
2026-06-16 17:55:57,-101.8257,31.8688,  80.4,17935,-72.7,-87.9,-83.1,  9, 19, 0.00,320,13.1
2026-06-16 17:55:58,-101.8256,31.8687,  80.3,17941,-72.7,-87.9,-83.1,  9, 19, 0.00,321,13.1
2026-06-16 17:55:59,-101.8255,31.8686,  80.3,17946,-72.7,-87.9,-83.1,  9, 18, 0.00,322,13.1
2026-06-16 17:56:00,-101.8255,31.8685,  80.2,17951,-72.7,-87.9,-83.1,  9, 18, 0.00,323,13.1
2026-06-16 17:56:01,-101.8254,31.8684,  80.1,17957,-72.7,-87.9,-83.1,  9, 18, 0.00,323,13.0
2026-06-16 17:56:02,-101.8253,31.8683,  80.0,17962,-72.7,-87.9,-83.1,  9, 18, 0.00,323,13.0
2026-06-16 17:56:03,-101.8252,31.8682,  80.0,17967,-72.7,-87.9,-83.2,  9, 18, 0.00,324,12.9
2026-06-16 17:56:04,-101.8251,31.8681,  79.9,17972,-72.7,-87.9,-83.2,  9, 18, 0.00,324,12.8
2026-06-16 17:56:05,-101.8251,31.8680,  79.8,17977,-72.7,-87.9,-83.2,  9, 18, 0.00,325,12.7
2026-06-16 17:56:06,-101.8250,31.8679,  79.7,17983,-72.7,-87.9,-83.2,  9, 18, 0.00,325,12.7
2026-06-16 17:56:07,-101.8249,31.8678,  79.7,17988,-72.7,-88.0,-83.2,  9, 18, 0.00,326,12.6
2026-06-16 17:56:08,-101.8248,31.8678,  79.6,17993,-72.7,-88.0,-83.2,  9, 18, 0.00,326,12.5
2026-06-16 17:56:09,-101.8248,31.8677,  79.5,17998,-72.7,-88.0,-83.2,  9, 18, 0.00,327,12.5
2026-06-16 17:56:10,-101.8247,31.8676,  79.5,18003,-72.7,-88.0,-83.2,  9, 18, 0.00,327,12.4
2026-06-16 17:56:11,-101.8247,31.8675,  79.4,18008,-72.7,-88.0,-83.3,  9, 18, 0.00,328,12.3
2026-06-16 17:56:12,-101.8246,31.8674,  79.3,18013,-72.7,-88.1,-83.3,  9, 18, 0.00,328,12.3
2026-06-16 17:56:13,-101.8246,31.8673,  79.3,18018,-72.6,-88.1,-83.3,  9, 18, 0.00,329,12.2
2026-06-16 17:56:14,-101.8245,31.8672,  79.2,18024,-72.6,-88.1,-83.4,  9, 18, 0.00,329,12.2
2026-06-16 17:56:15,-101.8245,31.8671,  79.1,18029,-72.6,-88.2,-83.4,  9, 18, 0.00,330,12.1
2026-06-16 17:56:16,-101.8245,31.8671,  79.1,18034,-72.6,-88.2,-83.4,  9, 17, 0.00,330,12.0
2026-06-16 17:56:17,-101.8244,31.8670,  79.0,18039,-72.6,-88.2,-83.5,  9, 17, 0.00,331,12.0
2026-06-16 17:56:18,-101.8244,31.8669,  78.9,18044,-72.6,-88.3,-83.5,  9, 17, 0.00,331,11.9
2026-06-16 17:56:19,-101.8244,31.8668,  78.8,18050,-72.6,-88.3,-83.6,  8, 17, 0.00,332,11.9
2026-06-16 17:56:20,-101.8243,31.8667,  78.8,18055,-72.6,-88.4,-83.6,  8, 17, 0.00,332,11.8
2026-06-16 17:56:21,-101.8243,31.8666,  78.7,18060,-72.6,-88.4,-83.6,  8, 17, 0.00,333,11.7
2026-06-16 17:56:22,-101.8242,31.8666,  78.6,18065,-72.6,-88.4,-83.7,  8, 17, 0.00,333,11.6
2026-06-16 17:56:23,-101.8242,31.8665,  78.6,18071,-72.6,-88.5,-83.7,  8, 17, 0.00,333,11.4
2026-06-16 17:56:24,-101.8242,31.8664,  78.5,18076,-72.6,-88.5,-83.7,  8, 16, 0.00,334,11.3
2026-06-16 17:56:25,-101.8241,31.8663,  78.4,18081,-72.6,-88.6,-83.8,  8, 16, 0.00,334,11.2
2026-06-16 17:56:26,-101.8241,31.8662,  78.3,18087,-72.6,-88.6,-83.9,  8, 16, 0.00,335,11.1
2026-06-16 17:56:27,-101.8241,31.8661,  78.3,18092,-72.6,-88.7,-83.9,  8, 16, 0.00,335,11.0
2026-06-16 17:56:28,-101.8240,31.8661,  78.2,18098,-72.6,-88.7,-84.0,  8, 16, 0.00,335,10.9
2026-06-16 17:56:29,-101.8240,31.8660,  78.1,18103,-72.6,-88.8,-84.0,  8, 16, 0.00,336,10.7
2026-06-16 17:56:30,-101.8240,31.8659,  78.1,18108,-72.6,-88.8,-84.1,  8, 15, 0.00,336,10.6
2026-06-16 17:56:31,-101.8239,31.8658,  78.0,18114,-72.5,-88.9,-84.1,  8, 15, 0.00,337,10.5
2026-06-16 17:56:32,-101.8239,31.8657,  77.9,18119,-72.5,-89.0,-84.2,  7, 15, 0.00,337,10.4
2026-06-16 17:56:33,-101.8238,31.8656,  77.9,18124,-72.5,-89.0,-84.2,  7, 15, 0.00,338,10.3
2026-06-16 17:56:34,-101.8238,31.8656,  77.8,18129,-72.5,-89.0,-84.3,  7, 15, 0.00,338,10.2
2026-06-16 17:56:35,-101.8238,31.8655,  77.7,18135,-72.4,-89.1,-84.3,  7, 15, 0.00,339,10.1
2026-06-16 17:56:36,-101.8237,31.8654,  77.6,18140,-72.4,-89.1,-84.4,  7, 14, 0.00,339, 9.9
2026-06-16 17:56:37,-101.8237,31.8653,  77.6,18145,-72.4,-89.1,-84.4,  7, 14, 0.00,340, 9.8
2026-06-16 17:56:38,-101.8237,31.8652,  77.5,18150,-72.3,-89.1,-84.4,  7, 14, 0.00,340, 9.7
2026-06-16 17:56:39,-101.8236,31.8651,  77.4,18155,-72.3,-89.1,-84.4,  7, 14, 0.00,341, 9.6
2026-06-16 17:56:40,-101.8236,31.8651,  77.4,18160,-72.3,-89.1,-84.3,  7, 14, 0.00,341, 9.5
2026-06-16 17:56:41,-101.8236,31.8650,  77.3,18166,-72.2,-89.1,-84.3,  7, 14, 0.00,342, 9.4
2026-06-16 17:56:42,-101.8235,31.8649,  77.2,18171,-72.2,-89.1,-84.3,  7, 14, 0.00,342, 9.3
2026-06-16 17:56:43,-101.8235,31.8649,  77.2,18177,-72.2,-89.1,-84.3,  7, 14, 0.00,342, 9.1
2026-06-16 17:56:44,-101.8235,31.8648,  77.1,18182,-72.1,-89.0,-84.3,  7, 14, 0.00,342, 9.0
2026-06-16 17:56:45,-101.8235,31.8648,  77.0,18187,-72.1,-89.0,-84.3,  7, 14, 0.00,342, 8.9
2026-06-16 17:56:46,-101.8235,31.8647,  76.9,18193,-72.1,-89.0,-84.2,  7, 14, 0.00,343, 8.8
2026-06-16 17:56:47,-101.8234,31.8647,  76.9,18198,-72.0,-89.0,-84.2,  7, 14, 0.00,343, 8.6
2026-06-16 17:56:48,-101.8234,31.8646,  76.8,18203,-72.0,-89.0,-84.2,  7, 14, 0.00,343, 8.5
2026-06-16 17:56:49,-101.8234,31.8646,  76.7,18208,-71.9,-88.9,-84.2,  7, 14, 0.00,343, 8.4
2026-06-16 17:56:50,-101.8234,31.8645,  76.6,18215,-71.9,-88.9,-84.1,  7, 14, 0.00,344, 8.2
2026-06-16 17:56:51,-101.8234,31.8645,  76.6,18219,-71.9,-88.8,-84.1,  7, 14, 0.00,344, 8.2
2026-06-16 17:56:52,-101.8233,31.8644,  76.5,18225,-71.8,-88.8,-84.0,  7, 14, 0.00,344, 8.0
2026-06-16 17:56:53,-101.8233,31.8644,  76.5,18231,-71.8,-88.7,-83.9,  7, 14, 0.00,345, 7.9
2026-06-16 17:56:54,-101.8233,31.8643,  76.4,18236,-71.7,-88.6,-83.8,  7, 14, 0.00,345, 7.8
2026-06-16 17:56:55,-101.8233,31.8643,  76.3,18242,-71.7,-88.5,-83.7,  7, 14, 0.00,345, 7.7
2026-06-16 17:56:56,-101.8233,31.8642,  76.2,18248,-71.6,-88.4,-83.6,  7, 14, 0.00,346, 7.6
2026-06-16 17:56:57,-101.8232,31.8642,  76.2,18253,-71.6,-88.3,-83.6,  7, 15, 0.00,346, 7.4
2026-06-16 17:56:58,-101.8232,31.8641,  76.1,18259,-71.6,-88.2,-83.5,  7, 15, 0.00,346, 7.3
2026-06-16 17:56:59,-101.8232,31.8641,  76.0,18264,-71.5,-88.1,-83.4,  7, 15, 0.00,347, 7.2
2026-06-16 17:57:00,-101.8232,31.8640,  75.9,18270,-71.5,-88.1,-83.3,  7, 15, 0.00,347, 7.1
2026-06-16 17:57:01,-101.8232,31.8640,  75.9,18275,-71.4,-88.0,-83.2,  8, 15, 0.00,346, 6.9
2026-06-16 17:57:02,-101.8231,31.8639,  75.8,18281,-71.4,-87.9,-83.1,  8, 15, 0.00,346, 6.7
2026-06-16 17:57:03,-101.8231,31.8639,  75.7,18286,-71.3,-87.8,-83.0,  8, 15, 0.00,345, 6.6
2026-06-16 17:57:04,-101.8231,31.8638,  75.7,18292,-71.3,-87.7,-83.0,  8, 15, 0.00,344, 6.4
2026-06-16 17:57:05,-101.8231,31.8638,  75.6,18298,-71.2,-87.7,-82.9,  8, 15, 0.00,344, 6.2
2026-06-16 17:57:06,-101.8231,31.8637,  75.5,18303,-71.2,-87.6,-82.9,  8, 15, 0.00,343, 6.1
2026-06-16 17:57:07,-101.8230,31.8637,  75.4,18309,-71.1,-87.6,-82.8,  8, 15, 0.00,342, 6.0
2026-06-16 17:57:08,-101.8230,31.8636,  75.4,18315,-71.1,-87.5,-82.8,  8, 15, 0.00,341, 5.8
2026-06-16 17:57:09,-101.8230,31.8636,  75.3,18320,-71.1,-87.5,-82.7,  8, 15, 0.00,340, 5.7
2026-06-16 17:57:10,-101.8230,31.8635,  75.2,18326,-71.0,-87.4,-82.7,  8, 15, 0.00,339, 5.5
2026-06-16 17:57:11,-101.8230,31.8635,  75.2,18331,-71.0,-87.4,-82.6,  8, 16, 0.00,338, 5.3
2026-06-16 17:57:12,-101.8229,31.8634,  75.1,18337,-70.9,-87.3,-82.6,  8, 16, 0.00,337, 5.2
2026-06-16 17:57:13,-101.8229,31.8634,  75.0,18342,-70.9,-87.3,-82.5,  8, 16, 0.00,336, 5.0
2026-06-16 17:57:14,-101.8229,31.8634,  75.0,18348,-70.8,-87.2,-82.5,  8, 16, 0.00,334, 4.9
2026-06-16 17:57:15,-101.8228,31.8634,  74.9,18353,-70.8,-87.2,-82.4,  8, 16, 0.00,333, 4.7
2026-06-16 17:57:16,-101.8228,31.8634,  74.8,18359,-70.7,-87.2,-82.4,  8, 16, 0.00,332, 4.5
2026-06-16 17:57:17,-101.8227,31.8634,  74.7,18364,-70.7,-87.1,-82.4,  8, 16, 0.00,330, 4.4
2026-06-16 17:57:18,-101.8227,31.8634,  74.7,18370,-70.7,-87.2,-82.4,  8, 15, 0.00,328, 4.2
2026-06-16 17:57:19,-101.8227,31.8634,  74.6,18375,-70.6,-87.2,-82.5,  8, 15, 0.00,327, 4.0
2026-06-16 17:57:20,-101.8226,31.8634,  74.5,18381,-70.6,-87.3,-82.5,  8, 15, 0.00,325, 3.9
2026-06-16 17:57:21,-101.8226,31.8634,  74.5,18386,-70.5,-87.3,-82.6,  7, 15, 0.00,322, 3.9
2026-06-16 17:57:22,-101.8225,31.8634,  74.4,18392,-70.5,-87.4,-82.6,  7, 14, 0.00,320, 3.9
2026-06-16 17:57:23,-101.8225,31.8634,  74.3,18397,-70.5,-87.4,-82.7,  7, 14, 0.00,317, 3.9
2026-06-16 17:57:24,-101.8225,31.8634,  74.3,18403,-70.4,-87.5,-82.7,  7, 14, 0.00,314, 3.9
2026-06-16 17:57:25,-101.8224,31.8634,  74.2,18408,-70.4,-87.6,-82.8,  7, 14, 0.00,312, 3.9
2026-06-16 17:57:26,-101.8224,31.8634,  74.1,18414,-70.3,-87.6,-82.9,  7, 14, 0.00,309, 3.9
2026-06-16 17:57:27,-101.8224,31.8634,  74.1,18419,-70.3,-87.7,-83.0,  7, 13, 0.00,306, 3.9
2026-06-16 17:57:28,-101.8223,31.8634,  74.0,18425,-70.3,-87.8,-83.0,  7, 13, 0.00,303, 3.9
2026-06-16 17:57:29,-101.8223,31.8634,  73.9,18430,-70.3,-87.9,-83.1,  7, 13, 0.00,300, 3.9
2026-06-16 17:57:30,-101.8222,31.8634,  73.8,18436,-70.2,-88.0,-83.2,  6, 13, 0.00,297, 3.9
2026-06-16 17:57:31,-101.8222,31.8634,  73.8,18442,-70.2,-88.0,-83.3,  6, 12, 0.00,294, 3.9
2026-06-16 17:57:32,-101.8222,31.8634,  73.7,18448,-70.2,-88.1,-83.3,  6, 12, 0.00,291, 3.9
2026-06-16 17:57:33,-101.8221,31.8634,  73.6,18454,-70.2,-88.1,-83.3,  6, 12, 0.00,288, 3.9
2026-06-16 17:57:34,-101.8221,31.8634,  73.6,18459,-70.1,-88.1,-83.3,  6, 12, 0.00,285, 3.9
2026-06-16 17:57:35,-101.8220,31.8634,  73.5,18465,-70.1,-88.1,-83.4,  6, 12, 0.00,282, 3.9
2026-06-16 17:57:36,-101.8220,31.8634,  73.4,18471,-70.1,-88.1,-83.4,  6, 12, 0.00,279, 3.9
2026-06-16 17:57:37,-101.8220,31.8634,  73.3,18477,-70.1,-88.2,-83.4,  6, 12, 0.00,277, 3.9
2026-06-16 17:57:38,-101.8219,31.8634,  73.3,18483,-70.1,-88.2,-83.4,  6, 12, 0.00,274, 3.9
2026-06-16 17:57:39,-101.8219,31.8634,  73.2,18488,-70.0,-88.2,-83.5,  6, 12, 0.00,272, 3.9
2026-06-16 17:57:40,-101.8218,31.8634,  73.1,18494,-70.0,-88.2,-83.5,  6, 12, 0.00,269, 3.9
2026-06-16 17:57:41,-101.8218,31.8634,  73.1,18500,-70.0,-88.3,-83.5,  6, 12, 0.00,268, 4.1
2026-06-16 17:57:42,-101.8218,31.8634,  73.0,18505,-70.0,-88.3,-83.5,  6, 11, 0.00,267, 4.2
2026-06-16 17:57:43,-101.8217,31.8634,  72.9,18510,-69.9,-88.3,-83.5,  6, 11, 0.00,266, 4.4
2026-06-16 17:57:44,-101.8216,31.8634,  72.9,18516,-69.9,-88.3,-83.6,  6, 11, 0.00,266, 4.5
2026-06-16 17:57:45,-101.8216,31.8634,  72.8,18521,-69.9,-88.4,-83.6,  6, 11, 0.00,265, 4.7
2026-06-16 17:57:46,-101.8215,31.8634,  72.7,18526,-69.9,-88.5,-83.7,  6, 11, 0.00,264, 4.9
2026-06-16 17:57:47,-101.8214,31.8634,  72.7,18531,-69.9,-88.5,-83.8,  6, 11, 0.00,264, 5.0
2026-06-16 17:57:48,-101.8213,31.8634,  72.6,18536,-69.8,-88.6,-83.8,  5, 11, 0.00,263, 5.2
2026-06-16 17:57:49,-101.8213,31.8634,  72.5,18542,-69.8,-88.6,-83.9,  5, 11, 0.00,262, 5.3
2026-06-16 17:57:50,-101.8212,31.8634,  72.5,18547,-69.8,-88.7,-83.9,  5, 10, 0.00,262, 5.5
2026-06-16 17:57:51,-101.8211,31.8634,  72.4,18553,-69.8,-88.8,-84.0,  5, 10, 0.00,261, 5.7
2026-06-16 17:57:52,-101.8210,31.8634,  72.3,18558,-69.7,-88.8,-84.1,  5, 10, 0.00,261, 5.8
2026-06-16 17:57:53,-101.8210,31.8634,  72.3,18563,-69.7,-88.9,-84.2,  5, 10, 0.00,261, 6.0
2026-06-16 17:57:54,-101.8209,31.8634,  72.2,18569,-69.7,-89.0,-84.2,  5, 10, 0.00,260, 6.2
2026-06-16 17:57:55,-101.8208,31.8634,  72.1,18574,-69.7,-89.1,-84.3,  5, 10, 0.00,260, 6.3
2026-06-16 17:57:56,-101.8207,31.8634,  72.1,18580,-69.7,-89.2,-84.4,  5,  9, 0.00,259, 6.5
2026-06-16 17:57:57,-101.8207,31.8634,  72.0,18585,-69.7,-89.2,-84.5,  5,  9, 0.00,259, 6.7
2026-06-16 17:57:58,-101.8206,31.8634,  72.0,18590,-69.7,-89.3,-84.6,  5,  9, 0.00,259, 6.8
2026-06-16 17:57:59,-101.8205,31.8634,  71.9,18596,-69.6,-89.4,-84.7,  5,  9, 0.00,258, 7.0
2026-06-16 17:58:00,-101.8204,31.8635,  71.8,18601,-69.6,-89.5,-84.7,  5,  9, 0.00,258, 7.2
2026-06-16 17:58:01,-101.8204,31.8635,  71.8,18607,-69.6,-89.6,-84.8,  4,  9, 0.00,259, 7.1
2026-06-16 17:58:02,-101.8203,31.8635,  71.7,18612,-69.6,-89.7,-84.9,  4,  9, 0.00,260, 7.1
2026-06-16 17:58:03,-101.8202,31.8635,  71.6,18618,-69.6,-89.8,-85.0,  4,  8, 0.00,260, 7.0
2026-06-16 17:58:04,-101.8201,31.8635,  71.6,18623,-69.6,-89.9,-85.1,  4,  8, 0.00,261, 7.0
2026-06-16 17:58:05,-101.8201,31.8635,  71.5,18629,-69.6,-90.0,-85.2,  4,  8, 0.00,262, 7.0
2026-06-16 17:58:06,-101.8200,31.8635,  71.4,18634,-69.5,-90.1,-85.3,  4,  8, 0.00,263, 7.0
2026-06-16 17:58:07,-101.8199,31.8635,  71.4,18640,-69.5,-90.2,-85.4,  4,  8, 0.00,264, 7.0
2026-06-16 17:58:08,-101.8199,31.8635,  71.3,18645,-69.5,-90.3,-85.5,  4,  8, 0.00,265, 7.0
2026-06-16 17:58:09,-101.8198,31.8635,  71.2,18651,-69.5,-90.4,-85.6,  4,  7, 0.00,266, 7.0
2026-06-16 17:58:10,-101.8197,31.8635,  71.2,18657,-69.5,-90.5,-85.8,  4,  7, 0.00,267, 6.9
2026-06-16 17:58:11,-101.8196,31.8635,  71.1,18662,-69.5,-90.6,-85.9,  4,  7, 0.00,267, 6.9
2026-06-16 17:58:12,-101.8196,31.8635,  71.0,18667,-69.5,-90.6,-85.9,  4,  7, 0.00,268, 6.9
2026-06-16 17:58:13,-101.8195,31.8635,  71.0,18673,-69.5,-90.6,-85.9,  4,  7, 0.00,269, 6.9
2026-06-16 17:58:14,-101.8194,31.8635,  70.9,18678,-69.5,-90.7,-85.9,  4,  7, 0.00,270, 6.9
2026-06-16 17:58:15,-101.8194,31.8635,  70.8,18683,-69.5,-90.7,-85.9,  4,  7, 0.00,271, 6.8
2026-06-16 17:58:16,-101.8193,31.8634,  70.8,18688,-69.5,-90.7,-85.9,  4,  7, 0.00,272, 6.8
2026-06-16 17:58:17,-101.8193,31.8634,  70.7,18693,-69.5,-90.7,-86.0,  4,  7, 0.00,273, 6.7
2026-06-16 17:58:18,-101.8193,31.8634,  70.7,18699,-69.5,-90.7,-86.0,  4,  7, 0.00,274, 6.7
2026-06-16 17:58:19,-101.8192,31.8633,  70.6,18703,-69.5,-90.7,-86.0,  4,  7, 0.00,275, 6.7
2026-06-16 17:58:20,-101.8192,31.8633,  70.5,18709,-69.5,-90.8,-86.0,  4,  7, 0.00,276, 6.7
2026-06-16 17:58:21,-101.8192,31.8633,  70.5,18715,-69.5,-90.8,-86.0,  4,  7, 0.00,277, 6.7
2026-06-16 17:58:22,-101.8191,31.8632,  70.4,18720,-69.6,-90.8,-86.0,  4,  7, 0.00,279, 6.6
2026-06-16 17:58:23,-101.8191,31.8632,  70.3,18726,-69.6,-90.8,-86.1,  4,  7, 0.00,281, 6.6
2026-06-16 17:58:24,-101.8191,31.8632,  70.3,18732,-69.6,-90.8,-86.1,  4,  7, 0.00,283, 6.5
2026-06-16 17:58:25,-101.8190,31.8631,  70.2,18737,-69.6,-90.9,-86.1,  4,  7, 0.00,285, 6.5
2026-06-16 17:58:26,-101.8190,31.8631,  70.1,18743,-69.6,-90.9,-86.2,  3,  7, 0.00,286, 6.4
2026-06-16 17:58:27,-101.8189,31.8631,  70.1,18748,-69.6,-91.0,-86.2,  3,  7, 0.00,288, 6.3
2026-06-16 17:58:28,-101.8189,31.8630,  70.0,18754,-69.6,-91.0,-86.3,  3,  7, 0.00,291, 6.3
2026-06-16 17:58:29,-101.8189,31.8630,  69.9,18759,-69.6,-91.0,-86.3,  3,  7, 0.00,293, 6.2
2026-06-16 17:58:30,-101.8188,31.8630,  69.9,18764,-69.6,-91.1,-86.3,  3,  7, 0.00,295, 6.2
2026-06-16 17:58:31,-101.8188,31.8629,  69.8,18769,-69.6,-91.1,-86.4,  3,  7, 0.00,297, 6.1
2026-06-16 17:58:32,-101.8188,31.8629,  69.8,18775,-69.6,-91.2,-86.4,  3,  7, 0.00,299, 6.1
2026-06-16 17:58:33,-101.8187,31.8629,  69.7,18780,-69.6,-91.2,-86.5,  3,  6, 0.00,301, 6.0
2026-06-16 17:58:34,-101.8187,31.8628,  69.6,18786,-69.6,-91.2,-86.5,  3,  6, 0.00,304, 6.0
2026-06-16 17:58:35,-101.8186,31.8628,  69.6,18791,-69.6,-91.3,-86.5,  3,  6, 0.00,306, 5.9
2026-06-16 17:58:36,-101.8186,31.8627,  69.5,18797,-69.5,-91.3,-86.6,  3,  6, 0.00,308, 5.9
2026-06-16 17:58:37,-101.8186,31.8627,  69.4,18802,-69.5,-91.3,-86.6,  3,  6, 0.00,311, 5.8
2026-06-16 17:58:38,-101.8185,31.8627,  69.4,18808,-69.5,-91.4,-86.6,  3,  6, 0.00,313, 5.8
2026-06-16 17:58:39,-101.8185,31.8626,  69.3,18814,-69.5,-91.4,-86.7,  3,  6, 0.00,315, 5.7
2026-06-16 17:58:40,-101.8185,31.8626,  69.2,18820,-69.5,-91.4,-86.7,  3,  6, 0.00,318, 5.6
2026-06-16 17:58:41,-101.8184,31.8626,  69.2,18827,-69.5,-91.5,-86.7,  3,  6, 0.00,319, 5.6
2026-06-16 17:58:42,-101.8184,31.8625,  69.1,18833,-69.5,-91.5,-86.8,  3,  6, 0.00,321, 5.6
2026-06-16 17:58:43,-101.8183,31.8625,  69.0,18839,-69.5,-91.6,-86.8,  3,  6, 0.00,323, 5.6
2026-06-16 17:58:44,-101.8183,31.8625,  68.9,18845,-69.5,-91.6,-86.9,  3,  6, 0.00,325, 5.6
2026-06-16 17:58:45,-101.8183,31.8624,  68.9,18851,-69.5,-91.6,-86.9,  3,  6, 0.00,326, 5.6
2026-06-16 17:58:46,-101.8183,31.8624,  68.8,18856,-69.4,-91.7,-86.9,  3,  6, 0.00,328, 5.6
2026-06-16 17:58:47,-101.8183,31.8623,  68.8,18861,-69.4,-91.7,-86.9,  3,  6, 0.00,330, 5.6
2026-06-16 17:58:48,-101.8183,31.8623,  68.7,18866,-69.4,-91.7,-87.0,  3,  6, 0.00,332, 5.6
2026-06-16 17:58:49,-101.8182,31.8622,  68.6,18871,-69.3,-91.7,-87.0,  3,  6, 0.00,334, 5.6
2026-06-16 17:58:50,-101.8182,31.8622,  68.6,18877,-69.3,-91.7,-87.0,  3,  6, 0.00,336, 5.6
2026-06-16 17:58:51,-101.8182,31.8621,  68.5,18882,-69.3,-91.8,-87.0,  3,  6, 0.00,338, 5.6
2026-06-16 17:58:52,-101.8182,31.8621,  68.5,18887,-69.2,-91.8,-87.0,  3,  6, 0.00,340, 5.6
2026-06-16 17:58:53,-101.8182,31.8620,  68.4,18893,-69.2,-91.8,-87.0,  3,  6, 0.00,341, 5.6
2026-06-16 17:58:54,-101.8182,31.8620,  68.3,18898,-69.1,-91.8,-87.0,  3,  6, 0.00,343, 5.6
2026-06-16 17:58:55,-101.8181,31.8620,  68.3,18903,-69.1,-91.8,-87.0,  3,  5, 0.00,345, 5.6
2026-06-16 17:58:56,-101.8181,31.8619,  68.2,18909,-69.1,-91.8,-87.0,  3,  5, 0.00,347, 5.6
2026-06-16 17:58:57,-101.8181,31.8619,  68.2,18914,-69.0,-91.8,-87.0,  3,  5, 0.00,349, 5.6
2026-06-16 17:58:58,-101.8181,31.8618,  68.1,18919,-69.0,-91.8,-87.0,  3,  5, 0.00,351, 5.6
2026-06-16 17:58:59,-101.8181,31.8618,  68.0,18924,-69.0,-91.8,-87.0,  3,  5, 0.00,352, 5.5
2026-06-16 17:59:00,-101.8181,31.8617,  68.0,18929,-68.9,-91.8,-87.0,  3,  5, 0.00,354, 5.6
2026-06-16 17:59:01,-101.8181,31.8617,  67.9,18934,-68.8,-91.8,-87.0,  3,  5, 0.00,353, 5.5
2026-06-16 17:59:02,-101.8180,31.8616,  67.9,18940,-68.7,-91.7,-87.0,  3,  5, 0.00,352, 5.5
2026-06-16 17:59:03,-101.8180,31.8616,  67.8,18945,-68.7,-91.7,-87.0,  3,  5, 0.00,351, 5.5
2026-06-16 17:59:04,-101.8180,31.8615,  67.7,18951,-68.6,-91.7,-86.9,  3,  5, 0.00,350, 5.5
2026-06-16 17:59:05,-101.8180,31.8615,  67.7,18956,-68.5,-91.6,-86.9,  3,  5, 0.00,349, 5.5
2026-06-16 17:59:06,-101.8180,31.8615,  67.6,18961,-68.4,-91.5,-86.8,  3,  5, 0.00,348, 5.4
2026-06-16 17:59:07,-101.8180,31.8614,  67.6,18967,-68.3,-91.4,-86.7,  3,  5, 0.00,347, 5.4
2026-06-16 17:59:08,-101.8179,31.8614,  67.5,18972,-68.3,-91.4,-86.6,  3,  5, 0.00,346, 5.4
2026-06-16 17:59:09,-101.8179,31.8613,  67.4,18977,-68.2,-91.3,-86.5,  3,  5, 0.00,345, 5.4
2026-06-16 17:59:10,-101.8179,31.8613,  67.4,18983,-68.1,-91.2,-86.4,  3,  5, 0.00,344, 5.4
2026-06-16 17:59:11,-101.8179,31.8612,  67.3,18988,-68.0,-91.1,-86.3,  3,  5, 0.00,342, 5.3
2026-06-16 17:59:12,-101.8179,31.8612,  67.3,18993,-67.9,-91.0,-86.3,  3,  5, 0.00,341, 5.3
2026-06-16 17:59:13,-101.8179,31.8611,  67.2,18999,-67.9,-90.9,-86.2,  3,  5, 0.00,340, 5.3
2026-06-16 17:59:14,-101.8178,31.8611,  67.1,19004,-67.8,-90.8,-86.1,  3,  5, 0.00,339, 5.3
2026-06-16 17:59:15,-101.8178,31.8610,  67.1,19010,-67.7,-90.7,-86.0,  3,  5, 0.00,338, 5.2
2026-06-16 17:59:16,-101.8178,31.8610,  67.0,19015,-67.6,-90.6,-85.9,  3,  5, 0.00,337, 5.2
2026-06-16 17:59:17,-101.8178,31.8609,  67.0,19021,-67.5,-90.6,-85.8,  3,  5, 0.00,335, 5.2
2026-06-16 17:59:18,-101.8178,31.8609,  66.9,19026,-67.5,-90.5,-85.7,  3,  5, 0.00,334, 5.1
2026-06-16 17:59:19,-101.8178,31.8609,  66.8,19031,-67.4,-90.3,-85.5,  3,  6, 0.00,333, 5.1
2026-06-16 17:59:20,-101.8177,31.8608,  66.8,19037,-67.3,-90.1,-85.4,  3,  6, 0.00,332, 5.1
2026-06-16 17:59:21,-101.8177,31.8608,  66.7,19042,-67.2,-89.9,-85.2,  3,  6, 0.00,332, 5.1
2026-06-16 17:59:22,-101.8177,31.8607,  66.7,19048,-67.1,-89.7,-85.0,  3,  6, 0.00,333, 5.1
2026-06-16 17:59:23,-101.8177,31.8607,  66.6,19053,-67.0,-89.5,-84.8,  3,  6, 0.00,333, 5.1
2026-06-16 17:59:24,-101.8177,31.8606,  66.5,19058,-67.0,-89.4,-84.6,  3,  6, 0.00,334, 5.1
2026-06-16 17:59:25,-101.8176,31.8606,  66.5,19064,-66.9,-89.2,-84.4,  3,  6, 0.00,334, 5.1
2026-06-16 17:59:26,-101.8176,31.8605,  66.4,19069,-66.8,-89.0,-84.3,  3,  6, 0.00,335, 5.1
2026-06-16 17:59:27,-101.8176,31.8605,  66.4,19074,-66.7,-88.8,-84.1,  3,  6, 0.00,335, 5.1
2026-06-16 17:59:28,-101.8176,31.8605,  66.3,19080,-66.7,-88.7,-83.9,  3,  7, 0.00,335, 5.1
2026-06-16 17:59:29,-101.8176,31.8604,  66.2,19085,-66.6,-88.5,-83.8,  4,  7, 0.00,336, 5.1
2026-06-16 17:59:30,-101.8175,31.8604,  66.2,19090,-66.5,-88.4,-83.6,  4,  7, 0.00,336, 5.1
2026-06-16 17:59:31,-101.8175,31.8603,  66.1,19095,-66.5,-88.2,-83.5,  4,  7, 0.00,337, 5.1
2026-06-16 17:59:32,-101.8175,31.8603,  66.1,19101,-66.4,-88.1,-83.4,  4,  7, 0.00,337, 5.1
2026-06-16 17:59:33,-101.8175,31.8602,  66.0,19106,-66.3,-88.1,-83.3,  4,  7, 0.00,338, 5.1
2026-06-16 17:59:34,-101.8175,31.8602,  66.0,19111,-66.3,-88.1,-83.3,  4,  7, 0.00,338, 5.1
2026-06-16 17:59:35,-101.8174,31.8601,  65.9,19116,-66.2,-88.0,-83.3,  4,  7, 0.00,339, 5.2
2026-06-16 17:59:36,-101.8174,31.8601,  65.8,19121,-66.1,-88.0,-83.3,  4,  7, 0.00,339, 5.2
2026-06-16 17:59:37,-101.8174,31.8601,  65.8,19127,-66.1,-88.0,-83.2,  4,  7, 0.00,340, 5.2
2026-06-16 17:59:38,-101.8174,31.8600,  65.7,19132,-66.0,-88.0,-83.2,  4,  7, 0.00,340, 5.2
2026-06-16 17:59:39,-101.8174,31.8600,  65.7,19137,-65.9,-88.0,-83.2,  4,  7, 0.00,340, 5.2
2026-06-16 17:59:40,-101.8173,31.8599,  65.6,19142,-65.9,-87.9,-83.2,  4,  7, 0.00,341, 5.2
2026-06-16 17:59:41,-101.8173,31.8599,  65.6,19147,-65.8,-87.9,-83.2,  4,  7, 0.00,341, 5.2
2026-06-16 17:59:42,-101.8173,31.8598,  65.5,19152,-65.8,-87.9,-83.2,  3,  7, 0.00,341, 5.3
2026-06-16 17:59:43,-101.8173,31.8598,  65.5,19157,-65.7,-87.9,-83.2,  3,  7, 0.00,341, 5.3
2026-06-16 17:59:44,-101.8173,31.8597,  65.4,19162,-65.7,-87.9,-83.2,  3,  7, 0.00,341, 5.4
2026-06-16 17:59:45,-101.8172,31.8597,  65.3,19167,-65.6,-87.9,-83.2,  3,  6, 0.00,341, 5.4
2026-06-16 17:59:46,-101.8172,31.8597,  65.3,19172,-65.6,-88.0,-83.2,  3,  6, 0.00,341, 5.5
2026-06-16 17:59:47,-101.8172,31.8596,  65.2,19177,-65.6,-88.0,-83.3,  3,  6, 0.00,341, 5.5
2026-06-16 17:59:48,-101.8172,31.8595,  65.2,19182,-65.5,-88.1,-83.3,  3,  6, 0.00,342, 5.6
2026-06-16 17:59:49,-101.8172,31.8595,  65.1,19187,-65.5,-88.1,-83.4,  3,  6, 0.00,342, 5.6
2026-06-16 17:59:50,-101.8172,31.8594,  65.1,19192,-65.4,-88.2,-83.4,  3,  6, 0.00,342, 5.7
2026-06-16 17:59:51,-101.8172,31.8594,  65.0,19197,-65.4,-88.3,-83.5,  3,  6, 0.00,342, 5.7
2026-06-16 17:59:52,-101.8172,31.8593,  65.0,19202,-65.4,-88.3,-83.6,  3,  6, 0.00,342, 5.8
2026-06-16 17:59:53,-101.8172,31.8593,  64.9,19207,-65.3,-88.4,-83.6,  3,  6, 0.00,342, 5.8
2026-06-16 17:59:54,-101.8172,31.8592,  64.9,19211,-65.3,-88.5,-83.7,  3,  6, 0.00,342, 5.8
2026-06-16 17:59:55,-101.8171,31.8591,  64.8,19218,-65.3,-88.6,-83.8,  3,  6, 0.00,342, 5.9
2026-06-16 17:59:56,-101.8171,31.8591,  64.7,19223,-65.3,-88.7,-83.9,  3,  5, 0.00,342, 6.0
2026-06-16 17:59:57,-101.8171,31.8590,  64.7,19229,-65.3,-88.8,-84.0,  3,  5, 0.00,342, 6.0
2026-06-16 17:59:58,-101.8171,31.8589,  64.6,19234,-65.3,-88.9,-84.1,  3,  5, 0.00,342, 6.1
2026-06-16 17:59:59,-101.8171,31.8589,  64.6,19239,-65.3,-89.0,-84.2,  3,  5, 0.00,342, 6.1
2026-06-16 18:00:00,-101.8171,31.8588,  64.5,19245,-65.3,-88.9,-84.2,  3,  5, 0.00,342, 6.2
2026-06-16 18:00:01,-101.8171,31.8588,  64.5,19250,-65.3,-88.9,-84.2,  3,  5, 0.00,344, 6.2
2026-06-16 18:00:02,-101.8171,31.8587,  64.4,19256,-65.3,-88.9,-84.2,  3,  5, 0.00,345, 6.2
2026-06-16 18:00:03,-101.8171,31.8586,  64.3,19261,-65.3,-88.9,-84.2,  3,  5, 0.00,346, 6.3
2026-06-16 18:00:04,-101.8171,31.8586,  64.3,19267,-65.3,-88.9,-84.2,  3,  5, 0.00,347, 6.3
2026-06-16 18:00:05,-101.8171,31.8585,  64.2,19272,-65.3,-88.9,-84.2,  3,  5, 0.00,348, 6.4
2026-06-16 18:00:06,-101.8171,31.8585,  64.2,19278,-65.3,-88.9,-84.2,  3,  5, 0.00,349, 6.5
2026-06-16 18:00:07,-101.8171,31.8584,  64.1,19283,-65.3,-88.9,-84.2,  3,  5, 0.00,350, 6.5
2026-06-16 18:00:08,-101.8171,31.8583,  64.1,19289,-65.3,-88.9,-84.2,  3,  5, 0.00,351, 6.6
2026-06-16 18:00:09,-101.8170,31.8583,  64.0,19294,-65.4,-88.9,-84.2,  3,  5, 0.00,352, 6.6
2026-06-16 18:00:10,-101.8170,31.8582,  63.9,19300,-65.4,-88.9,-84.2,  3,  5, 0.00,352, 6.7
2026-06-16 18:00:11,-101.8170,31.8582,  63.9,19305,-65.4,-89.0,-84.2,  3,  5, 0.00,353, 6.7
2026-06-16 18:00:12,-101.8170,31.8581,  63.8,19311,-65.4,-89.0,-84.2,  3,  5, 0.00,354, 6.8
2026-06-16 18:00:13,-101.8170,31.8580,  63.8,19316,-65.4,-89.0,-84.2,  3,  5, 0.00,355, 6.8
2026-06-16 18:00:14,-101.8170,31.8580,  63.7,19321,-65.4,-89.0,-84.2,  3,  5, 0.00,356, 6.9
2026-06-16 18:00:15,-101.8170,31.8579,  63.7,19327,-65.4,-89.0,-84.2,  3,  5, 0.00,357, 6.9
2026-06-16 18:00:16,-101.8170,31.8579,  63.6,19332,-65.5,-89.0,-84.2,  3,  5, 0.00,358, 6.9
2026-06-16 18:00:17,-101.8170,31.8578,  63.5,19338,-65.5,-89.0,-84.2,  3,  5, 0.00,359, 7.0
2026-06-16 18:00:18,-101.8170,31.8577,  63.5,19343,-65.5,-89.0,-84.2,  3,  5, 0.00,359, 7.1
2026-06-16 18:00:19,-101.8171,31.8577,  63.4,19349,-65.5,-89.0,-84.2,  3,  5, 0.00,360, 7.1
2026-06-16 18:00:20,-101.8171,31.8576,  63.4,19354,-65.5,-88.9,-84.2,  3,  5, 0.00,  1, 7.2
2026-06-16 18:00:21,-101.8171,31.8575,  63.3,19360,-65.5,-88.9,-84.2,  3,  5, 0.00,  2, 7.2
2026-06-16 18:00:22,-101.8172,31.8575,  63.2,19366,-65.6,-89.0,-84.2,  3,  5, 0.00,  3, 7.2
2026-06-16 18:00:23,-101.8172,31.8574,  63.2,19372,-65.6,-89.0,-84.2,  3,  5, 0.00,  4, 7.2
2026-06-16 18:00:24,-101.8172,31.8573,  63.1,19377,-65.6,-89.0,-84.2,  3,  5, 0.00,  5, 7.3
2026-06-16 18:00:25,-101.8173,31.8573,  63.1,19383,-65.6,-89.0,-84.2,  3,  5, 0.00,  6, 7.3
2026-06-16 18:00:26,-101.8173,31.8572,  63.0,19389,-65.6,-89.0,-84.2,  3,  5, 0.00,  7, 7.4
2026-06-16 18:00:27,-101.8173,31.8571,  62.9,19395,-65.7,-89.0,-84.2,  3,  5, 0.00,  8, 7.4
2026-06-16 18:00:28,-101.8174,31.8571,  62.9,19401,-65.7,-89.0,-84.2,  3,  5, 0.00,  9, 7.4
2026-06-16 18:00:29,-101.8174,31.8570,  62.8,19406,-65.7,-89.0,-84.3,  3,  5, 0.00, 10, 7.5
2026-06-16 18:00:30,-101.8174,31.8569,  62.8,19412,-65.7,-89.0,-84.3,  3,  5, 0.00, 11, 7.5
2026-06-16 18:00:31,-101.8174,31.8569,  62.7,19418,-65.8,-89.1,-84.3,  3,  5, 0.00, 12, 7.5
2026-06-16 18:00:32,-101.8175,31.8568,  62.6,19423,-65.8,-89.1,-84.3,  3,  5, 0.00, 13, 7.5
2026-06-16 18:00:33,-101.8175,31.8568,  62.6,19429,-65.8,-89.1,-84.3,  3,  5, 0.00, 14, 7.6
2026-06-16 18:00:34,-101.8175,31.8567,  62.5,19435,-65.8,-89.1,-84.3,  3,  5, 0.00, 15, 7.6
2026-06-16 18:00:35,-101.8176,31.8566,  62.5,19440,-65.8,-89.1,-84.4,  3,  5, 0.00, 16, 7.6
2026-06-16 18:00:36,-101.8176,31.8566,  62.4,19446,-65.8,-89.1,-84.4,  3,  5, 0.00, 17, 7.6
2026-06-16 18:00:37,-101.8176,31.8565,  62.4,19452,-65.9,-89.1,-84.4,  3,  5, 0.00, 18, 7.6
2026-06-16 18:00:38,-101.8177,31.8564,  62.3,19458,-65.9,-89.1,-84.4,  3,  5, 0.00, 19, 7.7
2026-06-16 18:00:39,-101.8177,31.8564,  62.2,19464,-65.9,-89.2,-84.4,  3,  5, 0.00, 20, 7.7
2026-06-16 18:00:40,-101.8177,31.8563,  62.2,19470,-65.9,-89.2,-84.4,  3,  5, 0.00, 21, 7.8
2026-06-16 18:00:41,-101.8178,31.8562,  62.1,19476,-65.9,-89.2,-84.5,  3,  5, 0.00, 22, 7.8
2026-06-16 18:00:42,-101.8178,31.8562,  62.1,19481,-65.9,-89.2,-84.5,  3,  5, 0.00, 22, 7.8
2026-06-16 18:00:43,-101.8178,31.8561,  62.0,19487,-65.9,-89.3,-84.5,  3,  5, 0.00, 23, 7.8
2026-06-16 18:00:44,-101.8179,31.8560,  61.9,19493,-65.9,-89.3,-84.6,  3,  5, 0.00, 24, 7.8
2026-06-16 18:00:45,-101.8179,31.8560,  61.9,19498,-65.9,-89.3,-84.6,  3,  5, 0.00, 24, 7.8
2026-06-16 18:00:46,-101.8179,31.8559,  61.8,19504,-66.0,-89.4,-84.6,  3,  5, 0.00, 25, 7.9
2026-06-16 18:00:47,-101.8179,31.8559,  61.8,19509,-66.0,-89.4,-84.6,  3,  5, 0.00, 26, 7.9
2026-06-16 18:00:48,-101.8180,31.8558,  61.7,19513,-66.0,-89.4,-84.7,  3,  5, 0.00, 26, 7.9
2026-06-16 18:00:49,-101.8181,31.8558,  61.7,19521,-66.0,-89.4,-84.7,  3,  5, 0.00, 27, 7.9
2026-06-16 18:00:50,-101.8182,31.8557,  61.6,19527,-66.0,-89.4,-84.7,  3,  5, 0.00, 28, 7.9
2026-06-16 18:00:51,-101.8182,31.8557,  61.5,19533,-65.9,-89.4,-84.7,  3,  5, 0.00, 28, 8.0
2026-06-16 18:00:52,-101.8183,31.8556,  61.5,19538,-65.9,-89.5,-84.7,  3,  5, 0.00, 29, 8.0
2026-06-16 18:00:53,-101.8184,31.8556,  61.4,19544,-65.9,-89.5,-84.7,  3,  5, 0.00, 29, 8.0
2026-06-16 18:00:54,-101.8185,31.8555,  61.4,19550,-65.9,-89.5,-84.7,  3,  5, 0.00, 30, 8.1
2026-06-16 18:00:55,-101.8185,31.8555,  61.3,19556,-65.9,-89.5,-84.7,  3,  5, 0.00, 31, 8.1
2026-06-16 18:00:56,-101.8186,31.8554,  61.2,19561,-65.9,-89.5,-84.7,  3,  5, 0.00, 31, 8.1
2026-06-16 18:00:57,-101.8187,31.8554,  61.2,19567,-65.9,-89.4,-84.7,  3,  5, 0.00, 32, 8.1
2026-06-16 18:00:58,-101.8188,31.8554,  61.1,19573,-65.9,-89.4,-84.7,  3,  5, 0.00, 33, 8.2
2026-06-16 18:00:59,-101.8188,31.8553,  61.1,19578,-65.9,-89.4,-84.7,  3,  5, 0.00, 33, 8.2
2026-06-16 18:01:00,-101.8189,31.8553,  61.0,19584,-65.9,-89.4,-84.7,  3,  5, 0.00, 34, 8.2
2026-06-16 18:01:01,-101.8190,31.8552,  61.0,19590,-65.9,-89.4,-84.7,  3,  5, 0.00, 35, 8.2
2026-06-16 18:01:02,-101.8190,31.8552,  60.9,19595,-65.9,-89.4,-84.7,  3,  5, 0.00, 37, 8.3
2026-06-16 18:01:03,-101.8191,31.8551,  60.8,19601,-65.8,-89.4,-84.7,  3,  5, 0.00, 39, 8.3
2026-06-16 18:01:04,-101.8192,31.8551,  60.8,19607,-65.8,-89.4,-84.6,  3,  5, 0.00, 40, 8.4
2026-06-16 18:01:05,-101.8193,31.8551,  60.7,19612,-65.8,-89.4,-84.6,  3,  5, 0.00, 42, 8.4
2026-06-16 18:01:06,-101.8193,31.8550,  60.7,19618,-65.8,-89.3,-84.6,  3,  5, 0.00, 43, 8.4
2026-06-16 18:01:07,-101.8194,31.8550,  60.6,19623,-65.7,-89.3,-84.6,  3,  5, 0.00, 45, 8.5
2026-06-16 18:01:08,-101.8195,31.8549,  60.6,19629,-65.7,-89.3,-84.5,  3,  5, 0.00, 46, 8.5
2026-06-16 18:01:09,-101.8195,31.8549,  60.5,19634,-65.7,-89.2,-84.5,  3,  5, 0.00, 48, 8.5
2026-06-16 18:01:10,-101.8196,31.8548,  60.5,19640,-65.7,-89.2,-84.5,  3,  5, 0.00, 50, 8.6
2026-06-16 18:01:11,-101.8197,31.8548,  60.4,19645,-65.6,-89.2,-84.4,  3,  5, 0.00, 51, 8.6
2026-06-16 18:01:12,-101.8198,31.8547,  60.4,19650,-65.6,-89.2,-84.4,  3,  5, 0.00, 53, 8.6
2026-06-16 18:01:13,-101.8198,31.8547,  60.3,19656,-65.6,-89.1,-84.4,  3,  5, 0.00, 54, 8.7
2026-06-16 18:01:14,-101.8199,31.8547,  60.2,19661,-65.6,-89.1,-84.3,  3,  5, 0.00, 56, 8.7
2026-06-16 18:01:15,-101.8200,31.8546,  60.2,19666,-65.5,-89.0,-84.3,  3,  5, 0.00, 57, 8.8
2026-06-16 18:01:16,-101.8200,31.8546,  60.1,19672,-65.5,-89.0,-84.2,  3,  5, 0.00, 58, 8.8
2026-06-16 18:01:17,-101.8201,31.8545,  60.1,19677,-65.5,-89.0,-84.2,  3,  5, 0.00, 60, 8.8
2026-06-16 18:01:18,-101.8202,31.8545,  60.0,19683,-65.4,-88.9,-84.2,  3,  5, 0.00, 61, 8.9
2026-06-16 18:01:19,-101.8202,31.8545,  60.0,19689,-65.4,-88.9,-84.1,  3,  5, 0.00, 63, 8.8
2026-06-16 18:01:20,-101.8203,31.8545,  59.9,19694,-65.3,-88.8,-84.1,  3,  5, 0.00, 64, 8.9
2026-06-16 18:01:21,-101.8204,31.8544,  59.9,19700,-65.3,-88.8,-84.1,  3,  5, 0.00, 65, 8.8
2026-06-16 18:01:22,-101.8204,31.8544,  59.8,19706,-65.2,-88.8,-84.0,  3,  5, 0.00, 65, 8.7
2026-06-16 18:01:23,-101.8205,31.8544,  59.7,19712,-65.2,-88.8,-84.0,  3,  5, 0.00, 66, 8.6
2026-06-16 18:01:24,-101.8205,31.8544,  59.7,19718,-65.2,-88.7,-84.0,  3,  5, 0.00, 67, 8.5
2026-06-16 18:01:25,-101.8206,31.8544,  59.6,19723,-65.1,-88.7,-84.0,  3,  5, 0.00, 67, 8.3
2026-06-16 18:01:26,-101.8207,31.8544,  59.6,19729,-65.1,-88.7,-83.9,  3,  5, 0.00, 68, 8.2
2026-06-16 18:01:27,-101.8207,31.8544,  59.5,19735,-65.0,-88.7,-83.9,  3,  5, 0.00, 69, 8.1
2026-06-16 18:01:28,-101.8208,31.8544,  59.5,19741,-65.0,-88.6,-83.9,  3,  5, 0.00, 70, 8.0
2026-06-16 18:01:29,-101.8208,31.8544,  59.4,19746,-64.9,-88.6,-83.9,  3,  5, 0.00, 70, 7.9
2026-06-16 18:01:30,-101.8209,31.8543,  59.4,19752,-64.9,-88.6,-83.8,  3,  5, 0.00, 71, 7.9
2026-06-16 18:01:31,-101.8210,31.8543,  59.3,19757,-64.8,-88.5,-83.8,  3,  5, 0.00, 72, 7.8
2026-06-16 18:01:32,-101.8210,31.8543,  59.2,19763,-64.8,-88.5,-83.8,  3,  5, 0.00, 73, 7.7
2026-06-16 18:01:33,-101.8211,31.8543,  59.2,19768,-64.7,-88.5,-83.7,  3,  5, 0.00, 74, 7.5
2026-06-16 18:01:34,-101.8211,31.8543,  59.1,19774,-64.7,-88.5,-83.7,  3,  5, 0.00, 75, 7.4
2026-06-16 18:01:35,-101.8212,31.8543,  59.1,19779,-64.6,-88.4,-83.7,  3,  5, 0.00, 75, 7.3
2026-06-16 18:01:36,-101.8213,31.8543,  59.0,19785,-64.5,-88.4,-83.7,  3,  5, 0.00, 76, 7.2
2026-06-16 18:01:37,-101.8213,31.8543,  59.0,19790,-64.5,-88.4,-83.6,  3,  5, 0.00, 77, 7.1
2026-06-16 18:01:38,-101.8214,31.8542,  58.9,19796,-64.4,-88.4,-83.6,  3,  5, 0.00, 78, 7.0
2026-06-16 18:01:39,-101.8214,31.8542,  58.9,19801,-64.4,-88.3,-83.6,  3,  5, 0.00, 79, 6.9
2026-06-16 18:01:40,-101.8215,31.8542,  58.8,19807,-64.3,-88.3,-83.6,  3,  5, 0.00, 80, 6.8
2026-06-16 18:01:41,-101.8215,31.8542,  58.8,19813,-64.3,-88.3,-83.5,  3,  5, 0.00, 80, 6.6
2026-06-16 18:01:42,-101.8216,31.8542,  58.7,19819,-64.2,-88.3,-83.5,  3,  5, 0.00, 79, 6.4
2026-06-16 18:01:43,-101.8217,31.8542,  58.6,19825,-64.2,-88.3,-83.5,  3,  5, 0.00, 78, 6.2
2026-06-16 18:01:44,-101.8217,31.8542,  58.6,19830,-64.1,-88.2,-83.5,  3,  5, 0.00, 78, 6.0
2026-06-16 18:01:45,-101.8218,31.8542,  58.5,19836,-64.0,-88.2,-83.4,  3,  5, 0.00, 77, 5.8
2026-06-16 18:01:46,-101.8218,31.8542,  58.5,19842,-64.0,-88.2,-83.4,  3,  5, 0.00, 76, 5.6
2026-06-16 18:01:47,-101.8219,31.8541,  58.4,19848,-63.9,-88.1,-83.4,  3,  5, 0.00, 75, 5.4
2026-06-16 18:01:48,-101.8220,31.8541,  58.4,19853,-63.9,-88.1,-83.3,  3,  5, 0.00, 74, 5.3
2026-06-16 18:01:49,-101.8220,31.8541,  58.3,19859,-63.8,-88.0,-83.3,  3,  5, 0.00, 72, 5.1
2026-06-16 18:01:50,-101.8220,31.8541,  58.3,19865,-63.8,-88.0,-83.2,  3,  5, 0.00, 71, 4.9
2026-06-16 18:01:51,-101.8220,31.8541,  58.2,19870,-63.7,-88.0,-83.2,  3,  5, 0.00, 70, 4.7
2026-06-16 18:01:52,-101.8220,31.8540,  58.2,19876,-63.6,-87.9,-83.2,  3,  5, 0.00, 68, 4.5
2026-06-16 18:01:53,-101.8221,31.8540,  58.1,19881,-63.6,-87.9,-83.1,  3,  5, 0.00, 67, 4.3
2026-06-16 18:01:54,-101.8221,31.8540,  58.1,19887,-63.5,-87.8,-83.1,  3,  5, 0.00, 65, 4.1
2026-06-16 18:01:55,-101.8221,31.8539,  58.0,19893,-63.5,-87.8,-83.0,  3,  5, 0.00, 63, 3.9
2026-06-16 18:01:56,-101.8221,31.8539,  57.9,19899,-63.4,-87.7,-83.0,  3,  5, 0.00, 60, 3.7
2026-06-16 18:01:57,-101.8221,31.8539,  57.9,19904,-63.4,-87.7,-82.9,  3,  5, 0.00, 58, 3.5
2026-06-16 18:01:58,-101.8221,31.8538,  57.8,19910,-63.3,-87.7,-82.9,  3,  5, 0.00, 55, 3.3
2026-06-16 18:01:59,-101.8221,31.8538,  57.8,19916,-63.2,-87.6,-82.9,  3,  5, 0.00, 52, 3.1
2026-06-16 18:02:00,-101.8221,31.8538,  57.7,19922,-63.2,-87.6,-82.8,  3,  5, 0.00, 49, 2.9
2026-06-16 18:02:01,-101.8221,31.8538,  57.7,19928,-63.1,-87.5,-82.8,  3,  5, 0.00, 45, 2.9
2026-06-16 18:02:02,-101.8221,31.8537,  57.6,19933,-63.1,-87.5,-82.7,  3,  5, 0.00, 42, 3.0
2026-06-16 18:02:03,-101.8221,31.8537,  57.6,19939,-63.0,-87.5,-82.7,  3,  5, 0.00, 39, 3.1
2026-06-16 18:02:04,-101.8221,31.8537,  57.5,19944,-63.0,-87.4,-82.7,  3,  5, 0.00, 36, 3.1
2026-06-16 18:02:05,-101.8221,31.8536,  57.5,19949,-62.9,-87.4,-82.6,  3,  5, 0.00, 32, 3.2
2026-06-16 18:02:06,-101.8222,31.8536,  57.4,19955,-62.9,-87.3,-82.6,  3,  5, 0.00, 29, 3.3
2026-06-16 18:02:07,-101.8222,31.8536,  57.4,19961,-62.8,-87.3,-82.5,  3,  5, 0.00, 26, 3.3
2026-06-16 18:02:08,-101.8222,31.8535,  57.3,19966,-62.8,-87.3,-82.5,  3,  5, 0.00, 23, 3.4
2026-06-16 18:02:09,-101.8222,31.8535,  57.3,19972,-62.7,-87.2,-82.5,  3,  5, 0.00, 20, 3.4
2026-06-16 18:02:10,-101.8222,31.8535,  57.2,19978,-62.7,-87.2,-82.4,  3,  5, 0.00, 18, 3.5
2026-06-16 18:02:11,-101.8222,31.8535,  57.2,19983,-62.6,-87.1,-82.4,  3,  5, 0.00, 15, 3.6
2026-06-16 18:02:12,-101.8222,31.8534,  57.1,19989,-62.5,-87.1,-82.3,  3,  5, 0.00, 12, 3.6
2026-06-16 18:02:13,-101.8222,31.8534,  57.1,19994,-62.5,-87.1,-82.3,  3,  5, 0.00, 10, 3.7
2026-06-16 18:02:14,-101.8222,31.8534,  57.0,20000,-62.4,-87.0,-82.3,  3,  5, 0.00,  8, 3.8
2026-06-16 18:02:15,-101.8222,31.8533,  56.9,20005,-62.4,-87.0,-82.2,  3,  5, 0.00,  6, 3.8
2026-06-16 18:02:16,-101.8222,31.8533,  56.9,20011,-62.3,-87.0,-82.2,  3,  5, 0.00,  4, 3.9
2026-06-16 18:02:17,-101.8222,31.8533,  56.8,20016,-62.3,-86.9,-82.2,  3,  5, 0.00,  2, 3.9
2026-06-16 18:02:18,-101.8222,31.8532,  56.8,20022,-62.2,-86.9,-82.1,  3,  5, 0.00,360, 4.0
2026-06-16 18:02:19,-101.8223,31.8532,  56.7,20027,-62.2,-86.8,-82.1,  3,  5, 0.00,358, 4.1
2026-06-16 18:02:20,-101.8223,31.8532,  56.7,20033,-62.1,-86.8,-82.0,  3,  5, 0.00,356, 4.1
2026-06-16 18:02:21,-101.8223,31.8532,  56.6,20038,-62.1,-86.8,-82.0,  3,  5, 0.00,360, 4.2
2026-06-16 18:02:22,-101.8224,31.8531,  56.6,20044,-62.0,-86.7,-82.0,  3,  5, 0.00,  4, 4.3
2026-06-16 18:02:23,-101.8224,31.8531,  56.5,20050,-62.0,-86.7,-81.9,  3,  5, 0.00,  8, 4.3
2026-06-16 18:02:24,-101.8225,31.8531,  56.5,20055,-61.9,-86.7,-81.9,  3,  5, 0.00, 13, 4.4
2026-06-16 18:02:25,-101.8226,31.8531,  56.4,20061,-61.9,-86.7,-81.9,  3,  5, 0.00, 17, 4.5
2026-06-16 18:02:26,-101.8226,31.8531,  56.4,20068,-61.8,-86.6,-81.9,  3,  5, 0.00, 23, 4.6
2026-06-16 18:02:27,-101.8227,31.8531,  56.3,20072,-61.8,-86.6,-81.8,  3,  5, 0.00, 26, 4.6
2026-06-16 18:02:28,-101.8228,31.8530,  56.3,20078,-61.8,-86.6,-81.8,  3,  5, 0.00, 30, 4.7
2026-06-16 18:02:29,-101.8228,31.8530,  56.2,20084,-61.7,-86.5,-81.8,  3,  5, 0.00, 34, 4.8
2026-06-16 18:02:30,-101.8229,31.8530,  56.2,20090,-61.7,-86.5,-81.7,  3,  5, 0.00, 38, 4.9
2026-06-16 18:02:31,-101.8229,31.8530,  56.1,20096,-61.7,-86.4,-81.7,  3,  5, 0.00, 42, 4.9
2026-06-16 18:02:32,-101.8230,31.8530,  56.1,20102,-61.6,-86.4,-81.6,  3,  5, 0.00, 46, 5.0
2026-06-16 18:02:33,-101.8231,31.8530,  56.0,20108,-61.6,-86.4,-81.6,  3,  5, 0.00, 49, 5.1
2026-06-16 18:02:34,-101.8231,31.8529,  56.0,20113,-61.5,-86.3,-81.6,  3,  5, 0.00, 53, 5.2
2026-06-16 18:02:35,-101.8232,31.8529,  55.9,20119,-61.5,-86.3,-81.5,  3,  5, 0.00, 56, 5.2
2026-06-16 18:02:36,-101.8232,31.8529,  55.9,20125,-61.5,-86.3,-81.5,  3,  5, 0.00, 59, 5.3
2026-06-16 18:02:37,-101.8233,31.8529,  55.8,20131,-61.5,-86.2,-81.5,  3,  5, 0.00, 61, 5.4
2026-06-16 18:02:38,-101.8234,31.8529,  55.8,20136,-61.4,-86.2,-81.4,  3,  5, 0.00, 64, 5.5
2026-06-16 18:02:39,-101.8234,31.8528,  55.7,20142,-61.4,-86.2,-81.4,  3,  5, 0.00, 66, 5.5
2026-06-16 18:02:40,-101.8235,31.8528,  55.7,20148,-61.4,-86.1,-81.4,  3,  5, 0.00, 68, 5.6
2026-06-16 18:02:41,-101.8236,31.8528,  55.6,20153,-61.4,-86.1,-81.3,  3,  5, 0.00, 69, 5.7
2026-06-16 18:02:42,-101.8236,31.8528,  55.5,20159,-61.3,-86.1,-81.3,  3,  5, 0.00, 69, 5.8
2026-06-16 18:02:43,-101.8237,31.8528,  55.5,20165,-61.3,-86.0,-81.3,  3,  5, 0.00, 70, 5.9
2026-06-16 18:02:44,-101.8237,31.8528,  55.4,20171,-61.3,-86.0,-81.2,  3,  5, 0.00, 70, 6.0
2026-06-16 18:02:45,-101.8238,31.8527,  55.4,20176,-61.3,-85.9,-81.2,  3,  5, 0.01, 71, 6.1
2026-06-16 18:02:46,-101.8239,31.8527,  55.3,20182,-61.2,-85.9,-81.1,  3,  5, 0.01, 72, 6.1
2026-06-16 18:02:47,-101.8239,31.8527,  55.3,20187,-61.2,-85.9,-81.1,  3,  5, 0.01, 72, 6.2
2026-06-16 18:02:48,-101.8240,31.8527,  55.2,20193,-61.2,-85.8,-81.1,  3,  5, 0.01, 73, 6.3
2026-06-16 18:02:49,-101.8241,31.8527,  55.2,20198,-61.2,-85.8,-81.0,  3,  5, 0.01, 73, 6.4
2026-06-16 18:02:50,-101.8241,31.8527,  55.2,20204,-61.1,-85.8,-81.0,  3,  5, 0.01, 74, 6.5
2026-06-16 18:02:51,-101.8242,31.8526,  55.1,20209,-61.1,-85.7,-81.0,  3,  5, 0.01, 74, 6.6
2026-06-16 18:02:52,-101.8242,31.8526,  55.1,20215,-61.1,-85.7,-80.9,  3,  5, 0.01, 75, 6.7
2026-06-16 18:02:53,-101.8243,31.8526,  55.0,20220,-61.1,-85.6,-80.9,  3,  5, 0.01, 75, 6.8
2026-06-16 18:02:54,-101.8243,31.8525,  55.0,20226,-61.1,-85.6,-80.9,  3,  5, 0.01, 76, 6.9
2026-06-16 18:02:55,-101.8244,31.8525,  54.9,20231,-61.0,-85.6,-80.9,  3,  5, 0.01, 76, 7.0
2026-06-16 18:02:56,-101.8244,31.8525,  54.9,20237,-61.0,-85.6,-80.8,  3,  5, 0.01, 76, 7.1
2026-06-16 18:02:57,-101.8245,31.8524,  54.8,20243,-61.0,-85.6,-80.8,  3,  5, 0.01, 77, 7.2
2026-06-16 18:02:58,-101.8246,31.8524,  54.8,20248,-61.0,-85.6,-80.8,  3,  5, 0.01, 77, 7.3
2026-06-16 18:02:59,-101.8246,31.8524,  54.7,20254,-61.0,-85.6,-80.8,  3,  5, 0.01, 78, 7.4
2026-06-16 18:03:00,-101.8247,31.8523,  54.7,20259,-60.9,-85.6,-80.8,  3,  5, 0.01, 78, 7.5
2026-06-16 18:03:01,-101.8247,31.8523,  54.6,20265,-60.9,-85.6,-80.8,  3,  5, 0.01, 77, 7.4
2026-06-16 18:03:02,-101.8248,31.8523,  54.6,20270,-60.9,-85.5,-80.8,  3,  5, 0.01, 76, 7.3
2026-06-16 18:03:03,-101.8248,31.8523,  54.5,20276,-60.9,-85.5,-80.8,  3,  5, 0.01, 75, 7.3
2026-06-16 18:03:04,-101.8249,31.8522,  54.5,20282,-60.9,-85.5,-80.8,  3,  5, 0.01, 73, 7.2
2026-06-16 18:03:05,-101.8249,31.8522,  54.4,20287,-60.8,-85.5,-80.7,  3,  5, 0.01, 72, 7.1
2026-06-16 18:03:06,-101.8250,31.8522,  54.4,20293,-60.8,-85.5,-80.7,  3,  5, 0.01, 71, 7.0
2026-06-16 18:03:07,-101.8250,31.8521,  54.3,20299,-60.8,-85.5,-80.7,  3,  5, 0.01, 69, 7.0
2026-06-16 18:03:08,-101.8251,31.8521,  54.3,20304,-60.8,-85.5,-80.7,  3,  5, 0.01, 68, 6.9
2026-06-16 18:03:09,-101.8251,31.8521,  54.2,20310,-60.7,-85.4,-80.7,  3,  5, 0.01, 67, 6.8
2026-06-16 18:03:10,-101.8252,31.8520,  54.2,20315,-60.7,-85.4,-80.7,  3,  5, 0.01, 65, 6.8
2026-06-16 18:03:11,-101.8253,31.8520,  54.1,20321,-60.7,-85.4,-80.7,  3,  5, 0.01, 64, 6.7
2026-06-16 18:03:12,-101.8253,31.8520,  54.1,20327,-60.7,-85.4,-80.6,  3,  5, 0.01, 62, 6.6
2026-06-16 18:03:13,-101.8254,31.8519,  54.0,20332,-60.6,-85.4,-80.6,  3,  5, 0.01, 61, 6.5
2026-06-16 18:03:14,-101.8254,31.8519,  54.0,20337,-60.6,-85.4,-80.6,  3,  5, 0.01, 59, 6.5
2026-06-16 18:03:15,-101.8255,31.8519,  53.9,20343,-60.6,-85.4,-80.6,  3,  5, 0.01, 57, 6.4
2026-06-16 18:03:16,-101.8255,31.8518,  53.9,20348,-60.6,-85.4,-80.6,  3,  5, 0.01, 56, 6.3
2026-06-16 18:03:17,-101.8256,31.8518,  53.8,20353,-60.6,-85.3,-80.6,  3,  5, 0.01, 54, 6.3
2026-06-16 18:03:18,-101.8256,31.8518,  53.8,20359,-60.5,-85.3,-80.6,  3,  5, 0.01, 53, 6.2
2026-06-16 18:03:19,-101.8257,31.8518,  53.7,20364,-60.5,-85.3,-80.6,  3,  5, 0.01, 51, 6.1
2026-06-16 18:03:20,-101.8257,31.8517,  53.7,20369,-60.5,-85.3,-80.6,  3,  5, 0.01, 49, 6.1
2026-06-16 18:03:21,-101.8258,31.8517,  53.7,20375,-60.5,-85.3,-80.5,  3,  5, 0.01, 48, 6.1
2026-06-16 18:03:22,-101.8258,31.8516,  53.6,20380,-60.5,-85.3,-80.5,  3,  5, 0.01, 46, 6.2
2026-06-16 18:03:23,-101.8259,31.8516,  53.6,20386,-60.4,-85.2,-80.5,  3,  5, 0.01, 45, 6.2
2026-06-16 18:03:24,-101.8259,31.8515,  53.5,20391,-60.4,-85.2,-80.5,  3,  5, 0.01, 43, 6.3
2026-06-16 18:03:25,-101.8260,31.8514,  53.5,20397,-60.4,-85.2,-80.4,  3,  5, 0.01, 42, 6.4
2026-06-16 18:03:26,-101.8260,31.8514,  53.4,20402,-60.4,-85.2,-80.4,  3,  5, 0.01, 40, 6.4
2026-06-16 18:03:27,-101.8261,31.8513,  53.4,20407,-60.4,-85.1,-80.4,  3,  5, 0.01, 39, 6.5
2026-06-16 18:03:28,-101.8261,31.8512,  53.3,20412,-60.3,-85.1,-80.4,  3,  5, 0.01, 38, 6.6
2026-06-16 18:03:29,-101.8262,31.8512,  53.3,20417,-60.3,-85.1,-80.3,  3,  5, 0.01, 36, 6.6
2026-06-16 18:03:30,-101.8262,31.8511,  53.2,20423,-60.3,-85.1,-80.3,  3,  5, 0.01, 35, 6.7
2026-06-16 18:03:31,-101.8262,31.8511,  53.2,20428,-60.3,-85.1,-80.3,  3,  5, 0.01, 34, 6.8
2026-06-16 18:03:32,-101.8263,31.8510,  53.2,20434,-60.3,-85.0,-80.3,  3,  5, 0.01, 33, 6.8
2026-06-16 18:03:33,-101.8263,31.8509,  53.1,20439,-60.3,-85.0,-80.3,  3,  5, 0.01, 31, 6.9
2026-06-16 18:03:34,-101.8264,31.8509,  53.1,20445,-60.2,-85.0,-80.2,  3,  5, 0.01, 30, 7.0
2026-06-16 18:03:35,-101.8264,31.8508,  53.0,20450,-60.2,-85.0,-80.2,  3,  5, 0.01, 29, 7.0
2026-06-16 18:03:36,-101.8265,31.8507,  53.0,20455,-60.2,-85.0,-80.2,  3,  5, 0.01, 28, 7.1
2026-06-16 18:03:37,-101.8265,31.8507,  52.9,20460,-60.2,-85.0,-80.2,  3,  5, 0.01, 27, 7.2
2026-06-16 18:03:38,-101.8265,31.8506,  52.9,20465,-60.2,-84.9,-80.2,  3,  5, 0.01, 26, 7.2
2026-06-16 18:03:39,-101.8266,31.8505,  52.8,20470,-60.2,-84.9,-80.2,  3,  5, 0.01, 25, 7.3
2026-06-16 18:03:40,-101.8266,31.8505,  52.8,20476,-60.2,-84.9,-80.1,  3,  5, 0.01, 24, 7.3
2026-06-16 18:03:41,-101.8267,31.8504,  52.7,20481,-60.1,-84.9,-80.1,  3,  5, 0.01, 24, 7.4
2026-06-16 18:03:42,-101.8267,31.8504,  52.7,20486,-60.1,-84.9,-80.1,  3,  5, 0.01, 25, 7.5
2026-06-16 18:03:43,-101.8268,31.8503,  52.7,20492,-60.1,-84.9,-80.1,  3,  5, 0.01, 26, 7.6
2026-06-16 18:03:44,-101.8268,31.8502,  52.6,20497,-60.1,-84.8,-80.1,  3,  5, 0.01, 27, 7.7
2026-06-16 18:03:45,-101.8269,31.8502,  52.6,20502,-60.1,-84.8,-80.1,  3,  5, 0.01, 28, 7.8
2026-06-16 18:03:46,-101.8269,31.8501,  52.5,20508,-60.1,-84.8,-80.1,  3,  5, 0.01, 29, 7.9
2026-06-16 18:03:47,-101.8269,31.8500,  52.5,20513,-60.1,-84.8,-80.0,  3,  5, 0.01, 30, 8.0
2026-06-16 18:03:48,-101.8270,31.8500,  52.4,20519,-60.1,-84.8,-80.0,  3,  5, 0.01, 30, 8.1
2026-06-16 18:03:49,-101.8270,31.8499,  52.4,20524,-60.1,-84.8,-80.0,  3,  5, 0.01, 31, 8.2
2026-06-16 18:03:50,-101.8271,31.8498,  52.3,20530,-60.0,-84.8,-80.0,  3,  5, 0.01, 32, 8.3
2026-06-16 18:03:51,-101.8271,31.8498,  52.3,20535,-60.0,-84.7,-80.0,  3,  5, 0.01, 33, 8.5
2026-06-16 18:03:52,-101.8272,31.8497,  52.2,20541,-60.0,-84.7,-80.0,  3,  5, 0.01, 33, 8.6
2026-06-16 18:03:53,-101.8273,31.8497,  52.2,20546,-60.0,-84.7,-80.0,  3,  5, 0.01, 34, 8.7
2026-06-16 18:03:54,-101.8273,31.8497,  52.2,20551,-60.0,-84.7,-79.9,  3,  5, 0.01, 35, 8.8
2026-06-16 18:03:55,-101.8274,31.8496,  52.1,20557,-60.0,-84.7,-79.9,  3,  5, 0.01, 36, 8.9
2026-06-16 18:03:56,-101.8275,31.8496,  52.1,20562,-60.0,-84.7,-79.9,  3,  5, 0.01, 36, 9.0
2026-06-16 18:03:57,-101.8276,31.8496,  52.0,20568,-60.0,-84.6,-79.9,  3,  5, 0.01, 37, 9.1
2026-06-16 18:03:58,-101.8277,31.8495,  52.0,20573,-59.9,-84.6,-79.9,  3,  5, 0.01, 37, 9.2
2026-06-16 18:03:59,-101.8277,31.8495,  51.9,20579,-59.9,-84.6,-79.8,  3,  5, 0.01, 38, 9.4
2026-06-16 18:04:00,-101.8278,31.8494,  51.9,20585,-59.9,-84.6,-79.8,  3,  5, 0.01, 39, 9.5
2026-06-16 18:04:01,-101.8279,31.8494,  51.8,20591,-59.9,-84.6,-79.8,  3,  5, 0.01, 40, 9.4
2026-06-16 18:04:02,-101.8280,31.8494,  51.8,20597,-59.9,-84.6,-79.8,  3,  5, 0.01, 41, 9.3
2026-06-16 18:04:03,-101.8281,31.8493,  51.7,20603,-59.9,-84.6,-79.8,  3,  5, 0.01, 42, 9.3
2026-06-16 18:04:04,-101.8281,31.8493,  51.7,20609,-59.8,-84.5,-79.8,  3,  5, 0.01, 43, 9.3
2026-06-16 18:04:05,-101.8282,31.8492,  51.6,20615,-59.8,-84.5,-79.8,  3,  5, 0.01, 44, 9.2
2026-06-16 18:04:06,-101.8283,31.8492,  51.6,20621,-59.8,-84.5,-79.8,  3,  5, 0.01, 46, 9.2
2026-06-16 18:04:07,-101.8284,31.8492,  51.5,20627,-59.8,-84.5,-79.8,  3,  5, 0.01, 47, 9.1
2026-06-16 18:04:08,-101.8285,31.8491,  51.5,20632,-59.8,-84.5,-79.8,  3,  5, 0.01, 48, 9.1
2026-06-16 18:04:09,-101.8285,31.8491,  51.4,20638,-59.8,-84.5,-79.8,  3,  5, 0.01, 49, 9.0
2026-06-16 18:04:10,-101.8286,31.8491,  51.4,20644,-59.8,-84.5,-79.8,  3,  5, 0.01, 51, 9.0
2026-06-16 18:04:11,-101.8287,31.8490,  51.3,20650,-59.7,-84.5,-79.8,  3,  5, 0.01, 52, 8.9
2026-06-16 18:04:12,-101.8288,31.8490,  51.3,20656,-59.7,-84.5,-79.8,  3,  5, 0.01, 53, 8.9
2026-06-16 18:04:13,-101.8289,31.8489,  51.2,20662,-59.7,-84.5,-79.8,  3,  5, 0.01, 55, 8.8
2026-06-16 18:04:14,-101.8289,31.8489,  51.2,20668,-59.7,-84.5,-79.8,  3,  5, 0.01, 56, 8.8
2026-06-16 18:04:15,-101.8290,31.8489,  51.1,20674,-59.7,-84.5,-79.8,  3,  5, 0.01, 57, 8.7
2026-06-16 18:04:16,-101.8291,31.8488,  51.1,20680,-59.7,-84.5,-79.7,  3,  5, 0.01, 59, 8.7
2026-06-16 18:04:17,-101.8292,31.8488,  51.0,20686,-59.7,-84.5,-79.7,  3,  5, 0.01, 60, 8.6
2026-06-16 18:04:18,-101.8292,31.8488,  51.0,20692,-59.7,-84.5,-79.7,  3,  5, 0.01, 62, 8.5
2026-06-16 18:04:19,-101.8293,31.8487,  50.9,20698,-59.7,-84.5,-79.7,  3,  5, 0.01, 63, 8.5
2026-06-16 18:04:20,-101.8294,31.8487,  50.9,20704,-59.7,-84.4,-79.7,  3,  5, 0.01, 64, 8.4
2026-06-16 18:04:21,-101.8295,31.8486,  50.9,20709,-59.7,-84.4,-79.7,  3,  5, 0.01, 66, 8.5
2026-06-16 18:04:22,-101.8295,31.8486,  50.8,20715,-59.7,-84.4,-79.7,  3,  5, 0.01, 67, 8.5
2026-06-16 18:04:23,-101.8297,31.8486,  50.8,20718,-59.7,-84.4,-79.7,  3,  5, 0.01, 67, 8.5
2026-06-16 18:04:24,-101.8298,31.8486,  50.7,20726,-59.7,-84.4,-79.6,  3,  5, 0.01, 69, 8.7
2026-06-16 18:04:25,-101.8299,31.8486,  50.7,20732,-59.7,-84.4,-79.6,  3,  5, 0.01, 70, 8.7
2026-06-16 18:04:26,-101.8300,31.8486,  50.6,20737,-59.7,-84.4,-79.6,  3,  5, 0.01, 71, 8.8
2026-06-16 18:04:27,-101.8301,31.8486,  50.6,20743,-59.7,-84.4,-79.6,  3,  5, 0.01, 72, 8.9
2026-06-16 18:04:28,-101.8302,31.8486,  50.5,20748,-59.7,-84.4,-79.6,  3,  5, 0.01, 73, 8.9
2026-06-16 18:04:29,-101.8303,31.8486,  50.5,20754,-59.7,-84.3,-79.6,  3,  5, 0.01, 74, 9.0
2026-06-16 18:04:30,-101.8304,31.8486,  50.4,20760,-59.7,-84.3,-79.6,  3,  5, 0.01, 75, 9.0
2026-06-16 18:04:31,-101.8305,31.8486,  50.4,20765,-59.7,-84.3,-79.5,  3,  5, 0.01, 76, 9.1
2026-06-16 18:04:32,-101.8306,31.8486,  50.4,20771,-59.7,-84.3,-79.5,  3,  5, 0.01, 77, 9.1
2026-06-16 18:04:33,-101.8307,31.8486,  50.3,20776,-59.7,-84.3,-79.5,  3,  5, 0.01, 78, 9.2
2026-06-16 18:04:34,-101.8308,31.8486,  50.3,20782,-59.7,-84.2,-79.5,  3,  5, 0.01, 79, 9.3
2026-06-16 18:04:35,-101.8309,31.8486,  50.2,20787,-59.7,-84.2,-79.5,  3,  5, 0.01, 80, 9.3
2026-06-16 18:04:36,-101.8310,31.8486,  50.2,20792,-59.7,-84.2,-79.4,  3,  5, 0.01, 81, 9.3
2026-06-16 18:04:37,-101.8311,31.8486,  50.1,20798,-59.7,-84.2,-79.4,  3,  5, 0.01, 82, 9.4
2026-06-16 18:04:38,-101.8312,31.8486,  50.1,20804,-59.7,-84.2,-79.4,  3,  5, 0.01, 83, 9.4
2026-06-16 18:04:39,-101.8313,31.8486,  50.0,20809,-59.7,-84.1,-79.4,  3,  5, 0.01, 84, 9.5
2026-06-16 18:04:40,-101.8314,31.8485,  50.0,20815,-59.7,-84.1,-79.4,  3,  5, 0.01, 85, 9.6
2026-06-16 18:04:41,-101.8315,31.8485,  50.0,20821,-59.7,-84.1,-79.3,  3,  5, 0.01, 85, 9.6
2026-06-16 18:04:42,-101.8316,31.8485,  49.9,20826,-59.7,-84.1,-79.3,  3,  5, 0.01, 86, 9.6
2026-06-16 18:04:43,-101.8317,31.8485,  49.9,20832,-59.7,-84.1,-79.3,  3,  5, 0.01, 86, 9.6
2026-06-16 18:04:44,-101.8318,31.8485,  49.8,20838,-59.7,-84.1,-79.3,  3,  5, 0.01, 86, 9.5
2026-06-16 18:04:45,-101.8319,31.8485,  49.8,20844,-59.7,-84.1,-79.3,  3,  5, 0.01, 86, 9.5
2026-06-16 18:04:46,-101.8320,31.8485,  49.7,20850,-59.7,-84.1,-79.3,  3,  5, 0.01, 86, 9.5
2026-06-16 18:04:47,-101.8321,31.8485,  49.7,20855,-59.7,-84.1,-79.3,  3,  5, 0.01, 87, 9.5
2026-06-16 18:04:48,-101.8322,31.8485,  49.6,20861,-59.7,-84.1,-79.3,  3,  5, 0.01, 87, 9.5
2026-06-16 18:04:49,-101.8323,31.8485,  49.6,20867,-59.7,-84.1,-79.3,  3,  5, 0.01, 87, 9.5
2026-06-16 18:04:50,-101.8324,31.8485,  49.5,20874,-59.7,-84.1,-79.3,  3,  5, 0.01, 87, 9.5
2026-06-16 18:04:51,-101.8325,31.8485,  49.5,20880,-59.7,-84.1,-79.3,  3,  5, 0.01, 88, 9.4
2026-06-16 18:04:52,-101.8326,31.8485,  49.4,20886,-59.7,-84.1,-79.3,  3,  5, 0.01, 88, 9.4
2026-06-16 18:04:53,-101.8327,31.8485,  49.4,20892,-59.7,-84.1,-79.3,  3,  5, 0.01, 88, 9.4
2026-06-16 18:04:54,-101.8328,31.8485,  49.3,20898,-59.7,-84.1,-79.3,  3,  5, 0.01, 88, 9.4
2026-06-16 18:04:55,-101.8329,31.8485,  49.3,20904,-59.7,-84.1,-79.3,  3,  5, 0.01, 89, 9.4
2026-06-16 18:04:56,-101.8330,31.8485,  49.2,20909,-59.7,-84.1,-79.3,  3,  5, 0.01, 89, 9.4
2026-06-16 18:04:57,-101.8331,31.8485,  49.2,20915,-59.7,-84.1,-79.3,  3,  5, 0.01, 89, 9.4
2026-06-16 18:04:58,-101.8331,31.8484,  49.2,20921,-59.8,-84.1,-79.3,  3,  5, 0.01, 89, 9.3
2026-06-16 18:04:59,-101.8332,31.8484,  49.1,20927,-59.8,-84.1,-79.4,  3,  5, 0.01, 89, 9.3
2026-06-16 18:05:00,-101.8333,31.8484,  49.1,20933,-59.8,-84.1,-79.4,  3,  5, 0.01, 90, 9.3
2026-06-16 18:05:01,-101.8334,31.8484,  49.0,20939,-59.8,-84.1,-79.4,  3,  5, 0.01, 89, 9.3
2026-06-16 18:05:02,-101.8335,31.8484,  49.0,20945,-59.8,-84.1,-79.4,  3,  5, 0.01, 89, 9.3
2026-06-16 18:05:03,-101.8336,31.8484,  48.9,20951,-59.8,-84.1,-79.4,  3,  5, 0.01, 88, 9.2
2026-06-16 18:05:04,-101.8337,31.8484,  48.9,20957,-59.8,-84.1,-79.4,  3,  5, 0.01, 88, 9.2
2026-06-16 18:05:05,-101.8338,31.8484,  48.8,20963,-59.8,-84.2,-79.4,  3,  5, 0.01, 87, 9.2
2026-06-16 18:05:06,-101.8339,31.8484,  48.8,20969,-59.8,-84.2,-79.4,  3,  5, 0.01, 87, 9.2
2026-06-16 18:05:07,-101.8340,31.8484,  48.7,20975,-59.8,-84.2,-79.4,  3,  5, 0.01, 86, 9.2
2026-06-16 18:05:08,-101.8341,31.8483,  48.7,20981,-59.8,-84.2,-79.4,  3,  5, 0.01, 86, 9.2
2026-06-16 18:05:09,-101.8342,31.8483,  48.6,20987,-59.8,-84.2,-79.4,  3,  5, 0.01, 85, 9.1
2026-06-16 18:05:10,-101.8343,31.8483,  48.6,20992,-59.8,-84.2,-79.4,  3,  5, 0.01, 84, 9.1
2026-06-16 18:05:11,-101.8344,31.8483,  48.6,20998,-59.8,-84.2,-79.4,  3,  5, 0.01, 84, 9.1
2026-06-16 18:05:12,-101.8345,31.8483,  48.5,21004,-59.9,-84.2,-79.4,  3,  5, 0.01, 83, 9.1
2026-06-16 18:05:13,-101.8346,31.8483,  48.5,21011,-59.9,-84.2,-79.5,  3,  5, 0.01, 83, 9.1
2026-06-16 18:05:14,-101.8346,31.8483,  48.4,21017,-59.9,-84.2,-79.5,  3,  5, 0.01, 82, 9.1
2026-06-16 18:05:15,-101.8347,31.8483,  48.4,21023,-59.9,-84.2,-79.5,  3,  5, 0.01, 82, 9.1
2026-06-16 18:05:16,-101.8348,31.8483,  48.3,21029,-59.9,-84.2,-79.5,  3,  5, 0.01, 81, 9.0
2026-06-16 18:05:17,-101.8349,31.8483,  48.3,21035,-59.9,-84.2,-79.5,  3,  5, 0.01, 81, 9.0
2026-06-16 18:05:18,-101.8350,31.8482,  48.2,21041,-59.9,-84.2,-79.5,  3,  5, 0.01, 80, 9.0
2026-06-16 18:05:19,-101.8351,31.8482,  48.2,21047,-59.9,-84.2,-79.5,  3,  5, 0.01, 80, 9.0
2026-06-16 18:05:20,-101.8352,31.8482,  48.1,21053,-59.9,-84.2,-79.5,  3,  5, 0.01, 79, 9.0
2026-06-16 18:05:21,-101.8353,31.8482,  48.1,21059,-59.9,-84.2,-79.5,  3,  5, 0.01, 80, 9.0
2026-06-16 18:05:22,-101.8354,31.8482,  48.0,21065,-59.9,-84.3,-79.5,  3,  5, 0.01, 80, 8.9
2026-06-16 18:05:23,-101.8355,31.8482,  48.0,21071,-59.9,-84.3,-79.5,  3,  5, 0.01, 81, 8.9
2026-06-16 18:05:24,-101.8356,31.8482,  47.9,21077,-59.9,-84.3,-79.5,  3,  5, 0.01, 81, 8.8
2026-06-16 18:05:25,-101.8357,31.8482,  47.9,21083,-59.9,-84.3,-79.5,  3,  5, 0.01, 82, 8.8
2026-06-16 18:05:26,-101.8357,31.8482,  47.9,21089,-59.9,-84.3,-79.5,  3,  5, 0.01, 83, 8.7
2026-06-16 18:05:27,-101.8358,31.8482,  47.8,21095,-59.9,-84.3,-79.6,  3,  5, 0.01, 83, 8.7
2026-06-16 18:05:28,-101.8359,31.8482,  47.8,21101,-59.9,-84.3,-79.6,  3,  5, 0.01, 84, 8.6
2026-06-16 18:05:29,-101.8360,31.8482,  47.7,21107,-59.9,-84.3,-79.6,  3,  5, 0.01, 85, 8.6
2026-06-16 18:05:30,-101.8361,31.8482,  47.7,21111,-59.9,-84.3,-79.6,  3,  5, 0.01, 85, 8.5
2026-06-16 18:05:31,-101.8362,31.8482,  47.6,21119,-59.9,-84.4,-79.6,  3,  5, 0.01, 86, 8.5
2026-06-16 18:05:32,-101.8362,31.8482,  47.6,21125,-59.9,-84.4,-79.6,  3,  5, 0.01, 86, 8.4
2026-06-16 18:05:33,-101.8363,31.8482,  47.5,21132,-59.9,-84.4,-79.6,  3,  5, 0.01, 87, 8.4
2026-06-16 18:05:34,-101.8364,31.8482,  47.5,21138,-59.9,-84.4,-79.6,  3,  5, 0.01, 88, 8.4
2026-06-16 18:05:35,-101.8365,31.8482,  47.4,21144,-59.8,-84.4,-79.6,  3,  5, 0.01, 88, 8.3
2026-06-16 18:05:36,-101.8366,31.8482,  47.4,21150,-59.8,-84.3,-79.6,  3,  5, 0.01, 89, 8.3
2026-06-16 18:05:37,-101.8367,31.8482,  47.3,21157,-59.8,-84.3,-79.6,  3,  5, 0.01, 90, 8.2
2026-06-16 18:05:38,-101.8367,31.8482,  47.3,21163,-59.8,-84.3,-79.6,  3,  5, 0.01, 90, 8.2
2026-06-16 18:05:39,-101.8368,31.8482,  47.2,21169,-59.8,-84.3,-79.5,  3,  5, 0.01, 91, 8.2
2026-06-16 18:05:40,-101.8369,31.8482,  47.2,21175,-59.8,-84.3,-79.5,  3,  5, 0.01, 92, 8.1
2026-06-16 18:05:41,-101.8370,31.8482,  47.2,21181,-59.8,-84.3,-79.5,  3,  5, 0.01, 92, 8.1
2026-06-16 18:05:42,-101.8371,31.8482,  47.1,21187,-59.8,-84.3,-79.5,  3,  5, 0.01, 91, 8.1
2026-06-16 18:05:43,-101.8372,31.8482,  47.1,21193,-59.8,-84.2,-79.5,  3,  5, 0.01, 91, 8.0
2026-06-16 18:05:44,-101.8372,31.8482,  47.0,21199,-59.8,-84.2,-79.5,  3,  5, 0.01, 91, 8.0
2026-06-16 18:05:45,-101.8373,31.8482,  47.0,21205,-59.8,-84.2,-79.5,  3,  5, 0.01, 91, 8.0
2026-06-16 18:05:46,-101.8374,31.8482,  46.9,21212,-59.8,-84.2,-79.4,  3,  5, 0.01, 91, 8.0
2026-06-16 18:05:47,-101.8375,31.8482,  46.9,21218,-59.8,-84.2,-79.4,  3,  5, 0.01, 90, 7.9
2026-06-16 18:05:48,-101.8376,31.8482,  46.8,21224,-59.7,-84.2,-79.4,  3,  5, 0.01, 90, 7.9
2026-06-16 18:05:49,-101.8377,31.8482,  46.8,21230,-59.7,-84.2,-79.4,  3,  5, 0.01, 90, 7.9
2026-06-16 18:05:50,-101.8377,31.8482,  46.7,21236,-59.7,-84.1,-79.4,  3,  5, 0.01, 90, 7.8
2026-06-16 18:05:51,-101.8378,31.8482,  46.7,21242,-59.7,-84.1,-79.4,  3,  5, 0.01, 89, 7.8
2026-06-16 18:05:52,-101.8379,31.8482,  46.7,21248,-59.7,-84.1,-79.4,  3,  5, 0.01, 89, 7.8
2026-06-16 18:05:53,-101.8380,31.8482,  46.6,21254,-59.7,-84.1,-79.3,  3,  5, 0.01, 89, 7.8
2026-06-16 18:05:54,-101.8381,31.8482,  46.6,21260,-59.7,-84.1,-79.3,  3,  5, 0.01, 89, 7.7
2026-06-16 18:05:55,-101.8382,31.8482,  46.5,21266,-59.7,-84.1,-79.3,  3,  5, 0.01, 88, 7.7
2026-06-16 18:05:56,-101.8382,31.8482,  46.5,21272,-59.7,-84.1,-79.3,  3,  5, 0.01, 88, 7.7
2026-06-16 18:05:57,-101.8383,31.8482,  46.4,21278,-59.7,-84.1,-79.3,  3,  5, 0.01, 88, 7.7
2026-06-16 18:05:58,-101.8384,31.8482,  46.4,21284,-59.7,-84.0,-79.3,  3,  5, 0.01, 88, 7.6
2026-06-16 18:05:59,-101.8385,31.8482,  46.3,21290,-59.7,-84.0,-79.3,  3,  5, 0.01, 88, 7.6
2026-06-16 18:06:00,-101.8386,31.8481,  46.3,21297,-59.7,-84.0,-79.3,  3,  5, 0.01, 87, 7.6
2026-06-16 18:06:01,-101.8387,31.8481,  46.2,21303,-59.6,-84.0,-79.3,  3,  5, 0.01, 87, 7.6
2026-06-16 18:06:02,-101.8388,31.8481,  46.2,21309,-59.6,-84.0,-79.2,  3,  5, 0.01, 86, 7.7
2026-06-16 18:06:03,-101.8389,31.8481,  46.2,21315,-59.6,-84.0,-79.2,  3,  5, 0.01, 86, 7.7
2026-06-16 18:06:04,-101.8389,31.8481,  46.1,21321,-59.6,-84.0,-79.2,  3,  5, 0.01, 85, 7.8
2026-06-16 18:06:05,-101.8390,31.8481,  46.1,21327,-59.6,-84.0,-79.2,  3,  5, 0.01, 85, 7.8
2026-06-16 18:06:06,-101.8391,31.8481,  46.0,21333,-59.6,-84.0,-79.2,  3,  5, 0.01, 84, 7.9
2026-06-16 18:06:07,-101.8392,31.8481,  46.0,21339,-59.6,-84.0,-79.2,  3,  5, 0.01, 84, 7.9
2026-06-16 18:06:08,-101.8393,31.8481,  45.9,21345,-59.6,-84.0,-79.2,  3,  5, 0.01, 83, 8.0
2026-06-16 18:06:09,-101.8394,31.8480,  45.9,21351,-59.6,-84.0,-79.2,  3,  5, 0.01, 83, 8.0
2026-06-16 18:06:10,-101.8395,31.8480,  45.8,21357,-59.6,-84.0,-79.2,  3,  5, 0.01, 82, 8.1
2026-06-16 18:06:11,-101.8396,31.8480,  45.8,21362,-59.6,-84.0,-79.2,  3,  5, 0.01, 82, 8.1
2026-06-16 18:06:12,-101.8396,31.8480,  45.8,21368,-59.6,-84.0,-79.3,  3,  5, 0.01, 81, 8.2
2026-06-16 18:06:13,-101.8397,31.8480,  45.7,21374,-59.6,-84.0,-79.3,  3,  5, 0.01, 81, 8.2
2026-06-16 18:06:14,-101.8398,31.8480,  45.7,21380,-59.7,-84.0,-79.3,  3,  5, 0.01, 80, 8.3
2026-06-16 18:06:15,-101.8399,31.8480,  45.6,21386,-59.7,-84.0,-79.3,  3,  5, 0.01, 80, 8.3
2026-06-16 18:06:16,-101.8400,31.8480,  45.6,21392,-59.7,-84.1,-79.3,  3,  5, 0.01, 80, 8.4
2026-06-16 18:06:17,-101.8401,31.8479,  45.5,21398,-59.7,-84.1,-79.3,  3,  5, 0.01, 79, 8.5
2026-06-16 18:06:18,-101.8402,31.8479,  45.5,21404,-59.7,-84.1,-79.3,  3,  5, 0.01, 79, 8.5
2026-06-16 18:06:19,-101.8403,31.8479,  45.5,21411,-59.7,-84.1,-79.3,  3,  5, 0.01, 78, 8.6
2026-06-16 18:06:20,-101.8403,31.8479,  45.4,21417,-59.7,-84.1,-79.3,  3,  5, 0.01, 78, 8.6
2026-06-16 18:06:21,-101.8404,31.8479,  45.4,21423,-59.7,-84.1,-79.3,  3,  5, 0.01, 79, 8.6
2026-06-16 18:06:22,-101.8405,31.8479,  45.3,21430,-59.8,-84.1,-79.3,  3,  5, 0.01, 80, 8.6
2026-06-16 18:06:23,-101.8406,31.8479,  45.3,21436,-59.8,-84.1,-79.3,  3,  5, 0.01, 80, 8.6
2026-06-16 18:06:24,-101.8407,31.8479,  45.2,21443,-59.8,-84.1,-79.3,  3,  5, 0.01, 81, 8.6
2026-06-16 18:06:25,-101.8408,31.8479,  45.2,21449,-59.8,-84.1,-79.4,  3,  5, 0.01, 82, 8.6
2026-06-16 18:06:26,-101.8409,31.8479,  45.1,21455,-59.8,-84.1,-79.4,  3,  5, 0.01, 83, 8.6
2026-06-16 18:06:27,-101.8410,31.8479,  45.1,21461,-59.9,-84.2,-79.4,  3,  5, 0.01, 84, 8.7
2026-06-16 18:06:28,-101.8411,31.8479,  45.0,21467,-59.9,-84.2,-79.4,  3,  5, 0.01, 84, 8.7
2026-06-16 18:06:29,-101.8412,31.8479,  45.0,21473,-59.9,-84.2,-79.4,  3,  5, 0.01, 85, 8.7
2026-06-16 18:06:30,-101.8413,31.8479,  45.0,21479,-59.9,-84.2,-79.4,  3,  6, 0.01, 86, 8.7
2026-06-16 18:06:31,-101.8414,31.8480,  44.9,21485,-60.0,-84.2,-79.4,  3,  6, 0.01, 87, 8.7
2026-06-16 18:06:32,-101.8414,31.8480,  44.9,21491,-60.0,-84.2,-79.4,  3,  6, 0.01, 87, 8.7
2026-06-16 18:06:33,-101.8415,31.8480,  44.8,21497,-60.0,-84.2,-79.4,  3,  6, 0.01, 88, 8.7
2026-06-16 18:06:34,-101.8416,31.8480,  44.8,21502,-60.0,-84.2,-79.4,  3,  6, 0.01, 89, 8.8
2026-06-16 18:06:35,-101.8417,31.8480,  44.7,21508,-60.1,-84.2,-79.4,  3,  6, 0.01, 90, 8.8
2026-06-16 18:06:36,-101.8418,31.8480,  44.7,21514,-60.1,-84.2,-79.4,  3,  6, 0.01, 91, 8.8
2026-06-16 18:06:37,-101.8419,31.8480,  44.7,21520,-60.1,-84.2,-79.4,  3,  6, 0.01, 91, 8.8
2026-06-16 18:06:38,-101.8420,31.8480,  44.6,21525,-60.2,-84.2,-79.4,  3,  6, 0.01, 92, 8.9
2026-06-16 18:06:39,-101.8421,31.8481,  44.6,21531,-60.2,-84.2,-79.4,  3,  6, 0.01, 93, 8.9
2026-06-16 18:06:40,-101.8422,31.8481,  44.5,21537,-60.2,-84.2,-79.5,  3,  6, 0.01, 94, 8.9
2026-06-16 18:06:41,-101.8423,31.8481,  44.5,21543,-60.3,-84.2,-79.5,  3,  6, 0.01, 94, 8.9
2026-06-16 18:06:42,-101.8424,31.8481,  44.5,21549,-60.3,-84.2,-79.5,  3,  6, 0.01, 95, 8.9
2026-06-16 18:06:43,-101.8425,31.8481,  44.4,21555,-60.3,-84.3,-79.5,  3,  6, 0.01, 95, 8.9
2026-06-16 18:06:44,-101.8426,31.8481,  44.4,21562,-60.3,-84.3,-79.5,  3,  6, 0.01, 96, 8.9
2026-06-16 18:06:45,-101.8427,31.8481,  44.3,21568,-60.4,-84.3,-79.6,  3,  6, 0.01, 96, 8.9
2026-06-16 18:06:46,-101.8428,31.8481,  44.3,21574,-60.4,-84.3,-79.6,  3,  6, 0.01, 97, 8.9
2026-06-16 18:06:47,-101.8428,31.8481,  44.2,21581,-60.4,-84.4,-79.6,  3,  6, 0.01, 97, 8.9
2026-06-16 18:06:48,-101.8429,31.8482,  44.2,21587,-60.5,-84.4,-79.6,  3,  6, 0.01, 98, 8.9
2026-06-16 18:06:49,-101.8430,31.8482,  44.1,21593,-60.5,-84.4,-79.6,  3,  6, 0.01, 98, 8.8
2026-06-16 18:06:50,-101.8431,31.8482,  44.1,21600,-60.5,-84.4,-79.7,  3,  6, 0.01, 99, 8.8
2026-06-16 18:06:51,-101.8432,31.8482,  44.1,21606,-60.6,-84.5,-79.7,  3,  6, 0.01, 99, 8.8
2026-06-16 18:06:52,-101.8433,31.8482,  44.0,21612,-60.6,-84.5,-79.7,  3,  6, 0.01,100, 8.8
2026-06-16 18:06:53,-101.8434,31.8482,  44.0,21619,-60.6,-84.5,-79.7,  3,  6, 0.01,100, 8.8
2026-06-16 18:06:54,-101.8435,31.8482,  43.9,21625,-60.6,-84.5,-79.7,  3,  6, 0.01,101, 8.8
2026-06-16 18:06:55,-101.8436,31.8483,  43.9,21631,-60.7,-84.5,-79.8,  3,  6, 0.01,101, 8.8
2026-06-16 18:06:56,-101.8436,31.8483,  43.8,21636,-60.7,-84.6,-79.8,  3,  6, 0.01,101, 8.8
2026-06-16 18:06:57,-101.8437,31.8483,  43.8,21642,-60.7,-84.6,-79.8,  3,  6, 0.01,102, 8.8
2026-06-16 18:06:58,-101.8438,31.8483,  43.8,21648,-60.7,-84.6,-79.9,  3,  6, 0.01,102, 8.8
2026-06-16 18:06:59,-101.8439,31.8484,  43.7,21654,-60.7,-84.7,-79.9,  3,  6, 0.01,103, 8.8
2026-06-16 18:07:00,-101.8440,31.8484,  43.7,21660,-60.8,-84.7,-79.9,  3,  6, 0.01,103, 8.8
2026-06-16 18:07:01,-101.8440,31.8484,  43.6,21666,-60.8,-84.7,-80.0,  3,  6, 0.01,104, 8.8
2026-06-16 18:07:02,-101.8441,31.8484,  43.6,21672,-60.8,-84.8,-80.0,  3,  6, 0.01,104, 8.7
2026-06-16 18:07:03,-101.8442,31.8485,  43.5,21679,-60.8,-84.8,-80.0,  3,  6, 0.01,105, 8.7
2026-06-16 18:07:04,-101.8443,31.8485,  43.5,21685,-60.8,-84.8,-80.1,  3,  6, 0.01,105, 8.6
2026-06-16 18:07:05,-101.8443,31.8485,  43.5,21690,-60.9,-84.9,-80.1,  3,  6, 0.01,105, 8.6
2026-06-16 18:07:06,-101.8444,31.8485,  43.4,21696,-60.9,-84.9,-80.1,  3,  6, 0.01,106, 8.5
2026-06-16 18:07:07,-101.8445,31.8486,  43.4,21702,-60.9,-84.9,-80.2,  3,  6, 0.01,106, 8.5
2026-06-16 18:07:08,-101.8446,31.8486,  43.3,21708,-60.9,-84.9,-80.2,  3,  6, 0.01,106, 8.4
2026-06-16 18:07:09,-101.8447,31.8486,  43.3,21714,-60.9,-85.0,-80.2,  3,  6, 0.01,107, 8.4
2026-06-16 18:07:10,-101.8447,31.8486,  43.3,21719,-60.9,-85.0,-80.2,  3,  6, 0.01,107, 8.3
2026-06-16 18:07:11,-101.8448,31.8487,  43.2,21725,-61.0,-85.0,-80.2,  3,  6, 0.01,108, 8.3
2026-06-16 18:07:12,-101.8449,31.8487,  43.2,21730,-61.0,-85.0,-80.2,  3,  6, 0.01,108, 8.3
2026-06-16 18:07:13,-101.8450,31.8487,  43.1,21736,-61.0,-85.0,-80.3,  3,  6, 0.01,108, 8.2
2026-06-16 18:07:14,-101.8450,31.8487,  43.1,21742,-61.0,-85.0,-80.3,  3,  6, 0.01,109, 8.2
2026-06-16 18:07:15,-101.8451,31.8488,  43.1,21747,-61.0,-85.1,-80.3,  3,  6, 0.01,109, 8.1
2026-06-16 18:07:16,-101.8452,31.8488,  43.0,21753,-61.0,-85.1,-80.3,  3,  6, 0.01,110, 8.1
2026-06-16 18:07:17,-101.8453,31.8488,  43.0,21758,-61.1,-85.1,-80.3,  3,  6, 0.01,110, 8.0
2026-06-16 18:07:18,-101.8453,31.8488,  42.9,21764,-61.1,-85.1,-80.3,  3,  6, 0.01,111, 8.0
2026-06-16 18:07:19,-101.8454,31.8488,  42.9,21770,-61.1,-85.1,-80.4,  3,  6, 0.01,111, 7.9
2026-06-16 18:07:20,-101.8455,31.8489,  42.9,21775,-61.1,-85.1,-80.4,  3,  6, 0.01,111, 7.9
2026-06-16 18:07:21,-101.8456,31.8489,  42.8,21781,-61.1,-85.1,-80.4,  3,  6, 0.01,111, 7.8
2026-06-16 18:07:22,-101.8457,31.8489,  42.8,21787,-61.1,-85.1,-80.4,  3,  6, 0.01,111, 7.8
2026-06-16 18:07:23,-101.8457,31.8489,  42.7,21793,-61.1,-85.1,-80.4,  3,  6, 0.01,111, 7.7
2026-06-16 18:07:24,-101.8458,31.8490,  42.7,21798,-61.2,-85.1,-80.4,  3,  6, 0.01,111, 7.6
2026-06-16 18:07:25,-101.8459,31.8490,  42.7,21804,-61.2,-85.1,-80.4,  3,  6, 0.01,111, 7.6
2026-06-16 18:07:26,-101.8459,31.8490,  42.6,21810,-61.2,-85.1,-80.4,  3,  6, 0.01,110, 7.5
2026-06-16 18:07:27,-101.8460,31.8490,  42.6,21816,-61.2,-85.1,-80.4,  3,  6, 0.01,110, 7.4
2026-06-16 18:07:28,-101.8461,31.8490,  42.5,21822,-61.2,-85.1,-80.4,  3,  6, 0.01,110, 7.3
2026-06-16 18:07:29,-101.8461,31.8491,  42.5,21828,-61.2,-85.1,-80.4,  3,  6, 0.01,110, 7.3
2026-06-16 18:07:30,-101.8462,31.8491,  42.5,21834,-61.2,-85.1,-80.4,  3,  6, 0.01,110, 7.2
2026-06-16 18:07:31,-101.8463,31.8491,  42.4,21838,-61.2,-85.1,-80.4,  3,  6, 0.01,109, 7.2
2026-06-16 18:07:32,-101.8463,31.8491,  42.4,21846,-61.2,-85.1,-80.4,  3,  6, 0.01,109, 7.1
2026-06-16 18:07:33,-101.8464,31.8491,  42.3,21851,-61.2,-85.1,-80.4,  3,  6, 0.01,109, 7.0
2026-06-16 18:07:34,-101.8465,31.8492,  42.3,21857,-61.2,-85.1,-80.3,  3,  6, 0.01,109, 6.9
2026-06-16 18:07:35,-101.8465,31.8492,  42.3,21862,-61.2,-85.1,-80.3,  3,  6, 0.01,109, 6.9
2026-06-16 18:07:36,-101.8466,31.8492,  42.2,21868,-61.2,-85.1,-80.3,  3,  6, 0.01,108, 6.8
2026-06-16 18:07:37,-101.8467,31.8492,  42.2,21874,-61.2,-85.1,-80.3,  3,  6, 0.01,108, 6.7
2026-06-16 18:07:38,-101.8467,31.8492,  42.2,21879,-61.2,-85.1,-80.3,  3,  6, 0.01,108, 6.7
2026-06-16 18:07:39,-101.8468,31.8492,  42.1,21885,-61.2,-85.1,-80.3,  3,  6, 0.01,108, 6.6
2026-06-16 18:07:40,-101.8469,31.8493,  42.1,21890,-61.2,-85.0,-80.3,  3,  6, 0.01,107, 6.5
2026-06-16 18:07:41,-101.8469,31.8493,  42.0,21895,-61.2,-85.0,-80.3,  3,  6, 0.01,107, 6.5
2026-06-16 18:07:42,-101.8470,31.8493,  42.0,21901,-61.2,-85.0,-80.3,  3,  6, 0.01,108, 6.5
2026-06-16 18:07:43,-101.8470,31.8493,  42.0,21906,-61.2,-85.0,-80.3,  3,  6, 0.01,108, 6.5
2026-06-16 18:07:44,-101.8471,31.8493,  41.9,21912,-61.2,-85.0,-80.3,  3,  6, 0.01,108, 6.5
2026-06-16 18:07:45,-101.8472,31.8493,  41.9,21917,-61.2,-85.0,-80.2,  3,  6, 0.01,108, 6.5
2026-06-16 18:07:46,-101.8472,31.8494,  41.9,21923,-61.2,-85.0,-80.2,  3,  6, 0.01,108, 6.5
2026-06-16 18:07:47,-101.8473,31.8494,  41.8,21929,-61.2,-85.0,-80.2,  3,  6, 0.01,108, 6.5
2026-06-16 18:07:48,-101.8474,31.8494,  41.8,21934,-61.2,-85.0,-80.2,  3,  6, 0.01,108, 6.5
2026-06-16 18:07:49,-101.8474,31.8494,  41.7,21940,-61.2,-85.0,-80.2,  3,  6, 0.01,108, 6.5
2026-06-16 18:07:50,-101.8475,31.8494,  41.7,21946,-61.3,-85.0,-80.2,  3,  6, 0.01,108, 6.5
2026-06-16 18:07:51,-101.8476,31.8495,  41.7,21952,-61.3,-85.0,-80.2,  3,  6, 0.01,108, 6.5
2026-06-16 18:07:52,-101.8476,31.8495,  41.6,21958,-61.3,-85.0,-80.2,  3,  6, 0.01,108, 6.5
2026-06-16 18:07:53,-101.8477,31.8495,  41.6,21964,-61.3,-85.0,-80.2,  3,  6, 0.01,108, 6.4
2026-06-16 18:07:54,-101.8478,31.8495,  41.5,21970,-61.3,-85.0,-80.2,  3,  6, 0.01,108, 6.4
2026-06-16 18:07:55,-101.8478,31.8495,  41.5,21975,-61.3,-85.0,-80.2,  3,  6, 0.01,108, 6.4
2026-06-16 18:07:56,-101.8479,31.8495,  41.5,21981,-61.3,-85.0,-80.2,  3,  6, 0.01,108, 6.4
2026-06-16 18:07:57,-101.8480,31.8496,  41.4,21987,-61.3,-85.0,-80.2,  3,  6, 0.01,109, 6.4
2026-06-16 18:07:58,-101.8480,31.8496,  41.4,21993,-61.3,-85.0,-80.2,  3,  6, 0.01,109, 6.4
2026-06-16 18:07:59,-101.8481,31.8496,  41.3,21999,-61.3,-85.0,-80.2,  3,  6, 0.01,109, 6.4
2026-06-16 18:08:00,-101.8482,31.8496,  41.3,22005,-61.3,-85.0,-80.3,  3,  6, 0.01,109, 6.4
2026-06-16 18:08:01,-101.8482,31.8496,  41.3,22010,-61.3,-85.0,-80.3,  3,  6, 0.01,109, 6.4
2026-06-16 18:08:02,-101.8483,31.8496,  41.2,22016,-61.3,-85.0,-80.3,  3,  6, 0.01,108, 6.4
2026-06-16 18:08:03,-101.8484,31.8496,  41.2,22021,-61.4,-85.0,-80.3,  3,  6, 0.01,108, 6.4
2026-06-16 18:08:04,-101.8484,31.8496,  41.2,22027,-61.4,-85.0,-80.3,  3,  6, 0.01,108, 6.4
2026-06-16 18:08:05,-101.8485,31.8496,  41.1,22032,-61.4,-85.1,-80.3,  3,  6, 0.01,108, 6.4
2026-06-16 18:08:06,-101.8486,31.8497,  41.1,22037,-61.4,-85.1,-80.3,  3,  6, 0.01,107, 6.4
2026-06-16 18:08:07,-101.8487,31.8497,  41.1,22043,-61.4,-85.1,-80.3,  3,  6, 0.01,107, 6.4
2026-06-16 18:08:08,-101.8487,31.8497,  41.0,22049,-61.4,-85.1,-80.3,  3,  6, 0.01,107, 6.3
2026-06-16 18:08:09,-101.8488,31.8497,  41.0,22055,-61.5,-85.1,-80.3,  3,  6, 0.01,107, 6.3
2026-06-16 18:08:10,-101.8489,31.8497,  40.9,22060,-61.5,-85.1,-80.3,  3,  6, 0.01,107, 6.3
2026-06-16 18:08:11,-101.8489,31.8497,  40.9,22066,-61.5,-85.1,-80.3,  3,  6, 0.01,106, 6.3
2026-06-16 18:08:12,-101.8490,31.8497,  40.9,22072,-61.5,-85.1,-80.3,  3,  6, 0.01,106, 6.3
2026-06-16 18:08:13,-101.8491,31.8497,  40.8,22078,-61.5,-85.1,-80.3,  3,  6, 0.01,106, 6.3
2026-06-16 18:08:14,-101.8491,31.8497,  40.8,22083,-61.5,-85.1,-80.3,  3,  6, 0.01,106, 6.3
2026-06-16 18:08:15,-101.8492,31.8498,  40.8,22089,-61.6,-85.1,-80.3,  3,  6, 0.01,105, 6.3
2026-06-16 18:08:16,-101.8493,31.8498,  40.7,22094,-61.6,-85.1,-80.4,  3,  6, 0.01,105, 6.3
2026-06-16 18:08:17,-101.8493,31.8498,  40.7,22100,-61.6,-85.1,-80.4,  3,  6, 0.01,105, 6.3
2026-06-16 18:08:18,-101.8494,31.8498,  40.6,22106,-61.6,-85.1,-80.4,  3,  6, 0.01,105, 6.3
2026-06-16 18:08:19,-101.8495,31.8498,  40.6,22111,-61.6,-85.1,-80.4,  3,  6, 0.01,104, 6.3
2026-06-16 18:08:20,-101.8496,31.8498,  40.6,22117,-61.6,-85.2,-80.4,  3,  6, 0.01,104, 6.3
2026-06-16 18:08:21,-101.8496,31.8498,  40.5,22122,-61.6,-85.2,-80.4,  3,  6, 0.01,103, 6.4
2026-06-16 18:08:22,-101.8497,31.8498,  40.5,22128,-61.7,-85.2,-80.4,  3,  6, 0.01,102, 6.5
2026-06-16 18:08:23,-101.8498,31.8499,  40.5,22133,-61.7,-85.2,-80.4,  3,  6, 0.01,101, 6.6
2026-06-16 18:08:24,-101.8498,31.8499,  40.4,22139,-61.7,-85.2,-80.4,  3,  6, 0.01,100, 6.8
2026-06-16 18:08:25,-101.8499,31.8499,  40.4,22145,-61.7,-85.2,-80.5,  3,  6, 0.01, 99, 6.9
2026-06-16 18:08:26,-101.8500,31.8499,  40.3,22151,-61.7,-85.2,-80.5,  3,  6, 0.01, 98, 7.0
2026-06-16 18:08:27,-101.8501,31.8499,  40.3,22156,-61.7,-85.2,-80.5,  3,  6, 0.01, 97, 7.1
2026-06-16 18:08:28,-101.8502,31.8499,  40.3,22162,-61.7,-85.2,-80.5,  3,  6, 0.01, 97, 7.3
2026-06-16 18:08:29,-101.8503,31.8499,  40.2,22168,-61.7,-85.2,-80.5,  3,  6, 0.01, 96, 7.4
2026-06-16 18:08:30,-101.8504,31.8499,  40.2,22173,-61.7,-85.2,-80.5,  3,  6, 0.01, 95, 7.5
2026-06-16 18:08:31,-101.8505,31.8499,  40.2,22179,-61.7,-85.2,-80.5,  3,  6, 0.01, 94, 7.7
2026-06-16 18:08:32,-101.8506,31.8499,  40.1,22184,-61.7,-85.2,-80.5,  3,  6, 0.01, 94, 7.8
2026-06-16 18:08:33,-101.8507,31.8499,  40.1,22189,-61.7,-85.2,-80.5,  3,  6, 0.01, 93, 8.0
2026-06-16 18:08:34,-101.8509,31.8499,  40.1,22195,-61.7,-85.2,-80.5,  3,  6, 0.01, 92, 8.1
2026-06-16 18:08:35,-101.8510,31.8499,  40.0,22200,-61.7,-85.2,-80.5,  3,  6, 0.01, 92, 8.2
2026-06-16 18:08:36,-101.8511,31.8499,  40.0,22206,-61.8,-85.2,-80.5,  3,  6, 0.01, 91, 8.4
2026-06-16 18:08:37,-101.8512,31.8499,  40.0,22211,-61.8,-85.2,-80.5,  3,  6, 0.01, 90, 8.5
2026-06-16 18:08:38,-101.8513,31.8499,  39.9,22217,-61.8,-85.2,-80.5,  3,  6, 0.01, 90, 8.7
2026-06-16 18:08:39,-101.8514,31.8499,  39.9,22222,-61.8,-85.2,-80.5,  3,  6, 0.01, 89, 8.8
2026-06-16 18:08:40,-101.8515,31.8499,  39.9,22227,-61.8,-85.2,-80.5,  3,  6, 0.01, 89, 9.0
2026-06-16 18:08:41,-101.8516,31.8499,  39.8,22233,-61.8,-85.2,-80.5,  3,  6, 0.01, 89, 9.1
2026-06-16 18:08:42,-101.8517,31.8499,  39.8,22238,-61.8,-85.2,-80.5,  3,  6, 0.01, 89, 9.2
2026-06-16 18:08:43,-101.8518,31.8499,  39.7,22244,-61.8,-85.2,-80.5,  3,  6, 0.01, 89, 9.3
2026-06-16 18:08:44,-101.8519,31.8499,  39.7,22249,-61.8,-85.2,-80.5,  3,  6, 0.01, 90, 9.4
2026-06-16 18:08:45,-101.8521,31.8499,  39.7,22254,-61.8,-85.2,-80.5,  3,  6, 0.01, 90, 9.5
2026-06-16 18:08:46,-101.8522,31.8499,  39.6,22259,-61.8,-85.2,-80.5,  3,  6, 0.01, 90, 9.6
2026-06-16 18:08:47,-101.8523,31.8499,  39.6,22265,-61.8,-85.2,-80.5,  3,  6, 0.01, 90, 9.7
2026-06-16 18:08:48,-101.8524,31.8499,  39.6,22270,-61.8,-85.2,-80.5,  3,  6, 0.01, 90, 9.9
2026-06-16 18:08:49,-101.8525,31.8499,  39.5,22275,-61.8,-85.2,-80.5,  3,  6, 0.01, 91,10.0
2026-06-16 18:08:50,-101.8526,31.8499,  39.5,22280,-61.8,-85.2,-80.5,  3,  6, 0.01, 91,10.1
2026-06-16 18:08:51,-101.8527,31.8499,  39.5,22287,-61.8,-85.2,-80.5,  3,  6, 0.01, 91,10.2
2026-06-16 18:08:52,-101.8528,31.8499,  39.4,22291,-61.8,-85.2,-80.4,  3,  6, 0.01, 91,10.3
2026-06-16 18:08:53,-101.8529,31.8499,  39.4,22297,-61.8,-85.2,-80.4,  3,  6, 0.01, 91,10.4
2026-06-16 18:08:54,-101.8530,31.8499,  39.4,22303,-61.8,-85.2,-80.4,  3,  6, 0.01, 92,10.5
2026-06-16 18:08:55,-101.8531,31.8499,  39.3,22309,-61.7,-85.2,-80.4,  3,  6, 0.01, 92,10.7
2026-06-16 18:08:56,-101.8532,31.8499,  39.3,22314,-61.7,-85.2,-80.4,  3,  6, 0.01, 92,10.8
2026-06-16 18:08:57,-101.8533,31.8500,  39.3,22320,-61.7,-85.2,-80.4,  3,  6, 0.01, 92,10.9
2026-06-16 18:08:58,-101.8534,31.8500,  39.2,22325,-61.7,-85.2,-80.4,  3,  6, 0.01, 92,11.0
2026-06-16 18:08:59,-101.8535,31.8500,  39.2,22331,-61.7,-85.2,-80.4,  3,  6, 0.01, 92,11.1
2026-06-16 18:09:00,-101.8536,31.8500,  39.2,22336,-61.7,-85.1,-80.4,  3,  6, 0.01, 93,11.2
2026-06-16 18:09:01,-101.8537,31.8501,  39.1,22342,-61.7,-85.1,-80.4,  3,  6, 0.01, 93,11.2
2026-06-16 18:09:02,-101.8538,31.8501,  39.1,22347,-61.7,-85.1,-80.4,  3,  6, 0.01, 94,11.1
2026-06-16 18:09:03,-101.8539,31.8501,  39.1,22353,-61.7,-85.1,-80.3,  3,  6, 0.01, 95,11.0
2026-06-16 18:09:04,-101.8540,31.8502,  39.0,22359,-61.7,-85.1,-80.3,  3,  6, 0.01, 95,10.9
2026-06-16 18:09:05,-101.8541,31.8502,  39.0,22364,-61.7,-85.1,-80.3,  3,  6, 0.01, 96,10.9
2026-06-16 18:09:06,-101.8542,31.8502,  38.9,22370,-61.7,-85.1,-80.3,  3,  6, 0.01, 97,10.8
2026-06-16 18:09:07,-101.8543,31.8502,  38.9,22376,-61.7,-85.1,-80.3,  3,  6, 0.01, 97,10.7
2026-06-16 18:09:08,-101.8544,31.8503,  38.9,22381,-61.7,-85.0,-80.3,  3,  6, 0.01, 98,10.7
2026-06-16 18:09:09,-101.8545,31.8503,  38.8,22386,-61.7,-85.0,-80.3,  3,  6, 0.01, 99,10.6
2026-06-16 18:09:10,-101.8546,31.8503,  38.8,22392,-61.6,-85.0,-80.2,  3,  6, 0.01, 99,10.6
2026-06-16 18:09:11,-101.8547,31.8504,  38.8,22397,-61.6,-85.0,-80.2,  3,  6, 0.01,100,10.5
2026-06-16 18:09:12,-101.8548,31.8504,  38.7,22402,-61.6,-85.0,-80.2,  3,  6, 0.01,101,10.4
2026-06-16 18:09:13,-101.8549,31.8504,  38.7,22407,-61.6,-85.0,-80.2,  3,  6, 0.01,101,10.4
2026-06-16 18:09:14,-101.8550,31.8504,  38.7,22413,-61.6,-84.9,-80.2,  3,  6, 0.01,102,10.3
2026-06-16 18:09:15,-101.8551,31.8505,  38.6,22418,-61.6,-84.9,-80.2,  3,  6, 0.01,103,10.3
2026-06-16 18:09:16,-101.8552,31.8505,  38.6,22424,-61.6,-84.9,-80.1,  3,  6, 0.01,104,10.2
2026-06-16 18:09:17,-101.8553,31.8505,  38.6,22429,-61.6,-84.9,-80.1,  3,  6, 0.01,104,10.2
2026-06-16 18:09:18,-101.8554,31.8506,  38.5,22435,-61.6,-84.9,-80.1,  3,  6, 0.01,105,10.1
2026-06-16 18:09:19,-101.8555,31.8506,  38.5,22440,-61.5,-84.8,-80.1,  3,  6, 0.01,106,10.1
2026-06-16 18:09:20,-101.8556,31.8506,  38.5,22446,-61.5,-84.8,-80.1,  3,  6, 0.01,107,10.0
2026-06-16 18:09:21,-101.8557,31.8506,  38.4,22452,-61.5,-84.8,-80.0,  3,  6, 0.01,107, 9.9
2026-06-16 18:09:22,-101.8557,31.8507,  38.4,22458,-61.5,-84.8,-80.0,  3,  6, 0.01,108, 9.8
2026-06-16 18:09:23,-101.8559,31.8507,  38.4,22463,-61.5,-84.8,-80.0,  3,  6, 0.01,109, 9.7
2026-06-16 18:09:24,-101.8560,31.8507,  38.3,22469,-61.5,-84.8,-80.0,  3,  6, 0.01,110, 9.6
2026-06-16 18:09:25,-101.8560,31.8507,  38.3,22475,-61.5,-84.8,-80.0,  3,  6, 0.01,111, 9.4
2026-06-16 18:09:26,-101.8561,31.8508,  38.2,22481,-61.5,-84.8,-80.0,  3,  6, 0.01,112, 9.4
2026-06-16 18:09:27,-101.8562,31.8508,  38.2,22487,-61.5,-84.8,-80.0,  3,  6, 0.01,113, 9.3
2026-06-16 18:09:28,-101.8563,31.8508,  38.2,22493,-61.4,-84.8,-80.0,  3,  6, 0.01,113, 9.2
2026-06-16 18:09:29,-101.8563,31.8509,  38.1,22499,-61.4,-84.8,-80.0,  3,  6, 0.01,114, 9.1
2026-06-16 18:09:30,-101.8564,31.8509,  38.1,22505,-61.4,-84.8,-80.0,  3,  6, 0.01,115, 9.0
2026-06-16 18:09:31,-101.8564,31.8509,  38.1,22511,-61.4,-84.8,-80.0,  3,  6, 0.01,116, 8.9
2026-06-16 18:09:32,-101.8565,31.8510,  38.0,22517,-61.4,-84.8,-80.1,  3,  6, 0.01,117, 8.8
2026-06-16 18:09:33,-101.8565,31.8510,  38.0,22523,-61.4,-84.8,-80.1,  3,  6, 0.01,118, 8.7
2026-06-16 18:09:34,-101.8566,31.8510,  38.0,22529,-61.4,-84.8,-80.1,  3,  6, 0.01,119, 8.6
2026-06-16 18:09:35,-101.8566,31.8511,  37.9,22535,-61.4,-84.8,-80.1,  3,  6, 0.01,121, 8.5
2026-06-16 18:09:36,-101.8567,31.8511,  37.9,22541,-61.4,-84.8,-80.1,  3,  6, 0.01,122, 8.4
2026-06-16 18:09:37,-101.8567,31.8512,  37.8,22547,-61.4,-84.8,-80.1,  3,  6, 0.01,123, 8.2
2026-06-16 18:09:38,-101.8567,31.8512,  37.8,22553,-61.4,-84.9,-80.1,  3,  6, 0.01,124, 8.1
2026-06-16 18:09:39,-101.8568,31.8512,  37.8,22559,-61.3,-84.9,-80.1,  3,  6, 0.01,125, 8.1
2026-06-16 18:09:40,-101.8568,31.8513,  37.7,22565,-61.3,-84.9,-80.1,  3,  6, 0.01,126, 8.0
2026-06-16 18:09:41,-101.8569,31.8513,  37.7,22570,-61.3,-84.9,-80.1,  3,  6, 0.01,127, 7.8
2026-06-16 18:09:42,-101.8569,31.8513,  37.7,22576,-61.3,-84.9,-80.1,  3,  6, 0.01,127, 7.6
2026-06-16 18:09:43,-101.8570,31.8514,  37.6,22582,-61.3,-84.9,-80.1,  3,  6, 0.01,127, 7.4
2026-06-16 18:09:44,-101.8570,31.8514,  37.6,22588,-61.3,-84.9,-80.1,  3,  6, 0.01,127, 7.3
2026-06-16 18:09:45,-101.8571,31.8514,  37.6,22594,-61.3,-84.9,-80.1,  3,  6, 0.01,128, 7.1
2026-06-16 18:09:46,-101.8571,31.8515,  37.5,22600,-61.3,-84.9,-80.1,  3,  6, 0.01,128, 6.9
2026-06-16 18:09:47,-101.8571,31.8515,  37.5,22606,-61.3,-84.9,-80.1,  3,  6, 0.01,128, 6.7
2026-06-16 18:09:48,-101.8572,31.8515,  37.5,22612,-61.3,-84.9,-80.1,  3,  6, 0.01,129, 6.5
2026-06-16 18:09:49,-101.8572,31.8516,  37.4,22618,-61.3,-84.9,-80.1,  3,  6, 0.01,129, 6.3
2026-06-16 18:09:50,-101.8573,31.8516,  37.4,22624,-61.2,-84.9,-80.1,  3,  6, 0.01,129, 6.2
2026-06-16 18:09:51,-101.8573,31.8516,  37.3,22630,-61.2,-84.9,-80.1,  3,  6, 0.01,130, 6.0
2026-06-16 18:09:52,-101.8574,31.8517,  37.3,22636,-61.2,-84.8,-80.1,  3,  6, 0.01,130, 5.8
2026-06-16 18:09:53,-101.8574,31.8517,  37.3,22641,-61.2,-84.8,-80.1,  3,  6, 0.01,131, 5.6
2026-06-16 18:09:54,-101.8575,31.8517,  37.2,22646,-61.2,-84.8,-80.0,  3,  6, 0.01,131, 5.4
2026-06-16 18:09:55,-101.8575,31.8518,  37.2,22651,-61.2,-84.8,-80.0,  3,  6, 0.01,132, 5.3
2026-06-16 18:09:56,-101.8576,31.8518,  37.2,22656,-61.2,-84.8,-80.0,  3,  6, 0.01,132, 5.1
2026-06-16 18:09:57,-101.8576,31.8518,  37.1,22661,-61.2,-84.8,-80.0,  3,  6, 0.01,133, 4.9
2026-06-16 18:09:58,-101.8576,31.8519,  37.1,22666,-61.2,-84.7,-80.0,  3,  6, 0.01,134, 4.7
2026-06-16 18:09:59,-101.8577,31.8519,  37.1,22672,-61.1,-84.7,-80.0,  3,  6, 0.01,134, 4.5
2026-06-16 18:10:00,-101.8577,31.8519,  37.1,22678,-61.1,-84.7,-79.9,  3,  6, 0.01,135, 4.4
2026-06-16 18:10:01,-101.8577,31.8519,  37.0,22684,-61.1,-84.7,-79.9,  3,  6, 0.01,135, 4.3
2026-06-16 18:10:02,-101.8578,31.8519,  37.0,22690,-61.1,-84.6,-79.9,  3,  6, 0.01,134, 4.3
2026-06-16 18:10:03,-101.8578,31.8519,  36.9,22696,-61.0,-84.6,-79.8,  3,  6, 0.01,134, 4.2
2026-06-16 18:10:04,-101.8578,31.8519,  36.9,22702,-61.0,-84.6,-79.8,  3,  6, 0.01,133, 4.1
2026-06-16 18:10:05,-101.8578,31.8519,  36.9,22708,-61.0,-84.6,-79.8,  3,  6, 0.01,133, 4.1
2026-06-16 18:10:06,-101.8579,31.8520,  36.8,22714,-61.0,-84.6,-79.8,  3,  6, 0.01,132, 4.0
2026-06-16 18:10:07,-101.8579,31.8520,  36.8,22719,-60.9,-84.6,-79.8,  3,  6, 0.01,132, 4.0
2026-06-16 18:10:08,-101.8579,31.8520,  36.8,22725,-60.9,-84.6,-79.8,  3,  6, 0.01,131, 3.9
2026-06-16 18:10:09,-101.8580,31.8520,  36.7,22731,-60.9,-84.6,-79.8,  3,  6, 0.01,131, 3.9
2026-06-16 18:10:10,-101.8580,31.8520,  36.7,22737,-60.9,-84.6,-79.8,  3,  6, 0.01,130, 3.8
2026-06-16 18:10:11,-101.8580,31.8520,  36.7,22743,-60.8,-84.5,-79.8,  3,  6, 0.01,130, 3.8
2026-06-16 18:10:12,-101.8581,31.8520,  36.6,22749,-60.8,-84.5,-79.8,  3,  6, 0.01,129, 3.7
2026-06-16 18:10:13,-101.8581,31.8520,  36.6,22755,-60.8,-84.5,-79.8,  3,  6, 0.01,129, 3.7
2026-06-16 18:10:14,-101.8581,31.8521,  36.6,22761,-60.7,-84.5,-79.8,  3,  6, 0.01,128, 3.6
2026-06-16 18:10:15,-101.8582,31.8521,  36.5,22767,-60.7,-84.5,-79.7,  3,  6, 0.01,127, 3.5
2026-06-16 18:10:16,-101.8582,31.8521,  36.5,22773,-60.7,-84.5,-79.7,  3,  6, 0.01,127, 3.5
2026-06-16 18:10:17,-101.8582,31.8521,  36.5,22779,-60.6,-84.5,-79.7,  3,  6, 0.01,126, 3.4
2026-06-16 18:10:18,-101.8583,31.8521,  36.4,22785,-60.6,-84.5,-79.7,  3,  6, 0.01,126, 3.4
2026-06-16 18:10:19,-101.8583,31.8521,  36.4,22790,-60.6,-84.5,-79.7,  3,  6, 0.01,125, 3.3
2026-06-16 18:10:20,-101.8583,31.8521,  36.4,22796,-60.5,-84.5,-79.7,  3,  6, 0.01,124, 3.3
2026-06-16 18:10:21,-101.8583,31.8521,  36.3,22802,-60.5,-84.5,-79.7,  3,  6, 0.01,122, 3.3
2026-06-16 18:10:22,-101.8584,31.8522,  36.3,22808,-60.5,-84.4,-79.7,  3,  6, 0.01,119, 3.4
2026-06-16 18:10:23,-101.8584,31.8522,  36.2,22814,-60.4,-84.4,-79.7,  3,  6, 0.01,117, 3.4
2026-06-16 18:10:24,-101.8584,31.8522,  36.2,22820,-60.4,-84.4,-79.7,  3,  6, 0.01,114, 3.4
2026-06-16 18:10:25,-101.8585,31.8522,  36.2,22826,-60.4,-84.4,-79.7,  3,  6, 0.01,111, 3.5
2026-06-16 18:10:26,-101.8585,31.8522,  36.1,22832,-60.3,-84.4,-79.6,  3,  6, 0.01,109, 3.5
2026-06-16 18:10:27,-101.8585,31.8522,  36.1,22838,-60.3,-84.4,-79.6,  3,  6, 0.01,106, 3.5
2026-06-16 18:10:28,-101.8586,31.8522,  36.1,22844,-60.2,-84.4,-79.6,  3,  6, 0.01,104, 3.6
2026-06-16 18:10:29,-101.8586,31.8522,  36.0,22851,-60.2,-84.3,-79.6,  3,  6, 0.01,101, 3.6
2026-06-16 18:10:30,-101.8587,31.8521,  36.0,22857,-60.1,-84.3,-79.6,  3,  5, 0.01, 99, 3.6
2026-06-16 18:10:31,-101.8587,31.8521,  36.0,22863,-60.1,-84.3,-79.5,  3,  5, 0.01, 96, 3.7
2026-06-16 18:10:32,-101.8588,31.8521,  35.9,22869,-60.0,-84.3,-79.5,  3,  5, 0.01, 94, 3.7
2026-06-16 18:10:33,-101.8588,31.8521,  35.9,22874,-60.0,-84.3,-79.5,  3,  5, 0.01, 92, 3.8
2026-06-16 18:10:34,-101.8589,31.8521,  35.9,22880,-59.9,-84.2,-79.5,  3,  5, 0.01, 90, 3.8
2026-06-16 18:10:35,-101.8589,31.8521,  35.8,22886,-59.9,-84.2,-79.5,  3,  5, 0.01, 88, 3.8
2026-06-16 18:10:36,-101.8589,31.8520,  35.8,22892,-59.8,-84.2,-79.4,  3,  5, 0.01, 86, 3.9
2026-06-16 18:10:37,-101.8590,31.8520,  35.8,22898,-59.8,-84.2,-79.4,  3,  5, 0.01, 84, 3.9
2026-06-16 18:10:38,-101.8590,31.8520,  35.7,22904,-59.7,-84.1,-79.4,  3,  5, 0.01, 82, 3.9
2026-06-16 18:10:39,-101.8591,31.8520,  35.7,22911,-59.7,-84.1,-79.4,  3,  5, 0.01, 80, 4.0
2026-06-16 18:10:40,-101.8591,31.8520,  35.7,22917,-59.6,-84.1,-79.3,  3,  5, 0.01, 78, 4.0
2026-06-16 18:10:41,-101.8592,31.8519,  35.6,22923,-59.6,-84.1,-79.3,  3,  5, 0.01, 77, 4.0
2026-06-16 18:10:42,-101.8592,31.8519,  35.6,22930,-59.5,-84.0,-79.3,  3,  5, 0.01, 76, 4.1
2026-06-16 18:10:43,-101.8593,31.8519,  35.6,22936,-59.5,-84.0,-79.2,  3,  5, 0.01, 75, 4.2
2026-06-16 18:10:44,-101.8593,31.8519,  35.5,22941,-59.4,-84.0,-79.2,  3,  5, 0.01, 74, 4.2
2026-06-16 18:10:45,-101.8594,31.8519,  35.5,22947,-59.4,-83.9,-79.2,  3,  5, 0.01, 72, 4.3
2026-06-16 18:10:46,-101.8594,31.8518,  35.5,22953,-59.3,-83.9,-79.1,  3,  5, 0.01, 71, 4.4
2026-06-16 18:10:47,-101.8594,31.8518,  35.4,22959,-59.3,-83.8,-79.1,  3,  5, 0.01, 70, 4.5
2026-06-16 18:10:48,-101.8595,31.8518,  35.4,22965,-59.2,-83.8,-79.0,  3,  5, 0.01, 69, 4.5
2026-06-16 18:10:49,-101.8595,31.8518,  35.4,22971,-59.2,-83.8,-79.0,  3,  5, 0.01, 69, 4.6
2026-06-16 18:10:50,-101.8596,31.8518,  35.3,22977,-59.1,-83.7,-79.0,  3,  5, 0.01, 68, 4.6
2026-06-16 18:10:51,-101.8596,31.8517,  35.3,22983,-59.0,-83.7,-78.9,  3,  5, 0.01, 67, 4.7
2026-06-16 18:10:52,-101.8597,31.8517,  35.3,22989,-59.0,-83.6,-78.9,  3,  5, 0.01, 66, 4.8
2026-06-16 18:10:53,-101.8597,31.8517,  35.2,22995,-58.9,-83.6,-78.8,  3,  5, 0.01, 65, 4.8
2026-06-16 18:10:54,-101.8598,31.8517,  35.2,23001,-58.9,-83.6,-78.8,  3,  5, 0.01, 64, 4.9
2026-06-16 18:10:55,-101.8598,31.8517,  35.1,23007,-58.8,-83.5,-78.7,  3,  5, 0.01, 63, 4.9
2026-06-16 18:10:56,-101.8599,31.8516,  35.1,23013,-58.8,-83.5,-78.7,  3,  5, 0.01, 63, 5.0
2026-06-16 18:10:57,-101.8599,31.8516,  35.1,23019,-58.7,-83.4,-78.7,  3,  5, 0.01, 62, 5.1
2026-06-16 18:10:58,-101.8599,31.8516,  35.0,23025,-58.7,-83.4,-78.6,  3,  5, 0.01, 61, 5.2
2026-06-16 18:10:59,-101.8600,31.8516,  35.0,23031,-58.6,-83.3,-78.6,  3,  5, 0.01, 60, 5.2
2026-06-16 18:11:00,-101.8600,31.8516,  35.0,23037,-58.6,-83.3,-78.5,  3,  5, 0.01, 60, 5.3
2026-06-16 18:11:01,-101.8601,31.8515,  34.9,23043,-58.5,-83.3,-78.5,  3,  5, 0.01, 59, 5.3
2026-06-16 18:11:02,-101.8601,31.8515,  34.9,23049,-58.5,-83.2,-78.5,  3,  5, 0.01, 58, 5.2
2026-06-16 18:11:03,-101.8601,31.8515,  34.9,23055,-58.4,-83.2,-78.4,  3,  5, 0.01, 57, 5.2
2026-06-16 18:11:04,-101.8602,31.8515,  34.9,23061,-58.3,-83.1,-78.4,  3,  5, 0.01, 57, 5.2
2026-06-16 18:11:05,-101.8602,31.8514,  34.8,23066,-58.3,-83.1,-78.3,  3,  5, 0.01, 56, 5.2
2026-06-16 18:11:06,-101.8603,31.8514,  34.8,23072,-58.2,-83.0,-78.3,  3,  5, 0.01, 55, 5.1
2026-06-16 18:11:07,-101.8603,31.8514,  34.8,23078,-58.2,-83.0,-78.2,  3,  5, 0.01, 54, 5.1
2026-06-16 18:11:08,-101.8603,31.8513,  34.7,23083,-58.1,-83.0,-78.2,  3,  5, 0.01, 53, 5.1
2026-06-16 18:11:09,-101.8604,31.8513,  34.7,23089,-58.1,-82.9,-78.2,  3,  5, 0.01, 53, 5.1
2026-06-16 18:11:10,-101.8604,31.8513,  34.7,23095,-58.0,-82.9,-78.1,  3,  5, 0.01, 52, 5.1
2026-06-16 18:11:11,-101.8604,31.8513,  34.6,23101,-58.0,-82.9,-78.1,  3,  5, 0.01, 51, 5.1
2026-06-16 18:11:12,-101.8605,31.8512,  34.6,23107,-57.9,-82.8,-78.1,  3,  5, 0.01, 50, 5.0
2026-06-16 18:11:13,-101.8605,31.8512,  34.6,23113,-57.9,-82.8,-78.0,  3,  5, 0.01, 49, 5.0
2026-06-16 18:11:14,-101.8605,31.8512,  34.5,23119,-57.8,-82.8,-78.0,  3,  5, 0.01, 48, 5.0
2026-06-16 18:11:15,-101.8606,31.8511,  34.5,23126,-57.8,-82.8,-78.0,  3,  5, 0.01, 48, 4.9
2026-06-16 18:11:16,-101.8606,31.8511,  34.5,23132,-57.7,-82.7,-78.0,  3,  5, 0.01, 47, 4.9
2026-06-16 18:11:17,-101.8607,31.8511,  34.4,23138,-57.7,-82.7,-77.9,  3,  5, 0.01, 46, 4.9
2026-06-16 18:11:18,-101.8607,31.8511,  34.4,23143,-57.6,-82.7,-77.9,  3,  5, 0.01, 45, 4.9
2026-06-16 18:11:19,-101.8607,31.8510,  34.4,23149,-57.6,-82.7,-77.9,  3,  5, 0.01, 44, 4.9
2026-06-16 18:11:20,-101.8608,31.8510,  34.3,23155,-57.5,-82.6,-77.9,  3,  5, 0.01, 43, 4.9
2026-06-16 18:11:21,-101.8608,31.8510,  34.3,23161,-57.5,-82.6,-77.9,  3,  5, 0.01, 44, 4.8
2026-06-16 18:11:22,-101.8608,31.8509,  34.3,23167,-57.5,-82.6,-77.8,  3,  5, 0.01, 44, 4.8
2026-06-16 18:11:23,-101.8609,31.8509,  34.2,23172,-57.4,-82.6,-77.8,  3,  5, 0.01, 44, 4.7
2026-06-16 18:11:24,-101.8609,31.8509,  34.2,23178,-57.4,-82.5,-77.8,  3,  5, 0.01, 45, 4.7
2026-06-16 18:11:25,-101.8609,31.8509,  34.2,23184,-57.3,-82.5,-77.7,  3,  5, 0.01, 45, 4.7
2026-06-16 18:11:26,-101.8610,31.8508,  34.1,23189,-57.3,-82.5,-77.7,  3,  5, 0.01, 45, 4.6
2026-06-16 18:11:27,-101.8610,31.8508,  34.1,23195,-57.2,-82.4,-77.7,  3,  5, 0.01, 46, 4.6
2026-06-16 18:11:28,-101.8611,31.8508,  34.1,23200,-57.2,-82.4,-77.6,  3,  5, 0.01, 46, 4.5
2026-06-16 18:11:29,-101.8611,31.8507,  34.1,23206,-57.1,-82.4,-77.6,  3,  5, 0.01, 46, 4.5
2026-06-16 18:11:30,-101.8611,31.8507,  34.0,23212,-57.1,-82.3,-77.6,  3,  5, 0.01, 47, 4.5
2026-06-16 18:11:31,-101.8612,31.8507,  34.0,23217,-57.0,-82.3,-77.5,  3,  5, 0.01, 47, 4.4
2026-06-16 18:11:32,-101.8612,31.8507,  34.0,23223,-57.0,-82.3,-77.5,  3,  5, 0.01, 47, 4.4
2026-06-16 18:11:33,-101.8612,31.8506,  33.9,23229,-56.9,-82.2,-77.5,  3,  5, 0.02, 48, 4.3
2026-06-16 18:11:34,-101.8613,31.8506,  33.9,23235,-56.9,-82.2,-77.4,  3,  5, 0.02, 48, 4.3
2026-06-16 18:11:35,-101.8613,31.8506,  33.9,23241,-56.9,-82.2,-77.4,  3,  5, 0.02, 49, 4.3
2026-06-16 18:11:36,-101.8613,31.8505,  33.8,23247,-56.8,-82.1,-77.4,  3,  5, 0.02, 49, 4.2
2026-06-16 18:11:37,-101.8614,31.8505,  33.8,23255,-56.8,-82.1,-77.4,  3,  5, 0.02, 49, 4.2
2026-06-16 18:11:38,-101.8614,31.8505,  33.8,23259,-56.7,-82.1,-77.3,  3,  5, 0.02, 50, 4.1
2026-06-16 18:11:39,-101.8614,31.8505,  33.7,23265,-56.7,-82.0,-77.3,  3,  5, 0.02, 50, 4.1
2026-06-16 18:11:40,-101.8615,31.8504,  33.7,23271,-56.7,-82.0,-77.2,  3,  5, 0.02, 51, 4.1
2026-06-16 18:11:41,-101.8615,31.8504,  33.7,23277,-56.6,-81.9,-77.2,  3,  5, 0.02, 50, 4.1
2026-06-16 18:11:42,-101.8615,31.8504,  33.6,23283,-56.6,-81.9,-77.1,  3,  5, 0.02, 49, 4.0
2026-06-16 18:11:43,-101.8615,31.8504,  33.6,23289,-56.5,-81.8,-77.1,  3,  5, 0.02, 49, 4.0
2026-06-16 18:11:44,-101.8616,31.8503,  33.6,23295,-56.5,-81.8,-77.0,  3,  5, 0.02, 48, 4.0
2026-06-16 18:11:45,-101.8616,31.8503,  33.5,23301,-56.4,-81.7,-77.0,  3,  5, 0.02, 47, 4.0
2026-06-16 18:11:46,-101.8616,31.8503,  33.5,23307,-56.4,-81.7,-76.9,  3,  5, 0.02, 47, 4.0
2026-06-16 18:11:47,-101.8617,31.8503,  33.5,23313,-56.4,-81.7,-76.9,  3,  5, 0.02, 46, 4.0
2026-06-16 18:11:48,-101.8617,31.8502,  33.5,23319,-56.3,-81.6,-76.9,  3,  5, 0.02, 46, 4.0
2026-06-16 18:11:49,-101.8617,31.8502,  33.4,23325,-56.3,-81.6,-76.8,  3,  5, 0.02, 45, 4.0
2026-06-16 18:11:50,-101.8618,31.8502,  33.4,23331,-56.3,-81.5,-76.8,  3,  5, 0.02, 44, 4.0
2026-06-16 18:11:51,-101.8618,31.8501,  33.4,23338,-56.2,-81.5,-76.7,  3,  5, 0.02, 44, 4.0
2026-06-16 18:11:52,-101.8618,31.8501,  33.3,23344,-56.2,-81.4,-76.7,  3,  5, 0.02, 43, 4.0
2026-06-16 18:11:53,-101.8619,31.8501,  33.3,23350,-56.1,-81.4,-76.7,  3,  5, 0.02, 42, 4.0
2026-06-16 18:11:54,-101.8619,31.8501,  33.3,23356,-56.1,-81.4,-76.6,  3,  5, 0.02, 42, 4.0
2026-06-16 18:11:55,-101.8619,31.8500,  33.2,23362,-56.1,-81.3,-76.6,  3,  5, 0.02, 41, 4.0
2026-06-16 18:11:56,-101.8619,31.8500,  33.2,23368,-56.0,-81.3,-76.6,  3,  5, 0.02, 40, 4.0
2026-06-16 18:11:57,-101.8620,31.8500,  33.2,23374,-56.0,-81.3,-76.5,  3,  5, 0.02, 40, 4.0
2026-06-16 18:11:58,-101.8620,31.8500,  33.1,23380,-56.0,-81.3,-76.5,  3,  5, 0.02, 39, 4.0
2026-06-16 18:11:59,-101.8620,31.8499,  33.1,23386,-55.9,-81.2,-76.5,  3,  5, 0.02, 38, 4.0
2026-06-16 18:12:00,-101.8621,31.8499,  33.1,23392,-55.9,-81.2,-76.4,  3,  5, 0.02, 38, 4.0
2026-06-16 18:12:01,-101.8621,31.8499,  33.0,23398,-55.9,-81.2,-76.4,  3,  5, 0.02, 40, 4.1
2026-06-16 18:12:02,-101.8621,31.8499,  33.0,23403,-55.8,-81.1,-76.4,  3,  5, 0.02, 42, 4.3
2026-06-16 18:12:03,-101.8622,31.8498,  33.0,23409,-55.8,-81.1,-76.4,  3,  5, 0.02, 43, 4.5
2026-06-16 18:12:04,-101.8623,31.8498,  33.0,23415,-55.7,-81.1,-76.3,  3,  5, 0.02, 45, 4.6
2026-06-16 18:12:05,-101.8624,31.8498,  32.9,23421,-55.7,-81.1,-76.3,  3,  5, 0.02, 46, 4.7
2026-06-16 18:12:06,-101.8624,31.8498,  32.9,23427,-55.7,-81.0,-76.3,  3,  5, 0.02, 48, 4.9
2026-06-16 18:12:07,-101.8625,31.8497,  32.9,23433,-55.6,-81.0,-76.2,  3,  5, 0.02, 49, 5.0
2026-06-16 18:12:08,-101.8626,31.8497,  32.8,23439,-55.6,-81.0,-76.2,  3,  5, 0.02, 51, 5.1
2026-06-16 18:12:09,-101.8627,31.8497,  32.8,23445,-55.6,-80.9,-76.2,  3,  5, 0.02, 52, 5.3
2026-06-16 18:12:10,-101.8627,31.8497,  32.8,23451,-55.5,-80.9,-76.2,  3,  5, 0.02, 53, 5.4
2026-06-16 18:12:11,-101.8628,31.8497,  32.7,23457,-55.5,-80.9,-76.1,  3,  5, 0.02, 54, 5.6
2026-06-16 18:12:12,-101.8629,31.8496,  32.7,23463,-55.5,-80.9,-76.1,  3,  5, 0.02, 55, 5.7
2026-06-16 18:12:13,-101.8629,31.8496,  32.7,23469,-55.4,-80.8,-76.1,  3,  5, 0.02, 56, 5.8
2026-06-16 18:12:14,-101.8630,31.8496,  32.6,23475,-55.4,-80.8,-76.1,  3,  5, 0.02, 57, 6.0
2026-06-16 18:12:15,-101.8631,31.8496,  32.6,23481,-55.4,-80.8,-76.0,  3,  5, 0.02, 58, 6.1
2026-06-16 18:12:16,-101.8632,31.8495,  32.6,23487,-55.4,-80.8,-76.0,  3,  5, 0.02, 59, 6.3
2026-06-16 18:12:17,-101.8632,31.8495,  32.6,23493,-55.3,-80.8,-76.0,  3,  5, 0.02, 60, 6.3
2026-06-16 18:12:18,-101.8633,31.8495,  32.5,23499,-55.3,-80.7,-76.0,  3,  5, 0.02, 61, 6.5
2026-06-16 18:12:19,-101.8634,31.8495,  32.5,23505,-55.3,-80.7,-75.9,  3,  5, 0.02, 61, 6.7
2026-06-16 18:12:20,-101.8635,31.8495,  32.5,23511,-55.3,-80.7,-75.9,  3,  5, 0.02, 62, 6.8
2026-06-16 18:12:21,-101.8635,31.8494,  32.4,23517,-55.2,-80.6,-75.9,  3,  5, 0.02, 63, 6.9
2026-06-16 18:12:22,-101.8636,31.8494,  32.4,23523,-55.2,-80.6,-75.8,  3,  5, 0.02, 64, 6.9
2026-06-16 18:12:23,-101.8637,31.8494,  32.4,23529,-55.2,-80.6,-75.8,  3,  5, 0.02, 65, 7.0
2026-06-16 18:12:24,-101.8638,31.8494,  32.3,23534,-55.1,-80.5,-75.8,  3,  5, 0.02, 66, 7.1
2026-06-16 18:12:25,-101.8638,31.8493,  32.3,23540,-55.1,-80.5,-75.7,  3,  5, 0.02, 67, 7.1
2026-06-16 18:12:26,-101.8639,31.8493,  32.3,23546,-55.1,-80.4,-75.7,  3,  5, 0.02, 68, 7.2
2026-06-16 18:12:27,-101.8640,31.8493,  32.3,23551,-55.1,-80.4,-75.7,  3,  5, 0.02, 69, 7.3
2026-06-16 18:12:28,-101.8641,31.8493,  32.2,23557,-55.1,-80.4,-75.6,  3,  5, 0.02, 70, 7.4
2026-06-16 18:12:29,-101.8641,31.8493,  32.2,23562,-55.1,-80.4,-75.6,  3,  5, 0.02, 70, 7.5
2026-06-16 18:12:30,-101.8642,31.8492,  32.2,23568,-55.0,-80.3,-75.6,  3,  5, 0.02, 71, 7.6
2026-06-16 18:12:31,-101.8643,31.8492,  32.1,23573,-55.0,-80.3,-75.6,  3,  5, 0.02, 72, 7.6
2026-06-16 18:12:32,-101.8643,31.8492,  32.1,23579,-55.0,-80.3,-75.6,  3,  5, 0.02, 73, 7.7
2026-06-16 18:12:33,-101.8644,31.8492,  32.1,23585,-55.0,-80.3,-75.5,  3,  5, 0.02, 74, 7.7
2026-06-16 18:12:34,-101.8645,31.8492,  32.1,23590,-55.0,-80.3,-75.5,  3,  5, 0.02, 74, 7.8
2026-06-16 18:12:35,-101.8646,31.8492,  32.0,23596,-55.0,-80.2,-75.5,  3,  5, 0.02, 75, 7.9
2026-06-16 18:12:36,-101.8647,31.8492,  32.0,23602,-55.0,-80.2,-75.5,  3,  5, 0.02, 76, 8.0
2026-06-16 18:12:37,-101.8647,31.8492,  32.0,23608,-54.9,-80.2,-75.5,  3,  5, 0.02, 77, 8.1
2026-06-16 18:12:38,-101.8648,31.8492,  31.9,23614,-54.9,-80.2,-75.4,  3,  5, 0.02, 77, 8.2
2026-06-16 18:12:39,-101.8649,31.8492,  31.9,23620,-54.9,-80.2,-75.4,  3,  5, 0.02, 78, 8.3
2026-06-16 18:12:40,-101.8650,31.8492,  31.9,23627,-54.9,-80.2,-75.4,  3,  5, 0.02, 79, 8.3
2026-06-16 18:12:41,-101.8650,31.8492,  31.8,23633,-54.9,-80.2,-75.4,  3,  5, 0.02, 79, 8.3
2026-06-16 18:12:42,-101.8651,31.8492,  31.8,23639,-54.9,-80.1,-75.4,  3,  5, 0.02, 80, 8.2
2026-06-16 18:12:43,-101.8652,31.8492,  31.8,23645,-54.9,-80.1,-75.4,  3,  5, 0.02, 81, 8.1
2026-06-16 18:12:44,-101.8653,31.8492,  31.8,23651,-54.9,-80.1,-75.4,  3,  5, 0.02, 81, 8.1
2026-06-16 18:12:45,-101.8653,31.8492,  31.7,23657,-54.9,-80.1,-75.4,  3,  5, 0.02, 82, 8.0
2026-06-16 18:12:46,-101.8654,31.8492,  31.7,23663,-54.9,-80.1,-75.3,  3,  5, 0.02, 83, 8.0
2026-06-16 18:12:47,-101.8655,31.8492,  31.7,23669,-54.9,-80.1,-75.3,  3,  5, 0.02, 83, 7.9
2026-06-16 18:12:48,-101.8656,31.8492,  31.6,23675,-54.9,-80.1,-75.3,  3,  5, 0.02, 84, 7.8
2026-06-16 18:12:49,-101.8657,31.8492,  31.6,23681,-54.8,-80.0,-75.3,  3,  5, 0.02, 85, 7.8
2026-06-16 18:12:50,-101.8657,31.8492,  31.6,23687,-54.8,-80.0,-75.3,  3,  5, 0.02, 85, 7.7
2026-06-16 18:12:51,-101.8658,31.8492,  31.6,23692,-54.8,-80.0,-75.3,  3,  5, 0.02, 86, 7.7
2026-06-16 18:12:52,-101.8659,31.8492,  31.5,23698,-54.8,-80.0,-75.2,  3,  5, 0.02, 87, 7.6
2026-06-16 18:12:53,-101.8660,31.8492,  31.5,23704,-54.8,-80.0,-75.2,  3,  5, 0.02, 88, 7.6
2026-06-16 18:12:54,-101.8660,31.8492,  31.5,23710,-54.8,-80.0,-75.2,  3,  5, 0.02, 88, 7.5
2026-06-16 18:12:55,-101.8661,31.8492,  31.4,23716,-54.8,-79.9,-75.2,  3,  5, 0.02, 89, 7.4
2026-06-16 18:12:56,-101.8662,31.8492,  31.4,23722,-54.8,-79.9,-75.2,  3,  6, 0.02, 90, 7.4
2026-06-16 18:12:57,-101.8663,31.8492,  31.4,23728,-54.8,-79.9,-75.2,  3,  6, 0.02, 91, 7.3
2026-06-16 18:12:58,-101.8663,31.8492,  31.3,23734,-54.8,-79.9,-75.1,  3,  6, 0.02, 92, 7.3
2026-06-16 18:12:59,-101.8664,31.8492,  31.3,23740,-54.8,-79.9,-75.1,  3,  6, 0.02, 92, 7.3
2026-06-16 18:13:00,-101.8665,31.8492,  31.3,23746,-54.8,-79.9,-75.1,  3,  6, 0.02, 93, 7.2
2026-06-16 18:13:01,-101.8666,31.8492,  31.3,23752,-54.8,-79.9,-75.1,  3,  6, 0.02, 94, 7.1
2026-06-16 18:13:02,-101.8667,31.8492,  31.2,23758,-54.8,-79.9,-75.1,  3,  6, 0.02, 95, 7.0
2026-06-16 18:13:03,-101.8667,31.8493,  31.2,23764,-54.8,-79.9,-75.1,  3,  6, 0.02, 96, 7.0
2026-06-16 18:13:04,-101.8668,31.8493,  31.2,23770,-54.8,-79.9,-75.1,  3,  6, 0.02, 97, 7.0
2026-06-16 18:13:05,-101.8668,31.8493,  31.1,23776,-54.8,-79.9,-75.1,  3,  6, 0.02, 98, 6.9
2026-06-16 18:13:06,-101.8669,31.8493,  31.1,23782,-54.8,-79.9,-75.1,  3,  6, 0.02, 99, 6.8
2026-06-16 18:13:07,-101.8670,31.8493,  31.1,23788,-54.8,-79.8,-75.1,  3,  6, 0.02,100, 6.8
2026-06-16 18:13:08,-101.8670,31.8494,  31.1,23794,-54.7,-79.8,-75.1,  3,  6, 0.02,102, 6.7
2026-06-16 18:13:09,-101.8671,31.8494,  31.0,23801,-54.7,-79.8,-75.1,  3,  6, 0.02,103, 6.6
2026-06-16 18:13:10,-101.8671,31.8494,  31.0,23807,-54.7,-79.8,-75.1,  3,  6, 0.02,104, 6.6
2026-06-16 18:13:11,-101.8672,31.8494,  31.0,23813,-54.7,-79.8,-75.1,  3,  6, 0.02,105, 6.5
2026-06-16 18:13:12,-101.8672,31.8495,  30.9,23820,-54.7,-79.8,-75.1,  3,  6, 0.02,106, 6.4
2026-06-16 18:13:13,-101.8673,31.8495,  30.9,23826,-54.7,-79.8,-75.1,  3,  6, 0.02,108, 6.4
2026-06-16 18:13:14,-101.8674,31.8495,  30.9,23832,-54.7,-79.8,-75.1,  3,  6, 0.02,109, 6.3
2026-06-16 18:13:15,-101.8674,31.8495,  30.8,23839,-54.7,-79.8,-75.1,  3,  6, 0.02,110, 6.3
2026-06-16 18:13:16,-101.8675,31.8495,  30.8,23845,-54.7,-79.8,-75.1,  3,  5, 0.02,111, 6.2
2026-06-16 18:13:17,-101.8675,31.8496,  30.8,23851,-54.7,-79.8,-75.1,  3,  5, 0.02,113, 6.1
2026-06-16 18:13:18,-101.8676,31.8496,  30.7,23858,-54.7,-79.8,-75.1,  3,  5, 0.02,114, 6.0
2026-06-16 18:13:19,-101.8677,31.8496,  30.7,23864,-54.7,-79.8,-75.1,  3,  5, 0.02,115, 6.0
2026-06-16 18:13:20,-101.8677,31.8496,  30.7,23871,-54.6,-79.8,-75.1,  3,  5, 0.02,117, 5.9
2026-06-16 18:13:21,-101.8678,31.8497,  30.7,23877,-54.6,-79.8,-75.1,  3,  5, 0.02,116, 6.0
2026-06-16 18:13:22,-101.8678,31.8497,  30.6,23883,-54.6,-79.8,-75.1,  3,  5, 0.02,116, 6.0
2026-06-16 18:13:23,-101.8679,31.8497,  30.6,23890,-54.6,-79.8,-75.1,  3,  5, 0.02,116, 6.0
2026-06-16 18:13:24,-101.8680,31.8497,  30.6,23896,-54.6,-79.8,-75.1,  3,  5, 0.02,115, 6.1
2026-06-16 18:13:25,-101.8680,31.8497,  30.5,23903,-54.6,-79.8,-75.1,  3,  5, 0.02,115, 6.1
2026-06-16 18:13:26,-101.8681,31.8498,  30.5,23909,-54.6,-79.8,-75.1,  3,  5, 0.02,114, 6.1
2026-06-16 18:13:27,-101.8681,31.8498,  30.5,23916,-54.6,-79.8,-75.1,  3,  5, 0.02,114, 6.2
2026-06-16 18:13:28,-101.8682,31.8498,  30.4,23922,-54.6,-79.8,-75.1,  3,  5, 0.02,113, 6.2
2026-06-16 18:13:29,-101.8683,31.8498,  30.4,23928,-54.5,-79.8,-75.1,  3,  5, 0.02,113, 6.2
2026-06-16 18:13:30,-101.8683,31.8499,  30.4,23935,-54.5,-79.8,-75.1,  3,  5, 0.02,113, 6.3
2026-06-16 18:13:31,-101.8684,31.8499,  30.3,23941,-54.5,-79.8,-75.1,  3,  5, 0.02,112, 6.3
2026-06-16 18:13:32,-101.8684,31.8499,  30.3,23948,-54.5,-79.8,-75.0,  3,  5, 0.02,112, 6.3
2026-06-16 18:13:33,-101.8685,31.8499,  30.3,23954,-54.5,-79.8,-75.0,  3,  5, 0.02,112, 6.4
2026-06-16 18:13:34,-101.8686,31.8499,  30.3,23961,-54.5,-79.8,-75.0,  3,  5, 0.02,111, 6.4
2026-06-16 18:13:35,-101.8686,31.8500,  30.2,23967,-54.5,-79.8,-75.0,  3,  5, 0.02,111, 6.5
2026-06-16 18:13:36,-101.8687,31.8500,  30.2,23973,-54.5,-79.7,-75.0,  3,  5, 0.03,110, 6.5
2026-06-16 18:13:37,-101.8688,31.8500,  30.2,23980,-54.4,-79.7,-75.0,  3,  5, 0.03,110, 6.5
2026-06-16 18:13:38,-101.8688,31.8500,  30.1,23986,-54.4,-79.7,-75.0,  3,  5, 0.03,110, 6.6
2026-06-16 18:13:39,-101.8689,31.8500,  30.1,23992,-54.4,-79.7,-75.0,  3,  5, 0.03,109, 6.6
2026-06-16 18:13:40,-101.8690,31.8500,  30.1,23998,-54.4,-79.7,-74.9,  3,  5, 0.03,109, 6.6
2026-06-16 18:13:41,-101.8691,31.8500,  30.1,24004,-54.4,-79.6,-74.9,  3,  5, 0.03,108, 6.6
2026-06-16 18:13:42,-101.8691,31.8500,  30.0,24010,-54.4,-79.6,-74.9,  3,  5, 0.03,108, 6.6
2026-06-16 18:13:43,-101.8692,31.8500,  30.0,24015,-54.3,-79.6,-74.8,  3,  5, 0.03,107, 6.6
2026-06-16 18:13:44,-101.8693,31.8500,  30.0,24021,-54.3,-79.5,-74.8,  3,  5, 0.03,106, 6.6
2026-06-16 18:13:45,-101.8693,31.8500,  29.9,24027,-54.3,-79.5,-74.8,  3,  6, 0.03,106, 6.6
2026-06-16 18:13:46,-101.8694,31.8500,  29.9,24033,-54.3,-79.5,-74.7,  3,  6, 0.03,105, 6.6
2026-06-16 18:13:47,-101.8695,31.8500,  29.9,24039,-54.3,-79.4,-74.7,  3,  6, 0.03,105, 6.6
2026-06-16 18:13:48,-101.8695,31.8500,  29.9,24045,-54.3,-79.4,-74.7,  3,  6, 0.03,104, 6.6
2026-06-16 18:13:49,-101.8696,31.8500,  29.8,24052,-54.3,-79.4,-74.6,  3,  6, 0.03,103, 6.6
2026-06-16 18:13:50,-101.8697,31.8500,  29.8,24058,-54.2,-79.4,-74.6,  3,  6, 0.03,103, 6.6
2026-06-16 18:13:51,-101.8697,31.8500,  29.8,24064,-54.2,-79.3,-74.6,  3,  6, 0.03,102, 6.6
2026-06-16 18:13:52,-101.8698,31.8500,  29.7,24070,-54.2,-79.3,-74.6,  3,  6, 0.03,101, 6.6
2026-06-16 18:13:53,-101.8699,31.8500,  29.7,24076,-54.2,-79.3,-74.6,  3,  6, 0.03,101, 6.6
2026-06-16 18:13:54,-101.8699,31.8500,  29.7,24082,-54.2,-79.3,-74.5,  3,  6, 0.03,100, 6.6
2026-06-16 18:13:55,-101.8700,31.8500,  29.7,24088,-54.2,-79.3,-74.5,  3,  6, 0.03, 99, 6.6
2026-06-16 18:13:56,-101.8701,31.8501,  29.6,24095,-54.2,-79.3,-74.5,  3,  6, 0.03, 99, 6.6
2026-06-16 18:13:57,-101.8702,31.8501,  29.6,24101,-54.2,-79.2,-74.5,  3,  6, 0.03, 98, 6.6
2026-06-16 18:13:58,-101.8702,31.8501,  29.6,24108,-54.1,-79.2,-74.5,  3,  6, 0.03, 98, 6.6
2026-06-16 18:13:59,-101.8703,31.8501,  29.5,24114,-54.1,-79.2,-74.5,  3,  6, 0.03, 97, 6.6
2026-06-16 18:14:00,-101.8704,31.8501,  29.5,24121,-54.1,-79.2,-74.5,  3,  6, 0.03, 96, 6.6
2026-06-16 18:14:01,-101.8704,31.8501,  29.5,24127,-54.1,-79.2,-74.5,  3,  6, 0.03, 95, 6.6
2026-06-16 18:14:02,-101.8705,31.8501,  29.4,24134,-54.1,-79.2,-74.5,  3,  6, 0.03, 95, 6.6
2026-06-16 18:14:03,-101.8706,31.8501,  29.4,24140,-54.1,-79.2,-74.4,  3,  6, 0.03, 94, 6.7
2026-06-16 18:14:04,-101.8706,31.8501,  29.4,24146,-54.1,-79.2,-74.4,  3,  6, 0.03, 93, 6.7
2026-06-16 18:14:05,-101.8707,31.8501,  29.4,24153,-54.1,-79.2,-74.4,  3,  6, 0.03, 92, 6.7
2026-06-16 18:14:06,-101.8708,31.8501,  29.3,24159,-54.1,-79.2,-74.4,  3,  6, 0.03, 92, 6.7
2026-06-16 18:14:07,-101.8709,31.8501,  29.3,24165,-54.1,-79.1,-74.4,  3,  6, 0.03, 91, 6.7
2026-06-16 18:14:08,-101.8709,31.8501,  29.3,24171,-54.1,-79.1,-74.4,  3,  6, 0.03, 90, 6.7
2026-06-16 18:14:09,-101.8710,31.8501,  29.2,24177,-54.1,-79.1,-74.4,  3,  6, 0.03, 89, 6.8
2026-06-16 18:14:10,-101.8711,31.8501,  29.2,24183,-54.1,-79.1,-74.4,  3,  6, 0.03, 88, 6.8
2026-06-16 18:14:11,-101.8712,31.8501,  29.2,24190,-54.1,-79.1,-74.3,  3,  6, 0.03, 88, 6.8
2026-06-16 18:14:12,-101.8713,31.8501,  29.2,24196,-54.1,-79.1,-74.3,  3,  6, 0.03, 87, 6.8
2026-06-16 18:14:13,-101.8714,31.8501,  29.1,24202,-54.1,-79.0,-74.3,  3,  6, 0.03, 86, 6.9
2026-06-16 18:14:14,-101.8715,31.8501,  29.1,24208,-54.1,-79.0,-74.3,  3,  6, 0.03, 86, 6.9
2026-06-16 18:14:15,-101.8715,31.8501,  29.1,24214,-54.1,-79.0,-74.3,  3,  6, 0.03, 85, 6.9
2026-06-16 18:14:16,-101.8716,31.8500,  29.1,24219,-54.1,-79.0,-74.3,  3,  6, 0.03, 84, 7.0
2026-06-16 18:14:17,-101.8717,31.8500,  29.0,24225,-54.1,-79.0,-74.3,  3,  6, 0.03, 83, 7.0
2026-06-16 18:14:18,-101.8718,31.8500,  29.0,24231,-54.1,-79.0,-74.3,  3,  6, 0.03, 83, 7.0
2026-06-16 18:14:19,-101.8719,31.8500,  29.0,24237,-54.1,-79.0,-74.3,  3,  6, 0.03, 82, 7.0
2026-06-16 18:14:20,-101.8720,31.8500,  28.9,24243,-54.1,-79.0,-74.3,  3,  6, 0.03, 81, 7.1
2026-06-16 18:14:21,-101.8720,31.8500,  28.9,24250,-54.2,-79.0,-74.3,  3,  6, 0.03, 82, 7.1
2026-06-16 18:14:22,-101.8721,31.8500,  28.9,24256,-54.2,-79.0,-74.3,  3,  6, 0.03, 82, 7.2
2026-06-16 18:14:23,-101.8722,31.8500,  28.9,24262,-54.2,-79.0,-74.3,  3,  6, 0.03, 83, 7.3
2026-06-16 18:14:24,-101.8723,31.8500,  28.8,24269,-54.2,-79.0,-74.3,  3,  6, 0.03, 83, 7.3
2026-06-16 18:14:25,-101.8724,31.8500,  28.8,24275,-54.2,-79.0,-74.3,  3,  6, 0.03, 83, 7.4
2026-06-16 18:14:26,-101.8725,31.8500,  28.8,24282,-54.2,-79.0,-74.3,  3,  6, 0.03, 84, 7.5
2026-06-16 18:14:27,-101.8725,31.8500,  28.7,24288,-54.2,-79.0,-74.3,  3,  6, 0.03, 84, 7.5
2026-06-16 18:14:28,-101.8726,31.8500,  28.7,24295,-54.3,-79.0,-74.3,  3,  6, 0.03, 85, 7.6
2026-06-16 18:14:29,-101.8727,31.8500,  28.7,24301,-54.3,-79.0,-74.3,  4,  6, 0.03, 85, 7.7
2026-06-16 18:14:30,-101.8728,31.8500,  28.7,24308,-54.3,-79.0,-74.3,  4,  6, 0.03, 85, 7.7
2026-06-16 18:14:31,-101.8729,31.8500,  28.6,24314,-54.3,-79.0,-74.3,  4,  6, 0.03, 86, 7.8
2026-06-16 18:14:32,-101.8730,31.8500,  28.6,24321,-54.3,-79.0,-74.3,  4,  6, 0.03, 86, 7.8
2026-06-16 18:14:33,-101.8730,31.8500,  28.6,24327,-54.4,-79.0,-74.3,  4,  6, 0.03, 87, 7.9
2026-06-16 18:14:34,-101.8731,31.8500,  28.5,24333,-54.4,-79.0,-74.3,  4,  6, 0.03, 87, 8.0
2026-06-16 18:14:35,-101.8732,31.8500,  28.5,24340,-54.4,-79.0,-74.3,  4,  6, 0.03, 87, 8.0
2026-06-16 18:14:36,-101.8733,31.8500,  28.5,24346,-54.4,-79.0,-74.3,  4,  6, 0.03, 88, 8.1
2026-06-16 18:14:37,-101.8734,31.8500,  28.5,24353,-54.4,-79.0,-74.3,  4,  6, 0.03, 88, 8.2
2026-06-16 18:14:38,-101.8735,31.8500,  28.4,24359,-54.5,-79.1,-74.3,  4,  6, 0.03, 88, 8.3
2026-06-16 18:14:39,-101.8736,31.8500,  28.4,24365,-54.5,-79.1,-74.3,  4,  6, 0.03, 89, 8.3
2026-06-16 18:14:40,-101.8737,31.8500,  28.4,24371,-54.5,-79.1,-74.3,  4,  6, 0.03, 89, 8.4
2026-06-16 18:14:41,-101.8737,31.8500,  28.3,24378,-54.5,-79.1,-74.3,  4,  6, 0.03, 89, 8.4
2026-06-16 18:14:42,-101.8738,31.8500,  28.3,24384,-54.6,-79.1,-74.4,  4,  6, 0.03, 90, 8.4
2026-06-16 18:14:43,-101.8739,31.8500,  28.3,24390,-54.6,-79.1,-74.4,  4,  6, 0.03, 90, 8.4
2026-06-16 18:14:44,-101.8740,31.8500,  28.3,24397,-54.6,-79.1,-74.4,  4,  6, 0.03, 90, 8.4
2026-06-16 18:14:45,-101.8741,31.8500,  28.2,24403,-54.6,-79.1,-74.4,  4,  6, 0.03, 91, 8.4
2026-06-16 18:14:46,-101.8742,31.8500,  28.2,24410,-54.7,-79.2,-74.4,  4,  6, 0.03, 91, 8.4
2026-06-16 18:14:47,-101.8743,31.8500,  28.2,24416,-54.7,-79.2,-74.4,  4,  6, 0.03, 92, 8.4
2026-06-16 18:14:48,-101.8744,31.8501,  28.2,24422,-54.7,-79.2,-74.5,  4,  6, 0.03, 92, 8.3
2026-06-16 18:14:49,-101.8745,31.8501,  28.1,24429,-54.7,-79.2,-74.5,  4,  6, 0.03, 92, 8.3
2026-06-16 18:14:50,-101.8746,31.8501,  28.1,24435,-54.7,-79.2,-74.5,  4,  6, 0.03, 93, 8.3
2026-06-16 18:14:51,-101.8746,31.8501,  28.1,24441,-54.8,-79.3,-74.5,  4,  6, 0.03, 93, 8.3
2026-06-16 18:14:52,-101.8747,31.8501,  28.0,24448,-54.8,-79.3,-74.6,  4,  6, 0.03, 93, 8.3
2026-06-16 18:14:53,-101.8748,31.8501,  28.0,24454,-54.8,-79.3,-74.6,  4,  6, 0.03, 94, 8.3
2026-06-16 18:14:54,-101.8749,31.8501,  28.0,24460,-54.8,-79.3,-74.6,  4,  6, 0.03, 94, 8.3
2026-06-16 18:14:55,-101.8750,31.8501,  28.0,24467,-54.9,-79.4,-74.6,  4,  6, 0.03, 95, 8.3
2026-06-16 18:14:56,-101.8751,31.8501,  27.9,24473,-54.9,-79.4,-74.6,  4,  6, 0.03, 95, 8.3
2026-06-16 18:14:57,-101.8752,31.8501,  27.9,24479,-54.9,-79.4,-74.7,  4,  6, 0.03, 95, 8.3
2026-06-16 18:14:58,-101.8753,31.8501,  27.9,24486,-54.9,-79.4,-74.7,  4,  6, 0.03, 96, 8.3
2026-06-16 18:14:59,-101.8754,31.8501,  27.8,24492,-55.0,-79.5,-74.7,  4,  6, 0.03, 96, 8.3
2026-06-16 18:15:00,-101.8754,31.8502,  27.8,24499,-55.0,-79.5,-74.7,  4,  6, 0.03, 96, 8.3
2026-06-16 18:15:01,-101.8755,31.8502,  27.8,24505,-55.0,-79.5,-74.8,  4,  6, 0.03, 96, 8.4
2026-06-16 18:15:02,-101.8756,31.8502,  27.8,24512,-55.0,-79.5,-74.8,  4,  6, 0.03, 97, 8.4
2026-06-16 18:15:03,-101.8757,31.8502,  27.7,24518,-55.1,-79.5,-74.8,  4,  6, 0.03, 97, 8.4
2026-06-16 18:15:04,-101.8758,31.8502,  27.7,24525,-55.1,-79.6,-74.8,  4,  6, 0.03, 97, 8.5
2026-06-16 18:15:05,-101.8759,31.8502,  27.7,24530,-55.1,-79.6,-74.8,  4,  6, 0.03, 97, 8.5
2026-06-16 18:15:06,-101.8760,31.8502,  27.7,24535,-55.1,-79.6,-74.9,  4,  6, 0.03, 97, 8.5
2026-06-16 18:15:07,-101.8761,31.8502,  27.6,24541,-55.2,-79.6,-74.9,  4,  6, 0.03, 97, 8.5
2026-06-16 18:15:08,-101.8762,31.8502,  27.6,24546,-55.2,-79.6,-74.9,  4,  6, 0.03, 97, 8.6
2026-06-16 18:15:09,-101.8763,31.8503,  27.6,24552,-55.2,-79.7,-74.9,  4,  6, 0.03, 97, 8.6
2026-06-16 18:15:10,-101.8763,31.8503,  27.6,24557,-55.2,-79.7,-74.9,  4,  6, 0.03, 98, 8.6
2026-06-16 18:15:11,-101.8764,31.8503,  27.5,24563,-55.2,-79.7,-74.9,  4,  6, 0.03, 98, 8.7
2026-06-16 18:15:12,-101.8765,31.8503,  27.5,24569,-55.3,-79.7,-75.0,  4,  6, 0.03, 98, 8.7
2026-06-16 18:15:13,-101.8766,31.8503,  27.5,24575,-55.3,-79.7,-75.0,  4,  6, 0.03, 98, 8.7
2026-06-16 18:15:14,-101.8767,31.8504,  27.5,24582,-55.3,-79.7,-75.0,  4,  6, 0.03, 98, 8.8
2026-06-16 18:15:15,-101.8768,31.8504,  27.4,24588,-55.3,-79.7,-75.0,  4,  6, 0.03, 98, 8.8
2026-06-16 18:15:16,-101.8769,31.8504,  27.4,24594,-55.3,-79.7,-75.0,  4,  6, 0.03, 98, 8.8
2026-06-16 18:15:17,-101.8770,31.8504,  27.4,24600,-55.3,-79.7,-75.0,  4,  6, 0.03, 98, 8.9
2026-06-16 18:15:18,-101.8771,31.8504,  27.3,24607,-55.4,-79.7,-75.0,  4,  6, 0.03, 98, 8.9
2026-06-16 18:15:19,-101.8772,31.8504,  27.3,24613,-55.4,-79.7,-75.0,  4,  6, 0.03, 98, 8.9
2026-06-16 18:15:20,-101.8772,31.8505,  27.3,24619,-55.4,-79.7,-75.0,  4,  6, 0.03, 99, 8.9
2026-06-16 18:15:21,-101.8773,31.8505,  27.3,24626,-55.4,-79.7,-75.0,  4,  6, 0.03, 99, 8.9
2026-06-16 18:15:22,-101.8774,31.8505,  27.2,24632,-55.4,-79.7,-75.0,  4,  6, 0.03, 99, 8.9
2026-06-16 18:15:23,-101.8775,31.8505,  27.2,24639,-55.4,-79.7,-74.9,  4,  6, 0.03,100, 8.9
2026-06-16 18:15:24,-101.8776,31.8505,  27.2,24645,-55.4,-79.7,-74.9,  4,  6, 0.03,100, 8.9
2026-06-16 18:15:25,-101.8777,31.8506,  27.2,24651,-55.4,-79.7,-74.9,  4,  6, 0.03,100, 8.9
2026-06-16 18:15:26,-101.8778,31.8506,  27.1,24658,-55.4,-79.7,-74.9,  4,  6, 0.03,101, 8.8
2026-06-16 18:15:27,-101.8779,31.8506,  27.1,24665,-55.4,-79.7,-75.0,  4,  6, 0.03,101, 8.8
2026-06-16 18:15:28,-101.8780,31.8506,  27.1,24671,-55.4,-79.7,-75.0,  4,  6, 0.03,101, 8.8
2026-06-16 18:15:29,-101.8780,31.8506,  27.1,24676,-55.4,-79.7,-75.0,  4,  6, 0.03,102, 8.8
2026-06-16 18:15:30,-101.8781,31.8506,  27.0,24682,-55.4,-79.7,-75.0,  4,  6, 0.03,102, 8.8
2026-06-16 18:15:31,-101.8782,31.8507,  27.0,24688,-55.5,-79.7,-75.0,  4,  6, 0.03,103, 8.8
2026-06-16 18:15:32,-101.8783,31.8507,  27.0,24694,-55.5,-79.8,-75.0,  4,  6, 0.03,103, 8.8
2026-06-16 18:15:33,-101.8784,31.8507,  27.0,24700,-55.5,-79.8,-75.0,  4,  6, 0.03,103, 8.7
2026-06-16 18:15:34,-101.8785,31.8507,  26.9,24704,-55.5,-79.8,-75.0,  4,  6, 0.03,103, 8.7
2026-06-16 18:15:35,-101.8786,31.8507,  26.9,24712,-55.5,-79.8,-75.0,  4,  6, 0.03,104, 8.7
2026-06-16 18:15:36,-101.8787,31.8508,  26.9,24719,-55.4,-79.8,-75.0,  4,  6, 0.03,104, 8.7
2026-06-16 18:15:37,-101.8788,31.8508,  26.8,24725,-55.4,-79.8,-75.0,  4,  6, 0.03,105, 8.7
2026-06-16 18:15:38,-101.8788,31.8508,  26.8,24731,-55.4,-79.8,-75.0,  4,  6, 0.03,105, 8.7
2026-06-16 18:15:39,-101.8789,31.8508,  26.8,24737,-55.4,-79.8,-75.0,  4,  6, 0.03,105, 8.7
2026-06-16 18:15:40,-101.8790,31.8508,  26.8,24743,-55.4,-79.8,-75.1,  4,  6, 0.03,106, 8.7
2026-06-16 18:15:41,-101.8790,31.8508,  26.7,24750,-55.4,-79.8,-75.1,  4,  6, 0.03,106, 8.6
2026-06-16 18:15:42,-101.8791,31.8508,  26.7,24756,-55.4,-79.8,-75.1,  4,  6, 0.03,106, 8.6
2026-06-16 18:15:43,-101.8792,31.8509,  26.7,24762,-55.4,-79.8,-75.1,  4,  6, 0.03,106, 8.5
2026-06-16 18:15:44,-101.8792,31.8509,  26.7,24768,-55.4,-79.8,-75.1,  3,  6, 0.03,106, 8.5
2026-06-16 18:15:45,-101.8793,31.8509,  26.6,24775,-55.3,-79.9,-75.1,  3,  6, 0.03,106, 8.4
2026-06-16 18:15:46,-101.8794,31.8509,  26.6,24781,-55.3,-79.9,-75.1,  3,  6, 0.03,107, 8.4
2026-06-16 18:15:47,-101.8794,31.8509,  26.6,24787,-55.3,-79.9,-75.1,  3,  6, 0.03,107, 8.4
2026-06-16 18:15:48,-101.8795,31.8509,  26.6,24793,-55.3,-79.9,-75.2,  3,  6, 0.03,107, 8.3
2026-06-16 18:15:49,-101.8796,31.8510,  26.5,24800,-55.3,-79.9,-75.2,  3,  6, 0.03,107, 8.3
2026-06-16 18:15:50,-101.8797,31.8510,  26.5,24806,-55.3,-79.9,-75.2,  3,  6, 0.03,107, 8.2
2026-06-16 18:15:51,-101.8797,31.8510,  26.5,24812,-55.3,-79.9,-75.2,  3,  6, 0.03,107, 8.2
2026-06-16 18:15:52,-101.8798,31.8510,  26.5,24818,-55.2,-79.9,-75.2,  3,  6, 0.03,107, 8.1
2026-06-16 18:15:53,-101.8799,31.8510,  26.4,24825,-55.2,-79.9,-75.2,  3,  6, 0.03,107, 8.1
2026-06-16 18:15:54,-101.8799,31.8510,  26.4,24831,-55.2,-79.9,-75.2,  3,  6, 0.03,108, 8.1
2026-06-16 18:15:55,-101.8800,31.8511,  26.4,24837,-55.2,-79.9,-75.2,  3,  6, 0.03,108, 8.0
2026-06-16 18:15:56,-101.8801,31.8511,  26.4,24843,-55.2,-79.9,-75.2,  3,  6, 0.03,108, 8.0
2026-06-16 18:15:57,-101.8801,31.8511,  26.3,24849,-55.2,-79.9,-75.1,  3,  6, 0.03,108, 7.9
2026-06-16 18:15:58,-101.8802,31.8511,  26.3,24855,-55.1,-79.9,-75.1,  3,  6, 0.03,108, 7.9
2026-06-16 18:15:59,-101.8803,31.8511,  26.3,24861,-55.1,-79.9,-75.1,  3,  6, 0.03,108, 7.9
2026-06-16 18:16:00,-101.8804,31.8511,  26.3,24867,-55.1,-79.9,-75.1,  3,  6, 0.03,108, 7.8
2026-06-16 18:16:01,-101.8804,31.8511,  26.2,24873,-55.1,-79.9,-75.1,  3,  6, 0.03,108, 7.6
2026-06-16 18:16:02,-101.8805,31.8512,  26.2,24879,-55.1,-79.8,-75.1,  3,  6, 0.03,107, 7.3
2026-06-16 18:16:03,-101.8806,31.8512,  26.2,24886,-55.0,-79.8,-75.1,  3,  6, 0.03,106, 7.1
2026-06-16 18:16:04,-101.8806,31.8512,  26.2,24892,-55.0,-79.8,-75.1,  3,  6, 0.03,106, 6.9
2026-06-16 18:16:05,-101.8807,31.8512,  26.1,24898,-55.0,-79.8,-75.1,  3,  6, 0.03,105, 6.7
2026-06-16 18:16:06,-101.8808,31.8512,  26.1,24904,-55.0,-79.8,-75.0,  3,  6, 0.03,104, 6.5
2026-06-16 18:16:07,-101.8808,31.8512,  26.1,24911,-55.0,-79.8,-75.0,  3,  6, 0.03,103, 6.3
2026-06-16 18:16:08,-101.8809,31.8512,  26.1,24917,-54.9,-79.7,-75.0,  3,  6, 0.03,102, 6.0
2026-06-16 18:16:09,-101.8809,31.8512,  26.0,24923,-54.9,-79.7,-75.0,  3,  6, 0.03,101, 5.8
2026-06-16 18:16:10,-101.8810,31.8512,  26.0,24929,-54.9,-79.7,-74.9,  3,  6, 0.03,100, 5.6
2026-06-16 18:16:11,-101.8810,31.8512,  26.0,24935,-54.9,-79.7,-74.9,  3,  6, 0.03, 98, 5.4
2026-06-16 18:16:12,-101.8810,31.8511,  26.0,24941,-54.8,-79.6,-74.9,  3,  6, 0.03, 97, 5.2
2026-06-16 18:16:13,-101.8811,31.8511,  25.9,24947,-54.8,-79.6,-74.9,  3,  6, 0.03, 96, 4.9
2026-06-16 18:16:14,-101.8811,31.8511,  25.9,24953,-54.8,-79.6,-74.8,  3,  6, 0.03, 94, 4.7
2026-06-16 18:16:15,-101.8811,31.8511,  25.9,24959,-54.8,-79.6,-74.8,  3,  6, 0.03, 92, 4.5
2026-06-16 18:16:16,-101.8812,31.8510,  25.9,24965,-54.7,-79.5,-74.8,  3,  6, 0.03, 90, 4.3
2026-06-16 18:16:17,-101.8812,31.8510,  25.8,24971,-54.7,-79.5,-74.7,  3,  6, 0.03, 88, 4.1
2026-06-16 18:16:18,-101.8812,31.8510,  25.8,24977,-54.7,-79.5,-74.7,  3,  6, 0.03, 85, 3.8
2026-06-16 18:16:19,-101.8813,31.8509,  25.8,24983,-54.6,-79.4,-74.7,  3,  6, 0.03, 83, 3.6
2026-06-16 18:16:20,-101.8813,31.8509,  25.8,24989,-54.6,-79.4,-74.7,  3,  6, 0.03, 80, 3.4
2026-06-16 18:16:21,-101.8813,31.8509,  25.7,24995,-54.6,-79.4,-74.6,  3,  6, 0.03, 77, 3.5
2026-06-16 18:16:22,-101.8814,31.8509,  25.7,25001,-54.5,-79.4,-74.6,  3,  6, 0.03, 74, 3.6
2026-06-16 18:16:23,-101.8814,31.8508,  25.7,25007,-54.5,-79.3,-74.6,  3,  6, 0.03, 71, 3.7
2026-06-16 18:16:24,-101.8814,31.8508,  25.7,25013,-54.4,-79.3,-74.6,  3,  6, 0.03, 68, 3.8
2026-06-16 18:16:25,-101.8815,31.8508,  25.6,25019,-54.4,-79.3,-74.5,  3,  6, 0.03, 65, 3.9
2026-06-16 18:16:26,-101.8815,31.8508,  25.6,25025,-54.4,-79.3,-74.5,  3,  6, 0.03, 63, 4.0
2026-06-16 18:16:27,-101.8815,31.8507,  25.6,25031,-54.3,-79.2,-74.5,  3,  6, 0.03, 60, 4.1
2026-06-16 18:16:28,-101.8816,31.8507,  25.6,25037,-54.3,-79.2,-74.5,  3,  6, 0.03, 58, 4.2
2026-06-16 18:16:29,-101.8816,31.8507,  25.5,25043,-54.3,-79.2,-74.5,  3,  6, 0.03, 56, 4.3
2026-06-16 18:16:30,-101.8816,31.8506,  25.5,25049,-54.2,-79.2,-74.4,  3,  6, 0.03, 54, 4.4
2026-06-16 18:16:31,-101.8817,31.8506,  25.5,25055,-54.2,-79.2,-74.4,  3,  6, 0.03, 52, 4.5
2026-06-16 18:16:32,-101.8817,31.8506,  25.5,25061,-54.2,-79.1,-74.4,  3,  6, 0.03, 50, 4.6
2026-06-16 18:16:33,-101.8817,31.8506,  25.4,25067,-54.1,-79.1,-74.4,  3,  6, 0.03, 48, 4.7
2026-06-16 18:16:34,-101.8818,31.8505,  25.4,25073,-54.1,-79.1,-74.4,  3,  6, 0.03, 46, 4.8
2026-06-16 18:16:35,-101.8818,31.8505,  25.4,25079,-54.1,-79.1,-74.3,  3,  6, 0.03, 45, 4.9
2026-06-16 18:16:36,-101.8818,31.8505,  25.4,25085,-54.1,-79.1,-74.3,  3,  6, 0.03, 43, 5.1
2026-06-16 18:16:37,-101.8819,31.8505,  25.4,25091,-54.0,-79.0,-74.3,  3,  6, 0.03, 42, 5.2
2026-06-16 18:16:38,-101.8819,31.8504,  25.3,25097,-54.0,-79.0,-74.3,  3,  6, 0.03, 40, 5.3
2026-06-16 18:16:39,-101.8820,31.8504,  25.3,25103,-54.0,-79.0,-74.3,  3,  6, 0.03, 39, 5.3
2026-06-16 18:16:40,-101.8820,31.8503,  25.3,25109,-53.9,-79.0,-74.2,  3,  6, 0.03, 38, 5.5
2026-06-16 18:16:41,-101.8821,31.8503,  25.3,25115,-53.9,-79.0,-74.2,  3,  6, 0.03, 38, 5.6
2026-06-16 18:16:42,-101.8821,31.8502,  25.2,25122,-53.9,-78.9,-74.2,  3,  6, 0.03, 38, 5.7
2026-06-16 18:16:43,-101.8822,31.8502,  25.2,25128,-53.9,-78.9,-74.2,  3,  6, 0.03, 38, 5.7
2026-06-16 18:16:44,-101.8822,31.8501,  25.2,25135,-53.8,-78.9,-74.2,  3,  6, 0.03, 38, 5.8
2026-06-16 18:16:45,-101.8823,31.8501,  25.1,25144,-53.8,-78.9,-74.2,  3,  6, 0.03, 38, 6.0
2026-06-16 18:16:46,-101.8823,31.8500,  25.1,25148,-53.8,-78.9,-74.1,  3,  6, 0.03, 38, 6.0
2026-06-16 18:16:47,-101.8824,31.8500,  25.1,25154,-53.8,-78.9,-74.1,  3,  6, 0.03, 38, 6.1
2026-06-16 18:16:48,-101.8824,31.8499,  25.1,25160,-53.8,-78.8,-74.1,  3,  6, 0.03, 38, 6.2
2026-06-16 18:16:49,-101.8825,31.8499,  25.1,25166,-53.7,-78.8,-74.1,  3,  6, 0.03, 38, 6.3
2026-06-16 18:16:50,-101.8825,31.8498,  25.0,25173,-53.7,-78.8,-74.0,  3,  6, 0.04, 38, 6.4
2026-06-16 18:16:51,-101.8826,31.8498,  25.0,25179,-53.7,-78.7,-74.0,  3,  6, 0.04, 38, 6.5
2026-06-16 18:16:52,-101.8826,31.8497,  25.0,25185,-53.7,-78.7,-74.0,  3,  6, 0.04, 38, 6.6
2026-06-16 18:16:53,-101.8827,31.8497,  25.0,25191,-53.6,-78.7,-73.9,  3,  6, 0.04, 38, 6.7
2026-06-16 18:16:54,-101.8827,31.8496,  24.9,25197,-53.6,-78.6,-73.9,  3,  6, 0.04, 38, 6.8
2026-06-16 18:16:55,-101.8828,31.8496,  24.9,25203,-53.6,-78.6,-73.9,  3,  6, 0.04, 38, 6.9
2026-06-16 18:16:56,-101.8829,31.8495,  24.9,25209,-53.6,-78.6,-73.9,  3,  6, 0.04, 38, 7.0
2026-06-16 18:16:57,-101.8829,31.8495,  24.9,25215,-53.6,-78.6,-73.8,  3,  6, 0.04, 38, 7.1
2026-06-16 18:16:58,-101.8830,31.8494,  24.8,25222,-53.6,-78.6,-73.8,  3,  6, 0.04, 38, 7.1
2026-06-16 18:16:59,-101.8830,31.8494,  24.8,25228,-53.6,-78.5,-73.8,  3,  6, 0.04, 38, 7.2
2026-06-16 18:17:00,-101.8831,31.8493,  24.8,25234,-53.6,-78.5,-73.8,  3,  6, 0.04, 38, 7.3
2026-06-16 18:17:01,-101.8831,31.8493,  24.8,25241,-53.5,-78.5,-73.8,  3,  6, 0.04, 39, 7.4
2026-06-16 18:17:02,-101.8832,31.8492,  24.7,25247,-53.5,-78.5,-73.7,  3,  6, 0.04, 39, 7.4
2026-06-16 18:17:03,-101.8832,31.8492,  24.7,25254,-53.5,-78.5,-73.7,  3,  6, 0.04, 40, 7.4
2026-06-16 18:17:04,-101.8833,31.8491,  24.7,25260,-53.5,-78.4,-73.7,  3,  6, 0.04, 41, 7.5
2026-06-16 18:17:05,-101.8833,31.8491,  24.7,25266,-53.5,-78.4,-73.7,  3,  6, 0.04, 42, 7.5
2026-06-16 18:17:06,-101.8834,31.8490,  24.6,25272,-53.5,-78.4,-73.7,  3,  6, 0.04, 43, 7.6
2026-06-16 18:17:07,-101.8834,31.8490,  24.6,25278,-53.5,-78.4,-73.7,  3,  6, 0.04, 44, 7.6
2026-06-16 18:17:08,-101.8835,31.8489,  24.6,25285,-53.5,-78.4,-73.7,  3,  6, 0.04, 45, 7.7
2026-06-16 18:17:09,-101.8836,31.8489,  24.6,25291,-53.5,-78.4,-73.6,  4,  6, 0.04, 46, 7.8
2026-06-16 18:17:10,-101.8837,31.8489,  24.6,25296,-53.5,-78.4,-73.6,  4,  6, 0.04, 46, 7.9
2026-06-16 18:17:11,-101.8838,31.8488,  24.5,25301,-53.5,-78.3,-73.6,  4,  6, 0.04, 47, 7.9
2026-06-16 18:17:12,-101.8838,31.8488,  24.5,25306,-53.5,-78.3,-73.6,  4,  6, 0.04, 48, 7.9
2026-06-16 18:17:13,-101.8839,31.8488,  24.5,25312,-53.4,-78.3,-73.6,  4,  6, 0.04, 49, 7.9
2026-06-16 18:17:14,-101.8840,31.8488,  24.5,25317,-53.4,-78.3,-73.6,  4,  6, 0.04, 50, 8.0
2026-06-16 18:17:15,-101.8841,31.8487,  24.5,25322,-53.4,-78.3,-73.6,  4,  6, 0.04, 51, 8.0
2026-06-16 18:17:16,-101.8842,31.8487,  24.4,25328,-53.4,-78.3,-73.5,  4,  6, 0.04, 51, 8.1
2026-06-16 18:17:17,-101.8843,31.8487,  24.4,25334,-53.4,-78.3,-73.5,  4,  6, 0.04, 52, 8.2
2026-06-16 18:17:18,-101.8844,31.8487,  24.4,25340,-53.4,-78.2,-73.5,  4,  6, 0.04, 53, 8.2
2026-06-16 18:17:19,-101.8845,31.8486,  24.4,25346,-53.4,-78.2,-73.5,  4,  6, 0.04, 54, 8.3
2026-06-16 18:17:20,-101.8846,31.8486,  24.3,25352,-53.4,-78.2,-73.5,  4,  6, 0.04, 54, 8.4
2026-06-16 18:17:21,-101.8847,31.8486,  24.3,25359,-53.4,-78.2,-73.5,  4,  6, 0.04, 56, 8.4
2026-06-16 18:17:22,-101.8848,31.8485,  24.3,25364,-53.4,-78.2,-73.5,  4,  6, 0.04, 57, 8.5
2026-06-16 18:17:23,-101.8849,31.8485,  24.3,25370,-53.4,-78.2,-73.5,  4,  6, 0.04, 58, 8.6
2026-06-16 18:17:24,-101.8850,31.8485,  24.3,25376,-53.4,-78.2,-73.5,  4,  6, 0.04, 59, 8.7
2026-06-16 18:17:25,-101.8851,31.8485,  24.2,25383,-53.5,-78.2,-73.5,  4,  6, 0.04, 61, 8.8
2026-06-16 18:17:26,-101.8852,31.8484,  24.2,25389,-53.5,-78.2,-73.4,  4,  6, 0.04, 62, 8.9
2026-06-16 18:17:27,-101.8853,31.8484,  24.2,25396,-53.5,-78.2,-73.4,  4,  6, 0.04, 63, 9.0
2026-06-16 18:17:28,-101.8854,31.8484,  24.2,25403,-53.5,-78.2,-73.4,  4,  6, 0.04, 64, 9.1
2026-06-16 18:17:29,-101.8854,31.8484,  24.1,25409,-53.5,-78.2,-73.4,  4,  6, 0.04, 66, 9.1
2026-06-16 18:17:30,-101.8855,31.8483,  24.1,25416,-53.5,-78.2,-73.4,  4,  6, 0.04, 67, 9.2
2026-06-16 18:17:31,-101.8856,31.8483,  24.1,25423,-53.5,-78.2,-73.4,  4,  6, 0.04, 68, 9.3
2026-06-16 18:17:32,-101.8857,31.8483,  24.1,25429,-53.5,-78.2,-73.4,  4,  6, 0.04, 69, 9.4
2026-06-16 18:17:33,-101.8858,31.8482,  24.0,25435,-53.6,-78.2,-73.4,  4,  6, 0.04, 70, 9.5
2026-06-16 18:17:34,-101.8859,31.8482,  24.0,25441,-53.6,-78.2,-73.4,  4,  6, 0.04, 71, 9.6
2026-06-16 18:17:35,-101.8860,31.8482,  24.0,25447,-53.6,-78.2,-73.4,  4,  6, 0.04, 72, 9.7
2026-06-16 18:17:36,-101.8861,31.8482,  24.0,25454,-53.6,-78.2,-73.4,  4,  6, 0.04, 73, 9.7
2026-06-16 18:17:37,-101.8862,31.8481,  23.9,25460,-53.6,-78.2,-73.5,  4,  6, 0.04, 74, 9.7
2026-06-16 18:17:38,-101.8863,31.8481,  23.9,25465,-53.7,-78.2,-73.5,  4,  6, 0.04, 75, 9.9
2026-06-16 18:17:39,-101.8864,31.8481,  23.9,25471,-53.7,-78.2,-73.5,  4,  6, 0.04, 76,10.0
2026-06-16 18:17:40,-101.8865,31.8481,  23.9,25477,-53.7,-78.2,-73.5,  4,  6, 0.04, 77,10.1
2026-06-16 18:17:41,-101.8866,31.8481,  23.9,25482,-53.7,-78.2,-73.5,  4,  6, 0.04, 78,10.1
2026-06-16 18:17:42,-101.8867,31.8481,  23.8,25488,-53.7,-78.2,-73.5,  4,  6, 0.04, 79,10.1
2026-06-16 18:17:43,-101.8868,31.8481,  23.8,25494,-53.8,-78.2,-73.5,  4,  6, 0.04, 79,10.1
2026-06-16 18:17:44,-101.8869,31.8481,  23.8,25501,-53.8,-78.2,-73.5,  4,  6, 0.04, 80,10.1
2026-06-16 18:17:45,-101.8871,31.8481,  23.8,25507,-53.8,-78.2,-73.5,  4,  6, 0.04, 81,10.2
2026-06-16 18:17:46,-101.8872,31.8481,  23.7,25514,-53.8,-78.2,-73.5,  4,  6, 0.04, 82,10.2
2026-06-16 18:17:47,-101.8873,31.8481,  23.7,25521,-53.9,-78.2,-73.5,  4,  6, 0.04, 82,10.2
2026-06-16 18:17:48,-101.8874,31.8481,  23.7,25527,-53.9,-78.2,-73.5,  4,  6, 0.04, 83,10.2
2026-06-16 18:17:49,-101.8875,31.8481,  23.7,25534,-53.9,-78.2,-73.5,  4,  6, 0.04, 84,10.3
2026-06-16 18:17:50,-101.8876,31.8482,  23.6,25540,-53.9,-78.2,-73.5,  4,  6, 0.04, 85,10.3
2026-06-16 18:17:51,-101.8877,31.8482,  23.6,25547,-53.9,-78.2,-73.5,  4,  6, 0.04, 85,10.3
2026-06-16 18:17:52,-101.8878,31.8482,  23.6,25553,-54.0,-78.2,-73.5,  4,  6, 0.04, 86,10.3
2026-06-16 18:17:53,-101.8879,31.8482,  23.6,25560,-54.0,-78.2,-73.5,  4,  6, 0.04, 87,10.4
2026-06-16 18:17:54,-101.8880,31.8482,  23.5,25566,-54.0,-78.2,-73.5,  4,  6, 0.04, 88,10.4
2026-06-16 18:17:55,-101.8881,31.8482,  23.5,25572,-54.0,-78.2,-73.5,  4,  6, 0.04, 88,10.4
2026-06-16 18:17:56,-101.8883,31.8482,  23.5,25578,-54.0,-78.2,-73.5,  4,  6, 0.04, 89,10.5
2026-06-16 18:17:57,-101.8884,31.8482,  23.5,25584,-54.0,-78.2,-73.5,  4,  6, 0.04, 90,10.5
2026-06-16 18:17:58,-101.8885,31.8482,  23.5,25590,-54.1,-78.3,-73.5,  4,  6, 0.04, 91,10.6
2026-06-16 18:17:59,-101.8886,31.8482,  23.4,25596,-54.1,-78.3,-73.5,  4,  6, 0.04, 91,10.6
2026-06-16 18:18:00,-101.8887,31.8482,  23.4,25602,-54.1,-78.3,-73.5,  4,  6, 0.04, 92,10.7
2026-06-16 18:18:01,-101.8888,31.8482,  23.4,25609,-54.1,-78.3,-73.6,  4,  6, 0.04, 92,10.6
2026-06-16 18:18:02,-101.8889,31.8482,  23.4,25615,-54.1,-78.3,-73.6,  4,  7, 0.04, 92,10.6
2026-06-16 18:18:03,-101.8890,31.8482,  23.3,25621,-54.1,-78.3,-73.6,  4,  7, 0.04, 93,10.5
2026-06-16 18:18:04,-101.8891,31.8482,  23.3,25627,-54.2,-78.3,-73.6,  4,  7, 0.04, 93,10.5
2026-06-16 18:18:05,-101.8892,31.8482,  23.3,25633,-54.2,-78.3,-73.6,  4,  7, 0.04, 93,10.4
2026-06-16 18:18:06,-101.8893,31.8482,  23.3,25639,-54.2,-78.3,-73.6,  4,  7, 0.04, 93,10.4
2026-06-16 18:18:07,-101.8895,31.8482,  23.3,25645,-54.2,-78.3,-73.6,  4,  7, 0.04, 94,10.3
2026-06-16 18:18:08,-101.8896,31.8482,  23.2,25651,-54.2,-78.3,-73.6,  4,  7, 0.04, 94,10.3
2026-06-16 18:18:09,-101.8897,31.8483,  23.2,25657,-54.2,-78.3,-73.6,  4,  7, 0.04, 94,10.2
2026-06-16 18:18:10,-101.8898,31.8483,  23.2,25663,-54.2,-78.4,-73.6,  4,  6, 0.04, 94,10.2
2026-06-16 18:18:11,-101.8899,31.8483,  23.2,25669,-54.2,-78.4,-73.7,  4,  6, 0.04, 95,10.1
2026-06-16 18:18:12,-101.8900,31.8483,  23.1,25676,-54.2,-78.4,-73.7,  4,  6, 0.04, 95,10.1
2026-06-16 18:18:13,-101.8901,31.8483,  23.1,25683,-54.2,-78.4,-73.7,  4,  6, 0.04, 95,10.1
2026-06-16 18:18:14,-101.8902,31.8483,  23.1,25689,-54.3,-78.4,-73.7,  4,  6, 0.04, 96,10.0
2026-06-16 18:18:15,-101.8903,31.8483,  23.1,25697,-54.3,-78.4,-73.7,  4,  6, 0.04, 96,10.0
2026-06-16 18:18:16,-101.8904,31.8483,  23.0,25703,-54.3,-78.5,-73.7,  4,  6, 0.04, 96, 9.9
2026-06-16 18:18:17,-101.8905,31.8483,  23.0,25710,-54.3,-78.5,-73.7,  4,  6, 0.04, 96, 9.9
2026-06-16 18:18:18,-101.8905,31.8483,  23.0,25716,-54.3,-78.5,-73.7,  4,  6, 0.04, 97, 9.8
2026-06-16 18:18:19,-101.8906,31.8483,  23.0,25723,-54.3,-78.5,-73.7,  4,  6, 0.04, 97, 9.8
2026-06-16 18:18:20,-101.8907,31.8483,  23.0,25729,-54.3,-78.5,-73.8,  4,  6, 0.04, 97, 9.8
2026-06-16 18:18:21,-101.8908,31.8484,  22.9,25735,-54.3,-78.5,-73.8,  4,  6, 0.04, 97, 9.7
2026-06-16 18:18:22,-101.8909,31.8484,  22.9,25741,-54.3,-78.5,-73.8,  4,  6, 0.04, 97, 9.7
2026-06-16 18:18:23,-101.8910,31.8484,  22.9,25747,-54.2,-78.5,-73.8,  4,  6, 0.04, 97, 9.6
2026-06-16 18:18:24,-101.8911,31.8484,  22.9,25753,-54.2,-78.5,-73.8,  4,  6, 0.04, 97, 9.6
2026-06-16 18:18:25,-101.8912,31.8484,  22.8,25759,-54.2,-78.6,-73.8,  4,  6, 0.04, 97, 9.6
2026-06-16 18:18:26,-101.8913,31.8484,  22.8,25765,-54.2,-78.6,-73.8,  4,  6, 0.04, 97, 9.5
2026-06-16 18:18:27,-101.8914,31.8484,  22.8,25771,-54.2,-78.6,-73.8,  4,  6, 0.04, 97, 9.5
2026-06-16 18:18:28,-101.8915,31.8484,  22.8,25777,-54.2,-78.6,-73.8,  4,  6, 0.04, 96, 9.5
2026-06-16 18:18:29,-101.8916,31.8484,  22.8,25784,-54.2,-78.6,-73.9,  4,  6, 0.04, 96, 9.4
2026-06-16 18:18:30,-101.8917,31.8484,  22.7,25790,-54.2,-78.6,-73.9,  4,  6, 0.04, 96, 9.4
2026-06-16 18:18:31,-101.8918,31.8484,  22.7,25797,-54.2,-78.6,-73.9,  4,  6, 0.04, 96, 9.4
2026-06-16 18:18:32,-101.8919,31.8484,  22.7,25803,-54.2,-78.6,-73.9,  4,  6, 0.04, 96, 9.3
2026-06-16 18:18:33,-101.8920,31.8485,  22.7,25810,-54.2,-78.6,-73.9,  4,  6, 0.04, 96, 9.3
2026-06-16 18:18:34,-101.8921,31.8485,  22.6,25816,-54.2,-78.6,-73.9,  4,  6, 0.04, 96, 9.3
2026-06-16 18:18:35,-101.8922,31.8485,  22.6,25823,-54.1,-78.6,-73.8,  4,  6, 0.04, 96, 9.2
2026-06-16 18:18:36,-101.8923,31.8485,  22.6,25829,-54.1,-78.6,-73.8,  4,  6, 0.04, 96, 9.2
2026-06-16 18:18:37,-101.8924,31.8485,  22.6,25836,-54.1,-78.6,-73.8,  4,  6, 0.04, 96, 9.1
2026-06-16 18:18:38,-101.8925,31.8485,  22.6,25842,-54.1,-78.5,-73.8,  4,  6, 0.04, 95, 9.1
2026-06-16 18:18:39,-101.8926,31.8485,  22.5,25849,-54.1,-78.5,-73.8,  4,  6, 0.04, 95, 9.1
2026-06-16 18:18:40,-101.8927,31.8485,  22.5,25855,-54.1,-78.5,-73.8,  4,  6, 0.04, 95, 9.0
2026-06-16 18:18:41,-101.8927,31.8485,  22.5,25862,-54.0,-78.5,-73.8,  4,  6, 0.04, 95, 9.0
2026-06-16 18:18:42,-101.8928,31.8485,  22.5,25868,-54.0,-78.5,-73.8,  4,  6, 0.04, 94, 8.9
2026-06-16 18:18:43,-101.8929,31.8485,  22.4,25874,-54.0,-78.5,-73.7,  4,  6, 0.04, 94, 8.8
2026-06-16 18:18:44,-101.8930,31.8485,  22.4,25881,-54.0,-78.5,-73.7,  4,  6, 0.04, 94, 8.8
2026-06-16 18:18:45,-101.8931,31.8485,  22.4,25888,-53.9,-78.4,-73.7,  4,  6, 0.04, 93, 8.7
2026-06-16 18:18:46,-101.8932,31.8485,  22.4,25894,-53.9,-78.4,-73.7,  4,  6, 0.04, 93, 8.7
2026-06-16 18:18:47,-101.8933,31.8485,  22.3,25901,-53.9,-78.4,-73.7,  4,  6, 0.04, 92, 8.6
2026-06-16 18:18:48,-101.8934,31.8484,  22.3,25908,-53.9,-78.4,-73.6,  4,  6, 0.04, 92, 8.5
2026-06-16 18:18:49,-101.8934,31.8484,  22.3,25915,-53.8,-78.4,-73.6,  4,  6, 0.04, 91, 8.5
2026-06-16 18:18:50,-101.8935,31.8484,  22.3,25922,-53.8,-78.3,-73.6,  4,  6, 0.04, 91, 8.4
2026-06-16 18:18:51,-101.8936,31.8484,  22.3,25928,-53.8,-78.3,-73.6,  4,  6, 0.04, 90, 8.4
2026-06-16 18:18:52,-101.8937,31.8484,  22.2,25935,-53.8,-78.3,-73.6,  4,  6, 0.04, 90, 8.3
2026-06-16 18:18:53,-101.8938,31.8484,  22.2,25942,-53.7,-78.3,-73.5,  4,  6, 0.04, 89, 8.2
2026-06-16 18:18:54,-101.8939,31.8484,  22.2,25948,-53.7,-78.3,-73.5,  4,  6, 0.04, 89, 8.2
2026-06-16 18:18:55,-101.8940,31.8484,  22.2,25955,-53.7,-78.2,-73.5,  4,  6, 0.04, 88, 8.1
2026-06-16 18:18:56,-101.8940,31.8483,  22.1,25962,-53.7,-78.2,-73.5,  4,  6, 0.04, 88, 8.1
2026-06-16 18:18:57,-101.8941,31.8483,  22.1,25969,-53.6,-78.2,-73.5,  4,  6, 0.04, 87, 8.0
2026-06-16 18:18:58,-101.8942,31.8483,  22.1,25975,-53.6,-78.2,-73.4,  4,  6, 0.04, 87, 7.9
2026-06-16 18:18:59,-101.8943,31.8483,  22.1,25982,-53.6,-78.2,-73.4,  4,  6, 0.04, 86, 7.9
2026-06-16 18:19:00,-101.8944,31.8483,  22.0,25989,-53.6,-78.1,-73.4,  4,  6, 0.04, 86, 7.8
2026-06-16 18:19:01,-101.8945,31.8483,  22.0,25996,-53.5,-78.1,-73.4,  4,  6, 0.04, 85, 7.9
2026-06-16 18:19:02,-101.8946,31.8483,  22.0,26002,-53.5,-78.1,-73.4,  4,  6, 0.04, 85, 8.0
2026-06-16 18:19:03,-101.8947,31.8483,  22.0,26009,-53.5,-78.1,-73.4,  4,  6, 0.04, 84, 8.1
2026-06-16 18:19:04,-101.8947,31.8483,  21.9,26016,-53.4,-78.1,-73.3,  4,  6, 0.04, 83, 8.1
2026-06-16 18:19:05,-101.8948,31.8482,  21.9,26023,-53.4,-78.0,-73.3,  4,  6, 0.04, 83, 8.2
2026-06-16 18:19:06,-101.8949,31.8482,  21.9,26030,-53.4,-78.0,-73.3,  4,  6, 0.04, 82, 8.3
2026-06-16 18:19:07,-101.8950,31.8482,  21.9,26037,-53.4,-78.0,-73.3,  4,  6, 0.05, 82, 8.4
2026-06-16 18:19:08,-101.8951,31.8482,  21.9,26044,-53.3,-78.0,-73.3,  4,  6, 0.05, 81, 8.5
2026-06-16 18:19:09,-101.8952,31.8482,  21.8,26050,-53.3,-78.0,-73.2,  4,  6, 0.05, 81, 8.5
2026-06-16 18:19:10,-101.8953,31.8482,  21.8,26057,-53.3,-78.0,-73.2,  4,  6, 0.05, 80, 8.6
2026-06-16 18:19:11,-101.8953,31.8482,  21.8,26064,-53.3,-77.9,-73.2,  4,  6, 0.05, 80, 8.7
2026-06-16 18:19:12,-101.8955,31.8482,  21.8,26070,-53.3,-77.9,-73.2,  4,  6, 0.05, 79, 8.8
2026-06-16 18:19:13,-101.8956,31.8481,  21.7,26077,-53.2,-77.9,-73.2,  4,  6, 0.05, 79, 8.9
2026-06-16 18:19:14,-101.8957,31.8481,  21.7,26084,-53.2,-77.9,-73.2,  4,  6, 0.05, 78, 8.9
2026-06-16 18:19:15,-101.8958,31.8481,  21.7,26090,-53.2,-77.9,-73.1,  4,  6, 0.05, 78, 9.0
2026-06-16 18:19:16,-101.8960,31.8481,  21.7,26097,-53.2,-77.9,-73.1,  4,  6, 0.05, 77, 9.1
2026-06-16 18:19:17,-101.8961,31.8481,  21.7,26103,-53.2,-77.8,-73.1,  4,  6, 0.05, 77, 9.2
2026-06-16 18:19:18,-101.8962,31.8480,  21.6,26110,-53.1,-77.8,-73.1,  4,  6, 0.05, 76, 9.3
2026-06-16 18:19:19,-101.8964,31.8480,  21.6,26117,-53.1,-77.8,-73.0,  4,  6, 0.05, 76, 9.4
2026-06-16 18:19:20,-101.8965,31.8480,  21.6,26123,-53.1,-77.8,-73.0,  4,  6, 0.05, 76, 9.5
2026-06-16 18:19:21,-101.8966,31.8480,  21.6,26130,-53.1,-77.7,-73.0,  4,  6, 0.05, 76, 9.6
2026-06-16 18:19:22,-101.8967,31.8480,  21.5,26137,-53.1,-77.7,-73.0,  4,  6, 0.05, 76, 9.8
2026-06-16 18:19:23,-101.8969,31.8479,  21.5,26144,-53.1,-77.7,-72.9,  4,  6, 0.05, 76,10.0
2026-06-16 18:19:24,-101.8970,31.8479,  21.5,26151,-53.0,-77.7,-72.9,  4,  6, 0.05, 77,10.1
2026-06-16 18:19:25,-101.8971,31.8479,  21.5,26158,-53.0,-77.6,-72.9,  4,  6, 0.05, 77,10.3
2026-06-16 18:19:26,-101.8972,31.8479,  21.5,26164,-53.0,-77.6,-72.9,  4,  6, 0.05, 77,10.5
2026-06-16 18:19:27,-101.8974,31.8479,  21.4,26171,-53.0,-77.6,-72.9,  4,  6, 0.05, 77,10.6
2026-06-16 18:19:28,-101.8975,31.8478,  21.4,26178,-53.0,-77.6,-72.8,  4,  6, 0.05, 78,10.8
2026-06-16 18:19:29,-101.8976,31.8478,  21.4,26185,-53.0,-77.5,-72.8,  4,  6, 0.05, 78,11.0
2026-06-16 18:19:30,-101.8978,31.8478,  21.4,26191,-53.0,-77.5,-72.8,  4,  6, 0.05, 78,11.1
2026-06-16 18:19:31,-101.8979,31.8478,  21.3,26197,-52.9,-77.5,-72.8,  4,  6, 0.05, 78,11.3
2026-06-16 18:19:32,-101.8980,31.8477,  21.3,26203,-52.9,-77.5,-72.8,  4,  6, 0.05, 79,11.5
2026-06-16 18:19:33,-101.8981,31.8477,  21.3,26210,-52.9,-77.5,-72.7,  4,  6, 0.05, 79,11.7
2026-06-16 18:19:34,-101.8983,31.8477,  21.3,26216,-52.9,-77.4,-72.7,  4,  6, 0.05, 79,11.8
2026-06-16 18:19:35,-101.8984,31.8477,  21.3,26222,-52.9,-77.4,-72.7,  4,  6, 0.05, 79,12.0
2026-06-16 18:19:36,-101.8985,31.8477,  21.2,26228,-52.9,-77.4,-72.7,  4,  6, 0.05, 79,12.2
2026-06-16 18:19:37,-101.8986,31.8476,  21.2,26235,-52.9,-77.4,-72.6,  4,  6, 0.05, 80,12.3
2026-06-16 18:19:38,-101.8988,31.8476,  21.2,26241,-52.8,-77.4,-72.6,  4,  6, 0.05, 80,12.5
2026-06-16 18:19:39,-101.8989,31.8476,  21.2,26248,-52.8,-77.3,-72.6,  4,  6, 0.05, 80,12.7
2026-06-16 18:19:40,-101.8990,31.8476,  21.2,26254,-52.8,-77.3,-72.6,  4,  6, 0.05, 80,12.8
2026-06-16 18:19:41,-101.8991,31.8476,  21.1,26261,-52.8,-77.3,-72.6,  4,  6, 0.05, 80,12.9
2026-06-16 18:19:42,-101.8993,31.8475,  21.1,26267,-52.8,-77.3,-72.6,  4,  6, 0.05, 80,13.0
2026-06-16 18:19:43,-101.8994,31.8475,  21.1,26273,-52.8,-77.3,-72.6,  4,  6, 0.05, 80,13.0
2026-06-16 18:19:44,-101.8996,31.8475,  21.1,26280,-52.8,-77.3,-72.6,  4,  6, 0.05, 80,13.1
2026-06-16 18:19:45,-101.8997,31.8475,  21.0,26286,-52.7,-77.3,-72.5,  4,  6, 0.05, 80,13.2
2026-06-16 18:19:46,-101.8998,31.8475,  21.0,26292,-52.7,-77.3,-72.5,  4,  6, 0.05, 80,13.2
2026-06-16 18:19:47,-101.9000,31.8474,  21.0,26299,-52.7,-77.3,-72.5,  4,  6, 0.05, 80,13.3
2026-06-16 18:19:48,-101.9001,31.8474,  21.0,26306,-52.7,-77.2,-72.5,  4,  6, 0.05, 80,13.3
2026-06-16 18:19:49,-101.9002,31.8474,  21.0,26313,-52.7,-77.2,-72.5,  4,  6, 0.05, 80,13.4
2026-06-16 18:19:50,-101.9004,31.8474,  20.9,26320,-52.7,-77.2,-72.5,  4,  6, 0.05, 80,13.5
2026-06-16 18:19:51,-101.9005,31.8474,  20.9,26327,-52.7,-77.2,-72.5,  4,  6, 0.05, 80,13.5
2026-06-16 18:19:52,-101.9006,31.8473,  20.9,26333,-52.7,-77.2,-72.5,  4,  6, 0.05, 80,13.6
2026-06-16 18:19:53,-101.9008,31.8473,  20.9,26340,-52.6,-77.2,-72.5,  4,  6, 0.05, 80,13.7
2026-06-16 18:19:54,-101.9009,31.8473,  20.9,26347,-52.6,-77.2,-72.5,  4,  6, 0.05, 80,13.7
2026-06-16 18:19:55,-101.9011,31.8473,  20.8,26354,-52.6,-77.2,-72.5,  4,  6, 0.05, 80,13.8
2026-06-16 18:19:56,-101.9012,31.8473,  20.8,26360,-52.6,-77.2,-72.5,  4,  6, 0.05, 80,13.8
2026-06-16 18:19:57,-101.9013,31.8472,  20.8,26367,-52.6,-77.2,-72.5,  4,  6, 0.05, 80,13.9
2026-06-16 18:19:58,-101.9015,31.8472,  20.8,26374,-52.6,-77.2,-72.5,  4,  6, 0.05, 80,14.0
2026-06-16 18:19:59,-101.9016,31.8472,  20.7,26380,-52.6,-77.2,-72.5,  4,  6, 0.05, 80,14.0
2026-06-16 18:20:00,-101.9017,31.8472,  20.7,26387,-52.6,-77.2,-72.5,  4,  6, 0.05, 80,14.1
2026-06-16 18:20:01,-101.9019,31.8472,  20.7,26394,-52.6,-77.2,-72.5,  4,  6, 0.05, 80,14.0
2026-06-16 18:20:02,-101.9020,31.8471,  20.7,26401,-52.6,-77.2,-72.5,  4,  6, 0.05, 80,13.8
2026-06-16 18:20:03,-101.9022,31.8471,  20.7,26407,-52.5,-77.2,-72.5,  4,  6, 0.05, 80,13.7
2026-06-16 18:20:04,-101.9023,31.8471,  20.6,26414,-52.5,-77.2,-72.5,  4,  6, 0.05, 80,13.6
2026-06-16 18:20:05,-101.9024,31.8471,  20.6,26420,-52.5,-77.2,-72.5,  4,  6, 0.05, 80,13.5
2026-06-16 18:20:06,-101.9026,31.8471,  20.6,26426,-52.5,-77.3,-72.5,  4,  6, 0.05, 80,13.3
2026-06-16 18:20:07,-101.9027,31.8470,  20.6,26433,-52.5,-77.3,-72.5,  4,  6, 0.05, 80,13.2
2026-06-16 18:20:08,-101.9028,31.8470,  20.6,26439,-52.5,-77.3,-72.5,  4,  6, 0.05, 80,13.1
2026-06-16 18:20:09,-101.9030,31.8470,  20.5,26446,-52.5,-77.2,-72.5,  4,  6, 0.05, 80,13.0
2026-06-16 18:20:10,-101.9031,31.8470,  20.5,26453,-52.5,-77.2,-72.5,  4,  6, 0.05, 80,12.8
2026-06-16 18:20:11,-101.9033,31.8470,  20.5,26459,-52.5,-77.2,-72.5,  4,  6, 0.05, 80,12.7
2026-06-16 18:20:12,-101.9034,31.8469,  20.5,26466,-52.5,-77.2,-72.5,  4,  6, 0.05, 80,12.6
2026-06-16 18:20:13,-101.9035,31.8469,  20.4,26473,-52.5,-77.2,-72.5,  4,  6, 0.05, 80,12.5
2026-06-16 18:20:14,-101.9036,31.8469,  20.4,26480,-52.5,-77.2,-72.5,  4,  6, 0.05, 80,12.3
2026-06-16 18:20:15,-101.9037,31.8469,  20.4,26486,-52.5,-77.2,-72.5,  4,  6, 0.05, 80,12.2
2026-06-16 18:20:16,-101.9038,31.8469,  20.4,26493,-52.5,-77.2,-72.5,  4,  6, 0.05, 79,12.1
2026-06-16 18:20:17,-101.9039,31.8469,  20.4,26499,-52.5,-77.2,-72.5,  4,  6, 0.05, 79,12.0
2026-06-16 18:20:18,-101.9040,31.8469,  20.3,26506,-52.4,-77.2,-72.5,  4,  6, 0.06, 79,11.8
2026-06-16 18:20:19,-101.9041,31.8469,  20.3,26512,-52.4,-77.2,-72.5,  4,  6, 0.06, 79,11.7
2026-06-16 18:20:20,-101.9042,31.8469,  20.3,26519,-52.4,-77.2,-72.5,  4,  6, 0.06, 79,11.6
2026-06-16 18:20:21,-101.9043,31.8468,  20.3,26526,-52.4,-77.2,-72.4,  4,  6, 0.06, 79,11.5
2026-06-16 18:20:22,-101.9044,31.8468,  20.3,26532,-52.4,-77.2,-72.4,  4,  6, 0.06, 80,11.4
2026-06-16 18:20:23,-101.9045,31.8468,  20.2,26539,-52.4,-77.1,-72.4,  4,  6, 0.06, 80,11.3
2026-06-16 18:20:24,-101.9046,31.8468,  20.2,26546,-52.4,-77.1,-72.4,  4,  6, 0.06, 80,11.2
2026-06-16 18:20:25,-101.9047,31.8468,  20.2,26553,-52.4,-77.1,-72.4,  4,  6, 0.06, 80,11.1
2026-06-16 18:20:26,-101.9049,31.8468,  20.2,26559,-52.4,-77.1,-72.4,  4,  6, 0.06, 80,11.0
2026-06-16 18:20:27,-101.9050,31.8468,  20.2,26566,-52.4,-77.1,-72.4,  4,  6, 0.06, 80,10.9
2026-06-16 18:20:28,-101.9051,31.8468,  20.1,26572,-52.4,-77.1,-72.4,  4,  6, 0.06, 81,10.8
2026-06-16 18:20:29,-101.9052,31.8467,  20.1,26579,-52.4,-77.1,-72.4,  4,  6, 0.06, 81,10.7
2026-06-16 18:20:30,-101.9053,31.8467,  20.1,26585,-52.3,-77.1,-72.3,  4,  6, 0.06, 81,10.6
2026-06-16 18:20:31,-101.9054,31.8467,  20.1,26592,-52.3,-77.0,-72.3,  4,  6, 0.06, 81,10.5
2026-06-16 18:20:32,-101.9055,31.8467,  20.1,26599,-52.3,-77.0,-72.3,  4,  6, 0.06, 81,10.4
2026-06-16 18:20:33,-101.9056,31.8467,  20.0,26605,-52.3,-77.0,-72.3,  4,  6, 0.06, 81,10.3
2026-06-16 18:20:34,-101.9056,31.8467,  20.0,26612,-52.3,-77.0,-72.3,  4,  6, 0.06, 82,10.2
2026-06-16 18:20:35,-101.9058,31.8467,  20.0,26616,-52.3,-77.0,-72.3,  4,  6, 0.06, 82,10.1
2026-06-16 18:20:36,-101.9059,31.8467,  20.0,26626,-52.3,-77.0,-72.2,  4,  6, 0.06, 82,10.0
2026-06-16 18:20:37,-101.9060,31.8467,  19.9,26633,-52.2,-76.9,-72.2,  4,  6, 0.06, 82, 9.9
2026-06-16 18:20:38,-101.9061,31.8466,  19.9,26639,-52.2,-76.9,-72.2,  4,  6, 0.06, 82, 9.8
2026-06-16 18:20:39,-101.9062,31.8466,  19.9,26646,-52.2,-76.9,-72.2,  4,  6, 0.06, 83, 9.7
2026-06-16 18:20:40,-101.9063,31.8466,  19.9,26653,-52.2,-76.9,-72.2,  4,  6, 0.06, 83, 9.6
2026-06-16 18:20:41,-101.9064,31.8466,  19.9,26660,-52.2,-76.9,-72.2,  4,  6, 0.06, 83, 9.7
2026-06-16 18:20:42,-101.9065,31.8466,  19.8,26667,-52.2,-76.9,-72.1,  4,  6, 0.06, 83, 9.8
2026-06-16 18:20:43,-101.9066,31.8466,  19.8,26673,-52.2,-76.8,-72.1,  4,  6, 0.06, 84, 9.9
2026-06-16 18:20:44,-101.9068,31.8466,  19.8,26680,-52.1,-76.8,-72.1,  4,  6, 0.06, 84, 9.9
2026-06-16 18:20:45,-101.9069,31.8466,  19.8,26686,-52.1,-76.8,-72.1,  4,  6, 0.06, 84,10.0
2026-06-16 18:20:46,-101.9070,31.8466,  19.8,26693,-52.1,-76.8,-72.1,  4,  6, 0.06, 85,10.1
2026-06-16 18:20:47,-101.9072,31.8466,  19.7,26699,-52.1,-76.8,-72.0,  4,  6, 0.06, 85,10.2
2026-06-16 18:20:48,-101.9073,31.8466,  19.7,26706,-52.1,-76.7,-72.0,  4,  6, 0.06, 85,10.3
2026-06-16 18:20:49,-101.9074,31.8466,  19.7,26712,-52.0,-76.7,-72.0,  4,  6, 0.06, 85,10.4
2026-06-16 18:20:50,-101.9076,31.8466,  19.7,26719,-52.0,-76.7,-72.0,  4,  6, 0.06, 85,10.5
2026-06-16 18:20:51,-101.9077,31.8466,  19.7,26726,-52.0,-76.7,-71.9,  4,  6, 0.06, 86,10.6
2026-06-16 18:20:52,-101.9078,31.8465,  19.6,26732,-52.0,-76.6,-71.9,  4,  6, 0.06, 86,10.7
2026-06-16 18:20:53,-101.9080,31.8465,  19.6,26739,-52.0,-76.6,-71.9,  4,  6, 0.06, 86,10.7
2026-06-16 18:20:54,-101.9081,31.8465,  19.6,26745,-51.9,-76.6,-71.9,  4,  6, 0.06, 86,10.8
2026-06-16 18:20:55,-101.9082,31.8465,  19.6,26751,-51.9,-76.6,-71.9,  4,  6, 0.06, 87,10.9
2026-06-16 18:20:56,-101.9084,31.8465,  19.6,26758,-51.9,-76.5,-71.8,  4,  6, 0.06, 87,11.0
2026-06-16 18:20:57,-101.9085,31.8465,  19.5,26764,-51.9,-76.5,-71.8,  4,  6, 0.06, 87,11.1
2026-06-16 18:20:58,-101.9086,31.8465,  19.5,26770,-51.9,-76.5,-71.8,  4,  6, 0.06, 87,11.2
2026-06-16 18:20:59,-101.9087,31.8465,  19.5,26777,-51.9,-76.5,-71.8,  4,  6, 0.06, 87,11.3
2026-06-16 18:21:00,-101.9089,31.8465,  19.5,26783,-51.9,-76.5,-71.8,  4,  6, 0.06, 88,11.4
2026-06-16 18:21:01,-101.9090,31.8465,  19.5,26788,-51.9,-76.5,-71.7,  4,  6, 0.06, 88,11.5
2026-06-16 18:21:02,-101.9091,31.8465,  19.5,26795,-51.8,-76.5,-71.7,  4,  6, 0.06, 88,11.6
2026-06-16 18:21:03,-101.9093,31.8465,  19.4,26802,-51.8,-76.5,-71.7,  4,  6, 0.06, 88,11.7
2026-06-16 18:21:04,-101.9094,31.8465,  19.4,26808,-51.8,-76.4,-71.7,  4,  6, 0.06, 87,11.8
2026-06-16 18:21:05,-101.9095,31.8465,  19.4,26814,-51.8,-76.4,-71.7,  4,  6, 0.06, 87,12.0
2026-06-16 18:21:06,-101.9097,31.8465,  19.4,26821,-51.8,-76.4,-71.7,  4,  6, 0.06, 87,12.1
2026-06-16 18:21:07,-101.9098,31.8465,  19.4,26827,-51.8,-76.4,-71.7,  4,  6, 0.06, 87,12.2
2026-06-16 18:21:08,-101.9099,31.8465,  19.3,26833,-51.8,-76.4,-71.7,  4,  6, 0.07, 87,12.3
2026-06-16 18:21:09,-101.9101,31.8465,  19.3,26840,-51.8,-76.4,-71.7,  4,  6, 0.07, 87,12.4
2026-06-16 18:21:10,-101.9102,31.8465,  19.3,26846,-51.8,-76.4,-71.7,  4,  6, 0.07, 87,12.5
2026-06-16 18:21:11,-101.9103,31.8465,  19.3,26853,-51.8,-76.4,-71.7,  4,  6, 0.07, 87,12.7
2026-06-16 18:21:12,-101.9105,31.8464,  19.3,26859,-51.7,-76.4,-71.7,  4,  6, 0.07, 87,12.8
2026-06-16 18:21:13,-101.9106,31.8464,  19.2,26865,-51.7,-76.4,-71.7,  4,  6, 0.07, 87,12.9
2026-06-16 18:21:14,-101.9107,31.8464,  19.2,26872,-51.7,-76.4,-71.7,  4,  6, 0.07, 87,13.0
2026-06-16 18:21:15,-101.9109,31.8464,  19.2,26878,-51.7,-76.4,-71.7,  4,  6, 0.07, 87,13.1
2026-06-16 18:21:16,-101.9110,31.8464,  19.2,26885,-51.7,-76.4,-71.7,  4,  6, 0.07, 87,13.2
2026-06-16 18:21:17,-101.9111,31.8464,  19.2,26891,-51.7,-76.4,-71.7,  4,  6, 0.07, 87,13.4
2026-06-16 18:21:18,-101.9113,31.8464,  19.1,26898,-51.7,-76.4,-71.7,  4,  6, 0.07, 87,13.5
2026-06-16 18:21:19,-101.9114,31.8464,  19.1,26905,-51.7,-76.4,-71.7,  4,  6, 0.07, 87,13.6
2026-06-16 18:21:20,-101.9115,31.8464,  19.1,26911,-51.7,-76.4,-71.7,  4,  6, 0.07, 87,13.7
2026-06-16 18:21:21,-101.9117,31.8463,  19.1,26918,-51.7,-76.4,-71.7,  4,  6, 0.07, 87,13.7
2026-06-16 18:21:22,-101.9118,31.8463,  19.1,26924,-51.7,-76.4,-71.7,  4,  6, 0.07, 86,13.6
2026-06-16 18:21:23,-101.9119,31.8463,  19.0,26931,-51.7,-76.4,-71.7,  4,  6, 0.07, 86,13.6
2026-06-16 18:21:24,-101.9121,31.8463,  19.0,26938,-51.7,-76.4,-71.7,  4,  6, 0.07, 86,13.6
2026-06-16 18:21:25,-101.9122,31.8463,  19.0,26945,-51.7,-76.4,-71.7,  4,  6, 0.07, 86,13.5
2026-06-16 18:21:26,-101.9123,31.8463,  19.0,26951,-51.6,-76.4,-71.7,  4,  6, 0.07, 86,13.5
2026-06-16 18:21:27,-101.9125,31.8463,  19.0,26958,-51.6,-76.4,-71.7,  4,  6, 0.07, 86,13.4
2026-06-16 18:21:28,-101.9126,31.8463,  19.0,26964,-51.6,-76.4,-71.7,  4,  6, 0.07, 85,13.4
2026-06-16 18:21:29,-101.9127,31.8462,  18.9,26971,-51.6,-76.4,-71.7,  4,  6, 0.07, 85,13.4
2026-06-16 18:21:30,-101.9129,31.8462,  18.9,26977,-51.6,-76.4,-71.7,  4,  6, 0.07, 85,13.3
2026-06-16 18:21:31,-101.9130,31.8462,  18.9,26984,-51.6,-76.4,-71.6,  4,  6, 0.07, 85,13.3
2026-06-16 18:21:32,-101.9131,31.8462,  18.9,26990,-51.6,-76.4,-71.6,  4,  6, 0.07, 85,13.2
2026-06-16 18:21:33,-101.9133,31.8462,  18.9,26997,-51.6,-76.3,-71.6,  4,  6, 0.07, 85,13.2
2026-06-16 18:21:34,-101.9134,31.8462,  18.8,27003,-51.6,-76.3,-71.6,  4,  6, 0.07, 84,13.2
2026-06-16 18:21:35,-101.9135,31.8462,  18.8,27010,-51.6,-76.3,-71.6,  4,  6, 0.07, 84,13.1
2026-06-16 18:21:36,-101.9137,31.8462,  18.8,27016,-51.6,-76.3,-71.6,  4,  6, 0.07, 84,13.1
2026-06-16 18:21:37,-101.9138,31.8461,  18.8,27023,-51.6,-76.3,-71.6,  4,  6, 0.07, 84,13.1
2026-06-16 18:21:38,-101.9139,31.8461,  18.8,27029,-51.5,-76.3,-71.6,  4,  6, 0.07, 84,13.0
2026-06-16 18:21:39,-101.9141,31.8461,  18.7,27035,-51.5,-76.3,-71.5,  4,  6, 0.07, 84,13.0
2026-06-16 18:21:40,-101.9142,31.8461,  18.7,27042,-51.5,-76.2,-71.5,  4,  6, 0.07, 83,12.9
2026-06-16 18:21:41,-101.9143,31.8461,  18.7,27048,-51.5,-76.2,-71.5,  4,  6, 0.07, 83,12.8
2026-06-16 18:21:42,-101.9145,31.8461,  18.7,27054,-51.5,-76.2,-71.5,  4,  6, 0.07, 83,12.7
2026-06-16 18:21:43,-101.9146,31.8461,  18.7,27061,-51.5,-76.2,-71.5,  4,  6, 0.07, 83,12.5
2026-06-16 18:21:44,-101.9147,31.8461,  18.7,27067,-51.5,-76.2,-71.5,  4,  6, 0.07, 83,12.4
2026-06-16 18:21:45,-101.9148,31.8460,  18.6,27073,-51.4,-76.2,-71.5,  4,  6, 0.07, 83,12.3
2026-06-16 18:21:46,-101.9149,31.8460,  18.6,27080,-51.4,-76.2,-71.5,  4,  6, 0.07, 83,12.1
2026-06-16 18:21:47,-101.9150,31.8460,  18.6,27086,-51.4,-76.1,-71.4,  4,  6, 0.07, 83,12.0
2026-06-16 18:21:48,-101.9151,31.8460,  18.6,27092,-51.4,-76.1,-71.4,  4,  6, 0.07, 82,11.9
2026-06-16 18:21:49,-101.9152,31.8460,  18.6,27099,-51.4,-76.1,-71.4,  4,  6, 0.07, 82,11.7
2026-06-16 18:21:50,-101.9154,31.8460,  18.5,27105,-51.4,-76.1,-71.4,  4,  6, 0.07, 82,11.6
2026-06-16 18:21:51,-101.9155,31.8460,  18.5,27111,-51.4,-76.1,-71.4,  4,  6, 0.07, 82,11.5
2026-06-16 18:21:52,-101.9156,31.8460,  18.5,27118,-51.3,-76.1,-71.4,  4,  6, 0.07, 82,11.3
2026-06-16 18:21:53,-101.9157,31.8460,  18.5,27124,-51.3,-76.0,-71.3,  4,  6, 0.07, 82,11.2
2026-06-16 18:21:54,-101.9158,31.8459,  18.5,27130,-51.3,-76.0,-71.3,  4,  6, 0.07, 82,11.1
2026-06-16 18:21:55,-101.9159,31.8459,  18.5,27137,-51.3,-76.0,-71.3,  4,  6, 0.07, 82,10.9
2026-06-16 18:21:56,-101.9160,31.8459,  18.4,27144,-51.2,-76.0,-71.3,  4,  6, 0.07, 81,10.8
2026-06-16 18:21:57,-101.9161,31.8459,  18.4,27151,-51.2,-76.0,-71.3,  4,  6, 0.07, 81,10.7
2026-06-16 18:21:58,-101.9162,31.8459,  18.4,27159,-51.2,-76.0,-71.3,  4,  6, 0.07, 81,10.5
2026-06-16 18:21:59,-101.9163,31.8459,  18.4,27166,-51.2,-76.0,-71.3,  4,  6, 0.07, 81,10.4
2026-06-16 18:22:00,-101.9164,31.8459,  18.4,27173,-51.2,-76.0,-71.3,  4,  6, 0.07, 81,10.3
2026-06-16 18:22:01,-101.9165,31.8459,  18.3,27180,-51.1,-76.0,-71.3,  4,  6, 0.07, 81,10.2
2026-06-16 18:22:02,-101.9166,31.8458,  18.3,27187,-51.1,-76.0,-71.3,  4,  6, 0.07, 81,10.2
2026-06-16 18:22:03,-101.9167,31.8458,  18.3,27193,-51.1,-76.0,-71.3,  4,  6, 0.07, 81,10.1
2026-06-16 18:22:04,-101.9168,31.8458,  18.3,27200,-51.1,-76.0,-71.3,  4,  6, 0.07, 81,10.1
2026-06-16 18:22:05,-101.9169,31.8458,  18.3,27207,-51.0,-76.0,-71.3,  4,  6, 0.07, 81,10.0
2026-06-16 18:22:06,-101.9170,31.8458,  18.2,27213,-51.0,-76.0,-71.3,  4,  6, 0.07, 82,10.0
2026-06-16 18:22:07,-101.9171,31.8458,  18.2,27220,-51.0,-76.0,-71.3,  4,  6, 0.07, 82, 9.9
2026-06-16 18:22:08,-101.9172,31.8458,  18.2,27227,-51.0,-76.0,-71.3,  4,  6, 0.07, 82, 9.9
2026-06-16 18:22:09,-101.9173,31.8458,  18.2,27233,-50.9,-76.0,-71.3,  4,  6, 0.07, 82, 9.8
2026-06-16 18:22:10,-101.9174,31.8458,  18.2,27240,-50.9,-76.0,-71.3,  4,  6, 0.07, 82, 9.8
2026-06-16 18:22:11,-101.9175,31.8457,  18.1,27247,-50.9,-76.0,-71.3,  4,  6, 0.07, 82, 9.7
2026-06-16 18:22:12,-101.9176,31.8457,  18.1,27254,-50.9,-76.0,-71.3,  4,  6, 0.07, 82, 9.7
2026-06-16 18:22:13,-101.9177,31.8457,  18.1,27261,-50.8,-76.0,-71.3,  4,  6, 0.07, 83, 9.6
2026-06-16 18:22:14,-101.9178,31.8457,  18.1,27268,-50.8,-76.0,-71.3,  4,  6, 0.07, 83, 9.6
2026-06-16 18:22:15,-101.9179,31.8457,  18.1,27274,-50.8,-76.0,-71.2,  4,  6, 0.07, 83, 9.6
2026-06-16 18:22:16,-101.9180,31.8457,  18.1,27281,-50.8,-75.9,-71.2,  4,  6, 0.07, 83, 9.5
2026-06-16 18:22:17,-101.9181,31.8457,  18.0,27288,-50.7,-75.9,-71.2,  4,  6, 0.08, 83, 9.5
2026-06-16 18:22:18,-101.9182,31.8457,  18.0,27294,-50.7,-75.9,-71.2,  4,  6, 0.08, 83, 9.4
2026-06-16 18:22:19,-101.9183,31.8457,  18.0,27300,-50.7,-75.9,-71.2,  4,  6, 0.08, 84, 9.4
2026-06-16 18:22:20,-101.9184,31.8457,  18.0,27307,-50.6,-75.9,-71.2,  4,  6, 0.08, 84, 9.3
2026-06-16 18:22:21,-101.9185,31.8457,  18.0,27313,-50.6,-75.9,-71.2,  4,  6, 0.08, 84, 9.3
2026-06-16 18:22:22,-101.9186,31.8457,  18.0,27316,-50.6,-75.9,-71.2,  4,  6, 0.08, 84, 9.4
2026-06-16 18:22:23,-101.9187,31.8457,  17.9,27326,-50.6,-75.8,-71.1,  4,  6, 0.08, 85, 9.4
2026-06-16 18:22:24,-101.9188,31.8457,  17.9,27332,-50.5,-75.8,-71.1,  4,  6, 0.08, 86, 9.4
2026-06-16 18:22:25,-101.9189,31.8457,  17.9,27339,-50.5,-75.8,-71.1,  4,  6, 0.08, 86, 9.5
2026-06-16 18:22:26,-101.9190,31.8457,  17.9,27345,-50.5,-75.7,-71.0,  4,  6, 0.08, 87, 9.5
2026-06-16 18:22:27,-101.9191,31.8457,  17.9,27352,-50.4,-75.7,-71.0,  4,  6, 0.08, 87, 9.5
2026-06-16 18:22:28,-101.9192,31.8457,  17.8,27358,-50.4,-75.7,-71.0,  4,  6, 0.08, 88, 9.6
2026-06-16 18:22:29,-101.9193,31.8457,  17.8,27365,-50.4,-75.7,-71.0,  4,  6, 0.08, 88, 9.6
2026-06-16 18:22:30,-101.9194,31.8457,  17.8,27372,-50.3,-75.6,-70.9,  4,  6, 0.08, 88, 9.6
2026-06-16 18:22:31,-101.9195,31.8457,  17.8,27379,-50.3,-75.6,-70.9,  4,  6, 0.08, 89, 9.7
2026-06-16 18:22:32,-101.9197,31.8457,  17.8,27385,-50.3,-75.6,-70.9,  4,  6, 0.08, 89, 9.7
2026-06-16 18:22:33,-101.9198,31.8457,  17.7,27392,-50.3,-75.6,-70.8,  4,  6, 0.08, 90, 9.8
2026-06-16 18:22:34,-101.9199,31.8457,  17.7,27399,-50.2,-75.5,-70.8,  4,  6, 0.08, 90, 9.8
2026-06-16 18:22:35,-101.9200,31.8457,  17.7,27406,-50.2,-75.5,-70.8,  4,  6, 0.08, 91, 9.8
2026-06-16 18:22:36,-101.9201,31.8457,  17.7,27413,-50.2,-75.5,-70.8,  4,  6, 0.08, 91, 9.9
2026-06-16 18:22:37,-101.9202,31.8457,  17.7,27420,-50.1,-75.4,-70.7,  4,  6, 0.08, 92, 9.9
2026-06-16 18:22:38,-101.9203,31.8458,  17.7,27427,-50.1,-75.4,-70.7,  4,  6, 0.08, 92,10.0
2026-06-16 18:22:39,-101.9204,31.8458,  17.6,27435,-50.1,-75.4,-70.7,  4,  6, 0.08, 93,10.0
2026-06-16 18:22:40,-101.9205,31.8458,  17.6,27442,-50.0,-75.3,-70.6,  4,  6, 0.08, 93,10.0
2026-06-16 18:22:41,-101.9206,31.8458,  17.6,27449,-50.0,-75.3,-70.6,  4,  6, 0.08, 93,10.0
2026-06-16 18:22:42,-101.9207,31.8458,  17.6,27456,-50.0,-75.3,-70.6,  4,  6, 0.08, 92,10.0
2026-06-16 18:22:43,-101.9208,31.8458,  17.6,27463,-49.9,-75.3,-70.6,  4,  6, 0.08, 92,10.0
2026-06-16 18:22:44,-101.9209,31.8458,  17.5,27470,-49.9,-75.2,-70.5,  4,  6, 0.09, 92,10.0
2026-06-16 18:22:45,-101.9210,31.8458,  17.5,27477,-49.9,-75.2,-70.5,  4,  6, 0.09, 91, 9.9
2026-06-16 18:22:46,-101.9211,31.8457,  17.5,27484,-49.8,-75.2,-70.5,  4,  6, 0.09, 91, 9.9
2026-06-16 18:22:47,-101.9212,31.8457,  17.5,27490,-49.8,-75.1,-70.4,  4,  6, 0.09, 91, 9.9
2026-06-16 18:22:48,-101.9213,31.8457,  17.5,27497,-49.8,-75.1,-70.4,  4,  6, 0.09, 90, 9.9
2026-06-16 18:22:49,-101.9214,31.8457,  17.4,27504,-49.8,-75.1,-70.4,  4,  6, 0.09, 90, 9.9
2026-06-16 18:22:50,-101.9215,31.8457,  17.4,27511,-49.7,-75.1,-70.4,  4,  6, 0.09, 90, 9.9
2026-06-16 18:22:51,-101.9216,31.8457,  17.4,27518,-49.7,-75.0,-70.3,  4,  6, 0.09, 89, 9.8
2026-06-16 18:22:52,-101.9217,31.8457,  17.4,27525,-49.7,-75.0,-70.3,  4,  6, 0.09, 89, 9.8
2026-06-16 18:22:53,-101.9218,31.8457,  17.4,27532,-49.6,-75.0,-70.3,  4,  6, 0.09, 89, 9.8
2026-06-16 18:22:54,-101.9220,31.8457,  17.4,27539,-49.6,-75.0,-70.3,  4,  6, 0.09, 88, 9.8
2026-06-16 18:22:55,-101.9221,31.8457,  17.3,27546,-49.6,-75.0,-70.3,  4,  6, 0.09, 88, 9.8
2026-06-16 18:22:56,-101.9222,31.8456,  17.3,27552,-49.5,-74.9,-70.2,  4,  6, 0.09, 88, 9.8
2026-06-16 18:22:57,-101.9223,31.8456,  17.3,27559,-49.5,-74.9,-70.2,  4,  6, 0.09, 87, 9.7
2026-06-16 18:22:58,-101.9224,31.8456,  17.3,27566,-49.5,-74.9,-70.2,  4,  6, 0.09, 87, 9.7
2026-06-16 18:22:59,-101.9225,31.8456,  17.3,27573,-49.4,-74.9,-70.2,  4,  6, 0.09, 87, 9.7
2026-06-16 18:23:00,-101.9226,31.8456,  17.2,27579,-49.4,-74.9,-70.2,  4,  6, 0.09, 86, 9.7
2026-06-16 18:23:01,-101.9227,31.8456,  17.2,27586,-49.4,-74.9,-70.2,  4,  6, 0.09, 86, 9.7
2026-06-16 18:23:02,-101.9228,31.8456,  17.2,27593,-49.4,-74.8,-70.1,  4,  6, 0.09, 86, 9.8
2026-06-16 18:23:03,-101.9229,31.8456,  17.2,27600,-49.3,-74.8,-70.1,  4,  6, 0.09, 86, 9.8
2026-06-16 18:23:04,-101.9230,31.8456,  17.2,27607,-49.3,-74.8,-70.1,  4,  6, 0.09, 85, 9.8
2026-06-16 18:23:05,-101.9231,31.8456,  17.2,27613,-49.3,-74.7,-70.0,  4,  6, 0.09, 85, 9.9
2026-06-16 18:23:06,-101.9232,31.8455,  17.1,27620,-49.3,-74.7,-70.0,  4,  6, 0.09, 85, 9.9
2026-06-16 18:23:07,-101.9233,31.8455,  17.1,27627,-49.2,-74.7,-70.0,  4,  6, 0.10, 85,10.0
2026-06-16 18:23:08,-101.9234,31.8455,  17.1,27634,-49.2,-74.6,-69.9,  4,  6, 0.10, 84,10.0
2026-06-16 18:23:09,-101.9235,31.8455,  17.1,27641,-49.2,-74.6,-69.9,  4,  6, 0.10, 84,10.0
2026-06-16 18:23:10,-101.9236,31.8455,  17.1,27647,-49.2,-74.6,-69.9,  4,  6, 0.10, 84,10.1
2026-06-16 18:23:11,-101.9237,31.8455,  17.0,27654,-49.1,-74.6,-69.9,  4,  6, 0.10, 84,10.1
2026-06-16 18:23:12,-101.9239,31.8455,  17.0,27661,-49.1,-74.5,-69.8,  4,  6, 0.10, 84,10.2
2026-06-16 18:23:13,-101.9240,31.8455,  17.0,27667,-49.1,-74.5,-69.8,  4,  6, 0.10, 83,10.2
2026-06-16 18:23:14,-101.9241,31.8455,  17.0,27674,-49.1,-74.5,-69.8,  4,  6, 0.10, 83,10.2
2026-06-16 18:23:15,-101.9242,31.8454,  17.0,27680,-49.1,-74.5,-69.8,  4,  6, 0.10, 83,10.3
2026-06-16 18:23:16,-101.9243,31.8454,  17.0,27686,-49.1,-74.4,-69.7,  4,  6, 0.10, 83,10.3
2026-06-16 18:23:17,-101.9244,31.8454,  17.0,27692,-49.1,-74.4,-69.7,  4,  6, 0.10, 82,10.4
2026-06-16 18:23:18,-101.9245,31.8455,  16.9,27698,-49.0,-74.4,-69.7,  4,  6, 0.10, 82,10.4
2026-06-16 18:23:19,-101.9246,31.8455,  16.9,27705,-49.0,-74.4,-69.7,  4,  6, 0.10, 82,10.5
2026-06-16 18:23:20,-101.9247,31.8455,  16.9,27711,-49.0,-74.3,-69.6,  4,  6, 0.10, 82,10.5
2026-06-16 18:23:21,-101.9249,31.8455,  16.9,27717,-49.0,-74.3,-69.6,  4,  6, 0.10, 82,10.5
2026-06-16 18:23:22,-101.9250,31.8455,  16.9,27724,-49.0,-74.3,-69.6,  4,  6, 0.10, 83,10.6
2026-06-16 18:23:23,-101.9251,31.8455,  16.9,27730,-49.0,-74.3,-69.6,  4,  6, 0.10, 83,10.6
2026-06-16 18:23:24,-101.9252,31.8455,  16.8,27736,-49.0,-74.2,-69.5,  4,  6, 0.10, 83,10.6
2026-06-16 18:23:25,-101.9253,31.8455,  16.8,27743,-49.0,-74.2,-69.5,  4,  6, 0.10, 84,10.6
2026-06-16 18:23:26,-101.9254,31.8455,  16.8,27749,-49.0,-74.2,-69.5,  4,  6, 0.10, 84,10.7
2026-06-16 18:23:27,-101.9256,31.8455,  16.8,27756,-48.9,-74.2,-69.5,  4,  6, 0.10, 84,10.7
2026-06-16 18:23:28,-101.9257,31.8455,  16.8,27762,-48.9,-74.1,-69.5,  4,  6, 0.10, 85,10.7
2026-06-16 18:23:29,-101.9258,31.8455,  16.8,27769,-48.9,-74.1,-69.4,  4,  6, 0.11, 85,10.8
2026-06-16 18:23:30,-101.9259,31.8455,  16.7,27775,-48.9,-74.1,-69.4,  4,  6, 0.11, 85,10.8
2026-06-16 18:23:31,-101.9260,31.8455,  16.7,27782,-48.9,-74.1,-69.4,  4,  6, 0.11, 86,10.8
2026-06-16 18:23:32,-101.9261,31.8455,  16.7,27790,-48.9,-74.1,-69.4,  4,  6, 0.11, 86,10.9
2026-06-16 18:23:33,-101.9263,31.8455,  16.7,27797,-48.9,-74.1,-69.4,  4,  6, 0.11, 87,10.9
2026-06-16 18:23:34,-101.9264,31.8455,  16.7,27804,-48.9,-74.1,-69.4,  4,  6, 0.11, 87,10.9
2026-06-16 18:23:35,-101.9265,31.8455,  16.6,27811,-48.9,-74.1,-69.4,  4,  6, 0.11, 87,11.0
2026-06-16 18:23:36,-101.9266,31.8455,  16.6,27819,-48.9,-74.1,-69.4,  4,  6, 0.11, 88,11.0
2026-06-16 18:23:37,-101.9267,31.8455,  16.6,27826,-48.9,-74.1,-69.4,  4,  6, 0.11, 88,11.1
2026-06-16 18:23:38,-101.9268,31.8455,  16.6,27833,-48.9,-74.1,-69.4,  4,  6, 0.11, 88,11.1
2026-06-16 18:23:39,-101.9270,31.8455,  16.6,27840,-48.9,-74.1,-69.4,  4,  6, 0.11, 89,11.1
2026-06-16 18:23:40,-101.9271,31.8455,  16.6,27847,-48.9,-74.1,-69.4,  4,  6, 0.11, 89,11.2
2026-06-16 18:23:41,-101.9272,31.8455,  16.5,27854,-48.9,-74.0,-69.4,  4,  6, 0.11, 90,11.1
2026-06-16 18:23:42,-101.9273,31.8455,  16.5,27861,-48.8,-74.0,-69.4,  4,  6, 0.11, 90,11.1
2026-06-16 18:23:43,-101.9274,31.8455,  16.5,27867,-48.8,-74.1,-69.4,  4,  6, 0.11, 91,11.1
2026-06-16 18:23:44,-101.9275,31.8455,  16.5,27874,-48.8,-74.1,-69.4,  4,  6, 0.11, 92,11.1
2026-06-16 18:23:45,-101.9277,31.8455,  16.5,27881,-48.8,-74.1,-69.4,  4,  6, 0.11, 93,11.1
2026-06-16 18:23:46,-101.9278,31.8455,  16.5,27888,-48.8,-74.1,-69.4,  4,  6, 0.11, 93,11.0
2026-06-16 18:23:47,-101.9279,31.8456,  16.4,27895,-48.8,-74.1,-69.4,  4,  6, 0.11, 94,11.0
2026-06-16 18:23:48,-101.9280,31.8456,  16.4,27902,-48.8,-74.1,-69.4,  4,  6, 0.11, 95,11.0
2026-06-16 18:23:49,-101.9281,31.8456,  16.4,27909,-48.8,-74.1,-69.4,  4,  6, 0.11, 96,11.0
2026-06-16 18:23:50,-101.9282,31.8456,  16.4,27916,-48.8,-74.1,-69.4,  4,  6, 0.11, 96,11.0
2026-06-16 18:23:51,-101.9283,31.8457,  16.4,27924,-48.8,-74.1,-69.4,  4,  6, 0.11, 97,11.0
2026-06-16 18:23:52,-101.9284,31.8457,  16.3,27931,-48.8,-74.1,-69.4,  4,  6, 0.11, 98,11.0
2026-06-16 18:23:53,-101.9285,31.8457,  16.3,27938,-48.8,-74.1,-69.4,  4,  6, 0.11, 99,11.0
2026-06-16 18:23:54,-101.9286,31.8458,  16.3,27945,-48.8,-74.1,-69.5,  4,  6, 0.11, 99,11.0
2026-06-16 18:23:55,-101.9288,31.8458,  16.3,27952,-48.8,-74.2,-69.5,  4,  6, 0.11,100,11.0
2026-06-16 18:23:56,-101.9289,31.8458,  16.3,27959,-48.8,-74.2,-69.5,  4,  6, 0.11,101,11.0
2026-06-16 18:23:57,-101.9290,31.8458,  16.3,27966,-48.7,-74.2,-69.5,  4,  6, 0.11,102,11.0
2026-06-16 18:23:58,-101.9291,31.8459,  16.2,27972,-48.7,-74.1,-69.5,  4,  6, 0.11,103,11.0
2026-06-16 18:23:59,-101.9292,31.8459,  16.2,27979,-48.7,-74.1,-69.4,  4,  6, 0.11,103,11.0
2026-06-16 18:24:00,-101.9293,31.8459,  16.2,27985,-48.7,-74.1,-69.4,  4,  6, 0.11,104,11.0
2026-06-16 18:24:01,-101.9294,31.8460,  16.2,27992,-48.7,-74.1,-69.4,  4,  6, 0.11,104,11.0
2026-06-16 18:24:02,-101.9295,31.8460,  16.2,27998,-48.7,-74.1,-69.4,  4,  6, 0.11,104,11.0
2026-06-16 18:24:03,-101.9296,31.8460,  16.2,28005,-48.7,-74.1,-69.4,  4,  6, 0.11,105,11.0
2026-06-16 18:24:04,-101.9297,31.8460,  16.1,28012,-48.7,-74.1,-69.4,  4,  6, 0.11,105,10.9
2026-06-16 18:24:05,-101.9298,31.8461,  16.1,28018,-48.7,-74.1,-69.4,  4,  6, 0.11,105,10.9
2026-06-16 18:24:06,-101.9300,31.8461,  16.1,28025,-48.7,-74.1,-69.4,  4,  6, 0.11,105,10.9
2026-06-16 18:24:07,-101.9301,31.8461,  16.1,28032,-48.7,-74.1,-69.4,  4,  6, 0.11,106,10.9
2026-06-16 18:24:08,-101.9302,31.8462,  16.1,28039,-48.7,-74.1,-69.4,  4,  6, 0.11,106,10.9
2026-06-16 18:24:09,-101.9303,31.8462,  16.1,28045,-48.7,-74.1,-69.4,  4,  6, 0.11,106,10.8
2026-06-16 18:24:10,-101.9304,31.8462,  16.0,28052,-48.7,-74.1,-69.4,  4,  6, 0.11,106,10.8
2026-06-16 18:24:11,-101.9305,31.8462,  16.0,28059,-48.6,-74.0,-69.4,  4,  6, 0.11,107,10.8
2026-06-16 18:24:12,-101.9306,31.8463,  16.0,28066,-48.6,-74.0,-69.3,  4,  6, 0.11,107,10.8
2026-06-16 18:24:13,-101.9307,31.8463,  16.0,28073,-48.6,-74.0,-69.3,  4,  6, 0.11,107,10.8
2026-06-16 18:24:14,-101.9308,31.8463,  16.0,28080,-48.6,-74.0,-69.3,  4,  6, 0.11,107,10.7
2026-06-16 18:24:15,-101.9309,31.8464,  16.0,28087,-48.6,-74.0,-69.3,  4,  6, 0.11,107,10.7
2026-06-16 18:24:16,-101.9311,31.8464,  15.9,28094,-48.6,-74.0,-69.3,  4,  6, 0.11,108,10.7
2026-06-16 18:24:17,-101.9312,31.8464,  15.9,28101,-48.6,-74.0,-69.3,  4,  6, 0.11,108,10.7
2026-06-16 18:24:18,-101.9313,31.8465,  15.9,28108,-48.6,-73.9,-69.2,  4,  6, 0.11,108,10.7
2026-06-16 18:24:19,-101.9314,31.8465,  15.9,28114,-48.6,-73.9,-69.2,  4,  6, 0.11,108,10.7
2026-06-16 18:24:20,-101.9315,31.8465,  15.9,28121,-48.6,-73.9,-69.2,  4,  6, 0.11,109,10.6
2026-06-16 18:24:21,-101.9316,31.8466,  15.9,28128,-48.6,-73.9,-69.2,  4,  6, 0.11,109,10.7
2026-06-16 18:24:22,-101.9317,31.8466,  15.8,28134,-48.6,-73.9,-69.2,  4,  6, 0.12,109,10.7
2026-06-16 18:24:23,-101.9318,31.8466,  15.8,28140,-48.6,-73.9,-69.2,  4,  6, 0.12,109,10.7
2026-06-16 18:24:24,-101.9319,31.8467,  15.8,28147,-48.6,-73.9,-69.2,  4,  6, 0.12,109,10.7
2026-06-16 18:24:25,-101.9320,31.8467,  15.8,28153,-48.6,-73.8,-69.1,  4,  6, 0.12,109,10.7
2026-06-16 18:24:26,-101.9321,31.8467,  15.8,28160,-48.6,-73.8,-69.1,  4,  6, 0.12,109,10.7
2026-06-16 18:24:27,-101.9323,31.8468,  15.8,28167,-48.6,-73.8,-69.1,  4,  6, 0.12,109,10.8
2026-06-16 18:24:28,-101.9324,31.8468,  15.7,28174,-48.6,-73.8,-69.1,  4,  6, 0.12,109,10.8
2026-06-16 18:24:29,-101.9325,31.8468,  15.7,28182,-48.6,-73.8,-69.1,  4,  6, 0.12,109,10.8
2026-06-16 18:24:30,-101.9326,31.8469,  15.7,28189,-48.5,-73.8,-69.1,  4,  6, 0.12,109,10.8
2026-06-16 18:24:31,-101.9327,31.8469,  15.7,28196,-48.5,-73.7,-69.1,  4,  6, 0.12,109,10.8
2026-06-16 18:24:32,-101.9328,31.8469,  15.7,28203,-48.5,-73.7,-69.0,  4,  6, 0.12,109,10.9
2026-06-16 18:24:33,-101.9329,31.8470,  15.7,28211,-48.5,-73.7,-69.0,  4,  6, 0.12,109,10.9
2026-06-16 18:24:34,-101.9330,31.8470,  15.6,28218,-48.5,-73.7,-69.0,  4,  6, 0.12,109,10.9
2026-06-16 18:24:35,-101.9331,31.8471,  15.6,28226,-48.5,-73.7,-69.0,  4,  6, 0.12,109,10.9
2026-06-16 18:24:36,-101.9332,31.8471,  15.6,28234,-48.5,-73.7,-69.0,  4,  6, 0.12,109,10.9
2026-06-16 18:24:37,-101.9333,31.8471,  15.6,28241,-48.5,-73.6,-69.0,  4,  6, 0.12,109,10.9
2026-06-16 18:24:38,-101.9334,31.8472,  15.6,28247,-48.5,-73.6,-68.9,  4,  6, 0.12,109,11.0
2026-06-16 18:24:39,-101.9336,31.8472,  15.6,28254,-48.5,-73.6,-68.9,  4,  6, 0.12,109,11.0
2026-06-16 18:24:40,-101.9337,31.8472,  15.5,28261,-48.5,-73.6,-68.9,  4,  6, 0.12,109,11.0
2026-06-16 18:24:41,-101.9338,31.8473,  15.5,28267,-48.5,-73.6,-68.9,  4,  6, 0.12,109,11.0
2026-06-16 18:24:42,-101.9339,31.8473,  15.5,28274,-48.5,-73.6,-68.9,  4,  6, 0.12,110,11.0
2026-06-16 18:24:43,-101.9340,31.8473,  15.5,28281,-48.5,-73.6,-68.9,  4,  7, 0.12,110,11.0
2026-06-16 18:24:44,-101.9341,31.8474,  15.5,28288,-48.5,-73.5,-68.9,  4,  7, 0.12,110,11.0
2026-06-16 18:24:45,-101.9342,31.8474,  15.5,28295,-48.5,-73.5,-68.9,  4,  7, 0.12,111,11.0
2026-06-16 18:24:46,-101.9343,31.8474,  15.4,28302,-48.5,-73.5,-68.8,  4,  7, 0.13,111,11.0
2026-06-16 18:24:47,-101.9344,31.8475,  15.4,28309,-48.5,-73.5,-68.8,  4,  7, 0.13,111,11.0
2026-06-16 18:24:48,-101.9345,31.8475,  15.4,28316,-48.5,-73.5,-68.8,  4,  7, 0.13,111,11.0
2026-06-16 18:24:49,-101.9346,31.8475,  15.4,28323,-48.5,-73.5,-68.8,  4,  7, 0.13,112,11.0
2026-06-16 18:24:50,-101.9347,31.8476,  15.4,28330,-48.5,-73.5,-68.8,  4,  7, 0.13,112,11.0
2026-06-16 18:24:51,-101.9348,31.8476,  15.4,28337,-48.5,-73.5,-68.8,  4,  7, 0.13,112,11.0
2026-06-16 18:24:52,-101.9349,31.8477,  15.3,28344,-48.5,-73.5,-68.8,  4,  7, 0.13,113,11.0
2026-06-16 18:24:53,-101.9350,31.8477,  15.3,28351,-48.5,-73.5,-68.8,  4,  7, 0.13,113,11.0
2026-06-16 18:24:54,-101.9351,31.8477,  15.3,28358,-48.5,-73.5,-68.8,  4,  7, 0.13,113,11.0
2026-06-16 18:24:55,-101.9352,31.8478,  15.3,28366,-48.4,-73.5,-68.8,  4,  7, 0.13,114,11.0
2026-06-16 18:24:56,-101.9353,31.8478,  15.3,28373,-48.4,-73.5,-68.8,  4,  7, 0.13,114,11.0
2026-06-16 18:24:57,-101.9354,31.8478,  15.3,28380,-48.4,-73.5,-68.8,  4,  7, 0.13,114,11.1
2026-06-16 18:24:58,-101.9355,31.8479,  15.2,28387,-48.4,-73.5,-68.8,  4,  7, 0.13,114,11.1
2026-06-16 18:24:59,-101.9356,31.8479,  15.2,28394,-48.4,-73.5,-68.8,  4,  6, 0.13,115,11.1
2026-06-16 18:25:00,-101.9357,31.8479,  15.2,28401,-48.4,-73.5,-68.8,  4,  6, 0.13,115,11.1
2026-06-16 18:25:01,-101.9358,31.8480,  15.2,28409,-48.4,-73.5,-68.9,  4,  6, 0.13,115,11.0
2026-06-16 18:25:02,-101.9359,31.8480,  15.2,28416,-48.4,-73.5,-68.9,  4,  6, 0.13,115,10.9
2026-06-16 18:25:03,-101.9360,31.8481,  15.2,28423,-48.4,-73.5,-68.9,  4,  6, 0.13,115,10.8
2026-06-16 18:25:04,-101.9361,31.8481,  15.2,28430,-48.4,-73.5,-68.8,  4,  6, 0.13,114,10.7
2026-06-16 18:25:05,-101.9362,31.8481,  15.1,28437,-48.4,-73.5,-68.8,  4,  6, 0.13,114,10.6
2026-06-16 18:25:06,-101.9363,31.8482,  15.1,28444,-48.4,-73.5,-68.8,  4,  6, 0.13,114,10.5
2026-06-16 18:25:07,-101.9364,31.8482,  15.1,28451,-48.4,-73.5,-68.8,  4,  6, 0.13,114,10.5
2026-06-16 18:25:08,-101.9365,31.8482,  15.1,28457,-48.4,-73.5,-68.8,  4,  6, 0.13,114,10.4
2026-06-16 18:25:09,-101.9365,31.8483,  15.1,28464,-48.4,-73.5,-68.8,  4,  6, 0.13,114,10.3
2026-06-16 18:25:10,-101.9366,31.8483,  15.1,28471,-48.4,-73.5,-68.8,  4,  6, 0.13,114,10.2
2026-06-16 18:25:11,-101.9367,31.8483,  15.0,28478,-48.4,-73.5,-68.8,  4,  6, 0.13,114,10.1
2026-06-16 18:25:12,-101.9368,31.8484,  15.0,28481,-48.4,-73.5,-68.8,  4,  6, 0.13,113,10.1
2026-06-16 18:25:13,-101.9369,31.8484,  15.0,28491,-48.4,-73.5,-68.8,  4,  7, 0.13,113, 9.9
2026-06-16 18:25:14,-101.9370,31.8485,  15.0,28498,-48.4,-73.5,-68.8,  4,  7, 0.13,113, 9.8
2026-06-16 18:25:15,-101.9371,31.8485,  15.0,28505,-48.4,-73.5,-68.8,  4,  7, 0.13,113, 9.8
2026-06-16 18:25:16,-101.9372,31.8485,  15.0,28512,-48.4,-73.5,-68.8,  4,  7, 0.13,113, 9.7
2026-06-16 18:25:17,-101.9373,31.8486,  14.9,28519,-48.4,-73.4,-68.8,  4,  7, 0.13,113, 9.6
2026-06-16 18:25:18,-101.9374,31.8486,  14.9,28525,-48.4,-73.4,-68.7,  4,  7, 0.13,112, 9.5
2026-06-16 18:25:19,-101.9375,31.8486,  14.9,28532,-48.4,-73.4,-68.7,  4,  7, 0.13,112, 9.4
2026-06-16 18:25:20,-101.9376,31.8487,  14.9,28539,-48.4,-73.4,-68.7,  4,  7, 0.13,112, 9.3
2026-06-16 18:25:21,-101.9377,31.8487,  14.9,28546,-48.4,-73.4,-68.7,  4,  7, 0.13,112, 9.4
2026-06-16 18:25:22,-101.9378,31.8487,  14.9,28552,-48.4,-73.4,-68.7,  4,  7, 0.13,112, 9.4
2026-06-16 18:25:23,-101.9379,31.8488,  14.9,28559,-48.4,-73.4,-68.7,  4,  7, 0.13,112, 9.5
2026-06-16 18:25:24,-101.9380,31.8488,  14.8,28566,-48.4,-73.4,-68.7,  4,  7, 0.13,112, 9.5
2026-06-16 18:25:25,-101.9381,31.8488,  14.8,28573,-48.4,-73.3,-68.7,  4,  7, 0.13,113, 9.6
2026-06-16 18:25:26,-101.9382,31.8489,  14.8,28580,-48.4,-73.3,-68.7,  4,  7, 0.13,113, 9.6
2026-06-16 18:25:27,-101.9383,31.8489,  14.8,28587,-48.4,-73.3,-68.6,  4,  7, 0.13,113, 9.7
2026-06-16 18:25:28,-101.9384,31.8489,  14.8,28594,-48.4,-73.3,-68.6,  4,  7, 0.13,113, 9.8
2026-06-16 18:25:29,-101.9385,31.8490,  14.8,28601,-48.4,-73.3,-68.6,  4,  7, 0.13,113, 9.8
2026-06-16 18:25:30,-101.9386,31.8490,  14.7,28608,-48.4,-73.3,-68.6,  4,  7, 0.14,113, 9.9
2026-06-16 18:25:31,-101.9388,31.8490,  14.7,28615,-48.4,-73.3,-68.6,  4,  7, 0.14,113, 9.9
2026-06-16 18:25:32,-101.9389,31.8491,  14.7,28622,-48.4,-73.3,-68.6,  4,  7, 0.14,113,10.0
2026-06-16 18:25:33,-101.9390,31.8491,  14.7,28629,-48.4,-73.3,-68.6,  4,  7, 0.14,113,10.0
2026-06-16 18:25:34,-101.9391,31.8491,  14.7,28636,-48.4,-73.3,-68.6,  4,  7, 0.14,113,10.1
2026-06-16 18:25:35,-101.9392,31.8492,  14.7,28643,-48.4,-73.3,-68.6,  4,  7, 0.14,113,10.1
2026-06-16 18:25:36,-101.9393,31.8492,  14.7,28649,-48.4,-73.3,-68.6,  4,  7, 0.14,114,10.2
2026-06-16 18:25:37,-101.9394,31.8492,  14.6,28655,-48.4,-73.2,-68.6,  4,  7, 0.14,114,10.2
2026-06-16 18:25:38,-101.9395,31.8493,  14.6,28662,-48.4,-73.2,-68.6,  4,  7, 0.14,114,10.3
2026-06-16 18:25:39,-101.9396,31.8493,  14.6,28669,-48.4,-73.2,-68.6,  4,  7, 0.14,114,10.4
2026-06-16 18:25:40,-101.9397,31.8493,  14.6,28676,-48.4,-73.2,-68.5,  4,  7, 0.14,114,10.4
2026-06-16 18:25:41,-101.9398,31.8494,  14.6,28683,-48.4,-73.2,-68.5,  4,  7, 0.14,113,10.4
2026-06-16 18:25:42,-101.9399,31.8494,  14.6,28690,-48.4,-73.2,-68.5,  4,  7, 0.14,113,10.4
2026-06-16 18:25:43,-101.9400,31.8494,  14.5,28698,-48.4,-73.2,-68.5,  4,  7, 0.14,112,10.4
2026-06-16 18:25:44,-101.9401,31.8495,  14.5,28704,-48.3,-73.2,-68.5,  4,  7, 0.14,112,10.4
2026-06-16 18:25:45,-101.9402,31.8495,  14.5,28711,-48.3,-73.2,-68.5,  4,  7, 0.14,111,10.5
2026-06-16 18:25:46,-101.9403,31.8495,  14.5,28718,-48.3,-73.2,-68.5,  4,  7, 0.14,110,10.5
2026-06-16 18:25:47,-101.9404,31.8496,  14.5,28725,-48.3,-73.2,-68.5,  4,  7, 0.14,110,10.5
2026-06-16 18:25:48,-101.9405,31.8496,  14.5,28732,-48.3,-73.2,-68.5,  4,  7, 0.14,109,10.5
2026-06-16 18:25:49,-101.9406,31.8496,  14.5,28739,-48.3,-73.2,-68.5,  4,  7, 0.14,109,10.5
2026-06-16 18:25:50,-101.9407,31.8496,  14.4,28746,-48.3,-73.2,-68.6,  4,  7, 0.14,108,10.5
2026-06-16 18:25:51,-101.9408,31.8497,  14.4,28753,-48.3,-73.2,-68.6,  4,  7, 0.14,108,10.6
2026-06-16 18:25:52,-101.9409,31.8497,  14.4,28760,-48.3,-73.3,-68.6,  4,  7, 0.14,107,10.6
2026-06-16 18:25:53,-101.9410,31.8497,  14.4,28767,-48.3,-73.3,-68.6,  4,  7, 0.14,107,10.6
2026-06-16 18:25:54,-101.9411,31.8497,  14.4,28774,-48.3,-73.3,-68.6,  4,  7, 0.14,106,10.6
2026-06-16 18:25:55,-101.9412,31.8497,  14.4,28781,-48.2,-73.3,-68.6,  4,  7, 0.14,105,10.6
2026-06-16 18:25:56,-101.9413,31.8497,  14.3,28788,-48.2,-73.3,-68.6,  4,  7, 0.14,105,10.7
2026-06-16 18:25:57,-101.9415,31.8497,  14.3,28794,-48.2,-73.3,-68.6,  4,  7, 0.14,104,10.7
2026-06-16 18:25:58,-101.9416,31.8497,  14.3,28801,-48.2,-73.3,-68.6,  4,  7, 0.14,104,10.7
2026-06-16 18:25:59,-101.9417,31.8497,  14.3,28807,-48.2,-73.3,-68.6,  4,  7, 0.14,103,10.7
2026-06-16 18:26:00,-101.9418,31.8497,  14.3,28814,-48.2,-73.2,-68.6,  4,  7, 0.14,103,10.8
2026-06-16 18:26:01,-101.9419,31.8497,  14.3,28820,-48.2,-73.2,-68.6,  4,  7, 0.14,102,10.7
2026-06-16 18:26:02,-101.9420,31.8497,  14.3,28827,-48.1,-73.2,-68.6,  4,  7, 0.14,102,10.7
2026-06-16 18:26:03,-101.9421,31.8497,  14.2,28834,-48.1,-73.2,-68.6,  4,  7, 0.14,101,10.6
2026-06-16 18:26:04,-101.9422,31.8497,  14.2,28841,-48.1,-73.2,-68.6,  4,  7, 0.14,100,10.6
2026-06-16 18:26:05,-101.9423,31.8497,  14.2,28848,-48.1,-73.2,-68.5,  4,  7, 0.14,100,10.5
2026-06-16 18:26:06,-101.9424,31.8497,  14.2,28854,-48.1,-73.2,-68.5,  4,  7, 0.14, 99,10.5
2026-06-16 18:26:07,-101.9425,31.8497,  14.2,28861,-48.1,-73.2,-68.5,  4,  6, 0.14, 98,10.4
2026-06-16 18:26:08,-101.9426,31.8497,  14.2,28868,-48.1,-73.2,-68.5,  4,  6, 0.14, 98,10.4
2026-06-16 18:26:09,-101.9427,31.8497,  14.2,28875,-48.0,-73.2,-68.5,  4,  6, 0.14, 97,10.3
2026-06-16 18:26:10,-101.9428,31.8498,  14.1,28881,-48.0,-73.2,-68.5,  4,  6, 0.14, 97,10.3
2026-06-16 18:26:11,-101.9429,31.8498,  14.1,28888,-48.0,-73.2,-68.5,  4,  6, 0.14, 96,10.2
2026-06-16 18:26:12,-101.9430,31.8498,  14.1,28895,-48.0,-73.1,-68.5,  4,  6, 0.14, 95,10.2
2026-06-16 18:26:13,-101.9432,31.8498,  14.1,28902,-48.0,-73.1,-68.4,  4,  6, 0.14, 95,10.2
2026-06-16 18:26:14,-101.9433,31.8498,  14.1,28908,-47.9,-73.1,-68.4,  4,  7, 0.15, 94,10.1
2026-06-16 18:26:15,-101.9434,31.8498,  14.1,28915,-47.9,-73.1,-68.4,  4,  7, 0.15, 93,10.1
2026-06-16 18:26:16,-101.9435,31.8498,  14.1,28922,-47.9,-73.1,-68.4,  4,  7, 0.15, 93,10.1
2026-06-16 18:26:17,-101.9436,31.8498,  14.0,28929,-47.9,-73.0,-68.4,  4,  7, 0.15, 92,10.0
2026-06-16 18:26:18,-101.9437,31.8498,  14.0,28935,-47.9,-73.0,-68.3,  4,  7, 0.15, 91,10.0
2026-06-16 18:26:19,-101.9438,31.8498,  14.0,28941,-47.8,-73.0,-68.3,  4,  7, 0.15, 91,10.0
2026-06-16 18:26:20,-101.9439,31.8498,  14.0,28948,-47.8,-73.0,-68.3,  4,  7, 0.15, 90, 9.9
2026-06-16 18:26:21,-101.9440,31.8498,  14.0,28954,-47.8,-72.9,-68.3,  4,  7, 0.15, 90, 9.9
2026-06-16 18:26:22,-101.9441,31.8498,  14.0,28960,-47.8,-72.9,-68.2,  4,  7, 0.15, 89, 9.9
2026-06-16 18:26:23,-101.9442,31.8498,  14.0,28967,-47.8,-72.9,-68.2,  4,  7, 0.15, 89, 9.9
2026-06-16 18:26:24,-101.9443,31.8498,  14.0,28973,-47.7,-72.9,-68.2,  4,  7, 0.15, 88, 9.9
2026-06-16 18:26:25,-101.9444,31.8497,  13.9,28979,-47.7,-72.8,-68.2,  4,  7, 0.15, 88, 9.9
2026-06-16 18:26:26,-101.9445,31.8497,  13.9,28985,-47.7,-72.8,-68.1,  4,  7, 0.15, 88, 9.9
2026-06-16 18:26:27,-101.9447,31.8497,  13.9,28991,-47.7,-72.8,-68.1,  4,  7, 0.15, 87, 9.9
2026-06-16 18:26:28,-101.9448,31.8497,  13.9,28998,-47.7,-72.8,-68.1,  4,  7, 0.15, 87, 9.9
2026-06-16 18:26:29,-101.9449,31.8497,  13.9,29004,-47.6,-72.7,-68.1,  4,  7, 0.16, 87, 9.9
2026-06-16 18:26:30,-101.9450,31.8497,  13.9,29010,-47.6,-72.7,-68.0,  4,  7, 0.16, 86, 9.9
2026-06-16 18:26:31,-101.9451,31.8497,  13.9,29017,-47.6,-72.7,-68.0,  4,  7, 0.16, 86, 9.9
2026-06-16 18:26:32,-101.9452,31.8496,  13.8,29023,-47.6,-72.7,-68.0,  4,  7, 0.16, 85, 9.9
2026-06-16 18:26:33,-101.9453,31.8496,  13.8,29030,-47.6,-72.6,-68.0,  4,  7, 0.16, 85, 9.9
2026-06-16 18:26:34,-101.9454,31.8496,  13.8,29036,-47.5,-72.6,-68.0,  4,  7, 0.16, 85, 9.9
2026-06-16 18:26:35,-101.9455,31.8496,  13.8,29043,-47.5,-72.6,-67.9,  4,  7, 0.16, 84, 9.9
2026-06-16 18:26:36,-101.9456,31.8496,  13.8,29049,-47.5,-72.6,-67.9,  4,  7, 0.16, 84, 9.9
2026-06-16 18:26:37,-101.9457,31.8496,  13.8,29056,-47.5,-72.5,-67.9,  4,  7, 0.16, 83,10.0
2026-06-16 18:26:38,-101.9459,31.8496,  13.8,29062,-47.5,-72.5,-67.9,  4,  7, 0.16, 83,10.0
2026-06-16 18:26:39,-101.9460,31.8495,  13.7,29069,-47.4,-72.5,-67.9,  4,  7, 0.16, 83,10.0
2026-06-16 18:26:40,-101.9461,31.8495,  13.7,29075,-47.4,-72.5,-67.9,  4,  7, 0.16, 82,10.0
2026-06-16 18:26:41,-101.9462,31.8495,  13.7,29082,-47.4,-72.5,-67.9,  4,  7, 0.16, 82,10.0
2026-06-16 18:26:42,-101.9463,31.8495,  13.7,29089,-47.4,-72.6,-67.9,  4,  7, 0.16, 82,10.0
2026-06-16 18:26:43,-101.9464,31.8495,  13.7,29096,-47.4,-72.6,-67.9,  4,  7, 0.16, 82,10.1
2026-06-16 18:26:44,-101.9465,31.8495,  13.7,29102,-47.3,-72.6,-67.9,  4,  7, 0.16, 82,10.1
2026-06-16 18:26:45,-101.9466,31.8495,  13.7,29109,-47.3,-72.6,-67.9,  4,  7, 0.16, 82,10.2
2026-06-16 18:26:46,-101.9467,31.8494,  13.7,29116,-47.3,-72.6,-67.9,  4,  7, 0.16, 81,10.2
2026-06-16 18:26:47,-101.9468,31.8494,  13.6,29123,-47.3,-72.6,-67.9,  4,  6, 0.16, 81,10.2
2026-06-16 18:26:48,-101.9469,31.8494,  13.6,29130,-47.2,-72.5,-67.9,  4,  6, 0.16, 81,10.3
2026-06-16 18:26:49,-101.9471,31.8494,  13.6,29136,-47.2,-72.5,-67.9,  4,  6, 0.16, 81,10.3
2026-06-16 18:26:50,-101.9472,31.8494,  13.6,29143,-47.2,-72.5,-67.9,  4,  6, 0.16, 81,10.3
2026-06-16 18:26:51,-101.9473,31.8494,  13.6,29150,-47.2,-72.5,-67.9,  4,  6, 0.16, 81,10.4
2026-06-16 18:26:52,-101.9474,31.8494,  13.6,29156,-47.1,-72.5,-67.8,  4,  6, 0.16, 81,10.4
2026-06-16 18:26:53,-101.9475,31.8494,  13.6,29162,-47.1,-72.5,-67.8,  4,  6, 0.16, 80,10.5
2026-06-16 18:26:54,-101.9476,31.8494,  13.5,29168,-47.1,-72.5,-67.8,  4,  6, 0.17, 80,10.5
2026-06-16 18:26:55,-101.9476,31.8494,  13.5,29175,-47.1,-72.5,-67.8,  4,  6, 0.17, 80,10.5
2026-06-16 18:26:56,-101.9477,31.8494,  13.5,29181,-47.1,-72.4,-67.8,  4,  6, 0.17, 80,10.6
2026-06-16 18:26:57,-101.9478,31.8494,  13.5,29187,-47.0,-72.4,-67.7,  4,  6, 0.17, 80,10.6
2026-06-16 18:26:58,-101.9479,31.8494,  13.5,29192,-47.0,-72.4,-67.7,  4,  6, 0.17, 80,10.6
2026-06-16 18:26:59,-101.9480,31.8494,  13.5,29198,-47.0,-72.4,-67.7,  4,  6, 0.17, 80,10.7
2026-06-16 18:27:00,-101.9481,31.8494,  13.5,29203,-47.0,-72.4,-67.7,  4,  6, 0.17, 79,10.7
2026-06-16 18:27:01,-101.9482,31.8494,  13.5,29209,-46.9,-72.3,-67.7,  4,  6, 0.17, 80,10.6
2026-06-16 18:27:02,-101.9483,31.8494,  13.4,29214,-46.9,-72.3,-67.7,  4,  6, 0.17, 81,10.5
2026-06-16 18:27:03,-101.9484,31.8494,  13.4,29220,-46.9,-72.3,-67.6,  4,  6, 0.17, 81,10.4
2026-06-16 18:27:04,-101.9485,31.8494,  13.4,29226,-46.8,-72.3,-67.6,  4,  6, 0.17, 82,10.3
2026-06-16 18:27:05,-101.9486,31.8494,  13.4,29233,-46.8,-72.2,-67.6,  4,  6, 0.17, 82,10.2
2026-06-16 18:27:06,-101.9487,31.8494,  13.4,29239,-46.8,-72.2,-67.6,  4,  6, 0.17, 83,10.1
2026-06-16 18:27:07,-101.9488,31.8494,  13.4,29245,-46.8,-72.2,-67.5,  4,  6, 0.17, 84, 9.9
2026-06-16 18:27:08,-101.9489,31.8494,  13.4,29252,-46.7,-72.2,-67.5,  4,  6, 0.17, 84, 9.8
2026-06-16 18:27:09,-101.9490,31.8494,  13.4,29259,-46.7,-72.1,-67.5,  4,  6, 0.18, 85, 9.7
2026-06-16 18:27:10,-101.9491,31.8494,  13.3,29265,-46.7,-72.1,-67.5,  4,  6, 0.18, 86, 9.6
2026-06-16 18:27:11,-101.9492,31.8494,  13.3,29272,-46.7,-72.1,-67.4,  4,  6, 0.18, 86, 9.5
2026-06-16 18:27:12,-101.9493,31.8494,  13.3,29279,-46.6,-72.1,-67.4,  4,  6, 0.18, 87, 9.4
2026-06-16 18:27:13,-101.9494,31.8494,  13.3,29286,-46.6,-72.0,-67.4,  4,  6, 0.18, 88, 9.3
2026-06-16 18:27:14,-101.9495,31.8494,  13.3,29293,-46.6,-72.0,-67.3,  4,  6, 0.18, 88, 9.2
2026-06-16 18:27:15,-101.9496,31.8494,  13.3,29299,-46.5,-72.0,-67.3,  4,  6, 0.18, 89, 9.1
2026-06-16 18:27:16,-101.9497,31.8494,  13.3,29306,-46.5,-72.0,-67.3,  4,  6, 0.18, 90, 9.0
2026-06-16 18:27:17,-101.9498,31.8494,  13.3,29312,-46.5,-71.9,-67.3,  4,  6, 0.18, 91, 8.9
2026-06-16 18:27:18,-101.9499,31.8494,  13.2,29319,-46.5,-71.9,-67.3,  4,  6, 0.18, 91, 8.8
2026-06-16 18:27:19,-101.9500,31.8494,  13.2,29325,-46.4,-71.9,-67.2,  4,  6, 0.18, 92, 8.7
2026-06-16 18:27:20,-101.9500,31.8494,  13.2,29332,-46.4,-71.9,-67.2,  4,  6, 0.18, 93, 8.7
2026-06-16 18:27:21,-101.9501,31.8495,  13.2,29338,-46.4,-71.9,-67.2,  4,  6, 0.18, 94, 8.7
2026-06-16 18:27:22,-101.9502,31.8495,  13.2,29345,-46.4,-71.9,-67.2,  4,  6, 0.19, 96, 8.7
2026-06-16 18:27:23,-101.9503,31.8495,  13.2,29352,-46.3,-71.9,-67.2,  4,  6, 0.19, 97, 8.9
2026-06-16 18:27:24,-101.9504,31.8495,  13.2,29358,-46.3,-71.9,-67.2,  4,  6, 0.19, 98, 9.0
2026-06-16 18:27:25,-101.9505,31.8496,  13.1,29365,-46.3,-71.9,-67.2,  4,  6, 0.19,100, 9.1
2026-06-16 18:27:26,-101.9506,31.8496,  13.1,29371,-46.2,-71.8,-67.2,  4,  6, 0.19,101, 9.1
2026-06-16 18:27:27,-101.9507,31.8497,  13.1,29377,-46.2,-71.8,-67.2,  4,  6, 0.19,102, 9.2
2026-06-16 18:27:28,-101.9508,31.8497,  13.1,29383,-46.2,-71.8,-67.2,  4,  6, 0.19,104, 9.3
2026-06-16 18:27:29,-101.9509,31.8497,  13.1,29390,-46.2,-71.8,-67.2,  4,  6, 0.19,105, 9.4
2026-06-16 18:27:30,-101.9510,31.8498,  13.1,29396,-46.1,-71.8,-67.1,  4,  6, 0.19,106, 9.5
2026-06-16 18:27:31,-101.9511,31.8498,  13.1,29402,-46.1,-71.8,-67.1,  4,  6, 0.19,107, 9.6
2026-06-16 18:27:32,-101.9512,31.8498,  13.1,29409,-46.1,-71.8,-67.1,  4,  6, 0.19,108, 9.6
2026-06-16 18:27:33,-101.9513,31.8499,  13.0,29415,-46.0,-71.7,-67.1,  4,  6, 0.19,110, 9.7
2026-06-16 18:27:34,-101.9514,31.8499,  13.0,29421,-46.0,-71.7,-67.1,  4,  6, 0.19,111, 9.8
2026-06-16 18:27:35,-101.9515,31.8499,  13.0,29428,-46.0,-71.7,-67.0,  4,  6, 0.19,112, 9.9
2026-06-16 18:27:36,-101.9516,31.8500,  13.0,29434,-45.9,-71.7,-67.0,  4,  6, 0.19,113,10.0
2026-06-16 18:27:37,-101.9517,31.8500,  13.0,29441,-45.9,-71.6,-67.0,  4,  6, 0.19,114, 9.9
2026-06-16 18:27:38,-101.9518,31.8500,  13.0,29447,-45.9,-71.6,-67.0,  4,  6, 0.20,115,10.1
2026-06-16 18:27:39,-101.9519,31.8501,  13.0,29454,-45.8,-71.6,-66.9,  4,  6, 0.20,116,10.2
2026-06-16 18:27:40,-101.9520,31.8501,  13.0,29461,-45.8,-71.6,-66.9,  4,  6, 0.20,117,10.3
2026-06-16 18:27:41,-101.9520,31.8501,  12.9,29467,-45.8,-71.5,-66.9,  4,  6, 0.20,117,10.2
2026-06-16 18:27:42,-101.9521,31.8502,  12.9,29474,-45.7,-71.5,-66.8,  4,  6, 0.20,116,10.2
2026-06-16 18:27:43,-101.9522,31.8502,  12.9,29480,-45.7,-71.5,-66.8,  4,  6, 0.20,115,10.1
2026-06-16 18:27:44,-101.9523,31.8502,  12.9,29487,-45.7,-71.4,-66.8,  4,  6, 0.20,115,10.0
2026-06-16 18:27:45,-101.9524,31.8503,  12.9,29494,-45.6,-71.4,-66.8,  4,  6, 0.20,114,10.0
2026-06-16 18:27:46,-101.9525,31.8503,  12.9,29500,-45.6,-71.4,-66.7,  4,  6, 0.20,114, 9.9
2026-06-16 18:27:47,-101.9526,31.8503,  12.9,29507,-45.5,-71.4,-66.7,  4,  6, 0.20,113, 9.9
2026-06-16 18:27:48,-101.9527,31.8504,  12.9,29514,-45.5,-71.3,-66.7,  4,  6, 0.20,112, 9.8
2026-06-16 18:27:49,-101.9528,31.8504,  12.8,29520,-45.5,-71.3,-66.6,  4,  6, 0.21,112, 9.8
2026-06-16 18:27:50,-101.9529,31.8504,  12.8,29527,-45.4,-71.3,-66.6,  4,  6, 0.21,111, 9.7
2026-06-16 18:27:51,-101.9530,31.8505,  12.8,29534,-45.4,-71.2,-66.6,  4,  6, 0.21,111, 9.7
2026-06-16 18:27:52,-101.9531,31.8505,  12.8,29540,-45.4,-71.2,-66.6,  4,  6, 0.21,110, 9.6
2026-06-16 18:27:53,-101.9532,31.8505,  12.8,29547,-45.3,-71.2,-66.5,  4,  6, 0.21,109, 9.6
2026-06-16 18:27:54,-101.9533,31.8505,  12.8,29554,-45.3,-71.2,-66.5,  4,  6, 0.21,109, 9.5
2026-06-16 18:27:55,-101.9534,31.8505,  12.8,29560,-45.2,-71.1,-66.5,  4,  6, 0.21,108, 9.5
2026-06-16 18:27:56,-101.9535,31.8504,  12.8,29567,-45.2,-71.1,-66.5,  4,  6, 0.21,107, 9.4
2026-06-16 18:27:57,-101.9536,31.8504,  12.7,29574,-45.2,-71.1,-66.4,  4,  6, 0.22,107, 9.4
2026-06-16 18:27:58,-101.9537,31.8504,  12.7,29580,-45.1,-71.1,-66.4,  4,  6, 0.22,106, 9.3
2026-06-16 18:27:59,-101.9538,31.8504,  12.7,29587,-45.1,-71.0,-66.4,  4,  6, 0.22,105, 9.3
2026-06-16 18:28:00,-101.9539,31.8504,  12.7,29594,-45.1,-71.0,-66.4,  4,  6, 0.22,105, 9.3
2026-06-16 18:28:01,-101.9540,31.8504,  12.7,29601,-45.0,-71.0,-66.4,  4,  6, 0.22,103, 9.2
2026-06-16 18:28:02,-101.9541,31.8503,  12.7,29608,-45.0,-71.0,-66.4,  4,  6, 0.22,101, 9.3
2026-06-16 18:28:03,-101.9542,31.8503,  12.7,29615,-45.0,-71.0,-66.4,  4,  6, 0.22,100, 9.3
2026-06-16 18:28:04,-101.9543,31.8503,  12.7,29622,-44.9,-71.0,-66.4,  4,  6, 0.22, 98, 9.3
2026-06-16 18:28:05,-101.9544,31.8503,  12.6,29629,-44.9,-71.0,-66.3,  4,  6, 0.22, 96, 9.4
2026-06-16 18:28:06,-101.9545,31.8503,  12.6,29636,-44.9,-71.0,-66.3,  4,  6, 0.22, 95, 9.4
2026-06-16 18:28:07,-101.9546,31.8502,  12.6,29643,-44.8,-71.0,-66.3,  4,  6, 0.22, 93, 9.4
2026-06-16 18:28:08,-101.9547,31.8502,  12.6,29650,-44.8,-70.9,-66.3,  4,  6, 0.22, 91, 9.4
2026-06-16 18:28:09,-101.9548,31.8502,  12.6,29657,-44.7,-70.9,-66.3,  4,  6, 0.22, 90, 9.5
2026-06-16 18:28:10,-101.9549,31.8502,  12.6,29664,-44.7,-70.9,-66.3,  4,  6, 0.22, 88, 9.5
2026-06-16 18:28:11,-101.9549,31.8502,  12.6,29671,-44.7,-70.9,-66.3,  4,  6, 0.22, 86, 9.5
2026-06-16 18:28:12,-101.9550,31.8501,  12.5,29678,-44.6,-70.9,-66.2,  4,  6, 0.23, 85, 9.5
2026-06-16 18:28:13,-101.9551,31.8501,  12.5,29685,-44.6,-70.9,-66.2,  4,  6, 0.23, 83, 9.5
2026-06-16 18:28:14,-101.9552,31.8501,  12.5,29692,-44.5,-70.8,-66.2,  4,  6, 0.23, 81, 9.6
2026-06-16 18:28:15,-101.9553,31.8501,  12.5,29699,-44.5,-70.8,-66.2,  4,  6, 0.23, 80, 9.6
2026-06-16 18:28:16,-101.9554,31.8501,  12.5,29706,-44.5,-70.8,-66.2,  4,  6, 0.23, 78, 9.6
2026-06-16 18:28:17,-101.9555,31.8501,  12.5,29713,-44.4,-70.8,-66.1,  4,  6, 0.23, 76, 9.6
2026-06-16 18:28:18,-101.9556,31.8500,  12.5,29720,-44.4,-70.8,-66.1,  4,  6, 0.23, 75, 9.7
2026-06-16 18:28:19,-101.9557,31.8500,  12.5,29727,-44.3,-70.7,-66.1,  4,  6, 0.23, 73, 9.6
2026-06-16 18:28:20,-101.9558,31.8500,  12.4,29733,-44.3,-70.7,-66.1,  4,  6, 0.23, 72, 9.7
2026-06-16 18:28:21,-101.9559,31.8500,  12.4,29740,-44.3,-70.7,-66.0,  4,  6, 0.23, 72, 9.7
2026-06-16 18:28:22,-101.9560,31.8500,  12.4,29747,-44.2,-70.7,-66.0,  4,  6, 0.23, 72, 9.7
2026-06-16 18:28:23,-101.9562,31.8499,  12.4,29754,-44.2,-70.6,-66.0,  4,  6, 0.23, 72, 9.7
2026-06-16 18:28:24,-101.9562,31.8499,  12.4,29763,-44.1,-70.6,-66.0,  4,  6, 0.24, 72, 9.8
2026-06-16 18:28:25,-101.9563,31.8499,  12.4,29767,-44.1,-70.6,-66.0,  4,  6, 0.24, 72, 9.8
2026-06-16 18:28:26,-101.9564,31.8499,  12.4,29774,-44.1,-70.6,-65.9,  4,  6, 0.24, 72, 9.8
2026-06-16 18:28:27,-101.9565,31.8499,  12.4,29781,-44.0,-70.5,-65.9,  4,  6, 0.24, 72, 9.8
2026-06-16 18:28:28,-101.9566,31.8498,  12.3,29788,-44.0,-70.5,-65.9,  4,  6, 0.24, 72, 9.8
2026-06-16 18:28:29,-101.9567,31.8498,  12.3,29795,-44.0,-70.5,-65.8,  4,  6, 0.24, 72, 9.8
2026-06-16 18:28:30,-101.9568,31.8498,  12.3,29802,-43.9,-70.4,-65.8,  4,  6, 0.24, 72, 9.8
2026-06-16 18:28:31,-101.9569,31.8498,  12.3,29809,-43.9,-70.4,-65.8,  4,  6, 0.25, 72, 9.8
2026-06-16 18:28:32,-101.9570,31.8498,  12.3,29816,-43.9,-70.4,-65.7,  4,  6, 0.25, 72, 9.9
2026-06-16 18:28:33,-101.9571,31.8497,  12.3,29823,-43.8,-70.3,-65.7,  4,  6, 0.25, 72, 9.9
2026-06-16 18:28:34,-101.9572,31.8497,  12.3,29830,-43.8,-70.3,-65.6,  4,  6, 0.25, 72, 9.9
2026-06-16 18:28:35,-101.9573,31.8497,  12.3,29837,-43.7,-70.2,-65.6,  4,  6, 0.25, 72, 9.9
2026-06-16 18:28:36,-101.9574,31.8497,  12.2,29844,-43.7,-70.2,-65.6,  4,  6, 0.25, 72, 9.9
2026-06-16 18:28:37,-101.9575,31.8497,  12.2,29851,-43.7,-70.2,-65.5,  4,  6, 0.26, 72, 9.9
2026-06-16 18:28:38,-101.9576,31.8496,  12.2,29858,-43.6,-70.1,-65.5,  4,  6, 0.26, 73, 9.9
2026-06-16 18:28:39,-101.9577,31.8496,  12.2,29865,-43.6,-70.1,-65.5,  4,  6, 0.26, 73,10.0
2026-06-16 18:28:40,-101.9578,31.8496,  12.2,29872,-43.6,-70.1,-65.4,  4,  6, 0.26, 73,10.0
2026-06-16 18:28:41,-101.9579,31.8496,  12.2,29879,-43.5,-70.0,-65.4,  4,  6, 0.26, 73,10.0
2026-06-16 18:28:42,-101.9580,31.8496,  12.2,29886,-43.5,-70.0,-65.4,  4,  6, 0.26, 73, 9.9
2026-06-16 18:28:43,-101.9581,31.8495,  12.1,29893,-43.4,-70.0,-65.3,  4,  6, 0.26, 74, 9.9
2026-06-16 18:28:44,-101.9582,31.8495,  12.1,29900,-43.4,-69.9,-65.3,  4,  6, 0.27, 74, 9.9
2026-06-16 18:28:45,-101.9583,31.8495,  12.1,29907,-43.4,-69.9,-65.3,  4,  6, 0.27, 74, 9.9
2026-06-16 18:28:46,-101.9584,31.8495,  12.1,29914,-43.3,-69.9,-65.3,  4,  6, 0.27, 75, 9.9
2026-06-16 18:28:47,-101.9585,31.8495,  12.1,29920,-43.3,-69.8,-65.2,  4,  6, 0.27, 75, 9.8
2026-06-16 18:28:48,-101.9586,31.8495,  12.1,29927,-43.3,-69.8,-65.2,  4,  6, 0.27, 75, 9.8
2026-06-16 18:28:49,-101.9587,31.8494,  12.1,29934,-43.2,-69.8,-65.2,  4,  6, 0.27, 76, 9.8
2026-06-16 18:28:50,-101.9588,31.8494,  12.1,29941,-43.2,-69.7,-65.1,  4,  6, 0.27, 76, 9.8
2026-06-16 18:28:51,-101.9589,31.8494,  12.1,29947,-43.1,-69.7,-65.1,  4,  6, 0.27, 77, 9.8
2026-06-16 18:28:52,-101.9590,31.8494,  12.0,29954,-43.1,-69.7,-65.1,  4,  6, 0.28, 77, 9.7
2026-06-16 18:28:53,-101.9591,31.8494,  12.0,29961,-43.1,-69.7,-65.0,  4,  6, 0.28, 77, 9.7
2026-06-16 18:28:54,-101.9592,31.8493,  12.0,29967,-43.0,-69.6,-65.0,  4,  6, 0.28, 78, 9.7
2026-06-16 18:28:55,-101.9593,31.8493,  12.0,29974,-43.0,-69.6,-65.0,  4,  6, 0.28, 78, 9.7
2026-06-16 18:28:56,-101.9594,31.8493,  12.0,29980,-43.0,-69.6,-65.0,  4,  6, 0.28, 78, 9.7
2026-06-16 18:28:57,-101.9595,31.8493,  12.0,29987,-42.9,-69.6,-64.9,  4,  6, 0.28, 79, 9.7
2026-06-16 18:28:58,-101.9596,31.8492,  12.0,29994,-42.9,-69.5,-64.9,  4,  6, 0.28, 79, 9.6
2026-06-16 18:28:59,-101.9597,31.8492,  12.0,30000,-42.9,-69.5,-64.9,  4,  6, 0.28, 79, 9.6
2026-06-16 18:29:00,-101.9598,31.8492,  11.9,30007,-42.8,-69.5,-64.9,  4,  6, 0.29, 80, 9.6
2026-06-16 18:29:01,-101.9600,31.8491,  11.9,30014,-42.8,-69.5,-64.8,  4,  6, 0.29, 79, 9.7
2026-06-16 18:29:02,-101.9601,31.8491,  11.9,30021,-42.8,-69.4,-64.8,  4,  6, 0.29, 79, 9.8
2026-06-16 18:29:03,-101.9602,31.8491,  11.9,30028,-42.7,-69.4,-64.8,  4,  6, 0.29, 79, 9.9
2026-06-16 18:29:04,-101.9603,31.8491,  11.9,30035,-42.7,-69.4,-64.8,  4,  6, 0.29, 78, 9.9
2026-06-16 18:29:05,-101.9604,31.8490,  11.9,30042,-42.7,-69.4,-64.8,  4,  6, 0.29, 78,10.0
2026-06-16 18:29:06,-101.9605,31.8490,  11.9,30049,-42.7,-69.4,-64.8,  4,  6, 0.29, 77,10.1
2026-06-16 18:29:07,-101.9606,31.8490,  11.9,30056,-42.6,-69.3,-64.7,  4,  6, 0.29, 77,10.2
2026-06-16 18:29:08,-101.9607,31.8490,  11.8,30063,-42.6,-69.3,-64.7,  4,  6, 0.30, 77,10.3
2026-06-16 18:29:09,-101.9608,31.8489,  11.8,30070,-42.6,-69.3,-64.7,  4,  6, 0.30, 76,10.4
2026-06-16 18:29:10,-101.9610,31.8489,  11.8,30078,-42.5,-69.2,-64.6,  4,  6, 0.30, 76,10.4
2026-06-16 18:29:11,-101.9611,31.8489,  11.8,30085,-42.5,-69.2,-64.6,  4,  6, 0.30, 76,10.5
2026-06-16 18:29:12,-101.9612,31.8489,  11.8,30092,-42.5,-69.2,-64.6,  4,  6, 0.30, 75,10.6
2026-06-16 18:29:13,-101.9613,31.8488,  11.8,30099,-42.5,-69.2,-64.6,  4,  6, 0.30, 75,10.7
2026-06-16 18:29:14,-101.9614,31.8488,  11.8,30106,-42.4,-69.1,-64.5,  4,  6, 0.30, 75,10.8
2026-06-16 18:29:15,-101.9615,31.8488,  11.8,30113,-42.4,-69.1,-64.5,  4,  6, 0.31, 74,10.9
2026-06-16 18:29:16,-101.9616,31.8488,  11.7,30120,-42.4,-69.1,-64.5,  4,  6, 0.31, 74,11.0
2026-06-16 18:29:17,-101.9617,31.8487,  11.7,30127,-42.4,-69.1,-64.5,  4,  6, 0.31, 74,11.0
2026-06-16 18:29:18,-101.9618,31.8487,  11.7,30134,-42.4,-69.0,-64.4,  4,  6, 0.31, 73,11.1
2026-06-16 18:29:19,-101.9620,31.8487,  11.7,30140,-42.3,-69.0,-64.4,  4,  6, 0.31, 73,11.2
2026-06-16 18:29:20,-101.9621,31.8487,  11.7,30147,-42.3,-69.0,-64.4,  4,  6, 0.31, 73,11.3
2026-06-16 18:29:21,-101.9622,31.8486,  11.7,30153,-42.3,-68.9,-64.3,  4,  6, 0.32, 73,11.3
2026-06-16 18:29:22,-101.9623,31.8486,  11.7,30160,-42.3,-68.9,-64.3,  4,  6, 0.32, 74,11.2
2026-06-16 18:29:23,-101.9624,31.8486,  11.7,30167,-42.2,-68.9,-64.3,  4,  6, 0.32, 74,11.2
2026-06-16 18:29:24,-101.9625,31.8486,  11.7,30173,-42.2,-68.8,-64.2,  4,  6, 0.32, 75,11.1
2026-06-16 18:29:25,-101.9626,31.8486,  11.6,30180,-42.2,-68.8,-64.2,  4,  6, 0.32, 75,11.1
2026-06-16 18:29:26,-101.9628,31.8486,  11.6,30187,-42.2,-68.8,-64.2,  4,  6, 0.33, 76,11.1
2026-06-16 18:29:27,-101.9629,31.8485,  11.6,30194,-42.2,-68.7,-64.1,  4,  6, 0.33, 76,11.0
2026-06-16 18:29:28,-101.9630,31.8485,  11.6,30200,-42.1,-68.7,-64.1,  4,  6, 0.33, 77,11.0
2026-06-16 18:29:29,-101.9631,31.8485,  11.6,30207,-42.1,-68.7,-64.1,  4,  6, 0.33, 78,11.0
2026-06-16 18:29:30,-101.9633,31.8485,  11.6,30213,-42.1,-68.6,-64.0,  4,  6, 0.33, 78,10.9
2026-06-16 18:29:31,-101.9634,31.8485,  11.6,30219,-42.1,-68.6,-64.0,  4,  6, 0.33, 79,10.9
2026-06-16 18:29:32,-101.9635,31.8485,  11.6,30225,-42.0,-68.6,-64.0,  4,  6, 0.34, 79,10.9
2026-06-16 18:29:33,-101.9636,31.8485,  11.6,30231,-42.0,-68.5,-63.9,  4,  6, 0.34, 80,10.8
2026-06-16 18:29:34,-101.9638,31.8485,  11.5,30237,-42.0,-68.5,-63.9,  4,  6, 0.34, 80,10.8
2026-06-16 18:29:35,-101.9639,31.8485,  11.5,30243,-42.0,-68.5,-63.9,  4,  6, 0.34, 81,10.8
2026-06-16 18:29:36,-101.9640,31.8485,  11.5,30250,-42.0,-68.5,-63.9,  4,  6, 0.34, 81,10.8
2026-06-16 18:29:37,-101.9641,31.8485,  11.5,30256,-41.9,-68.5,-63.9,  4,  6, 0.34, 82,10.7
2026-06-16 18:29:38,-101.9642,31.8484,  11.5,30262,-41.9,-68.4,-63.8,  4,  6, 0.34, 82,10.7
2026-06-16 18:29:39,-101.9644,31.8484,  11.5,30268,-41.9,-68.4,-63.8,  4,  6, 0.35, 83,10.7
2026-06-16 18:29:40,-101.9645,31.8484,  11.5,30275,-41.9,-68.4,-63.8,  4,  6, 0.35, 84,10.7
2026-06-16 18:29:41,-101.9646,31.8484,  11.5,30282,-41.9,-68.4,-63.8,  4,  6, 0.35, 84,10.8
2026-06-16 18:29:42,-101.9647,31.8484,  11.5,30289,-41.8,-68.4,-63.8,  4,  6, 0.35, 84,10.9
2026-06-16 18:29:43,-101.9649,31.8484,  11.4,30295,-41.8,-68.3,-63.7,  4,  6, 0.35, 84,11.0
2026-06-16 18:29:44,-101.9650,31.8484,  11.4,30302,-41.8,-68.3,-63.7,  4,  6, 0.35, 84,11.1
2026-06-16 18:29:45,-101.9651,31.8484,  11.4,30309,-41.8,-68.3,-63.7,  4,  6, 0.35, 84,11.2
2026-06-16 18:29:46,-101.9652,31.8484,  11.4,30316,-41.8,-68.3,-63.7,  4,  6, 0.35, 84,11.3
2026-06-16 18:29:47,-101.9654,31.8484,  11.4,30323,-41.8,-68.3,-63.7,  4,  6, 0.36, 84,11.4
2026-06-16 18:29:48,-101.9655,31.8483,  11.4,30330,-41.7,-68.3,-63.7,  4,  6, 0.36, 84,11.5
2026-06-16 18:29:49,-101.9656,31.8483,  11.4,30337,-41.7,-68.3,-63.7,  4,  6, 0.36, 84,11.6
2026-06-16 18:29:50,-101.9657,31.8483,  11.4,30344,-41.7,-68.3,-63.7,  4,  6, 0.36, 84,11.7
2026-06-16 18:29:51,-101.9658,31.8483,  11.4,30351,-41.7,-68.2,-63.7,  4,  6, 0.36, 84,11.8
2026-06-16 18:29:52,-101.9660,31.8483,  11.3,30357,-41.7,-68.2,-63.6,  4,  6, 0.36, 84,12.0
2026-06-16 18:29:53,-101.9661,31.8483,  11.3,30364,-41.7,-68.2,-63.6,  4,  6, 0.36, 84,12.1
2026-06-16 18:29:54,-101.9662,31.8483,  11.3,30371,-41.7,-68.2,-63.6,  4,  6, 0.36, 84,12.2
2026-06-16 18:29:55,-101.9664,31.8483,  11.3,30378,-41.7,-68.2,-63.6,  4,  6, 0.36, 84,12.3
2026-06-16 18:29:56,-101.9665,31.8483,  11.3,30385,-41.6,-68.2,-63.6,  4,  6, 0.36, 85,12.4
2026-06-16 18:29:57,-101.9667,31.8483,  11.3,30392,-41.6,-68.2,-63.6,  4,  6, 0.36, 85,12.5
2026-06-16 18:29:58,-101.9668,31.8483,  11.3,30399,-41.6,-68.2,-63.6,  4,  6, 0.36, 85,12.6
2026-06-16 18:29:59,-101.9669,31.8483,  11.3,30406,-41.6,-68.2,-63.6,  4,  6, 0.36, 85,12.7
2026-06-16 18:30:00,-101.9671,31.8483,  11.2,30413,-41.6,-68.2,-63.6,  4,  6, 0.36, 85,12.8
2026-06-16 18:30:01,-101.9672,31.8482,  11.2,30420,-41.6,-68.2,-63.6,  4,  6, 0.36, 85,12.9
2026-06-16 18:30:02,-101.9674,31.8482,  11.2,30427,-41.6,-68.2,-63.6,  4,  6, 0.36, 85,12.9
2026-06-16 18:30:03,-101.9675,31.8482,  11.2,30434,-41.6,-68.2,-63.6,  4,  6, 0.37, 85,13.0
2026-06-16 18:30:04,-101.9677,31.8482,  11.2,30442,-41.6,-68.2,-63.6,  4,  6, 0.37, 85,13.0
2026-06-16 18:30:05,-101.9678,31.8482,  11.2,30449,-41.6,-68.2,-63.6,  4,  6, 0.37, 86,13.1
2026-06-16 18:30:06,-101.9680,31.8482,  11.2,30456,-41.6,-68.2,-63.6,  4,  6, 0.37, 86,13.1
2026-06-16 18:30:07,-101.9681,31.8482,  11.2,30465,-41.6,-68.2,-63.6,  4,  6, 0.37, 86,13.2
2026-06-16 18:30:08,-101.9683,31.8482,  11.2,30471,-41.6,-68.2,-63.6,  4,  6, 0.37, 86,13.2
2026-06-16 18:30:09,-101.9684,31.8482,  11.1,30477,-41.6,-68.2,-63.6,  4,  6, 0.37, 86,13.3
2026-06-16 18:30:10,-101.9686,31.8482,  11.1,30483,-41.6,-68.2,-63.6,  4,  6, 0.37, 86,13.3
2026-06-16 18:30:11,-101.9687,31.8482,  11.1,30490,-41.6,-68.2,-63.6,  4,  6, 0.37, 87,13.4
2026-06-16 18:30:12,-101.9688,31.8482,  11.1,30496,-41.6,-68.2,-63.6,  4,  6, 0.37, 87,13.4
2026-06-16 18:30:13,-101.9690,31.8482,  11.1,30503,-41.6,-68.2,-63.6,  4,  6, 0.37, 87,13.5
2026-06-16 18:30:14,-101.9691,31.8482,  11.1,30510,-41.6,-68.2,-63.6,  4,  6, 0.37, 87,13.5
2026-06-16 18:30:15,-101.9693,31.8482,  11.1,30516,-41.6,-68.2,-63.6,  4,  6, 0.37, 87,13.6
2026-06-16 18:30:16,-101.9694,31.8482,  11.1,30523,-41.6,-68.2,-63.6,  4,  6, 0.37, 87,13.6
2026-06-16 18:30:17,-101.9696,31.8482,  11.1,30530,-41.6,-68.2,-63.6,  4,  6, 0.37, 88,13.7
2026-06-16 18:30:18,-101.9697,31.8482,  11.0,30537,-41.6,-68.2,-63.6,  4,  6, 0.37, 88,13.7
2026-06-16 18:30:19,-101.9699,31.8482,  11.0,30544,-41.6,-68.2,-63.6,  4,  6, 0.37, 88,13.8
2026-06-16 18:30:20,-101.9700,31.8482,  11.0,30551,-41.6,-68.2,-63.6,  4,  6, 0.37, 88,13.8
2026-06-16 18:30:21,-101.9702,31.8481,  11.0,30559,-41.6,-68.2,-63.6,  4,  6, 0.37, 88,13.8
2026-06-16 18:30:22,-101.9703,31.8481,  11.0,30566,-41.6,-68.2,-63.6,  4,  6, 0.37, 88,13.9
2026-06-16 18:30:23,-101.9704,31.8481,  11.0,30573,-41.7,-68.2,-63.6,  4,  6, 0.37, 88,13.9
2026-06-16 18:30:24,-101.9706,31.8481,  11.0,30580,-41.7,-68.2,-63.6,  4,  6, 0.37, 88,13.9
2026-06-16 18:30:25,-101.9707,31.8481,  11.0,30587,-41.7,-68.2,-63.6,  4,  6, 0.37, 88,13.9
2026-06-16 18:30:26,-101.9709,31.8481,  11.0,30594,-41.7,-68.2,-63.6,  4,  6, 0.37, 88,13.9
2026-06-16 18:30:27,-101.9710,31.8481,  10.9,30601,-41.7,-68.2,-63.6,  4,  6, 0.38, 88,13.9
2026-06-16 18:30:28,-101.9712,31.8481,  10.9,30608,-41.7,-68.2,-63.6,  4,  6, 0.38, 88,13.9
2026-06-16 18:30:29,-101.9713,31.8481,  10.9,30615,-41.7,-68.2,-63.6,  4,  6, 0.38, 88,13.9
2026-06-16 18:30:30,-101.9715,31.8481,  10.9,30622,-41.7,-68.2,-63.6,  4,  6, 0.38, 88,13.9
2026-06-16 18:30:31,-101.9716,31.8481,  10.9,30630,-41.7,-68.2,-63.6,  4,  6, 0.38, 88,13.9
2026-06-16 18:30:32,-101.9717,31.8481,  10.9,30637,-41.7,-68.2,-63.6,  4,  6, 0.38, 88,13.9
2026-06-16 18:30:33,-101.9719,31.8481,  10.9,30645,-41.7,-68.2,-63.6,  4,  6, 0.38, 88,13.9
2026-06-16 18:30:34,-101.9720,31.8481,  10.9,30653,-41.7,-68.2,-63.6,  4,  6, 0.38, 88,13.9
2026-06-16 18:30:35,-101.9722,31.8481,  10.8,30660,-41.7,-68.2,-63.6,  4,  6, 0.38, 88,13.9
2026-06-16 18:30:36,-101.9723,31.8481,  10.8,30667,-41.7,-68.2,-63.6,  4,  6, 0.38, 88,13.9
2026-06-16 18:30:37,-101.9725,31.8481,  10.8,30673,-41.7,-68.2,-63.6,  4,  6, 0.38, 88,13.9
2026-06-16 18:30:38,-101.9726,31.8481,  10.8,30679,-41.7,-68.2,-63.6,  4,  6, 0.38, 88,13.9
2026-06-16 18:30:39,-101.9728,31.8481,  10.8,30685,-41.7,-68.2,-63.6,  4,  6, 0.38, 88,13.9
2026-06-16 18:30:40,-101.9729,31.8481,  10.8,30691,-41.7,-68.2,-63.6,  4,  6, 0.38, 89,13.9
2026-06-16 18:30:41,-101.9730,31.8481,  10.8,30698,-41.7,-68.1,-63.6,  4,  6, 0.38, 89,13.9
2026-06-16 18:30:42,-101.9732,31.8481,  10.8,30705,-41.7,-68.1,-63.5,  4,  6, 0.38, 88,13.9
2026-06-16 18:30:43,-101.9733,31.8481,  10.8,30712,-41.7,-68.1,-63.5,  4,  6, 0.38, 88,13.9
2026-06-16 18:30:44,-101.9735,31.8481,  10.8,30719,-41.7,-68.1,-63.5,  4,  6, 0.38, 88,13.9
2026-06-16 18:30:45,-101.9736,31.8481,  10.7,30726,-41.7,-68.1,-63.5,  4,  6, 0.39, 88,13.9
2026-06-16 18:30:46,-101.9738,31.8481,  10.7,30734,-41.7,-68.1,-63.5,  4,  6, 0.39, 88,13.9
2026-06-16 18:30:47,-101.9739,31.8481,  10.7,30741,-41.7,-68.1,-63.5,  4,  6, 0.39, 88,13.9
2026-06-16 18:30:48,-101.9741,31.8481,  10.7,30748,-41.7,-68.1,-63.5,  4,  6, 0.39, 88,13.9
2026-06-16 18:30:49,-101.9742,31.8481,  10.7,30756,-41.7,-68.1,-63.5,  4,  6, 0.39, 88,13.8
2026-06-16 18:30:50,-101.9743,31.8481,  10.7,30763,-41.7,-68.0,-63.4,  4,  6, 0.39, 88,13.8
2026-06-16 18:30:51,-101.9745,31.8481,  10.7,30770,-41.7,-68.0,-63.4,  4,  6, 0.39, 88,13.8
2026-06-16 18:30:52,-101.9746,31.8481,  10.7,30778,-41.7,-68.0,-63.4,  4,  6, 0.39, 88,13.8
2026-06-16 18:30:53,-101.9748,31.8481,  10.6,30785,-41.7,-68.0,-63.4,  4,  6, 0.40, 88,13.8
2026-06-16 18:30:54,-101.9749,31.8481,  10.6,30791,-41.7,-68.0,-63.4,  4,  6, 0.40, 88,13.8
2026-06-16 18:30:55,-101.9751,31.8480,  10.6,30798,-41.7,-68.0,-63.4,  4,  6, 0.39, 88,13.8
2026-06-16 18:30:56,-101.9752,31.8480,  10.6,30805,-41.7,-68.0,-63.5,  4,  6, 0.39, 88,13.8
2026-06-16 18:30:57,-101.9754,31.8480,  10.6,30812,-41.7,-68.1,-63.5,  4,  6, 0.39, 88,13.8
2026-06-16 18:30:58,-101.9755,31.8480,  10.6,30819,-41.7,-68.1,-63.5,  4,  6, 0.39, 88,13.8
2026-06-16 18:30:59,-101.9757,31.8480,  10.6,30825,-41.7,-68.1,-63.5,  4,  6, 0.39, 88,13.8
2026-06-16 18:31:00,-101.9759,31.8480,  10.6,30832,-41.7,-68.1,-63.5,  4,  6, 0.39, 88,13.8
2026-06-16 18:31:01,-101.9761,31.8480,  10.6,30839,-41.7,-68.1,-63.5,  4,  6, 0.39, 88,13.9
2026-06-16 18:31:02,-101.9762,31.8480,  10.6,30846,-41.7,-68.1,-63.5,  4,  6, 0.39, 88,14.0
2026-06-16 18:31:03,-101.9764,31.8480,  10.5,30852,-41.7,-68.1,-63.5,  4,  6, 0.39, 88,14.2
2026-06-16 18:31:04,-101.9766,31.8480,  10.5,30859,-41.7,-68.1,-63.6,  4,  6, 0.39, 88,14.3
2026-06-16 18:31:05,-101.9767,31.8480,  10.5,30866,-41.7,-68.2,-63.6,  4,  6, 0.39, 88,14.4
2026-06-16 18:31:06,-101.9769,31.8480,  10.5,30872,-41.7,-68.2,-63.6,  4,  6, 0.39, 88,14.5
2026-06-16 18:31:07,-101.9771,31.8480,  10.5,30879,-41.7,-68.2,-63.6,  4,  6, 0.39, 88,14.6
2026-06-16 18:31:08,-101.9772,31.8480,  10.5,30885,-41.7,-68.2,-63.6,  4,  6, 0.39, 88,14.8
2026-06-16 18:31:09,-101.9774,31.8480,  10.5,30891,-41.7,-68.2,-63.6,  4,  6, 0.39, 88,14.9
2026-06-16 18:31:10,-101.9776,31.8480,  10.5,30899,-41.7,-68.2,-63.6,  4,  6, 0.39, 88,15.0
2026-06-16 18:31:11,-101.9777,31.8480,  10.5,30906,-41.7,-68.2,-63.6,  4,  6, 0.39, 88,15.1
2026-06-16 18:31:12,-101.9779,31.8480,  10.4,30913,-41.7,-68.1,-63.6,  4,  6, 0.40, 88,15.2
2026-06-16 18:31:13,-101.9781,31.8480,  10.4,30920,-41.7,-68.1,-63.6,  4,  6, 0.40, 88,15.4
2026-06-16 18:31:14,-101.9782,31.8480,  10.4,30927,-41.7,-68.1,-63.6,  4,  6, 0.40, 88,15.5
2026-06-16 18:31:15,-101.9784,31.8480,  10.4,30934,-41.7,-68.1,-63.6,  4,  6, 0.40, 88,15.6
2026-06-16 18:31:16,-101.9786,31.8480,  10.4,30942,-41.7,-68.1,-63.5,  4,  6, 0.40, 88,15.7
2026-06-16 18:31:17,-101.9787,31.8480,  10.4,30950,-41.7,-68.1,-63.5,  4,  6, 0.40, 88,15.8
2026-06-16 18:31:18,-101.9789,31.8480,  10.4,30957,-41.7,-68.1,-63.5,  4,  6, 0.40, 88,16.0
2026-06-16 18:31:19,-101.9791,31.8480,  10.4,30965,-41.7,-68.1,-63.5,  4,  6, 0.40, 88,16.1
2026-06-16 18:31:20,-101.9792,31.8480,  10.4,30973,-41.7,-68.1,-63.5,  4,  6, 0.40, 88,16.2
2026-06-16 18:31:21,-101.9794,31.8480,  10.3,30980,-41.7,-68.1,-63.5,  4,  6, 0.40, 89,16.2
2026-06-16 18:31:22,-101.9796,31.8480,  10.3,30986,-41.7,-68.1,-63.5,  4,  6, 0.40, 89,16.2
2026-06-16 18:31:23,-101.9797,31.8480,  10.3,30993,-41.6,-68.1,-63.5,  4,  6, 0.41, 90,16.2
2026-06-16 18:31:24,-101.9799,31.8480,  10.3,31000,-41.6,-68.0,-63.4,  4,  6, 0.41, 90,16.1
2026-06-16 18:31:25,-101.9801,31.8480,  10.3,31007,-41.6,-68.0,-63.4,  4,  6, 0.41, 90,16.1
2026-06-16 18:31:26,-101.9803,31.8480,  10.3,31014,-41.6,-68.0,-63.4,  4,  6, 0.41, 91,16.1
2026-06-16 18:31:27,-101.9804,31.8481,  10.3,31021,-41.6,-68.0,-63.4,  4,  6, 0.41, 91,16.1
2026-06-16 18:31:28,-101.9806,31.8481,  10.3,31029,-41.6,-68.0,-63.4,  4,  6, 0.41, 91,16.1
2026-06-16 18:31:29,-101.9807,31.8481,  10.3,31036,-41.6,-68.0,-63.4,  4,  6, 0.41, 92,16.1
2026-06-16 18:31:30,-101.9809,31.8481,  10.3,31043,-41.6,-67.9,-63.3,  4,  6, 0.41, 92,16.0
2026-06-16 18:31:31,-101.9811,31.8482,  10.2,31050,-41.6,-67.9,-63.3,  4,  6, 0.42, 93,16.0
2026-06-16 18:31:32,-101.9812,31.8482,  10.2,31057,-41.6,-67.9,-63.3,  4,  6, 0.42, 93,16.0
2026-06-16 18:31:33,-101.9814,31.8482,  10.2,31064,-41.6,-67.9,-63.3,  4,  6, 0.42, 93,16.0
2026-06-16 18:31:34,-101.9816,31.8483,  10.2,31071,-41.6,-67.9,-63.3,  4,  6, 0.42, 94,16.0
2026-06-16 18:31:35,-101.9817,31.8483,  10.2,31078,-41.6,-67.9,-63.3,  4,  6, 0.42, 94,16.0
2026-06-16 18:31:36,-101.9819,31.8483,  10.2,31085,-41.6,-67.8,-63.3,  4,  6, 0.42, 95,16.0
2026-06-16 18:31:37,-101.9821,31.8483,  10.2,31092,-41.6,-67.8,-63.3,  4,  6, 0.42, 95,16.0
2026-06-16 18:31:38,-101.9822,31.8484,  10.2,31099,-41.6,-67.8,-63.2,  4,  6, 0.42, 95,15.9
2026-06-16 18:31:39,-101.9824,31.8484,  10.2,31105,-41.6,-67.8,-63.2,  4,  6, 0.42, 96,15.9
2026-06-16 18:31:40,-101.9826,31.8484,  10.1,31112,-41.6,-67.8,-63.2,  4,  6, 0.43, 96,15.9
2026-06-16 18:31:41,-101.9827,31.8484,  10.1,31118,-41.6,-67.8,-63.2,  4,  6, 0.43, 96,15.9
2026-06-16 18:31:42,-101.9829,31.8485,  10.1,31125,-41.5,-67.8,-63.2,  4,  6, 0.43, 97,15.9
2026-06-16 18:31:43,-101.9831,31.8485,  10.1,31131,-41.5,-67.7,-63.2,  4,  6, 0.43, 97,15.9
2026-06-16 18:31:44,-101.9832,31.8485,  10.1,31138,-41.5,-67.7,-63.1,  4,  6, 0.43, 98,16.0
2026-06-16 18:31:45,-101.9834,31.8486,  10.1,31144,-41.5,-67.7,-63.1,  4,  6, 0.43, 98,16.0
2026-06-16 18:31:46,-101.9836,31.8486,  10.1,31151,-41.5,-67.7,-63.1,  4,  7, 0.43, 98,16.0
2026-06-16 18:31:47,-101.9837,31.8486,  10.1,31157,-41.5,-67.7,-63.1,  4,  6, 0.43, 99,16.0
2026-06-16 18:31:48,-101.9839,31.8486,  10.1,31164,-41.5,-67.7,-63.1,  4,  6, 0.43, 99,16.0
2026-06-16 18:31:49,-101.9840,31.8487,  10.1,31171,-41.5,-67.7,-63.1,  4,  6, 0.43, 99,16.0
2026-06-16 18:31:50,-101.9842,31.8487,  10.0,31179,-41.4,-67.7,-63.1,  4,  6, 0.44,100,16.0
2026-06-16 18:31:51,-101.9844,31.8487,  10.0,31187,-41.4,-67.7,-63.1,  4,  6, 0.44,100,16.0
2026-06-16 18:31:52,-101.9845,31.8487,  10.0,31194,-41.4,-67.7,-63.1,  4,  6, 0.44,101,16.0
2026-06-16 18:31:53,-101.9847,31.8488,  10.0,31202,-41.4,-67.7,-63.1,  4,  6, 0.44,101,16.0
2026-06-16 18:31:54,-101.9849,31.8488,  10.0,31211,-41.4,-67.7,-63.1,  4,  6, 0.44,101,16.0
2026-06-16 18:31:55,-101.9850,31.8488,  10.0,31217,-41.4,-67.7,-63.1,  4,  6, 0.44,102,16.1
2026-06-16 18:31:56,-101.9852,31.8489,  10.0,31224,-41.4,-67.7,-63.1,  4,  6, 0.44,102,16.1
2026-06-16 18:31:57,-101.9854,31.8489,  10.0,31231,-41.3,-67.7,-63.1,  4,  6, 0.44,102,16.1
2026-06-16 18:31:58,-101.9856,31.8489,  10.0,31239,-41.3,-67.6,-63.1,  4,  6, 0.44,103,16.1
2026-06-16 18:31:59,-101.9858,31.8490,   9.9,31246,-41.3,-67.6,-63.1,  4,  6, 0.45,103,16.1
2026-06-16 18:32:00,-101.9859,31.8490,   9.9,31254,-41.3,-67.6,-63.0,  4,  6, 0.45,103,16.1
2026-06-16 18:32:01,-101.9861,31.8490,   9.9,31261,-41.3,-67.6,-63.0,  4,  6, 0.45,103,16.2
2026-06-16 18:32:02,-101.9863,31.8491,   9.9,31268,-41.2,-67.6,-63.0,  4,  6, 0.45,103,16.3
2026-06-16 18:32:03,-101.9865,31.8491,   9.9,31275,-41.2,-67.6,-63.0,  4,  6, 0.45,103,16.4
2026-06-16 18:32:04,-101.9867,31.8491,   9.9,31283,-41.2,-67.6,-63.0,  4,  6, 0.45,103,16.5
2026-06-16 18:32:05,-101.9869,31.8492,   9.9,31290,-41.2,-67.6,-63.0,  4,  6, 0.45,103,16.6
2026-06-16 18:32:06,-101.9871,31.8492,   9.9,31297,-41.2,-67.6,-63.0,  4,  6, 0.45,103,16.7
2026-06-16 18:32:07,-101.9873,31.8493,   9.9,31304,-41.1,-67.6,-63.0,  4,  6, 0.45,103,16.8
2026-06-16 18:32:08,-101.9875,31.8493,   9.9,31311,-41.1,-67.5,-63.0,  4,  6, 0.45,103,16.9
2026-06-16 18:32:09,-101.9877,31.8493,   9.8,31318,-41.1,-67.5,-63.0,  4,  6, 0.46,103,17.0
2026-06-16 18:32:10,-101.9878,31.8494,   9.8,31325,-41.1,-67.5,-63.0,  4,  6, 0.46,103,17.1
2026-06-16 18:32:11,-101.9880,31.8494,   9.8,31332,-41.1,-67.5,-62.9,  4,  6, 0.46,103,17.2
2026-06-16 18:32:12,-101.9882,31.8494,   9.8,31339,-41.1,-67.5,-62.9,  4,  6, 0.46,103,17.3
2026-06-16 18:32:13,-101.9884,31.8495,   9.8,31346,-41.1,-67.5,-62.9,  4,  6, 0.46,103,17.4
2026-06-16 18:32:14,-101.9886,31.8495,   9.8,31352,-41.0,-67.5,-62.9,  4,  6, 0.46,103,17.5
2026-06-16 18:32:15,-101.9888,31.8496,   9.8,31359,-41.0,-67.5,-62.9,  4,  6, 0.46,103,17.6
2026-06-16 18:32:16,-101.9890,31.8496,   9.8,31366,-41.0,-67.5,-62.9,  4,  6, 0.46,103,17.7
2026-06-16 18:32:17,-101.9892,31.8496,   9.8,31372,-41.0,-67.4,-62.9,  4,  6, 0.46,103,17.8
2026-06-16 18:32:18,-101.9894,31.8497,   9.8,31379,-41.0,-67.4,-62.8,  4,  6, 0.46,103,17.9
2026-06-16 18:32:19,-101.9896,31.8497,   9.7,31385,-41.0,-67.4,-62.8,  4,  6, 0.47,103,18.0
2026-06-16 18:32:20,-101.9897,31.8498,   9.7,31391,-41.0,-67.4,-62.8,  4,  6, 0.47,103,18.1
2026-06-16 18:32:21,-101.9899,31.8498,   9.7,31398,-40.9,-67.4,-62.8,  4,  6, 0.47,103,18.3
2026-06-16 18:32:22,-101.9901,31.8498,   9.7,31405,-40.9,-67.3,-62.8,  4,  6, 0.47,103,18.4
2026-06-16 18:32:23,-101.9903,31.8499,   9.7,31412,-40.9,-67.3,-62.8,  4,  6, 0.48,103,18.5
2026-06-16 18:32:24,-101.9905,31.8499,   9.7,31419,-40.9,-67.3,-62.7,  4,  6, 0.48,103,18.7
2026-06-16 18:32:25,-101.9907,31.8499,   9.7,31426,-40.9,-67.3,-62.7,  4,  6, 0.48,103,18.8
2026-06-16 18:32:26,-101.9909,31.8500,   9.7,31433,-40.9,-67.3,-62.7,  4,  6, 0.48,103,18.9
2026-06-16 18:32:27,-101.9911,31.8500,   9.7,31440,-40.9,-67.3,-62.7,  4,  6, 0.48,103,19.0
2026-06-16 18:32:28,-101.9913,31.8501,   9.7,31447,-40.9,-67.3,-62.7,  4,  6, 0.48,103,19.2
2026-06-16 18:32:29,-101.9915,31.8501,   9.6,31454,-40.9,-67.3,-62.7,  4,  6, 0.48,103,19.3
2026-06-16 18:32:30,-101.9917,31.8501,   9.6,31461,-40.8,-67.3,-62.7,  4,  6, 0.48,103,19.4
2026-06-16 18:32:31,-101.9919,31.8502,   9.6,31468,-40.8,-67.2,-62.7,  4,  6, 0.49,103,19.6
2026-06-16 18:32:32,-101.9921,31.8502,   9.6,31474,-40.8,-67.2,-62.7,  4,  6, 0.49,103,19.7
2026-06-16 18:32:33,-101.9923,31.8502,   9.6,31481,-40.8,-67.2,-62.7,  4,  6, 0.49,102,19.8
2026-06-16 18:32:34,-101.9925,31.8503,   9.6,31488,-40.8,-67.2,-62.7,  4,  6, 0.49,102,19.9
2026-06-16 18:32:35,-101.9927,31.8503,   9.6,31495,-40.8,-67.2,-62.7,  4,  6, 0.49,102,20.1
2026-06-16 18:32:36,-101.9929,31.8503,   9.6,31502,-40.8,-67.2,-62.6,  4,  6, 0.49,102,20.2
2026-06-16 18:32:37,-101.9931,31.8504,   9.6,31509,-40.8,-67.2,-62.6,  4,  6, 0.49,102,20.3
2026-06-16 18:32:38,-101.9933,31.8504,   9.6,31516,-40.7,-67.2,-62.6,  4,  6, 0.49,102,20.5
2026-06-16 18:32:39,-101.9935,31.8505,   9.6,31523,-40.7,-67.2,-62.6,  4,  6, 0.49,102,20.6
2026-06-16 18:32:40,-101.9937,31.8505,   9.5,31530,-40.7,-67.2,-62.6,  4,  6, 0.49,102,20.7
2026-06-16 18:32:41,-101.9939,31.8505,   9.5,31537,-40.7,-67.2,-62.6,  4,  6, 0.50,102,20.6
2026-06-16 18:32:42,-101.9941,31.8506,   9.5,31544,-40.7,-67.1,-62.6,  4,  6, 0.50,102,20.5
2026-06-16 18:32:43,-101.9943,31.8506,   9.5,31552,-40.7,-67.1,-62.5,  4,  6, 0.50,102,20.4
2026-06-16 18:32:44,-101.9945,31.8506,   9.5,31559,-40.7,-67.1,-62.5,  4,  6, 0.50,102,20.3
2026-06-16 18:32:45,-101.9947,31.8507,   9.5,31566,-40.6,-67.1,-62.5,  4,  6, 0.50,102,20.2
2026-06-16 18:32:46,-101.9949,31.8507,   9.5,31572,-40.6,-67.0,-62.5,  4,  6, 0.50,102,20.1
2026-06-16 18:32:47,-101.9951,31.8508,   9.5,31579,-40.6,-67.0,-62.5,  4,  6, 0.51,102,20.0
2026-06-16 18:32:48,-101.9953,31.8508,   9.5,31586,-40.6,-67.0,-62.4,  4,  6, 0.51,102,19.9
2026-06-16 18:32:49,-101.9955,31.8508,   9.5,31592,-40.6,-67.0,-62.4,  4,  6, 0.51,102,19.8
2026-06-16 18:32:50,-101.9957,31.8509,   9.4,31599,-40.6,-67.0,-62.4,  4,  6, 0.51,102,19.7
2026-06-16 18:32:51,-101.9959,31.8509,   9.4,31607,-40.6,-66.9,-62.4,  4,  6, 0.52,102,19.6
2026-06-16 18:32:52,-101.9961,31.8509,   9.4,31614,-40.5,-66.9,-62.4,  4,  6, 0.52,102,19.5
2026-06-16 18:32:53,-101.9963,31.8510,   9.4,31621,-40.5,-66.9,-62.3,  4,  6, 0.52,102,19.4
2026-06-16 18:32:54,-101.9965,31.8510,   9.4,31628,-40.5,-66.9,-62.3,  4,  6, 0.52,102,19.3
2026-06-16 18:32:55,-101.9967,31.8510,   9.4,31635,-40.5,-66.9,-62.3,  4,  7, 0.52,102,19.2
2026-06-16 18:32:56,-101.9969,31.8511,   9.4,31642,-40.5,-66.8,-62.3,  4,  7, 0.52,102,19.1
2026-06-16 18:32:57,-101.9971,31.8511,   9.4,31649,-40.5,-66.8,-62.2,  4,  7, 0.53,102,19.0
2026-06-16 18:32:58,-101.9973,31.8512,   9.4,31655,-40.5,-66.8,-62.2,  4,  7, 0.53,102,18.9
2026-06-16 18:32:59,-101.9975,31.8512,   9.4,31662,-40.5,-66.8,-62.2,  4,  7, 0.53,102,18.8
2026-06-16 18:33:00,-101.9977,31.8512,   9.3,31669,-40.5,-66.7,-62.2,  4,  7, 0.54,102,18.7
2026-06-16 18:33:01,-101.9979,31.8513,   9.3,31675,-40.4,-66.7,-62.2,  4,  7, 0.54,102,18.6
2026-06-16 18:33:02,-101.9980,31.8513,   9.3,31682,-40.4,-66.7,-62.1,  4,  7, 0.54,102,18.5
2026-06-16 18:33:03,-101.9982,31.8513,   9.3,31688,-40.4,-66.7,-62.1,  4,  7, 0.54,102,18.4
2026-06-16 18:33:04,-101.9984,31.8513,   9.3,31694,-40.4,-66.6,-62.1,  4,  7, 0.54,102,18.3
2026-06-16 18:33:05,-101.9985,31.8514,   9.3,31701,-40.4,-66.6,-62.1,  4,  7, 0.55,102,18.2
2026-06-16 18:33:06,-101.9987,31.8514,   9.3,31707,-40.4,-66.6,-62.0,  4,  7, 0.55,102,18.1
2026-06-16 18:33:07,-101.9989,31.8514,   9.3,31711,-40.4,-66.6,-62.0,  4,  7, 0.55,102,18.0
2026-06-16 18:33:08,-101.9991,31.8515,   9.3,31720,-40.3,-66.6,-62.0,  4,  7, 0.55,102,17.9
2026-06-16 18:33:09,-101.9992,31.8515,   9.3,31726,-40.3,-66.6,-62.0,  4,  7, 0.55,102,17.8
2026-06-16 18:33:10,-101.9994,31.8515,   9.3,31733,-40.3,-66.5,-62.0,  4,  7, 0.55,102,17.7
2026-06-16 18:33:11,-101.9996,31.8516,   9.3,31739,-40.3,-66.5,-62.0,  4,  7, 0.55,102,17.6
2026-06-16 18:33:12,-101.9997,31.8516,   9.2,31746,-40.3,-66.5,-62.0,  4,  7, 0.56,102,17.5
2026-06-16 18:33:13,-101.9999,31.8516,   9.2,31752,-40.3,-66.5,-62.0,  4,  7, 0.56,102,17.3
2026-06-16 18:33:14,-102.0001,31.8516,   9.2,31759,-40.2,-66.5,-62.0,  4,  7, 0.56,102,17.2
2026-06-16 18:33:15,-102.0002,31.8517,   9.2,31765,-40.2,-66.5,-62.0,  4,  7, 0.56,102,17.1
2026-06-16 18:33:16,-102.0004,31.8517,   9.2,31772,-40.2,-66.5,-62.0,  4,  7, 0.56,102,17.0
2026-06-16 18:33:17,-102.0006,31.8517,   9.2,31778,-40.2,-66.5,-61.9,  4,  7, 0.56,102,16.9
2026-06-16 18:33:18,-102.0008,31.8518,   9.2,31785,-40.2,-66.5,-61.9,  4,  7, 0.56,102,16.8
2026-06-16 18:33:19,-102.0009,31.8518,   9.2,31792,-40.2,-66.5,-61.9,  4,  7, 0.56,102,16.7
2026-06-16 18:33:20,-102.0011,31.8518,   9.2,31799,-40.1,-66.5,-61.9,  4,  7, 0.56,102,16.6
2026-06-16 18:33:21,-102.0013,31.8519,   9.2,31806,-40.1,-66.5,-61.9,  4,  7, 0.56,102,16.6
2026-06-16 18:33:22,-102.0014,31.8519,   9.2,31813,-40.1,-66.5,-61.9,  4,  7, 0.56,102,16.6
2026-06-16 18:33:23,-102.0016,31.8519,   9.1,31820,-40.1,-66.5,-61.9,  4,  7, 0.57,102,16.6
2026-06-16 18:33:24,-102.0018,31.8520,   9.1,31827,-40.1,-66.5,-61.9,  4,  7, 0.57,102,16.6
2026-06-16 18:33:25,-102.0019,31.8520,   9.1,31834,-40.1,-66.5,-61.9,  4,  7, 0.57,101,16.5
2026-06-16 18:33:26,-102.0021,31.8520,   9.1,31841,-40.0,-66.5,-61.9,  4,  6, 0.57,101,16.5
2026-06-16 18:33:27,-102.0023,31.8520,   9.1,31847,-40.0,-66.5,-61.9,  4,  6, 0.57,101,16.5
2026-06-16 18:33:28,-102.0025,31.8521,   9.1,31854,-40.0,-66.5,-61.9,  4,  6, 0.57,101,16.5
2026-06-16 18:33:29,-102.0026,31.8521,   9.1,31861,-40.0,-66.5,-61.9,  4,  6, 0.57,101,16.5
2026-06-16 18:33:30,-102.0028,31.8521,   9.1,31868,-40.0,-66.5,-62.0,  4,  6, 0.57,101,16.5
2026-06-16 18:33:31,-102.0030,31.8521,   9.1,31875,-40.0,-66.5,-62.0,  4,  6, 0.57,101,16.5
2026-06-16 18:33:32,-102.0032,31.8522,   9.1,31882,-39.9,-66.5,-62.0,  4,  6, 0.57,101,16.4
2026-06-16 18:33:33,-102.0034,31.8522,   9.1,31889,-39.9,-66.5,-62.0,  4,  6, 0.57,101,16.4
2026-06-16 18:33:34,-102.0035,31.8522,   9.0,31896,-39.9,-66.5,-62.0,  4,  6, 0.57,101,16.4
2026-06-16 18:33:35,-102.0037,31.8522,   9.0,31903,-39.9,-66.5,-61.9,  4,  6, 0.57,101,16.4
2026-06-16 18:33:36,-102.0039,31.8522,   9.0,31909,-39.9,-66.5,-61.9,  4,  6, 0.57,101,16.4
2026-06-16 18:33:37,-102.0041,31.8523,   9.0,31915,-39.9,-66.5,-61.9,  4,  6, 0.58,101,16.4
2026-06-16 18:33:38,-102.0043,31.8523,   9.0,31921,-39.8,-66.4,-61.9,  4,  6, 0.58,101,16.4
2026-06-16 18:33:39,-102.0044,31.8523,   9.0,31927,-39.8,-66.4,-61.9,  4,  6, 0.58,101,16.3
2026-06-16 18:33:40,-102.0046,31.8523,   9.0,31934,-39.8,-66.4,-61.8,  4,  6, 0.58,101,16.3
2026-06-16 18:33:41,-102.0048,31.8523,   9.0,31940,-39.8,-66.4,-61.8,  4,  6, 0.58,100,16.4
2026-06-16 18:33:42,-102.0050,31.8524,   9.0,31946,-39.8,-66.4,-61.8,  4,  6, 0.58,100,16.4
2026-06-16 18:33:43,-102.0052,31.8524,   9.0,31952,-39.8,-66.3,-61.8,  4,  6, 0.59,100,16.5
2026-06-16 18:33:44,-102.0053,31.8524,   9.0,31958,-39.7,-66.3,-61.8,  4,  6, 0.59,100,16.5
2026-06-16 18:33:45,-102.0055,31.8524,   9.0,31964,-39.7,-66.3,-61.7,  4,  6, 0.59, 99,16.6
2026-06-16 18:33:46,-102.0057,31.8524,   8.9,31970,-39.7,-66.3,-61.7,  4,  6, 0.60, 99,16.7
2026-06-16 18:33:47,-102.0059,31.8525,   8.9,31977,-39.7,-66.2,-61.7,  4,  6, 0.60, 99,16.7
2026-06-16 18:33:48,-102.0061,31.8525,   8.9,31984,-39.6,-66.2,-61.7,  4,  6, 0.60, 99,16.8
2026-06-16 18:33:49,-102.0062,31.8525,   8.9,31991,-39.6,-66.2,-61.6,  4,  6, 0.60, 98,16.8
2026-06-16 18:33:50,-102.0064,31.8525,   8.9,31998,-39.6,-66.2,-61.6,  4,  6, 0.61, 98,16.9
2026-06-16 18:33:51,-102.0066,31.8525,   8.9,32006,-39.6,-66.1,-61.6,  4,  6, 0.61, 98,16.9
2026-06-16 18:33:52,-102.0068,31.8526,   8.9,32012,-39.5,-66.1,-61.6,  4,  6, 0.61, 98,17.0
2026-06-16 18:33:53,-102.0070,31.8526,   8.9,32019,-39.5,-66.1,-61.6,  4,  6, 0.61, 97,17.1
2026-06-16 18:33:54,-102.0072,31.8526,   8.9,32026,-39.5,-66.1,-61.5,  4,  6, 0.61, 97,17.1
2026-06-16 18:33:55,-102.0073,31.8526,   8.9,32033,-39.5,-66.0,-61.5,  4,  6, 0.62, 97,17.2
2026-06-16 18:33:56,-102.0075,31.8526,   8.9,32039,-39.5,-66.0,-61.5,  4,  6, 0.62, 97,17.2
2026-06-16 18:33:57,-102.0077,31.8527,   8.8,32046,-39.4,-66.0,-61.4,  4,  6, 0.63, 96,17.3
2026-06-16 18:33:58,-102.0079,31.8527,   8.8,32052,-39.4,-66.0,-61.4,  4,  6, 0.63, 96,17.4
2026-06-16 18:33:59,-102.0081,31.8527,   8.8,32059,-39.4,-65.9,-61.4,  4,  6, 0.63, 96,17.4
2026-06-16 18:34:00,-102.0083,31.8527,   8.8,32066,-39.3,-65.9,-61.4,  4,  6, 0.63, 96,17.5
2026-06-16 18:34:01,-102.0085,31.8528,   8.8,32072,-39.3,-65.9,-61.3,  4,  6, 0.64, 96,17.7
2026-06-16 18:34:02,-102.0087,31.8528,   8.8,32079,-39.3,-65.9,-61.3,  4,  6, 0.64, 96,17.9
2026-06-16 18:34:03,-102.0089,31.8529,   8.8,32086,-39.3,-65.9,-61.3,  4,  6, 0.64, 97,18.1
2026-06-16 18:34:04,-102.0092,31.8529,   8.8,32093,-39.2,-65.9,-61.3,  4,  6, 0.64, 97,18.3
2026-06-16 18:34:05,-102.0094,31.8530,   8.8,32100,-39.2,-65.9,-61.3,  4,  6, 0.64, 97,18.5
2026-06-16 18:34:06,-102.0096,31.8530,   8.8,32107,-39.2,-65.8,-61.3,  4,  6, 0.64, 98,18.7
2026-06-16 18:34:07,-102.0098,31.8530,   8.8,32114,-39.1,-65.8,-61.3,  4,  6, 0.64, 98,18.9
2026-06-16 18:34:08,-102.0101,31.8531,   8.7,32121,-39.1,-65.8,-61.3,  4,  6, 0.65, 98,19.1
2026-06-16 18:34:09,-102.0103,31.8531,   8.7,32128,-39.1,-65.8,-61.3,  4,  6, 0.65, 98,19.3
2026-06-16 18:34:10,-102.0105,31.8532,   8.7,32136,-39.1,-65.8,-61.3,  4,  6, 0.65, 99,19.5
2026-06-16 18:34:11,-102.0107,31.8532,   8.7,32143,-39.0,-65.8,-61.3,  4,  6, 0.65, 99,19.7
2026-06-16 18:34:12,-102.0110,31.8532,   8.7,32150,-39.0,-65.8,-61.3,  4,  6, 0.65, 99,19.9
2026-06-16 18:34:13,-102.0112,31.8533,   8.7,32158,-39.0,-65.8,-61.3,  4,  6, 0.65, 99,20.1
2026-06-16 18:34:14,-102.0114,31.8533,   8.7,32165,-38.9,-65.8,-61.2,  4,  6, 0.65,100,20.3
2026-06-16 18:34:15,-102.0116,31.8534,   8.7,32172,-38.9,-65.8,-61.2,  4,  6, 0.65,100,20.5
2026-06-16 18:34:16,-102.0118,31.8534,   8.7,32179,-38.9,-65.8,-61.2,  4,  6, 0.65,100,20.7
2026-06-16 18:34:17,-102.0121,31.8534,   8.7,32185,-38.9,-65.7,-61.2,  4,  6, 0.66,100,20.9
2026-06-16 18:34:18,-102.0123,31.8535,   8.7,32192,-38.8,-65.7,-61.2,  4,  6, 0.66,100,21.1
2026-06-16 18:34:19,-102.0125,31.8535,   8.7,32199,-38.8,-65.7,-61.2,  4,  6, 0.66,101,21.3
2026-06-16 18:34:20,-102.0127,31.8536,   8.6,32206,-38.8,-65.7,-61.2,  4,  6, 0.67,101,21.5
2026-06-16 18:34:21,-102.0130,31.8536,   8.6,32213,-38.7,-65.7,-61.1,  4,  6, 0.67,101,21.5
2026-06-16 18:34:22,-102.0132,31.8537,   8.6,32221,-38.7,-65.7,-61.1,  4,  6, 0.67,101,21.6
2026-06-16 18:34:23,-102.0134,31.8537,   8.6,32228,-38.7,-65.6,-61.1,  4,  6, 0.67,101,21.7
2026-06-16 18:34:24,-102.0136,31.8537,   8.6,32236,-38.7,-65.6,-61.1,  4,  6, 0.67,102,21.7
2026-06-16 18:34:25,-102.0139,31.8538,   8.6,32244,-38.6,-65.6,-61.1,  4,  6, 0.68,102,21.8
2026-06-16 18:34:26,-102.0141,31.8538,   8.6,32251,-38.6,-65.6,-61.1,  4,  6, 0.68,102,21.9
2026-06-16 18:34:27,-102.0143,31.8539,   8.6,32258,-38.6,-65.6,-61.0,  4,  6, 0.68,102,21.9
2026-06-16 18:34:28,-102.0145,31.8539,   8.6,32265,-38.5,-65.6,-61.0,  4,  6, 0.68,102,22.0
2026-06-16 18:34:29,-102.0148,31.8539,   8.6,32273,-38.5,-65.5,-61.0,  4,  6, 0.68,103,22.0
2026-06-16 18:34:30,-102.0150,31.8540,   8.5,32280,-38.5,-65.5,-61.0,  4,  6, 0.69,103,22.1
2026-06-16 18:34:31,-102.0152,31.8540,   8.5,32287,-38.4,-65.5,-61.0,  4,  6, 0.70,103,22.2
2026-06-16 18:34:32,-102.0154,31.8541,   8.5,32294,-38.4,-65.5,-60.9,  4,  6, 0.70,103,22.2
2026-06-16 18:34:33,-102.0156,31.8542,   8.5,32301,-38.4,-65.4,-60.9,  4,  6, 0.70,103,22.3
2026-06-16 18:34:34,-102.0159,31.8542,   8.5,32308,-38.3,-65.4,-60.9,  4,  6, 0.70,104,22.4
2026-06-16 18:34:35,-102.0161,31.8543,   8.5,32315,-38.3,-65.4,-60.9,  4,  6, 0.70,104,22.4
2026-06-16 18:34:36,-102.0163,31.8544,   8.5,32322,-38.3,-65.4,-60.8,  4,  6, 0.71,104,22.5
2026-06-16 18:34:37,-102.0165,31.8544,   8.5,32329,-38.2,-65.3,-60.8,  4,  6, 0.71,104,22.6
2026-06-16 18:34:38,-102.0167,31.8545,   8.5,32337,-38.2,-65.3,-60.8,  4,  6, 0.71,104,22.6
2026-06-16 18:34:39,-102.0170,31.8546,   8.5,32345,-38.1,-65.3,-60.8,  4,  6, 0.71,104,22.7
2026-06-16 18:34:40,-102.0172,31.8546,   8.5,32352,-38.1,-65.3,-60.7,  4,  6, 0.71,105,22.8
2026-06-16 18:34:41,-102.0174,31.8547,   8.5,32360,-38.1,-65.2,-60.7,  4,  6, 0.72,105,22.7
2026-06-16 18:34:42,-102.0176,31.8547,   8.4,32367,-38.0,-65.2,-60.7,  4,  6, 0.73,105,22.7
2026-06-16 18:34:43,-102.0179,31.8548,   8.4,32375,-38.0,-65.2,-60.7,  4,  6, 0.73,105,22.7
2026-06-16 18:34:44,-102.0181,31.8549,   8.4,32382,-38.0,-65.2,-60.6,  4,  6, 0.74,106,22.6
2026-06-16 18:34:45,-102.0183,31.8549,   8.4,32390,-37.9,-65.1,-60.6,  4,  6, 0.74,106,22.6
2026-06-16 18:34:46,-102.0185,31.8550,   8.4,32397,-37.9,-65.1,-60.6,  4,  6, 0.74,106,22.6
2026-06-16 18:34:47,-102.0187,31.8551,   8.4,32405,-37.9,-65.1,-60.5,  4,  6, 0.74,106,22.5
2026-06-16 18:34:48,-102.0190,31.8551,   8.4,32412,-37.8,-65.0,-60.5,  4,  6, 0.75,107,22.5
2026-06-16 18:34:49,-102.0192,31.8552,   8.4,32419,-37.8,-65.0,-60.5,  4,  6, 0.75,107,22.5
2026-06-16 18:34:50,-102.0194,31.8553,   8.4,32426,-37.8,-65.0,-60.5,  4,  6, 0.75,107,22.4
2026-06-16 18:34:51,-102.0196,31.8553,   8.4,32433,-37.7,-65.0,-60.4,  4,  6, 0.75,107,22.4
2026-06-16 18:34:52,-102.0198,31.8554,   8.4,32440,-37.7,-64.9,-60.4,  4,  6, 0.76,108,22.4
2026-06-16 18:34:53,-102.0201,31.8555,   8.3,32448,-37.7,-64.9,-60.4,  4,  6, 0.77,108,22.3
2026-06-16 18:34:54,-102.0203,31.8555,   8.3,32455,-37.7,-64.9,-60.4,  4,  6, 0.77,108,22.3
2026-06-16 18:34:55,-102.0205,31.8556,   8.3,32462,-37.6,-64.9,-60.4,  4,  6, 0.77,109,22.3
2026-06-16 18:34:56,-102.0207,31.8556,   8.3,32469,-37.6,-64.8,-60.3,  4,  6, 0.78,109,22.3
2026-06-16 18:34:57,-102.0209,31.8557,   8.3,32476,-37.6,-64.8,-60.3,  4,  6, 0.78,109,22.2
2026-06-16 18:34:58,-102.0212,31.8558,   8.3,32483,-37.6,-64.8,-60.3,  4,  6, 0.78,109,22.2
2026-06-16 18:34:59,-102.0214,31.8558,   8.3,32489,-37.5,-64.8,-60.3,  4,  6, 0.78,110,22.2
2026-06-16 18:35:00,-102.0216,31.8559,   8.3,32496,-37.5,-64.8,-60.3,  4,  6, 0.78,110,22.1
2026-06-16 18:35:01,-102.0218,31.8560,   8.3,32502,-37.5,-64.7,-60.2,  4,  6, 0.79,110,22.1
2026-06-16 18:35:02,-102.0220,31.8561,   8.3,32508,-37.5,-64.7,-60.2,  4,  6, 0.79,111,22.0
2026-06-16 18:35:03,-102.0222,31.8562,   8.3,32515,-37.4,-64.7,-60.2,  4,  6, 0.79,111,22.0
2026-06-16 18:35:04,-102.0224,31.8563,   8.3,32521,-37.4,-64.7,-60.2,  4,  6, 0.79,111,22.0
2026-06-16 18:35:05,-102.0226,31.8564,   8.2,32528,-37.4,-64.7,-60.1,  4,  6, 0.80,112,21.9
2026-06-16 18:35:06,-102.0228,31.8565,   8.2,32534,-37.4,-64.6,-60.1,  4,  6, 0.81,112,21.9
2026-06-16 18:35:07,-102.0230,31.8566,   8.2,32541,-37.4,-64.6,-60.1,  4,  6, 0.81,113,21.8
2026-06-16 18:35:08,-102.0232,31.8567,   8.2,32548,-37.3,-64.6,-60.1,  4,  6, 0.81,113,21.8
2026-06-16 18:35:09,-102.0234,31.8568,   8.2,32554,-37.3,-64.6,-60.1,  4,  6, 0.81,114,21.7
2026-06-16 18:35:10,-102.0236,31.8569,   8.2,32561,-37.3,-64.6,-60.1,  4,  6, 0.81,114,21.7
2026-06-16 18:35:11,-102.0238,31.8570,   8.2,32568,-37.3,-64.6,-60.1,  4,  6, 0.81,114,21.7
2026-06-16 18:35:12,-102.0240,31.8571,   8.2,32576,-37.3,-64.6,-60.1,  4,  6, 0.81,115,21.6
2026-06-16 18:35:13,-102.0242,31.8572,   8.2,32583,-37.2,-64.6,-60.0,  4,  6, 0.82,115,21.6
2026-06-16 18:35:14,-102.0244,31.8573,   8.2,32591,-37.2,-64.5,-60.0,  4,  6, 0.82,116,21.6
2026-06-16 18:35:15,-102.0246,31.8574,   8.2,32598,-37.2,-64.5,-60.0,  4,  6, 0.82,116,21.5
2026-06-16 18:35:16,-102.0248,31.8575,   8.2,32606,-37.2,-64.5,-60.0,  4,  6, 0.82,117,21.5
2026-06-16 18:35:17,-102.0249,31.8576,   8.1,32613,-37.2,-64.5,-60.0,  4,  6, 0.83,117,21.5
2026-06-16 18:35:18,-102.0251,31.8577,   8.1,32621,-37.1,-64.5,-60.0,  4,  6, 0.83,117,21.4
2026-06-16 18:35:19,-102.0253,31.8578,   8.1,32628,-37.1,-64.5,-60.0,  4,  6, 0.83,118,21.4
2026-06-16 18:35:20,-102.0255,31.8579,   8.1,32635,-37.1,-64.5,-60.0,  4,  6, 0.83,118,21.4
2026-06-16 18:35:21,-102.0257,31.8580,   8.1,32643,-37.1,-64.5,-60.0,  4,  6, 0.83,119,21.4
2026-06-16 18:35:22,-102.0259,31.8581,   8.1,32649,-37.1,-64.5,-60.0,  4,  6, 0.83,119,21.4
2026-06-16 18:35:23,-102.0261,31.8582,   8.1,32656,-37.1,-64.5,-60.0,  4,  6, 0.83,119,21.5
2026-06-16 18:35:24,-102.0263,31.8583,   8.1,32663,-37.1,-64.5,-60.0,  4,  6, 0.84,120,21.5
2026-06-16 18:35:25,-102.0265,31.8584,   8.1,32669,-37.1,-64.5,-59.9,  4,  6, 0.84,120,21.5
2026-06-16 18:35:26,-102.0267,31.8585,   8.1,32676,-37.1,-64.4,-59.9,  4,  6, 0.84,120,21.5
2026-06-16 18:35:27,-102.0269,31.8586,   8.1,32683,-37.0,-64.4,-59.9,  4,  6, 0.84,120,21.6
2026-06-16 18:35:28,-102.0271,31.8587,   8.1,32691,-37.0,-64.4,-59.9,  4,  6, 0.84,121,21.6
2026-06-16 18:35:29,-102.0273,31.8588,   8.0,32698,-37.0,-64.4,-59.9,  4,  6, 0.85,121,21.6
2026-06-16 18:35:30,-102.0275,31.8589,   8.0,32706,-37.0,-64.4,-59.9,  4,  6, 0.86,121,21.6
2026-06-16 18:35:31,-102.0277,31.8590,   8.0,32714,-37.0,-64.4,-59.9,  4,  6, 0.86,122,21.7
2026-06-16 18:35:32,-102.0279,31.8591,   8.0,32722,-37.0,-64.4,-59.9,  4,  6, 0.86,122,21.7
2026-06-16 18:35:33,-102.0280,31.8592,   8.0,32729,-37.0,-64.4,-59.9,  4,  6, 0.86,122,21.7
2026-06-16 18:35:34,-102.0282,31.8593,   8.0,32736,-37.0,-64.3,-59.8,  4,  6, 0.86,123,21.8
2026-06-16 18:35:35,-102.0284,31.8594,   8.0,32743,-37.0,-64.3,-59.8,  4,  6, 0.86,123,21.8
2026-06-16 18:35:36,-102.0286,31.8595,   8.0,32751,-37.0,-64.3,-59.8,  4,  6, 0.86,123,21.8
2026-06-16 18:35:37,-102.0288,31.8596,   8.0,32758,-37.0,-64.3,-59.8,  4,  6, 0.86,124,21.8
2026-06-16 18:35:38,-102.0289,31.8597,   8.0,32765,-37.0,-64.3,-59.8,  4,  6, 0.86,124,21.9
2026-06-16 18:35:39,-102.0291,31.8598,   8.0,32772,-37.0,-64.3,-59.8,  4,  6, 0.86,124,21.9
2026-06-16 18:35:40,-102.0293,31.8599,   8.0,32779,-37.0,-64.3,-59.8,  4,  6, 0.86,124,21.9
2026-06-16 18:35:41,-102.0295,31.8600,   7.9,32786,-37.0,-64.3,-59.8,  4,  6, 0.88,124,21.9
2026-06-16 18:35:42,-102.0297,31.8601,   7.9,32796,-37.0,-64.3,-59.8,  4,  6, 0.88,124,21.8
2026-06-16 18:35:43,-102.0298,31.8602,   7.9,32801,-37.0,-64.3,-59.8,  4,  6, 0.88,124,21.7
2026-06-16 18:35:44,-102.0300,31.8603,   7.9,32808,-37.0,-64.3,-59.8,  4,  6, 0.88,124,21.6
2026-06-16 18:35:45,-102.0302,31.8604,   7.9,32816,-37.0,-64.3,-59.8,  4,  6, 0.88,124,21.6
2026-06-16 18:35:46,-102.0304,31.8605,   7.9,32823,-37.0,-64.3,-59.8,  4,  6, 0.88,124,21.5
2026-06-16 18:35:47,-102.0306,31.8606,   7.9,32831,-37.0,-64.3,-59.8,  4,  6, 0.88,124,21.4
2026-06-16 18:35:48,-102.0307,31.8607,   7.9,32838,-37.1,-64.3,-59.8,  4,  6, 0.88,124,21.3
2026-06-16 18:35:49,-102.0309,31.8608,   7.9,32845,-37.1,-64.3,-59.8,  4,  6, 0.88,124,21.3
2026-06-16 18:35:50,-102.0311,31.8609,   7.9,32852,-37.1,-64.2,-59.7,  4,  6, 0.88,124,21.2
2026-06-16 18:35:51,-102.0313,31.8610,   7.9,32859,-37.1,-64.2,-59.7,  4,  6, 0.88,124,21.1
2026-06-16 18:35:52,-102.0314,31.8611,   7.9,32866,-37.1,-64.2,-59.7,  4,  6, 0.88,124,21.0
2026-06-16 18:35:53,-102.0316,31.8613,   7.8,32873,-37.1,-64.2,-59.7,  4,  6, 0.89,124,21.0
2026-06-16 18:35:54,-102.0318,31.8614,   7.8,32880,-37.1,-64.2,-59.7,  4,  6, 0.89,124,20.9
2026-06-16 18:35:55,-102.0320,31.8615,   7.8,32887,-37.1,-64.2,-59.7,  4,  6, 0.90,124,20.8
2026-06-16 18:35:56,-102.0322,31.8616,   7.8,32895,-37.1,-64.2,-59.7,  4,  6, 0.90,124,20.7
2026-06-16 18:35:57,-102.0323,31.8617,   7.8,32902,-37.1,-64.2,-59.7,  4,  6, 0.90,124,20.7
2026-06-16 18:35:58,-102.0325,31.8618,   7.8,32910,-37.1,-64.2,-59.7,  4,  6, 0.90,124,20.6
2026-06-16 18:35:59,-102.0327,31.8619,   7.8,32918,-37.1,-64.2,-59.7,  4,  6, 0.90,124,20.5
2026-06-16 18:36:00,-102.0329,31.8620,   7.8,32925,-37.1,-64.2,-59.7,  4,  6, 0.90,124,20.4
2026-06-16 18:36:01,-102.0331,31.8621,   7.8,32932,-37.1,-64.2,-59.7,  4,  6, 0.90,124,20.4
2026-06-16 18:36:02,-102.0332,31.8622,   7.8,32939,-37.1,-64.2,-59.7,  4,  6, 0.90,124,20.3
2026-06-16 18:36:03,-102.0334,31.8623,   7.8,32946,-37.1,-64.2,-59.7,  4,  6, 0.90,124,20.2
2026-06-16 18:36:04,-102.0336,31.8624,   7.8,32953,-37.1,-64.2,-59.7,  4,  6, 0.90,124,20.1
2026-06-16 18:36:05,-102.0338,31.8625,   7.7,32960,-37.2,-64.2,-59.7,  4,  6, 0.91,124,20.0
2026-06-16 18:36:06,-102.0339,31.8625,   7.7,32967,-37.2,-64.2,-59.7,  4,  6, 0.91,123,20.0
2026-06-16 18:36:07,-102.0341,31.8626,   7.7,32975,-37.2,-64.2,-59.7,  4,  6, 0.91,123,19.9
2026-06-16 18:36:08,-102.0343,31.8627,   7.7,32982,-37.2,-64.2,-59.7,  4,  6, 0.91,123,19.8
2026-06-16 18:36:09,-102.0345,31.8628,   7.7,32990,-37.2,-64.2,-59.7,  4,  6, 0.91,123,19.7
2026-06-16 18:36:10,-102.0346,31.8629,   7.7,32997,-37.2,-64.2,-59.7,  4,  6, 0.91,123,19.6
2026-06-16 18:36:11,-102.0348,31.8630,   7.7,33004,-37.2,-64.2,-59.7,  4,  6, 0.91,122,19.6
2026-06-16 18:36:12,-102.0350,31.8631,   7.7,33012,-37.2,-64.2,-59.7,  4,  6, 0.91,122,19.5
2026-06-16 18:36:13,-102.0352,31.8632,   7.7,33020,-37.2,-64.2,-59.7,  4,  6, 0.91,122,19.4
2026-06-16 18:36:14,-102.0353,31.8633,   7.7,33027,-37.2,-64.2,-59.7,  4,  6, 0.91,122,19.3
2026-06-16 18:36:15,-102.0355,31.8634,   7.7,33035,-37.3,-64.2,-59.7,  4,  6, 0.91,122,19.3
2026-06-16 18:36:16,-102.0357,31.8635,   7.7,33043,-37.3,-64.2,-59.7,  4,  6, 0.91,122,19.2
2026-06-16 18:36:17,-102.0359,31.8635,   7.6,33050,-37.3,-64.2,-59.7,  4,  6, 0.92,121,19.1
2026-06-16 18:36:18,-102.0360,31.8636,   7.6,33058,-37.3,-64.2,-59.7,  4,  6, 0.92,121,19.0
2026-06-16 18:36:19,-102.0362,31.8637,   7.6,33065,-37.3,-64.2,-59.7,  5,  6, 0.92,121,18.9
2026-06-16 18:36:20,-102.0364,31.8638,   7.6,33072,-37.3,-64.2,-59.7,  5,  6, 0.92,121,18.9
2026-06-16 18:36:21,-102.0366,31.8639,   7.6,33079,-37.3,-64.2,-59.7,  5,  7, 0.92,121,18.9
2026-06-16 18:36:22,-102.0367,31.8640,   7.6,33087,-37.3,-64.2,-59.7,  5,  7, 0.92,121,19.0
2026-06-16 18:36:23,-102.0369,31.8641,   7.6,33094,-37.4,-64.2,-59.7,  5,  7, 0.93,121,19.1
2026-06-16 18:36:24,-102.0371,31.8642,   7.6,33101,-37.4,-64.2,-59.7,  5,  7, 0.93,121,19.1
2026-06-16 18:36:25,-102.0373,31.8643,   7.6,33108,-37.4,-64.2,-59.7,  5,  7, 0.93,121,19.2
2026-06-16 18:36:26,-102.0374,31.8644,   7.6,33115,-37.4,-64.2,-59.7,  5,  7, 0.93,121,19.2
2026-06-16 18:36:27,-102.0376,31.8644,   7.6,33122,-37.4,-64.2,-59.7,  5,  7, 0.93,121,19.3
2026-06-16 18:36:28,-102.0378,31.8645,   7.6,33129,-37.4,-64.2,-59.7,  5,  7, 0.93,121,19.4
2026-06-16 18:36:29,-102.0380,31.8646,   7.6,33137,-37.4,-64.1,-59.6,  5,  7, 0.93,121,19.4
2026-06-16 18:36:30,-102.0381,31.8647,   7.5,33144,-37.4,-64.1,-59.6,  5,  7, 0.94,121,19.5
2026-06-16 18:36:31,-102.0383,31.8648,   7.5,33151,-37.4,-64.1,-59.6,  5,  7, 0.94,121,19.6
2026-06-16 18:36:32,-102.0385,31.8649,   7.5,33158,-37.5,-64.1,-59.6,  5,  7, 0.95,121,19.6
2026-06-16 18:36:33,-102.0387,31.8650,   7.5,33165,-37.5,-64.1,-59.6,  5,  7, 0.95,121,19.7
2026-06-16 18:36:34,-102.0388,31.8651,   7.5,33172,-37.5,-64.1,-59.6,  5,  7, 0.95,121,19.7
2026-06-16 18:36:35,-102.0390,31.8651,   7.5,33180,-37.5,-64.1,-59.6,  5,  7, 0.95,121,19.8
2026-06-16 18:36:36,-102.0392,31.8652,   7.5,33187,-37.5,-64.1,-59.6,  5,  7, 0.95,121,19.9
2026-06-16 18:36:37,-102.0394,31.8653,   7.5,33194,-37.5,-64.1,-59.6,  5,  7, 0.95,121,19.9
2026-06-16 18:36:38,-102.0396,31.8654,   7.5,33202,-37.5,-64.0,-59.5,  5,  7, 0.95,121,20.0
2026-06-16 18:36:39,-102.0398,31.8654,   7.5,33209,-37.5,-64.0,-59.5,  5,  7, 0.95,121,20.1
2026-06-16 18:36:40,-102.0399,31.8655,   7.5,33216,-37.6,-64.0,-59.5,  5,  7, 0.96,121,20.1
2026-06-16 18:36:41,-102.0401,31.8656,   7.5,33224,-37.6,-64.0,-59.5,  5,  7, 0.96,121,20.1
2026-06-16 18:36:42,-102.0403,31.8657,   7.4,33231,-37.6,-64.0,-59.5,  5,  7, 0.97,121,20.0
2026-06-16 18:36:43,-102.0405,31.8658,   7.4,33239,-37.6,-64.0,-59.5,  5,  7, 0.97,120,20.0
2026-06-16 18:36:44,-102.0407,31.8658,   7.4,33246,-37.6,-64.0,-59.5,  5,  7, 0.97,120,20.0
2026-06-16 18:36:45,-102.0408,31.8659,   7.4,33254,-37.6,-64.0,-59.5,  5,  7, 0.97,120,19.9
2026-06-16 18:36:46,-102.0410,31.8660,   7.4,33261,-37.6,-64.0,-59.5,  5,  7, 0.97,120,19.9
2026-06-16 18:36:47,-102.0412,31.8661,   7.4,33269,-37.6,-64.0,-59.5,  5,  7, 0.97,120,19.8
2026-06-16 18:36:48,-102.0414,31.8661,   7.4,33276,-37.6,-64.0,-59.5,  5,  7, 0.97,119,19.8
2026-06-16 18:36:49,-102.0416,31.8662,   7.4,33283,-37.7,-64.0,-59.5,  5,  7, 0.97,119,19.7
2026-06-16 18:36:50,-102.0417,31.8663,   7.4,33291,-37.7,-64.0,-59.5,  5,  7, 0.97,119,19.7
2026-06-16 18:36:51,-102.0419,31.8664,   7.4,33298,-37.7,-64.0,-59.5,  5,  7, 0.97,119,19.7
2026-06-16 18:36:52,-102.0421,31.8664,   7.4,33304,-37.7,-64.0,-59.5,  5,  7, 0.97,118,19.6
2026-06-16 18:36:53,-102.0423,31.8665,   7.4,33311,-37.7,-64.0,-59.5,  5,  7, 0.97,118,19.6
2026-06-16 18:36:54,-102.0425,31.8666,   7.4,33318,-37.7,-64.0,-59.5,  5,  7, 0.98,118,19.6
2026-06-16 18:36:55,-102.0426,31.8667,   7.3,33325,-37.7,-64.0,-59.5,  5,  7, 0.99,118,19.5
2026-06-16 18:36:56,-102.0428,31.8668,   7.3,33331,-37.7,-64.0,-59.5,  5,  7, 0.99,117,19.5
2026-06-16 18:36:57,-102.0430,31.8668,   7.3,33337,-37.7,-64.0,-59.5,  5,  7, 0.99,117,19.4
2026-06-16 18:36:58,-102.0432,31.8669,   7.3,33344,-37.8,-64.0,-59.5,  5,  7, 0.99,117,19.4
2026-06-16 18:36:59,-102.0434,31.8670,   7.3,33350,-37.8,-64.0,-59.5,  5,  7, 0.98,117,19.4
2026-06-16 18:37:00,-102.0436,31.8671,   7.3,33356,-37.8,-64.0,-59.5,  5,  7, 0.98,117,19.3
2026-06-16 18:37:01,-102.0437,31.8671,   7.3,33362,-37.8,-64.0,-59.5,  5,  7, 0.98,116,19.2
2026-06-16 18:37:02,-102.0439,31.8672,   7.3,33368,-37.8,-64.0,-59.5,  5,  7, 0.98,116,19.1
2026-06-16 18:37:03,-102.0441,31.8673,   7.3,33375,-37.8,-64.0,-59.5,  5,  7, 0.98,116,19.0
2026-06-16 18:37:04,-102.0443,31.8674,   7.3,33382,-37.8,-64.0,-59.5,  5,  7, 0.98,116,18.9
2026-06-16 18:37:05,-102.0444,31.8674,   7.3,33388,-37.8,-64.0,-59.5,  5,  7, 0.98,115,18.7
2026-06-16 18:37:06,-102.0446,31.8675,   7.3,33395,-37.8,-64.0,-59.5,  5,  7, 0.98,115,18.6
2026-06-16 18:37:07,-102.0448,31.8675,   7.3,33401,-37.8,-64.1,-59.6,  5,  7, 0.98,115,18.5
2026-06-16 18:37:08,-102.0449,31.8675,   7.3,33408,-37.8,-64.1,-59.6,  5,  7, 0.98,114,18.4
2026-06-16 18:37:09,-102.0451,31.8676,   7.3,33412,-37.8,-64.1,-59.6,  5,  7, 0.98,114,18.3
2026-06-16 18:37:10,-102.0453,31.8677,   7.2,33421,-37.9,-64.1,-59.6,  5,  7, 0.99,114,18.2
2026-06-16 18:37:11,-102.0454,31.8677,   7.2,33428,-37.9,-64.1,-59.6,  5,  7, 0.99,114,18.0
2026-06-16 18:37:12,-102.0456,31.8678,   7.2,33434,-37.9,-64.1,-59.6,  5,  7, 0.99,113,17.9
2026-06-16 18:37:13,-102.0458,31.8678,   7.2,33441,-37.9,-64.1,-59.6,  5,  7, 0.98,113,17.8
2026-06-16 18:37:14,-102.0459,31.8679,   7.2,33448,-37.9,-64.1,-59.6,  5,  7, 0.98,113,17.7
2026-06-16 18:37:15,-102.0462,31.8679,   7.2,33455,-37.9,-64.1,-59.6,  5,  7, 0.98,112,17.6
2026-06-16 18:37:16,-102.0463,31.8680,   7.2,33465,-37.9,-64.2,-59.7,  5,  7, 0.98,112,17.4
2026-06-16 18:37:17,-102.0464,31.8680,   7.2,33469,-37.9,-64.2,-59.7,  5,  7, 0.98,112,17.4
2026-06-16 18:37:18,-102.0466,31.8681,   7.2,33477,-37.9,-64.2,-59.7,  5,  7, 0.98,111,17.3
2026-06-16 18:37:19,-102.0468,31.8681,   7.2,33484,-37.9,-64.2,-59.7,  5,  7, 0.98,111,17.2
2026-06-16 18:37:20,-102.0469,31.8682,   7.2,33490,-37.9,-64.2,-59.7,  5,  7, 0.98,111,17.0
2026-06-16 18:37:21,-102.0471,31.8682,   7.2,33496,-37.8,-64.2,-59.7,  5,  7, 0.98,111,17.0
2026-06-16 18:37:22,-102.0473,31.8683,   7.2,33503,-37.8,-64.2,-59.7,  5,  7, 0.98,110,17.0
2026-06-16 18:37:23,-102.0474,31.8683,   7.2,33509,-37.8,-64.2,-59.7,  5,  7, 0.98,110,17.0
2026-06-16 18:37:24,-102.0476,31.8684,   7.1,33516,-37.8,-64.2,-59.7,  5,  7, 0.99,110,17.0
2026-06-16 18:37:25,-102.0478,31.8684,   7.1,33523,-37.8,-64.2,-59.7,  5,  7, 0.99,110,16.9
2026-06-16 18:37:26,-102.0479,31.8685,   7.1,33530,-37.8,-64.2,-59.7,  5,  7, 0.99,110,16.9
2026-06-16 18:37:27,-102.0481,31.8685,   7.1,33538,-37.8,-64.2,-59.7,  5,  7, 0.98,110,16.9
2026-06-16 18:37:28,-102.0482,31.8686,   7.1,33545,-37.8,-64.2,-59.7,  5,  7, 0.98,110,16.9
2026-06-16 18:37:29,-102.0484,31.8686,   7.1,33553,-37.8,-64.2,-59.7,  5,  7, 0.98,110,16.8
2026-06-16 18:37:30,-102.0486,31.8687,   7.1,33560,-37.8,-64.3,-59.8,  5,  7, 0.98,109,16.8
2026-06-16 18:37:31,-102.0487,31.8687,   7.1,33567,-37.7,-64.3,-59.8,  5,  7, 0.98,109,16.8
2026-06-16 18:37:32,-102.0489,31.8688,   7.1,33574,-37.7,-64.3,-59.8,  5,  7, 0.97,109,16.8
2026-06-16 18:37:33,-102.0491,31.8688,   7.1,33580,-37.7,-64.3,-59.8,  5,  7, 0.97,109,16.8
2026-06-16 18:37:34,-102.0492,31.8689,   7.1,33587,-37.7,-64.3,-59.8,  5,  7, 0.97,109,16.7
2026-06-16 18:37:35,-102.0494,31.8689,   7.1,33594,-37.7,-64.3,-59.8,  5,  7, 0.97,109,16.7
2026-06-16 18:37:36,-102.0496,31.8690,   7.1,33601,-37.7,-64.4,-59.9,  5,  7, 0.97,109,16.7
2026-06-16 18:37:37,-102.0498,31.8690,   7.1,33608,-37.7,-64.4,-59.9,  5,  7, 0.96,108,16.7
2026-06-16 18:37:38,-102.0499,31.8690,   7.0,33614,-37.7,-64.4,-59.9,  5,  7, 0.97,108,16.7
2026-06-16 18:37:39,-102.0501,31.8691,   7.0,33621,-37.7,-64.4,-59.9,  5,  7, 0.97,108,16.6
2026-06-16 18:37:40,-102.0503,31.8691,   7.0,33628,-37.7,-64.5,-59.9,  5,  7, 0.97,108,16.6
2026-06-16 18:37:41,-102.0505,31.8691,   7.0,33635,-37.7,-64.5,-60.0,  5,  7, 0.97,108,16.6
2026-06-16 18:37:42,-102.0507,31.8692,   7.0,33641,-37.7,-64.5,-60.0,  5,  7, 0.96,107,16.7
2026-06-16 18:37:43,-102.0508,31.8692,   7.0,33648,-37.7,-64.5,-60.0,  5,  7, 0.96,107,16.7
2026-06-16 18:37:44,-102.0509,31.8692,   7.0,33655,-37.7,-64.6,-60.0,  4,  6, 0.96,107,16.7
2026-06-16 18:37:45,-102.0512,31.8693,   7.0,33659,-37.7,-64.6,-60.1,  4,  6, 0.95,107,16.7
2026-06-16 18:37:46,-102.0514,31.8693,   7.0,33668,-37.8,-64.6,-60.1,  4,  6, 0.95,106,16.8
2026-06-16 18:37:47,-102.0515,31.8693,   7.0,33675,-37.8,-64.7,-60.1,  4,  6, 0.94,106,16.8
2026-06-16 18:37:48,-102.0517,31.8694,   7.0,33682,-37.8,-64.7,-60.2,  4,  6, 0.94,105,16.8
2026-06-16 18:37:49,-102.0519,31.8694,   7.0,33689,-37.8,-64.7,-60.2,  4,  6, 0.94,105,16.9
2026-06-16 18:37:50,-102.0521,31.8694,   7.0,33695,-37.8,-64.8,-60.2,  4,  6, 0.93,105,16.9
2026-06-16 18:37:51,-102.0523,31.8695,   7.0,33702,-37.8,-64.8,-60.3,  4,  6, 0.92,105,16.9
2026-06-16 18:37:52,-102.0524,31.8695,   7.0,33709,-37.8,-64.8,-60.3,  4,  6, 0.92,104,17.0
2026-06-16 18:37:53,-102.0526,31.8695,   6.9,33714,-37.8,-64.9,-60.4,  4,  6, 0.93,104,17.0
2026-06-16 18:37:54,-102.0528,31.8696,   6.9,33720,-37.8,-64.9,-60.4,  4,  6, 0.92,104,17.0
2026-06-16 18:37:55,-102.0530,31.8696,   6.9,33725,-37.8,-65.0,-60.5,  4,  6, 0.92,103,17.1
