time,longitude,latitude,pressure_hPa,geopotential height_m,temperature_C,dew point temperature_C,ice point temperature_C,relative humidity_%,humidity wrt ice_%,mixing ratio_g/kg,wind direction_degree,wind speed_m/s
2026-01-28 11:02:30,-83.8210,39.4211, 984.7,  323,-18.6,-20.2,-18.1, 87,105, 0.78,214, 2.6
2026-01-28 11:02:31,-83.8209,39.4212, 983.8,  330,-18.0,-19.6,-17.6, 87,104, 0.82,260, 5.6
2026-01-28 11:02:32,-83.8208,39.4212, 982.9,  336,-17.5,-19.1,-17.1, 87,104, 0.86,261, 5.8
2026-01-28 11:02:33,-83.8207,39.4212, 982.0,  343,-16.9,-18.5,-16.6, 87,103, 0.90,262, 6.0
2026-01-28 11:02:34,-83.8206,39.4212, 981.1,  350,-16.3,-18.0,-16.1, 87,102, 0.95,262, 6.1
2026-01-28 11:02:35,-83.8205,39.4213, 980.2,  357,-15.7,-17.4,-15.6, 87,101, 0.99,263, 6.3
2026-01-28 11:02:36,-83.8204,39.4213, 979.3,  364,-15.2,-16.9,-15.1, 87,101, 1.04,264, 6.5
2026-01-28 11:02:37,-83.8203,39.4213, 978.5,  370,-14.9,-16.7,-14.9, 87,100, 1.06,264, 6.7
2026-01-28 11:02:38,-83.8201,39.4213, 977.6,  377,-14.9,-16.7,-14.9, 86, 99, 1.06,264, 6.8
2026-01-28 11:02:39,-83.8200,39.4214, 976.7,  384,-14.8,-16.8,-15.0, 85, 98, 1.06,265, 7.0
2026-01-28 11:02:40,-83.8199,39.4214, 975.9,  390,-14.7,-16.8,-15.0, 84, 97, 1.05,265, 7.1
2026-01-28 11:02:41,-83.8198,39.4214, 975.0,  397,-14.7,-16.9,-15.1, 83, 96, 1.05,265, 7.3
2026-01-28 11:02:42,-83.8197,39.4214, 974.2,  403,-14.6,-16.9,-15.1, 82, 95, 1.05,266, 7.5
2026-01-28 11:02:43,-83.8196,39.4215, 973.4,  410,-14.5,-17.0,-15.2, 82, 94, 1.04,266, 7.6
2026-01-28 11:02:44,-83.8195,39.4215, 972.6,  417,-14.5,-17.0,-15.2, 81, 93, 1.04,266, 7.8
2026-01-28 11:02:45,-83.8194,39.4215, 971.8,  423,-14.4,-17.1,-15.3, 80, 92, 1.03,267, 7.9
2026-01-28 11:02:46,-83.8193,39.4215, 971.0,  429,-14.3,-17.1,-15.3, 79, 91, 1.03,267, 8.0
2026-01-28 11:02:47,-83.8192,39.4215, 970.2,  435,-14.2,-17.2,-15.4, 78, 90, 1.02,267, 8.0
2026-01-28 11:02:48,-83.8191,39.4215, 969.4,  440,-14.2,-17.3,-15.4, 77, 89, 1.02,267, 8.1
2026-01-28 11:02:49,-83.8190,39.4215, 968.5,  448,-14.1,-17.4,-15.5, 76, 88, 1.01,268, 8.2
2026-01-28 11:02:50,-83.8189,39.4215, 968.0,  452,-14.1,-17.4,-15.6, 76, 87, 1.01,268, 8.2
2026-01-28 11:02:51,-83.8188,39.4215, 967.3,  457,-14.1,-17.5,-15.7, 76, 87, 1.00,268, 8.2
2026-01-28 11:02:52,-83.8187,39.4215, 966.6,  463,-14.2,-17.6,-15.8, 75, 86, 0.99,268, 8.3
2026-01-28 11:02:53,-83.8186,39.4215, 965.9,  468,-14.2,-17.7,-15.8, 75, 86, 0.99,269, 8.3
2026-01-28 11:02:54,-83.8185,39.4216, 965.2,  473,-14.2,-17.8,-15.9, 74, 85, 0.98,269, 8.4
2026-01-28 11:02:55,-83.8184,39.4216, 964.6,  478,-14.2,-17.9,-16.0, 74, 85, 0.97,269, 8.4
2026-01-28 11:02:56,-83.8183,39.4216, 963.9,  484,-14.3,-18.0,-16.1, 73, 85, 0.97,269, 8.5
2026-01-28 11:02:57,-83.8182,39.4216, 963.3,  489,-14.3,-18.1,-16.2, 73, 84, 0.96,269, 8.5
2026-01-28 11:02:58,-83.8181,39.4216, 962.6,  494,-14.3,-18.2,-16.3, 73, 84, 0.95,270, 8.6
2026-01-28 11:02:59,-83.8180,39.4216, 961.9,  499,-14.3,-18.3,-16.3, 72, 83, 0.94,269, 8.6
2026-01-28 11:03:00,-83.8179,39.4216, 961.3,  504,-14.4,-18.4,-16.4, 72, 83, 0.94,269, 8.6
2026-01-28 11:03:01,-83.8178,39.4216, 960.6,  509,-14.4,-18.4,-16.5, 71, 82, 0.93,268, 8.6
2026-01-28 11:03:02,-83.8177,39.4216, 960.0,  514,-14.4,-18.5,-16.6, 71, 82, 0.92,268, 8.6
2026-01-28 11:03:03,-83.8176,39.4216, 959.3,  519,-14.4,-18.6,-16.7, 70, 81, 0.92,267, 8.6
2026-01-28 11:03:04,-83.8175,39.4216, 958.7,  525,-14.5,-18.7,-16.7, 70, 81, 0.91,267, 8.6
2026-01-28 11:03:05,-83.8174,39.4216, 958.0,  530,-14.5,-18.7,-16.8, 70, 81, 0.91,266, 8.7
2026-01-28 11:03:06,-83.8173,39.4216, 957.4,  535,-14.5,-18.8,-16.8, 70, 81, 0.91,266, 8.7
2026-01-28 11:03:07,-83.8172,39.4216, 956.7,  540,-14.6,-18.8,-16.9, 70, 81, 0.90,265, 8.7
2026-01-28 11:03:08,-83.8171,39.4216, 956.1,  546,-14.6,-18.9,-16.9, 70, 81, 0.90,265, 8.7
2026-01-28 11:03:09,-83.8170,39.4217, 955.4,  551,-14.6,-18.9,-17.0, 70, 80, 0.90,264, 8.7
2026-01-28 11:03:10,-83.8169,39.4217, 954.7,  556,-14.7,-19.0,-17.0, 70, 80, 0.89,264, 8.7
2026-01-28 11:03:11,-83.8168,39.4217, 954.1,  562,-14.7,-19.0,-17.1, 69, 80, 0.89,263, 8.7
2026-01-28 11:03:12,-83.8167,39.4217, 953.4,  567,-14.7,-19.1,-17.1, 69, 80, 0.89,263, 8.7
2026-01-28 11:03:13,-83.8166,39.4217, 952.7,  572,-14.8,-19.1,-17.2, 69, 80, 0.88,263, 8.8
2026-01-28 11:03:14,-83.8165,39.4217, 952.0,  577,-14.8,-19.2,-17.2, 69, 80, 0.88,262, 8.8
2026-01-28 11:03:15,-83.8164,39.4217, 951.3,  583,-14.8,-19.2,-17.2, 69, 80, 0.88,262, 8.8
2026-01-28 11:03:16,-83.8163,39.4217, 950.6,  588,-14.8,-19.3,-17.3, 69, 80, 0.87,261, 8.8
2026-01-28 11:03:17,-83.8162,39.4218, 949.9,  594,-14.9,-19.4,-17.3, 69, 79, 0.87,260, 8.8
2026-01-28 11:03:18,-83.8161,39.4218, 949.2,  600,-14.9,-19.4,-17.4, 69, 79, 0.87,260, 8.8
2026-01-28 11:03:19,-83.8160,39.4218, 948.5,  606,-15.0,-19.5,-17.4, 69, 79, 0.86,259, 8.8
2026-01-28 11:03:20,-83.8159,39.4219, 947.8,  612,-15.0,-19.5,-17.5, 68, 79, 0.86,258, 8.8
2026-01-28 11:03:21,-83.8158,39.4219, 947.0,  618,-15.0,-19.6,-17.5, 68, 79, 0.86,258, 8.8
2026-01-28 11:03:22,-83.8157,39.4219, 946.3,  624,-15.1,-19.6,-17.6, 68, 79, 0.86,257, 8.8
2026-01-28 11:03:23,-83.8156,39.4220, 945.6,  630,-15.1,-19.7,-17.6, 68, 79, 0.85,256, 8.8
2026-01-28 11:03:24,-83.8155,39.4220, 944.8,  635,-15.1,-19.7,-17.7, 68, 79, 0.85,256, 8.8
2026-01-28 11:03:25,-83.8154,39.4220, 944.2,  640,-15.2,-19.8,-17.7, 68, 79, 0.85,255, 8.8
2026-01-28 11:03:26,-83.8153,39.4220, 943.6,  645,-15.2,-19.8,-17.8, 68, 79, 0.84,254, 8.8
2026-01-28 11:03:27,-83.8152,39.4221, 943.0,  650,-15.3,-19.9,-17.8, 68, 79, 0.84,254, 8.8
2026-01-28 11:03:28,-83.8151,39.4221, 942.3,  655,-15.3,-19.9,-17.8, 68, 79, 0.84,253, 8.8
2026-01-28 11:03:29,-83.8150,39.4221, 941.7,  660,-15.3,-20.0,-17.9, 68, 79, 0.83,253, 8.8
2026-01-28 11:03:30,-83.8149,39.4222, 941.1,  665,-15.4,-20.0,-17.9, 68, 79, 0.83,252, 8.9
2026-01-28 11:03:31,-83.8148,39.4222, 940.4,  670,-15.4,-20.1,-18.0, 68, 79, 0.83,251, 8.9
2026-01-28 11:03:32,-83.8147,39.4222, 939.8,  675,-15.4,-20.1,-18.0, 67, 78, 0.83,251, 8.9
2026-01-28 11:03:33,-83.8146,39.4223, 939.2,  680,-15.5,-20.1,-18.1, 67, 78, 0.82,250, 8.9
2026-01-28 11:03:34,-83.8145,39.4223, 938.5,  685,-15.5,-20.2,-18.1, 67, 78, 0.82,249, 8.9
2026-01-28 11:03:35,-83.8144,39.4223, 937.9,  691,-15.5,-20.2,-18.2, 67, 78, 0.82,249, 8.9
2026-01-28 11:03:36,-83.8143,39.4223, 937.2,  696,-15.6,-20.3,-18.2, 67, 78, 0.81,249, 9.0
2026-01-28 11:03:37,-83.8142,39.4224, 936.6,  701,-15.6,-20.3,-18.2, 67, 78, 0.81,249, 9.0
2026-01-28 11:03:38,-83.8141,39.4224, 935.9,  706,-15.6,-20.4,-18.3, 67, 78, 0.81,249, 9.1
2026-01-28 11:03:39,-83.8140,39.4224, 935.3,  712,-15.7,-20.4,-18.3, 67, 78, 0.81,249, 9.1
2026-01-28 11:03:40,-83.8139,39.4225, 934.6,  717,-15.7,-20.5,-18.4, 67, 78, 0.80,249, 9.1
2026-01-28 11:03:41,-83.8138,39.4225, 933.9,  722,-15.7,-20.5,-18.4, 67, 78, 0.80,249, 9.2
2026-01-28 11:03:42,-83.8137,39.4225, 933.3,  728,-15.8,-20.6,-18.5, 67, 78, 0.80,250, 9.2
2026-01-28 11:03:43,-83.8136,39.4226, 932.3,  736,-15.8,-20.6,-18.5, 66, 78, 0.79,250, 9.3
2026-01-28 11:03:44,-83.8135,39.4226, 931.8,  740,-15.8,-20.7,-18.5, 66, 78, 0.79,250, 9.3
2026-01-28 11:03:45,-83.8134,39.4226, 931.1,  745,-15.9,-20.7,-18.6, 66, 78, 0.79,250, 9.3
2026-01-28 11:03:46,-83.8133,39.4226, 930.4,  751,-15.9,-20.7,-18.6, 66, 78, 0.79,250, 9.4
2026-01-28 11:03:47,-83.8132,39.4226, 929.7,  757,-16.0,-20.8,-18.6, 66, 78, 0.79,250, 9.4
2026-01-28 11:03:48,-83.8131,39.4226, 928.9,  763,-16.0,-20.8,-18.7, 67, 78, 0.79,250, 9.4
2026-01-28 11:03:49,-83.8130,39.4227, 928.3,  768,-16.0,-20.8,-18.7, 67, 78, 0.78,250, 9.5
2026-01-28 11:03:50,-83.8129,39.4227, 927.6,  773,-16.1,-20.9,-18.7, 67, 78, 0.78,250, 9.5
2026-01-28 11:03:51,-83.8128,39.4227, 927.0,  779,-16.1,-20.9,-18.8, 67, 78, 0.78,250, 9.5
2026-01-28 11:03:52,-83.8127,39.4227, 926.4,  784,-16.2,-21.0,-18.8, 67, 78, 0.78,251, 9.6
2026-01-28 11:03:53,-83.8126,39.4227, 925.7,  789,-16.2,-21.0,-18.8, 67, 78, 0.78,251, 9.6
2026-01-28 11:03:54,-83.8125,39.4227, 925.0,  795,-16.3,-21.0,-18.9, 67, 78, 0.77,251, 9.7
2026-01-28 11:03:55,-83.8124,39.4227, 924.4,  800,-16.3,-21.1,-18.9, 67, 78, 0.77,251, 9.7
2026-01-28 11:03:56,-83.8123,39.4228, 923.8,  805,-16.3,-21.1,-18.9, 67, 78, 0.77,251, 9.6
2026-01-28 11:03:57,-83.8122,39.4228, 923.1,  810,-16.4,-21.1,-19.0, 67, 78, 0.77,252, 9.6
2026-01-28 11:03:58,-83.8121,39.4228, 922.5,  815,-16.4,-21.2,-19.0, 67, 78, 0.77,253, 9.5
2026-01-28 11:03:59,-83.8120,39.4228, 921.8,  821,-16.4,-21.2,-19.0, 67, 79, 0.77,253, 9.5
2026-01-28 11:04:00,-83.8119,39.4228, 921.2,  826,-16.5,-21.2,-19.0, 67, 79, 0.77,254, 9.5
2026-01-28 11:04:01,-83.8118,39.4228, 920.6,  831,-16.5,-21.2,-19.1, 67, 79, 0.76,255, 9.4
2026-01-28 11:04:02,-83.8116,39.4228, 919.9,  837,-16.5,-21.3,-19.1, 67, 79, 0.76,255, 9.4
2026-01-28 11:04:03,-83.8115,39.4229, 919.3,  842,-16.6,-21.3,-19.1, 67, 79, 0.76,256, 9.3
2026-01-28 11:04:04,-83.8114,39.4229, 918.7,  847,-16.6,-21.3,-19.1, 67, 79, 0.76,256, 9.3
2026-01-28 11:04:05,-83.8113,39.4229, 918.1,  852,-16.6,-21.3,-19.2, 67, 79, 0.76,257, 9.2
2026-01-28 11:04:06,-83.8112,39.4229, 917.4,  857,-16.7,-21.4,-19.2, 67, 79, 0.76,258, 9.2
2026-01-28 11:04:07,-83.8111,39.4229, 916.8,  861,-16.7,-21.4,-19.2, 67, 79, 0.76,258, 9.2
2026-01-28 11:04:08,-83.8110,39.4229, 916.2,  866,-16.8,-21.4,-19.2, 67, 79, 0.76,259, 9.1
2026-01-28 11:04:09,-83.8109,39.4229, 915.7,  870,-16.8,-21.4,-19.3, 67, 79, 0.75,260, 9.1
2026-01-28 11:04:10,-83.8108,39.4229, 915.0,  876,-16.8,-21.5,-19.3, 67, 79, 0.75,261, 9.0
2026-01-28 11:04:11,-83.8107,39.4230, 914.5,  880,-16.8,-21.5,-19.3, 67, 79, 0.75,261, 9.0
2026-01-28 11:04:12,-83.8106,39.4230, 913.9,  886,-16.9,-21.5,-19.3, 67, 79, 0.75,262, 9.0
2026-01-28 11:04:13,-83.8105,39.4230, 913.2,  891,-16.9,-21.5,-19.3, 67, 79, 0.75,263, 9.0
2026-01-28 11:04:14,-83.8104,39.4230, 912.6,  897,-16.9,-21.6,-19.4, 67, 79, 0.75,263, 8.9
2026-01-28 11:04:15,-83.8103,39.4230, 912.1,  900,-16.9,-21.6,-19.4, 67, 79, 0.75,264, 8.9
2026-01-28 11:04:16,-83.8102,39.4230, 911.2,  907,-16.9,-21.6,-19.4, 67, 79, 0.75,264, 8.9
2026-01-28 11:04:17,-83.8101,39.4230, 910.6,  913,-17.0,-21.6,-19.4, 67, 79, 0.75,264, 8.9
2026-01-28 11:04:18,-83.8100,39.4230, 909.9,  918,-17.0,-21.7,-19.5, 67, 79, 0.74,264, 8.9
2026-01-28 11:04:19,-83.8099,39.4230, 909.3,  923,-17.0,-21.7,-19.5, 67, 79, 0.74,265, 8.9
2026-01-28 11:04:20,-83.8098,39.4230, 908.7,  928,-17.0,-21.7,-19.5, 67, 79, 0.74,265, 8.9
2026-01-28 11:04:21,-83.8097,39.4230, 908.1,  933,-17.0,-21.8,-19.5, 67, 79, 0.74,265, 8.9
2026-01-28 11:04:22,-83.8096,39.4230, 907.5,  938,-17.1,-21.8,-19.6, 67, 79, 0.74,265, 8.8
2026-01-28 11:04:23,-83.8095,39.4230, 906.8,  943,-17.1,-21.8,-19.6, 67, 79, 0.74,265, 8.8
2026-01-28 11:04:24,-83.8094,39.4230, 906.2,  949,-17.1,-21.8,-19.6, 67, 79, 0.74,265, 8.8
2026-01-28 11:04:25,-83.8093,39.4230, 905.5,  955,-17.1,-21.9,-19.7, 66, 78, 0.73,265, 8.8
2026-01-28 11:04:26,-83.8092,39.4230, 904.8,  960,-17.1,-22.0,-19.7, 66, 78, 0.73,265, 8.8
2026-01-28 11:04:27,-83.8091,39.4230, 904.1,  966,-17.2,-22.1,-19.8, 66, 78, 0.72,266, 8.8
2026-01-28 11:04:28,-83.8090,39.4230, 903.4,  972,-17.2,-22.1,-19.9, 65, 77, 0.72,266, 8.8
2026-01-28 11:04:29,-83.8089,39.4230, 902.7,  978,-17.2,-22.2,-19.9, 65, 77, 0.72,266, 8.8
2026-01-28 11:04:30,-83.8088,39.4230, 901.9,  984,-17.2,-22.3,-20.0, 65, 77, 0.71,266, 8.8
2026-01-28 11:04:31,-83.8087,39.4230, 901.2,  991,-17.2,-22.3,-20.1, 64, 76, 0.71,266, 8.8
2026-01-28 11:04:32,-83.8086,39.4230, 900.5,  997,-17.2,-22.4,-20.1, 64, 76, 0.70,266, 8.8
2026-01-28 11:04:33,-83.8085,39.4230, 899.7, 1003,-17.2,-22.5,-20.2, 64, 76, 0.70,266, 8.8
2026-01-28 11:04:34,-83.8084,39.4230, 899.0, 1009,-17.3,-22.6,-20.3, 63, 75, 0.70,267, 8.8
2026-01-28 11:04:35,-83.8082,39.4230, 898.3, 1015,-17.3,-22.6,-20.3, 63, 75, 0.69,267, 8.8
2026-01-28 11:04:36,-83.8081,39.4230, 897.4, 1022,-17.3,-22.7,-20.4, 63, 74, 0.69,267, 8.8
2026-01-28 11:04:37,-83.8081,39.4230, 896.8, 1027,-17.2,-22.7,-20.4, 62, 74, 0.69,268, 8.8
2026-01-28 11:04:38,-83.8080,39.4230, 896.1, 1033,-17.1,-22.7,-20.4, 62, 73, 0.69,269, 8.8
2026-01-28 11:04:39,-83.8079,39.4230, 895.4, 1038,-17.0,-22.7,-20.4, 61, 72, 0.69,269, 8.8
2026-01-28 11:04:40,-83.8077,39.4230, 894.7, 1044,-16.9,-22.8,-20.5, 60, 71, 0.69,270, 8.8
2026-01-28 11:04:41,-83.8076,39.4230, 894.0, 1050,-16.8,-22.8,-20.5, 60, 70, 0.69,271, 8.8
2026-01-28 11:04:42,-83.8075,39.4230, 893.3, 1056,-16.7,-22.8,-20.5, 59, 70, 0.68,272, 8.8
2026-01-28 11:04:43,-83.8074,39.4230, 892.6, 1063,-16.6,-22.9,-20.6, 58, 69, 0.68,272, 8.9
2026-01-28 11:04:44,-83.8073,39.4230, 891.9, 1069,-16.5,-22.9,-20.6, 58, 68, 0.68,273, 8.9
2026-01-28 11:04:45,-83.8072,39.4230, 891.2, 1075,-16.4,-23.0,-20.7, 57, 67, 0.68,274, 8.9
2026-01-28 11:04:46,-83.8071,39.4229, 890.5, 1081,-16.3,-23.0,-20.7, 56, 66, 0.67,274, 8.9
2026-01-28 11:04:47,-83.8070,39.4229, 889.8, 1087,-16.2,-23.1,-20.7, 55, 65, 0.67,275, 8.9
2026-01-28 11:04:48,-83.8069,39.4229, 889.1, 1092,-16.1,-23.1,-20.8, 55, 64, 0.67,276, 9.0
2026-01-28 11:04:49,-83.8067,39.4229, 888.4, 1097,-16.0,-23.2,-20.8, 54, 63, 0.67,276, 9.0
2026-01-28 11:04:50,-83.8066,39.4229, 887.8, 1103,-15.9,-23.2,-20.9, 53, 62, 0.66,277, 9.0
2026-01-28 11:04:51,-83.8064,39.4229, 887.1, 1108,-15.8,-23.3,-21.0, 53, 62, 0.66,278, 9.0
2026-01-28 11:04:52,-83.8063,39.4229, 886.4, 1114,-15.8,-23.3,-21.0, 52, 61, 0.66,278, 9.1
2026-01-28 11:04:53,-83.8062,39.4228, 885.8, 1120,-15.7,-23.4,-21.0, 52, 60, 0.66,279, 9.1
2026-01-28 11:04:54,-83.8060,39.4228, 885.1, 1126,-15.6,-23.4,-21.1, 51, 60, 0.66,280, 9.1
2026-01-28 11:04:55,-83.8059,39.4228, 884.4, 1132,-15.5,-23.5,-21.1, 51, 59, 0.65,280, 9.2
2026-01-28 11:04:56,-83.8058,39.4228, 883.8, 1138,-15.4,-23.5,-21.1, 50, 58, 0.65,280, 9.3
2026-01-28 11:04:57,-83.8056,39.4228, 883.2, 1144,-15.3,-23.5,-21.2, 49, 57, 0.65,280, 9.5
2026-01-28 11:04:58,-83.8055,39.4228, 882.5, 1149,-15.2,-23.6,-21.2, 49, 57, 0.65,280, 9.7
2026-01-28 11:04:59,-83.8053,39.4228, 881.9, 1154,-15.2,-23.6,-21.3, 48, 56, 0.64,280, 9.9
2026-01-28 11:05:00,-83.8052,39.4227, 881.2, 1159,-15.1,-23.7,-21.3, 48, 55, 0.64,279,10.0
2026-01-28 11:05:01,-83.8051,39.4227, 880.6, 1164,-15.0,-23.7,-21.4, 47, 55, 0.64,279,10.2
2026-01-28 11:05:02,-83.8049,39.4227, 880.0, 1169,-14.9,-23.8,-21.4, 47, 54, 0.64,279,10.4
2026-01-28 11:05:03,-83.8048,39.4227, 879.5, 1174,-14.8,-23.9,-21.5, 46, 53, 0.63,279,10.6
2026-01-28 11:05:04,-83.8047,39.4227, 878.9, 1179,-14.8,-24.0,-21.6, 46, 53, 0.63,279,10.8
2026-01-28 11:05:05,-83.8045,39.4227, 878.3, 1184,-14.8,-24.0,-21.6, 45, 52, 0.63,279,10.9
2026-01-28 11:05:06,-83.8044,39.4226, 877.7, 1189,-14.7,-24.0,-21.6, 45, 52, 0.63,279,11.1
2026-01-28 11:05:07,-83.8042,39.4226, 877.1, 1194,-14.7,-24.1,-21.6, 45, 52, 0.63,278,11.3
2026-01-28 11:05:08,-83.8041,39.4226, 876.5, 1200,-14.6,-24.1,-21.7, 44, 51, 0.62,278,11.5
2026-01-28 11:05:09,-83.8040,39.4226, 876.0, 1205,-14.6,-24.1,-21.7, 44, 51, 0.62,278,11.6
2026-01-28 11:05:10,-83.8038,39.4226, 875.4, 1210,-14.5,-24.2,-21.7, 44, 51, 0.62,278,11.8
2026-01-28 11:05:11,-83.8037,39.4226, 874.8, 1215,-14.5,-24.2,-21.8, 44, 50, 0.62,278,12.0
2026-01-28 11:05:12,-83.8036,39.4226, 874.2, 1220,-14.4,-24.2,-21.8, 43, 50, 0.62,278,12.2
2026-01-28 11:05:13,-83.8034,39.4225, 873.5, 1225,-14.4,-24.3,-21.8, 43, 50, 0.62,278,12.4
2026-01-28 11:05:14,-83.8033,39.4225, 872.8, 1230,-14.4,-24.3,-21.9, 43, 49, 0.62,278,12.5
2026-01-28 11:05:15,-83.8031,39.4225, 872.2, 1236,-14.3,-24.3,-21.9, 42, 49, 0.61,277,12.7
2026-01-28 11:05:16,-83.8030,39.4225, 871.5, 1243,-14.3,-24.4,-21.9, 42, 49, 0.61,278,12.8
2026-01-28 11:05:17,-83.8028,39.4225, 870.8, 1249,-14.3,-24.4,-22.0, 42, 48, 0.61,278,12.8
2026-01-28 11:05:18,-83.8027,39.4224, 870.1, 1255,-14.3,-24.5,-22.0, 42, 48, 0.61,278,12.9
2026-01-28 11:05:19,-83.8025,39.4224, 869.4, 1262,-14.2,-24.5,-22.1, 42, 48, 0.61,278,13.0
2026-01-28 11:05:20,-83.8024,39.4224, 868.7, 1268,-14.2,-24.5,-22.1, 41, 48, 0.60,278,13.0
2026-01-28 11:05:21,-83.8022,39.4224, 868.0, 1274,-14.2,-24.6,-22.1, 41, 47, 0.60,278,13.1
2026-01-28 11:05:22,-83.8021,39.4223, 867.3, 1280,-14.2,-24.6,-22.2, 41, 47, 0.60,278,13.2
2026-01-28 11:05:23,-83.8019,39.4223, 866.6, 1286,-14.2,-24.6,-22.2, 41, 47, 0.60,278,13.2
2026-01-28 11:05:24,-83.8017,39.4223, 865.9, 1292,-14.2,-24.7,-22.2, 41, 47, 0.60,278,13.3
2026-01-28 11:05:25,-83.8016,39.4223, 865.3, 1298,-14.2,-24.7,-22.2, 41, 47, 0.60,278,13.4
2026-01-28 11:05:26,-83.8014,39.4222, 864.7, 1303,-14.2,-24.7,-22.3, 40, 46, 0.60,279,13.4
2026-01-28 11:05:27,-83.8013,39.4222, 864.1, 1308,-14.2,-24.8,-22.3, 40, 46, 0.60,279,13.5
2026-01-28 11:05:28,-83.8011,39.4222, 863.5, 1314,-14.1,-24.8,-22.3, 40, 46, 0.59,279,13.6
2026-01-28 11:05:29,-83.8009,39.4222, 862.9, 1319,-14.1,-24.8,-22.4, 40, 46, 0.59,279,13.6
2026-01-28 11:05:30,-83.8008,39.4221, 862.3, 1324,-14.1,-24.9,-22.4, 40, 46, 0.59,279,13.7
2026-01-28 11:05:31,-83.8006,39.4221, 861.7, 1329,-14.1,-24.9,-22.4, 40, 46, 0.59,279,13.8
2026-01-28 11:05:32,-83.8004,39.4221, 861.2, 1334,-14.1,-24.9,-22.5, 40, 45, 0.59,279,13.8
2026-01-28 11:05:33,-83.8003,39.4220, 860.6, 1339,-14.1,-25.0,-22.5, 39, 45, 0.59,279,13.9
2026-01-28 11:05:34,-83.8001,39.4220, 860.0, 1343,-14.1,-25.0,-22.5, 39, 45, 0.59,279,14.0
2026-01-28 11:05:35,-83.8000,39.4220, 859.5, 1348,-14.1,-25.0,-22.6, 39, 45, 0.58,279,14.0
2026-01-28 11:05:36,-83.7998,39.4220, 858.9, 1353,-14.1,-25.1,-22.6, 39, 45, 0.58,280,14.0
2026-01-28 11:05:37,-83.7996,39.4219, 858.4, 1358,-14.1,-25.1,-22.6, 39, 45, 0.58,280,14.0
2026-01-28 11:05:38,-83.7995,39.4219, 857.8, 1363,-14.1,-25.1,-22.6, 39, 45, 0.58,280,14.0
2026-01-28 11:05:39,-83.7993,39.4219, 857.3, 1368,-14.1,-25.2,-22.7, 39, 45, 0.58,280,14.0
2026-01-28 11:05:40,-83.7992,39.4219, 856.8, 1372,-14.1,-25.2,-22.7, 39, 44, 0.58,281,14.0
2026-01-28 11:05:41,-83.7990,39.4218, 856.2, 1377,-14.1,-25.2,-22.7, 39, 44, 0.58,281,14.0
2026-01-28 11:05:42,-83.7989,39.4218, 855.5, 1383,-14.1,-25.3,-22.8, 38, 44, 0.58,281,14.0
2026-01-28 11:05:43,-83.7987,39.4218, 855.1, 1387,-14.1,-25.3,-22.8, 38, 44, 0.57,281,14.0
2026-01-28 11:05:44,-83.7985,39.4218, 854.6, 1392,-14.1,-25.3,-22.8, 38, 44, 0.57,282,14.0
2026-01-28 11:05:45,-83.7984,39.4217, 854.1, 1396,-14.1,-25.3,-22.8, 38, 44, 0.57,282,14.0
2026-01-28 11:05:46,-83.7982,39.4217, 853.5, 1401,-14.1,-25.4,-22.8, 38, 44, 0.57,282,14.0
2026-01-28 11:05:47,-83.7981,39.4217, 853.0, 1406,-14.1,-25.4,-22.9, 38, 44, 0.57,282,14.0
2026-01-28 11:05:48,-83.7979,39.4217, 852.4, 1411,-14.1,-25.4,-22.9, 38, 44, 0.57,283,14.0
2026-01-28 11:05:49,-83.7978,39.4216, 851.8, 1417,-14.1,-25.4,-22.9, 38, 44, 0.57,283,14.0
2026-01-28 11:05:50,-83.7976,39.4216, 851.1, 1423,-14.1,-25.4,-22.9, 38, 43, 0.57,283,14.0
2026-01-28 11:05:51,-83.7975,39.4216, 850.4, 1429,-14.1,-25.5,-22.9, 38, 43, 0.57,283,14.0
2026-01-28 11:05:52,-83.7973,39.4216, 850.0, 1433,-14.1,-25.5,-23.0, 38, 43, 0.57,283,14.0
2026-01-28 11:05:53,-83.7972,39.4215, 849.1, 1441,-14.1,-25.5,-23.0, 38, 43, 0.57,284,14.0
2026-01-28 11:05:54,-83.7970,39.4215, 848.4, 1446,-14.1,-25.5,-23.0, 38, 43, 0.57,284,14.0
2026-01-28 11:05:55,-83.7969,39.4215, 847.8, 1452,-14.1,-25.6,-23.0, 37, 43, 0.56,284,14.0
2026-01-28 11:05:56,-83.7967,39.4215, 847.2, 1457,-14.1,-25.6,-23.0, 37, 43, 0.56,284,13.9
2026-01-28 11:05:57,-83.7966,39.4215, 846.6, 1463,-14.1,-25.6,-23.1, 37, 43, 0.56,284,13.8
2026-01-28 11:05:58,-83.7965,39.4214, 846.0, 1468,-14.1,-25.6,-23.1, 37, 43, 0.56,284,13.7
2026-01-28 11:05:59,-83.7963,39.4214, 845.4, 1474,-14.1,-25.6,-23.1, 37, 43, 0.56,283,13.7
2026-01-28 11:06:00,-83.7962,39.4214, 844.8, 1479,-14.1,-25.6,-23.1, 37, 43, 0.56,283,13.6
2026-01-28 11:06:01,-83.7960,39.4214, 844.2, 1484,-14.1,-25.7,-23.1, 37, 42, 0.56,283,13.5
2026-01-28 11:06:02,-83.7959,39.4214, 843.6, 1490,-14.1,-25.7,-23.2, 37, 42, 0.56,283,13.5
2026-01-28 11:06:03,-83.7957,39.4213, 843.0, 1495,-14.1,-25.7,-23.2, 37, 42, 0.56,283,13.4
2026-01-28 11:06:04,-83.7956,39.4213, 842.4, 1501,-14.0,-25.7,-23.2, 37, 42, 0.56,282,13.3
2026-01-28 11:06:05,-83.7954,39.4213, 841.9, 1506,-14.0,-25.8,-23.2, 36, 42, 0.56,282,13.3
2026-01-28 11:06:06,-83.7953,39.4213, 841.3, 1511,-14.0,-25.8,-23.3, 36, 42, 0.56,282,13.2
2026-01-28 11:06:07,-83.7951,39.4212, 840.7, 1516,-14.0,-25.8,-23.3, 36, 41, 0.56,282,13.1
2026-01-28 11:06:08,-83.7950,39.4212, 840.1, 1521,-14.0,-25.8,-23.3, 36, 41, 0.56,281,13.1
2026-01-28 11:06:09,-83.7948,39.4212, 839.6, 1526,-14.0,-25.9,-23.3, 36, 41, 0.55,281,13.0
2026-01-28 11:06:10,-83.7947,39.4212, 839.0, 1531,-14.0,-25.9,-23.3, 36, 41, 0.55,281,12.9
2026-01-28 11:06:11,-83.7945,39.4212, 838.4, 1536,-14.0,-25.9,-23.4, 36, 41, 0.55,281,12.8
2026-01-28 11:06:12,-83.7944,39.4211, 837.9, 1541,-13.9,-25.9,-23.4, 36, 41, 0.55,280,12.8
2026-01-28 11:06:13,-83.7943,39.4211, 837.3, 1547,-13.9,-25.9,-23.4, 36, 41, 0.55,280,12.7
2026-01-28 11:06:14,-83.7941,39.4211, 836.7, 1552,-13.9,-25.9,-23.4, 35, 41, 0.55,280,12.6
2026-01-28 11:06:15,-83.7940,39.4211, 836.2, 1557,-13.9,-26.0,-23.4, 35, 41, 0.55,280,12.6
2026-01-28 11:06:16,-83.7938,39.4210, 835.6, 1563,-13.9,-26.0,-23.4, 35, 40, 0.55,280,12.6
2026-01-28 11:06:17,-83.7936,39.4210, 835.0, 1568,-13.9,-26.0,-23.4, 35, 40, 0.55,280,12.6
2026-01-28 11:06:18,-83.7935,39.4210, 834.4, 1573,-13.8,-26.0,-23.4, 35, 40, 0.55,280,12.7
2026-01-28 11:06:19,-83.7933,39.4210, 833.9, 1578,-13.8,-26.0,-23.4, 35, 40, 0.55,280,12.7
2026-01-28 11:06:20,-83.7932,39.4210, 833.4, 1583,-13.8,-26.0,-23.4, 35, 40, 0.55,280,12.7
2026-01-28 11:06:21,-83.7930,39.4210, 832.8, 1588,-13.8,-26.0,-23.5, 35, 40, 0.55,280,12.8
2026-01-28 11:06:22,-83.7929,39.4209, 832.3, 1593,-13.8,-26.0,-23.5, 35, 40, 0.55,280,12.8
2026-01-28 11:06:23,-83.7927,39.4209, 831.7, 1597,-13.8,-26.0,-23.5, 35, 40, 0.55,280,12.8
2026-01-28 11:06:24,-83.7926,39.4209, 831.2, 1602,-13.8,-26.1,-23.5, 35, 40, 0.55,280,12.9
2026-01-28 11:06:25,-83.7924,39.4209, 830.6, 1607,-13.7,-26.1,-23.5, 35, 40, 0.55,280,12.9
2026-01-28 11:06:26,-83.7922,39.4209, 830.0, 1612,-13.7,-26.1,-23.5, 34, 39, 0.55,280,12.9
2026-01-28 11:06:27,-83.7921,39.4208, 829.3, 1618,-13.7,-26.1,-23.6, 34, 39, 0.55,280,13.0
2026-01-28 11:06:28,-83.7919,39.4208, 828.7, 1624,-13.7,-26.2,-23.6, 34, 39, 0.55,280,13.0
2026-01-28 11:06:29,-83.7918,39.4208, 828.1, 1630,-13.7,-26.2,-23.6, 34, 39, 0.55,280,13.0
2026-01-28 11:06:30,-83.7916,39.4208, 827.5, 1636,-13.7,-26.2,-23.6, 34, 39, 0.55,280,13.1
2026-01-28 11:06:31,-83.7914,39.4208, 826.9, 1642,-13.7,-26.2,-23.7, 34, 39, 0.54,280,13.1
2026-01-28 11:06:32,-83.7913,39.4207, 826.2, 1648,-13.6,-26.3,-23.7, 34, 39, 0.54,280,13.1
2026-01-28 11:06:33,-83.7911,39.4207, 825.6, 1654,-13.6,-26.3,-23.7, 34, 38, 0.54,280,13.2
2026-01-28 11:06:34,-83.7910,39.4207, 825.0, 1660,-13.6,-26.3,-23.7, 33, 38, 0.54,280,13.2
2026-01-28 11:06:35,-83.7908,39.4207, 824.3, 1666,-13.6,-26.3,-23.8, 33, 38, 0.54,281,13.2
2026-01-28 11:06:36,-83.7907,39.4207, 823.7, 1671,-13.6,-26.4,-23.8, 33, 38, 0.54,280,13.3
2026-01-28 11:06:37,-83.7905,39.4206, 823.2, 1677,-13.6,-26.4,-23.8, 33, 38, 0.54,280,13.3
2026-01-28 11:06:38,-83.7903,39.4206, 822.6, 1683,-13.6,-26.5,-23.9, 33, 38, 0.54,280,13.4
2026-01-28 11:06:39,-83.7902,39.4206, 822.1, 1687,-13.6,-26.5,-23.9, 33, 37, 0.53,280,13.5
2026-01-28 11:06:40,-83.7900,39.4206, 821.6, 1692,-13.6,-26.6,-24.0, 33, 37, 0.53,280,13.5
2026-01-28 11:06:41,-83.7899,39.4206, 821.1, 1696,-13.6,-26.7,-24.1, 32, 37, 0.53,279,13.6
2026-01-28 11:06:42,-83.7897,39.4205, 820.5, 1700,-13.6,-26.7,-24.1, 32, 37, 0.52,279,13.6
2026-01-28 11:06:43,-83.7896,39.4205, 820.0, 1705,-13.6,-26.8,-24.2, 32, 37, 0.52,279,13.7
2026-01-28 11:06:44,-83.7894,39.4205, 819.5, 1709,-13.6,-26.9,-24.2, 32, 36, 0.52,279,13.7
2026-01-28 11:06:45,-83.7892,39.4205, 819.0, 1714,-13.6,-26.9,-24.3, 32, 36, 0.52,279,13.8
2026-01-28 11:06:46,-83.7891,39.4205, 818.4, 1719,-13.6,-27.0,-24.4, 31, 36, 0.51,279,13.8
2026-01-28 11:06:47,-83.7889,39.4205, 817.9, 1724,-13.6,-27.1,-24.4, 31, 36, 0.51,278,13.9
2026-01-28 11:06:48,-83.7888,39.4205, 817.4, 1729,-13.6,-27.2,-24.5, 31, 36, 0.51,278,14.0
2026-01-28 11:06:49,-83.7886,39.4205, 816.9, 1734,-13.6,-27.2,-24.6, 31, 35, 0.50,278,14.0
2026-01-28 11:06:50,-83.7884,39.4204, 816.3, 1739,-13.6,-27.3,-24.6, 31, 35, 0.50,278,14.1
2026-01-28 11:06:51,-83.7883,39.4204, 815.7, 1745,-13.7,-27.4,-24.7, 30, 35, 0.50,278,14.1
2026-01-28 11:06:52,-83.7881,39.4204, 815.2, 1750,-13.7,-27.4,-24.7, 30, 35, 0.50,277,14.2
2026-01-28 11:06:53,-83.7879,39.4204, 814.6, 1755,-13.7,-27.5,-24.8, 30, 35, 0.49,277,14.2
2026-01-28 11:06:54,-83.7878,39.4204, 814.1, 1760,-13.7,-27.5,-24.8, 30, 35, 0.49,277,14.3
2026-01-28 11:06:55,-83.7876,39.4204, 813.6, 1765,-13.7,-27.5,-24.8, 30, 34, 0.49,277,14.4
2026-01-28 11:06:56,-83.7875,39.4204, 813.0, 1770,-13.7,-27.6,-24.9, 30, 34, 0.49,277,14.3
2026-01-28 11:06:57,-83.7873,39.4204, 812.5, 1775,-13.7,-27.6,-24.9, 30, 34, 0.49,276,14.3
2026-01-28 11:06:58,-83.7871,39.4204, 812.0, 1780,-13.7,-27.6,-24.9, 30, 34, 0.49,276,14.3
2026-01-28 11:06:59,-83.7870,39.4204, 811.4, 1785,-13.7,-27.7,-25.0, 30, 34, 0.49,275,14.2
2026-01-28 11:07:00,-83.7868,39.4204, 810.9, 1790,-13.7,-27.7,-25.0, 30, 34, 0.49,275,14.2
2026-01-28 11:07:01,-83.7866,39.4204, 810.3, 1795,-13.7,-27.7,-25.1, 30, 34, 0.48,275,14.2
2026-01-28 11:07:02,-83.7865,39.4204, 809.8, 1801,-13.7,-27.8,-25.1, 29, 34, 0.48,274,14.1
2026-01-28 11:07:03,-83.7863,39.4204, 809.2, 1806,-13.7,-27.8,-25.1, 29, 34, 0.48,274,14.1
2026-01-28 11:07:04,-83.7862,39.4204, 808.6, 1811,-13.7,-27.9,-25.2, 29, 34, 0.48,273,14.1
2026-01-28 11:07:05,-83.7860,39.4204, 808.1, 1816,-13.8,-27.9,-25.2, 29, 33, 0.48,273,14.1
2026-01-28 11:07:06,-83.7858,39.4204, 807.5, 1822,-13.8,-27.9,-25.2, 29, 33, 0.48,273,14.0
2026-01-28 11:07:07,-83.7857,39.4204, 806.9, 1828,-13.8,-28.0,-25.3, 29, 33, 0.48,272,14.0
2026-01-28 11:07:08,-83.7855,39.4204, 806.3, 1834,-13.8,-28.0,-25.3, 29, 33, 0.48,272,14.0
2026-01-28 11:07:09,-83.7853,39.4204, 805.6, 1840,-13.8,-28.0,-25.3, 29, 33, 0.47,271,14.0
2026-01-28 11:07:10,-83.7852,39.4204, 805.0, 1846,-13.9,-28.0,-25.3, 29, 33, 0.47,271,13.9
2026-01-28 11:07:11,-83.7850,39.4204, 804.4, 1852,-13.9,-28.1,-25.3, 29, 33, 0.47,270,13.9
2026-01-28 11:07:12,-83.7849,39.4204, 803.7, 1857,-13.9,-28.1,-25.4, 29, 33, 0.47,270,13.9
2026-01-28 11:07:13,-83.7847,39.4204, 803.2, 1863,-13.9,-28.1,-25.4, 29, 33, 0.47,270,13.9
2026-01-28 11:07:14,-83.7845,39.4204, 802.6, 1868,-13.9,-28.1,-25.4, 29, 33, 0.47,269,13.9
2026-01-28 11:07:15,-83.7844,39.4204, 802.1, 1873,-14.0,-28.2,-25.4, 29, 33, 0.47,269,13.8
2026-01-28 11:07:16,-83.7842,39.4204, 801.5, 1878,-14.0,-28.2,-25.5, 29, 33, 0.47,269,13.9
2026-01-28 11:07:17,-83.7840,39.4204, 801.0, 1883,-14.0,-28.2,-25.5, 29, 33, 0.47,269,13.9
2026-01-28 11:07:18,-83.7839,39.4204, 800.4, 1889,-14.0,-28.3,-25.5, 29, 33, 0.47,269,14.0
2026-01-28 11:07:19,-83.7837,39.4204, 799.8, 1894,-14.1,-28.3,-25.6, 29, 33, 0.47,269,14.0
2026-01-28 11:07:20,-83.7835,39.4204, 799.3, 1900,-14.1,-28.3,-25.6, 29, 33, 0.46,269,14.1
2026-01-28 11:07:21,-83.7833,39.4204, 798.7, 1905,-14.1,-28.4,-25.6, 29, 33, 0.46,269,14.1
2026-01-28 11:07:22,-83.7832,39.4204, 798.1, 1911,-14.2,-28.4,-25.7, 29, 33, 0.46,269,14.2
2026-01-28 11:07:23,-83.7830,39.4204, 797.6, 1916,-14.2,-28.4,-25.7, 29, 33, 0.46,269,14.3
2026-01-28 11:07:24,-83.7828,39.4204, 797.0, 1921,-14.2,-28.5,-25.7, 29, 33, 0.46,269,14.3
2026-01-28 11:07:25,-83.7826,39.4204, 796.4, 1927,-14.3,-28.5,-25.8, 29, 33, 0.46,269,14.4
2026-01-28 11:07:26,-83.7825,39.4204, 795.9, 1932,-14.3,-28.5,-25.8, 29, 33, 0.46,269,14.4
2026-01-28 11:07:27,-83.7823,39.4204, 795.3, 1937,-14.3,-28.6,-25.8, 29, 33, 0.46,270,14.5
2026-01-28 11:07:28,-83.7821,39.4204, 794.8, 1943,-14.4,-28.6,-25.8, 29, 33, 0.46,270,14.5
2026-01-28 11:07:29,-83.7819,39.4204, 794.2, 1948,-14.4,-28.6,-25.9, 29, 33, 0.45,270,14.6
2026-01-28 11:07:30,-83.7817,39.4204, 793.6, 1953,-14.4,-28.7,-25.9, 29, 33, 0.45,270,14.6
2026-01-28 11:07:31,-83.7816,39.4204, 793.1, 1959,-14.5,-28.7,-25.9, 29, 33, 0.45,270,14.7
2026-01-28 11:07:32,-83.7814,39.4204, 792.6, 1963,-14.5,-28.7,-25.9, 29, 33, 0.45,270,14.7
2026-01-28 11:07:33,-83.7812,39.4204, 792.1, 1968,-14.5,-28.7,-25.9, 29, 33, 0.45,270,14.8
2026-01-28 11:07:34,-83.7811,39.4204, 791.5, 1973,-14.5,-28.7,-25.9, 29, 33, 0.45,270,14.8
2026-01-28 11:07:35,-83.7809,39.4204, 791.0, 1978,-14.5,-28.7,-25.9, 29, 33, 0.45,270,14.9
2026-01-28 11:07:36,-83.7807,39.4204, 790.5, 1983,-14.6,-28.7,-26.0, 29, 33, 0.45,270,14.9
2026-01-28 11:07:37,-83.7805,39.4204, 789.9, 1989,-14.6,-28.7,-26.0, 29, 33, 0.45,270,14.9
2026-01-28 11:07:38,-83.7803,39.4204, 789.3, 1995,-14.6,-28.7,-26.0, 29, 34, 0.45,270,15.0
2026-01-28 11:07:39,-83.7802,39.4204, 788.7, 2000,-14.6,-28.7,-26.0, 29, 34, 0.45,270,15.0
2026-01-28 11:07:40,-83.7800,39.4204, 788.1, 2006,-14.6,-28.7,-26.0, 29, 34, 0.45,270,15.0
2026-01-28 11:07:41,-83.7798,39.4204, 787.5, 2011,-14.7,-28.7,-26.0, 29, 34, 0.45,270,15.1
2026-01-28 11:07:42,-83.7796,39.4204, 787.0, 2017,-14.7,-28.7,-26.0, 29, 34, 0.45,270,15.1
2026-01-28 11:07:43,-83.7795,39.4204, 786.3, 2023,-14.7,-28.8,-26.0, 29, 34, 0.45,270,15.2
2026-01-28 11:07:44,-83.7793,39.4204, 785.7, 2029,-14.7,-28.8,-26.0, 29, 34, 0.45,270,15.2
2026-01-28 11:07:45,-83.7791,39.4204, 785.1, 2035,-14.8,-28.8,-26.0, 29, 34, 0.45,270,15.2
2026-01-28 11:07:46,-83.7789,39.4204, 784.4, 2041,-14.8,-28.8,-26.0, 29, 34, 0.45,270,15.3
2026-01-28 11:07:47,-83.7788,39.4204, 783.8, 2047,-14.8,-28.8,-26.0, 29, 34, 0.45,270,15.3
2026-01-28 11:07:48,-83.7786,39.4204, 783.2, 2053,-14.9,-28.8,-26.0, 30, 34, 0.45,270,15.3
2026-01-28 11:07:49,-83.7784,39.4204, 782.6, 2060,-14.9,-28.8,-26.0, 30, 34, 0.45,270,15.4
2026-01-28 11:07:50,-83.7782,39.4204, 782.0, 2066,-14.9,-28.8,-26.0, 30, 34, 0.45,270,15.4
2026-01-28 11:07:51,-83.7780,39.4204, 781.4, 2072,-15.0,-28.8,-26.0, 30, 34, 0.45,270,15.4
2026-01-28 11:07:52,-83.7779,39.4204, 780.8, 2078,-15.0,-28.8,-26.0, 30, 35, 0.45,270,15.5
2026-01-28 11:07:53,-83.7777,39.4204, 780.2, 2083,-15.0,-28.8,-26.0, 30, 35, 0.46,270,15.5
2026-01-28 11:07:54,-83.7775,39.4204, 779.6, 2089,-15.1,-28.8,-26.0, 30, 35, 0.46,270,15.6
2026-01-28 11:07:55,-83.7773,39.4204, 779.0, 2094,-15.1,-28.8,-26.0, 30, 35, 0.46,270,15.6
2026-01-28 11:07:56,-83.7771,39.4204, 778.4, 2100,-15.2,-28.8,-26.1, 30, 35, 0.46,270,15.6
2026-01-28 11:07:57,-83.7770,39.4204, 778.0, 2104,-15.2,-28.8,-26.0, 30, 35, 0.46,270,15.6
2026-01-28 11:07:58,-83.7768,39.4204, 777.6, 2108,-15.2,-28.8,-26.0, 30, 35, 0.46,270,15.6
2026-01-28 11:07:59,-83.7766,39.4204, 776.9, 2115,-15.2,-28.8,-26.1, 30, 35, 0.46,271,15.6
2026-01-28 11:08:00,-83.7764,39.4204, 776.4, 2119,-15.2,-28.8,-26.1, 30, 35, 0.46,271,15.6
2026-01-28 11:08:01,-83.7762,39.4204, 775.9, 2124,-15.2,-28.9,-26.1, 30, 35, 0.46,271,15.6
2026-01-28 11:08:02,-83.7760,39.4204, 775.4, 2129,-15.2,-28.9,-26.1, 30, 35, 0.45,271,15.6
2026-01-28 11:08:03,-83.7759,39.4203, 774.8, 2134,-15.3,-28.9,-26.1, 30, 35, 0.45,271,15.6
2026-01-28 11:08:04,-83.7757,39.4203, 774.3, 2139,-15.3,-28.9,-26.1, 30, 35, 0.45,271,15.6
2026-01-28 11:08:05,-83.7755,39.4203, 773.8, 2144,-15.3,-28.9,-26.2, 30, 35, 0.45,271,15.6
2026-01-28 11:08:06,-83.7753,39.4203, 773.3, 2150,-15.3,-28.9,-26.2, 30, 35, 0.45,271,15.6
2026-01-28 11:08:07,-83.7751,39.4203, 772.8, 2155,-15.3,-29.0,-26.2, 30, 35, 0.45,271,15.6
2026-01-28 11:08:08,-83.7750,39.4203, 772.2, 2160,-15.3,-29.0,-26.2, 30, 35, 0.45,271,15.6
2026-01-28 11:08:09,-83.7748,39.4203, 771.7, 2165,-15.3,-29.0,-26.2, 30, 35, 0.45,271,15.6
2026-01-28 11:08:10,-83.7746,39.4203, 771.1, 2171,-15.3,-29.0,-26.2, 30, 35, 0.45,271,15.6
2026-01-28 11:08:11,-83.7744,39.4203, 770.6, 2176,-15.3,-29.0,-26.2, 30, 35, 0.45,272,15.6
2026-01-28 11:08:12,-83.7742,39.4203, 770.1, 2181,-15.3,-29.0,-26.2, 30, 35, 0.45,272,15.6
2026-01-28 11:08:13,-83.7740,39.4203, 769.6, 2186,-15.3,-29.0,-26.2, 30, 35, 0.45,272,15.6
2026-01-28 11:08:14,-83.7739,39.4203, 769.1, 2191,-15.3,-29.0,-26.2, 30, 35, 0.45,272,15.6
2026-01-28 11:08:15,-83.7737,39.4203, 768.6, 2196,-15.3,-29.0,-26.2, 30, 35, 0.45,272,15.6
2026-01-28 11:08:16,-83.7735,39.4203, 768.1, 2201,-15.3,-29.0,-26.2, 30, 35, 0.45,272,15.6
2026-01-28 11:08:17,-83.7733,39.4203, 767.5, 2206,-15.3,-29.0,-26.2, 30, 35, 0.45,272,15.7
2026-01-28 11:08:18,-83.7731,39.4203, 767.0, 2211,-15.3,-29.0,-26.2, 30, 35, 0.45,272,15.7
2026-01-28 11:08:19,-83.7729,39.4203, 766.5, 2216,-15.3,-29.0,-26.2, 30, 35, 0.45,272,15.7
2026-01-28 11:08:20,-83.7727,39.4203, 766.0, 2221,-15.3,-29.0,-26.2, 30, 35, 0.45,272,15.8
2026-01-28 11:08:21,-83.7725,39.4203, 765.5, 2226,-15.3,-29.0,-26.2, 30, 35, 0.45,272,15.8
2026-01-28 11:08:22,-83.7723,39.4202, 764.9, 2231,-15.3,-29.0,-26.3, 30, 35, 0.45,272,15.8
2026-01-28 11:08:23,-83.7721,39.4202, 764.4, 2237,-15.3,-29.0,-26.3, 30, 35, 0.45,273,15.9
2026-01-28 11:08:24,-83.7719,39.4202, 763.9, 2242,-15.3,-29.1,-26.3, 30, 35, 0.45,273,15.9
2026-01-28 11:08:25,-83.7718,39.4202, 763.4, 2247,-15.3,-29.1,-26.3, 30, 35, 0.45,273,15.9
2026-01-28 11:08:26,-83.7716,39.4202, 762.8, 2253,-15.3,-29.1,-26.3, 30, 35, 0.45,273,16.0
2026-01-28 11:08:27,-83.7714,39.4202, 762.3, 2258,-15.3,-29.1,-26.3, 30, 35, 0.46,273,16.0
2026-01-28 11:08:28,-83.7712,39.4202, 761.8, 2263,-15.4,-29.1,-26.3, 30, 35, 0.46,273,16.0
2026-01-28 11:08:29,-83.7710,39.4202, 761.2, 2268,-15.4,-29.1,-26.3, 30, 35, 0.46,273,16.1
2026-01-28 11:08:30,-83.7708,39.4202, 760.7, 2273,-15.4,-29.1,-26.3, 30, 35, 0.46,273,16.1
2026-01-28 11:08:31,-83.7706,39.4202, 760.2, 2279,-15.4,-29.1,-26.3, 30, 35, 0.46,273,16.1
2026-01-28 11:08:32,-83.7704,39.4201, 759.7, 2284,-15.4,-29.1,-26.3, 30, 35, 0.46,273,16.2
2026-01-28 11:08:33,-83.7702,39.4201, 759.2, 2289,-15.4,-29.1,-26.3, 30, 35, 0.46,273,16.2
2026-01-28 11:08:34,-83.7700,39.4201, 758.7, 2294,-15.4,-29.1,-26.3, 30, 35, 0.46,273,16.3
2026-01-28 11:08:35,-83.7698,39.4201, 758.2, 2299,-15.4,-29.1,-26.3, 30, 35, 0.46,273,16.3
2026-01-28 11:08:36,-83.7696,39.4201, 757.7, 2304,-15.4,-29.1,-26.3, 30, 35, 0.46,273,16.4
2026-01-28 11:08:37,-83.7694,39.4201, 757.2, 2309,-15.4,-29.1,-26.3, 30, 35, 0.46,273,16.4
2026-01-28 11:08:38,-83.7692,39.4201, 756.7, 2314,-15.5,-29.1,-26.3, 30, 35, 0.46,273,16.5
2026-01-28 11:08:39,-83.7690,39.4201, 756.2, 2319,-15.5,-29.1,-26.3, 30, 35, 0.46,273,16.6
2026-01-28 11:08:40,-83.7688,39.4201, 755.7, 2324,-15.5,-29.1,-26.3, 30, 35, 0.46,273,16.6
2026-01-28 11:08:41,-83.7686,39.4201, 755.2, 2329,-15.6,-29.1,-26.3, 30, 35, 0.46,273,16.7
2026-01-28 11:08:42,-83.7684,39.4201, 754.7, 2334,-15.6,-29.2,-26.4, 30, 35, 0.45,273,16.8
2026-01-28 11:08:43,-83.7682,39.4200, 754.2, 2339,-15.6,-29.2,-26.4, 30, 35, 0.45,273,16.8
2026-01-28 11:08:44,-83.7680,39.4200, 753.7, 2343,-15.6,-29.2,-26.4, 30, 35, 0.45,273,16.9
2026-01-28 11:08:45,-83.7679,39.4200, 753.2, 2348,-15.7,-29.3,-26.5, 30, 35, 0.45,273,17.0
2026-01-28 11:08:46,-83.7677,39.4200, 752.7, 2353,-15.7,-29.3,-26.5, 30, 35, 0.45,273,17.0
2026-01-28 11:08:47,-83.7675,39.4200, 752.3, 2358,-15.7,-29.3,-26.5, 30, 35, 0.45,273,17.1
2026-01-28 11:08:48,-83.7673,39.4200, 751.8, 2362,-15.8,-29.3,-26.5, 30, 35, 0.45,273,17.2
2026-01-28 11:08:49,-83.7671,39.4200, 751.3, 2367,-15.8,-29.4,-26.6, 30, 35, 0.45,273,17.2
2026-01-28 11:08:50,-83.7669,39.4199, 750.8, 2372,-15.8,-29.4,-26.6, 30, 35, 0.45,273,17.3
2026-01-28 11:08:51,-83.7667,39.4199, 750.3, 2377,-15.9,-29.4,-26.6, 30, 35, 0.45,274,17.4
2026-01-28 11:08:52,-83.7665,39.4199, 749.8, 2382,-15.9,-29.5,-26.6, 30, 35, 0.45,274,17.4
2026-01-28 11:08:53,-83.7663,39.4199, 749.3, 2387,-15.9,-29.5,-26.7, 30, 35, 0.44,274,17.5
2026-01-28 11:08:54,-83.7661,39.4199, 748.8, 2392,-16.0,-29.5,-26.7, 30, 35, 0.44,274,17.6
2026-01-28 11:08:55,-83.7659,39.4198, 748.3, 2397,-16.0,-29.5,-26.7, 30, 35, 0.44,274,17.6
2026-01-28 11:08:56,-83.7657,39.4198, 747.8, 2403,-16.1,-29.6,-26.7, 30, 36, 0.44,274,17.6
2026-01-28 11:08:57,-83.7655,39.4198, 747.2, 2408,-16.1,-29.6,-26.7, 30, 36, 0.44,274,17.6
2026-01-28 11:08:58,-83.7653,39.4198, 746.7, 2413,-16.1,-29.6,-26.8, 30, 36, 0.44,274,17.5
2026-01-28 11:08:59,-83.7651,39.4198, 746.2, 2419,-16.2,-29.6,-26.8, 30, 36, 0.44,274,17.5
2026-01-28 11:09:00,-83.7649,39.4198, 745.6, 2424,-16.2,-29.6,-26.8, 30, 36, 0.44,275,17.5
2026-01-28 11:09:01,-83.7647,39.4197, 745.1, 2429,-16.3,-29.7,-26.8, 30, 36, 0.44,275,17.5
2026-01-28 11:09:02,-83.7645,39.4197, 744.6, 2435,-16.3,-29.7,-26.9, 31, 36, 0.44,275,17.4
2026-01-28 11:09:03,-83.7643,39.4197, 744.1, 2440,-16.3,-29.7,-26.9, 31, 36, 0.44,275,17.4
2026-01-28 11:09:04,-83.7641,39.4197, 743.6, 2445,-16.4,-29.7,-26.9, 31, 36, 0.44,276,17.4
2026-01-28 11:09:05,-83.7639,39.4197, 743.1, 2450,-16.4,-29.7,-26.9, 31, 36, 0.44,276,17.4
2026-01-28 11:09:06,-83.7637,39.4196, 742.6, 2455,-16.4,-29.7,-26.9, 31, 36, 0.44,276,17.3
2026-01-28 11:09:07,-83.7635,39.4196, 742.1, 2460,-16.4,-29.7,-26.9, 31, 36, 0.44,276,17.3
2026-01-28 11:09:08,-83.7633,39.4196, 741.6, 2465,-16.5,-29.7,-26.9, 31, 36, 0.44,276,17.3
2026-01-28 11:09:09,-83.7631,39.4196, 741.1, 2470,-16.5,-29.7,-26.9, 31, 36, 0.44,277,17.3
2026-01-28 11:09:10,-83.7629,39.4196, 740.6, 2475,-16.5,-29.7,-26.9, 31, 36, 0.44,277,17.3
2026-01-28 11:09:11,-83.7627,39.4195, 740.1, 2480,-16.5,-29.7,-26.9, 31, 36, 0.44,277,17.2
2026-01-28 11:09:12,-83.7625,39.4195, 739.6, 2485,-16.5,-29.7,-26.9, 31, 37, 0.44,277,17.2
2026-01-28 11:09:13,-83.7623,39.4195, 739.1, 2490,-16.5,-29.7,-26.9, 31, 37, 0.44,278,17.2
2026-01-28 11:09:14,-83.7621,39.4195, 738.6, 2495,-16.6,-29.7,-26.9, 31, 37, 0.44,278,17.2
2026-01-28 11:09:15,-83.7619,39.4195, 738.1, 2500,-16.6,-29.7,-26.9, 31, 37, 0.44,278,17.1
2026-01-28 11:09:16,-83.7617,39.4195, 737.6, 2505,-16.6,-29.7,-26.9, 31, 37, 0.44,278,17.2
2026-01-28 11:09:17,-83.7615,39.4194, 737.1, 2510,-16.6,-29.7,-26.9, 31, 37, 0.44,278,17.2
2026-01-28 11:09:18,-83.7613,39.4194, 736.6, 2516,-16.6,-29.7,-26.9, 31, 37, 0.44,278,17.3
2026-01-28 11:09:19,-83.7611,39.4194, 736.0, 2522,-16.7,-29.7,-26.9, 31, 37, 0.44,278,17.3
2026-01-28 11:09:20,-83.7609,39.4194, 735.5, 2528,-16.7,-29.7,-26.9, 31, 37, 0.44,278,17.4
2026-01-28 11:09:21,-83.7606,39.4193, 734.9, 2533,-16.7,-29.8,-26.9, 31, 37, 0.44,278,17.4
2026-01-28 11:09:22,-83.7604,39.4193, 734.3, 2539,-16.7,-29.8,-26.9, 31, 37, 0.44,278,17.5
2026-01-28 11:09:23,-83.7602,39.4193, 733.7, 2545,-16.8,-29.8,-27.0, 31, 37, 0.44,278,17.5
2026-01-28 11:09:24,-83.7600,39.4193, 733.2, 2551,-16.8,-29.8,-27.0, 31, 37, 0.44,278,17.5
2026-01-28 11:09:25,-83.7598,39.4192, 732.6, 2557,-16.8,-29.8,-27.0, 31, 37, 0.44,278,17.6
2026-01-28 11:09:26,-83.7596,39.4192, 732.1, 2563,-16.8,-29.9,-27.0, 31, 37, 0.44,278,17.6
2026-01-28 11:09:27,-83.7594,39.4192, 731.5, 2569,-16.8,-29.9,-27.0, 31, 37, 0.44,278,17.7
2026-01-28 11:09:28,-83.7592,39.4192, 731.0, 2574,-16.9,-29.9,-27.1, 31, 37, 0.44,278,17.7
2026-01-28 11:09:29,-83.7589,39.4192, 730.5, 2579,-16.9,-29.9,-27.1, 31, 37, 0.44,278,17.8
2026-01-28 11:09:30,-83.7587,39.4191, 729.9, 2584,-16.9,-30.0,-27.1, 31, 37, 0.44,278,17.8
2026-01-28 11:09:31,-83.7585,39.4191, 729.4, 2590,-16.9,-30.0,-27.1, 31, 37, 0.44,278,17.9
2026-01-28 11:09:32,-83.7583,39.4191, 728.9, 2595,-16.9,-30.0,-27.1, 31, 37, 0.44,278,17.9
2026-01-28 11:09:33,-83.7581,39.4191, 728.4, 2600,-17.0,-30.0,-27.1, 31, 37, 0.44,278,17.9
2026-01-28 11:09:34,-83.7579,39.4190, 727.9, 2605,-17.0,-30.0,-27.2, 31, 37, 0.44,278,18.0
2026-01-28 11:09:35,-83.7577,39.4190, 727.4, 2610,-17.0,-30.0,-27.2, 31, 37, 0.44,278,18.0
2026-01-28 11:09:36,-83.7575,39.4190, 726.9, 2616,-17.0,-30.0,-27.2, 31, 37, 0.44,278,18.1
2026-01-28 11:09:37,-83.7572,39.4190, 726.4, 2621,-17.0,-30.0,-27.2, 31, 37, 0.44,278,18.1
2026-01-28 11:09:38,-83.7570,39.4189, 725.9, 2626,-17.1,-30.1,-27.2, 31, 37, 0.44,278,18.1
2026-01-28 11:09:39,-83.7568,39.4189, 725.3, 2632,-17.1,-30.1,-27.2, 31, 37, 0.44,278,18.2
2026-01-28 11:09:40,-83.7566,39.4189, 724.8, 2637,-17.1,-30.1,-27.2, 31, 37, 0.43,278,18.2
2026-01-28 11:09:41,-83.7564,39.4189, 724.3, 2642,-17.1,-30.1,-27.2, 31, 37, 0.43,278,18.3
2026-01-28 11:09:42,-83.7562,39.4189, 723.8, 2647,-17.1,-30.1,-27.2, 31, 37, 0.43,278,18.3
2026-01-28 11:09:43,-83.7560,39.4188, 723.3, 2652,-17.1,-30.1,-27.2, 31, 37, 0.43,278,18.4
2026-01-28 11:09:44,-83.7558,39.4188, 722.7, 2658,-17.2,-30.1,-27.3, 32, 37, 0.43,278,18.4
2026-01-28 11:09:45,-83.7556,39.4188, 722.3, 2663,-17.2,-30.1,-27.3, 32, 37, 0.43,278,18.4
2026-01-28 11:09:46,-83.7554,39.4188, 721.7, 2669,-17.2,-30.1,-27.2, 32, 37, 0.44,278,18.5
2026-01-28 11:09:47,-83.7551,39.4187, 721.2, 2674,-17.2,-30.1,-27.2, 32, 37, 0.44,278,18.5
2026-01-28 11:09:48,-83.7549,39.4187, 720.7, 2680,-17.2,-30.1,-27.2, 32, 37, 0.44,278,18.6
2026-01-28 11:09:49,-83.7547,39.4187, 720.1, 2685,-17.2,-30.1,-27.2, 32, 38, 0.44,278,18.6
2026-01-28 11:09:50,-83.7545,39.4187, 719.6, 2691,-17.2,-30.1,-27.2, 32, 38, 0.44,278,18.6
2026-01-28 11:09:51,-83.7542,39.4186, 719.0, 2697,-17.2,-30.1,-27.2, 32, 38, 0.44,278,18.7
2026-01-28 11:09:52,-83.7540,39.4186, 718.5, 2702,-17.2,-30.1,-27.2, 32, 38, 0.44,278,18.7
2026-01-28 11:09:53,-83.7538,39.4186, 717.9, 2708,-17.2,-30.1,-27.2, 32, 38, 0.44,278,18.8
2026-01-28 11:09:54,-83.7536,39.4186, 717.4, 2714,-17.2,-30.0,-27.2, 32, 38, 0.44,278,18.8
2026-01-28 11:09:55,-83.7533,39.4185, 716.9, 2720,-17.2,-30.0,-27.2, 32, 38, 0.44,278,18.8
2026-01-28 11:09:56,-83.7531,39.4185, 716.4, 2725,-17.2,-30.0,-27.2, 32, 38, 0.44,278,18.9
2026-01-28 11:09:57,-83.7529,39.4185, 715.9, 2730,-17.2,-30.0,-27.2, 32, 38, 0.44,278,18.9
2026-01-28 11:09:58,-83.7528,39.4185, 715.5, 2735,-17.2,-30.0,-27.2, 32, 38, 0.44,278,18.9
2026-01-28 11:09:59,-83.7525,39.4184, 715.1, 2738,-17.2,-30.0,-27.2, 32, 38, 0.44,278,19.0
2026-01-28 11:10:00,-83.7522,39.4184, 714.5, 2744,-17.3,-30.1,-27.3, 32, 38, 0.44,278,19.0
2026-01-28 11:10:01,-83.7520,39.4184, 714.0, 2749,-17.3,-30.2,-27.4, 31, 37, 0.43,278,19.0
2026-01-28 11:10:02,-83.7518,39.4183, 713.4, 2754,-17.3,-30.3,-27.5, 31, 37, 0.43,278,19.1
2026-01-28 11:10:03,-83.7516,39.4183, 712.9, 2760,-17.3,-30.4,-27.6, 31, 37, 0.43,278,19.1
2026-01-28 11:10:04,-83.7513,39.4183, 712.3, 2766,-17.4,-30.5,-27.6, 31, 37, 0.42,278,19.1
2026-01-28 11:10:05,-83.7511,39.4183, 711.8, 2772,-17.4,-30.6,-27.7, 31, 36, 0.42,278,19.2
2026-01-28 11:10:06,-83.7509,39.4182, 711.3, 2778,-17.4,-30.7,-27.8, 30, 36, 0.42,278,19.2
2026-01-28 11:10:07,-83.7507,39.4182, 710.8, 2784,-17.5,-30.8,-27.9, 30, 36, 0.41,278,19.3
2026-01-28 11:10:08,-83.7504,39.4182, 710.3, 2790,-17.5,-30.9,-28.0, 30, 36, 0.41,278,19.3
2026-01-28 11:10:09,-83.7502,39.4182, 709.8, 2795,-17.5,-31.1,-28.1, 30, 35, 0.40,279,19.3
2026-01-28 11:10:10,-83.7500,39.4181, 709.3, 2800,-17.5,-31.2,-28.2, 29, 35, 0.40,279,19.4
2026-01-28 11:10:11,-83.7498,39.4181, 708.8, 2805,-17.6,-31.3,-28.3, 29, 35, 0.40,279,19.4
2026-01-28 11:10:12,-83.7495,39.4181, 708.3, 2810,-17.6,-31.4,-28.4, 29, 35, 0.39,279,19.4
2026-01-28 11:10:13,-83.7493,39.4181, 707.7, 2815,-17.6,-31.5,-28.5, 29, 34, 0.39,279,19.5
2026-01-28 11:10:14,-83.7491,39.4180, 707.2, 2821,-17.6,-31.6,-28.6, 29, 34, 0.39,279,19.5
2026-01-28 11:10:15,-83.7489,39.4180, 706.6, 2827,-17.6,-31.7,-28.7, 28, 34, 0.38,279,19.5
2026-01-28 11:10:16,-83.7486,39.4180, 706.0, 2833,-17.6,-31.8,-28.8, 28, 33, 0.38,279,19.6
2026-01-28 11:10:17,-83.7484,39.4180, 705.5, 2839,-17.7,-31.9,-28.9, 28, 33, 0.38,279,19.6
2026-01-28 11:10:18,-83.7482,39.4179, 704.9, 2845,-17.7,-32.0,-29.0, 28, 33, 0.37,279,19.7
2026-01-28 11:10:19,-83.7480,39.4179, 704.5, 2850,-17.7,-32.1,-29.1, 27, 33, 0.37,279,19.7
2026-01-28 11:10:20,-83.7477,39.4179, 704.0, 2855,-17.7,-32.2,-29.2, 27, 32, 0.37,279,19.8
2026-01-28 11:10:21,-83.7475,39.4178, 703.5, 2860,-17.7,-32.3,-29.3, 27, 32, 0.36,279,19.8
2026-01-28 11:10:22,-83.7472,39.4178, 703.0, 2865,-17.7,-32.4,-29.4, 27, 32, 0.36,279,19.9
2026-01-28 11:10:23,-83.7470,39.4178, 702.6, 2870,-17.8,-32.5,-29.5, 26, 31, 0.36,279,19.9
2026-01-28 11:10:24,-83.7467,39.4178, 702.1, 2875,-17.8,-32.6,-29.6, 26, 31, 0.35,279,20.0
2026-01-28 11:10:25,-83.7465,39.4177, 701.6, 2881,-17.8,-32.7,-29.7, 26, 31, 0.35,278,20.1
2026-01-28 11:10:26,-83.7462,39.4177, 701.1, 2886,-17.8,-32.8,-29.7, 26, 31, 0.35,278,20.1
2026-01-28 11:10:27,-83.7460,39.4177, 700.5, 2892,-17.8,-32.8,-29.8, 26, 31, 0.35,278,20.2
2026-01-28 11:10:28,-83.7458,39.4176, 700.0, 2898,-17.8,-32.9,-29.8, 26, 31, 0.34,278,20.2
2026-01-28 11:10:29,-83.7455,39.4176, 699.5, 2903,-17.9,-32.9,-29.9, 26, 30, 0.34,278,20.3
2026-01-28 11:10:30,-83.7453,39.4176, 699.0, 2909,-17.9,-33.0,-29.9, 25, 30, 0.34,278,20.3
2026-01-28 11:10:31,-83.7450,39.4176, 698.4, 2915,-17.9,-33.0,-29.9, 25, 30, 0.34,278,20.4
2026-01-28 11:10:32,-83.7448,39.4175, 697.9, 2921,-17.9,-33.0,-30.0, 25, 30, 0.34,278,20.4
2026-01-28 11:10:33,-83.7445,39.4175, 697.3, 2927,-17.9,-33.1,-30.0, 25, 30, 0.34,278,20.5
2026-01-28 11:10:34,-83.7443,39.4175, 696.8, 2933,-17.9,-33.1,-30.1, 25, 30, 0.34,278,20.5
2026-01-28 11:10:35,-83.7441,39.4174, 696.3, 2939,-17.9,-33.2,-30.1, 25, 30, 0.34,278,20.6
2026-01-28 11:10:36,-83.7438,39.4174, 695.7, 2944,-18.0,-33.2,-30.1, 25, 30, 0.34,278,20.6
2026-01-28 11:10:37,-83.7436,39.4174, 695.2, 2949,-18.0,-33.2,-30.2, 25, 30, 0.33,278,20.7
2026-01-28 11:10:38,-83.7433,39.4173, 694.8, 2954,-18.0,-33.3,-30.2, 25, 30, 0.33,278,20.8
2026-01-28 11:10:39,-83.7431,39.4173, 694.3, 2959,-18.0,-33.3,-30.2, 25, 30, 0.33,278,20.8
2026-01-28 11:10:40,-83.7428,39.4173, 693.8, 2964,-18.1,-33.4,-30.3, 25, 30, 0.33,278,20.9
2026-01-28 11:10:41,-83.7426,39.4173, 693.4, 2969,-18.1,-33.5,-30.4, 25, 29, 0.33,278,21.0
2026-01-28 11:10:42,-83.7423,39.4172, 692.9, 2974,-18.1,-33.6,-30.5, 24, 29, 0.32,278,21.0
2026-01-28 11:10:43,-83.7421,39.4172, 692.4, 2979,-18.1,-33.7,-30.6, 24, 29, 0.32,278,21.1
2026-01-28 11:10:44,-83.7419,39.4172, 692.0, 2984,-18.2,-33.8,-30.7, 24, 29, 0.32,278,21.2
2026-01-28 11:10:45,-83.7416,39.4171, 691.5, 2989,-18.2,-33.9,-30.8, 24, 29, 0.32,278,21.2
2026-01-28 11:10:46,-83.7414,39.4171, 691.0, 2994,-18.2,-34.0,-30.9, 24, 28, 0.31,278,21.3
2026-01-28 11:10:47,-83.7411,39.4171, 690.5, 2999,-18.2,-34.1,-31.0, 24, 28, 0.31,278,21.4
2026-01-28 11:10:48,-83.7409,39.4171, 690.1, 3004,-18.3,-34.2,-31.1, 23, 28, 0.31,279,21.4
2026-01-28 11:10:49,-83.7406,39.4170, 689.6, 3010,-18.3,-34.3,-31.2, 23, 28, 0.30,279,21.5
2026-01-28 11:10:50,-83.7403,39.4170, 689.1, 3015,-18.3,-34.4,-31.3, 23, 28, 0.30,279,21.6
2026-01-28 11:10:51,-83.7401,39.4170, 688.7, 3020,-18.4,-34.5,-31.3, 23, 27, 0.30,279,21.6
2026-01-28 11:10:52,-83.7398,39.4170, 688.2, 3025,-18.4,-34.6,-31.4, 23, 27, 0.30,279,21.7
2026-01-28 11:10:53,-83.7395,39.4170, 687.8, 3030,-18.4,-34.8,-31.6, 22, 27, 0.29,279,21.8
2026-01-28 11:10:54,-83.7393,39.4169, 687.3, 3035,-18.4,-35.0,-31.8, 22, 26, 0.28,279,21.8
2026-01-28 11:10:55,-83.7390,39.4169, 686.8, 3039,-18.4,-35.3,-32.1, 21, 26, 0.28,279,21.9
2026-01-28 11:10:56,-83.7387,39.4169, 686.3, 3044,-18.4,-35.5,-32.3, 21, 25, 0.27,279,22.0
2026-01-28 11:10:57,-83.7385,39.4169, 685.9, 3049,-18.5,-35.8,-32.6, 20, 24, 0.26,278,22.0
2026-01-28 11:10:58,-83.7382,39.4168, 685.4, 3054,-18.5,-36.1,-32.8, 20, 24, 0.26,278,22.1
2026-01-28 11:10:59,-83.7379,39.4168, 684.9, 3060,-18.5,-36.3,-33.1, 19, 23, 0.25,278,22.2
2026-01-28 11:11:00,-83.7377,39.4168, 684.5, 3065,-18.5,-36.6,-33.3, 19, 23, 0.24,278,22.2
2026-01-28 11:11:01,-83.7374,39.4168, 684.0, 3071,-18.5,-36.9,-33.6, 18, 22, 0.24,277,22.3
2026-01-28 11:11:02,-83.7371,39.4168, 683.5, 3077,-18.6,-37.2,-33.9, 18, 21, 0.23,277,22.4
2026-01-28 11:11:03,-83.7369,39.4167, 683.1, 3082,-18.6,-37.5,-34.2, 17, 21, 0.22,277,22.4
2026-01-28 11:11:04,-83.7366,39.4167, 682.6, 3086,-18.6,-37.8,-34.5, 17, 20, 0.22,277,22.5
2026-01-28 11:11:05,-83.7363,39.4167, 682.1, 3091,-18.6,-38.2,-34.8, 16, 19, 0.21,277,22.6
2026-01-28 11:11:06,-83.7360,39.4167, 681.7, 3096,-18.6,-38.5,-35.1, 16, 19, 0.20,276,22.6
2026-01-28 11:11:07,-83.7358,39.4167, 681.2, 3101,-18.6,-38.8,-35.3, 15, 18, 0.20,276,22.7
2026-01-28 11:11:08,-83.7355,39.4166, 680.7, 3105,-18.6,-39.0,-35.6, 15, 18, 0.19,276,22.8
2026-01-28 11:11:09,-83.7352,39.4166, 680.3, 3110,-18.7,-39.3,-35.9, 14, 17, 0.19,276,22.9
2026-01-28 11:11:10,-83.7350,39.4166, 679.8, 3116,-18.7,-39.6,-36.2, 14, 17, 0.18,275,22.9
2026-01-28 11:11:11,-83.7347,39.4166, 679.4, 3121,-18.7,-39.9,-36.4, 14, 16, 0.17,275,23.0
2026-01-28 11:11:12,-83.7344,39.4166, 678.9, 3126,-18.7,-40.2,-36.7, 13, 16, 0.17,275,23.1
2026-01-28 11:11:13,-83.7342,39.4165, 678.4, 3131,-18.7,-40.6,-37.1, 13, 15, 0.16,275,23.1
2026-01-28 11:11:14,-83.7339,39.4165, 677.9, 3137,-18.7,-40.9,-37.4, 12, 15, 0.16,275,23.2
2026-01-28 11:11:15,-83.7336,39.4165, 677.4, 3142,-18.7,-41.2,-37.7, 12, 14, 0.15,274,23.3
2026-01-28 11:11:16,-83.7334,39.4165, 677.0, 3147,-18.7,-41.6,-38.0, 11, 14, 0.15,275,23.3
2026-01-28 11:11:17,-83.7330,39.4164, 676.5, 3153,-18.8,-42.0,-38.4, 11, 13, 0.14,275,23.4
2026-01-28 11:11:18,-83.7328,39.4164, 675.9, 3159,-18.8,-42.4,-38.8, 10, 13, 0.13,275,23.5
2026-01-28 11:11:19,-83.7325,39.4164, 675.5, 3163,-18.8,-42.7,-39.1, 10, 12, 0.13,275,23.6
2026-01-28 11:11:20,-83.7323,39.4164, 675.0, 3169,-18.8,-43.1,-39.4, 10, 12, 0.13,276,23.7
2026-01-28 11:11:21,-83.7320,39.4163, 674.5, 3174,-18.8,-43.4,-39.7,  9, 11, 0.12,276,23.7
2026-01-28 11:11:22,-83.7317,39.4163, 674.1, 3179,-18.7,-43.7,-40.0,  9, 11, 0.12,276,23.8
2026-01-28 11:11:23,-83.7314,39.4162, 673.6, 3185,-18.7,-44.0,-40.3,  9, 11, 0.11,276,23.9
2026-01-28 11:11:24,-83.7311,39.4162, 673.1, 3190,-18.7,-44.4,-40.7,  9, 10, 0.11,276,24.0
2026-01-28 11:11:25,-83.7308,39.4162, 672.6, 3195,-18.7,-44.7,-41.0,  8, 10, 0.11,277,24.1
2026-01-28 11:11:26,-83.7305,39.4161, 672.0, 3201,-18.7,-45.1,-41.4,  8,  9, 0.10,277,24.1
2026-01-28 11:11:27,-83.7302,39.4161, 671.5, 3207,-18.7,-45.5,-41.7,  8,  9, 0.10,277,24.2
2026-01-28 11:11:28,-83.7299,39.4161, 670.9, 3213,-18.7,-45.9,-42.1,  7,  9, 0.09,277,24.3
2026-01-28 11:11:29,-83.7297,39.4160, 670.4, 3220,-18.7,-46.3,-42.5,  7,  8, 0.09,277,24.4
2026-01-28 11:11:30,-83.7294,39.4160, 669.9, 3226,-18.7,-46.8,-42.9,  7,  8, 0.09,278,24.5
2026-01-28 11:11:31,-83.7291,39.4159, 669.4, 3232,-18.7,-47.2,-43.4,  6,  7, 0.08,278,24.5
2026-01-28 11:11:32,-83.7288,39.4159, 668.9, 3237,-18.7,-47.7,-43.9,  6,  7, 0.08,278,24.6
2026-01-28 11:11:33,-83.7285,39.4159, 668.4, 3243,-18.7,-48.2,-44.3,  6,  7, 0.07,278,24.7
2026-01-28 11:11:34,-83.7282,39.4158, 667.9, 3248,-18.6,-48.3,-44.4,  5,  7, 0.07,278,24.8
2026-01-28 11:11:35,-83.7279,39.4158, 667.4, 3253,-18.6,-48.4,-44.5,  5,  6, 0.07,279,24.9
2026-01-28 11:11:36,-83.7276,39.4158, 666.9, 3259,-18.6,-48.5,-44.7,  5,  6, 0.07,279,24.9
2026-01-28 11:11:37,-83.7273,39.4157, 666.4, 3264,-18.6,-48.7,-44.8,  5,  6, 0.07,279,25.0
2026-01-28 11:11:38,-83.7271,39.4157, 665.9, 3270,-18.6,-48.8,-44.9,  5,  6, 0.07,279,25.0
2026-01-28 11:11:39,-83.7268,39.4157, 665.4, 3275,-18.5,-48.9,-45.0,  5,  6, 0.07,279,25.1
2026-01-28 11:11:40,-83.7265,39.4156, 664.9, 3281,-18.5,-49.1,-45.2,  5,  6, 0.07,279,25.1
2026-01-28 11:11:41,-83.7262,39.4156, 664.4, 3287,-18.5,-49.2,-45.3,  5,  6, 0.06,279,25.2
2026-01-28 11:11:42,-83.7259,39.4155, 663.9, 3292,-18.5,-49.4,-45.5,  5,  6, 0.06,279,25.2
2026-01-28 11:11:43,-83.7256,39.4155, 663.4, 3298,-18.5,-49.5,-45.6,  5,  6, 0.06,280,25.2
2026-01-28 11:11:44,-83.7253,39.4155, 662.9, 3303,-18.4,-49.7,-45.8,  5,  6, 0.06,280,25.3
2026-01-28 11:11:45,-83.7250,39.4154, 662.4, 3309,-18.4,-49.8,-45.9,  5,  5, 0.06,280,25.3
2026-01-28 11:11:46,-83.7248,39.4154, 661.8, 3316,-18.4,-50.0,-46.1,  4,  5, 0.06,280,25.4
2026-01-28 11:11:47,-83.7245,39.4154, 661.5, 3320,-18.3,-49.5,-45.6,  5,  6, 0.06,280,25.4
2026-01-28 11:11:48,-83.7242,39.4153, 661.0, 3326,-18.3,-48.9,-45.0,  5,  6, 0.07,280,25.5
2026-01-28 11:11:49,-83.7239,39.4153, 660.5, 3331,-18.2,-48.4,-44.5,  5,  6, 0.07,280,25.5
2026-01-28 11:11:50,-83.7236,39.4152, 660.0, 3337,-18.2,-47.9,-44.0,  6,  7, 0.08,280,25.6
2026-01-28 11:11:51,-83.7233,39.4151, 659.5, 3342,-18.1,-47.4,-43.5,  6,  7, 0.08,280,25.6
2026-01-28 11:11:52,-83.7230,39.4151, 659.0, 3348,-18.0,-46.9,-43.1,  6,  7, 0.09,280,25.7
2026-01-28 11:11:53,-83.7227,39.4150, 658.5, 3354,-18.0,-46.4,-42.6,  6,  8, 0.09,280,25.7
2026-01-28 11:11:54,-83.7224,39.4149, 658.0, 3359,-17.9,-46.0,-42.2,  7,  8, 0.09,281,25.8
2026-01-28 11:11:55,-83.7221,39.4149, 657.5, 3365,-17.9,-45.5,-41.8,  7,  8, 0.10,281,25.8
2026-01-28 11:11:56,-83.7218,39.4148, 657.0, 3370,-17.8,-45.1,-41.4,  7,  9, 0.10,281,25.8
2026-01-28 11:11:57,-83.7215,39.4147, 656.5, 3376,-17.8,-44.7,-41.0,  8,  9, 0.11,281,25.9
2026-01-28 11:11:58,-83.7212,39.4147, 656.0, 3381,-17.7,-44.4,-40.7,  8,  9, 0.11,282,25.9
2026-01-28 11:11:59,-83.7210,39.4146, 655.6, 3387,-17.7,-44.0,-40.3,  8, 10, 0.12,282,25.9
2026-01-28 11:12:00,-83.7206,39.4145, 655.2, 3390,-17.7,-43.8,-40.1,  8, 10, 0.12,282,25.9
2026-01-28 11:12:01,-83.7203,39.4145, 654.6, 3398,-17.7,-43.9,-40.2,  8, 10, 0.12,282,25.9
2026-01-28 11:12:02,-83.7200,39.4144, 654.1, 3404,-17.7,-43.9,-40.2,  8, 10, 0.12,283,26.0
2026-01-28 11:12:03,-83.7197,39.4144, 653.6, 3410,-17.7,-44.0,-40.3,  8, 10, 0.12,283,26.0
2026-01-28 11:12:04,-83.7195,39.4143, 653.1, 3416,-17.7,-44.0,-40.3,  8, 10, 0.12,283,26.0
2026-01-28 11:12:05,-83.7191,39.4142, 652.6, 3421,-17.7,-44.1,-40.4,  8, 10, 0.12,283,26.0
2026-01-28 11:12:06,-83.7189,39.4142, 652.1, 3426,-17.7,-44.1,-40.4,  8, 10, 0.12,284,26.1
2026-01-28 11:12:07,-83.7186,39.4141, 651.7, 3431,-17.8,-44.2,-40.5,  8, 10, 0.12,284,26.1
2026-01-28 11:12:08,-83.7183,39.4140, 651.2, 3437,-17.8,-44.2,-40.5,  8,  9, 0.12,284,26.1
2026-01-28 11:12:09,-83.7180,39.4140, 650.8, 3442,-17.8,-44.3,-40.6,  8,  9, 0.11,284,26.2
2026-01-28 11:12:10,-83.7177,39.4139, 650.4, 3447,-17.8,-44.3,-40.6,  8,  9, 0.11,285,26.2
2026-01-28 11:12:11,-83.7174,39.4138, 649.9, 3452,-17.8,-44.4,-40.7,  8,  9, 0.11,285,26.2
2026-01-28 11:12:12,-83.7171,39.4138, 649.5, 3456,-17.8,-44.5,-40.7,  8,  9, 0.11,285,26.2
2026-01-28 11:12:13,-83.7168,39.4137, 649.0, 3461,-17.8,-44.5,-40.8,  8,  9, 0.11,286,26.3
2026-01-28 11:12:14,-83.7165,39.4136, 648.6, 3466,-17.8,-44.5,-40.8,  8,  9, 0.11,286,26.3
2026-01-28 11:12:15,-83.7162,39.4136, 648.2, 3471,-17.8,-44.6,-40.9,  8,  9, 0.11,286,26.3
2026-01-28 11:12:16,-83.7159,39.4135, 647.7, 3476,-17.8,-44.6,-40.9,  8,  9, 0.11,286,26.4
2026-01-28 11:12:17,-83.7156,39.4134, 647.3, 3482,-17.8,-44.6,-40.9,  8,  9, 0.11,286,26.5
2026-01-28 11:12:18,-83.7153,39.4134, 646.9, 3487,-17.8,-44.7,-40.9,  8,  9, 0.11,287,26.6
2026-01-28 11:12:19,-83.7150,39.4133, 646.4, 3492,-17.8,-44.7,-41.0,  8,  9, 0.11,287,26.7
2026-01-28 11:12:20,-83.7147,39.4132, 645.9, 3497,-17.8,-44.7,-41.0,  8,  9, 0.11,287,26.8
2026-01-28 11:12:21,-83.7144,39.4131, 645.5, 3502,-17.8,-44.8,-41.0,  7,  9, 0.11,287,26.9
2026-01-28 11:12:22,-83.7141,39.4130, 645.0, 3507,-17.7,-44.8,-41.1,  7,  9, 0.11,287,27.0
2026-01-28 11:12:23,-83.7138,39.4129, 644.5, 3513,-17.7,-44.8,-41.1,  7,  9, 0.11,288,27.1
2026-01-28 11:12:24,-83.7134,39.4128, 644.1, 3519,-17.7,-44.9,-41.1,  7,  9, 0.11,288,27.2
2026-01-28 11:12:25,-83.7131,39.4127, 643.6, 3525,-17.7,-44.9,-41.2,  7,  9, 0.11,288,27.2
2026-01-28 11:12:26,-83.7128,39.4126, 643.2, 3531,-17.7,-44.9,-41.2,  7,  9, 0.11,288,27.3
2026-01-28 11:12:27,-83.7125,39.4125, 642.7, 3536,-17.7,-44.7,-41.0,  8,  9, 0.11,288,27.4
2026-01-28 11:12:28,-83.7122,39.4124, 642.2, 3541,-17.8,-44.2,-40.5,  8, 10, 0.12,289,27.5
2026-01-28 11:12:29,-83.7119,39.4123, 641.8, 3546,-17.8,-43.6,-40.0,  8, 10, 0.13,289,27.6
2026-01-28 11:12:30,-83.7116,39.4122, 641.3, 3551,-17.8,-43.2,-39.5,  9, 11, 0.13,289,27.7
2026-01-28 11:12:31,-83.7113,39.4121, 640.9, 3556,-17.8,-42.7,-39.1,  9, 11, 0.14,289,27.8
2026-01-28 11:12:32,-83.7109,39.4120, 640.5, 3561,-17.8,-42.2,-38.6, 10, 12, 0.15,289,27.9
2026-01-28 11:12:33,-83.7106,39.4119, 640.1, 3566,-17.8,-41.8,-38.2, 10, 12, 0.15,290,28.0
2026-01-28 11:12:34,-83.7103,39.4118, 639.7, 3571,-17.8,-41.4,-37.9, 11, 13, 0.16,290,28.1
2026-01-28 11:12:35,-83.7100,39.4117, 639.3, 3575,-17.8,-41.0,-37.5, 11, 13, 0.17,290,28.2
2026-01-28 11:12:36,-83.7097,39.4116, 638.9, 3580,-17.8,-40.7,-37.2, 12, 14, 0.17,290,28.2
2026-01-28 11:12:37,-83.7094,39.4115, 638.4, 3584,-17.8,-40.3,-36.8, 12, 14, 0.18,290,28.3
2026-01-28 11:12:38,-83.7091,39.4114, 637.9, 3589,-17.8,-40.0,-36.5, 13, 15, 0.19,290,28.4
2026-01-28 11:12:39,-83.7087,39.4113, 637.5, 3595,-17.8,-39.6,-36.2, 13, 16, 0.19,291,28.5
2026-01-28 11:12:40,-83.7084,39.4113, 637.0, 3601,-17.9,-39.3,-35.9, 13, 16, 0.20,291,28.6
2026-01-28 11:12:41,-83.7081,39.4112, 636.6, 3606,-17.9,-39.1,-35.6, 14, 17, 0.20,291,28.7
2026-01-28 11:12:42,-83.7078,39.4111, 636.1, 3612,-17.9,-38.8,-35.4, 14, 17, 0.21,291,28.7
2026-01-28 11:12:43,-83.7075,39.4110, 635.6, 3618,-17.9,-38.5,-35.1, 15, 18, 0.22,291,28.8
2026-01-28 11:12:44,-83.7072,39.4109, 635.1, 3624,-18.0,-38.3,-34.9, 15, 18, 0.22,292,28.9
2026-01-28 11:12:45,-83.7069,39.4108, 634.7, 3629,-18.0,-38.0,-34.7, 16, 19, 0.23,292,29.0
2026-01-28 11:12:46,-83.7066,39.4107, 634.2, 3635,-18.0,-37.8,-34.4, 16, 19, 0.23,292,29.1
2026-01-28 11:12:47,-83.7062,39.4106, 633.7, 3640,-18.0,-37.6,-34.2, 16, 20, 0.24,292,29.2
2026-01-28 11:12:48,-83.7059,39.4105, 633.2, 3646,-18.1,-37.3,-34.0, 17, 20, 0.24,292,29.2
2026-01-28 11:12:49,-83.7056,39.4104, 632.7, 3652,-18.1,-37.1,-33.8, 17, 21, 0.25,293,29.3
2026-01-28 11:12:50,-83.7053,39.4103, 632.2, 3657,-18.1,-36.9,-33.6, 18, 21, 0.26,293,29.4
2026-01-28 11:12:51,-83.7050,39.4102, 631.7, 3663,-18.2,-36.7,-33.4, 18, 22, 0.26,293,29.5
2026-01-28 11:12:52,-83.7046,39.4100, 631.3, 3669,-18.2,-36.5,-33.2, 18, 22, 0.27,293,29.6
2026-01-28 11:12:53,-83.7043,39.4099, 630.8, 3675,-18.2,-36.3,-33.0, 19, 23, 0.27,293,29.7
2026-01-28 11:12:54,-83.7040,39.4098, 630.3, 3681,-18.2,-36.2,-32.9, 19, 23, 0.28,294,29.7
2026-01-28 11:12:55,-83.7037,39.4097, 629.8, 3687,-18.3,-36.0,-32.8, 19, 23, 0.28,294,29.8
2026-01-28 11:12:56,-83.7033,39.4096, 629.3, 3693,-18.3,-35.9,-32.7, 20, 24, 0.28,294,29.9
2026-01-28 11:12:57,-83.7030,39.4095, 628.8, 3699,-18.4,-35.8,-32.6, 20, 24, 0.29,294,29.9
2026-01-28 11:12:58,-83.7027,39.4094, 628.3, 3705,-18.4,-35.7,-32.5, 20, 24, 0.29,294,30.0
2026-01-28 11:12:59,-83.7023,39.4092, 627.8, 3710,-18.4,-35.6,-32.4, 21, 25, 0.29,294,30.0
2026-01-28 11:13:00,-83.7020,39.4091, 627.3, 3716,-18.5,-35.5,-32.3, 21, 25, 0.30,294,30.1
2026-01-28 11:13:01,-83.7017,39.4090, 626.9, 3722,-18.5,-35.4,-32.2, 21, 25, 0.30,294,30.1
2026-01-28 11:13:02,-83.7014,39.4089, 626.4, 3727,-18.5,-35.3,-32.1, 21, 26, 0.30,294,30.1
2026-01-28 11:13:03,-83.7010,39.4088, 626.0, 3732,-18.6,-35.2,-32.0, 22, 26, 0.31,294,30.2
2026-01-28 11:13:04,-83.7007,39.4087, 625.6, 3737,-18.6,-35.1,-31.9, 22, 26, 0.31,294,30.2
2026-01-28 11:13:05,-83.7004,39.4086, 625.2, 3742,-18.6,-35.0,-31.8, 22, 27, 0.31,294,30.3
2026-01-28 11:13:06,-83.7000,39.4085, 624.7, 3747,-18.7,-34.9,-31.7, 23, 27, 0.32,294,30.3
2026-01-28 11:13:07,-83.6997,39.4083, 624.3, 3751,-18.7,-34.8,-31.6, 23, 27, 0.32,294,30.4
2026-01-28 11:13:08,-83.6994,39.4082, 623.9, 3756,-18.7,-34.8,-31.6, 23, 27, 0.32,294,30.4
2026-01-28 11:13:09,-83.6991,39.4081, 623.5, 3761,-18.7,-34.8,-31.6, 23, 28, 0.32,294,30.4
2026-01-28 11:13:10,-83.6987,39.4080, 623.2, 3765,-18.8,-34.8,-31.6, 23, 28, 0.32,294,30.5
2026-01-28 11:13:11,-83.6984,39.4079, 622.8, 3770,-18.8,-34.8,-31.6, 23, 28, 0.32,294,30.5
2026-01-28 11:13:12,-83.6981,39.4078, 622.4, 3775,-18.8,-34.8,-31.6, 23, 28, 0.32,294,30.6
2026-01-28 11:13:13,-83.6977,39.4077, 621.9, 3781,-18.8,-34.8,-31.6, 23, 28, 0.32,294,30.6
2026-01-28 11:13:14,-83.6974,39.4075, 621.4, 3787,-18.9,-34.8,-31.6, 23, 28, 0.32,295,30.7
2026-01-28 11:13:15,-83.6971,39.4074, 620.9, 3794,-18.9,-34.7,-31.6, 23, 28, 0.32,295,30.7
2026-01-28 11:13:16,-83.6968,39.4073, 620.3, 3800,-18.9,-34.7,-31.6, 23, 28, 0.32,294,30.9
2026-01-28 11:13:17,-83.6964,39.4072, 619.8, 3806,-18.9,-34.7,-31.6, 23, 28, 0.32,294,31.0
2026-01-28 11:13:18,-83.6961,39.4071, 619.3, 3811,-18.9,-34.7,-31.5, 24, 28, 0.33,294,31.2
2026-01-28 11:13:19,-83.6958,39.4070, 618.9, 3816,-19.0,-34.7,-31.5, 24, 28, 0.33,294,31.4
2026-01-28 11:13:20,-83.6954,39.4069, 618.5, 3822,-19.0,-34.7,-31.5, 24, 29, 0.33,293,31.6
2026-01-28 11:13:21,-83.6950,39.4068, 618.0, 3827,-19.0,-34.7,-31.5, 24, 29, 0.33,293,31.7
2026-01-28 11:13:22,-83.6947,39.4067, 617.6, 3832,-19.0,-34.7,-31.5, 24, 29, 0.33,293,31.9
2026-01-28 11:13:23,-83.6943,39.4066, 617.2, 3837,-19.0,-34.7,-31.5, 24, 29, 0.33,293,32.1
2026-01-28 11:13:24,-83.6939,39.4065, 616.7, 3842,-19.0,-34.7,-31.5, 24, 29, 0.33,293,32.2
2026-01-28 11:13:25,-83.6935,39.4064, 616.3, 3848,-19.0,-34.7,-31.5, 24, 29, 0.33,292,32.4
2026-01-28 11:13:26,-83.6931,39.4063, 615.9, 3853,-19.0,-34.7,-31.5, 24, 29, 0.33,292,32.6
2026-01-28 11:13:27,-83.6927,39.4062, 615.5, 3858,-19.0,-34.7,-31.5, 24, 29, 0.33,292,32.8
2026-01-28 11:13:28,-83.6923,39.4060, 615.0, 3863,-19.0,-34.7,-31.5, 24, 29, 0.33,292,32.9
2026-01-28 11:13:29,-83.6919,39.4059, 614.6, 3868,-19.0,-34.7,-31.5, 24, 29, 0.33,292,33.1
2026-01-28 11:13:30,-83.6915,39.4058, 614.2, 3873,-19.0,-34.7,-31.5, 24, 29, 0.33,291,33.3
2026-01-28 11:13:31,-83.6911,39.4057, 613.8, 3878,-19.0,-34.7,-31.5, 24, 29, 0.33,291,33.5
2026-01-28 11:13:32,-83.6908,39.4056, 613.4, 3883,-19.0,-34.7,-31.5, 24, 29, 0.33,291,33.6
2026-01-28 11:13:33,-83.6904,39.4055, 613.0, 3888,-19.0,-34.7,-31.5, 24, 29, 0.33,291,33.8
2026-01-28 11:13:34,-83.6900,39.4054, 612.6, 3893,-19.0,-34.7,-31.6, 24, 29, 0.33,291,34.0
2026-01-28 11:13:35,-83.6896,39.4053, 612.2, 3898,-19.1,-34.7,-31.5, 24, 29, 0.33,291,34.2
2026-01-28 11:13:36,-83.6892,39.4052, 611.8, 3902,-19.1,-34.7,-31.5, 24, 29, 0.33,290,34.3
2026-01-28 11:13:37,-83.6888,39.4051, 611.4, 3907,-19.1,-34.7,-31.5, 24, 29, 0.33,290,34.4
2026-01-28 11:13:38,-83.6884,39.4050, 611.0, 3912,-19.1,-34.7,-31.5, 24, 29, 0.33,290,34.5
2026-01-28 11:13:39,-83.6880,39.4049, 610.6, 3916,-19.1,-34.7,-31.5, 24, 29, 0.33,290,34.5
2026-01-28 11:13:40,-83.6876,39.4048, 610.2, 3921,-19.1,-34.7,-31.5, 24, 29, 0.33,290,34.6
2026-01-28 11:13:41,-83.6872,39.4047, 609.7, 3927,-19.2,-34.7,-31.5, 24, 29, 0.33,289,34.7
2026-01-28 11:13:42,-83.6869,39.4046, 609.3, 3932,-19.2,-34.7,-31.5, 24, 29, 0.33,289,34.8
2026-01-28 11:13:43,-83.6865,39.4045, 608.9, 3938,-19.2,-34.6,-31.5, 24, 29, 0.33,289,34.9
2026-01-28 11:13:44,-83.6861,39.4044, 608.4, 3944,-19.2,-34.6,-31.5, 24, 29, 0.33,289,35.0
2026-01-28 11:13:45,-83.6857,39.4043, 607.9, 3949,-19.2,-34.6,-31.5, 24, 29, 0.33,289,35.1
2026-01-28 11:13:46,-83.6852,39.4042, 607.4, 3955,-19.2,-34.6,-31.4, 24, 29, 0.33,289,35.2
2026-01-28 11:13:47,-83.6849,39.4041, 606.9, 3962,-19.3,-34.6,-31.4, 24, 29, 0.34,288,35.3
2026-01-28 11:13:48,-83.6845,39.4040, 606.5, 3967,-19.3,-34.6,-31.5, 24, 29, 0.33,288,35.4
2026-01-28 11:13:49,-83.6841,39.4039, 606.0, 3974,-19.3,-34.7,-31.5, 24, 29, 0.33,288,35.5
2026-01-28 11:13:50,-83.6837,39.4038, 605.5, 3980,-19.3,-34.7,-31.5, 24, 29, 0.33,288,35.6
2026-01-28 11:13:51,-83.6833,39.4037, 605.1, 3986,-19.3,-34.8,-31.6, 24, 29, 0.33,288,35.7
2026-01-28 11:13:52,-83.6830,39.4036, 604.6, 3991,-19.4,-34.8,-31.6, 24, 29, 0.33,288,35.8
2026-01-28 11:13:53,-83.6826,39.4036, 604.1, 3996,-19.4,-34.8,-31.6, 24, 29, 0.33,287,35.9
2026-01-28 11:13:54,-83.6822,39.4035, 603.7, 4002,-19.4,-34.9,-31.7, 24, 29, 0.33,287,36.0
2026-01-28 11:13:55,-83.6818,39.4034, 603.2, 4007,-19.4,-34.9,-31.7, 24, 29, 0.33,287,36.1
2026-01-28 11:13:56,-83.6814,39.4033, 602.8, 4012,-19.5,-34.9,-31.7, 24, 29, 0.33,287,36.0
2026-01-28 11:13:57,-83.6810,39.4032, 602.3, 4018,-19.5,-35.0,-31.8, 24, 29, 0.33,287,35.9
2026-01-28 11:13:58,-83.6806,39.4032, 601.9, 4023,-19.5,-35.0,-31.8, 24, 29, 0.33,287,35.9
2026-01-28 11:13:59,-83.6803,39.4031, 601.4, 4029,-19.5,-35.0,-31.8, 24, 29, 0.32,287,35.8
2026-01-28 11:14:00,-83.6799,39.4030, 601.0, 4035,-19.6,-35.1,-31.9, 24, 29, 0.32,287,35.7
2026-01-28 11:14:01,-83.6795,39.4029, 600.5, 4041,-19.6,-35.1,-31.9, 24, 29, 0.32,286,35.6
2026-01-28 11:14:02,-83.6791,39.4028, 600.1, 4047,-19.6,-35.2,-32.0, 24, 29, 0.32,286,35.5
2026-01-28 11:14:03,-83.6787,39.4027, 599.6, 4052,-19.7,-35.3,-32.1, 24, 29, 0.32,286,35.4
2026-01-28 11:14:04,-83.6783,39.4027, 599.1, 4058,-19.7,-35.4,-32.2, 23, 28, 0.31,286,35.3
2026-01-28 11:14:05,-83.6779,39.4026, 598.7, 4064,-19.8,-35.5,-32.3, 23, 28, 0.31,286,35.3
2026-01-28 11:14:06,-83.6776,39.4025, 598.2, 4069,-19.8,-35.6,-32.4, 23, 28, 0.31,286,35.2
2026-01-28 11:14:07,-83.6772,39.4024, 597.7, 4075,-19.8,-35.7,-32.5, 23, 28, 0.31,286,35.1
2026-01-28 11:14:08,-83.6768,39.4023, 597.3, 4081,-19.9,-35.8,-32.5, 23, 28, 0.30,286,35.0
2026-01-28 11:14:09,-83.6764,39.4023, 596.8, 4087,-19.9,-35.9,-32.6, 23, 28, 0.30,286,34.9
2026-01-28 11:14:10,-83.6760,39.4022, 596.3, 4093,-19.9,-36.0,-32.7, 23, 27, 0.30,286,34.8
2026-01-28 11:14:11,-83.6756,39.4021, 595.8, 4099,-20.0,-36.1,-32.8, 22, 27, 0.30,285,34.7
2026-01-28 11:14:12,-83.6752,39.4020, 595.3, 4105,-20.0,-36.2,-32.9, 22, 27, 0.29,285,34.7
2026-01-28 11:14:13,-83.6748,39.4019, 594.8, 4111,-20.0,-36.3,-33.0, 22, 27, 0.29,285,34.6
2026-01-28 11:14:14,-83.6745,39.4019, 594.3, 4118,-20.1,-36.4,-33.1, 22, 27, 0.29,285,34.5
2026-01-28 11:14:15,-83.6741,39.4018, 593.8, 4124,-20.1,-36.3,-33.0, 22, 27, 0.29,285,34.4
2026-01-28 11:14:16,-83.6737,39.4017, 593.3, 4130,-20.1,-36.2,-33.0, 22, 27, 0.29,285,34.4
2026-01-28 11:14:17,-83.6733,39.4016, 592.8, 4136,-20.2,-36.2,-32.9, 23, 28, 0.29,285,34.4
2026-01-28 11:14:18,-83.6729,39.4015, 592.3, 4143,-20.2,-36.1,-32.8, 23, 28, 0.30,285,34.4
2026-01-28 11:14:19,-83.6725,39.4014, 591.8, 4149,-20.2,-36.0,-32.8, 23, 28, 0.30,285,34.4
2026-01-28 11:14:20,-83.6721,39.4014, 591.4, 4155,-20.3,-36.0,-32.7, 23, 28, 0.30,285,34.4
2026-01-28 11:14:21,-83.6718,39.4013, 590.9, 4160,-20.3,-35.9,-32.7, 23, 29, 0.30,285,34.4
2026-01-28 11:14:22,-83.6714,39.4012, 590.5, 4166,-20.3,-35.9,-32.6, 24, 29, 0.30,285,34.4
2026-01-28 11:14:23,-83.6710,39.4011, 590.0, 4171,-20.4,-35.8,-32.6, 24, 29, 0.31,285,34.4
2026-01-28 11:14:24,-83.6706,39.4010, 589.6, 4177,-20.4,-35.7,-32.5, 24, 29, 0.31,285,34.4
2026-01-28 11:14:25,-83.6702,39.4010, 589.2, 4182,-20.4,-35.7,-32.5, 24, 30, 0.31,285,34.4
2026-01-28 11:14:26,-83.6698,39.4009, 588.7, 4188,-20.5,-35.6,-32.4, 24, 30, 0.31,285,34.4
2026-01-28 11:14:27,-83.6693,39.4008, 588.3, 4193,-20.5,-35.6,-32.3, 25, 30, 0.31,285,34.4
2026-01-28 11:14:28,-83.6690,39.4007, 587.7, 4200,-20.6,-35.5,-32.3, 25, 31, 0.32,285,34.4
2026-01-28 11:14:29,-83.6686,39.4006, 587.4, 4204,-20.6,-35.5,-32.2, 25, 31, 0.32,285,34.4
2026-01-28 11:14:30,-83.6682,39.4006, 587.0, 4210,-20.6,-35.4,-32.2, 25, 31, 0.32,285,34.4
2026-01-28 11:14:31,-83.6678,39.4005, 586.5, 4215,-20.7,-35.3,-32.1, 26, 32, 0.32,285,34.4
2026-01-28 11:14:32,-83.6674,39.4004, 586.1, 4220,-20.7,-35.3,-32.0, 26, 32, 0.33,285,34.4
2026-01-28 11:14:33,-83.6671,39.4003, 585.7, 4226,-20.8,-35.2,-32.0, 26, 32, 0.33,285,34.4
2026-01-28 11:14:34,-83.6667,39.4003, 585.3, 4231,-20.9,-35.1,-31.9, 27, 33, 0.33,285,34.4
2026-01-28 11:14:35,-83.6663,39.4002, 584.8, 4236,-20.9,-35.1,-31.9, 27, 33, 0.33,285,34.4
2026-01-28 11:14:36,-83.6659,39.4001, 584.4, 4242,-21.0,-35.0,-31.8, 27, 33, 0.33,285,34.4
2026-01-28 11:14:37,-83.6655,39.4000, 583.9, 4248,-21.0,-35.0,-31.8, 27, 34, 0.34,285,34.5
2026-01-28 11:14:38,-83.6651,39.3999, 583.4, 4254,-21.1,-34.9,-31.7, 28, 34, 0.34,285,34.5
2026-01-28 11:14:39,-83.6647,39.3999, 583.0, 4260,-21.1,-34.8,-31.7, 28, 34, 0.34,285,34.5
2026-01-28 11:14:40,-83.6643,39.3998, 582.5, 4266,-21.2,-34.8,-31.6, 28, 35, 0.34,285,34.6
2026-01-28 11:14:41,-83.6639,39.3997, 582.0, 4272,-21.2,-34.7,-31.6, 29, 35, 0.35,285,34.6
2026-01-28 11:14:42,-83.6635,39.3996, 581.5, 4279,-21.3,-34.7,-31.5, 29, 35, 0.35,285,34.6
2026-01-28 11:14:43,-83.6631,39.3995, 581.0, 4285,-21.3,-34.7,-31.5, 29, 36, 0.35,285,34.6
2026-01-28 11:14:44,-83.6628,39.3995, 580.6, 4291,-21.4,-34.6,-31.5, 29, 36, 0.35,285,34.7
2026-01-28 11:14:45,-83.6624,39.3994, 580.1, 4297,-21.4,-34.6,-31.4, 29, 36, 0.35,285,34.7
2026-01-28 11:14:46,-83.6620,39.3993, 579.6, 4303,-21.5,-34.5,-31.4, 30, 37, 0.35,284,34.7
2026-01-28 11:14:47,-83.6616,39.3992, 579.1, 4310,-21.5,-34.5,-31.4, 30, 37, 0.35,284,34.8
2026-01-28 11:14:48,-83.6612,39.3991, 578.6, 4315,-21.6,-34.5,-31.3, 30, 37, 0.36,284,34.8
2026-01-28 11:14:49,-83.6608,39.3991, 578.2, 4320,-21.6,-34.4,-31.3, 30, 38, 0.36,284,34.8
2026-01-28 11:14:50,-83.6604,39.3990, 577.8, 4326,-21.7,-34.4,-31.3, 31, 38, 0.36,284,34.8
2026-01-28 11:14:51,-83.6600,39.3989, 577.3, 4331,-21.7,-34.4,-31.2, 31, 38, 0.36,284,34.9
2026-01-28 11:14:52,-83.6596,39.3988, 576.9, 4336,-21.8,-34.3,-31.2, 31, 39, 0.36,284,34.9
2026-01-28 11:14:53,-83.6591,39.3987, 576.4, 4342,-21.8,-34.3,-31.2, 31, 39, 0.36,284,34.9
2026-01-28 11:14:54,-83.6589,39.3987, 575.8, 4351,-21.9,-34.3,-31.1, 32, 39, 0.37,284,35.0
2026-01-28 11:14:55,-83.6585,39.3986, 575.5, 4355,-21.9,-34.3,-31.2, 32, 39, 0.36,284,35.0
2026-01-28 11:14:56,-83.6581,39.3986, 575.0, 4362,-22.0,-34.4,-31.3, 32, 39, 0.36,284,35.0
2026-01-28 11:14:57,-83.6577,39.3985, 574.5, 4369,-22.0,-34.5,-31.3, 31, 39, 0.36,284,34.9
2026-01-28 11:14:58,-83.6573,39.3984, 574.1, 4375,-22.1,-34.6,-31.4, 31, 39, 0.36,284,34.9
2026-01-28 11:14:59,-83.6569,39.3984, 573.6, 4381,-22.1,-34.7,-31.5, 31, 39, 0.35,284,34.8
2026-01-28 11:15:00,-83.6565,39.3983, 573.1, 4386,-22.2,-34.8,-31.6, 31, 39, 0.35,284,34.8
2026-01-28 11:15:01,-83.6562,39.3982, 572.7, 4391,-22.2,-34.8,-31.7, 31, 38, 0.35,284,34.8
2026-01-28 11:15:02,-83.6558,39.3981, 572.3, 4396,-22.3,-34.9,-31.7, 31, 38, 0.34,284,34.7
2026-01-28 11:15:03,-83.6554,39.3981, 571.9, 4402,-22.3,-35.0,-31.8, 31, 38, 0.34,284,34.7
2026-01-28 11:15:04,-83.6550,39.3980, 571.5, 4407,-22.4,-35.1,-31.9, 31, 38, 0.34,284,34.6
2026-01-28 11:15:05,-83.6546,39.3979, 571.1, 4412,-22.4,-35.2,-32.0, 30, 38, 0.34,284,34.6
2026-01-28 11:15:06,-83.6542,39.3979, 570.6, 4417,-22.5,-35.3,-32.1, 30, 38, 0.33,284,34.6
2026-01-28 11:15:07,-83.6539,39.3978, 570.2, 4423,-22.5,-35.4,-32.1, 30, 38, 0.33,284,34.5
2026-01-28 11:15:08,-83.6535,39.3977, 569.9, 4427,-22.6,-35.4,-32.2, 30, 37, 0.33,284,34.5
2026-01-28 11:15:09,-83.6531,39.3976, 569.4, 4433,-22.6,-35.4,-32.2, 30, 38, 0.33,283,34.4
2026-01-28 11:15:10,-83.6527,39.3976, 569.0, 4438,-22.7,-35.5,-32.2, 30, 38, 0.33,283,34.4
2026-01-28 11:15:11,-83.6523,39.3975, 568.6, 4444,-22.7,-35.5,-32.3, 30, 38, 0.33,283,34.4
2026-01-28 11:15:12,-83.6519,39.3974, 568.1, 4450,-22.8,-35.5,-32.3, 30, 38, 0.33,283,34.3
2026-01-28 11:15:13,-83.6515,39.3974, 567.7, 4456,-22.8,-35.5,-32.3, 30, 38, 0.33,283,34.3
2026-01-28 11:15:14,-83.6511,39.3973, 567.3, 4461,-22.8,-35.5,-32.3, 30, 38, 0.33,283,34.3
2026-01-28 11:15:15,-83.6508,39.3972, 566.8, 4467,-22.9,-35.5,-32.3, 31, 38, 0.33,283,34.2
2026-01-28 11:15:16,-83.6504,39.3972, 566.4, 4473,-22.9,-35.5,-32.3, 31, 38, 0.33,283,34.2
2026-01-28 11:15:17,-83.6500,39.3971, 565.9, 4478,-23.0,-35.6,-32.3, 31, 38, 0.33,283,34.2
2026-01-28 11:15:18,-83.6496,39.3970, 565.5, 4484,-23.0,-35.6,-32.4, 31, 39, 0.33,283,34.2
2026-01-28 11:15:19,-83.6492,39.3969, 565.1, 4489,-23.1,-35.6,-32.4, 31, 39, 0.33,283,34.2
2026-01-28 11:15:20,-83.6488,39.3969, 564.7, 4495,-23.1,-35.6,-32.4, 31, 39, 0.33,283,34.2
2026-01-28 11:15:21,-83.6484,39.3968, 564.3, 4500,-23.2,-35.6,-32.4, 31, 39, 0.33,283,34.2
2026-01-28 11:15:22,-83.6480,39.3967, 563.9, 4505,-23.2,-35.5,-32.3, 31, 39, 0.33,283,34.2
2026-01-28 11:15:23,-83.6476,39.3967, 563.5, 4510,-23.2,-35.4,-32.2, 32, 40, 0.33,283,34.2
2026-01-28 11:15:24,-83.6472,39.3966, 563.1, 4515,-23.3,-35.3,-32.1, 32, 41, 0.34,283,34.2
2026-01-28 11:15:25,-83.6469,39.3966, 562.7, 4520,-23.3,-35.2,-32.0, 33, 41, 0.34,283,34.2
2026-01-28 11:15:26,-83.6465,39.3965, 562.3, 4525,-23.4,-35.1,-31.9, 33, 42, 0.35,283,34.2
2026-01-28 11:15:27,-83.6461,39.3964, 561.9, 4530,-23.4,-35.0,-31.8, 34, 43, 0.35,283,34.2
2026-01-28 11:15:28,-83.6457,39.3964, 561.5, 4535,-23.5,-34.9,-31.7, 34, 43, 0.35,283,34.2
2026-01-28 11:15:29,-83.6453,39.3963, 561.1, 4541,-23.5,-34.8,-31.6, 35, 44, 0.36,283,34.2
2026-01-28 11:15:30,-83.6449,39.3962, 560.7, 4546,-23.6,-34.7,-31.5, 35, 45, 0.36,283,34.2
2026-01-28 11:15:31,-83.6445,39.3962, 560.3, 4551,-23.6,-34.6,-31.4, 36, 45, 0.36,283,34.2
2026-01-28 11:15:32,-83.6441,39.3961, 559.9, 4557,-23.7,-34.5,-31.3, 36, 46, 0.37,283,34.2
2026-01-28 11:15:33,-83.6437,39.3961, 559.4, 4562,-23.7,-34.4,-31.2, 37, 47, 0.37,283,34.2
2026-01-28 11:15:34,-83.6433,39.3960, 559.0, 4568,-23.8,-34.3,-31.1, 37, 47, 0.38,283,34.2
2026-01-28 11:15:35,-83.6429,39.3959, 558.6, 4573,-23.8,-34.2,-31.1, 38, 48, 0.38,283,34.2
2026-01-28 11:15:36,-83.6425,39.3959, 558.2, 4579,-23.8,-34.2,-31.0, 38, 48, 0.38,283,34.2
2026-01-28 11:15:37,-83.6421,39.3958, 557.8, 4585,-23.9,-34.1,-31.0, 38, 49, 0.38,282,34.3
2026-01-28 11:15:38,-83.6417,39.3957, 557.3, 4590,-23.9,-34.1,-31.0, 39, 49, 0.38,282,34.3
2026-01-28 11:15:39,-83.6413,39.3957, 556.9, 4596,-24.0,-34.1,-30.9, 39, 49, 0.39,282,34.4
2026-01-28 11:15:40,-83.6409,39.3956, 556.5, 4601,-24.0,-34.0,-30.9, 39, 50, 0.39,282,34.4
2026-01-28 11:15:41,-83.6405,39.3955, 556.1, 4607,-24.1,-34.0,-30.9, 39, 50, 0.39,282,34.5
2026-01-28 11:15:42,-83.6401,39.3955, 555.7, 4612,-24.1,-34.0,-30.8, 40, 50, 0.39,282,34.5
2026-01-28 11:15:43,-83.6398,39.3954, 555.2, 4618,-24.2,-33.9,-30.8, 40, 51, 0.39,282,34.6
2026-01-28 11:15:44,-83.6394,39.3954, 554.8, 4624,-24.2,-33.9,-30.8, 40, 51, 0.39,282,34.6
2026-01-28 11:15:45,-83.6390,39.3953, 554.3, 4630,-24.2,-33.9,-30.7, 41, 52, 0.39,282,34.7
2026-01-28 11:15:46,-83.6386,39.3952, 553.9, 4636,-24.3,-33.8,-30.7, 41, 52, 0.40,282,34.7
2026-01-28 11:15:47,-83.6381,39.3952, 553.4, 4642,-24.3,-33.8,-30.7, 41, 52, 0.40,281,34.8
2026-01-28 11:15:48,-83.6378,39.3951, 552.9, 4648,-24.4,-33.7,-30.6, 42, 53, 0.40,281,34.8
2026-01-28 11:15:49,-83.6374,39.3950, 552.5, 4654,-24.4,-33.8,-30.7, 41, 53, 0.40,281,34.9
2026-01-28 11:15:50,-83.6370,39.3950, 551.9, 4661,-24.4,-33.8,-30.7, 41, 53, 0.40,281,34.9
2026-01-28 11:15:51,-83.6366,39.3949, 551.4, 4667,-24.4,-33.9,-30.8, 41, 52, 0.40,281,35.0
2026-01-28 11:15:52,-83.6361,39.3949, 550.9, 4674,-24.5,-33.9,-30.8, 41, 52, 0.39,281,35.0
2026-01-28 11:15:53,-83.6357,39.3948, 550.4, 4681,-24.5,-34.0,-30.9, 41, 52, 0.39,281,35.1
2026-01-28 11:15:54,-83.6353,39.3948, 549.9, 4688,-24.5,-34.0,-30.9, 41, 52, 0.39,281,35.1
2026-01-28 11:15:55,-83.6349,39.3947, 549.5, 4694,-24.5,-34.1,-31.0, 41, 52, 0.39,281,35.2
2026-01-28 11:15:56,-83.6345,39.3947, 549.0, 4699,-24.6,-34.1,-31.0, 41, 52, 0.39,281,35.3
2026-01-28 11:15:57,-83.6341,39.3946, 548.6, 4705,-24.6,-34.2,-31.0, 41, 52, 0.39,280,35.4
2026-01-28 11:15:58,-83.6336,39.3946, 548.1, 4711,-24.6,-34.2,-31.1, 41, 52, 0.39,280,35.5
2026-01-28 11:15:59,-83.6332,39.3945, 547.7, 4717,-24.6,-34.3,-31.1, 40, 52, 0.38,280,35.5
2026-01-28 11:16:00,-83.6328,39.3945, 547.2, 4723,-24.7,-34.3,-31.2, 40, 51, 0.38,280,35.6
2026-01-28 11:16:01,-83.6324,39.3944, 546.8, 4729,-24.7,-34.4,-31.2, 40, 51, 0.38,280,35.7
2026-01-28 11:16:02,-83.6320,39.3944, 546.3, 4735,-24.7,-34.5,-31.3, 40, 51, 0.38,280,35.8
2026-01-28 11:16:03,-83.6315,39.3943, 545.9, 4741,-24.8,-34.5,-31.4, 40, 51, 0.38,280,35.9
2026-01-28 11:16:04,-83.6311,39.3943, 545.4, 4747,-24.8,-34.6,-31.4, 40, 51, 0.37,280,36.0
2026-01-28 11:16:05,-83.6307,39.3942, 545.0, 4753,-24.8,-34.7,-31.5, 40, 51, 0.37,279,36.1
2026-01-28 11:16:06,-83.6303,39.3942, 544.5, 4759,-24.9,-34.7,-31.6, 40, 50, 0.37,279,36.2
2026-01-28 11:16:07,-83.6299,39.3941, 544.1, 4765,-24.9,-34.8,-31.6, 39, 50, 0.37,279,36.3
2026-01-28 11:16:08,-83.6294,39.3941, 543.7, 4771,-24.9,-34.9,-31.7, 39, 50, 0.37,279,36.4
2026-01-28 11:16:09,-83.6290,39.3940, 543.2, 4777,-25.0,-34.9,-31.7, 39, 50, 0.36,279,36.5
2026-01-28 11:16:10,-83.6286,39.3940, 542.8, 4783,-25.0,-35.0,-31.8, 39, 50, 0.36,279,36.6
2026-01-28 11:16:11,-83.6282,39.3939, 542.3, 4789,-25.0,-35.1,-31.9, 39, 50, 0.36,279,36.6
2026-01-28 11:16:12,-83.6278,39.3939, 541.9, 4794,-25.1,-35.1,-31.9, 39, 49, 0.36,279,36.7
2026-01-28 11:16:13,-83.6273,39.3938, 541.5, 4800,-25.1,-35.2,-32.0, 39, 49, 0.35,279,36.8
2026-01-28 11:16:14,-83.6269,39.3938, 541.0, 4805,-25.1,-35.3,-32.1, 38, 49, 0.35,278,36.9
2026-01-28 11:16:15,-83.6265,39.3937, 540.6, 4811,-25.2,-35.3,-32.1, 38, 49, 0.35,278,37.0
2026-01-28 11:16:16,-83.6261,39.3937, 540.1, 4816,-25.2,-35.4,-32.2, 38, 49, 0.35,278,37.0
2026-01-28 11:16:17,-83.6257,39.3936, 539.7, 4823,-25.3,-35.4,-32.2, 38, 49, 0.35,278,36.9
2026-01-28 11:16:18,-83.6252,39.3936, 539.2, 4830,-25.3,-35.5,-32.3, 38, 49, 0.35,278,36.9
2026-01-28 11:16:19,-83.6248,39.3935, 538.7, 4838,-25.4,-35.5,-32.3, 38, 49, 0.34,278,36.9
2026-01-28 11:16:20,-83.6244,39.3935, 538.2, 4845,-25.4,-35.6,-32.3, 38, 49, 0.34,279,36.8
2026-01-28 11:16:21,-83.6240,39.3934, 537.7, 4853,-25.5,-35.6,-32.4, 38, 49, 0.34,279,36.8
2026-01-28 11:16:22,-83.6236,39.3934, 537.2, 4860,-25.5,-35.7,-32.4, 38, 49, 0.34,279,36.8
2026-01-28 11:16:23,-83.6231,39.3933, 536.7, 4866,-25.6,-35.7,-32.5, 38, 49, 0.34,279,36.7
2026-01-28 11:16:24,-83.6227,39.3933, 536.2, 4871,-25.6,-35.7,-32.5, 38, 49, 0.34,279,36.7
2026-01-28 11:16:25,-83.6223,39.3932, 535.8, 4877,-25.7,-35.8,-32.5, 38, 49, 0.34,279,36.6
2026-01-28 11:16:26,-83.6219,39.3932, 535.4, 4882,-25.7,-35.8,-32.6, 38, 49, 0.34,279,36.6
2026-01-28 11:16:27,-83.6213,39.3931, 535.0, 4888,-25.7,-35.9,-32.6, 38, 49, 0.34,279,36.6
2026-01-28 11:16:28,-83.6211,39.3931, 534.4, 4895,-25.8,-35.9,-32.7, 38, 49, 0.33,279,36.5
2026-01-28 11:16:29,-83.6206,39.3930, 534.2, 4898,-25.8,-35.9,-32.7, 38, 49, 0.33,279,36.5
2026-01-28 11:16:30,-83.6202,39.3930, 533.8, 4903,-25.9,-36.0,-32.7, 38, 49, 0.33,279,36.5
2026-01-28 11:16:31,-83.6198,39.3929, 533.4, 4908,-25.9,-36.0,-32.7, 38, 49, 0.33,279,36.4
2026-01-28 11:16:32,-83.6194,39.3929, 533.0, 4914,-26.0,-36.0,-32.8, 38, 50, 0.33,279,36.4
2026-01-28 11:16:33,-83.6190,39.3928, 532.5, 4919,-26.0,-36.0,-32.8, 38, 50, 0.33,279,36.3
2026-01-28 11:16:34,-83.6185,39.3928, 532.1, 4926,-26.1,-36.1,-32.8, 38, 50, 0.33,279,36.3
2026-01-28 11:16:35,-83.6181,39.3927, 531.7, 4932,-26.1,-36.1,-32.8, 39, 50, 0.33,279,36.3
2026-01-28 11:16:36,-83.6177,39.3927, 531.2, 4939,-26.1,-36.1,-32.9, 39, 50, 0.33,279,36.3
2026-01-28 11:16:37,-83.6173,39.3926, 530.8, 4945,-26.2,-36.1,-32.9, 39, 50, 0.33,279,36.3
2026-01-28 11:16:38,-83.6169,39.3926, 530.4, 4951,-26.2,-36.2,-32.9, 39, 50, 0.33,279,36.3
2026-01-28 11:16:39,-83.6165,39.3925, 530.0, 4957,-26.3,-36.2,-32.9, 39, 50, 0.33,279,36.4
2026-01-28 11:16:40,-83.6160,39.3925, 529.6, 4962,-26.3,-36.2,-32.9, 39, 50, 0.33,279,36.4
2026-01-28 11:16:41,-83.6156,39.3924, 529.1, 4968,-26.4,-36.2,-33.0, 39, 50, 0.33,279,36.4
2026-01-28 11:16:42,-83.6152,39.3924, 528.7, 4973,-26.4,-36.3,-33.0, 39, 50, 0.33,279,36.4
2026-01-28 11:16:43,-83.6148,39.3923, 528.3, 4978,-26.4,-36.3,-33.1, 39, 50, 0.32,279,36.4
2026-01-28 11:16:44,-83.6144,39.3923, 527.9, 4983,-26.5,-36.4,-33.1, 39, 50, 0.32,279,36.5
2026-01-28 11:16:45,-83.6140,39.3922, 527.5, 4988,-26.5,-36.5,-33.2, 38, 50, 0.32,279,36.5
2026-01-28 11:16:46,-83.6135,39.3922, 527.1, 4994,-26.5,-36.5,-33.2, 38, 50, 0.32,278,36.5
2026-01-28 11:16:47,-83.6131,39.3921, 526.8, 5000,-26.6,-36.6,-33.3, 38, 50, 0.32,278,36.5
2026-01-28 11:16:48,-83.6127,39.3921, 526.4, 5005,-26.6,-36.7,-33.4, 38, 49, 0.31,278,36.6
2026-01-28 11:16:49,-83.6123,39.3920, 525.9, 5011,-26.6,-36.7,-33.4, 38, 49, 0.31,278,36.6
2026-01-28 11:16:50,-83.6119,39.3920, 525.5, 5016,-26.7,-36.8,-33.5, 38, 49, 0.31,278,36.6
2026-01-28 11:16:51,-83.6114,39.3919, 525.1, 5022,-26.7,-36.9,-33.6, 38, 49, 0.31,278,36.6
2026-01-28 11:16:52,-83.6110,39.3919, 524.7, 5028,-26.7,-37.0,-33.7, 37, 49, 0.31,278,36.7
2026-01-28 11:16:53,-83.6106,39.3918, 524.3, 5034,-26.8,-37.0,-33.7, 37, 48, 0.30,278,36.7
2026-01-28 11:16:54,-83.6102,39.3918, 523.9, 5039,-26.8,-37.1,-33.8, 37, 48, 0.30,278,36.7
2026-01-28 11:16:55,-83.6098,39.3918, 523.5, 5045,-26.8,-37.2,-33.9, 37, 48, 0.30,278,36.7
2026-01-28 11:16:56,-83.6094,39.3917, 523.1, 5051,-26.9,-37.2,-33.9, 37, 48, 0.30,278,36.7
2026-01-28 11:16:57,-83.6089,39.3917, 522.6, 5056,-26.9,-37.3,-34.0, 37, 48, 0.30,278,36.7
2026-01-28 11:16:58,-83.6085,39.3916, 522.2, 5062,-26.9,-37.4,-34.0, 37, 48, 0.30,278,36.7
2026-01-28 11:16:59,-83.6081,39.3916, 521.8, 5067,-27.0,-37.5,-34.1, 36, 47, 0.29,278,36.7
2026-01-28 11:17:00,-83.6077,39.3916, 521.4, 5073,-27.0,-37.5,-34.2, 36, 47, 0.29,278,36.7
2026-01-28 11:17:01,-83.6073,39.3915, 521.0, 5079,-27.0,-37.6,-34.3, 36, 47, 0.29,278,36.7
2026-01-28 11:17:02,-83.6068,39.3915, 520.6, 5084,-27.1,-37.7,-34.3, 36, 47, 0.29,277,36.6
2026-01-28 11:17:03,-83.6064,39.3915, 520.1, 5091,-27.1,-37.7,-34.4, 36, 47, 0.29,277,36.6
2026-01-28 11:17:04,-83.6060,39.3914, 519.7, 5097,-27.2,-37.8,-34.5, 36, 47, 0.28,277,36.6
2026-01-28 11:17:05,-83.6056,39.3914, 519.2, 5103,-27.2,-37.9,-34.5, 36, 46, 0.28,277,36.6
2026-01-28 11:17:06,-83.6052,39.3913, 518.8, 5109,-27.2,-38.0,-34.6, 35, 46, 0.28,277,36.6
2026-01-28 11:17:07,-83.6048,39.3913, 518.5, 5116,-27.3,-38.0,-34.7, 35, 46, 0.28,277,36.6
2026-01-28 11:17:08,-83.6043,39.3913, 518.1, 5120,-27.3,-38.1,-34.7, 35, 46, 0.28,277,36.6
2026-01-28 11:17:09,-83.6039,39.3912, 517.7, 5125,-27.3,-38.2,-34.8, 35, 46, 0.28,277,36.6
2026-01-28 11:17:10,-83.6035,39.3912, 517.4, 5129,-27.4,-38.2,-34.8, 35, 46, 0.27,277,36.6
2026-01-28 11:17:11,-83.6031,39.3911, 517.0, 5134,-27.4,-38.3,-34.9, 35, 46, 0.27,277,36.6
2026-01-28 11:17:12,-83.6027,39.3911, 516.7, 5139,-27.4,-38.3,-34.9, 35, 46, 0.27,277,36.5
2026-01-28 11:17:13,-83.6022,39.3911, 516.3, 5144,-27.5,-38.3,-35.0, 35, 46, 0.27,277,36.5
2026-01-28 11:17:14,-83.6018,39.3910, 515.9, 5150,-27.5,-38.4,-35.0, 35, 46, 0.27,277,36.5
2026-01-28 11:17:15,-83.6014,39.3910, 515.5, 5156,-27.5,-38.4,-35.0, 35, 45, 0.27,277,36.5
2026-01-28 11:17:16,-83.6010,39.3909, 515.0, 5161,-27.6,-38.5,-35.1, 35, 45, 0.27,277,36.5
2026-01-28 11:17:17,-83.6006,39.3909, 514.6, 5167,-27.6,-38.5,-35.1, 35, 45, 0.27,277,36.4
2026-01-28 11:17:18,-83.6001,39.3909, 514.2, 5173,-27.6,-38.6,-35.2, 35, 45, 0.27,277,36.4
2026-01-28 11:17:19,-83.5997,39.3908, 513.8, 5179,-27.7,-38.6,-35.2, 35, 45, 0.26,277,36.3
2026-01-28 11:17:20,-83.5993,39.3908, 513.3, 5185,-27.7,-38.6,-35.2, 34, 45, 0.26,277,36.2
2026-01-28 11:17:21,-83.5988,39.3907, 512.9, 5191,-27.7,-38.7,-35.3, 34, 45, 0.26,277,36.2
2026-01-28 11:17:22,-83.5985,39.3907, 512.4, 5199,-27.8,-38.8,-35.3, 34, 45, 0.26,277,36.1
2026-01-28 11:17:23,-83.5981,39.3907, 512.0, 5203,-27.8,-38.8,-35.3, 34, 45, 0.26,277,36.1
2026-01-28 11:17:24,-83.5977,39.3906, 511.6, 5210,-27.9,-38.8,-35.4, 34, 45, 0.26,277,36.0
2026-01-28 11:17:25,-83.5973,39.3906, 511.1, 5217,-27.9,-38.8,-35.4, 34, 45, 0.26,276,36.0
2026-01-28 11:17:26,-83.5968,39.3906, 510.6, 5223,-27.9,-38.8,-35.4, 35, 45, 0.26,276,35.9
2026-01-28 11:17:27,-83.5964,39.3905, 510.2, 5230,-28.0,-38.9,-35.4, 35, 46, 0.26,276,35.8
2026-01-28 11:17:28,-83.5960,39.3905, 509.7, 5237,-28.0,-38.9,-35.5, 35, 46, 0.26,276,35.8
2026-01-28 11:17:29,-83.5956,39.3905, 509.2, 5244,-28.1,-38.9,-35.5, 35, 46, 0.26,276,35.7
2026-01-28 11:17:30,-83.5952,39.3904, 508.7, 5250,-28.1,-38.9,-35.5, 35, 46, 0.26,276,35.7
2026-01-28 11:17:31,-83.5948,39.3904, 508.3, 5256,-28.1,-38.9,-35.5, 35, 46, 0.26,276,35.6
2026-01-28 11:17:32,-83.5944,39.3903, 507.9, 5262,-28.2,-39.0,-35.5, 35, 46, 0.26,276,35.6
2026-01-28 11:17:33,-83.5940,39.3903, 507.5, 5268,-28.2,-39.0,-35.6, 35, 46, 0.26,276,35.5
2026-01-28 11:17:34,-83.5936,39.3903, 507.0, 5274,-28.2,-39.0,-35.6, 35, 46, 0.26,276,35.5
2026-01-28 11:17:35,-83.5932,39.3902, 506.6, 5280,-28.3,-39.0,-35.6, 35, 46, 0.26,276,35.4
2026-01-28 11:17:36,-83.5927,39.3902, 506.2, 5286,-28.3,-39.1,-35.6, 35, 46, 0.26,276,35.4
2026-01-28 11:17:37,-83.5923,39.3902, 505.8, 5292,-28.4,-39.1,-35.6, 35, 46, 0.26,276,35.4
2026-01-28 11:17:38,-83.5919,39.3901, 505.4, 5298,-28.4,-39.1,-35.6, 35, 47, 0.26,276,35.5
2026-01-28 11:17:39,-83.5915,39.3901, 504.9, 5304,-28.5,-39.1,-35.6, 35, 47, 0.26,276,35.5
2026-01-28 11:17:40,-83.5911,39.3900, 504.5, 5309,-28.5,-39.1,-35.7, 35, 47, 0.26,276,35.5
2026-01-28 11:17:41,-83.5907,39.3900, 504.1, 5315,-28.5,-39.1,-35.7, 36, 47, 0.26,276,35.5
2026-01-28 11:17:42,-83.5903,39.3900, 503.7, 5322,-28.6,-39.1,-35.7, 36, 47, 0.26,276,35.6
2026-01-28 11:17:43,-83.5899,39.3899, 503.3, 5328,-28.6,-39.1,-35.7, 36, 48, 0.26,276,35.6
2026-01-28 11:17:44,-83.5894,39.3899, 502.9, 5334,-28.7,-39.1,-35.7, 36, 48, 0.26,277,35.6
2026-01-28 11:17:45,-83.5890,39.3899, 502.5, 5340,-28.7,-39.1,-35.7, 36, 48, 0.26,277,35.6
2026-01-28 11:17:46,-83.5886,39.3898, 502.1, 5346,-28.8,-39.1,-35.7, 36, 48, 0.26,277,35.6
2026-01-28 11:17:47,-83.5882,39.3898, 501.7, 5351,-28.8,-39.1,-35.7, 36, 48, 0.26,277,35.7
2026-01-28 11:17:48,-83.5878,39.3898, 501.3, 5356,-28.9,-39.1,-35.7, 36, 48, 0.26,277,35.7
2026-01-28 11:17:49,-83.5874,39.3897, 500.9, 5361,-28.9,-39.1,-35.7, 37, 49, 0.26,277,35.7
2026-01-28 11:17:50,-83.5869,39.3897, 500.5, 5366,-28.9,-39.2,-35.7, 37, 49, 0.26,277,35.7
2026-01-28 11:17:51,-83.5866,39.3896, 500.0, 5373,-29.0,-39.2,-35.7, 37, 49, 0.26,277,35.8
2026-01-28 11:17:52,-83.5862,39.3896, 499.7, 5377,-29.0,-39.2,-35.8, 37, 49, 0.26,277,35.8
2026-01-28 11:17:53,-83.5858,39.3896, 499.4, 5383,-29.1,-39.2,-35.8, 37, 49, 0.26,277,35.8
2026-01-28 11:17:54,-83.5853,39.3895, 499.0, 5389,-29.1,-39.2,-35.8, 37, 49, 0.26,277,35.8
2026-01-28 11:17:55,-83.5849,39.3895, 498.6, 5395,-29.1,-39.3,-35.8, 37, 49, 0.26,277,35.9
2026-01-28 11:17:56,-83.5845,39.3895, 498.1, 5400,-29.2,-39.3,-35.8, 37, 49, 0.25,277,35.9
2026-01-28 11:17:57,-83.5841,39.3895, 497.7, 5406,-29.2,-39.3,-35.9, 37, 49, 0.25,277,35.9
2026-01-28 11:17:58,-83.5837,39.3894, 497.3, 5412,-29.3,-39.3,-35.9, 37, 50, 0.25,277,35.9
2026-01-28 11:17:59,-83.5833,39.3894, 496.9, 5418,-29.3,-39.4,-35.9, 37, 50, 0.25,276,35.9
2026-01-28 11:18:00,-83.5829,39.3894, 496.5, 5424,-29.4,-39.4,-35.9, 37, 50, 0.25,276,35.9
2026-01-28 11:18:01,-83.5825,39.3894, 496.1, 5431,-29.4,-39.4,-35.9, 37, 50, 0.25,276,35.9
2026-01-28 11:18:02,-83.5822,39.3893, 495.7, 5437,-29.4,-39.4,-36.0, 37, 50, 0.25,276,35.9
2026-01-28 11:18:03,-83.5816,39.3893, 495.4, 5440,-29.4,-39.4,-36.0, 37, 50, 0.25,276,36.0
2026-01-28 11:18:04,-83.5812,39.3893, 494.8, 5449,-29.5,-39.5,-36.0, 37, 50, 0.25,276,36.0
2026-01-28 11:18:05,-83.5808,39.3892, 494.4, 5455,-29.5,-39.6,-36.1, 37, 50, 0.25,276,36.0
2026-01-28 11:18:06,-83.5804,39.3892, 494.0, 5461,-29.5,-39.6,-36.2, 37, 49, 0.25,276,36.0
2026-01-28 11:18:07,-83.5800,39.3892, 493.6, 5466,-29.5,-39.7,-36.2, 37, 49, 0.25,276,36.0
2026-01-28 11:18:08,-83.5796,39.3892, 493.2, 5472,-29.6,-39.7,-36.3, 37, 49, 0.25,275,36.0
2026-01-28 11:18:09,-83.5791,39.3891, 492.9, 5478,-29.6,-39.8,-36.3, 36, 49, 0.24,275,36.0
2026-01-28 11:18:10,-83.5787,39.3891, 492.5, 5483,-29.6,-39.9,-36.4, 36, 49, 0.24,275,36.1
2026-01-28 11:18:11,-83.5783,39.3891, 492.1, 5488,-29.6,-39.9,-36.4, 36, 48, 0.24,275,36.1
2026-01-28 11:18:12,-83.5779,39.3891, 491.8, 5493,-29.7,-40.0,-36.5, 36, 48, 0.24,275,36.1
2026-01-28 11:18:13,-83.5775,39.3890, 491.4, 5498,-29.7,-40.0,-36.5, 36, 48, 0.24,275,36.1
2026-01-28 11:18:14,-83.5771,39.3890, 491.1, 5503,-29.7,-40.1,-36.6, 36, 48, 0.24,275,36.1
2026-01-28 11:18:15,-83.5767,39.3890, 490.7, 5508,-29.7,-40.1,-36.7, 36, 48, 0.24,275,36.1
2026-01-28 11:18:16,-83.5763,39.3889, 490.4, 5512,-29.7,-40.2,-36.7, 35, 47, 0.24,275,36.1
2026-01-28 11:18:17,-83.5758,39.3889, 490.1, 5517,-29.7,-40.3,-36.8, 35, 47, 0.23,275,36.0
2026-01-28 11:18:18,-83.5754,39.3889, 489.7, 5522,-29.7,-40.4,-36.9, 35, 47, 0.23,275,36.0
2026-01-28 11:18:19,-83.5750,39.3889, 489.4, 5527,-29.7,-40.5,-36.9, 35, 46, 0.23,275,35.9
2026-01-28 11:18:20,-83.5746,39.3888, 489.0, 5532,-29.7,-40.5,-37.0, 34, 46, 0.23,275,35.8
2026-01-28 11:18:21,-83.5742,39.3888, 488.6, 5537,-29.7,-40.6,-37.1, 34, 45, 0.23,275,35.8
2026-01-28 11:18:22,-83.5738,39.3888, 488.2, 5543,-29.7,-40.7,-37.2, 34, 45, 0.22,275,35.7
2026-01-28 11:18:23,-83.5734,39.3888, 487.8, 5549,-29.7,-40.8,-37.3, 33, 45, 0.22,275,35.7
2026-01-28 11:18:24,-83.5730,39.3887, 487.5, 5555,-29.8,-40.9,-37.4, 33, 44, 0.22,275,35.6
2026-01-28 11:18:25,-83.5725,39.3887, 487.1, 5562,-29.8,-41.0,-37.5, 33, 44, 0.22,275,35.6
2026-01-28 11:18:26,-83.5721,39.3886, 486.7, 5568,-29.8,-41.1,-37.5, 32, 43, 0.22,275,35.5
2026-01-28 11:18:27,-83.5717,39.3886, 486.3, 5574,-29.8,-41.2,-37.6, 32, 43, 0.21,275,35.4
2026-01-28 11:18:28,-83.5713,39.3886, 485.9, 5580,-29.8,-41.3,-37.7, 32, 43, 0.21,275,35.4
2026-01-28 11:18:29,-83.5709,39.3885, 485.5, 5585,-29.8,-41.4,-37.9, 32, 42, 0.21,275,35.3
2026-01-28 11:18:30,-83.5705,39.3885, 485.1, 5589,-29.9,-41.5,-37.9, 31, 42, 0.21,275,35.3
2026-01-28 11:18:31,-83.5701,39.3885, 484.8, 5594,-29.9,-41.5,-38.0, 31, 42, 0.21,275,35.2
2026-01-28 11:18:32,-83.5697,39.3884, 484.4, 5599,-29.9,-41.6,-38.0, 31, 42, 0.21,275,35.2
2026-01-28 11:18:33,-83.5693,39.3884, 484.0, 5604,-30.0,-41.6,-38.0, 31, 42, 0.21,274,35.1
2026-01-28 11:18:34,-83.5689,39.3884, 483.6, 5611,-30.0,-41.6,-38.1, 31, 42, 0.21,274,35.0
2026-01-28 11:18:35,-83.5685,39.3883, 483.2, 5617,-30.0,-41.7,-38.1, 31, 42, 0.20,274,35.0
2026-01-28 11:18:36,-83.5680,39.3883, 482.8, 5624,-30.1,-41.7,-38.1, 31, 42, 0.20,275,35.0
2026-01-28 11:18:37,-83.5677,39.3883, 482.4, 5630,-30.1,-41.8,-38.2, 31, 42, 0.20,275,35.0
2026-01-28 11:18:38,-83.5672,39.3882, 482.0, 5636,-30.1,-41.8,-38.2, 31, 42, 0.20,275,35.1
2026-01-28 11:18:39,-83.5668,39.3882, 481.6, 5642,-30.2,-41.8,-38.2, 31, 42, 0.20,275,35.1
2026-01-28 11:18:40,-83.5664,39.3882, 481.2, 5648,-30.2,-41.9,-38.3, 31, 42, 0.20,275,35.1
2026-01-28 11:18:41,-83.5660,39.3881, 480.8, 5654,-30.2,-41.9,-38.3, 31, 42, 0.20,275,35.1
2026-01-28 11:18:42,-83.5657,39.3881, 480.4, 5659,-30.3,-42.0,-38.4, 31, 42, 0.20,275,35.2
2026-01-28 11:18:43,-83.5652,39.3880, 480.1, 5664,-30.3,-42.0,-38.4, 31, 42, 0.20,275,35.2
2026-01-28 11:18:44,-83.5648,39.3880, 479.7, 5670,-30.4,-42.0,-38.4, 31, 42, 0.20,276,35.2
2026-01-28 11:18:45,-83.5644,39.3880, 479.4, 5675,-30.4,-42.0,-38.4, 31, 42, 0.20,276,35.3
2026-01-28 11:18:46,-83.5640,39.3879, 479.0, 5680,-30.5,-41.9,-38.4, 32, 43, 0.20,276,35.3
2026-01-28 11:18:47,-83.5636,39.3879, 478.7, 5685,-30.5,-41.9,-38.3, 32, 43, 0.20,276,35.3
2026-01-28 11:18:48,-83.5632,39.3879, 478.3, 5690,-30.5,-41.9,-38.3, 32, 43, 0.20,276,35.3
2026-01-28 11:18:49,-83.5628,39.3878, 477.9, 5695,-30.6,-41.9,-38.3, 32, 43, 0.20,276,35.4
2026-01-28 11:18:50,-83.5623,39.3878, 477.6, 5700,-30.6,-41.9,-38.3, 32, 44, 0.20,276,35.4
2026-01-28 11:18:51,-83.5619,39.3878, 477.2, 5706,-30.7,-41.9,-38.3, 33, 44, 0.20,276,35.4
2026-01-28 11:18:52,-83.5615,39.3877, 476.9, 5711,-30.7,-41.8,-38.3, 33, 44, 0.20,277,35.5
2026-01-28 11:18:53,-83.5611,39.3877, 476.5, 5717,-30.8,-41.8,-38.3, 33, 45, 0.20,277,35.5
2026-01-28 11:18:54,-83.5607,39.3876, 476.1, 5722,-30.8,-41.8,-38.2, 33, 45, 0.20,277,35.5
2026-01-28 11:18:55,-83.5603,39.3876, 475.8, 5728,-30.9,-41.8,-38.2, 33, 45, 0.21,277,35.6
2026-01-28 11:18:56,-83.5599,39.3875, 475.4, 5734,-30.9,-41.8,-38.2, 34, 45, 0.21,277,35.6
2026-01-28 11:18:57,-83.5594,39.3874, 475.0, 5739,-31.0,-41.8,-38.2, 34, 46, 0.21,277,35.6
2026-01-28 11:18:58,-83.5590,39.3874, 474.7, 5744,-31.0,-41.7,-38.2, 34, 46, 0.21,277,35.7
2026-01-28 11:18:59,-83.5586,39.3873, 474.3, 5750,-31.0,-41.7,-38.1, 34, 47, 0.21,278,35.7
2026-01-28 11:19:00,-83.5582,39.3873, 473.9, 5755,-31.1,-41.7,-38.1, 35, 47, 0.21,278,35.8
2026-01-28 11:19:01,-83.5578,39.3872, 473.5, 5761,-31.1,-41.6,-38.1, 35, 47, 0.21,278,35.8
2026-01-28 11:19:02,-83.5574,39.3871, 473.1, 5767,-31.2,-41.6,-38.0, 35, 48, 0.21,278,35.9
2026-01-28 11:19:03,-83.5569,39.3871, 472.6, 5774,-31.2,-41.6,-38.0, 35, 48, 0.21,278,35.9
2026-01-28 11:19:04,-83.5565,39.3870, 472.2, 5781,-31.3,-41.5,-38.0, 36, 49, 0.21,278,35.9
2026-01-28 11:19:05,-83.5561,39.3870, 471.7, 5788,-31.3,-41.5,-38.0, 36, 49, 0.21,278,36.0
2026-01-28 11:19:06,-83.5557,39.3869, 471.3, 5795,-31.4,-41.5,-37.9, 36, 49, 0.21,279,36.0
2026-01-28 11:19:07,-83.5553,39.3868, 470.9, 5801,-31.4,-41.5,-37.9, 37, 50, 0.21,279,36.1
2026-01-28 11:19:08,-83.5549,39.3868, 470.6, 5806,-31.5,-41.4,-37.9, 37, 50, 0.22,279,36.1
2026-01-28 11:19:09,-83.5544,39.3867, 470.2, 5811,-31.5,-41.4,-37.8, 37, 50, 0.22,279,36.2
2026-01-28 11:19:10,-83.5540,39.3867, 469.8, 5817,-31.6,-41.4,-37.8, 37, 51, 0.22,279,36.2
2026-01-28 11:19:11,-83.5536,39.3866, 469.5, 5822,-31.6,-41.4,-37.8, 37, 51, 0.22,279,36.3
2026-01-28 11:19:12,-83.5532,39.3866, 469.1, 5828,-31.6,-41.4,-37.9, 37, 51, 0.22,279,36.3
2026-01-28 11:19:13,-83.5528,39.3865, 468.7, 5834,-31.7,-41.4,-37.9, 37, 51, 0.22,280,36.4
2026-01-28 11:19:14,-83.5524,39.3864, 468.3, 5840,-31.7,-41.5,-37.9, 38, 51, 0.22,280,36.4
2026-01-28 11:19:15,-83.5519,39.3864, 467.9, 5847,-31.8,-41.5,-37.9, 38, 51, 0.22,280,36.4
2026-01-28 11:19:16,-83.5515,39.3863, 467.4, 5853,-31.8,-41.5,-37.9, 38, 52, 0.22,280,36.5
2026-01-28 11:19:17,-83.5511,39.3863, 467.0, 5859,-31.8,-41.5,-38.0, 38, 52, 0.22,280,36.5
2026-01-28 11:19:18,-83.5507,39.3862, 466.6, 5866,-31.9,-41.5,-38.0, 38, 52, 0.22,280,36.6
2026-01-28 11:19:19,-83.5503,39.3861, 466.2, 5871,-31.9,-41.6,-38.0, 38, 52, 0.21,280,36.6
2026-01-28 11:19:20,-83.5499,39.3861, 465.9, 5877,-32.0,-41.6,-38.0, 38, 52, 0.21,280,36.6
2026-01-28 11:19:21,-83.5494,39.3860, 465.5, 5882,-32.0,-41.6,-38.0, 38, 52, 0.21,281,36.7
2026-01-28 11:19:22,-83.5490,39.3859, 465.1, 5888,-32.0,-41.6,-38.1, 38, 52, 0.21,281,36.7
2026-01-28 11:19:23,-83.5486,39.3859, 464.7, 5895,-32.1,-41.7,-38.1, 38, 52, 0.21,281,36.7
2026-01-28 11:19:24,-83.5482,39.3858, 464.4, 5899,-32.1,-41.7,-38.2, 38, 52, 0.21,281,36.8
2026-01-28 11:19:25,-83.5478,39.3858, 464.0, 5905,-32.2,-41.8,-38.2, 38, 52, 0.21,281,36.8
2026-01-28 11:19:26,-83.5473,39.3857, 463.6, 5911,-32.2,-41.9,-38.3, 38, 52, 0.21,281,36.8
2026-01-28 11:19:27,-83.5469,39.3856, 463.2, 5917,-32.3,-42.0,-38.4, 37, 51, 0.21,281,36.9
2026-01-28 11:19:28,-83.5465,39.3855, 462.8, 5923,-32.3,-42.1,-38.5, 37, 51, 0.20,281,36.9
2026-01-28 11:19:29,-83.5461,39.3855, 462.4, 5929,-32.4,-42.2,-38.6, 37, 51, 0.20,281,37.0
2026-01-28 11:19:30,-83.5456,39.3854, 462.0, 5936,-32.4,-42.2,-38.6, 37, 51, 0.20,282,37.0
2026-01-28 11:19:31,-83.5452,39.3853, 461.5, 5943,-32.5,-42.3,-38.7, 37, 50, 0.20,282,37.0
2026-01-28 11:19:32,-83.5448,39.3853, 461.0, 5950,-32.5,-42.4,-38.8, 37, 50, 0.20,282,37.1
2026-01-28 11:19:33,-83.5444,39.3852, 460.6, 5957,-32.5,-42.5,-38.9, 36, 50, 0.20,282,37.1
2026-01-28 11:19:34,-83.5439,39.3851, 460.1, 5964,-32.6,-42.6,-39.0, 36, 50, 0.19,282,37.2
2026-01-28 11:19:35,-83.5435,39.3851, 459.6, 5971,-32.6,-42.7,-39.1, 36, 50, 0.19,282,37.2
2026-01-28 11:19:36,-83.5431,39.3850, 459.2, 5979,-32.7,-42.8,-39.1, 36, 49, 0.19,282,37.2
2026-01-28 11:19:37,-83.5427,39.3849, 458.7, 5987,-32.7,-42.8,-39.2, 36, 49, 0.19,282,37.2
2026-01-28 11:19:38,-83.5423,39.3848, 458.2, 5994,-32.8,-42.9,-39.3, 36, 49, 0.19,282,37.3
2026-01-28 11:19:39,-83.5418,39.3848, 457.7, 6002,-32.8,-43.0,-39.3, 36, 49, 0.19,282,37.3
2026-01-28 11:19:40,-83.5414,39.3847, 457.3, 6009,-32.9,-43.0,-39.4, 36, 49, 0.19,282,37.3
2026-01-28 11:19:41,-83.5410,39.3846, 456.8, 6016,-32.9,-43.1,-39.4, 35, 49, 0.19,282,37.3
2026-01-28 11:19:42,-83.5406,39.3846, 456.3, 6022,-33.0,-43.1,-39.5, 35, 49, 0.19,282,37.4
2026-01-28 11:19:43,-83.5401,39.3845, 456.0, 6029,-33.0,-43.2,-39.5, 35, 49, 0.18,282,37.4
2026-01-28 11:19:44,-83.5397,39.3844, 455.6, 6035,-33.1,-43.2,-39.6, 35, 49, 0.18,282,37.4
2026-01-28 11:19:45,-83.5393,39.3844, 455.2, 6041,-33.1,-43.3,-39.6, 35, 49, 0.18,282,37.4
2026-01-28 11:19:46,-83.5389,39.3843, 454.8, 6047,-33.2,-43.4,-39.7, 35, 49, 0.18,282,37.5
2026-01-28 11:19:47,-83.5384,39.3842, 454.5, 6052,-33.2,-43.4,-39.7, 35, 49, 0.18,282,37.5
2026-01-28 11:19:48,-83.5380,39.3841, 454.1, 6057,-33.3,-43.5,-39.8, 35, 49, 0.18,282,37.5
2026-01-28 11:19:49,-83.5376,39.3841, 453.7, 6062,-33.3,-43.5,-39.9, 35, 49, 0.18,282,37.5
2026-01-28 11:19:50,-83.5372,39.3840, 453.3, 6067,-33.3,-43.6,-39.9, 35, 49, 0.18,282,37.6
2026-01-28 11:19:51,-83.5367,39.3839, 452.9, 6073,-33.4,-43.6,-39.9, 35, 49, 0.18,282,37.6
2026-01-28 11:19:52,-83.5363,39.3839, 452.5, 6079,-33.4,-43.6,-39.9, 35, 49, 0.18,282,37.6
2026-01-28 11:19:53,-83.5359,39.3838, 452.1, 6086,-33.5,-43.6,-40.0, 35, 49, 0.18,282,37.6
2026-01-28 11:19:54,-83.5355,39.3837, 451.7, 6094,-33.5,-43.6,-40.0, 36, 49, 0.18,282,37.7
2026-01-28 11:19:55,-83.5350,39.3836, 451.3, 6101,-33.6,-43.7,-40.0, 36, 49, 0.18,281,37.7
2026-01-28 11:19:56,-83.5346,39.3836, 450.8, 6109,-33.6,-43.7,-40.0, 36, 50, 0.18,282,37.7
2026-01-28 11:19:57,-83.5342,39.3835, 450.3, 6116,-33.7,-43.7,-40.0, 36, 50, 0.18,282,37.7
2026-01-28 11:19:58,-83.5338,39.3834, 449.9, 6123,-33.7,-43.7,-40.0, 36, 50, 0.18,282,37.7
2026-01-28 11:19:59,-83.5333,39.3833, 449.4, 6130,-33.8,-43.7,-40.0, 36, 50, 0.18,282,37.7
2026-01-28 11:20:00,-83.5329,39.3833, 449.0, 6136,-33.8,-43.7,-40.1, 36, 50, 0.18,282,37.7
2026-01-28 11:20:01,-83.5325,39.3832, 448.6, 6143,-33.9,-43.8,-40.1, 36, 50, 0.18,282,37.7
2026-01-28 11:20:02,-83.5321,39.3831, 448.2, 6150,-33.9,-43.8,-40.1, 36, 51, 0.18,282,37.7
2026-01-28 11:20:03,-83.5316,39.3830, 447.8, 6156,-34.0,-43.8,-40.1, 36, 51, 0.18,282,37.7
2026-01-28 11:20:04,-83.5312,39.3829, 447.4, 6162,-34.0,-43.8,-40.1, 37, 51, 0.18,282,37.7
2026-01-28 11:20:05,-83.5308,39.3829, 447.0, 6168,-34.1,-43.9,-40.2, 37, 51, 0.18,282,37.7
2026-01-28 11:20:06,-83.5304,39.3828, 446.6, 6173,-34.1,-43.9,-40.2, 37, 51, 0.17,283,37.7
2026-01-28 11:20:07,-83.5299,39.3827, 446.3, 6179,-34.2,-43.9,-40.2, 37, 51, 0.17,283,37.7
2026-01-28 11:20:08,-83.5295,39.3826, 445.9, 6185,-34.2,-44.0,-40.3, 37, 51, 0.17,283,37.7
2026-01-28 11:20:09,-83.5291,39.3826, 445.5, 6191,-34.3,-44.0,-40.3, 37, 51, 0.17,283,37.7
2026-01-28 11:20:10,-83.5287,39.3825, 445.1, 6196,-34.3,-44.0,-40.4, 37, 51, 0.17,283,37.7
2026-01-28 11:20:11,-83.5282,39.3824, 444.8, 6202,-34.4,-44.1,-40.4, 37, 51, 0.17,283,37.7
2026-01-28 11:20:12,-83.5278,39.3823, 444.4, 6208,-34.4,-44.1,-40.4, 37, 51, 0.17,283,37.7
2026-01-28 11:20:13,-83.5274,39.3822, 444.1, 6214,-34.5,-44.2,-40.5, 37, 52, 0.17,283,37.7
2026-01-28 11:20:14,-83.5270,39.3822, 443.7, 6220,-34.5,-44.2,-40.5, 37, 52, 0.17,283,37.8
2026-01-28 11:20:15,-83.5265,39.3821, 443.4, 6225,-34.6,-44.2,-40.5, 37, 52, 0.17,283,37.8
2026-01-28 11:20:16,-83.5261,39.3820, 443.1, 6230,-34.6,-44.3,-40.6, 37, 52, 0.17,283,37.7
2026-01-28 11:20:17,-83.5257,39.3819, 442.7, 6234,-34.7,-44.3,-40.6, 37, 52, 0.17,283,37.7
2026-01-28 11:20:18,-83.5253,39.3819, 442.4, 6239,-34.7,-44.3,-40.6, 37, 52, 0.17,283,37.6
2026-01-28 11:20:19,-83.5249,39.3818, 442.1, 6244,-34.7,-44.4,-40.7, 37, 52, 0.17,283,37.6
2026-01-28 11:20:20,-83.5244,39.3817, 441.8, 6249,-34.8,-44.4,-40.7, 37, 52, 0.17,283,37.6
2026-01-28 11:20:21,-83.5240,39.3816, 441.4, 6255,-34.8,-44.4,-40.7, 37, 52, 0.17,283,37.5
2026-01-28 11:20:22,-83.5236,39.3815, 441.1, 6260,-34.9,-44.5,-40.8, 37, 52, 0.17,283,37.5
2026-01-28 11:20:23,-83.5232,39.3815, 440.8, 6265,-34.9,-44.5,-40.8, 37, 52, 0.17,283,37.4
2026-01-28 11:20:24,-83.5227,39.3814, 440.5, 6270,-34.9,-44.5,-40.8, 37, 52, 0.17,283,37.4
2026-01-28 11:20:25,-83.5223,39.3813, 440.2, 6275,-35.0,-44.6,-40.9, 37, 52, 0.16,283,37.4
2026-01-28 11:20:26,-83.5219,39.3813, 439.9, 6280,-35.0,-44.6,-40.9, 37, 52, 0.16,283,37.3
2026-01-28 11:20:27,-83.5215,39.3812, 439.6, 6285,-35.1,-44.6,-40.9, 37, 52, 0.16,283,37.3
2026-01-28 11:20:28,-83.5210,39.3811, 439.2, 6290,-35.1,-44.7,-41.0, 37, 52, 0.16,283,37.3
2026-01-28 11:20:29,-83.5206,39.3810, 438.9, 6294,-35.2,-44.7,-41.0, 37, 52, 0.16,283,37.2
2026-01-28 11:20:30,-83.5202,39.3810, 438.6, 6299,-35.2,-44.7,-41.0, 37, 52, 0.16,283,37.2
2026-01-28 11:20:31,-83.5198,39.3809, 438.3, 6304,-35.2,-44.8,-41.1, 37, 52, 0.16,283,37.1
2026-01-28 11:20:32,-83.5194,39.3808, 438.0, 6309,-35.3,-44.8,-41.1, 37, 52, 0.16,283,37.1
2026-01-28 11:20:33,-83.5189,39.3808, 437.7, 6314,-35.3,-44.8,-41.1, 37, 52, 0.16,283,37.1
2026-01-28 11:20:34,-83.5185,39.3807, 437.4, 6319,-35.4,-44.9,-41.1, 37, 53, 0.16,282,37.0
2026-01-28 11:20:35,-83.5181,39.3806, 437.1, 6324,-35.4,-44.9,-41.2, 37, 53, 0.16,282,37.0
2026-01-28 11:20:36,-83.5177,39.3805, 436.7, 6329,-35.4,-44.9,-41.2, 37, 53, 0.16,282,37.0
2026-01-28 11:20:37,-83.5173,39.3805, 436.4, 6334,-35.5,-45.0,-41.2, 37, 53, 0.16,282,37.0
2026-01-28 11:20:38,-83.5168,39.3804, 436.1, 6339,-35.5,-45.0,-41.3, 37, 53, 0.16,282,37.0
2026-01-28 11:20:39,-83.5164,39.3803, 435.8, 6344,-35.6,-45.0,-41.3, 37, 53, 0.16,282,37.1
2026-01-28 11:20:40,-83.5160,39.3803, 435.5, 6349,-35.6,-45.1,-41.3, 37, 53, 0.16,282,37.1
2026-01-28 11:20:41,-83.5156,39.3802, 435.2, 6354,-35.7,-45.1,-41.4, 37, 53, 0.16,282,37.1
2026-01-28 11:20:42,-83.5152,39.3801, 434.9, 6359,-35.7,-45.1,-41.4, 37, 53, 0.16,282,37.1
2026-01-28 11:20:43,-83.5147,39.3801, 434.6, 6364,-35.7,-45.2,-41.4, 37, 53, 0.16,282,37.1
2026-01-28 11:20:44,-83.5143,39.3800, 434.2, 6369,-35.8,-45.2,-41.5, 37, 53, 0.16,282,37.1
2026-01-28 11:20:45,-83.5139,39.3799, 433.9, 6375,-35.8,-45.2,-41.5, 37, 53, 0.16,282,37.2
2026-01-28 11:20:46,-83.5135,39.3798, 433.6, 6380,-35.9,-45.3,-41.5, 38, 53, 0.16,282,37.2
2026-01-28 11:20:47,-83.5131,39.3798, 433.2, 6385,-35.9,-45.3,-41.5, 38, 53, 0.15,282,37.2
2026-01-28 11:20:48,-83.5126,39.3797, 432.9, 6390,-36.0,-45.3,-41.6, 38, 53, 0.15,282,37.2
2026-01-28 11:20:49,-83.5122,39.3796, 432.6, 6396,-36.0,-45.3,-41.6, 38, 54, 0.15,282,37.2
2026-01-28 11:20:50,-83.5118,39.3796, 432.2, 6402,-36.1,-45.4,-41.6, 38, 54, 0.15,282,37.2
2026-01-28 11:20:51,-83.5114,39.3795, 431.8, 6408,-36.1,-45.4,-41.7, 38, 54, 0.15,282,37.3
2026-01-28 11:20:52,-83.5110,39.3794, 431.5, 6414,-36.2,-45.4,-41.7, 38, 54, 0.15,282,37.3
2026-01-28 11:20:53,-83.5105,39.3793, 431.1, 6420,-36.2,-45.5,-41.7, 38, 54, 0.15,282,37.3
2026-01-28 11:20:54,-83.5101,39.3793, 430.8, 6425,-36.2,-45.5,-41.7, 38, 54, 0.15,282,37.3
2026-01-28 11:20:55,-83.5097,39.3792, 430.5, 6430,-36.3,-45.5,-41.8, 38, 54, 0.15,282,37.3
2026-01-28 11:20:56,-83.5091,39.3792, 430.2, 6434,-36.3,-45.5,-41.8, 38, 54, 0.15,282,37.3
2026-01-28 11:20:57,-83.5088,39.3791, 429.8, 6440,-36.4,-45.6,-41.8, 38, 54, 0.15,282,37.4
2026-01-28 11:20:58,-83.5084,39.3791, 429.6, 6444,-36.4,-45.6,-41.8, 38, 54, 0.15,282,37.4
2026-01-28 11:20:59,-83.5080,39.3790, 429.3, 6449,-36.4,-45.6,-41.9, 38, 54, 0.15,282,37.4
2026-01-28 11:21:00,-83.5075,39.3790, 429.0, 6454,-36.5,-45.7,-41.9, 38, 54, 0.15,281,37.4
2026-01-28 11:21:01,-83.5071,39.3789, 428.7, 6459,-36.5,-45.7,-41.9, 38, 54, 0.15,281,37.4
2026-01-28 11:21:02,-83.5067,39.3789, 428.3, 6464,-36.5,-45.7,-42.0, 38, 54, 0.15,281,37.4
2026-01-28 11:21:03,-83.5062,39.3788, 428.0, 6469,-36.6,-45.8,-42.0, 38, 54, 0.15,281,37.4
2026-01-28 11:21:04,-83.5058,39.3788, 427.7, 6474,-36.6,-45.8,-42.0, 38, 54, 0.15,281,37.5
2026-01-28 11:21:05,-83.5054,39.3787, 427.3, 6480,-36.6,-45.9,-42.1, 38, 54, 0.15,281,37.5
2026-01-28 11:21:06,-83.5049,39.3787, 427.0, 6486,-36.7,-45.9,-42.1, 38, 54, 0.15,280,37.5
2026-01-28 11:21:07,-83.5045,39.3786, 426.6, 6492,-36.7,-45.9,-42.2, 38, 54, 0.15,280,37.5
2026-01-28 11:21:08,-83.5041,39.3786, 426.2, 6498,-36.7,-46.0,-42.2, 38, 54, 0.15,280,37.5
2026-01-28 11:21:09,-83.5036,39.3785, 425.9, 6504,-36.8,-46.0,-42.2, 38, 54, 0.15,280,37.5
2026-01-28 11:21:10,-83.5032,39.3784, 425.5, 6510,-36.8,-46.0,-42.3, 38, 54, 0.15,280,37.6
2026-01-28 11:21:11,-83.5028,39.3784, 425.1, 6516,-36.8,-46.1,-42.3, 38, 54, 0.14,280,37.6
2026-01-28 11:21:12,-83.5023,39.3783, 424.7, 6523,-36.8,-46.1,-42.3, 38, 54, 0.14,280,37.6
2026-01-28 11:21:13,-83.5019,39.3783, 424.3, 6530,-36.9,-46.1,-42.3, 38, 54, 0.14,279,37.6
2026-01-28 11:21:14,-83.5015,39.3782, 423.9, 6536,-36.9,-46.2,-42.4, 38, 54, 0.14,279,37.6
2026-01-28 11:21:15,-83.5010,39.3782, 423.5, 6543,-36.9,-46.2,-42.4, 38, 54, 0.14,279,37.7
2026-01-28 11:21:16,-83.5006,39.3781, 423.2, 6549,-37.0,-46.2,-42.4, 38, 54, 0.14,279,37.7
2026-01-28 11:21:17,-83.5002,39.3781, 422.8, 6555,-37.0,-46.2,-42.5, 38, 54, 0.14,279,37.7
2026-01-28 11:21:18,-83.4997,39.3780, 422.4, 6561,-37.0,-46.3,-42.5, 38, 54, 0.14,279,37.8
2026-01-28 11:21:19,-83.4993,39.3780, 422.1, 6567,-37.0,-46.3,-42.5, 38, 54, 0.14,279,37.8
2026-01-28 11:21:20,-83.4989,39.3779, 421.7, 6573,-37.1,-46.3,-42.6, 37, 54, 0.14,279,37.9
2026-01-28 11:21:21,-83.4984,39.3779, 421.4, 6578,-37.1,-46.4,-42.6, 37, 54, 0.14,278,37.9
2026-01-28 11:21:22,-83.4980,39.3778, 421.1, 6583,-37.1,-46.4,-42.6, 37, 54, 0.14,278,38.0
2026-01-28 11:21:23,-83.4976,39.3778, 420.8, 6588,-37.2,-46.4,-42.6, 37, 54, 0.14,278,38.0
2026-01-28 11:21:24,-83.4971,39.3777, 420.5, 6592,-37.2,-46.5,-42.7, 37, 54, 0.14,278,38.0
2026-01-28 11:21:25,-83.4967,39.3777, 420.1, 6597,-37.2,-46.5,-42.7, 37, 54, 0.14,278,38.1
2026-01-28 11:21:26,-83.4962,39.3776, 419.8, 6602,-37.3,-46.5,-42.7, 37, 54, 0.14,278,38.1
2026-01-28 11:21:27,-83.4958,39.3776, 419.5, 6607,-37.3,-46.6,-42.8, 37, 54, 0.14,278,38.2
2026-01-28 11:21:28,-83.4953,39.3775, 419.2, 6613,-37.3,-46.6,-42.8, 37, 54, 0.14,278,38.2
2026-01-28 11:21:29,-83.4949,39.3775, 418.9, 6619,-37.4,-46.6,-42.8, 37, 54, 0.14,278,38.2
2026-01-28 11:21:30,-83.4944,39.3774, 418.5, 6624,-37.4,-46.6,-42.8, 38, 54, 0.14,277,38.3
2026-01-28 11:21:31,-83.4940,39.3774, 418.2, 6630,-37.4,-46.7,-42.9, 38, 54, 0.14,277,38.3
2026-01-28 11:21:32,-83.4935,39.3774, 417.8, 6636,-37.5,-46.7,-42.9, 38, 54, 0.14,277,38.4
2026-01-28 11:21:33,-83.4931,39.3773, 417.5, 6642,-37.5,-46.7,-42.9, 38, 54, 0.14,277,38.4
2026-01-28 11:21:34,-83.4926,39.3773, 417.1, 6647,-37.5,-46.8,-42.9, 38, 54, 0.14,277,38.5
2026-01-28 11:21:35,-83.4922,39.3772, 416.8, 6653,-37.6,-46.8,-43.0, 38, 54, 0.14,277,38.5
2026-01-28 11:21:36,-83.4918,39.3772, 416.4, 6659,-37.6,-46.8,-43.0, 38, 54, 0.14,277,38.5
2026-01-28 11:21:37,-83.4913,39.3771, 416.1, 6665,-37.7,-46.9,-43.0, 38, 54, 0.14,277,38.6
2026-01-28 11:21:38,-83.4909,39.3771, 415.8, 6670,-37.7,-46.9,-43.1, 38, 54, 0.14,277,38.6
2026-01-28 11:21:39,-83.4904,39.3770, 415.4, 6676,-37.7,-46.9,-43.1, 38, 54, 0.13,277,38.6
2026-01-28 11:21:40,-83.4900,39.3770, 415.1, 6682,-37.8,-47.0,-43.1, 38, 54, 0.13,277,38.7
2026-01-28 11:21:41,-83.4895,39.3770, 414.7, 6687,-37.8,-47.0,-43.2, 38, 54, 0.13,277,38.7
2026-01-28 11:21:42,-83.4891,39.3769, 414.4, 6693,-37.9,-47.1,-43.2, 38, 54, 0.13,277,38.7
2026-01-28 11:21:43,-83.4886,39.3769, 414.1, 6698,-37.9,-47.1,-43.3, 38, 54, 0.13,277,38.7
2026-01-28 11:21:44,-83.4882,39.3768, 413.7, 6704,-37.9,-47.1,-43.3, 38, 54, 0.13,277,38.8
2026-01-28 11:21:45,-83.4877,39.3768, 413.4, 6710,-38.0,-47.2,-43.3, 38, 54, 0.13,277,38.8
2026-01-28 11:21:46,-83.4873,39.3767, 413.0, 6716,-38.0,-47.2,-43.4, 38, 54, 0.13,277,38.8
2026-01-28 11:21:47,-83.4868,39.3767, 412.7, 6722,-38.1,-47.3,-43.4, 37, 54, 0.13,277,38.9
2026-01-28 11:21:48,-83.4864,39.3767, 412.3, 6727,-38.1,-47.3,-43.5, 37, 54, 0.13,277,38.9
2026-01-28 11:21:49,-83.4859,39.3766, 412.0, 6733,-38.2,-47.3,-43.5, 37, 54, 0.13,277,38.9
2026-01-28 11:21:50,-83.4855,39.3766, 411.6, 6739,-38.2,-47.4,-43.5, 37, 54, 0.13,277,38.9
2026-01-28 11:21:51,-83.4850,39.3765, 411.3, 6745,-38.2,-47.4,-43.6, 37, 54, 0.13,277,39.0
2026-01-28 11:21:52,-83.4846,39.3765, 411.0, 6750,-38.3,-47.5,-43.6, 37, 54, 0.13,277,39.0
2026-01-28 11:21:53,-83.4841,39.3764, 410.6, 6756,-38.3,-47.5,-43.7, 37, 54, 0.13,277,39.0
2026-01-28 11:21:54,-83.4837,39.3764, 410.3, 6761,-38.4,-47.6,-43.7, 37, 54, 0.13,277,39.1
2026-01-28 11:21:55,-83.4832,39.3763, 410.0, 6767,-38.4,-47.6,-43.8, 37, 54, 0.13,277,39.1
2026-01-28 11:21:56,-83.4828,39.3763, 409.7, 6773,-38.4,-47.7,-43.8, 37, 54, 0.13,277,39.1
2026-01-28 11:21:57,-83.4823,39.3763, 409.3, 6778,-38.5,-47.7,-43.9, 37, 54, 0.13,277,39.2
2026-01-28 11:21:58,-83.4818,39.3762, 409.0, 6783,-38.5,-47.8,-43.9, 37, 54, 0.12,277,39.2
2026-01-28 11:21:59,-83.4814,39.3762, 408.7, 6788,-38.6,-47.8,-44.0, 37, 54, 0.12,277,39.2
2026-01-28 11:22:00,-83.4809,39.3761, 408.4, 6793,-38.6,-47.9,-44.0, 37, 54, 0.12,277,39.3
2026-01-28 11:22:01,-83.4805,39.3761, 408.1, 6798,-38.7,-47.9,-44.0, 37, 54, 0.12,277,39.3
2026-01-28 11:22:02,-83.4800,39.3761, 407.8, 6803,-38.7,-48.0,-44.1, 37, 54, 0.12,277,39.3
2026-01-28 11:22:03,-83.4795,39.3760, 407.5, 6808,-38.7,-48.0,-44.1, 37, 54, 0.12,277,39.4
2026-01-28 11:22:04,-83.4791,39.3760, 407.2, 6813,-38.8,-48.0,-44.2, 37, 54, 0.12,277,39.4
2026-01-28 11:22:05,-83.4786,39.3759, 406.9, 6819,-38.8,-48.1,-44.2, 37, 54, 0.12,277,39.5
2026-01-28 11:22:06,-83.4782,39.3759, 406.6, 6824,-38.9,-48.2,-44.3, 37, 54, 0.12,277,39.5
2026-01-28 11:22:07,-83.4777,39.3759, 406.2, 6829,-38.9,-48.2,-44.4, 37, 53, 0.12,277,39.5
2026-01-28 11:22:08,-83.4772,39.3758, 405.9, 6834,-38.9,-48.3,-44.4, 36, 53, 0.12,277,39.6
2026-01-28 11:22:09,-83.4768,39.3758, 405.6, 6840,-39.0,-48.4,-44.5, 36, 53, 0.12,277,39.6
2026-01-28 11:22:10,-83.4763,39.3757, 405.3, 6845,-39.0,-48.5,-44.6, 36, 53, 0.12,277,39.6
2026-01-28 11:22:11,-83.4759,39.3757, 405.0, 6851,-39.0,-48.5,-44.6, 36, 53, 0.12,277,39.7
2026-01-28 11:22:12,-83.4754,39.3757, 404.6, 6857,-39.1,-48.6,-44.7, 36, 52, 0.11,277,39.7
2026-01-28 11:22:13,-83.4749,39.3756, 404.3, 6862,-39.1,-48.7,-44.8, 36, 52, 0.11,277,39.7
2026-01-28 11:22:14,-83.4745,39.3756, 404.0, 6868,-39.2,-48.7,-44.8, 36, 52, 0.11,277,39.8
2026-01-28 11:22:15,-83.4740,39.3755, 403.7, 6874,-39.2,-48.8,-44.9, 35, 52, 0.11,277,39.8
2026-01-28 11:22:16,-83.4736,39.3755, 403.3, 6879,-39.2,-48.9,-45.0, 35, 52, 0.11,276,39.9
2026-01-28 11:22:17,-83.4731,39.3755, 403.0, 6884,-39.3,-49.0,-45.1, 35, 51, 0.11,276,39.9
2026-01-28 11:22:18,-83.4726,39.3754, 402.7, 6889,-39.3,-49.0,-45.1, 35, 51, 0.11,276,39.9
2026-01-28 11:22:19,-83.4722,39.3754, 402.3, 6895,-39.4,-49.1,-45.2, 35, 51, 0.11,276,40.0
2026-01-28 11:22:20,-83.4717,39.3753, 402.0, 6900,-39.4,-49.1,-45.2, 35, 51, 0.11,276,40.0
2026-01-28 11:22:21,-83.4713,39.3753, 401.6, 6906,-39.5,-49.2,-45.3, 35, 51, 0.11,276,40.0
2026-01-28 11:22:22,-83.4708,39.3753, 401.3, 6912,-39.5,-49.3,-45.3, 35, 51, 0.11,276,40.1
2026-01-28 11:22:23,-83.4703,39.3752, 400.9, 6919,-39.6,-49.3,-45.4, 35, 51, 0.11,276,40.1
2026-01-28 11:22:24,-83.4699,39.3752, 400.6, 6926,-39.6,-49.4,-45.5, 35, 51, 0.11,276,40.1
2026-01-28 11:22:25,-83.4696,39.3751, 400.2, 6932,-39.7,-49.4,-45.5, 35, 51, 0.11,276,40.2
2026-01-28 11:22:26,-83.4690,39.3751, 400.0, 6937,-39.7,-49.5,-45.5, 35, 51, 0.11,276,40.2
2026-01-28 11:22:27,-83.4685,39.3751, 399.5, 6944,-39.7,-49.5,-45.6, 34, 51, 0.10,276,40.2
2026-01-28 11:22:28,-83.4680,39.3750, 399.2, 6950,-39.8,-49.6,-45.7, 34, 51, 0.10,276,40.3
2026-01-28 11:22:29,-83.4675,39.3750, 398.9, 6955,-39.8,-49.6,-45.7, 34, 51, 0.10,276,40.3
2026-01-28 11:22:30,-83.4671,39.3750, 398.5, 6961,-39.9,-49.7,-45.8, 34, 51, 0.10,276,40.3
2026-01-28 11:22:31,-83.4666,39.3749, 398.2, 6966,-39.9,-49.8,-45.8, 34, 50, 0.10,276,40.4
2026-01-28 11:22:32,-83.4661,39.3749, 397.9, 6972,-40.0,-49.8,-45.9, 34, 50, 0.10,276,40.4
2026-01-28 11:22:33,-83.4656,39.3749, 397.6, 6977,-40.0,-49.8,-45.9, 34, 50, 0.10,276,40.4
2026-01-28 11:22:34,-83.4652,39.3748, 397.3, 6982,-40.1,-49.9,-46.0, 34, 50, 0.10,276,40.5
2026-01-28 11:22:35,-83.4647,39.3748, 397.0, 6987,-40.1,-49.9,-46.0, 34, 50, 0.10,276,40.5
2026-01-28 11:22:36,-83.4642,39.3748, 396.7, 6992,-40.1,-50.0,-46.0, 34, 50, 0.10,276,40.5
2026-01-28 11:22:37,-83.4637,39.3747, 396.4, 6997,-40.2,-50.0,-46.1, 34, 50, 0.10,276,40.6
2026-01-28 11:22:38,-83.4633,39.3747, 396.0, 7003,-40.2,-50.1,-46.1, 34, 50, 0.10,276,40.6
2026-01-28 11:22:39,-83.4628,39.3747, 395.7, 7008,-40.3,-50.1,-46.2, 34, 50, 0.10,275,40.7
2026-01-28 11:22:40,-83.4623,39.3746, 395.4, 7014,-40.3,-50.1,-46.2, 34, 50, 0.10,275,40.7
2026-01-28 11:22:41,-83.4618,39.3746, 395.1, 7020,-40.4,-50.2,-46.2, 34, 50, 0.10,275,40.8
2026-01-28 11:22:42,-83.4613,39.3746, 394.7, 7026,-40.4,-50.2,-46.3, 34, 50, 0.10,275,40.9
2026-01-28 11:22:43,-83.4609,39.3745, 394.5, 7032,-40.4,-50.3,-46.3, 34, 50, 0.10,275,40.9
2026-01-28 11:22:44,-83.4604,39.3745, 394.2, 7036,-40.5,-50.3,-46.4, 34, 50, 0.10,275,41.0
2026-01-28 11:22:45,-83.4599,39.3745, 393.9, 7041,-40.5,-50.4,-46.4, 34, 50, 0.10,275,41.0
2026-01-28 11:22:46,-83.4594,39.3744, 393.6, 7045,-40.6,-50.4,-46.5, 34, 50, 0.10,275,41.1
2026-01-28 11:22:47,-83.4590,39.3744, 393.3, 7050,-40.6,-50.5,-46.5, 34, 50, 0.10,275,41.1
2026-01-28 11:22:48,-83.4585,39.3744, 393.1, 7055,-40.7,-50.5,-46.6, 34, 50, 0.09,275,41.2
2026-01-28 11:22:49,-83.4580,39.3743, 392.7, 7060,-40.7,-50.6,-46.6, 34, 50, 0.09,275,41.2
2026-01-28 11:22:50,-83.4575,39.3743, 392.4, 7066,-40.8,-50.6,-46.7, 34, 50, 0.09,275,41.3
2026-01-28 11:22:51,-83.4571,39.3743, 392.0, 7072,-40.8,-50.7,-46.7, 34, 50, 0.09,275,41.3
2026-01-28 11:22:52,-83.4566,39.3742, 391.7, 7078,-40.9,-50.7,-46.8, 34, 50, 0.09,275,41.4
2026-01-28 11:22:53,-83.4561,39.3742, 391.4, 7084,-40.9,-50.8,-46.8, 34, 50, 0.09,275,41.4
2026-01-28 11:22:54,-83.4556,39.3742, 391.0, 7090,-41.0,-50.8,-46.9, 34, 50, 0.09,275,41.5
2026-01-28 11:22:55,-83.4552,39.3741, 390.7, 7096,-41.0,-50.9,-46.9, 34, 50, 0.09,274,41.5
2026-01-28 11:22:56,-83.4547,39.3741, 390.4, 7101,-41.1,-50.9,-47.0, 34, 50, 0.09,274,41.5
2026-01-28 11:22:57,-83.4541,39.3741, 390.1, 7107,-41.1,-51.0,-47.0, 34, 50, 0.09,275,41.5
2026-01-28 11:22:58,-83.4537,39.3740, 389.7, 7114,-41.2,-51.0,-47.1, 34, 50, 0.09,275,41.6
2026-01-28 11:22:59,-83.4532,39.3740, 389.4, 7118,-41.2,-51.1,-47.1, 34, 50, 0.09,275,41.6
2026-01-28 11:23:00,-83.4528,39.3740, 389.1, 7124,-41.3,-51.1,-47.1, 34, 50, 0.09,275,41.6
2026-01-28 11:23:01,-83.4523,39.3739, 388.8, 7129,-41.3,-51.2,-47.2, 34, 50, 0.09,275,41.6
2026-01-28 11:23:02,-83.4518,39.3739, 388.4, 7135,-41.4,-51.2,-47.2, 34, 50, 0.09,275,41.6
2026-01-28 11:23:03,-83.4513,39.3739, 388.1, 7141,-41.4,-51.2,-47.3, 34, 50, 0.09,275,41.6
2026-01-28 11:23:04,-83.4508,39.3739, 387.8, 7147,-41.5,-51.3,-47.3, 34, 50, 0.09,275,41.6
2026-01-28 11:23:05,-83.4504,39.3738, 387.5, 7153,-41.5,-51.3,-47.3, 34, 50, 0.09,275,41.6
2026-01-28 11:23:06,-83.4499,39.3738, 387.1, 7158,-41.6,-51.4,-47.4, 34, 51, 0.09,275,41.6
2026-01-28 11:23:07,-83.4494,39.3738, 386.8, 7163,-41.6,-51.4,-47.4, 34, 51, 0.09,275,41.6
2026-01-28 11:23:08,-83.4489,39.3737, 386.5, 7168,-41.7,-51.4,-47.4, 34, 51, 0.09,275,41.6
2026-01-28 11:23:09,-83.4484,39.3737, 386.2, 7173,-41.7,-51.5,-47.5, 34, 51, 0.09,275,41.6
2026-01-28 11:23:10,-83.4480,39.3737, 385.9, 7178,-41.8,-51.5,-47.5, 34, 51, 0.09,275,41.6
2026-01-28 11:23:11,-83.4475,39.3737, 385.6, 7184,-41.8,-51.6,-47.6, 34, 51, 0.09,275,41.6
2026-01-28 11:23:12,-83.4470,39.3736, 385.4, 7189,-41.9,-51.6,-47.6, 34, 51, 0.09,275,41.6
2026-01-28 11:23:13,-83.4465,39.3736, 385.0, 7195,-41.9,-51.6,-47.6, 34, 51, 0.08,275,41.6
2026-01-28 11:23:14,-83.4460,39.3736, 384.7, 7201,-42.0,-51.7,-47.7, 34, 51, 0.08,275,41.6
2026-01-28 11:23:15,-83.4455,39.3735, 384.4, 7206,-42.0,-51.7,-47.7, 34, 51, 0.08,275,41.6
2026-01-28 11:23:16,-83.4451,39.3735, 384.1, 7212,-42.1,-51.7,-47.7, 34, 51, 0.08,275,41.6
2026-01-28 11:23:17,-83.4446,39.3735, 383.7, 7218,-42.1,-51.8,-47.8, 34, 51, 0.08,275,41.6
2026-01-28 11:23:18,-83.4441,39.3735, 383.4, 7223,-42.2,-51.8,-47.8, 34, 51, 0.08,275,41.6
2026-01-28 11:23:19,-83.4436,39.3734, 383.1, 7229,-42.2,-51.9,-47.9, 34, 51, 0.08,275,41.6
2026-01-28 11:23:20,-83.4431,39.3734, 382.8, 7234,-42.3,-51.9,-47.9, 34, 52, 0.08,274,41.6
2026-01-28 11:23:21,-83.4427,39.3734, 382.5, 7240,-42.3,-51.9,-47.9, 34, 52, 0.08,274,41.6
2026-01-28 11:23:22,-83.4422,39.3734, 382.2, 7246,-42.4,-52.0,-48.0, 34, 52, 0.08,274,41.6
2026-01-28 11:23:23,-83.4417,39.3733, 381.9, 7251,-42.4,-52.0,-48.0, 34, 52, 0.08,274,41.6
2026-01-28 11:23:24,-83.4412,39.3733, 381.5, 7256,-42.5,-52.0,-48.0, 34, 52, 0.08,274,41.6
2026-01-28 11:23:25,-83.4407,39.3733, 381.2, 7262,-42.5,-52.1,-48.1, 34, 52, 0.08,274,41.6
2026-01-28 11:23:26,-83.4403,39.3732, 380.9, 7267,-42.6,-52.1,-48.1, 34, 52, 0.08,274,41.6
2026-01-28 11:23:27,-83.4398,39.3732, 380.6, 7273,-42.6,-52.2,-48.2, 34, 52, 0.08,274,41.6
2026-01-28 11:23:28,-83.4393,39.3732, 380.3, 7278,-42.7,-52.2,-48.2, 34, 52, 0.08,274,41.6
2026-01-28 11:23:29,-83.4388,39.3732, 379.9, 7284,-42.7,-52.3,-48.3, 34, 52, 0.08,274,41.6
2026-01-28 11:23:30,-83.4383,39.3731, 379.6, 7291,-42.8,-52.3,-48.3, 34, 52, 0.08,274,41.6
2026-01-28 11:23:31,-83.4378,39.3731, 379.3, 7297,-42.8,-52.4,-48.4, 34, 52, 0.08,274,41.6
2026-01-28 11:23:32,-83.4373,39.3731, 378.9, 7303,-42.9,-52.5,-48.4, 34, 52, 0.08,274,41.6
2026-01-28 11:23:33,-83.4368,39.3731, 378.6, 7309,-42.9,-52.5,-48.5, 34, 52, 0.08,274,41.5
2026-01-28 11:23:34,-83.4363,39.3730, 378.2, 7315,-43.0,-52.6,-48.5, 34, 52, 0.08,274,41.5
2026-01-28 11:23:35,-83.4359,39.3730, 377.9, 7321,-43.0,-52.6,-48.6, 34, 51, 0.08,274,41.5
2026-01-28 11:23:36,-83.4354,39.3730, 377.6, 7327,-43.1,-52.7,-48.6, 34, 51, 0.08,274,41.6
2026-01-28 11:23:37,-83.4349,39.3730, 377.2, 7333,-43.1,-52.7,-48.7, 34, 51, 0.08,274,41.6
2026-01-28 11:23:38,-83.4344,39.3730, 376.9, 7339,-43.1,-52.8,-48.7, 34, 51, 0.08,274,41.7
2026-01-28 11:23:39,-83.4339,39.3729, 376.6, 7345,-43.2,-52.8,-48.8, 34, 51, 0.08,274,41.7
2026-01-28 11:23:40,-83.4334,39.3729, 376.2, 7351,-43.2,-52.9,-48.8, 34, 51, 0.08,274,41.8
2026-01-28 11:23:41,-83.4329,39.3729, 375.9, 7357,-43.2,-52.9,-48.9, 34, 51, 0.07,274,41.9
2026-01-28 11:23:42,-83.4324,39.3729, 375.6, 7363,-43.3,-52.9,-48.9, 34, 51, 0.07,273,41.9
2026-01-28 11:23:43,-83.4319,39.3728, 375.2, 7369,-43.3,-53.0,-48.9, 34, 51, 0.07,273,42.0
2026-01-28 11:23:44,-83.4314,39.3728, 374.9, 7374,-43.4,-53.0,-49.0, 34, 51, 0.07,273,42.0
2026-01-28 11:23:45,-83.4310,39.3728, 374.6, 7380,-43.4,-53.0,-49.0, 34, 51, 0.07,273,42.1
2026-01-28 11:23:46,-83.4305,39.3728, 374.3, 7386,-43.4,-53.1,-49.0, 34, 51, 0.07,273,42.1
2026-01-28 11:23:47,-83.4300,39.3728, 374.0, 7392,-43.5,-53.1,-49.1, 34, 51, 0.07,273,42.2
2026-01-28 11:23:48,-83.4295,39.3727, 373.6, 7397,-43.5,-53.2,-49.1, 34, 51, 0.07,273,42.2
2026-01-28 11:23:49,-83.4290,39.3727, 373.3, 7403,-43.5,-53.2,-49.1, 34, 51, 0.07,273,42.3
2026-01-28 11:23:50,-83.4285,39.3727, 373.0, 7409,-43.6,-53.2,-49.2, 34, 51, 0.07,273,42.3
2026-01-28 11:23:51,-83.4280,39.3727, 372.7, 7414,-43.6,-53.3,-49.2, 34, 51, 0.07,273,42.4
2026-01-28 11:23:52,-83.4275,39.3726, 372.4, 7419,-43.7,-53.3,-49.3, 34, 51, 0.07,273,42.4
2026-01-28 11:23:53,-83.4271,39.3726, 372.1, 7424,-43.7,-53.3,-49.3, 34, 51, 0.07,273,42.5
2026-01-28 11:23:54,-83.4266,39.3726, 371.8, 7430,-43.7,-53.4,-49.3, 34, 51, 0.07,273,42.5
2026-01-28 11:23:55,-83.4261,39.3726, 371.5, 7435,-43.8,-53.4,-49.3, 34, 52, 0.07,273,42.6
2026-01-28 11:23:56,-83.4256,39.3725, 371.2, 7440,-43.8,-53.4,-49.3, 34, 52, 0.07,273,42.6
2026-01-28 11:23:57,-83.4251,39.3725, 370.9, 7446,-43.9,-53.4,-49.4, 34, 52, 0.07,273,42.6
2026-01-28 11:23:58,-83.4246,39.3725, 370.6, 7452,-43.9,-53.4,-49.4, 34, 52, 0.07,273,42.6
2026-01-28 11:23:59,-83.4241,39.3725, 370.3, 7457,-43.9,-53.4,-49.4, 34, 52, 0.07,273,42.7
2026-01-28 11:24:00,-83.4236,39.3724, 370.0, 7463,-44.0,-53.5,-49.4, 34, 52, 0.07,273,42.7
2026-01-28 11:24:01,-83.4231,39.3724, 369.7, 7469,-44.0,-53.5,-49.4, 34, 52, 0.07,273,42.7
2026-01-28 11:24:02,-83.4226,39.3724, 369.3, 7475,-44.1,-53.5,-49.5, 34, 52, 0.07,273,42.8
2026-01-28 11:24:03,-83.4220,39.3724, 369.0, 7481,-44.1,-53.5,-49.5, 34, 53, 0.07,273,42.8
2026-01-28 11:24:04,-83.4215,39.3724, 368.6, 7487,-44.1,-53.5,-49.5, 34, 53, 0.07,273,42.8
2026-01-28 11:24:05,-83.4210,39.3723, 368.3, 7494,-44.2,-53.5,-49.5, 35, 53, 0.07,273,42.8
2026-01-28 11:24:06,-83.4205,39.3723, 368.0, 7500,-44.2,-53.6,-49.5, 35, 53, 0.07,273,42.9
2026-01-28 11:24:07,-83.4200,39.3723, 367.7, 7506,-44.3,-53.6,-49.5, 35, 53, 0.07,273,42.9
2026-01-28 11:24:08,-83.4195,39.3723, 367.3, 7512,-44.3,-53.6,-49.6, 35, 53, 0.07,273,42.9
2026-01-28 11:24:09,-83.4190,39.3722, 367.0, 7517,-44.3,-53.6,-49.6, 35, 53, 0.07,273,42.9
2026-01-28 11:24:10,-83.4185,39.3722, 366.7, 7523,-44.4,-53.7,-49.6, 35, 53, 0.07,273,43.0
2026-01-28 11:24:11,-83.4180,39.3722, 366.4, 7528,-44.4,-53.7,-49.6, 35, 53, 0.07,273,43.0
2026-01-28 11:24:12,-83.4175,39.3722, 366.1, 7534,-44.4,-53.7,-49.7, 35, 53, 0.07,273,43.0
2026-01-28 11:24:13,-83.4170,39.3721, 365.8, 7540,-44.5,-53.7,-49.7, 35, 53, 0.07,273,43.0
2026-01-28 11:24:14,-83.4165,39.3721, 365.4, 7546,-44.5,-53.8,-49.7, 35, 54, 0.07,273,43.1
2026-01-28 11:24:15,-83.4160,39.3721, 365.1, 7552,-44.5,-53.8,-49.7, 35, 54, 0.07,272,43.1
2026-01-28 11:24:16,-83.4155,39.3721, 364.8, 7558,-44.6,-53.8,-49.8, 35, 54, 0.07,273,43.2
2026-01-28 11:24:17,-83.4150,39.3720, 364.4, 7565,-44.6,-53.8,-49.8, 35, 54, 0.07,273,43.3
2026-01-28 11:24:18,-83.4145,39.3720, 364.1, 7571,-44.6,-53.9,-49.8, 35, 54, 0.07,273,43.4
2026-01-28 11:24:19,-83.4139,39.3720, 363.8, 7577,-44.7,-53.9,-49.8, 35, 54, 0.07,273,43.4
2026-01-28 11:24:20,-83.4134,39.3720, 363.5, 7582,-44.7,-53.9,-49.8, 35, 54, 0.07,273,43.5
2026-01-28 11:24:21,-83.4129,39.3720, 363.2, 7588,-44.8,-53.9,-49.8, 35, 54, 0.07,273,43.6
2026-01-28 11:24:22,-83.4124,39.3719, 362.8, 7594,-44.8,-53.9,-49.8, 35, 55, 0.07,273,43.7
2026-01-28 11:24:23,-83.4119,39.3719, 362.5, 7600,-44.8,-53.9,-49.8, 36, 55, 0.07,273,43.8
2026-01-28 11:24:24,-83.4114,39.3719, 362.2, 7605,-44.9,-53.9,-49.8, 36, 55, 0.07,273,43.9
2026-01-28 11:24:25,-83.4109,39.3719, 362.0, 7610,-44.9,-53.9,-49.8, 36, 55, 0.07,273,44.0
2026-01-28 11:24:26,-83.4104,39.3718, 361.7, 7615,-44.9,-53.9,-49.8, 36, 55, 0.07,273,44.0
2026-01-28 11:24:27,-83.4099,39.3718, 361.4, 7620,-45.0,-53.9,-49.8, 36, 56, 0.07,273,44.1
2026-01-28 11:24:28,-83.4094,39.3718, 361.2, 7624,-45.0,-53.9,-49.8, 36, 56, 0.07,274,44.2
2026-01-28 11:24:29,-83.4089,39.3717, 360.9, 7629,-45.1,-53.9,-49.8, 36, 56, 0.07,274,44.3
2026-01-28 11:24:30,-83.4083,39.3717, 360.7, 7634,-45.1,-53.9,-49.8, 37, 56, 0.07,274,44.4
2026-01-28 11:24:31,-83.4078,39.3717, 360.4, 7639,-45.2,-53.9,-49.8, 37, 57, 0.07,274,44.5
2026-01-28 11:24:32,-83.4073,39.3717, 360.1, 7644,-45.2,-53.9,-49.9, 37, 57, 0.07,274,44.6
2026-01-28 11:24:33,-83.4068,39.3716, 359.8, 7649,-45.3,-54.0,-49.9, 37, 57, 0.07,274,44.6
2026-01-28 11:24:34,-83.4063,39.3716, 359.5, 7654,-45.3,-54.0,-49.9, 37, 57, 0.07,274,44.7
2026-01-28 11:24:35,-83.4057,39.3716, 359.2, 7659,-45.4,-54.0,-50.0, 37, 57, 0.07,274,44.8
2026-01-28 11:24:36,-83.4052,39.3715, 358.9, 7667,-45.4,-54.1,-50.0, 37, 58, 0.07,274,44.8
2026-01-28 11:24:37,-83.4047,39.3715, 358.5, 7674,-45.5,-54.1,-50.0, 37, 58, 0.07,274,44.8
2026-01-28 11:24:38,-83.4042,39.3715, 358.1, 7681,-45.6,-54.1,-50.1, 37, 58, 0.07,274,44.8
2026-01-28 11:24:39,-83.4037,39.3714, 357.7, 7689,-45.6,-54.2,-50.1, 37, 58, 0.07,274,44.8
2026-01-28 11:24:40,-83.4032,39.3714, 357.4, 7696,-45.7,-54.2,-50.1, 38, 58, 0.07,274,44.8
2026-01-28 11:24:41,-83.4026,39.3714, 357.0, 7703,-45.7,-54.2,-50.2, 38, 58, 0.07,274,44.8
2026-01-28 11:24:42,-83.4021,39.3714, 356.6, 7710,-45.8,-54.3,-50.2, 38, 59, 0.07,274,44.8
2026-01-28 11:24:43,-83.4016,39.3713, 356.2, 7717,-45.8,-54.3,-50.2, 38, 59, 0.07,274,44.8
2026-01-28 11:24:44,-83.4011,39.3713, 355.9, 7723,-45.9,-54.3,-50.3, 38, 59, 0.07,274,44.8
2026-01-28 11:24:45,-83.4006,39.3713, 355.5, 7730,-46.0,-54.4,-50.3, 38, 59, 0.07,274,44.8
2026-01-28 11:24:46,-83.4001,39.3712, 355.2, 7737,-46.0,-54.4,-50.3, 38, 59, 0.07,274,44.8
2026-01-28 11:24:47,-83.3995,39.3712, 354.8, 7743,-46.1,-54.4,-50.4, 38, 59, 0.07,274,44.8
2026-01-28 11:24:48,-83.3990,39.3712, 354.5, 7749,-46.1,-54.5,-50.4, 38, 60, 0.07,274,44.8
2026-01-28 11:24:49,-83.3985,39.3711, 354.2, 7756,-46.2,-54.5,-50.4, 38, 60, 0.07,274,44.8
2026-01-28 11:24:50,-83.3980,39.3711, 353.9, 7762,-46.2,-54.5,-50.4, 38, 60, 0.07,274,44.8
2026-01-28 11:24:51,-83.3975,39.3711, 353.6, 7768,-46.3,-54.5,-50.5, 39, 60, 0.07,274,44.8
2026-01-28 11:24:52,-83.3969,39.3711, 353.3, 7774,-46.3,-54.6,-50.5, 39, 60, 0.07,274,44.8
2026-01-28 11:24:53,-83.3964,39.3710, 353.0, 7779,-46.4,-54.6,-50.5, 39, 61, 0.07,274,44.8
2026-01-28 11:24:54,-83.3959,39.3710, 352.7, 7783,-46.5,-54.6,-50.5, 39, 61, 0.06,274,44.8
2026-01-28 11:24:55,-83.3954,39.3710, 352.4, 7788,-46.5,-54.7,-50.6, 39, 61, 0.06,274,44.8
2026-01-28 11:24:56,-83.3949,39.3709, 352.1, 7792,-46.6,-54.7,-50.6, 39, 61, 0.06,274,44.8
2026-01-28 11:24:57,-83.3944,39.3709, 351.9, 7797,-46.6,-54.7,-50.6, 39, 61, 0.06,274,44.8
2026-01-28 11:24:58,-83.3937,39.3709, 351.6, 7802,-46.7,-54.7,-50.7, 39, 61, 0.06,274,44.8
2026-01-28 11:24:59,-83.3933,39.3708, 351.3, 7808,-46.7,-54.8,-50.7, 39, 62, 0.06,274,44.8
2026-01-28 11:25:00,-83.3928,39.3708, 351.1, 7813,-46.8,-54.8,-50.7, 39, 62, 0.06,274,44.8
2026-01-28 11:25:01,-83.3923,39.3708, 350.8, 7818,-46.8,-54.9,-50.8, 39, 62, 0.06,274,44.7
2026-01-28 11:25:02,-83.3918,39.3707, 350.5, 7824,-46.9,-54.9,-50.8, 39, 62, 0.06,274,44.7
2026-01-28 11:25:03,-83.3912,39.3707, 350.2, 7829,-46.9,-55.0,-50.9, 39, 62, 0.06,274,44.7
2026-01-28 11:25:04,-83.3907,39.3707, 350.0, 7835,-47.0,-55.0,-50.9, 39, 62, 0.06,274,44.7
2026-01-28 11:25:05,-83.3902,39.3706, 349.7, 7840,-47.0,-55.0,-50.9, 39, 62, 0.06,274,44.7
2026-01-28 11:25:06,-83.3897,39.3706, 349.4, 7845,-47.0,-55.1,-51.0, 39, 62, 0.06,274,44.7
2026-01-28 11:25:07,-83.3892,39.3706, 349.1, 7851,-47.1,-55.1,-51.0, 39, 62, 0.06,275,44.7
2026-01-28 11:25:08,-83.3886,39.3705, 348.8, 7856,-47.1,-55.2,-51.1, 39, 62, 0.06,275,44.6
2026-01-28 11:25:09,-83.3881,39.3705, 348.5, 7861,-47.2,-55.2,-51.1, 39, 62, 0.06,275,44.6
2026-01-28 11:25:10,-83.3876,39.3704, 348.2, 7867,-47.2,-55.3,-51.2, 39, 62, 0.06,275,44.6
2026-01-28 11:25:11,-83.3871,39.3704, 347.9, 7873,-47.3,-55.3,-51.2, 39, 62, 0.06,275,44.6
2026-01-28 11:25:12,-83.3865,39.3704, 347.6, 7878,-47.3,-55.4,-51.3, 39, 62, 0.06,275,44.6
2026-01-28 11:25:13,-83.3860,39.3703, 347.3, 7884,-47.4,-55.4,-51.3, 39, 62, 0.06,275,44.6
2026-01-28 11:25:14,-83.3855,39.3703, 347.0, 7889,-47.4,-55.5,-51.4, 39, 62, 0.06,275,44.5
2026-01-28 11:25:15,-83.3850,39.3703, 346.7, 7895,-47.4,-55.5,-51.4, 39, 62, 0.06,275,44.5
2026-01-28 11:25:16,-83.3845,39.3702, 346.4, 7902,-47.5,-55.6,-51.4, 39, 62, 0.06,275,44.6
2026-01-28 11:25:17,-83.3839,39.3702, 346.1, 7908,-47.5,-55.6,-51.5, 39, 62, 0.06,275,44.7
2026-01-28 11:25:18,-83.3834,39.3702, 345.8, 7914,-47.6,-55.7,-51.5, 39, 61, 0.06,275,44.7
2026-01-28 11:25:19,-83.3829,39.3701, 345.5, 7920,-47.6,-55.7,-51.6, 39, 61, 0.06,275,44.8
2026-01-28 11:25:20,-83.3824,39.3701, 345.1, 7926,-47.7,-55.8,-51.6, 39, 61, 0.06,275,44.8
2026-01-28 11:25:21,-83.3819,39.3701, 344.8, 7932,-47.7,-55.8,-51.7, 39, 61, 0.06,275,44.9
2026-01-28 11:25:22,-83.3813,39.3700, 344.5, 7939,-47.7,-55.8,-51.7, 39, 61, 0.06,275,45.0
2026-01-28 11:25:23,-83.3808,39.3700, 344.1, 7945,-47.8,-55.9,-51.8, 39, 61, 0.06,275,45.0
2026-01-28 11:25:24,-83.3803,39.3700, 343.8, 7952,-47.8,-55.9,-51.8, 39, 61, 0.06,275,45.1
2026-01-28 11:25:25,-83.3798,39.3699, 343.5, 7958,-47.9,-56.0,-51.9, 39, 61, 0.06,275,45.2
2026-01-28 11:25:26,-83.3792,39.3699, 343.2, 7964,-47.9,-56.0,-51.9, 38, 61, 0.06,275,45.2
2026-01-28 11:25:27,-83.3787,39.3699, 342.9, 7970,-47.9,-56.1,-51.9, 39, 61, 0.06,274,45.3
2026-01-28 11:25:28,-83.3782,39.3698, 342.6, 7975,-48.0,-56.1,-52.0, 39, 61, 0.06,274,45.4
2026-01-28 11:25:29,-83.3777,39.3698, 342.3, 7981,-48.0,-56.1,-52.0, 39, 61, 0.06,274,45.4
2026-01-28 11:25:30,-83.3772,39.3698, 342.0, 7987,-48.0,-56.1,-52.0, 39, 61, 0.06,274,45.5
2026-01-28 11:25:31,-83.3766,39.3697, 341.7, 7992,-48.1,-56.2,-52.0, 39, 61, 0.06,274,45.5
2026-01-28 11:25:32,-83.3761,39.3697, 341.4, 7998,-48.1,-56.2,-52.1, 39, 61, 0.06,274,45.6
2026-01-28 11:25:33,-83.3756,39.3697, 341.1, 8004,-48.1,-56.2,-52.1, 39, 61, 0.06,274,45.7
2026-01-28 11:25:34,-83.3751,39.3696, 340.8, 8009,-48.2,-56.2,-52.1, 39, 61, 0.06,274,45.7
2026-01-28 11:25:35,-83.3745,39.3696, 340.5, 8015,-48.2,-56.3,-52.1, 39, 62, 0.06,274,45.8
2026-01-28 11:25:36,-83.3740,39.3696, 340.2, 8021,-48.2,-56.3,-52.2, 39, 62, 0.05,274,45.8
2026-01-28 11:25:37,-83.3735,39.3695, 339.9, 8026,-48.3,-56.3,-52.2, 39, 62, 0.05,274,45.8
2026-01-28 11:25:38,-83.3730,39.3695, 339.6, 8032,-48.3,-56.3,-52.2, 39, 62, 0.05,274,45.7
2026-01-28 11:25:39,-83.3724,39.3695, 339.3, 8038,-48.4,-56.4,-52.2, 39, 62, 0.05,274,45.7
2026-01-28 11:25:40,-83.3719,39.3694, 339.0, 8044,-48.4,-56.4,-52.3, 39, 62, 0.05,274,45.7
2026-01-28 11:25:41,-83.3714,39.3694, 338.7, 8050,-48.4,-56.5,-52.3, 39, 62, 0.05,274,45.7
2026-01-28 11:25:42,-83.3709,39.3694, 338.4, 8057,-48.5,-56.5,-52.4, 39, 62, 0.05,274,45.7
2026-01-28 11:25:43,-83.3703,39.3693, 338.0, 8063,-48.5,-56.6,-52.4, 39, 61, 0.05,274,45.6
2026-01-28 11:25:44,-83.3698,39.3693, 337.7, 8069,-48.6,-56.6,-52.5, 38, 61, 0.05,274,45.6
2026-01-28 11:25:45,-83.3693,39.3693, 337.4, 8076,-48.6,-56.7,-52.6, 38, 61, 0.05,274,45.6
2026-01-28 11:25:46,-83.3688,39.3692, 337.1, 8082,-48.6,-56.8,-52.6, 38, 61, 0.05,274,45.6
2026-01-28 11:25:47,-83.3682,39.3692, 336.7, 8089,-48.7,-56.8,-52.7, 38, 61, 0.05,274,45.6
2026-01-28 11:25:48,-83.3677,39.3692, 336.4, 8095,-48.7,-56.9,-52.7, 38, 61, 0.05,274,45.5
2026-01-28 11:25:49,-83.3672,39.3691, 336.1, 8101,-48.8,-56.9,-52.8, 38, 61, 0.05,274,45.5
2026-01-28 11:25:50,-83.3667,39.3691, 335.8, 8108,-48.8,-57.0,-52.8, 38, 61, 0.05,274,45.5
2026-01-28 11:25:51,-83.3661,39.3691, 335.4, 8114,-48.8,-57.0,-52.9, 38, 60, 0.05,274,45.5
2026-01-28 11:25:52,-83.3656,39.3690, 335.1, 8120,-48.9,-57.1,-52.9, 38, 60, 0.05,274,45.5
2026-01-28 11:25:53,-83.3651,39.3690, 334.8, 8127,-48.9,-57.1,-53.0, 38, 60, 0.05,274,45.4
2026-01-28 11:25:54,-83.3646,39.3690, 334.5, 8133,-48.9,-57.2,-53.0, 37, 60, 0.05,274,45.4
2026-01-28 11:25:55,-83.3640,39.3690, 334.1, 8139,-48.9,-57.3,-53.1, 37, 59, 0.05,274,45.4
2026-01-28 11:25:56,-83.3635,39.3689, 333.8, 8145,-49.0,-57.4,-53.2, 37, 59, 0.05,274,45.4
2026-01-28 11:25:57,-83.3630,39.3689, 333.5, 8152,-49.0,-57.4,-53.3, 37, 59, 0.05,274,45.4
2026-01-28 11:25:58,-83.3625,39.3688, 333.2, 8158,-49.0,-57.5,-53.4, 36, 58, 0.05,274,45.4
2026-01-28 11:25:59,-83.3619,39.3688, 332.9, 8164,-49.1,-57.6,-53.4, 36, 58, 0.05,274,45.4
2026-01-28 11:26:00,-83.3614,39.3688, 332.6, 8170,-49.1,-57.7,-53.5, 36, 58, 0.05,274,45.5
2026-01-28 11:26:01,-83.3609,39.3687, 332.3, 8176,-49.1,-57.8,-53.6, 36, 57, 0.05,274,45.5
2026-01-28 11:26:02,-83.3603,39.3687, 332.0, 8182,-49.1,-57.8,-53.7, 35, 57, 0.05,274,45.5
2026-01-28 11:26:03,-83.3598,39.3687, 331.7, 8188,-49.2,-57.9,-53.8, 35, 56, 0.05,274,45.5
2026-01-28 11:26:04,-83.3593,39.3686, 331.4, 8194,-49.2,-58.0,-53.8, 35, 56, 0.05,274,45.5
2026-01-28 11:26:05,-83.3587,39.3686, 331.1, 8200,-49.2,-58.1,-53.9, 35, 56, 0.05,274,45.5
2026-01-28 11:26:06,-83.3582,39.3686, 330.8, 8206,-49.2,-58.2,-54.0, 34, 55, 0.04,274,45.5
2026-01-28 11:26:07,-83.3577,39.3685, 330.4, 8212,-49.2,-58.2,-54.0, 34, 55, 0.04,274,45.5
2026-01-28 11:26:08,-83.3572,39.3685, 330.1, 8219,-49.3,-58.3,-54.1, 34, 55, 0.04,274,45.5
2026-01-28 11:26:09,-83.3566,39.3685, 329.8, 8225,-49.3,-58.3,-54.1, 34, 54, 0.04,274,45.5
2026-01-28 11:26:10,-83.3561,39.3684, 329.5, 8231,-49.3,-58.4,-54.2, 34, 54, 0.04,274,45.5
2026-01-28 11:26:11,-83.3556,39.3684, 329.2, 8237,-49.3,-58.4,-54.3, 34, 54, 0.04,274,45.6
2026-01-28 11:26:12,-83.3550,39.3683, 328.9, 8243,-49.3,-58.5,-54.3, 33, 54, 0.04,274,45.6
2026-01-28 11:26:13,-83.3545,39.3683, 328.6, 8249,-49.4,-58.5,-54.4, 33, 53, 0.04,274,45.6
2026-01-28 11:26:14,-83.3540,39.3683, 328.3, 8255,-49.4,-58.6,-54.4, 33, 53, 0.04,274,45.6
2026-01-28 11:26:15,-83.3535,39.3682, 328.0, 8261,-49.4,-58.7,-54.5, 33, 53, 0.04,274,45.6
2026-01-28 11:26:16,-83.3529,39.3682, 327.7, 8267,-49.4,-58.7,-54.5, 33, 53, 0.04,274,45.6
2026-01-28 11:26:17,-83.3524,39.3682, 327.4, 8273,-49.4,-58.8,-54.6, 33, 52, 0.04,274,45.7
2026-01-28 11:26:18,-83.3519,39.3681, 327.1, 8279,-49.4,-58.8,-54.6, 32, 52, 0.04,274,45.7
2026-01-28 11:26:19,-83.3513,39.3681, 326.8, 8285,-49.5,-58.9,-54.7, 32, 52, 0.04,274,45.7
2026-01-28 11:26:20,-83.3508,39.3681, 326.5, 8290,-49.5,-59.0,-54.8, 32, 52, 0.04,274,45.8
2026-01-28 11:26:21,-83.3503,39.3680, 326.2, 8296,-49.6,-59.0,-54.8, 32, 52, 0.04,274,45.8
2026-01-28 11:26:22,-83.3497,39.3680, 325.9, 8302,-49.6,-59.1,-54.9, 32, 51, 0.04,275,45.8
2026-01-28 11:26:23,-83.3492,39.3679, 325.6, 8308,-49.6,-59.1,-54.9, 32, 51, 0.04,275,45.9
2026-01-28 11:26:24,-83.3487,39.3679, 325.4, 8314,-49.7,-59.2,-55.0, 32, 51, 0.04,275,45.9
2026-01-28 11:26:25,-83.3482,39.3679, 325.1, 8320,-49.7,-59.2,-55.0, 32, 51, 0.04,275,45.9
2026-01-28 11:26:26,-83.3476,39.3678, 324.9, 8325,-49.7,-59.3,-55.1, 32, 51, 0.04,275,46.0
2026-01-28 11:26:27,-83.3471,39.3678, 324.6, 8331,-49.8,-59.3,-55.1, 32, 51, 0.04,275,46.0
2026-01-28 11:26:28,-83.3466,39.3678, 324.4, 8335,-49.8,-59.4,-55.2, 32, 51, 0.04,275,46.0
2026-01-28 11:26:29,-83.3460,39.3677, 324.1, 8339,-49.9,-59.4,-55.2, 32, 51, 0.04,275,46.1
2026-01-28 11:26:30,-83.3455,39.3677, 323.9, 8344,-49.9,-59.5,-55.3, 32, 51, 0.04,275,46.1
2026-01-28 11:26:31,-83.3450,39.3677, 323.6, 8348,-49.9,-59.5,-55.3, 32, 51, 0.04,275,46.2
2026-01-28 11:26:32,-83.3445,39.3676, 323.4, 8352,-50.0,-59.6,-55.3, 31, 51, 0.04,275,46.2
2026-01-28 11:26:33,-83.3439,39.3676, 323.1, 8357,-50.0,-59.6,-55.4, 31, 51, 0.04,275,46.2
2026-01-28 11:26:34,-83.3434,39.3676, 322.8, 8363,-50.1,-59.7,-55.5, 31, 51, 0.04,275,46.3
2026-01-28 11:26:35,-83.3429,39.3675, 322.6, 8369,-50.1,-59.7,-55.5, 31, 51, 0.04,275,46.3
2026-01-28 11:26:36,-83.3424,39.3675, 322.3, 8375,-50.2,-59.8,-55.6, 31, 50, 0.04,275,46.3
2026-01-28 11:26:37,-83.3418,39.3675, 322.0, 8381,-50.2,-59.9,-55.6, 31, 50, 0.04,275,46.2
2026-01-28 11:26:38,-83.3413,39.3674, 321.7, 8387,-50.3,-59.9,-55.7, 31, 50, 0.04,275,46.2
2026-01-28 11:26:39,-83.3408,39.3674, 321.3, 8394,-50.3,-60.0,-55.8, 31, 50, 0.04,275,46.2
2026-01-28 11:26:40,-83.3402,39.3674, 321.0, 8401,-50.4,-60.0,-55.8, 31, 50, 0.04,275,46.1
2026-01-28 11:26:41,-83.3397,39.3674, 320.7, 8408,-50.4,-60.1,-55.9, 31, 50, 0.04,275,46.1
2026-01-28 11:26:42,-83.3392,39.3673, 320.3, 8415,-50.5,-60.2,-56.0, 31, 50, 0.04,275,46.1
2026-01-28 11:26:43,-83.3387,39.3673, 320.0, 8422,-50.5,-60.2,-56.0, 31, 50, 0.04,275,46.0
2026-01-28 11:26:44,-83.3381,39.3673, 319.7, 8429,-50.6,-60.3,-56.1, 31, 50, 0.04,275,46.0
2026-01-28 11:26:45,-83.3376,39.3672, 319.4, 8434,-50.6,-60.4,-56.1, 31, 50, 0.04,275,46.0
2026-01-28 11:26:46,-83.3371,39.3672, 319.1, 8440,-50.7,-60.4,-56.2, 30, 49, 0.03,275,45.9
2026-01-28 11:26:47,-83.3366,39.3672, 318.8, 8446,-50.7,-60.5,-56.3, 30, 49, 0.03,275,45.9
2026-01-28 11:26:48,-83.3360,39.3671, 318.5, 8452,-50.8,-60.5,-56.3, 30, 49, 0.03,275,45.9
2026-01-28 11:26:49,-83.3355,39.3671, 318.2, 8458,-50.8,-60.6,-56.3, 30, 49, 0.03,275,45.8
2026-01-28 11:26:50,-83.3350,39.3671, 317.9, 8464,-50.9,-60.6,-56.4, 30, 49, 0.03,274,45.8
2026-01-28 11:26:51,-83.3345,39.3670, 317.6, 8470,-50.9,-60.7,-56.4, 30, 49, 0.03,274,45.8
2026-01-28 11:26:52,-83.3339,39.3670, 317.3, 8476,-50.9,-60.7,-56.5, 30, 49, 0.03,274,45.7
2026-01-28 11:26:53,-83.3334,39.3670, 317.0, 8482,-51.0,-60.8,-56.5, 30, 49, 0.03,274,45.7
2026-01-28 11:26:54,-83.3329,39.3669, 316.7, 8489,-51.0,-60.8,-56.6, 30, 49, 0.03,274,45.7
2026-01-28 11:26:55,-83.3324,39.3669, 316.5, 8495,-51.1,-60.9,-56.6, 30, 49, 0.03,274,45.7
2026-01-28 11:26:56,-83.3318,39.3669, 316.2, 8501,-51.1,-60.9,-56.7, 30, 49, 0.03,274,45.6
2026-01-28 11:26:57,-83.3313,39.3668, 315.9, 8507,-51.2,-61.0,-56.7, 30, 49, 0.03,274,45.5
2026-01-28 11:26:58,-83.3308,39.3668, 315.6, 8512,-51.2,-61.0,-56.8, 30, 49, 0.03,274,45.4
2026-01-28 11:26:59,-83.3303,39.3668, 315.3, 8518,-51.3,-61.1,-56.8, 30, 49, 0.03,274,45.3
2026-01-28 11:27:00,-83.3298,39.3668, 315.0, 8524,-51.3,-61.1,-56.9, 30, 49, 0.03,274,45.3
2026-01-28 11:27:01,-83.3292,39.3668, 314.7, 8530,-51.4,-61.2,-56.9, 30, 49, 0.03,274,45.2
2026-01-28 11:27:02,-83.3287,39.3668, 314.4, 8536,-51.4,-61.2,-57.0, 30, 49, 0.03,273,45.1
2026-01-28 11:27:03,-83.3282,39.3667, 314.2, 8542,-51.5,-61.3,-57.0, 30, 49, 0.03,273,45.0
2026-01-28 11:27:04,-83.3277,39.3667, 313.9, 8548,-51.5,-61.3,-57.1, 30, 49, 0.03,273,45.0
2026-01-28 11:27:05,-83.3272,39.3667, 313.6, 8554,-51.5,-61.4,-57.1, 30, 49, 0.03,273,44.9
2026-01-28 11:27:06,-83.3267,39.3667, 313.3, 8560,-51.6,-61.4,-57.2, 30, 49, 0.03,273,44.8
2026-01-28 11:27:07,-83.3262,39.3667, 313.0, 8565,-51.6,-61.4,-57.2, 30, 49, 0.03,273,44.8
2026-01-28 11:27:08,-83.3257,39.3667, 312.8, 8570,-51.7,-61.5,-57.3, 30, 49, 0.03,273,44.7
2026-01-28 11:27:09,-83.3252,39.3667, 312.5, 8576,-51.7,-61.5,-57.3, 30, 49, 0.03,273,44.6
2026-01-28 11:27:10,-83.3246,39.3666, 312.3, 8581,-51.8,-61.6,-57.4, 30, 49, 0.03,273,44.5
2026-01-28 11:27:11,-83.3241,39.3666, 312.0, 8586,-51.8,-61.6,-57.4, 30, 49, 0.03,272,44.5
2026-01-28 11:27:12,-83.3236,39.3666, 311.8, 8592,-51.9,-61.7,-57.4, 30, 49, 0.03,272,44.4
2026-01-28 11:27:13,-83.3231,39.3666, 311.5, 8597,-51.9,-61.7,-57.5, 30, 49, 0.03,272,44.3
2026-01-28 11:27:14,-83.3226,39.3666, 311.3, 8602,-51.9,-61.8,-57.5, 30, 49, 0.03,272,44.2
2026-01-28 11:27:15,-83.3221,39.3666, 311.0, 8607,-52.0,-61.8,-57.6, 30, 49, 0.03,272,44.2
2026-01-28 11:27:16,-83.3216,39.3665, 310.8, 8612,-52.0,-61.9,-57.6, 30, 49, 0.03,272,44.2
2026-01-28 11:27:17,-83.3210,39.3665, 310.5, 8618,-52.1,-61.9,-57.7, 30, 48, 0.03,272,44.2
2026-01-28 11:27:18,-83.3205,39.3665, 310.3, 8623,-52.1,-62.0,-57.7, 29, 48, 0.03,272,44.2
2026-01-28 11:27:19,-83.3200,39.3665, 310.0, 8628,-52.1,-62.0,-57.8, 29, 48, 0.03,272,44.2
2026-01-28 11:27:20,-83.3195,39.3665, 309.7, 8634,-52.2,-62.1,-57.8, 29, 48, 0.03,272,44.2
2026-01-28 11:27:21,-83.3190,39.3665, 309.5, 8640,-52.2,-62.1,-57.9, 29, 48, 0.03,272,44.2
2026-01-28 11:27:22,-83.3185,39.3665, 309.2, 8645,-52.2,-62.2,-57.9, 29, 48, 0.03,272,44.2
2026-01-28 11:27:23,-83.3180,39.3664, 308.9, 8651,-52.3,-62.2,-58.0, 29, 48, 0.03,272,44.2
2026-01-28 11:27:24,-83.3175,39.3664, 308.7, 8656,-52.3,-62.3,-58.0, 29, 48, 0.03,272,44.2
2026-01-28 11:27:25,-83.3170,39.3664, 308.4, 8662,-52.4,-62.3,-58.1, 29, 48, 0.03,272,44.2
2026-01-28 11:27:26,-83.3164,39.3664, 308.1, 8668,-52.4,-62.4,-58.1, 29, 48, 0.03,272,44.2
2026-01-28 11:27:27,-83.3159,39.3664, 307.8, 8673,-52.4,-62.4,-58.2, 29, 48, 0.03,272,44.2
2026-01-28 11:27:28,-83.3154,39.3664, 307.5, 8679,-52.5,-62.4,-58.2, 29, 48, 0.03,272,44.2
2026-01-28 11:27:29,-83.3149,39.3664, 307.3, 8685,-52.5,-62.5,-58.2, 29, 48, 0.03,272,44.2
2026-01-28 11:27:30,-83.3144,39.3664, 307.0, 8691,-52.5,-62.5,-58.2, 29, 48, 0.03,272,44.2
2026-01-28 11:27:31,-83.3139,39.3664, 306.7, 8698,-52.6,-62.5,-58.3, 29, 48, 0.03,272,44.2
2026-01-28 11:27:32,-83.3134,39.3664, 306.4, 8704,-52.6,-62.6,-58.3, 29, 48, 0.03,272,44.2
2026-01-28 11:27:33,-83.3129,39.3664, 306.1, 8711,-52.7,-62.6,-58.3, 29, 48, 0.03,272,44.2
2026-01-28 11:27:34,-83.3124,39.3664, 305.8, 8717,-52.7,-62.6,-58.4, 29, 48, 0.03,272,44.2
2026-01-28 11:27:35,-83.3119,39.3664, 305.6, 8722,-52.7,-62.7,-58.4, 29, 48, 0.03,272,44.2
2026-01-28 11:27:36,-83.3114,39.3664, 305.3, 8727,-52.8,-62.7,-58.4, 29, 48, 0.03,271,44.1
2026-01-28 11:27:37,-83.3108,39.3664, 305.0, 8733,-52.8,-62.7,-58.5, 29, 48, 0.03,271,44.1
2026-01-28 11:27:38,-83.3103,39.3664, 304.8, 8738,-52.8,-62.8,-58.5, 29, 48, 0.03,271,44.1
2026-01-28 11:27:39,-83.3098,39.3664, 304.6, 8743,-52.9,-62.8,-58.5, 29, 48, 0.03,271,44.1
2026-01-28 11:27:40,-83.3093,39.3664, 304.4, 8748,-52.9,-62.8,-58.5, 29, 48, 0.03,271,44.1
2026-01-28 11:27:41,-83.3088,39.3664, 304.1, 8752,-52.9,-62.8,-58.6, 29, 48, 0.03,271,44.1
2026-01-28 11:27:42,-83.3083,39.3664, 303.9, 8757,-52.9,-62.9,-58.6, 29, 48, 0.03,271,44.1
2026-01-28 11:27:43,-83.3078,39.3664, 303.7, 8761,-53.0,-62.9,-58.6, 29, 48, 0.03,271,44.1
2026-01-28 11:27:44,-83.3073,39.3664, 303.5, 8766,-53.0,-62.9,-58.7, 29, 48, 0.03,271,44.1
2026-01-28 11:27:45,-83.3068,39.3664, 303.2, 8771,-53.0,-63.0,-58.7, 29, 48, 0.03,270,44.1
2026-01-28 11:27:46,-83.3063,39.3664, 303.0, 8775,-53.0,-63.0,-58.7, 29, 48, 0.03,270,44.1
2026-01-28 11:27:47,-83.3058,39.3664, 302.8, 8780,-53.1,-63.0,-58.8, 29, 48, 0.03,270,44.1
2026-01-28 11:27:48,-83.3052,39.3664, 302.6, 8785,-53.1,-63.1,-58.8, 29, 48, 0.03,270,44.1
2026-01-28 11:27:49,-83.3047,39.3664, 302.3, 8789,-53.1,-63.1,-58.8, 29, 48, 0.03,270,44.1
2026-01-28 11:27:50,-83.3042,39.3664, 302.1, 8794,-53.1,-63.1,-58.9, 29, 47, 0.03,270,44.1
2026-01-28 11:27:51,-83.3037,39.3664, 301.8, 8799,-53.2,-63.2,-58.9, 29, 47, 0.03,270,44.1
2026-01-28 11:27:52,-83.3032,39.3664, 301.6, 8805,-53.2,-63.2,-58.9, 29, 47, 0.03,270,44.1
2026-01-28 11:27:53,-83.3027,39.3664, 301.4, 8810,-53.2,-63.2,-58.9, 29, 47, 0.03,270,44.0
2026-01-28 11:27:54,-83.3022,39.3664, 301.1, 8816,-53.2,-63.2,-59.0, 29, 47, 0.03,269,44.0
2026-01-28 11:27:55,-83.3017,39.3664, 300.8, 8822,-53.3,-63.3,-59.0, 28, 47, 0.03,269,44.0
2026-01-28 11:27:56,-83.3012,39.3663, 300.5, 8827,-53.3,-63.3,-59.1, 28, 47, 0.03,269,44.0
2026-01-28 11:27:57,-83.3007,39.3663, 300.3, 8833,-53.3,-63.4,-59.1, 28, 47, 0.03,269,44.0
2026-01-28 11:27:58,-83.3001,39.3664, 300.0, 8839,-53.3,-63.4,-59.1, 28, 47, 0.03,269,44.1
2026-01-28 11:27:59,-83.2996,39.3664, 299.7, 8846,-53.4,-63.4,-59.2, 28, 47, 0.03,269,44.1
2026-01-28 11:28:00,-83.2991,39.3664, 299.4, 8852,-53.4,-63.5,-59.2, 28, 47, 0.02,269,44.1
2026-01-28 11:28:01,-83.2986,39.3664, 299.1, 8859,-53.4,-63.5,-59.2, 28, 47, 0.02,269,44.1
2026-01-28 11:28:02,-83.2981,39.3664, 298.9, 8865,-53.4,-63.5,-59.3, 28, 47, 0.02,269,44.1
2026-01-28 11:28:03,-83.2976,39.3664, 298.6, 8871,-53.5,-63.6,-59.3, 28, 47, 0.02,269,44.1
2026-01-28 11:28:04,-83.2971,39.3664, 298.3, 8877,-53.5,-63.6,-59.3, 28, 46, 0.02,269,44.1
2026-01-28 11:28:05,-83.2966,39.3664, 298.0, 8882,-53.5,-63.7,-59.4, 28, 46, 0.02,269,44.1
2026-01-28 11:28:06,-83.2959,39.3664, 297.7, 8888,-53.6,-63.7,-59.4, 28, 46, 0.02,269,44.1
2026-01-28 11:28:07,-83.2956,39.3664, 297.4, 8896,-53.6,-63.8,-59.5, 28, 46, 0.02,269,44.1
2026-01-28 11:28:08,-83.2951,39.3664, 297.2, 8900,-53.7,-63.8,-59.5, 28, 46, 0.02,269,44.1
2026-01-28 11:28:09,-83.2946,39.3664, 296.9, 8907,-53.7,-63.8,-59.6, 28, 46, 0.02,269,44.1
2026-01-28 11:28:10,-83.2940,39.3665, 296.6, 8913,-53.8,-63.9,-59.6, 28, 46, 0.02,269,44.1
2026-01-28 11:28:11,-83.2935,39.3665, 296.3, 8919,-53.8,-63.9,-59.7, 28, 46, 0.02,269,44.1
2026-01-28 11:28:12,-83.2930,39.3665, 296.0, 8926,-53.8,-64.0,-59.7, 28, 46, 0.02,269,44.1
2026-01-28 11:28:13,-83.2925,39.3665, 295.7, 8932,-53.9,-64.0,-59.7, 28, 46, 0.02,269,44.1
2026-01-28 11:28:14,-83.2920,39.3665, 295.4, 8939,-53.9,-64.0,-59.8, 28, 47, 0.02,269,44.1
2026-01-28 11:28:15,-83.2915,39.3665, 295.1, 8945,-54.0,-64.1,-59.8, 28, 46, 0.02,269,44.1
2026-01-28 11:28:16,-83.2910,39.3665, 294.8, 8952,-54.0,-64.1,-59.8, 28, 47, 0.02,269,44.1
2026-01-28 11:28:17,-83.2905,39.3665, 294.5, 8958,-54.1,-64.2,-59.9, 28, 47, 0.02,269,44.1
2026-01-28 11:28:18,-83.2900,39.3665, 294.2, 8964,-54.1,-64.2,-59.9, 28, 47, 0.02,269,44.0
2026-01-28 11:28:19,-83.2895,39.3665, 294.0, 8971,-54.2,-64.2,-60.0, 28, 47, 0.02,269,44.0
2026-01-28 11:28:20,-83.2890,39.3665, 293.8, 8976,-54.2,-64.3,-60.0, 28, 47, 0.02,269,44.0
2026-01-28 11:28:21,-83.2884,39.3666, 293.5, 8981,-54.3,-64.3,-60.1, 28, 47, 0.02,269,43.9
2026-01-28 11:28:22,-83.2879,39.3666, 293.3, 8985,-54.4,-64.4,-60.1, 28, 47, 0.02,269,43.9
2026-01-28 11:28:23,-83.2874,39.3666, 293.1, 8990,-54.4,-64.4,-60.1, 28, 47, 0.02,269,43.9
2026-01-28 11:28:24,-83.2869,39.3666, 292.8, 8995,-54.5,-64.5,-60.2, 28, 47, 0.02,268,43.9
2026-01-28 11:28:25,-83.2864,39.3666, 292.5, 9001,-54.5,-64.5,-60.2, 28, 47, 0.02,268,43.8
2026-01-28 11:28:26,-83.2859,39.3666, 292.2, 9007,-54.6,-64.6,-60.3, 28, 47, 0.02,268,43.8
2026-01-28 11:28:27,-83.2854,39.3666, 292.0, 9014,-54.6,-64.6,-60.3, 28, 47, 0.02,268,43.8
2026-01-28 11:28:28,-83.2849,39.3666, 291.7, 9020,-54.7,-64.7,-60.4, 28, 47, 0.02,268,43.7
2026-01-28 11:28:29,-83.2844,39.3666, 291.4, 9027,-54.8,-64.7,-60.4, 28, 47, 0.02,268,43.7
2026-01-28 11:28:30,-83.2839,39.3666, 291.1, 9033,-54.8,-64.8,-60.5, 28, 47, 0.02,268,43.7
2026-01-28 11:28:31,-83.2834,39.3666, 290.8, 9039,-54.9,-64.8,-60.5, 28, 47, 0.02,268,43.6
2026-01-28 11:28:32,-83.2829,39.3667, 290.6, 9044,-54.9,-64.8,-60.6, 28, 47, 0.02,268,43.6
2026-01-28 11:28:33,-83.2824,39.3667, 290.3, 9050,-55.0,-64.9,-60.6, 28, 47, 0.02,268,43.6
2026-01-28 11:28:34,-83.2819,39.3667, 290.1, 9055,-55.0,-64.9,-60.6, 28, 47, 0.02,267,43.5
2026-01-28 11:28:35,-83.2814,39.3667, 289.8, 9061,-55.1,-65.0,-60.7, 28, 47, 0.02,267,43.5
2026-01-28 11:28:36,-83.2809,39.3667, 289.6, 9067,-55.1,-65.0,-60.7, 28, 48, 0.02,267,43.5
2026-01-28 11:28:37,-83.2803,39.3667, 289.3, 9073,-55.2,-65.0,-60.8, 28, 48, 0.02,267,43.5
2026-01-28 11:28:38,-83.2798,39.3667, 289.0, 9079,-55.2,-65.1,-60.8, 28, 48, 0.02,267,43.5
2026-01-28 11:28:39,-83.2793,39.3667, 288.7, 9085,-55.3,-65.1,-60.8, 28, 48, 0.02,268,43.5
2026-01-28 11:28:40,-83.2788,39.3667, 288.5, 9091,-55.3,-65.2,-60.9, 28, 48, 0.02,268,43.5
2026-01-28 11:28:41,-83.2783,39.3667, 288.2, 9097,-55.4,-65.2,-60.9, 28, 48, 0.02,268,43.5
2026-01-28 11:28:42,-83.2778,39.3667, 287.9, 9103,-55.4,-65.2,-60.9, 28, 48, 0.02,268,43.5
2026-01-28 11:28:43,-83.2773,39.3667, 287.7, 9109,-55.4,-65.3,-61.0, 28, 48, 0.02,268,43.5
2026-01-28 11:28:44,-83.2768,39.3668, 287.4, 9115,-55.5,-65.3,-61.0, 28, 48, 0.02,268,43.5
2026-01-28 11:28:45,-83.2763,39.3668, 287.2, 9120,-55.5,-65.3,-61.1, 28, 48, 0.02,268,43.5
2026-01-28 11:28:46,-83.2758,39.3668, 286.9, 9126,-55.6,-65.4,-61.1, 28, 48, 0.02,268,43.5
2026-01-28 11:28:47,-83.2753,39.3668, 286.6, 9132,-55.6,-65.4,-61.1, 28, 48, 0.02,268,43.5
2026-01-28 11:28:48,-83.2748,39.3668, 286.4, 9137,-55.7,-65.4,-61.2, 28, 48, 0.02,268,43.5
2026-01-28 11:28:49,-83.2743,39.3668, 286.1, 9143,-55.7,-65.5,-61.2, 28, 48, 0.02,268,43.5
2026-01-28 11:28:50,-83.2738,39.3668, 285.9, 9148,-55.7,-65.5,-61.2, 28, 48, 0.02,268,43.5
2026-01-28 11:28:51,-83.2733,39.3668, 285.7, 9153,-55.8,-65.6,-61.3, 28, 48, 0.02,268,43.5
2026-01-28 11:28:52,-83.2728,39.3668, 285.4, 9158,-55.8,-65.6,-61.3, 28, 48, 0.02,268,43.5
2026-01-28 11:28:53,-83.2723,39.3668, 285.2, 9163,-55.8,-65.6,-61.3, 28, 48, 0.02,268,43.5
2026-01-28 11:28:54,-83.2717,39.3668, 285.0, 9168,-55.9,-65.7,-61.4, 28, 48, 0.02,268,43.5
2026-01-28 11:28:55,-83.2713,39.3669, 284.8, 9173,-55.9,-65.7,-61.4, 28, 48, 0.02,268,43.5
2026-01-28 11:28:56,-83.2707,39.3669, 284.5, 9178,-55.9,-65.7,-61.4, 28, 48, 0.02,268,43.6
2026-01-28 11:28:57,-83.2702,39.3669, 284.3, 9183,-56.0,-65.8,-61.5, 28, 48, 0.02,268,43.7
2026-01-28 11:28:58,-83.2697,39.3669, 284.1, 9188,-56.0,-65.8,-61.5, 28, 48, 0.02,268,43.8
2026-01-28 11:28:59,-83.2692,39.3669, 283.9, 9193,-56.0,-65.8,-61.6, 28, 48, 0.02,269,43.9
2026-01-28 11:29:00,-83.2687,39.3669, 283.6, 9198,-56.1,-65.9,-61.6, 28, 48, 0.02,269,44.0
2026-01-28 11:29:01,-83.2682,39.3669, 283.4, 9204,-56.1,-65.9,-61.6, 28, 48, 0.02,269,44.1
2026-01-28 11:29:02,-83.2676,39.3669, 283.1, 9209,-56.1,-65.9,-61.7, 28, 48, 0.02,269,44.2
2026-01-28 11:29:03,-83.2671,39.3669, 282.9, 9214,-56.2,-66.0,-61.7, 28, 48, 0.02,269,44.3
2026-01-28 11:29:04,-83.2666,39.3669, 282.6, 9220,-56.2,-66.0,-61.7, 28, 48, 0.02,269,44.4
2026-01-28 11:29:05,-83.2660,39.3669, 282.4, 9226,-56.2,-66.1,-61.8, 28, 48, 0.02,269,44.5
2026-01-28 11:29:06,-83.2655,39.3669, 282.1, 9233,-56.3,-66.1,-61.8, 28, 48, 0.02,269,44.6
2026-01-28 11:29:07,-83.2650,39.3669, 281.8, 9239,-56.3,-66.1,-61.8, 28, 48, 0.02,269,44.7
2026-01-28 11:29:08,-83.2645,39.3669, 281.5, 9246,-56.3,-66.2,-61.9, 28, 48, 0.02,269,44.8
2026-01-28 11:29:09,-83.2639,39.3669, 281.2, 9253,-56.4,-66.2,-61.9, 28, 48, 0.02,269,44.9
2026-01-28 11:29:10,-83.2634,39.3669, 280.9, 9259,-56.4,-66.3,-62.0, 28, 47, 0.02,269,45.0
2026-01-28 11:29:11,-83.2629,39.3669, 280.6, 9266,-56.4,-66.3,-62.0, 28, 47, 0.02,269,45.0
2026-01-28 11:29:12,-83.2623,39.3669, 280.4, 9272,-56.5,-66.3,-62.0, 28, 47, 0.02,269,45.1
2026-01-28 11:29:13,-83.2618,39.3669, 280.1, 9279,-56.5,-66.4,-62.1, 28, 47, 0.02,269,45.2
2026-01-28 11:29:14,-83.2613,39.3669, 279.8, 9286,-56.6,-66.4,-62.1, 28, 47, 0.02,269,45.3
2026-01-28 11:29:15,-83.2608,39.3669, 279.5, 9292,-56.6,-66.5,-62.2, 28, 47, 0.02,270,45.4
2026-01-28 11:29:16,-83.2602,39.3669, 279.2, 9298,-56.6,-66.5,-62.2, 28, 47, 0.02,270,45.4
2026-01-28 11:29:17,-83.2597,39.3669, 279.0, 9304,-56.7,-66.5,-62.2, 28, 47, 0.02,270,45.4
2026-01-28 11:29:18,-83.2592,39.3669, 278.7, 9310,-56.7,-66.6,-62.3, 28, 47, 0.02,270,45.4
2026-01-28 11:29:19,-83.2587,39.3669, 278.4, 9316,-56.7,-66.6,-62.3, 28, 47, 0.02,270,45.4
2026-01-28 11:29:20,-83.2581,39.3668, 278.2, 9322,-56.8,-66.6,-62.3, 28, 47, 0.02,270,45.4
2026-01-28 11:29:21,-83.2576,39.3668, 277.9, 9327,-56.8,-66.6,-62.3, 28, 47, 0.02,270,45.4
2026-01-28 11:29:22,-83.2571,39.3668, 277.7, 9333,-56.9,-66.7,-62.4, 28, 47, 0.02,270,45.4
2026-01-28 11:29:23,-83.2566,39.3668, 277.4, 9339,-56.9,-66.7,-62.4, 28, 47, 0.02,270,45.4
2026-01-28 11:29:24,-83.2560,39.3668, 277.2, 9345,-56.9,-66.7,-62.4, 28, 48, 0.02,270,45.4
2026-01-28 11:29:25,-83.2555,39.3668, 276.9, 9350,-57.0,-66.8,-62.5, 28, 48, 0.02,270,45.4
2026-01-28 11:29:26,-83.2550,39.3668, 276.7, 9356,-57.0,-66.8,-62.5, 28, 48, 0.02,270,45.4
2026-01-28 11:29:27,-83.2545,39.3668, 276.5, 9361,-57.0,-66.8,-62.5, 28, 48, 0.02,270,45.4
2026-01-28 11:29:28,-83.2539,39.3668, 276.3, 9366,-57.1,-66.9,-62.6, 28, 48, 0.02,270,45.4
2026-01-28 11:29:29,-83.2534,39.3668, 276.0, 9371,-57.1,-66.9,-62.6, 28, 48, 0.02,270,45.4
2026-01-28 11:29:30,-83.2529,39.3668, 275.8, 9376,-57.1,-66.9,-62.6, 28, 48, 0.02,270,45.4
2026-01-28 11:29:31,-83.2524,39.3668, 275.6, 9381,-57.2,-66.9,-62.6, 28, 48, 0.02,270,45.4
2026-01-28 11:29:32,-83.2519,39.3668, 275.4, 9386,-57.2,-67.0,-62.7, 28, 48, 0.02,270,45.4
2026-01-28 11:29:33,-83.2513,39.3668, 275.2, 9391,-57.2,-67.0,-62.7, 28, 48, 0.02,270,45.4
2026-01-28 11:29:34,-83.2508,39.3668, 275.0, 9395,-57.3,-67.0,-62.7, 28, 48, 0.02,270,45.4
2026-01-28 11:29:35,-83.2503,39.3668, 274.8, 9399,-57.3,-67.0,-62.7, 28, 48, 0.02,271,45.4
2026-01-28 11:29:36,-83.2498,39.3668, 274.6, 9404,-57.3,-67.1,-62.8, 28, 48, 0.02,271,45.3
2026-01-28 11:29:37,-83.2493,39.3668, 274.4, 9408,-57.4,-67.1,-62.8, 28, 48, 0.02,271,45.3
2026-01-28 11:29:38,-83.2488,39.3668, 274.2, 9413,-57.4,-67.1,-62.8, 28, 48, 0.02,271,45.2
2026-01-28 11:29:39,-83.2482,39.3668, 273.9, 9418,-57.4,-67.2,-62.9, 28, 48, 0.02,271,45.2
2026-01-28 11:29:40,-83.2477,39.3668, 273.7, 9423,-57.5,-67.2,-62.9, 28, 48, 0.02,271,45.1
2026-01-28 11:29:41,-83.2472,39.3668, 273.5, 9429,-57.5,-67.2,-62.9, 28, 48, 0.02,271,45.1
2026-01-28 11:29:42,-83.2467,39.3668, 273.3, 9434,-57.5,-67.2,-62.9, 28, 48, 0.02,271,45.0
2026-01-28 11:29:43,-83.2462,39.3667, 273.1, 9439,-57.5,-67.2,-62.9, 28, 48, 0.02,271,45.0
2026-01-28 11:29:44,-83.2457,39.3667, 272.8, 9444,-57.5,-67.2,-62.9, 28, 48, 0.02,271,44.9
2026-01-28 11:29:45,-83.2452,39.3667, 272.6, 9449,-57.5,-67.3,-63.0, 28, 48, 0.02,271,44.9
2026-01-28 11:29:46,-83.2446,39.3667, 272.4, 9454,-57.5,-67.3,-63.0, 28, 48, 0.02,271,44.8
2026-01-28 11:29:47,-83.2441,39.3667, 272.2, 9460,-57.6,-67.3,-63.0, 28, 48, 0.02,271,44.8
2026-01-28 11:29:48,-83.2436,39.3667, 272.0, 9465,-57.6,-67.3,-63.0, 28, 48, 0.02,271,44.7
2026-01-28 11:29:49,-83.2431,39.3667, 271.8, 9469,-57.6,-67.3,-63.0, 28, 48, 0.02,271,44.7
2026-01-28 11:29:50,-83.2426,39.3667, 271.6, 9474,-57.6,-67.3,-63.0, 28, 48, 0.02,271,44.6
2026-01-28 11:29:51,-83.2421,39.3667, 271.4, 9478,-57.6,-67.4,-63.1, 28, 48, 0.02,271,44.6
2026-01-28 11:29:52,-83.2416,39.3667, 271.2, 9482,-57.6,-67.4,-63.1, 28, 48, 0.02,271,44.5
2026-01-28 11:29:53,-83.2410,39.3667, 271.0, 9487,-57.7,-67.4,-63.1, 28, 48, 0.02,271,44.5
2026-01-28 11:29:54,-83.2405,39.3667, 270.8, 9491,-57.7,-67.4,-63.1, 28, 48, 0.02,271,44.5
2026-01-28 11:29:55,-83.2400,39.3667, 270.6, 9496,-57.7,-67.4,-63.1, 28, 48, 0.02,271,44.4
2026-01-28 11:29:56,-83.2395,39.3667, 270.4, 9502,-57.7,-67.5,-63.2, 28, 48, 0.02,271,44.4
2026-01-28 11:29:57,-83.2390,39.3667, 270.1, 9507,-57.7,-67.5,-63.2, 28, 48, 0.02,271,44.3
2026-01-28 11:29:58,-83.2385,39.3667, 269.9, 9512,-57.7,-67.5,-63.2, 28, 48, 0.02,270,44.3
2026-01-28 11:29:59,-83.2379,39.3666, 269.7, 9517,-57.8,-67.5,-63.2, 28, 47, 0.02,270,44.3
2026-01-28 11:30:00,-83.2375,39.3667, 269.5, 9523,-57.8,-67.6,-63.3, 28, 47, 0.02,270,44.2
2026-01-28 11:30:01,-83.2369,39.3667, 269.2, 9529,-57.8,-67.6,-63.3, 28, 47, 0.02,270,44.2
2026-01-28 11:30:02,-83.2364,39.3667, 269.0, 9534,-57.8,-67.6,-63.3, 27, 47, 0.02,270,44.2
2026-01-28 11:30:03,-83.2359,39.3667, 268.7, 9540,-57.8,-67.6,-63.3, 27, 47, 0.02,270,44.1
2026-01-28 11:30:04,-83.2354,39.3667, 268.5, 9546,-57.8,-67.7,-63.4, 27, 47, 0.02,270,44.1
2026-01-28 11:30:05,-83.2348,39.3667, 268.2, 9551,-57.9,-67.7,-63.4, 27, 47, 0.02,270,44.1
2026-01-28 11:30:06,-83.2344,39.3667, 267.9, 9559,-57.9,-67.7,-63.4, 27, 47, 0.02,269,44.1
2026-01-28 11:30:07,-83.2339,39.3668, 267.7, 9564,-57.9,-67.7,-63.4, 27, 47, 0.02,269,44.0
2026-01-28 11:30:08,-83.2334,39.3668, 267.5, 9570,-57.9,-67.7,-63.4, 27, 47, 0.02,269,44.0
2026-01-28 11:30:09,-83.2329,39.3668, 267.2, 9577,-57.9,-67.8,-63.5, 27, 47, 0.02,269,44.0
2026-01-28 11:30:10,-83.2324,39.3668, 266.9, 9584,-57.9,-67.8,-63.5, 27, 47, 0.02,269,43.9
2026-01-28 11:30:11,-83.2319,39.3668, 266.6, 9590,-57.9,-67.8,-63.5, 27, 46, 0.02,269,43.9
2026-01-28 11:30:12,-83.2314,39.3668, 266.4, 9595,-57.9,-67.9,-63.6, 27, 46, 0.02,269,43.9
2026-01-28 11:30:13,-83.2309,39.3669, 266.2, 9600,-57.9,-67.9,-63.6, 27, 46, 0.02,268,43.9
2026-01-28 11:30:14,-83.2304,39.3669, 266.0, 9605,-57.9,-67.9,-63.6, 27, 46, 0.02,268,43.8
2026-01-28 11:30:15,-83.2299,39.3669, 265.8, 9610,-57.9,-68.0,-63.7, 27, 46, 0.02,268,43.8
2026-01-28 11:30:16,-83.2294,39.3669, 265.6, 9615,-57.9,-68.0,-63.7, 26, 45, 0.02,268,43.8
2026-01-28 11:30:17,-83.2289,39.3669, 265.4, 9620,-57.9,-68.1,-63.7, 26, 45, 0.02,268,43.8
2026-01-28 11:30:18,-83.2283,39.3669, 265.2, 9624,-57.9,-68.1,-63.8, 26, 45, 0.02,268,43.8
2026-01-28 11:30:19,-83.2280,39.3669, 265.0, 9629,-58.0,-68.1,-63.8, 26, 45, 0.01,268,43.8
2026-01-28 11:30:20,-83.2273,39.3670, 264.8, 9632,-58.0,-68.2,-63.8, 26, 45, 0.01,268,43.8
2026-01-28 11:30:21,-83.2268,39.3670, 264.6, 9637,-57.9,-68.1,-63.8, 26, 45, 0.01,268,43.8
2026-01-28 11:30:22,-83.2263,39.3670, 264.4, 9641,-57.9,-68.1,-63.8, 26, 44, 0.01,268,43.8
2026-01-28 11:30:23,-83.2258,39.3670, 264.3, 9646,-57.8,-68.1,-63.8, 26, 44, 0.01,268,43.8
2026-01-28 11:30:24,-83.2253,39.3670, 264.1, 9650,-57.8,-68.1,-63.8, 26, 44, 0.02,268,43.8
2026-01-28 11:30:25,-83.2248,39.3670, 263.9, 9654,-57.8,-68.1,-63.8, 26, 44, 0.02,268,43.8
2026-01-28 11:30:26,-83.2243,39.3670, 263.7, 9659,-57.7,-68.1,-63.8, 25, 44, 0.02,268,43.8
2026-01-28 11:30:27,-83.2238,39.3671, 263.5, 9663,-57.7,-68.1,-63.8, 25, 44, 0.02,267,43.8
2026-01-28 11:30:28,-83.2233,39.3671, 263.3, 9668,-57.7,-68.1,-63.8, 25, 43, 0.02,267,43.8
2026-01-28 11:30:29,-83.2228,39.3671, 263.2, 9672,-57.6,-68.1,-63.8, 25, 43, 0.02,267,43.8
2026-01-28 11:30:30,-83.2223,39.3671, 263.0, 9677,-57.6,-68.1,-63.7, 25, 43, 0.02,267,43.8
2026-01-28 11:30:31,-83.2218,39.3671, 262.8, 9681,-57.5,-68.0,-63.7, 25, 43, 0.02,267,43.8
2026-01-28 11:30:32,-83.2212,39.3671, 262.6, 9686,-57.5,-68.0,-63.7, 25, 43, 0.02,267,43.8
2026-01-28 11:30:33,-83.2207,39.3671, 262.4, 9690,-57.5,-68.0,-63.7, 25, 43, 0.02,267,43.8
2026-01-28 11:30:34,-83.2202,39.3671, 262.2, 9695,-57.4,-68.0,-63.7, 25, 43, 0.02,267,43.8
2026-01-28 11:30:35,-83.2197,39.3671, 262.0, 9699,-57.4,-68.0,-63.7, 25, 42, 0.02,267,43.8
2026-01-28 11:30:36,-83.2191,39.3671, 261.8, 9704,-57.3,-68.0,-63.7, 25, 42, 0.02,267,43.9
2026-01-28 11:30:37,-83.2186,39.3672, 261.6, 9708,-57.3,-67.9,-63.6, 25, 42, 0.02,267,43.9
2026-01-28 11:30:38,-83.2181,39.3672, 261.5, 9713,-57.3,-67.9,-63.6, 25, 42, 0.02,267,44.0
2026-01-28 11:30:39,-83.2176,39.3672, 261.3, 9718,-57.2,-67.9,-63.6, 25, 42, 0.02,267,44.1
2026-01-28 11:30:40,-83.2170,39.3672, 261.1, 9722,-57.2,-67.8,-63.5, 25, 42, 0.02,267,44.1
2026-01-28 11:30:41,-83.2165,39.3672, 260.9, 9727,-57.1,-67.8,-63.5, 25, 42, 0.02,268,44.2
2026-01-28 11:30:42,-83.2160,39.3672, 260.7, 9731,-57.1,-67.8,-63.5, 25, 42, 0.02,268,44.3
2026-01-28 11:30:43,-83.2155,39.3672, 260.5, 9736,-57.1,-67.8,-63.4, 25, 42, 0.02,268,44.3
2026-01-28 11:30:44,-83.2149,39.3672, 260.3, 9740,-57.0,-67.7,-63.4, 25, 42, 0.02,268,44.4
2026-01-28 11:30:45,-83.2144,39.3672, 260.1, 9745,-57.0,-67.7,-63.4, 25, 42, 0.02,268,44.5
2026-01-28 11:30:46,-83.2139,39.3672, 259.9, 9750,-56.9,-67.7,-63.4, 25, 42, 0.02,268,44.5
2026-01-28 11:30:47,-83.2134,39.3672, 259.7, 9755,-56.9,-67.6,-63.3, 25, 42, 0.02,268,44.6
2026-01-28 11:30:48,-83.2128,39.3672, 259.5, 9761,-56.9,-67.6,-63.3, 25, 42, 0.02,268,44.7
2026-01-28 11:30:49,-83.2123,39.3672, 259.3, 9766,-56.9,-67.7,-63.4, 24, 42, 0.02,268,44.8
2026-01-28 11:30:50,-83.2118,39.3672, 259.1, 9771,-56.9,-67.7,-63.4, 24, 42, 0.02,268,44.8
2026-01-28 11:30:51,-83.2113,39.3673, 258.9, 9776,-56.9,-67.7,-63.4, 24, 42, 0.02,269,44.9
2026-01-28 11:30:52,-83.2108,39.3673, 258.7, 9781,-56.9,-67.7,-63.4, 24, 42, 0.02,269,45.0
2026-01-28 11:30:53,-83.2102,39.3673, 258.5, 9785,-56.9,-67.7,-63.4, 24, 42, 0.02,269,45.0
2026-01-28 11:30:54,-83.2097,39.3673, 258.3, 9790,-56.9,-67.7,-63.4, 24, 42, 0.02,269,45.1
2026-01-28 11:30:55,-83.2092,39.3673, 258.1, 9795,-56.9,-67.7,-63.4, 24, 42, 0.02,269,45.2
2026-01-28 11:30:56,-83.2087,39.3673, 257.9, 9800,-56.9,-67.7,-63.4, 24, 42, 0.02,269,45.2
2026-01-28 11:30:57,-83.2081,39.3673, 257.7, 9804,-56.9,-67.7,-63.4, 24, 41, 0.02,269,45.3
2026-01-28 11:30:58,-83.2076,39.3673, 257.5, 9809,-56.9,-67.7,-63.4, 24, 41, 0.02,269,45.3
2026-01-28 11:30:59,-83.2071,39.3673, 257.3, 9813,-56.9,-67.7,-63.4, 24, 41, 0.02,269,45.4
2026-01-28 11:31:00,-83.2066,39.3673, 257.1, 9818,-56.9,-67.7,-63.4, 24, 41, 0.02,269,45.4
2026-01-28 11:31:01,-83.2060,39.3673, 257.0, 9822,-56.9,-67.8,-63.5, 24, 41, 0.02,269,45.5
2026-01-28 11:31:02,-83.2055,39.3673, 256.7, 9827,-57.0,-67.8,-63.5, 24, 41, 0.02,269,45.5
2026-01-28 11:31:03,-83.2050,39.3673, 256.5, 9832,-57.0,-67.8,-63.5, 24, 41, 0.02,269,45.6
2026-01-28 11:31:04,-83.2044,39.3674, 256.3, 9838,-57.0,-67.8,-63.5, 24, 41, 0.02,269,45.6
2026-01-28 11:31:05,-83.2039,39.3674, 256.1, 9843,-57.0,-67.9,-63.6, 24, 41, 0.02,269,45.7
2026-01-28 11:31:06,-83.2034,39.3674, 255.9, 9848,-57.1,-67.9,-63.6, 24, 41, 0.02,269,45.7
2026-01-28 11:31:07,-83.2028,39.3674, 255.8, 9853,-57.1,-67.9,-63.6, 24, 41, 0.02,269,45.8
2026-01-28 11:31:08,-83.2023,39.3674, 255.6, 9857,-57.1,-68.0,-63.7, 24, 41, 0.02,269,45.8
2026-01-28 11:31:09,-83.2017,39.3674, 255.4, 9862,-57.1,-68.0,-63.7, 24, 41, 0.02,269,45.9
2026-01-28 11:31:10,-83.2012,39.3674, 255.2, 9867,-57.1,-68.0,-63.7, 24, 41, 0.02,269,46.0
2026-01-28 11:31:11,-83.2007,39.3674, 255.0, 9871,-57.2,-68.1,-63.8, 24, 41, 0.02,269,46.0
2026-01-28 11:31:12,-83.2001,39.3674, 254.8, 9876,-57.2,-68.1,-63.8, 24, 41, 0.02,269,46.1
2026-01-28 11:31:13,-83.1996,39.3674, 254.6, 9880,-57.2,-68.1,-63.8, 24, 41, 0.02,269,46.1
2026-01-28 11:31:14,-83.1991,39.3674, 254.4, 9885,-57.2,-68.2,-63.8, 24, 41, 0.02,269,46.2
2026-01-28 11:31:15,-83.1985,39.3674, 254.3, 9890,-57.3,-68.2,-63.9, 24, 41, 0.02,269,46.2
2026-01-28 11:31:16,-83.1980,39.3674, 254.1, 9894,-57.3,-68.2,-63.9, 24, 41, 0.02,269,46.2
2026-01-28 11:31:17,-83.1975,39.3675, 253.9, 9899,-57.3,-68.3,-64.0, 24, 41, 0.02,269,46.2
2026-01-28 11:31:18,-83.1969,39.3675, 253.7, 9904,-57.4,-68.3,-64.0, 24, 40, 0.02,269,46.2
2026-01-28 11:31:19,-83.1964,39.3675, 253.5, 9909,-57.4,-68.4,-64.1, 23, 40, 0.02,269,46.3
2026-01-28 11:31:20,-83.1958,39.3675, 253.3, 9914,-57.4,-68.4,-64.1, 23, 40, 0.02,269,46.3
2026-01-28 11:31:21,-83.1953,39.3675, 253.1, 9920,-57.5,-68.4,-64.1, 23, 40, 0.01,269,46.3
2026-01-28 11:31:22,-83.1948,39.3675, 252.8, 9925,-57.5,-68.5,-64.2, 23, 40, 0.01,269,46.3
2026-01-28 11:31:23,-83.1942,39.3675, 252.6, 9930,-57.5,-68.5,-64.2, 23, 40, 0.01,269,46.3
2026-01-28 11:31:24,-83.1937,39.3675, 252.4, 9935,-57.6,-68.6,-64.3, 23, 40, 0.01,269,46.3
2026-01-28 11:31:25,-83.1932,39.3675, 252.2, 9940,-57.6,-68.6,-64.3, 23, 40, 0.01,269,46.3
2026-01-28 11:31:26,-83.1926,39.3675, 252.0, 9945,-57.6,-68.7,-64.3, 23, 40, 0.01,269,46.3
2026-01-28 11:31:27,-83.1921,39.3675, 251.8, 9950,-57.7,-68.7,-64.4, 23, 40, 0.01,269,46.3
2026-01-28 11:31:28,-83.1916,39.3675, 251.6, 9955,-57.7,-68.7,-64.4, 23, 40, 0.01,269,46.3
2026-01-28 11:31:29,-83.1910,39.3675, 251.4, 9960,-57.7,-68.8,-64.5, 23, 40, 0.01,269,46.4
2026-01-28 11:31:30,-83.1905,39.3676, 251.2, 9965,-57.8,-68.8,-64.5, 23, 40, 0.01,269,46.4
2026-01-28 11:31:31,-83.1899,39.3676, 251.0, 9970,-57.8,-68.9,-64.6, 23, 40, 0.01,269,46.4
2026-01-28 11:31:32,-83.1894,39.3676, 250.8, 9976,-57.8,-69.0,-64.6, 23, 39, 0.01,269,46.4
2026-01-28 11:31:33,-83.1889,39.3676, 250.6, 9981,-57.9,-69.0,-64.7, 23, 39, 0.01,269,46.4
2026-01-28 11:31:34,-83.1883,39.3676, 250.4, 9986,-57.9,-69.1,-64.8, 23, 39, 0.01,269,46.4
2026-01-28 11:31:35,-83.1878,39.3676, 250.2, 9991,-58.0,-69.1,-64.8, 23, 39, 0.01,269,46.4
2026-01-28 11:31:36,-83.1873,39.3676, 250.0, 9996,-58.0,-69.2,-64.9, 23, 39, 0.01,269,46.4
2026-01-28 11:31:37,-83.1867,39.3676, 249.8,10001,-58.0,-69.2,-64.9, 23, 39, 0.01,268,46.4
2026-01-28 11:31:38,-83.1862,39.3677, 249.6,10006,-58.1,-69.3,-65.0, 22, 39, 0.01,268,46.4
2026-01-28 11:31:39,-83.1857,39.3677, 249.4,10011,-58.1,-69.3,-65.0, 22, 39, 0.01,268,46.4
2026-01-28 11:31:40,-83.1851,39.3677, 249.1,10016,-58.1,-69.4,-65.1, 22, 38, 0.01,268,46.4
2026-01-28 11:31:41,-83.1846,39.3677, 248.9,10022,-58.2,-69.4,-65.1, 22, 38, 0.01,268,46.4
2026-01-28 11:31:42,-83.1841,39.3677, 248.7,10028,-58.2,-69.5,-65.2, 22, 38, 0.01,268,46.4
2026-01-28 11:31:43,-83.1835,39.3677, 248.5,10034,-58.2,-69.5,-65.2, 22, 38, 0.01,268,46.4
2026-01-28 11:31:44,-83.1830,39.3677, 248.2,10041,-58.2,-69.6,-65.3, 22, 38, 0.01,268,46.4
2026-01-28 11:31:45,-83.1825,39.3678, 248.0,10047,-58.3,-69.6,-65.3, 22, 38, 0.01,268,46.4
2026-01-28 11:31:46,-83.1819,39.3678, 247.8,10053,-58.3,-69.7,-65.4, 22, 38, 0.01,268,46.4
2026-01-28 11:31:47,-83.1814,39.3678, 247.5,10059,-58.3,-69.7,-65.4, 22, 38, 0.01,268,46.4
2026-01-28 11:31:48,-83.1809,39.3678, 247.3,10065,-58.3,-69.8,-65.5, 22, 37, 0.01,268,46.4
2026-01-28 11:31:49,-83.1803,39.3678, 247.0,10071,-58.3,-69.8,-65.5, 22, 37, 0.01,268,46.4
2026-01-28 11:31:50,-83.1798,39.3678, 246.8,10077,-58.4,-69.9,-65.6, 21, 37, 0.01,268,46.4
2026-01-28 11:31:51,-83.1793,39.3678, 246.6,10083,-58.4,-69.9,-65.6, 21, 37, 0.01,268,46.4
2026-01-28 11:31:52,-83.1787,39.3678, 246.4,10089,-58.4,-70.0,-65.6, 21, 37, 0.01,268,46.4
2026-01-28 11:31:53,-83.1782,39.3679, 246.1,10094,-58.4,-70.0,-65.7, 21, 37, 0.01,268,46.4
2026-01-28 11:31:54,-83.1776,39.3679, 245.9,10099,-58.5,-70.1,-65.7, 21, 37, 0.01,268,46.4
2026-01-28 11:31:55,-83.1771,39.3679, 245.7,10105,-58.5,-70.1,-65.8, 21, 36, 0.01,268,46.4
2026-01-28 11:31:56,-83.1766,39.3679, 245.5,10110,-58.5,-70.1,-65.8, 21, 36, 0.01,268,46.4
2026-01-28 11:31:57,-83.1760,39.3679, 245.3,10115,-58.5,-70.1,-65.8, 21, 36, 0.01,268,46.4
2026-01-28 11:31:58,-83.1755,39.3679, 245.1,10120,-58.5,-70.2,-65.9, 21, 36, 0.01,268,46.3
2026-01-28 11:31:59,-83.1750,39.3679, 244.9,10126,-58.5,-70.2,-65.9, 21, 36, 0.01,268,46.3
2026-01-28 11:32:00,-83.1744,39.3680, 244.7,10131,-58.5,-70.2,-65.9, 21, 36, 0.01,268,46.2
2026-01-28 11:32:01,-83.1739,39.3680, 244.5,10136,-58.5,-70.2,-65.9, 21, 36, 0.01,268,46.2
2026-01-28 11:32:02,-83.1734,39.3680, 244.3,10141,-58.5,-70.3,-66.0, 21, 36, 0.01,268,46.2
2026-01-28 11:32:03,-83.1728,39.3680, 244.1,10146,-58.5,-70.3,-66.0, 21, 35, 0.01,267,46.1
2026-01-28 11:32:04,-83.1723,39.3680, 243.9,10151,-58.5,-70.3,-66.0, 20, 35, 0.01,267,46.1
2026-01-28 11:32:05,-83.1718,39.3680, 243.7,10156,-58.5,-70.3,-66.0, 20, 35, 0.01,267,46.1
2026-01-28 11:32:06,-83.1711,39.3681, 243.5,10161,-58.5,-70.4,-66.1, 20, 35, 0.01,267,46.0
2026-01-28 11:32:07,-83.1707,39.3681, 243.3,10168,-58.5,-70.4,-66.1, 20, 35, 0.01,267,46.0
2026-01-28 11:32:08,-83.1701,39.3681, 243.1,10171,-58.5,-70.4,-66.1, 20, 35, 0.01,267,46.0
2026-01-28 11:32:09,-83.1696,39.3681, 243.0,10176,-58.5,-70.4,-66.1, 20, 35, 0.01,267,45.9
2026-01-28 11:32:10,-83.1691,39.3681, 242.8,10181,-58.5,-70.4,-66.1, 20, 35, 0.01,267,45.9
2026-01-28 11:32:11,-83.1685,39.3682, 242.6,10186,-58.5,-70.4,-66.1, 20, 35, 0.01,267,45.8
2026-01-28 11:32:12,-83.1680,39.3682, 242.4,10190,-58.4,-70.5,-66.1, 20, 34, 0.01,267,45.8
2026-01-28 11:32:13,-83.1675,39.3682, 242.2,10195,-58.4,-70.5,-66.2, 20, 34, 0.01,267,45.8
2026-01-28 11:32:14,-83.1669,39.3682, 242.0,10200,-58.4,-70.5,-66.2, 20, 34, 0.01,267,45.7
2026-01-28 11:32:15,-83.1664,39.3682, 241.8,10205,-58.4,-70.5,-66.2, 20, 34, 0.01,267,45.7
2026-01-28 11:32:16,-83.1658,39.3683, 241.6,10210,-58.4,-70.5,-66.2, 20, 34, 0.01,267,45.8
2026-01-28 11:32:17,-83.1653,39.3683, 241.5,10214,-58.4,-70.5,-66.2, 20, 34, 0.01,267,45.8
2026-01-28 11:32:18,-83.1648,39.3683, 241.3,10219,-58.4,-70.5,-66.2, 20, 34, 0.01,267,45.8
2026-01-28 11:32:19,-83.1642,39.3683, 241.1,10224,-58.4,-70.5,-66.2, 19, 34, 0.01,267,45.9
2026-01-28 11:32:20,-83.1637,39.3683, 240.9,10229,-58.3,-70.5,-66.2, 19, 34, 0.01,267,45.9
2026-01-28 11:32:21,-83.1632,39.3683, 240.7,10234,-58.3,-70.5,-66.2, 19, 34, 0.01,267,46.0
2026-01-28 11:32:22,-83.1626,39.3684, 240.5,10239,-58.3,-70.5,-66.2, 19, 33, 0.01,267,46.0
2026-01-28 11:32:23,-83.1621,39.3684, 240.3,10244,-58.3,-70.5,-66.2, 19, 33, 0.01,267,46.1
2026-01-28 11:32:24,-83.1615,39.3684, 240.2,10249,-58.3,-70.5,-66.2, 19, 33, 0.01,267,46.1
2026-01-28 11:32:25,-83.1610,39.3684, 240.0,10254,-58.2,-70.5,-66.2, 19, 33, 0.01,267,46.2
2026-01-28 11:32:26,-83.1605,39.3684, 239.8,10258,-58.2,-70.5,-66.2, 19, 33, 0.01,267,46.2
2026-01-28 11:32:27,-83.1599,39.3685, 239.6,10263,-58.2,-70.5,-66.2, 19, 33, 0.01,267,46.3
2026-01-28 11:32:28,-83.1594,39.3685, 239.4,10267,-58.2,-70.5,-66.2, 19, 33, 0.01,267,46.3
2026-01-28 11:32:29,-83.1589,39.3685, 239.3,10272,-58.1,-70.5,-66.2, 19, 33, 0.01,267,46.4
2026-01-28 11:32:30,-83.1583,39.3685, 239.1,10276,-58.1,-70.5,-66.2, 19, 33, 0.01,267,46.4
2026-01-28 11:32:31,-83.1578,39.3685, 238.9,10281,-58.1,-70.5,-66.2, 19, 32, 0.01,267,46.5
2026-01-28 11:32:32,-83.1573,39.3686, 238.8,10285,-58.1,-70.5,-66.2, 19, 32, 0.01,267,46.5
2026-01-28 11:32:33,-83.1567,39.3686, 238.6,10290,-58.0,-70.5,-66.2, 19, 32, 0.01,267,46.6
2026-01-28 11:32:34,-83.1562,39.3685, 238.4,10294,-58.0,-70.5,-66.2, 19, 32, 0.01,267,46.6
2026-01-28 11:32:35,-83.1555,39.3685, 238.2,10299,-58.0,-70.5,-66.2, 19, 32, 0.01,267,46.7
2026-01-28 11:32:36,-83.1551,39.3685, 238.1,10304,-58.0,-70.6,-66.2, 19, 32, 0.01,267,46.7
2026-01-28 11:32:37,-83.1545,39.3685, 237.9,10308,-58.0,-70.5,-66.2, 19, 32, 0.01,267,46.8
2026-01-28 11:32:38,-83.1540,39.3685, 237.7,10312,-58.0,-70.5,-66.2, 19, 32, 0.01,267,46.8
2026-01-28 11:32:39,-83.1534,39.3685, 237.6,10316,-57.9,-70.5,-66.2, 19, 32, 0.01,267,46.9
2026-01-28 11:32:40,-83.1529,39.3685, 237.4,10321,-57.9,-70.5,-66.2, 19, 32, 0.01,268,46.9
2026-01-28 11:32:41,-83.1523,39.3685, 237.3,10325,-57.9,-70.5,-66.2, 19, 32, 0.01,268,47.0
2026-01-28 11:32:42,-83.1518,39.3685, 237.1,10329,-57.9,-70.5,-66.2, 19, 32, 0.01,268,47.0
2026-01-28 11:32:43,-83.1512,39.3685, 236.9,10334,-57.9,-70.5,-66.2, 19, 32, 0.01,268,47.1
2026-01-28 11:32:44,-83.1507,39.3685, 236.7,10339,-57.9,-70.5,-66.1, 19, 32, 0.01,268,47.2
2026-01-28 11:32:45,-83.1501,39.3685, 236.6,10343,-57.8,-70.4,-66.1, 18, 32, 0.01,269,47.2
2026-01-28 11:32:46,-83.1496,39.3685, 236.4,10348,-57.8,-70.4,-66.1, 19, 32, 0.01,269,47.3
2026-01-28 11:32:47,-83.1493,39.3685, 236.2,10352,-57.8,-70.4,-66.1, 19, 32, 0.01,269,47.3
2026-01-28 11:32:48,-83.1485,39.3685, 236.1,10355,-57.8,-70.4,-66.1, 19, 32, 0.01,269,47.4
2026-01-28 11:32:49,-83.1480,39.3685, 235.9,10362,-57.8,-70.4,-66.1, 19, 32, 0.01,269,47.4
2026-01-28 11:32:50,-83.1474,39.3685, 235.7,10366,-57.8,-70.4,-66.1, 18, 32, 0.01,270,47.5
2026-01-28 11:32:51,-83.1469,39.3685, 235.5,10371,-57.8,-70.4,-66.1, 18, 32, 0.01,270,47.6
2026-01-28 11:32:52,-83.1463,39.3685, 235.3,10376,-57.8,-70.5,-66.2, 18, 32, 0.01,270,47.6
2026-01-28 11:32:53,-83.1458,39.3685, 235.2,10381,-57.8,-70.5,-66.2, 18, 32, 0.01,270,47.7
2026-01-28 11:32:54,-83.1452,39.3685, 235.0,10386,-57.8,-70.5,-66.2, 18, 32, 0.01,270,47.7
2026-01-28 11:32:55,-83.1447,39.3684, 234.8,10390,-57.8,-70.5,-66.2, 18, 32, 0.01,270,47.8
2026-01-28 11:32:56,-83.1441,39.3684, 234.6,10395,-57.9,-70.5,-66.2, 18, 31, 0.01,271,47.7
2026-01-28 11:32:57,-83.1436,39.3684, 234.4,10400,-57.9,-70.6,-66.2, 18, 31, 0.01,271,47.6
2026-01-28 11:32:58,-83.1430,39.3684, 234.3,10405,-57.9,-70.6,-66.3, 18, 31, 0.01,271,47.5
2026-01-28 11:32:59,-83.1425,39.3684, 234.1,10410,-57.9,-70.6,-66.3, 18, 31, 0.01,271,47.5
2026-01-28 11:33:00,-83.1420,39.3684, 233.9,10415,-57.9,-70.6,-66.3, 18, 31, 0.01,271,47.4
2026-01-28 11:33:01,-83.1414,39.3684, 233.7,10419,-57.9,-70.6,-66.3, 18, 31, 0.01,271,47.3
2026-01-28 11:33:02,-83.1409,39.3684, 233.6,10424,-57.9,-70.7,-66.3, 18, 31, 0.01,271,47.2
2026-01-28 11:33:03,-83.1403,39.3684, 233.4,10429,-57.9,-70.7,-66.4, 18, 31, 0.01,271,47.1
2026-01-28 11:33:04,-83.1398,39.3684, 233.2,10434,-57.9,-70.7,-66.4, 18, 31, 0.01,271,47.1
2026-01-28 11:33:05,-83.1393,39.3684, 233.0,10439,-57.9,-70.7,-66.4, 18, 31, 0.01,271,47.0
2026-01-28 11:33:06,-83.1388,39.3684, 232.8,10443,-57.9,-70.8,-66.5, 18, 31, 0.01,271,46.9
2026-01-28 11:33:07,-83.1383,39.3684, 232.7,10448,-57.9,-70.8,-66.5, 18, 31, 0.01,271,46.8
2026-01-28 11:33:08,-83.1378,39.3684, 232.5,10453,-58.0,-70.9,-66.5, 18, 30, 0.01,271,46.7
2026-01-28 11:33:09,-83.1372,39.3684, 232.3,10458,-58.0,-70.9,-66.6, 18, 30, 0.01,271,46.6
2026-01-28 11:33:10,-83.1367,39.3683, 232.2,10462,-58.0,-70.9,-66.6, 18, 30, 0.01,271,46.6
2026-01-28 11:33:11,-83.1362,39.3683, 232.0,10467,-58.0,-71.0,-66.7, 17, 30, 0.01,271,46.5
2026-01-28 11:33:12,-83.1357,39.3683, 231.8,10471,-58.0,-71.0,-66.7, 17, 30, 0.01,271,46.4
2026-01-28 11:33:13,-83.1349,39.3683, 231.7,10476,-58.0,-71.0,-66.7, 17, 30, 0.01,271,46.3
2026-01-28 11:33:14,-83.1347,39.3683, 231.4,10482,-58.0,-71.1,-66.8, 17, 30, 0.01,271,46.2
2026-01-28 11:33:15,-83.1341,39.3683, 231.3,10485,-58.0,-71.1,-66.8, 17, 30, 0.01,271,46.2
2026-01-28 11:33:16,-83.1336,39.3683, 231.2,10489,-58.0,-71.1,-66.8, 17, 30, 0.01,271,46.0
2026-01-28 11:33:17,-83.1331,39.3683, 231.0,10493,-58.0,-71.1,-66.8, 17, 29, 0.01,271,45.9
2026-01-28 11:33:18,-83.1326,39.3683, 230.8,10498,-58.0,-71.1,-66.8, 17, 29, 0.01,271,45.8
2026-01-28 11:33:19,-83.1321,39.3683, 230.7,10502,-58.0,-71.2,-66.8, 17, 29, 0.01,271,45.7
2026-01-28 11:33:20,-83.1316,39.3683, 230.5,10507,-58.0,-71.2,-66.9, 17, 29, 0.01,271,45.6
2026-01-28 11:33:21,-83.1310,39.3683, 230.3,10511,-57.9,-71.2,-66.9, 17, 29, 0.01,271,45.5
2026-01-28 11:33:22,-83.1305,39.3682, 230.2,10516,-57.9,-71.2,-66.9, 17, 29, 0.01,271,45.4
2026-01-28 11:33:23,-83.1300,39.3682, 230.0,10520,-57.9,-71.2,-66.9, 17, 29, 0.01,271,45.2
2026-01-28 11:33:24,-83.1295,39.3682, 229.8,10525,-57.9,-71.2,-66.9, 17, 29, 0.01,271,45.1
2026-01-28 11:33:25,-83.1290,39.3682, 229.7,10530,-57.9,-71.3,-66.9, 17, 29, 0.01,271,45.0
2026-01-28 11:33:26,-83.1285,39.3682, 229.5,10534,-57.9,-71.3,-67.0, 16, 28, 0.01,271,44.9
2026-01-28 11:33:27,-83.1279,39.3682, 229.3,10539,-57.9,-71.3,-67.0, 16, 28, 0.01,271,44.8
2026-01-28 11:33:28,-83.1274,39.3682, 229.2,10544,-57.9,-71.3,-67.0, 16, 28, 0.01,271,44.7
2026-01-28 11:33:29,-83.1269,39.3682, 229.0,10548,-57.8,-71.3,-67.0, 16, 28, 0.01,271,44.6
2026-01-28 11:33:30,-83.1264,39.3682, 228.8,10553,-57.8,-71.3,-67.0, 16, 28, 0.01,271,44.5
2026-01-28 11:33:31,-83.1259,39.3682, 228.7,10558,-57.8,-71.3,-67.0, 16, 28, 0.01,271,44.3
2026-01-28 11:33:32,-83.1254,39.3682, 228.5,10562,-57.7,-71.3,-67.0, 16, 28, 0.01,271,44.2
2026-01-28 11:33:33,-83.1249,39.3682, 228.3,10567,-57.7,-71.3,-67.0, 16, 28, 0.01,271,44.1
2026-01-28 11:33:34,-83.1244,39.3682, 228.1,10572,-57.7,-71.3,-66.9, 16, 28, 0.01,271,44.0
2026-01-28 11:33:35,-83.1239,39.3682, 228.0,10577,-57.6,-71.2,-66.9, 16, 28, 0.01,271,43.9
2026-01-28 11:33:36,-83.1234,39.3682, 227.8,10582,-57.6,-71.2,-66.9, 16, 28, 0.01,271,43.7
2026-01-28 11:33:37,-83.1230,39.3682, 227.6,10586,-57.6,-71.2,-66.9, 16, 28, 0.01,271,43.6
2026-01-28 11:33:38,-83.1225,39.3682, 227.4,10591,-57.5,-71.2,-66.9, 16, 27, 0.01,271,43.5
2026-01-28 11:33:39,-83.1220,39.3682, 227.3,10596,-57.5,-71.2,-66.9, 16, 27, 0.01,270,43.3
2026-01-28 11:33:40,-83.1215,39.3682, 227.1,10601,-57.5,-71.2,-66.9, 16, 27, 0.01,270,43.2
2026-01-28 11:33:41,-83.1210,39.3682, 226.9,10606,-57.4,-71.1,-66.8, 16, 27, 0.01,270,43.0
2026-01-28 11:33:42,-83.1206,39.3682, 226.7,10611,-57.4,-71.1,-66.8, 16, 27, 0.01,270,42.9
2026-01-28 11:33:43,-83.1203,39.3682, 226.6,10616,-57.4,-71.1,-66.8, 16, 27, 0.01,270,42.7
2026-01-28 11:33:44,-83.1196,39.3682, 226.5,10618,-57.4,-71.1,-66.8, 16, 27, 0.01,270,42.7
2026-01-28 11:33:45,-83.1191,39.3682, 226.2,10625,-57.4,-71.1,-66.8, 16, 27, 0.01,270,42.4
2026-01-28 11:33:46,-83.1186,39.3682, 226.1,10630,-57.4,-71.1,-66.8, 16, 27, 0.01,270,42.3
2026-01-28 11:33:47,-83.1182,39.3682, 225.9,10634,-57.4,-71.1,-66.8, 16, 27, 0.01,270,42.2
2026-01-28 11:33:48,-83.1177,39.3682, 225.7,10639,-57.4,-71.1,-66.8, 16, 27, 0.01,270,42.0
2026-01-28 11:33:49,-83.1172,39.3682, 225.6,10643,-57.3,-71.1,-66.8, 16, 27, 0.01,270,41.9
2026-01-28 11:33:50,-83.1167,39.3682, 225.4,10648,-57.3,-71.1,-66.8, 16, 27, 0.01,270,41.7
2026-01-28 11:33:51,-83.1163,39.3682, 225.3,10652,-57.3,-71.1,-66.8, 16, 27, 0.01,270,41.6
2026-01-28 11:33:52,-83.1158,39.3682, 225.1,10657,-57.3,-71.1,-66.7, 16, 27, 0.01,270,41.4
2026-01-28 11:33:53,-83.1153,39.3682, 224.9,10661,-57.3,-71.0,-66.7, 16, 27, 0.01,270,41.3
2026-01-28 11:33:54,-83.1150,39.3682, 224.8,10666,-57.3,-71.0,-66.7, 16, 27, 0.01,270,41.1
2026-01-28 11:33:55,-83.1143,39.3682, 224.7,10669,-57.3,-71.0,-66.7, 16, 27, 0.01,270,41.1
2026-01-28 11:33:56,-83.1138,39.3682, 224.4,10675,-57.3,-71.0,-66.7, 16, 27, 0.01,270,41.0
2026-01-28 11:33:57,-83.1134,39.3682, 224.3,10680,-57.3,-71.1,-66.7, 16, 27, 0.01,270,41.0
2026-01-28 11:33:58,-83.1129,39.3682, 224.1,10684,-57.3,-71.1,-66.8, 16, 27, 0.01,269,41.0
2026-01-28 11:33:59,-83.1124,39.3682, 224.0,10689,-57.4,-71.1,-66.8, 16, 27, 0.01,269,41.1
2026-01-28 11:34:00,-83.1119,39.3682, 223.8,10694,-57.4,-71.2,-66.8, 16, 27, 0.01,269,41.1
2026-01-28 11:34:01,-83.1115,39.3682, 223.6,10698,-57.4,-71.2,-66.9, 16, 27, 0.01,269,41.1
2026-01-28 11:34:02,-83.1110,39.3682, 223.4,10704,-57.4,-71.2,-66.9, 16, 27, 0.01,269,41.1
2026-01-28 11:34:03,-83.1105,39.3682, 223.2,10711,-57.4,-71.2,-66.9, 16, 27, 0.01,269,41.1
2026-01-28 11:34:04,-83.1100,39.3682, 223.0,10717,-57.4,-71.3,-67.0, 16, 27, 0.01,268,41.2
2026-01-28 11:34:05,-83.1095,39.3683, 222.7,10723,-57.4,-71.3,-67.0, 16, 27, 0.01,268,41.2
2026-01-28 11:34:06,-83.1091,39.3683, 222.5,10729,-57.5,-71.3,-67.0, 15, 27, 0.01,268,41.2
2026-01-28 11:34:07,-83.1086,39.3684, 222.3,10736,-57.5,-71.4,-67.1, 15, 27, 0.01,268,41.2
2026-01-28 11:34:08,-83.1081,39.3684, 222.1,10742,-57.5,-71.4,-67.1, 15, 26, 0.01,268,41.2
2026-01-28 11:34:09,-83.1077,39.3685, 221.8,10749,-57.5,-71.4,-67.1, 15, 26, 0.01,268,41.3
2026-01-28 11:34:10,-83.1072,39.3685, 221.6,10756,-57.5,-71.5,-67.1, 15, 26, 0.01,267,41.3
2026-01-28 11:34:11,-83.1067,39.3685, 221.4,10762,-57.5,-71.5,-67.2, 15, 26, 0.01,267,41.3
2026-01-28 11:34:12,-83.1063,39.3686, 221.1,10769,-57.5,-71.5,-67.2, 15, 26, 0.01,267,41.3
2026-01-28 11:34:13,-83.1058,39.3686, 220.9,10777,-57.5,-71.6,-67.3, 15, 26, 0.01,267,41.3
2026-01-28 11:34:14,-83.1053,39.3687, 220.6,10784,-57.5,-71.6,-67.3, 15, 26, 0.01,267,41.4
2026-01-28 11:34:15,-83.1048,39.3687, 220.4,10791,-57.5,-71.7,-67.4, 15, 26, 0.01,267,41.4
2026-01-28 11:34:16,-83.1044,39.3688, 220.1,10798,-57.5,-71.7,-67.4, 15, 25, 0.01,266,41.3
2026-01-28 11:34:17,-83.1039,39.3688, 219.9,10806,-57.5,-71.7,-67.4, 15, 25, 0.01,266,41.3
2026-01-28 11:34:18,-83.1034,39.3689, 219.6,10813,-57.5,-71.8,-67.5, 15, 25, 0.01,266,41.3
2026-01-28 11:34:19,-83.1030,39.3689, 219.4,10819,-57.6,-71.8,-67.5, 15, 25, 0.01,265,41.2
2026-01-28 11:34:20,-83.1025,39.3690, 219.2,10826,-57.6,-71.9,-67.6, 15, 25, 0.01,265,41.2
2026-01-28 11:34:21,-83.1022,39.3690, 218.9,10832,-57.6,-71.9,-67.6, 14, 25, 0.01,265,41.2
2026-01-28 11:34:22,-83.1016,39.3690, 218.8,10837,-57.6,-71.9,-67.6, 14, 25, 0.01,265,41.2
2026-01-28 11:34:23,-83.1011,39.3691, 218.5,10846,-57.5,-72.0,-67.7, 14, 24, 0.01,264,41.1
2026-01-28 11:34:24,-83.1006,39.3691, 218.3,10851,-57.5,-72.0,-67.7, 14, 24, 0.01,264,41.1
2026-01-28 11:34:25,-83.1001,39.3692, 218.1,10855,-57.5,-72.0,-67.7, 14, 24, 0.01,264,41.1
2026-01-28 11:34:26,-83.0997,39.3692, 218.0,10860,-57.5,-72.0,-67.6, 14, 24, 0.01,264,41.0
2026-01-28 11:34:27,-83.0992,39.3693, 217.8,10865,-57.4,-71.9,-67.6, 14, 24, 0.01,263,41.0
2026-01-28 11:34:28,-83.0987,39.3693, 217.6,10870,-57.4,-71.9,-67.6, 14, 24, 0.01,263,41.0
2026-01-28 11:34:29,-83.0983,39.3694, 217.4,10875,-57.4,-71.9,-67.6, 14, 24, 0.01,263,40.9
2026-01-28 11:34:30,-83.0978,39.3694, 217.3,10880,-57.4,-71.9,-67.6, 14, 24, 0.01,263,40.9
2026-01-28 11:34:31,-83.0973,39.3694, 217.1,10885,-57.3,-71.9,-67.6, 14, 24, 0.01,262,40.9
2026-01-28 11:34:32,-83.0968,39.3695, 216.9,10890,-57.3,-71.9,-67.6, 14, 24, 0.01,262,40.9
2026-01-28 11:34:33,-83.0964,39.3695, 216.7,10895,-57.3,-71.9,-67.6, 14, 24, 0.01,262,40.9
2026-01-28 11:34:34,-83.0959,39.3696, 216.6,10900,-57.3,-71.9,-67.6, 14, 24, 0.01,261,40.8
2026-01-28 11:34:35,-83.0954,39.3697, 216.4,10906,-57.2,-71.9,-67.6, 14, 24, 0.01,261,40.8
2026-01-28 11:34:36,-83.0949,39.3697, 216.2,10911,-57.2,-71.8,-67.5, 14, 24, 0.01,261,40.9
2026-01-28 11:34:37,-83.0944,39.3698, 216.0,10916,-57.2,-71.8,-67.5, 14, 24, 0.01,261,41.0
2026-01-28 11:34:38,-83.0939,39.3699, 215.9,10922,-57.1,-71.8,-67.5, 14, 24, 0.01,261,41.2
2026-01-28 11:34:39,-83.0934,39.3699, 215.7,10927,-57.1,-71.8,-67.5, 14, 24, 0.01,261,41.3
2026-01-28 11:34:40,-83.0929,39.3700, 215.5,10932,-57.1,-71.8,-67.5, 14, 24, 0.01,260,41.4
2026-01-28 11:34:41,-83.0924,39.3701, 215.3,10937,-57.1,-71.8,-67.5, 14, 24, 0.01,260,41.5
2026-01-28 11:34:42,-83.0919,39.3702, 215.1,10943,-57.0,-71.8,-67.5, 14, 24, 0.01,260,41.6
2026-01-28 11:34:43,-83.0914,39.3702, 215.0,10948,-57.0,-71.8,-67.5, 14, 24, 0.01,260,41.8
2026-01-28 11:34:44,-83.0909,39.3703, 214.8,10953,-57.0,-71.8,-67.4, 14, 23, 0.01,260,41.9
2026-01-28 11:34:45,-83.0904,39.3704, 214.6,10958,-56.9,-71.7,-67.4, 14, 23, 0.01,260,42.0
2026-01-28 11:34:46,-83.0899,39.3705, 214.4,10963,-56.9,-71.7,-67.4, 14, 23, 0.01,260,42.1
2026-01-28 11:34:47,-83.0894,39.3705, 214.3,10968,-56.9,-71.7,-67.4, 14, 23, 0.01,259,42.2
2026-01-28 11:34:48,-83.0889,39.3706, 214.1,10973,-56.9,-71.7,-67.4, 14, 23, 0.01,259,42.4
2026-01-28 11:34:49,-83.0884,39.3707, 213.9,10978,-56.8,-71.7,-67.4, 14, 23, 0.01,259,42.5
2026-01-28 11:34:50,-83.0879,39.3708, 213.8,10983,-56.8,-71.7,-67.4, 14, 23, 0.01,259,42.6
2026-01-28 11:34:51,-83.0874,39.3708, 213.6,10988,-56.8,-71.7,-67.4, 14, 23, 0.01,259,42.7
2026-01-28 11:34:52,-83.0869,39.3709, 213.4,10993,-56.8,-71.7,-67.4, 13, 23, 0.01,259,42.9
2026-01-28 11:34:53,-83.0864,39.3710, 213.3,10997,-56.7,-71.7,-67.4, 13, 23, 0.01,259,43.0
2026-01-28 11:34:54,-83.0859,39.3711, 213.1,11002,-56.7,-71.7,-67.4, 13, 23, 0.01,259,43.1
2026-01-28 11:34:55,-83.0854,39.3711, 213.0,11007,-56.7,-71.7,-67.4, 13, 23, 0.01,258,43.2
2026-01-28 11:34:56,-83.0849,39.3712, 212.8,11012,-56.7,-71.7,-67.4, 13, 23, 0.01,258,43.3
2026-01-28 11:34:57,-83.0844,39.3713, 212.6,11016,-56.6,-71.8,-67.4, 13, 22, 0.01,258,43.5
2026-01-28 11:34:58,-83.0839,39.3713, 212.5,11021,-56.6,-71.8,-67.5, 13, 22, 0.01,259,43.6
2026-01-28 11:34:59,-83.0834,39.3714, 212.3,11026,-56.6,-71.8,-67.5, 13, 22, 0.01,259,43.7
2026-01-28 11:35:00,-83.0829,39.3715, 212.2,11030,-56.6,-71.8,-67.5, 13, 22, 0.01,259,43.8
2026-01-28 11:35:01,-83.0824,39.3716, 212.0,11035,-56.6,-71.8,-67.5, 13, 22, 0.01,259,43.9
2026-01-28 11:35:02,-83.0819,39.3716, 211.9,11040,-56.5,-71.8,-67.5, 13, 22, 0.01,259,44.1
2026-01-28 11:35:03,-83.0814,39.3717, 211.7,11044,-56.5,-71.8,-67.5, 13, 22, 0.01,259,44.2
2026-01-28 11:35:04,-83.0809,39.3718, 211.6,11049,-56.5,-71.8,-67.5, 13, 22, 0.01,259,44.3
2026-01-28 11:35:05,-83.0804,39.3719, 211.4,11054,-56.4,-71.8,-67.5, 13, 22, 0.01,259,44.4
2026-01-28 11:35:06,-83.0799,39.3719, 211.2,11058,-56.4,-71.8,-67.5, 13, 22, 0.01,259,44.6
2026-01-28 11:35:07,-83.0794,39.3720, 211.1,11063,-56.4,-71.8,-67.5, 13, 22, 0.01,259,44.7
2026-01-28 11:35:08,-83.0789,39.3720, 210.9,11068,-56.3,-71.8,-67.4, 13, 22, 0.01,259,44.8
2026-01-28 11:35:09,-83.0783,39.3721, 210.8,11073,-56.3,-71.7,-67.4, 13, 22, 0.01,259,44.9
2026-01-28 11:35:10,-83.0778,39.3721, 210.6,11077,-56.2,-71.7,-67.4, 13, 21, 0.01,259,45.0
2026-01-28 11:35:11,-83.0773,39.3722, 210.4,11082,-56.2,-71.7,-67.4, 13, 21, 0.01,259,45.2
2026-01-28 11:35:12,-83.0767,39.3722, 210.3,11087,-56.2,-71.7,-67.4, 13, 21, 0.01,259,45.3
2026-01-28 11:35:13,-83.0762,39.3723, 210.1,11092,-56.1,-71.7,-67.4, 12, 21, 0.01,259,45.4
2026-01-28 11:35:14,-83.0757,39.3724, 209.9,11097,-56.1,-71.7,-67.4, 12, 21, 0.01,259,45.5
2026-01-28 11:35:15,-83.0752,39.3724, 209.8,11103,-56.1,-71.7,-67.4, 12, 21, 0.01,259,45.6
2026-01-28 11:35:16,-83.0746,39.3725, 209.6,11108,-56.0,-71.7,-67.3, 12, 21, 0.01,259,45.7
2026-01-28 11:35:17,-83.0741,39.3725, 209.4,11113,-56.0,-71.6,-67.3, 12, 21, 0.01,260,45.7
2026-01-28 11:35:18,-83.0736,39.3726, 209.2,11119,-55.9,-71.6,-67.3, 12, 21, 0.01,260,45.7
2026-01-28 11:35:19,-83.0730,39.3726, 209.1,11124,-55.9,-71.6,-67.3, 12, 21, 0.01,260,45.7
2026-01-28 11:35:20,-83.0725,39.3727, 208.9,11130,-55.9,-71.6,-67.3, 12, 21, 0.01,260,45.7
2026-01-28 11:35:21,-83.0720,39.3728, 208.7,11135,-55.8,-71.6,-67.2, 12, 21, 0.01,260,45.8
2026-01-28 11:35:22,-83.0715,39.3728, 208.5,11141,-55.8,-71.5,-67.2, 12, 21, 0.01,260,45.8
2026-01-28 11:35:23,-83.0709,39.3729, 208.3,11147,-55.7,-71.5,-67.2, 12, 21, 0.01,261,45.8
2026-01-28 11:35:24,-83.0704,39.3729, 208.1,11153,-55.7,-71.5,-67.2, 12, 21, 0.01,261,45.8
2026-01-28 11:35:25,-83.0699,39.3730, 207.9,11159,-55.7,-71.5,-67.2, 12, 21, 0.01,261,45.9
2026-01-28 11:35:26,-83.0694,39.3730, 207.7,11165,-55.6,-71.4,-67.1, 12, 21, 0.01,261,45.9
2026-01-28 11:35:27,-83.0688,39.3731, 207.5,11171,-55.6,-71.4,-67.1, 12, 21, 0.01,261,45.9
2026-01-28 11:35:28,-83.0683,39.3731, 207.3,11177,-55.5,-71.4,-67.1, 12, 21, 0.01,261,45.9
2026-01-28 11:35:29,-83.0678,39.3732, 207.1,11183,-55.5,-71.4,-67.1, 12, 20, 0.01,261,46.0
2026-01-28 11:35:30,-83.0672,39.3733, 206.9,11189,-55.5,-71.4,-67.1, 12, 20, 0.01,262,46.0
2026-01-28 11:35:31,-83.0667,39.3733, 206.8,11195,-55.4,-71.4,-67.0, 12, 20, 0.01,262,46.0
2026-01-28 11:35:32,-83.0662,39.3734, 206.6,11200,-55.4,-71.3,-67.0, 12, 20, 0.01,262,46.0
2026-01-28 11:35:33,-83.0657,39.3734, 206.4,11206,-55.4,-71.3,-67.0, 12, 20, 0.01,262,46.1
2026-01-28 11:35:34,-83.0651,39.3735, 206.2,11211,-55.4,-71.3,-67.0, 12, 20, 0.01,262,46.1
2026-01-28 11:35:35,-83.0646,39.3735, 206.0,11217,-55.3,-71.3,-67.0, 12, 20, 0.01,262,46.1
2026-01-28 11:35:36,-83.0641,39.3735, 205.9,11222,-55.3,-71.3,-67.0, 12, 20, 0.01,263,46.1
2026-01-28 11:35:37,-83.0635,39.3735, 205.7,11227,-55.3,-71.3,-67.0, 12, 20, 0.01,263,46.2
2026-01-28 11:35:38,-83.0630,39.3736, 205.5,11233,-55.2,-71.3,-67.0, 12, 20, 0.01,263,46.2
2026-01-28 11:35:39,-83.0624,39.3736, 205.4,11238,-55.2,-71.3,-66.9, 12, 20, 0.01,263,46.2
2026-01-28 11:35:40,-83.0619,39.3736, 205.2,11243,-55.2,-71.2,-66.9, 12, 20, 0.01,264,46.3
2026-01-28 11:35:41,-83.0613,39.3736, 205.0,11248,-55.2,-71.2,-66.9, 12, 20, 0.01,264,46.3
2026-01-28 11:35:42,-83.0608,39.3736, 204.9,11254,-55.1,-71.2,-66.9, 12, 20, 0.01,264,46.3
2026-01-28 11:35:43,-83.0602,39.3736, 204.7,11259,-55.1,-71.2,-66.9, 12, 20, 0.01,264,46.4
2026-01-28 11:35:44,-83.0597,39.3736, 204.5,11264,-55.1,-71.2,-66.9, 12, 20, 0.01,265,46.4
2026-01-28 11:35:45,-83.0591,39.3736, 204.4,11270,-55.1,-71.2,-66.9, 12, 20, 0.01,265,46.5
2026-01-28 11:35:46,-83.0586,39.3736, 204.2,11275,-55.0,-71.2,-66.9, 12, 20, 0.01,265,46.5
2026-01-28 11:35:47,-83.0580,39.3737, 204.0,11280,-55.0,-71.2,-66.9, 12, 20, 0.01,265,46.5
2026-01-28 11:35:48,-83.0575,39.3737, 203.8,11285,-55.0,-71.2,-66.9, 12, 20, 0.01,266,46.6
2026-01-28 11:35:49,-83.0570,39.3737, 203.7,11290,-55.0,-71.2,-66.9, 12, 20, 0.01,266,46.6
2026-01-28 11:35:50,-83.0564,39.3737, 203.5,11295,-55.0,-71.2,-66.9, 12, 20, 0.01,266,46.7
2026-01-28 11:35:51,-83.0559,39.3737, 203.4,11299,-55.0,-71.2,-66.9, 12, 20, 0.01,266,46.7
2026-01-28 11:35:52,-83.0553,39.3737, 203.2,11304,-54.9,-71.2,-66.9, 12, 20, 0.01,267,46.8
2026-01-28 11:35:53,-83.0548,39.3737, 203.1,11309,-54.9,-71.2,-66.9, 12, 20, 0.01,267,46.8
2026-01-28 11:35:54,-83.0542,39.3737, 202.9,11314,-54.9,-71.2,-66.9, 12, 20, 0.01,267,46.9
2026-01-28 11:35:55,-83.0537,39.3737, 202.8,11319,-54.9,-71.2,-66.8, 12, 19, 0.01,267,46.9
2026-01-28 11:35:56,-83.0531,39.3738, 202.6,11324,-54.9,-71.2,-66.8, 12, 19, 0.01,268,47.0
2026-01-28 11:35:57,-83.0526,39.3738, 202.5,11329,-54.9,-71.2,-66.9, 12, 19, 0.01,268,47.0
2026-01-28 11:35:58,-83.0520,39.3738, 202.3,11334,-54.8,-71.2,-66.9, 12, 19, 0.01,268,47.1
2026-01-28 11:35:59,-83.0515,39.3738, 202.2,11338,-54.8,-71.2,-66.9, 12, 19, 0.01,268,47.1
2026-01-28 11:36:00,-83.0509,39.3738, 202.0,11343,-54.8,-71.2,-66.9, 11, 19, 0.01,268,47.2
2026-01-28 11:36:01,-83.0504,39.3738, 201.8,11348,-54.8,-71.2,-66.9, 11, 19, 0.01,268,47.2
2026-01-28 11:36:02,-83.0498,39.3738, 201.7,11353,-54.8,-71.2,-66.9, 11, 19, 0.01,268,47.3
2026-01-28 11:36:03,-83.0493,39.3738, 201.5,11358,-54.8,-71.2,-66.9, 11, 19, 0.01,268,47.4
2026-01-28 11:36:04,-83.0487,39.3739, 201.4,11363,-54.8,-71.2,-66.9, 11, 19, 0.01,269,47.4
2026-01-28 11:36:05,-83.0482,39.3739, 201.2,11368,-54.8,-71.2,-66.9, 11, 19, 0.01,269,47.5
2026-01-28 11:36:06,-83.0477,39.3738, 201.0,11373,-54.8,-71.2,-66.9, 11, 19, 0.01,269,47.5
2026-01-28 11:36:07,-83.0471,39.3738, 200.9,11379,-54.8,-71.2,-66.9, 11, 19, 0.01,269,47.6
2026-01-28 11:36:08,-83.0466,39.3738, 200.7,11384,-54.7,-71.2,-66.9, 11, 19, 0.01,269,47.6
2026-01-28 11:36:09,-83.0460,39.3738, 200.5,11390,-54.7,-71.2,-66.9, 11, 19, 0.01,269,47.7
2026-01-28 11:36:10,-83.0455,39.3738, 200.4,11395,-54.7,-71.2,-66.9, 11, 19, 0.01,269,47.8
2026-01-28 11:36:11,-83.0448,39.3737, 200.2,11400,-54.7,-71.2,-66.9, 11, 19, 0.01,270,47.8
2026-01-28 11:36:12,-83.0444,39.3737, 200.0,11407,-54.7,-71.2,-66.9, 11, 19, 0.01,270,47.9
2026-01-28 11:36:13,-83.0438,39.3737, 199.9,11411,-54.7,-71.2,-66.9, 11, 19, 0.01,270,47.9
2026-01-28 11:36:14,-83.0432,39.3737, 199.7,11417,-54.7,-71.2,-66.9, 11, 19, 0.01,270,48.0
2026-01-28 11:36:15,-83.0427,39.3737, 199.6,11422,-54.7,-71.2,-66.9, 11, 19, 0.01,270,48.0
2026-01-28 11:36:16,-83.0421,39.3737, 199.4,11427,-54.7,-71.2,-66.9, 11, 19, 0.01,270,48.0
2026-01-28 11:36:17,-83.0416,39.3736, 199.2,11432,-54.7,-71.3,-66.9, 11, 19, 0.01,270,48.0
2026-01-28 11:36:18,-83.0410,39.3736, 199.1,11437,-54.7,-71.3,-67.0, 11, 19, 0.01,270,48.0
2026-01-28 11:36:19,-83.0405,39.3736, 198.9,11441,-54.7,-71.3,-67.0, 11, 19, 0.01,271,47.9
2026-01-28 11:36:20,-83.0399,39.3736, 198.8,11446,-54.7,-71.3,-67.0, 11, 19, 0.01,271,47.9
2026-01-28 11:36:21,-83.0394,39.3736, 198.6,11451,-54.7,-71.3,-67.0, 11, 19, 0.01,271,47.9
2026-01-28 11:36:22,-83.0391,39.3736, 198.5,11456,-54.7,-71.3,-67.0, 11, 19, 0.01,271,47.8
2026-01-28 11:36:23,-83.0383,39.3735, 198.4,11459,-54.7,-71.3,-67.0, 11, 19, 0.01,271,47.8
2026-01-28 11:36:24,-83.0377,39.3735, 198.2,11465,-54.7,-71.3,-67.0, 11, 19, 0.01,271,47.8
2026-01-28 11:36:25,-83.0372,39.3735, 198.0,11470,-54.7,-71.3,-67.0, 11, 18, 0.01,271,47.8
2026-01-28 11:36:26,-83.0366,39.3735, 197.9,11475,-54.7,-71.3,-67.0, 11, 18, 0.01,271,47.7
2026-01-28 11:36:27,-83.0361,39.3735, 197.8,11479,-54.7,-71.4,-67.0, 11, 18, 0.01,271,47.7
2026-01-28 11:36:28,-83.0355,39.3734, 197.6,11484,-54.7,-71.4,-67.1, 11, 18, 0.01,272,47.7
2026-01-28 11:36:29,-83.0350,39.3734, 197.5,11489,-54.7,-71.4,-67.1, 11, 18, 0.01,272,47.6
2026-01-28 11:36:30,-83.0344,39.3734, 197.3,11493,-54.7,-71.4,-67.1, 11, 18, 0.01,272,47.6
2026-01-28 11:36:31,-83.0339,39.3734, 197.2,11498,-54.7,-71.4,-67.1, 11, 18, 0.01,272,47.6
2026-01-28 11:36:32,-83.0333,39.3734, 197.0,11502,-54.7,-71.4,-67.1, 11, 18, 0.01,272,47.6
2026-01-28 11:36:33,-83.0328,39.3733, 196.9,11507,-54.7,-71.5,-67.2, 11, 18, 0.01,272,47.5
2026-01-28 11:36:34,-83.0322,39.3733, 196.8,11511,-54.7,-71.5,-67.2, 11, 18, 0.01,272,47.5
2026-01-28 11:36:35,-83.0317,39.3733, 196.6,11515,-54.7,-71.5,-67.2, 11, 18, 0.01,272,47.5
2026-01-28 11:36:36,-83.0311,39.3733, 196.5,11520,-54.7,-71.5,-67.2, 11, 18, 0.01,273,47.5
2026-01-28 11:36:37,-83.0306,39.3732, 196.4,11524,-54.6,-71.5,-67.2, 11, 18, 0.01,273,47.5
2026-01-28 11:36:38,-83.0300,39.3732, 196.2,11528,-54.6,-71.5,-67.2, 11, 18, 0.01,273,47.4
2026-01-28 11:36:39,-83.0295,39.3732, 196.1,11533,-54.6,-71.6,-67.3, 11, 18, 0.01,273,47.4
2026-01-28 11:36:40,-83.0289,39.3731, 196.0,11537,-54.6,-71.6,-67.3, 11, 18, 0.01,273,47.4
2026-01-28 11:36:41,-83.0284,39.3731, 195.8,11542,-54.6,-71.6,-67.3, 11, 18, 0.01,273,47.4
2026-01-28 11:36:42,-83.0279,39.3731, 195.7,11546,-54.6,-71.6,-67.3, 11, 18, 0.01,273,47.4
2026-01-28 11:36:43,-83.0273,39.3730, 195.5,11551,-54.6,-71.6,-67.3, 11, 18, 0.01,273,47.4
2026-01-28 11:36:44,-83.0268,39.3730, 195.4,11555,-54.6,-71.6,-67.3, 10, 18, 0.01,273,47.4
2026-01-28 11:36:45,-83.0262,39.3730, 195.3,11560,-54.6,-71.7,-67.3, 10, 18, 0.01,273,47.4
2026-01-28 11:36:46,-83.0257,39.3729, 195.1,11564,-54.6,-71.7,-67.4, 10, 18, 0.01,273,47.4
2026-01-28 11:36:47,-83.0251,39.3729, 195.0,11569,-54.6,-71.7,-67.4, 10, 17, 0.01,273,47.4
2026-01-28 11:36:48,-83.0246,39.3729, 194.8,11574,-54.6,-71.7,-67.4, 10, 17, 0.01,273,47.4
2026-01-28 11:36:49,-83.0240,39.3728, 194.7,11579,-54.6,-71.7,-67.4, 10, 17, 0.01,274,47.3
2026-01-28 11:36:50,-83.0235,39.3728, 194.5,11584,-54.6,-71.7,-67.4, 10, 17, 0.01,274,47.3
2026-01-28 11:36:51,-83.0229,39.3728, 194.4,11589,-54.6,-71.7,-67.4, 10, 17, 0.01,274,47.3
2026-01-28 11:36:52,-83.0224,39.3727, 194.2,11594,-54.6,-71.7,-67.4, 10, 17, 0.01,274,47.3
2026-01-28 11:36:53,-83.0218,39.3727, 194.1,11599,-54.6,-71.8,-67.4, 10, 17, 0.01,274,47.3
2026-01-28 11:36:54,-83.0213,39.3727, 193.9,11604,-54.6,-71.8,-67.5, 10, 17, 0.01,274,47.3
2026-01-28 11:36:55,-83.0208,39.3726, 193.8,11609,-54.5,-71.8,-67.5, 10, 17, 0.01,274,47.3
2026-01-28 11:36:56,-83.0202,39.3726, 193.6,11613,-54.5,-71.8,-67.5, 10, 17, 0.01,274,47.3
2026-01-28 11:36:57,-83.0197,39.3726, 193.5,11618,-54.5,-71.8,-67.5, 10, 17, 0.01,274,47.3
2026-01-28 11:36:58,-83.0191,39.3725, 193.3,11623,-54.5,-71.8,-67.5, 10, 17, 0.01,274,47.3
2026-01-28 11:36:59,-83.0186,39.3725, 193.2,11628,-54.5,-71.8,-67.5, 10, 17, 0.01,274,47.3
2026-01-28 11:37:00,-83.0180,39.3725, 193.0,11633,-54.5,-71.8,-67.5, 10, 17, 0.01,274,47.3
2026-01-28 11:37:01,-83.0175,39.3724, 192.9,11639,-54.5,-71.8,-67.5, 10, 17, 0.01,274,47.3
2026-01-28 11:37:02,-83.0169,39.3724, 192.7,11644,-54.4,-71.9,-67.6, 10, 17, 0.01,274,47.2
2026-01-28 11:37:03,-83.0164,39.3724, 192.5,11650,-54.4,-71.9,-67.6, 10, 17, 0.01,274,47.2
2026-01-28 11:37:04,-83.0158,39.3723, 192.4,11655,-54.4,-71.9,-67.6, 10, 17, 0.01,274,47.2
2026-01-28 11:37:05,-83.0153,39.3723, 192.2,11661,-54.4,-71.9,-67.6, 10, 16, 0.01,274,47.2
2026-01-28 11:37:06,-83.0148,39.3723, 192.0,11666,-54.4,-71.9,-67.6, 10, 16, 0.01,274,47.2
2026-01-28 11:37:07,-83.0142,39.3723, 191.9,11672,-54.3,-71.9,-67.6, 10, 16, 0.01,274,47.2
2026-01-28 11:37:08,-83.0137,39.3723, 191.7,11677,-54.3,-71.9,-67.6, 10, 16, 0.01,274,47.2
2026-01-28 11:37:09,-83.0132,39.3723, 191.6,11682,-54.3,-71.9,-67.5, 10, 16, 0.01,274,47.2
2026-01-28 11:37:10,-83.0126,39.3722, 191.4,11688,-54.3,-71.8,-67.5, 10, 16, 0.01,274,47.2
2026-01-28 11:37:11,-83.0121,39.3722, 191.2,11693,-54.3,-71.8,-67.5, 10, 16, 0.01,274,47.2
2026-01-28 11:37:12,-83.0116,39.3722, 191.1,11699,-54.2,-71.8,-67.5, 10, 16, 0.01,274,47.2
2026-01-28 11:37:13,-83.0110,39.3722, 190.9,11704,-54.2,-71.8,-67.5, 10, 16, 0.01,274,47.2
2026-01-28 11:37:14,-83.0105,39.3722, 190.7,11710,-54.2,-71.8,-67.5, 10, 16, 0.01,274,47.2
2026-01-28 11:37:15,-83.0100,39.3722, 190.6,11716,-54.2,-71.8,-67.5, 10, 16, 0.01,274,47.2
2026-01-28 11:37:16,-83.0094,39.3722, 190.4,11721,-54.1,-71.8,-67.5, 10, 16, 0.01,273,47.1
2026-01-28 11:37:17,-83.0089,39.3721, 190.2,11727,-54.1,-71.8,-67.5, 10, 16, 0.01,273,47.0
2026-01-28 11:37:18,-83.0084,39.3721, 190.1,11733,-54.1,-71.8,-67.5, 10, 16, 0.01,273,46.9
2026-01-28 11:37:19,-83.0078,39.3721, 189.9,11738,-54.1,-71.8,-67.5, 10, 16, 0.01,273,46.9
2026-01-28 11:37:20,-83.0073,39.3721, 189.8,11744,-54.1,-71.8,-67.5, 10, 16, 0.01,273,46.8
2026-01-28 11:37:21,-83.0068,39.3721, 189.6,11749,-54.1,-71.8,-67.5, 10, 16, 0.01,273,46.7
2026-01-28 11:37:22,-83.0063,39.3721, 189.5,11755,-54.1,-71.8,-67.5, 10, 16, 0.01,272,46.6
2026-01-28 11:37:23,-83.0057,39.3721, 189.3,11759,-54.1,-71.8,-67.5, 10, 16, 0.01,272,46.6
2026-01-28 11:37:24,-83.0052,39.3721, 189.1,11764,-54.1,-71.8,-67.5, 10, 16, 0.01,272,46.5
2026-01-28 11:37:25,-83.0046,39.3720, 189.0,11768,-54.1,-71.8,-67.5, 10, 16, 0.01,272,46.4
2026-01-28 11:37:26,-83.0041,39.3720, 188.9,11773,-54.1,-71.8,-67.5, 10, 16, 0.01,272,46.3
2026-01-28 11:37:27,-83.0036,39.3720, 188.8,11777,-54.1,-71.8,-67.5, 10, 16, 0.01,272,46.3
2026-01-28 11:37:28,-83.0031,39.3720, 188.6,11781,-54.1,-71.8,-67.5, 10, 16, 0.01,272,46.2
2026-01-28 11:37:29,-83.0026,39.3720, 188.5,11786,-54.1,-71.8,-67.5, 10, 16, 0.01,271,46.1
2026-01-28 11:37:30,-83.0020,39.3720, 188.4,11790,-54.1,-71.8,-67.5, 10, 16, 0.01,271,46.1
2026-01-28 11:37:31,-83.0015,39.3720, 188.2,11795,-54.1,-71.8,-67.5, 10, 16, 0.01,271,46.0
2026-01-28 11:37:32,-83.0009,39.3719, 188.1,11800,-54.1,-71.8,-67.5, 10, 16, 0.01,271,45.9
2026-01-28 11:37:33,-83.0004,39.3719, 187.9,11804,-54.1,-71.9,-67.6, 10, 16, 0.01,271,45.8
2026-01-28 11:37:34,-82.9999,39.3719, 187.8,11809,-54.1,-71.9,-67.6,  9, 16, 0.01,271,45.8
2026-01-28 11:37:35,-82.9993,39.3719, 187.7,11814,-54.1,-71.9,-67.6,  9, 16, 0.01,270,45.7
2026-01-28 11:37:36,-82.9988,39.3719, 187.5,11820,-54.1,-71.9,-67.6,  9, 16, 0.01,271,45.7
2026-01-28 11:37:37,-82.9983,39.3719, 187.4,11825,-54.1,-72.0,-67.7,  9, 16, 0.01,271,45.6
2026-01-28 11:37:38,-82.9978,39.3718, 187.2,11830,-54.1,-72.0,-67.7,  9, 16, 0.01,271,45.6
2026-01-28 11:37:39,-82.9972,39.3718, 187.0,11835,-54.2,-72.0,-67.7,  9, 16, 0.01,271,45.6
2026-01-28 11:37:40,-82.9967,39.3718, 186.9,11841,-54.2,-72.0,-67.7,  9, 16, 0.01,271,45.6
2026-01-28 11:37:41,-82.9962,39.3718, 186.7,11847,-54.2,-72.1,-67.8,  9, 16, 0.01,271,45.6
2026-01-28 11:37:42,-82.9956,39.3718, 186.6,11852,-54.2,-72.1,-67.8,  9, 16, 0.01,271,45.6
2026-01-28 11:37:43,-82.9951,39.3717, 186.4,11858,-54.2,-72.1,-67.8,  9, 16, 0.01,271,45.5
2026-01-28 11:37:44,-82.9946,39.3717, 186.2,11863,-54.2,-72.1,-67.8,  9, 15, 0.01,271,45.5
2026-01-28 11:37:45,-82.9941,39.3717, 186.1,11869,-54.2,-72.2,-67.9,  9, 15, 0.01,271,45.5
2026-01-28 11:37:46,-82.9936,39.3717, 185.9,11874,-54.2,-72.2,-67.9,  9, 15, 0.01,271,45.5
2026-01-28 11:37:47,-82.9930,39.3717, 185.8,11880,-54.2,-72.2,-67.9,  9, 15, 0.01,272,45.5
2026-01-28 11:37:48,-82.9925,39.3716, 185.6,11885,-54.3,-72.3,-67.9,  9, 15, 0.01,272,45.5
2026-01-28 11:37:49,-82.9920,39.3716, 185.5,11891,-54.3,-72.3,-68.0,  9, 15, 0.01,272,45.5
2026-01-28 11:37:50,-82.9915,39.3716, 185.3,11896,-54.3,-72.3,-68.0,  9, 15, 0.01,272,45.4
2026-01-28 11:37:51,-82.9909,39.3716, 185.2,11900,-54.3,-72.3,-68.0,  9, 15, 0.01,272,45.4
2026-01-28 11:37:52,-82.9904,39.3716, 185.1,11905,-54.3,-72.4,-68.1,  9, 15, 0.01,272,45.4
2026-01-28 11:37:53,-82.9899,39.3715, 184.9,11909,-54.3,-72.4,-68.1,  9, 15, 0.01,272,45.4
2026-01-28 11:37:54,-82.9894,39.3715, 184.8,11914,-54.3,-72.4,-68.1,  9, 15, 0.01,272,45.4
2026-01-28 11:37:55,-82.9888,39.3715, 184.7,11918,-54.3,-72.5,-68.2,  9, 15, 0.01,272,45.4
2026-01-28 11:37:56,-82.9883,39.3715, 184.5,11923,-54.4,-72.5,-68.2,  9, 15, 0.01,272,45.4
2026-01-28 11:37:57,-82.9878,39.3715, 184.4,11927,-54.4,-72.5,-68.2,  9, 15, 0.01,272,45.4
2026-01-28 11:37:58,-82.9873,39.3714, 184.3,11931,-54.4,-72.6,-68.2,  9, 15, 0.01,272,45.4
2026-01-28 11:37:59,-82.9867,39.3714, 184.2,11935,-54.4,-72.6,-68.3,  9, 15, 0.01,272,45.3
2026-01-28 11:38:00,-82.9862,39.3714, 184.0,11939,-54.4,-72.6,-68.3,  9, 15, 0.01,272,45.3
2026-01-28 11:38:01,-82.9857,39.3714, 183.9,11944,-54.4,-72.6,-68.3,  9, 15, 0.01,272,45.3
2026-01-28 11:38:02,-82.9852,39.3714, 183.8,11948,-54.4,-72.6,-68.3,  9, 15, 0.01,272,45.3
2026-01-28 11:38:03,-82.9846,39.3713, 183.7,11952,-54.4,-72.6,-68.3,  9, 15, 0.01,272,45.3
2026-01-28 11:38:04,-82.9841,39.3713, 183.5,11957,-54.4,-72.6,-68.3,  9, 15, 0.01,272,45.3
2026-01-28 11:38:05,-82.9836,39.3713, 183.4,11961,-54.4,-72.7,-68.4,  9, 15, 0.01,272,45.3
2026-01-28 11:38:06,-82.9831,39.3713, 183.3,11965,-54.5,-72.7,-68.4,  9, 15, 0.01,272,45.3
2026-01-28 11:38:07,-82.9826,39.3713, 183.2,11970,-54.5,-72.7,-68.4,  9, 15, 0.01,272,45.3
2026-01-28 11:38:08,-82.9820,39.3712, 183.0,11974,-54.5,-72.7,-68.4,  9, 15, 0.01,272,45.3
2026-01-28 11:38:09,-82.9815,39.3712, 182.9,11979,-54.5,-72.7,-68.4,  9, 15, 0.01,272,45.3
2026-01-28 11:38:10,-82.9810,39.3712, 182.8,11983,-54.5,-72.7,-68.4,  9, 15, 0.01,272,45.3
2026-01-28 11:38:11,-82.9805,39.3712, 182.6,11988,-54.5,-72.7,-68.4,  9, 15, 0.01,272,45.3
2026-01-28 11:38:12,-82.9800,39.3712, 182.5,11992,-54.5,-72.8,-68.5,  9, 15, 0.01,272,45.3
2026-01-28 11:38:13,-82.9795,39.3712, 182.4,11997,-54.5,-72.8,-68.5,  9, 15, 0.01,272,45.3
2026-01-28 11:38:14,-82.9789,39.3711, 182.3,12001,-54.5,-72.8,-68.5,  9, 15, 0.01,272,45.3
2026-01-28 11:38:15,-82.9784,39.3711, 182.1,12006,-54.6,-72.9,-68.6,  9, 15, 0.01,272,45.3
2026-01-28 11:38:16,-82.9779,39.3711, 182.0,12010,-54.6,-72.9,-68.6,  9, 15, 0.01,272,45.3
2026-01-28 11:38:17,-82.9774,39.3711, 181.9,12015,-54.6,-72.9,-68.6,  9, 15, 0.01,272,45.2
2026-01-28 11:38:18,-82.9769,39.3711, 181.8,12019,-54.6,-72.9,-68.6,  9, 14, 0.01,272,45.2
2026-01-28 11:38:19,-82.9764,39.3710, 181.6,12023,-54.6,-73.0,-68.7,  9, 14, 0.01,272,45.2
2026-01-28 11:38:20,-82.9759,39.3710, 181.5,12028,-54.6,-73.0,-68.7,  9, 14, 0.01,272,45.1
2026-01-28 11:38:21,-82.9753,39.3710, 181.4,12033,-54.6,-73.0,-68.7,  9, 14, 0.01,272,45.1
2026-01-28 11:38:22,-82.9748,39.3710, 181.2,12037,-54.6,-73.1,-68.8,  9, 14, 0.01,272,45.1
2026-01-28 11:38:23,-82.9743,39.3710, 181.1,12042,-54.7,-73.1,-68.8,  9, 14, 0.01,272,45.0
2026-01-28 11:38:24,-82.9738,39.3709, 181.0,12046,-54.7,-73.1,-68.8,  8, 14, 0.01,272,45.0
2026-01-28 11:38:25,-82.9733,39.3709, 180.9,12051,-54.7,-73.1,-68.8,  8, 14, 0.01,272,44.9
2026-01-28 11:38:26,-82.9728,39.3709, 180.7,12056,-54.7,-73.2,-68.9,  8, 14, 0.01,272,44.9
2026-01-28 11:38:27,-82.9722,39.3709, 180.6,12061,-54.7,-73.2,-68.9,  8, 14, 0.01,272,44.9
2026-01-28 11:38:28,-82.9717,39.3709, 180.5,12065,-54.7,-73.2,-68.9,  8, 14, 0.01,272,44.8
2026-01-28 11:38:29,-82.9712,39.3709, 180.3,12070,-54.8,-73.3,-69.0,  8, 14, 0.01,272,44.8
2026-01-28 11:38:30,-82.9707,39.3708, 180.2,12075,-54.8,-73.3,-69.0,  8, 14, 0.01,272,44.8
2026-01-28 11:38:31,-82.9702,39.3708, 180.1,12079,-54.8,-73.3,-69.0,  8, 14, 0.01,272,44.7
2026-01-28 11:38:32,-82.9697,39.3708, 179.9,12084,-54.8,-73.4,-69.1,  8, 14, 0.01,272,44.7
2026-01-28 11:38:33,-82.9691,39.3708, 179.8,12088,-54.8,-73.4,-69.1,  8, 14, 0.01,272,44.7
2026-01-28 11:38:34,-82.9686,39.3708, 179.7,12093,-54.8,-73.4,-69.1,  8, 14, 0.01,272,44.6
2026-01-28 11:38:35,-82.9681,39.3707, 179.5,12098,-54.9,-73.4,-69.1,  8, 14, 0.01,272,44.6
2026-01-28 11:38:36,-82.9676,39.3707, 179.4,12103,-54.9,-73.5,-69.2,  8, 14, 0.01,272,44.5
2026-01-28 11:38:37,-82.9671,39.3707, 179.3,12107,-54.9,-73.5,-69.2,  8, 14, 0.01,272,44.4
2026-01-28 11:38:38,-82.9666,39.3707, 179.1,12112,-54.9,-73.5,-69.2,  8, 14, 0.01,272,44.4
2026-01-28 11:38:39,-82.9661,39.3707, 179.0,12117,-54.9,-73.6,-69.3,  8, 14, 0.01,272,44.3
2026-01-28 11:38:40,-82.9657,39.3707, 178.8,12122,-54.9,-73.6,-69.3,  8, 14, 0.01,272,44.2
2026-01-28 11:38:41,-82.9652,39.3707, 178.7,12127,-54.9,-73.6,-69.3,  8, 14, 0.01,272,44.1
2026-01-28 11:38:42,-82.9647,39.3707, 178.6,12133,-54.9,-73.6,-69.3,  8, 14, 0.01,272,44.1
2026-01-28 11:38:43,-82.9642,39.3707, 178.4,12138,-55.0,-73.7,-69.4,  8, 14, 0.01,272,44.0
2026-01-28 11:38:44,-82.9637,39.3706, 178.3,12143,-55.0,-73.7,-69.4,  8, 14, 0.01,272,43.9
2026-01-28 11:38:45,-82.9632,39.3706, 178.1,12149,-55.0,-73.7,-69.4,  8, 14, 0.01,272,43.9
2026-01-28 11:38:46,-82.9627,39.3706, 178.0,12154,-55.0,-73.7,-69.4,  8, 14, 0.01,272,43.8
2026-01-28 11:38:47,-82.9622,39.3706, 177.8,12159,-55.0,-73.8,-69.5,  8, 14, 0.01,272,43.7
2026-01-28 11:38:48,-82.9617,39.3706, 177.7,12164,-55.0,-73.8,-69.5,  8, 13, 0.01,272,43.6
2026-01-28 11:38:49,-82.9612,39.3706, 177.5,12169,-55.0,-73.8,-69.5,  8, 13, 0.01,271,43.6
2026-01-28 11:38:50,-82.9607,39.3706, 177.4,12174,-55.0,-73.8,-69.5,  8, 13, 0.01,271,43.5
2026-01-28 11:38:51,-82.9602,39.3706, 177.3,12179,-55.1,-73.9,-69.6,  8, 13, 0.01,271,43.4
2026-01-28 11:38:52,-82.9597,39.3706, 177.1,12184,-55.1,-73.9,-69.6,  8, 13, 0.01,271,43.3
2026-01-28 11:38:53,-82.9592,39.3705, 177.0,12189,-55.1,-73.9,-69.6,  8, 13, 0.01,271,43.3
2026-01-28 11:38:54,-82.9587,39.3705, 176.9,12194,-55.1,-74.0,-69.7,  8, 13, 0.01,271,43.2
2026-01-28 11:38:55,-82.9583,39.3705, 176.7,12198,-55.1,-74.0,-69.7,  8, 13, 0.01,271,43.1
2026-01-28 11:38:56,-82.9578,39.3705, 176.6,12203,-55.1,-74.0,-69.7,  8, 13, 0.01,271,43.0
2026-01-28 11:38:57,-82.9573,39.3705, 176.5,12208,-55.1,-74.0,-69.7,  8, 13, 0.01,271,43.0
2026-01-28 11:38:58,-82.9568,39.3705, 176.3,12212,-55.1,-74.1,-69.8,  8, 13, 0.01,271,42.9
2026-01-28 11:38:59,-82.9563,39.3705, 176.2,12217,-55.2,-74.1,-69.8,  8, 13, 0.01,271,42.8
2026-01-28 11:39:00,-82.9558,39.3705, 176.1,12222,-55.2,-74.1,-69.8,  8, 13, 0.01,271,42.7
2026-01-28 11:39:01,-82.9553,39.3705, 175.9,12227,-55.2,-74.1,-69.8,  8, 13, 0.01,271,42.7
2026-01-28 11:39:02,-82.9548,39.3704, 175.8,12232,-55.2,-74.2,-69.9,  8, 13, 0.01,271,42.6
2026-01-28 11:39:03,-82.9543,39.3704, 175.7,12236,-55.2,-74.2,-69.9,  8, 13, 0.01,271,42.5
2026-01-28 11:39:04,-82.9538,39.3704, 175.6,12241,-55.2,-74.2,-69.9,  8, 13, 0.01,271,42.4
2026-01-28 11:39:05,-82.9533,39.3704, 175.4,12246,-55.2,-74.3,-70.0,  8, 13, 0.01,271,42.4
2026-01-28 11:39:06,-82.9528,39.3704, 175.3,12250,-55.2,-74.3,-70.0,  8, 13, 0.01,271,42.3
2026-01-28 11:39:07,-82.9524,39.3704, 175.2,12255,-55.3,-74.3,-70.0,  8, 13, 0.01,271,42.2
2026-01-28 11:39:08,-82.9519,39.3704, 175.0,12260,-55.3,-74.3,-70.0,  8, 13, 0.01,271,42.1
2026-01-28 11:39:09,-82.9515,39.3703, 174.9,12264,-55.3,-74.4,-70.1,  8, 13, 0.01,271,42.1
2026-01-28 11:39:10,-82.9510,39.3703, 174.8,12269,-55.3,-74.4,-70.1,  8, 13, 0.01,271,42.0
2026-01-28 11:39:11,-82.9505,39.3703, 174.7,12274,-55.3,-74.4,-70.1,  8, 13, 0.01,271,41.9
2026-01-28 11:39:12,-82.9501,39.3703, 174.5,12279,-55.4,-74.4,-70.1,  8, 13, 0.01,271,41.9
2026-01-28 11:39:13,-82.9496,39.3703, 174.4,12283,-55.4,-74.4,-70.2,  8, 13, 0.01,271,41.8
2026-01-28 11:39:14,-82.9491,39.3703, 174.3,12288,-55.4,-74.5,-70.2,  8, 13, 0.01,271,41.7
2026-01-28 11:39:15,-82.9487,39.3703, 174.1,12293,-55.4,-74.5,-70.2,  8, 13, 0.01,271,41.6
2026-01-28 11:39:16,-82.9482,39.3702, 174.0,12297,-55.4,-74.5,-70.2,  8, 13, 0.01,271,41.5
2026-01-28 11:39:17,-82.9478,39.3702, 173.9,12302,-55.4,-74.5,-70.3,  8, 13, 0.01,271,41.4
2026-01-28 11:39:18,-82.9473,39.3702, 173.7,12307,-55.5,-74.6,-70.3,  8, 13, 0.01,271,41.3
2026-01-28 11:39:19,-82.9468,39.3702, 173.6,12312,-55.5,-74.6,-70.3,  7, 13, 0.01,271,41.2
2026-01-28 11:39:20,-82.9464,39.3702, 173.5,12316,-55.5,-74.6,-70.3,  7, 13, 0.01,271,41.1
2026-01-28 11:39:21,-82.9459,39.3702, 173.4,12321,-55.5,-74.7,-70.4,  7, 13, 0.01,271,41.0
2026-01-28 11:39:22,-82.9455,39.3701, 173.2,12326,-55.5,-74.7,-70.4,  7, 13, 0.01,272,40.9
2026-01-28 11:39:23,-82.9450,39.3701, 173.1,12331,-55.6,-74.7,-70.4,  7, 13, 0.01,272,40.8
2026-01-28 11:39:24,-82.9445,39.3701, 173.0,12336,-55.6,-74.8,-70.5,  7, 13, 0.01,272,40.7
2026-01-28 11:39:25,-82.9441,39.3701, 172.8,12341,-55.6,-74.8,-70.5,  7, 12, 0.01,272,40.6
2026-01-28 11:39:26,-82.9436,39.3701, 172.7,12346,-55.6,-74.8,-70.5,  7, 12, 0.01,272,40.4
2026-01-28 11:39:27,-82.9431,39.3701, 172.6,12351,-55.6,-74.9,-70.6,  7, 12, 0.01,272,40.3
2026-01-28 11:39:28,-82.9427,39.3700, 172.4,12355,-55.6,-74.9,-70.6,  7, 12, 0.01,272,40.2
2026-01-28 11:39:29,-82.9422,39.3700, 172.3,12360,-55.7,-74.9,-70.6,  7, 12, 0.01,272,40.1
2026-01-28 11:39:30,-82.9417,39.3700, 172.2,12365,-55.7,-75.0,-70.7,  7, 12, 0.01,272,40.0
2026-01-28 11:39:31,-82.9413,39.3700, 172.0,12370,-55.7,-75.0,-70.7,  7, 12, 0.01,272,39.9
2026-01-28 11:39:32,-82.9408,39.3700, 171.9,12375,-55.7,-75.0,-70.7,  7, 12, 0.01,272,39.8
2026-01-28 11:39:33,-82.9404,39.3700, 171.8,12379,-55.7,-75.1,-70.8,  7, 12, 0.01,272,39.7
2026-01-28 11:39:34,-82.9399,39.3699, 171.7,12384,-55.8,-75.1,-70.8,  7, 12, 0.01,272,39.6
2026-01-28 11:39:35,-82.9394,39.3699, 171.5,12389,-55.8,-75.1,-70.8,  7, 12, 0.01,272,39.5
2026-01-28 11:39:36,-82.9390,39.3699, 171.4,12394,-55.8,-75.2,-70.9,  7, 12, 0.01,272,39.4
2026-01-28 11:39:37,-82.9385,39.3699, 171.3,12399,-55.8,-75.2,-70.9,  7, 12, 0.01,272,39.4
2026-01-28 11:39:38,-82.9381,39.3699, 171.1,12404,-55.8,-75.2,-70.9,  7, 12, 0.01,272,39.4
2026-01-28 11:39:39,-82.9376,39.3699, 171.0,12409,-55.8,-75.3,-71.0,  7, 12, 0.01,272,39.3
2026-01-28 11:39:40,-82.9372,39.3699, 170.9,12414,-55.9,-75.3,-71.0,  7, 12, 0.01,272,39.3
2026-01-28 11:39:41,-82.9367,39.3699, 170.7,12419,-55.9,-75.3,-71.1,  7, 12, 0.01,272,39.3
2026-01-28 11:39:42,-82.9363,39.3699, 170.6,12424,-55.9,-75.4,-71.1,  7, 12, 0.01,272,39.2
2026-01-28 11:39:43,-82.9358,39.3699, 170.5,12429,-55.9,-75.4,-71.1,  7, 12, 0.01,272,39.2
2026-01-28 11:39:44,-82.9354,39.3699, 170.3,12433,-55.9,-75.4,-71.2,  7, 12, 0.01,272,39.1
2026-01-28 11:39:45,-82.9349,39.3699, 170.2,12438,-55.9,-75.5,-71.2,  7, 12, 0.01,272,39.1
2026-01-28 11:39:46,-82.9345,39.3699, 170.1,12443,-56.0,-75.5,-71.2,  7, 12, 0.01,272,39.1
2026-01-28 11:39:47,-82.9340,39.3698, 169.9,12448,-56.0,-75.5,-71.3,  7, 12, 0.01,272,39.0
2026-01-28 11:39:48,-82.9336,39.3698, 169.8,12453,-56.0,-75.6,-71.3,  7, 12, 0.01,272,39.0
2026-01-28 11:39:49,-82.9331,39.3698, 169.7,12458,-56.0,-75.6,-71.3,  7, 12, 0.01,272,38.9
2026-01-28 11:39:50,-82.9327,39.3698, 169.5,12463,-56.0,-75.6,-71.3,  7, 12, 0.01,272,38.9
2026-01-28 11:39:51,-82.9322,39.3698, 169.4,12468,-56.0,-75.6,-71.3,  7, 12, 0.01,272,38.9
2026-01-28 11:39:52,-82.9318,39.3698, 169.3,12472,-56.0,-75.7,-71.4,  7, 12, 0.01,272,38.8
2026-01-28 11:39:53,-82.9313,39.3698, 169.2,12477,-56.0,-75.7,-71.4,  7, 12, 0.01,272,38.8
2026-01-28 11:39:54,-82.9309,39.3698, 169.0,12482,-56.0,-75.7,-71.4,  7, 12, 0.01,272,38.7
2026-01-28 11:39:55,-82.9304,39.3698, 168.9,12487,-56.0,-75.7,-71.4,  7, 11, 0.01,272,38.7
2026-01-28 11:39:56,-82.9300,39.3698, 168.8,12492,-56.1,-75.7,-71.5,  7, 11, 0.01,272,38.8
2026-01-28 11:39:57,-82.9295,39.3698, 168.6,12497,-56.1,-75.8,-71.5,  7, 11, 0.01,271,38.8
2026-01-28 11:39:58,-82.9290,39.3698, 168.5,12502,-56.1,-75.8,-71.5,  7, 11, 0.01,271,38.9
2026-01-28 11:39:59,-82.9286,39.3698, 168.4,12507,-56.1,-75.8,-71.5,  7, 11, 0.01,271,38.9
2026-01-28 11:40:00,-82.9281,39.3698, 168.2,12512,-56.1,-75.8,-71.6,  7, 11, 0.01,271,39.0
2026-01-28 11:40:01,-82.9277,39.3698, 168.1,12517,-56.1,-75.9,-71.6,  7, 11, 0.01,271,39.0
2026-01-28 11:40:02,-82.9272,39.3697, 168.0,12523,-56.1,-75.9,-71.6,  7, 11, 0.01,271,39.1
2026-01-28 11:40:03,-82.9268,39.3697, 167.8,12528,-56.1,-75.9,-71.6,  7, 11, 0.01,270,39.1
2026-01-28 11:40:04,-82.9263,39.3697, 167.7,12533,-56.1,-75.9,-71.7,  7, 11, 0.01,270,39.2
2026-01-28 11:40:05,-82.9259,39.3697, 167.6,12538,-56.2,-76.0,-71.7,  7, 11, 0.01,270,39.2
2026-01-28 11:40:06,-82.9254,39.3697, 167.4,12543,-56.2,-76.0,-71.7,  7, 11, 0.01,270,39.3
2026-01-28 11:40:07,-82.9250,39.3697, 167.3,12548,-56.2,-76.0,-71.7,  7, 11, 0.01,270,39.3
2026-01-28 11:40:08,-82.9245,39.3697, 167.2,12553,-56.2,-76.0,-71.8,  7, 11, 0.01,270,39.4
2026-01-28 11:40:09,-82.9240,39.3698, 167.0,12558,-56.2,-76.1,-71.8,  7, 11, 0.01,269,39.4
2026-01-28 11:40:10,-82.9235,39.3698, 166.9,12563,-56.2,-76.1,-71.8,  7, 11, 0.01,269,39.5
2026-01-28 11:40:11,-82.9231,39.3698, 166.8,12568,-56.2,-76.1,-71.8,  7, 11, 0.01,269,39.6
2026-01-28 11:40:12,-82.9226,39.3698, 166.6,12573,-56.2,-76.1,-71.9,  6, 11, 0.01,269,39.6
2026-01-28 11:40:13,-82.9221,39.3698, 166.5,12578,-56.2,-76.2,-71.9,  6, 11, 0.01,269,39.7
2026-01-28 11:40:14,-82.9216,39.3698, 166.4,12583,-56.2,-76.2,-71.9,  6, 11, 0.01,269,39.7
2026-01-28 11:40:15,-82.9212,39.3698, 166.2,12588,-56.2,-76.2,-71.9,  6, 11, 0.01,269,39.8
2026-01-28 11:40:16,-82.9207,39.3699, 166.1,12593,-56.2,-76.2,-72.0,  6, 11, 0.01,268,39.9
2026-01-28 11:40:17,-82.9202,39.3699, 166.0,12597,-56.2,-76.3,-72.0,  6, 11, 0.01,268,39.9
2026-01-28 11:40:18,-82.9197,39.3699, 165.9,12602,-56.2,-76.3,-72.0,  6, 11, 0.01,268,40.0
2026-01-28 11:40:19,-82.9193,39.3699, 165.7,12607,-56.3,-76.3,-72.0,  6, 11, 0.01,268,40.1
2026-01-28 11:40:20,-82.9188,39.3699, 165.6,12612,-56.3,-76.3,-72.1,  6, 11, 0.01,268,40.1
2026-01-28 11:40:21,-82.9183,39.3699, 165.5,12617,-56.3,-76.4,-72.1,  6, 11, 0.01,268,40.2
2026-01-28 11:40:22,-82.9178,39.3699, 165.3,12622,-56.3,-76.4,-72.1,  6, 11, 0.01,268,40.3
2026-01-28 11:40:23,-82.9174,39.3699, 165.2,12627,-56.3,-76.4,-72.1,  6, 11, 0.01,268,40.4
2026-01-28 11:40:24,-82.9169,39.3700, 165.1,12633,-56.3,-76.4,-72.2,  6, 11, 0.01,268,40.4
2026-01-28 11:40:25,-82.9164,39.3700, 164.9,12638,-56.3,-76.5,-72.2,  6, 11, 0.01,268,40.5
2026-01-28 11:40:26,-82.9159,39.3700, 164.8,12643,-56.3,-76.5,-72.2,  6, 11, 0.01,268,40.6
2026-01-28 11:40:27,-82.9155,39.3700, 164.7,12648,-56.3,-76.5,-72.2,  6, 10, 0.01,268,40.6
2026-01-28 11:40:28,-82.9150,39.3700, 164.5,12653,-56.3,-76.5,-72.3,  6, 10, 0.01,267,40.7
2026-01-28 11:40:29,-82.9145,39.3700, 164.4,12658,-56.3,-76.5,-72.3,  6, 10, 0.01,267,40.8
2026-01-28 11:40:30,-82.9140,39.3700, 164.3,12664,-56.3,-76.6,-72.3,  6, 10, 0.01,267,40.9
2026-01-28 11:40:31,-82.9136,39.3701, 164.1,12669,-56.3,-76.6,-72.3,  6, 10, 0.01,267,40.9
2026-01-28 11:40:32,-82.9131,39.3701, 164.0,12674,-56.3,-76.6,-72.3,  6, 10, 0.01,267,41.0
2026-01-28 11:40:33,-82.9126,39.3701, 163.9,12679,-56.3,-76.6,-72.3,  6, 10, 0.01,267,41.1
2026-01-28 11:40:34,-82.9121,39.3701, 163.7,12684,-56.3,-76.6,-72.3,  6, 10, 0.01,267,41.1
2026-01-28 11:40:35,-82.9117,39.3701, 163.6,12689,-56.2,-76.6,-72.4,  6, 10, 0.01,267,41.2
2026-01-28 11:40:36,-82.9112,39.3701, 163.5,12694,-56.2,-76.6,-72.4,  6, 10, 0.01,267,41.3
2026-01-28 11:40:37,-82.9107,39.3701, 163.3,12699,-56.2,-76.7,-72.4,  6, 10, 0.01,267,41.4
2026-01-28 11:40:38,-82.9102,39.3701, 163.2,12705,-56.2,-76.7,-72.4,  6, 10, 0.01,267,41.5
2026-01-28 11:40:39,-82.9097,39.3701, 163.1,12710,-56.2,-76.7,-72.4,  6, 10, 0.01,267,41.6
2026-01-28 11:40:40,-82.9092,39.3702, 163.0,12715,-56.2,-76.7,-72.4,  6, 10, 0.01,267,41.7
2026-01-28 11:40:41,-82.9087,39.3702, 162.8,12720,-56.2,-76.7,-72.4,  6, 10, 0.01,267,41.8
2026-01-28 11:40:42,-82.9082,39.3702, 162.7,12725,-56.2,-76.7,-72.4,  6, 10, 0.01,267,41.9
2026-01-28 11:40:43,-82.9077,39.3702, 162.6,12730,-56.2,-76.7,-72.4,  6, 10, 0.01,267,42.0
2026-01-28 11:40:44,-82.9072,39.3702, 162.4,12735,-56.2,-76.7,-72.5,  6, 10, 0.01,268,42.1
2026-01-28 11:40:45,-82.9067,39.3702, 162.3,12740,-56.2,-76.7,-72.5,  6, 10, 0.01,268,42.2
2026-01-28 11:40:46,-82.9062,39.3702, 162.2,12745,-56.2,-76.7,-72.5,  6, 10, 0.01,268,42.4
2026-01-28 11:40:47,-82.9057,39.3702, 162.1,12750,-56.2,-76.7,-72.5,  6, 10, 0.01,268,42.5
2026-01-28 11:40:48,-82.9052,39.3702, 161.9,12755,-56.2,-76.7,-72.5,  6, 10, 0.01,268,42.6
2026-01-28 11:40:49,-82.9047,39.3702, 161.8,12760,-56.2,-76.7,-72.5,  6, 10, 0.01,268,42.7
2026-01-28 11:40:50,-82.9042,39.3702, 161.7,12765,-56.2,-76.8,-72.5,  6, 10, 0.01,268,42.8
2026-01-28 11:40:51,-82.9037,39.3702, 161.6,12769,-56.2,-76.8,-72.5,  6, 10, 0.01,268,42.9
2026-01-28 11:40:52,-82.9032,39.3702, 161.4,12774,-56.2,-76.8,-72.5,  6, 10, 0.01,268,43.0
2026-01-28 11:40:53,-82.9027,39.3702, 161.3,12779,-56.2,-76.8,-72.5,  6, 10, 0.01,268,43.1
2026-01-28 11:40:54,-82.9022,39.3702, 161.2,12784,-56.3,-76.8,-72.5,  6, 10, 0.01,268,43.2
2026-01-28 11:40:55,-82.9017,39.3702, 161.1,12789,-56.3,-76.8,-72.6,  6, 10, 0.01,268,43.3
2026-01-28 11:40:56,-82.9012,39.3702, 160.9,12794,-56.3,-76.9,-72.6,  6, 10, 0.01,268,43.3
2026-01-28 11:40:57,-82.9007,39.3702, 160.8,12798,-56.3,-76.9,-72.6,  6, 10, 0.01,268,43.3
2026-01-28 11:40:58,-82.9002,39.3702, 160.7,12803,-56.3,-76.9,-72.6,  6, 10, 0.01,268,43.3
2026-01-28 11:40:59,-82.8997,39.3702, 160.6,12808,-56.3,-76.9,-72.7,  6, 10, 0.01,268,43.3
2026-01-28 11:41:00,-82.8992,39.3702, 160.5,12812,-56.3,-76.9,-72.7,  6, 10, 0.01,269,43.3
2026-01-28 11:41:01,-82.8987,39.3703, 160.3,12817,-56.4,-77.0,-72.7,  6, 10, 0.01,269,43.3
2026-01-28 11:41:02,-82.8982,39.3703, 160.2,12822,-56.4,-77.0,-72.7,  6, 10, 0.01,269,43.3
2026-01-28 11:41:03,-82.8977,39.3703, 160.1,12827,-56.4,-77.0,-72.7,  6, 10, 0.01,269,43.4
2026-01-28 11:41:04,-82.8972,39.3703, 160.0,12832,-56.4,-77.0,-72.8,  6, 10, 0.01,269,43.4
2026-01-28 11:41:05,-82.8967,39.3703, 159.8,12837,-56.4,-77.1,-72.8,  6, 10, 0.01,269,43.4
2026-01-28 11:41:06,-82.8962,39.3703, 159.7,12842,-56.4,-77.1,-72.8,  6, 10, 0.01,269,43.4
2026-01-28 11:41:07,-82.8957,39.3703, 159.6,12847,-56.4,-77.1,-72.9,  6, 10, 0.01,269,43.4
2026-01-28 11:41:08,-82.8952,39.3703, 159.5,12852,-56.5,-77.2,-72.9,  6, 10, 0.01,269,43.4
2026-01-28 11:41:09,-82.8946,39.3703, 159.3,12857,-56.5,-77.2,-72.9,  6, 10, 0.01,269,43.4
2026-01-28 11:41:10,-82.8942,39.3703, 159.2,12862,-56.5,-77.2,-73.0,  6, 10, 0.01,269,43.4
2026-01-28 11:41:11,-82.8936,39.3703, 159.1,12867,-56.5,-77.2,-73.0,  6, 10, 0.01,269,43.4
2026-01-28 11:41:12,-82.8931,39.3703, 159.0,12872,-56.5,-77.3,-73.0,  6, 10, 0.01,269,43.4
2026-01-28 11:41:13,-82.8926,39.3703, 158.8,12877,-56.6,-77.3,-73.0,  6, 10, 0.01,269,43.5
2026-01-28 11:41:14,-82.8921,39.3703, 158.7,12882,-56.6,-77.3,-73.1,  6, 10, 0.01,269,43.5
2026-01-28 11:41:15,-82.8916,39.3703, 158.6,12887,-56.6,-77.4,-73.1,  6, 10, 0.01,269,43.5
2026-01-28 11:41:16,-82.8911,39.3703, 158.5,12892,-56.6,-77.4,-73.1,  6, 10, 0.01,269,43.5
2026-01-28 11:41:17,-82.8906,39.3703, 158.3,12897,-56.6,-77.4,-73.2,  6, 10, 0.01,269,43.5
2026-01-28 11:41:18,-82.8901,39.3703, 158.2,12902,-56.7,-77.5,-73.2,  6, 10, 0.01,269,43.5
2026-01-28 11:41:19,-82.8896,39.3703, 158.1,12907,-56.7,-77.5,-73.2,  6,  9, 0.01,269,43.5
2026-01-28 11:41:20,-82.8891,39.3704, 158.0,12912,-56.7,-77.5,-73.3,  6,  9, 0.01,269,43.5
2026-01-28 11:41:21,-82.8886,39.3704, 157.8,12918,-56.7,-77.6,-73.3,  6,  9, 0.01,269,43.5
2026-01-28 11:41:22,-82.8881,39.3704, 157.7,12923,-56.7,-77.6,-73.3,  6,  9, 0.01,269,43.5
2026-01-28 11:41:23,-82.8876,39.3704, 157.6,12928,-56.7,-77.6,-73.4,  6,  9, 0.01,269,43.5
2026-01-28 11:41:24,-82.8871,39.3704, 157.4,12933,-56.8,-77.6,-73.4,  5,  9, 0.01,269,43.5
2026-01-28 11:41:25,-82.8866,39.3704, 157.3,12938,-56.8,-77.7,-73.4,  5,  9, 0.01,269,43.5
2026-01-28 11:41:26,-82.8861,39.3704, 157.2,12943,-56.8,-77.7,-73.5,  5,  9, 0.01,269,43.5
2026-01-28 11:41:27,-82.8856,39.3704, 157.1,12948,-56.8,-77.7,-73.5,  5,  9, 0.01,269,43.5
2026-01-28 11:41:28,-82.8851,39.3704, 156.9,12953,-56.8,-77.8,-73.5,  5,  9, 0.01,269,43.5
2026-01-28 11:41:29,-82.8846,39.3704, 156.8,12958,-56.9,-77.8,-73.5,  5,  9, 0.01,269,43.5
2026-01-28 11:41:30,-82.8841,39.3704, 156.7,12964,-56.9,-77.8,-73.6,  5,  9, 0.01,269,43.5
2026-01-28 11:41:31,-82.8836,39.3704, 156.6,12969,-56.9,-77.9,-73.6,  5,  9, 0.01,269,43.5
2026-01-28 11:41:32,-82.8831,39.3704, 156.4,12974,-56.9,-77.9,-73.6,  5,  9, 0.01,269,43.5
2026-01-28 11:41:33,-82.8826,39.3704, 156.3,12979,-56.9,-77.9,-73.7,  5,  9, 0.01,269,43.5
2026-01-28 11:41:34,-82.8821,39.3704, 156.2,12984,-56.9,-77.9,-73.7,  5,  9, 0.01,269,43.5
2026-01-28 11:41:35,-82.8816,39.3704, 156.0,12990,-56.9,-78.0,-73.7,  5,  9, 0.01,269,43.5
2026-01-28 11:41:36,-82.8811,39.3704, 155.9,12995,-56.9,-78.0,-73.7,  5,  9, 0.01,269,43.5
2026-01-28 11:41:37,-82.8806,39.3705, 155.8,13000,-56.9,-78.0,-73.8,  5,  9, 0.01,268,43.5
2026-01-28 11:41:38,-82.8801,39.3705, 155.7,13005,-57.0,-78.0,-73.8,  5,  9, 0.01,268,43.5
2026-01-28 11:41:39,-82.8796,39.3705, 155.5,13010,-57.0,-78.1,-73.8,  5,  9, 0.01,268,43.6
2026-01-28 11:41:40,-82.8791,39.3705, 155.4,13015,-57.0,-78.1,-73.8,  5,  9, 0.01,268,43.6
2026-01-28 11:41:41,-82.8786,39.3705, 155.3,13020,-57.0,-78.1,-73.9,  5,  9, 0.01,268,43.6
2026-01-28 11:41:42,-82.8781,39.3705, 155.2,13025,-57.0,-78.1,-73.9,  5,  9, 0.01,268,43.6
2026-01-28 11:41:43,-82.8775,39.3705, 155.0,13030,-57.0,-78.2,-73.9,  5,  9, 0.01,268,43.6
2026-01-28 11:41:44,-82.8770,39.3705, 154.9,13035,-57.0,-78.2,-74.0,  5,  9, 0.01,268,43.6
2026-01-28 11:41:45,-82.8765,39.3705, 154.8,13040,-57.0,-78.2,-74.0,  5,  9, 0.01,268,43.6
2026-01-28 11:41:46,-82.8760,39.3706, 154.7,13045,-57.0,-78.3,-74.0,  5,  9, 0.01,268,43.6
2026-01-28 11:41:47,-82.8755,39.3706, 154.5,13050,-57.0,-78.3,-74.0,  5,  9, 0.01,268,43.6
2026-01-28 11:41:48,-82.8750,39.3706, 154.4,13055,-57.0,-78.3,-74.1,  5,  9, 0.01,268,43.6
2026-01-28 11:41:49,-82.8745,39.3706, 154.3,13061,-57.1,-78.3,-74.1,  5,  9, 0.01,268,43.6
2026-01-28 11:41:50,-82.8740,39.3706, 154.2,13066,-57.1,-78.3,-74.1,  5,  9, 0.01,268,43.6
2026-01-28 11:41:51,-82.8735,39.3706, 154.1,13071,-57.1,-78.4,-74.1,  5,  9, 0.01,268,43.6
2026-01-28 11:41:52,-82.8730,39.3706, 153.9,13076,-57.1,-78.4,-74.1,  5,  9, 0.01,267,43.6
2026-01-28 11:41:53,-82.8725,39.3706, 153.8,13080,-57.1,-78.4,-74.2,  5,  9, 0.01,267,43.6
2026-01-28 11:41:54,-82.8720,39.3706, 153.7,13085,-57.1,-78.4,-74.2,  5,  9, 0.01,267,43.6
2026-01-28 11:41:55,-82.8715,39.3707, 153.6,13090,-57.1,-78.5,-74.2,  5,  9, 0.01,267,43.6
2026-01-28 11:41:56,-82.8710,39.3707, 153.4,13095,-57.1,-78.5,-74.2,  5,  9, 0.01,267,43.6
2026-01-28 11:41:57,-82.8705,39.3707, 153.3,13100,-57.1,-78.5,-74.2,  5,  9, 0.01,267,43.6
2026-01-28 11:41:58,-82.8700,39.3707, 153.2,13105,-57.1,-78.5,-74.3,  5,  9, 0.01,267,43.6
2026-01-28 11:41:59,-82.8695,39.3707, 153.1,13111,-57.1,-78.5,-74.3,  5,  9, 0.01,268,43.6
2026-01-28 11:42:00,-82.8690,39.3707, 153.0,13116,-57.1,-78.6,-74.3,  5,  9, 0.01,268,43.5
2026-01-28 11:42:01,-82.8685,39.3707, 152.8,13121,-57.1,-78.6,-74.3,  5,  9, 0.01,268,43.5
2026-01-28 11:42:02,-82.8680,39.3707, 152.7,13126,-57.1,-78.6,-74.4,  5,  8, 0.01,268,43.5
2026-01-28 11:42:03,-82.8675,39.3707, 152.6,13132,-57.2,-78.6,-74.4,  5,  8, 0.01,268,43.5
2026-01-28 11:42:04,-82.8670,39.3708, 152.4,13137,-57.2,-78.6,-74.4,  5,  8, 0.01,268,43.5
2026-01-28 11:42:05,-82.8665,39.3708, 152.3,13142,-57.2,-78.7,-74.4,  5,  8, 0.01,268,43.5
2026-01-28 11:42:06,-82.8660,39.3708, 152.2,13147,-57.2,-78.7,-74.4,  5,  8, 0.01,268,43.5
2026-01-28 11:42:07,-82.8655,39.3708, 152.1,13153,-57.2,-78.7,-74.5,  5,  8, 0.01,268,43.4
2026-01-28 11:42:08,-82.8650,39.3708, 152.0,13158,-57.2,-78.7,-74.5,  5,  8, 0.01,268,43.4
2026-01-28 11:42:09,-82.8645,39.3708, 151.8,13163,-57.2,-78.7,-74.5,  5,  8, 0.01,268,43.4
2026-01-28 11:42:10,-82.8640,39.3708, 151.7,13167,-57.2,-78.8,-74.5,  5,  8, 0.01,268,43.4
2026-01-28 11:42:11,-82.8635,39.3708, 151.6,13172,-57.2,-78.8,-74.6,  5,  8, 0.01,268,43.4
2026-01-28 11:42:12,-82.8630,39.3708, 151.5,13177,-57.2,-78.8,-74.6,  5,  8, 0.01,268,43.4
2026-01-28 11:42:13,-82.8625,39.3709, 151.4,13182,-57.2,-78.8,-74.6,  5,  8, 0.01,268,43.4
2026-01-28 11:42:14,-82.8620,39.3709, 151.2,13187,-57.2,-78.9,-74.6,  5,  8, 0.01,268,43.3
2026-01-28 11:42:15,-82.8615,39.3709, 151.1,13192,-57.2,-78.9,-74.6,  5,  8, 0.01,268,43.3
2026-01-28 11:42:16,-82.8609,39.3709, 151.0,13198,-57.2,-78.9,-74.7,  5,  8, 0.01,268,43.3
2026-01-28 11:42:17,-82.8604,39.3709, 150.9,13203,-57.2,-78.9,-74.7,  5,  8, 0.01,268,43.3
2026-01-28 11:42:18,-82.8599,39.3709, 150.7,13208,-57.2,-78.9,-74.7,  5,  8, 0.01,268,43.4
2026-01-28 11:42:19,-82.8594,39.3709, 150.6,13213,-57.2,-79.0,-74.7,  5,  8, 0.01,268,43.4
2026-01-28 11:42:20,-82.8589,39.3709, 150.5,13218,-57.2,-79.0,-74.8,  5,  8, 0.01,268,43.4
2026-01-28 11:42:21,-82.8584,39.3710, 150.4,13223,-57.2,-79.0,-74.8,  5,  8, 0.01,268,43.4
2026-01-28 11:42:22,-82.8579,39.3710, 150.3,13228,-57.2,-79.0,-74.8,  5,  8, 0.01,268,43.4
2026-01-28 11:42:23,-82.8572,39.3710, 150.2,13232,-57.2,-79.1,-74.8,  5,  8, 0.01,268,43.4
2026-01-28 11:42:24,-82.8567,39.3710, 150.0,13239,-57.2,-79.1,-74.9,  5,  8, 0.01,268,43.4
2026-01-28 11:42:25,-82.8564,39.3710, 149.9,13245,-57.3,-79.1,-74.9,  5,  8, 0.01,268,43.4
2026-01-28 11:42:26,-82.8559,39.3710, 149.8,13247,-57.3,-79.1,-74.9,  5,  8, 0.01,268,43.4
2026-01-28 11:42:27,-82.8554,39.3710, 149.7,13253,-57.2,-79.1,-74.9,  5,  8, 0.01,268,43.4
2026-01-28 11:42:28,-82.8549,39.3710, 149.6,13258,-57.2,-79.2,-74.9,  5,  8, 0.01,268,43.4
2026-01-28 11:42:29,-82.8544,39.3710, 149.4,13263,-57.2,-79.2,-74.9,  5,  8, 0.01,268,43.5
2026-01-28 11:42:30,-82.8539,39.3711, 149.3,13268,-57.2,-79.2,-75.0,  5,  8, 0.01,268,43.5
2026-01-28 11:42:31,-82.8534,39.3711, 149.2,13273,-57.2,-79.2,-75.0,  5,  8, 0.01,268,43.5
2026-01-28 11:42:32,-82.8529,39.3711, 149.1,13278,-57.2,-79.2,-75.0,  5,  8, 0.01,268,43.5
2026-01-28 11:42:33,-82.8524,39.3711, 149.0,13283,-57.2,-79.2,-75.0,  5,  8, 0.01,268,43.5
2026-01-28 11:42:34,-82.8519,39.3711, 148.9,13288,-57.2,-79.3,-75.0,  5,  8, 0.01,268,43.5
2026-01-28 11:42:35,-82.8514,39.3711, 148.7,13292,-57.2,-79.3,-75.0,  4,  8, 0.01,268,43.5
2026-01-28 11:42:36,-82.8509,39.3711, 148.6,13297,-57.2,-79.3,-75.1,  4,  8, 0.01,268,43.5
2026-01-28 11:42:37,-82.8504,39.3711, 148.5,13302,-57.2,-79.3,-75.1,  4,  8, 0.01,267,43.6
2026-01-28 11:42:38,-82.8499,39.3711, 148.4,13307,-57.2,-79.3,-75.1,  4,  8, 0.01,267,43.6
2026-01-28 11:42:39,-82.8494,39.3712, 148.3,13312,-57.2,-79.3,-75.1,  4,  8, 0.01,267,43.6
2026-01-28 11:42:40,-82.8489,39.3712, 148.2,13317,-57.2,-79.3,-75.1,  4,  8, 0.01,267,43.6
2026-01-28 11:42:41,-82.8484,39.3712, 148.0,13323,-57.2,-79.4,-75.1,  4,  8, 0.01,267,43.7
2026-01-28 11:42:42,-82.8478,39.3713, 147.9,13328,-57.2,-79.4,-75.1,  4,  8, 0.01,267,43.7
2026-01-28 11:42:43,-82.8473,39.3713, 147.8,13333,-57.2,-79.4,-75.1,  4,  8, 0.00,267,43.7
2026-01-28 11:42:44,-82.8468,39.3713, 147.7,13338,-57.1,-79.4,-75.2,  4,  7, 0.00,267,43.8
2026-01-28 11:42:45,-82.8463,39.3714, 147.6,13343,-57.1,-79.4,-75.2,  4,  7, 0.00,267,43.8
2026-01-28 11:42:46,-82.8458,39.3714, 147.4,13348,-57.1,-79.4,-75.2,  4,  7, 0.00,266,43.8
2026-01-28 11:42:47,-82.8453,39.3714, 147.3,13353,-57.1,-79.4,-75.2,  4,  7, 0.00,266,43.8
2026-01-28 11:42:48,-82.8448,39.3715, 147.2,13358,-57.1,-79.4,-75.2,  4,  7, 0.00,266,43.9
2026-01-28 11:42:49,-82.8443,39.3715, 147.1,13363,-57.1,-79.4,-75.2,  4,  7, 0.00,266,43.9
2026-01-28 11:42:50,-82.8438,39.3715, 147.0,13368,-57.1,-79.5,-75.2,  4,  7, 0.00,266,43.9
2026-01-28 11:42:51,-82.8432,39.3715, 146.9,13373,-57.1,-79.5,-75.2,  4,  7, 0.00,266,44.0
2026-01-28 11:42:52,-82.8427,39.3716, 146.7,13378,-57.1,-79.5,-75.3,  4,  7, 0.00,266,44.0
2026-01-28 11:42:53,-82.8422,39.3716, 146.6,13383,-57.0,-79.5,-75.3,  4,  7, 0.00,266,44.0
2026-01-28 11:42:54,-82.8417,39.3716, 146.5,13388,-57.0,-79.5,-75.3,  4,  7, 0.00,266,44.0
2026-01-28 11:42:55,-82.8412,39.3717, 146.4,13393,-57.0,-79.5,-75.3,  4,  7, 0.00,266,44.1
2026-01-28 11:42:56,-82.8407,39.3717, 146.3,13397,-57.0,-79.5,-75.3,  4,  7, 0.00,265,44.1
2026-01-28 11:42:57,-82.8402,39.3717, 146.2,13402,-57.0,-79.5,-75.3,  4,  7, 0.00,265,44.1
2026-01-28 11:42:58,-82.8397,39.3718, 146.1,13407,-57.0,-79.5,-75.3,  4,  7, 0.00,265,44.2
2026-01-28 11:42:59,-82.8391,39.3718, 146.0,13412,-57.0,-79.5,-75.3,  4,  7, 0.00,265,44.2
2026-01-28 11:43:00,-82.8386,39.3718, 145.8,13417,-56.9,-79.5,-75.3,  4,  7, 0.00,265,44.2
2026-01-28 11:43:01,-82.8381,39.3719, 145.7,13422,-56.9,-79.5,-75.3,  4,  7, 0.00,265,44.3
2026-01-28 11:43:02,-82.8376,39.3719, 145.6,13427,-56.9,-79.5,-75.3,  4,  7, 0.00,265,44.3
2026-01-28 11:43:03,-82.8371,39.3719, 145.5,13432,-56.9,-79.6,-75.3,  4,  7, 0.00,265,44.3
2026-01-28 11:43:04,-82.8366,39.3719, 145.4,13437,-56.9,-79.6,-75.3,  4,  7, 0.00,265,44.4
2026-01-28 11:43:05,-82.8361,39.3720, 145.3,13441,-56.9,-79.6,-75.3,  4,  7, 0.00,265,44.4
2026-01-28 11:43:06,-82.8356,39.3720, 145.2,13446,-56.9,-79.6,-75.3,  4,  7, 0.00,265,44.4
2026-01-28 11:43:07,-82.8351,39.3720, 145.1,13451,-56.8,-79.6,-75.4,  4,  7, 0.00,265,44.5
2026-01-28 11:43:08,-82.8345,39.3721, 145.0,13455,-56.8,-79.6,-75.4,  4,  7, 0.00,265,44.5
2026-01-28 11:43:09,-82.8340,39.3721, 144.8,13460,-56.8,-79.6,-75.4,  4,  7, 0.00,265,44.5
2026-01-28 11:43:10,-82.8335,39.3721, 144.7,13465,-56.8,-79.6,-75.4,  4,  7, 0.00,265,44.6
2026-01-28 11:43:11,-82.8330,39.3722, 144.6,13470,-56.8,-79.6,-75.4,  4,  7, 0.00,265,44.6
2026-01-28 11:43:12,-82.8325,39.3722, 144.5,13474,-56.8,-79.6,-75.4,  4,  7, 0.00,264,44.6
2026-01-28 11:43:13,-82.8319,39.3722, 144.4,13479,-56.8,-79.6,-75.4,  4,  7, 0.00,264,44.7
2026-01-28 11:43:14,-82.8314,39.3723, 144.3,13484,-56.8,-79.6,-75.4,  4,  7, 0.00,264,44.7
2026-01-28 11:43:15,-82.8309,39.3723, 144.2,13488,-56.8,-79.6,-75.4,  4,  7, 0.00,264,44.7
2026-01-28 11:43:16,-82.8304,39.3723, 144.1,13493,-56.8,-79.6,-75.4,  4,  7, 0.00,264,44.8
2026-01-28 11:43:17,-82.8298,39.3724, 144.0,13498,-56.8,-79.6,-75.4,  4,  7, 0.00,264,44.8
2026-01-28 11:43:18,-82.8293,39.3724, 143.9,13503,-56.7,-79.6,-75.4,  4,  7, 0.00,264,44.8
2026-01-28 11:43:19,-82.8288,39.3724, 143.8,13508,-56.7,-79.6,-75.4,  4,  7, 0.00,264,44.8
2026-01-28 11:43:20,-82.8283,39.3724, 143.6,13513,-56.7,-79.6,-75.4,  4,  7, 0.00,264,44.9
2026-01-28 11:43:21,-82.8277,39.3725, 143.5,13518,-56.7,-79.6,-75.4,  4,  7, 0.00,264,44.9
2026-01-28 11:43:22,-82.8272,39.3725, 143.4,13523,-56.7,-79.6,-75.4,  4,  7, 0.00,264,44.9
2026-01-28 11:43:23,-82.8267,39.3725, 143.3,13528,-56.7,-79.6,-75.4,  4,  7, 0.00,264,45.0
2026-01-28 11:43:24,-82.8262,39.3726, 143.2,13533,-56.7,-79.7,-75.4,  4,  7, 0.00,264,45.0
2026-01-28 11:43:25,-82.8256,39.3726, 143.1,13538,-56.7,-79.7,-75.4,  4,  7, 0.00,264,45.0
2026-01-28 11:43:26,-82.8251,39.3726, 143.0,13543,-56.7,-79.7,-75.4,  4,  7, 0.00,265,45.1
2026-01-28 11:43:27,-82.8246,39.3727, 142.9,13548,-56.7,-79.7,-75.4,  4,  7, 0.00,265,45.1
2026-01-28 11:43:28,-82.8241,39.3727, 142.7,13553,-56.7,-79.7,-75.5,  4,  7, 0.00,265,45.1
2026-01-28 11:43:29,-82.8235,39.3727, 142.6,13558,-56.6,-79.7,-75.5,  4,  7, 0.00,265,45.2
2026-01-28 11:43:30,-82.8230,39.3728, 142.5,13563,-56.6,-79.7,-75.5,  4,  7, 0.00,265,45.2
2026-01-28 11:43:31,-82.8225,39.3728, 142.4,13568,-56.6,-79.7,-75.5,  4,  7, 0.00,265,45.2
2026-01-28 11:43:32,-82.8221,39.3728, 142.3,13573,-56.6,-79.7,-75.5,  4,  7, 0.00,265,45.3
2026-01-28 11:43:33,-82.8214,39.3729, 142.2,13576,-56.6,-79.7,-75.5,  4,  7, 0.00,265,45.3
2026-01-28 11:43:34,-82.8209,39.3729, 142.1,13582,-56.6,-79.7,-75.5,  4,  7, 0.00,265,45.3
2026-01-28 11:43:35,-82.8204,39.3729, 142.0,13587,-56.6,-79.8,-75.5,  4,  7, 0.00,265,45.4
2026-01-28 11:43:36,-82.8199,39.3729, 141.9,13592,-56.6,-79.8,-75.5,  4,  7, 0.00,265,45.4
2026-01-28 11:43:37,-82.8194,39.3730, 141.8,13597,-56.6,-79.8,-75.6,  4,  7, 0.00,265,45.4
2026-01-28 11:43:38,-82.8188,39.3730, 141.7,13602,-56.6,-79.8,-75.6,  4,  7, 0.00,265,45.5
2026-01-28 11:43:39,-82.8183,39.3730, 141.6,13606,-56.6,-79.8,-75.6,  4,  7, 0.00,265,45.5
2026-01-28 11:43:40,-82.8178,39.3731, 141.5,13611,-56.6,-79.8,-75.6,  4,  7, 0.00,265,45.5
2026-01-28 11:43:41,-82.8172,39.3731, 141.4,13615,-56.6,-79.8,-75.6,  4,  7, 0.00,265,45.6
2026-01-28 11:43:42,-82.8167,39.3731, 141.2,13619,-56.6,-79.8,-75.6,  4,  7, 0.00,265,45.6
2026-01-28 11:43:43,-82.8161,39.3732, 141.1,13624,-56.6,-79.8,-75.6,  4,  7, 0.00,265,45.6
2026-01-28 11:43:44,-82.8156,39.3732, 141.0,13628,-56.6,-79.8,-75.6,  4,  7, 0.00,265,45.7
2026-01-28 11:43:45,-82.8150,39.3732, 140.9,13633,-56.6,-79.8,-75.6,  4,  6, 0.00,265,45.7
2026-01-28 11:43:46,-82.8145,39.3733, 140.8,13638,-56.6,-79.9,-75.6,  4,  6, 0.00,265,45.7
2026-01-28 11:43:47,-82.8140,39.3733, 140.7,13642,-56.6,-79.9,-75.6,  4,  6, 0.00,265,45.8
2026-01-28 11:43:48,-82.8134,39.3733, 140.6,13647,-56.6,-79.9,-75.7,  4,  6, 0.00,266,45.8
2026-01-28 11:43:49,-82.8129,39.3734, 140.5,13651,-56.6,-79.9,-75.7,  4,  6, 0.00,266,45.8
2026-01-28 11:43:50,-82.8124,39.3734, 140.4,13656,-56.6,-79.9,-75.7,  4,  6, 0.00,266,45.9
2026-01-28 11:43:51,-82.8118,39.3734, 140.3,13661,-56.6,-79.9,-75.7,  4,  6, 0.00,266,45.9
2026-01-28 11:43:52,-82.8113,39.3735, 140.2,13665,-56.6,-79.9,-75.7,  4,  6, 0.00,266,45.9
2026-01-28 11:43:53,-82.8107,39.3735, 140.1,13670,-56.6,-79.9,-75.7,  4,  6, 0.00,266,46.0
2026-01-28 11:43:54,-82.8102,39.3735, 140.0,13674,-56.6,-80.0,-75.7,  4,  6, 0.00,266,46.0
2026-01-28 11:43:55,-82.8096,39.3736, 139.9,13679,-56.6,-80.0,-75.8,  4,  6, 0.00,266,46.1
2026-01-28 11:43:56,-82.8091,39.3736, 139.8,13683,-56.7,-80.0,-75.8,  4,  6, 0.00,266,46.1
2026-01-28 11:43:57,-82.8086,39.3736, 139.7,13688,-56.7,-80.0,-75.8,  4,  6, 0.00,266,46.2
2026-01-28 11:43:58,-82.8080,39.3737, 139.6,13692,-56.7,-80.0,-75.8,  4,  6, 0.00,266,46.3
2026-01-28 11:43:59,-82.8075,39.3737, 139.5,13697,-56.7,-80.0,-75.8,  4,  6, 0.00,266,46.4
2026-01-28 11:44:00,-82.8069,39.3737, 139.4,13701,-56.7,-80.0,-75.8,  4,  6, 0.00,266,46.5
2026-01-28 11:44:01,-82.8064,39.3738, 139.3,13706,-56.7,-80.0,-75.8,  4,  6, 0.00,265,46.6
2026-01-28 11:44:02,-82.8059,39.3738, 139.2,13711,-56.7,-80.1,-75.8,  4,  6, 0.00,265,46.7
2026-01-28 11:44:03,-82.8053,39.3738, 139.1,13715,-56.7,-80.1,-75.9,  4,  6, 0.00,265,46.8
2026-01-28 11:44:04,-82.8048,39.3739, 139.0,13720,-56.7,-80.1,-75.9,  4,  6, 0.00,265,46.9
2026-01-28 11:44:05,-82.8042,39.3739, 138.9,13724,-56.7,-80.1,-75.9,  4,  6, 0.00,265,47.0
2026-01-28 11:44:06,-82.8037,39.3739, 138.8,13729,-56.7,-80.2,-75.9,  4,  6, 0.00,265,47.1
2026-01-28 11:44:07,-82.8031,39.3740, 138.7,13733,-56.7,-80.2,-76.0,  4,  6, 0.00,265,47.2
2026-01-28 11:44:08,-82.8026,39.3740, 138.6,13738,-56.7,-80.2,-76.0,  4,  6, 0.00,265,47.3
2026-01-28 11:44:09,-82.8021,39.3740, 138.5,13742,-56.7,-80.2,-76.0,  4,  6, 0.00,265,47.4
2026-01-28 11:44:10,-82.8015,39.3741, 138.4,13746,-56.7,-80.3,-76.0,  4,  6, 0.00,265,47.5
2026-01-28 11:44:11,-82.8010,39.3741, 138.3,13751,-56.7,-80.3,-76.1,  4,  6, 0.00,264,47.6
2026-01-28 11:44:12,-82.8004,39.3742, 138.2,13756,-56.7,-80.3,-76.1,  4,  6, 0.00,264,47.7
2026-01-28 11:44:13,-82.7999,39.3742, 138.1,13761,-56.7,-80.3,-76.1,  4,  6, 0.00,264,47.8
2026-01-28 11:44:14,-82.7993,39.3742, 138.0,13765,-56.7,-80.3,-76.1,  4,  6, 0.00,264,47.8
2026-01-28 11:44:15,-82.7987,39.3743, 137.9,13770,-56.7,-80.4,-76.2,  4,  6, 0.00,264,47.9
2026-01-28 11:44:16,-82.7982,39.3743, 137.8,13775,-56.7,-80.4,-76.2,  4,  6, 0.00,264,47.9
2026-01-28 11:44:17,-82.7977,39.3744, 137.7,13780,-56.7,-80.4,-76.2,  4,  6, 0.00,264,47.9
2026-01-28 11:44:18,-82.7971,39.3744, 137.6,13785,-56.7,-80.4,-76.2,  4,  6, 0.00,264,47.9
2026-01-28 11:44:19,-82.7966,39.3745, 137.5,13790,-56.8,-80.4,-76.2,  4,  6, 0.00,264,47.9
2026-01-28 11:44:20,-82.7960,39.3745, 137.4,13794,-56.8,-80.5,-76.3,  4,  6, 0.00,264,48.0
2026-01-28 11:44:21,-82.7955,39.3746, 137.3,13799,-56.8,-80.5,-76.3,  3,  6, 0.00,264,48.0
2026-01-28 11:44:22,-82.7949,39.3746, 137.2,13804,-56.8,-80.5,-76.3,  3,  6, 0.00,264,48.0
2026-01-28 11:44:23,-82.7944,39.3747, 137.1,13808,-56.8,-80.5,-76.3,  3,  6, 0.00,264,48.0
2026-01-28 11:44:24,-82.7938,39.3747, 137.0,13813,-56.8,-80.5,-76.3,  3,  6, 0.00,264,48.0
2026-01-28 11:44:25,-82.7930,39.3748, 136.9,13817,-56.8,-80.6,-76.4,  3,  6, 0.00,264,48.0
2026-01-28 11:44:26,-82.7927,39.3748, 136.8,13823,-56.8,-80.6,-76.4,  3,  6, 0.00,264,48.0
2026-01-28 11:44:27,-82.7922,39.3748, 136.7,13826,-56.8,-80.6,-76.4,  3,  6, 0.00,264,48.0
2026-01-28 11:44:28,-82.7916,39.3749, 136.6,13830,-56.8,-80.6,-76.4,  3,  6, 0.00,263,48.0
2026-01-28 11:44:29,-82.7910,39.3749, 136.5,13835,-56.8,-80.6,-76.4,  3,  6, 0.00,263,48.0
2026-01-28 11:44:30,-82.7905,39.3750, 136.4,13839,-56.8,-80.6,-76.4,  3,  6, 0.00,263,48.0
2026-01-28 11:44:31,-82.7900,39.3750, 136.3,13843,-56.8,-80.6,-76.4,  3,  6, 0.00,263,48.0
2026-01-28 11:44:32,-82.7894,39.3751, 136.3,13848,-56.8,-80.7,-76.5,  3,  6, 0.00,263,48.0
2026-01-28 11:44:33,-82.7889,39.3751, 136.2,13852,-56.7,-80.7,-76.5,  3,  6, 0.00,263,48.0
2026-01-28 11:44:34,-82.7883,39.3751, 136.1,13856,-56.7,-80.7,-76.5,  3,  6, 0.00,263,48.0
2026-01-28 11:44:35,-82.7878,39.3752, 136.0,13861,-56.7,-80.7,-76.5,  3,  6, 0.00,263,48.0
2026-01-28 11:44:36,-82.7872,39.3752, 135.9,13865,-56.7,-80.7,-76.5,  3,  6, 0.00,263,48.0
2026-01-28 11:44:37,-82.7867,39.3753, 135.8,13870,-56.7,-80.7,-76.5,  3,  6, 0.00,263,48.0
2026-01-28 11:44:38,-82.7861,39.3753, 135.7,13874,-56.7,-80.7,-76.5,  3,  6, 0.00,263,48.0
2026-01-28 11:44:39,-82.7856,39.3754, 135.6,13878,-56.7,-80.8,-76.5,  3,  6, 0.00,263,48.0
2026-01-28 11:44:40,-82.7850,39.3754, 135.5,13883,-56.7,-80.8,-76.6,  3,  6, 0.00,263,48.0
2026-01-28 11:44:41,-82.7844,39.3755, 135.4,13887,-56.7,-80.8,-76.6,  3,  6, 0.00,263,48.0
2026-01-28 11:44:42,-82.7839,39.3755, 135.3,13892,-56.7,-80.8,-76.6,  3,  6, 0.00,263,47.9
2026-01-28 11:44:43,-82.7833,39.3756, 135.2,13896,-56.7,-80.8,-76.6,  3,  6, 0.00,263,47.9
2026-01-28 11:44:44,-82.7828,39.3756, 135.1,13901,-56.7,-80.8,-76.6,  3,  6, 0.00,263,47.9
2026-01-28 11:44:45,-82.7822,39.3757, 135.0,13905,-56.7,-80.8,-76.6,  3,  6, 0.00,263,47.9
2026-01-28 11:44:46,-82.7816,39.3757, 134.9,13910,-56.7,-80.8,-76.6,  3,  6, 0.00,263,47.9
2026-01-28 11:44:47,-82.7811,39.3758, 134.8,13915,-56.6,-80.9,-76.7,  3,  6, 0.00,263,47.9
2026-01-28 11:44:48,-82.7805,39.3758, 134.7,13919,-56.6,-80.9,-76.7,  3,  6, 0.00,263,47.9
2026-01-28 11:44:49,-82.7800,39.3759, 134.6,13924,-56.6,-80.9,-76.7,  3,  6, 0.00,263,47.9
2026-01-28 11:44:50,-82.7794,39.3759, 134.5,13929,-56.6,-80.9,-76.7,  3,  5, 0.00,263,47.9
2026-01-28 11:44:51,-82.7789,39.3759, 134.4,13933,-56.6,-80.9,-76.7,  3,  5, 0.00,264,47.9
2026-01-28 11:44:52,-82.7783,39.3760, 134.3,13938,-56.6,-80.9,-76.7,  3,  5, 0.00,264,47.9
2026-01-28 11:44:53,-82.7777,39.3760, 134.2,13942,-56.6,-80.9,-76.7,  3,  5, 0.00,264,47.9
2026-01-28 11:44:54,-82.7772,39.3761, 134.1,13947,-56.6,-81.0,-76.8,  3,  5, 0.00,264,47.9
2026-01-28 11:44:55,-82.7766,39.3761, 134.0,13951,-56.6,-81.0,-76.8,  3,  5, 0.00,264,47.9
2026-01-28 11:44:56,-82.7760,39.3762, 133.9,13956,-56.6,-81.0,-76.8,  3,  5, 0.00,264,48.0
2026-01-28 11:44:57,-82.7755,39.3762, 133.8,13960,-56.6,-81.0,-76.8,  3,  5, 0.00,263,48.0
2026-01-28 11:44:58,-82.7749,39.3763, 133.7,13965,-56.6,-81.0,-76.8,  3,  5, 0.00,263,48.1
2026-01-28 11:44:59,-82.7744,39.3763, 133.7,13970,-56.5,-81.0,-76.8,  3,  5, 0.00,263,48.2
2026-01-28 11:45:00,-82.7738,39.3764, 133.6,13975,-56.5,-81.0,-76.8,  3,  5, 0.00,263,48.2
2026-01-28 11:45:01,-82.7733,39.3764, 133.5,13979,-56.5,-81.0,-76.8,  3,  5, 0.00,263,48.3
2026-01-28 11:45:02,-82.7727,39.3765, 133.4,13984,-56.5,-81.0,-76.8,  3,  5, 0.00,263,48.4
2026-01-28 11:45:03,-82.7721,39.3765, 133.3,13988,-56.5,-81.0,-76.8,  3,  5, 0.00,263,48.5
2026-01-28 11:45:04,-82.7716,39.3766, 133.2,13993,-56.5,-81.0,-76.8,  3,  5, 0.00,263,48.5
2026-01-28 11:45:05,-82.7710,39.3766, 133.1,13997,-56.5,-81.0,-76.8,  3,  5, 0.00,263,48.6
2026-01-28 11:45:06,-82.7706,39.3767, 133.0,14002,-56.5,-81.0,-76.8,  3,  5, 0.00,263,48.7
2026-01-28 11:45:07,-82.7699,39.3767, 132.9,14005,-56.5,-81.0,-76.8,  3,  5, 0.00,263,48.7
2026-01-28 11:45:08,-82.7694,39.3768, 132.8,14010,-56.5,-81.0,-76.8,  3,  5, 0.00,263,48.8
2026-01-28 11:45:09,-82.7688,39.3768, 132.7,14015,-56.5,-81.0,-76.8,  3,  5, 0.00,263,48.9
2026-01-28 11:45:10,-82.7682,39.3769, 132.6,14020,-56.5,-81.0,-76.8,  3,  5, 0.00,263,49.0
2026-01-28 11:45:11,-82.7677,39.3769, 132.5,14024,-56.5,-81.1,-76.9,  3,  5, 0.00,263,49.0
2026-01-28 11:45:12,-82.7671,39.3770, 132.4,14029,-56.5,-81.1,-76.9,  3,  5, 0.00,263,49.1
2026-01-28 11:45:13,-82.7666,39.3771, 132.3,14034,-56.5,-81.1,-76.9,  3,  5, 0.00,262,49.2
2026-01-28 11:45:14,-82.7660,39.3771, 132.2,14038,-56.5,-81.1,-76.9,  3,  5, 0.00,262,49.2
2026-01-28 11:45:15,-82.7655,39.3772, 132.1,14043,-56.5,-81.1,-76.9,  3,  5, 0.00,262,49.3
2026-01-28 11:45:16,-82.7649,39.3772, 132.0,14048,-56.5,-81.1,-76.9,  3,  5, 0.00,262,49.2
2026-01-28 11:45:17,-82.7644,39.3773, 131.9,14053,-56.5,-81.1,-76.9,  3,  5, 0.00,262,49.2
2026-01-28 11:45:18,-82.7638,39.3774, 131.8,14058,-56.5,-81.1,-76.9,  3,  5, 0.00,262,49.1
2026-01-28 11:45:19,-82.7633,39.3774, 131.7,14063,-56.5,-81.1,-76.9,  3,  5, 0.00,262,49.1
2026-01-28 11:45:20,-82.7627,39.3775, 131.6,14068,-56.5,-81.1,-76.9,  3,  5, 0.00,262,49.0
2026-01-28 11:45:21,-82.7622,39.3776, 131.5,14073,-56.6,-81.1,-76.9,  3,  5, 0.00,262,48.9
2026-01-28 11:45:22,-82.7616,39.3776, 131.4,14078,-56.6,-81.1,-76.9,  3,  5, 0.00,262,48.9
2026-01-28 11:45:23,-82.7611,39.3777, 131.3,14083,-56.6,-81.1,-76.9,  3,  5, 0.00,262,48.8
2026-01-28 11:45:24,-82.7605,39.3777, 131.2,14087,-56.6,-81.1,-76.9,  3,  5, 0.00,262,48.7
2026-01-28 11:45:25,-82.7600,39.3778, 131.1,14092,-56.6,-81.2,-77.0,  3,  5, 0.00,262,48.7
2026-01-28 11:45:26,-82.7594,39.3779, 131.0,14097,-56.7,-81.2,-77.0,  3,  5, 0.00,262,48.6
2026-01-28 11:45:27,-82.7589,39.3779, 130.9,14101,-56.7,-81.2,-77.0,  3,  5, 0.00,261,48.5
2026-01-28 11:45:28,-82.7583,39.3780, 130.8,14106,-56.7,-81.2,-77.0,  3,  5, 0.00,261,48.5
2026-01-28 11:45:29,-82.7578,39.3781, 130.7,14110,-56.7,-81.3,-77.1,  3,  5, 0.00,261,48.4
2026-01-28 11:45:30,-82.7572,39.3781, 130.6,14115,-56.7,-81.3,-77.1,  3,  5, 0.00,261,48.4
2026-01-28 11:45:31,-82.7567,39.3782, 130.5,14119,-56.8,-81.3,-77.1,  3,  5, 0.00,261,48.3
2026-01-28 11:45:32,-82.7561,39.3783, 130.4,14124,-56.8,-81.3,-77.1,  3,  5, 0.00,261,48.2
2026-01-28 11:45:33,-82.7556,39.3783, 130.3,14128,-56.8,-81.3,-77.2,  3,  5, 0.00,261,48.2
2026-01-28 11:45:34,-82.7550,39.3784, 130.3,14133,-56.8,-81.4,-77.2,  3,  5, 0.00,261,48.1
2026-01-28 11:45:35,-82.7545,39.3784, 130.2,14138,-56.9,-81.4,-77.2,  3,  5, 0.00,261,48.0
2026-01-28 11:45:36,-82.7539,39.3785, 130.1,14142,-56.9,-81.4,-77.2,  3,  5, 0.00,261,48.0
2026-01-28 11:45:37,-82.7533,39.3786, 130.0,14147,-56.9,-81.5,-77.3,  3,  5, 0.00,261,48.0
2026-01-28 11:45:38,-82.7528,39.3786, 129.9,14152,-57.0,-81.5,-77.3,  3,  5, 0.00,261,47.9
2026-01-28 11:45:39,-82.7523,39.3787, 129.8,14156,-57.0,-81.6,-77.4,  3,  5, 0.00,261,47.9
2026-01-28 11:45:40,-82.7517,39.3788, 129.7,14161,-57.0,-81.6,-77.4,  3,  5, 0.00,261,47.9
2026-01-28 11:45:41,-82.7512,39.3788, 129.6,14166,-57.1,-81.6,-77.4,  3,  5, 0.00,261,47.8
2026-01-28 11:45:42,-82.7507,39.3789, 129.5,14171,-57.1,-81.7,-77.5,  3,  5, 0.00,261,47.8
2026-01-28 11:45:43,-82.7501,39.3790, 129.4,14175,-57.1,-81.7,-77.5,  3,  5, 0.00,261,47.7
2026-01-28 11:45:44,-82.7496,39.3790, 129.3,14180,-57.2,-81.8,-77.6,  3,  5, 0.00,261,47.7
2026-01-28 11:45:45,-82.7491,39.3791, 129.2,14185,-57.2,-81.8,-77.6,  3,  5, 0.00,261,47.7
2026-01-28 11:45:46,-82.7485,39.3792, 129.1,14189,-57.2,-81.8,-77.7,  3,  5, 0.00,261,47.6
2026-01-28 11:45:47,-82.7480,39.3793, 129.0,14194,-57.3,-81.9,-77.7,  3,  5, 0.00,261,47.6
2026-01-28 11:45:48,-82.7475,39.3793, 128.9,14199,-57.3,-81.9,-77.7,  3,  5, 0.00,260,47.5
2026-01-28 11:45:49,-82.7469,39.3794, 128.8,14203,-57.3,-81.9,-77.8,  3,  5, 0.00,260,47.5
2026-01-28 11:45:50,-82.7464,39.3795, 128.7,14208,-57.4,-82.0,-77.8,  3,  5, 0.00,260,47.5
2026-01-28 11:45:51,-82.7459,39.3796, 128.6,14212,-57.4,-82.0,-77.8,  3,  5, 0.00,260,47.4
2026-01-28 11:45:52,-82.7453,39.3796, 128.5,14217,-57.4,-82.1,-77.9,  3,  5, 0.00,260,47.4
2026-01-28 11:45:53,-82.7448,39.3797, 128.4,14221,-57.4,-82.1,-77.9,  3,  5, 0.00,260,47.4
2026-01-28 11:45:54,-82.7443,39.3798, 128.4,14226,-57.5,-82.1,-78.0,  3,  5, 0.00,260,47.3
2026-01-28 11:45:55,-82.7438,39.3798, 128.3,14231,-57.5,-82.2,-78.0,  3,  5, 0.00,260,47.3
2026-01-28 11:45:56,-82.7432,39.3799, 128.2,14235,-57.5,-82.2,-78.1,  3,  5, 0.00,260,47.2
2026-01-28 11:45:57,-82.7427,39.3800, 128.1,14240,-57.5,-82.3,-78.1,  3,  5, 0.00,260,47.1
2026-01-28 11:45:58,-82.7422,39.3801, 128.0,14244,-57.6,-82.3,-78.1,  3,  5, 0.00,260,47.1
2026-01-28 11:45:59,-82.7416,39.3801, 127.9,14249,-57.6,-82.3,-78.2,  3,  5, 0.00,260,47.0
2026-01-28 11:46:00,-82.7411,39.3802, 127.8,14253,-57.6,-82.4,-78.2,  3,  5, 0.00,260,46.9
2026-01-28 11:46:01,-82.7406,39.3803, 127.7,14258,-57.7,-82.4,-78.3,  3,  5, 0.00,260,46.8
2026-01-28 11:46:02,-82.7400,39.3803, 127.6,14263,-57.7,-82.5,-78.3,  3,  5, 0.00,260,46.8
2026-01-28 11:46:03,-82.7395,39.3804, 127.5,14267,-57.7,-82.5,-78.3,  3,  5, 0.00,260,46.7
2026-01-28 11:46:04,-82.7390,39.3805, 127.4,14272,-57.7,-82.5,-78.4,  3,  5, 0.00,260,46.6
2026-01-28 11:46:05,-82.7385,39.3806, 127.3,14276,-57.7,-82.6,-78.4,  3,  5, 0.00,259,46.5
2026-01-28 11:46:06,-82.7379,39.3806, 127.2,14281,-57.7,-82.6,-78.4,  3,  5, 0.00,259,46.5
2026-01-28 11:46:07,-82.7374,39.3807, 127.2,14285,-57.8,-82.6,-78.5,  3,  5, 0.00,259,46.4
2026-01-28 11:46:08,-82.7369,39.3808, 127.1,14290,-57.8,-82.7,-78.5,  3,  5, 0.00,259,46.3
2026-01-28 11:46:09,-82.7363,39.3809, 127.0,14294,-57.8,-82.7,-78.5,  3,  5, 0.00,259,46.3
2026-01-28 11:46:10,-82.7358,39.3809, 126.9,14298,-57.8,-82.7,-78.6,  3,  5, 0.00,259,46.2
2026-01-28 11:46:11,-82.7353,39.3810, 126.8,14303,-57.8,-82.8,-78.6,  3,  5, 0.00,259,46.1
2026-01-28 11:46:12,-82.7348,39.3811, 126.7,14307,-57.8,-82.8,-78.6,  3,  5, 0.00,259,46.0
2026-01-28 11:46:13,-82.7343,39.3811, 126.6,14312,-57.9,-82.8,-78.7,  3,  5, 0.00,259,46.0
2026-01-28 11:46:14,-82.7338,39.3812, 126.5,14316,-57.9,-82.9,-78.7,  3,  5, 0.00,259,45.9
2026-01-28 11:46:15,-82.7333,39.3813, 126.4,14321,-57.9,-82.9,-78.7,  3,  5, 0.00,259,45.8
2026-01-28 11:46:16,-82.7328,39.3813, 126.3,14325,-57.9,-82.9,-78.8,  3,  5, 0.00,259,45.7
2026-01-28 11:46:17,-82.7323,39.3814, 126.3,14330,-57.9,-82.9,-78.8,  3,  5, 0.00,259,45.6
2026-01-28 11:46:18,-82.7318,39.3815, 126.2,14335,-57.9,-83.0,-78.8,  3,  5, 0.00,259,45.5
2026-01-28 11:46:19,-82.7313,39.3815, 126.1,14339,-57.9,-83.0,-78.8,  3,  5, 0.00,259,45.5
2026-01-28 11:46:20,-82.7308,39.3816, 126.0,14344,-57.9,-83.0,-78.8,  3,  5, 0.00,259,45.4
2026-01-28 11:46:21,-82.7303,39.3817, 125.9,14349,-57.9,-83.0,-78.9,  3,  5, 0.00,259,45.3
2026-01-28 11:46:22,-82.7298,39.3817, 125.8,14353,-57.9,-83.1,-78.9,  3,  5, 0.00,259,45.2
2026-01-28 11:46:23,-82.7293,39.3818, 125.7,14358,-58.0,-83.1,-78.9,  3,  5, 0.00,259,45.1
2026-01-28 11:46:24,-82.7288,39.3819, 125.6,14363,-58.0,-83.1,-78.9,  3,  5, 0.00,259,45.0
2026-01-28 11:46:25,-82.7283,39.3820, 125.5,14367,-58.0,-83.1,-79.0,  3,  5, 0.00,259,44.9
2026-01-28 11:46:26,-82.7278,39.3820, 125.4,14372,-58.0,-83.1,-79.0,  3,  5, 0.00,259,44.8
2026-01-28 11:46:27,-82.7272,39.3821, 125.3,14377,-58.0,-83.2,-79.0,  3,  5, 0.00,259,44.7
2026-01-28 11:46:28,-82.7268,39.3822, 125.2,14382,-58.0,-83.2,-79.0,  3,  4, 0.00,259,44.6
2026-01-28 11:46:29,-82.7263,39.3822, 125.1,14386,-58.0,-83.2,-79.1,  3,  4, 0.00,259,44.6
2026-01-28 11:46:30,-82.7257,39.3823, 125.0,14391,-58.0,-83.2,-79.1,  3,  4, 0.00,259,44.5
2026-01-28 11:46:31,-82.7252,39.3824, 125.0,14395,-58.0,-83.3,-79.1,  3,  4, 0.00,259,44.4
2026-01-28 11:46:32,-82.7247,39.3824, 124.9,14400,-58.0,-83.3,-79.1,  3,  4, 0.00,259,44.3
2026-01-28 11:46:33,-82.7242,39.3825, 124.8,14404,-58.0,-83.3,-79.2,  3,  4, 0.00,259,44.2
2026-01-28 11:46:34,-82.7237,39.3826, 124.7,14409,-58.0,-83.3,-79.2,  3,  4, 0.00,259,44.1
2026-01-28 11:46:35,-82.7232,39.3826, 124.6,14414,-58.0,-83.3,-79.2,  3,  4, 0.00,259,44.0
2026-01-28 11:46:36,-82.7227,39.3827, 124.5,14418,-58.0,-83.4,-79.2,  3,  4, 0.00,259,44.0
2026-01-28 11:46:37,-82.7222,39.3828, 124.4,14423,-58.0,-83.4,-79.2,  3,  4, 0.00,259,44.1
2026-01-28 11:46:38,-82.7217,39.3829, 124.3,14428,-58.0,-83.4,-79.3,  3,  4, 0.00,259,44.1
2026-01-28 11:46:39,-82.7212,39.3829, 124.2,14432,-58.0,-83.4,-79.3,  3,  4, 0.00,259,44.1
2026-01-28 11:46:40,-82.7208,39.3830, 124.1,14437,-58.0,-83.5,-79.3,  3,  4, 0.00,260,44.1
2026-01-28 11:46:41,-82.7202,39.3830, 124.0,14441,-58.0,-83.5,-79.3,  3,  4, 0.00,260,44.2
2026-01-28 11:46:42,-82.7197,39.3831, 123.9,14447,-58.0,-83.5,-79.4,  2,  4, 0.00,260,44.2
2026-01-28 11:46:43,-82.7191,39.3832, 123.8,14451,-58.0,-83.5,-79.4,  2,  4, 0.00,260,44.2
2026-01-28 11:46:44,-82.7186,39.3832, 123.7,14456,-58.0,-83.5,-79.4,  2,  4, 0.00,260,44.3
2026-01-28 11:46:45,-82.7181,39.3833, 123.7,14461,-58.0,-83.6,-79.4,  2,  4, 0.00,260,44.3
2026-01-28 11:46:46,-82.7176,39.3834, 123.6,14466,-58.0,-83.6,-79.4,  2,  4, 0.00,260,44.3
2026-01-28 11:46:47,-82.7170,39.3834, 123.5,14471,-58.0,-83.6,-79.5,  2,  4, 0.00,260,44.4
2026-01-28 11:46:48,-82.7165,39.3835, 123.4,14475,-58.0,-83.6,-79.5,  2,  4, 0.00,260,44.4
2026-01-28 11:46:49,-82.7160,39.3835, 123.3,14480,-58.0,-83.6,-79.5,  2,  4, 0.00,260,44.4
2026-01-28 11:46:50,-82.7154,39.3836, 123.2,14485,-58.0,-83.7,-79.5,  2,  4, 0.00,261,44.4
2026-01-28 11:46:51,-82.7149,39.3837, 123.1,14490,-58.0,-83.7,-79.5,  2,  4, 0.00,261,44.5
2026-01-28 11:46:52,-82.7144,39.3837, 123.0,14494,-58.0,-83.7,-79.6,  2,  4, 0.00,261,44.5
2026-01-28 11:46:53,-82.7139,39.3838, 122.9,14499,-58.0,-83.7,-79.6,  2,  4, 0.00,261,44.5
2026-01-28 11:46:54,-82.7133,39.3838, 122.8,14503,-58.0,-83.7,-79.6,  2,  4, 0.00,261,44.6
2026-01-28 11:46:55,-82.7128,39.3839, 122.7,14507,-58.0,-83.8,-79.6,  2,  4, 0.00,261,44.6
2026-01-28 11:46:56,-82.7123,39.3840, 122.7,14512,-58.0,-83.8,-79.6,  2,  4, 0.00,261,44.7
2026-01-28 11:46:57,-82.7118,39.3840, 122.6,14516,-58.0,-83.8,-79.6,  2,  4, 0.00,261,44.8
2026-01-28 11:46:58,-82.7112,39.3841, 122.5,14520,-58.0,-83.8,-79.7,  2,  4, 0.00,261,45.0
2026-01-28 11:46:59,-82.7107,39.3841, 122.4,14524,-58.0,-83.8,-79.7,  2,  4, 0.00,261,45.1
2026-01-28 11:47:00,-82.7102,39.3842, 122.3,14529,-58.0,-83.8,-79.7,  2,  4, 0.00,261,45.2
2026-01-28 11:47:01,-82.7097,39.3843, 122.2,14533,-58.0,-83.8,-79.7,  2,  4, 0.00,261,45.3
2026-01-28 11:47:02,-82.7091,39.3843, 122.2,14537,-58.0,-83.8,-79.7,  2,  4, 0.00,261,45.5
2026-01-28 11:47:03,-82.7086,39.3844, 122.1,14542,-58.0,-83.9,-79.7,  2,  4, 0.00,261,45.6
2026-01-28 11:47:04,-82.7081,39.3844, 122.0,14546,-58.0,-83.9,-79.7,  2,  4, 0.00,261,45.7
2026-01-28 11:47:05,-82.7076,39.3845, 121.9,14551,-58.0,-83.9,-79.8,  2,  4, 0.00,261,45.8
2026-01-28 11:47:06,-82.7070,39.3846, 121.8,14555,-58.0,-83.9,-79.8,  2,  4, 0.00,261,46.0
2026-01-28 11:47:07,-82.7065,39.3846, 121.7,14560,-58.0,-83.9,-79.8,  2,  4, 0.00,261,46.1
2026-01-28 11:47:08,-82.7060,39.3847, 121.6,14565,-58.0,-83.9,-79.8,  2,  4, 0.00,261,46.2
2026-01-28 11:47:09,-82.7055,39.3848, 121.5,14569,-58.0,-83.9,-79.8,  2,  4, 0.00,261,46.3
2026-01-28 11:47:10,-82.7049,39.3848, 121.5,14574,-58.0,-83.9,-79.8,  2,  4, 0.00,261,46.5
2026-01-28 11:47:11,-82.7044,39.3849, 121.4,14579,-58.0,-84.0,-79.8,  2,  4, 0.00,261,46.6
2026-01-28 11:47:12,-82.7038,39.3850, 121.3,14584,-58.0,-84.0,-79.8,  2,  4, 0.00,261,46.7
2026-01-28 11:47:13,-82.7033,39.3850, 121.2,14588,-58.0,-84.0,-79.8,  2,  4, 0.00,261,46.8
2026-01-28 11:47:14,-82.7027,39.3851, 121.1,14592,-58.0,-84.0,-79.9,  2,  4, 0.00,261,47.0
2026-01-28 11:47:15,-82.7022,39.3852, 121.0,14597,-58.0,-84.0,-79.9,  2,  4, 0.00,261,47.1
2026-01-28 11:47:16,-82.7016,39.3853, 120.9,14601,-58.0,-84.0,-79.9,  2,  4, 0.00,260,47.2
2026-01-28 11:47:17,-82.7011,39.3853, 120.9,14605,-58.0,-84.0,-79.9,  2,  4, 0.00,260,47.2
2026-01-28 11:47:18,-82.7005,39.3854, 120.8,14610,-57.9,-84.0,-79.9,  2,  4, 0.00,260,47.3
2026-01-28 11:47:19,-82.7000,39.3855, 120.7,14614,-57.9,-84.0,-79.9,  2,  4, 0.00,260,47.4
2026-01-28 11:47:20,-82.6994,39.3856, 120.6,14619,-57.9,-84.1,-79.9,  2,  4, 0.00,260,47.4
2026-01-28 11:47:21,-82.6989,39.3856, 120.5,14624,-57.9,-84.1,-79.9,  2,  4, 0.00,260,47.5
2026-01-28 11:47:22,-82.6982,39.3857, 120.4,14628,-57.9,-84.1,-80.0,  2,  4, 0.00,260,47.6
2026-01-28 11:47:23,-82.6978,39.3858, 120.3,14634,-57.9,-84.1,-80.0,  2,  4, 0.00,260,47.6
2026-01-28 11:47:24,-82.6972,39.3859, 120.2,14638,-57.9,-84.1,-80.0,  2,  4, 0.00,260,47.7
2026-01-28 11:47:25,-82.6967,39.3860, 120.1,14642,-57.9,-84.1,-80.0,  2,  4, 0.00,260,47.8
2026-01-28 11:47:26,-82.6961,39.3860, 120.1,14647,-57.9,-84.1,-80.0,  2,  4, 0.00,260,47.8
2026-01-28 11:47:27,-82.6956,39.3861, 120.0,14651,-57.9,-84.2,-80.0,  2,  4, 0.00,260,47.9
2026-01-28 11:47:28,-82.6950,39.3862, 119.9,14656,-57.9,-84.2,-80.0,  2,  4, 0.00,260,48.0
2026-01-28 11:47:29,-82.6945,39.3863, 119.8,14660,-57.9,-84.2,-80.1,  2,  4, 0.00,259,48.0
2026-01-28 11:47:30,-82.6939,39.3863, 119.7,14665,-57.9,-84.2,-80.1,  2,  4, 0.00,259,48.1
2026-01-28 11:47:31,-82.6934,39.3864, 119.6,14669,-57.9,-84.2,-80.1,  2,  4, 0.00,259,48.2
2026-01-28 11:47:32,-82.6928,39.3865, 119.6,14673,-58.0,-84.2,-80.1,  2,  4, 0.00,259,48.2
2026-01-28 11:47:33,-82.6923,39.3866, 119.5,14678,-58.0,-84.2,-80.1,  2,  4, 0.00,259,48.3
2026-01-28 11:47:34,-82.6917,39.3866, 119.4,14682,-58.0,-84.2,-80.1,  2,  4, 0.00,259,48.4
2026-01-28 11:47:35,-82.6912,39.3867, 119.3,14686,-58.0,-84.3,-80.1,  2,  4, 0.00,259,48.4
2026-01-28 11:47:36,-82.6906,39.3868, 119.2,14691,-58.0,-84.3,-80.2,  2,  4, 0.00,259,48.4
2026-01-28 11:47:37,-82.6901,39.3869, 119.1,14695,-58.0,-84.3,-80.2,  2,  4, 0.00,259,48.4
2026-01-28 11:47:38,-82.6895,39.3869, 119.1,14700,-58.0,-84.3,-80.2,  2,  4, 0.00,259,48.4
2026-01-28 11:47:39,-82.6890,39.3870, 119.0,14704,-58.0,-84.3,-80.2,  2,  4, 0.00,259,48.4
2026-01-28 11:47:40,-82.6884,39.3871, 118.9,14708,-58.0,-84.3,-80.2,  2,  4, 0.00,259,48.3
2026-01-28 11:47:41,-82.6879,39.3872, 118.8,14713,-58.0,-84.3,-80.2,  2,  4, 0.00,259,48.3
2026-01-28 11:47:42,-82.6874,39.3872, 118.7,14717,-58.0,-84.4,-80.2,  2,  4, 0.00,259,48.3
2026-01-28 11:47:43,-82.6868,39.3873, 118.6,14722,-58.0,-84.4,-80.3,  2,  4, 0.00,259,48.3
2026-01-28 11:47:44,-82.6863,39.3874, 118.5,14727,-58.0,-84.4,-80.3,  2,  4, 0.00,259,48.3
2026-01-28 11:47:45,-82.6857,39.3875, 118.5,14731,-58.0,-84.4,-80.3,  2,  4, 0.00,259,48.2
2026-01-28 11:47:46,-82.6852,39.3875, 118.4,14736,-58.0,-84.4,-80.3,  2,  4, 0.00,259,48.2
2026-01-28 11:47:47,-82.6846,39.3876, 118.3,14740,-58.0,-84.4,-80.3,  2,  4, 0.00,259,48.2
2026-01-28 11:47:48,-82.6841,39.3877, 118.2,14745,-58.0,-84.4,-80.3,  2,  4, 0.00,259,48.2
2026-01-28 11:47:49,-82.6835,39.3877, 118.1,14749,-58.0,-84.5,-80.3,  2,  4, 0.00,259,48.2
2026-01-28 11:47:50,-82.6830,39.3878, 118.0,14754,-58.0,-84.5,-80.4,  2,  4, 0.00,259,48.2
2026-01-28 11:47:51,-82.6824,39.3879, 118.0,14758,-58.0,-84.5,-80.4,  2,  4, 0.00,259,48.1
2026-01-28 11:47:52,-82.6819,39.3880, 117.9,14762,-58.0,-84.5,-80.4,  2,  4, 0.00,259,48.1
2026-01-28 11:47:53,-82.6813,39.3880, 117.8,14767,-58.0,-84.5,-80.4,  2,  4, 0.00,259,48.1
2026-01-28 11:47:54,-82.6808,39.3881, 117.7,14771,-58.0,-84.6,-80.4,  2,  4, 0.00,259,48.1
2026-01-28 11:47:55,-82.6802,39.3882, 117.6,14775,-58.0,-84.6,-80.5,  2,  4, 0.00,260,48.1
2026-01-28 11:47:56,-82.6797,39.3883, 117.6,14779,-58.0,-84.6,-80.5,  2,  4, 0.00,260,48.1
2026-01-28 11:47:57,-82.6791,39.3883, 117.5,14784,-58.0,-84.6,-80.5,  2,  4, 0.00,259,48.1
2026-01-28 11:47:58,-82.6786,39.3884, 117.4,14788,-58.0,-84.6,-80.5,  2,  4, 0.00,259,48.1
2026-01-28 11:47:59,-82.6780,39.3885, 117.3,14792,-58.0,-84.7,-80.5,  2,  4, 0.00,259,48.1
2026-01-28 11:48:00,-82.6772,39.3886, 117.2,14796,-58.0,-84.7,-80.6,  2,  4, 0.00,259,48.1
2026-01-28 11:48:01,-82.6770,39.3886, 117.1,14802,-58.1,-84.7,-80.6,  2,  4, 0.00,259,48.1
2026-01-28 11:48:02,-82.6764,39.3887, 117.1,14805,-58.1,-84.7,-80.6,  2,  4, 0.00,259,48.1
2026-01-28 11:48:03,-82.6759,39.3888, 117.0,14809,-58.0,-84.7,-80.6,  2,  3, 0.00,259,48.1
2026-01-28 11:48:04,-82.6753,39.3889, 116.9,14813,-58.0,-84.7,-80.6,  2,  3, 0.00,259,48.0
2026-01-28 11:48:05,-82.6748,39.3889, 116.8,14818,-58.0,-84.8,-80.7,  2,  3, 0.00,259,48.0
2026-01-28 11:48:06,-82.6742,39.3890, 116.8,14822,-58.0,-84.8,-80.7,  2,  3, 0.00,259,48.0
2026-01-28 11:48:07,-82.6737,39.3891, 116.7,14827,-58.0,-84.8,-80.7,  2,  3, 0.00,259,48.0
2026-01-28 11:48:08,-82.6731,39.3892, 116.6,14831,-58.0,-84.8,-80.7,  2,  3, 0.00,259,48.0
2026-01-28 11:48:09,-82.6726,39.3892, 116.5,14835,-58.0,-84.8,-80.7,  2,  3, 0.00,259,48.0
2026-01-28 11:48:10,-82.6720,39.3893, 116.4,14840,-58.0,-84.8,-80.7,  2,  3, 0.00,259,48.0
2026-01-28 11:48:11,-82.6715,39.3894, 116.4,14844,-58.0,-84.9,-80.8,  2,  3, 0.00,259,48.0
2026-01-28 11:48:12,-82.6709,39.3895, 116.3,14849,-58.0,-84.9,-80.8,  2,  3, 0.00,259,48.0
2026-01-28 11:48:13,-82.6703,39.3895, 116.2,14853,-58.0,-84.9,-80.8,  2,  3, 0.00,259,48.0
2026-01-28 11:48:14,-82.6698,39.3896, 116.1,14857,-58.0,-84.9,-80.8,  2,  3, 0.00,259,48.0
2026-01-28 11:48:15,-82.6692,39.3897, 116.0,14862,-58.0,-84.9,-80.8,  2,  3, 0.00,259,48.0
2026-01-28 11:48:16,-82.6686,39.3897, 116.0,14866,-58.0,-84.9,-80.8,  2,  3, 0.00,259,48.1
2026-01-28 11:48:17,-82.6681,39.3898, 115.9,14870,-58.0,-85.0,-80.9,  2,  3, 0.00,259,48.1
2026-01-28 11:48:18,-82.6675,39.3899, 115.8,14875,-58.0,-85.0,-80.9,  2,  3, 0.00,259,48.2
2026-01-28 11:48:19,-82.6670,39.3900, 115.7,14879,-58.0,-85.0,-80.9,  2,  3, 0.00,259,48.3
2026-01-28 11:48:20,-82.6664,39.3900, 115.6,14884,-58.0,-85.0,-80.9,  2,  3, 0.00,259,48.3
2026-01-28 11:48:21,-82.6658,39.3901, 115.5,14888,-58.0,-85.0,-80.9,  2,  3, 0.00,259,48.4
2026-01-28 11:48:22,-82.6653,39.3902, 115.5,14893,-57.9,-85.0,-80.9,  2,  3, 0.00,259,48.5
2026-01-28 11:48:23,-82.6647,39.3902, 115.4,14897,-57.9,-85.0,-80.9,  2,  3, 0.00,259,48.5
2026-01-28 11:48:24,-82.6641,39.3903, 115.3,14902,-57.9,-85.0,-80.9,  2,  3, 0.00,260,48.6
2026-01-28 11:48:25,-82.6636,39.3904, 115.2,14906,-57.9,-85.0,-80.9,  2,  3, 0.00,260,48.7
2026-01-28 11:48:26,-82.6630,39.3905, 115.1,14911,-57.9,-85.1,-81.0,  2,  3, 0.00,260,48.7
2026-01-28 11:48:27,-82.6624,39.3905, 115.0,14915,-57.9,-85.1,-81.0,  2,  3, 0.00,260,48.8
2026-01-28 11:48:28,-82.6619,39.3906, 115.0,14920,-57.9,-85.1,-81.0,  2,  3, 0.00,260,48.8
2026-01-28 11:48:29,-82.6613,39.3907, 114.9,14925,-57.9,-85.1,-81.0,  2,  3, 0.00,260,48.9
2026-01-28 11:48:30,-82.6608,39.3907, 114.8,14930,-57.9,-85.1,-81.0,  2,  3, 0.00,260,49.0
2026-01-28 11:48:31,-82.6602,39.3908, 114.7,14934,-57.9,-85.1,-81.0,  2,  3, 0.00,260,49.0
2026-01-28 11:48:32,-82.6596,39.3909, 114.6,14939,-57.9,-85.1,-81.0,  2,  3, 0.00,260,49.1
2026-01-28 11:48:33,-82.6591,39.3910, 114.5,14943,-57.8,-85.1,-81.0,  2,  3, 0.00,260,49.2
2026-01-28 11:48:34,-82.6585,39.3910, 114.5,14948,-57.8,-85.1,-81.0,  2,  3, 0.00,260,49.2
2026-01-28 11:48:35,-82.6579,39.3911, 114.4,14952,-57.8,-85.1,-81.0,  2,  3, 0.00,260,49.3
2026-01-28 11:48:36,-82.6574,39.3912, 114.3,14957,-57.8,-85.1,-81.0,  2,  3, 0.00,260,49.4
2026-01-28 11:48:37,-82.6568,39.3913, 114.2,14961,-57.8,-85.1,-81.0,  2,  3, 0.00,260,49.5
2026-01-28 11:48:38,-82.6562,39.3913, 114.1,14965,-57.8,-85.1,-81.0,  2,  3, 0.00,260,49.5
2026-01-28 11:48:39,-82.6557,39.3914, 114.1,14969,-57.8,-85.1,-81.0,  2,  3, 0.00,260,49.6
2026-01-28 11:48:40,-82.6551,39.3915, 114.0,14974,-57.8,-85.1,-81.0,  2,  3, 0.00,260,49.7
2026-01-28 11:48:41,-82.6545,39.3915, 113.9,14978,-57.8,-85.2,-81.1,  2,  3, 0.00,260,49.8
2026-01-28 11:48:42,-82.6540,39.3916, 113.8,14982,-57.8,-85.2,-81.1,  2,  3, 0.00,260,49.8
2026-01-28 11:48:43,-82.6534,39.3916, 113.7,14987,-57.8,-85.2,-81.1,  2,  3, 0.00,260,49.9
2026-01-28 11:48:44,-82.6528,39.3917, 113.7,14992,-57.8,-85.2,-81.1,  2,  3, 0.00,261,50.0
2026-01-28 11:48:45,-82.6522,39.3917, 113.6,14996,-57.8,-85.2,-81.1,  2,  3, 0.00,261,50.1
2026-01-28 11:48:46,-82.6516,39.3918, 113.5,15001,-57.8,-85.2,-81.1,  2,  3, 0.00,261,50.1
2026-01-28 11:48:47,-82.6510,39.3919, 113.4,15005,-57.7,-85.2,-81.1,  2,  3, 0.00,261,50.2
2026-01-28 11:48:48,-82.6504,39.3919, 113.3,15010,-57.7,-85.2,-81.1,  2,  3, 0.00,261,50.3
2026-01-28 11:48:49,-82.6498,39.3920, 113.2,15015,-57.7,-85.2,-81.1,  2,  3, 0.00,261,50.4
2026-01-28 11:48:50,-82.6492,39.3920, 113.2,15020,-57.7,-85.2,-81.1,  2,  3, 0.00,261,50.4
2026-01-28 11:48:51,-82.6486,39.3921, 113.1,15025,-57.7,-85.2,-81.1,  2,  3, 0.00,261,50.5
2026-01-28 11:48:52,-82.6480,39.3921, 113.0,15030,-57.7,-85.2,-81.1,  2,  3, 0.00,261,50.6
2026-01-28 11:48:53,-82.6475,39.3922, 112.9,15035,-57.7,-85.2,-81.1,  2,  3, 0.00,261,50.7
2026-01-28 11:48:54,-82.6469,39.3922, 112.8,15040,-57.7,-85.2,-81.1,  2,  3, 0.00,261,50.7
2026-01-28 11:48:55,-82.6463,39.3923, 112.7,15045,-57.7,-85.3,-81.2,  2,  3, 0.00,261,50.8
2026-01-28 11:48:56,-82.6457,39.3923, 112.6,15049,-57.7,-85.3,-81.2,  2,  3, 0.00,262,50.9
2026-01-28 11:48:57,-82.6451,39.3924, 112.5,15054,-57.7,-85.3,-81.2,  2,  3, 0.00,262,50.9
2026-01-28 11:48:58,-82.6445,39.3924, 112.5,15059,-57.7,-85.3,-81.2,  2,  3, 0.00,262,51.0
2026-01-28 11:48:59,-82.6439,39.3925, 112.4,15064,-57.6,-85.3,-81.2,  2,  3, 0.00,262,51.0
2026-01-28 11:49:00,-82.6433,39.3925, 112.3,15069,-57.6,-85.3,-81.2,  2,  3, 0.00,262,51.1
2026-01-28 11:49:01,-82.6427,39.3926, 112.2,15074,-57.6,-85.3,-81.2,  2,  3, 0.00,262,51.1
2026-01-28 11:49:02,-82.6421,39.3927, 112.1,15079,-57.6,-85.3,-81.3,  2,  3, 0.00,262,51.2
2026-01-28 11:49:03,-82.6415,39.3927, 112.0,15084,-57.6,-85.4,-81.3,  2,  3, 0.00,262,51.2
2026-01-28 11:49:04,-82.6410,39.3928, 111.9,15089,-57.6,-85.4,-81.3,  2,  3, 0.00,262,51.3
2026-01-28 11:49:05,-82.6404,39.3928, 111.8,15093,-57.6,-85.4,-81.3,  2,  3, 0.00,262,51.3
2026-01-28 11:49:06,-82.6398,39.3929, 111.8,15098,-57.6,-85.4,-81.3,  2,  3, 0.00,263,51.4
2026-01-28 11:49:07,-82.6392,39.3929, 111.7,15103,-57.6,-85.4,-81.3,  2,  3, 0.00,263,51.4
2026-01-28 11:49:08,-82.6386,39.3930, 111.6,15107,-57.6,-85.4,-81.3,  2,  3, 0.00,263,51.5
2026-01-28 11:49:09,-82.6380,39.3930, 111.5,15112,-57.6,-85.4,-81.3,  2,  3, 0.00,263,51.5
2026-01-28 11:49:10,-82.6376,39.3931, 111.4,15117,-57.6,-85.5,-81.4,  2,  3, 0.00,263,51.6
2026-01-28 11:49:11,-82.6368,39.3931, 111.4,15120,-57.6,-85.5,-81.4,  2,  3, 0.00,263,51.6
2026-01-28 11:49:12,-82.6362,39.3932, 111.3,15127,-57.6,-85.5,-81.4,  2,  3, 0.00,263,51.7
2026-01-28 11:49:13,-82.6356,39.3932, 111.2,15132,-57.6,-85.5,-81.4,  2,  3, 0.00,263,51.7
2026-01-28 11:49:14,-82.6350,39.3933, 111.1,15136,-57.6,-85.5,-81.4,  2,  3, 0.00,263,51.8
2026-01-28 11:49:15,-82.6344,39.3933, 111.0,15141,-57.6,-85.5,-81.4,  2,  3, 0.00,263,51.8
2026-01-28 11:49:16,-82.6338,39.3934, 110.9,15146,-57.6,-85.5,-81.4,  2,  3, 0.00,263,51.8
2026-01-28 11:49:17,-82.6333,39.3934, 110.8,15150,-57.6,-85.5,-81.4,  2,  3, 0.00,263,51.8
2026-01-28 11:49:18,-82.6326,39.3934, 110.8,15155,-57.6,-85.5,-81.4,  2,  3, 0.00,263,51.8
2026-01-28 11:49:19,-82.6321,39.3935, 110.7,15160,-57.6,-85.5,-81.4,  2,  3, 0.00,263,51.8
2026-01-28 11:49:20,-82.6315,39.3935, 110.6,15164,-57.6,-85.5,-81.4,  2,  3, 0.00,263,51.8
2026-01-28 11:49:21,-82.6309,39.3936, 110.5,15169,-57.6,-85.5,-81.4,  2,  3, 0.00,263,51.8
2026-01-28 11:49:22,-82.6303,39.3936, 110.4,15173,-57.6,-85.5,-81.5,  2,  3, 0.00,263,51.8
2026-01-28 11:49:23,-82.6297,39.3937, 110.4,15178,-57.6,-85.6,-81.5,  2,  3, 0.00,264,51.7
2026-01-28 11:49:24,-82.6291,39.3937, 110.3,15182,-57.6,-85.6,-81.5,  2,  3, 0.00,264,51.7
2026-01-28 11:49:25,-82.6285,39.3938, 110.2,15187,-57.6,-85.6,-81.5,  2,  3, 0.00,264,51.7
2026-01-28 11:49:26,-82.6279,39.3938, 110.1,15191,-57.6,-85.6,-81.5,  2,  3, 0.00,264,51.7
2026-01-28 11:49:27,-82.6273,39.3938, 110.0,15196,-57.6,-85.6,-81.5,  2,  3, 0.00,264,51.7
2026-01-28 11:49:28,-82.6267,39.3939, 109.9,15201,-57.6,-85.6,-81.5,  2,  3, 0.00,264,51.7
2026-01-28 11:49:29,-82.6261,39.3939, 109.9,15206,-57.6,-85.6,-81.5,  2,  3, 0.00,264,51.7
2026-01-28 11:49:30,-82.6255,39.3940, 109.8,15212,-57.6,-85.6,-81.5,  2,  3, 0.00,264,51.7
2026-01-28 11:49:31,-82.6249,39.3940, 109.7,15217,-57.6,-85.6,-81.5,  2,  3, 0.00,264,51.6
2026-01-28 11:49:32,-82.6243,39.3941, 109.6,15222,-57.6,-85.7,-81.6,  2,  3, 0.00,264,51.6
2026-01-28 11:49:33,-82.6237,39.3941, 109.5,15227,-57.6,-85.7,-81.6,  2,  3, 0.00,264,51.6
2026-01-28 11:49:34,-82.6232,39.3942, 109.4,15232,-57.6,-85.7,-81.6,  2,  3, 0.00,264,51.6
2026-01-28 11:49:35,-82.6226,39.3942, 109.3,15237,-57.6,-85.7,-81.6,  2,  3, 0.00,264,51.6
2026-01-28 11:49:36,-82.6220,39.3942, 109.2,15242,-57.6,-85.7,-81.6,  2,  3, 0.00,264,51.6
2026-01-28 11:49:37,-82.6214,39.3943, 109.1,15247,-57.6,-85.7,-81.6,  2,  3, 0.00,264,51.5
2026-01-28 11:49:38,-82.6208,39.3943, 109.1,15252,-57.6,-85.7,-81.7,  2,  3, 0.00,264,51.5
2026-01-28 11:49:39,-82.6202,39.3944, 109.0,15258,-57.7,-85.8,-81.7,  2,  3, 0.00,264,51.5
2026-01-28 11:49:40,-82.6196,39.3944, 108.9,15263,-57.7,-85.8,-81.7,  2,  3, 0.00,264,51.5
2026-01-28 11:49:41,-82.6190,39.3945, 108.8,15268,-57.7,-85.8,-81.7,  2,  3, 0.00,264,51.4
2026-01-28 11:49:42,-82.6184,39.3945, 108.7,15273,-57.7,-85.8,-81.7,  2,  3, 0.00,264,51.4
2026-01-28 11:49:43,-82.6178,39.3945, 108.6,15278,-57.7,-85.8,-81.8,  2,  3, 0.00,264,51.4
2026-01-28 11:49:44,-82.6173,39.3945, 108.5,15283,-57.7,-85.9,-81.8,  2,  3, 0.00,264,51.3
2026-01-28 11:49:45,-82.6167,39.3946, 108.5,15288,-57.7,-85.9,-81.8,  2,  3, 0.00,264,51.3
2026-01-28 11:49:46,-82.6161,39.3946, 108.4,15293,-57.7,-85.9,-81.8,  2,  3, 0.00,264,51.3
2026-01-28 11:49:47,-82.6155,39.3946, 108.3,15298,-57.7,-85.9,-81.9,  2,  3, 0.00,264,51.3
2026-01-28 11:49:48,-82.6149,39.3947, 108.2,15303,-57.7,-86.0,-81.9,  2,  3, 0.00,264,51.2
2026-01-28 11:49:49,-82.6144,39.3947, 108.1,15308,-57.7,-86.0,-81.9,  2,  3, 0.00,264,51.2
2026-01-28 11:49:50,-82.6138,39.3947, 108.0,15313,-57.7,-86.0,-81.9,  2,  3, 0.00,264,51.2
2026-01-28 11:49:51,-82.6132,39.3947, 107.9,15318,-57.7,-86.0,-82.0,  2,  3, 0.00,264,51.1
2026-01-28 11:49:52,-82.6126,39.3948, 107.8,15323,-57.7,-86.0,-82.0,  2,  3, 0.00,264,51.1
2026-01-28 11:49:53,-82.6121,39.3948, 107.8,15328,-57.7,-86.1,-82.0,  2,  3, 0.00,264,51.1
2026-01-28 11:49:54,-82.6115,39.3948, 107.7,15333,-57.7,-86.1,-82.0,  2,  3, 0.00,264,51.1
2026-01-28 11:49:55,-82.6109,39.3949, 107.6,15338,-57.7,-86.1,-82.0,  2,  3, 0.00,264,51.0
2026-01-28 11:49:56,-82.6103,39.3949, 107.5,15343,-57.8,-86.1,-82.0,  2,  3, 0.00,264,51.0
2026-01-28 11:49:57,-82.6097,39.3949, 107.4,15349,-57.8,-86.1,-82.1,  2,  3, 0.00,265,50.9
2026-01-28 11:49:58,-82.6092,39.3949, 107.3,15354,-57.8,-86.2,-82.1,  2,  3, 0.00,265,50.8
2026-01-28 11:49:59,-82.6086,39.3950, 107.2,15359,-57.8,-86.2,-82.1,  2,  3, 0.00,265,50.7
2026-01-28 11:50:00,-82.6080,39.3950, 107.1,15364,-57.8,-86.2,-82.1,  2,  3, 0.00,265,50.7
2026-01-28 11:50:01,-82.6074,39.3950, 107.1,15370,-57.8,-86.2,-82.1,  2,  3, 0.00,265,50.6
2026-01-28 11:50:02,-82.6068,39.3951, 107.0,15375,-57.8,-86.2,-82.2,  2,  3, 0.00,265,50.5
2026-01-28 11:50:03,-82.6063,39.3951, 106.9,15381,-57.8,-86.2,-82.2,  2,  3, 0.00,265,50.4
2026-01-28 11:50:04,-82.6057,39.3951, 106.8,15386,-57.8,-86.3,-82.2,  2,  3, 0.00,265,50.4
2026-01-28 11:50:05,-82.6051,39.3951, 106.7,15391,-57.8,-86.3,-82.2,  2,  3, 0.00,265,50.3
2026-01-28 11:50:06,-82.6045,39.3952, 106.6,15397,-57.8,-86.3,-82.2,  2,  3, 0.00,266,50.2
2026-01-28 11:50:07,-82.6039,39.3952, 106.5,15402,-57.8,-86.3,-82.2,  1,  3, 0.00,266,50.1
2026-01-28 11:50:08,-82.6034,39.3952, 106.4,15408,-57.8,-86.3,-82.3,  1,  3, 0.00,266,50.1
2026-01-28 11:50:09,-82.6028,39.3953, 106.3,15413,-57.8,-86.3,-82.3,  1,  3, 0.00,266,50.0
2026-01-28 11:50:10,-82.6022,39.3953, 106.2,15419,-57.8,-86.3,-82.3,  1,  3, 0.00,266,49.9
2026-01-28 11:50:11,-82.6016,39.3953, 106.1,15424,-57.8,-86.3,-82.3,  1,  3, 0.00,266,49.9
2026-01-28 11:50:12,-82.6011,39.3953, 106.0,15430,-57.8,-86.4,-82.3,  1,  3, 0.00,266,49.8
2026-01-28 11:50:13,-82.6005,39.3954, 105.9,15435,-57.8,-86.4,-82.3,  1,  3, 0.00,266,49.7
2026-01-28 11:50:14,-82.5999,39.3954, 105.9,15441,-57.8,-86.4,-82.3,  1,  3, 0.00,266,49.6
2026-01-28 11:50:15,-82.5994,39.3954, 105.8,15446,-57.8,-86.4,-82.3,  1,  3, 0.00,267,49.6
2026-01-28 11:50:16,-82.5988,39.3954, 105.7,15451,-57.8,-86.4,-82.3,  1,  3, 0.00,267,49.6
2026-01-28 11:50:17,-82.5982,39.3954, 105.6,15457,-57.9,-86.4,-82.4,  1,  3, 0.00,267,49.5
2026-01-28 11:50:18,-82.5976,39.3955, 105.5,15462,-57.9,-86.4,-82.4,  1,  3, 0.00,267,49.5
2026-01-28 11:50:19,-82.5971,39.3955, 105.4,15468,-57.9,-86.5,-82.4,  1,  3, 0.00,267,49.5
2026-01-28 11:50:20,-82.5965,39.3955, 105.3,15473,-57.9,-86.5,-82.4,  1,  3, 0.00,267,49.5
2026-01-28 11:50:21,-82.5959,39.3955, 105.2,15478,-57.9,-86.5,-82.4,  1,  3, 0.00,267,49.5
2026-01-28 11:50:22,-82.5954,39.3956, 105.1,15484,-57.9,-86.5,-82.4,  1,  3, 0.00,267,49.5
2026-01-28 11:50:23,-82.5948,39.3956, 105.0,15489,-57.9,-86.5,-82.5,  1,  3, 0.00,267,49.5
2026-01-28 11:50:24,-82.5942,39.3956, 104.9,15495,-57.9,-86.5,-82.5,  1,  3, 0.00,267,49.5
2026-01-28 11:50:25,-82.5936,39.3956, 104.8,15501,-57.9,-86.6,-82.5,  1,  3, 0.00,267,49.4
2026-01-28 11:50:26,-82.5931,39.3956, 104.8,15506,-57.9,-86.6,-82.5,  1,  3, 0.00,267,49.4
2026-01-28 11:50:27,-82.5925,39.3957, 104.7,15512,-58.0,-86.6,-82.5,  1,  3, 0.00,267,49.4
2026-01-28 11:50:28,-82.5919,39.3957, 104.6,15517,-58.0,-86.6,-82.5,  1,  2, 0.00,267,49.4
2026-01-28 11:50:29,-82.5914,39.3957, 104.5,15523,-58.0,-86.6,-82.6,  1,  2, 0.00,267,49.4
2026-01-28 11:50:30,-82.5906,39.3957, 104.4,15529,-58.0,-86.6,-82.6,  1,  2, 0.00,267,49.4
2026-01-28 11:50:31,-82.5902,39.3958, 104.3,15536,-58.0,-86.7,-82.6,  1,  2, 0.00,267,49.4
2026-01-28 11:50:32,-82.5897,39.3958, 104.2,15540,-58.0,-86.7,-82.6,  1,  2, 0.00,267,49.4
2026-01-28 11:50:33,-82.5891,39.3958, 104.1,15546,-58.0,-86.7,-82.7,  1,  2, 0.00,267,49.3
2026-01-28 11:50:34,-82.5885,39.3958, 104.0,15551,-58.0,-86.7,-82.7,  1,  2, 0.00,267,49.3
2026-01-28 11:50:35,-82.5879,39.3958, 103.9,15558,-58.1,-86.8,-82.7,  1,  2, 0.00,267,49.3
2026-01-28 11:50:36,-82.5874,39.3959, 103.8,15564,-58.1,-86.8,-82.7,  1,  2, 0.00,267,49.3
2026-01-28 11:50:37,-82.5868,39.3959, 103.7,15570,-58.1,-86.8,-82.8,  1,  2, 0.00,267,49.4
2026-01-28 11:50:38,-82.5862,39.3959, 103.6,15576,-58.1,-86.8,-82.8,  1,  2, 0.00,266,49.4
2026-01-28 11:50:39,-82.5857,39.3959, 103.5,15582,-58.1,-86.9,-82.8,  1,  2, 0.00,266,49.4
2026-01-28 11:50:40,-82.5851,39.3960, 103.4,15588,-58.1,-86.9,-82.8,  1,  2, 0.00,266,49.5
2026-01-28 11:50:41,-82.5845,39.3960, 103.3,15594,-58.1,-86.9,-82.9,  1,  2, 0.00,266,49.5
2026-01-28 11:50:42,-82.5839,39.3960, 103.2,15599,-58.2,-86.9,-82.9,  1,  2, 0.00,266,49.5
2026-01-28 11:50:43,-82.5834,39.3960, 103.1,15605,-58.2,-87.0,-82.9,  1,  2, 0.00,266,49.6
2026-01-28 11:50:44,-82.5828,39.3961, 103.0,15610,-58.2,-87.0,-83.0,  1,  2, 0.00,266,49.6
2026-01-28 11:50:45,-82.5822,39.3961, 102.9,15616,-58.2,-87.0,-83.0,  1,  2, 0.00,266,49.6
2026-01-28 11:50:46,-82.5816,39.3961, 102.9,15622,-58.2,-87.0,-83.0,  1,  2, 0.00,266,49.7
2026-01-28 11:50:47,-82.5810,39.3962, 102.8,15627,-58.3,-87.1,-83.0,  1,  2, 0.00,266,49.7
2026-01-28 11:50:48,-82.5805,39.3962, 102.7,15633,-58.3,-87.1,-83.0,  1,  2, 0.00,265,49.7
2026-01-28 11:50:49,-82.5799,39.3962, 102.6,15638,-58.3,-87.1,-83.1,  1,  2, 0.00,265,49.8
2026-01-28 11:50:50,-82.5793,39.3963, 102.5,15644,-58.3,-87.1,-83.1,  1,  2, 0.00,265,49.8
2026-01-28 11:50:51,-82.5787,39.3963, 102.4,15650,-58.3,-87.2,-83.1,  1,  2, 0.00,265,49.8
2026-01-28 11:50:52,-82.5782,39.3963, 102.3,15655,-58.4,-87.2,-83.1,  1,  2, 0.00,265,49.9
2026-01-28 11:50:53,-82.5776,39.3964, 102.2,15661,-58.4,-87.2,-83.2,  1,  2, 0.00,265,49.9
2026-01-28 11:50:54,-82.5770,39.3964, 102.1,15667,-58.4,-87.2,-83.2,  1,  2, 0.00,265,49.9
2026-01-28 11:50:55,-82.5764,39.3964, 102.0,15673,-58.4,-87.3,-83.2,  1,  2, 0.00,265,50.0
2026-01-28 11:50:56,-82.5759,39.3965, 101.9,15678,-58.4,-87.3,-83.2,  1,  2, 0.00,265,50.0
2026-01-28 11:50:57,-82.5753,39.3965, 101.8,15684,-58.5,-87.3,-83.3,  1,  2, 0.00,265,50.0
2026-01-28 11:50:58,-82.5747,39.3965, 101.8,15689,-58.5,-87.3,-83.3,  1,  2, 0.00,265,50.0
2026-01-28 11:50:59,-82.5741,39.3965, 101.7,15695,-58.5,-87.4,-83.3,  1,  2, 0.00,265,50.0
2026-01-28 11:51:00,-82.5735,39.3966, 101.6,15701,-58.5,-87.4,-83.3,  1,  2, 0.00,265,50.0
2026-01-28 11:51:01,-82.5730,39.3966, 101.5,15706,-58.6,-87.4,-83.4,  1,  2, 0.00,265,50.0
2026-01-28 11:51:02,-82.5724,39.3966, 101.4,15712,-58.6,-87.4,-83.4,  1,  2, 0.00,265,50.0
2026-01-28 11:51:03,-82.5718,39.3967, 101.3,15717,-58.6,-87.4,-83.4,  1,  2, 0.00,265,50.0
2026-01-28 11:51:04,-82.5712,39.3967, 101.2,15723,-58.7,-87.5,-83.4,  1,  2, 0.00,265,50.0
2026-01-28 11:51:05,-82.5707,39.3967, 101.1,15729,-58.7,-87.5,-83.5,  1,  2, 0.00,265,50.1
2026-01-28 11:51:06,-82.5701,39.3968, 101.0,15735,-58.7,-87.5,-83.5,  1,  2, 0.00,265,50.1
2026-01-28 11:51:07,-82.5695,39.3968, 100.9,15740,-58.7,-87.5,-83.5,  1,  2, 0.00,265,50.1
2026-01-28 11:51:08,-82.5689,39.3968, 100.8,15746,-58.8,-87.6,-83.5,  1,  2, 0.00,265,50.1
2026-01-28 11:51:09,-82.5683,39.3969, 100.7,15752,-58.8,-87.6,-83.6,  1,  2, 0.00,265,50.1
2026-01-28 11:51:10,-82.5678,39.3969, 100.7,15757,-58.8,-87.6,-83.6,  1,  2, 0.00,265,50.1
2026-01-28 11:51:11,-82.5672,39.3969, 100.6,15763,-58.8,-87.6,-83.6,  1,  2, 0.00,265,50.1
2026-01-28 11:51:12,-82.5666,39.3970, 100.5,15769,-58.9,-87.7,-83.6,  1,  2, 0.00,265,50.1
2026-01-28 11:51:13,-82.5660,39.3970, 100.4,15774,-58.9,-87.7,-83.7,  1,  2, 0.00,265,50.1
2026-01-28 11:51:14,-82.5655,39.3970, 100.3,15780,-59.0,-87.7,-83.7,  1,  2, 0.00,265,50.2
2026-01-28 11:51:15,-82.5649,39.3970, 100.2,15786,-59.0,-87.8,-83.7,  1,  2, 0.00,265,50.2
2026-01-28 11:51:16,-82.5642,39.3971, 100.1,15791,-59.0,-87.8,-83.8,  1,  2, 0.00,265,50.1
2026-01-28 11:51:17,-82.5637,39.3971, 100.0,15798,-59.1,-87.8,-83.8,  1,  2, 0.00,266,50.1
2026-01-28 11:51:18,-82.5632,39.3971,  99.9,15803,-59.1,-87.9,-83.9,  1,  2, 0.00,266,50.1
2026-01-28 11:51:19,-82.5626,39.3971,  99.8,15808,-59.1,-87.9,-83.9,  1,  2, 0.00,266,50.1
2026-01-28 11:51:20,-82.5620,39.3972,  99.7,15814,-59.2,-87.9,-83.9,  1,  2, 0.00,266,50.0
2026-01-28 11:51:21,-82.5615,39.3972,  99.7,15820,-59.2,-88.0,-84.0,  1,  2, 0.00,266,50.0
2026-01-28 11:51:22,-82.5609,39.3972,  99.6,15826,-59.2,-88.0,-84.0,  1,  2, 0.00,266,50.0
2026-01-28 11:51:23,-82.5603,39.3973,  99.5,15831,-59.3,-88.0,-84.0,  1,  2, 0.00,266,50.0
2026-01-28 11:51:24,-82.5598,39.3973,  99.4,15837,-59.3,-88.1,-84.1,  1,  2, 0.00,266,49.9
2026-01-28 11:51:25,-82.5592,39.3973,  99.3,15843,-59.3,-88.1,-84.1,  1,  2, 0.00,266,49.9
2026-01-28 11:51:26,-82.5586,39.3973,  99.2,15849,-59.4,-88.2,-84.2,  1,  2, 0.00,266,49.9
2026-01-28 11:51:27,-82.5580,39.3974,  99.1,15854,-59.4,-88.2,-84.2,  1,  2, 0.00,266,49.9
2026-01-28 11:51:28,-82.5575,39.3974,  99.0,15860,-59.4,-88.2,-84.2,  1,  2, 0.00,266,49.8
2026-01-28 11:51:29,-82.5569,39.3974,  98.9,15866,-59.5,-88.3,-84.3,  1,  2, 0.00,266,49.8
2026-01-28 11:51:30,-82.5563,39.3974,  98.8,15871,-59.5,-88.3,-84.3,  1,  2, 0.00,266,49.8
2026-01-28 11:51:31,-82.5557,39.3975,  98.7,15877,-59.5,-88.3,-84.3,  1,  2, 0.00,266,49.8
2026-01-28 11:51:32,-82.5552,39.3975,  98.7,15883,-59.6,-88.4,-84.4,  1,  2, 0.00,266,49.7
2026-01-28 11:51:33,-82.5546,39.3975,  98.6,15889,-59.6,-88.4,-84.4,  1,  2, 0.00,266,49.7
2026-01-28 11:51:34,-82.5540,39.3975,  98.5,15894,-59.6,-88.4,-84.5,  1,  2, 0.00,266,49.7
2026-01-28 11:51:35,-82.5535,39.3976,  98.4,15900,-59.7,-88.5,-84.5,  1,  2, 0.00,266,49.7
2026-01-28 11:51:36,-82.5529,39.3976,  98.3,15906,-59.7,-88.5,-84.5,  1,  2, 0.00,266,49.6
2026-01-28 11:51:37,-82.5523,39.3976,  98.2,15911,-59.7,-88.6,-84.6,  1,  2, 0.00,266,49.6
2026-01-28 11:51:38,-82.5517,39.3976,  98.1,15917,-59.8,-88.6,-84.6,  1,  2, 0.00,266,49.6
2026-01-28 11:51:39,-82.5512,39.3977,  98.0,15923,-59.8,-88.6,-84.6,  1,  2, 0.00,266,49.6
2026-01-28 11:51:40,-82.5506,39.3977,  97.9,15928,-59.8,-88.7,-84.7,  1,  2, 0.00,266,49.5
2026-01-28 11:51:41,-82.5500,39.3977,  97.9,15934,-59.9,-88.7,-84.7,  1,  2, 0.00,266,49.5
2026-01-28 11:51:42,-82.5495,39.3977,  97.8,15940,-59.9,-88.7,-84.7,  1,  2, 0.00,266,49.5
2026-01-28 11:51:43,-82.5489,39.3978,  97.7,15946,-59.9,-88.7,-84.8,  1,  2, 0.00,266,49.5
2026-01-28 11:51:44,-82.5483,39.3978,  97.6,15951,-60.0,-88.8,-84.8,  1,  2, 0.00,266,49.5
2026-01-28 11:51:45,-82.5477,39.3979,  97.5,15957,-60.0,-88.8,-84.8,  1,  2, 0.00,265,49.4
2026-01-28 11:51:46,-82.5472,39.3979,  97.4,15963,-60.0,-88.8,-84.8,  1,  2, 0.00,265,49.4
2026-01-28 11:51:47,-82.5466,39.3980,  97.3,15969,-60.1,-88.8,-84.9,  1,  2, 0.00,265,49.4
2026-01-28 11:51:48,-82.5460,39.3980,  97.2,15974,-60.1,-88.9,-84.9,  1,  2, 0.00,265,49.4
2026-01-28 11:51:49,-82.5455,39.3980,  97.1,15980,-60.1,-88.9,-84.9,  1,  2, 0.00,265,49.4
2026-01-28 11:51:50,-82.5449,39.3981,  97.0,15985,-60.2,-88.9,-84.9,  1,  2, 0.00,265,49.3
2026-01-28 11:51:51,-82.5443,39.3981,  97.0,15991,-60.2,-88.9,-85.0,  1,  2, 0.00,265,49.3
2026-01-28 11:51:52,-82.5437,39.3982,  96.9,15997,-60.2,-89.0,-85.0,  1,  2, 0.00,265,49.3
2026-01-28 11:51:53,-82.5432,39.3982,  96.8,16002,-60.3,-89.0,-85.0,  1,  2, 0.00,265,49.3
2026-01-28 11:51:54,-82.5426,39.3982,  96.7,16008,-60.3,-89.0,-85.0,  1,  2, 0.00,265,49.2
2026-01-28 11:51:55,-82.5420,39.3983,  96.6,16014,-60.3,-89.0,-85.0,  1,  2, 0.00,265,49.2
2026-01-28 11:51:56,-82.5414,39.3983,  96.5,16020,-60.4,-89.0,-85.1,  1,  2, 0.00,265,49.3
2026-01-28 11:51:57,-82.5409,39.3984,  96.4,16025,-60.4,-89.0,-85.1,  1,  2, 0.00,265,49.3
2026-01-28 11:51:58,-82.5403,39.3984,  96.3,16031,-60.4,-89.1,-85.1,  1,  2, 0.00,265,49.4
2026-01-28 11:51:59,-82.5397,39.3984,  96.3,16037,-60.5,-89.1,-85.1,  1,  2, 0.00,265,49.4
2026-01-28 11:52:00,-82.5392,39.3985,  96.2,16042,-60.5,-89.1,-85.1,  1,  2, 0.00,265,49.4
2026-01-28 11:52:01,-82.5386,39.3985,  96.1,16048,-60.5,-89.1,-85.2,  1,  2, 0.00,264,49.5
2026-01-28 11:52:02,-82.5380,39.3986,  96.0,16054,-60.5,-89.1,-85.2,  1,  2, 0.00,264,49.5
2026-01-28 11:52:03,-82.5374,39.3986,  95.9,16060,-60.6,-89.2,-85.2,  1,  2, 0.00,264,49.6
2026-01-28 11:52:04,-82.5369,39.3987,  95.8,16065,-60.6,-89.2,-85.2,  1,  2, 0.00,264,49.6
2026-01-28 11:52:05,-82.5363,39.3987,  95.7,16070,-60.6,-89.2,-85.2,  1,  2, 0.00,264,49.7
2026-01-28 11:52:06,-82.5357,39.3987,  95.7,16076,-60.6,-89.2,-85.2,  1,  2, 0.00,264,49.7
2026-01-28 11:52:07,-82.5352,39.3988,  95.6,16081,-60.7,-89.2,-85.3,  1,  2, 0.00,264,49.8
2026-01-28 11:52:08,-82.5346,39.3988,  95.5,16087,-60.7,-89.3,-85.3,  1,  2, 0.00,264,49.8
2026-01-28 11:52:09,-82.5340,39.3989,  95.4,16092,-60.7,-89.3,-85.3,  1,  2, 0.00,264,49.9
2026-01-28 11:52:10,-82.5334,39.3989,  95.3,16098,-60.7,-89.3,-85.3,  1,  2, 0.00,264,49.9
2026-01-28 11:52:11,-82.5329,39.3989,  95.2,16104,-60.8,-89.3,-85.4,  1,  2, 0.00,264,49.9
2026-01-28 11:52:12,-82.5323,39.3990,  95.1,16109,-60.8,-89.3,-85.4,  1,  2, 0.00,264,50.0
2026-01-28 11:52:13,-82.5317,39.3990,  95.1,16115,-60.8,-89.4,-85.4,  1,  2, 0.00,264,50.0
2026-01-28 11:52:14,-82.5311,39.3991,  95.0,16121,-60.8,-89.4,-85.4,  1,  2, 0.00,264,50.1
2026-01-28 11:52:15,-82.5306,39.3991,  94.9,16126,-60.8,-89.4,-85.5,  1,  2, 0.00,263,50.1
2026-01-28 11:52:16,-82.5300,39.3992,  94.8,16132,-60.9,-89.4,-85.5,  1,  2, 0.00,263,50.1
2026-01-28 11:52:17,-82.5294,39.3992,  94.7,16137,-60.9,-89.5,-85.5,  1,  2, 0.00,263,50.1
2026-01-28 11:52:18,-82.5288,39.3992,  94.6,16143,-60.9,-89.5,-85.5,  1,  2, 0.00,264,50.1
2026-01-28 11:52:19,-82.5282,39.3993,  94.5,16148,-60.9,-89.5,-85.5,  1,  2, 0.00,264,50.1
2026-01-28 11:52:20,-82.5277,39.3993,  94.5,16154,-60.9,-89.5,-85.6,  1,  2, 0.00,264,50.1
2026-01-28 11:52:21,-82.5271,39.3994,  94.4,16159,-61.0,-89.6,-85.6,  1,  2, 0.00,264,50.1
2026-01-28 11:52:22,-82.5265,39.3994,  94.3,16164,-61.0,-89.6,-85.6,  1,  2, 0.00,264,50.1
2026-01-28 11:52:23,-82.5259,39.3995,  94.2,16170,-61.0,-89.6,-85.6,  1,  2, 0.00,264,50.1
2026-01-28 11:52:24,-82.5254,39.3995,  94.1,16175,-61.0,-89.6,-85.7,  1,  2, 0.00,264,50.1
2026-01-28 11:52:25,-82.5248,39.3996,  94.1,16180,-61.0,-89.6,-85.7,  1,  2, 0.00,264,50.1
2026-01-28 11:52:26,-82.5242,39.3996,  94.0,16186,-61.1,-89.7,-85.7,  1,  2, 0.00,264,50.1
2026-01-28 11:52:27,-82.5236,39.3996,  93.9,16191,-61.1,-89.7,-85.7,  1,  2, 0.00,264,50.1
2026-01-28 11:52:28,-82.5230,39.3997,  93.8,16196,-61.1,-89.7,-85.8,  1,  2, 0.00,264,50.1
2026-01-28 11:52:29,-82.5225,39.3997,  93.7,16202,-61.1,-89.7,-85.8,  1,  2, 0.00,264,50.1
2026-01-28 11:52:30,-82.5219,39.3998,  93.7,16207,-61.1,-89.8,-85.8,  1,  2, 0.00,264,50.1
2026-01-28 11:52:31,-82.5213,39.3998,  93.6,16212,-61.2,-89.8,-85.8,  1,  2, 0.00,264,50.1
2026-01-28 11:52:32,-82.5207,39.3999,  93.5,16218,-61.2,-89.8,-85.8,  1,  2, 0.00,264,50.1
2026-01-28 11:52:33,-82.5202,39.3999,  93.4,16223,-61.2,-89.8,-85.9,  1,  2, 0.00,264,50.1
2026-01-28 11:52:34,-82.5196,39.3999,  93.3,16228,-61.2,-89.8,-85.9,  1,  2, 0.00,264,50.1
2026-01-28 11:52:35,-82.5190,39.4000,  93.3,16233,-61.2,-89.8,-85.9,  1,  2, 0.00,264,50.1
2026-01-28 11:52:36,-82.5184,39.4000,  93.2,16238,-61.2,-89.8,-85.9,  1,  2, 0.00,264,50.1
2026-01-28 11:52:37,-82.5179,39.4001,  93.1,16243,-61.2,-89.8,-85.9,  1,  2, 0.00,264,50.1
2026-01-28 11:52:38,-82.5173,39.4001,  93.0,16249,-61.3,-89.9,-85.9,  1,  2, 0.00,264,50.1
2026-01-28 11:52:39,-82.5167,39.4002,  92.9,16255,-61.3,-89.9,-85.9,  1,  2, 0.00,264,50.1
2026-01-28 11:52:40,-82.5161,39.4002,  92.9,16260,-61.3,-89.9,-85.9,  1,  2, 0.00,264,50.1
2026-01-28 11:52:41,-82.5156,39.4002,  92.8,16266,-61.3,-89.9,-85.9,  1,  2, 0.00,264,50.1
2026-01-28 11:52:42,-82.5150,39.4003,  92.7,16272,-61.3,-89.9,-85.9,  1,  2, 0.00,264,50.2
2026-01-28 11:52:43,-82.5144,39.4003,  92.6,16277,-61.3,-89.9,-86.0,  1,  2, 0.00,264,50.2
2026-01-28 11:52:44,-82.5138,39.4004,  92.5,16283,-61.3,-89.9,-86.0,  1,  2, 0.00,263,50.2
2026-01-28 11:52:45,-82.5132,39.4004,  92.4,16288,-61.3,-89.9,-86.0,  1,  2, 0.00,263,50.2
2026-01-28 11:52:46,-82.5127,39.4005,  92.4,16293,-61.4,-89.9,-86.0,  1,  2, 0.00,263,50.2
2026-01-28 11:52:47,-82.5121,39.4005,  92.3,16299,-61.4,-89.9,-86.0,  1,  2, 0.00,263,50.2
2026-01-28 11:52:48,-82.5115,39.4006,  92.2,16304,-61.4,-89.9,-86.0,  1,  2, 0.00,263,50.2
2026-01-28 11:52:49,-82.5109,39.4007,  92.1,16309,-61.4,-89.9,-86.0,  1,  2, 0.00,263,50.2
2026-01-28 11:52:50,-82.5104,39.4007,  92.0,16315,-61.4,-90.0,-86.0,  1,  2, 0.00,263,50.2
2026-01-28 11:52:51,-82.5098,39.4008,  92.0,16320,-61.4,-90.0,-86.0,  1,  2, 0.00,263,50.2
2026-01-28 11:52:52,-82.5092,39.4008,  91.9,16325,-61.4,-90.0,-86.0,  1,  2, 0.00,263,50.2
2026-01-28 11:52:53,-82.5086,39.4009,  91.8,16330,-61.4,-90.0,-86.1,  1,  2, 0.00,263,50.2
2026-01-28 11:52:54,-82.5080,39.4009,  91.7,16335,-61.4,-90.0,-86.1,  1,  2, 0.00,263,50.2
2026-01-28 11:52:55,-82.5075,39.4010,  91.7,16341,-61.4,-90.0,-86.1,  1,  2, 0.00,263,50.3
2026-01-28 11:52:56,-82.5070,39.4010,  91.6,16347,-61.4,-90.0,-86.1,  1,  2, 0.00,263,50.3
2026-01-28 11:52:57,-82.5063,39.4011,  91.5,16351,-61.4,-90.0,-86.1,  1,  2, 0.00,263,50.3
2026-01-28 11:52:58,-82.5057,39.4011,  91.4,16358,-61.4,-90.1,-86.1,  1,  2, 0.00,263,50.3
2026-01-28 11:52:59,-82.5051,39.4012,  91.3,16363,-61.4,-90.1,-86.1,  1,  2, 0.00,263,50.3
2026-01-28 11:53:00,-82.5046,39.4012,  91.2,16369,-61.4,-90.1,-86.1,  1,  2, 0.00,263,50.3
2026-01-28 11:53:01,-82.5040,39.4013,  91.2,16374,-61.4,-90.1,-86.2,  1,  2, 0.00,263,50.3
2026-01-28 11:53:02,-82.5034,39.4013,  91.1,16380,-61.4,-90.1,-86.2,  1,  2, 0.00,263,50.3
2026-01-28 11:53:03,-82.5028,39.4014,  91.0,16385,-61.4,-90.1,-86.2,  1,  2, 0.00,263,50.4
2026-01-28 11:53:04,-82.5023,39.4014,  90.9,16391,-61.4,-90.1,-86.2,  1,  2, 0.00,263,50.4
2026-01-28 11:53:05,-82.5017,39.4015,  90.8,16396,-61.4,-90.1,-86.2,  1,  2, 0.00,263,50.4
2026-01-28 11:53:06,-82.5011,39.4015,  90.8,16402,-61.4,-90.1,-86.2,  1,  2, 0.00,263,50.4
2026-01-28 11:53:07,-82.5005,39.4016,  90.7,16407,-61.4,-90.1,-86.2,  1,  2, 0.00,263,50.4
2026-01-28 11:53:08,-82.4999,39.4016,  90.6,16413,-61.4,-90.1,-86.2,  1,  2, 0.00,263,50.4
2026-01-28 11:53:09,-82.4994,39.4017,  90.5,16418,-61.4,-90.2,-86.2,  1,  2, 0.00,263,50.4
2026-01-28 11:53:10,-82.4988,39.4017,  90.4,16424,-61.4,-90.2,-86.2,  1,  2, 0.00,263,50.4
2026-01-28 11:53:11,-82.4982,39.4018,  90.4,16430,-61.4,-90.2,-86.2,  1,  2, 0.00,263,50.5
2026-01-28 11:53:12,-82.4976,39.4018,  90.3,16435,-61.4,-90.2,-86.2,  1,  2, 0.00,263,50.5
2026-01-28 11:53:13,-82.4970,39.4019,  90.2,16441,-61.4,-90.2,-86.2,  1,  2, 0.00,262,50.5
2026-01-28 11:53:14,-82.4965,39.4020,  90.1,16446,-61.4,-90.2,-86.2,  1,  2, 0.00,262,50.5
2026-01-28 11:53:15,-82.4959,39.4020,  90.0,16452,-61.4,-90.2,-86.2,  1,  2, 0.00,262,50.5
2026-01-28 11:53:16,-82.4953,39.4021,  90.0,16457,-61.4,-90.2,-86.2,  1,  2, 0.00,262,50.5
2026-01-28 11:53:17,-82.4947,39.4021,  89.9,16462,-61.4,-90.2,-86.2,  1,  2, 0.00,262,50.5
2026-01-28 11:53:18,-82.4942,39.4022,  89.8,16468,-61.4,-90.2,-86.2,  1,  2, 0.00,262,50.4
2026-01-28 11:53:19,-82.4936,39.4022,  89.7,16473,-61.4,-90.2,-86.2,  1,  2, 0.00,262,50.4
2026-01-28 11:53:20,-82.4930,39.4023,  89.6,16478,-61.3,-90.2,-86.2,  1,  2, 0.00,262,50.4
2026-01-28 11:53:21,-82.4924,39.4023,  89.6,16483,-61.3,-90.2,-86.2,  1,  2, 0.00,262,50.4
2026-01-28 11:53:22,-82.4919,39.4024,  89.5,16489,-61.3,-90.2,-86.2,  1,  2, 0.00,262,50.3
2026-01-28 11:53:23,-82.4913,39.4025,  89.4,16494,-61.3,-90.2,-86.2,  1,  2, 0.00,262,50.3
2026-01-28 11:53:24,-82.4906,39.4025,  89.3,16499,-61.3,-90.2,-86.2,  1,  2, 0.00,262,50.3
2026-01-28 11:53:25,-82.4901,39.4026,  89.3,16506,-61.3,-90.2,-86.2,  1,  2, 0.00,262,50.3
2026-01-28 11:53:26,-82.4896,39.4026,  89.2,16510,-61.3,-90.2,-86.2,  1,  2, 0.00,262,50.3
2026-01-28 11:53:27,-82.4890,39.4027,  89.1,16515,-61.3,-90.1,-86.2,  1,  2, 0.00,262,50.2
2026-01-28 11:53:28,-82.4884,39.4027,  89.0,16521,-61.3,-90.1,-86.2,  1,  2, 0.00,262,50.2
2026-01-28 11:53:29,-82.4878,39.4028,  89.0,16526,-61.3,-90.1,-86.2,  1,  2, 0.00,262,50.2
2026-01-28 11:53:30,-82.4873,39.4029,  88.9,16531,-61.3,-90.1,-86.2,  1,  2, 0.00,262,50.2
2026-01-28 11:53:31,-82.4867,39.4029,  88.8,16536,-61.3,-90.1,-86.2,  1,  2, 0.00,262,50.2
2026-01-28 11:53:32,-82.4861,39.4030,  88.7,16541,-61.3,-90.1,-86.2,  1,  2, 0.00,262,50.1
2026-01-28 11:53:33,-82.4855,39.4030,  88.7,16547,-61.3,-90.1,-86.2,  1,  2, 0.00,262,50.1
2026-01-28 11:53:34,-82.4849,39.4031,  88.6,16552,-61.3,-90.1,-86.1,  1,  2, 0.00,262,50.1
2026-01-28 11:53:35,-82.4844,39.4031,  88.5,16558,-61.3,-90.1,-86.1,  1,  2, 0.00,262,50.1
2026-01-28 11:53:36,-82.4838,39.4032,  88.4,16563,-61.3,-90.1,-86.1,  1,  2, 0.00,262,50.1
2026-01-28 11:53:37,-82.4832,39.4033,  88.3,16569,-61.3,-90.1,-86.1,  1,  2, 0.00,262,50.1
2026-01-28 11:53:38,-82.4826,39.4033,  88.3,16574,-61.3,-90.0,-86.1,  1,  2, 0.00,262,50.1
2026-01-28 11:53:39,-82.4821,39.4034,  88.2,16580,-61.3,-90.0,-86.1,  1,  2, 0.00,262,50.2
2026-01-28 11:53:40,-82.4815,39.4034,  88.1,16585,-61.3,-90.0,-86.1,  1,  2, 0.00,262,50.2
2026-01-28 11:53:41,-82.4809,39.4035,  88.0,16591,-61.3,-90.0,-86.1,  1,  2, 0.00,262,50.2
2026-01-28 11:53:42,-82.4803,39.4035,  88.0,16596,-61.3,-90.0,-86.1,  1,  2, 0.00,262,50.2
2026-01-28 11:53:43,-82.4798,39.4036,  87.9,16602,-61.3,-90.0,-86.1,  1,  2, 0.00,262,50.3
2026-01-28 11:53:44,-82.4792,39.4036,  87.8,16607,-61.3,-90.0,-86.1,  1,  2, 0.00,262,50.3
2026-01-28 11:53:45,-82.4786,39.4037,  87.7,16612,-61.3,-90.0,-86.1,  1,  2, 0.00,262,50.3
2026-01-28 11:53:46,-82.4780,39.4037,  87.7,16618,-61.3,-90.0,-86.1,  1,  2, 0.00,262,50.3
2026-01-28 11:53:47,-82.4774,39.4038,  87.6,16623,-61.3,-90.0,-86.1,  1,  2, 0.00,262,50.4
2026-01-28 11:53:48,-82.4768,39.4038,  87.5,16628,-61.3,-90.0,-86.1,  1,  2, 0.00,262,50.4
2026-01-28 11:53:49,-82.4761,39.4039,  87.4,16634,-61.3,-90.0,-86.1,  1,  2, 0.00,262,50.4
2026-01-28 11:53:50,-82.4756,39.4039,  87.3,16640,-61.3,-90.0,-86.1,  1,  2, 0.00,262,50.5
2026-01-28 11:53:51,-82.4750,39.4040,  87.3,16645,-61.3,-90.0,-86.1,  1,  2, 0.00,262,50.5
2026-01-28 11:53:52,-82.4745,39.4040,  87.2,16650,-61.3,-90.0,-86.1,  1,  2, 0.00,262,50.5
2026-01-28 11:53:53,-82.4739,39.4040,  87.1,16656,-61.3,-90.0,-86.1,  1,  2, 0.00,262,50.5
2026-01-28 11:53:54,-82.4733,39.4041,  87.0,16661,-61.3,-90.0,-86.1,  1,  2, 0.00,263,50.6
2026-01-28 11:53:55,-82.4727,39.4041,  87.0,16667,-61.3,-90.0,-86.1,  1,  2, 0.00,263,50.6
2026-01-28 11:53:56,-82.4721,39.4042,  86.9,16672,-61.3,-90.0,-86.1,  1,  2, 0.00,263,50.6
2026-01-28 11:53:57,-82.4715,39.4042,  86.8,16678,-61.3,-90.0,-86.1,  1,  2, 0.00,263,50.7
2026-01-28 11:53:58,-82.4709,39.4043,  86.7,16683,-61.3,-90.0,-86.1,  1,  2, 0.00,263,50.7
2026-01-28 11:53:59,-82.4703,39.4043,  86.7,16689,-61.3,-90.1,-86.1,  1,  2, 0.00,263,50.8
2026-01-28 11:54:00,-82.4697,39.4044,  86.6,16694,-61.4,-90.1,-86.1,  1,  2, 0.00,263,50.8
2026-01-28 11:54:01,-82.4691,39.4044,  86.5,16699,-61.4,-90.1,-86.1,  1,  2, 0.00,263,50.9
2026-01-28 11:54:02,-82.4686,39.4044,  86.4,16705,-61.4,-90.1,-86.1,  1,  2, 0.00,263,50.9
2026-01-28 11:54:03,-82.4680,39.4045,  86.4,16710,-61.4,-90.1,-86.2,  1,  2, 0.00,263,51.0
2026-01-28 11:54:04,-82.4674,39.4045,  86.3,16716,-61.4,-90.1,-86.2,  1,  2, 0.00,263,51.0
2026-01-28 11:54:05,-82.4668,39.4046,  86.2,16721,-61.4,-90.1,-86.2,  1,  2, 0.00,263,51.1
2026-01-28 11:54:06,-82.4662,39.4046,  86.1,16727,-61.4,-90.1,-86.2,  1,  2, 0.00,263,51.1
2026-01-28 11:54:07,-82.4656,39.4047,  86.0,16732,-61.4,-90.1,-86.2,  1,  2, 0.00,263,51.2
2026-01-28 11:54:08,-82.4650,39.4047,  86.0,16737,-61.4,-90.1,-86.2,  1,  2, 0.00,264,51.2
2026-01-28 11:54:09,-82.4644,39.4048,  85.9,16743,-61.4,-90.1,-86.2,  1,  2, 0.00,264,51.3
2026-01-28 11:54:10,-82.4638,39.4048,  85.8,16748,-61.4,-90.1,-86.2,  1,  2, 0.00,264,51.3
2026-01-28 11:54:11,-82.4632,39.4048,  85.7,16754,-61.4,-90.1,-86.2,  1,  2, 0.00,264,51.4
2026-01-28 11:54:12,-82.4626,39.4049,  85.7,16759,-61.4,-90.1,-86.2,  1,  2, 0.00,264,51.4
2026-01-28 11:54:13,-82.4621,39.4049,  85.6,16764,-61.4,-90.1,-86.2,  1,  2, 0.00,264,51.5
2026-01-28 11:54:14,-82.4615,39.4050,  85.5,16769,-61.4,-90.1,-86.2,  1,  2, 0.00,264,51.5
2026-01-28 11:54:15,-82.4609,39.4050,  85.5,16774,-61.5,-90.1,-86.2,  1,  2, 0.00,264,51.6
2026-01-28 11:54:16,-82.4603,39.4051,  85.4,16779,-61.5,-90.2,-86.2,  1,  2, 0.00,264,51.6
2026-01-28 11:54:17,-82.4597,39.4051,  85.3,16784,-61.5,-90.2,-86.2,  1,  2, 0.00,264,51.7
2026-01-28 11:54:18,-82.4590,39.4051,  85.3,16789,-61.5,-90.2,-86.2,  1,  2, 0.00,264,51.7
2026-01-28 11:54:19,-82.4584,39.4052,  85.2,16795,-61.5,-90.2,-86.2,  1,  2, 0.00,264,51.8
2026-01-28 11:54:20,-82.4578,39.4052,  85.1,16800,-61.5,-90.2,-86.2,  1,  2, 0.00,264,51.8
2026-01-28 11:54:21,-82.4572,39.4053,  85.0,16806,-61.5,-90.2,-86.2,  1,  2, 0.00,264,51.8
2026-01-28 11:54:22,-82.4566,39.4053,  84.9,16812,-61.5,-90.2,-86.2,  1,  2, 0.00,264,51.9
2026-01-28 11:54:23,-82.4560,39.4054,  84.9,16818,-61.5,-90.2,-86.2,  1,  2, 0.00,264,51.9
2026-01-28 11:54:24,-82.4554,39.4054,  84.8,16823,-61.5,-90.2,-86.3,  1,  2, 0.00,264,52.0
2026-01-28 11:54:25,-82.4548,39.4054,  84.7,16828,-61.5,-90.2,-86.3,  1,  2, 0.00,264,52.0
2026-01-28 11:54:26,-82.4542,39.4055,  84.7,16833,-61.5,-90.2,-86.3,  1,  2, 0.00,264,52.1
2026-01-28 11:54:27,-82.4536,39.4055,  84.6,16839,-61.5,-90.2,-86.3,  1,  2, 0.00,264,52.1
2026-01-28 11:54:28,-82.4530,39.4056,  84.5,16844,-61.5,-90.2,-86.3,  1,  2, 0.00,264,52.2
2026-01-28 11:54:29,-82.4524,39.4056,  84.4,16849,-61.5,-90.2,-86.3,  1,  2, 0.00,264,52.2
2026-01-28 11:54:30,-82.4518,39.4057,  84.4,16854,-61.5,-90.2,-86.3,  1,  2, 0.00,264,52.3
2026-01-28 11:54:31,-82.4512,39.4057,  84.3,16859,-61.5,-90.2,-86.3,  1,  2, 0.00,264,52.3
2026-01-28 11:54:32,-82.4506,39.4057,  84.2,16864,-61.5,-90.2,-86.3,  1,  2, 0.00,264,52.4
2026-01-28 11:54:33,-82.4500,39.4058,  84.2,16870,-61.6,-90.2,-86.3,  1,  2, 0.00,264,52.4
2026-01-28 11:54:34,-82.4494,39.4058,  84.1,16875,-61.6,-90.2,-86.3,  1,  2, 0.00,264,52.5
2026-01-28 11:54:35,-82.4488,39.4059,  84.0,16880,-61.6,-90.2,-86.3,  1,  2, 0.00,264,52.5
2026-01-28 11:54:36,-82.4482,39.4059,  83.9,16885,-61.6,-90.2,-86.3,  1,  2, 0.00,264,52.5
2026-01-28 11:54:37,-82.4476,39.4060,  83.9,16891,-61.6,-90.2,-86.3,  1,  2, 0.00,264,52.5
2026-01-28 11:54:38,-82.4470,39.4060,  83.8,16896,-61.6,-90.2,-86.3,  1,  2, 0.00,264,52.4
2026-01-28 11:54:39,-82.4464,39.4060,  83.7,16901,-61.6,-90.2,-86.3,  1,  2, 0.00,264,52.4
2026-01-28 11:54:40,-82.4458,39.4061,  83.7,16907,-61.7,-90.2,-86.3,  1,  2, 0.00,264,52.4
2026-01-28 11:54:41,-82.4452,39.4061,  83.6,16912,-61.7,-90.2,-86.3,  1,  2, 0.00,264,52.4
2026-01-28 11:54:42,-82.4446,39.4062,  83.5,16917,-61.7,-90.2,-86.3,  1,  2, 0.00,264,52.4
2026-01-28 11:54:43,-82.4440,39.4062,  83.4,16922,-61.7,-90.2,-86.3,  1,  2, 0.00,264,52.3
2026-01-28 11:54:44,-82.4434,39.4062,  83.4,16928,-61.7,-90.2,-86.3,  1,  2, 0.00,264,52.3
2026-01-28 11:54:45,-82.4428,39.4063,  83.3,16933,-61.7,-90.2,-86.3,  1,  2, 0.00,264,52.3
2026-01-28 11:54:46,-82.4422,39.4063,  83.2,16938,-61.8,-90.2,-86.3,  1,  2, 0.00,264,52.3
2026-01-28 11:54:47,-82.4416,39.4064,  83.2,16944,-61.8,-90.2,-86.3,  1,  2, 0.00,264,52.3
2026-01-28 11:54:48,-82.4410,39.4064,  83.1,16949,-61.8,-90.2,-86.3,  1,  2, 0.00,264,52.3
2026-01-28 11:54:49,-82.4404,39.4064,  83.0,16955,-61.8,-90.2,-86.3,  1,  2, 0.00,264,52.2
2026-01-28 11:54:50,-82.4398,39.4065,  82.9,16960,-61.9,-90.3,-86.3,  1,  2, 0.00,264,52.2
2026-01-28 11:54:51,-82.4392,39.4065,  82.9,16966,-61.9,-90.3,-86.3,  1,  2, 0.00,264,52.2
2026-01-28 11:54:52,-82.4386,39.4066,  82.8,16971,-61.9,-90.3,-86.3,  1,  2, 0.00,264,52.2
2026-01-28 11:54:53,-82.4380,39.4066,  82.7,16977,-61.9,-90.3,-86.3,  1,  2, 0.00,264,52.2
2026-01-28 11:54:54,-82.4374,39.4066,  82.6,16982,-62.0,-90.3,-86.4,  1,  2, 0.00,264,52.1
2026-01-28 11:54:55,-82.4368,39.4067,  82.6,16988,-62.0,-90.3,-86.4,  1,  2, 0.00,264,52.1
2026-01-28 11:54:56,-82.4362,39.4067,  82.5,16993,-62.0,-90.3,-86.4,  1,  2, 0.00,264,52.1
2026-01-28 11:54:57,-82.4357,39.4067,  82.4,16999,-62.0,-90.3,-86.4,  1,  2, 0.00,264,52.0
2026-01-28 11:54:58,-82.4351,39.4068,  82.4,17004,-62.0,-90.3,-86.4,  1,  2, 0.00,264,52.0
2026-01-28 11:54:59,-82.4345,39.4068,  82.3,17009,-62.1,-90.3,-86.4,  1,  2, 0.00,264,52.0
2026-01-28 11:55:00,-82.4339,39.4069,  82.2,17014,-62.1,-90.4,-86.4,  1,  2, 0.00,264,51.9
2026-01-28 11:55:01,-82.4333,39.4069,  82.1,17019,-62.1,-90.4,-86.5,  1,  2, 0.00,264,51.9
2026-01-28 11:55:02,-82.4327,39.4069,  82.1,17024,-62.2,-90.4,-86.5,  1,  2, 0.00,264,51.8
2026-01-28 11:55:03,-82.4321,39.4070,  82.0,17030,-62.2,-90.4,-86.5,  1,  2, 0.00,264,51.8
2026-01-28 11:55:04,-82.4315,39.4070,  81.9,17035,-62.2,-90.5,-86.5,  1,  2, 0.00,264,51.8
2026-01-28 11:55:05,-82.4309,39.4071,  81.9,17040,-62.3,-90.5,-86.6,  1,  2, 0.00,264,51.7
2026-01-28 11:55:06,-82.4303,39.4071,  81.8,17046,-62.3,-90.5,-86.6,  1,  2, 0.00,264,51.7
2026-01-28 11:55:07,-82.4297,39.4071,  81.7,17051,-62.3,-90.5,-86.6,  1,  2, 0.00,264,51.7
2026-01-28 11:55:08,-82.4291,39.4072,  81.7,17057,-62.4,-90.5,-86.6,  1,  2, 0.00,264,51.6
2026-01-28 11:55:09,-82.4285,39.4072,  81.6,17062,-62.4,-90.6,-86.6,  1,  2, 0.00,264,51.6
2026-01-28 11:55:10,-82.4279,39.4072,  81.5,17067,-62.4,-90.6,-86.7,  1,  2, 0.00,264,51.5
2026-01-28 11:55:11,-82.4275,39.4073,  81.4,17073,-62.5,-90.6,-86.7,  1,  2, 0.00,265,51.5
2026-01-28 11:55:12,-82.4267,39.4073,  81.4,17077,-62.5,-90.6,-86.7,  1,  2, 0.00,265,51.5
2026-01-28 11:55:13,-82.4262,39.4074,  81.3,17084,-62.5,-90.7,-86.7,  1,  2, 0.00,265,51.4
2026-01-28 11:55:14,-82.4256,39.4074,  81.2,17089,-62.5,-90.7,-86.8,  1,  2, 0.00,265,51.4
2026-01-28 11:55:15,-82.4250,39.4074,  81.2,17095,-62.6,-90.7,-86.8,  1,  2, 0.00,265,51.4
2026-01-28 11:55:16,-82.4244,39.4075,  81.1,17100,-62.6,-90.7,-86.8,  1,  2, 0.00,265,51.3
2026-01-28 11:55:17,-82.4238,39.4075,  81.0,17106,-62.6,-90.8,-86.8,  1,  2, 0.00,265,51.2
2026-01-28 11:55:18,-82.4233,39.4075,  80.9,17111,-62.6,-90.8,-86.9,  1,  2, 0.00,265,51.2
2026-01-28 11:55:19,-82.4227,39.4075,  80.9,17116,-62.7,-90.8,-86.9,  1,  2, 0.00,265,51.1
2026-01-28 11:55:20,-82.4221,39.4076,  80.8,17121,-62.7,-90.8,-86.9,  1,  2, 0.00,265,51.1
2026-01-28 11:55:21,-82.4215,39.4076,  80.7,17127,-62.7,-90.9,-87.0,  1,  2, 0.00,265,51.0
2026-01-28 11:55:22,-82.4209,39.4076,  80.7,17132,-62.7,-90.9,-87.0,  1,  2, 0.00,265,50.9
2026-01-28 11:55:23,-82.4204,39.4076,  80.6,17137,-62.8,-90.9,-87.0,  1,  2, 0.00,265,50.9
2026-01-28 11:55:24,-82.4198,39.4077,  80.5,17142,-62.8,-90.9,-87.0,  1,  2, 0.00,265,50.8
2026-01-28 11:55:25,-82.4192,39.4077,  80.5,17147,-62.8,-91.0,-87.1,  1,  2, 0.00,265,50.8
2026-01-28 11:55:26,-82.4186,39.4077,  80.4,17152,-62.8,-91.0,-87.1,  1,  2, 0.00,265,50.7
2026-01-28 11:55:27,-82.4181,39.4077,  80.3,17158,-62.8,-91.0,-87.1,  1,  2, 0.00,265,50.7
2026-01-28 11:55:28,-82.4175,39.4078,  80.3,17163,-62.8,-91.0,-87.1,  1,  2, 0.00,265,50.6
2026-01-28 11:55:29,-82.4169,39.4078,  80.2,17168,-62.8,-91.0,-87.1,  1,  2, 0.00,265,50.5
2026-01-28 11:55:30,-82.4163,39.4078,  80.1,17174,-62.9,-91.1,-87.2,  1,  2, 0.00,266,50.5
2026-01-28 11:55:31,-82.4157,39.4079,  80.0,17179,-62.9,-91.1,-87.2,  1,  2, 0.00,266,50.4
2026-01-28 11:55:32,-82.4152,39.4079,  80.0,17184,-62.9,-91.1,-87.2,  1,  2, 0.00,266,50.4
2026-01-28 11:55:33,-82.4146,39.4079,  79.9,17189,-62.9,-91.1,-87.2,  1,  2, 0.00,266,50.3
2026-01-28 11:55:34,-82.4140,39.4079,  79.9,17194,-62.9,-91.1,-87.2,  1,  2, 0.00,266,50.2
2026-01-28 11:55:35,-82.4134,39.4080,  79.8,17199,-62.9,-91.1,-87.2,  1,  2, 0.00,266,50.2
2026-01-28 11:55:36,-82.4128,39.4080,  79.7,17204,-62.9,-91.2,-87.3,  1,  2, 0.00,266,50.2
2026-01-28 11:55:37,-82.4120,39.4080,  79.7,17209,-62.9,-91.2,-87.3,  1,  2, 0.00,266,50.1
2026-01-28 11:55:38,-82.4117,39.4080,  79.6,17217,-62.9,-91.2,-87.3,  1,  2, 0.00,266,50.1
2026-01-28 11:55:39,-82.4111,39.4081,  79.5,17219,-62.9,-91.2,-87.3,  1,  2, 0.00,266,50.1
2026-01-28 11:55:40,-82.4105,39.4081,  79.5,17224,-62.9,-91.2,-87.3,  1,  2, 0.00,266,50.0
2026-01-28 11:55:41,-82.4100,39.4081,  79.4,17229,-62.9,-91.2,-87.3,  1,  2, 0.00,266,50.0
2026-01-28 11:55:42,-82.4094,39.4082,  79.3,17234,-62.9,-91.2,-87.3,  1,  2, 0.00,266,50.0
2026-01-28 11:55:43,-82.4088,39.4082,  79.3,17240,-62.9,-91.2,-87.3,  1,  2, 0.00,266,50.0
2026-01-28 11:55:44,-82.4082,39.4082,  79.2,17245,-62.9,-91.2,-87.3,  1,  2, 0.00,265,49.9
2026-01-28 11:55:45,-82.4077,39.4083,  79.1,17250,-62.9,-91.2,-87.3,  1,  2, 0.00,265,49.9
2026-01-28 11:55:46,-82.4071,39.4083,  79.1,17255,-62.9,-91.2,-87.3,  1,  2, 0.00,265,49.9
2026-01-28 11:55:47,-82.4065,39.4084,  79.0,17260,-62.9,-91.2,-87.3,  1,  2, 0.00,265,49.8
2026-01-28 11:55:48,-82.4060,39.4084,  78.9,17265,-62.9,-91.2,-87.3,  1,  2, 0.00,265,49.8
2026-01-28 11:55:49,-82.4054,39.4085,  78.9,17270,-62.9,-91.2,-87.3,  1,  2, 0.00,265,49.8
2026-01-28 11:55:50,-82.4048,39.4085,  78.8,17275,-62.8,-91.2,-87.3,  1,  2, 0.00,265,49.8
2026-01-28 11:55:51,-82.4043,39.4086,  78.7,17280,-62.8,-91.2,-87.3,  1,  2, 0.00,265,49.7
2026-01-28 11:55:52,-82.4037,39.4086,  78.7,17285,-62.8,-91.2,-87.3,  1,  2, 0.00,265,49.7
2026-01-28 11:55:53,-82.4031,39.4087,  78.6,17290,-62.8,-91.2,-87.3,  1,  2, 0.00,265,49.7
2026-01-28 11:55:54,-82.4026,39.4087,  78.6,17295,-62.8,-91.2,-87.3,  1,  2, 0.00,265,49.7
2026-01-28 11:55:55,-82.4020,39.4088,  78.5,17300,-62.8,-91.2,-87.3,  1,  2, 0.00,265,49.6
2026-01-28 11:55:56,-82.4015,39.4088,  78.4,17305,-62.8,-91.2,-87.3,  1,  2, 0.00,265,49.6
2026-01-28 11:55:57,-82.4009,39.4089,  78.4,17310,-62.8,-91.2,-87.3,  1,  2, 0.00,265,49.5
2026-01-28 11:55:58,-82.4003,39.4089,  78.3,17315,-62.8,-91.2,-87.3,  1,  2, 0.00,265,49.5
2026-01-28 11:55:59,-82.3998,39.4090,  78.2,17320,-62.7,-91.2,-87.3,  1,  2, 0.00,264,49.4
2026-01-28 11:56:00,-82.3992,39.4090,  78.2,17325,-62.7,-91.2,-87.3,  1,  2, 0.00,264,49.4
2026-01-28 11:56:01,-82.3986,39.4091,  78.1,17331,-62.7,-91.2,-87.3,  1,  2, 0.00,264,49.4
2026-01-28 11:56:02,-82.3981,39.4091,  78.0,17336,-62.7,-91.2,-87.3,  1,  2, 0.00,264,49.3
2026-01-28 11:56:03,-82.3975,39.4092,  78.0,17341,-62.7,-91.2,-87.3,  1,  2, 0.00,264,49.3
2026-01-28 11:56:04,-82.3969,39.4092,  77.9,17347,-62.7,-91.1,-87.3,  1,  2, 0.00,264,49.2
2026-01-28 11:56:05,-82.3964,39.4093,  77.8,17352,-62.7,-91.1,-87.3,  1,  2, 0.00,263,49.2
2026-01-28 11:56:06,-82.3958,39.4093,  77.8,17358,-62.6,-91.1,-87.2,  1,  2, 0.00,263,49.2
2026-01-28 11:56:07,-82.3952,39.4094,  77.7,17363,-62.6,-91.1,-87.2,  1,  2, 0.00,263,49.1
2026-01-28 11:56:08,-82.3947,39.4094,  77.6,17369,-62.6,-91.1,-87.2,  1,  2, 0.00,263,49.1
2026-01-28 11:56:09,-82.3941,39.4095,  77.6,17374,-62.6,-91.1,-87.2,  1,  2, 0.00,263,49.1
2026-01-28 11:56:10,-82.3936,39.4095,  77.5,17379,-62.6,-91.1,-87.2,  1,  2, 0.00,262,49.0
2026-01-28 11:56:11,-82.3930,39.4096,  77.4,17385,-62.6,-91.1,-87.2,  1,  2, 0.00,262,49.0
2026-01-28 11:56:12,-82.3924,39.4096,  77.3,17390,-62.6,-91.1,-87.2,  1,  2, 0.00,262,48.9
2026-01-28 11:56:13,-82.3919,39.4097,  77.3,17396,-62.6,-91.1,-87.2,  1,  2, 0.00,262,48.9
2026-01-28 11:56:14,-82.3913,39.4097,  77.2,17401,-62.6,-91.1,-87.2,  1,  2, 0.00,262,48.9
2026-01-28 11:56:15,-82.3907,39.4098,  77.1,17406,-62.5,-91.1,-87.2,  1,  2, 0.00,262,48.8
2026-01-28 11:56:16,-82.3902,39.4098,  77.1,17412,-62.5,-91.1,-87.2,  1,  2, 0.00,262,48.9
2026-01-28 11:56:17,-82.3896,39.4099,  77.0,17417,-62.5,-91.1,-87.2,  1,  2, 0.00,262,48.9
2026-01-28 11:56:18,-82.3890,39.4099,  76.9,17422,-62.5,-91.0,-87.1,  1,  2, 0.00,261,49.0
2026-01-28 11:56:19,-82.3885,39.4100,  76.9,17427,-62.5,-91.0,-87.1,  1,  2, 0.00,261,49.0
2026-01-28 11:56:20,-82.3879,39.4101,  76.8,17432,-62.5,-91.0,-87.1,  1,  2, 0.00,261,49.0
2026-01-28 11:56:21,-82.3873,39.4101,  76.8,17437,-62.5,-91.0,-87.1,  1,  2, 0.00,261,49.1
2026-01-28 11:56:22,-82.3868,39.4102,  76.7,17442,-62.5,-91.0,-87.1,  1,  2, 0.00,261,49.1
2026-01-28 11:56:23,-82.3862,39.4102,  76.6,17447,-62.5,-91.0,-87.1,  1,  2, 0.00,261,49.2
2026-01-28 11:56:24,-82.3856,39.4103,  76.6,17452,-62.5,-91.0,-87.1,  1,  2, 0.00,261,49.2
2026-01-28 11:56:25,-82.3851,39.4104,  76.5,17457,-62.5,-91.0,-87.1,  1,  2, 0.00,261,49.3
2026-01-28 11:56:26,-82.3845,39.4104,  76.4,17463,-62.5,-91.0,-87.1,  1,  2, 0.00,261,49.3
2026-01-28 11:56:27,-82.3840,39.4105,  76.4,17468,-62.5,-91.0,-87.1,  1,  2, 0.00,261,49.4
2026-01-28 11:56:28,-82.3834,39.4105,  76.3,17473,-62.5,-91.0,-87.1,  1,  2, 0.00,261,49.4
2026-01-28 11:56:29,-82.3828,39.4106,  76.3,17478,-62.5,-91.0,-87.1,  1,  2, 0.00,261,49.4
2026-01-28 11:56:30,-82.3823,39.4107,  76.2,17483,-62.5,-91.0,-87.1,  1,  2, 0.00,261,49.5
2026-01-28 11:56:31,-82.3816,39.4107,  76.1,17488,-62.5,-91.0,-87.1,  1,  2, 0.00,261,49.5
2026-01-28 11:56:32,-82.3811,39.4108,  76.1,17494,-62.5,-91.0,-87.1,  1,  2, 0.00,261,49.6
2026-01-28 11:56:33,-82.3806,39.4108,  76.0,17498,-62.5,-91.0,-87.1,  1,  2, 0.00,261,49.6
2026-01-28 11:56:34,-82.3800,39.4109,  75.9,17504,-62.5,-91.0,-87.1,  1,  2, 0.00,261,49.7
2026-01-28 11:56:35,-82.3794,39.4109,  75.9,17509,-62.5,-91.0,-87.1,  1,  2, 0.00,261,49.7
2026-01-28 11:56:36,-82.3789,39.4110,  75.8,17514,-62.5,-91.0,-87.1,  1,  2, 0.00,261,49.6
2026-01-28 11:56:37,-82.3783,39.4111,  75.7,17519,-62.5,-90.9,-87.0,  1,  2, 0.00,261,49.6
2026-01-28 11:56:38,-82.3778,39.4111,  75.7,17525,-62.5,-90.9,-87.0,  1,  2, 0.00,261,49.5
2026-01-28 11:56:39,-82.3772,39.4112,  75.6,17530,-62.5,-90.9,-87.0,  1,  2, 0.00,261,49.4
2026-01-28 11:56:40,-82.3766,39.4112,  75.5,17536,-62.5,-90.9,-87.0,  1,  2, 0.00,261,49.4
2026-01-28 11:56:41,-82.3761,39.4113,  75.5,17541,-62.5,-90.9,-87.0,  1,  2, 0.00,261,49.3
2026-01-28 11:56:42,-82.3755,39.4114,  75.4,17546,-62.5,-90.9,-87.0,  1,  2, 0.00,261,49.2
2026-01-28 11:56:43,-82.3749,39.4114,  75.3,17552,-62.5,-90.9,-87.0,  1,  2, 0.00,262,49.2
2026-01-28 11:56:44,-82.3744,39.4115,  75.3,17557,-62.5,-90.9,-87.0,  1,  2, 0.00,262,49.1
2026-01-28 11:56:45,-82.3738,39.4115,  75.2,17562,-62.5,-90.9,-87.0,  1,  2, 0.00,262,49.1
2026-01-28 11:56:46,-82.3732,39.4116,  75.2,17567,-62.5,-90.9,-87.0,  1,  2, 0.00,262,49.0
2026-01-28 11:56:47,-82.3727,39.4116,  75.1,17573,-62.5,-90.9,-87.0,  1,  2, 0.00,262,48.9
2026-01-28 11:56:48,-82.3721,39.4116,  75.0,17578,-62.5,-90.9,-87.0,  1,  2, 0.00,262,48.9
2026-01-28 11:56:49,-82.3716,39.4117,  75.0,17583,-62.5,-90.9,-87.0,  1,  2, 0.00,262,48.8
2026-01-28 11:56:50,-82.3710,39.4117,  74.9,17588,-62.5,-90.9,-87.0,  1,  2, 0.00,262,48.7
2026-01-28 11:56:51,-82.3705,39.4118,  74.8,17593,-62.5,-90.9,-87.0,  1,  2, 0.00,262,48.7
2026-01-28 11:56:52,-82.3699,39.4118,  74.8,17598,-62.5,-90.9,-87.0,  1,  2, 0.00,262,48.6
2026-01-28 11:56:53,-82.3694,39.4118,  74.7,17603,-62.6,-90.9,-87.0,  1,  2, 0.00,262,48.6
2026-01-28 11:56:54,-82.3688,39.4119,  74.7,17608,-62.6,-91.0,-87.1,  1,  2, 0.00,262,48.5
2026-01-28 11:56:55,-82.3683,39.4119,  74.6,17613,-62.6,-91.0,-87.1,  1,  2, 0.00,262,48.4
2026-01-28 11:56:56,-82.3677,39.4119,  74.5,17618,-62.6,-91.0,-87.1,  1,  2, 0.00,262,48.4
2026-01-28 11:56:57,-82.3671,39.4120,  74.5,17623,-62.6,-91.0,-87.1,  1,  2, 0.00,263,48.4
2026-01-28 11:56:58,-82.3666,39.4120,  74.4,17628,-62.6,-91.0,-87.1,  1,  2, 0.00,263,48.4
2026-01-28 11:56:59,-82.3660,39.4120,  74.4,17633,-62.6,-91.0,-87.1,  1,  2, 0.00,263,48.4
2026-01-28 11:57:00,-82.3655,39.4121,  74.3,17638,-62.6,-91.0,-87.1,  1,  2, 0.00,263,48.4
2026-01-28 11:57:01,-82.3649,39.4121,  74.2,17643,-62.6,-91.0,-87.1,  1,  2, 0.00,263,48.4
2026-01-28 11:57:02,-82.3644,39.4121,  74.2,17648,-62.6,-91.0,-87.1,  1,  2, 0.00,263,48.4
2026-01-28 11:57:03,-82.3638,39.4122,  74.1,17653,-62.6,-91.0,-87.1,  1,  2, 0.00,263,48.4
2026-01-28 11:57:04,-82.3633,39.4122,  74.1,17658,-62.6,-91.0,-87.1,  1,  2, 0.00,264,48.4
2026-01-28 11:57:05,-82.3627,39.4123,  74.0,17664,-62.6,-91.0,-87.1,  1,  2, 0.00,264,48.3
2026-01-28 11:57:06,-82.3621,39.4123,  73.9,17669,-62.6,-91.0,-87.1,  1,  2, 0.00,264,48.3
2026-01-28 11:57:07,-82.3616,39.4123,  73.9,17674,-62.6,-91.0,-87.1,  1,  2, 0.00,264,48.3
2026-01-28 11:57:08,-82.3610,39.4124,  73.8,17679,-62.6,-91.1,-87.2,  1,  2, 0.00,264,48.3
2026-01-28 11:57:09,-82.3605,39.4124,  73.7,17685,-62.6,-91.1,-87.2,  1,  2, 0.00,264,48.3
2026-01-28 11:57:10,-82.3599,39.4124,  73.7,17690,-62.6,-91.1,-87.2,  1,  2, 0.00,264,48.3
2026-01-28 11:57:11,-82.3594,39.4125,  73.6,17695,-62.6,-91.1,-87.2,  1,  2, 0.00,264,48.3
2026-01-28 11:57:12,-82.3591,39.4125,  73.6,17700,-62.7,-91.1,-87.2,  1,  2, 0.00,265,48.3
2026-01-28 11:57:13,-82.3582,39.4125,  73.5,17702,-62.7,-91.1,-87.2,  1,  2, 0.00,265,48.3
2026-01-28 11:57:14,-82.3577,39.4126,  73.5,17709,-62.6,-91.1,-87.2,  1,  2, 0.00,265,48.3
2026-01-28 11:57:15,-82.3571,39.4126,  73.4,17713,-62.6,-91.1,-87.2,  1,  2, 0.00,265,48.3
2026-01-28 11:57:16,-82.3566,39.4126,  73.3,17718,-62.6,-91.1,-87.2,  1,  2, 0.00,265,48.3
2026-01-28 11:57:17,-82.3560,39.4127,  73.3,17722,-62.6,-91.1,-87.2,  1,  2, 0.00,265,48.4
2026-01-28 11:57:18,-82.3555,39.4127,  73.2,17727,-62.6,-91.1,-87.2,  1,  2, 0.00,265,48.4
2026-01-28 11:57:19,-82.3549,39.4127,  73.2,17731,-62.6,-91.1,-87.2,  1,  2, 0.00,265,48.4
2026-01-28 11:57:20,-82.3543,39.4127,  73.1,17736,-62.6,-91.1,-87.2,  1,  2, 0.00,265,48.5
2026-01-28 11:57:21,-82.3538,39.4128,  73.1,17740,-62.5,-91.1,-87.2,  1,  2, 0.00,265,48.5
2026-01-28 11:57:22,-82.3532,39.4128,  73.0,17745,-62.5,-91.1,-87.2,  1,  2, 0.00,265,48.6
2026-01-28 11:57:23,-82.3526,39.4128,  73.0,17749,-62.5,-91.1,-87.2,  1,  2, 0.00,265,48.6
2026-01-28 11:57:24,-82.3521,39.4128,  72.9,17754,-62.5,-91.1,-87.2,  1,  2, 0.00,266,48.6
2026-01-28 11:57:25,-82.3515,39.4128,  72.9,17758,-62.5,-91.1,-87.2,  1,  2, 0.00,266,48.7
2026-01-28 11:57:26,-82.3509,39.4129,  72.8,17763,-62.5,-91.1,-87.2,  1,  2, 0.00,266,48.7
2026-01-28 11:57:27,-82.3504,39.4129,  72.8,17767,-62.5,-91.1,-87.2,  1,  2, 0.00,266,48.8
2026-01-28 11:57:28,-82.3498,39.4129,  72.7,17772,-62.4,-91.1,-87.2,  1,  2, 0.00,266,48.8
2026-01-28 11:57:29,-82.3493,39.4129,  72.6,17777,-62.4,-91.1,-87.2,  1,  2, 0.00,266,48.8
2026-01-28 11:57:30,-82.3487,39.4130,  72.6,17781,-62.4,-91.1,-87.2,  1,  2, 0.00,266,48.9
2026-01-28 11:57:31,-82.3481,39.4130,  72.5,17786,-62.4,-91.0,-87.1,  1,  2, 0.00,266,48.9
2026-01-28 11:57:32,-82.3476,39.4130,  72.5,17790,-62.3,-91.0,-87.1,  1,  2, 0.00,266,49.0
2026-01-28 11:57:33,-82.3470,39.4130,  72.4,17795,-62.3,-91.0,-87.1,  1,  2, 0.00,266,49.0
2026-01-28 11:57:34,-82.3465,39.4130,  72.4,17800,-62.3,-91.0,-87.1,  1,  2, 0.00,266,49.0
2026-01-28 11:57:35,-82.3459,39.4131,  72.3,17804,-62.3,-91.0,-87.1,  1,  2, 0.00,266,49.1
2026-01-28 11:57:36,-82.3453,39.4131,  72.3,17809,-62.2,-91.0,-87.1,  1,  2, 0.00,266,49.0
2026-01-28 11:57:37,-82.3448,39.4131,  72.2,17813,-62.2,-91.0,-87.1,  1,  2, 0.00,266,49.0
2026-01-28 11:57:38,-82.3442,39.4131,  72.2,17818,-62.2,-91.0,-87.1,  1,  2, 0.00,266,48.9
2026-01-28 11:57:39,-82.3439,39.4131,  72.1,17823,-62.2,-91.0,-87.1,  1,  2, 0.00,266,48.8
2026-01-28 11:57:40,-82.3431,39.4132,  72.1,17825,-62.1,-91.0,-87.1,  1,  2, 0.00,266,48.8
2026-01-28 11:57:41,-82.3425,39.4132,  72.0,17832,-62.1,-90.9,-87.0,  1,  2, 0.00,266,48.7
2026-01-28 11:57:42,-82.3420,39.4132,  71.9,17837,-62.1,-90.9,-87.0,  1,  2, 0.00,266,48.6
2026-01-28 11:57:43,-82.3414,39.4132,  71.9,17841,-62.1,-90.9,-87.0,  1,  2, 0.00,266,48.6
2026-01-28 11:57:44,-82.3408,39.4133,  71.8,17846,-62.0,-90.9,-87.0,  1,  2, 0.00,266,48.5
2026-01-28 11:57:45,-82.3403,39.4133,  71.8,17850,-62.0,-90.8,-86.9,  1,  2, 0.00,266,48.4
2026-01-28 11:57:46,-82.3397,39.4133,  71.7,17855,-62.0,-90.8,-86.9,  1,  2, 0.00,266,48.4
2026-01-28 11:57:47,-82.3392,39.4134,  71.7,17859,-62.0,-90.8,-86.9,  1,  2, 0.00,266,48.3
2026-01-28 11:57:48,-82.3387,39.4134,  71.6,17864,-62.0,-90.8,-86.9,  1,  2, 0.00,266,48.2
2026-01-28 11:57:49,-82.3381,39.4134,  71.6,17868,-61.9,-90.8,-86.8,  1,  2, 0.00,266,48.2
2026-01-28 11:57:50,-82.3376,39.4135,  71.5,17873,-61.9,-90.7,-86.8,  1,  2, 0.00,266,48.1
2026-01-28 11:57:51,-82.3371,39.4135,  71.5,17877,-61.9,-90.7,-86.8,  1,  2, 0.00,266,48.0
2026-01-28 11:57:52,-82.3365,39.4135,  71.4,17882,-61.9,-90.7,-86.8,  1,  2, 0.00,266,48.0
2026-01-28 11:57:53,-82.3360,39.4136,  71.4,17887,-61.8,-90.7,-86.7,  1,  2, 0.00,266,47.9
2026-01-28 11:57:54,-82.3355,39.4136,  71.3,17891,-61.8,-90.6,-86.7,  1,  2, 0.00,266,47.8
2026-01-28 11:57:55,-82.3349,39.4136,  71.3,17896,-61.8,-90.6,-86.7,  1,  2, 0.00,266,47.8
2026-01-28 11:57:56,-82.3344,39.4137,  71.2,17901,-61.8,-90.6,-86.7,  1,  2, 0.00,266,47.7
2026-01-28 11:57:57,-82.3339,39.4137,  71.1,17905,-61.7,-90.6,-86.6,  1,  2, 0.00,266,47.6
2026-01-28 11:57:58,-82.3333,39.4137,  71.1,17910,-61.7,-90.5,-86.6,  1,  2, 0.00,266,47.5
2026-01-28 11:57:59,-82.3328,39.4137,  71.0,17915,-61.7,-90.5,-86.6,  1,  2, 0.00,265,47.4
2026-01-28 11:58:00,-82.3323,39.4138,  71.0,17919,-61.7,-90.5,-86.6,  1,  2, 0.00,265,47.3
2026-01-28 11:58:01,-82.3317,39.4138,  70.9,17924,-61.6,-90.5,-86.6,  1,  2, 0.00,265,47.2
2026-01-28 11:58:02,-82.3312,39.4138,  70.9,17929,-61.6,-90.5,-86.5,  1,  2, 0.00,265,47.1
2026-01-28 11:58:03,-82.3307,39.4139,  70.8,17934,-61.6,-90.4,-86.5,  1,  2, 0.00,265,47.0
2026-01-28 11:58:04,-82.3301,39.4139,  70.8,17938,-61.6,-90.4,-86.5,  1,  2, 0.00,265,46.9
2026-01-28 11:58:05,-82.3296,39.4139,  70.7,17943,-61.5,-90.4,-86.5,  1,  2, 0.00,265,46.8
2026-01-28 11:58:06,-82.3291,39.4140,  70.7,17948,-61.5,-90.4,-86.5,  1,  2, 0.00,265,46.7
2026-01-28 11:58:07,-82.3285,39.4140,  70.6,17953,-61.5,-90.4,-86.4,  1,  2, 0.00,265,46.6
2026-01-28 11:58:08,-82.3280,39.4140,  70.6,17958,-61.5,-90.4,-86.4,  1,  2, 0.00,265,46.5
2026-01-28 11:58:09,-82.3275,39.4141,  70.5,17962,-61.5,-90.3,-86.4,  1,  2, 0.00,265,46.4
2026-01-28 11:58:10,-82.3269,39.4141,  70.4,17967,-61.5,-90.3,-86.4,  1,  2, 0.00,265,46.3
2026-01-28 11:58:11,-82.3264,39.4141,  70.4,17972,-61.5,-90.3,-86.4,  1,  2, 0.00,265,46.2
2026-01-28 11:58:12,-82.3259,39.4142,  70.3,17976,-61.5,-90.3,-86.4,  1,  2, 0.00,264,46.1
2026-01-28 11:58:13,-82.3254,39.4142,  70.3,17981,-61.5,-90.3,-86.4,  1,  2, 0.00,264,46.1
2026-01-28 11:58:14,-82.3248,39.4142,  70.2,17986,-61.5,-90.3,-86.4,  1,  2, 0.00,264,46.0
2026-01-28 11:58:15,-82.3243,39.4143,  70.2,17990,-61.5,-90.3,-86.4,  1,  2, 0.00,264,45.9
2026-01-28 11:58:16,-82.3238,39.4143,  70.1,17995,-61.4,-90.3,-86.4,  1,  2, 0.00,264,45.8
2026-01-28 11:58:17,-82.3230,39.4144,  70.1,17999,-61.4,-90.3,-86.4,  1,  2, 0.00,264,45.8
2026-01-28 11:58:18,-82.3227,39.4144,  70.0,18006,-61.4,-90.3,-86.4,  1,  2, 0.00,264,45.8
2026-01-28 11:58:19,-82.3223,39.4145,  70.0,18009,-61.4,-90.3,-86.4,  1,  2, 0.00,264,45.8
2026-01-28 11:58:20,-82.3217,39.4145,  69.9,18012,-61.4,-90.3,-86.3,  1,  2, 0.00,264,45.7
2026-01-28 11:58:21,-82.3211,39.4146,  69.9,18019,-61.4,-90.3,-86.3,  1,  2, 0.00,264,45.7
2026-01-28 11:58:22,-82.3206,39.4146,  69.8,18024,-61.5,-90.3,-86.3,  1,  2, 0.00,264,45.7
2026-01-28 11:58:23,-82.3201,39.4147,  69.7,18029,-61.5,-90.3,-86.3,  1,  2, 0.00,263,45.6
2026-01-28 11:58:24,-82.3196,39.4147,  69.7,18034,-61.5,-90.3,-86.3,  1,  2, 0.00,263,45.6
2026-01-28 11:58:25,-82.3191,39.4148,  69.6,18039,-61.5,-90.3,-86.3,  1,  2, 0.00,263,45.6
2026-01-28 11:58:26,-82.3185,39.4148,  69.6,18045,-61.5,-90.3,-86.3,  1,  2, 0.00,263,45.6
2026-01-28 11:58:27,-82.3180,39.4149,  69.5,18050,-61.5,-90.2,-86.3,  1,  2, 0.00,263,45.5
2026-01-28 11:58:28,-82.3175,39.4150,  69.4,18056,-61.5,-90.2,-86.3,  1,  2, 0.00,263,45.5
2026-01-28 11:58:29,-82.3170,39.4150,  69.4,18061,-61.5,-90.2,-86.3,  1,  2, 0.00,263,45.5
2026-01-28 11:58:30,-82.3164,39.4151,  69.3,18066,-61.6,-90.2,-86.3,  1,  2, 0.00,263,45.5
2026-01-28 11:58:31,-82.3159,39.4151,  69.3,18072,-61.6,-90.2,-86.3,  1,  2, 0.00,263,45.4
2026-01-28 11:58:32,-82.3154,39.4152,  69.2,18077,-61.6,-90.2,-86.3,  1,  2, 0.00,262,45.4
2026-01-28 11:58:33,-82.3149,39.4152,  69.1,18083,-61.6,-90.2,-86.3,  1,  2, 0.00,262,45.4
2026-01-28 11:58:34,-82.3144,39.4153,  69.1,18088,-61.6,-90.2,-86.3,  1,  2, 0.00,262,45.4
2026-01-28 11:58:35,-82.3138,39.4153,  69.0,18093,-61.6,-90.2,-86.3,  1,  2, 0.00,262,45.3
2026-01-28 11:58:36,-82.3133,39.4154,  69.0,18099,-61.6,-90.2,-86.3,  1,  2, 0.00,262,45.4
2026-01-28 11:58:37,-82.3128,39.4154,  68.9,18104,-61.6,-90.2,-86.3,  1,  2, 0.00,262,45.4
2026-01-28 11:58:38,-82.3123,39.4155,  68.8,18110,-61.6,-90.2,-86.3,  1,  2, 0.00,262,45.4
2026-01-28 11:58:39,-82.3117,39.4155,  68.8,18115,-61.7,-90.2,-86.3,  1,  2, 0.00,262,45.5
2026-01-28 11:58:40,-82.3112,39.4156,  68.7,18120,-61.7,-90.2,-86.3,  1,  2, 0.00,262,45.5
2026-01-28 11:58:41,-82.3107,39.4156,  68.7,18126,-61.7,-90.2,-86.3,  1,  2, 0.00,262,45.5
2026-01-28 11:58:42,-82.3102,39.4157,  68.6,18131,-61.7,-90.2,-86.3,  1,  2, 0.00,262,45.5
2026-01-28 11:58:43,-82.3097,39.4158,  68.5,18136,-61.7,-90.2,-86.3,  1,  2, 0.00,262,45.6
2026-01-28 11:58:44,-82.3091,39.4158,  68.5,18141,-61.7,-90.2,-86.3,  1,  2, 0.00,261,45.6
2026-01-28 11:58:45,-82.3086,39.4159,  68.4,18147,-61.7,-90.2,-86.3,  1,  2, 0.00,261,45.6
2026-01-28 11:58:46,-82.3082,39.4159,  68.4,18152,-61.7,-90.3,-86.3,  1,  2, 0.00,261,45.7
2026-01-28 11:58:47,-82.3076,39.4160,  68.3,18156,-61.8,-90.3,-86.3,  1,  2, 0.00,261,45.7
2026-01-28 11:58:48,-82.3070,39.4160,  68.3,18162,-61.8,-90.3,-86.3,  1,  2, 0.00,261,45.7
2026-01-28 11:58:49,-82.3065,39.4161,  68.2,18167,-61.8,-90.3,-86.4,  1,  2, 0.00,261,45.8
2026-01-28 11:58:50,-82.3060,39.4162,  68.1,18172,-61.8,-90.3,-86.4,  1,  2, 0.00,261,45.8
2026-01-28 11:58:51,-82.3055,39.4162,  68.1,18177,-61.8,-90.3,-86.4,  1,  2, 0.00,261,45.8
2026-01-28 11:58:52,-82.3049,39.4163,  68.0,18182,-61.8,-90.3,-86.4,  1,  2, 0.00,261,45.8
2026-01-28 11:58:53,-82.3044,39.4164,  68.0,18188,-61.8,-90.3,-86.4,  1,  2, 0.00,261,45.9
2026-01-28 11:58:54,-82.3039,39.4164,  67.9,18193,-61.9,-90.4,-86.4,  1,  2, 0.00,261,45.9
2026-01-28 11:58:55,-82.3034,39.4165,  67.9,18198,-61.9,-90.4,-86.5,  1,  2, 0.00,261,45.9
2026-01-28 11:58:56,-82.3028,39.4166,  67.8,18203,-61.9,-90.4,-86.5,  1,  2, 0.00,261,45.9
2026-01-28 11:58:57,-82.3023,39.4166,  67.7,18209,-61.9,-90.4,-86.5,  1,  2, 0.00,261,46.0
2026-01-28 11:58:58,-82.3018,39.4167,  67.7,18214,-61.9,-90.4,-86.5,  1,  2, 0.00,261,46.0
2026-01-28 11:58:59,-82.3013,39.4167,  67.6,18219,-61.9,-90.4,-86.5,  1,  2, 0.00,261,46.0
2026-01-28 11:59:00,-82.3007,39.4168,  67.6,18224,-62.0,-90.5,-86.5,  1,  2, 0.00,260,46.0
2026-01-28 11:59:01,-82.3002,39.4169,  67.5,18230,-62.0,-90.5,-86.5,  1,  2, 0.00,260,46.0
2026-01-28 11:59:02,-82.2997,39.4169,  67.5,18235,-62.0,-90.5,-86.5,  1,  2, 0.00,260,46.0
2026-01-28 11:59:03,-82.2991,39.4170,  67.4,18240,-62.0,-90.5,-86.6,  1,  2, 0.00,260,46.0
2026-01-28 11:59:04,-82.2986,39.4171,  67.3,18245,-62.0,-90.5,-86.6,  1,  2, 0.00,260,46.0
2026-01-28 11:59:05,-82.2981,39.4171,  67.3,18251,-62.0,-90.5,-86.6,  1,  2, 0.00,260,46.0
2026-01-28 11:59:06,-82.2976,39.4172,  67.2,18256,-62.0,-90.5,-86.6,  1,  2, 0.00,260,46.0
2026-01-28 11:59:07,-82.2970,39.4173,  67.2,18262,-62.0,-90.5,-86.6,  1,  2, 0.00,260,46.0
2026-01-28 11:59:08,-82.2965,39.4173,  67.1,18267,-62.0,-90.5,-86.6,  1,  2, 0.00,260,46.0
2026-01-28 11:59:09,-82.2960,39.4174,  67.1,18272,-62.0,-90.5,-86.6,  1,  2, 0.00,260,46.0
2026-01-28 11:59:10,-82.2955,39.4175,  67.0,18277,-62.1,-90.5,-86.6,  1,  2, 0.00,260,46.0
2026-01-28 11:59:11,-82.2949,39.4175,  66.9,18283,-62.1,-90.6,-86.6,  1,  2, 0.00,260,46.0
2026-01-28 11:59:12,-82.2944,39.4176,  66.9,18288,-62.1,-90.6,-86.6,  1,  2, 0.00,260,46.0
2026-01-28 11:59:13,-82.2939,39.4176,  66.8,18293,-62.1,-90.6,-86.7,  1,  2, 0.00,260,46.0
2026-01-28 11:59:14,-82.2934,39.4177,  66.8,18298,-62.1,-90.6,-86.7,  1,  2, 0.00,260,46.0
2026-01-28 11:59:15,-82.2928,39.4178,  66.7,18303,-62.1,-90.6,-86.7,  1,  2, 0.00,260,46.1
2026-01-28 11:59:16,-82.2923,39.4178,  66.7,18308,-62.1,-90.6,-86.7,  1,  2, 0.00,260,46.1
2026-01-28 11:59:17,-82.2918,39.4179,  66.6,18312,-62.1,-90.6,-86.7,  1,  2, 0.00,260,46.1
2026-01-28 11:59:18,-82.2913,39.4180,  66.6,18317,-62.1,-90.6,-86.7,  1,  2, 0.00,260,46.1
2026-01-28 11:59:19,-82.2907,39.4181,  66.5,18322,-62.1,-90.6,-86.7,  1,  2, 0.00,260,46.1
2026-01-28 11:59:20,-82.2902,39.4182,  66.5,18327,-62.2,-90.6,-86.7,  1,  2, 0.00,260,46.2
2026-01-28 11:59:21,-82.2897,39.4183,  66.4,18332,-62.2,-90.6,-86.7,  1,  2, 0.00,259,46.2
2026-01-28 11:59:22,-82.2891,39.4184,  66.4,18337,-62.2,-90.6,-86.7,  1,  2, 0.00,259,46.2
2026-01-28 11:59:23,-82.2886,39.4185,  66.3,18342,-62.2,-90.6,-86.7,  1,  2, 0.00,259,46.2
2026-01-28 11:59:24,-82.2881,39.4185,  66.2,18347,-62.2,-90.6,-86.7,  1,  2, 0.00,259,46.2
2026-01-28 11:59:25,-82.2875,39.4186,  66.2,18352,-62.2,-90.6,-86.7,  1,  2, 0.00,259,46.3
2026-01-28 11:59:26,-82.2870,39.4187,  66.1,18358,-62.2,-90.6,-86.7,  1,  2, 0.00,259,46.3
2026-01-28 11:59:27,-82.2865,39.4188,  66.1,18363,-62.2,-90.6,-86.7,  1,  2, 0.00,259,46.3
2026-01-28 11:59:28,-82.2860,39.4189,  66.0,18368,-62.2,-90.6,-86.7,  1,  2, 0.00,259,46.3
2026-01-28 11:59:29,-82.2854,39.4190,  66.0,18373,-62.2,-90.6,-86.7,  1,  2, 0.00,258,46.4
2026-01-28 11:59:30,-82.2849,39.4191,  65.9,18379,-62.2,-90.6,-86.7,  1,  2, 0.00,258,46.4
2026-01-28 11:59:31,-82.2844,39.4192,  65.9,18384,-62.2,-90.6,-86.7,  1,  2, 0.00,258,46.4
2026-01-28 11:59:32,-82.2838,39.4192,  65.8,18389,-62.2,-90.6,-86.7,  1,  2, 0.00,258,46.4
2026-01-28 11:59:33,-82.2833,39.4193,  65.7,18394,-62.2,-90.6,-86.7,  1,  2, 0.00,258,46.4
2026-01-28 11:59:34,-82.2828,39.4194,  65.7,18400,-62.2,-90.6,-86.7,  1,  2, 0.00,258,46.5
2026-01-28 11:59:35,-82.2823,39.4195,  65.6,18405,-62.2,-90.6,-86.7,  1,  2, 0.00,258,46.5
2026-01-28 11:59:36,-82.2817,39.4196,  65.6,18410,-62.2,-90.6,-86.7,  1,  2, 0.00,258,46.5
2026-01-28 11:59:37,-82.2812,39.4197,  65.5,18416,-62.2,-90.6,-86.7,  1,  2, 0.00,258,46.6
2026-01-28 11:59:38,-82.2804,39.4198,  65.5,18421,-62.2,-90.6,-86.7,  1,  2, 0.00,257,46.6
2026-01-28 11:59:39,-82.2801,39.4199,  65.4,18429,-62.2,-90.6,-86.7,  1,  2, 0.00,257,46.7
2026-01-28 11:59:40,-82.2796,39.4199,  65.3,18432,-62.2,-90.6,-86.7,  1,  2, 0.00,257,46.7
2026-01-28 11:59:41,-82.2791,39.4200,  65.3,18438,-62.2,-90.6,-86.7,  1,  2, 0.00,257,46.8
2026-01-28 11:59:42,-82.2786,39.4201,  65.2,18443,-62.2,-90.6,-86.7,  1,  2, 0.00,257,46.8
2026-01-28 11:59:43,-82.2780,39.4202,  65.2,18449,-62.2,-90.7,-86.7,  1,  2, 0.00,257,46.9
2026-01-28 11:59:44,-82.2775,39.4203,  65.1,18454,-62.2,-90.7,-86.8,  1,  2, 0.00,257,46.9
2026-01-28 11:59:45,-82.2770,39.4204,  65.1,18459,-62.2,-90.7,-86.8,  1,  2, 0.00,257,47.0
2026-01-28 11:59:46,-82.2764,39.4205,  65.0,18465,-62.2,-90.7,-86.8,  1,  2, 0.00,257,47.0
2026-01-28 11:59:47,-82.2759,39.4206,  64.9,18470,-62.2,-90.7,-86.8,  1,  2, 0.00,257,47.1
2026-01-28 11:59:48,-82.2753,39.4207,  64.9,18475,-62.2,-90.7,-86.8,  1,  2, 0.00,257,47.1
2026-01-28 11:59:49,-82.2748,39.4208,  64.8,18480,-62.2,-90.7,-86.8,  1,  2, 0.00,257,47.2
2026-01-28 11:59:50,-82.2743,39.4209,  64.8,18485,-62.2,-90.7,-86.8,  1,  2, 0.00,256,47.2
2026-01-28 11:59:51,-82.2737,39.4210,  64.7,18490,-62.2,-90.7,-86.8,  1,  2, 0.00,256,47.2
2026-01-28 11:59:52,-82.2732,39.4211,  64.7,18495,-62.2,-90.7,-86.8,  1,  2, 0.00,256,47.3
2026-01-28 11:59:53,-82.2726,39.4212,  64.6,18500,-62.2,-90.7,-86.8,  1,  2, 0.00,256,47.3
2026-01-28 11:59:54,-82.2721,39.4213,  64.6,18505,-62.2,-90.7,-86.8,  1,  2, 0.00,256,47.4
2026-01-28 11:59:55,-82.2715,39.4214,  64.5,18511,-62.1,-90.7,-86.8,  1,  2, 0.00,256,47.4
2026-01-28 11:59:56,-82.2710,39.4215,  64.5,18516,-62.1,-90.7,-86.8,  1,  2, 0.00,256,47.5
2026-01-28 11:59:57,-82.2704,39.4216,  64.4,18521,-62.1,-90.7,-86.8,  1,  2, 0.00,256,47.6
2026-01-28 11:59:58,-82.2699,39.4217,  64.3,18527,-62.1,-90.7,-86.8,  1,  2, 0.00,256,47.6
2026-01-28 11:59:59,-82.2694,39.4218,  64.3,18532,-62.1,-90.7,-86.8,  1,  2, 0.00,256,47.7
2026-01-28 12:00:00,-82.2688,39.4219,  64.2,18538,-62.1,-90.7,-86.8,  1,  2, 0.00,256,47.8
2026-01-28 12:00:01,-82.2683,39.4220,  64.2,18543,-62.1,-90.7,-86.8,  1,  2, 0.00,256,47.8
2026-01-28 12:00:02,-82.2677,39.4221,  64.1,18549,-62.1,-90.7,-86.8,  1,  2, 0.00,256,47.9
2026-01-28 12:00:03,-82.2672,39.4222,  64.1,18554,-62.1,-90.7,-86.8,  1,  2, 0.00,256,48.0
2026-01-28 12:00:04,-82.2666,39.4223,  64.0,18560,-62.1,-90.7,-86.8,  1,  2, 0.00,256,48.0
2026-01-28 12:00:05,-82.2661,39.4224,  63.9,18565,-62.1,-90.7,-86.8,  1,  2, 0.00,256,48.1
2026-01-28 12:00:06,-82.2655,39.4225,  63.9,18571,-62.1,-90.7,-86.8,  1,  2, 0.00,255,48.1
2026-01-28 12:00:07,-82.2650,39.4226,  63.8,18576,-62.1,-90.7,-86.8,  1,  2, 0.00,255,48.2
2026-01-28 12:00:08,-82.2645,39.4227,  63.8,18582,-62.1,-90.7,-86.8,  1,  2, 0.00,255,48.3
2026-01-28 12:00:09,-82.2639,39.4228,  63.7,18587,-62.0,-90.7,-86.8,  1,  2, 0.00,255,48.3
2026-01-28 12:00:10,-82.2634,39.4229,  63.7,18593,-62.0,-90.7,-86.8,  1,  2, 0.00,255,48.4
2026-01-28 12:00:11,-82.2628,39.4230,  63.6,18598,-62.0,-90.7,-86.8,  1,  2, 0.00,255,48.5
2026-01-28 12:00:12,-82.2623,39.4231,  63.5,18604,-62.0,-90.7,-86.8,  1,  2, 0.00,255,48.5
2026-01-28 12:00:13,-82.2617,39.4232,  63.5,18609,-62.0,-90.7,-86.7,  1,  2, 0.00,255,48.6
2026-01-28 12:00:14,-82.2612,39.4233,  63.4,18615,-62.0,-90.6,-86.7,  1,  2, 0.00,255,48.7
2026-01-28 12:00:15,-82.2606,39.4234,  63.4,18620,-62.0,-90.6,-86.7,  1,  2, 0.00,255,48.7
2026-01-28 12:00:16,-82.2601,39.4235,  63.3,18626,-61.9,-90.6,-86.7,  1,  2, 0.00,255,48.8
2026-01-28 12:00:17,-82.2596,39.4236,  63.3,18632,-61.9,-90.6,-86.7,  1,  2, 0.00,255,48.8
2026-01-28 12:00:18,-82.2590,39.4237,  63.2,18638,-61.9,-90.6,-86.7,  1,  2, 0.00,255,48.9
2026-01-28 12:00:19,-82.2584,39.4238,  63.1,18644,-61.9,-90.6,-86.7,  1,  2, 0.00,255,48.9
2026-01-28 12:00:20,-82.2579,39.4239,  63.1,18649,-61.9,-90.6,-86.7,  1,  2, 0.00,256,48.9
2026-01-28 12:00:21,-82.2573,39.4240,  63.0,18655,-61.9,-90.6,-86.6,  1,  2, 0.00,256,49.0
2026-01-28 12:00:22,-82.2567,39.4240,  63.0,18661,-61.8,-90.6,-86.6,  1,  2, 0.00,256,49.0
2026-01-28 12:00:23,-82.2562,39.4241,  62.9,18666,-61.8,-90.5,-86.6,  1,  2, 0.00,256,49.1
2026-01-28 12:00:24,-82.2556,39.4242,  62.9,18672,-61.8,-90.5,-86.6,  1,  2, 0.00,256,49.1
2026-01-28 12:00:25,-82.2550,39.4243,  62.8,18678,-61.8,-90.5,-86.6,  1,  2, 0.00,256,49.1
2026-01-28 12:00:26,-82.2545,39.4243,  62.7,18683,-61.8,-90.5,-86.6,  1,  2, 0.00,256,49.2
2026-01-28 12:00:27,-82.2539,39.4244,  62.7,18689,-61.8,-90.5,-86.6,  1,  2, 0.00,256,49.2
2026-01-28 12:00:28,-82.2533,39.4245,  62.6,18694,-61.7,-90.5,-86.6,  1,  2, 0.00,257,49.3
2026-01-28 12:00:29,-82.2528,39.4246,  62.6,18700,-61.7,-90.5,-86.6,  1,  2, 0.00,257,49.3
2026-01-28 12:00:30,-82.2522,39.4247,  62.5,18705,-61.7,-90.5,-86.6,  1,  2, 0.00,257,49.4
2026-01-28 12:00:31,-82.2516,39.4247,  62.5,18711,-61.7,-90.5,-86.5,  1,  2, 0.00,257,49.4
2026-01-28 12:00:32,-82.2511,39.4248,  62.4,18716,-61.7,-90.5,-86.5,  1,  2, 0.00,257,49.4
2026-01-28 12:00:33,-82.2505,39.4249,  62.4,18721,-61.6,-90.4,-86.5,  1,  2, 0.00,257,49.5
2026-01-28 12:00:34,-82.2499,39.4250,  62.3,18727,-61.6,-90.4,-86.5,  1,  2, 0.00,257,49.5
2026-01-28 12:00:35,-82.2494,39.4251,  62.2,18732,-61.6,-90.4,-86.5,  1,  2, 0.00,257,49.6
2026-01-28 12:00:36,-82.2488,39.4251,  62.2,18737,-61.6,-90.4,-86.5,  1,  2, 0.00,257,49.6
2026-01-28 12:00:37,-82.2482,39.4252,  62.1,18742,-61.6,-90.4,-86.5,  1,  2, 0.00,258,49.6
2026-01-28 12:00:38,-82.2477,39.4253,  62.1,18747,-61.5,-90.4,-86.5,  1,  2, 0.00,258,49.6
2026-01-28 12:00:39,-82.2471,39.4254,  62.0,18753,-61.5,-90.4,-86.5,  1,  2, 0.00,258,49.7
2026-01-28 12:00:40,-82.2465,39.4254,  62.0,18758,-61.5,-90.4,-86.5,  1,  2, 0.00,258,49.7
2026-01-28 12:00:41,-82.2460,39.4255,  61.9,18763,-61.5,-90.4,-86.5,  1,  2, 0.00,258,49.7
2026-01-28 12:00:42,-82.2454,39.4256,  61.9,18768,-61.5,-90.4,-86.4,  1,  2, 0.00,259,49.7
2026-01-28 12:00:43,-82.2448,39.4257,  61.8,18773,-61.4,-90.4,-86.4,  1,  2, 0.00,259,49.8
2026-01-28 12:00:44,-82.2443,39.4258,  61.8,18778,-61.4,-90.4,-86.4,  1,  2, 0.00,259,49.8
2026-01-28 12:00:45,-82.2437,39.4258,  61.7,18783,-61.4,-90.3,-86.4,  1,  2, 0.00,259,49.8
2026-01-28 12:00:46,-82.2431,39.4259,  61.7,18788,-61.4,-90.3,-86.4,  1,  2, 0.00,259,49.9
2026-01-28 12:00:47,-82.2427,39.4260,  61.6,18794,-61.4,-90.3,-86.4,  1,  2, 0.00,259,49.9
2026-01-28 12:00:48,-82.2420,39.4261,  61.6,18798,-61.4,-90.3,-86.4,  1,  2, 0.00,260,49.9
2026-01-28 12:00:49,-82.2414,39.4261,  61.5,18804,-61.4,-90.3,-86.4,  1,  2, 0.00,260,49.9
2026-01-28 12:00:50,-82.2408,39.4262,  61.5,18810,-61.4,-90.3,-86.4,  1,  2, 0.00,260,50.0
2026-01-28 12:00:51,-82.2403,39.4263,  61.4,18815,-61.4,-90.3,-86.4,  1,  2, 0.00,260,50.0
2026-01-28 12:00:52,-82.2397,39.4263,  61.4,18820,-61.3,-90.3,-86.3,  1,  2, 0.00,260,50.0
2026-01-28 12:00:53,-82.2391,39.4264,  61.3,18826,-61.3,-90.3,-86.3,  1,  2, 0.00,260,50.1
2026-01-28 12:00:54,-82.2386,39.4265,  61.3,18831,-61.3,-90.2,-86.3,  1,  2, 0.00,261,50.1
2026-01-28 12:00:55,-82.2380,39.4265,  61.2,18837,-61.3,-90.2,-86.3,  1,  2, 0.00,261,50.1
2026-01-28 12:00:56,-82.2374,39.4266,  61.2,18843,-61.3,-90.2,-86.3,  1,  2, 0.00,261,50.1
2026-01-28 12:00:57,-82.2369,39.4267,  61.1,18848,-61.3,-90.2,-86.3,  1,  2, 0.00,261,50.1
2026-01-28 12:00:58,-82.2363,39.4267,  61.0,18853,-61.3,-90.2,-86.3,  1,  2, 0.00,261,50.1
2026-01-28 12:00:59,-82.2357,39.4268,  61.0,18858,-61.3,-90.2,-86.2,  1,  2, 0.00,261,50.1
2026-01-28 12:01:00,-82.2352,39.4268,  60.9,18863,-61.3,-90.2,-86.2,  1,  2, 0.00,261,50.1
2026-01-28 12:01:01,-82.2346,39.4269,  60.9,18868,-61.3,-90.2,-86.2,  1,  2, 0.00,261,50.0
2026-01-28 12:01:02,-82.2340,39.4270,  60.8,18873,-61.3,-90.1,-86.2,  1,  2, 0.00,261,50.0
2026-01-28 12:01:03,-82.2335,39.4270,  60.8,18878,-61.3,-90.1,-86.2,  1,  2, 0.00,261,50.0
2026-01-28 12:01:04,-82.2329,39.4271,  60.7,18883,-61.3,-90.1,-86.2,  1,  2, 0.00,261,50.0
2026-01-28 12:01:05,-82.2323,39.4272,  60.7,18889,-61.3,-90.1,-86.2,  1,  2, 0.00,261,50.0
2026-01-28 12:01:06,-82.2318,39.4272,  60.6,18894,-61.3,-90.1,-86.2,  1,  2, 0.00,261,50.0
2026-01-28 12:01:07,-82.2312,39.4273,  60.6,18899,-61.3,-90.1,-86.2,  1,  2, 0.00,261,50.0
2026-01-28 12:01:08,-82.2306,39.4274,  60.5,18905,-61.3,-90.1,-86.1,  1,  2, 0.00,261,49.9
2026-01-28 12:01:09,-82.2301,39.4274,  60.5,18910,-61.3,-90.1,-86.1,  1,  2, 0.00,261,49.9
2026-01-28 12:01:10,-82.2295,39.4275,  60.4,18916,-61.3,-90.0,-86.1,  1,  2, 0.00,261,49.9
2026-01-28 12:01:11,-82.2289,39.4276,  60.4,18922,-61.3,-90.0,-86.1,  1,  2, 0.00,261,49.9
2026-01-28 12:01:12,-82.2283,39.4276,  60.3,18927,-61.3,-90.0,-86.1,  1,  2, 0.00,261,49.9
2026-01-28 12:01:13,-82.2278,39.4277,  60.3,18933,-61.3,-90.0,-86.1,  1,  2, 0.00,261,49.9
2026-01-28 12:01:14,-82.2272,39.4278,  60.2,18939,-61.3,-90.0,-86.0,  1,  2, 0.00,261,49.9
2026-01-28 12:01:15,-82.2266,39.4278,  60.1,18945,-61.3,-90.0,-86.0,  1,  2, 0.00,261,49.8
2026-01-28 12:01:16,-82.2261,39.4279,  60.1,18950,-61.3,-90.0,-86.0,  1,  2, 0.00,261,49.8
2026-01-28 12:01:17,-82.2255,39.4279,  60.0,18956,-61.3,-90.0,-86.0,  1,  2, 0.00,261,49.7
2026-01-28 12:01:18,-82.2250,39.4280,  60.0,18961,-61.3,-90.0,-86.0,  1,  2, 0.00,261,49.6
2026-01-28 12:01:19,-82.2244,39.4281,  59.9,18967,-61.3,-90.0,-86.0,  1,  2, 0.00,261,49.5
2026-01-28 12:01:20,-82.2239,39.4282,  59.9,18973,-61.3,-90.0,-86.0,  1,  2, 0.00,260,49.4
2026-01-28 12:01:21,-82.2233,39.4283,  59.8,18978,-61.3,-90.0,-86.0,  1,  2, 0.00,260,49.3
2026-01-28 12:01:22,-82.2228,39.4284,  59.8,18984,-61.3,-90.0,-86.0,  1,  2, 0.00,260,49.3
2026-01-28 12:01:23,-82.2223,39.4284,  59.7,18990,-61.3,-90.0,-86.1,  1,  2, 0.00,260,49.2
2026-01-28 12:01:24,-82.2217,39.4285,  59.7,18995,-61.3,-90.0,-86.1,  1,  2, 0.00,260,49.1
2026-01-28 12:01:25,-82.2211,39.4286,  59.6,19001,-61.3,-90.0,-86.1,  1,  2, 0.00,260,49.0
2026-01-28 12:01:26,-82.2206,39.4287,  59.5,19007,-61.3,-90.0,-86.1,  1,  2, 0.00,260,48.9
2026-01-28 12:01:27,-82.2201,39.4288,  59.5,19013,-61.3,-90.0,-86.1,  1,  2, 0.00,259,48.9
2026-01-28 12:01:28,-82.2195,39.4288,  59.4,19018,-61.3,-90.0,-86.1,  1,  2, 0.00,259,48.8
2026-01-28 12:01:29,-82.2190,39.4289,  59.4,19024,-61.3,-90.0,-86.1,  1,  2, 0.00,259,48.7
2026-01-28 12:01:30,-82.2185,39.4290,  59.3,19030,-61.3,-90.0,-86.1,  1,  2, 0.00,259,48.6
2026-01-28 12:01:31,-82.2179,39.4291,  59.3,19036,-61.3,-90.0,-86.1,  1,  2, 0.00,259,48.5
2026-01-28 12:01:32,-82.2174,39.4292,  59.2,19042,-61.3,-90.1,-86.1,  1,  2, 0.00,259,48.5
2026-01-28 12:01:33,-82.2169,39.4293,  59.2,19048,-61.3,-90.1,-86.1,  1,  2, 0.00,259,48.4
2026-01-28 12:01:34,-82.2163,39.4293,  59.1,19054,-61.3,-90.1,-86.1,  1,  2, 0.00,258,48.3
2026-01-28 12:01:35,-82.2158,39.4294,  59.0,19060,-61.3,-90.1,-86.2,  1,  2, 0.00,258,48.2
2026-01-28 12:01:36,-82.2152,39.4295,  59.0,19066,-61.3,-90.1,-86.2,  1,  2, 0.00,258,48.2
2026-01-28 12:01:37,-82.2147,39.4296,  58.9,19072,-61.3,-90.1,-86.2,  1,  2, 0.00,258,48.1
2026-01-28 12:01:38,-82.2142,39.4297,  58.9,19078,-61.3,-90.1,-86.2,  1,  2, 0.00,258,48.0
2026-01-28 12:01:39,-82.2136,39.4298,  58.8,19083,-61.3,-90.1,-86.2,  1,  2, 0.00,258,47.9
2026-01-28 12:01:40,-82.2131,39.4298,  58.8,19089,-61.3,-90.2,-86.2,  1,  2, 0.00,258,47.8
2026-01-28 12:01:41,-82.2125,39.4299,  58.7,19095,-61.2,-90.2,-86.2,  1,  2, 0.00,258,47.8
2026-01-28 12:01:42,-82.2120,39.4300,  58.7,19101,-61.2,-90.2,-86.2,  1,  2, 0.00,258,47.7
2026-01-28 12:01:43,-82.2115,39.4301,  58.6,19106,-61.2,-90.1,-86.2,  1,  2, 0.00,258,47.6
2026-01-28 12:01:44,-82.2109,39.4302,  58.5,19112,-61.2,-90.1,-86.2,  1,  2, 0.00,258,47.5
2026-01-28 12:01:45,-82.2104,39.4303,  58.5,19117,-61.2,-90.1,-86.2,  1,  2, 0.00,258,47.5
2026-01-28 12:01:46,-82.2098,39.4303,  58.4,19123,-61.2,-90.1,-86.2,  1,  2, 0.00,258,47.4
2026-01-28 12:01:47,-82.2093,39.4304,  58.4,19128,-61.2,-90.1,-86.2,  1,  2, 0.00,257,47.3
2026-01-28 12:01:48,-82.2088,39.4305,  58.3,19133,-61.1,-90.1,-86.2,  1,  2, 0.00,257,47.2
2026-01-28 12:01:49,-82.2082,39.4306,  58.3,19139,-61.1,-90.1,-86.2,  1,  2, 0.00,257,47.2
2026-01-28 12:01:50,-82.2077,39.4307,  58.2,19144,-61.1,-90.1,-86.2,  1,  2, 0.00,257,47.1
2026-01-28 12:01:51,-82.2072,39.4308,  58.2,19150,-61.1,-90.1,-86.2,  1,  2, 0.00,257,47.0
2026-01-28 12:01:52,-82.2067,39.4309,  58.1,19155,-61.1,-90.1,-86.1,  1,  2, 0.00,257,46.9
2026-01-28 12:01:53,-82.2062,39.4311,  58.1,19161,-61.1,-90.1,-86.1,  1,  2, 0.00,257,46.9
2026-01-28 12:01:54,-82.2056,39.4312,  58.0,19166,-61.1,-90.1,-86.1,  1,  2, 0.00,257,46.8
2026-01-28 12:01:55,-82.2051,39.4313,  58.0,19172,-61.1,-90.0,-86.1,  1,  2, 0.00,257,46.7
2026-01-28 12:01:56,-82.2046,39.4314,  57.9,19177,-61.0,-90.0,-86.1,  1,  2, 0.00,257,46.7
2026-01-28 12:01:57,-82.2041,39.4315,  57.9,19182,-61.0,-90.0,-86.1,  1,  2, 0.00,256,46.7
2026-01-28 12:01:58,-82.2036,39.4316,  57.8,19188,-61.0,-90.0,-86.1,  1,  2, 0.00,256,46.7
2026-01-28 12:01:59,-82.2030,39.4317,  57.8,19193,-61.0,-90.0,-86.0,  1,  2, 0.00,256,46.7
2026-01-28 12:02:00,-82.2025,39.4318,  57.7,19198,-61.0,-90.0,-86.0,  1,  2, 0.00,256,46.7
2026-01-28 12:02:01,-82.2020,39.4320,  57.7,19204,-61.0,-89.9,-86.0,  1,  2, 0.00,256,46.7
2026-01-28 12:02:02,-82.2015,39.4321,  57.6,19210,-61.0,-89.9,-86.0,  1,  2, 0.00,256,46.7
2026-01-28 12:02:03,-82.2010,39.4322,  57.6,19216,-60.9,-89.9,-86.0,  1,  2, 0.00,255,46.7
2026-01-28 12:02:04,-82.2004,39.4323,  57.5,19221,-60.9,-89.9,-86.0,  1,  2, 0.00,255,46.7
2026-01-28 12:02:05,-82.1999,39.4324,  57.5,19227,-60.9,-89.9,-85.9,  1,  2, 0.00,255,46.7
2026-01-28 12:02:06,-82.1994,39.4325,  57.4,19233,-60.9,-89.9,-85.9,  1,  2, 0.00,255,46.7
2026-01-28 12:02:07,-82.1989,39.4326,  57.4,19238,-60.9,-89.8,-85.9,  1,  2, 0.00,255,46.7
2026-01-28 12:02:08,-82.1984,39.4327,  57.3,19243,-60.9,-89.8,-85.9,  1,  2, 0.00,254,46.7
2026-01-28 12:02:09,-82.1978,39.4329,  57.3,19248,-60.9,-89.8,-85.9,  1,  2, 0.00,254,46.7
2026-01-28 12:02:10,-82.1973,39.4330,  57.2,19253,-60.9,-89.8,-85.9,  1,  2, 0.00,254,46.7
2026-01-28 12:02:11,-82.1968,39.4331,  57.2,19258,-60.9,-89.8,-85.8,  1,  2, 0.00,254,46.7
2026-01-28 12:02:12,-82.1963,39.4332,  57.1,19264,-60.9,-89.8,-85.8,  1,  2, 0.00,254,46.7
2026-01-28 12:02:13,-82.1958,39.4333,  57.1,19270,-60.9,-89.7,-85.8,  1,  2, 0.00,254,46.7
2026-01-28 12:02:14,-82.1952,39.4334,  57.0,19276,-60.9,-89.7,-85.8,  1,  2, 0.00,253,46.7
2026-01-28 12:02:15,-82.1947,39.4335,  57.0,19281,-60.9,-89.7,-85.8,  1,  2, 0.00,253,46.7
2026-01-28 12:02:16,-82.1942,39.4336,  56.9,19287,-60.9,-89.7,-85.7,  1,  2, 0.00,253,46.7
2026-01-28 12:02:17,-82.1937,39.4337,  56.9,19293,-60.9,-89.7,-85.7,  1,  2, 0.00,253,46.8
2026-01-28 12:02:18,-82.1932,39.4339,  56.8,19299,-60.8,-89.7,-85.7,  1,  2, 0.00,253,46.8
2026-01-28 12:02:19,-82.1927,39.4340,  56.8,19304,-60.8,-89.6,-85.7,  1,  2, 0.00,253,46.8
2026-01-28 12:02:20,-82.1921,39.4341,  56.7,19309,-60.8,-89.6,-85.7,  1,  2, 0.00,253,46.9
2026-01-28 12:02:21,-82.1916,39.4342,  56.7,19316,-60.8,-89.6,-85.7,  1,  2, 0.00,253,46.9
2026-01-28 12:02:22,-82.1911,39.4344,  56.6,19321,-60.8,-89.6,-85.6,  1,  2, 0.00,253,46.9
2026-01-28 12:02:23,-82.1905,39.4345,  56.6,19327,-60.9,-89.6,-85.6,  1,  2, 0.00,253,47.0
2026-01-28 12:02:24,-82.1900,39.4346,  56.5,19332,-60.9,-89.6,-85.6,  1,  2, 0.00,252,47.0
2026-01-28 12:02:25,-82.1895,39.4348,  56.5,19337,-60.9,-89.6,-85.7,  1,  2, 0.00,252,47.0
2026-01-28 12:02:26,-82.1890,39.4349,  56.4,19342,-60.9,-89.6,-85.7,  1,  2, 0.00,252,47.1
2026-01-28 12:02:27,-82.1884,39.4350,  56.4,19347,-60.9,-89.6,-85.7,  1,  2, 0.00,252,47.1
2026-01-28 12:02:28,-82.1879,39.4351,  56.3,19352,-60.9,-89.6,-85.7,  1,  2, 0.00,252,47.1
2026-01-28 12:02:29,-82.1874,39.4353,  56.3,19357,-60.9,-89.6,-85.7,  1,  2, 0.00,252,47.2
2026-01-28 12:02:30,-82.1869,39.4354,  56.2,19362,-60.9,-89.6,-85.7,  1,  2, 0.00,252,47.2
2026-01-28 12:02:31,-82.1863,39.4355,  56.2,19367,-60.9,-89.6,-85.7,  1,  2, 0.00,252,47.3
2026-01-28 12:02:32,-82.1858,39.4357,  56.1,19372,-60.9,-89.6,-85.7,  1,  2, 0.00,252,47.3
2026-01-28 12:02:33,-82.1853,39.4358,  56.1,19377,-60.9,-89.6,-85.7,  1,  2, 0.00,252,47.3
2026-01-28 12:02:34,-82.1847,39.4359,  56.1,19383,-60.9,-89.6,-85.7,  1,  2, 0.00,252,47.4
2026-01-28 12:02:35,-82.1842,39.4360,  56.0,19387,-60.9,-89.6,-85.7,  1,  2, 0.00,252,47.4
2026-01-28 12:02:36,-82.1837,39.4362,  56.0,19392,-60.9,-89.6,-85.7,  1,  2, 0.00,252,47.4
2026-01-28 12:02:37,-82.1832,39.4363,  55.9,19397,-60.9,-89.7,-85.7,  1,  2, 0.00,252,47.5
2026-01-28 12:02:38,-82.1826,39.4364,  55.9,19402,-60.9,-89.7,-85.7,  1,  2, 0.00,252,47.5
2026-01-28 12:02:39,-82.1821,39.4366,  55.8,19407,-60.9,-89.7,-85.7,  1,  2, 0.00,251,47.5
2026-01-28 12:02:40,-82.1816,39.4367,  55.8,19412,-60.9,-89.7,-85.8,  1,  2, 0.00,251,47.6
2026-01-28 12:02:41,-82.1811,39.4368,  55.7,19417,-60.9,-89.7,-85.8,  1,  2, 0.00,251,47.6
2026-01-28 12:02:42,-82.1805,39.4369,  55.7,19423,-60.9,-89.7,-85.8,  1,  2, 0.00,251,47.6
2026-01-28 12:02:43,-82.1800,39.4371,  55.6,19428,-60.9,-89.8,-85.8,  1,  2, 0.00,251,47.7
2026-01-28 12:02:44,-82.1795,39.4372,  55.6,19434,-60.9,-89.8,-85.8,  1,  2, 0.00,251,47.7
2026-01-28 12:02:45,-82.1790,39.4373,  55.5,19439,-60.9,-89.8,-85.8,  1,  2, 0.00,251,47.8
2026-01-28 12:02:46,-82.1784,39.4375,  55.5,19444,-60.9,-89.8,-85.8,  1,  2, 0.00,251,47.8
2026-01-28 12:02:47,-82.1779,39.4376,  55.4,19450,-60.9,-89.8,-85.9,  1,  2, 0.00,251,47.8
2026-01-28 12:02:48,-82.1774,39.4377,  55.4,19455,-60.9,-89.8,-85.9,  1,  2, 0.00,251,47.9
2026-01-28 12:02:49,-82.1769,39.4379,  55.4,19460,-60.9,-89.8,-85.9,  1,  2, 0.00,251,47.9
2026-01-28 12:02:50,-82.1763,39.4380,  55.3,19466,-61.0,-89.9,-85.9,  1,  2, 0.00,251,47.9
2026-01-28 12:02:51,-82.1758,39.4381,  55.3,19471,-61.0,-89.9,-85.9,  1,  2, 0.00,251,48.0
2026-01-28 12:02:52,-82.1752,39.4383,  55.2,19476,-61.0,-89.9,-85.9,  1,  2, 0.00,251,48.0
2026-01-28 12:02:53,-82.1747,39.4384,  55.2,19481,-61.0,-89.9,-85.9,  1,  2, 0.00,251,48.0
2026-01-28 12:02:54,-82.1741,39.4385,  55.1,19487,-61.0,-89.9,-85.9,  1,  2, 0.00,251,48.1
2026-01-28 12:02:55,-82.1736,39.4387,  55.1,19492,-61.0,-89.9,-85.9,  1,  2, 0.00,251,48.1
2026-01-28 12:02:56,-82.1731,39.4388,  55.0,19497,-61.0,-89.9,-86.0,  1,  2, 0.00,251,48.2
2026-01-28 12:02:57,-82.1725,39.4390,  55.0,19503,-61.0,-89.9,-86.0,  1,  2, 0.00,251,48.3
2026-01-28 12:02:58,-82.1720,39.4391,  54.9,19508,-61.0,-89.9,-86.0,  1,  2, 0.00,251,48.3
2026-01-28 12:02:59,-82.1714,39.4393,  54.9,19513,-61.0,-89.9,-86.0,  1,  2, 0.00,251,48.4
2026-01-28 12:03:00,-82.1709,39.4394,  54.8,19519,-61.0,-89.9,-86.0,  1,  2, 0.00,251,48.5
2026-01-28 12:03:01,-82.1703,39.4395,  54.8,19524,-61.0,-89.9,-86.0,  1,  2, 0.00,251,48.5
2026-01-28 12:03:02,-82.1698,39.4397,  54.7,19529,-61.0,-89.9,-86.0,  1,  2, 0.00,251,48.6
2026-01-28 12:03:03,-82.1693,39.4398,  54.7,19534,-61.0,-89.9,-86.0,  1,  2, 0.00,251,48.7
2026-01-28 12:03:04,-82.1687,39.4399,  54.6,19540,-61.0,-89.9,-86.0,  1,  2, 0.00,251,48.8
2026-01-28 12:03:05,-82.1682,39.4401,  54.6,19546,-61.0,-89.9,-86.0,  1,  2, 0.00,251,48.8
2026-01-28 12:03:06,-82.1676,39.4402,  54.5,19552,-61.0,-89.9,-85.9,  1,  2, 0.00,251,48.9
2026-01-28 12:03:07,-82.1671,39.4404,  54.5,19557,-61.0,-89.9,-85.9,  1,  2, 0.00,251,49.0
2026-01-28 12:03:08,-82.1666,39.4405,  54.4,19563,-61.0,-89.9,-85.9,  1,  2, 0.00,251,49.0
2026-01-28 12:03:09,-82.1660,39.4406,  54.4,19568,-61.0,-89.9,-85.9,  1,  2, 0.00,251,49.1
2026-01-28 12:03:10,-82.1655,39.4408,  54.4,19574,-61.0,-89.8,-85.9,  1,  2, 0.00,251,49.2
2026-01-28 12:03:11,-82.1649,39.4409,  54.3,19579,-61.0,-89.8,-85.9,  1,  2, 0.00,251,49.3
2026-01-28 12:03:12,-82.1644,39.4410,  54.3,19584,-61.0,-89.8,-85.9,  1,  2, 0.00,251,49.3
2026-01-28 12:03:13,-82.1639,39.4412,  54.2,19590,-61.0,-89.8,-85.9,  1,  2, 0.00,251,49.4
2026-01-28 12:03:14,-82.1633,39.4413,  54.2,19595,-61.0,-89.8,-85.9,  1,  2, 0.00,251,49.5
2026-01-28 12:03:15,-82.1628,39.4415,  54.1,19600,-61.0,-89.8,-85.8,  1,  2, 0.00,251,49.5
2026-01-28 12:03:16,-82.1622,39.4416,  54.1,19605,-61.0,-89.8,-85.8,  1,  2, 0.00,251,49.6
2026-01-28 12:03:17,-82.1617,39.4417,  54.0,19611,-61.0,-89.8,-85.8,  1,  2, 0.00,251,49.6
2026-01-28 12:03:18,-82.1611,39.4419,  54.0,19616,-61.0,-89.8,-85.8,  1,  2, 0.00,251,49.6
2026-01-28 12:03:19,-82.1606,39.4420,  53.9,19621,-61.0,-89.8,-85.8,  1,  2, 0.00,251,49.6
2026-01-28 12:03:20,-82.1600,39.4422,  53.9,19626,-61.0,-89.8,-85.8,  1,  2, 0.00,251,49.7
2026-01-28 12:03:21,-82.1595,39.4423,  53.8,19631,-61.0,-89.7,-85.8,  1,  2, 0.00,251,49.7
2026-01-28 12:03:22,-82.1589,39.4424,  53.8,19637,-61.0,-89.7,-85.8,  1,  2, 0.00,251,49.7
2026-01-28 12:03:23,-82.1584,39.4426,  53.8,19642,-61.0,-89.7,-85.8,  1,  2, 0.00,251,49.8
2026-01-28 12:03:24,-82.1578,39.4427,  53.7,19647,-61.0,-89.7,-85.8,  1,  2, 0.00,251,49.8
2026-01-28 12:03:25,-82.1572,39.4428,  53.7,19653,-61.0,-89.7,-85.8,  1,  2, 0.00,251,49.8
2026-01-28 12:03:26,-82.1567,39.4430,  53.6,19658,-60.9,-89.7,-85.8,  1,  2, 0.00,251,49.8
2026-01-28 12:03:27,-82.1561,39.4431,  53.6,19663,-60.9,-89.7,-85.8,  1,  2, 0.00,251,49.9
2026-01-28 12:03:28,-82.1556,39.4432,  53.5,19669,-61.0,-89.7,-85.8,  1,  2, 0.00,251,49.9
2026-01-28 12:03:29,-82.1550,39.4434,  53.5,19674,-61.0,-89.7,-85.8,  1,  2, 0.00,251,49.9
2026-01-28 12:03:30,-82.1544,39.4435,  53.4,19679,-61.0,-89.7,-85.8,  1,  2, 0.00,251,49.9
2026-01-28 12:03:31,-82.1539,39.4437,  53.4,19685,-61.0,-89.7,-85.8,  1,  2, 0.00,251,50.0
2026-01-28 12:03:32,-82.1533,39.4438,  53.3,19690,-61.0,-89.7,-85.8,  1,  2, 0.00,251,50.0
2026-01-28 12:03:33,-82.1528,39.4439,  53.3,19696,-61.0,-89.7,-85.8,  1,  2, 0.00,251,50.0
2026-01-28 12:03:34,-82.1522,39.4441,  53.2,19701,-61.0,-89.7,-85.8,  1,  2, 0.00,251,50.0
2026-01-28 12:03:35,-82.1516,39.4442,  53.2,19706,-61.0,-89.7,-85.8,  1,  2, 0.00,251,50.1
2026-01-28 12:03:36,-82.1511,39.4443,  53.2,19712,-61.0,-89.7,-85.8,  1,  2, 0.00,251,50.1
2026-01-28 12:03:37,-82.1505,39.4445,  53.1,19718,-61.0,-89.7,-85.8,  1,  2, 0.00,252,50.2
2026-01-28 12:03:38,-82.1500,39.4446,  53.1,19723,-61.0,-89.7,-85.8,  1,  2, 0.00,252,50.3
2026-01-28 12:03:39,-82.1494,39.4447,  53.0,19729,-61.0,-89.7,-85.8,  1,  2, 0.00,252,50.3
2026-01-28 12:03:40,-82.1488,39.4449,  53.0,19735,-61.0,-89.7,-85.8,  1,  2, 0.00,252,50.4
2026-01-28 12:03:41,-82.1483,39.4450,  52.9,19740,-61.1,-89.8,-85.8,  1,  2, 0.00,252,50.5
2026-01-28 12:03:42,-82.1477,39.4451,  52.9,19746,-61.1,-89.8,-85.8,  1,  2, 0.00,252,50.6
2026-01-28 12:03:43,-82.1472,39.4453,  52.8,19750,-61.1,-89.8,-85.8,  1,  2, 0.00,252,50.6
2026-01-28 12:03:44,-82.1466,39.4454,  52.8,19755,-61.1,-89.8,-85.8,  1,  2, 0.00,252,50.7
2026-01-28 12:03:45,-82.1460,39.4456,  52.7,19760,-61.1,-89.8,-85.8,  1,  2, 0.00,252,50.8
2026-01-28 12:03:46,-82.1455,39.4457,  52.7,19765,-61.1,-89.8,-85.8,  1,  2, 0.00,252,50.8
2026-01-28 12:03:47,-82.1449,39.4458,  52.7,19770,-61.1,-89.8,-85.8,  1,  2, 0.00,252,50.9
2026-01-28 12:03:48,-82.1444,39.4460,  52.6,19776,-61.2,-89.8,-85.9,  1,  2, 0.00,252,51.0
2026-01-28 12:03:49,-82.1438,39.4461,  52.6,19781,-61.2,-89.8,-85.9,  1,  2, 0.00,252,51.0
2026-01-28 12:03:50,-82.1432,39.4462,  52.5,19786,-61.2,-89.8,-85.9,  1,  2, 0.00,252,51.1
2026-01-28 12:03:51,-82.1427,39.4464,  52.5,19791,-61.2,-89.8,-85.9,  1,  2, 0.00,252,51.2
2026-01-28 12:03:52,-82.1421,39.4465,  52.4,19797,-61.2,-89.8,-85.9,  1,  2, 0.00,252,51.2
2026-01-28 12:03:53,-82.1415,39.4467,  52.4,19802,-61.2,-89.8,-85.9,  1,  2, 0.00,252,51.3
2026-01-28 12:03:54,-82.1410,39.4468,  52.3,19808,-61.2,-89.8,-85.9,  1,  2, 0.00,252,51.4
2026-01-28 12:03:55,-82.1405,39.4469,  52.3,19814,-61.2,-89.8,-85.9,  1,  2, 0.00,252,51.5
2026-01-28 12:03:56,-82.1398,39.4471,  52.2,19819,-61.2,-89.8,-85.9,  1,  2, 0.00,252,51.5
2026-01-28 12:03:57,-82.1393,39.4472,  52.2,19825,-61.2,-89.9,-85.9,  1,  2, 0.00,252,51.5
2026-01-28 12:03:58,-82.1387,39.4473,  52.1,19831,-61.2,-89.9,-85.9,  1,  2, 0.00,252,51.5
2026-01-28 12:03:59,-82.1382,39.4475,  52.1,19836,-61.3,-89.9,-85.9,  1,  2, 0.00,252,51.5
2026-01-28 12:04:00,-82.1376,39.4476,  52.1,19842,-61.3,-89.9,-85.9,  1,  2, 0.00,252,51.5
2026-01-28 12:04:01,-82.1370,39.4478,  52.0,19847,-61.3,-89.9,-86.0,  1,  2, 0.00,252,51.6
2026-01-28 12:04:02,-82.1365,39.4479,  52.0,19852,-61.3,-89.9,-86.0,  1,  2, 0.00,252,51.6
2026-01-28 12:04:03,-82.1359,39.4480,  51.9,19858,-61.3,-89.9,-86.0,  1,  2, 0.00,252,51.6
2026-01-28 12:04:04,-82.1353,39.4482,  51.9,19863,-61.3,-89.9,-86.0,  1,  2, 0.00,252,51.6
2026-01-28 12:04:05,-82.1348,39.4483,  51.8,19869,-61.3,-89.9,-86.0,  1,  2, 0.00,252,51.6
2026-01-28 12:04:06,-82.1340,39.4485,  51.8,19874,-61.3,-89.9,-86.0,  1,  2, 0.00,252,51.6
2026-01-28 12:04:07,-82.1336,39.4486,  51.7,19882,-61.3,-90.0,-86.0,  1,  2, 0.00,252,51.7
2026-01-28 12:04:08,-82.1331,39.4487,  51.7,19885,-61.3,-90.0,-86.0,  1,  2, 0.00,252,51.7
2026-01-28 12:04:09,-82.1325,39.4489,  51.6,19891,-61.3,-90.0,-86.0,  1,  2, 0.00,252,51.7
2026-01-28 12:04:10,-82.1319,39.4490,  51.6,19897,-61.3,-90.0,-86.0,  1,  2, 0.00,252,51.7
2026-01-28 12:04:11,-82.1314,39.4492,  51.5,19902,-61.3,-90.0,-86.0,  1,  2, 0.00,252,51.7
2026-01-28 12:04:12,-82.1308,39.4493,  51.5,19908,-61.3,-90.0,-86.1,  1,  2, 0.00,252,51.7
2026-01-28 12:04:13,-82.1302,39.4494,  51.5,19914,-61.3,-90.0,-86.1,  1,  2, 0.00,252,51.7
2026-01-28 12:04:14,-82.1297,39.4496,  51.4,19920,-61.3,-90.0,-86.1,  1,  2, 0.00,252,51.8
2026-01-28 12:04:15,-82.1291,39.4497,  51.4,19926,-61.3,-90.0,-86.1,  1,  2, 0.00,252,51.8
2026-01-28 12:04:16,-82.1285,39.4499,  51.3,19931,-61.3,-90.0,-86.1,  1,  2, 0.00,252,51.7
2026-01-28 12:04:17,-82.1280,39.4500,  51.3,19937,-61.3,-90.0,-86.1,  1,  2, 0.00,252,51.6
2026-01-28 12:04:18,-82.1274,39.4501,  51.2,19942,-61.3,-90.0,-86.1,  1,  2, 0.00,251,51.4
2026-01-28 12:04:19,-82.1268,39.4503,  51.2,19948,-61.2,-90.1,-86.1,  1,  2, 0.00,251,51.3
2026-01-28 12:04:20,-82.1263,39.4504,  51.1,19953,-61.2,-90.1,-86.1,  1,  2, 0.00,251,51.2
2026-01-28 12:04:21,-82.1257,39.4505,  51.1,19959,-61.2,-90.1,-86.1,  1,  2, 0.00,251,51.1
2026-01-28 12:04:22,-82.1252,39.4507,  51.0,19965,-61.2,-90.1,-86.1,  1,  2, 0.00,251,51.0
2026-01-28 12:04:23,-82.1246,39.4508,  51.0,19970,-61.2,-90.1,-86.1,  1,  2, 0.00,251,50.9
2026-01-28 12:04:24,-82.1241,39.4509,  50.9,19976,-61.2,-90.1,-86.1,  1,  2, 0.00,251,50.8
2026-01-28 12:04:25,-82.1235,39.4511,  50.9,19981,-61.2,-90.0,-86.1,  1,  2, 0.00,251,50.7
2026-01-28 12:04:26,-82.1230,39.4512,  50.8,19987,-61.2,-90.0,-86.1,  1,  2, 0.00,251,50.5
2026-01-28 12:04:27,-82.1224,39.4513,  50.8,19993,-61.2,-90.0,-86.1,  1,  2, 0.00,251,50.4
2026-01-28 12:04:28,-82.1219,39.4515,  50.8,19998,-61.2,-90.0,-86.1,  1,  2, 0.00,251,50.3
2026-01-28 12:04:29,-82.1213,39.4516,  50.7,20004,-61.2,-90.0,-86.1,  1,  2, 0.00,251,50.2
2026-01-28 12:04:30,-82.1208,39.4517,  50.7,20010,-61.1,-90.0,-86.1,  1,  2, 0.00,251,50.1
2026-01-28 12:04:31,-82.1202,39.4519,  50.6,20015,-61.1,-90.0,-86.0,  1,  2, 0.00,251,50.0
2026-01-28 12:04:32,-82.1197,39.4520,  50.6,20021,-61.1,-90.0,-86.0,  1,  2, 0.00,251,49.9
2026-01-28 12:04:33,-82.1191,39.4521,  50.5,20027,-61.1,-90.0,-86.0,  1,  2, 0.00,251,49.7
2026-01-28 12:04:34,-82.1186,39.4523,  50.5,20033,-61.1,-90.0,-86.0,  1,  2, 0.00,251,49.6
2026-01-28 12:04:35,-82.1180,39.4524,  50.4,20039,-61.1,-89.9,-86.0,  1,  2, 0.00,251,49.5
2026-01-28 12:04:36,-82.1175,39.4525,  50.4,20045,-61.1,-89.9,-86.0,  1,  2, 0.00,251,49.5
2026-01-28 12:04:37,-82.1169,39.4527,  50.3,20051,-61.1,-89.9,-86.0,  1,  2, 0.00,251,49.6
2026-01-28 12:04:38,-82.1164,39.4528,  50.3,20057,-61.0,-89.9,-86.0,  1,  2, 0.00,251,49.6
2026-01-28 12:04:39,-82.1158,39.4529,  50.2,20063,-61.0,-89.9,-86.0,  1,  2, 0.00,251,49.6
2026-01-28 12:04:40,-82.1153,39.4530,  50.2,20069,-61.0,-89.9,-85.9,  1,  2, 0.00,251,49.7
2026-01-28 12:04:41,-82.1147,39.4532,  50.1,20074,-61.0,-89.9,-85.9,  1,  2, 0.00,251,49.7
2026-01-28 12:04:42,-82.1142,39.4533,  50.1,20080,-61.0,-89.9,-85.9,  1,  2, 0.00,251,49.7
2026-01-28 12:04:43,-82.1137,39.4534,  50.0,20086,-61.0,-89.8,-85.9,  1,  2, 0.00,252,49.7
2026-01-28 12:04:44,-82.1131,39.4536,  50.0,20091,-61.0,-89.8,-85.9,  1,  2, 0.00,252,49.8
2026-01-28 12:04:45,-82.1125,39.4537,  49.9,20098,-61.0,-89.8,-85.9,  1,  2, 0.00,252,49.8
2026-01-28 12:04:46,-82.1120,39.4538,  49.9,20104,-60.9,-89.8,-85.9,  1,  2, 0.00,252,49.8
2026-01-28 12:04:47,-82.1114,39.4540,  49.9,20110,-60.9,-89.8,-85.8,  1,  2, 0.00,252,49.8
2026-01-28 12:04:48,-82.1109,39.4541,  49.8,20116,-60.9,-89.8,-85.8,  1,  2, 0.00,252,49.9
2026-01-28 12:04:49,-82.1103,39.4542,  49.8,20122,-60.9,-89.8,-85.8,  1,  2, 0.00,252,49.9
2026-01-28 12:04:50,-82.1098,39.4544,  49.7,20127,-60.9,-89.8,-85.8,  1,  2, 0.00,252,49.9
2026-01-28 12:04:51,-82.1092,39.4545,  49.7,20133,-60.9,-89.8,-85.8,  1,  2, 0.00,252,49.9
2026-01-28 12:04:52,-82.1087,39.4547,  49.6,20139,-60.9,-89.8,-85.8,  1,  2, 0.00,252,50.0
2026-01-28 12:04:53,-82.1081,39.4548,  49.6,20144,-60.9,-89.7,-85.8,  1,  2, 0.00,252,50.0
2026-01-28 12:04:54,-82.1076,39.4549,  49.5,20150,-60.9,-89.7,-85.8,  1,  2, 0.00,252,50.0
2026-01-28 12:04:55,-82.1070,39.4551,  49.5,20156,-60.9,-89.7,-85.8,  1,  2, 0.00,252,50.0
2026-01-28 12:04:56,-82.1065,39.4552,  49.4,20161,-60.9,-89.7,-85.8,  1,  2, 0.00,252,50.1
2026-01-28 12:04:57,-82.1059,39.4554,  49.4,20167,-60.8,-89.7,-85.8,  1,  2, 0.00,252,50.1
2026-01-28 12:04:58,-82.1053,39.4555,  49.4,20172,-60.8,-89.7,-85.7,  1,  2, 0.00,252,50.1
2026-01-28 12:04:59,-82.1048,39.4556,  49.3,20178,-60.8,-89.7,-85.7,  1,  2, 0.00,252,50.1
2026-01-28 12:05:00,-82.1042,39.4558,  49.3,20183,-60.8,-89.7,-85.7,  1,  2, 0.00,252,50.2
2026-01-28 12:05:01,-82.1037,39.4559,  49.2,20189,-60.8,-89.7,-85.7,  1,  2, 0.00,252,50.2
2026-01-28 12:05:02,-82.1031,39.4561,  49.2,20194,-60.8,-89.7,-85.7,  1,  2, 0.00,252,50.2
2026-01-28 12:05:03,-82.1026,39.4562,  49.1,20200,-60.8,-89.7,-85.7,  1,  2, 0.00,252,50.2
2026-01-28 12:05:04,-82.1020,39.4563,  49.1,20206,-60.8,-89.6,-85.7,  1,  2, 0.00,251,50.2
2026-01-28 12:05:05,-82.1014,39.4565,  49.0,20212,-60.8,-89.6,-85.7,  1,  2, 0.00,251,50.3
2026-01-28 12:05:06,-82.1009,39.4566,  49.0,20218,-60.8,-89.6,-85.7,  1,  2, 0.00,251,50.3
2026-01-28 12:05:07,-82.1003,39.4568,  48.9,20224,-60.8,-89.6,-85.7,  1,  2, 0.00,251,50.3
2026-01-28 12:05:08,-82.0998,39.4569,  48.9,20230,-60.7,-89.6,-85.7,  1,  2, 0.00,251,50.3
2026-01-28 12:05:09,-82.0992,39.4570,  48.9,20236,-60.7,-89.6,-85.7,  1,  2, 0.00,251,50.4
2026-01-28 12:05:10,-82.0987,39.4572,  48.8,20242,-60.7,-89.6,-85.7,  1,  2, 0.00,251,50.4
2026-01-28 12:05:11,-82.0981,39.4573,  48.8,20247,-60.7,-89.6,-85.7,  1,  2, 0.00,251,50.4
2026-01-28 12:05:12,-82.0975,39.4575,  48.7,20253,-60.7,-89.6,-85.7,  1,  2, 0.00,251,50.4
2026-01-28 12:05:13,-82.0970,39.4576,  48.7,20259,-60.7,-89.6,-85.7,  1,  2, 0.00,250,50.4
2026-01-28 12:05:14,-82.0964,39.4577,  48.6,20264,-60.7,-89.6,-85.7,  1,  2, 0.00,250,50.5
2026-01-28 12:05:15,-82.0959,39.4579,  48.6,20270,-60.7,-89.6,-85.7,  1,  2, 0.00,250,50.5
2026-01-28 12:05:16,-82.0953,39.4580,  48.5,20276,-60.7,-89.6,-85.7,  1,  2, 0.00,250,50.5
2026-01-28 12:05:17,-82.0948,39.4582,  48.5,20281,-60.7,-89.6,-85.7,  1,  2, 0.00,250,50.6
2026-01-28 12:05:18,-82.0942,39.4583,  48.5,20287,-60.7,-89.6,-85.7,  1,  2, 0.00,250,50.7
2026-01-28 12:05:19,-82.0937,39.4584,  48.4,20292,-60.7,-89.6,-85.7,  1,  2, 0.00,251,50.7
2026-01-28 12:05:20,-82.0931,39.4586,  48.4,20298,-60.7,-89.6,-85.7,  1,  2, 0.00,251,50.8
2026-01-28 12:05:21,-82.0925,39.4587,  48.3,20303,-60.7,-89.6,-85.7,  1,  2, 0.00,251,50.8
2026-01-28 12:05:22,-82.0920,39.4589,  48.3,20308,-60.7,-89.6,-85.7,  1,  2, 0.00,251,50.9
2026-01-28 12:05:23,-82.0914,39.4590,  48.2,20314,-60.7,-89.6,-85.7,  1,  2, 0.00,251,51.0
2026-01-28 12:05:24,-82.0908,39.4592,  48.2,20319,-60.7,-89.7,-85.7,  1,  2, 0.00,251,51.0
2026-01-28 12:05:25,-82.0903,39.4593,  48.2,20324,-60.6,-89.7,-85.7,  1,  2, 0.00,251,51.1
2026-01-28 12:05:26,-82.0897,39.4594,  48.1,20329,-60.6,-89.7,-85.7,  1,  2, 0.00,251,51.1
2026-01-28 12:05:27,-82.0891,39.4596,  48.1,20334,-60.6,-89.7,-85.7,  1,  2, 0.00,251,51.2
2026-01-28 12:05:28,-82.0886,39.4597,  48.0,20340,-60.6,-89.7,-85.7,  1,  2, 0.00,251,51.2
2026-01-28 12:05:29,-82.0880,39.4599,  48.0,20345,-60.6,-89.7,-85.7,  1,  2, 0.00,251,51.3
2026-01-28 12:05:30,-82.0874,39.4600,  48.0,20350,-60.6,-89.7,-85.7,  1,  2, 0.00,251,51.4
2026-01-28 12:05:31,-82.0869,39.4602,  47.9,20356,-60.6,-89.7,-85.7,  1,  2, 0.00,251,51.4
2026-01-28 12:05:32,-82.0863,39.4603,  47.9,20362,-60.6,-89.6,-85.7,  1,  2, 0.00,251,51.5
2026-01-28 12:05:33,-82.0857,39.4604,  47.8,20369,-60.6,-89.6,-85.7,  1,  2, 0.00,252,51.5
2026-01-28 12:05:34,-82.0852,39.4606,  47.8,20375,-60.6,-89.6,-85.7,  1,  2, 0.00,252,51.6
2026-01-28 12:05:35,-82.0846,39.4607,  47.7,20381,-60.6,-89.6,-85.7,  1,  2, 0.00,252,51.7
2026-01-28 12:05:36,-82.0840,39.4609,  47.7,20386,-60.6,-89.6,-85.7,  1,  2, 0.00,252,51.6
2026-01-28 12:05:37,-82.0835,39.4610,  47.6,20392,-60.6,-89.6,-85.7,  1,  2, 0.00,252,51.6
2026-01-28 12:05:38,-82.0829,39.4612,  47.6,20398,-60.6,-89.6,-85.6,  1,  2, 0.00,251,51.6
2026-01-28 12:05:39,-82.0823,39.4613,  47.6,20403,-60.6,-89.6,-85.6,  1,  2, 0.00,251,51.6
2026-01-28 12:05:40,-82.0818,39.4614,  47.5,20409,-60.6,-89.6,-85.6,  1,  2, 0.00,251,51.6
2026-01-28 12:05:41,-82.0812,39.4616,  47.5,20415,-60.6,-89.6,-85.6,  1,  2, 0.00,251,51.6
2026-01-28 12:05:42,-82.0806,39.4617,  47.4,20421,-60.5,-89.6,-85.6,  1,  2, 0.00,251,51.6
2026-01-28 12:05:43,-82.0801,39.4619,  47.4,20427,-60.5,-89.5,-85.6,  1,  2, 0.00,251,51.5
2026-01-28 12:05:44,-82.0795,39.4620,  47.3,20433,-60.5,-89.5,-85.6,  1,  2, 0.00,251,51.5
2026-01-28 12:05:45,-82.0789,39.4622,  47.3,20439,-60.5,-89.5,-85.6,  1,  2, 0.00,251,51.5
2026-01-28 12:05:46,-82.0784,39.4623,  47.2,20445,-60.4,-89.5,-85.6,  1,  2, 0.00,251,51.5
2026-01-28 12:05:47,-82.0778,39.4624,  47.2,20451,-60.4,-89.5,-85.5,  1,  2, 0.00,251,51.5
2026-01-28 12:05:48,-82.0772,39.4626,  47.1,20457,-60.4,-89.5,-85.5,  1,  2, 0.00,251,51.5
2026-01-28 12:05:49,-82.0767,39.4627,  47.1,20463,-60.4,-89.5,-85.5,  1,  2, 0.00,251,51.5
2026-01-28 12:05:50,-82.0761,39.4629,  47.1,20469,-60.4,-89.5,-85.5,  1,  2, 0.00,250,51.4
2026-01-28 12:05:51,-82.0756,39.4630,  47.0,20475,-60.3,-89.5,-85.5,  1,  2, 0.00,250,51.4
2026-01-28 12:05:52,-82.0750,39.4632,  47.0,20481,-60.3,-89.5,-85.5,  1,  2, 0.00,250,51.4
2026-01-28 12:05:53,-82.0745,39.4633,  46.9,20486,-60.3,-89.5,-85.5,  1,  2, 0.00,250,51.4
2026-01-28 12:05:54,-82.0739,39.4635,  46.9,20492,-60.3,-89.5,-85.5,  1,  2, 0.00,250,51.4
2026-01-28 12:05:55,-82.0734,39.4636,  46.8,20498,-60.3,-89.5,-85.5,  1,  2, 0.00,250,51.4
2026-01-28 12:05:56,-82.0728,39.4638,  46.8,20504,-60.2,-89.5,-85.5,  1,  2, 0.00,250,51.3
2026-01-28 12:05:57,-82.0723,39.4639,  46.8,20510,-60.2,-89.5,-85.5,  1,  2, 0.00,250,51.3
2026-01-28 12:05:58,-82.0717,39.4641,  46.7,20515,-60.2,-89.5,-85.5,  1,  2, 0.00,250,51.3
2026-01-28 12:05:59,-82.0712,39.4643,  46.7,20521,-60.2,-89.4,-85.5,  1,  2, 0.00,250,51.2
2026-01-28 12:06:00,-82.0706,39.4644,  46.6,20527,-60.1,-89.4,-85.5,  1,  2, 0.00,250,51.2
2026-01-28 12:06:01,-82.0701,39.4646,  46.6,20533,-60.1,-89.4,-85.5,  1,  2, 0.00,250,51.2
2026-01-28 12:06:02,-82.0695,39.4647,  46.5,20538,-60.1,-89.4,-85.5,  1,  2, 0.00,250,51.2
2026-01-28 12:06:03,-82.0690,39.4649,  46.5,20544,-60.1,-89.4,-85.5,  1,  2, 0.00,250,51.1
2026-01-28 12:06:04,-82.0684,39.4650,  46.4,20550,-60.1,-89.4,-85.5,  1,  2, 0.00,249,51.1
2026-01-28 12:06:05,-82.0679,39.4652,  46.4,20555,-60.0,-89.4,-85.4,  1,  2, 0.00,249,51.1
2026-01-28 12:06:06,-82.0673,39.4653,  46.4,20561,-60.0,-89.4,-85.4,  1,  2, 0.00,249,51.0
2026-01-28 12:06:07,-82.0668,39.4655,  46.3,20567,-60.0,-89.4,-85.4,  1,  2, 0.00,249,51.0
2026-01-28 12:06:08,-82.0662,39.4656,  46.3,20572,-60.0,-89.4,-85.4,  1,  2, 0.00,249,51.0
2026-01-28 12:06:09,-82.0655,39.4659,  46.2,20578,-59.9,-89.4,-85.4,  1,  2, 0.00,249,50.9
2026-01-28 12:06:10,-82.0651,39.4660,  46.2,20586,-59.9,-89.4,-85.4,  1,  2, 0.00,249,50.9
2026-01-28 12:06:11,-82.0646,39.4661,  46.2,20590,-59.9,-89.4,-85.4,  1,  2, 0.00,249,50.9
2026-01-28 12:06:12,-82.0640,39.4663,  46.1,20596,-59.9,-89.3,-85.4,  1,  2, 0.00,249,50.8
2026-01-28 12:06:13,-82.0635,39.4664,  46.1,20602,-59.8,-89.3,-85.3,  1,  2, 0.00,249,50.8
2026-01-28 12:06:14,-82.0629,39.4666,  46.0,20608,-59.8,-89.3,-85.3,  1,  2, 0.00,249,50.8
2026-01-28 12:06:15,-82.0624,39.4667,  46.0,20613,-59.8,-89.3,-85.3,  1,  2, 0.00,249,50.8
2026-01-28 12:06:16,-82.0618,39.4669,  45.9,20619,-59.8,-89.2,-85.3,  1,  2, 0.00,249,50.7
2026-01-28 12:06:17,-82.0613,39.4670,  45.9,20625,-59.8,-89.2,-85.2,  1,  2, 0.00,249,50.6
2026-01-28 12:06:18,-82.0607,39.4672,  45.8,20631,-59.7,-89.2,-85.2,  1,  2, 0.00,249,50.6
2026-01-28 12:06:19,-82.0602,39.4673,  45.8,20637,-59.7,-89.2,-85.2,  1,  2, 0.00,249,50.5
2026-01-28 12:06:20,-82.0596,39.4675,  45.8,20643,-59.7,-89.1,-85.2,  1,  2, 0.00,249,50.4
2026-01-28 12:06:21,-82.0591,39.4676,  45.7,20649,-59.7,-89.1,-85.1,  1,  2, 0.00,249,50.4
2026-01-28 12:06:22,-82.0585,39.4678,  45.7,20656,-59.6,-89.1,-85.1,  1,  2, 0.00,249,50.3
2026-01-28 12:06:23,-82.0580,39.4679,  45.6,20662,-59.6,-89.1,-85.1,  1,  2, 0.00,249,50.2
2026-01-28 12:06:24,-82.0575,39.4681,  45.6,20668,-59.6,-89.0,-85.1,  1,  2, 0.00,249,50.2
2026-01-28 12:06:25,-82.0569,39.4682,  45.5,20675,-59.5,-89.0,-85.1,  1,  2, 0.00,249,50.1
2026-01-28 12:06:26,-82.0564,39.4684,  45.5,20681,-59.5,-89.0,-85.0,  1,  2, 0.00,249,50.0
2026-01-28 12:06:27,-82.0558,39.4685,  45.4,20687,-59.5,-89.0,-85.0,  1,  2, 0.00,249,50.0
2026-01-28 12:06:28,-82.0553,39.4687,  45.4,20693,-59.4,-89.0,-85.0,  1,  2, 0.00,250,49.9
2026-01-28 12:06:29,-82.0547,39.4688,  45.4,20699,-59.4,-88.9,-85.0,  1,  2, 0.00,250,49.8
2026-01-28 12:06:30,-82.0542,39.4689,  45.3,20705,-59.4,-88.9,-84.9,  1,  2, 0.00,250,49.8
2026-01-28 12:06:31,-82.0537,39.4691,  45.3,20711,-59.4,-88.9,-84.9,  1,  2, 0.00,250,49.7
2026-01-28 12:06:32,-82.0531,39.4692,  45.2,20717,-59.3,-88.9,-84.9,  1,  2, 0.00,250,49.6
2026-01-28 12:06:33,-82.0526,39.4694,  45.2,20722,-59.3,-88.9,-84.9,  1,  2, 0.00,250,49.6
2026-01-28 12:06:34,-82.0520,39.4695,  45.1,20728,-59.3,-88.8,-84.9,  1,  2, 0.00,250,49.5
2026-01-28 12:06:35,-82.0515,39.4697,  45.1,20733,-59.2,-88.8,-84.8,  1,  2, 0.00,250,49.4
2026-01-28 12:06:36,-82.0510,39.4698,  45.1,20739,-59.2,-88.8,-84.8,  1,  2, 0.00,250,49.5
2026-01-28 12:06:37,-82.0504,39.4699,  45.0,20744,-59.2,-88.8,-84.8,  1,  2, 0.00,250,49.5
2026-01-28 12:06:38,-82.0499,39.4701,  45.0,20749,-59.2,-88.8,-84.8,  1,  2, 0.00,250,49.5
2026-01-28 12:06:39,-82.0493,39.4702,  45.0,20754,-59.2,-88.8,-84.8,  1,  2, 0.00,250,49.5
2026-01-28 12:06:40,-82.0488,39.4704,  44.9,20759,-59.1,-88.8,-84.8,  1,  2, 0.00,250,49.5
2026-01-28 12:06:41,-82.0483,39.4705,  44.9,20764,-59.1,-88.7,-84.8,  1,  2, 0.00,250,49.5
2026-01-28 12:06:42,-82.0477,39.4707,  44.8,20769,-59.1,-88.7,-84.7,  1,  2, 0.00,250,49.5
2026-01-28 12:06:43,-82.0472,39.4708,  44.8,20774,-59.1,-88.7,-84.7,  1,  2, 0.00,250,49.5
2026-01-28 12:06:44,-82.0466,39.4710,  44.8,20780,-59.1,-88.7,-84.7,  1,  2, 0.00,250,49.6
2026-01-28 12:06:45,-82.0461,39.4711,  44.7,20786,-59.0,-88.7,-84.7,  1,  2, 0.00,250,49.6
2026-01-28 12:06:46,-82.0455,39.4712,  44.7,20791,-59.0,-88.7,-84.7,  1,  2, 0.00,250,49.6
2026-01-28 12:06:47,-82.0450,39.4714,  44.6,20797,-59.0,-88.6,-84.6,  1,  2, 0.00,250,49.6
2026-01-28 12:06:48,-82.0444,39.4715,  44.6,20802,-59.0,-88.6,-84.6,  1,  2, 0.00,250,49.6
2026-01-28 12:06:49,-82.0439,39.4717,  44.6,20808,-59.0,-88.6,-84.6,  1,  2, 0.00,250,49.6
2026-01-28 12:06:50,-82.0434,39.4718,  44.5,20814,-59.0,-88.6,-84.6,  1,  2, 0.00,250,49.6
2026-01-28 12:06:51,-82.0428,39.4720,  44.5,20820,-58.9,-88.6,-84.6,  1,  2, 0.00,250,49.6
2026-01-28 12:06:52,-82.0423,39.4721,  44.4,20826,-58.9,-88.6,-84.6,  1,  2, 0.00,250,49.7
2026-01-28 12:06:53,-82.0418,39.4723,  44.4,20832,-58.9,-88.5,-84.6,  1,  2, 0.00,250,49.7
2026-01-28 12:06:54,-82.0412,39.4725,  44.4,20838,-58.9,-88.5,-84.5,  1,  2, 0.00,250,49.7
2026-01-28 12:06:55,-82.0407,39.4726,  44.3,20844,-58.9,-88.5,-84.5,  1,  2, 0.00,250,49.7
2026-01-28 12:06:56,-82.0402,39.4728,  44.3,20850,-58.9,-88.5,-84.5,  1,  2, 0.00,250,49.7
2026-01-28 12:06:57,-82.0396,39.4729,  44.2,20857,-58.9,-88.5,-84.5,  1,  2, 0.00,250,49.7
2026-01-28 12:06:58,-82.0391,39.4731,  44.2,20863,-58.9,-88.5,-84.5,  1,  2, 0.00,250,49.7
2026-01-28 12:06:59,-82.0385,39.4733,  44.1,20869,-58.8,-88.4,-84.5,  1,  2, 0.00,249,49.7
2026-01-28 12:07:00,-82.0380,39.4734,  44.1,20875,-58.8,-88.4,-84.4,  1,  2, 0.00,249,49.8
2026-01-28 12:07:01,-82.0375,39.4736,  44.1,20880,-58.8,-88.4,-84.4,  1,  2, 0.00,249,49.8
2026-01-28 12:07:02,-82.0369,39.4738,  44.0,20886,-58.8,-88.4,-84.4,  1,  2, 0.00,249,49.8
2026-01-28 12:07:03,-82.0364,39.4739,  44.0,20892,-58.8,-88.4,-84.4,  1,  2, 0.00,249,49.8
2026-01-28 12:07:04,-82.0359,39.4741,  43.9,20898,-58.8,-88.4,-84.4,  1,  2, 0.00,249,49.8
2026-01-28 12:07:05,-82.0353,39.4742,  43.9,20903,-58.8,-88.4,-84.4,  1,  2, 0.00,249,49.8
2026-01-28 12:07:06,-82.0348,39.4744,  43.9,20909,-58.7,-88.3,-84.3,  1,  2, 0.00,249,49.8
2026-01-28 12:07:07,-82.0342,39.4746,  43.8,20914,-58.7,-88.3,-84.3,  1,  2, 0.00,249,49.9
2026-01-28 12:07:08,-82.0337,39.4747,  43.8,20919,-58.7,-88.3,-84.3,  1,  2, 0.00,249,49.9
2026-01-28 12:07:09,-82.0332,39.4749,  43.7,20924,-58.7,-88.3,-84.3,  1,  2, 0.00,248,49.9
2026-01-28 12:07:10,-82.0326,39.4751,  43.7,20930,-58.7,-88.3,-84.3,  1,  2, 0.00,248,49.9
2026-01-28 12:07:11,-82.0321,39.4752,  43.7,20935,-58.7,-88.3,-84.3,  1,  2, 0.00,248,49.9
2026-01-28 12:07:12,-82.0316,39.4754,  43.6,20941,-58.7,-88.3,-84.3,  1,  2, 0.00,248,49.9
2026-01-28 12:07:13,-82.0310,39.4756,  43.6,20947,-58.7,-88.3,-84.3,  1,  2, 0.00,248,49.9
2026-01-28 12:07:14,-82.0305,39.4757,  43.5,20954,-58.6,-88.3,-84.3,  1,  2, 0.00,248,50.0
2026-01-28 12:07:15,-82.0299,39.4759,  43.5,20960,-58.6,-88.3,-84.3,  1,  2, 0.00,248,50.0
2026-01-28 12:07:16,-82.0294,39.4760,  43.5,20966,-58.6,-88.3,-84.3,  1,  2, 0.00,248,50.0
2026-01-28 12:07:17,-82.0289,39.4762,  43.4,20972,-58.6,-88.3,-84.3,  1,  2, 0.00,248,50.0
2026-01-28 12:07:18,-82.0283,39.4764,  43.4,20978,-58.6,-88.3,-84.3,  1,  2, 0.00,247,49.9
2026-01-28 12:07:19,-82.0278,39.4765,  43.3,20984,-58.6,-88.3,-84.3,  1,  2, 0.00,247,49.9
2026-01-28 12:07:20,-82.0273,39.4767,  43.3,20990,-58.6,-88.3,-84.3,  1,  2, 0.00,247,49.9
2026-01-28 12:07:21,-82.0267,39.4769,  43.3,20996,-58.6,-88.3,-84.3,  1,  2, 0.00,247,49.9
2026-01-28 12:07:22,-82.0262,39.4770,  43.2,21002,-58.6,-88.2,-84.2,  1,  2, 0.00,247,49.9
2026-01-28 12:07:23,-82.0257,39.4772,  43.2,21008,-58.6,-88.2,-84.2,  1,  2, 0.00,247,49.9
2026-01-28 12:07:24,-82.0252,39.4774,  43.1,21014,-58.7,-88.2,-84.2,  1,  2, 0.00,247,49.9
2026-01-28 12:07:25,-82.0246,39.4776,  43.1,21020,-58.7,-88.2,-84.2,  1,  2, 0.00,247,49.9
2026-01-28 12:07:26,-82.0241,39.4777,  43.0,21026,-58.7,-88.2,-84.2,  1,  2, 0.00,246,49.8
2026-01-28 12:07:27,-82.0236,39.4779,  43.0,21032,-58.7,-88.2,-84.2,  1,  2, 0.00,246,49.8
2026-01-28 12:07:28,-82.0231,39.4781,  43.0,21038,-58.7,-88.2,-84.2,  1,  2, 0.00,246,49.8
2026-01-28 12:07:29,-82.0225,39.4783,  42.9,21045,-58.7,-88.2,-84.2,  1,  2, 0.00,246,49.8
2026-01-28 12:07:30,-82.0220,39.4784,  42.9,21051,-58.7,-88.2,-84.2,  1,  2, 0.00,246,49.8
2026-01-28 12:07:31,-82.0215,39.4786,  42.8,21057,-58.7,-88.2,-84.2,  1,  2, 0.00,246,49.8
2026-01-28 12:07:32,-82.0210,39.4788,  42.8,21063,-58.7,-88.2,-84.2,  1,  2, 0.00,246,49.8
2026-01-28 12:07:33,-82.0205,39.4790,  42.8,21069,-58.7,-88.2,-84.2,  1,  2, 0.00,246,49.8
2026-01-28 12:07:34,-82.0199,39.4791,  42.7,21075,-58.7,-88.1,-84.1,  1,  2, 0.00,245,49.8
2026-01-28 12:07:35,-82.0194,39.4793,  42.7,21081,-58.7,-88.1,-84.1,  1,  2, 0.00,245,49.7
2026-01-28 12:07:36,-82.0189,39.4795,  42.6,21087,-58.7,-88.1,-84.1,  1,  2, 0.00,245,49.7
2026-01-28 12:07:37,-82.0184,39.4796,  42.6,21093,-58.7,-88.1,-84.1,  1,  2, 0.00,245,49.7
2026-01-28 12:07:38,-82.0178,39.4798,  42.5,21099,-58.7,-88.1,-84.1,  1,  2, 0.00,245,49.6
2026-01-28 12:07:39,-82.0173,39.4800,  42.5,21105,-58.7,-88.1,-84.1,  1,  2, 0.00,245,49.6
2026-01-28 12:07:40,-82.0168,39.4802,  42.5,21111,-58.7,-88.1,-84.1,  1,  2, 0.00,245,49.5
2026-01-28 12:07:41,-82.0163,39.4803,  42.4,21117,-58.7,-88.1,-84.1,  1,  2, 0.00,246,49.5
2026-01-28 12:07:42,-82.0158,39.4805,  42.4,21123,-58.7,-88.1,-84.1,  1,  2, 0.00,246,49.4
2026-01-28 12:07:43,-82.0150,39.4808,  42.3,21130,-58.7,-88.1,-84.1,  1,  2, 0.00,246,49.4
2026-01-28 12:07:44,-82.0147,39.4809,  42.3,21138,-58.7,-88.1,-84.0,  1,  2, 0.00,246,49.3
2026-01-28 12:07:45,-82.0142,39.4810,  42.3,21141,-58.7,-88.1,-84.0,  1,  2, 0.00,246,49.3
2026-01-28 12:07:46,-82.0137,39.4812,  42.2,21147,-58.7,-88.1,-84.0,  1,  2, 0.00,246,49.2
2026-01-28 12:07:47,-82.0131,39.4814,  42.2,21153,-58.7,-88.1,-84.0,  1,  2, 0.00,246,49.2
2026-01-28 12:07:48,-82.0126,39.4816,  42.1,21158,-58.7,-88.1,-84.0,  1,  2, 0.00,246,49.1
2026-01-28 12:07:49,-82.0121,39.4817,  42.1,21164,-58.7,-88.1,-84.0,  1,  2, 0.00,246,49.1
2026-01-28 12:07:50,-82.0116,39.4819,  42.1,21170,-58.7,-88.1,-84.1,  1,  2, 0.00,246,49.0
2026-01-28 12:07:51,-82.0110,39.4821,  42.0,21176,-58.6,-88.1,-84.1,  1,  2, 0.00,246,49.0
2026-01-28 12:07:52,-82.0105,39.4822,  42.0,21182,-58.6,-88.1,-84.1,  1,  2, 0.00,246,49.0
2026-01-28 12:07:53,-82.0100,39.4824,  41.9,21188,-58.6,-88.1,-84.1,  1,  2, 0.00,246,48.9
2026-01-28 12:07:54,-82.0095,39.4826,  41.9,21194,-58.6,-88.1,-84.1,  1,  2, 0.00,246,48.9
2026-01-28 12:07:55,-82.0090,39.4827,  41.9,21200,-58.6,-88.1,-84.1,  1,  2, 0.00,246,48.8
2026-01-28 12:07:56,-82.0084,39.4829,  41.8,21206,-58.6,-88.1,-84.1,  1,  2, 0.00,246,48.8
2026-01-28 12:07:57,-82.0079,39.4831,  41.8,21214,-58.6,-88.1,-84.1,  1,  2, 0.00,246,48.8
2026-01-28 12:07:58,-82.0074,39.4832,  41.7,21221,-58.6,-88.1,-84.1,  1,  2, 0.00,246,48.8
2026-01-28 12:07:59,-82.0069,39.4834,  41.7,21228,-58.6,-88.1,-84.1,  1,  2, 0.00,246,48.8
2026-01-28 12:08:00,-82.0063,39.4836,  41.6,21235,-58.6,-88.1,-84.1,  1,  2, 0.00,246,48.8
2026-01-28 12:08:01,-82.0058,39.4837,  41.6,21242,-58.6,-88.1,-84.1,  1,  2, 0.00,246,48.8
2026-01-28 12:08:02,-82.0053,39.4839,  41.6,21248,-58.6,-88.1,-84.1,  1,  2, 0.00,246,48.9
2026-01-28 12:08:03,-82.0048,39.4841,  41.5,21255,-58.6,-88.1,-84.1,  1,  2, 0.00,246,48.9
2026-01-28 12:08:04,-82.0042,39.4842,  41.5,21261,-58.6,-88.1,-84.1,  1,  2, 0.00,246,48.9
2026-01-28 12:08:05,-82.0037,39.4844,  41.4,21267,-58.6,-88.1,-84.1,  1,  2, 0.00,246,48.9
2026-01-28 12:08:06,-82.0032,39.4846,  41.4,21274,-58.6,-88.1,-84.1,  1,  2, 0.00,247,48.9
2026-01-28 12:08:07,-82.0027,39.4847,  41.3,21280,-58.6,-88.1,-84.1,  1,  2, 0.00,247,48.9
2026-01-28 12:08:08,-82.0021,39.4849,  41.3,21287,-58.6,-88.2,-84.2,  1,  2, 0.00,247,48.9
2026-01-28 12:08:09,-82.0016,39.4850,  41.3,21294,-58.6,-88.2,-84.2,  1,  2, 0.00,247,48.9
2026-01-28 12:08:10,-82.0011,39.4852,  41.2,21300,-58.6,-88.2,-84.2,  1,  2, 0.00,247,48.9
2026-01-28 12:08:11,-82.0005,39.4854,  41.2,21307,-58.6,-88.2,-84.2,  1,  2, 0.00,247,48.9
2026-01-28 12:08:12,-82.0000,39.4855,  41.1,21314,-58.6,-88.2,-84.2,  1,  2, 0.00,247,48.9
2026-01-28 12:08:13,-81.9995,39.4857,  41.1,21320,-58.6,-88.2,-84.2,  1,  2, 0.00,247,48.9
2026-01-28 12:08:14,-81.9990,39.4859,  41.0,21326,-58.6,-88.1,-84.1,  1,  2, 0.00,247,48.9
2026-01-28 12:08:15,-81.9984,39.4860,  41.0,21332,-58.6,-88.1,-84.1,  1,  2, 0.00,247,48.9
2026-01-28 12:08:16,-81.9979,39.4862,  41.0,21338,-58.6,-88.1,-84.1,  1,  2, 0.00,247,49.0
2026-01-28 12:08:17,-81.9974,39.4864,  40.9,21345,-58.6,-88.1,-84.1,  1,  2, 0.00,247,49.0
2026-01-28 12:08:18,-81.9969,39.4865,  40.9,21351,-58.6,-88.1,-84.1,  1,  2, 0.00,247,49.0
2026-01-28 12:08:19,-81.9963,39.4867,  40.8,21356,-58.6,-88.1,-84.1,  1,  2, 0.00,247,49.1
2026-01-28 12:08:20,-81.9958,39.4869,  40.8,21362,-58.6,-88.1,-84.1,  1,  2, 0.00,247,49.1
2026-01-28 12:08:21,-81.9953,39.4870,  40.8,21368,-58.6,-88.1,-84.1,  1,  2, 0.00,247,49.2
2026-01-28 12:08:22,-81.9948,39.4872,  40.7,21374,-58.6,-88.1,-84.1,  1,  2, 0.00,247,49.2
2026-01-28 12:08:23,-81.9942,39.4874,  40.7,21379,-58.6,-88.1,-84.1,  1,  2, 0.00,247,49.2
2026-01-28 12:08:24,-81.9937,39.4875,  40.7,21385,-58.6,-88.1,-84.0,  1,  2, 0.00,247,49.3
2026-01-28 12:08:25,-81.9932,39.4877,  40.6,21390,-58.6,-88.0,-84.0,  1,  2, 0.00,247,49.3
2026-01-28 12:08:26,-81.9926,39.4879,  40.6,21396,-58.5,-88.0,-84.0,  1,  2, 0.00,247,49.4
2026-01-28 12:08:27,-81.9921,39.4880,  40.6,21401,-58.5,-88.0,-84.0,  1,  2, 0.00,247,49.4
2026-01-28 12:08:28,-81.9916,39.4882,  40.5,21406,-58.5,-88.0,-84.0,  1,  2, 0.00,247,49.4
2026-01-28 12:08:29,-81.9910,39.4884,  40.5,21412,-58.5,-88.0,-84.0,  1,  2, 0.00,247,49.5
2026-01-28 12:08:30,-81.9905,39.4885,  40.4,21417,-58.5,-88.0,-84.0,  1,  2, 0.00,247,49.5
2026-01-28 12:08:31,-81.9900,39.4887,  40.4,21423,-58.5,-88.0,-84.0,  1,  2, 0.00,247,49.5
2026-01-28 12:08:32,-81.9894,39.4889,  40.4,21429,-58.4,-88.0,-84.0,  1,  2, 0.00,247,49.6
2026-01-28 12:08:33,-81.9889,39.4890,  40.3,21434,-58.4,-88.0,-84.0,  1,  2, 0.00,247,49.6
2026-01-28 12:08:34,-81.9884,39.4892,  40.3,21440,-58.4,-88.0,-84.0,  1,  2, 0.00,247,49.7
2026-01-28 12:08:35,-81.9879,39.4894,  40.3,21446,-58.4,-88.0,-84.0,  1,  2, 0.00,247,49.7
2026-01-28 12:08:36,-81.9873,39.4895,  40.2,21452,-58.4,-88.0,-84.0,  1,  2, 0.00,247,49.7
2026-01-28 12:08:37,-81.9868,39.4897,  40.2,21458,-58.4,-88.0,-84.0,  1,  2, 0.00,247,49.7
2026-01-28 12:08:38,-81.9862,39.4898,  40.2,21464,-58.3,-87.9,-83.9,  1,  2, 0.00,247,49.7
2026-01-28 12:08:39,-81.9857,39.4900,  40.1,21470,-58.3,-87.9,-83.9,  1,  2, 0.00,247,49.7
2026-01-28 12:08:40,-81.9852,39.4902,  40.1,21476,-58.3,-87.9,-83.9,  1,  2, 0.00,247,49.6
2026-01-28 12:08:41,-81.9847,39.4903,  40.0,21482,-58.2,-87.9,-83.9,  1,  2, 0.00,247,49.6
2026-01-28 12:08:42,-81.9841,39.4905,  40.0,21488,-58.2,-87.9,-83.9,  1,  2, 0.00,247,49.6
2026-01-28 12:08:43,-81.9836,39.4907,  40.0,21494,-58.1,-87.9,-83.9,  1,  2, 0.00,247,49.6
2026-01-28 12:08:44,-81.9831,39.4908,  39.9,21500,-58.1,-87.9,-83.9,  1,  2, 0.00,247,49.6
2026-01-28 12:08:45,-81.9825,39.4910,  39.9,21505,-58.1,-87.9,-83.9,  1,  2, 0.00,247,49.6
2026-01-28 12:08:46,-81.9820,39.4912,  39.8,21512,-58.0,-87.9,-83.9,  1,  2, 0.00,247,49.6
2026-01-28 12:08:47,-81.9815,39.4913,  39.8,21518,-58.0,-87.9,-83.9,  1,  2, 0.00,247,49.6
2026-01-28 12:08:48,-81.9809,39.4915,  39.8,21524,-58.0,-87.9,-83.9,  1,  2, 0.00,247,49.5
2026-01-28 12:08:49,-81.9804,39.4917,  39.7,21530,-57.9,-87.9,-83.9,  1,  2, 0.00,247,49.5
2026-01-28 12:08:50,-81.9799,39.4918,  39.7,21536,-57.9,-87.9,-83.9,  1,  2, 0.00,247,49.5
2026-01-28 12:08:51,-81.9793,39.4920,  39.7,21543,-57.9,-87.9,-83.9,  1,  2, 0.00,247,49.5
2026-01-28 12:08:52,-81.9788,39.4922,  39.6,21548,-57.8,-87.9,-83.9,  1,  2, 0.00,247,49.5
2026-01-28 12:08:53,-81.9782,39.4923,  39.6,21553,-57.8,-87.9,-83.9,  1,  2, 0.00,247,49.5
2026-01-28 12:08:54,-81.9777,39.4925,  39.5,21559,-57.8,-87.9,-83.8,  1,  2, 0.00,247,49.5
2026-01-28 12:08:55,-81.9772,39.4927,  39.5,21564,-57.7,-87.8,-83.8,  1,  2, 0.00,247,49.5
2026-01-28 12:08:56,-81.9766,39.4928,  39.5,21570,-57.7,-87.8,-83.8,  1,  2, 0.00,247,49.5
2026-01-28 12:08:57,-81.9761,39.4930,  39.4,21575,-57.6,-87.8,-83.8,  1,  2, 0.00,247,49.6
2026-01-28 12:08:58,-81.9755,39.4931,  39.4,21580,-57.6,-87.8,-83.8,  1,  2, 0.00,247,49.6
2026-01-28 12:08:59,-81.9750,39.4933,  39.4,21585,-57.6,-87.8,-83.8,  1,  2, 0.00,247,49.7
2026-01-28 12:09:00,-81.9744,39.4935,  39.3,21591,-57.5,-87.8,-83.7,  1,  2, 0.00,247,49.8
2026-01-28 12:09:01,-81.9738,39.4936,  39.3,21596,-57.5,-87.8,-83.7,  1,  2, 0.00,247,49.8
2026-01-28 12:09:02,-81.9733,39.4938,  39.3,21601,-57.5,-87.7,-83.7,  1,  2, 0.00,247,49.9
2026-01-28 12:09:03,-81.9728,39.4940,  39.3,21606,-57.4,-87.7,-83.7,  1,  2, 0.00,247,49.9
2026-01-28 12:09:04,-81.9722,39.4941,  39.2,21612,-57.4,-87.7,-83.7,  1,  2, 0.00,247,50.0
2026-01-28 12:09:05,-81.9717,39.4943,  39.2,21617,-57.3,-87.7,-83.7,  1,  2, 0.00,247,50.0
2026-01-28 12:09:06,-81.9711,39.4944,  39.2,21622,-57.3,-87.6,-83.6,  1,  2, 0.00,247,50.1
2026-01-28 12:09:07,-81.9706,39.4946,  39.1,21627,-57.2,-87.6,-83.6,  1,  2, 0.00,248,50.2
2026-01-28 12:09:08,-81.9700,39.4948,  39.1,21632,-57.2,-87.6,-83.6,  1,  2, 0.00,248,50.2
2026-01-28 12:09:09,-81.9695,39.4949,  39.1,21638,-57.1,-87.5,-83.5,  1,  2, 0.00,248,50.3
2026-01-28 12:09:10,-81.9689,39.4951,  39.0,21643,-57.1,-87.5,-83.5,  1,  2, 0.00,248,50.3
2026-01-28 12:09:11,-81.9684,39.4953,  39.0,21649,-57.1,-87.5,-83.4,  1,  2, 0.00,248,50.4
2026-01-28 12:09:12,-81.9678,39.4954,  39.0,21654,-57.0,-87.4,-83.4,  1,  2, 0.00,248,50.5
2026-01-28 12:09:13,-81.9673,39.4956,  38.9,21660,-57.0,-87.4,-83.4,  1,  2, 0.00,248,50.5
2026-01-28 12:09:14,-81.9667,39.4957,  38.9,21665,-56.9,-87.4,-83.3,  1,  2, 0.00,248,50.6
2026-01-28 12:09:15,-81.9661,39.4959,  38.8,21672,-56.9,-87.3,-83.3,  1,  2, 0.01,248,50.6
2026-01-28 12:09:16,-81.9656,39.4961,  38.8,21678,-56.8,-87.3,-83.3,  1,  2, 0.01,248,50.7
2026-01-28 12:09:17,-81.9651,39.4962,  38.8,21684,-56.8,-87.3,-83.2,  1,  2, 0.01,248,50.8
2026-01-28 12:09:18,-81.9645,39.4964,  38.7,21690,-56.7,-87.2,-83.2,  1,  2, 0.01,248,50.9
2026-01-28 12:09:19,-81.9640,39.4966,  38.7,21696,-56.7,-87.2,-83.1,  1,  2, 0.01,248,51.0
2026-01-28 12:09:20,-81.9634,39.4967,  38.7,21701,-56.6,-87.1,-83.1,  1,  2, 0.01,248,51.1
2026-01-28 12:09:21,-81.9629,39.4969,  38.6,21707,-56.6,-87.1,-83.1,  1,  2, 0.01,248,51.2
2026-01-28 12:09:22,-81.9623,39.4970,  38.6,21712,-56.5,-87.1,-83.0,  1,  2, 0.01,248,51.3
2026-01-28 12:09:23,-81.9617,39.4972,  38.6,21717,-56.5,-87.0,-83.0,  1,  2, 0.01,248,51.4
2026-01-28 12:09:24,-81.9611,39.4973,  38.5,21722,-56.4,-87.0,-83.0,  1,  2, 0.01,249,51.5
2026-01-28 12:09:25,-81.9605,39.4975,  38.5,21728,-56.4,-87.0,-82.9,  1,  2, 0.01,249,51.6
2026-01-28 12:09:26,-81.9600,39.4976,  38.5,21733,-56.3,-86.9,-82.9,  1,  2, 0.01,249,51.7
2026-01-28 12:09:27,-81.9594,39.4978,  38.4,21739,-56.3,-86.9,-82.8,  1,  2, 0.01,249,51.8
2026-01-28 12:09:28,-81.9588,39.4979,  38.4,21745,-56.3,-86.9,-82.8,  1,  2, 0.01,249,51.9
2026-01-28 12:09:29,-81.9582,39.4981,  38.4,21750,-56.2,-86.8,-82.8,  1,  2, 0.01,249,52.0
2026-01-28 12:09:30,-81.9576,39.4982,  38.3,21756,-56.2,-86.8,-82.7,  1,  2, 0.01,249,52.1
2026-01-28 12:09:31,-81.9571,39.4984,  38.3,21762,-56.1,-86.7,-82.7,  1,  2, 0.01,249,52.2
2026-01-28 12:09:32,-81.9565,39.4985,  38.3,21768,-56.1,-86.7,-82.7,  1,  2, 0.01,249,52.3
2026-01-28 12:09:33,-81.9559,39.4986,  38.2,21774,-56.0,-86.7,-82.6,  1,  2, 0.01,249,52.4
2026-01-28 12:09:34,-81.9553,39.4988,  38.2,21780,-56.0,-86.7,-82.6,  1,  2, 0.01,249,52.5
2026-01-28 12:09:35,-81.9547,39.4989,  38.2,21786,-55.9,-86.6,-82.6,  1,  2, 0.01,249,52.6
2026-01-28 12:09:36,-81.9541,39.4991,  38.1,21792,-55.9,-86.6,-82.6,  1,  2, 0.01,250,52.6
2026-01-28 12:09:37,-81.9536,39.4992,  38.1,21799,-55.8,-86.6,-82.5,  1,  2, 0.01,250,52.6
2026-01-28 12:09:38,-81.9530,39.4994,  38.0,21805,-55.8,-86.6,-82.5,  1,  2, 0.01,250,52.7
2026-01-28 12:09:39,-81.9524,39.4995,  38.0,21811,-55.8,-86.6,-82.5,  1,  2, 0.01,250,52.7
2026-01-28 12:09:40,-81.9518,39.4997,  38.0,21818,-55.7,-86.5,-82.5,  1,  2, 0.01,250,52.7
2026-01-28 12:09:41,-81.9512,39.4998,  37.9,21824,-55.7,-86.5,-82.5,  1,  2, 0.01,250,52.8
2026-01-28 12:09:42,-81.9506,39.5000,  37.9,21830,-55.6,-86.5,-82.4,  1,  2, 0.01,250,52.8
2026-01-28 12:09:43,-81.9501,39.5001,  37.8,21837,-55.6,-86.5,-82.4,  1,  2, 0.01,250,52.8
2026-01-28 12:09:44,-81.9495,39.5003,  37.8,21844,-55.5,-86.4,-82.4,  1,  2, 0.01,251,52.8
2026-01-28 12:09:45,-81.9489,39.5004,  37.8,21850,-55.5,-86.4,-82.4,  1,  2, 0.01,251,52.9
2026-01-28 12:09:46,-81.9483,39.5005,  37.7,21857,-55.5,-86.4,-82.3,  1,  2, 0.01,251,52.9
2026-01-28 12:09:47,-81.9477,39.5007,  37.7,21863,-55.4,-86.4,-82.3,  1,  2, 0.01,251,52.9
2026-01-28 12:09:48,-81.9472,39.5008,  37.7,21869,-55.4,-86.4,-82.3,  1,  2, 0.01,251,53.0
2026-01-28 12:09:49,-81.9466,39.5010,  37.6,21875,-55.4,-86.3,-82.3,  1,  2, 0.01,251,53.0
2026-01-28 12:09:50,-81.9460,39.5011,  37.6,21881,-55.3,-86.3,-82.3,  1,  2, 0.01,251,53.0
2026-01-28 12:09:51,-81.9454,39.5013,  37.6,21887,-55.3,-86.3,-82.2,  1,  2, 0.01,251,53.1
2026-01-28 12:09:52,-81.9448,39.5014,  37.5,21893,-55.2,-86.3,-82.2,  1,  2, 0.01,251,53.1
2026-01-28 12:09:53,-81.9443,39.5016,  37.5,21899,-55.2,-86.2,-82.2,  1,  2, 0.01,252,53.1
2026-01-28 12:09:54,-81.9437,39.5017,  37.4,21905,-55.2,-86.2,-82.2,  1,  2, 0.01,252,53.1
2026-01-28 12:09:55,-81.9431,39.5019,  37.4,21911,-55.1,-86.2,-82.1,  1,  2, 0.01,252,53.2
2026-01-28 12:09:56,-81.9426,39.5020,  37.4,21917,-55.1,-86.2,-82.1,  1,  2, 0.01,252,53.1
2026-01-28 12:09:57,-81.9420,39.5021,  37.3,21923,-55.1,-86.2,-82.1,  1,  2, 0.01,252,53.0
2026-01-28 12:09:58,-81.9416,39.5023,  37.3,21929,-55.0,-86.1,-82.1,  1,  2, 0.01,252,53.0
2026-01-28 12:09:59,-81.9409,39.5024,  37.3,21934,-55.0,-86.1,-82.0,  1,  2, 0.01,252,52.9
2026-01-28 12:10:00,-81.9403,39.5026,  37.2,21941,-54.9,-86.1,-82.0,  1,  2, 0.01,252,52.8
2026-01-28 12:10:01,-81.9397,39.5027,  37.2,21946,-54.9,-86.0,-82.0,  1,  2, 0.01,252,52.8
2026-01-28 12:10:02,-81.9392,39.5029,  37.2,21952,-54.8,-86.0,-81.9,  1,  2, 0.01,252,52.7
2026-01-28 12:10:03,-81.9386,39.5030,  37.1,21957,-54.8,-86.0,-81.9,  1,  2, 0.01,252,52.6
2026-01-28 12:10:04,-81.9380,39.5031,  37.1,21963,-54.8,-85.9,-81.8,  1,  2, 0.01,252,52.6
2026-01-28 12:10:05,-81.9375,39.5033,  37.1,21968,-54.7,-85.9,-81.8,  1,  2, 0.01,252,52.5
2026-01-28 12:10:06,-81.9369,39.5034,  37.0,21974,-54.7,-85.9,-81.8,  1,  2, 0.01,252,52.4
2026-01-28 12:10:07,-81.9363,39.5036,  37.0,21980,-54.6,-85.8,-81.7,  1,  2, 0.01,252,52.4
2026-01-28 12:10:08,-81.9358,39.5037,  37.0,21985,-54.6,-85.8,-81.7,  1,  2, 0.01,252,52.3
2026-01-28 12:10:09,-81.9352,39.5039,  36.9,21991,-54.5,-85.8,-81.7,  1,  2, 0.01,252,52.2
2026-01-28 12:10:10,-81.9346,39.5040,  36.9,21997,-54.5,-85.7,-81.6,  1,  2, 0.01,252,52.1
2026-01-28 12:10:11,-81.9341,39.5041,  36.9,22003,-54.5,-85.7,-81.6,  1,  2, 0.01,252,52.1
2026-01-28 12:10:12,-81.9335,39.5043,  36.8,22009,-54.4,-85.7,-81.6,  1,  2, 0.01,252,52.0
2026-01-28 12:10:13,-81.9329,39.5044,  36.8,22016,-54.4,-85.6,-81.5,  1,  2, 0.01,252,51.9
2026-01-28 12:10:14,-81.9324,39.5046,  36.8,22022,-54.3,-85.6,-81.5,  1,  2, 0.01,252,51.9
2026-01-28 12:10:15,-81.9318,39.5047,  36.7,22028,-54.3,-85.6,-81.5,  1,  2, 0.01,252,51.8
2026-01-28 12:10:16,-81.9312,39.5049,  36.7,22034,-54.3,-85.5,-81.4,  1,  2, 0.01,251,51.7
2026-01-28 12:10:17,-81.9307,39.5050,  36.7,22040,-54.2,-85.5,-81.4,  1,  2, 0.01,251,51.6
2026-01-28 12:10:18,-81.9301,39.5052,  36.6,22046,-54.2,-85.5,-81.4,  1,  2, 0.01,251,51.5
2026-01-28 12:10:19,-81.9295,39.5053,  36.6,22052,-54.2,-85.4,-81.3,  1,  2, 0.01,251,51.5
2026-01-28 12:10:20,-81.9290,39.5054,  36.6,22058,-54.1,-85.4,-81.3,  1,  2, 0.01,250,51.4
2026-01-28 12:10:21,-81.9284,39.5056,  36.5,22064,-54.1,-85.4,-81.3,  1,  2, 0.01,250,51.3
2026-01-28 12:10:22,-81.9279,39.5057,  36.5,22070,-54.1,-85.3,-81.2,  1,  2, 0.01,250,51.2
2026-01-28 12:10:23,-81.9273,39.5059,  36.5,22076,-54.0,-85.3,-81.2,  1,  2, 0.01,250,51.1
2026-01-28 12:10:24,-81.9268,39.5061,  36.4,22082,-54.0,-85.3,-81.2,  1,  2, 0.01,249,51.0
2026-01-28 12:10:25,-81.9263,39.5063,  36.4,22089,-54.0,-85.2,-81.1,  1,  2, 0.01,249,51.0
2026-01-28 12:10:26,-81.9258,39.5065,  36.3,22095,-53.9,-85.2,-81.1,  1,  2, 0.01,249,50.9
2026-01-28 12:10:27,-81.9253,39.5067,  36.3,22102,-53.9,-85.2,-81.1,  1,  2, 0.01,249,50.8
2026-01-28 12:10:28,-81.9247,39.5069,  36.3,22109,-53.9,-85.1,-81.0,  1,  2, 0.01,249,50.7
2026-01-28 12:10:29,-81.9242,39.5071,  36.2,22116,-53.9,-85.1,-81.0,  1,  2, 0.01,248,50.6
2026-01-28 12:10:30,-81.9237,39.5073,  36.2,22123,-53.9,-85.1,-81.0,  1,  2, 0.01,248,50.6
2026-01-28 12:10:31,-81.9232,39.5075,  36.2,22130,-53.8,-85.0,-80.9,  1,  2, 0.01,248,50.5
2026-01-28 12:10:32,-81.9226,39.5076,  36.1,22136,-53.8,-85.0,-80.9,  1,  2, 0.01,248,50.4
2026-01-28 12:10:33,-81.9221,39.5078,  36.1,22144,-53.8,-84.9,-80.8,  1,  2, 0.01,247,50.3
2026-01-28 12:10:34,-81.9216,39.5080,  36.0,22151,-53.8,-84.9,-80.8,  1,  2, 0.01,247,50.3
2026-01-28 12:10:35,-81.9211,39.5082,  36.0,22158,-53.8,-84.9,-80.7,  1,  2, 0.01,247,50.2
2026-01-28 12:10:36,-81.9205,39.5084,  36.0,22165,-53.7,-84.8,-80.7,  1,  2, 0.01,247,50.2
2026-01-28 12:10:37,-81.9200,39.5086,  35.9,22172,-53.7,-84.8,-80.7,  1,  2, 0.01,246,50.2
2026-01-28 12:10:38,-81.9195,39.5088,  35.9,22179,-53.7,-84.8,-80.6,  1,  2, 0.01,246,50.1
2026-01-28 12:10:39,-81.9190,39.5090,  35.8,22186,-53.7,-84.7,-80.6,  1,  2, 0.01,246,50.1
2026-01-28 12:10:40,-81.9184,39.5092,  35.8,22193,-53.7,-84.7,-80.6,  1,  2, 0.01,246,50.1
2026-01-28 12:10:41,-81.9179,39.5093,  35.8,22200,-53.7,-84.7,-80.6,  1,  2, 0.01,245,50.1
2026-01-28 12:10:42,-81.9174,39.5095,  35.7,22207,-53.7,-84.7,-80.6,  1,  2, 0.01,245,50.1
2026-01-28 12:10:43,-81.9169,39.5097,  35.7,22214,-53.7,-84.7,-80.5,  1,  2, 0.01,245,50.1
2026-01-28 12:10:44,-81.9164,39.5099,  35.7,22220,-53.7,-84.6,-80.5,  1,  2, 0.01,245,50.1
2026-01-28 12:10:45,-81.9158,39.5101,  35.6,22226,-53.7,-84.6,-80.5,  1,  2, 0.01,245,50.0
2026-01-28 12:10:46,-81.9153,39.5103,  35.6,22233,-53.7,-84.6,-80.5,  1,  2, 0.01,244,50.0
2026-01-28 12:10:47,-81.9148,39.5105,  35.5,22239,-53.7,-84.6,-80.5,  1,  2, 0.01,244,50.0
2026-01-28 12:10:48,-81.9143,39.5107,  35.5,22245,-53.6,-84.6,-80.5,  1,  2, 0.01,244,50.0
2026-01-28 12:10:49,-81.9137,39.5109,  35.5,22252,-53.6,-84.6,-80.4,  1,  2, 0.01,244,50.0
2026-01-28 12:10:50,-81.9134,39.5110,  35.4,22258,-53.6,-84.5,-80.4,  1,  2, 0.01,243,50.0
2026-01-28 12:10:51,-81.9127,39.5112,  35.4,22261,-53.6,-84.5,-80.4,  1,  2, 0.01,243,50.0
2026-01-28 12:10:52,-81.9122,39.5114,  35.4,22270,-53.7,-84.5,-80.4,  1,  2, 0.01,243,50.0
2026-01-28 12:10:53,-81.9117,39.5116,  35.3,22276,-53.7,-84.5,-80.4,  1,  2, 0.01,243,50.0
2026-01-28 12:10:54,-81.9112,39.5118,  35.3,22282,-53.7,-84.6,-80.4,  1,  2, 0.01,243,50.0
2026-01-28 12:10:55,-81.9107,39.5121,  35.3,22288,-53.7,-84.6,-80.5,  1,  2, 0.01,242,50.0
2026-01-28 12:10:56,-81.9102,39.5123,  35.2,22295,-53.7,-84.6,-80.5,  1,  2, 0.01,242,49.9
2026-01-28 12:10:57,-81.9097,39.5125,  35.2,22301,-53.8,-84.6,-80.5,  1,  2, 0.01,242,49.9
2026-01-28 12:10:58,-81.9092,39.5127,  35.2,22307,-53.8,-84.6,-80.5,  1,  2, 0.01,242,49.9
2026-01-28 12:10:59,-81.9087,39.5129,  35.1,22314,-53.8,-84.6,-80.5,  1,  2, 0.01,242,49.8
2026-01-28 12:11:00,-81.9082,39.5131,  35.1,22320,-53.8,-84.6,-80.5,  1,  2, 0.01,242,49.8
2026-01-28 12:11:01,-81.9077,39.5133,  35.1,22326,-53.8,-84.7,-80.6,  1,  2, 0.01,242,49.7
2026-01-28 12:11:02,-81.9072,39.5135,  35.0,22333,-53.9,-84.7,-80.6,  1,  2, 0.01,242,49.7
2026-01-28 12:11:03,-81.9067,39.5137,  35.0,22339,-53.9,-84.7,-80.6,  1,  2, 0.01,242,49.6
2026-01-28 12:11:04,-81.9062,39.5139,  35.0,22345,-53.9,-84.7,-80.6,  1,  2, 0.01,241,49.6
2026-01-28 12:11:05,-81.9057,39.5142,  34.9,22352,-53.9,-84.7,-80.6,  1,  2, 0.01,241,49.6
2026-01-28 12:11:06,-81.9052,39.5144,  34.9,22358,-54.0,-84.8,-80.6,  1,  2, 0.01,241,49.5
2026-01-28 12:11:07,-81.9047,39.5146,  34.9,22365,-54.0,-84.8,-80.7,  1,  2, 0.01,241,49.5
2026-01-28 12:11:08,-81.9042,39.5148,  34.8,22372,-54.0,-84.8,-80.7,  1,  2, 0.01,241,49.4
2026-01-28 12:11:09,-81.9037,39.5150,  34.8,22378,-54.1,-84.8,-80.7,  1,  2, 0.01,241,49.4
2026-01-28 12:11:10,-81.9032,39.5152,  34.7,22385,-54.1,-84.8,-80.7,  1,  2, 0.01,241,49.3
2026-01-28 12:11:11,-81.9027,39.5154,  34.7,22392,-54.1,-84.8,-80.7,  1,  2, 0.01,241,49.3
2026-01-28 12:11:12,-81.9022,39.5156,  34.7,22398,-54.1,-84.8,-80.7,  1,  2, 0.01,241,49.3
2026-01-28 12:11:13,-81.9017,39.5158,  34.6,22405,-54.2,-84.9,-80.7,  1,  2, 0.01,241,49.2
2026-01-28 12:11:14,-81.9012,39.5160,  34.6,22412,-54.2,-84.9,-80.8,  1,  2, 0.01,240,49.2
2026-01-28 12:11:15,-81.9007,39.5162,  34.6,22419,-54.2,-84.9,-80.8,  1,  2, 0.01,240,49.1
2026-01-28 12:11:16,-81.9002,39.5165,  34.5,22426,-54.3,-84.9,-80.8,  1,  2, 0.01,240,49.1
2026-01-28 12:11:17,-81.8997,39.5167,  34.5,22433,-54.3,-84.9,-80.8,  1,  2, 0.01,240,49.1
2026-01-28 12:11:18,-81.8989,39.5170,  34.4,22440,-54.3,-84.9,-80.8,  1,  2, 0.01,240,49.1
2026-01-28 12:11:19,-81.8987,39.5171,  34.4,22450,-54.3,-84.9,-80.8,  1,  2, 0.01,240,49.1
2026-01-28 12:11:20,-81.8982,39.5173,  34.4,22453,-54.3,-84.9,-80.8,  1,  2, 0.01,240,49.1
2026-01-28 12:11:21,-81.8977,39.5175,  34.3,22459,-54.4,-84.9,-80.8,  1,  2, 0.01,240,49.1
2026-01-28 12:11:22,-81.8972,39.5177,  34.3,22465,-54.4,-85.0,-80.9,  1,  2, 0.01,240,49.1
2026-01-28 12:11:23,-81.8967,39.5179,  34.3,22471,-54.4,-85.0,-80.9,  1,  2, 0.01,240,49.1
2026-01-28 12:11:24,-81.8962,39.5182,  34.3,22477,-54.4,-85.0,-80.9,  1,  2, 0.01,240,49.1
2026-01-28 12:11:25,-81.8957,39.5184,  34.2,22484,-54.4,-85.0,-80.9,  1,  2, 0.01,240,49.1
2026-01-28 12:11:26,-81.8952,39.5187,  34.2,22490,-54.4,-85.0,-80.9,  1,  2, 0.01,240,49.1
2026-01-28 12:11:27,-81.8947,39.5189,  34.1,22497,-54.4,-85.1,-81.0,  1,  2, 0.01,240,49.1
2026-01-28 12:11:28,-81.8942,39.5191,  34.1,22503,-54.5,-85.1,-81.0,  1,  2, 0.01,240,49.1
2026-01-28 12:11:29,-81.8937,39.5194,  34.1,22510,-54.5,-85.1,-81.0,  1,  2, 0.01,240,49.1
2026-01-28 12:11:30,-81.8934,39.5195,  34.0,22517,-54.5,-85.1,-81.0,  1,  2, 0.01,240,49.1
2026-01-28 12:11:31,-81.8928,39.5199,  34.0,22521,-54.5,-85.1,-81.0,  1,  2, 0.01,240,49.1
2026-01-28 12:11:32,-81.8923,39.5201,  34.0,22530,-54.5,-85.1,-81.0,  1,  2, 0.01,240,49.1
2026-01-28 12:11:33,-81.8918,39.5204,  33.9,22537,-54.5,-85.1,-81.0,  1,  2, 0.01,240,49.1
2026-01-28 12:11:34,-81.8913,39.5206,  33.9,22544,-54.5,-85.2,-81.1,  1,  2, 0.01,240,49.1
2026-01-28 12:11:35,-81.8908,39.5208,  33.9,22551,-54.5,-85.2,-81.1,  1,  2, 0.01,240,49.1
2026-01-28 12:11:36,-81.8903,39.5211,  33.8,22558,-54.5,-85.2,-81.1,  1,  2, 0.01,240,49.2
2026-01-28 12:11:37,-81.8898,39.5213,  33.8,22564,-54.5,-85.2,-81.1,  1,  2, 0.01,239,49.3
2026-01-28 12:11:38,-81.8893,39.5216,  33.8,22571,-54.5,-85.2,-81.1,  1,  2, 0.01,239,49.4
2026-01-28 12:11:39,-81.8888,39.5218,  33.7,22577,-54.5,-85.2,-81.1,  1,  2, 0.01,239,49.5
2026-01-28 12:11:40,-81.8883,39.5221,  33.7,22584,-54.5,-85.2,-81.1,  1,  2, 0.01,238,49.6
2026-01-28 12:11:41,-81.8878,39.5223,  33.6,22591,-54.5,-85.2,-81.1,  1,  2, 0.01,238,49.7
2026-01-28 12:11:42,-81.8873,39.5225,  33.6,22597,-54.5,-85.2,-81.1,  1,  2, 0.01,238,49.8
2026-01-28 12:11:43,-81.8869,39.5228,  33.6,22604,-54.5,-85.2,-81.1,  1,  2, 0.01,238,49.9
2026-01-28 12:11:44,-81.8864,39.5230,  33.5,22611,-54.5,-85.3,-81.2,  1,  2, 0.01,237,50.0
2026-01-28 12:11:45,-81.8857,39.5233,  33.5,22617,-54.5,-85.3,-81.2,  1,  2, 0.01,237,50.1
2026-01-28 12:11:46,-81.8854,39.5235,  33.5,22626,-54.5,-85.3,-81.2,  1,  2, 0.01,237,50.3
2026-01-28 12:11:47,-81.8849,39.5237,  33.4,22630,-54.5,-85.3,-81.2,  1,  2, 0.01,237,50.3
2026-01-28 12:11:48,-81.8844,39.5240,  33.4,22637,-54.4,-85.2,-81.1,  1,  2, 0.01,236,50.5
2026-01-28 12:11:49,-81.8839,39.5242,  33.4,22643,-54.4,-85.2,-81.1,  1,  2, 0.01,236,50.6
2026-01-28 12:11:50,-81.8834,39.5245,  33.3,22649,-54.4,-85.2,-81.1,  1,  2, 0.01,236,50.7
2026-01-28 12:11:51,-81.8829,39.5247,  33.3,22655,-54.4,-85.2,-81.1,  1,  2, 0.01,235,50.8
2026-01-28 12:11:52,-81.8824,39.5250,  33.3,22661,-54.4,-85.2,-81.1,  1,  2, 0.01,235,50.9
2026-01-28 12:11:53,-81.8819,39.5252,  33.2,22667,-54.4,-85.2,-81.1,  1,  2, 0.01,235,51.0
2026-01-28 12:11:54,-81.8814,39.5255,  33.2,22674,-54.4,-85.1,-81.0,  1,  2, 0.01,235,51.2
2026-01-28 12:11:55,-81.8809,39.5258,  33.2,22680,-54.4,-85.1,-81.0,  1,  2, 0.01,234,51.3
2026-01-28 12:11:56,-81.8805,39.5260,  33.1,22686,-54.4,-85.1,-81.0,  1,  2, 0.01,234,51.4
2026-01-28 12:11:57,-81.8800,39.5263,  33.1,22693,-54.4,-85.1,-81.0,  1,  2, 0.01,234,51.4
2026-01-28 12:11:58,-81.8795,39.5266,  33.1,22699,-54.3,-85.1,-81.0,  1,  2, 0.01,234,51.5
2026-01-28 12:11:59,-81.8790,39.5269,  33.0,22706,-54.3,-85.1,-81.0,  1,  2, 0.01,234,51.6
2026-01-28 12:12:00,-81.8785,39.5271,  33.0,22712,-54.3,-85.0,-80.9,  1,  2, 0.01,234,51.7
2026-01-28 12:12:01,-81.8780,39.5274,  33.0,22718,-54.3,-85.0,-80.9,  1,  2, 0.01,234,51.8
2026-01-28 12:12:02,-81.8775,39.5277,  33.0,22725,-54.2,-85.0,-80.9,  1,  2, 0.01,234,51.8
2026-01-28 12:12:03,-81.8770,39.5280,  32.9,22731,-54.2,-85.0,-80.9,  1,  2, 0.01,234,51.9
2026-01-28 12:12:04,-81.8765,39.5282,  32.9,22738,-54.2,-84.9,-80.8,  1,  2, 0.01,233,52.0
2026-01-28 12:12:05,-81.8760,39.5285,  32.9,22744,-54.2,-84.9,-80.8,  1,  2, 0.01,233,52.1
2026-01-28 12:12:06,-81.8756,39.5288,  32.8,22751,-54.1,-84.9,-80.8,  1,  2, 0.01,233,52.1
2026-01-28 12:12:07,-81.8751,39.5291,  32.8,22758,-54.1,-84.9,-80.8,  1,  2, 0.01,233,52.2
2026-01-28 12:12:08,-81.8746,39.5293,  32.8,22764,-54.1,-84.9,-80.7,  1,  2, 0.01,233,52.3
2026-01-28 12:12:09,-81.8741,39.5296,  32.7,22771,-54.1,-84.8,-80.7,  1,  2, 0.01,233,52.4
2026-01-28 12:12:10,-81.8736,39.5299,  32.7,22777,-54.0,-84.8,-80.7,  1,  2, 0.01,233,52.5
2026-01-28 12:12:11,-81.8731,39.5302,  32.7,22783,-54.0,-84.8,-80.7,  1,  2, 0.01,233,52.5
2026-01-28 12:12:12,-81.8726,39.5304,  32.6,22788,-54.0,-84.8,-80.6,  1,  2, 0.01,233,52.6
2026-01-28 12:12:13,-81.8721,39.5307,  32.6,22794,-54.0,-84.7,-80.6,  1,  2, 0.01,233,52.7
2026-01-28 12:12:14,-81.8716,39.5310,  32.6,22800,-53.9,-84.7,-80.6,  1,  2, 0.01,232,52.8
2026-01-28 12:12:15,-81.8711,39.5313,  32.5,22806,-53.9,-84.7,-80.6,  1,  2, 0.01,232,52.8
2026-01-28 12:12:16,-81.8706,39.5315,  32.5,22812,-53.9,-84.7,-80.6,  1,  2, 0.01,232,52.8
2026-01-28 12:12:17,-81.8702,39.5318,  32.5,22819,-53.8,-84.7,-80.5,  1,  2, 0.01,233,52.7
2026-01-28 12:12:18,-81.8697,39.5321,  32.4,22825,-53.8,-84.6,-80.5,  1,  2, 0.01,233,52.6
2026-01-28 12:12:19,-81.8692,39.5324,  32.4,22832,-53.8,-84.6,-80.5,  1,  2, 0.01,233,52.5
2026-01-28 12:12:20,-81.8687,39.5326,  32.4,22838,-53.8,-84.6,-80.5,  1,  2, 0.01,233,52.5
2026-01-28 12:12:21,-81.8682,39.5329,  32.3,22844,-53.7,-84.6,-80.5,  1,  2, 0.01,233,52.4
2026-01-28 12:12:22,-81.8677,39.5332,  32.3,22850,-53.7,-84.6,-80.4,  1,  2, 0.01,233,52.3
2026-01-28 12:12:23,-81.8672,39.5335,  32.3,22856,-53.7,-84.6,-80.4,  1,  2, 0.01,233,52.2
2026-01-28 12:12:24,-81.8667,39.5337,  32.3,22862,-53.6,-84.5,-80.4,  1,  2, 0.01,234,52.2
2026-01-28 12:12:25,-81.8662,39.5339,  32.2,22868,-53.6,-84.5,-80.4,  1,  2, 0.01,234,52.1
2026-01-28 12:12:26,-81.8657,39.5342,  32.2,22874,-53.6,-84.5,-80.4,  1,  2, 0.01,234,52.0
2026-01-28 12:12:27,-81.8652,39.5344,  32.2,22880,-53.6,-84.5,-80.4,  1,  2, 0.01,234,51.9
2026-01-28 12:12:28,-81.8648,39.5347,  32.1,22886,-53.6,-84.5,-80.4,  1,  2, 0.01,234,51.9
2026-01-28 12:12:29,-81.8643,39.5349,  32.1,22892,-53.6,-84.5,-80.4,  1,  2, 0.01,234,51.8
2026-01-28 12:12:30,-81.8638,39.5352,  32.1,22899,-53.6,-84.5,-80.4,  1,  2, 0.01,234,51.7
2026-01-28 12:12:31,-81.8633,39.5354,  32.0,22905,-53.5,-84.5,-80.4,  1,  2, 0.01,235,51.6
2026-01-28 12:12:32,-81.8628,39.5356,  32.0,22911,-53.5,-84.5,-80.4,  1,  2, 0.01,235,51.6
2026-01-28 12:12:33,-81.8623,39.5359,  32.0,22917,-53.5,-84.5,-80.4,  1,  2, 0.01,235,51.5
2026-01-28 12:12:34,-81.8618,39.5361,  32.0,22923,-53.5,-84.5,-80.4,  1,  2, 0.01,235,51.4
2026-01-28 12:12:35,-81.8613,39.5364,  31.9,22929,-53.5,-84.5,-80.3,  1,  2, 0.01,235,51.3
2026-01-28 12:12:36,-81.8608,39.5366,  31.9,22935,-53.5,-84.5,-80.3,  1,  2, 0.01,235,51.3
2026-01-28 12:12:37,-81.8604,39.5368,  31.9,22941,-53.5,-84.5,-80.3,  1,  2, 0.01,235,51.2
2026-01-28 12:12:38,-81.8599,39.5371,  31.8,22947,-53.5,-84.4,-80.3,  1,  2, 0.01,235,51.1
2026-01-28 12:12:39,-81.8594,39.5373,  31.8,22953,-53.5,-84.4,-80.3,  1,  2, 0.01,235,51.0
2026-01-28 12:12:40,-81.8589,39.5376,  31.8,22959,-53.4,-84.4,-80.3,  1,  2, 0.01,236,50.9
2026-01-28 12:12:41,-81.8584,39.5378,  31.7,22965,-53.4,-84.4,-80.3,  1,  2, 0.01,236,50.9
2026-01-28 12:12:42,-81.8579,39.5381,  31.7,22972,-53.4,-84.4,-80.3,  1,  2, 0.01,236,50.8
2026-01-28 12:12:43,-81.8574,39.5383,  31.7,22978,-53.4,-84.4,-80.3,  1,  2, 0.01,236,50.7
2026-01-28 12:12:44,-81.8569,39.5385,  31.7,22983,-53.4,-84.4,-80.3,  1,  2, 0.01,236,50.6
2026-01-28 12:12:45,-81.8564,39.5388,  31.6,22989,-53.4,-84.4,-80.3,  1,  2, 0.01,236,50.5
2026-01-28 12:12:46,-81.8560,39.5390,  31.6,22995,-53.4,-84.4,-80.3,  1,  2, 0.01,236,50.4
2026-01-28 12:12:47,-81.8555,39.5393,  31.6,23000,-53.4,-84.4,-80.3,  1,  2, 0.01,236,50.4
2026-01-28 12:12:48,-81.8550,39.5395,  31.5,23006,-53.4,-84.4,-80.2,  1,  2, 0.01,236,50.3
2026-01-28 12:12:49,-81.8545,39.5398,  31.5,23012,-53.4,-84.4,-80.2,  1,  2, 0.01,236,50.2
2026-01-28 12:12:50,-81.8540,39.5400,  31.5,23017,-53.4,-84.3,-80.2,  1,  2, 0.01,236,50.1
2026-01-28 12:12:51,-81.8535,39.5402,  31.5,23023,-53.4,-84.3,-80.2,  1,  2, 0.01,236,50.0
2026-01-28 12:12:52,-81.8530,39.5405,  31.4,23029,-53.4,-84.3,-80.2,  1,  2, 0.01,236,50.0
2026-01-28 12:12:53,-81.8525,39.5407,  31.4,23035,-53.3,-84.3,-80.2,  1,  2, 0.01,236,49.9
2026-01-28 12:12:54,-81.8521,39.5410,  31.4,23041,-53.3,-84.3,-80.2,  1,  2, 0.01,236,49.8
2026-01-28 12:12:55,-81.8516,39.5412,  31.3,23046,-53.3,-84.3,-80.2,  1,  2, 0.01,237,49.7
2026-01-28 12:12:56,-81.8511,39.5414,  31.3,23052,-53.3,-84.3,-80.2,  1,  2, 0.01,236,49.6
2026-01-28 12:12:57,-81.8507,39.5417,  31.3,23057,-53.3,-84.3,-80.2,  1,  2, 0.01,236,49.6
2026-01-28 12:12:58,-81.8502,39.5419,  31.3,23062,-53.3,-84.3,-80.2,  1,  2, 0.01,236,49.5
2026-01-28 12:12:59,-81.8498,39.5422,  31.2,23068,-53.3,-84.3,-80.1,  1,  2, 0.01,236,49.4
2026-01-28 12:13:00,-81.8493,39.5424,  31.2,23074,-53.3,-84.3,-80.1,  1,  2, 0.01,236,49.3
2026-01-28 12:13:01,-81.8488,39.5426,  31.2,23080,-53.3,-84.2,-80.1,  1,  2, 0.01,236,49.3
2026-01-28 12:13:02,-81.8484,39.5429,  31.2,23086,-53.3,-84.2,-80.1,  1,  2, 0.01,236,49.2
2026-01-28 12:13:03,-81.8479,39.5431,  31.1,23092,-53.3,-84.2,-80.1,  1,  2, 0.01,236,49.1
2026-01-28 12:13:04,-81.8475,39.5434,  31.1,23098,-53.2,-84.2,-80.1,  1,  2, 0.01,236,49.0
2026-01-28 12:13:05,-81.8470,39.5436,  31.1,23104,-53.2,-84.2,-80.1,  1,  2, 0.01,236,48.9
2026-01-28 12:13:06,-81.8465,39.5438,  31.0,23110,-53.2,-84.2,-80.1,  1,  2, 0.01,236,48.9
2026-01-28 12:13:07,-81.8461,39.5441,  31.0,23115,-53.2,-84.2,-80.1,  1,  2, 0.01,236,48.8
2026-01-28 12:13:08,-81.8456,39.5443,  31.0,23121,-53.2,-84.2,-80.1,  1,  2, 0.01,236,48.7
2026-01-28 12:13:09,-81.8452,39.5446,  31.0,23127,-53.2,-84.2,-80.1,  1,  2, 0.01,236,48.6
2026-01-28 12:13:10,-81.8447,39.5448,  30.9,23132,-53.2,-84.2,-80.1,  1,  2, 0.01,236,48.6
2026-01-28 12:13:11,-81.8442,39.5450,  30.9,23138,-53.2,-84.2,-80.1,  1,  2, 0.01,236,48.5
2026-01-28 12:13:12,-81.8438,39.5453,  30.9,23144,-53.2,-84.2,-80.0,  1,  2, 0.01,236,48.4
2026-01-28 12:13:13,-81.8433,39.5455,  30.8,23150,-53.2,-84.2,-80.0,  1,  2, 0.01,236,48.3
2026-01-28 12:13:14,-81.8429,39.5457,  30.8,23157,-53.2,-84.2,-80.0,  1,  2, 0.01,236,48.3
2026-01-28 12:13:15,-81.8424,39.5460,  30.8,23163,-53.2,-84.2,-80.0,  1,  2, 0.01,236,48.2
2026-01-28 12:13:16,-81.8417,39.5463,  30.8,23169,-53.2,-84.2,-80.0,  1,  2, 0.01,235,48.1
2026-01-28 12:13:17,-81.8415,39.5465,  30.7,23177,-53.2,-84.1,-80.0,  1,  2, 0.01,235,48.1
2026-01-28 12:13:18,-81.8410,39.5467,  30.7,23180,-53.2,-84.1,-80.0,  1,  2, 0.01,235,48.1
2026-01-28 12:13:19,-81.8406,39.5469,  30.7,23185,-53.2,-84.1,-80.0,  1,  2, 0.01,235,48.0
2026-01-28 12:13:20,-81.8401,39.5472,  30.6,23190,-53.2,-84.1,-80.0,  1,  2, 0.01,235,48.0
2026-01-28 12:13:21,-81.8396,39.5474,  30.6,23195,-53.2,-84.1,-80.0,  1,  2, 0.01,235,48.0
2026-01-28 12:13:22,-81.8392,39.5477,  30.6,23200,-53.2,-84.1,-80.0,  1,  2, 0.01,235,47.9
2026-01-28 12:13:23,-81.8387,39.5479,  30.6,23206,-53.2,-84.1,-80.0,  1,  2, 0.01,235,47.9
2026-01-28 12:13:24,-81.8383,39.5481,  30.5,23213,-53.2,-84.1,-80.0,  1,  2, 0.01,234,47.8
2026-01-28 12:13:25,-81.8378,39.5484,  30.5,23219,-53.2,-84.1,-80.0,  1,  2, 0.01,234,47.8
2026-01-28 12:13:26,-81.8374,39.5487,  30.5,23225,-53.2,-84.1,-80.0,  1,  2, 0.01,234,47.8
2026-01-28 12:13:27,-81.8369,39.5489,  30.5,23230,-53.2,-84.1,-80.0,  1,  2, 0.01,234,47.7
2026-01-28 12:13:28,-81.8364,39.5492,  30.4,23236,-53.2,-84.1,-80.0,  1,  2, 0.01,234,47.7
2026-01-28 12:13:29,-81.8360,39.5495,  30.4,23242,-53.2,-84.1,-80.0,  1,  2, 0.01,234,47.7
2026-01-28 12:13:30,-81.8355,39.5497,  30.4,23248,-53.2,-84.1,-79.9,  1,  2, 0.01,234,47.6
2026-01-28 12:13:31,-81.8351,39.5500,  30.4,23253,-53.2,-84.1,-79.9,  1,  2, 0.01,234,47.6
2026-01-28 12:13:32,-81.8346,39.5503,  30.3,23259,-53.2,-84.1,-79.9,  1,  2, 0.01,233,47.6
2026-01-28 12:13:33,-81.8342,39.5505,  30.3,23265,-53.2,-84.1,-79.9,  1,  2, 0.01,233,47.5
2026-01-28 12:13:34,-81.8337,39.5508,  30.3,23270,-53.2,-84.1,-79.9,  1,  2, 0.01,233,47.5
2026-01-28 12:13:35,-81.8333,39.5511,  30.2,23276,-53.2,-84.0,-79.9,  1,  2, 0.01,233,47.5
2026-01-28 12:13:36,-81.8328,39.5513,  30.2,23281,-53.2,-84.0,-79.9,  1,  2, 0.01,233,47.6
2026-01-28 12:13:37,-81.8324,39.5516,  30.2,23287,-53.2,-84.0,-79.9,  1,  2, 0.01,233,47.7
2026-01-28 12:13:38,-81.8319,39.5519,  30.2,23292,-53.2,-84.0,-79.9,  1,  2, 0.01,233,47.8
2026-01-28 12:13:39,-81.8315,39.5521,  30.1,23298,-53.2,-84.0,-79.9,  1,  2, 0.01,233,47.9
2026-01-28 12:13:40,-81.8310,39.5524,  30.1,23304,-53.2,-84.0,-79.9,  1,  2, 0.01,233,48.0
2026-01-28 12:13:41,-81.8306,39.5526,  30.1,23311,-53.2,-84.0,-79.9,  1,  2, 0.01,232,48.1
2026-01-28 12:13:42,-81.8301,39.5529,  30.1,23317,-53.2,-84.0,-79.9,  1,  2, 0.01,232,48.3
2026-01-28 12:13:43,-81.8297,39.5531,  30.0,23323,-53.2,-84.0,-79.9,  1,  2, 0.01,232,48.4
2026-01-28 12:13:44,-81.8292,39.5534,  30.0,23328,-53.2,-84.0,-79.9,  1,  2, 0.01,232,48.5
2026-01-28 12:13:45,-81.8288,39.5537,  30.0,23335,-53.2,-84.0,-79.9,  1,  2, 0.01,232,48.6
2026-01-28 12:13:46,-81.8283,39.5540,  29.9,23341,-53.2,-84.0,-79.9,  1,  2, 0.01,232,48.7
2026-01-28 12:13:47,-81.8279,39.5542,  29.9,23347,-53.2,-84.0,-79.9,  1,  2, 0.01,232,48.8
2026-01-28 12:13:48,-81.8274,39.5545,  29.9,23353,-53.2,-84.0,-79.9,  1,  2, 0.01,232,48.9
2026-01-28 12:13:49,-81.8270,39.5548,  29.9,23359,-53.2,-84.0,-79.9,  1,  2, 0.01,232,49.0
2026-01-28 12:13:50,-81.8265,39.5550,  29.8,23366,-53.2,-84.0,-79.9,  1,  2, 0.01,232,49.2
2026-01-28 12:13:51,-81.8261,39.5553,  29.8,23372,-53.2,-84.0,-79.9,  1,  2, 0.01,232,49.3
2026-01-28 12:13:52,-81.8256,39.5556,  29.8,23379,-53.2,-84.0,-79.9,  1,  2, 0.01,232,49.4
2026-01-28 12:13:53,-81.8251,39.5558,  29.7,23386,-53.2,-84.0,-79.9,  1,  2, 0.01,231,49.5
2026-01-28 12:13:54,-81.8247,39.5561,  29.7,23392,-53.2,-84.0,-79.9,  1,  2, 0.01,231,49.6
2026-01-28 12:13:55,-81.8242,39.5564,  29.7,23399,-53.3,-84.0,-79.9,  1,  2, 0.01,231,49.7
2026-01-28 12:13:56,-81.8238,39.5566,  29.6,23405,-53.3,-84.0,-79.9,  1,  2, 0.01,231,49.7
2026-01-28 12:13:57,-81.8233,39.5569,  29.6,23411,-53.3,-84.0,-79.9,  1,  2, 0.01,231,49.7
2026-01-28 12:13:58,-81.8229,39.5572,  29.6,23417,-53.3,-84.0,-79.9,  1,  2, 0.01,231,49.8
2026-01-28 12:13:59,-81.8224,39.5575,  29.6,23423,-53.3,-84.0,-79.9,  1,  2, 0.01,231,49.8
2026-01-28 12:14:00,-81.8220,39.5577,  29.5,23429,-53.3,-84.0,-79.9,  1,  2, 0.01,231,49.8
2026-01-28 12:14:01,-81.8215,39.5580,  29.5,23435,-53.3,-84.0,-79.9,  1,  2, 0.01,231,49.8
2026-01-28 12:14:02,-81.8211,39.5583,  29.5,23441,-53.3,-84.0,-79.9,  1,  2, 0.01,231,49.8
2026-01-28 12:14:03,-81.8206,39.5586,  29.5,23447,-53.3,-84.0,-79.9,  1,  2, 0.01,231,49.8
2026-01-28 12:14:04,-81.8202,39.5588,  29.4,23453,-53.3,-84.0,-79.9,  1,  2, 0.01,231,49.8
2026-01-28 12:14:05,-81.8197,39.5591,  29.4,23458,-53.3,-84.0,-79.9,  1,  2, 0.01,231,49.8
2026-01-28 12:14:06,-81.8193,39.5594,  29.4,23464,-53.3,-84.0,-79.9,  1,  2, 0.01,231,49.8
2026-01-28 12:14:07,-81.8188,39.5597,  29.3,23470,-53.4,-84.0,-79.9,  1,  2, 0.01,231,49.8
2026-01-28 12:14:08,-81.8183,39.5599,  29.3,23476,-53.4,-84.0,-79.9,  1,  2, 0.01,231,49.8
2026-01-28 12:14:09,-81.8179,39.5602,  29.3,23482,-53.4,-84.0,-79.9,  1,  2, 0.01,231,49.8
2026-01-28 12:14:10,-81.8174,39.5605,  29.3,23488,-53.4,-84.0,-79.9,  1,  2, 0.01,231,49.8
2026-01-28 12:14:11,-81.8170,39.5608,  29.2,23494,-53.4,-84.0,-79.9,  1,  2, 0.01,231,49.8
2026-01-28 12:14:12,-81.8165,39.5610,  29.2,23499,-53.4,-84.0,-79.9,  1,  2, 0.01,231,49.8
2026-01-28 12:14:13,-81.8161,39.5613,  29.2,23506,-53.4,-84.0,-79.9,  1,  2, 0.01,231,49.8
2026-01-28 12:14:14,-81.8156,39.5616,  29.2,23512,-53.4,-84.0,-79.9,  1,  2, 0.01,231,49.8
2026-01-28 12:14:15,-81.8152,39.5619,  29.1,23519,-53.5,-84.0,-79.9,  1,  2, 0.01,231,49.9
2026-01-28 12:14:16,-81.8147,39.5621,  29.1,23525,-53.5,-84.0,-79.9,  1,  2, 0.01,231,49.9
2026-01-28 12:14:17,-81.8143,39.5624,  29.1,23531,-53.5,-84.0,-79.9,  1,  2, 0.01,231,49.9
2026-01-28 12:14:18,-81.8138,39.5627,  29.0,23538,-53.5,-84.0,-79.9,  1,  2, 0.01,231,49.9
2026-01-28 12:14:19,-81.8134,39.5630,  29.0,23544,-53.5,-84.0,-79.9,  1,  2, 0.01,231,49.9
2026-01-28 12:14:20,-81.8129,39.5632,  29.0,23550,-53.5,-84.0,-79.9,  1,  2, 0.01,231,49.9
2026-01-28 12:14:21,-81.8124,39.5635,  29.0,23556,-53.6,-84.0,-79.9,  1,  2, 0.01,231,49.9
2026-01-28 12:14:22,-81.8120,39.5638,  28.9,23562,-53.6,-84.1,-79.9,  1,  2, 0.01,231,49.9
2026-01-28 12:14:23,-81.8115,39.5641,  28.9,23569,-53.6,-84.1,-79.9,  1,  2, 0.01,231,49.9
2026-01-28 12:14:24,-81.8111,39.5643,  28.9,23575,-53.6,-84.1,-79.9,  1,  2, 0.01,231,49.9
2026-01-28 12:14:25,-81.8106,39.5646,  28.8,23582,-53.6,-84.1,-79.9,  1,  2, 0.01,231,49.9
2026-01-28 12:14:26,-81.8102,39.5649,  28.8,23589,-53.7,-84.1,-79.9,  1,  2, 0.01,231,49.9
2026-01-28 12:14:27,-81.8097,39.5652,  28.8,23596,-53.7,-84.1,-79.9,  1,  2, 0.01,231,49.9
2026-01-28 12:14:28,-81.8093,39.5655,  28.7,23603,-53.7,-84.1,-79.9,  1,  2, 0.01,231,49.9
2026-01-28 12:14:29,-81.8088,39.5658,  28.7,23610,-53.7,-84.1,-80.0,  1,  2, 0.01,231,49.9
2026-01-28 12:14:30,-81.8084,39.5660,  28.7,23616,-53.7,-84.1,-80.0,  1,  2, 0.01,231,49.9
2026-01-28 12:14:31,-81.8079,39.5663,  28.7,23622,-53.7,-84.1,-80.0,  1,  2, 0.01,230,49.9
2026-01-28 12:14:32,-81.8074,39.5666,  28.6,23628,-53.8,-84.1,-80.0,  1,  2, 0.01,230,49.9
2026-01-28 12:14:33,-81.8070,39.5669,  28.6,23634,-53.8,-84.1,-80.0,  1,  2, 0.01,230,49.9
2026-01-28 12:14:34,-81.8065,39.5672,  28.6,23641,-53.8,-84.1,-80.0,  1,  2, 0.01,230,49.9
2026-01-28 12:14:35,-81.8061,39.5675,  28.6,23647,-53.8,-84.2,-80.0,  1,  2, 0.01,230,49.9
2026-01-28 12:14:36,-81.8056,39.5678,  28.5,23652,-53.8,-84.2,-80.0,  1,  2, 0.01,230,50.0
2026-01-28 12:14:37,-81.8051,39.5680,  28.5,23658,-53.8,-84.2,-80.0,  1,  2, 0.01,230,50.0
2026-01-28 12:14:38,-81.8047,39.5683,  28.5,23664,-53.9,-84.2,-80.1,  1,  2, 0.01,230,50.1
2026-01-28 12:14:39,-81.8042,39.5686,  28.4,23670,-53.9,-84.2,-80.1,  1,  2, 0.01,230,50.2
2026-01-28 12:14:40,-81.8037,39.5689,  28.4,23676,-53.9,-84.2,-80.1,  1,  2, 0.01,230,50.2
2026-01-28 12:14:41,-81.8033,39.5692,  28.4,23682,-53.9,-84.2,-80.1,  1,  2, 0.01,230,50.3
2026-01-28 12:14:42,-81.8029,39.5695,  28.4,23687,-53.9,-84.2,-80.1,  1,  2, 0.01,230,50.4
2026-01-28 12:14:43,-81.8024,39.5698,  28.3,23692,-53.9,-84.2,-80.1,  1,  2, 0.01,230,50.4
2026-01-28 12:14:44,-81.8019,39.5701,  28.3,23698,-53.9,-84.2,-80.1,  1,  2, 0.01,230,50.5
2026-01-28 12:14:45,-81.8015,39.5703,  28.3,23703,-53.9,-84.3,-80.1,  1,  2, 0.01,230,50.6
2026-01-28 12:14:46,-81.8010,39.5706,  28.3,23709,-54.0,-84.3,-80.2,  1,  2, 0.01,230,50.6
2026-01-28 12:14:47,-81.8006,39.5709,  28.2,23714,-54.0,-84.3,-80.2,  1,  2, 0.01,230,50.7
2026-01-28 12:14:48,-81.8001,39.5712,  28.2,23720,-54.0,-84.3,-80.2,  1,  2, 0.01,230,50.7
2026-01-28 12:14:49,-81.7996,39.5715,  28.2,23726,-54.0,-84.3,-80.2,  1,  2, 0.01,230,50.8
2026-01-28 12:14:50,-81.7992,39.5718,  28.2,23731,-54.0,-84.3,-80.2,  1,  2, 0.01,230,50.9
2026-01-28 12:14:51,-81.7987,39.5721,  28.1,23737,-54.0,-84.4,-80.2,  1,  2, 0.01,230,50.9
2026-01-28 12:14:52,-81.7983,39.5723,  28.1,23743,-54.0,-84.4,-80.2,  1,  2, 0.01,230,51.0
2026-01-28 12:14:53,-81.7978,39.5726,  28.1,23749,-54.0,-84.4,-80.3,  1,  2, 0.01,230,51.1
2026-01-28 12:14:54,-81.7974,39.5729,  28.1,23755,-54.0,-84.4,-80.3,  1,  2, 0.01,230,51.1
2026-01-28 12:14:55,-81.7969,39.5732,  28.0,23761,-54.1,-84.4,-80.3,  1,  2, 0.01,230,51.2
2026-01-28 12:14:56,-81.7964,39.5735,  28.0,23767,-54.1,-84.4,-80.3,  1,  2, 0.01,230,51.3
2026-01-28 12:14:57,-81.7959,39.5738,  28.0,23773,-54.1,-84.4,-80.3,  1,  2, 0.01,230,51.4
2026-01-28 12:14:58,-81.7954,39.5741,  28.0,23779,-54.1,-84.4,-80.3,  1,  2, 0.01,230,51.5
2026-01-28 12:14:59,-81.7949,39.5744,  27.9,23785,-54.1,-84.5,-80.3,  1,  2, 0.01,230,51.6
2026-01-28 12:15:00,-81.7944,39.5747,  27.9,23791,-54.1,-84.5,-80.4,  1,  2, 0.01,230,51.7
2026-01-28 12:15:01,-81.7939,39.5750,  27.9,23797,-54.1,-84.5,-80.4,  1,  2, 0.01,230,51.8
2026-01-28 12:15:02,-81.7935,39.5753,  27.9,23803,-54.1,-84.5,-80.4,  1,  2, 0.01,230,51.9
2026-01-28 12:15:03,-81.7930,39.5756,  27.8,23809,-54.1,-84.5,-80.4,  1,  2, 0.01,230,52.0
2026-01-28 12:15:04,-81.7925,39.5759,  27.8,23815,-54.1,-84.5,-80.4,  1,  2, 0.01,230,52.1
2026-01-28 12:15:05,-81.7920,39.5762,  27.8,23821,-54.1,-84.6,-80.4,  1,  2, 0.01,230,52.2
2026-01-28 12:15:06,-81.7915,39.5765,  27.8,23826,-54.1,-84.6,-80.5,  1,  2, 0.01,230,52.2
2026-01-28 12:15:07,-81.7910,39.5768,  27.7,23832,-54.1,-84.6,-80.5,  1,  2, 0.01,230,52.3
2026-01-28 12:15:08,-81.7905,39.5771,  27.7,23838,-54.1,-84.6,-80.5,  1,  2, 0.01,230,52.4
2026-01-28 12:15:09,-81.7900,39.5774,  27.7,23844,-54.1,-84.6,-80.5,  1,  2, 0.01,230,52.5
2026-01-28 12:15:10,-81.7895,39.5777,  27.7,23850,-54.1,-84.6,-80.5,  1,  2, 0.01,230,52.6
2026-01-28 12:15:11,-81.7890,39.5780,  27.6,23856,-54.1,-84.6,-80.5,  1,  2, 0.01,230,52.7
2026-01-28 12:15:12,-81.7885,39.5783,  27.6,23862,-54.1,-84.6,-80.5,  1,  2, 0.01,230,52.8
2026-01-28 12:15:13,-81.7880,39.5785,  27.6,23868,-54.1,-84.6,-80.5,  1,  2, 0.01,230,52.9
2026-01-28 12:15:14,-81.7876,39.5788,  27.6,23874,-54.1,-84.6,-80.5,  1,  2, 0.01,230,53.0
2026-01-28 12:15:15,-81.7871,39.5791,  27.5,23879,-54.1,-84.6,-80.5,  1,  2, 0.01,231,53.1
2026-01-28 12:15:16,-81.7866,39.5794,  27.5,23885,-54.1,-84.6,-80.5,  1,  2, 0.01,231,53.2
2026-01-28 12:15:17,-81.7861,39.5797,  27.5,23891,-54.1,-84.7,-80.5,  1,  2, 0.01,231,53.3
2026-01-28 12:15:18,-81.7856,39.5800,  27.5,23896,-54.1,-84.7,-80.6,  1,  2, 0.01,231,53.4
2026-01-28 12:15:19,-81.7851,39.5803,  27.4,23902,-54.1,-84.7,-80.6,  1,  2, 0.01,231,53.5
2026-01-28 12:15:20,-81.7846,39.5806,  27.4,23908,-54.0,-84.7,-80.5,  1,  2, 0.01,231,53.7
2026-01-28 12:15:21,-81.7841,39.5809,  27.4,23914,-54.0,-84.7,-80.5,  1,  2, 0.01,231,53.8
2026-01-28 12:15:22,-81.7836,39.5812,  27.4,23919,-54.0,-84.7,-80.5,  1,  2, 0.01,231,53.9
2026-01-28 12:15:23,-81.7831,39.5815,  27.3,23925,-54.0,-84.7,-80.5,  1,  2, 0.01,231,54.0
2026-01-28 12:15:24,-81.7827,39.5818,  27.3,23931,-53.9,-84.7,-80.5,  1,  2, 0.01,231,54.1
2026-01-28 12:15:25,-81.7822,39.5821,  27.3,23937,-53.9,-84.7,-80.5,  1,  2, 0.01,231,54.2
2026-01-28 12:15:26,-81.7816,39.5824,  27.3,23942,-53.9,-84.7,-80.5,  1,  2, 0.01,231,54.3
2026-01-28 12:15:27,-81.7811,39.5827,  27.2,23948,-53.9,-84.7,-80.5,  1,  2, 0.01,231,54.4
2026-01-28 12:15:28,-81.7806,39.5830,  27.2,23953,-53.8,-84.7,-80.5,  1,  2, 0.01,231,54.5
2026-01-28 12:15:29,-81.7800,39.5833,  27.2,23959,-53.8,-84.7,-80.5,  1,  2, 0.01,231,54.6
2026-01-28 12:15:30,-81.7795,39.5836,  27.2,23965,-53.8,-84.7,-80.5,  1,  2, 0.01,231,54.7
2026-01-28 12:15:31,-81.7790,39.5839,  27.1,23970,-53.8,-84.7,-80.5,  1,  2, 0.01,231,54.9
2026-01-28 12:15:32,-81.7784,39.5842,  27.1,23976,-53.8,-84.7,-80.5,  1,  2, 0.01,231,55.0
2026-01-28 12:15:33,-81.7779,39.5845,  27.1,23982,-53.7,-84.6,-80.5,  1,  2, 0.01,232,55.1
2026-01-28 12:15:34,-81.7773,39.5848,  27.1,23988,-53.7,-84.6,-80.5,  1,  2, 0.01,232,55.2
2026-01-28 12:15:35,-81.7768,39.5851,  27.0,23994,-53.6,-84.6,-80.5,  1,  2, 0.01,232,55.3
2026-01-28 12:15:36,-81.7763,39.5853,  27.0,24000,-53.6,-84.6,-80.5,  1,  2, 0.01,232,55.4
2026-01-28 12:15:37,-81.7757,39.5856,  27.0,24006,-53.5,-84.6,-80.5,  1,  2, 0.01,232,55.5
2026-01-28 12:15:38,-81.7752,39.5859,  27.0,24012,-53.5,-84.6,-80.4,  1,  2, 0.01,232,55.6
2026-01-28 12:15:39,-81.7747,39.5862,  26.9,24017,-53.4,-84.6,-80.4,  1,  2, 0.01,232,55.6
2026-01-28 12:15:40,-81.7741,39.5865,  26.9,24023,-53.4,-84.5,-80.4,  1,  2, 0.01,232,55.7
2026-01-28 12:15:41,-81.7736,39.5868,  26.9,24029,-53.3,-84.5,-80.4,  1,  2, 0.01,232,55.8
2026-01-28 12:15:42,-81.7731,39.5871,  26.9,24034,-53.3,-84.5,-80.4,  1,  2, 0.01,232,55.9
2026-01-28 12:15:43,-81.7725,39.5874,  26.9,24039,-53.2,-84.5,-80.4,  1,  2, 0.01,232,56.0
2026-01-28 12:15:44,-81.7720,39.5877,  26.8,24044,-53.2,-84.5,-80.4,  1,  2, 0.01,232,56.1
2026-01-28 12:15:45,-81.7715,39.5880,  26.8,24049,-53.1,-84.5,-80.3,  1,  2, 0.01,233,56.2
2026-01-28 12:15:46,-81.7709,39.5883,  26.8,24054,-53.1,-84.4,-80.3,  1,  2, 0.01,233,56.2
2026-01-28 12:15:47,-81.7704,39.5886,  26.8,24059,-53.0,-84.4,-80.3,  1,  2, 0.01,233,56.3
2026-01-28 12:15:48,-81.7699,39.5889,  26.8,24064,-53.0,-84.4,-80.3,  1,  2, 0.01,233,56.4
2026-01-28 12:15:49,-81.7693,39.5892,  26.7,24070,-52.9,-84.4,-80.2,  1,  2, 0.01,233,56.5
2026-01-28 12:15:50,-81.7688,39.5895,  26.7,24075,-52.8,-84.3,-80.2,  1,  2, 0.01,233,56.6
2026-01-28 12:15:51,-81.7682,39.5898,  26.7,24080,-52.7,-84.3,-80.2,  1,  2, 0.01,233,56.7
2026-01-28 12:15:52,-81.7677,39.5901,  26.7,24085,-52.7,-84.2,-80.1,  1,  2, 0.01,233,56.8
2026-01-28 12:15:53,-81.7672,39.5904,  26.6,24090,-52.6,-84.2,-80.1,  1,  2, 0.01,233,56.8
2026-01-28 12:15:54,-81.7666,39.5907,  26.6,24096,-52.5,-84.2,-80.0,  1,  2, 0.01,233,56.9
2026-01-28 12:15:55,-81.7661,39.5910,  26.6,24102,-52.5,-84.1,-80.0,  1,  2, 0.01,233,57.0
2026-01-28 12:15:56,-81.7656,39.5913,  26.6,24108,-52.4,-84.1,-80.0,  1,  2, 0.01,233,57.1
2026-01-28 12:15:57,-81.7650,39.5915,  26.5,24114,-52.3,-84.1,-79.9,  1,  2, 0.01,234,57.2
2026-01-28 12:15:58,-81.7645,39.5918,  26.5,24120,-52.3,-84.0,-79.9,  1,  2, 0.01,234,57.3
2026-01-28 12:15:59,-81.7639,39.5921,  26.5,24125,-52.2,-84.0,-79.9,  1,  2, 0.01,234,57.4
2026-01-28 12:16:00,-81.7633,39.5924,  26.5,24131,-52.1,-84.0,-79.8,  1,  2, 0.01,234,57.5
2026-01-28 12:16:01,-81.7628,39.5927,  26.5,24137,-52.1,-83.9,-79.8,  1,  2, 0.01,234,57.6
2026-01-28 12:16:02,-81.7622,39.5930,  26.4,24142,-52.0,-83.9,-79.7,  1,  2, 0.01,234,57.6
2026-01-28 12:16:03,-81.7616,39.5933,  26.4,24148,-51.9,-83.8,-79.7,  1,  2, 0.01,234,57.7
2026-01-28 12:16:04,-81.7610,39.5936,  26.4,24154,-51.8,-83.8,-79.6,  1,  2, 0.01,235,57.8
2026-01-28 12:16:05,-81.7605,39.5938,  26.4,24160,-51.8,-83.7,-79.6,  1,  2, 0.01,235,57.9
2026-01-28 12:16:06,-81.7599,39.5941,  26.3,24165,-51.7,-83.7,-79.6,  1,  2, 0.01,235,58.0
2026-01-28 12:16:07,-81.7593,39.5944,  26.3,24171,-51.6,-83.6,-79.5,  1,  2, 0.01,235,58.1
2026-01-28 12:16:08,-81.7588,39.5947,  26.3,24177,-51.6,-83.6,-79.5,  1,  2, 0.01,235,58.2
2026-01-28 12:16:09,-81.7582,39.5950,  26.3,24183,-51.5,-83.6,-79.4,  1,  2, 0.01,235,58.3
2026-01-28 12:16:10,-81.7576,39.5953,  26.2,24188,-51.4,-83.5,-79.4,  1,  2, 0.01,235,58.4
2026-01-28 12:16:11,-81.7571,39.5956,  26.2,24194,-51.3,-83.5,-79.3,  1,  2, 0.01,236,58.5
2026-01-28 12:16:12,-81.7565,39.5959,  26.2,24200,-51.3,-83.4,-79.3,  1,  2, 0.01,236,58.6
2026-01-28 12:16:13,-81.7559,39.5961,  26.2,24205,-51.2,-83.4,-79.2,  1,  2, 0.01,236,58.7
2026-01-28 12:16:14,-81.7553,39.5965,  26.2,24211,-51.1,-83.3,-79.2,  1,  2, 0.01,236,58.8
2026-01-28 12:16:15,-81.7548,39.5967,  26.1,24217,-51.1,-83.3,-79.1,  1,  2, 0.01,236,58.9
2026-01-28 12:16:16,-81.7542,39.5970,  26.1,24222,-51.0,-83.3,-79.1,  1,  2, 0.01,236,58.9
2026-01-28 12:16:17,-81.7536,39.5973,  26.1,24228,-51.0,-83.2,-79.0,  1,  2, 0.02,236,58.9
2026-01-28 12:16:18,-81.7531,39.5976,  26.1,24234,-50.9,-83.1,-79.0,  1,  2, 0.02,236,58.9
2026-01-28 12:16:19,-81.7525,39.5979,  26.0,24240,-50.8,-83.1,-78.9,  1,  2, 0.02,236,58.9
2026-01-28 12:16:20,-81.7519,39.5982,  26.0,24246,-50.8,-83.0,-78.9,  1,  2, 0.02,236,58.9
2026-01-28 12:16:21,-81.7514,39.5984,  26.0,24251,-50.7,-83.0,-78.8,  1,  2, 0.02,236,58.9
2026-01-28 12:16:22,-81.7508,39.5987,  26.0,24256,-50.7,-82.9,-78.8,  1,  2, 0.02,236,58.9
2026-01-28 12:16:23,-81.7502,39.5990,  26.0,24261,-50.6,-82.9,-78.7,  1,  2, 0.02,236,58.9
2026-01-28 12:16:24,-81.7496,39.5993,  25.9,24266,-50.5,-82.8,-78.7,  1,  2, 0.02,236,58.9
2026-01-28 12:16:25,-81.7491,39.5996,  25.9,24271,-50.5,-82.8,-78.6,  1,  2, 0.02,236,58.9
2026-01-28 12:16:26,-81.7485,39.5999,  25.9,24276,-50.4,-82.7,-78.6,  1,  2, 0.02,236,59.0
2026-01-28 12:16:27,-81.7479,39.6002,  25.9,24281,-50.4,-82.7,-78.5,  1,  2, 0.02,236,59.0
2026-01-28 12:16:28,-81.7474,39.6005,  25.8,24287,-50.3,-82.6,-78.5,  1,  2, 0.02,236,59.0
2026-01-28 12:16:29,-81.7468,39.6008,  25.8,24292,-50.3,-82.6,-78.4,  1,  2, 0.02,235,59.0
2026-01-28 12:16:30,-81.7462,39.6010,  25.8,24298,-50.2,-82.5,-78.4,  1,  2, 0.02,235,59.0
2026-01-28 12:16:31,-81.7456,39.6013,  25.8,24304,-50.2,-82.5,-78.3,  1,  2, 0.02,235,59.0
2026-01-28 12:16:32,-81.7450,39.6016,  25.8,24309,-50.1,-82.5,-78.3,  1,  2, 0.02,235,59.0
2026-01-28 12:16:33,-81.7445,39.6019,  25.7,24315,-50.1,-82.4,-78.2,  1,  2, 0.02,235,59.0
2026-01-28 12:16:34,-81.7439,39.6022,  25.7,24320,-50.0,-82.4,-78.2,  1,  2, 0.02,235,59.0
2026-01-28 12:16:35,-81.7433,39.6025,  25.7,24326,-50.0,-82.3,-78.1,  1,  2, 0.02,235,59.0
2026-01-28 12:16:36,-81.7427,39.6028,  25.7,24331,-49.9,-82.3,-78.1,  1,  2, 0.02,235,59.1
2026-01-28 12:16:37,-81.7421,39.6031,  25.7,24336,-49.9,-82.2,-78.1,  1,  2, 0.02,235,59.1
2026-01-28 12:16:38,-81.7415,39.6034,  25.6,24342,-49.8,-82.2,-78.0,  1,  2, 0.02,235,59.2
2026-01-28 12:16:39,-81.7410,39.6037,  25.6,24347,-49.8,-82.1,-78.0,  1,  2, 0.02,235,59.3
2026-01-28 12:16:40,-81.7404,39.6040,  25.6,24353,-49.7,-82.1,-77.9,  1,  2, 0.02,235,59.3
2026-01-28 12:16:41,-81.7398,39.6043,  25.6,24358,-49.7,-82.1,-77.9,  1,  2, 0.02,235,59.4
2026-01-28 12:16:42,-81.7392,39.6045,  25.5,24364,-49.6,-82.0,-77.8,  1,  2, 0.02,235,59.4
2026-01-28 12:16:43,-81.7386,39.6048,  25.5,24369,-49.6,-82.0,-77.8,  1,  2, 0.02,235,59.5
2026-01-28 12:16:44,-81.7381,39.6051,  25.5,24375,-49.6,-82.0,-77.8,  1,  2, 0.02,236,59.5
2026-01-28 12:16:45,-81.7375,39.6054,  25.5,24381,-49.5,-82.0,-77.8,  1,  2, 0.02,236,59.6
2026-01-28 12:16:46,-81.7369,39.6057,  25.5,24386,-49.5,-81.9,-77.8,  1,  2, 0.02,236,59.6
2026-01-28 12:16:47,-81.7363,39.6060,  25.4,24392,-49.4,-81.9,-77.7,  1,  2, 0.02,236,59.7
2026-01-28 12:16:48,-81.7357,39.6063,  25.4,24398,-49.4,-81.9,-77.7,  1,  2, 0.02,236,59.7
2026-01-28 12:16:49,-81.7352,39.6066,  25.4,24404,-49.4,-81.9,-77.7,  1,  2, 0.02,236,59.8
2026-01-28 12:16:50,-81.7346,39.6069,  25.4,24409,-49.3,-81.8,-77.7,  1,  2, 0.02,236,59.8
2026-01-28 12:16:51,-81.7340,39.6072,  25.3,24415,-49.3,-81.8,-77.6,  1,  2, 0.02,236,59.9
2026-01-28 12:16:52,-81.7334,39.6075,  25.3,24420,-49.2,-81.8,-77.6,  1,  2, 0.02,236,60.0
2026-01-28 12:16:53,-81.7328,39.6078,  25.3,24426,-49.2,-81.8,-77.6,  1,  2, 0.02,236,60.0
2026-01-28 12:16:54,-81.7323,39.6080,  25.3,24431,-49.2,-81.8,-77.6,  1,  2, 0.02,236,60.1
2026-01-28 12:16:55,-81.7317,39.6083,  25.3,24437,-49.2,-81.8,-77.6,  1,  2, 0.02,236,60.1
2026-01-28 12:16:56,-81.7311,39.6086,  25.2,24443,-49.1,-81.8,-77.6,  1,  2, 0.02,236,60.1
2026-01-28 12:16:57,-81.7305,39.6089,  25.2,24448,-49.1,-81.7,-77.6,  1,  2, 0.02,236,60.0
2026-01-28 12:16:58,-81.7299,39.6092,  25.2,24454,-49.1,-81.7,-77.5,  1,  2, 0.02,236,59.9
2026-01-28 12:16:59,-81.7294,39.6095,  25.2,24460,-49.1,-81.7,-77.5,  1,  2, 0.02,236,59.9
2026-01-28 12:17:00,-81.7288,39.6097,  25.2,24466,-49.0,-81.7,-77.5,  1,  2, 0.02,236,59.8
2026-01-28 12:17:01,-81.7282,39.6100,  25.1,24471,-49.0,-81.7,-77.5,  1,  2, 0.02,236,59.8
2026-01-28 12:17:02,-81.7276,39.6103,  25.1,24476,-49.0,-81.7,-77.5,  1,  2, 0.02,236,59.7
2026-01-28 12:17:03,-81.7270,39.6106,  25.1,24482,-49.0,-81.7,-77.5,  1,  2, 0.02,236,59.6
2026-01-28 12:17:04,-81.7264,39.6108,  25.1,24487,-48.9,-81.7,-77.5,  1,  2, 0.02,236,59.6
2026-01-28 12:17:05,-81.7259,39.6111,  25.0,24492,-48.9,-81.6,-77.5,  1,  2, 0.02,236,59.5
2026-01-28 12:17:06,-81.7253,39.6114,  25.0,24498,-48.9,-81.6,-77.4,  1,  2, 0.02,236,59.5
2026-01-28 12:17:07,-81.7247,39.6116,  25.0,24503,-48.9,-81.6,-77.4,  1,  2, 0.02,236,59.4
2026-01-28 12:17:08,-81.7241,39.6119,  25.0,24508,-48.9,-81.6,-77.4,  1,  2, 0.02,237,59.3
2026-01-28 12:17:09,-81.7236,39.6122,  25.0,24514,-48.9,-81.6,-77.4,  1,  2, 0.02,237,59.3
2026-01-28 12:17:10,-81.7230,39.6124,  24.9,24519,-48.8,-81.6,-77.4,  1,  2, 0.02,237,59.2
2026-01-28 12:17:11,-81.7224,39.6127,  24.9,24524,-48.8,-81.6,-77.4,  1,  2, 0.02,237,59.2
2026-01-28 12:17:12,-81.7218,39.6130,  24.9,24530,-48.8,-81.6,-77.4,  1,  2, 0.02,237,59.1
2026-01-28 12:17:13,-81.7212,39.6133,  24.9,24536,-48.8,-81.6,-77.4,  1,  2, 0.02,237,59.0
2026-01-28 12:17:14,-81.7207,39.6135,  24.9,24542,-48.8,-81.6,-77.4,  1,  2, 0.02,237,59.0
2026-01-28 12:17:15,-81.7201,39.6138,  24.8,24548,-48.8,-81.6,-77.4,  1,  2, 0.02,237,58.9
2026-01-28 12:17:16,-81.7195,39.6141,  24.8,24554,-48.8,-81.5,-77.4,  1,  2, 0.02,237,58.8
2026-01-28 12:17:17,-81.7189,39.6143,  24.8,24560,-48.7,-81.5,-77.3,  1,  2, 0.02,237,58.8
2026-01-28 12:17:18,-81.7183,39.6146,  24.8,24566,-48.7,-81.5,-77.3,  1,  2, 0.02,237,58.7
2026-01-28 12:17:19,-81.7178,39.6149,  24.7,24573,-48.7,-81.5,-77.3,  1,  2, 0.02,237,58.6
2026-01-28 12:17:20,-81.7172,39.6151,  24.7,24579,-48.7,-81.5,-77.3,  1,  2, 0.02,237,58.6
2026-01-28 12:17:21,-81.7166,39.6154,  24.7,24585,-48.7,-81.5,-77.3,  1,  2, 0.02,237,58.5
2026-01-28 12:17:22,-81.7160,39.6157,  24.7,24592,-48.7,-81.5,-77.3,  1,  2, 0.02,238,58.4
2026-01-28 12:17:23,-81.7154,39.6160,  24.7,24598,-48.6,-81.4,-77.3,  1,  2, 0.02,238,58.3
2026-01-28 12:17:24,-81.7149,39.6162,  24.6,24603,-48.6,-81.4,-77.2,  1,  2, 0.02,238,58.3
2026-01-28 12:17:25,-81.7143,39.6165,  24.6,24609,-48.6,-81.4,-77.2,  1,  2, 0.02,238,58.2
2026-01-28 12:17:26,-81.7137,39.6168,  24.6,24615,-48.6,-81.4,-77.2,  1,  2, 0.02,238,58.1
2026-01-28 12:17:27,-81.7131,39.6170,  24.6,24621,-48.6,-81.4,-77.2,  1,  2, 0.02,238,58.1
2026-01-28 12:17:28,-81.7126,39.6172,  24.5,24627,-48.5,-81.3,-77.1,  1,  2, 0.02,238,58.0
2026-01-28 12:17:29,-81.7120,39.6175,  24.5,24633,-48.5,-81.3,-77.1,  1,  2, 0.02,238,57.9
2026-01-28 12:17:30,-81.7114,39.6177,  24.5,24638,-48.5,-81.3,-77.1,  1,  2, 0.02,238,57.8
2026-01-28 12:17:31,-81.7108,39.6180,  24.5,24644,-48.5,-81.3,-77.1,  1,  2, 0.02,238,57.8
2026-01-28 12:17:32,-81.7102,39.6182,  24.5,24650,-48.4,-81.2,-77.0,  1,  2, 0.02,239,57.7
2026-01-28 12:17:33,-81.7097,39.6184,  24.4,24656,-48.4,-81.2,-77.0,  1,  2, 0.02,239,57.6
2026-01-28 12:17:34,-81.7091,39.6187,  24.4,24662,-48.4,-81.2,-77.0,  1,  2, 0.02,239,57.6
2026-01-28 12:17:35,-81.7085,39.6189,  24.4,24667,-48.4,-81.2,-77.0,  1,  2, 0.02,239,57.5
2026-01-28 12:17:36,-81.7079,39.6192,  24.4,24673,-48.4,-81.1,-76.9,  1,  2, 0.02,239,57.4
2026-01-28 12:17:37,-81.7073,39.6194,  24.3,24678,-48.3,-81.1,-76.9,  1,  2, 0.02,239,57.4
2026-01-28 12:17:38,-81.7068,39.6196,  24.3,24684,-48.3,-81.1,-76.9,  1,  2, 0.02,239,57.3
2026-01-28 12:17:39,-81.7062,39.6199,  24.3,24689,-48.3,-81.1,-76.9,  1,  2, 0.02,239,57.3
2026-01-28 12:17:40,-81.7056,39.6201,  24.3,24695,-48.3,-81.1,-76.9,  1,  2, 0.02,239,57.2
2026-01-28 12:17:41,-81.7050,39.6203,  24.3,24702,-48.3,-81.0,-76.8,  1,  2, 0.02,240,57.2
2026-01-28 12:17:42,-81.7044,39.6206,  24.2,24708,-48.2,-81.0,-76.8,  1,  2, 0.02,240,57.1
2026-01-28 12:17:43,-81.7039,39.6208,  24.2,24715,-48.2,-81.0,-76.8,  1,  2, 0.02,240,57.1
2026-01-28 12:17:44,-81.7033,39.6211,  24.2,24721,-48.2,-81.0,-76.8,  1,  2, 0.02,240,57.0
2026-01-28 12:17:45,-81.7027,39.6213,  24.2,24728,-48.2,-80.9,-76.7,  1,  2, 0.02,240,57.0
2026-01-28 12:17:46,-81.7021,39.6215,  24.2,24733,-48.2,-80.9,-76.7,  1,  2, 0.02,240,56.9
2026-01-28 12:17:47,-81.7015,39.6218,  24.1,24738,-48.1,-80.9,-76.7,  1,  2, 0.02,240,56.9
2026-01-28 12:17:48,-81.7010,39.6220,  24.1,24743,-48.1,-80.9,-76.7,  1,  2, 0.02,240,56.8
2026-01-28 12:17:49,-81.7004,39.6223,  24.1,24749,-48.1,-80.8,-76.6,  1,  2, 0.02,240,56.8
2026-01-28 12:17:50,-81.6998,39.6225,  24.1,24754,-48.1,-80.8,-76.6,  1,  2, 0.02,240,56.8
2026-01-28 12:17:51,-81.6992,39.6227,  24.1,24759,-48.1,-80.8,-76.6,  1,  2, 0.02,241,56.7
2026-01-28 12:17:52,-81.6987,39.6230,  24.0,24765,-48.1,-80.8,-76.5,  1,  2, 0.02,241,56.7
2026-01-28 12:17:53,-81.6981,39.6232,  24.0,24771,-48.0,-80.7,-76.5,  1,  2, 0.02,241,56.6
2026-01-28 12:17:54,-81.6975,39.6234,  24.0,24777,-48.0,-80.7,-76.5,  1,  2, 0.02,241,56.6
2026-01-28 12:17:55,-81.6969,39.6237,  24.0,24783,-48.0,-80.7,-76.5,  1,  2, 0.02,241,56.5
2026-01-28 12:17:56,-81.6963,39.6239,  23.9,24788,-48.0,-80.7,-76.4,  1,  2, 0.03,241,56.5
2026-01-28 12:17:57,-81.6958,39.6242,  23.9,24795,-48.0,-80.6,-76.4,  1,  2, 0.03,241,56.6
2026-01-28 12:17:58,-81.6952,39.6244,  23.9,24801,-48.0,-80.6,-76.4,  1,  2, 0.03,241,56.6
2026-01-28 12:17:59,-81.6946,39.6246,  23.9,24807,-47.9,-80.6,-76.4,  1,  2, 0.03,241,56.6
2026-01-28 12:18:00,-81.6940,39.6249,  23.9,24813,-47.9,-80.6,-76.3,  1,  2, 0.03,241,56.6
2026-01-28 12:18:01,-81.6934,39.6251,  23.8,24819,-47.9,-80.5,-76.3,  1,  2, 0.03,241,56.6
2026-01-28 12:18:02,-81.6928,39.6253,  23.8,24826,-47.9,-80.5,-76.3,  1,  2, 0.03,241,56.7
2026-01-28 12:18:03,-81.6922,39.6255,  23.8,24833,-47.9,-80.5,-76.3,  1,  2, 0.03,241,56.7
2026-01-28 12:18:04,-81.6917,39.6258,  23.8,24840,-47.9,-80.5,-76.3,  1,  2, 0.03,242,56.7
2026-01-28 12:18:05,-81.6911,39.6260,  23.7,24847,-47.9,-80.5,-76.2,  1,  2, 0.03,242,56.7
2026-01-28 12:18:06,-81.6905,39.6262,  23.7,24854,-47.9,-80.4,-76.2,  1,  2, 0.03,242,56.8
2026-01-28 12:18:07,-81.6899,39.6264,  23.7,24861,-47.9,-80.4,-76.2,  1,  2, 0.03,242,56.8
2026-01-28 12:18:08,-81.6893,39.6267,  23.7,24867,-47.9,-80.4,-76.2,  1,  2, 0.03,242,56.8
2026-01-28 12:18:09,-81.6887,39.6269,  23.6,24874,-47.9,-80.4,-76.2,  1,  2, 0.03,242,56.8
2026-01-28 12:18:10,-81.6881,39.6271,  23.6,24881,-47.9,-80.4,-76.1,  1,  2, 0.03,242,56.9
2026-01-28 12:18:11,-81.6875,39.6274,  23.6,24888,-47.9,-80.3,-76.1,  1,  2, 0.03,242,56.9
2026-01-28 12:18:12,-81.6868,39.6276,  23.6,24894,-47.8,-80.3,-76.1,  1,  2, 0.03,242,56.9
2026-01-28 12:18:13,-81.6864,39.6278,  23.5,24903,-47.8,-80.3,-76.1,  1,  2, 0.03,242,56.9
2026-01-28 12:18:14,-81.6858,39.6280,  23.5,24908,-47.8,-80.3,-76.1,  1,  2, 0.03,242,57.0
2026-01-28 12:18:15,-81.6852,39.6283,  23.5,24915,-47.8,-80.3,-76.0,  1,  2, 0.03,242,57.0
2026-01-28 12:18:16,-81.6846,39.6285,  23.5,24922,-47.9,-80.3,-76.0,  1,  2, 0.03,242,57.0
2026-01-28 12:18:17,-81.6840,39.6287,  23.4,24929,-47.9,-80.2,-76.0,  1,  2, 0.03,242,57.0
2026-01-28 12:18:18,-81.6834,39.6290,  23.4,24936,-47.9,-80.2,-76.0,  1,  2, 0.03,242,57.0
2026-01-28 12:18:19,-81.6828,39.6292,  23.4,24943,-47.9,-80.2,-76.0,  1,  2, 0.03,242,57.0
2026-01-28 12:18:20,-81.6822,39.6294,  23.4,24949,-47.9,-80.2,-76.0,  1,  2, 0.03,242,56.9
2026-01-28 12:18:21,-81.6816,39.6296,  23.3,24956,-47.9,-80.2,-76.0,  1,  2, 0.03,242,56.9
2026-01-28 12:18:22,-81.6810,39.6299,  23.3,24962,-47.9,-80.2,-76.0,  1,  2, 0.03,242,56.9
2026-01-28 12:18:23,-81.6805,39.6301,  23.3,24968,-47.9,-80.2,-76.0,  1,  2, 0.03,242,56.9
2026-01-28 12:18:24,-81.6799,39.6303,  23.3,24975,-47.9,-80.2,-76.0,  1,  2, 0.03,242,56.9
2026-01-28 12:18:25,-81.6793,39.6306,  23.3,24982,-47.9,-80.2,-76.0,  1,  2, 0.03,242,56.9
2026-01-28 12:18:26,-81.6787,39.6308,  23.2,24989,-47.9,-80.2,-76.0,  1,  2, 0.03,242,56.9
2026-01-28 12:18:27,-81.6781,39.6310,  23.2,24995,-47.9,-80.2,-76.0,  1,  2, 0.03,242,56.9
2026-01-28 12:18:28,-81.6775,39.6312,  23.2,25002,-47.9,-80.2,-76.0,  1,  2, 0.03,242,56.9
2026-01-28 12:18:29,-81.6769,39.6315,  23.2,25009,-47.9,-80.2,-76.0,  1,  2, 0.03,242,56.9
2026-01-28 12:18:30,-81.6764,39.6317,  23.1,25016,-47.9,-80.2,-76.0,  1,  2, 0.03,242,56.9
2026-01-28 12:18:31,-81.6758,39.6320,  23.1,25023,-48.0,-80.2,-76.0,  1,  2, 0.03,242,56.9
2026-01-28 12:18:32,-81.6752,39.6323,  23.1,25030,-48.0,-80.2,-76.0,  1,  2, 0.03,242,56.9
2026-01-28 12:18:33,-81.6747,39.6325,  23.1,25037,-48.0,-80.2,-76.0,  1,  2, 0.03,242,56.9
2026-01-28 12:18:34,-81.6741,39.6328,  23.0,25044,-48.0,-80.2,-75.9,  1,  2, 0.03,242,56.9
2026-01-28 12:18:35,-81.6735,39.6331,  23.0,25051,-48.0,-80.2,-75.9,  1,  2, 0.03,242,56.9
2026-01-28 12:18:36,-81.6730,39.6333,  23.0,25057,-48.0,-80.2,-75.9,  1,  2, 0.03,241,56.9
2026-01-28 12:18:37,-81.6724,39.6336,  23.0,25063,-48.0,-80.2,-75.9,  1,  2, 0.03,241,56.9
2026-01-28 12:18:38,-81.6718,39.6338,  22.9,25069,-48.0,-80.2,-75.9,  1,  2, 0.03,241,56.9
2026-01-28 12:18:39,-81.6713,39.6341,  22.9,25075,-48.1,-80.2,-75.9,  1,  2, 0.03,241,56.9
2026-01-28 12:18:40,-81.6707,39.6344,  22.9,25082,-48.1,-80.2,-75.9,  1,  2, 0.03,241,56.9
2026-01-28 12:18:41,-81.6701,39.6346,  22.9,25088,-48.1,-80.2,-75.9,  1,  2, 0.03,240,56.9
2026-01-28 12:18:42,-81.6696,39.6349,  22.9,25094,-48.1,-80.2,-75.9,  1,  2, 0.03,240,56.9
2026-01-28 12:18:43,-81.6690,39.6352,  22.8,25101,-48.1,-80.2,-75.9,  1,  2, 0.03,240,56.9
2026-01-28 12:18:44,-81.6684,39.6354,  22.8,25108,-48.2,-80.2,-75.9,  1,  2, 0.03,240,56.9
2026-01-28 12:18:45,-81.6679,39.6357,  22.8,25114,-48.2,-80.2,-75.9,  1,  2, 0.03,240,57.0
2026-01-28 12:18:46,-81.6673,39.6359,  22.8,25121,-48.2,-80.2,-75.9,  1,  2, 0.03,239,57.0
2026-01-28 12:18:47,-81.6667,39.6362,  22.7,25127,-48.2,-80.2,-75.9,  1,  2, 0.03,239,57.0
2026-01-28 12:18:48,-81.6662,39.6365,  22.7,25134,-48.2,-80.2,-76.0,  1,  2, 0.03,239,57.0
2026-01-28 12:18:49,-81.6656,39.6367,  22.7,25140,-48.3,-80.2,-76.0,  1,  2, 0.03,239,57.0
2026-01-28 12:18:50,-81.6650,39.6370,  22.7,25147,-48.3,-80.2,-76.0,  1,  2, 0.03,239,57.0
2026-01-28 12:18:51,-81.6645,39.6372,  22.7,25153,-48.3,-80.2,-76.0,  1,  2, 0.03,238,57.0
2026-01-28 12:18:52,-81.6639,39.6375,  22.6,25160,-48.3,-80.2,-76.0,  1,  2, 0.03,238,57.1
2026-01-28 12:18:53,-81.6633,39.6378,  22.6,25166,-48.4,-80.2,-76.0,  1,  2, 0.03,238,57.1
2026-01-28 12:18:54,-81.6628,39.6380,  22.6,25172,-48.4,-80.2,-76.0,  1,  2, 0.03,238,57.1
2026-01-28 12:18:55,-81.6622,39.6383,  22.6,25178,-48.4,-80.2,-76.0,  1,  2, 0.03,238,57.1
2026-01-28 12:18:56,-81.6616,39.6386,  22.5,25185,-48.4,-80.2,-76.0,  1,  2, 0.03,238,57.2
2026-01-28 12:18:57,-81.6611,39.6388,  22.5,25191,-48.5,-80.2,-76.0,  1,  2, 0.03,237,57.2
2026-01-28 12:18:58,-81.6605,39.6391,  22.5,25197,-48.5,-80.2,-76.0,  1,  2, 0.03,237,57.2
2026-01-28 12:18:59,-81.6599,39.6393,  22.5,25203,-48.5,-80.2,-76.0,  1,  2, 0.03,237,57.3
2026-01-28 12:19:00,-81.6594,39.6396,  22.5,25210,-48.5,-80.2,-76.0,  1,  2, 0.03,237,57.3
2026-01-28 12:19:01,-81.6588,39.6399,  22.4,25216,-48.5,-80.2,-76.0,  1,  2, 0.03,237,57.3
2026-01-28 12:19:02,-81.6582,39.6402,  22.4,25222,-48.6,-80.2,-76.0,  1,  2, 0.03,237,57.4
2026-01-28 12:19:03,-81.6577,39.6405,  22.4,25228,-48.6,-80.2,-76.0,  1,  2, 0.03,237,57.4
2026-01-28 12:19:04,-81.6571,39.6408,  22.4,25235,-48.6,-80.2,-76.0,  1,  2, 0.03,237,57.4
2026-01-28 12:19:05,-81.6565,39.6411,  22.4,25241,-48.6,-80.2,-76.0,  1,  2, 0.03,237,57.5
2026-01-28 12:19:06,-81.6560,39.6414,  22.3,25247,-48.7,-80.2,-76.0,  1,  2, 0.03,236,57.5
2026-01-28 12:19:07,-81.6554,39.6416,  22.3,25254,-48.7,-80.2,-76.0,  1,  2, 0.03,236,57.5
2026-01-28 12:19:08,-81.6549,39.6419,  22.3,25260,-48.7,-80.2,-76.0,  1,  2, 0.03,236,57.6
2026-01-28 12:19:09,-81.6543,39.6422,  22.3,25266,-48.7,-80.2,-76.0,  1,  2, 0.03,236,57.6
2026-01-28 12:19:10,-81.6537,39.6425,  22.3,25272,-48.8,-80.2,-76.0,  1,  2, 0.03,236,57.7
2026-01-28 12:19:11,-81.6532,39.6428,  22.2,25278,-48.8,-80.2,-76.0,  1,  2, 0.03,236,57.7
2026-01-28 12:19:12,-81.6526,39.6431,  22.2,25285,-48.8,-80.2,-76.0,  1,  2, 0.03,236,57.7
2026-01-28 12:19:13,-81.6521,39.6434,  22.2,25291,-48.8,-80.3,-76.0,  1,  2, 0.03,236,57.8
2026-01-28 12:19:14,-81.6515,39.6437,  22.2,25297,-48.9,-80.3,-76.1,  1,  2, 0.03,236,57.8
2026-01-28 12:19:15,-81.6509,39.6440,  22.1,25303,-48.9,-80.3,-76.1,  1,  2, 0.03,235,57.8
2026-01-28 12:19:16,-81.6504,39.6442,  22.1,25310,-48.9,-80.3,-76.1,  1,  2, 0.03,235,57.9
2026-01-28 12:19:17,-81.6498,39.6445,  22.1,25317,-48.9,-80.3,-76.1,  1,  2, 0.03,235,57.9
2026-01-28 12:19:18,-81.6492,39.6448,  22.1,25323,-49.0,-80.3,-76.1,  1,  2, 0.03,235,58.0
2026-01-28 12:19:19,-81.6487,39.6451,  22.1,25330,-49.0,-80.3,-76.1,  1,  2, 0.03,235,58.0
2026-01-28 12:19:20,-81.6481,39.6454,  22.0,25337,-49.0,-80.3,-76.1,  1,  2, 0.03,235,58.0
2026-01-28 12:19:21,-81.6476,39.6457,  22.0,25343,-49.0,-80.4,-76.1,  1,  2, 0.03,235,58.1
2026-01-28 12:19:22,-81.6470,39.6460,  22.0,25349,-49.0,-80.4,-76.2,  1,  2, 0.03,235,58.1
2026-01-28 12:19:23,-81.6464,39.6463,  22.0,25356,-49.1,-80.4,-76.2,  1,  2, 0.03,235,58.1
2026-01-28 12:19:24,-81.6459,39.6466,  21.9,25362,-49.1,-80.4,-76.2,  1,  2, 0.03,235,58.2
2026-01-28 12:19:25,-81.6453,39.6469,  21.9,25368,-49.1,-80.4,-76.2,  1,  2, 0.03,235,58.2
2026-01-28 12:19:26,-81.6448,39.6471,  21.9,25374,-49.1,-80.4,-76.2,  1,  2, 0.03,235,58.2
2026-01-28 12:19:27,-81.6442,39.6474,  21.9,25381,-49.1,-80.4,-76.2,  1,  2, 0.03,235,58.3
2026-01-28 12:19:28,-81.6436,39.6477,  21.9,25388,-49.1,-80.4,-76.2,  1,  2, 0.03,235,58.3
2026-01-28 12:19:29,-81.6431,39.6480,  21.8,25395,-49.2,-80.5,-76.2,  1,  2, 0.03,235,58.4
2026-01-28 12:19:30,-81.6425,39.6483,  21.8,25402,-49.2,-80.5,-76.3,  1,  2, 0.03,235,58.4
2026-01-28 12:19:31,-81.6419,39.6486,  21.8,25409,-49.2,-80.5,-76.3,  1,  2, 0.03,235,58.4
2026-01-28 12:19:32,-81.6414,39.6489,  21.8,25416,-49.2,-80.5,-76.3,  1,  2, 0.03,235,58.5
2026-01-28 12:19:33,-81.6408,39.6491,  21.7,25422,-49.2,-80.5,-76.3,  1,  2, 0.03,235,58.5
2026-01-28 12:19:34,-81.6402,39.6494,  21.7,25429,-49.2,-80.5,-76.3,  1,  2, 0.03,235,58.5
2026-01-28 12:19:35,-81.6396,39.6497,  21.7,25436,-49.2,-80.5,-76.3,  1,  2, 0.03,235,58.6
2026-01-28 12:19:36,-81.6390,39.6500,  21.7,25443,-49.2,-80.5,-76.3,  1,  2, 0.03,235,58.6
2026-01-28 12:19:37,-81.6385,39.6502,  21.7,25450,-49.2,-80.5,-76.3,  1,  2, 0.03,235,58.6
2026-01-28 12:19:38,-81.6379,39.6505,  21.6,25456,-49.2,-80.5,-76.3,  1,  2, 0.03,235,58.6
2026-01-28 12:19:39,-81.6373,39.6508,  21.6,25463,-49.2,-80.5,-76.3,  1,  2, 0.03,235,58.6
2026-01-28 12:19:40,-81.6367,39.6511,  21.6,25470,-49.2,-80.5,-76.3,  1,  2, 0.03,235,58.6
2026-01-28 12:19:41,-81.6362,39.6514,  21.6,25477,-49.2,-80.5,-76.3,  1,  2, 0.03,235,58.7
2026-01-28 12:19:42,-81.6356,39.6516,  21.5,25483,-49.2,-80.6,-76.3,  1,  2, 0.03,235,58.7
2026-01-28 12:19:43,-81.6350,39.6519,  21.5,25490,-49.3,-80.6,-76.3,  1,  2, 0.03,235,58.7
2026-01-28 12:19:44,-81.6344,39.6522,  21.5,25497,-49.3,-80.6,-76.3,  1,  2, 0.03,235,58.7
2026-01-28 12:19:45,-81.6338,39.6525,  21.5,25504,-49.3,-80.6,-76.4,  1,  2, 0.03,236,58.7
2026-01-28 12:19:46,-81.6333,39.6527,  21.5,25511,-49.3,-80.6,-76.4,  1,  2, 0.03,236,58.7
2026-01-28 12:19:47,-81.6327,39.6530,  21.4,25518,-49.3,-80.6,-76.4,  1,  2, 0.03,236,58.8
2026-01-28 12:19:48,-81.6321,39.6533,  21.4,25525,-49.3,-80.6,-76.4,  1,  2, 0.03,236,58.8
2026-01-28 12:19:49,-81.6315,39.6536,  21.4,25531,-49.3,-80.6,-76.4,  1,  2, 0.03,236,58.8
2026-01-28 12:19:50,-81.6309,39.6539,  21.4,25537,-49.3,-80.6,-76.4,  1,  2, 0.03,236,58.8
2026-01-28 12:19:51,-81.6304,39.6541,  21.4,25543,-49.3,-80.6,-76.4,  1,  2, 0.03,236,58.8
2026-01-28 12:19:52,-81.6298,39.6544,  21.3,25549,-49.3,-80.6,-76.4,  1,  2, 0.03,236,58.8
2026-01-28 12:19:53,-81.6292,39.6547,  21.3,25555,-49.3,-80.6,-76.4,  1,  2, 0.03,236,58.9
2026-01-28 12:19:54,-81.6286,39.6550,  21.3,25561,-49.3,-80.6,-76.4,  1,  2, 0.03,236,58.9
2026-01-28 12:19:55,-81.6281,39.6552,  21.3,25568,-49.3,-80.6,-76.4,  1,  2, 0.03,237,58.9
2026-01-28 12:19:56,-81.6275,39.6555,  21.2,25574,-49.3,-80.6,-76.4,  1,  2, 0.03,237,58.9
2026-01-28 12:19:57,-81.6269,39.6558,  21.2,25581,-49.3,-80.6,-76.4,  1,  2, 0.03,237,58.9
2026-01-28 12:19:58,-81.6263,39.6561,  21.2,25588,-49.3,-80.6,-76.4,  1,  2, 0.03,237,58.8
2026-01-28 12:19:59,-81.6258,39.6564,  21.2,25595,-49.3,-80.6,-76.4,  1,  2, 0.03,237,58.8
2026-01-28 12:20:00,-81.6253,39.6566,  21.2,25601,-49.3,-80.6,-76.4,  1,  2, 0.03,237,58.8
2026-01-28 12:20:01,-81.6246,39.6569,  21.1,25605,-49.3,-80.6,-76.4,  1,  2, 0.03,237,58.8
2026-01-28 12:20:02,-81.6240,39.6571,  21.1,25613,-49.3,-80.6,-76.4,  1,  2, 0.03,238,58.8
2026-01-28 12:20:03,-81.6234,39.6574,  21.1,25619,-49.3,-80.6,-76.4,  1,  2, 0.03,238,58.8
2026-01-28 12:20:04,-81.6228,39.6576,  21.1,25624,-49.3,-80.6,-76.4,  1,  2, 0.03,238,58.8
2026-01-28 12:20:05,-81.6222,39.6579,  21.1,25630,-49.3,-80.6,-76.3,  1,  2, 0.03,238,58.8
2026-01-28 12:20:06,-81.6216,39.6581,  21.0,25637,-49.3,-80.5,-76.3,  1,  2, 0.03,238,58.7
2026-01-28 12:20:07,-81.6210,39.6584,  21.0,25643,-49.2,-80.5,-76.3,  1,  2, 0.03,238,58.7
2026-01-28 12:20:08,-81.6205,39.6586,  21.0,25650,-49.2,-80.5,-76.3,  1,  2, 0.03,239,58.7
2026-01-28 12:20:09,-81.6199,39.6589,  21.0,25656,-49.2,-80.5,-76.3,  1,  2, 0.03,239,58.7
2026-01-28 12:20:10,-81.6193,39.6591,  21.0,25663,-49.2,-80.5,-76.3,  1,  2, 0.03,239,58.7
2026-01-28 12:20:11,-81.6187,39.6594,  20.9,25669,-49.2,-80.5,-76.3,  1,  2, 0.03,239,58.7
2026-01-28 12:20:12,-81.6181,39.6596,  20.9,25675,-49.2,-80.5,-76.3,  1,  2, 0.03,239,58.7
2026-01-28 12:20:13,-81.6175,39.6599,  20.9,25681,-49.2,-80.5,-76.3,  1,  2, 0.03,239,58.7
2026-01-28 12:20:14,-81.6169,39.6601,  20.9,25688,-49.2,-80.5,-76.3,  1,  2, 0.03,240,58.7
2026-01-28 12:20:15,-81.6163,39.6604,  20.9,25694,-49.2,-80.5,-76.2,  1,  2, 0.03,240,58.7
2026-01-28 12:20:16,-81.6157,39.6606,  20.8,25700,-49.2,-80.4,-76.2,  1,  2, 0.03,240,58.6
2026-01-28 12:20:17,-81.6151,39.6609,  20.8,25707,-49.2,-80.4,-76.2,  1,  2, 0.03,240,58.6
2026-01-28 12:20:18,-81.6145,39.6611,  20.8,25713,-49.2,-80.4,-76.2,  1,  2, 0.03,240,58.5
2026-01-28 12:20:19,-81.6140,39.6613,  20.8,25720,-49.2,-80.4,-76.2,  1,  2, 0.03,240,58.4
2026-01-28 12:20:20,-81.6134,39.6616,  20.8,25726,-49.2,-80.4,-76.2,  1,  2, 0.03,240,58.4
2026-01-28 12:20:21,-81.6128,39.6618,  20.7,25733,-49.2,-80.4,-76.2,  1,  2, 0.03,240,58.3
2026-01-28 12:20:22,-81.6122,39.6621,  20.7,25739,-49.2,-80.4,-76.2,  1,  2, 0.03,240,58.3
2026-01-28 12:20:23,-81.6116,39.6623,  20.7,25746,-49.2,-80.4,-76.1,  1,  2, 0.03,240,58.2
2026-01-28 12:20:24,-81.6110,39.6626,  20.7,25753,-49.2,-80.3,-76.1,  1,  2, 0.03,240,58.2
2026-01-28 12:20:25,-81.6104,39.6628,  20.7,25759,-49.2,-80.3,-76.1,  1,  2, 0.03,240,58.1
2026-01-28 12:20:26,-81.6098,39.6631,  20.6,25766,-49.2,-80.3,-76.1,  1,  2, 0.03,240,58.1
2026-01-28 12:20:27,-81.6092,39.6633,  20.6,25772,-49.2,-80.3,-76.1,  1,  2, 0.03,240,58.0
2026-01-28 12:20:28,-81.6086,39.6636,  20.6,25779,-49.2,-80.3,-76.1,  1,  2, 0.03,240,57.9
2026-01-28 12:20:29,-81.6080,39.6638,  20.6,25786,-49.2,-80.3,-76.1,  1,  2, 0.03,240,57.9
2026-01-28 12:20:30,-81.6075,39.6641,  20.6,25793,-49.2,-80.3,-76.1,  1,  2, 0.03,240,57.8
2026-01-28 12:20:31,-81.6069,39.6643,  20.5,25800,-49.2,-80.3,-76.1,  1,  2, 0.03,240,57.8
2026-01-28 12:20:32,-81.6063,39.6645,  20.5,25807,-49.2,-80.3,-76.0,  1,  2, 0.03,240,57.7
2026-01-28 12:20:33,-81.6057,39.6647,  20.5,25814,-49.2,-80.3,-76.0,  1,  2, 0.03,240,57.7
2026-01-28 12:20:34,-81.6052,39.6650,  20.5,25821,-49.2,-80.3,-76.0,  1,  2, 0.03,241,57.6
2026-01-28 12:20:35,-81.6046,39.6652,  20.4,25827,-49.2,-80.3,-76.0,  1,  2, 0.03,241,57.5
2026-01-28 12:20:36,-81.6040,39.6654,  20.4,25834,-49.2,-80.3,-76.0,  1,  2, 0.03,241,57.5
2026-01-28 12:20:37,-81.6034,39.6657,  20.4,25841,-49.2,-80.2,-76.0,  1,  2, 0.03,241,57.4
2026-01-28 12:20:38,-81.6029,39.6659,  20.4,25848,-49.2,-80.2,-76.0,  1,  2, 0.03,241,57.3
2026-01-28 12:20:39,-81.6023,39.6661,  20.4,25855,-49.2,-80.2,-76.0,  1,  2, 0.03,241,57.2
2026-01-28 12:20:40,-81.6017,39.6663,  20.3,25862,-49.2,-80.2,-76.0,  1,  2, 0.03,241,57.1
2026-01-28 12:20:41,-81.6011,39.6666,  20.3,25868,-49.1,-80.2,-76.0,  1,  2, 0.03,241,57.0
2026-01-28 12:20:42,-81.6006,39.6668,  20.3,25875,-49.2,-80.2,-76.0,  1,  2, 0.03,241,56.9
2026-01-28 12:20:43,-81.6000,39.6670,  20.3,25882,-49.2,-80.2,-76.0,  1,  2, 0.03,241,56.9
2026-01-28 12:20:44,-81.5994,39.6672,  20.3,25888,-49.2,-80.2,-76.0,  1,  2, 0.03,241,56.8
2026-01-28 12:20:45,-81.5988,39.6675,  20.2,25895,-49.2,-80.2,-76.0,  1,  2, 0.03,241,56.7
2026-01-28 12:20:46,-81.5983,39.6677,  20.2,25901,-49.2,-80.2,-76.0,  1,  2, 0.03,241,56.6
2026-01-28 12:20:47,-81.5977,39.6679,  20.2,25907,-49.2,-80.2,-76.0,  1,  2, 0.03,241,56.5
2026-01-28 12:20:48,-81.5971,39.6682,  20.2,25914,-49.2,-80.3,-76.0,  1,  2, 0.03,241,56.4
2026-01-28 12:20:49,-81.5966,39.6684,  20.2,25920,-49.2,-80.3,-76.0,  1,  2, 0.03,241,56.3
2026-01-28 12:20:50,-81.5960,39.6686,  20.1,25926,-49.2,-80.3,-76.0,  1,  2, 0.03,241,56.3
2026-01-28 12:20:51,-81.5954,39.6688,  20.1,25933,-49.3,-80.3,-76.0,  1,  2, 0.03,241,56.2
2026-01-28 12:20:52,-81.5948,39.6691,  20.1,25939,-49.3,-80.3,-76.0,  1,  2, 0.03,241,56.1
2026-01-28 12:20:53,-81.5943,39.6693,  20.1,25945,-49.3,-80.3,-76.0,  1,  2, 0.03,241,56.0
2026-01-28 12:20:54,-81.5937,39.6695,  20.1,25952,-49.3,-80.3,-76.0,  1,  2, 0.03,241,55.9
2026-01-28 12:20:55,-81.5931,39.6697,  20.0,25958,-49.3,-80.3,-76.0,  1,  2, 0.03,242,55.8
2026-01-28 12:20:56,-81.5925,39.6700,  20.0,25964,-49.3,-80.3,-76.1,  1,  2, 0.03,242,55.7
2026-01-28 12:20:57,-81.5919,39.6702,  20.0,25971,-49.4,-80.3,-76.1,  1,  2, 0.03,242,55.7
2026-01-28 12:20:58,-81.5914,39.6704,  20.0,25978,-49.4,-80.3,-76.1,  2,  2, 0.03,242,55.6
2026-01-28 12:20:59,-81.5908,39.6707,  20.0,25984,-49.4,-80.3,-76.1,  2,  2, 0.03,242,55.5
2026-01-28 12:21:00,-81.5902,39.6709,  19.9,25991,-49.4,-80.3,-76.1,  2,  2, 0.03,242,55.4
2026-01-28 12:21:01,-81.5897,39.6711,  19.9,25998,-49.5,-80.3,-76.1,  2,  2, 0.03,242,55.4
2026-01-28 12:21:02,-81.5891,39.6713,  19.9,26004,-49.5,-80.3,-76.1,  2,  2, 0.03,242,55.3
2026-01-28 12:21:03,-81.5885,39.6715,  19.9,26011,-49.5,-80.3,-76.1,  2,  2, 0.03,242,55.2
2026-01-28 12:21:04,-81.5880,39.6717,  19.9,26017,-49.6,-80.3,-76.1,  2,  2, 0.03,242,55.1
2026-01-28 12:21:05,-81.5874,39.6720,  19.8,26023,-49.6,-80.3,-76.1,  2,  2, 0.03,242,55.1
2026-01-28 12:21:06,-81.5868,39.6722,  19.8,26029,-49.6,-80.3,-76.1,  2,  2, 0.03,242,55.0
2026-01-28 12:21:07,-81.5863,39.6724,  19.8,26036,-49.6,-80.3,-76.1,  2,  2, 0.03,242,54.9
2026-01-28 12:21:08,-81.5857,39.6726,  19.8,26043,-49.7,-80.3,-76.1,  2,  2, 0.03,242,54.8
2026-01-28 12:21:09,-81.5851,39.6728,  19.8,26050,-49.7,-80.3,-76.1,  2,  2, 0.03,242,54.8
2026-01-28 12:21:10,-81.5846,39.6730,  19.7,26057,-49.7,-80.3,-76.1,  2,  3, 0.03,242,54.7
2026-01-28 12:21:11,-81.5840,39.6733,  19.7,26064,-49.8,-80.3,-76.1,  2,  3, 0.03,242,54.6
2026-01-28 12:21:12,-81.5834,39.6735,  19.7,26071,-49.8,-80.4,-76.1,  2,  3, 0.03,242,54.5
2026-01-28 12:21:13,-81.5829,39.6737,  19.7,26077,-49.8,-80.4,-76.2,  2,  3, 0.03,242,54.5
2026-01-28 12:21:14,-81.5823,39.6739,  19.7,26084,-49.9,-80.4,-76.2,  2,  3, 0.03,242,54.4
2026-01-28 12:21:15,-81.5817,39.6741,  19.6,26090,-49.9,-80.4,-76.2,  2,  3, 0.03,242,54.3
2026-01-28 12:21:16,-81.5811,39.6743,  19.6,26097,-49.9,-80.4,-76.2,  2,  3, 0.03,242,54.3
2026-01-28 12:21:17,-81.5806,39.6745,  19.6,26103,-50.0,-80.4,-76.2,  2,  3, 0.03,242,54.4
2026-01-28 12:21:18,-81.5800,39.6748,  19.6,26109,-50.0,-80.4,-76.2,  2,  3, 0.03,242,54.4
2026-01-28 12:21:19,-81.5794,39.6750,  19.6,26116,-50.0,-80.4,-76.2,  2,  3, 0.03,242,54.4
2026-01-28 12:21:20,-81.5789,39.6752,  19.5,26122,-50.0,-80.5,-76.2,  2,  3, 0.03,242,54.5
2026-01-28 12:21:21,-81.5783,39.6754,  19.5,26129,-50.1,-80.5,-76.3,  2,  3, 0.03,242,54.5
2026-01-28 12:21:22,-81.5777,39.6756,  19.5,26135,-50.1,-80.5,-76.3,  2,  3, 0.03,242,54.5
2026-01-28 12:21:23,-81.5772,39.6758,  19.5,26142,-50.1,-80.5,-76.3,  2,  3, 0.03,242,54.6
2026-01-28 12:21:24,-81.5766,39.6761,  19.5,26148,-50.2,-80.5,-76.3,  2,  3, 0.03,242,54.6
2026-01-28 12:21:25,-81.5760,39.6763,  19.4,26155,-50.2,-80.5,-76.3,  2,  3, 0.03,242,54.6
2026-01-28 12:21:26,-81.5755,39.6765,  19.4,26162,-50.2,-80.5,-76.3,  2,  3, 0.03,242,54.7
2026-01-28 12:21:27,-81.5749,39.6767,  19.4,26169,-50.3,-80.6,-76.3,  2,  3, 0.03,242,54.7
2026-01-28 12:21:28,-81.5743,39.6769,  19.4,26176,-50.3,-80.6,-76.4,  2,  3, 0.03,242,54.7
2026-01-28 12:21:29,-81.5738,39.6771,  19.4,26183,-50.3,-80.6,-76.4,  2,  3, 0.03,243,54.8
2026-01-28 12:21:30,-81.5732,39.6774,  19.3,26189,-50.4,-80.6,-76.4,  2,  3, 0.03,243,54.8
2026-01-28 12:21:31,-81.5726,39.6776,  19.3,26195,-50.4,-80.6,-76.4,  2,  3, 0.03,243,54.8
2026-01-28 12:21:32,-81.5721,39.6778,  19.3,26201,-50.4,-80.7,-76.4,  2,  3, 0.03,243,54.8
2026-01-28 12:21:33,-81.5715,39.6780,  19.3,26208,-50.4,-80.7,-76.5,  2,  3, 0.03,243,54.9
2026-01-28 12:21:34,-81.5709,39.6782,  19.3,26214,-50.5,-80.7,-76.5,  2,  3, 0.03,243,54.9
2026-01-28 12:21:35,-81.5703,39.6784,  19.3,26220,-50.5,-80.7,-76.5,  2,  3, 0.03,243,54.9
2026-01-28 12:21:36,-81.5697,39.6787,  19.2,26227,-50.5,-80.7,-76.5,  2,  3, 0.03,243,55.0
2026-01-28 12:21:37,-81.5692,39.6789,  19.2,26234,-50.6,-80.7,-76.5,  2,  3, 0.03,243,55.1
2026-01-28 12:21:38,-81.5686,39.6791,  19.2,26240,-50.6,-80.8,-76.6,  2,  3, 0.03,243,55.1
2026-01-28 12:21:39,-81.5680,39.6793,  19.2,26247,-50.6,-80.8,-76.6,  2,  3, 0.03,243,55.2
2026-01-28 12:21:40,-81.5674,39.6796,  19.2,26254,-50.6,-80.8,-76.6,  2,  3, 0.03,243,55.3
2026-01-28 12:21:41,-81.5668,39.6798,  19.1,26261,-50.7,-80.8,-76.6,  2,  3, 0.03,243,55.3
2026-01-28 12:21:42,-81.5662,39.6800,  19.1,26267,-50.7,-80.9,-76.7,  2,  3, 0.03,243,55.4
2026-01-28 12:21:43,-81.5657,39.6802,  19.1,26274,-50.7,-80.9,-76.7,  2,  3, 0.03,243,55.5
2026-01-28 12:21:44,-81.5651,39.6805,  19.1,26281,-50.8,-80.9,-76.7,  2,  3, 0.03,243,55.5
2026-01-28 12:21:45,-81.5645,39.6807,  19.1,26287,-50.8,-80.9,-76.7,  2,  3, 0.03,243,55.6
2026-01-28 12:21:46,-81.5639,39.6809,  19.0,26294,-50.8,-80.9,-76.7,  2,  3, 0.03,243,55.7
2026-01-28 12:21:47,-81.5633,39.6811,  19.0,26300,-50.8,-81.0,-76.8,  2,  3, 0.03,243,55.7
2026-01-28 12:21:48,-81.5628,39.6814,  19.0,26306,-50.9,-81.0,-76.8,  2,  3, 0.03,243,55.8
2026-01-28 12:21:49,-81.5622,39.6816,  19.0,26312,-50.9,-81.0,-76.8,  2,  3, 0.03,243,55.9
2026-01-28 12:21:50,-81.5616,39.6818,  19.0,26318,-50.9,-81.0,-76.8,  2,  3, 0.03,243,55.9
2026-01-28 12:21:51,-81.5610,39.6820,  18.9,26324,-50.9,-81.0,-76.8,  2,  3, 0.03,243,56.0
2026-01-28 12:21:52,-81.5604,39.6823,  18.9,26331,-51.0,-81.1,-76.9,  2,  3, 0.03,243,56.1
2026-01-28 12:21:53,-81.5598,39.6825,  18.9,26338,-51.0,-81.1,-76.9,  2,  3, 0.03,243,56.1
2026-01-28 12:21:54,-81.5593,39.6827,  18.9,26345,-51.0,-81.1,-76.9,  2,  3, 0.03,243,56.2
2026-01-28 12:21:55,-81.5587,39.6829,  18.9,26351,-51.0,-81.1,-76.9,  2,  3, 0.03,243,56.3
2026-01-28 12:21:56,-81.5581,39.6832,  18.8,26358,-51.1,-81.2,-77.0,  2,  3, 0.03,243,56.3
2026-01-28 12:21:57,-81.5575,39.6834,  18.8,26365,-51.1,-81.2,-77.0,  2,  3, 0.03,242,56.3
2026-01-28 12:21:58,-81.5569,39.6836,  18.8,26372,-51.1,-81.2,-77.0,  2,  3, 0.03,242,56.3
2026-01-28 12:21:59,-81.5564,39.6838,  18.8,26378,-51.1,-81.2,-77.0,  2,  3, 0.03,242,56.3
2026-01-28 12:22:00,-81.5558,39.6841,  18.8,26385,-51.2,-81.3,-77.1,  2,  3, 0.03,242,56.3
2026-01-28 12:22:01,-81.5552,39.6843,  18.8,26392,-51.2,-81.3,-77.1,  2,  3, 0.03,242,56.3
2026-01-28 12:22:02,-81.5546,39.6845,  18.7,26399,-51.2,-81.3,-77.1,  2,  3, 0.03,242,56.3
2026-01-28 12:22:03,-81.5540,39.6848,  18.7,26405,-51.2,-81.3,-77.1,  2,  3, 0.03,242,56.3
2026-01-28 12:22:04,-81.5535,39.6850,  18.7,26412,-51.2,-81.3,-77.1,  2,  3, 0.03,242,56.4
2026-01-28 12:22:05,-81.5529,39.6853,  18.7,26418,-51.2,-81.3,-77.2,  2,  3, 0.03,241,56.4
2026-01-28 12:22:06,-81.5523,39.6855,  18.7,26425,-51.3,-81.4,-77.2,  2,  3, 0.03,241,56.4
2026-01-28 12:22:07,-81.5517,39.6858,  18.6,26432,-51.3,-81.4,-77.2,  2,  3, 0.03,241,56.4
2026-01-28 12:22:08,-81.5512,39.6860,  18.6,26438,-51.3,-81.4,-77.2,  2,  3, 0.03,241,56.4
2026-01-28 12:22:09,-81.5506,39.6863,  18.6,26444,-51.3,-81.4,-77.2,  2,  3, 0.03,241,56.4
2026-01-28 12:22:10,-81.5500,39.6866,  18.6,26450,-51.3,-81.4,-77.2,  2,  3, 0.03,241,56.4
2026-01-28 12:22:11,-81.5495,39.6868,  18.6,26456,-51.3,-81.4,-77.2,  2,  3, 0.03,241,56.4
2026-01-28 12:22:12,-81.5489,39.6871,  18.5,26462,-51.3,-81.4,-77.2,  2,  3, 0.03,241,56.4
2026-01-28 12:22:13,-81.5483,39.6873,  18.5,26468,-51.4,-81.4,-77.2,  2,  3, 0.03,240,56.5
2026-01-28 12:22:14,-81.5477,39.6876,  18.5,26475,-51.4,-81.4,-77.2,  2,  3, 0.03,240,56.5
2026-01-28 12:22:15,-81.5472,39.6878,  18.5,26481,-51.4,-81.4,-77.3,  2,  3, 0.03,240,56.5
2026-01-28 12:22:16,-81.5466,39.6881,  18.5,26488,-51.4,-81.4,-77.3,  2,  3, 0.03,240,56.5
2026-01-28 12:22:17,-81.5460,39.6884,  18.5,26494,-51.4,-81.4,-77.3,  2,  3, 0.03,240,56.6
2026-01-28 12:22:18,-81.5455,39.6886,  18.4,26501,-51.4,-81.5,-77.3,  2,  3, 0.03,240,56.6
2026-01-28 12:22:19,-81.5449,39.6889,  18.4,26507,-51.4,-81.5,-77.3,  2,  3, 0.03,240,56.6
2026-01-28 12:22:20,-81.5443,39.6891,  18.4,26514,-51.4,-81.5,-77.3,  2,  3, 0.03,240,56.7
2026-01-28 12:22:21,-81.5437,39.6894,  18.4,26521,-51.4,-81.5,-77.3,  2,  3, 0.03,239,56.7
2026-01-28 12:22:22,-81.5432,39.6896,  18.4,26528,-51.4,-81.5,-77.3,  2,  3, 0.03,239,56.7
2026-01-28 12:22:23,-81.5426,39.6899,  18.3,26535,-51.4,-81.5,-77.3,  2,  3, 0.03,239,56.8
2026-01-28 12:22:24,-81.5420,39.6902,  18.3,26541,-51.4,-81.5,-77.3,  2,  3, 0.03,239,56.8
2026-01-28 12:22:25,-81.5415,39.6904,  18.3,26548,-51.5,-81.5,-77.3,  2,  3, 0.03,239,56.9
2026-01-28 12:22:26,-81.5409,39.6907,  18.3,26554,-51.5,-81.5,-77.3,  2,  3, 0.03,239,56.9
2026-01-28 12:22:27,-81.5403,39.6909,  18.3,26559,-51.5,-81.5,-77.3,  2,  3, 0.03,239,56.9
2026-01-28 12:22:28,-81.5400,39.6911,  18.3,26564,-51.5,-81.5,-77.3,  2,  3, 0.03,239,57.0
2026-01-28 12:22:29,-81.5392,39.6915,  18.3,26567,-51.5,-81.5,-77.3,  2,  3, 0.03,238,57.0
2026-01-28 12:22:30,-81.5386,39.6917,  18.2,26575,-51.5,-81.4,-77.3,  2,  3, 0.03,238,57.1
2026-01-28 12:22:31,-81.5380,39.6920,  18.2,26581,-51.5,-81.4,-77.3,  2,  3, 0.03,238,57.1
2026-01-28 12:22:32,-81.5375,39.6922,  18.2,26587,-51.5,-81.4,-77.3,  2,  3, 0.03,238,57.2
2026-01-28 12:22:33,-81.5369,39.6925,  18.2,26594,-51.5,-81.5,-77.3,  2,  3, 0.03,238,57.2
2026-01-28 12:22:34,-81.5363,39.6928,  18.2,26600,-51.5,-81.5,-77.3,  2,  3, 0.03,238,57.2
2026-01-28 12:22:35,-81.5358,39.6931,  18.1,26606,-51.5,-81.5,-77.3,  2,  3, 0.03,238,57.3
2026-01-28 12:22:36,-81.5352,39.6934,  18.1,26613,-51.5,-81.5,-77.3,  2,  3, 0.03,237,57.4
2026-01-28 12:22:37,-81.5346,39.6937,  18.1,26619,-51.5,-81.5,-77.3,  2,  3, 0.03,237,57.5
2026-01-28 12:22:38,-81.5341,39.6940,  18.1,26625,-51.5,-81.5,-77.3,  2,  3, 0.03,237,57.5
2026-01-28 12:22:39,-81.5335,39.6943,  18.1,26631,-51.5,-81.5,-77.3,  2,  3, 0.03,237,57.6
2026-01-28 12:22:40,-81.5329,39.6946,  18.1,26638,-51.5,-81.5,-77.3,  2,  3, 0.03,237,57.7
2026-01-28 12:22:41,-81.5324,39.6949,  18.0,26644,-51.5,-81.5,-77.3,  2,  3, 0.03,236,57.8
2026-01-28 12:22:42,-81.5318,39.6952,  18.0,26650,-51.5,-81.5,-77.3,  2,  3, 0.03,236,57.9
2026-01-28 12:22:43,-81.5313,39.6955,  18.0,26656,-51.4,-81.5,-77.3,  2,  3, 0.03,236,58.0
2026-01-28 12:22:44,-81.5307,39.6958,  18.0,26663,-51.4,-81.5,-77.3,  2,  3, 0.03,236,58.1
2026-01-28 12:22:45,-81.5301,39.6961,  18.0,26669,-51.4,-81.5,-77.3,  2,  3, 0.03,236,58.2
2026-01-28 12:22:46,-81.5296,39.6964,  18.0,26675,-51.4,-81.4,-77.3,  2,  3, 0.03,236,58.3
2026-01-28 12:22:47,-81.5290,39.6967,  17.9,26682,-51.4,-81.4,-77.2,  2,  3, 0.03,235,58.4
2026-01-28 12:22:48,-81.5285,39.6970,  17.9,26688,-51.4,-81.4,-77.2,  2,  3, 0.03,235,58.5
2026-01-28 12:22:49,-81.5279,39.6973,  17.9,26694,-51.4,-81.4,-77.2,  2,  3, 0.03,235,58.5
2026-01-28 12:22:50,-81.5273,39.6976,  17.9,26701,-51.4,-81.4,-77.2,  2,  3, 0.03,235,58.6
2026-01-28 12:22:51,-81.5268,39.6979,  17.9,26707,-51.4,-81.4,-77.2,  2,  3, 0.03,235,58.7
2026-01-28 12:22:52,-81.5262,39.6982,  17.8,26713,-51.4,-81.4,-77.2,  2,  3, 0.03,235,58.8
2026-01-28 12:22:53,-81.5256,39.6985,  17.8,26719,-51.3,-81.4,-77.2,  2,  3, 0.03,234,58.9
2026-01-28 12:22:54,-81.5251,39.6988,  17.8,26726,-51.3,-81.4,-77.2,  2,  3, 0.03,234,59.0
2026-01-28 12:22:55,-81.5245,39.6991,  17.8,26732,-51.3,-81.4,-77.2,  2,  3, 0.03,234,59.1
2026-01-28 12:22:56,-81.5239,39.6994,  17.8,26738,-51.3,-81.3,-77.2,  2,  3, 0.03,234,59.1
2026-01-28 12:22:57,-81.5234,39.6997,  17.8,26745,-51.3,-81.3,-77.1,  2,  3, 0.03,234,59.1
2026-01-28 12:22:58,-81.5228,39.7000,  17.7,26751,-51.3,-81.3,-77.1,  2,  3, 0.03,234,59.1
2026-01-28 12:22:59,-81.5223,39.7003,  17.7,26758,-51.3,-81.3,-77.1,  2,  3, 0.03,234,59.1
2026-01-28 12:23:00,-81.5217,39.7006,  17.7,26764,-51.3,-81.3,-77.1,  2,  3, 0.03,234,59.2
2026-01-28 12:23:01,-81.5211,39.7009,  17.7,26770,-51.3,-81.3,-77.1,  2,  3, 0.03,234,59.2
2026-01-28 12:23:02,-81.5206,39.7012,  17.7,26776,-51.3,-81.3,-77.1,  2,  3, 0.03,234,59.2
2026-01-28 12:23:03,-81.5200,39.7015,  17.7,26782,-51.2,-81.3,-77.1,  2,  3, 0.03,234,59.2
2026-01-28 12:23:04,-81.5195,39.7018,  17.6,26789,-51.2,-81.3,-77.1,  2,  3, 0.03,234,59.2
2026-01-28 12:23:05,-81.5189,39.7021,  17.6,26795,-51.2,-81.2,-77.0,  2,  3, 0.03,234,59.2
2026-01-28 12:23:06,-81.5183,39.7024,  17.6,26801,-51.2,-81.2,-77.0,  2,  3, 0.03,234,59.2
2026-01-28 12:23:07,-81.5178,39.7026,  17.6,26808,-51.2,-81.2,-77.0,  2,  3, 0.03,234,59.2
2026-01-28 12:23:08,-81.5172,39.7029,  17.6,26814,-51.2,-81.2,-77.0,  2,  3, 0.03,234,59.2
2026-01-28 12:23:09,-81.5166,39.7032,  17.6,26820,-51.2,-81.2,-77.0,  2,  3, 0.03,233,59.2
2026-01-28 12:23:10,-81.5161,39.7035,  17.5,26827,-51.2,-81.2,-77.0,  2,  3, 0.03,233,59.2
2026-01-28 12:23:11,-81.5155,39.7038,  17.5,26833,-51.2,-81.2,-77.0,  2,  3, 0.03,233,59.2
2026-01-28 12:23:12,-81.5149,39.7041,  17.5,26840,-51.2,-81.2,-77.0,  2,  3, 0.03,233,59.2
2026-01-28 12:23:13,-81.5143,39.7044,  17.5,26846,-51.2,-81.2,-77.0,  2,  3, 0.03,233,59.2
2026-01-28 12:23:14,-81.5138,39.7047,  17.5,26853,-51.2,-81.2,-77.0,  2,  3, 0.03,233,59.2
2026-01-28 12:23:15,-81.5132,39.7050,  17.4,26859,-51.2,-81.2,-77.0,  2,  3, 0.03,233,59.3
2026-01-28 12:23:16,-81.5126,39.7053,  17.4,26866,-51.2,-81.2,-77.0,  2,  3, 0.03,233,59.2
2026-01-28 12:23:17,-81.5121,39.7055,  17.4,26872,-51.2,-81.2,-77.0,  2,  3, 0.03,234,59.2
2026-01-28 12:23:18,-81.5115,39.7058,  17.4,26879,-51.2,-81.2,-77.0,  2,  3, 0.03,234,59.2
2026-01-28 12:23:19,-81.5109,39.7061,  17.4,26885,-51.2,-81.2,-77.0,  2,  3, 0.03,234,59.1
2026-01-28 12:23:20,-81.5104,39.7064,  17.4,26891,-51.2,-81.2,-77.0,  2,  3, 0.03,234,59.1
2026-01-28 12:23:21,-81.5096,39.7068,  17.3,26898,-51.2,-81.2,-77.0,  2,  3, 0.03,234,59.1
2026-01-28 12:23:22,-81.5092,39.7070,  17.3,26906,-51.2,-81.2,-77.0,  2,  3, 0.03,234,59.0
2026-01-28 12:23:23,-81.5087,39.7073,  17.3,26910,-51.2,-81.2,-77.0,  2,  3, 0.03,234,59.0
2026-01-28 12:23:24,-81.5081,39.7076,  17.3,26917,-51.2,-81.2,-77.0,  2,  3, 0.03,234,59.0
2026-01-28 12:23:25,-81.5075,39.7079,  17.3,26923,-51.2,-81.2,-77.0,  2,  3, 0.03,235,58.9
2026-01-28 12:23:26,-81.5070,39.7082,  17.3,26929,-51.2,-81.2,-77.0,  2,  3, 0.03,235,58.9
2026-01-28 12:23:27,-81.5064,39.7084,  17.2,26936,-51.2,-81.2,-77.0,  2,  3, 0.03,235,58.9
2026-01-28 12:23:28,-81.5058,39.7087,  17.2,26942,-51.2,-81.2,-77.0,  2,  3, 0.03,235,58.8
2026-01-28 12:23:29,-81.5053,39.7090,  17.2,26949,-51.2,-81.2,-77.0,  2,  3, 0.03,235,58.8
2026-01-28 12:23:30,-81.5047,39.7093,  17.2,26956,-51.3,-81.2,-77.0,  2,  3, 0.03,235,58.8
2026-01-28 12:23:31,-81.5041,39.7096,  17.2,26962,-51.3,-81.1,-76.9,  2,  3, 0.03,235,58.7
2026-01-28 12:23:32,-81.5036,39.7099,  17.2,26969,-51.3,-81.1,-76.9,  2,  3, 0.03,236,58.7
2026-01-28 12:23:33,-81.5030,39.7102,  17.1,26975,-51.3,-81.1,-76.9,  2,  3, 0.03,236,58.7
2026-01-28 12:23:34,-81.5024,39.7105,  17.1,26981,-51.3,-81.1,-76.9,  2,  3, 0.03,236,58.7
2026-01-28 12:23:35,-81.5019,39.7107,  17.1,26987,-51.3,-81.1,-76.9,  2,  3, 0.03,236,58.6
2026-01-28 12:23:36,-81.5013,39.7110,  17.1,26994,-51.3,-81.1,-76.9,  2,  3, 0.03,236,58.6
2026-01-28 12:23:37,-81.5007,39.7113,  17.1,27000,-51.3,-81.1,-76.9,  2,  3, 0.03,236,58.6
2026-01-28 12:23:38,-81.5001,39.7115,  17.1,27007,-51.4,-81.1,-76.9,  2,  3, 0.03,236,58.6
2026-01-28 12:23:39,-81.4995,39.7118,  17.0,27014,-51.4,-81.1,-76.9,  2,  3, 0.03,236,58.6
2026-01-28 12:23:40,-81.4989,39.7121,  17.0,27021,-51.4,-81.1,-76.9,  2,  3, 0.03,236,58.6
2026-01-28 12:23:41,-81.4984,39.7123,  17.0,27028,-51.4,-81.1,-76.9,  2,  3, 0.03,237,58.6
2026-01-28 12:23:42,-81.4978,39.7126,  17.0,27035,-51.4,-81.1,-76.9,  2,  3, 0.03,237,58.5
2026-01-28 12:23:43,-81.4972,39.7129,  17.0,27042,-51.4,-81.1,-76.9,  2,  3, 0.03,237,58.5
2026-01-28 12:23:44,-81.4966,39.7131,  16.9,27049,-51.5,-81.1,-76.9,  2,  3, 0.03,237,58.5
2026-01-28 12:23:45,-81.4960,39.7134,  16.9,27056,-51.5,-81.1,-76.9,  2,  3, 0.03,237,58.5
2026-01-28 12:23:46,-81.4955,39.7137,  16.9,27064,-51.5,-81.1,-76.9,  2,  3, 0.03,237,58.5
2026-01-28 12:23:47,-81.4949,39.7139,  16.9,27071,-51.5,-81.1,-76.9,  2,  3, 0.03,237,58.5
2026-01-28 12:23:48,-81.4943,39.7142,  16.9,27078,-51.5,-81.1,-76.9,  2,  3, 0.03,237,58.5
2026-01-28 12:23:49,-81.4937,39.7145,  16.9,27085,-51.5,-81.1,-76.9,  2,  3, 0.03,237,58.5
2026-01-28 12:23:50,-81.4931,39.7147,  16.8,27091,-51.6,-81.2,-77.0,  2,  3, 0.03,237,58.4
2026-01-28 12:23:51,-81.4926,39.7150,  16.8,27097,-51.6,-81.2,-77.0,  2,  3, 0.03,237,58.4
2026-01-28 12:23:52,-81.4920,39.7153,  16.8,27103,-51.6,-81.2,-77.0,  2,  3, 0.03,238,58.4
2026-01-28 12:23:53,-81.4914,39.7155,  16.8,27109,-51.6,-81.2,-77.0,  2,  3, 0.03,238,58.4
2026-01-28 12:23:54,-81.4908,39.7158,  16.8,27115,-51.7,-81.2,-77.0,  2,  3, 0.03,238,58.4
2026-01-28 12:23:55,-81.4902,39.7161,  16.8,27122,-51.7,-81.2,-77.0,  2,  3, 0.03,238,58.4
2026-01-28 12:23:56,-81.4896,39.7163,  16.7,27128,-51.7,-81.3,-77.1,  2,  3, 0.03,238,58.4
2026-01-28 12:23:57,-81.4891,39.7166,  16.7,27135,-51.8,-81.3,-77.1,  2,  3, 0.03,238,58.4
2026-01-28 12:23:58,-81.4885,39.7168,  16.7,27141,-51.8,-81.3,-77.1,  2,  3, 0.03,238,58.3
2026-01-28 12:23:59,-81.4879,39.7171,  16.7,27148,-51.8,-81.3,-77.1,  2,  3, 0.03,238,58.3
2026-01-28 12:24:00,-81.4873,39.7174,  16.7,27155,-51.8,-81.3,-77.1,  2,  3, 0.03,238,58.3
2026-01-28 12:24:01,-81.4867,39.7176,  16.7,27161,-51.9,-81.3,-77.2,  2,  3, 0.03,238,58.3
2026-01-28 12:24:02,-81.4862,39.7179,  16.6,27167,-51.9,-81.4,-77.2,  2,  3, 0.03,238,58.3
2026-01-28 12:24:03,-81.4856,39.7182,  16.6,27174,-51.9,-81.4,-77.2,  2,  3, 0.03,238,58.3
2026-01-28 12:24:04,-81.4850,39.7184,  16.6,27180,-52.0,-81.4,-77.2,  2,  3, 0.03,238,58.2
2026-01-28 12:24:05,-81.4844,39.7187,  16.6,27186,-52.0,-81.4,-77.2,  2,  3, 0.03,238,58.2
2026-01-28 12:24:06,-81.4838,39.7190,  16.6,27193,-52.1,-81.5,-77.3,  2,  3, 0.03,238,58.2
2026-01-28 12:24:07,-81.4832,39.7192,  16.6,27200,-52.1,-81.5,-77.3,  2,  3, 0.03,238,58.2
2026-01-28 12:24:08,-81.4827,39.7195,  16.5,27207,-52.1,-81.5,-77.3,  2,  3, 0.03,238,58.2
2026-01-28 12:24:09,-81.4821,39.7198,  16.5,27213,-52.2,-81.5,-77.3,  2,  3, 0.03,238,58.2
2026-01-28 12:24:10,-81.4815,39.7200,  16.5,27220,-52.2,-81.5,-77.3,  2,  3, 0.03,238,58.1
2026-01-28 12:24:11,-81.4809,39.7203,  16.5,27227,-52.3,-81.5,-77.4,  2,  3, 0.03,238,58.1
2026-01-28 12:24:12,-81.4803,39.7206,  16.5,27234,-52.3,-81.6,-77.4,  2,  3, 0.03,238,58.1
2026-01-28 12:24:13,-81.4798,39.7209,  16.5,27239,-52.3,-81.6,-77.4,  2,  3, 0.03,238,58.1
2026-01-28 12:24:14,-81.4792,39.7211,  16.4,27245,-52.4,-81.6,-77.4,  2,  3, 0.03,238,58.1
2026-01-28 12:24:15,-81.4786,39.7214,  16.4,27251,-52.4,-81.6,-77.4,  2,  3, 0.03,238,58.1
2026-01-28 12:24:16,-81.4780,39.7217,  16.4,27257,-52.5,-81.6,-77.4,  2,  3, 0.03,238,58.1
2026-01-28 12:24:17,-81.4774,39.7219,  16.4,27263,-52.5,-81.6,-77.5,  2,  3, 0.03,238,58.1
2026-01-28 12:24:18,-81.4768,39.7222,  16.4,27269,-52.6,-81.7,-77.5,  2,  3, 0.03,238,58.2
2026-01-28 12:24:19,-81.4763,39.7225,  16.4,27276,-52.6,-81.7,-77.5,  2,  3, 0.03,238,58.2
2026-01-28 12:24:20,-81.4757,39.7227,  16.3,27282,-52.6,-81.7,-77.5,  2,  3, 0.03,238,58.2
2026-01-28 12:24:21,-81.4751,39.7230,  16.3,27288,-52.7,-81.7,-77.5,  2,  3, 0.03,238,58.2
2026-01-28 12:24:22,-81.4745,39.7233,  16.3,27295,-52.7,-81.7,-77.6,  2,  3, 0.03,238,58.3
2026-01-28 12:24:23,-81.4740,39.7235,  16.3,27301,-52.7,-81.8,-77.6,  2,  3, 0.03,238,58.3
2026-01-28 12:24:24,-81.4734,39.7238,  16.3,27308,-52.8,-81.8,-77.6,  2,  3, 0.03,238,58.3
2026-01-28 12:24:25,-81.4728,39.7241,  16.3,27314,-52.8,-81.8,-77.6,  2,  3, 0.03,238,58.4
2026-01-28 12:24:26,-81.4722,39.7243,  16.2,27321,-52.9,-81.8,-77.6,  2,  3, 0.03,238,58.4
2026-01-28 12:24:27,-81.4716,39.7246,  16.2,27328,-52.9,-81.8,-77.7,  2,  3, 0.03,238,58.4
2026-01-28 12:24:28,-81.4710,39.7249,  16.2,27334,-52.9,-81.9,-77.7,  2,  3, 0.03,238,58.5
2026-01-28 12:24:29,-81.4705,39.7251,  16.2,27341,-53.0,-81.9,-77.7,  2,  3, 0.03,238,58.5
2026-01-28 12:24:30,-81.4699,39.7254,  16.2,27347,-53.0,-81.9,-77.7,  2,  3, 0.03,238,58.5
2026-01-28 12:24:31,-81.4692,39.7257,  16.2,27354,-53.1,-81.9,-77.7,  2,  3, 0.03,238,58.5
2026-01-28 12:24:32,-81.4687,39.7260,  16.1,27361,-53.1,-81.9,-77.8,  2,  3, 0.03,238,58.6
2026-01-28 12:24:33,-81.4681,39.7262,  16.1,27367,-53.1,-82.0,-77.8,  2,  3, 0.03,238,58.6
2026-01-28 12:24:34,-81.4676,39.7265,  16.1,27373,-53.2,-82.0,-77.8,  2,  3, 0.03,238,58.6
2026-01-28 12:24:35,-81.4669,39.7268,  16.1,27379,-53.2,-82.0,-77.8,  2,  3, 0.03,238,58.7
2026-01-28 12:24:36,-81.4663,39.7271,  16.1,27386,-53.2,-82.0,-77.9,  2,  3, 0.03,238,58.8
2026-01-28 12:24:37,-81.4657,39.7274,  16.1,27392,-53.3,-82.1,-77.9,  2,  3, 0.03,238,58.9
2026-01-28 12:24:38,-81.4651,39.7277,  16.1,27398,-53.3,-82.1,-77.9,  2,  3, 0.03,238,59.0
2026-01-28 12:24:39,-81.4645,39.7279,  16.0,27404,-53.4,-82.1,-77.9,  2,  3, 0.03,237,59.2
2026-01-28 12:24:40,-81.4639,39.7282,  16.0,27411,-53.4,-82.1,-78.0,  2,  3, 0.03,237,59.3
2026-01-28 12:24:41,-81.4633,39.7285,  16.0,27417,-53.4,-82.2,-78.0,  2,  3, 0.03,237,59.4
2026-01-28 12:24:42,-81.4627,39.7288,  16.0,27423,-53.5,-82.2,-78.0,  2,  3, 0.03,237,59.5
2026-01-28 12:24:43,-81.4621,39.7291,  16.0,27430,-53.5,-82.2,-78.1,  2,  3, 0.03,237,59.6
2026-01-28 12:24:44,-81.4615,39.7294,  16.0,27436,-53.5,-82.3,-78.1,  2,  3, 0.03,237,59.8
2026-01-28 12:24:45,-81.4609,39.7297,  15.9,27442,-53.6,-82.3,-78.1,  2,  3, 0.03,237,59.9
2026-01-28 12:24:46,-81.4603,39.7300,  15.9,27449,-53.6,-82.3,-78.1,  2,  3, 0.03,237,60.0
2026-01-28 12:24:47,-81.4597,39.7303,  15.9,27455,-53.6,-82.3,-78.2,  2,  3, 0.03,237,60.1
2026-01-28 12:24:48,-81.4591,39.7306,  15.9,27462,-53.6,-82.3,-78.2,  2,  3, 0.03,237,60.2
2026-01-28 12:24:49,-81.4585,39.7309,  15.9,27468,-53.7,-82.4,-78.2,  2,  3, 0.03,237,60.4
2026-01-28 12:24:50,-81.4579,39.7312,  15.9,27474,-53.7,-82.4,-78.2,  2,  3, 0.03,237,60.5
2026-01-28 12:24:51,-81.4573,39.7315,  15.9,27480,-53.7,-82.4,-78.2,  2,  3, 0.03,237,60.6
2026-01-28 12:24:52,-81.4567,39.7317,  15.8,27487,-53.7,-82.4,-78.3,  2,  3, 0.03,237,60.7
2026-01-28 12:24:53,-81.4560,39.7320,  15.8,27493,-53.8,-82.5,-78.3,  2,  3, 0.03,237,60.8
2026-01-28 12:24:54,-81.4554,39.7323,  15.8,27499,-53.8,-82.5,-78.3,  2,  3, 0.03,237,61.0
2026-01-28 12:24:55,-81.4548,39.7326,  15.8,27505,-53.8,-82.5,-78.3,  2,  3, 0.03,237,61.1
2026-01-28 12:24:56,-81.4542,39.7329,  15.8,27511,-53.8,-82.5,-78.4,  2,  3, 0.03,237,61.2
2026-01-28 12:24:57,-81.4536,39.7332,  15.8,27518,-53.9,-82.5,-78.4,  2,  3, 0.03,237,61.2
2026-01-28 12:24:58,-81.4530,39.7335,  15.7,27524,-53.9,-82.6,-78.4,  2,  3, 0.03,237,61.3
2026-01-28 12:24:59,-81.4524,39.7338,  15.7,27531,-53.9,-82.6,-78.4,  2,  3, 0.03,237,61.4
2026-01-28 12:25:00,-81.4518,39.7341,  15.7,27536,-53.9,-82.6,-78.4,  2,  3, 0.03,237,61.5
2026-01-28 12:25:01,-81.4512,39.7344,  15.7,27542,-53.9,-82.6,-78.4,  2,  3, 0.03,237,61.6
2026-01-28 12:25:02,-81.4506,39.7347,  15.7,27547,-53.9,-82.6,-78.4,  2,  3, 0.03,237,61.7
2026-01-28 12:25:03,-81.4500,39.7350,  15.7,27553,-53.9,-82.6,-78.5,  2,  3, 0.03,236,61.8
2026-01-28 12:25:04,-81.4494,39.7352,  15.7,27558,-54.0,-82.6,-78.5,  2,  3, 0.03,236,61.8
2026-01-28 12:25:05,-81.4488,39.7355,  15.6,27564,-54.0,-82.7,-78.5,  2,  3, 0.03,236,61.9
2026-01-28 12:25:06,-81.4482,39.7358,  15.6,27570,-54.0,-82.7,-78.5,  2,  3, 0.03,236,62.0
2026-01-28 12:25:07,-81.4476,39.7361,  15.6,27577,-54.0,-82.7,-78.5,  2,  3, 0.03,236,62.1
2026-01-28 12:25:08,-81.4470,39.7364,  15.6,27583,-54.0,-82.7,-78.5,  2,  3, 0.03,236,62.2
2026-01-28 12:25:09,-81.4464,39.7367,  15.6,27590,-54.0,-82.7,-78.6,  2,  3, 0.03,236,62.3
2026-01-28 12:25:10,-81.4457,39.7370,  15.6,27597,-54.1,-82.7,-78.6,  2,  3, 0.03,236,62.4
2026-01-28 12:25:11,-81.4451,39.7373,  15.6,27603,-54.1,-82.7,-78.6,  2,  3, 0.03,236,62.5
2026-01-28 12:25:12,-81.4445,39.7376,  15.5,27610,-54.1,-82.7,-78.6,  2,  3, 0.03,236,62.5
2026-01-28 12:25:13,-81.4439,39.7379,  15.5,27616,-54.1,-82.7,-78.6,  2,  3, 0.03,236,62.6
2026-01-28 12:25:14,-81.4433,39.7382,  15.5,27622,-54.1,-82.8,-78.6,  2,  3, 0.03,236,62.7
2026-01-28 12:25:15,-81.4427,39.7385,  15.5,27629,-54.1,-82.8,-78.6,  2,  3, 0.03,236,62.8
2026-01-28 12:25:16,-81.4421,39.7388,  15.5,27635,-54.1,-82.8,-78.6,  2,  3, 0.03,236,62.8
2026-01-28 12:25:17,-81.4415,39.7391,  15.5,27642,-54.1,-82.8,-78.6,  2,  3, 0.03,236,62.7
2026-01-28 12:25:18,-81.4409,39.7394,  15.4,27648,-54.1,-82.8,-78.6,  2,  3, 0.03,236,62.7
2026-01-28 12:25:19,-81.4403,39.7397,  15.4,27655,-54.1,-82.8,-78.6,  2,  3, 0.03,236,62.6
2026-01-28 12:25:20,-81.4397,39.7400,  15.4,27661,-54.1,-82.8,-78.6,  2,  3, 0.03,236,62.6
2026-01-28 12:25:21,-81.4391,39.7403,  15.4,27668,-54.1,-82.8,-78.6,  2,  3, 0.03,236,62.5
2026-01-28 12:25:22,-81.4385,39.7406,  15.4,27675,-54.1,-82.8,-78.6,  2,  3, 0.03,236,62.5
2026-01-28 12:25:23,-81.4379,39.7409,  15.4,27681,-54.1,-82.8,-78.6,  2,  3, 0.03,236,62.4
2026-01-28 12:25:24,-81.4373,39.7412,  15.3,27688,-54.1,-82.8,-78.6,  2,  3, 0.03,236,62.4
2026-01-28 12:25:25,-81.4366,39.7415,  15.3,27695,-54.1,-82.8,-78.6,  2,  3, 0.03,236,62.3
2026-01-28 12:25:26,-81.4360,39.7418,  15.3,27702,-54.1,-82.8,-78.6,  2,  3, 0.03,236,62.3
2026-01-28 12:25:27,-81.4354,39.7421,  15.3,27708,-54.1,-82.7,-78.6,  2,  3, 0.03,236,62.3
2026-01-28 12:25:28,-81.4348,39.7424,  15.3,27714,-54.0,-82.7,-78.6,  2,  3, 0.03,236,62.2
2026-01-28 12:25:29,-81.4342,39.7427,  15.3,27720,-54.0,-82.7,-78.6,  2,  3, 0.03,236,62.2
2026-01-28 12:25:30,-81.4336,39.7430,  15.3,27727,-54.0,-82.7,-78.5,  2,  3, 0.03,236,62.1
2026-01-28 12:25:31,-81.4330,39.7433,  15.2,27733,-54.0,-82.7,-78.5,  2,  3, 0.03,236,62.1
2026-01-28 12:25:32,-81.4324,39.7436,  15.2,27739,-54.0,-82.7,-78.5,  2,  3, 0.03,236,62.0
2026-01-28 12:25:33,-81.4318,39.7439,  15.2,27745,-53.9,-82.7,-78.5,  2,  3, 0.03,236,62.0
2026-01-28 12:25:34,-81.4312,39.7442,  15.2,27752,-53.9,-82.6,-78.5,  2,  3, 0.03,236,61.9
2026-01-28 12:25:35,-81.4306,39.7445,  15.2,27758,-53.9,-82.6,-78.5,  2,  3, 0.03,236,61.9
2026-01-28 12:25:36,-81.4300,39.7448,  15.2,27764,-53.9,-82.6,-78.4,  2,  3, 0.03,236,61.8
2026-01-28 12:25:37,-81.4294,39.7451,  15.2,27771,-53.9,-82.6,-78.4,  2,  3, 0.03,236,61.8
2026-01-28 12:25:38,-81.4288,39.7454,  15.1,27777,-53.8,-82.6,-78.4,  2,  3, 0.03,236,61.7
2026-01-28 12:25:39,-81.4282,39.7457,  15.1,27783,-53.8,-82.6,-78.4,  2,  3, 0.03,236,61.7
2026-01-28 12:25:40,-81.4276,39.7460,  15.1,27790,-53.8,-82.5,-78.4,  2,  3, 0.03,236,61.6
2026-01-28 12:25:41,-81.4270,39.7463,  15.1,27796,-53.8,-82.5,-78.4,  2,  3, 0.03,236,61.5
2026-01-28 12:25:42,-81.4264,39.7466,  15.1,27803,-53.7,-82.5,-78.3,  2,  3, 0.03,236,61.5
2026-01-28 12:25:43,-81.4258,39.7469,  15.1,27809,-53.7,-82.5,-78.3,  2,  3, 0.03,236,61.4
2026-01-28 12:25:44,-81.4253,39.7472,  15.0,27816,-53.7,-82.5,-78.3,  2,  3, 0.03,236,61.4
2026-01-28 12:25:45,-81.4247,39.7475,  15.0,27822,-53.7,-82.4,-78.3,  2,  3, 0.03,236,61.3
2026-01-28 12:25:46,-81.4241,39.7478,  15.0,27829,-53.6,-82.4,-78.3,  2,  3, 0.03,236,61.2
2026-01-28 12:25:47,-81.4235,39.7481,  15.0,27836,-53.6,-82.4,-78.2,  2,  3, 0.03,236,61.2
2026-01-28 12:25:48,-81.4229,39.7484,  15.0,27842,-53.6,-82.4,-78.2,  2,  3, 0.03,236,61.1
2026-01-28 12:25:49,-81.4223,39.7486,  15.0,27849,-53.6,-82.4,-78.2,  2,  3, 0.03,236,61.1
2026-01-28 12:25:50,-81.4217,39.7489,  15.0,27856,-53.5,-82.4,-78.2,  2,  3, 0.03,236,61.0
2026-01-28 12:25:51,-81.4211,39.7492,  14.9,27863,-53.5,-82.3,-78.2,  2,  3, 0.03,236,60.9
2026-01-28 12:25:52,-81.4205,39.7495,  14.9,27870,-53.5,-82.3,-78.1,  2,  3, 0.03,236,60.9
2026-01-28 12:25:53,-81.4199,39.7498,  14.9,27876,-53.5,-82.3,-78.1,  2,  3, 0.03,236,60.8
2026-01-28 12:25:54,-81.4194,39.7501,  14.9,27883,-53.4,-82.3,-78.1,  2,  3, 0.03,236,60.8
2026-01-28 12:25:55,-81.4188,39.7504,  14.9,27889,-53.4,-82.2,-78.1,  2,  3, 0.03,236,60.7
2026-01-28 12:25:56,-81.4182,39.7507,  14.9,27896,-53.4,-82.2,-78.1,  2,  3, 0.03,236,60.7
2026-01-28 12:25:57,-81.4176,39.7510,  14.8,27903,-53.4,-82.2,-78.0,  2,  3, 0.03,236,60.7
2026-01-28 12:25:58,-81.4170,39.7513,  14.8,27909,-53.3,-82.2,-78.0,  2,  3, 0.03,236,60.7
2026-01-28 12:25:59,-81.4164,39.7516,  14.8,27916,-53.3,-82.2,-78.0,  2,  3, 0.03,236,60.7
2026-01-28 12:26:00,-81.4158,39.7519,  14.8,27922,-53.3,-82.2,-78.0,  2,  3, 0.03,236,60.7
2026-01-28 12:26:01,-81.4152,39.7522,  14.8,27929,-53.2,-82.1,-78.0,  2,  3, 0.03,236,60.7
2026-01-28 12:26:02,-81.4146,39.7525,  14.8,27935,-53.2,-82.1,-77.9,  2,  3, 0.03,236,60.7
2026-01-28 12:26:03,-81.4140,39.7528,  14.8,27942,-53.2,-82.1,-77.9,  2,  3, 0.03,236,60.7
2026-01-28 12:26:04,-81.4134,39.7531,  14.7,27949,-53.2,-82.1,-77.9,  2,  3, 0.03,236,60.7
2026-01-28 12:26:05,-81.4126,39.7535,  14.7,27956,-53.1,-82.1,-77.9,  2,  3, 0.03,236,60.7
2026-01-28 12:26:06,-81.4123,39.7536,  14.7,27966,-53.1,-82.0,-77.8,  2,  3, 0.03,236,60.7
2026-01-28 12:26:07,-81.4117,39.7539,  14.7,27970,-53.1,-82.0,-77.8,  2,  3, 0.03,236,60.7
2026-01-28 12:26:08,-81.4111,39.7542,  14.7,27977,-53.1,-82.0,-77.8,  2,  3, 0.03,236,60.7
2026-01-28 12:26:09,-81.4104,39.7545,  14.7,27984,-53.0,-82.0,-77.8,  2,  3, 0.03,236,60.7
2026-01-28 12:26:10,-81.4098,39.7548,  14.6,27991,-53.0,-81.9,-77.8,  2,  3, 0.03,236,60.7
2026-01-28 12:26:11,-81.4092,39.7551,  14.6,27997,-53.0,-81.9,-77.7,  2,  3, 0.03,236,60.7
2026-01-28 12:26:12,-81.4086,39.7554,  14.6,28004,-53.0,-81.9,-77.7,  2,  3, 0.03,236,60.7
2026-01-28 12:26:13,-81.4080,39.7557,  14.6,28011,-52.9,-81.9,-77.7,  2,  3, 0.03,236,60.7
2026-01-28 12:26:14,-81.4074,39.7560,  14.6,28017,-52.9,-81.8,-77.6,  2,  3, 0.03,236,60.7
2026-01-28 12:26:15,-81.4068,39.7563,  14.6,28024,-52.9,-81.8,-77.6,  2,  3, 0.03,236,60.7
2026-01-28 12:26:16,-81.4062,39.7565,  14.5,28031,-52.9,-81.8,-77.6,  2,  3, 0.03,236,60.7
2026-01-28 12:26:17,-81.4056,39.7568,  14.5,28038,-52.8,-81.7,-77.6,  2,  3, 0.03,236,60.8
2026-01-28 12:26:18,-81.4050,39.7571,  14.5,28045,-52.8,-81.7,-77.5,  2,  3, 0.03,236,60.8
2026-01-28 12:26:19,-81.4044,39.7574,  14.5,28052,-52.8,-81.7,-77.5,  2,  3, 0.03,236,60.9
2026-01-28 12:26:20,-81.4038,39.7577,  14.5,28058,-52.8,-81.7,-77.5,  2,  3, 0.04,236,60.9
2026-01-28 12:26:21,-81.4032,39.7580,  14.5,28065,-52.8,-81.7,-77.5,  2,  3, 0.04,236,61.0
2026-01-28 12:26:22,-81.4026,39.7583,  14.5,28072,-52.7,-81.6,-77.5,  2,  3, 0.04,236,61.0
2026-01-28 12:26:23,-81.4020,39.7586,  14.4,28079,-52.7,-81.6,-77.4,  2,  3, 0.04,236,61.1
2026-01-28 12:26:24,-81.4014,39.7589,  14.4,28085,-52.7,-81.6,-77.4,  2,  3, 0.04,236,61.1
2026-01-28 12:26:25,-81.4008,39.7592,  14.4,28092,-52.7,-81.6,-77.4,  2,  3, 0.04,236,61.1
2026-01-28 12:26:26,-81.4002,39.7595,  14.4,28099,-52.7,-81.6,-77.4,  2,  3, 0.04,236,61.2
2026-01-28 12:26:27,-81.3996,39.7597,  14.4,28105,-52.7,-81.6,-77.4,  2,  3, 0.04,236,61.2
2026-01-28 12:26:28,-81.3990,39.7600,  14.4,28112,-52.6,-81.6,-77.4,  2,  3, 0.04,236,61.3
2026-01-28 12:26:29,-81.3984,39.7603,  14.4,28119,-52.6,-81.5,-77.3,  2,  3, 0.04,236,61.3
2026-01-28 12:26:30,-81.3978,39.7606,  14.3,28126,-52.6,-81.5,-77.3,  2,  3, 0.04,236,61.4
2026-01-28 12:26:31,-81.3972,39.7609,  14.3,28132,-52.6,-81.5,-77.3,  2,  3, 0.04,237,61.4
2026-01-28 12:26:32,-81.3966,39.7612,  14.3,28139,-52.6,-81.5,-77.3,  2,  3, 0.04,237,61.5
2026-01-28 12:26:33,-81.3960,39.7615,  14.3,28146,-52.6,-81.5,-77.3,  2,  3, 0.04,237,61.5
2026-01-28 12:26:34,-81.3954,39.7618,  14.3,28153,-52.5,-81.4,-77.3,  2,  3, 0.04,237,61.6
2026-01-28 12:26:35,-81.3948,39.7621,  14.3,28160,-52.5,-81.4,-77.2,  2,  3, 0.04,237,61.6
2026-01-28 12:26:36,-81.3942,39.7624,  14.2,28168,-52.5,-81.4,-77.2,  2,  3, 0.04,237,61.6
2026-01-28 12:26:37,-81.3936,39.7627,  14.2,28175,-52.5,-81.4,-77.2,  2,  3, 0.04,237,61.5
2026-01-28 12:26:38,-81.3931,39.7630,  14.2,28182,-52.4,-81.4,-77.2,  2,  3, 0.04,237,61.5
2026-01-28 12:26:39,-81.3925,39.7633,  14.2,28189,-52.4,-81.4,-77.2,  2,  3, 0.04,237,61.4
2026-01-28 12:26:40,-81.3919,39.7636,  14.2,28196,-52.4,-81.3,-77.1,  2,  3, 0.04,237,61.4
2026-01-28 12:26:41,-81.3913,39.7638,  14.2,28203,-52.4,-81.3,-77.1,  2,  3, 0.04,237,61.4
2026-01-28 12:26:42,-81.3907,39.7641,  14.2,28210,-52.4,-81.3,-77.1,  2,  3, 0.04,237,61.3
2026-01-28 12:26:43,-81.3901,39.7644,  14.1,28217,-52.3,-81.3,-77.1,  2,  3, 0.04,237,61.3
2026-01-28 12:26:44,-81.3895,39.7647,  14.1,28223,-52.3,-81.3,-77.1,  2,  3, 0.04,236,61.2
2026-01-28 12:26:45,-81.3890,39.7650,  14.1,28230,-52.3,-81.2,-77.0,  2,  3, 0.04,236,61.2
2026-01-28 12:26:46,-81.3885,39.7653,  14.1,28238,-52.3,-81.2,-77.0,  2,  3, 0.04,236,61.1
2026-01-28 12:26:47,-81.3878,39.7656,  14.1,28244,-52.3,-81.2,-77.0,  2,  3, 0.04,236,61.1
2026-01-28 12:26:48,-81.3872,39.7659,  14.1,28253,-52.3,-81.2,-77.0,  2,  3, 0.04,236,61.1
2026-01-28 12:26:49,-81.3866,39.7662,  14.0,28260,-52.2,-81.2,-77.0,  2,  3, 0.04,236,61.0
2026-01-28 12:26:50,-81.3860,39.7665,  14.0,28268,-52.2,-81.2,-77.0,  2,  3, 0.04,236,61.0
2026-01-28 12:26:51,-81.3855,39.7668,  14.0,28274,-52.2,-81.2,-77.0,  2,  3, 0.04,236,60.9
2026-01-28 12:26:52,-81.3849,39.7671,  14.0,28281,-52.2,-81.2,-77.0,  2,  3, 0.04,236,60.9
2026-01-28 12:26:53,-81.3843,39.7674,  14.0,28288,-52.2,-81.2,-77.0,  2,  3, 0.04,236,60.8
2026-01-28 12:26:54,-81.3837,39.7677,  14.0,28294,-52.2,-81.2,-77.0,  2,  3, 0.04,236,60.8
2026-01-28 12:26:55,-81.3831,39.7680,  14.0,28301,-52.2,-81.2,-77.0,  2,  3, 0.04,236,60.8
2026-01-28 12:26:56,-81.3825,39.7683,  13.9,28308,-52.2,-81.1,-76.9,  2,  3, 0.04,236,60.7
2026-01-28 12:26:57,-81.3820,39.7686,  13.9,28315,-52.2,-81.1,-76.9,  2,  3, 0.04,236,60.6
2026-01-28 12:26:58,-81.3814,39.7689,  13.9,28323,-52.1,-81.1,-76.9,  2,  3, 0.04,236,60.5
2026-01-28 12:26:59,-81.3808,39.7692,  13.9,28330,-52.1,-81.1,-76.9,  2,  3, 0.04,236,60.5
2026-01-28 12:27:00,-81.3802,39.7695,  13.9,28337,-52.1,-81.1,-76.9,  2,  3, 0.04,235,60.4
2026-01-28 12:27:01,-81.3796,39.7698,  13.9,28344,-52.1,-81.1,-76.9,  2,  3, 0.04,235,60.3
2026-01-28 12:27:02,-81.3790,39.7700,  13.8,28351,-52.1,-81.1,-76.9,  2,  3, 0.04,235,60.2
2026-01-28 12:27:03,-81.3785,39.7703,  13.8,28358,-52.1,-81.1,-76.9,  2,  3, 0.04,235,60.2
2026-01-28 12:27:04,-81.3779,39.7706,  13.8,28365,-52.1,-81.1,-76.9,  2,  3, 0.04,235,60.1
2026-01-28 12:27:05,-81.3773,39.7709,  13.8,28372,-52.1,-81.1,-76.9,  2,  3, 0.04,235,60.0
2026-01-28 12:27:06,-81.3767,39.7712,  13.8,28378,-52.1,-81.1,-76.9,  2,  3, 0.04,235,60.0
2026-01-28 12:27:07,-81.3762,39.7716,  13.8,28385,-52.1,-81.1,-76.9,  2,  3, 0.04,235,59.9
2026-01-28 12:27:08,-81.3756,39.7719,  13.8,28393,-52.1,-81.1,-76.9,  2,  3, 0.04,234,59.8
2026-01-28 12:27:09,-81.3751,39.7722,  13.7,28400,-52.1,-81.1,-76.9,  2,  3, 0.04,234,59.8
2026-01-28 12:27:10,-81.3745,39.7725,  13.7,28407,-52.1,-81.1,-76.9,  2,  3, 0.04,234,59.7
2026-01-28 12:27:11,-81.3741,39.7727,  13.7,28414,-52.1,-81.1,-76.9,  2,  3, 0.04,234,59.6
2026-01-28 12:27:12,-81.3734,39.7731,  13.7,28419,-52.1,-81.1,-76.9,  2,  3, 0.04,234,59.6
2026-01-28 12:27:13,-81.3728,39.7734,  13.7,28429,-52.1,-81.1,-76.9,  2,  3, 0.04,234,59.5
2026-01-28 12:27:14,-81.3723,39.7738,  13.7,28436,-52.1,-81.1,-76.9,  2,  3, 0.04,234,59.4
2026-01-28 12:27:15,-81.3717,39.7741,  13.7,28442,-52.1,-81.1,-76.9,  2,  3, 0.04,234,59.3
2026-01-28 12:27:16,-81.3712,39.7744,  13.6,28449,-52.1,-81.1,-76.9,  2,  3, 0.04,233,59.3
2026-01-28 12:27:17,-81.3706,39.7747,  13.6,28456,-52.1,-81.1,-76.9,  2,  3, 0.04,233,59.3
2026-01-28 12:27:18,-81.3701,39.7750,  13.6,28462,-52.1,-81.1,-76.9,  2,  3, 0.04,233,59.3
2026-01-28 12:27:19,-81.3695,39.7753,  13.6,28470,-52.1,-81.1,-76.9,  2,  3, 0.04,233,59.4
2026-01-28 12:27:20,-81.3689,39.7757,  13.6,28477,-52.1,-81.1,-76.9,  2,  3, 0.04,233,59.4
2026-01-28 12:27:21,-81.3684,39.7760,  13.6,28484,-52.1,-81.1,-76.9,  2,  3, 0.04,233,59.4
2026-01-28 12:27:22,-81.3678,39.7763,  13.6,28491,-52.1,-81.1,-76.9,  2,  3, 0.04,233,59.4
2026-01-28 12:27:23,-81.3673,39.7766,  13.5,28498,-52.1,-81.1,-76.9,  2,  3, 0.04,233,59.4
2026-01-28 12:27:24,-81.3667,39.7769,  13.5,28504,-52.1,-81.1,-76.9,  2,  3, 0.04,233,59.4
2026-01-28 12:27:25,-81.3662,39.7772,  13.5,28510,-52.1,-81.1,-76.9,  2,  3, 0.04,233,59.4
2026-01-28 12:27:26,-81.3656,39.7775,  13.5,28517,-52.1,-81.1,-76.9,  2,  3, 0.04,233,59.4
2026-01-28 12:27:27,-81.3651,39.7779,  13.5,28523,-52.1,-81.1,-76.9,  2,  3, 0.04,232,59.4
2026-01-28 12:27:28,-81.3645,39.7782,  13.5,28530,-52.1,-81.1,-76.9,  2,  3, 0.04,232,59.4
2026-01-28 12:27:29,-81.3640,39.7785,  13.5,28536,-52.1,-81.1,-76.9,  2,  3, 0.04,232,59.4
2026-01-28 12:27:30,-81.3634,39.7788,  13.4,28543,-52.1,-81.1,-76.9,  2,  3, 0.04,232,59.4
2026-01-28 12:27:31,-81.3629,39.7791,  13.4,28550,-52.1,-81.1,-76.9,  2,  3, 0.04,232,59.4
2026-01-28 12:27:32,-81.3623,39.7794,  13.4,28557,-52.1,-81.1,-76.9,  2,  3, 0.04,232,59.4
2026-01-28 12:27:33,-81.3618,39.7798,  13.4,28564,-52.1,-81.1,-76.9,  2,  3, 0.04,232,59.4
2026-01-28 12:27:34,-81.3612,39.7801,  13.4,28571,-52.1,-81.1,-76.9,  2,  3, 0.04,232,59.4
2026-01-28 12:27:35,-81.3606,39.7804,  13.4,28578,-52.1,-81.1,-76.9,  2,  3, 0.04,232,59.4
2026-01-28 12:27:36,-81.3601,39.7807,  13.4,28585,-52.0,-81.1,-76.9,  2,  3, 0.04,232,59.5
2026-01-28 12:27:37,-81.3595,39.7810,  13.3,28593,-52.0,-81.1,-76.9,  2,  3, 0.04,232,59.5
2026-01-28 12:27:38,-81.3590,39.7813,  13.3,28600,-52.0,-81.1,-76.9,  2,  3, 0.04,232,59.5
2026-01-28 12:27:39,-81.3584,39.7817,  13.3,28608,-52.0,-81.1,-76.9,  2,  3, 0.04,232,59.5
2026-01-28 12:27:40,-81.3579,39.7820,  13.3,28615,-52.0,-81.1,-76.9,  2,  3, 0.04,232,59.5
2026-01-28 12:27:41,-81.3573,39.7823,  13.3,28622,-52.0,-81.0,-76.8,  2,  3, 0.04,232,59.6
2026-01-28 12:27:42,-81.3568,39.7826,  13.3,28630,-52.0,-81.0,-76.8,  2,  3, 0.04,232,59.6
2026-01-28 12:27:43,-81.3562,39.7829,  13.2,28637,-52.0,-81.0,-76.8,  2,  3, 0.04,232,59.6
2026-01-28 12:27:44,-81.3556,39.7832,  13.2,28644,-51.9,-81.0,-76.8,  2,  3, 0.04,232,59.6
2026-01-28 12:27:45,-81.3551,39.7836,  13.2,28651,-51.9,-81.0,-76.8,  2,  3, 0.04,232,59.6
2026-01-28 12:27:46,-81.3545,39.7839,  13.2,28658,-51.9,-81.0,-76.8,  2,  3, 0.04,232,59.7
2026-01-28 12:27:47,-81.3540,39.7842,  13.2,28665,-51.9,-81.0,-76.8,  2,  3, 0.04,232,59.7
2026-01-28 12:27:48,-81.3534,39.7845,  13.2,28672,-51.9,-81.0,-76.8,  2,  3, 0.04,232,59.7
2026-01-28 12:27:49,-81.3529,39.7848,  13.2,28679,-51.8,-81.0,-76.8,  2,  3, 0.04,232,59.7
2026-01-28 12:27:50,-81.3523,39.7851,  13.1,28686,-51.8,-81.0,-76.8,  2,  3, 0.04,232,59.8
2026-01-28 12:27:51,-81.3518,39.7855,  13.1,28693,-51.8,-81.0,-76.8,  2,  3, 0.04,232,59.8
2026-01-28 12:27:52,-81.3512,39.7858,  13.1,28700,-51.8,-81.0,-76.8,  2,  3, 0.04,232,59.8
2026-01-28 12:27:53,-81.3506,39.7861,  13.1,28707,-51.8,-81.0,-76.8,  2,  3, 0.04,233,59.8
2026-01-28 12:27:54,-81.3501,39.7864,  13.1,28714,-51.8,-81.0,-76.8,  2,  3, 0.04,233,59.8
2026-01-28 12:27:55,-81.3496,39.7867,  13.1,28721,-51.7,-81.0,-76.8,  2,  3, 0.04,233,59.9
2026-01-28 12:27:56,-81.3490,39.7870,  13.1,28728,-51.7,-80.9,-76.7,  2,  3, 0.04,233,59.8
2026-01-28 12:27:57,-81.3484,39.7874,  13.0,28735,-51.7,-80.9,-76.7,  2,  3, 0.04,232,59.8
2026-01-28 12:27:58,-81.3479,39.7877,  13.0,28742,-51.7,-80.9,-76.7,  2,  3, 0.04,232,59.8
2026-01-28 12:27:59,-81.3473,39.7880,  13.0,28749,-51.7,-80.9,-76.7,  2,  3, 0.04,232,59.7
2026-01-28 12:28:00,-81.3468,39.7883,  13.0,28756,-51.6,-80.9,-76.7,  2,  3, 0.04,232,59.7
2026-01-28 12:28:01,-81.3462,39.7886,  13.0,28763,-51.6,-80.9,-76.7,  2,  3, 0.04,232,59.7
2026-01-28 12:28:02,-81.3457,39.7889,  13.0,28770,-51.6,-80.8,-76.6,  2,  3, 0.04,232,59.6
2026-01-28 12:28:03,-81.3451,39.7893,  13.0,28777,-51.6,-80.8,-76.6,  2,  3, 0.04,232,59.6
2026-01-28 12:28:04,-81.3446,39.7896,  13.0,28784,-51.6,-80.8,-76.6,  2,  3, 0.05,232,59.6
2026-01-28 12:28:05,-81.3440,39.7899,  12.9,28791,-51.5,-80.8,-76.6,  2,  3, 0.05,232,59.5
2026-01-28 12:28:06,-81.3435,39.7902,  12.9,28797,-51.5,-80.8,-76.6,  2,  3, 0.05,231,59.5
2026-01-28 12:28:07,-81.3429,39.7906,  12.9,28804,-51.5,-80.8,-76.6,  2,  3, 0.05,231,59.5
2026-01-28 12:28:08,-81.3424,39.7909,  12.9,28810,-51.5,-80.7,-76.5,  2,  3, 0.05,231,59.5
2026-01-28 12:28:09,-81.3419,39.7913,  12.9,28817,-51.5,-80.7,-76.5,  2,  3, 0.05,231,59.4
2026-01-28 12:28:10,-81.3414,39.7916,  12.9,28824,-51.5,-80.7,-76.5,  2,  3, 0.05,231,59.4
2026-01-28 12:28:11,-81.3408,39.7920,  12.9,28831,-51.5,-80.7,-76.5,  2,  3, 0.05,231,59.4
2026-01-28 12:28:12,-81.3403,39.7923,  12.8,28838,-51.4,-80.6,-76.4,  2,  3, 0.05,231,59.3
2026-01-28 12:28:13,-81.3398,39.7927,  12.8,28845,-51.4,-80.6,-76.4,  2,  3, 0.05,231,59.3
2026-01-28 12:28:14,-81.3393,39.7930,  12.8,28852,-51.4,-80.6,-76.4,  2,  3, 0.05,231,59.3
2026-01-28 12:28:15,-81.3387,39.7934,  12.8,28859,-51.4,-80.6,-76.4,  2,  3, 0.05,231,59.2
2026-01-28 12:28:16,-81.3382,39.7937,  12.8,28866,-51.4,-80.5,-76.3,  2,  3, 0.05,230,59.3
2026-01-28 12:28:17,-81.3377,39.7941,  12.8,28873,-51.4,-80.5,-76.3,  2,  3, 0.05,230,59.3
2026-01-28 12:28:18,-81.3372,39.7944,  12.8,28880,-51.4,-80.5,-76.3,  2,  3, 0.05,230,59.4
2026-01-28 12:28:19,-81.3366,39.7948,  12.7,28887,-51.3,-80.5,-76.2,  2,  3, 0.05,230,59.4
2026-01-28 12:28:20,-81.3361,39.7952,  12.7,28894,-51.3,-80.4,-76.2,  2,  3, 0.05,230,59.4
2026-01-28 12:28:21,-81.3356,39.7955,  12.7,28901,-51.3,-80.4,-76.2,  2,  3, 0.05,229,59.5
2026-01-28 12:28:22,-81.3351,39.7959,  12.7,28908,-51.3,-80.4,-76.2,  2,  3, 0.05,229,59.5
2026-01-28 12:28:23,-81.3345,39.7962,  12.7,28915,-51.3,-80.4,-76.2,  2,  3, 0.05,229,59.5
2026-01-28 12:28:24,-81.3340,39.7966,  12.7,28921,-51.3,-80.4,-76.1,  2,  3, 0.05,229,59.6
2026-01-28 12:28:25,-81.3335,39.7969,  12.7,28928,-51.3,-80.3,-76.1,  2,  3, 0.05,229,59.6
2026-01-28 12:28:26,-81.3330,39.7973,  12.7,28935,-51.3,-80.3,-76.1,  2,  3, 0.05,229,59.7
2026-01-28 12:28:27,-81.3324,39.7976,  12.6,28941,-51.2,-80.3,-76.1,  2,  3, 0.05,228,59.7
2026-01-28 12:28:28,-81.3319,39.7980,  12.6,28947,-51.2,-80.3,-76.1,  2,  3, 0.05,228,59.8
2026-01-28 12:28:29,-81.3314,39.7983,  12.6,28954,-51.2,-80.3,-76.0,  2,  3, 0.05,228,59.8
2026-01-28 12:28:30,-81.3309,39.7987,  12.6,28960,-51.2,-80.2,-76.0,  2,  3, 0.05,228,59.8
2026-01-28 12:28:31,-81.3303,39.7990,  12.6,28966,-51.2,-80.2,-76.0,  2,  3, 0.05,228,59.9
2026-01-28 12:28:32,-81.3298,39.7994,  12.6,28973,-51.2,-80.2,-76.0,  2,  3, 0.05,228,59.9
2026-01-28 12:28:33,-81.3293,39.7997,  12.6,28980,-51.2,-80.2,-76.0,  2,  3, 0.05,227,60.0
2026-01-28 12:28:34,-81.3288,39.8001,  12.6,28986,-51.1,-80.2,-75.9,  2,  3, 0.05,227,60.0
2026-01-28 12:28:35,-81.3282,39.8005,  12.5,28993,-51.1,-80.1,-75.9,  2,  3, 0.05,227,60.1
2026-01-28 12:28:36,-81.3277,39.8008,  12.5,29000,-51.1,-80.1,-75.9,  2,  3, 0.05,227,60.2
2026-01-28 12:28:37,-81.3272,39.8012,  12.5,29006,-51.1,-80.1,-75.9,  2,  3, 0.05,227,60.3
2026-01-28 12:28:38,-81.3267,39.8015,  12.5,29013,-51.1,-80.0,-75.8,  2,  3, 0.05,227,60.4
2026-01-28 12:28:39,-81.3262,39.8019,  12.5,29020,-51.1,-80.0,-75.8,  2,  3, 0.05,226,60.5
2026-01-28 12:28:40,-81.3257,39.8023,  12.5,29027,-51.0,-80.0,-75.8,  2,  3, 0.05,226,60.7
2026-01-28 12:28:41,-81.3252,39.8027,  12.5,29034,-51.0,-80.0,-75.7,  2,  3, 0.05,226,60.8
2026-01-28 12:28:42,-81.3247,39.8031,  12.4,29041,-51.0,-79.9,-75.7,  2,  3, 0.05,226,60.9
2026-01-28 12:28:43,-81.3242,39.8035,  12.4,29047,-51.0,-79.9,-75.7,  2,  3, 0.05,226,61.0
2026-01-28 12:28:44,-81.3236,39.8040,  12.4,29053,-51.0,-79.9,-75.7,  2,  3, 0.05,226,61.1
2026-01-28 12:28:45,-81.3231,39.8044,  12.4,29059,-50.9,-79.8,-75.6,  2,  3, 0.06,225,61.3
2026-01-28 12:28:46,-81.3226,39.8048,  12.4,29066,-50.9,-79.8,-75.6,  2,  3, 0.06,225,61.4
2026-01-28 12:28:47,-81.3221,39.8052,  12.4,29072,-50.9,-79.8,-75.6,  2,  3, 0.06,225,61.5
2026-01-28 12:28:48,-81.3216,39.8056,  12.4,29078,-50.9,-79.8,-75.6,  2,  3, 0.06,225,61.6
2026-01-28 12:28:49,-81.3211,39.8060,  12.4,29085,-50.9,-79.8,-75.5,  2,  3, 0.06,225,61.8
2026-01-28 12:28:50,-81.3206,39.8064,  12.4,29092,-50.9,-79.7,-75.5,  2,  3, 0.06,224,61.9
2026-01-28 12:28:51,-81.3201,39.8068,  12.3,29098,-50.9,-79.7,-75.5,  2,  3, 0.06,224,62.0
2026-01-28 12:28:52,-81.3196,39.8072,  12.3,29105,-50.9,-79.7,-75.4,  2,  3, 0.06,224,62.1
2026-01-28 12:28:53,-81.3191,39.8076,  12.3,29112,-50.9,-79.7,-75.4,  2,  3, 0.06,224,62.3
2026-01-28 12:28:54,-81.3186,39.8080,  12.3,29119,-50.9,-79.6,-75.4,  2,  3, 0.06,224,62.4
2026-01-28 12:28:55,-81.3181,39.8084,  12.3,29125,-50.8,-79.6,-75.4,  2,  3, 0.06,224,62.5
2026-01-28 12:28:56,-81.3176,39.8088,  12.3,29131,-50.8,-79.6,-75.3,  2,  3, 0.06,224,62.5
2026-01-28 12:28:57,-81.3170,39.8093,  12.3,29138,-50.8,-79.6,-75.3,  2,  3, 0.06,223,62.5
2026-01-28 12:28:58,-81.3166,39.8096,  12.2,29145,-50.8,-79.5,-75.3,  2,  3, 0.06,223,62.6
2026-01-28 12:28:59,-81.3161,39.8100,  12.2,29151,-50.8,-79.5,-75.3,  2,  3, 0.06,223,62.6
2026-01-28 12:29:00,-81.3156,39.8104,  12.2,29157,-50.8,-79.5,-75.3,  2,  3, 0.06,223,62.6
2026-01-28 12:29:01,-81.3151,39.8108,  12.2,29163,-50.8,-79.5,-75.3,  2,  3, 0.06,223,62.6
2026-01-28 12:29:02,-81.3146,39.8112,  12.2,29169,-50.8,-79.5,-75.3,  2,  3, 0.06,223,62.6
2026-01-28 12:29:03,-81.3141,39.8116,  12.2,29175,-50.8,-79.5,-75.2,  2,  3, 0.06,223,62.6
2026-01-28 12:29:04,-81.3136,39.8120,  12.2,29181,-50.9,-79.5,-75.2,  2,  3, 0.06,223,62.6
2026-01-28 12:29:05,-81.3130,39.8124,  12.2,29188,-50.9,-79.5,-75.2,  2,  3, 0.06,223,62.7
2026-01-28 12:29:06,-81.3125,39.8128,  12.2,29195,-50.9,-79.5,-75.2,  2,  3, 0.06,222,62.7
2026-01-28 12:29:07,-81.3120,39.8132,  12.1,29202,-50.9,-79.5,-75.2,  2,  3, 0.06,222,62.7
2026-01-28 12:29:08,-81.3115,39.8136,  12.1,29209,-50.9,-79.4,-75.2,  2,  3, 0.06,222,62.7
2026-01-28 12:29:09,-81.3110,39.8140,  12.1,29215,-50.9,-79.4,-75.2,  2,  3, 0.06,222,62.7
2026-01-28 12:29:10,-81.3105,39.8144,  12.1,29222,-50.9,-79.4,-75.2,  2,  3, 0.06,222,62.7
2026-01-28 12:29:11,-81.3100,39.8149,  12.1,29228,-50.9,-79.4,-75.2,  2,  3, 0.06,222,62.8
2026-01-28 12:29:12,-81.3096,39.8153,  12.1,29235,-50.9,-79.4,-75.2,  2,  3, 0.06,222,62.8
2026-01-28 12:29:13,-81.3090,39.8157,  12.1,29241,-50.9,-79.4,-75.2,  2,  3, 0.06,222,62.8
2026-01-28 12:29:14,-81.3086,39.8161,  12.1,29247,-51.0,-79.4,-75.2,  2,  3, 0.06,221,62.8
2026-01-28 12:29:15,-81.3081,39.8165,  12.0,29253,-51.0,-79.4,-75.2,  2,  3, 0.06,221,62.8
2026-01-28 12:29:16,-81.3076,39.8169,  12.0,29260,-51.0,-79.4,-75.2,  2,  3, 0.06,221,62.8
2026-01-28 12:29:17,-81.3071,39.8173,  12.0,29267,-51.0,-79.4,-75.2,  2,  3, 0.06,221,62.7
2026-01-28 12:29:18,-81.3066,39.8177,  12.0,29274,-51.0,-79.4,-75.2,  2,  3, 0.06,221,62.6
2026-01-28 12:29:19,-81.3061,39.8181,  12.0,29281,-51.1,-79.4,-75.2,  2,  3, 0.06,222,62.6
2026-01-28 12:29:20,-81.3056,39.8185,  12.0,29288,-51.1,-79.4,-75.2,  2,  3, 0.06,222,62.5
2026-01-28 12:29:21,-81.3051,39.8189,  12.0,29295,-51.1,-79.5,-75.2,  2,  3, 0.06,222,62.5
2026-01-28 12:29:22,-81.3046,39.8193,  12.0,29301,-51.1,-79.5,-75.2,  2,  3, 0.06,222,62.4
2026-01-28 12:29:23,-81.3041,39.8197,  11.9,29308,-51.2,-79.5,-75.2,  2,  3, 0.06,222,62.3
2026-01-28 12:29:24,-81.3036,39.8201,  11.9,29314,-51.2,-79.5,-75.2,  2,  3, 0.06,222,62.3
2026-01-28 12:29:25,-81.3031,39.8205,  11.9,29320,-51.2,-79.5,-75.2,  2,  3, 0.06,222,62.2
2026-01-28 12:29:26,-81.3026,39.8209,  11.9,29327,-51.2,-79.5,-75.2,  2,  3, 0.06,222,62.1
2026-01-28 12:29:27,-81.3021,39.8213,  11.9,29333,-51.2,-79.5,-75.2,  2,  3, 0.06,222,62.1
2026-01-28 12:29:28,-81.3017,39.8217,  11.9,29340,-51.3,-79.5,-75.3,  2,  3, 0.06,222,62.0
2026-01-28 12:29:29,-81.3012,39.8221,  11.9,29347,-51.3,-79.5,-75.3,  2,  3, 0.06,222,61.9
2026-01-28 12:29:30,-81.3007,39.8225,  11.9,29355,-51.3,-79.5,-75.3,  2,  3, 0.06,222,61.9
2026-01-28 12:29:31,-81.3002,39.8229,  11.8,29362,-51.3,-79.5,-75.3,  2,  3, 0.06,222,61.8
2026-01-28 12:29:32,-81.2997,39.8233,  11.8,29369,-51.4,-79.5,-75.3,  2,  3, 0.06,222,61.7
2026-01-28 12:29:33,-81.2992,39.8237,  11.8,29376,-51.4,-79.5,-75.3,  2,  3, 0.06,222,61.7
2026-01-28 12:29:34,-81.2987,39.8241,  11.8,29382,-51.4,-79.5,-75.3,  2,  3, 0.06,222,61.6
2026-01-28 12:29:35,-81.2982,39.8245,  11.8,29389,-51.4,-79.5,-75.3,  2,  4, 0.06,222,61.6
2026-01-28 12:29:36,-81.2977,39.8249,  11.8,29395,-51.4,-79.6,-75.3,  2,  4, 0.06,222,61.6
2026-01-28 12:29:37,-81.2972,39.8253,  11.8,29402,-51.5,-79.6,-75.3,  2,  4, 0.06,222,61.6
2026-01-28 12:29:38,-81.2967,39.8257,  11.8,29408,-51.5,-79.6,-75.3,  2,  4, 0.06,222,61.6
2026-01-28 12:29:39,-81.2962,39.8261,  11.8,29415,-51.5,-79.6,-75.4,  2,  4, 0.06,222,61.6
2026-01-28 12:29:40,-81.2957,39.8265,  11.7,29422,-51.5,-79.6,-75.4,  2,  4, 0.06,222,61.6
2026-01-28 12:29:41,-81.2953,39.8269,  11.7,29429,-51.6,-79.6,-75.4,  2,  4, 0.06,222,61.6
2026-01-28 12:29:42,-81.2948,39.8273,  11.7,29435,-51.6,-79.6,-75.4,  2,  4, 0.06,222,61.6
2026-01-28 12:29:43,-81.2943,39.8277,  11.7,29442,-51.6,-79.6,-75.4,  2,  4, 0.06,222,61.6
2026-01-28 12:29:44,-81.2938,39.8281,  11.7,29449,-51.6,-79.6,-75.4,  2,  4, 0.06,222,61.6
2026-01-28 12:29:45,-81.2933,39.8285,  11.7,29456,-51.6,-79.7,-75.4,  2,  4, 0.06,222,61.6
2026-01-28 12:29:46,-81.2928,39.8289,  11.7,29463,-51.6,-79.7,-75.4,  2,  4, 0.06,222,61.6
2026-01-28 12:29:47,-81.2923,39.8293,  11.7,29470,-51.7,-79.7,-75.4,  2,  4, 0.06,222,61.6
2026-01-28 12:29:48,-81.2919,39.8297,  11.6,29477,-51.7,-79.7,-75.5,  2,  4, 0.06,222,61.6
2026-01-28 12:29:49,-81.2914,39.8301,  11.6,29485,-51.7,-79.7,-75.5,  2,  4, 0.06,222,61.6
2026-01-28 12:29:50,-81.2909,39.8305,  11.6,29492,-51.7,-79.7,-75.5,  2,  4, 0.06,222,61.6
2026-01-28 12:29:51,-81.2904,39.8309,  11.6,29499,-51.7,-79.7,-75.5,  2,  4, 0.06,222,61.6
2026-01-28 12:29:52,-81.2899,39.8313,  11.6,29506,-51.8,-79.7,-75.5,  2,  4, 0.06,222,61.7
2026-01-28 12:29:53,-81.2894,39.8317,  11.6,29513,-51.8,-79.7,-75.5,  2,  4, 0.06,222,61.7
2026-01-28 12:29:54,-81.2889,39.8321,  11.6,29520,-51.8,-79.8,-75.5,  2,  4, 0.06,222,61.7
2026-01-28 12:29:55,-81.2885,39.8325,  11.6,29527,-51.8,-79.8,-75.6,  2,  4, 0.06,222,61.7
2026-01-28 12:29:56,-81.2880,39.8329,  11.5,29534,-51.8,-79.8,-75.6,  2,  4, 0.06,222,61.7
2026-01-28 12:29:57,-81.2875,39.8333,  11.5,29541,-51.8,-79.8,-75.6,  2,  4, 0.06,222,61.7
2026-01-28 12:29:58,-81.2870,39.8337,  11.5,29548,-51.8,-79.8,-75.6,  2,  4, 0.06,222,61.6
2026-01-28 12:29:59,-81.2865,39.8342,  11.5,29555,-51.9,-79.8,-75.6,  2,  4, 0.06,222,61.6
2026-01-28 12:30:00,-81.2860,39.8346,  11.5,29563,-51.9,-79.9,-75.6,  2,  4, 0.06,222,61.6
2026-01-28 12:30:01,-81.2856,39.8350,  11.5,29570,-51.9,-79.9,-75.7,  2,  4, 0.06,221,61.6
2026-01-28 12:30:02,-81.2851,39.8354,  11.5,29577,-51.9,-79.9,-75.7,  2,  4, 0.06,221,61.6
2026-01-28 12:30:03,-81.2846,39.8358,  11.5,29583,-51.9,-79.9,-75.7,  2,  4, 0.06,221,61.6
2026-01-28 12:30:04,-81.2841,39.8362,  11.4,29590,-51.9,-79.9,-75.7,  2,  4, 0.06,221,61.6
2026-01-28 12:30:05,-81.2839,39.8364,  11.4,29596,-51.9,-79.9,-75.7,  2,  4, 0.06,221,61.6
2026-01-28 12:30:06,-81.2831,39.8370,  11.4,29600,-52.0,-80.0,-75.7,  2,  4, 0.06,221,61.6
2026-01-28 12:30:07,-81.2826,39.8374,  11.4,29609,-51.9,-80.0,-75.7,  2,  4, 0.06,221,61.6
2026-01-28 12:30:08,-81.2822,39.8378,  11.4,29616,-51.9,-80.0,-75.7,  2,  3, 0.06,221,61.6
2026-01-28 12:30:09,-81.2817,39.8382,  11.4,29622,-51.9,-80.0,-75.7,  2,  3, 0.06,221,61.6
2026-01-28 12:30:10,-81.2812,39.8386,  11.4,29629,-51.9,-80.0,-75.7,  2,  3, 0.06,221,61.6
2026-01-28 12:30:11,-81.2807,39.8391,  11.4,29635,-51.9,-80.0,-75.8,  2,  3, 0.06,221,61.6
2026-01-28 12:30:12,-81.2803,39.8395,  11.3,29641,-51.9,-80.0,-75.8,  2,  3, 0.06,221,61.6
2026-01-28 12:30:13,-81.2798,39.8399,  11.3,29648,-51.9,-80.0,-75.8,  2,  3, 0.06,220,61.5
2026-01-28 12:30:14,-81.2793,39.8404,  11.3,29655,-51.9,-80.0,-75.8,  2,  3, 0.06,220,61.5
2026-01-28 12:30:15,-81.2788,39.8408,  11.3,29662,-51.9,-80.0,-75.8,  2,  3, 0.06,220,61.5
2026-01-28 12:30:16,-81.2784,39.8412,  11.3,29670,-51.9,-80.0,-75.8,  2,  3, 0.06,220,61.6
2026-01-28 12:30:17,-81.2779,39.8417,  11.3,29677,-51.9,-80.0,-75.8,  2,  3, 0.06,220,61.7
2026-01-28 12:30:18,-81.2774,39.8421,  11.3,29685,-51.9,-80.0,-75.8,  2,  3, 0.06,220,61.8
2026-01-28 12:30:19,-81.2769,39.8425,  11.3,29691,-51.9,-80.0,-75.8,  2,  3, 0.06,220,61.9
2026-01-28 12:30:20,-81.2765,39.8429,  11.2,29698,-51.9,-80.0,-75.8,  2,  3, 0.06,220,62.0
2026-01-28 12:30:21,-81.2760,39.8434,  11.2,29705,-51.8,-80.0,-75.7,  2,  3, 0.06,220,62.1
2026-01-28 12:30:22,-81.2755,39.8438,  11.2,29711,-51.8,-80.0,-75.7,  2,  3, 0.06,220,62.2
2026-01-28 12:30:23,-81.2751,39.8442,  11.2,29718,-51.8,-80.0,-75.7,  2,  3, 0.06,220,62.3
2026-01-28 12:30:24,-81.2746,39.8447,  11.2,29724,-51.7,-80.0,-75.7,  2,  3, 0.06,219,62.4
2026-01-28 12:30:25,-81.2741,39.8451,  11.2,29731,-51.7,-80.0,-75.7,  2,  3, 0.06,219,62.5
2026-01-28 12:30:26,-81.2737,39.8455,  11.2,29738,-51.7,-79.9,-75.7,  2,  3, 0.06,219,62.6
2026-01-28 12:30:27,-81.2732,39.8460,  11.2,29744,-51.7,-79.9,-75.7,  2,  3, 0.06,219,62.7
2026-01-28 12:30:28,-81.2727,39.8464,  11.2,29751,-51.6,-79.9,-75.7,  2,  3, 0.06,219,62.8
2026-01-28 12:30:29,-81.2722,39.8468,  11.1,29758,-51.6,-79.9,-75.7,  2,  3, 0.06,219,62.9
2026-01-28 12:30:30,-81.2718,39.8473,  11.1,29765,-51.6,-79.9,-75.7,  2,  3, 0.06,219,63.0
2026-01-28 12:30:31,-81.2713,39.8477,  11.1,29771,-51.6,-79.9,-75.7,  2,  3, 0.06,219,63.1
2026-01-28 12:30:32,-81.2708,39.8481,  11.1,29778,-51.5,-79.9,-75.7,  2,  3, 0.06,219,63.2
2026-01-28 12:30:33,-81.2704,39.8486,  11.1,29784,-51.5,-79.9,-75.7,  2,  3, 0.06,219,63.3
2026-01-28 12:30:34,-81.2699,39.8490,  11.1,29791,-51.4,-79.9,-75.7,  2,  3, 0.06,219,63.4
2026-01-28 12:30:35,-81.2694,39.8494,  11.1,29797,-51.4,-79.9,-75.6,  2,  3, 0.06,218,63.5
2026-01-28 12:30:36,-81.2689,39.8498,  11.1,29804,-51.3,-79.8,-75.6,  2,  3, 0.06,218,63.5
2026-01-28 12:30:37,-81.2685,39.8503,  11.1,29811,-51.2,-79.8,-75.6,  2,  3, 0.06,218,63.5
2026-01-28 12:30:38,-81.2680,39.8507,  11.0,29818,-51.2,-79.8,-75.6,  2,  3, 0.06,218,63.6
2026-01-28 12:30:39,-81.2675,39.8511,  11.0,29825,-51.1,-79.7,-75.5,  2,  3, 0.06,218,63.6
2026-01-28 12:30:40,-81.2670,39.8516,  11.0,29832,-51.1,-79.7,-75.5,  2,  3, 0.06,218,63.6
2026-01-28 12:30:41,-81.2665,39.8520,  11.0,29839,-51.0,-79.7,-75.5,  2,  3, 0.06,218,63.6
2026-01-28 12:30:42,-81.2661,39.8525,  11.0,29847,-50.9,-79.7,-75.4,  2,  3, 0.06,218,63.6
2026-01-28 12:30:43,-81.2656,39.8529,  11.0,29853,-50.9,-79.6,-75.4,  2,  3, 0.06,218,63.6
2026-01-28 12:30:44,-81.2651,39.8533,  11.0,29859,-50.8,-79.6,-75.4,  2,  3, 0.06,218,63.6
2026-01-28 12:30:45,-81.2646,39.8538,  11.0,29865,-50.7,-79.6,-75.4,  2,  3, 0.06,218,63.6
2026-01-28 12:30:46,-81.2641,39.8542,  11.0,29872,-50.7,-79.6,-75.3,  2,  3, 0.07,218,63.6
2026-01-28 12:30:47,-81.2637,39.8547,  10.9,29878,-50.6,-79.5,-75.3,  2,  3, 0.07,218,63.6
2026-01-28 12:30:48,-81.2632,39.8551,  10.9,29884,-50.5,-79.5,-75.2,  2,  3, 0.07,218,63.7
2026-01-28 12:30:49,-81.2627,39.8555,  10.9,29891,-50.4,-79.4,-75.2,  2,  3, 0.07,218,63.7
2026-01-28 12:30:50,-81.2622,39.8560,  10.9,29898,-50.3,-79.4,-75.1,  2,  3, 0.07,218,63.7
2026-01-28 12:30:51,-81.2617,39.8564,  10.9,29904,-50.2,-79.3,-75.1,  2,  3, 0.07,218,63.7
2026-01-28 12:30:52,-81.2613,39.8569,  10.9,29911,-50.2,-79.3,-75.0,  2,  3, 0.07,218,63.7
2026-01-28 12:30:53,-81.2608,39.8573,  10.9,29918,-50.1,-79.2,-75.0,  2,  3, 0.07,218,63.7
2026-01-28 12:30:54,-81.2603,39.8577,  10.9,29925,-50.0,-79.2,-74.9,  2,  3, 0.07,218,63.7
2026-01-28 12:30:55,-81.2598,39.8582,  10.9,29932,-49.9,-79.1,-74.9,  2,  3, 0.07,218,63.7
2026-01-28 12:30:56,-81.2593,39.8586,  10.8,29939,-49.8,-79.1,-74.8,  2,  3, 0.07,218,63.8
2026-01-28 12:30:57,-81.2589,39.8591,  10.8,29945,-49.7,-79.0,-74.8,  2,  3, 0.07,218,63.8
2026-01-28 12:30:58,-81.2584,39.8595,  10.8,29952,-49.6,-79.0,-74.7,  2,  3, 0.07,218,63.9
2026-01-28 12:30:59,-81.2579,39.8599,  10.8,29959,-49.5,-78.9,-74.7,  2,  3, 0.07,218,64.0
2026-01-28 12:31:00,-81.2574,39.8604,  10.8,29965,-49.5,-78.9,-74.6,  2,  3, 0.07,218,64.0
2026-01-28 12:31:01,-81.2569,39.8608,  10.8,29972,-49.4,-78.8,-74.6,  2,  3, 0.07,218,64.1
2026-01-28 12:31:02,-81.2565,39.8613,  10.8,29979,-49.3,-78.8,-74.5,  2,  3, 0.08,218,64.1
2026-01-28 12:31:03,-81.2560,39.8617,  10.8,29985,-49.2,-78.7,-74.5,  2,  3, 0.08,219,64.2
2026-01-28 12:31:04,-81.2555,39.8621,  10.8,29991,-49.1,-78.7,-74.4,  2,  3, 0.08,219,64.3
2026-01-28 12:31:05,-81.2550,39.8626,  10.7,29998,-49.0,-78.6,-74.4,  2,  3, 0.08,219,64.3
2026-01-28 12:31:06,-81.2545,39.8630,  10.7,30004,-48.9,-78.6,-74.3,  2,  3, 0.08,219,64.4
2026-01-28 12:31:07,-81.2541,39.8635,  10.7,30010,-48.8,-78.5,-74.3,  2,  3, 0.08,219,64.4
2026-01-28 12:31:08,-81.2536,39.8639,  10.7,30016,-48.7,-78.5,-74.2,  2,  3, 0.08,219,64.5
2026-01-28 12:31:09,-81.2531,39.8644,  10.7,30023,-48.6,-78.4,-74.2,  2,  3, 0.08,219,64.6
2026-01-28 12:31:10,-81.2526,39.8648,  10.7,30030,-48.5,-78.4,-74.1,  2,  3, 0.08,219,64.6
2026-01-28 12:31:11,-81.2521,39.8652,  10.7,30037,-48.4,-78.3,-74.1,  2,  3, 0.08,219,64.7
2026-01-28 12:31:12,-81.2516,39.8656,  10.7,30043,-48.4,-78.3,-74.0,  2,  3, 0.08,219,64.7
2026-01-28 12:31:13,-81.2511,39.8661,  10.7,30050,-48.3,-78.2,-74.0,  2,  3, 0.08,219,64.8
2026-01-28 12:31:14,-81.2506,39.8665,  10.6,30056,-48.2,-78.2,-73.9,  2,  3, 0.08,219,64.9
2026-01-28 12:31:15,-81.2501,39.8669,  10.6,30062,-48.1,-78.1,-73.9,  2,  3, 0.09,219,64.9
2026-01-28 12:31:16,-81.2496,39.8673,  10.6,30069,-48.0,-78.1,-73.8,  2,  3, 0.09,219,64.9
2026-01-28 12:31:17,-81.2491,39.8678,  10.6,30075,-47.9,-78.0,-73.7,  2,  3, 0.09,219,64.9
2026-01-28 12:31:18,-81.2486,39.8682,  10.6,30081,-47.8,-77.9,-73.7,  2,  3, 0.09,219,64.8
2026-01-28 12:31:19,-81.2481,39.8686,  10.6,30087,-47.7,-77.9,-73.6,  2,  3, 0.09,219,64.8
2026-01-28 12:31:20,-81.2476,39.8691,  10.6,30094,-47.6,-77.8,-73.5,  2,  3, 0.09,219,64.8
2026-01-28 12:31:21,-81.2471,39.8695,  10.6,30100,-47.6,-77.7,-73.5,  2,  3, 0.09,219,64.8
2026-01-28 12:31:22,-81.2466,39.8699,  10.6,30107,-47.5,-77.7,-73.4,  2,  3, 0.09,220,64.8
2026-01-28 12:31:23,-81.2461,39.8703,  10.6,30113,-47.4,-77.6,-73.3,  2,  3, 0.09,220,64.7
2026-01-28 12:31:24,-81.2456,39.8708,  10.5,30120,-47.3,-77.5,-73.3,  2,  3, 0.09,220,64.7
2026-01-28 12:31:25,-81.2451,39.8712,  10.5,30126,-47.2,-77.5,-73.2,  2,  3, 0.09,220,64.7
2026-01-28 12:31:26,-81.2445,39.8716,  10.5,30133,-47.1,-77.4,-73.2,  2,  3, 0.10,220,64.7
2026-01-28 12:31:27,-81.2440,39.8721,  10.5,30140,-47.0,-77.4,-73.1,  2,  3, 0.10,220,64.6
2026-01-28 12:31:28,-81.2435,39.8725,  10.5,30147,-47.0,-77.3,-73.0,  2,  3, 0.10,220,64.6
2026-01-28 12:31:29,-81.2430,39.8729,  10.5,30154,-46.9,-77.2,-73.0,  2,  3, 0.10,220,64.6
2026-01-28 12:31:30,-81.2425,39.8733,  10.5,30161,-46.8,-77.2,-72.9,  2,  3, 0.10,220,64.6
2026-01-28 12:31:31,-81.2420,39.8738,  10.5,30168,-46.7,-77.1,-72.8,  2,  3, 0.10,220,64.6
2026-01-28 12:31:32,-81.2415,39.8742,  10.5,30175,-46.6,-77.1,-72.8,  2,  3, 0.10,220,64.5
2026-01-28 12:31:33,-81.2410,39.8746,  10.4,30182,-46.5,-77.0,-72.7,  2,  3, 0.10,221,64.5
2026-01-28 12:31:34,-81.2405,39.8750,  10.4,30189,-46.5,-76.9,-72.7,  2,  3, 0.10,221,64.5
2026-01-28 12:31:35,-81.2400,39.8755,  10.4,30195,-46.4,-76.9,-72.6,  2,  3, 0.11,221,64.5
2026-01-28 12:31:36,-81.2395,39.8759,  10.4,30202,-46.3,-76.8,-72.5,  2,  3, 0.11,221,64.4
2026-01-28 12:31:37,-81.2390,39.8763,  10.4,30209,-46.2,-76.7,-72.5,  2,  3, 0.11,221,64.4
2026-01-28 12:31:38,-81.2385,39.8768,  10.4,30216,-46.1,-76.7,-72.4,  2,  3, 0.11,221,64.3
2026-01-28 12:31:39,-81.2380,39.8772,  10.4,30223,-46.1,-76.6,-72.4,  2,  3, 0.11,221,64.3
2026-01-28 12:31:40,-81.2375,39.8775,  10.4,30229,-46.0,-76.6,-72.3,  2,  3, 0.11,221,64.2
2026-01-28 12:31:41,-81.2370,39.8779,  10.4,30236,-45.9,-76.5,-72.3,  2,  3, 0.11,221,64.2
2026-01-28 12:31:42,-81.2364,39.8783,  10.4,30243,-45.9,-76.5,-72.2,  2,  3, 0.11,221,64.1
2026-01-28 12:31:43,-81.2359,39.8787,  10.3,30249,-45.8,-76.4,-72.2,  2,  3, 0.11,222,64.1
2026-01-28 12:31:44,-81.2354,39.8791,  10.3,30256,-45.7,-76.4,-72.1,  2,  3, 0.11,222,64.0
2026-01-28 12:31:45,-81.2349,39.8795,  10.3,30262,-45.7,-76.3,-72.0,  2,  3, 0.12,222,63.9
2026-01-28 12:31:46,-81.2344,39.8799,  10.3,30268,-45.6,-76.3,-72.0,  2,  3, 0.12,222,63.9
2026-01-28 12:31:47,-81.2339,39.8803,  10.3,30275,-45.5,-76.2,-71.9,  2,  3, 0.12,222,63.8
2026-01-28 12:31:48,-81.2333,39.8807,  10.3,30281,-45.5,-76.2,-71.9,  2,  3, 0.12,222,63.8
2026-01-28 12:31:49,-81.2328,39.8811,  10.3,30287,-45.4,-76.1,-71.8,  2,  3, 0.12,222,63.7
2026-01-28 12:31:50,-81.2323,39.8814,  10.3,30294,-45.4,-76.1,-71.8,  2,  3, 0.12,222,63.7
2026-01-28 12:31:51,-81.2318,39.8818,  10.3,30300,-45.3,-76.0,-71.7,  2,  3, 0.12,222,63.6
2026-01-28 12:31:52,-81.2313,39.8822,  10.3,30306,-45.2,-76.0,-71.7,  2,  3, 0.12,222,63.6
2026-01-28 12:31:53,-81.2308,39.8826,  10.2,30313,-45.2,-75.9,-71.6,  2,  3, 0.12,223,63.5
2026-01-28 12:31:54,-81.2302,39.8830,  10.2,30319,-45.1,-75.9,-71.6,  2,  3, 0.13,223,63.5
2026-01-28 12:31:55,-81.2297,39.8834,  10.2,30325,-45.1,-75.8,-71.6,  2,  3, 0.13,223,63.4
2026-01-28 12:31:56,-81.2292,39.8838,  10.2,30332,-45.1,-75.8,-71.5,  2,  3, 0.13,223,63.3
2026-01-28 12:31:57,-81.2287,39.8842,  10.2,30338,-45.0,-75.8,-71.5,  2,  3, 0.13,223,63.2
2026-01-28 12:31:58,-81.2282,39.8846,  10.2,30345,-45.0,-75.7,-71.4,  2,  3, 0.13,223,63.1
2026-01-28 12:31:59,-81.2276,39.8850,  10.2,30351,-44.9,-75.7,-71.4,  2,  3, 0.13,223,63.0
2026-01-28 12:32:00,-81.2271,39.8853,  10.2,30358,-44.9,-75.6,-71.4,  2,  3, 0.13,223,62.9
2026-01-28 12:32:01,-81.2266,39.8857,  10.2,30364,-44.9,-75.6,-71.3,  2,  3, 0.13,224,62.8
2026-01-28 12:32:02,-81.2261,39.8861,  10.2,30370,-44.8,-75.6,-71.3,  2,  3, 0.13,224,62.7
2026-01-28 12:32:03,-81.2256,39.8865,  10.1,30376,-44.8,-75.5,-71.2,  2,  3, 0.13,224,62.6
2026-01-28 12:32:04,-81.2251,39.8869,  10.1,30382,-44.8,-75.5,-71.2,  2,  3, 0.13,224,62.5
2026-01-28 12:32:05,-81.2245,39.8873,  10.1,30388,-44.7,-75.5,-71.2,  2,  3, 0.13,224,62.4
2026-01-28 12:32:06,-81.2240,39.8877,  10.1,30394,-44.7,-75.4,-71.1,  2,  3, 0.14,224,62.3
2026-01-28 12:32:07,-81.2235,39.8881,  10.1,30401,-44.7,-75.4,-71.1,  2,  3, 0.14,224,62.2
2026-01-28 12:32:08,-81.2230,39.8885,  10.1,30407,-44.7,-75.4,-71.1,  2,  3, 0.14,224,62.1
2026-01-28 12:32:09,-81.2225,39.8889,  10.1,30413,-44.6,-75.4,-71.1,  2,  3, 0.14,225,62.0
2026-01-28 12:32:10,-81.2220,39.8892,  10.1,30420,-44.6,-75.3,-71.0,  2,  3, 0.14,225,61.9
2026-01-28 12:32:11,-81.2214,39.8896,  10.1,30426,-44.6,-75.3,-71.0,  2,  3, 0.14,225,61.8
2026-01-28 12:32:12,-81.2209,39.8900,  10.1,30433,-44.6,-75.3,-71.0,  2,  3, 0.14,225,61.7
2026-01-28 12:32:13,-81.2204,39.8904,  10.1,30439,-44.6,-75.3,-71.0,  2,  3, 0.14,225,61.6
2026-01-28 12:32:14,-81.2199,39.8908,  10.0,30446,-44.6,-75.2,-70.9,  2,  3, 0.14,225,61.5
2026-01-28 12:32:15,-81.2194,39.8912,  10.0,30452,-44.6,-75.2,-70.9,  2,  3, 0.14,225,61.4
2026-01-28 12:32:16,-81.2188,39.8916,  10.0,30459,-44.5,-75.2,-70.9,  2,  3, 0.14,225,61.5
2026-01-28 12:32:17,-81.2181,39.8921,  10.0,30465,-44.5,-75.2,-70.9,  2,  3, 0.14,225,61.5
2026-01-28 12:32:18,-81.2178,39.8924,  10.0,30474,-44.5,-75.1,-70.8,  2,  3, 0.14,225,61.6
2026-01-28 12:32:19,-81.2174,39.8927,  10.0,30479,-44.5,-75.1,-70.8,  2,  3, 0.14,225,61.6
2026-01-28 12:32:20,-81.2168,39.8931,  10.0,30484,-44.5,-75.1,-70.8,  2,  3, 0.14,225,61.7
2026-01-28 12:32:21,-81.2162,39.8935,  10.0,30492,-44.5,-75.1,-70.8,  2,  3, 0.14,225,61.7
2026-01-28 12:32:22,-81.2157,39.8939,  10.0,30499,-44.5,-75.1,-70.8,  2,  3, 0.14,225,61.8
2026-01-28 12:32:23,-81.2152,39.8943,  10.0,30505,-44.5,-75.1,-70.8,  2,  3, 0.14,225,61.8
2026-01-28 12:32:24,-81.2147,39.8947,   9.9,30511,-44.5,-75.1,-70.8,  2,  3, 0.15,225,61.9
2026-01-28 12:32:25,-81.2142,39.8951,   9.9,30518,-44.5,-75.0,-70.7,  2,  3, 0.15,225,62.0
2026-01-28 12:32:26,-81.2136,39.8955,   9.9,30524,-44.5,-75.0,-70.7,  2,  3, 0.15,225,62.0
2026-01-28 12:32:27,-81.2131,39.8959,   9.9,30530,-44.5,-75.0,-70.7,  2,  3, 0.15,225,62.1
2026-01-28 12:32:28,-81.2126,39.8963,   9.9,30536,-44.5,-75.0,-70.7,  2,  3, 0.15,224,62.1
2026-01-28 12:32:29,-81.2121,39.8967,   9.9,30543,-44.5,-75.0,-70.7,  2,  3, 0.15,224,62.2
2026-01-28 12:32:30,-81.2116,39.8970,   9.9,30549,-44.5,-75.0,-70.7,  2,  3, 0.15,224,62.2
2026-01-28 12:32:31,-81.2110,39.8974,   9.9,30556,-44.5,-75.0,-70.7,  2,  3, 0.15,224,62.3
2026-01-28 12:32:32,-81.2105,39.8978,   9.9,30562,-44.5,-75.0,-70.7,  2,  3, 0.15,224,62.3
2026-01-28 12:32:33,-81.2100,39.8982,   9.9,30568,-44.5,-74.9,-70.7,  2,  3, 0.15,224,62.4
2026-01-28 12:32:34,-81.2095,39.8986,   9.9,30575,-44.5,-74.9,-70.6,  2,  3, 0.15,224,62.5
2026-01-28 12:32:35,-81.2090,39.8990,   9.8,30581,-44.5,-74.9,-70.6,  2,  3, 0.15,224,62.5
2026-01-28 12:32:36,-81.2084,39.8994,   9.8,30587,-44.5,-74.9,-70.6,  2,  3, 0.15,224,62.6
2026-01-28 12:32:37,-81.2079,39.8998,   9.8,30593,-44.5,-74.9,-70.6,  2,  3, 0.15,224,62.7
2026-01-28 12:32:38,-81.2074,39.9002,   9.8,30599,-44.5,-74.9,-70.6,  2,  3, 0.15,224,62.8
2026-01-28 12:32:39,-81.2069,39.9006,   9.8,30606,-44.5,-74.9,-70.6,  2,  3, 0.15,224,62.9
2026-01-28 12:32:40,-81.2063,39.9010,   9.8,30612,-44.5,-74.9,-70.6,  2,  3, 0.15,224,63.0
2026-01-28 12:32:41,-81.2058,39.9014,   9.8,30618,-44.5,-74.9,-70.6,  2,  3, 0.15,224,63.1
2026-01-28 12:32:42,-81.2053,39.9018,   9.8,30625,-44.5,-74.9,-70.6,  2,  3, 0.15,224,63.2
2026-01-28 12:32:43,-81.2047,39.9022,   9.8,30631,-44.5,-74.9,-70.6,  2,  3, 0.15,224,63.3
2026-01-28 12:32:44,-81.2042,39.9026,   9.8,30638,-44.5,-74.9,-70.6,  2,  3, 0.15,224,63.4
2026-01-28 12:32:45,-81.2036,39.9029,   9.7,30644,-44.5,-74.9,-70.6,  2,  3, 0.15,224,63.5
2026-01-28 12:32:46,-81.2031,39.9033,   9.7,30651,-44.5,-74.9,-70.6,  2,  3, 0.15,224,63.6
2026-01-28 12:32:47,-81.2025,39.9037,   9.7,30658,-44.5,-74.9,-70.6,  2,  3, 0.15,224,63.7
2026-01-28 12:32:48,-81.2020,39.9041,   9.7,30664,-44.5,-74.9,-70.6,  2,  3, 0.15,224,63.8
2026-01-28 12:32:49,-81.2014,39.9045,   9.7,30670,-44.5,-74.9,-70.6,  2,  3, 0.15,224,63.9
2026-01-28 12:32:50,-81.2009,39.9049,   9.7,30677,-44.5,-74.9,-70.6,  2,  3, 0.15,224,64.0
2026-01-28 12:32:51,-81.2004,39.9053,   9.7,30683,-44.5,-74.9,-70.6,  2,  3, 0.15,224,64.1
2026-01-28 12:32:52,-81.1998,39.9057,   9.7,30689,-44.5,-74.9,-70.6,  2,  3, 0.15,224,64.1
2026-01-28 12:32:53,-81.1993,39.9061,   9.7,30696,-44.5,-74.9,-70.6,  2,  3, 0.15,224,64.2
2026-01-28 12:32:54,-81.1987,39.9065,   9.7,30702,-44.5,-74.9,-70.6,  2,  3, 0.15,224,64.3
2026-01-28 12:32:55,-81.1982,39.9069,   9.7,30709,-44.5,-74.9,-70.6,  2,  3, 0.15,224,64.4
2026-01-28 12:32:56,-81.1976,39.9073,   9.6,30715,-44.5,-74.9,-70.6,  2,  3, 0.15,224,64.5
2026-01-28 12:32:57,-81.1971,39.9077,   9.6,30721,-44.5,-74.9,-70.6,  2,  3, 0.15,224,64.5
2026-01-28 12:32:58,-81.1965,39.9081,   9.6,30728,-44.5,-74.9,-70.6,  2,  3, 0.15,224,64.5
2026-01-28 12:32:59,-81.1960,39.9085,   9.6,30734,-44.5,-74.9,-70.6,  2,  3, 0.15,224,64.5
2026-01-28 12:33:00,-81.1955,39.9089,   9.6,30740,-44.5,-74.9,-70.6,  2,  3, 0.15,224,64.5
2026-01-28 12:33:01,-81.1949,39.9093,   9.6,30747,-44.5,-74.9,-70.6,  2,  3, 0.15,224,64.5
2026-01-28 12:33:02,-81.1944,39.9097,   9.6,30754,-44.5,-74.9,-70.6,  2,  3, 0.15,225,64.5
2026-01-28 12:33:03,-81.1938,39.9101,   9.6,30760,-44.4,-74.9,-70.6,  2,  3, 0.15,225,64.5
2026-01-28 12:33:04,-81.1933,39.9105,   9.6,30767,-44.4,-74.9,-70.6,  2,  3, 0.15,225,64.6
2026-01-28 12:33:05,-81.1927,39.9109,   9.6,30774,-44.4,-74.9,-70.6,  2,  3, 0.15,225,64.6
2026-01-28 12:33:06,-81.1922,39.9113,   9.6,30780,-44.4,-74.9,-70.6,  2,  3, 0.15,225,64.6
2026-01-28 12:33:07,-81.1916,39.9117,   9.5,30786,-44.4,-74.9,-70.6,  2,  3, 0.16,225,64.6
2026-01-28 12:33:08,-81.1911,39.9121,   9.5,30792,-44.4,-74.9,-70.6,  2,  3, 0.16,225,64.6
2026-01-28 12:33:09,-81.1906,39.9125,   9.5,30798,-44.4,-74.8,-70.6,  2,  3, 0.16,225,64.6
2026-01-28 12:33:10,-81.1900,39.9129,   9.5,30803,-44.3,-74.8,-70.6,  2,  3, 0.16,225,64.6
2026-01-28 12:33:11,-81.1894,39.9133,   9.5,30809,-44.3,-74.8,-70.5,  2,  3, 0.16,225,64.7
2026-01-28 12:33:12,-81.1889,39.9137,   9.5,30814,-44.3,-74.8,-70.5,  2,  3, 0.16,226,64.7
2026-01-28 12:33:13,-81.1883,39.9140,   9.5,30821,-44.3,-74.8,-70.5,  2,  3, 0.16,226,64.7
2026-01-28 12:33:14,-81.1877,39.9144,   9.5,30827,-44.3,-74.8,-70.5,  2,  3, 0.16,226,64.7
2026-01-28 12:33:15,-81.1871,39.9148,   9.5,30833,-44.2,-74.8,-70.5,  2,  3, 0.16,226,64.7
2026-01-28 12:33:16,-81.1866,39.9151,   9.5,30840,-44.2,-74.8,-70.5,  2,  3, 0.16,226,64.7
2026-01-28 12:33:17,-81.1860,39.9155,   9.5,30846,-44.2,-74.7,-70.4,  2,  3, 0.16,226,64.7
2026-01-28 12:33:18,-81.1854,39.9159,   9.5,30852,-44.1,-74.7,-70.4,  2,  3, 0.16,226,64.8
2026-01-28 12:33:19,-81.1848,39.9163,   9.4,30859,-44.1,-74.7,-70.4,  2,  3, 0.16,226,64.8
2026-01-28 12:33:20,-81.1843,39.9166,   9.4,30865,-44.0,-74.6,-70.4,  2,  3, 0.16,227,64.8
2026-01-28 12:33:21,-81.1837,39.9170,   9.4,30871,-44.0,-74.6,-70.3,  2,  3, 0.16,227,64.8
2026-01-28 12:33:22,-81.1831,39.9174,   9.4,30878,-43.9,-74.6,-70.3,  2,  3, 0.17,227,64.8
2026-01-28 12:33:23,-81.1825,39.9177,   9.4,30884,-43.9,-74.6,-70.3,  2,  3, 0.17,227,64.8
2026-01-28 12:33:24,-81.1820,39.9181,   9.4,30890,-43.8,-74.5,-70.2,  2,  3, 0.17,227,64.8
2026-01-28 12:33:25,-81.1814,39.9185,   9.4,30897,-43.8,-74.5,-70.2,  2,  3, 0.17,227,64.8
2026-01-28 12:33:26,-81.1808,39.9189,   9.4,30903,-43.7,-74.5,-70.2,  2,  3, 0.17,227,64.9
2026-01-28 12:33:27,-81.1802,39.9192,   9.4,30910,-43.7,-74.4,-70.2,  2,  3, 0.17,228,64.9
2026-01-28 12:33:28,-81.1797,39.9196,   9.4,30916,-43.6,-74.4,-70.1,  2,  3, 0.17,228,64.9
2026-01-28 12:33:29,-81.1791,39.9200,   9.4,30922,-43.6,-74.4,-70.1,  2,  3, 0.17,228,64.9
2026-01-28 12:33:30,-81.1785,39.9203,   9.3,30929,-43.5,-74.3,-70.1,  2,  3, 0.17,228,64.9
2026-01-28 12:33:31,-81.1779,39.9207,   9.3,30936,-43.4,-74.3,-70.0,  2,  3, 0.17,228,64.9
2026-01-28 12:33:32,-81.1774,39.9211,   9.3,30943,-43.3,-74.3,-70.0,  2,  3, 0.18,228,64.9
2026-01-28 12:33:33,-81.1768,39.9215,   9.3,30950,-43.3,-74.2,-69.9,  2,  3, 0.18,228,65.0
2026-01-28 12:33:34,-81.1762,39.9218,   9.3,30957,-43.2,-74.2,-69.9,  2,  3, 0.18,229,65.0
2026-01-28 12:33:35,-81.1757,39.9222,   9.3,30964,-43.1,-74.2,-69.9,  2,  3, 0.18,229,65.0
2026-01-28 12:33:36,-81.1751,39.9226,   9.3,30970,-43.0,-74.2,-69.9,  2,  3, 0.18,229,64.9
2026-01-28 12:33:37,-81.1745,39.9230,   9.3,30976,-43.0,-74.1,-69.8,  2,  3, 0.18,229,64.8
2026-01-28 12:33:38,-81.1739,39.9233,   9.3,30983,-42.9,-74.1,-69.8,  2,  3, 0.18,229,64.7
2026-01-28 12:33:39,-81.1734,39.9237,   9.3,30989,-42.8,-74.1,-69.8,  2,  3, 0.18,228,64.7
2026-01-28 12:33:40,-81.1728,39.9241,   9.3,30996,-42.7,-74.0,-69.7,  2,  3, 0.18,228,64.6
2026-01-28 12:33:41,-81.1723,39.9244,   9.2,31003,-42.7,-74.0,-69.7,  2,  3, 0.18,228,64.5
2026-01-28 12:33:42,-81.1718,39.9248,   9.2,31010,-42.6,-74.0,-69.7,  2,  3, 0.19,228,64.4
2026-01-28 12:33:43,-81.1712,39.9252,   9.2,31017,-42.5,-73.9,-69.6,  2,  3, 0.19,228,64.3
2026-01-28 12:33:44,-81.1707,39.9256,   9.2,31023,-42.4,-73.9,-69.6,  2,  3, 0.19,228,64.3
2026-01-28 12:33:45,-81.1701,39.9260,   9.2,31030,-42.3,-73.8,-69.5,  2,  3, 0.19,228,64.2
2026-01-28 12:33:46,-81.1696,39.9263,   9.2,31037,-42.2,-73.7,-69.4,  2,  3, 0.19,228,64.1
2026-01-28 12:33:47,-81.1690,39.9267,   9.2,31044,-42.1,-73.7,-69.4,  2,  3, 0.19,228,64.0
2026-01-28 12:33:48,-81.1685,39.9271,   9.2,31051,-42.0,-73.6,-69.3,  2,  3, 0.19,228,63.9
2026-01-28 12:33:49,-81.1680,39.9275,   9.2,31058,-42.0,-73.6,-69.3,  2,  3, 0.20,228,63.8
2026-01-28 12:33:50,-81.1674,39.9278,   9.2,31064,-41.9,-73.5,-69.2,  2,  3, 0.20,228,63.8
2026-01-28 12:33:51,-81.1669,39.9282,   9.1,31071,-41.8,-73.5,-69.2,  2,  3, 0.20,228,63.7
2026-01-28 12:33:52,-81.1663,39.9286,   9.1,31078,-41.7,-73.4,-69.1,  2,  3, 0.20,228,63.6
2026-01-28 12:33:53,-81.1658,39.9290,   9.1,31085,-41.6,-73.4,-69.1,  2,  3, 0.20,227,63.5
2026-01-28 12:33:54,-81.1653,39.9293,   9.1,31091,-41.5,-73.3,-69.0,  2,  3, 0.21,227,63.4
2026-01-28 12:33:55,-81.1647,39.9297,   9.1,31098,-41.4,-73.3,-69.0,  2,  3, 0.21,227,63.3
2026-01-28 12:33:56,-81.1642,39.9301,   9.1,31104,-41.3,-73.2,-68.9,  2,  3, 0.21,227,63.3
2026-01-28 12:33:57,-81.1636,39.9305,   9.1,31111,-41.2,-73.1,-68.8,  2,  3, 0.21,227,63.2
2026-01-28 12:33:58,-81.1631,39.9308,   9.1,31117,-41.1,-73.1,-68.8,  2,  3, 0.21,227,63.2
2026-01-28 12:33:59,-81.1625,39.9312,   9.1,31124,-41.0,-73.0,-68.7,  2,  3, 0.22,227,63.1
2026-01-28 12:34:00,-81.1620,39.9316,   9.1,31130,-41.0,-72.9,-68.6,  2,  3, 0.22,227,63.1
2026-01-28 12:34:01,-81.1615,39.9320,   9.1,31137,-40.9,-72.9,-68.6,  2,  3, 0.22,227,63.0
2026-01-28 12:34:02,-81.1609,39.9323,   9.1,31144,-40.8,-72.8,-68.5,  2,  3, 0.22,227,62.9
2026-01-28 12:34:03,-81.1604,39.9327,   9.0,31150,-40.7,-72.8,-68.5,  2,  3, 0.23,227,62.9
2026-01-28 12:34:04,-81.1598,39.9331,   9.0,31157,-40.6,-72.7,-68.4,  2,  3, 0.23,227,62.8
2026-01-28 12:34:05,-81.1593,39.9335,   9.0,31164,-40.5,-72.6,-68.3,  2,  3, 0.23,227,62.8
2026-01-28 12:34:06,-81.1587,39.9338,   9.0,31171,-40.4,-72.6,-68.3,  2,  3, 0.23,227,62.7
2026-01-28 12:34:07,-81.1582,39.9342,   9.0,31178,-40.3,-72.5,-68.2,  2,  3, 0.23,227,62.7
2026-01-28 12:34:08,-81.1577,39.9346,   9.0,31185,-40.2,-72.5,-68.1,  2,  3, 0.24,226,62.6
2026-01-28 12:34:09,-81.1571,39.9350,   9.0,31192,-40.1,-72.4,-68.1,  2,  3, 0.24,226,62.6
2026-01-28 12:34:10,-81.1566,39.9353,   9.0,31199,-40.0,-72.3,-68.0,  2,  3, 0.24,226,62.5
2026-01-28 12:34:11,-81.1561,39.9357,   9.0,31206,-39.9,-72.3,-68.0,  2,  3, 0.24,226,62.4
2026-01-28 12:34:12,-81.1555,39.9360,   9.0,31212,-39.8,-72.2,-67.9,  2,  3, 0.25,226,62.4
2026-01-28 12:34:13,-81.1550,39.9364,   9.0,31219,-39.7,-72.2,-67.8,  2,  3, 0.25,226,62.3
2026-01-28 12:34:14,-81.1544,39.9368,   8.9,31226,-39.6,-72.1,-67.8,  2,  3, 0.25,226,62.3
2026-01-28 12:34:15,-81.1539,39.9371,   8.9,31233,-39.5,-72.0,-67.7,  2,  3, 0.26,226,62.2
2026-01-28 12:34:16,-81.1534,39.9375,   8.9,31240,-39.4,-72.0,-67.7,  2,  3, 0.26,226,62.1
2026-01-28 12:34:17,-81.1529,39.9378,   8.9,31246,-39.4,-71.9,-67.6,  2,  3, 0.26,226,62.0
2026-01-28 12:34:18,-81.1523,39.9382,   8.9,31252,-39.3,-71.8,-67.5,  2,  3, 0.26,226,61.9
2026-01-28 12:34:19,-81.1518,39.9385,   8.9,31259,-39.2,-71.8,-67.5,  2,  3, 0.26,226,61.8
2026-01-28 12:34:20,-81.1513,39.9389,   8.9,31265,-39.1,-71.7,-67.4,  2,  3, 0.27,226,61.7
2026-01-28 12:34:21,-81.1507,39.9392,   8.9,31271,-39.0,-71.7,-67.4,  2,  3, 0.27,227,61.6
2026-01-28 12:34:22,-81.1502,39.9396,   8.9,31278,-38.9,-71.6,-67.3,  2,  3, 0.27,227,61.5
2026-01-28 12:34:23,-81.1497,39.9399,   8.9,31284,-38.8,-71.5,-67.2,  2,  3, 0.27,227,61.3
2026-01-28 12:34:24,-81.1491,39.9403,   8.9,31291,-38.7,-71.5,-67.2,  2,  3, 0.28,227,61.2
2026-01-28 12:34:25,-81.1486,39.9406,   8.8,31298,-38.6,-71.4,-67.1,  2,  3, 0.28,227,61.1
2026-01-28 12:34:26,-81.1481,39.9410,   8.8,31304,-38.5,-71.4,-67.1,  2,  3, 0.28,227,61.0
2026-01-28 12:34:27,-81.1475,39.9414,   8.8,31311,-38.4,-71.3,-67.0,  2,  3, 0.29,227,60.9
2026-01-28 12:34:28,-81.1470,39.9417,   8.8,31318,-38.3,-71.3,-67.0,  2,  3, 0.29,227,60.8
2026-01-28 12:34:29,-81.1465,39.9421,   8.8,31325,-38.2,-71.2,-66.9,  2,  3, 0.29,227,60.7
2026-01-28 12:34:30,-81.1459,39.9424,   8.8,31333,-38.1,-71.2,-66.8,  2,  3, 0.29,227,60.6
2026-01-28 12:34:31,-81.1454,39.9428,   8.8,31340,-38.0,-71.1,-66.8,  2,  3, 0.30,228,60.5
2026-01-28 12:34:32,-81.1449,39.9431,   8.8,31348,-37.9,-71.0,-66.7,  2,  3, 0.30,228,60.4
2026-01-28 12:34:33,-81.1444,39.9435,   8.8,31355,-37.8,-71.0,-66.7,  2,  3, 0.30,228,60.3
2026-01-28 12:34:34,-81.1438,39.9438,   8.8,31362,-37.7,-70.9,-66.6,  2,  3, 0.30,228,60.2
2026-01-28 12:34:35,-81.1433,39.9442,   8.8,31368,-37.6,-70.9,-66.6,  2,  3, 0.30,228,60.1
2026-01-28 12:34:36,-81.1428,39.9445,   8.8,31375,-37.5,-70.8,-66.5,  2,  3, 0.31,228,60.1
2026-01-28 12:34:37,-81.1422,39.9449,   8.7,31381,-37.4,-70.8,-66.5,  2,  3, 0.31,228,60.2
2026-01-28 12:34:38,-81.1417,39.9452,   8.7,31388,-37.3,-70.7,-66.4,  2,  3, 0.32,228,60.2
2026-01-28 12:34:39,-81.1412,39.9456,   8.7,31394,-37.2,-70.6,-66.3,  2,  3, 0.32,227,60.3
2026-01-28 12:34:40,-81.1406,39.9460,   8.7,31401,-37.1,-70.6,-66.3,  2,  3, 0.32,227,60.3
2026-01-28 12:34:41,-81.1401,39.9463,   8.7,31407,-37.0,-70.5,-66.2,  2,  3, 0.33,227,60.4
2026-01-28 12:34:42,-81.1396,39.9467,   8.7,31414,-36.9,-70.4,-66.1,  2,  3, 0.33,227,60.4
2026-01-28 12:34:43,-81.1391,39.9471,   8.7,31421,-36.8,-70.4,-66.0,  2,  3, 0.33,227,60.5
2026-01-28 12:34:44,-81.1386,39.9474,   8.7,31428,-36.7,-70.3,-66.0,  2,  3, 0.34,227,60.5
2026-01-28 12:34:45,-81.1381,39.9478,   8.7,31435,-36.6,-70.2,-65.9,  2,  3, 0.34,227,60.6
2026-01-28 12:34:46,-81.1376,39.9482,   8.7,31442,-36.5,-70.2,-65.8,  2,  3, 0.34,227,60.7
2026-01-28 12:34:47,-81.1371,39.9486,   8.7,31448,-36.4,-70.1,-65.8,  2,  3, 0.35,227,60.7
2026-01-28 12:34:48,-81.1366,39.9489,   8.6,31455,-36.3,-70.0,-65.7,  2,  3, 0.35,226,60.8
2026-01-28 12:34:49,-81.1361,39.9493,   8.6,31462,-36.2,-70.0,-65.7,  2,  3, 0.36,226,60.8
2026-01-28 12:34:50,-81.1356,39.9497,   8.6,31469,-36.1,-69.9,-65.6,  2,  3, 0.36,226,60.9
2026-01-28 12:34:51,-81.1351,39.9501,   8.6,31476,-36.0,-69.8,-65.5,  2,  3, 0.36,226,60.9
2026-01-28 12:34:52,-81.1346,39.9504,   8.6,31483,-36.0,-69.8,-65.5,  2,  3, 0.37,226,61.0
2026-01-28 12:34:53,-81.1341,39.9508,   8.6,31490,-35.9,-69.7,-65.4,  2,  3, 0.37,226,61.0
2026-01-28 12:34:54,-81.1336,39.9512,   8.6,31496,-35.8,-69.7,-65.4,  2,  3, 0.37,226,61.1
2026-01-28 12:34:55,-81.1331,39.9516,   8.6,31503,-35.7,-69.6,-65.3,  2,  2, 0.37,226,61.2
2026-01-28 12:34:56,-81.1326,39.9519,   8.6,31510,-35.6,-69.6,-65.2,  2,  2, 0.38,226,61.1
2026-01-28 12:34:57,-81.1321,39.9523,   8.6,31517,-35.5,-69.5,-65.2,  2,  2, 0.38,225,61.0
2026-01-28 12:34:58,-81.1316,39.9527,   8.6,31523,-35.4,-69.4,-65.1,  2,  2, 0.38,225,60.9
2026-01-28 12:34:59,-81.1311,39.9531,   8.6,31530,-35.4,-69.4,-65.1,  2,  2, 0.39,225,60.8
2026-01-28 12:35:00,-81.1306,39.9534,   8.5,31537,-35.3,-69.3,-65.0,  2,  2, 0.40,225,60.7
2026-01-28 12:35:01,-81.1301,39.9538,   8.5,31543,-35.2,-69.3,-64.9,  2,  2, 0.40,225,60.6
2026-01-28 12:35:02,-81.1296,39.9542,   8.5,31550,-35.1,-69.2,-64.9,  2,  2, 0.40,225,60.5
2026-01-28 12:35:03,-81.1291,39.9546,   8.5,31557,-35.0,-69.1,-64.8,  2,  2, 0.40,225,60.4
2026-01-28 12:35:04,-81.1286,39.9549,   8.5,31563,-34.9,-69.1,-64.8,  2,  2, 0.41,225,60.3
2026-01-28 12:35:05,-81.1281,39.9553,   8.5,31570,-34.9,-69.1,-64.7,  2,  2, 0.41,224,60.2
2026-01-28 12:35:06,-81.1276,39.9557,   8.5,31576,-34.8,-69.0,-64.7,  2,  2, 0.41,224,60.1
2026-01-28 12:35:07,-81.1271,39.9561,   8.5,31583,-34.7,-69.0,-64.7,  2,  2, 0.41,224,60.0
2026-01-28 12:35:08,-81.1266,39.9565,   8.5,31589,-34.6,-68.9,-64.6,  2,  2, 0.42,224,60.0
2026-01-28 12:35:09,-81.1261,39.9568,   8.5,31596,-34.5,-68.9,-64.6,  2,  2, 0.42,224,59.9
2026-01-28 12:35:10,-81.1256,39.9572,   8.5,31602,-34.5,-68.8,-64.5,  2,  2, 0.42,224,59.8
2026-01-28 12:35:11,-81.1251,39.9576,   8.5,31608,-34.4,-68.8,-64.5,  2,  2, 0.42,224,59.7
2026-01-28 12:35:12,-81.1247,39.9579,   8.5,31615,-34.3,-68.8,-64.4,  2,  2, 0.43,223,59.6
2026-01-28 12:35:13,-81.1242,39.9583,   8.4,31621,-34.2,-68.7,-64.4,  2,  2, 0.44,223,59.5
2026-01-28 12:35:14,-81.1237,39.9587,   8.4,31627,-34.1,-68.7,-64.4,  2,  2, 0.44,223,59.4
2026-01-28 12:35:15,-81.1232,39.9590,   8.4,31633,-34.1,-68.6,-64.3,  2,  2, 0.44,223,59.3
2026-01-28 12:35:16,-81.1228,39.9594,   8.4,31639,-34.0,-68.6,-64.3,  2,  2, 0.44,223,59.2
2026-01-28 12:35:17,-81.1223,39.9598,   8.4,31646,-33.9,-68.5,-64.2,  2,  2, 0.45,223,59.1
2026-01-28 12:35:18,-81.1218,39.9602,   8.4,31652,-33.8,-68.5,-64.2,  2,  2, 0.45,223,59.0
2026-01-28 12:35:19,-81.1214,39.9605,   8.4,31658,-33.7,-68.5,-64.1,  2,  2, 0.45,223,58.9
2026-01-28 12:35:20,-81.1209,39.9609,   8.4,31664,-33.7,-68.4,-64.1,  2,  2, 0.45,223,58.8
2026-01-28 12:35:21,-81.1204,39.9613,   8.4,31670,-33.6,-68.4,-64.1,  2,  2, 0.46,223,58.8
2026-01-28 12:35:22,-81.1200,39.9616,   8.4,31677,-33.5,-68.3,-64.0,  2,  2, 0.46,223,58.7
2026-01-28 12:35:23,-81.1195,39.9620,   8.4,31683,-33.4,-68.3,-64.0,  2,  2, 0.46,223,58.6
2026-01-28 12:35:24,-81.1190,39.9624,   8.4,31690,-33.3,-68.2,-63.9,  2,  2, 0.47,223,58.5
2026-01-28 12:35:25,-81.1185,39.9627,   8.4,31696,-33.3,-68.2,-63.9,  2,  2, 0.47,223,58.4
2026-01-28 12:35:26,-81.1181,39.9631,   8.3,31703,-33.2,-68.2,-63.8,  2,  2, 0.48,223,58.3
2026-01-28 12:35:27,-81.1176,39.9635,   8.3,31709,-33.1,-68.1,-63.8,  2,  2, 0.48,223,58.2
2026-01-28 12:35:28,-81.1171,39.9638,   8.3,31716,-33.0,-68.1,-63.8,  2,  2, 0.48,223,58.1
2026-01-28 12:35:29,-81.1167,39.9642,   8.3,31722,-32.9,-68.0,-63.7,  2,  2, 0.49,223,58.0
2026-01-28 12:35:30,-81.1162,39.9646,   8.3,31729,-32.8,-68.0,-63.7,  2,  2, 0.49,223,57.9
2026-01-28 12:35:31,-81.1157,39.9650,   8.3,31735,-32.8,-67.9,-63.6,  2,  2, 0.49,223,57.8
2026-01-28 12:35:32,-81.1152,39.9653,   8.3,31742,-32.7,-67.9,-63.5,  2,  2, 0.50,223,57.7
2026-01-28 12:35:33,-81.1148,39.9657,   8.3,31748,-32.6,-67.8,-63.5,  2,  2, 0.50,223,57.6
2026-01-28 12:35:34,-81.1143,39.9661,   8.3,31755,-32.5,-67.7,-63.4,  2,  2, 0.51,223,57.5
2026-01-28 12:35:35,-81.1138,39.9664,   8.3,31761,-32.4,-67.7,-63.4,  2,  2, 0.51,223,57.4
2026-01-28 12:35:36,-81.1133,39.9668,   8.3,31767,-32.3,-67.6,-63.3,  2,  2, 0.51,223,57.5
2026-01-28 12:35:37,-81.1129,39.9672,   8.3,31774,-32.3,-67.6,-63.3,  2,  2, 0.52,223,57.6
2026-01-28 12:35:38,-81.1124,39.9675,   8.3,31780,-32.2,-67.5,-63.2,  2,  2, 0.52,223,57.7
2026-01-28 12:35:39,-81.1119,39.9679,   8.2,31787,-32.1,-67.4,-63.1,  2,  2, 0.53,223,57.8
2026-01-28 12:35:40,-81.1114,39.9683,   8.2,31793,-32.0,-67.4,-63.1,  2,  2, 0.54,223,57.9
2026-01-28 12:35:41,-81.1109,39.9686,   8.2,31799,-31.9,-67.3,-63.0,  2,  2, 0.54,223,58.0
2026-01-28 12:35:42,-81.1104,39.9690,   8.2,31805,-31.8,-67.3,-63.0,  2,  2, 0.55,223,58.1
2026-01-28 12:35:43,-81.1101,39.9692,   8.2,31811,-31.8,-67.2,-62.9,  2,  2, 0.55,223,58.2
2026-01-28 12:35:44,-81.1094,39.9697,   8.2,31815,-31.7,-67.2,-62.9,  2,  2, 0.55,223,58.3
2026-01-28 12:35:45,-81.1089,39.9701,   8.2,31823,-31.6,-67.1,-62.8,  2,  2, 0.56,224,58.4
2026-01-28 12:35:46,-81.1083,39.9705,   8.2,31830,-31.5,-67.0,-62.7,  2,  2, 0.57,224,58.5
2026-01-28 12:35:47,-81.1078,39.9708,   8.2,31836,-31.4,-66.9,-62.6,  2,  2, 0.57,224,58.6
2026-01-28 12:35:48,-81.1073,39.9712,   8.2,31842,-31.4,-66.9,-62.6,  2,  2, 0.58,224,58.7
2026-01-28 12:35:49,-81.1068,39.9715,   8.2,31848,-31.3,-66.8,-62.5,  2,  2, 0.58,224,58.8
2026-01-28 12:35:50,-81.1063,39.9719,   8.2,31854,-31.2,-66.8,-62.5,  2,  2, 0.59,224,58.9
2026-01-28 12:35:51,-81.1058,39.9723,   8.2,31860,-31.1,-66.7,-62.4,  2,  2, 0.59,224,59.0
2026-01-28 12:35:52,-81.1052,39.9726,   8.2,31867,-31.0,-66.6,-62.3,  2,  2, 0.60,224,59.1
2026-01-28 12:35:53,-81.1047,39.9730,   8.1,31873,-31.0,-66.6,-62.3,  2,  2, 0.61,224,59.2
2026-01-28 12:35:54,-81.1042,39.9734,   8.1,31879,-30.9,-66.5,-62.2,  2,  2, 0.61,224,59.3
2026-01-28 12:35:55,-81.1037,39.9737,   8.1,31886,-30.8,-66.4,-62.1,  2,  2, 0.62,225,59.4
2026-01-28 12:35:56,-81.1032,39.9741,   8.1,31892,-30.7,-66.4,-62.1,  2,  2, 0.62,225,59.4
2026-01-28 12:35:57,-81.1027,39.9745,   8.1,31897,-30.6,-66.3,-62.0,  2,  2, 0.63,225,59.5
2026-01-28 12:35:58,-81.1021,39.9748,   8.1,31903,-30.5,-66.3,-62.0,  2,  2, 0.64,225,59.6
2026-01-28 12:35:59,-81.1016,39.9752,   8.1,31909,-30.5,-66.2,-61.9,  2,  2, 0.64,225,59.7
2026-01-28 12:36:00,-81.1011,39.9755,   8.1,31914,-30.4,-66.1,-61.8,  2,  2, 0.65,225,59.7
2026-01-28 12:36:01,-81.1006,39.9759,   8.1,31920,-30.3,-66.1,-61.8,  2,  2, 0.65,225,59.8
2026-01-28 12:36:02,-81.1001,39.9763,   8.1,31926,-30.2,-66.0,-61.7,  2,  2, 0.66,225,59.9
2026-01-28 12:36:03,-81.0996,39.9766,   8.1,31932,-30.1,-65.9,-61.7,  2,  2, 0.66,225,60.0
2026-01-28 12:36:04,-81.0991,39.9770,   8.1,31938,-30.0,-65.9,-61.6,  2,  2, 0.67,226,60.0
2026-01-28 12:36:05,-81.0985,39.9774,   8.1,31944,-29.9,-65.8,-61.5,  2,  2, 0.67,226,60.1
2026-01-28 12:36:06,-81.0980,39.9777,   8.1,31950,-29.8,-65.8,-61.5,  2,  2, 0.68,226,60.2
2026-01-28 12:36:07,-81.0975,39.9781,   8.1,31957,-29.8,-65.7,-61.4,  2,  2, 0.68,226,60.3
2026-01-28 12:36:08,-81.0970,39.9784,   8.0,31963,-29.7,-65.6,-61.4,  2,  2, 0.70,226,60.3
2026-01-28 12:36:09,-81.0965,39.9788,   8.0,31969,-29.6,-65.6,-61.3,  2,  2, 0.70,226,60.4
2026-01-28 12:36:10,-81.0960,39.9792,   8.0,31975,-29.5,-65.5,-61.2,  2,  2, 0.71,226,60.5
2026-01-28 12:36:11,-81.0954,39.9795,   8.0,31981,-29.4,-65.5,-61.2,  2,  2, 0.72,226,60.6
2026-01-28 12:36:12,-81.0949,39.9799,   8.0,31987,-29.3,-65.4,-61.1,  2,  2, 0.72,226,60.7
2026-01-28 12:36:13,-81.0944,39.9802,   8.0,31994,-29.2,-65.3,-61.0,  2,  2, 0.73,227,60.7
2026-01-28 12:36:14,-81.0938,39.9805,   8.0,32000,-29.1,-65.2,-61.0,  2,  2, 0.74,227,60.8
2026-01-28 12:36:15,-81.0932,39.9809,   8.0,32006,-29.0,-65.2,-60.9,  2,  2, 0.74,227,60.9
2026-01-28 12:36:16,-81.0927,39.9812,   8.0,32012,-28.9,-65.1,-60.8,  2,  2, 0.75,227,60.8
2026-01-28 12:36:17,-81.0921,39.9815,   8.0,32018,-28.8,-65.0,-60.8,  2,  2, 0.76,227,60.8
2026-01-28 12:36:18,-81.0915,39.9818,   8.0,32025,-28.7,-65.0,-60.7,  2,  2, 0.77,227,60.8
2026-01-28 12:36:19,-81.0910,39.9821,   8.0,32031,-28.7,-64.9,-60.6,  2,  2, 0.77,228,60.7
2026-01-28 12:36:20,-81.0904,39.9824,   8.0,32037,-28.6,-64.8,-60.6,  2,  2, 0.78,228,60.7
2026-01-28 12:36:21,-81.0898,39.9827,   8.0,32043,-28.5,-64.8,-60.5,  2,  2, 0.79,228,60.6
2026-01-28 12:36:22,-81.0893,39.9830,   7.9,32050,-28.4,-64.7,-60.4,  2,  2, 0.80,228,60.6
2026-01-28 12:36:23,-81.0887,39.9834,   7.9,32056,-28.3,-64.6,-60.4,  2,  2, 0.81,229,60.6
2026-01-28 12:36:24,-81.0881,39.9837,   7.9,32062,-28.2,-64.6,-60.3,  2,  2, 0.82,229,60.5
2026-01-28 12:36:25,-81.0876,39.9840,   7.9,32069,-28.1,-64.5,-60.2,  2,  2, 0.83,229,60.5
2026-01-28 12:36:26,-81.0870,39.9843,   7.9,32075,-28.1,-64.4,-60.2,  2,  2, 0.83,229,60.4
2026-01-28 12:36:27,-81.0864,39.9846,   7.9,32081,-28.0,-64.4,-60.1,  2,  2, 0.84,229,60.4
2026-01-28 12:36:28,-81.0859,39.9849,   7.9,32088,-27.9,-64.3,-60.0,  2,  2, 0.85,230,60.4
2026-01-28 12:36:29,-81.0853,39.9852,   7.9,32095,-27.8,-64.2,-60.0,  2,  2, 0.86,230,60.3
2026-01-28 12:36:30,-81.0847,39.9856,   7.9,32101,-27.7,-64.2,-59.9,  2,  2, 0.86,230,60.3
2026-01-28 12:36:31,-81.0842,39.9859,   7.9,32108,-27.7,-64.1,-59.8,  2,  2, 0.87,230,60.3
2026-01-28 12:36:32,-81.0836,39.9862,   7.9,32114,-27.6,-64.0,-59.7,  2,  2, 0.88,231,60.2
2026-01-28 12:36:33,-81.0830,39.9865,   7.9,32121,-27.5,-64.0,-59.7,  2,  2, 0.89,231,60.2
2026-01-28 12:36:34,-81.0825,39.9868,   7.9,32127,-27.4,-63.9,-59.6,  2,  2, 0.90,231,60.2
2026-01-28 12:36:35,-81.0819,39.9871,   7.9,32133,-27.3,-63.8,-59.5,  2,  2, 0.91,231,60.2
2026-01-28 12:36:36,-81.0813,39.9874,   7.9,32140,-27.3,-63.7,-59.5,  2,  2, 0.91,231,60.1
2026-01-28 12:36:37,-81.0808,39.9878,   7.8,32146,-27.2,-63.7,-59.4,  2,  2, 0.93,232,60.1
2026-01-28 12:36:38,-81.0802,39.9881,   7.8,32152,-27.2,-63.6,-59.4,  2,  2, 0.94,232,60.1
2026-01-28 12:36:39,-81.0796,39.9884,   7.8,32159,-27.1,-63.6,-59.3,  2,  2, 0.95,232,60.1
2026-01-28 12:36:40,-81.0791,39.9887,   7.8,32165,-27.0,-63.5,-59.2,  2,  2, 0.96,233,60.0
2026-01-28 12:36:41,-81.0785,39.9890,   7.8,32171,-27.0,-63.4,-59.2,  2,  2, 0.97,233,60.0
2026-01-28 12:36:42,-81.0779,39.9893,   7.8,32178,-26.9,-63.4,-59.1,  2,  2, 0.98,233,60.0
2026-01-28 12:36:43,-81.0774,39.9896,   7.8,32184,-26.9,-63.3,-59.0,  2,  2, 0.98,233,60.0
2026-01-28 12:36:44,-81.0768,39.9899,   7.8,32191,-26.8,-63.2,-59.0,  2,  2, 0.99,234,60.0
2026-01-28 12:36:45,-81.0762,39.9902,   7.8,32197,-26.8,-63.2,-58.9,  2,  2, 1.00,234,60.0
2026-01-28 12:36:46,-81.0756,39.9905,   7.8,32203,-26.7,-63.1,-58.8,  2,  2, 1.01,234,59.9
2026-01-28 12:36:47,-81.0751,39.9907,   7.8,32209,-26.6,-63.0,-58.8,  2,  2, 1.02,234,59.9
2026-01-28 12:36:48,-81.0745,39.9910,   7.8,32214,-26.6,-63.0,-58.7,  2,  2, 1.03,235,59.9
2026-01-28 12:36:49,-81.0739,39.9913,   7.8,32220,-26.5,-62.9,-58.6,  2,  2, 1.04,235,59.9
2026-01-28 12:36:50,-81.0733,39.9915,   7.8,32226,-26.5,-62.8,-58.6,  2,  2, 1.05,235,59.9
2026-01-28 12:36:51,-81.0728,39.9918,   7.7,32233,-26.4,-62.8,-58.5,  2,  2, 1.07,235,59.9
2026-01-28 12:36:52,-81.0722,39.9920,   7.7,32240,-26.3,-62.7,-58.4,  2,  2, 1.08,236,59.9
2026-01-28 12:36:53,-81.0716,39.9923,   7.7,32246,-26.3,-62.6,-58.3,  2,  2, 1.09,236,59.9
2026-01-28 12:36:54,-81.0710,39.9926,   7.7,32253,-26.2,-62.5,-58.3,  2,  2, 1.10,236,59.9
2026-01-28 12:36:55,-81.0705,39.9928,   7.7,32260,-26.2,-62.4,-58.2,  2,  2, 1.12,237,59.9
2026-01-28 12:36:56,-81.0699,39.9931,   7.7,32266,-26.1,-62.4,-58.1,  2,  2, 1.13,237,59.7
2026-01-28 12:36:57,-81.0693,39.9934,   7.7,32273,-26.1,-62.3,-58.0,  2,  2, 1.14,237,59.6
2026-01-28 12:36:58,-81.0687,39.9936,   7.7,32279,-26.0,-62.2,-58.0,  2,  2, 1.15,237,59.5
2026-01-28 12:36:59,-81.0681,39.9939,   7.7,32285,-25.9,-62.1,-57.9,  2,  2, 1.16,237,59.3
2026-01-28 12:37:00,-81.0676,39.9942,   7.7,32292,-25.9,-62.0,-57.8,  2,  3, 1.17,237,59.2
2026-01-28 12:37:01,-81.0670,39.9944,   7.7,32298,-25.8,-62.0,-57.7,  2,  3, 1.19,237,59.0
2026-01-28 12:37:02,-81.0664,39.9947,   7.7,32304,-25.8,-61.9,-57.6,  2,  3, 1.20,237,58.9
2026-01-28 12:37:03,-81.0658,39.9950,   7.7,32311,-25.7,-61.8,-57.6,  2,  3, 1.21,237,58.8
2026-01-28 12:37:04,-81.0653,39.9952,   7.7,32317,-25.7,-61.8,-57.5,  2,  3, 1.22,237,58.6
2026-01-28 12:37:05,-81.0647,39.9955,   7.7,32323,-25.7,-61.7,-57.5,  2,  3, 1.23,237,58.5
2026-01-28 12:37:06,-81.0641,39.9957,   7.6,32329,-25.6,-61.6,-57.4,  2,  3, 1.26,237,58.4
2026-01-28 12:37:07,-81.0635,39.9960,   7.6,32336,-25.6,-61.6,-57.3,  2,  3, 1.27,237,58.2
2026-01-28 12:37:08,-81.0629,39.9963,   7.6,32342,-25.6,-61.5,-57.3,  2,  3, 1.28,238,58.1
2026-01-28 12:37:09,-81.0624,39.9965,   7.6,32348,-25.5,-61.5,-57.2,  2,  3, 1.29,238,57.9
2026-01-28 12:37:10,-81.0618,39.9968,   7.6,32354,-25.5,-61.4,-57.2,  2,  3, 1.30,238,57.8
2026-01-28 12:37:11,-81.0612,39.9971,   7.6,32361,-25.5,-61.3,-57.1,  2,  3, 1.31,238,57.7
2026-01-28 12:37:12,-81.0606,39.9973,   7.6,32367,-25.5,-61.3,-57.0,  2,  3, 1.32,238,57.5
2026-01-28 12:37:13,-81.0601,39.9976,   7.6,32373,-25.4,-61.2,-57.0,  2,  3, 1.33,238,57.4
2026-01-28 12:37:14,-81.0595,39.9979,   7.6,32379,-25.4,-61.2,-56.9,  2,  3, 1.34,238,57.3
2026-01-28 12:37:15,-81.0589,39.9981,   7.6,32386,-25.4,-61.1,-56.9,  2,  3, 1.35,238,57.1
2026-01-28 12:37:16,-81.0583,39.9984,   7.6,32393,-25.3,-61.0,-56.8,  2,  3, 1.36,238,57.1
2026-01-28 12:37:17,-81.0578,39.9986,   7.6,32398,-25.4,-61.0,-56.8,  2,  3, 1.36,238,57.0
2026-01-28 12:37:18,-81.0572,39.9989,   7.6,32405,-25.5,-61.0,-56.8,  2,  3, 1.36,238,57.0
2026-01-28 12:37:19,-81.0566,39.9992,   7.6,32411,-25.5,-61.0,-56.8,  2,  3, 1.36,238,57.0
2026-01-28 12:37:20,-81.0561,39.9994,   7.6,32417,-25.6,-61.0,-56.8,  2,  3, 1.36,238,56.9
2026-01-28 12:37:21,-81.0555,39.9997,   7.5,32424,-25.6,-61.0,-56.8,  2,  3, 1.38,238,56.9
2026-01-28 12:37:22,-81.0549,39.9999,   7.5,32430,-25.7,-61.0,-56.8,  2,  3, 1.38,238,56.8
2026-01-28 12:37:23,-81.0544,40.0002,   7.5,32436,-25.8,-61.0,-56.8,  2,  3, 1.38,238,56.8
2026-01-28 12:37:24,-81.0538,40.0004,   7.5,32443,-25.8,-61.0,-56.8,  2,  3, 1.38,238,56.8
2026-01-28 12:37:25,-81.0532,40.0007,   7.5,32449,-25.9,-61.0,-56.8,  2,  3, 1.37,238,56.7
2026-01-28 12:37:26,-81.0526,40.0010,   7.5,32455,-25.9,-61.0,-56.8,  2,  3, 1.37,238,56.7
2026-01-28 12:37:27,-81.0521,40.0012,   7.5,32461,-26.0,-61.0,-56.8,  2,  3, 1.37,238,56.6
2026-01-28 12:37:28,-81.0515,40.0015,   7.5,32467,-26.1,-61.0,-56.8,  2,  3, 1.37,238,56.6
2026-01-28 12:37:29,-81.0510,40.0017,   7.5,32473,-26.1,-61.0,-56.8,  2,  3, 1.37,238,56.6
2026-01-28 12:37:30,-81.0504,40.0020,   7.5,32479,-26.2,-61.1,-56.8,  2,  3, 1.37,238,56.5
2026-01-28 12:37:31,-81.0498,40.0023,   7.5,32486,-26.3,-61.1,-56.9,  2,  3, 1.36,238,56.5
2026-01-28 12:37:32,-81.0493,40.0025,   7.5,32492,-26.4,-61.1,-56.9,  2,  3, 1.36,238,56.4
2026-01-28 12:37:33,-81.0487,40.0028,   7.5,32499,-26.5,-61.2,-56.9,  2,  3, 1.35,238,56.4
2026-01-28 12:37:34,-81.0481,40.0030,   7.5,32505,-26.7,-61.2,-56.9,  2,  3, 1.35,238,56.3
2026-01-28 12:37:35,-81.0475,40.0033,   7.5,32512,-26.8,-61.2,-57.0,  2,  3, 1.35,238,56.3
2026-01-28 12:37:36,-81.0470,40.0036,   7.5,32518,-26.9,-61.2,-57.0,  2,  3, 1.34,238,56.3
2026-01-28 12:37:37,-81.0464,40.0038,   7.4,32525,-27.0,-61.3,-57.0,  2,  3, 1.36,238,56.3
2026-01-28 12:37:38,-81.0458,40.0041,   7.4,32532,-27.1,-61.3,-57.0,  2,  3, 1.35,238,56.4
