time,longitude,latitude,pressure_hPa,geopotential height_m,temperature_C,dew point temperature_C,ice point temperature_C,relative humidity_%,humidity wrt ice_%,mixing ratio_g/kg,wind direction_degree,wind speed_m/s
2026-03-20 23:02:22,-99.9695,37.7626,1000.0,   75,     ,     ,     ,   ,   ,     ,   ,    
2026-03-20 23:02:22,-99.9695,37.7626, 925.0,  777,     ,     ,     ,   ,   ,     ,   ,    
2026-03-20 23:02:22,-99.9695,37.7626, 923.7,  789, 31.1, -4.0, -3.6, 10, 10, 3.07,360, 5.1
2026-03-20 23:02:27,-99.9695,37.7623, 923.4,  792, 31.2, -4.3, -3.8, 10, 10, 3.01,350, 2.9
2026-03-20 23:02:28,-99.9695,37.7622, 923.2,  794, 31.1, -4.7, -4.2, 10, 10, 2.92,349, 3.1
2026-03-20 23:02:29,-99.9695,37.7621, 922.9,  797, 31.0, -5.1, -4.5,  9,  9, 2.84,349, 3.2
2026-03-20 23:02:30,-99.9695,37.7621, 922.4,  802, 30.8, -5.3, -4.7,  9,  9, 2.79,348, 3.3
2026-03-20 23:02:31,-99.9695,37.7621, 921.6,  810, 30.6, -5.4, -4.8,  9,  9, 2.77,348, 3.4
2026-03-20 23:02:32,-99.9695,37.7620, 920.7,  818, 30.5, -5.3, -4.7,  9,  9, 2.79,347, 3.5
2026-03-20 23:02:33,-99.9694,37.7620, 919.9,  826, 30.4, -5.3, -4.7, 10, 10, 2.80,347, 3.6
2026-03-20 23:02:34,-99.9694,37.7620, 919.2,  833, 30.3, -5.3, -4.7, 10, 10, 2.80,346, 3.6
2026-03-20 23:02:35,-99.9694,37.7620, 918.7,  838, 30.3, -5.4, -4.8, 10, 10, 2.78,346, 3.7
2026-03-20 23:02:36,-99.9694,37.7620, 918.3,  842, 30.2, -5.4, -4.8, 10, 10, 2.77,345, 3.7
2026-03-20 23:02:37,-99.9694,37.7619, 917.8,  846, 30.2, -5.4, -4.8, 10, 10, 2.78,344, 3.8
2026-03-20 23:02:38,-99.9693,37.7619, 917.3,  851, 30.1, -5.4, -4.8, 10, 10, 2.79,344, 3.8
2026-03-20 23:02:39,-99.9693,37.7618, 916.7,  857, 30.1, -5.4, -4.8, 10, 10, 2.80,343, 3.8
2026-03-20 23:02:40,-99.9693,37.7618, 916.1,  863, 30.0, -5.4, -4.8, 10, 10, 2.80,343, 3.8
2026-03-20 23:02:41,-99.9693,37.7617, 915.6,  868, 29.9, -5.4, -4.8, 10, 10, 2.79,342, 3.8
2026-03-20 23:02:42,-99.9694,37.7617, 915.3,  871, 29.9, -5.4, -4.8, 10, 10, 2.79,342, 3.8
2026-03-20 23:02:43,-99.9694,37.7617, 915.1,  872, 29.8, -5.4, -4.8, 10, 10, 2.79,341, 3.8
2026-03-20 23:02:44,-99.9694,37.7617, 914.9,  874, 29.8, -5.4, -4.8, 10, 10, 2.78,340, 3.7
2026-03-20 23:02:45,-99.9694,37.7617, 914.3,  880, 29.7, -5.4, -4.8, 10, 10, 2.79,340, 3.7
2026-03-20 23:02:46,-99.9693,37.7617, 913.3,  890, 29.6, -5.4, -4.8, 10, 10, 2.79,339, 3.7
2026-03-20 23:02:47,-99.9693,37.7616, 912.1,  901, 29.6, -5.4, -4.8, 10, 10, 2.79,339, 3.7
2026-03-20 23:02:48,-99.9693,37.7616, 911.1,  911, 29.5, -5.4, -4.8, 10, 10, 2.79,339, 3.7
2026-03-20 23:02:49,-99.9693,37.7615, 910.3,  919, 29.4, -5.5, -4.8, 10, 10, 2.79,339, 3.6
2026-03-20 23:02:50,-99.9693,37.7615, 909.7,  925, 29.4, -5.5, -4.9, 10, 10, 2.79,339, 3.6
2026-03-20 23:02:51,-99.9693,37.7614, 909.2,  930, 29.3, -5.6, -4.9, 10, 10, 2.78,339, 3.6
2026-03-20 23:02:52,-99.9692,37.7614, 908.8,  933, 29.3, -5.6, -5.0, 10, 10, 2.77,339, 3.5
2026-03-20 23:02:53,-99.9692,37.7614, 908.4,  938, 29.2, -5.6, -5.0, 10, 10, 2.77,339, 3.5
2026-03-20 23:02:54,-99.9691,37.7613, 907.7,  944, 29.2, -5.6, -4.9, 10, 10, 2.78,340, 3.5
2026-03-20 23:02:55,-99.9690,37.7613, 907.0,  951, 29.1, -5.6, -5.0, 10, 10, 2.78,340, 3.5
2026-03-20 23:02:56,-99.9690,37.7613, 906.3,  958, 29.1, -5.6, -5.0, 10, 10, 2.77,341, 3.5
2026-03-20 23:02:57,-99.9690,37.7613, 905.7,  964, 29.0, -5.7, -5.0, 10, 10, 2.77,342, 3.5
2026-03-20 23:02:58,-99.9690,37.7613, 905.2,  969, 29.0, -5.7, -5.1, 10, 10, 2.75,343, 3.4
2026-03-20 23:02:59,-99.9690,37.7613, 904.8,  973, 28.9, -5.7, -5.1, 10, 10, 2.75,344, 3.4
2026-03-20 23:03:00,-99.9690,37.7613, 904.5,  976, 28.9, -5.8, -5.1, 10, 10, 2.75,345, 3.4
2026-03-20 23:03:01,-99.9691,37.7612, 904.2,  979, 28.8, -5.7, -5.1, 10, 10, 2.76,346, 3.5
2026-03-20 23:03:02,-99.9691,37.7612, 904.0,  981, 28.8, -5.6, -5.0, 10, 10, 2.78,348, 3.5
2026-03-20 23:03:03,-99.9691,37.7611, 903.6,  985, 28.7, -5.6, -5.0, 10, 10, 2.79,349, 3.5
2026-03-20 23:03:04,-99.9690,37.7611, 903.0,  990, 28.7, -5.6, -4.9, 10, 10, 2.79,351, 3.5
2026-03-20 23:03:05,-99.9690,37.7610, 902.3,  998, 28.6, -5.6, -4.9, 10, 10, 2.80,352, 3.6
2026-03-20 23:03:06,-99.9689,37.7610, 901.5, 1005, 28.6, -5.6, -5.0, 10, 10, 2.79,354, 3.6
2026-03-20 23:03:07,-99.9689,37.7610, 900.8, 1012, 28.5, -5.6, -5.0, 10, 10, 2.80,355, 3.6
2026-03-20 23:03:08,-99.9689,37.7610, 900.2, 1018, 28.5, -5.5, -4.9, 10, 10, 2.81,357, 3.7
2026-03-20 23:03:09,-99.9690,37.7610, 899.6, 1024, 28.4, -5.5, -4.9, 11, 11, 2.83,358, 3.8
2026-03-20 23:03:10,-99.9690,37.7609, 899.1, 1029, 28.3, -5.4, -4.8, 11, 11, 2.84,359, 3.8
2026-03-20 23:03:11,-99.9690,37.7609, 898.6, 1034, 28.3, -5.4, -4.8, 11, 11, 2.83,360, 3.9
2026-03-20 23:03:12,-99.9690,37.7608, 898.1, 1039, 28.2, -5.5, -4.9, 11, 11, 2.83,  1, 4.0
2026-03-20 23:03:13,-99.9690,37.7608, 897.7, 1043, 28.1, -5.5, -4.9, 11, 11, 2.82,  2, 4.0
2026-03-20 23:03:14,-99.9690,37.7608, 897.2, 1048, 28.1, -5.6, -5.0, 11, 11, 2.81,  2, 4.1
2026-03-20 23:03:15,-99.9690,37.7607, 896.5, 1054, 28.1, -5.6, -5.0, 11, 11, 2.81,  3, 4.2
2026-03-20 23:03:16,-99.9690,37.7607, 895.9, 1061, 28.0, -5.5, -4.9, 11, 11, 2.82,  4, 4.3
2026-03-20 23:03:17,-99.9690,37.7607, 895.3, 1066, 28.0, -5.5, -4.9, 11, 11, 2.83,  4, 4.4
2026-03-20 23:03:18,-99.9690,37.7606, 894.8, 1071, 27.9, -5.4, -4.8, 11, 11, 2.84,  4, 4.4
2026-03-20 23:03:19,-99.9690,37.7606, 894.3, 1076, 27.9, -5.5, -4.9, 11, 11, 2.84,  4, 4.5
2026-03-20 23:03:20,-99.9691,37.7605, 893.7, 1082, 27.8, -5.5, -4.9, 11, 11, 2.84,  4, 4.6
2026-03-20 23:03:21,-99.9691,37.7604, 893.1, 1089, 27.7, -5.6, -4.9, 11, 11, 2.82,  4, 4.7
2026-03-20 23:03:22,-99.9691,37.7604, 892.5, 1094, 27.7, -5.6, -5.0, 11, 11, 2.81,  4, 4.7
2026-03-20 23:03:23,-99.9691,37.7604, 891.9, 1100, 27.6, -5.7, -5.1, 11, 11, 2.80,  4, 4.8
2026-03-20 23:03:24,-99.9691,37.7603, 891.5, 1104, 27.6, -5.7, -5.1, 11, 11, 2.80,  4, 4.9
2026-03-20 23:03:25,-99.9690,37.7603, 891.1, 1108, 27.6, -5.7, -5.1, 11, 11, 2.80,  4, 5.0
2026-03-20 23:03:26,-99.9690,37.7603, 890.8, 1111, 27.5, -5.6, -5.0, 11, 11, 2.82,  4, 5.0
2026-03-20 23:03:27,-99.9690,37.7602, 890.4, 1114, 27.5, -5.5, -4.9, 11, 11, 2.84,  3, 5.1
2026-03-20 23:03:28,-99.9690,37.7601, 890.1, 1118, 27.5, -5.5, -4.9, 11, 11, 2.85,  3, 5.2
2026-03-20 23:03:29,-99.9690,37.7600, 889.7, 1121, 27.5, -5.5, -4.9, 11, 11, 2.85,  2, 5.2
2026-03-20 23:03:30,-99.9690,37.7600, 889.3, 1125, 27.4, -5.5, -4.9, 11, 11, 2.84,  2, 5.3
2026-03-20 23:03:31,-99.9691,37.7599, 888.9, 1129, 27.4, -5.6, -4.9, 11, 11, 2.84,  2, 5.3
2026-03-20 23:03:32,-99.9691,37.7599, 888.5, 1133, 27.3, -5.6, -4.9, 11, 11, 2.84,  1, 5.4
2026-03-20 23:03:33,-99.9691,37.7599, 888.1, 1137, 27.3, -5.5, -4.9, 11, 11, 2.85,  1, 5.4
2026-03-20 23:03:34,-99.9691,37.7599, 887.7, 1141, 27.2, -5.5, -4.9, 11, 11, 2.85,360, 5.5
2026-03-20 23:03:35,-99.9691,37.7599, 887.3, 1145, 27.2, -5.5, -4.9, 11, 11, 2.85,360, 5.5
2026-03-20 23:03:36,-99.9691,37.7598, 887.0, 1149, 27.1, -5.6, -5.0, 11, 11, 2.84,359, 5.5
2026-03-20 23:03:37,-99.9691,37.7597, 886.6, 1152, 27.1, -5.6, -5.0, 11, 11, 2.84,359, 5.6
2026-03-20 23:03:38,-99.9691,37.7597, 886.2, 1156, 27.1, -5.6, -5.0, 11, 11, 2.84,358, 5.6
2026-03-20 23:03:39,-99.9691,37.7596, 885.8, 1160, 27.1, -5.6, -4.9, 11, 11, 2.85,358, 5.6
2026-03-20 23:03:40,-99.9691,37.7595, 885.4, 1164, 27.0, -5.6, -5.0, 11, 11, 2.85,357, 5.6
2026-03-20 23:03:41,-99.9691,37.7595, 885.0, 1168, 27.0, -5.6, -5.0, 11, 11, 2.84,357, 5.6
2026-03-20 23:03:42,-99.9691,37.7594, 884.6, 1172, 26.9, -5.7, -5.1, 11, 11, 2.82,356, 5.5
2026-03-20 23:03:43,-99.9690,37.7594, 884.2, 1176, 26.9, -5.8, -5.1, 11, 11, 2.81,356, 5.5
2026-03-20 23:03:44,-99.9690,37.7593, 883.9, 1179, 26.9, -5.8, -5.1, 11, 11, 2.81,355, 5.5
2026-03-20 23:03:45,-99.9690,37.7592, 883.5, 1183, 26.9, -5.8, -5.2, 11, 11, 2.80,355, 5.4
2026-03-20 23:03:46,-99.9690,37.7592, 883.1, 1187, 26.8, -5.9, -5.2, 11, 11, 2.79,355, 5.4
2026-03-20 23:03:47,-99.9690,37.7591, 882.7, 1191, 26.8, -5.9, -5.3, 11, 11, 2.78,354, 5.3
2026-03-20 23:03:48,-99.9690,37.7591, 882.3, 1195, 26.8, -5.9, -5.2, 11, 11, 2.79,354, 5.3
2026-03-20 23:03:49,-99.9691,37.7590, 881.9, 1199, 26.7, -5.8, -5.1, 11, 11, 2.81,354, 5.2
2026-03-20 23:03:50,-99.9690,37.7590, 881.5, 1203, 26.6, -5.7, -5.1, 11, 11, 2.83,353, 5.1
2026-03-20 23:03:51,-99.9690,37.7589, 881.1, 1207, 26.6, -5.8, -5.1, 11, 11, 2.82,353, 5.1
2026-03-20 23:03:52,-99.9690,37.7589, 880.7, 1212, 26.6, -5.9, -5.2, 11, 11, 2.80,353, 5.0
2026-03-20 23:03:53,-99.9689,37.7589, 880.2, 1216, 26.6, -5.9, -5.3, 11, 11, 2.79,353, 4.9
2026-03-20 23:03:54,-99.9689,37.7588, 879.7, 1221, 26.5, -6.0, -5.3, 11, 11, 2.78,353, 4.9
2026-03-20 23:03:55,-99.9689,37.7588, 879.2, 1226, 26.5, -6.0, -5.3, 11, 11, 2.77,353, 4.8
2026-03-20 23:03:56,-99.9690,37.7587, 878.7, 1231, 26.4, -6.0, -5.3, 11, 11, 2.78,352, 4.7
2026-03-20 23:03:57,-99.9690,37.7587, 878.1, 1237, 26.3, -6.0, -5.3, 11, 11, 2.78,352, 4.7
2026-03-20 23:03:58,-99.9690,37.7586, 877.7, 1241, 26.3, -6.0, -5.4, 11, 11, 2.77,353, 4.6
2026-03-20 23:03:59,-99.9689,37.7586, 877.3, 1245, 26.3, -6.0, -5.4, 11, 11, 2.77,353, 4.6
2026-03-20 23:04:00,-99.9689,37.7586, 876.9, 1249, 26.2, -6.0, -5.4, 11, 11, 2.77,353, 4.5
2026-03-20 23:04:01,-99.9688,37.7586, 876.5, 1253, 26.2, -6.0, -5.4, 11, 11, 2.78,353, 4.5
2026-03-20 23:04:02,-99.9688,37.7586, 876.2, 1257, 26.2, -6.0, -5.4, 12, 12, 2.78,353, 4.5
2026-03-20 23:04:03,-99.9688,37.7586, 875.8, 1260, 26.1, -6.1, -5.4, 12, 12, 2.77,353, 4.4
2026-03-20 23:04:04,-99.9688,37.7585, 875.4, 1264, 26.1, -6.1, -5.4, 12, 12, 2.77,354, 4.4
2026-03-20 23:04:05,-99.9689,37.7585, 875.1, 1267, 26.1, -6.1, -5.4, 12, 12, 2.77,354, 4.4
2026-03-20 23:04:06,-99.9689,37.7585, 874.8, 1270, 26.0, -6.0, -5.4, 12, 12, 2.78,354, 4.4
2026-03-20 23:04:07,-99.9689,37.7584, 874.4, 1275, 26.0, -6.0, -5.3, 12, 12, 2.79,355, 4.4
2026-03-20 23:04:08,-99.9689,37.7584, 873.9, 1279, 25.9, -5.9, -5.3, 12, 12, 2.81,355, 4.3
2026-03-20 23:04:09,-99.9689,37.7583, 873.3, 1285, 25.9, -5.9, -5.3, 12, 12, 2.81,355, 4.3
2026-03-20 23:04:10,-99.9689,37.7583, 872.7, 1291, 25.8, -6.0, -5.3, 12, 12, 2.80,356, 4.3
2026-03-20 23:04:11,-99.9689,37.7582, 872.1, 1297, 25.8, -6.1, -5.4, 12, 12, 2.79,356, 4.3
2026-03-20 23:04:12,-99.9688,37.7582, 871.5, 1304, 25.7, -6.1, -5.4, 12, 12, 2.79,357, 4.2
2026-03-20 23:04:13,-99.9688,37.7581, 870.8, 1310, 25.6, -6.0, -5.4, 12, 12, 2.79,357, 4.2
2026-03-20 23:04:14,-99.9688,37.7581, 870.2, 1317, 25.6, -6.0, -5.4, 12, 12, 2.80,357, 4.1
2026-03-20 23:04:15,-99.9688,37.7580, 869.6, 1323, 25.5, -6.1, -5.4, 12, 12, 2.79,358, 4.1
2026-03-20 23:04:16,-99.9688,37.7579, 869.1, 1327, 25.5, -6.2, -5.5, 12, 12, 2.77,358, 4.0
2026-03-20 23:04:17,-99.9688,37.7579, 868.7, 1332, 25.4, -6.2, -5.5, 12, 12, 2.76,359, 4.0
2026-03-20 23:04:18,-99.9689,37.7578, 868.3, 1336, 25.4, -6.2, -5.5, 12, 12, 2.78,359, 3.9
2026-03-20 23:04:19,-99.9689,37.7578, 867.8, 1340, 25.3, -6.1, -5.4, 12, 12, 2.80,359, 3.8
2026-03-20 23:04:20,-99.9689,37.7577, 867.3, 1345, 25.3, -6.0, -5.3, 12, 12, 2.81,360, 3.7
2026-03-20 23:04:21,-99.9688,37.7577, 866.8, 1351, 25.2, -6.0, -5.3, 12, 12, 2.81,360, 3.7
2026-03-20 23:04:22,-99.9688,37.7577, 866.2, 1357, 25.2, -6.0, -5.4, 12, 12, 2.81,360, 3.6
2026-03-20 23:04:23,-99.9687,37.7577, 865.6, 1362, 25.1, -6.0, -5.4, 12, 12, 2.81,360, 3.5
2026-03-20 23:04:24,-99.9687,37.7577, 865.1, 1368, 25.1, -6.1, -5.4, 12, 12, 2.80,  1, 3.3
2026-03-20 23:04:25,-99.9687,37.7577, 864.6, 1373, 25.0, -6.1, -5.4, 12, 12, 2.80,  1, 3.2
2026-03-20 23:04:26,-99.9688,37.7577, 864.1, 1378, 25.0, -6.1, -5.4, 12, 12, 2.81,  1, 3.1
2026-03-20 23:04:27,-99.9688,37.7577, 863.6, 1383, 24.9, -6.1, -5.4, 12, 12, 2.81,360, 3.0
2026-03-20 23:04:28,-99.9689,37.7576, 863.1, 1388, 24.9, -6.1, -5.4, 12, 12, 2.80,360, 2.9
2026-03-20 23:04:29,-99.9689,37.7576, 862.6, 1393, 24.8, -6.2, -5.5, 12, 12, 2.78,360, 2.8
2026-03-20 23:04:30,-99.9690,37.7576, 862.1, 1399, 24.8, -6.3, -5.6, 12, 12, 2.77,359, 2.7
2026-03-20 23:04:31,-99.9690,37.7575, 861.5, 1405, 24.7, -6.3, -5.6, 12, 12, 2.77,359, 2.6
2026-03-20 23:04:32,-99.9690,37.7575, 860.9, 1411, 24.7, -6.3, -5.6, 12, 12, 2.78,358, 2.5
2026-03-20 23:04:33,-99.9690,37.7575, 860.2, 1417, 24.6, -6.3, -5.6, 12, 12, 2.78,357, 2.4
2026-03-20 23:04:34,-99.9690,37.7574, 859.6, 1423, 24.5, -6.3, -5.6, 12, 12, 2.78,356, 2.3
2026-03-20 23:04:35,-99.9690,37.7574, 859.0, 1430, 24.5, -6.2, -5.5, 12, 12, 2.79,355, 2.3
2026-03-20 23:04:36,-99.9689,37.7574, 858.3, 1437, 24.5, -6.2, -5.5, 13, 13, 2.80,354, 2.2
2026-03-20 23:04:37,-99.9689,37.7574, 857.6, 1444, 24.4, -6.2, -5.5, 13, 13, 2.80,353, 2.2
2026-03-20 23:04:38,-99.9689,37.7574, 856.8, 1451, 24.3, -6.3, -5.6, 13, 13, 2.79,352, 2.1
2026-03-20 23:04:39,-99.9689,37.7574, 856.2, 1459, 24.2, -6.4, -5.7, 13, 13, 2.77,351, 2.1
2026-03-20 23:04:40,-99.9690,37.7574, 855.5, 1465, 24.2, -6.5, -5.7, 13, 13, 2.75,351, 2.1
2026-03-20 23:04:41,-99.9689,37.7573, 855.0, 1470, 24.1, -6.5, -5.8, 13, 13, 2.75,350, 2.1
2026-03-20 23:04:42,-99.9689,37.7573, 854.5, 1476, 24.0, -6.5, -5.7, 13, 13, 2.76,350, 2.1
2026-03-20 23:04:43,-99.9689,37.7573, 854.0, 1481, 24.0, -6.4, -5.7, 13, 13, 2.77,350, 2.1
2026-03-20 23:04:44,-99.9688,37.7573, 853.5, 1486, 23.9, -6.4, -5.7, 13, 13, 2.77,350, 2.1
2026-03-20 23:04:45,-99.9688,37.7573, 853.0, 1490, 23.9, -6.4, -5.7, 13, 13, 2.78,350, 2.1
2026-03-20 23:04:46,-99.9688,37.7573, 852.6, 1495, 23.9, -6.3, -5.6, 13, 13, 2.79,350, 2.1
2026-03-20 23:04:47,-99.9687,37.7573, 852.1, 1499, 23.8, -6.3, -5.6, 13, 13, 2.80,351, 2.1
2026-03-20 23:04:48,-99.9687,37.7573, 851.6, 1505, 23.8, -6.2, -5.5, 13, 13, 2.81,352, 2.1
2026-03-20 23:04:49,-99.9687,37.7573, 851.0, 1511, 23.7, -6.2, -5.5, 13, 13, 2.82,353, 2.1
2026-03-20 23:04:50,-99.9687,37.7573, 850.4, 1518, 23.6, -6.3, -5.6, 13, 13, 2.81,354, 2.1
2026-03-20 23:04:51,-99.9687,37.7572, 850.0, 1521, 23.6, -6.3, -5.6, 13, 13, 2.80,354, 2.1
2026-03-20 23:04:51,-99.9687,37.7572, 849.8, 1524, 23.6, -6.3, -5.6, 13, 13, 2.80,355, 2.2
2026-03-20 23:04:52,-99.9687,37.7572, 849.2, 1530, 23.5, -6.4, -5.7, 13, 13, 2.79,356, 2.2
2026-03-20 23:04:53,-99.9687,37.7571, 848.6, 1536, 23.5, -6.4, -5.7, 13, 13, 2.78,358, 2.2
2026-03-20 23:04:54,-99.9688,37.7571, 848.0, 1541, 23.4, -6.4, -5.7, 13, 13, 2.78,359, 2.2
2026-03-20 23:04:55,-99.9688,37.7571, 847.4, 1548, 23.4, -6.4, -5.7, 13, 13, 2.79,360, 2.3
2026-03-20 23:04:56,-99.9688,37.7571, 846.8, 1554, 23.3, -6.4, -5.7, 13, 13, 2.79,  2, 2.3
2026-03-20 23:04:57,-99.9688,37.7571, 846.2, 1561, 23.3, -6.4, -5.7, 13, 13, 2.79,  3, 2.3
2026-03-20 23:04:58,-99.9688,37.7571, 845.5, 1567, 23.2, -6.4, -5.7, 13, 13, 2.79,  4, 2.3
2026-03-20 23:04:59,-99.9688,37.7570, 844.9, 1573, 23.2, -6.4, -5.7, 13, 13, 2.80,  5, 2.3
2026-03-20 23:05:00,-99.9688,37.7570, 844.3, 1580, 23.1, -6.4, -5.7, 13, 13, 2.80,  6, 2.3
2026-03-20 23:05:01,-99.9688,37.7569, 843.7, 1586, 23.1, -6.4, -5.7, 13, 13, 2.80,  7, 2.3
2026-03-20 23:05:02,-99.9688,37.7569, 843.2, 1592, 23.0, -6.5, -5.8, 13, 13, 2.79,  8, 2.3
2026-03-20 23:05:03,-99.9688,37.7569, 842.6, 1597, 22.9, -6.5, -5.8, 13, 13, 2.79,  8, 2.3
2026-03-20 23:05:04,-99.9689,37.7569, 842.1, 1602, 22.9, -6.5, -5.8, 13, 13, 2.79,  9, 2.3
2026-03-20 23:05:05,-99.9689,37.7569, 841.6, 1607, 22.8, -6.5, -5.8, 14, 14, 2.78,  9, 2.3
2026-03-20 23:05:06,-99.9689,37.7569, 841.1, 1613, 22.8, -6.5, -5.8, 14, 14, 2.78,  9, 2.3
2026-03-20 23:05:07,-99.9689,37.7569, 840.5, 1619, 22.7, -6.6, -5.9, 14, 14, 2.77,  9, 2.3
2026-03-20 23:05:08,-99.9688,37.7568, 839.9, 1625, 22.7, -6.6, -5.9, 14, 14, 2.77,  9, 2.3
2026-03-20 23:05:09,-99.9688,37.7568, 839.3, 1632, 22.6, -6.7, -5.9, 14, 14, 2.76,  9, 2.3
2026-03-20 23:05:10,-99.9688,37.7567, 838.7, 1638, 22.6, -6.7, -5.9, 14, 14, 2.76,  8, 2.3
2026-03-20 23:05:11,-99.9688,37.7567, 838.1, 1644, 22.5, -6.7, -5.9, 14, 14, 2.76,  8, 2.3
2026-03-20 23:05:12,-99.9689,37.7567, 837.6, 1649, 22.4, -6.7, -5.9, 14, 14, 2.77,  7, 2.3
2026-03-20 23:05:13,-99.9689,37.7567, 837.0, 1655, 22.4, -6.7, -6.0, 14, 14, 2.76,  6, 2.4
2026-03-20 23:05:14,-99.9689,37.7567, 836.5, 1661, 22.3, -6.7, -6.0, 14, 14, 2.77,  5, 2.4
2026-03-20 23:05:15,-99.9689,37.7567, 835.9, 1666, 22.3, -6.7, -5.9, 14, 14, 2.77,  5, 2.4
2026-03-20 23:05:16,-99.9689,37.7567, 835.3, 1673, 22.2, -6.7, -5.9, 14, 14, 2.77,  4, 2.5
2026-03-20 23:05:17,-99.9689,37.7567, 834.7, 1679, 22.1, -6.8, -6.0, 14, 14, 2.76,  3, 2.5
2026-03-20 23:05:18,-99.9689,37.7567, 834.1, 1686, 22.1, -6.8, -6.1, 14, 14, 2.75,  3, 2.6
2026-03-20 23:05:19,-99.9690,37.7567, 833.5, 1692, 22.0, -6.9, -6.1, 14, 14, 2.74,  2, 2.7
2026-03-20 23:05:20,-99.9690,37.7567, 832.9, 1698, 22.0, -6.9, -6.1, 14, 14, 2.74,  2, 2.7
2026-03-20 23:05:21,-99.9690,37.7566, 832.3, 1704, 21.9, -6.9, -6.1, 14, 14, 2.74,  1, 2.8
2026-03-20 23:05:22,-99.9689,37.7566, 831.7, 1710, 21.8, -6.9, -6.1, 14, 14, 2.75,  1, 2.9
2026-03-20 23:05:23,-99.9689,37.7566, 831.2, 1716, 21.8, -6.8, -6.1, 14, 14, 2.75,  1, 3.0
2026-03-20 23:05:24,-99.9688,37.7565, 830.6, 1722, 21.7, -6.9, -6.1, 14, 14, 2.75,  1, 3.1
2026-03-20 23:05:25,-99.9688,37.7565, 829.9, 1729, 21.7, -6.9, -6.1, 14, 14, 2.75,360, 3.2
2026-03-20 23:05:26,-99.9688,37.7564, 829.3, 1736, 21.6, -6.9, -6.1, 14, 14, 2.74,360, 3.3
2026-03-20 23:05:27,-99.9689,37.7564, 828.5, 1743, 21.5, -6.9, -6.1, 14, 14, 2.75,360, 3.4
2026-03-20 23:05:28,-99.9689,37.7564, 827.7, 1752, 21.4, -6.9, -6.2, 14, 14, 2.75,360, 3.5
2026-03-20 23:05:29,-99.9689,37.7564, 826.9, 1760, 21.3, -6.9, -6.2, 14, 14, 2.75,360, 3.7
2026-03-20 23:05:30,-99.9689,37.7563, 826.1, 1768, 21.3, -6.9, -6.1, 14, 14, 2.76,  1, 3.8
2026-03-20 23:05:31,-99.9689,37.7563, 825.4, 1776, 21.2, -6.9, -6.2, 14, 14, 2.75,  1, 3.9
2026-03-20 23:05:32,-99.9688,37.7563, 824.8, 1782, 21.2, -7.0, -6.2, 14, 14, 2.75,  1, 3.9
2026-03-20 23:05:33,-99.9688,37.7562, 824.2, 1789, 21.1, -7.0, -6.2, 15, 15, 2.75,  1, 4.0
2026-03-20 23:05:34,-99.9688,37.7562, 823.5, 1796, 21.0, -6.9, -6.2, 15, 15, 2.76,  1, 4.1
2026-03-20 23:05:35,-99.9688,37.7561, 822.8, 1803, 20.9, -7.0, -6.2, 15, 15, 2.76,  1, 4.2
2026-03-20 23:05:36,-99.9688,37.7561, 822.1, 1810, 20.9, -7.0, -6.2, 15, 15, 2.75,  1, 4.2
2026-03-20 23:05:37,-99.9689,37.7561, 821.4, 1817, 20.8, -7.0, -6.2, 15, 15, 2.76,  1, 4.3
2026-03-20 23:05:38,-99.9689,37.7560, 820.8, 1824, 20.7, -6.9, -6.2, 15, 15, 2.77,  1, 4.3
2026-03-20 23:05:39,-99.9689,37.7560, 820.1, 1831, 20.7, -6.9, -6.2, 15, 15, 2.77,  1, 4.3
2026-03-20 23:05:40,-99.9690,37.7559, 819.5, 1837, 20.6, -7.0, -6.2, 15, 15, 2.76,  2, 4.4
2026-03-20 23:05:41,-99.9690,37.7559, 819.0, 1843, 20.6, -7.0, -6.2, 15, 15, 2.76,  2, 4.4
2026-03-20 23:05:42,-99.9690,37.7558, 818.4, 1849, 20.5, -7.0, -6.2, 15, 15, 2.77,  2, 4.4
2026-03-20 23:05:43,-99.9689,37.7557, 817.9, 1855, 20.4, -6.9, -6.1, 15, 15, 2.78,  2, 4.3
2026-03-20 23:05:44,-99.9689,37.7557, 817.3, 1861, 20.4, -6.9, -6.1, 15, 15, 2.79,  2, 4.3
2026-03-20 23:05:45,-99.9689,37.7556, 816.6, 1868, 20.3, -6.9, -6.2, 15, 15, 2.78,  2, 4.3
2026-03-20 23:05:46,-99.9688,37.7556, 816.0, 1875, 20.2, -7.0, -6.2, 15, 15, 2.77,  2, 4.3
2026-03-20 23:05:47,-99.9688,37.7555, 815.4, 1881, 20.1, -7.0, -6.2, 15, 15, 2.77,  2, 4.2
2026-03-20 23:05:48,-99.9688,37.7555, 814.7, 1888, 20.1, -7.0, -6.3, 15, 15, 2.76,  2, 4.2
2026-03-20 23:05:49,-99.9689,37.7555, 814.2, 1894, 20.0, -7.1, -6.3, 15, 15, 2.76,  2, 4.1
2026-03-20 23:05:50,-99.9689,37.7555, 813.6, 1900, 20.0, -7.1, -6.3, 15, 15, 2.75,  2, 4.1
2026-03-20 23:05:51,-99.9690,37.7555, 813.1, 1905, 19.9, -7.1, -6.3, 15, 15, 2.76,  2, 4.0
2026-03-20 23:05:52,-99.9690,37.7555, 812.6, 1911, 19.9, -7.1, -6.3, 15, 15, 2.76,  2, 4.0
2026-03-20 23:05:53,-99.9689,37.7554, 812.1, 1916, 19.8, -7.1, -6.3, 16, 16, 2.76,  3, 3.9
2026-03-20 23:05:54,-99.9689,37.7554, 811.6, 1922, 19.7, -7.1, -6.3, 16, 16, 2.77,  3, 3.9
2026-03-20 23:05:55,-99.9689,37.7554, 811.1, 1927, 19.7, -7.1, -6.3, 16, 16, 2.77,  3, 3.8
2026-03-20 23:05:56,-99.9688,37.7553, 810.5, 1932, 19.7, -7.0, -6.3, 16, 16, 2.78,  3, 3.8
2026-03-20 23:05:57,-99.9688,37.7553, 810.0, 1938, 19.6, -7.1, -6.3, 16, 16, 2.78,  3, 3.7
2026-03-20 23:05:58,-99.9688,37.7552, 809.5, 1943, 19.6, -7.1, -6.3, 16, 16, 2.76,  3, 3.7
2026-03-20 23:05:59,-99.9689,37.7552, 809.0, 1949, 19.5, -7.2, -6.4, 16, 16, 2.75,  3, 3.7
2026-03-20 23:06:00,-99.9689,37.7551, 808.5, 1954, 19.5, -7.2, -6.4, 16, 16, 2.74,  4, 3.6
2026-03-20 23:06:01,-99.9689,37.7551, 807.9, 1960, 19.4, -7.2, -6.4, 16, 16, 2.75,  4, 3.6
2026-03-20 23:06:02,-99.9690,37.7551, 807.4, 1966, 19.4, -7.2, -6.4, 16, 16, 2.75,  4, 3.6
2026-03-20 23:06:03,-99.9690,37.7551, 806.8, 1972, 19.3, -7.2, -6.4, 16, 16, 2.76,  4, 3.6
2026-03-20 23:06:04,-99.9690,37.7551, 806.2, 1978, 19.2, -7.2, -6.4, 16, 16, 2.77,  4, 3.5
2026-03-20 23:06:05,-99.9690,37.7550, 805.6, 1985, 19.1, -7.2, -6.4, 16, 16, 2.76,  5, 3.5
2026-03-20 23:06:06,-99.9690,37.7550, 804.9, 1992, 19.1, -7.2, -6.4, 16, 16, 2.76,  5, 3.5
2026-03-20 23:06:07,-99.9689,37.7550, 804.2, 1999, 19.0, -7.2, -6.4, 16, 16, 2.77,  5, 3.5
2026-03-20 23:06:08,-99.9689,37.7549, 803.6, 2007, 19.0, -7.2, -6.4, 16, 16, 2.76,  5, 3.5
2026-03-20 23:06:09,-99.9689,37.7549, 802.9, 2014, 18.9, -7.3, -6.4, 16, 16, 2.76,  5, 3.5
2026-03-20 23:06:10,-99.9689,37.7549, 802.2, 2021, 18.8, -7.3, -6.5, 16, 16, 2.76,  5, 3.5
2026-03-20 23:06:11,-99.9689,37.7549, 801.5, 2029, 18.8, -7.3, -6.5, 16, 16, 2.75,  5, 3.5
2026-03-20 23:06:12,-99.9689,37.7548, 800.8, 2036, 18.7, -7.4, -6.6, 16, 16, 2.74,  5, 3.5
2026-03-20 23:06:13,-99.9689,37.7548, 800.2, 2042, 18.6, -7.4, -6.6, 16, 16, 2.73,  5, 3.6
2026-03-20 23:06:14,-99.9689,37.7548, 799.7, 2048, 18.6, -7.4, -6.6, 16, 16, 2.73,  5, 3.6
2026-03-20 23:06:15,-99.9690,37.7548, 799.1, 2054, 18.5, -7.4, -6.6, 16, 16, 2.74,  5, 3.6
2026-03-20 23:06:16,-99.9690,37.7547, 798.6, 2060, 18.4, -7.4, -6.5, 17, 17, 2.75,  5, 3.6
2026-03-20 23:06:17,-99.9690,37.7546, 798.0, 2065, 18.4, -7.3, -6.5, 17, 17, 2.76,  5, 3.6
2026-03-20 23:06:18,-99.9690,37.7546, 797.5, 2071, 18.3, -7.3, -6.5, 17, 17, 2.77,  5, 3.6
2026-03-20 23:06:19,-99.9690,37.7545, 797.0, 2077, 18.3, -7.4, -6.5, 17, 17, 2.76,  5, 3.6
2026-03-20 23:06:20,-99.9690,37.7545, 796.5, 2082, 18.2, -7.4, -6.6, 17, 17, 2.74,  4, 3.6
2026-03-20 23:06:21,-99.9690,37.7544, 796.0, 2087, 18.2, -7.5, -6.7, 17, 17, 2.73,  4, 3.6
2026-03-20 23:06:22,-99.9689,37.7544, 795.6, 2092, 18.1, -7.5, -6.6, 17, 17, 2.74,  4, 3.6
2026-03-20 23:06:23,-99.9689,37.7544, 795.1, 2096, 18.1, -7.4, -6.6, 17, 17, 2.75,  3, 3.6
2026-03-20 23:06:24,-99.9690,37.7544, 794.7, 2101, 18.0, -7.4, -6.6, 17, 17, 2.76,  3, 3.6
2026-03-20 23:06:25,-99.9690,37.7544, 794.2, 2107, 18.0, -7.4, -6.6, 17, 17, 2.75,  3, 3.6
2026-03-20 23:06:26,-99.9690,37.7544, 793.7, 2112, 17.9, -7.5, -6.7, 17, 17, 2.74,  2, 3.6
2026-03-20 23:06:27,-99.9691,37.7543, 793.3, 2116, 17.9, -7.6, -6.7, 17, 17, 2.72,  2, 3.6
2026-03-20 23:06:28,-99.9691,37.7543, 792.9, 2121, 17.9, -7.6, -6.7, 17, 17, 2.72,  1, 3.6
2026-03-20 23:06:29,-99.9690,37.7542, 792.4, 2126, 17.8, -7.6, -6.7, 17, 17, 2.73,  1, 3.6
2026-03-20 23:06:30,-99.9690,37.7542, 791.9, 2132, 17.7, -7.5, -6.7, 17, 17, 2.74,360, 3.6
2026-03-20 23:06:31,-99.9690,37.7541, 791.3, 2138, 17.7, -7.4, -6.6, 17, 17, 2.76,359, 3.6
2026-03-20 23:06:32,-99.9690,37.7541, 790.7, 2145, 17.6, -7.4, -6.6, 17, 17, 2.77,359, 3.6
2026-03-20 23:06:33,-99.9690,37.7541, 790.0, 2152, 17.5, -7.4, -6.6, 18, 18, 2.77,358, 3.7
2026-03-20 23:06:34,-99.9690,37.7541, 789.3, 2159, 17.4, -7.5, -6.6, 18, 18, 2.76,357, 3.7
2026-03-20 23:06:35,-99.9690,37.7541, 788.7, 2166, 17.4, -7.6, -6.7, 17, 17, 2.74,357, 3.7
2026-03-20 23:06:36,-99.9690,37.7541, 788.0, 2173, 17.3, -7.7, -6.8, 17, 17, 2.72,356, 3.7
2026-03-20 23:06:37,-99.9691,37.7540, 787.4, 2180, 17.3, -7.7, -6.9, 17, 17, 2.72,356, 3.8
2026-03-20 23:06:38,-99.9690,37.7540, 786.8, 2187, 17.2, -7.7, -6.8, 17, 17, 2.72,355, 3.8
2026-03-20 23:06:39,-99.9690,37.7539, 786.2, 2193, 17.2, -7.7, -6.8, 18, 18, 2.73,354, 3.9
2026-03-20 23:06:40,-99.9690,37.7539, 785.6, 2200, 17.1, -7.7, -6.8, 18, 18, 2.73,354, 3.9
2026-03-20 23:06:41,-99.9690,37.7539, 785.0, 2206, 17.0, -7.7, -6.8, 18, 18, 2.73,353, 4.0
2026-03-20 23:06:42,-99.9690,37.7539, 784.5, 2212, 17.0, -7.7, -6.9, 18, 18, 2.73,352, 4.0
2026-03-20 23:06:43,-99.9690,37.7539, 783.9, 2218, 16.9, -7.7, -6.9, 18, 18, 2.73,352, 4.1
2026-03-20 23:06:44,-99.9690,37.7538, 783.3, 2224, 16.8, -7.7, -6.8, 18, 18, 2.74,351, 4.2
2026-03-20 23:06:45,-99.9690,37.7538, 782.8, 2230, 16.8, -7.7, -6.8, 18, 18, 2.74,351, 4.2
2026-03-20 23:06:46,-99.9690,37.7537, 782.2, 2236, 16.7, -7.7, -6.8, 18, 18, 2.75,350, 4.3
2026-03-20 23:06:47,-99.9690,37.7537, 781.6, 2243, 16.6, -7.6, -6.8, 18, 18, 2.75,350, 4.3
2026-03-20 23:06:48,-99.9689,37.7536, 780.9, 2250, 16.6, -7.6, -6.7, 18, 18, 2.77,350, 4.4
2026-03-20 23:06:49,-99.9689,37.7535, 780.3, 2257, 16.5, -7.6, -6.7, 18, 18, 2.77,349, 4.5
2026-03-20 23:06:50,-99.9688,37.7535, 779.7, 2264, 16.4, -7.6, -6.8, 18, 18, 2.77,349, 4.5
2026-03-20 23:06:51,-99.9688,37.7534, 779.2, 2269, 16.4, -7.6, -6.8, 19, 19, 2.76,348, 4.6
2026-03-20 23:06:52,-99.9688,37.7534, 778.6, 2275, 16.3, -7.6, -6.8, 19, 19, 2.77,348, 4.6
2026-03-20 23:06:53,-99.9688,37.7534, 778.1, 2281, 16.3, -7.6, -6.7, 19, 19, 2.78,348, 4.6
2026-03-20 23:06:54,-99.9687,37.7533, 777.5, 2287, 16.2, -7.6, -6.7, 19, 19, 2.78,348, 4.7
2026-03-20 23:06:55,-99.9688,37.7533, 777.0, 2293, 16.1, -7.6, -6.8, 19, 19, 2.78,347, 4.7
2026-03-20 23:06:56,-99.9688,37.7533, 776.4, 2299, 16.1, -7.6, -6.8, 19, 19, 2.78,347, 4.7
2026-03-20 23:06:57,-99.9688,37.7533, 775.9, 2305, 16.0, -7.6, -6.8, 19, 19, 2.78,347, 4.8
2026-03-20 23:06:58,-99.9688,37.7532, 775.3, 2311, 16.0, -7.6, -6.7, 19, 19, 2.79,346, 4.8
2026-03-20 23:06:59,-99.9688,37.7531, 774.8, 2317, 15.9, -7.5, -6.7, 19, 19, 2.80,346, 4.8
2026-03-20 23:07:00,-99.9688,37.7531, 774.2, 2324, 15.8, -7.5, -6.7, 19, 19, 2.81,346, 4.8
2026-03-20 23:07:01,-99.9688,37.7530, 773.6, 2330, 15.8, -7.5, -6.7, 19, 19, 2.81,346, 4.8
2026-03-20 23:07:02,-99.9688,37.7530, 773.0, 2337, 15.7, -7.5, -6.7, 19, 19, 2.81,345, 4.8
2026-03-20 23:07:03,-99.9688,37.7530, 772.4, 2343, 15.7, -7.6, -6.8, 19, 19, 2.79,345, 4.8
2026-03-20 23:07:04,-99.9688,37.7529, 771.8, 2350, 15.6, -7.7, -6.9, 19, 19, 2.77,345, 4.8
2026-03-20 23:07:05,-99.9688,37.7529, 771.3, 2355, 15.5, -7.8, -6.9, 19, 19, 2.75,345, 4.8
2026-03-20 23:07:06,-99.9688,37.7528, 770.9, 2359, 15.5, -7.8, -7.0, 19, 19, 2.75,345, 4.8
2026-03-20 23:07:07,-99.9687,37.7527, 770.6, 2363, 15.5, -7.8, -7.0, 19, 19, 2.75,345, 4.8
2026-03-20 23:07:08,-99.9686,37.7527, 770.3, 2367, 15.4, -7.8, -7.0, 19, 19, 2.75,345, 4.8
2026-03-20 23:07:09,-99.9686,37.7527, 769.9, 2371, 15.4, -7.8, -7.0, 19, 19, 2.76,345, 4.8
2026-03-20 23:07:10,-99.9685,37.7527, 769.5, 2375, 15.3, -7.8, -6.9, 20, 20, 2.76,345, 4.8
2026-03-20 23:07:11,-99.9685,37.7527, 769.1, 2380, 15.3, -7.8, -6.9, 20, 20, 2.77,345, 4.8
2026-03-20 23:07:12,-99.9685,37.7527, 768.6, 2385, 15.2, -7.8, -6.9, 20, 20, 2.77,345, 4.8
2026-03-20 23:07:13,-99.9685,37.7526, 768.1, 2391, 15.1, -7.8, -6.9, 20, 20, 2.77,345, 4.8
2026-03-20 23:07:14,-99.9685,37.7526, 767.6, 2396, 15.1, -7.8, -6.9, 20, 20, 2.77,344, 4.8
2026-03-20 23:07:15,-99.9685,37.7525, 767.1, 2402, 15.0, -7.8, -6.9, 20, 20, 2.77,344, 4.7
2026-03-20 23:07:16,-99.9685,37.7524, 766.5, 2408, 15.0, -7.8, -7.0, 20, 20, 2.77,344, 4.7
2026-03-20 23:07:17,-99.9685,37.7523, 766.0, 2414, 14.9, -7.8, -7.0, 20, 20, 2.77,344, 4.7
2026-03-20 23:07:18,-99.9685,37.7523, 765.4, 2420, 14.9, -7.8, -6.9, 20, 20, 2.78,344, 4.8
2026-03-20 23:07:19,-99.9685,37.7523, 764.8, 2427, 14.8, -7.7, -6.9, 20, 20, 2.79,344, 4.8
2026-03-20 23:07:20,-99.9685,37.7522, 764.3, 2433, 14.8, -7.7, -6.8, 20, 20, 2.80,344, 4.8
2026-03-20 23:07:21,-99.9685,37.7522, 763.8, 2438, 14.7, -7.7, -6.9, 21, 21, 2.80,344, 4.8
2026-03-20 23:07:22,-99.9685,37.7522, 763.4, 2443, 14.6, -7.7, -6.8, 21, 21, 2.81,343, 4.8
2026-03-20 23:07:23,-99.9684,37.7522, 762.9, 2448, 14.6, -7.6, -6.8, 21, 21, 2.83,343, 4.8
2026-03-20 23:07:24,-99.9684,37.7522, 762.5, 2453, 14.5, -7.6, -6.7, 21, 21, 2.83,343, 4.9
2026-03-20 23:07:25,-99.9684,37.7521, 761.9, 2459, 14.5, -7.6, -6.8, 21, 21, 2.83,342, 4.9
2026-03-20 23:07:26,-99.9684,37.7521, 761.4, 2465, 14.4, -7.6, -6.7, 21, 21, 2.84,342, 4.9
2026-03-20 23:07:27,-99.9684,37.7520, 760.8, 2471, 14.3, -7.5, -6.7, 21, 21, 2.85,341, 5.0
2026-03-20 23:07:28,-99.9684,37.7519, 760.2, 2478, 14.2, -7.5, -6.7, 21, 21, 2.85,341, 5.0
2026-03-20 23:07:29,-99.9684,37.7518, 759.7, 2484, 14.2, -7.6, -6.8, 21, 21, 2.84,340, 5.1
2026-03-20 23:07:30,-99.9684,37.7518, 759.1, 2490, 14.1, -7.7, -6.8, 21, 21, 2.82,340, 5.1
2026-03-20 23:07:31,-99.9684,37.7518, 758.6, 2496, 14.1, -7.7, -6.8, 21, 21, 2.82,339, 5.2
2026-03-20 23:07:32,-99.9684,37.7517, 758.1, 2502, 14.0, -7.7, -6.8, 21, 21, 2.83,339, 5.3
2026-03-20 23:07:33,-99.9684,37.7517, 757.5, 2508, 14.0, -7.7, -6.9, 21, 21, 2.83,338, 5.3
2026-03-20 23:07:34,-99.9683,37.7517, 757.0, 2514, 13.9, -7.7, -6.9, 22, 22, 2.82,338, 5.4
2026-03-20 23:07:35,-99.9683,37.7517, 756.5, 2519, 13.9, -7.7, -6.9, 22, 22, 2.83,337, 5.5
2026-03-20 23:07:36,-99.9682,37.7517, 756.0, 2524, 13.8, -7.7, -6.8, 22, 22, 2.83,337, 5.5
2026-03-20 23:07:37,-99.9682,37.7516, 755.5, 2530, 13.7, -7.7, -6.8, 22, 22, 2.83,336, 5.6
2026-03-20 23:07:38,-99.9681,37.7516, 755.0, 2535, 13.7, -7.7, -6.8, 22, 22, 2.84,336, 5.7
2026-03-20 23:07:39,-99.9681,37.7515, 754.5, 2541, 13.6, -7.7, -6.8, 22, 22, 2.84,335, 5.7
2026-03-20 23:07:40,-99.9680,37.7514, 754.1, 2546, 13.6, -7.7, -6.8, 22, 22, 2.84,335, 5.8
2026-03-20 23:07:41,-99.9680,37.7514, 753.5, 2552, 13.5, -7.7, -6.9, 22, 22, 2.84,335, 5.8
2026-03-20 23:07:42,-99.9680,37.7513, 753.0, 2558, 13.5, -7.7, -6.9, 22, 22, 2.84,335, 5.9
2026-03-20 23:07:43,-99.9680,37.7513, 752.4, 2564, 13.4, -7.7, -6.9, 22, 22, 2.84,334, 5.9
2026-03-20 23:07:44,-99.9680,37.7512, 751.9, 2570, 13.4, -7.7, -6.9, 22, 22, 2.84,334, 5.9
2026-03-20 23:07:45,-99.9680,37.7512, 751.4, 2576, 13.3, -7.8, -6.9, 22, 22, 2.83,334, 6.0
2026-03-20 23:07:46,-99.9679,37.7512, 750.9, 2581, 13.2, -7.8, -7.0, 22, 22, 2.83,334, 6.0
2026-03-20 23:07:47,-99.9678,37.7511, 750.5, 2586, 13.2, -7.8, -6.9, 22, 22, 2.83,334, 6.0
2026-03-20 23:07:48,-99.9678,37.7510, 750.0, 2591, 13.1, -7.7, -6.9, 23, 23, 2.85,333, 6.0
2026-03-20 23:07:49,-99.9677,37.7509, 749.6, 2596, 13.1, -7.7, -6.9, 23, 23, 2.86,333, 5.9
2026-03-20 23:07:50,-99.9677,37.7508, 749.2, 2601, 13.1, -7.8, -6.9, 23, 23, 2.84,333, 5.9
2026-03-20 23:07:51,-99.9677,37.7508, 748.8, 2605, 13.0, -7.9, -7.0, 23, 23, 2.82,333, 5.9
2026-03-20 23:07:52,-99.9677,37.7507, 748.4, 2610, 13.0, -7.9, -7.1, 23, 23, 2.81,333, 5.8
2026-03-20 23:07:53,-99.9677,37.7507, 748.0, 2614, 12.9, -8.0, -7.1, 22, 22, 2.80,333, 5.8
2026-03-20 23:07:54,-99.9677,37.7507, 747.6, 2618, 12.9, -8.0, -7.2, 22, 22, 2.79,333, 5.7
2026-03-20 23:07:55,-99.9677,37.7506, 747.2, 2623, 12.9, -8.1, -7.2, 22, 22, 2.78,333, 5.6
2026-03-20 23:07:56,-99.9676,37.7506, 746.8, 2627, 12.8, -8.1, -7.2, 22, 22, 2.78,332, 5.6
2026-03-20 23:07:57,-99.9675,37.7506, 746.4, 2632, 12.8, -8.1, -7.2, 23, 23, 2.78,332, 5.5
2026-03-20 23:07:58,-99.9675,37.7505, 746.0, 2637, 12.7, -8.1, -7.2, 23, 23, 2.79,332, 5.4
2026-03-20 23:07:59,-99.9674,37.7505, 745.5, 2642, 12.7, -8.1, -7.2, 23, 23, 2.79,332, 5.4
2026-03-20 23:08:00,-99.9674,37.7504, 745.1, 2647, 12.7, -8.1, -7.2, 23, 23, 2.79,332, 5.3
2026-03-20 23:08:01,-99.9674,37.7503, 744.7, 2651, 12.6, -8.1, -7.2, 23, 23, 2.78,332, 5.2
2026-03-20 23:08:02,-99.9674,37.7503, 744.3, 2655, 12.6, -8.2, -7.3, 23, 23, 2.77,331, 5.2
2026-03-20 23:08:03,-99.9674,37.7502, 744.0, 2658, 12.6, -8.2, -7.3, 23, 23, 2.77,331, 5.1
2026-03-20 23:08:04,-99.9674,37.7502, 743.8, 2662, 12.5, -8.2, -7.3, 23, 23, 2.78,331, 5.1
2026-03-20 23:08:05,-99.9674,37.7502, 743.5, 2665, 12.5, -8.1, -7.2, 23, 23, 2.79,331, 5.0
2026-03-20 23:08:06,-99.9674,37.7502, 743.2, 2668, 12.5, -8.1, -7.2, 23, 23, 2.80,331, 5.0
2026-03-20 23:08:07,-99.9673,37.7501, 742.8, 2672, 12.4, -8.0, -7.2, 23, 23, 2.81,330, 5.0
2026-03-20 23:08:08,-99.9673,37.7501, 742.4, 2676, 12.4, -8.1, -7.2, 23, 23, 2.81,330, 5.0
2026-03-20 23:08:09,-99.9672,37.7501, 742.1, 2681, 12.3, -8.1, -7.2, 23, 23, 2.80,330, 5.0
2026-03-20 23:08:10,-99.9672,37.7501, 741.7, 2684, 12.3, -8.1, -7.2, 23, 23, 2.79,330, 5.0
2026-03-20 23:08:11,-99.9672,37.7501, 741.5, 2687, 12.3, -8.1, -7.2, 23, 23, 2.79,330, 5.0
2026-03-20 23:08:12,-99.9672,37.7501, 741.2, 2691, 12.3, -8.2, -7.3, 23, 23, 2.79,329, 5.1
2026-03-20 23:08:13,-99.9672,37.7501, 740.8, 2694, 12.2, -8.1, -7.2, 23, 23, 2.79,329, 5.1
2026-03-20 23:08:14,-99.9672,37.7500, 740.4, 2699, 12.2, -8.1, -7.2, 23, 23, 2.80,329, 5.2
2026-03-20 23:08:15,-99.9671,37.7500, 740.0, 2704, 12.1, -8.1, -7.2, 24, 24, 2.80,329, 5.2
2026-03-20 23:08:16,-99.9671,37.7499, 739.6, 2709, 12.0, -8.1, -7.2, 24, 24, 2.80,328, 5.3
2026-03-20 23:08:17,-99.9670,37.7499, 739.1, 2714, 12.0, -8.1, -7.2, 24, 24, 2.80,328, 5.3
2026-03-20 23:08:18,-99.9669,37.7498, 738.7, 2718, 12.0, -8.1, -7.2, 24, 24, 2.80,328, 5.4
2026-03-20 23:08:19,-99.9669,37.7497, 738.3, 2723, 11.9, -8.1, -7.2, 24, 24, 2.80,327, 5.4
2026-03-20 23:08:20,-99.9669,37.7497, 738.0, 2727, 11.9, -8.2, -7.3, 24, 24, 2.79,327, 5.5
2026-03-20 23:08:21,-99.9668,37.7496, 737.6, 2731, 11.9, -8.3, -7.4, 24, 24, 2.77,326, 5.6
2026-03-20 23:08:22,-99.9669,37.7495, 737.3, 2735, 11.8, -8.3, -7.4, 24, 24, 2.77,326, 5.6
2026-03-20 23:08:23,-99.9669,37.7495, 736.9, 2739, 11.8, -8.3, -7.4, 24, 24, 2.77,325, 5.7
2026-03-20 23:08:24,-99.9669,37.7494, 736.4, 2744, 11.7, -8.3, -7.4, 24, 24, 2.77,325, 5.7
2026-03-20 23:08:25,-99.9669,37.7494, 735.9, 2750, 11.6, -8.4, -7.5, 24, 24, 2.76,324, 5.8
2026-03-20 23:08:26,-99.9668,37.7493, 735.4, 2756, 11.6, -8.4, -7.5, 24, 24, 2.75,324, 5.9
2026-03-20 23:08:27,-99.9667,37.7493, 734.9, 2762, 11.6, -8.5, -7.5, 24, 24, 2.74,323, 5.9
2026-03-20 23:08:28,-99.9667,37.7492, 734.4, 2767, 11.5, -8.5, -7.6, 24, 24, 2.74,322, 6.0
2026-03-20 23:08:29,-99.9666,37.7492, 734.0, 2772, 11.5, -8.5, -7.6, 24, 24, 2.73,322, 6.0
2026-03-20 23:08:30,-99.9665,37.7492, 733.6, 2777, 11.5, -8.7, -7.7, 23, 23, 2.71,321, 6.0
2026-03-20 23:08:31,-99.9664,37.7492, 733.1, 2782, 11.4, -8.8, -7.8, 23, 23, 2.68,320, 6.1
2026-03-20 23:08:32,-99.9664,37.7492, 732.7, 2787, 11.4, -8.9, -7.9, 23, 23, 2.66,319, 6.1
2026-03-20 23:08:33,-99.9663,37.7492, 732.2, 2793, 11.3, -9.0, -8.0, 23, 23, 2.65,318, 6.1
2026-03-20 23:08:34,-99.9663,37.7492, 731.7, 2798, 11.3, -8.9, -8.0, 23, 23, 2.66,318, 6.2
2026-03-20 23:08:35,-99.9663,37.7491, 731.2, 2803, 11.3, -8.8, -7.9, 24, 24, 2.68,317, 6.2
2026-03-20 23:08:36,-99.9663,37.7491, 730.7, 2809, 11.2, -8.8, -7.8, 24, 24, 2.69,316, 6.2
2026-03-20 23:08:37,-99.9663,37.7490, 730.3, 2814, 11.1, -9.0, -8.0, 24, 24, 2.65,315, 6.3
2026-03-20 23:08:38,-99.9662,37.7490, 729.9, 2819, 11.1, -9.3, -8.3, 23, 23, 2.59,315, 6.3
2026-03-20 23:08:39,-99.9662,37.7489, 729.5, 2823, 11.1, -9.4, -8.4, 23, 23, 2.56,314, 6.3
2026-03-20 23:08:40,-99.9661,37.7488, 729.1, 2827, 11.1, -9.4, -8.4, 23, 23, 2.56,313, 6.3
2026-03-20 23:08:41,-99.9660,37.7488, 728.8, 2831, 11.1, -9.5, -8.4, 23, 23, 2.56,313, 6.4
2026-03-20 23:08:42,-99.9659,37.7487, 728.4, 2836, 11.0, -9.4, -8.4, 23, 23, 2.56,312, 6.4
2026-03-20 23:08:43,-99.9659,37.7486, 727.9, 2841, 11.0, -9.4, -8.4, 23, 23, 2.58,311, 6.4
2026-03-20 23:08:44,-99.9658,37.7486, 727.5, 2846, 10.9, -9.3, -8.3, 23, 23, 2.59,311, 6.4
2026-03-20 23:08:45,-99.9658,37.7486, 727.0, 2852, 10.9, -9.4, -8.3, 23, 23, 2.59,310, 6.4
2026-03-20 23:08:46,-99.9658,37.7486, 726.5, 2857, 10.8, -9.5, -8.5, 23, 23, 2.55,310, 6.4
2026-03-20 23:08:47,-99.9657,37.7486, 726.1, 2862, 10.8, -9.7, -8.6, 23, 23, 2.52,309, 6.4
2026-03-20 23:08:48,-99.9656,37.7486, 725.6, 2867, 10.8, -9.8, -8.7, 23, 23, 2.51,309, 6.4
2026-03-20 23:08:49,-99.9655,37.7486, 725.2, 2872, 10.8, -9.8, -8.8, 22, 22, 2.50,309, 6.5
2026-03-20 23:08:50,-99.9654,37.7485, 724.8, 2876, 10.7, -9.9, -8.8, 23, 23, 2.49,308, 6.5
2026-03-20 23:08:51,-99.9653,37.7485, 724.5, 2881, 10.6, -9.8, -8.7, 23, 23, 2.50,308, 6.5
2026-03-20 23:08:52,-99.9653,37.7484, 724.0, 2886, 10.6, -9.8, -8.7, 23, 23, 2.51,308, 6.5
2026-03-20 23:08:53,-99.9652,37.7484, 723.6, 2891, 10.5, -9.8, -8.7, 23, 23, 2.51,308, 6.5
2026-03-20 23:08:54,-99.9652,37.7483, 723.1, 2897, 10.5, -9.8, -8.7, 23, 23, 2.51,307, 6.5
2026-03-20 23:08:55,-99.9651,37.7482, 722.5, 2903, 10.4, -9.8, -8.7, 23, 23, 2.51,307, 6.5
2026-03-20 23:08:56,-99.9651,37.7482, 722.0, 2909, 10.4, -9.8, -8.7, 23, 23, 2.51,307, 6.5
2026-03-20 23:08:57,-99.9651,37.7482, 721.6, 2914, 10.3, -9.8, -8.7, 23, 23, 2.52,307, 6.5
2026-03-20 23:08:58,-99.9650,37.7482, 721.1, 2919, 10.2, -9.8, -8.7, 23, 23, 2.52,307, 6.5
2026-03-20 23:08:59,-99.9650,37.7482, 720.7, 2924, 10.2, -9.8, -8.8, 23, 23, 2.51,307, 6.5
2026-03-20 23:09:00,-99.9649,37.7482, 720.3, 2929, 10.1, -9.8, -8.8, 23, 23, 2.51,306, 6.5
2026-03-20 23:09:01,-99.9648,37.7482, 719.8, 2935, 10.1, -9.8, -8.8, 23, 23, 2.51,306, 6.5
2026-03-20 23:09:02,-99.9647,37.7481, 719.3, 2940, 10.0, -9.8, -8.8, 24, 24, 2.52,306, 6.6
2026-03-20 23:09:03,-99.9646,37.7480, 718.9, 2945, 10.0, -9.8, -8.7, 24, 24, 2.52,306, 6.6
2026-03-20 23:09:04,-99.9646,37.7480, 718.5, 2950, 10.0, -9.8, -8.7, 24, 24, 2.52,306, 6.6
2026-03-20 23:09:05,-99.9646,37.7479, 718.1, 2954,  9.9, -9.8, -8.7, 24, 24, 2.53,305, 6.7
2026-03-20 23:09:06,-99.9645,37.7479, 717.7, 2959,  9.9, -9.8, -8.7, 24, 24, 2.53,305, 6.7
2026-03-20 23:09:07,-99.9645,37.7478, 717.2, 2964,  9.8, -9.8, -8.7, 24, 24, 2.54,305, 6.8
2026-03-20 23:09:08,-99.9645,37.7478, 716.7, 2970,  9.8, -9.8, -8.7, 24, 24, 2.54,305, 6.9
2026-03-20 23:09:09,-99.9644,37.7478, 716.2, 2976,  9.7, -9.8, -8.7, 24, 24, 2.54,305, 6.9
2026-03-20 23:09:10,-99.9644,37.7478, 715.7, 2982,  9.6, -9.8, -8.7, 24, 24, 2.54,304, 7.0
2026-03-20 23:09:11,-99.9643,37.7478, 715.2, 2987,  9.6, -9.8, -8.7, 24, 24, 2.54,304, 7.1
2026-03-20 23:09:12,-99.9642,37.7477, 714.8, 2993,  9.5, -9.8, -8.8, 24, 24, 2.53,304, 7.1
2026-03-20 23:09:13,-99.9641,37.7477, 714.3, 2998,  9.5, -9.8, -8.8, 25, 25, 2.54,304, 7.2
2026-03-20 23:09:14,-99.9640,37.7476, 713.8, 3004,  9.4, -9.9, -8.8, 25, 25, 2.53,304, 7.3
2026-03-20 23:09:15,-99.9640,37.7476, 713.3, 3010,  9.4, -9.9, -8.8, 25, 25, 2.52,303, 7.3
2026-03-20 23:09:16,-99.9639,37.7475, 712.9, 3015,  9.3,-10.0, -8.9, 24, 24, 2.51,303, 7.4
2026-03-20 23:09:17,-99.9639,37.7475, 712.4, 3020,  9.3,-10.0, -8.9, 24, 24, 2.50,303, 7.5
2026-03-20 23:09:18,-99.9638,37.7475, 712.0, 3025,  9.2,-10.0, -8.9, 25, 25, 2.50,303, 7.5
2026-03-20 23:09:19,-99.9638,37.7474, 711.6, 3029,  9.2,-10.1, -9.0, 25, 25, 2.50,303, 7.6
2026-03-20 23:09:20,-99.9637,37.7474, 711.2, 3034,  9.1,-10.1, -9.0, 25, 25, 2.50,303, 7.6
2026-03-20 23:09:21,-99.9635,37.7473, 710.8, 3039,  9.1,-10.0, -8.9, 25, 25, 2.51,303, 7.7
2026-03-20 23:09:22,-99.9634,37.7473, 710.4, 3043,  9.0,-10.0, -8.9, 25, 25, 2.52,303, 7.7
2026-03-20 23:09:23,-99.9633,37.7473, 710.1, 3047,  9.0,-10.0, -8.9, 25, 25, 2.52,303, 7.7
2026-03-20 23:09:24,-99.9632,37.7473, 709.7, 3052,  9.0,-10.1, -9.0, 25, 25, 2.51,302, 7.7
2026-03-20 23:09:25,-99.9631,37.7473, 709.2, 3057,  8.9,-10.1, -9.0, 25, 25, 2.50,302, 7.8
2026-03-20 23:09:26,-99.9630,37.7472, 708.7, 3063,  8.9,-10.1, -9.0, 25, 25, 2.51,302, 7.8
2026-03-20 23:09:27,-99.9629,37.7472, 708.3, 3068,  8.8,-10.1, -9.0, 25, 25, 2.51,302, 7.8
2026-03-20 23:09:28,-99.9628,37.7471, 707.8, 3073,  8.8,-10.2, -9.0, 25, 25, 2.49,302, 7.8
2026-03-20 23:09:29,-99.9628,37.7470, 707.4, 3078,  8.7,-10.3, -9.1, 25, 25, 2.48,302, 7.8
2026-03-20 23:09:30,-99.9628,37.7470, 707.0, 3083,  8.7,-10.3, -9.2, 25, 25, 2.47,302, 7.8
2026-03-20 23:09:31,-99.9627,37.7469, 706.6, 3087,  8.6,-10.3, -9.2, 25, 25, 2.47,302, 7.8
2026-03-20 23:09:32,-99.9627,37.7469, 706.2, 3092,  8.6,-10.4, -9.3, 25, 25, 2.45,302, 7.8
2026-03-20 23:09:33,-99.9627,37.7469, 705.8, 3097,  8.6,-10.4, -9.3, 25, 25, 2.45,302, 7.9
2026-03-20 23:09:34,-99.9626,37.7469, 705.4, 3102,  8.5,-10.4, -9.2, 25, 25, 2.46,302, 7.9
2026-03-20 23:09:35,-99.9625,37.7469, 705.0, 3107,  8.4,-10.4, -9.2, 25, 25, 2.47,302, 7.9
2026-03-20 23:09:36,-99.9624,37.7468, 704.6, 3112,  8.4,-10.4, -9.3, 25, 25, 2.46,302, 7.9
2026-03-20 23:09:37,-99.9623,37.7468, 704.1, 3117,  8.4,-10.5, -9.3, 25, 25, 2.45,302, 7.9
2026-03-20 23:09:38,-99.9622,37.7467, 703.7, 3122,  8.3,-10.5, -9.4, 25, 25, 2.44,302, 8.0
2026-03-20 23:09:39,-99.9622,37.7466, 703.2, 3127,  8.3,-10.5, -9.4, 25, 25, 2.43,302, 8.0
2026-03-20 23:09:40,-99.9621,37.7466, 702.8, 3133,  8.3,-10.6, -9.4, 25, 25, 2.43,302, 8.0
2026-03-20 23:09:41,-99.9621,37.7465, 702.3, 3138,  8.2,-10.6, -9.5, 25, 25, 2.42,302, 8.1
2026-03-20 23:09:42,-99.9620,37.7465, 701.9, 3143,  8.2,-10.7, -9.5, 25, 25, 2.41,302, 8.1
2026-03-20 23:09:43,-99.9620,37.7465, 701.4, 3148,  8.1,-10.8, -9.6, 25, 25, 2.40,302, 8.2
2026-03-20 23:09:44,-99.9619,37.7465, 701.1, 3153,  8.1,-10.8, -9.6, 25, 25, 2.39,301, 8.2
2026-03-20 23:09:45,-99.9618,37.7464, 700.7, 3157,  8.0,-10.8, -9.6, 25, 25, 2.39,301, 8.2
2026-03-20 23:09:46,-99.9617,37.7464, 700.4, 3161,  8.0,-10.8, -9.6, 25, 25, 2.39,301, 8.3
2026-03-20 23:09:47,-99.9615,37.7464, 700.1, 3165,  8.0,-10.8, -9.7, 25, 25, 2.39,301, 8.3
2026-03-20 23:09:47,-99.9615,37.7464, 700.0, 3165,  8.0,-10.8, -9.7, 25, 25, 2.39,301, 8.4
2026-03-20 23:09:48,-99.9614,37.7463, 699.7, 3169,  7.9,-10.9, -9.7, 25, 25, 2.38,301, 8.4
2026-03-20 23:09:49,-99.9613,37.7463, 699.3, 3174,  7.9,-11.0, -9.8, 25, 25, 2.37,301, 8.4
2026-03-20 23:09:50,-99.9612,37.7463, 698.8, 3180,  7.9,-11.0, -9.8, 25, 25, 2.36,301, 8.5
2026-03-20 23:09:51,-99.9611,37.7463, 698.3, 3186,  7.8,-11.0, -9.8, 25, 25, 2.36,301, 8.5
2026-03-20 23:09:52,-99.9611,37.7463, 697.8, 3192,  7.8,-11.1, -9.9, 25, 25, 2.35,301, 8.6
2026-03-20 23:09:53,-99.9610,37.7462, 697.3, 3197,  7.8,-11.1, -9.9, 25, 25, 2.34,300, 8.6
2026-03-20 23:09:54,-99.9609,37.7462, 696.9, 3202,  7.7,-11.2,-10.0, 25, 25, 2.33,300, 8.7
2026-03-20 23:09:55,-99.9609,37.7461, 696.5, 3207,  7.7,-11.3,-10.0, 25, 25, 2.32,300, 8.7
2026-03-20 23:09:56,-99.9608,37.7460, 696.1, 3211,  7.7,-11.4,-10.1, 25, 25, 2.31,300, 8.7
2026-03-20 23:09:57,-99.9607,37.7460, 695.8, 3215,  7.7,-11.4,-10.2, 24, 24, 2.29,300, 8.8
2026-03-20 23:09:58,-99.9606,37.7459, 695.4, 3220,  7.6,-11.4,-10.2, 24, 24, 2.29,300, 8.8
2026-03-20 23:09:59,-99.9606,37.7458, 695.0, 3224,  7.6,-11.5,-10.2, 24, 24, 2.29,299, 8.9
2026-03-20 23:10:00,-99.9605,37.7457, 694.6, 3229,  7.6,-11.5,-10.2, 24, 24, 2.29,299, 8.9
2026-03-20 23:10:01,-99.9604,37.7457, 694.1, 3235,  7.5,-11.5,-10.2, 25, 25, 2.29,299, 9.0
2026-03-20 23:10:02,-99.9602,37.7456, 693.7, 3240,  7.4,-11.5,-10.3, 25, 25, 2.28,299, 9.0
2026-03-20 23:10:03,-99.9601,37.7456, 693.3, 3245,  7.4,-11.6,-10.3, 25, 25, 2.27,298, 9.1
2026-03-20 23:10:04,-99.9600,37.7456, 692.9, 3249,  7.3,-11.6,-10.4, 25, 25, 2.27,298, 9.2
2026-03-20 23:10:05,-99.9599,37.7456, 692.6, 3253,  7.3,-11.6,-10.4, 25, 25, 2.27,298, 9.3
2026-03-20 23:10:06,-99.9599,37.7456, 692.2, 3258,  7.3,-11.6,-10.4, 25, 25, 2.27,298, 9.4
2026-03-20 23:10:07,-99.9598,37.7456, 691.8, 3263,  7.3,-11.7,-10.5, 24, 24, 2.25,298, 9.5
2026-03-20 23:10:08,-99.9597,37.7456, 691.3, 3268,  7.3,-11.9,-10.6, 24, 24, 2.22,298, 9.6
2026-03-20 23:10:09,-99.9597,37.7455, 690.7, 3275,  7.3,-12.0,-10.7, 24, 24, 2.21,298, 9.8
2026-03-20 23:10:10,-99.9596,37.7455, 690.2, 3281,  7.2,-12.0,-10.7, 24, 24, 2.20,298, 9.9
2026-03-20 23:10:11,-99.9595,37.7454, 689.7, 3287,  7.2,-12.0,-10.7, 24, 24, 2.20,298,10.0
2026-03-20 23:10:12,-99.9594,37.7454, 689.3, 3292,  7.1,-12.1,-10.8, 24, 24, 2.20,298,10.2
2026-03-20 23:10:13,-99.9594,37.7454, 688.8, 3298,  7.1,-12.1,-10.8, 24, 24, 2.19,298,10.4
2026-03-20 23:10:14,-99.9593,37.7454, 688.3, 3304,  7.1,-12.2,-10.9, 24, 24, 2.18,298,10.5
2026-03-20 23:10:15,-99.9592,37.7454, 687.9, 3309,  7.0,-12.3,-11.0, 24, 24, 2.16,298,10.7
2026-03-20 23:10:16,-99.9590,37.7453, 687.5, 3314,  7.0,-12.5,-11.1, 24, 24, 2.14,299,10.9
2026-03-20 23:10:17,-99.9589,37.7453, 687.1, 3318,  7.0,-12.5,-11.2, 23, 23, 2.12,299,11.1
2026-03-20 23:10:18,-99.9588,37.7452, 686.9, 3321,  6.9,-12.6,-11.2, 23, 23, 2.11,299,11.3
2026-03-20 23:10:19,-99.9586,37.7451, 686.6, 3325,  6.9,-12.6,-11.3, 23, 23, 2.11,300,11.4
2026-03-20 23:10:20,-99.9585,37.7451, 686.2, 3329,  6.9,-12.7,-11.3, 23, 23, 2.10,300,11.6
2026-03-20 23:10:21,-99.9583,37.7450, 685.8, 3334,  6.9,-12.7,-11.4, 23, 23, 2.09,301,11.8
2026-03-20 23:10:22,-99.9582,37.7449, 685.4, 3338,  6.9,-12.8,-11.4, 23, 23, 2.08,301,12.0
2026-03-20 23:10:23,-99.9581,37.7449, 685.0, 3343,  6.8,-12.9,-11.5, 23, 23, 2.08,301,12.1
2026-03-20 23:10:24,-99.9579,37.7449, 684.6, 3348,  6.8,-12.9,-11.5, 23, 23, 2.07,302,12.3
2026-03-20 23:10:25,-99.9578,37.7448, 684.2, 3353,  6.7,-12.9,-11.5, 23, 23, 2.07,302,12.4
2026-03-20 23:10:26,-99.9576,37.7448, 683.8, 3358,  6.7,-12.9,-11.6, 23, 23, 2.06,303,12.6
2026-03-20 23:10:27,-99.9575,37.7447, 683.5, 3362,  6.7,-13.0,-11.6, 23, 23, 2.05,303,12.7
2026-03-20 23:10:28,-99.9574,37.7446, 683.1, 3367,  6.7,-13.2,-11.8, 23, 23, 2.02,304,12.8
2026-03-20 23:10:29,-99.9572,37.7445, 682.6, 3372,  6.7,-13.3,-11.9, 22, 22, 2.00,304,12.9
2026-03-20 23:10:30,-99.9571,37.7444, 682.2, 3377,  6.7,-13.4,-12.0, 22, 22, 1.99,304,13.0
2026-03-20 23:10:31,-99.9570,37.7444, 681.8, 3382,  6.6,-13.4,-12.0, 22, 22, 1.99,305,13.1
2026-03-20 23:10:32,-99.9570,37.7443, 681.4, 3387,  6.6,-13.5,-12.1, 22, 22, 1.98,305,13.2
2026-03-20 23:10:33,-99.9569,37.7442, 681.0, 3391,  6.5,-13.6,-12.1, 22, 22, 1.97,305,13.2
2026-03-20 23:10:34,-99.9568,37.7441, 680.6, 3396,  6.5,-13.6,-12.2, 22, 22, 1.96,306,13.3
2026-03-20 23:10:35,-99.9567,37.7440, 680.3, 3400,  6.5,-13.6,-12.2, 22, 22, 1.96,306,13.3
2026-03-20 23:10:36,-99.9566,37.7439, 679.9, 3405,  6.5,-13.7,-12.2, 22, 22, 1.96,306,13.4
2026-03-20 23:10:37,-99.9565,37.7439, 679.6, 3409,  6.4,-13.8,-12.3, 22, 22, 1.94,306,13.4
2026-03-20 23:10:38,-99.9563,37.7438, 679.3, 3412,  6.4,-13.9,-12.4, 22, 22, 1.92,306,13.4
2026-03-20 23:10:39,-99.9562,37.7437, 679.0, 3415,  6.4,-14.0,-12.5, 22, 22, 1.91,307,13.4
2026-03-20 23:10:40,-99.9560,37.7436, 678.8, 3418,  6.4,-14.0,-12.5, 22, 22, 1.90,307,13.4
2026-03-20 23:10:41,-99.9559,37.7436, 678.5, 3422,  6.4,-14.0,-12.5, 22, 22, 1.90,307,13.4
2026-03-20 23:10:42,-99.9557,37.7435, 678.2, 3426,  6.3,-14.0,-12.5, 22, 22, 1.91,307,13.4
2026-03-20 23:10:43,-99.9555,37.7434, 677.8, 3431,  6.3,-14.0,-12.5, 22, 22, 1.91,307,13.5
2026-03-20 23:10:44,-99.9554,37.7434, 677.3, 3436,  6.3,-14.3,-12.7, 21, 21, 1.87,307,13.5
2026-03-20 23:10:45,-99.9552,37.7433, 676.9, 3441,  6.3,-14.4,-12.9, 21, 21, 1.85,308,13.5
2026-03-20 23:10:46,-99.9551,37.7433, 676.5, 3446,  6.2,-14.4,-12.9, 21, 21, 1.85,308,13.5
2026-03-20 23:10:47,-99.9550,37.7432, 676.1, 3451,  6.2,-14.5,-12.9, 21, 21, 1.84,308,13.5
2026-03-20 23:10:48,-99.9549,37.7432, 675.8, 3454,  6.2,-14.6,-13.1, 21, 21, 1.82,308,13.5
2026-03-20 23:10:49,-99.9548,37.7431, 675.5, 3458,  6.2,-14.8,-13.3, 20, 20, 1.79,308,13.6
2026-03-20 23:10:50,-99.9548,37.7431, 675.2, 3462,  6.2,-15.0,-13.4, 20, 20, 1.76,308,13.6
2026-03-20 23:10:51,-99.9547,37.7430, 674.8, 3467,  6.2,-15.1,-13.5, 20, 20, 1.75,309,13.6
2026-03-20 23:10:52,-99.9546,37.7429, 674.3, 3472,  6.2,-15.2,-13.6, 20, 20, 1.73,309,13.6
2026-03-20 23:10:53,-99.9544,37.7428, 673.9, 3477,  6.2,-15.4,-13.8, 20, 20, 1.71,309,13.7
2026-03-20 23:10:54,-99.9543,37.7427, 673.5, 3483,  6.2,-15.6,-14.0, 19, 19, 1.68,309,13.7
2026-03-20 23:10:55,-99.9542,37.7426, 673.0, 3488,  6.2,-16.0,-14.3, 19, 19, 1.64,309,13.8
2026-03-20 23:10:56,-99.9541,37.7425, 672.6, 3494,  6.3,-16.4,-14.7, 18, 18, 1.58,309,13.8
2026-03-20 23:10:57,-99.9540,37.7424, 672.1, 3499,  6.4,-16.8,-15.0, 17, 17, 1.53,310,13.9
2026-03-20 23:10:58,-99.9539,37.7423, 671.7, 3504,  6.4,-17.0,-15.2, 17, 17, 1.51,310,13.9
2026-03-20 23:10:59,-99.9538,37.7422, 671.2, 3510,  6.3,-17.0,-15.2, 17, 17, 1.50,310,13.9
2026-03-20 23:11:00,-99.9537,37.7422, 670.8, 3515,  6.3,-17.1,-15.3, 17, 17, 1.49,310,14.0
2026-03-20 23:11:01,-99.9536,37.7421, 670.4, 3520,  6.3,-17.2,-15.4, 17, 17, 1.48,310,14.0
2026-03-20 23:11:02,-99.9534,37.7420, 670.0, 3525,  6.2,-17.2,-15.4, 17, 17, 1.48,310,14.1
2026-03-20 23:11:03,-99.9532,37.7419, 669.6, 3529,  6.2,-17.1,-15.3, 17, 17, 1.49,311,14.1
2026-03-20 23:11:04,-99.9531,37.7418, 669.3, 3533,  6.1,-17.1,-15.3, 17, 17, 1.50,311,14.2
2026-03-20 23:11:05,-99.9529,37.7418, 669.0, 3536,  6.1,-17.1,-15.3, 17, 17, 1.50,311,14.2
2026-03-20 23:11:06,-99.9527,37.7417, 668.8, 3540,  6.1,-17.1,-15.3, 17, 17, 1.50,311,14.3
2026-03-20 23:11:07,-99.9526,37.7416, 668.5, 3543,  6.0,-17.1,-15.3, 17, 17, 1.50,311,14.3
2026-03-20 23:11:08,-99.9524,37.7415, 668.1, 3548,  6.0,-17.2,-15.4, 17, 17, 1.49,311,14.4
2026-03-20 23:11:09,-99.9523,37.7415, 667.8, 3552,  6.0,-17.3,-15.5, 17, 17, 1.47,311,14.4
2026-03-20 23:11:10,-99.9522,37.7414, 667.4, 3557,  6.0,-17.4,-15.6, 17, 17, 1.46,311,14.5
2026-03-20 23:11:11,-99.9521,37.7413, 667.0, 3562,  6.0,-17.5,-15.7, 17, 17, 1.45,311,14.6
2026-03-20 23:11:12,-99.9520,37.7412, 666.6, 3567,  6.0,-17.6,-15.8, 17, 17, 1.44,312,14.6
2026-03-20 23:11:13,-99.9520,37.7411, 666.2, 3571,  5.9,-17.7,-15.8, 16, 16, 1.43,312,14.7
2026-03-20 23:11:14,-99.9519,37.7410, 665.9, 3575,  5.9,-17.7,-15.9, 16, 16, 1.43,312,14.8
2026-03-20 23:11:15,-99.9518,37.7409, 665.6, 3578,  5.9,-17.8,-16.0, 16, 16, 1.41,312,14.9
2026-03-20 23:11:16,-99.9517,37.7408, 665.3, 3582,  5.9,-17.9,-16.0, 16, 16, 1.41,312,15.0
2026-03-20 23:11:17,-99.9516,37.7408, 664.9, 3587,  5.9,-17.9,-16.1, 16, 16, 1.40,312,15.1
2026-03-20 23:11:18,-99.9515,37.7407, 664.5, 3592,  5.8,-18.0,-16.1, 16, 16, 1.39,312,15.2
2026-03-20 23:11:19,-99.9513,37.7406, 664.2, 3596,  5.8,-18.1,-16.2, 16, 16, 1.38,312,15.3
2026-03-20 23:11:20,-99.9512,37.7405, 663.9, 3600,  5.8,-18.3,-16.4, 16, 16, 1.36,312,15.4
2026-03-20 23:11:21,-99.9510,37.7404, 663.5, 3604,  5.8,-18.5,-16.6, 15, 15, 1.34,312,15.5
2026-03-20 23:11:22,-99.9509,37.7403, 663.2, 3609,  5.8,-18.7,-16.8, 15, 15, 1.31,312,15.6
2026-03-20 23:11:23,-99.9507,37.7401, 662.8, 3613,  5.8,-18.9,-16.9, 15, 15, 1.30,312,15.7
2026-03-20 23:11:24,-99.9506,37.7400, 662.4, 3618,  5.8,-18.9,-17.0, 15, 15, 1.29,311,15.8
2026-03-20 23:11:25,-99.9505,37.7399, 662.0, 3623,  5.7,-19.0,-17.1, 15, 15, 1.28,311,16.0
2026-03-20 23:11:26,-99.9504,37.7398, 661.7, 3627,  5.7,-19.2,-17.3, 15, 15, 1.26,311,16.1
2026-03-20 23:11:27,-99.9502,37.7398, 661.4, 3631,  5.8,-19.6,-17.6, 14, 14, 1.22,311,16.2
2026-03-20 23:11:28,-99.9501,37.7397, 661.0, 3635,  5.8,-20.0,-18.0, 14, 14, 1.18,311,16.3
2026-03-20 23:11:29,-99.9500,37.7396, 660.7, 3639,  5.9,-20.4,-18.3, 13, 13, 1.14,311,16.5
2026-03-20 23:11:30,-99.9498,37.7396, 660.3, 3644,  5.9,-20.8,-18.7, 13, 13, 1.11,311,16.6
2026-03-20 23:11:31,-99.9496,37.7395, 659.8, 3650,  5.9,-20.9,-18.7, 13, 13, 1.10,311,16.7
2026-03-20 23:11:32,-99.9495,37.7394, 659.4, 3655,  5.9,-20.7,-18.6, 13, 13, 1.12,311,16.8
2026-03-20 23:11:33,-99.9493,37.7393, 658.9, 3661,  5.8,-20.6,-18.5, 13, 13, 1.13,311,16.9
2026-03-20 23:11:34,-99.9491,37.7392, 658.6, 3665,  5.8,-20.7,-18.6, 13, 13, 1.12,311,16.9
2026-03-20 23:11:35,-99.9490,37.7390, 658.2, 3670,  5.7,-20.8,-18.7, 13, 13, 1.11,311,17.0
2026-03-20 23:11:36,-99.9488,37.7389, 657.9, 3673,  5.7,-21.1,-19.0, 12, 12, 1.08,311,17.1
2026-03-20 23:11:37,-99.9487,37.7388, 657.6, 3678,  5.8,-21.7,-19.5, 12, 12, 1.03,311,17.1
2026-03-20 23:11:38,-99.9485,37.7387, 657.2, 3683,  5.8,-22.5,-20.3, 11, 11, 0.95,311,17.2
2026-03-20 23:11:39,-99.9483,37.7385, 656.7, 3688,  6.0,-23.6,-21.2, 10, 10, 0.87,311,17.2
2026-03-20 23:11:40,-99.9482,37.7384, 656.2, 3695,  6.1,-24.4,-22.0,  9,  9, 0.81,312,17.2
2026-03-20 23:11:41,-99.9481,37.7383, 655.7, 3702,  6.2,-24.9,-22.4,  9,  9, 0.78,312,17.2
2026-03-20 23:11:42,-99.9479,37.7382, 655.1, 3708,  6.2,-25.3,-22.8,  8,  8, 0.75,312,17.2
2026-03-20 23:11:43,-99.9478,37.7381, 654.7, 3714,  6.2,-25.7,-23.2,  8,  8, 0.72,312,17.2
2026-03-20 23:11:44,-99.9477,37.7380, 654.3, 3718,  6.2,-25.9,-23.4,  8,  8, 0.71,312,17.2
2026-03-20 23:11:45,-99.9475,37.7379, 654.1, 3722,  6.3,-25.9,-23.4,  8,  8, 0.71,312,17.2
2026-03-20 23:11:46,-99.9473,37.7378, 653.8, 3725,  6.3,-25.9,-23.4,  8,  8, 0.71,313,17.2
2026-03-20 23:11:47,-99.9471,37.7377, 653.5, 3728,  6.3,-25.9,-23.3,  8,  8, 0.71,313,17.2
2026-03-20 23:11:48,-99.9470,37.7377, 653.2, 3732,  6.3,-25.9,-23.3,  8,  8, 0.71,313,17.1
2026-03-20 23:11:49,-99.9468,37.7375, 652.9, 3736,  6.3,-25.9,-23.4,  8,  8, 0.71,313,17.1
2026-03-20 23:11:50,-99.9467,37.7375, 652.7, 3739,  6.3,-26.0,-23.4,  8,  8, 0.71,314,17.1
2026-03-20 23:11:51,-99.9466,37.7373, 652.4, 3743,  6.2,-26.0,-23.4,  8,  8, 0.70,314,17.1
2026-03-20 23:11:52,-99.9465,37.7373, 652.1, 3746,  6.2,-26.0,-23.4,  8,  8, 0.71,314,17.0
2026-03-20 23:11:53,-99.9464,37.7372, 651.8, 3750,  6.2,-26.0,-23.4,  8,  8, 0.71,314,17.0
2026-03-20 23:11:54,-99.9462,37.7371, 651.5, 3754,  6.1,-26.0,-23.5,  8,  8, 0.70,315,17.0
2026-03-20 23:11:55,-99.9461,37.7370, 651.2, 3758,  6.1,-26.0,-23.5,  8,  8, 0.70,315,17.0
2026-03-20 23:11:56,-99.9459,37.7369, 650.9, 3762,  6.1,-26.0,-23.5,  8,  8, 0.70,315,17.0
2026-03-20 23:11:57,-99.9458,37.7367, 650.6, 3765,  6.0,-26.0,-23.5,  8,  8, 0.70,315,17.0
2026-03-20 23:11:58,-99.9457,37.7366, 650.3, 3769,  6.0,-26.0,-23.5,  8,  8, 0.70,315,16.9
2026-03-20 23:11:59,-99.9455,37.7365, 650.0, 3772,  6.0,-26.0,-23.5,  8,  8, 0.70,316,16.9
2026-03-20 23:12:00,-99.9454,37.7364, 649.7, 3776,  5.9,-26.1,-23.5,  8,  8, 0.70,316,16.9
2026-03-20 23:12:01,-99.9453,37.7362, 649.4, 3780,  5.9,-26.1,-23.5,  8,  8, 0.70,316,16.9
2026-03-20 23:12:02,-99.9452,37.7361, 649.1, 3783,  5.9,-26.1,-23.5,  8,  8, 0.70,316,16.9
2026-03-20 23:12:03,-99.9450,37.7360, 648.9, 3787,  5.8,-26.1,-23.5,  8,  8, 0.70,316,16.9
2026-03-20 23:12:04,-99.9449,37.7359, 648.6, 3791,  5.8,-26.1,-23.5,  8,  8, 0.70,316,17.0
2026-03-20 23:12:05,-99.9448,37.7358, 648.2, 3795,  5.8,-26.1,-23.5,  8,  8, 0.70,316,17.0
2026-03-20 23:12:06,-99.9447,37.7357, 647.9, 3799,  5.7,-26.1,-23.5,  8,  8, 0.70,317,17.0
2026-03-20 23:12:07,-99.9445,37.7356, 647.6, 3803,  5.7,-26.1,-23.5,  8,  8, 0.70,317,17.0
2026-03-20 23:12:08,-99.9444,37.7355, 647.3, 3807,  5.7,-26.1,-23.6,  8,  8, 0.70,317,17.0
2026-03-20 23:12:09,-99.9442,37.7353, 646.9, 3811,  5.6,-26.2,-23.6,  8,  8, 0.70,317,17.0
2026-03-20 23:12:10,-99.9441,37.7352, 646.5, 3816,  5.6,-26.2,-23.6,  8,  8, 0.70,317,17.0
2026-03-20 23:12:11,-99.9440,37.7351, 646.1, 3821,  5.6,-26.2,-23.7,  8,  8, 0.70,317,17.0
2026-03-20 23:12:12,-99.9439,37.7350, 645.7, 3827,  5.5,-26.3,-23.7,  8,  8, 0.69,317,17.0
2026-03-20 23:12:13,-99.9437,37.7349, 645.3, 3832,  5.5,-26.3,-23.7,  8,  8, 0.69,317,17.0
2026-03-20 23:12:14,-99.9436,37.7348, 644.8, 3838,  5.4,-26.3,-23.8,  8,  8, 0.69,317,17.0
2026-03-20 23:12:15,-99.9435,37.7347, 644.3, 3844,  5.4,-26.3,-23.7,  8,  8, 0.69,317,17.0
2026-03-20 23:12:16,-99.9434,37.7346, 643.8, 3851,  5.3,-26.3,-23.8,  8,  8, 0.69,317,17.0
2026-03-20 23:12:17,-99.9432,37.7345, 643.3, 3858,  5.2,-26.4,-23.8,  8,  8, 0.69,318,17.0
2026-03-20 23:12:18,-99.9431,37.7344, 642.8, 3864,  5.2,-26.4,-23.9,  8,  8, 0.69,318,16.9
2026-03-20 23:12:19,-99.9430,37.7342, 642.4, 3869,  5.1,-26.5,-23.9,  8,  8, 0.68,318,16.9
2026-03-20 23:12:20,-99.9428,37.7341, 642.0, 3874,  5.1,-26.5,-24.0,  8,  8, 0.68,318,16.9
2026-03-20 23:12:21,-99.9427,37.7340, 641.7, 3878,  5.1,-26.6,-24.0,  8,  8, 0.68,318,16.9
2026-03-20 23:12:22,-99.9425,37.7338, 641.3, 3883,  5.0,-26.5,-23.9,  8,  8, 0.68,319,16.9
2026-03-20 23:12:23,-99.9423,37.7337, 640.8, 3889,  5.0,-26.5,-24.0,  8,  8, 0.68,319,16.9
2026-03-20 23:12:24,-99.9422,37.7336, 640.3, 3895,  4.9,-26.6,-24.0,  8,  8, 0.68,319,16.8
2026-03-20 23:12:25,-99.9420,37.7335, 639.8, 3902,  4.9,-26.7,-24.1,  8,  8, 0.67,319,16.8
2026-03-20 23:12:26,-99.9419,37.7334, 639.3, 3908,  4.8,-26.9,-24.3,  8,  8, 0.66,320,16.8
2026-03-20 23:12:27,-99.9418,37.7334, 638.8, 3914,  4.8,-27.0,-24.4,  8,  8, 0.65,320,16.8
2026-03-20 23:12:28,-99.9417,37.7333, 638.4, 3920,  4.8,-27.1,-24.5,  8,  8, 0.65,320,16.8
2026-03-20 23:12:29,-99.9416,37.7332, 638.0, 3925,  4.7,-27.1,-24.5,  8,  8, 0.65,321,16.8
2026-03-20 23:12:30,-99.9415,37.7330, 637.6, 3930,  4.7,-27.1,-24.5,  8,  8, 0.65,321,16.8
2026-03-20 23:12:31,-99.9414,37.7329, 637.2, 3935,  4.6,-27.1,-24.5,  8,  8, 0.65,321,16.8
2026-03-20 23:12:32,-99.9413,37.7327, 636.8, 3940,  4.6,-27.2,-24.6,  8,  8, 0.65,321,16.7
2026-03-20 23:12:33,-99.9412,37.7326, 636.3, 3946,  4.5,-27.3,-24.7,  8,  8, 0.64,322,16.7
2026-03-20 23:12:34,-99.9411,37.7325, 635.8, 3952,  4.5,-27.4,-24.7,  8,  8, 0.64,322,16.7
2026-03-20 23:12:35,-99.9410,37.7324, 635.3, 3959,  4.4,-27.5,-24.8,  8,  8, 0.63,322,16.7
2026-03-20 23:12:36,-99.9409,37.7323, 634.7, 3966,  4.4,-27.5,-24.9,  8,  8, 0.63,323,16.7
2026-03-20 23:12:37,-99.9408,37.7322, 634.2, 3973,  4.3,-27.6,-24.9,  8,  8, 0.63,323,16.7
2026-03-20 23:12:38,-99.9407,37.7321, 633.7, 3980,  4.3,-27.7,-25.0,  8,  8, 0.62,323,16.7
2026-03-20 23:12:39,-99.9406,37.7320, 633.2, 3986,  4.2,-27.8,-25.1,  8,  8, 0.62,323,16.7
2026-03-20 23:12:40,-99.9405,37.7318, 632.8, 3992,  4.2,-27.9,-25.2,  8,  8, 0.61,324,16.6
2026-03-20 23:12:41,-99.9404,37.7317, 632.4, 3997,  4.1,-27.9,-25.2,  8,  8, 0.61,324,16.6
2026-03-20 23:12:42,-99.9402,37.7315, 632.0, 4001,  4.1,-28.0,-25.3,  7,  7, 0.60,324,16.6
2026-03-20 23:12:43,-99.9401,37.7313, 631.7, 4006,  4.1,-28.1,-25.4,  7,  7, 0.60,324,16.6
2026-03-20 23:12:44,-99.9399,37.7312, 631.3, 4010,  4.1,-28.2,-25.5,  7,  7, 0.60,325,16.5
2026-03-20 23:12:45,-99.9398,37.7311, 631.0, 4014,  4.0,-28.2,-25.5,  7,  7, 0.59,325,16.5
2026-03-20 23:12:46,-99.9397,37.7309, 630.7, 4018,  4.0,-28.3,-25.6,  7,  7, 0.59,325,16.5
2026-03-20 23:12:47,-99.9396,37.7308, 630.4, 4022,  4.0,-28.4,-25.7,  7,  7, 0.58,325,16.4
2026-03-20 23:12:48,-99.9395,37.7307, 630.1, 4026,  3.9,-28.6,-25.9,  7,  7, 0.57,325,16.4
2026-03-20 23:12:49,-99.9394,37.7306, 629.7, 4030,  3.9,-28.7,-26.0,  7,  7, 0.57,326,16.3
2026-03-20 23:12:50,-99.9393,37.7305, 629.4, 4034,  3.9,-28.8,-26.0,  7,  7, 0.56,326,16.3
2026-03-20 23:12:51,-99.9392,37.7304, 629.2, 4038,  3.9,-28.9,-26.1,  7,  7, 0.56,326,16.2
2026-03-20 23:12:52,-99.9391,37.7303, 628.9, 4042,  3.8,-28.9,-26.2,  7,  7, 0.56,326,16.2
2026-03-20 23:12:53,-99.9390,37.7302, 628.5, 4046,  3.8,-29.0,-26.2,  7,  7, 0.55,327,16.1
2026-03-20 23:12:54,-99.9389,37.7301, 628.2, 4050,  3.8,-29.2,-26.4,  7,  7, 0.54,327,16.1
2026-03-20 23:12:55,-99.9388,37.7300, 627.8, 4055,  3.7,-29.4,-26.6,  7,  7, 0.54,327,16.0
2026-03-20 23:12:56,-99.9387,37.7299, 627.3, 4061,  3.7,-29.4,-26.6,  7,  7, 0.54,327,16.0
2026-03-20 23:12:57,-99.9386,37.7297, 626.8, 4068,  3.6,-29.4,-26.6,  7,  7, 0.54,328,15.9
2026-03-20 23:12:58,-99.9385,37.7296, 626.3, 4075,  3.6,-29.4,-26.6,  7,  7, 0.53,328,15.9
2026-03-20 23:12:59,-99.9384,37.7294, 625.7, 4082,  3.5,-29.5,-26.7,  7,  7, 0.53,328,15.9
2026-03-20 23:13:00,-99.9383,37.7293, 625.2, 4089,  3.5,-29.6,-26.8,  7,  7, 0.53,328,15.8
2026-03-20 23:13:01,-99.9382,37.7292, 624.7, 4095,  3.4,-29.7,-26.9,  7,  7, 0.52,329,15.8
2026-03-20 23:13:02,-99.9382,37.7290, 624.3, 4100,  3.4,-29.9,-27.0,  7,  7, 0.51,329,15.8
2026-03-20 23:13:03,-99.9381,37.7289, 624.0, 4104,  3.4,-30.0,-27.1,  7,  7, 0.51,329,15.8
2026-03-20 23:13:04,-99.9380,37.7288, 623.7, 4108,  3.4,-30.1,-27.2,  6,  6, 0.50,330,15.8
2026-03-20 23:13:05,-99.9379,37.7287, 623.5, 4111,  3.4,-30.2,-27.3,  6,  6, 0.50,330,15.8
2026-03-20 23:13:06,-99.9378,37.7286, 623.2, 4115,  3.3,-30.2,-27.3,  6,  6, 0.50,330,15.9
2026-03-20 23:13:07,-99.9377,37.7285, 622.8, 4120,  3.3,-30.2,-27.3,  6,  6, 0.50,331,15.9
2026-03-20 23:13:08,-99.9376,37.7284, 622.3, 4126,  3.3,-30.3,-27.4,  6,  6, 0.50,331,16.0
2026-03-20 23:13:09,-99.9375,37.7283, 621.8, 4133,  3.2,-30.3,-27.5,  6,  6, 0.49,331,16.0
2026-03-20 23:13:10,-99.9374,37.7281, 621.3, 4140,  3.1,-30.4,-27.6,  6,  6, 0.49,332,16.1
2026-03-20 23:13:11,-99.9373,37.7280, 620.8, 4146,  3.1,-30.5,-27.6,  6,  6, 0.49,332,16.2
2026-03-20 23:13:12,-99.9373,37.7279, 620.2, 4153,  3.0,-30.6,-27.7,  6,  6, 0.48,332,16.2
2026-03-20 23:13:13,-99.9372,37.7278, 619.7, 4161,  3.0,-30.6,-27.7,  6,  6, 0.48,333,16.3
2026-03-20 23:13:14,-99.9371,37.7277, 619.2, 4168,  2.9,-30.7,-27.8,  6,  6, 0.48,333,16.4
2026-03-20 23:13:15,-99.9370,37.7276, 618.7, 4174,  2.9,-30.7,-27.8,  6,  6, 0.48,333,16.5
2026-03-20 23:13:16,-99.9369,37.7274, 618.2, 4180,  2.8,-30.8,-27.9,  6,  6, 0.48,333,16.6
2026-03-20 23:13:17,-99.9369,37.7273, 617.8, 4185,  2.8,-30.8,-27.9,  6,  6, 0.48,334,16.7
2026-03-20 23:13:18,-99.9368,37.7271, 617.4, 4190,  2.8,-30.7,-27.8,  6,  6, 0.48,334,16.8
2026-03-20 23:13:19,-99.9367,37.7270, 617.1, 4195,  2.8,-30.7,-27.8,  6,  6, 0.48,334,16.9
2026-03-20 23:13:20,-99.9366,37.7268, 616.7, 4199,  2.7,-30.7,-27.8,  6,  6, 0.48,334,17.0
2026-03-20 23:13:21,-99.9365,37.7266, 616.4, 4204,  2.7,-30.7,-27.8,  6,  6, 0.48,334,17.0
2026-03-20 23:13:22,-99.9364,37.7265, 616.0, 4209,  2.6,-30.7,-27.8,  6,  6, 0.48,334,17.1
2026-03-20 23:13:23,-99.9363,37.7263, 615.7, 4213,  2.6,-30.7,-27.8,  6,  6, 0.48,335,17.2
2026-03-20 23:13:24,-99.9363,37.7262, 615.3, 4218,  2.5,-30.7,-27.8,  7,  7, 0.48,335,17.3
2026-03-20 23:13:25,-99.9362,37.7261, 614.9, 4224,  2.5,-30.6,-27.7,  7,  7, 0.49,335,17.4
2026-03-20 23:13:26,-99.9361,37.7260, 614.4, 4230,  2.4,-30.5,-27.7,  7,  7, 0.49,335,17.5
2026-03-20 23:13:27,-99.9361,37.7258, 613.9, 4237,  2.4,-30.5,-27.6,  7,  7, 0.49,335,17.5
2026-03-20 23:13:28,-99.9360,37.7257, 613.3, 4244,  2.3,-30.5,-27.6,  7,  7, 0.50,335,17.6
2026-03-20 23:13:29,-99.9359,37.7255, 612.9, 4250,  2.3,-30.4,-27.6,  7,  7, 0.50,335,17.7
2026-03-20 23:13:30,-99.9358,37.7253, 612.4, 4256,  2.3,-30.4,-27.6,  7,  7, 0.50,335,17.7
2026-03-20 23:13:31,-99.9357,37.7251, 612.0, 4262,  2.2,-30.5,-27.6,  7,  7, 0.50,335,17.8
2026-03-20 23:13:32,-99.9356,37.7250, 611.5, 4268,  2.1,-30.5,-27.6,  7,  7, 0.50,335,17.9
2026-03-20 23:13:33,-99.9356,37.7248, 611.0, 4274,  2.1,-30.5,-27.6,  7,  7, 0.50,335,17.9
2026-03-20 23:13:34,-99.9355,37.7247, 610.6, 4280,  2.0,-30.5,-27.6,  7,  7, 0.50,335,18.0
2026-03-20 23:13:35,-99.9355,37.7246, 610.2, 4286,  2.0,-30.5,-27.6,  7,  7, 0.50,335,18.1
2026-03-20 23:13:36,-99.9354,37.7245, 609.7, 4292,  1.9,-30.4,-27.6,  7,  7, 0.50,335,18.1
2026-03-20 23:13:37,-99.9353,37.7244, 609.2, 4298,  1.9,-30.3,-27.5,  7,  7, 0.50,335,18.2
2026-03-20 23:13:38,-99.9351,37.7243, 608.7, 4305,  1.8,-30.3,-27.4,  7,  7, 0.51,335,18.2
2026-03-20 23:13:39,-99.9350,37.7241, 608.2, 4311,  1.7,-30.3,-27.5,  7,  7, 0.51,335,18.3
2026-03-20 23:13:40,-99.9349,37.7240, 607.8, 4317,  1.7,-30.4,-27.5,  7,  7, 0.50,335,18.4
2026-03-20 23:13:41,-99.9348,37.7238, 607.3, 4323,  1.6,-30.3,-27.5,  7,  7, 0.51,335,18.4
2026-03-20 23:13:42,-99.9347,37.7236, 606.9, 4329,  1.6,-30.3,-27.4,  7,  7, 0.51,335,18.5
2026-03-20 23:13:43,-99.9346,37.7234, 606.5, 4334,  1.5,-30.3,-27.4,  7,  7, 0.51,335,18.5
2026-03-20 23:13:44,-99.9345,37.7233, 606.2, 4339,  1.5,-30.2,-27.4,  7,  7, 0.51,335,18.6
2026-03-20 23:13:45,-99.9344,37.7231, 605.8, 4344,  1.5,-30.2,-27.3,  7,  7, 0.51,336,18.6
2026-03-20 23:13:46,-99.9343,37.7230, 605.4, 4349,  1.5,-30.1,-27.3,  7,  7, 0.52,336,18.7
2026-03-20 23:13:47,-99.9342,37.7229, 605.0, 4355,  1.4,-30.0,-27.2,  7,  7, 0.52,336,18.7
2026-03-20 23:13:48,-99.9341,37.7227, 604.6, 4360,  1.4,-30.0,-27.1,  8,  8, 0.53,336,18.8
2026-03-20 23:13:49,-99.9340,37.7226, 604.2, 4365,  1.4,-29.9,-27.1,  8,  8, 0.53,336,18.8
2026-03-20 23:13:50,-99.9340,37.7224, 603.8, 4371,  1.3,-29.9,-27.1,  8,  8, 0.53,336,18.8
2026-03-20 23:13:51,-99.9339,37.7222, 603.3, 4376,  1.3,-29.9,-27.0,  8,  8, 0.53,336,18.8
2026-03-20 23:13:52,-99.9339,37.7221, 602.8, 4383,  1.2,-29.9,-27.0,  8,  8, 0.53,337,18.9
2026-03-20 23:13:53,-99.9338,37.7219, 602.3, 4390,  1.2,-29.9,-27.1,  8,  8, 0.53,337,18.9
2026-03-20 23:13:54,-99.9337,37.7217, 601.8, 4397,  1.1,-29.9,-27.1,  8,  8, 0.53,337,18.9
2026-03-20 23:13:55,-99.9336,37.7216, 601.2, 4404,  1.1,-30.0,-27.1,  8,  8, 0.53,337,18.9
2026-03-20 23:13:56,-99.9335,37.7214, 600.6, 4412,  1.0,-30.0,-27.1,  8,  8, 0.53,337,18.9
2026-03-20 23:13:57,-99.9335,37.7212, 600.0, 4421,  0.9,-30.0,-27.1,  8,  8, 0.53,338,18.9
2026-03-20 23:13:58,-99.9334,37.7210, 599.4, 4429,  0.9,-30.0,-27.2,  8,  8, 0.53,338,18.9
2026-03-20 23:13:59,-99.9333,37.7209, 598.8, 4437,  0.8,-30.1,-27.2,  8,  8, 0.53,338,18.9
2026-03-20 23:14:00,-99.9332,37.7207, 598.3, 4444,  0.7,-30.1,-27.3,  8,  8, 0.52,338,18.9
2026-03-20 23:14:01,-99.9331,37.7206, 597.8, 4450,  0.7,-30.2,-27.3,  8,  8, 0.52,339,18.9
2026-03-20 23:14:02,-99.9330,37.7205, 597.5, 4454,  0.6,-30.2,-27.3,  8,  8, 0.52,339,18.9
2026-03-20 23:14:03,-99.9329,37.7203, 597.2, 4459,  0.6,-30.1,-27.3,  8,  8, 0.52,339,18.9
2026-03-20 23:14:04,-99.9328,37.7201, 596.8, 4463,  0.6,-30.1,-27.3,  8,  8, 0.52,340,18.9
2026-03-20 23:14:05,-99.9327,37.7200, 596.5, 4468,  0.6,-30.1,-27.3,  8,  8, 0.52,340,18.9
2026-03-20 23:14:06,-99.9326,37.7199, 596.1, 4473,  0.5,-30.1,-27.3,  8,  8, 0.53,340,18.9
2026-03-20 23:14:07,-99.9325,37.7197, 595.7, 4479,  0.5,-30.1,-27.2,  8,  8, 0.53,341,18.9
2026-03-20 23:14:08,-99.9325,37.7196, 595.2, 4485,  0.4,-30.1,-27.2,  8,  8, 0.53,341,19.0
2026-03-20 23:14:09,-99.9324,37.7194, 594.7, 4492,  0.3,-30.1,-27.2,  8,  8, 0.53,341,19.0
2026-03-20 23:14:10,-99.9323,37.7192, 594.2, 4498,  0.3,-30.0,-27.2,  8,  8, 0.53,342,19.0
2026-03-20 23:14:11,-99.9323,37.7191, 593.8, 4504,  0.2,-30.1,-27.2,  8,  8, 0.53,342,19.0
2026-03-20 23:14:12,-99.9322,37.7189, 593.4, 4509,  0.2,-30.1,-27.3,  8,  8, 0.53,342,19.1
2026-03-20 23:14:13,-99.9322,37.7187, 593.1, 4514,  0.1,-30.2,-27.3,  8,  8, 0.53,343,19.1
2026-03-20 23:14:14,-99.9322,37.7186, 592.7, 4519,  0.1,-30.2,-27.3,  8,  8, 0.53,343,19.1
2026-03-20 23:14:15,-99.9321,37.7184, 592.2, 4525,  0.1,-30.2,-27.4,  8,  8, 0.52,343,19.2
2026-03-20 23:14:16,-99.9321,37.7182, 591.7, 4532,  0.0,-30.3,-27.5,  8,  8, 0.52,343,19.3
2026-03-20 23:14:17,-99.9320,37.7181, 591.2, 4539,  0.0,-30.5,-27.6,  8,  8, 0.51,344,19.3
2026-03-20 23:14:18,-99.9320,37.7179, 590.6, 4547, -0.0,-30.6,-27.7,  8,  8, 0.51,344,19.4
2026-03-20 23:14:19,-99.9319,37.7177, 590.1, 4555, -0.1,-30.6,-27.7,  8,  8, 0.51,344,19.4
2026-03-20 23:14:20,-99.9319,37.7175, 589.5, 4562, -0.2,-30.7,-27.8,  8,  8, 0.51,345,19.5
2026-03-20 23:14:21,-99.9319,37.7174, 588.9, 4570, -0.2,-30.7,-27.8,  8,  8, 0.50,345,19.6
2026-03-20 23:14:22,-99.9318,37.7172, 588.4, 4577, -0.3,-30.8,-27.9,  8,  8, 0.50,345,19.6
2026-03-20 23:14:23,-99.9318,37.7171, 588.0, 4583, -0.4,-30.9,-28.0,  8,  8, 0.49,345,19.7
2026-03-20 23:14:24,-99.9317,37.7169, 587.5, 4590, -0.4,-31.1,-28.2,  8,  8, 0.49,345,19.8
2026-03-20 23:14:25,-99.9316,37.7167, 587.0, 4596, -0.4,-31.2,-28.3,  8,  8, 0.48,346,19.8
2026-03-20 23:14:26,-99.9315,37.7166, 586.6, 4602, -0.4,-31.4,-28.4,  8,  8, 0.48,346,19.9
2026-03-20 23:14:27,-99.9314,37.7164, 586.1, 4608, -0.4,-31.4,-28.5,  8,  8, 0.47,346,19.9
2026-03-20 23:14:28,-99.9313,37.7162, 585.7, 4613, -0.5,-31.4,-28.5,  8,  8, 0.47,346,20.0
2026-03-20 23:14:29,-99.9313,37.7160, 585.4, 4618, -0.5,-31.4,-28.4,  8,  8, 0.48,346,20.0
2026-03-20 23:14:30,-99.9312,37.7158, 585.1, 4622, -0.6,-31.3,-28.4,  8,  8, 0.48,346,20.1
2026-03-20 23:14:31,-99.9312,37.7156, 584.8, 4626, -0.6,-31.3,-28.3,  8,  8, 0.48,346,20.1
2026-03-20 23:14:32,-99.9312,37.7154, 584.5, 4630, -0.6,-31.2,-28.3,  8,  8, 0.48,346,20.2
2026-03-20 23:14:33,-99.9312,37.7152, 584.1, 4635, -0.7,-31.2,-28.3,  8,  8, 0.49,346,20.2
2026-03-20 23:14:34,-99.9311,37.7151, 583.8, 4640, -0.7,-31.1,-28.2,  8,  8, 0.49,346,20.2
2026-03-20 23:14:35,-99.9311,37.7149, 583.5, 4644, -0.8,-31.0,-28.1,  8,  8, 0.50,346,20.3
2026-03-20 23:14:36,-99.9310,37.7147, 583.2, 4649, -0.8,-30.9,-28.0,  8,  8, 0.50,346,20.3
2026-03-20 23:14:37,-99.9310,37.7146, 582.8, 4653, -0.8,-30.7,-27.8,  8,  8, 0.51,346,20.3
2026-03-20 23:14:38,-99.9309,37.7144, 582.5, 4658, -0.9,-30.7,-27.8,  8,  8, 0.51,346,20.3
2026-03-20 23:14:39,-99.9309,37.7142, 582.1, 4663, -0.9,-30.7,-27.8,  8,  8, 0.51,346,20.3
2026-03-20 23:14:40,-99.9308,37.7140, 581.7, 4668, -1.0,-30.7,-27.8,  8,  9, 0.51,346,20.3
2026-03-20 23:14:41,-99.9308,37.7138, 581.3, 4674, -1.0,-30.7,-27.8,  8,  9, 0.51,346,20.3
2026-03-20 23:14:42,-99.9307,37.7137, 580.9, 4679, -1.1,-30.7,-27.8,  8,  9, 0.51,346,20.3
2026-03-20 23:14:43,-99.9306,37.7135, 580.6, 4684, -1.1,-30.7,-27.8,  8,  9, 0.51,345,20.3
2026-03-20 23:14:44,-99.9306,37.7133, 580.2, 4688, -1.2,-30.7,-27.8,  8,  9, 0.51,345,20.3
2026-03-20 23:14:45,-99.9305,37.7131, 579.9, 4693, -1.2,-30.7,-27.8,  9,  9, 0.51,345,20.3
2026-03-20 23:14:46,-99.9304,37.7129, 579.6, 4698, -1.3,-30.6,-27.7,  9,  9, 0.52,345,20.3
2026-03-20 23:14:47,-99.9303,37.7128, 579.2, 4703, -1.3,-30.6,-27.7,  9,  9, 0.52,345,20.3
2026-03-20 23:14:48,-99.9303,37.7126, 578.8, 4708, -1.3,-30.6,-27.7,  9,  9, 0.52,345,20.3
2026-03-20 23:14:49,-99.9302,37.7124, 578.5, 4713, -1.4,-30.7,-27.8,  9,  9, 0.51,345,20.3
2026-03-20 23:14:50,-99.9302,37.7122, 578.1, 4718, -1.4,-30.8,-27.9,  9,  9, 0.51,345,20.3
2026-03-20 23:14:51,-99.9301,37.7120, 577.7, 4723, -1.4,-30.8,-27.9,  9,  9, 0.51,345,20.3
2026-03-20 23:14:52,-99.9300,37.7119, 577.3, 4729, -1.5,-30.9,-27.9,  9,  9, 0.51,345,20.3
2026-03-20 23:14:53,-99.9300,37.7117, 576.9, 4734, -1.5,-31.0,-28.1,  9,  9, 0.50,345,20.2
2026-03-20 23:14:54,-99.9299,37.7115, 576.5, 4740, -1.6,-31.1,-28.1,  8,  9, 0.50,345,20.2
2026-03-20 23:14:55,-99.9299,37.7114, 576.1, 4745, -1.6,-31.1,-28.2,  8,  9, 0.50,345,20.2
2026-03-20 23:14:56,-99.9298,37.7112, 575.7, 4751, -1.7,-31.1,-28.2,  8,  9, 0.50,345,20.2
2026-03-20 23:14:57,-99.9298,37.7111, 575.2, 4757, -1.7,-31.1,-28.2,  8,  9, 0.49,345,20.1
2026-03-20 23:14:58,-99.9297,37.7109, 574.8, 4764, -1.8,-31.2,-28.2,  9,  9, 0.49,345,20.1
2026-03-20 23:14:59,-99.9296,37.7107, 574.3, 4770, -1.8,-31.2,-28.3,  9,  9, 0.49,344,20.1
2026-03-20 23:15:00,-99.9295,37.7105, 573.9, 4776, -1.9,-31.2,-28.3,  9,  9, 0.49,344,20.1
2026-03-20 23:15:01,-99.9295,37.7103, 573.6, 4781, -1.9,-31.2,-28.3,  9,  9, 0.49,344,20.0
2026-03-20 23:15:02,-99.9294,37.7101, 573.2, 4785, -2.0,-31.2,-28.2,  9,  9, 0.50,344,20.0
2026-03-20 23:15:03,-99.9294,37.7099, 572.9, 4789, -2.0,-31.1,-28.2,  9,  9, 0.50,344,20.0
2026-03-20 23:15:04,-99.9293,37.7097, 572.6, 4793, -2.0,-31.0,-28.1,  9,  9, 0.50,344,19.9
2026-03-20 23:15:05,-99.9293,37.7096, 572.3, 4798, -2.1,-31.0,-28.0,  9,  9, 0.51,343,19.9
2026-03-20 23:15:06,-99.9293,37.7094, 572.0, 4803, -2.1,-30.9,-28.0,  9,  9, 0.51,343,19.9
2026-03-20 23:15:07,-99.9292,37.7092, 571.6, 4808, -2.2,-30.9,-28.0,  9,  9, 0.51,343,19.9
2026-03-20 23:15:08,-99.9291,37.7091, 571.2, 4814, -2.2,-30.9,-28.0,  9,  9, 0.51,343,19.9
2026-03-20 23:15:09,-99.9290,37.7089, 570.7, 4820, -2.3,-30.9,-28.0,  9,  9, 0.51,342,19.9
2026-03-20 23:15:10,-99.9289,37.7087, 570.3, 4826, -2.3,-30.9,-28.0,  9,  9, 0.51,342,19.9
2026-03-20 23:15:11,-99.9289,37.7086, 569.8, 4832, -2.4,-30.9,-28.0,  9,  9, 0.51,342,19.9
2026-03-20 23:15:12,-99.9288,37.7084, 569.4, 4838, -2.4,-30.9,-28.0,  9,  9, 0.51,341,19.9
2026-03-20 23:15:13,-99.9287,37.7083, 569.1, 4843, -2.4,-30.9,-28.0,  9,  9, 0.51,341,19.9
2026-03-20 23:15:14,-99.9287,37.7081, 568.8, 4847, -2.5,-30.9,-28.0,  9,  9, 0.51,341,19.9
2026-03-20 23:15:15,-99.9287,37.7079, 568.5, 4851, -2.5,-30.9,-28.0,  9,  9, 0.51,340,20.0
2026-03-20 23:15:16,-99.9286,37.7078, 568.2, 4855, -2.5,-30.9,-28.0,  9,  9, 0.51,340,20.0
2026-03-20 23:15:17,-99.9286,37.7076, 567.8, 4861, -2.6,-30.8,-27.9,  9, 10, 0.52,340,20.1
2026-03-20 23:15:18,-99.9285,37.7074, 567.4, 4867, -2.6,-30.8,-27.9,  9, 10, 0.52,339,20.1
2026-03-20 23:15:19,-99.9284,37.7073, 566.9, 4873, -2.7,-30.7,-27.8,  9, 10, 0.52,339,20.2
2026-03-20 23:15:20,-99.9283,37.7071, 566.5, 4879, -2.7,-30.7,-27.8, 10, 10, 0.52,339,20.2
2026-03-20 23:15:21,-99.9282,37.7069, 566.0, 4885, -2.8,-30.8,-27.9, 10, 10, 0.52,339,20.3
2026-03-20 23:15:22,-99.9281,37.7068, 565.7, 4891, -2.8,-30.8,-27.9,  9, 10, 0.52,338,20.4
2026-03-20 23:15:23,-99.9279,37.7066, 565.3, 4895, -2.8,-30.9,-28.0,  9, 10, 0.52,338,20.4
2026-03-20 23:15:24,-99.9278,37.7065, 565.0, 4899, -2.9,-30.9,-28.0,  9, 10, 0.52,338,20.5
2026-03-20 23:15:25,-99.9277,37.7063, 564.7, 4903, -2.9,-30.9,-27.9, 10, 10, 0.52,338,20.6
2026-03-20 23:15:26,-99.9276,37.7061, 564.4, 4908, -2.9,-30.8,-27.9, 10, 10, 0.52,338,20.7
2026-03-20 23:15:27,-99.9275,37.7059, 564.0, 4913, -2.9,-30.8,-27.9, 10, 10, 0.52,338,20.7
2026-03-20 23:15:28,-99.9274,37.7058, 563.7, 4918, -3.0,-30.8,-27.9, 10, 10, 0.52,338,20.8
2026-03-20 23:15:29,-99.9273,37.7056, 563.3, 4923, -3.0,-30.8,-27.9, 10, 10, 0.52,338,20.9
2026-03-20 23:15:30,-99.9272,37.7054, 563.0, 4927, -3.0,-30.8,-27.9, 10, 10, 0.52,338,21.0
2026-03-20 23:15:31,-99.9272,37.7052, 562.7, 4932, -3.1,-30.8,-27.9, 10, 10, 0.52,338,21.1
2026-03-20 23:15:32,-99.9271,37.7050, 562.4, 4936, -3.1,-30.8,-27.9, 10, 10, 0.52,339,21.1
2026-03-20 23:15:33,-99.9270,37.7048, 562.1, 4940, -3.1,-30.8,-27.9, 10, 10, 0.52,339,21.2
2026-03-20 23:15:34,-99.9269,37.7047, 561.8, 4944, -3.2,-30.8,-27.9, 10, 10, 0.53,339,21.3
2026-03-20 23:15:35,-99.9268,37.7045, 561.5, 4949, -3.2,-30.7,-27.8, 10, 10, 0.53,339,21.3
2026-03-20 23:15:36,-99.9267,37.7043, 561.2, 4953, -3.3,-30.7,-27.8, 10, 10, 0.53,340,21.4
2026-03-20 23:15:37,-99.9266,37.7041, 560.9, 4958, -3.3,-30.6,-27.7, 10, 10, 0.53,340,21.5
2026-03-20 23:15:38,-99.9265,37.7040, 560.6, 4962, -3.3,-30.5,-27.6, 10, 10, 0.54,340,21.5
2026-03-20 23:15:39,-99.9264,37.7038, 560.2, 4967, -3.4,-30.4,-27.6, 10, 11, 0.54,341,21.6
2026-03-20 23:15:40,-99.9263,37.7036, 559.9, 4971, -3.4,-30.3,-27.5, 10, 11, 0.55,341,21.7
2026-03-20 23:15:41,-99.9263,37.7034, 559.6, 4976, -3.5,-30.3,-27.4, 10, 11, 0.55,341,21.7
2026-03-20 23:15:42,-99.9262,37.7033, 559.3, 4980, -3.5,-30.2,-27.3, 11, 11, 0.56,342,21.8
2026-03-20 23:15:43,-99.9261,37.7031, 558.9, 4985, -3.5,-30.0,-27.2, 11, 11, 0.57,342,21.9
2026-03-20 23:15:44,-99.9261,37.7029, 558.6, 4990, -3.6,-29.9,-27.0, 11, 11, 0.57,342,21.9
2026-03-20 23:15:45,-99.9260,37.7027, 558.2, 4995, -3.6,-29.8,-26.9, 11, 12, 0.58,342,22.0
2026-03-20 23:15:46,-99.9259,37.7025, 557.9, 5000, -3.6,-29.7,-26.9, 11, 12, 0.59,343,22.0
2026-03-20 23:15:47,-99.9259,37.7023, 557.5, 5006, -3.7,-29.6,-26.8, 11, 12, 0.59,343,22.1
2026-03-20 23:15:48,-99.9258,37.7021, 557.1, 5011, -3.8,-29.5,-26.7, 12, 12, 0.60,343,22.1
2026-03-20 23:15:49,-99.9257,37.7019, 556.7, 5017, -3.8,-29.3,-26.5, 12, 12, 0.61,343,22.2
2026-03-20 23:15:50,-99.9257,37.7017, 556.2, 5024, -3.9,-29.2,-26.4, 12, 12, 0.61,343,22.2
2026-03-20 23:15:51,-99.9256,37.7015, 555.7, 5030, -3.9,-29.0,-26.3, 12, 13, 0.62,343,22.3
2026-03-20 23:15:52,-99.9255,37.7013, 555.3, 5037, -4.0,-28.9,-26.1, 12, 13, 0.63,343,22.3
2026-03-20 23:15:53,-99.9255,37.7011, 554.9, 5043, -4.0,-28.8,-26.0, 13, 13, 0.64,343,22.4
2026-03-20 23:15:54,-99.9254,37.7008, 554.5, 5048, -4.1,-28.7,-26.0, 13, 13, 0.65,343,22.4
2026-03-20 23:15:55,-99.9253,37.7006, 554.1, 5053, -4.1,-28.7,-25.9, 13, 13, 0.65,343,22.4
2026-03-20 23:15:56,-99.9253,37.7004, 553.9, 5057, -4.1,-28.7,-25.9, 13, 13, 0.65,343,22.5
2026-03-20 23:15:57,-99.9253,37.7003, 553.6, 5060, -4.1,-28.7,-25.9, 13, 13, 0.65,343,22.5
2026-03-20 23:15:58,-99.9252,37.7001, 553.4, 5064, -4.1,-28.6,-25.9, 13, 13, 0.65,343,22.5
2026-03-20 23:15:59,-99.9251,37.6999, 553.2, 5067, -4.2,-28.5,-25.8, 13, 14, 0.66,343,22.6
2026-03-20 23:16:00,-99.9251,37.6998, 552.9, 5071, -4.2,-28.5,-25.8, 13, 14, 0.66,343,22.6
2026-03-20 23:16:01,-99.9250,37.6996, 552.6, 5075, -4.2,-28.5,-25.7, 13, 14, 0.66,342,22.6
2026-03-20 23:16:02,-99.9249,37.6994, 552.3, 5079, -4.3,-28.4,-25.7, 13, 14, 0.67,342,22.6
2026-03-20 23:16:03,-99.9248,37.6992, 552.0, 5083, -4.3,-28.4,-25.6, 13, 14, 0.67,342,22.6
2026-03-20 23:16:04,-99.9247,37.6989, 551.7, 5088, -4.3,-28.3,-25.6, 13, 14, 0.67,342,22.6
2026-03-20 23:16:05,-99.9246,37.6988, 551.4, 5092, -4.4,-28.3,-25.6, 13, 14, 0.67,342,22.6
2026-03-20 23:16:06,-99.9245,37.6986, 551.1, 5096, -4.4,-28.4,-25.7, 13, 14, 0.67,341,22.6
2026-03-20 23:16:07,-99.9245,37.6984, 550.8, 5100, -4.4,-28.5,-25.8, 13, 14, 0.66,341,22.6
2026-03-20 23:16:08,-99.9244,37.6982, 550.6, 5104, -4.5,-28.7,-26.0, 13, 14, 0.65,341,22.6
2026-03-20 23:16:09,-99.9243,37.6980, 550.3, 5108, -4.5,-28.9,-26.1, 13, 13, 0.64,341,22.6
2026-03-20 23:16:10,-99.9242,37.6978, 550.1, 5111, -4.5,-29.0,-26.2, 13, 13, 0.63,341,22.6
2026-03-20 23:16:11,-99.9241,37.6976, 549.8, 5115, -4.5,-29.1,-26.3, 13, 13, 0.63,341,22.6
2026-03-20 23:16:12,-99.9240,37.6974, 549.5, 5119, -4.6,-29.1,-26.3, 13, 13, 0.63,341,22.6
2026-03-20 23:16:13,-99.9239,37.6972, 549.3, 5123, -4.6,-29.1,-26.3, 13, 13, 0.63,340,22.5
2026-03-20 23:16:14,-99.9238,37.6970, 549.0, 5126, -4.6,-29.2,-26.4, 13, 13, 0.63,340,22.5
2026-03-20 23:16:15,-99.9237,37.6968, 548.8, 5129, -4.7,-29.2,-26.4, 13, 13, 0.62,340,22.5
2026-03-20 23:16:16,-99.9236,37.6966, 548.5, 5133, -4.7,-29.3,-26.5, 13, 13, 0.62,340,22.5
2026-03-20 23:16:17,-99.9235,37.6964, 548.3, 5137, -4.7,-29.2,-26.5, 13, 13, 0.62,340,22.4
2026-03-20 23:16:18,-99.9234,37.6962, 547.9, 5142, -4.8,-29.3,-26.5, 13, 13, 0.62,340,22.4
2026-03-20 23:16:19,-99.9233,37.6960, 547.6, 5146, -4.8,-29.3,-26.5, 13, 13, 0.62,340,22.4
2026-03-20 23:16:20,-99.9233,37.6959, 547.3, 5151, -4.8,-29.3,-26.5, 13, 13, 0.62,340,22.3
2026-03-20 23:16:21,-99.9232,37.6957, 546.9, 5156, -4.9,-29.4,-26.6, 13, 13, 0.62,340,22.3
2026-03-20 23:16:22,-99.9231,37.6955, 546.6, 5161, -4.9,-29.4,-26.6, 13, 13, 0.61,340,22.3
2026-03-20 23:16:23,-99.9230,37.6953, 546.2, 5166, -4.9,-29.4,-26.6, 13, 13, 0.61,340,22.2
2026-03-20 23:16:24,-99.9229,37.6951, 545.9, 5171, -5.0,-29.6,-26.7, 13, 13, 0.61,340,22.2
2026-03-20 23:16:25,-99.9228,37.6950, 545.6, 5175, -5.0,-29.6,-26.8, 13, 13, 0.60,340,22.2
2026-03-20 23:16:26,-99.9228,37.6948, 545.3, 5179, -5.1,-29.7,-26.8, 13, 13, 0.60,340,22.2
2026-03-20 23:16:27,-99.9227,37.6946, 545.0, 5184, -5.1,-29.7,-26.9, 13, 13, 0.60,340,22.1
2026-03-20 23:16:28,-99.9226,37.6944, 544.7, 5188, -5.1,-29.7,-26.9, 13, 13, 0.60,340,22.1
2026-03-20 23:16:29,-99.9225,37.6942, 544.4, 5192, -5.1,-29.7,-26.9, 13, 13, 0.60,340,22.1
2026-03-20 23:16:30,-99.9224,37.6940, 544.1, 5197, -5.2,-29.7,-26.8, 13, 13, 0.60,340,22.1
2026-03-20 23:16:31,-99.9223,37.6938, 543.8, 5201, -5.2,-29.7,-26.8, 13, 13, 0.60,340,22.1
2026-03-20 23:16:32,-99.9223,37.6936, 543.6, 5205, -5.3,-29.6,-26.8, 13, 13, 0.60,340,22.1
2026-03-20 23:16:33,-99.9222,37.6934, 543.3, 5209, -5.3,-29.6,-26.8, 13, 14, 0.61,340,22.1
2026-03-20 23:16:34,-99.9221,37.6933, 542.9, 5214, -5.4,-29.6,-26.8, 13, 14, 0.61,341,22.1
2026-03-20 23:16:35,-99.9220,37.6931, 542.6, 5218, -5.4,-29.6,-26.8, 13, 14, 0.61,341,22.1
2026-03-20 23:16:36,-99.9220,37.6929, 542.4, 5222, -5.4,-29.7,-26.8, 13, 14, 0.60,341,22.1
2026-03-20 23:16:37,-99.9219,37.6927, 542.1, 5226, -5.4,-29.7,-26.9, 13, 14, 0.60,341,22.1
2026-03-20 23:16:38,-99.9218,37.6925, 541.8, 5229, -5.5,-29.6,-26.8, 13, 14, 0.61,341,22.2
2026-03-20 23:16:39,-99.9217,37.6923, 541.6, 5233, -5.5,-29.6,-26.8, 13, 14, 0.61,341,22.2
2026-03-20 23:16:40,-99.9216,37.6921, 541.4, 5236, -5.5,-29.5,-26.7, 13, 14, 0.61,341,22.2
2026-03-20 23:16:41,-99.9215,37.6920, 541.1, 5240, -5.6,-29.4,-26.6, 13, 14, 0.62,341,22.2
2026-03-20 23:16:42,-99.9214,37.6918, 540.9, 5243, -5.6,-29.3,-26.5, 13, 14, 0.62,341,22.3
2026-03-20 23:16:43,-99.9213,37.6916, 540.7, 5247, -5.6,-29.3,-26.5, 14, 14, 0.63,340,22.3
2026-03-20 23:16:44,-99.9213,37.6914, 540.4, 5250, -5.7,-29.3,-26.5, 14, 14, 0.63,340,22.3
2026-03-20 23:16:45,-99.9212,37.6912, 540.1, 5254, -5.7,-29.2,-26.5, 14, 14, 0.63,340,22.4
2026-03-20 23:16:46,-99.9211,37.6910, 539.9, 5258, -5.7,-29.3,-26.5, 14, 14, 0.63,340,22.4
2026-03-20 23:16:47,-99.9210,37.6908, 539.6, 5261, -5.8,-29.3,-26.5, 14, 14, 0.63,340,22.5
2026-03-20 23:16:48,-99.9210,37.6906, 539.4, 5265, -5.8,-29.4,-26.6, 14, 14, 0.62,340,22.5
2026-03-20 23:16:49,-99.9209,37.6904, 539.2, 5268, -5.8,-29.4,-26.6, 14, 14, 0.62,340,22.5
2026-03-20 23:16:50,-99.9208,37.6903, 539.0, 5271, -5.9,-29.4,-26.6, 14, 14, 0.62,340,22.6
2026-03-20 23:16:51,-99.9207,37.6901, 538.8, 5274, -5.9,-29.4,-26.6, 14, 14, 0.62,340,22.6
2026-03-20 23:16:52,-99.9206,37.6899, 538.5, 5277, -5.9,-29.4,-26.6, 14, 15, 0.63,340,22.7
2026-03-20 23:16:53,-99.9205,37.6897, 538.3, 5281, -6.0,-29.2,-26.5, 14, 15, 0.63,340,22.7
2026-03-20 23:16:54,-99.9205,37.6895, 538.1, 5284, -6.0,-29.0,-26.3, 14, 15, 0.64,340,22.7
2026-03-20 23:16:55,-99.9204,37.6893, 537.8, 5288, -6.0,-28.8,-26.0, 15, 16, 0.66,340,22.8
2026-03-20 23:16:56,-99.9203,37.6891, 537.6, 5291, -6.1,-28.5,-25.8, 15, 16, 0.68,340,22.8
2026-03-20 23:16:57,-99.9202,37.6889, 537.3, 5295, -6.1,-28.4,-25.7, 15, 16, 0.68,340,22.9
2026-03-20 23:16:58,-99.9201,37.6887, 537.1, 5298, -6.1,-28.4,-25.7, 15, 16, 0.69,340,22.9
2026-03-20 23:16:59,-99.9200,37.6885, 536.9, 5302, -6.1,-28.3,-25.6, 15, 16, 0.69,340,22.9
2026-03-20 23:17:00,-99.9199,37.6883, 536.6, 5305, -6.2,-28.3,-25.6, 16, 17, 0.69,339,23.0
2026-03-20 23:17:01,-99.9198,37.6881, 536.3, 5309, -6.2,-28.2,-25.5, 16, 17, 0.70,339,23.0
2026-03-20 23:17:02,-99.9197,37.6879, 536.1, 5313, -6.3,-28.2,-25.5, 16, 17, 0.70,339,23.0
2026-03-20 23:17:03,-99.9196,37.6877, 535.8, 5317, -6.3,-28.3,-25.6, 16, 17, 0.70,339,23.1
2026-03-20 23:17:04,-99.9195,37.6875, 535.6, 5321, -6.3,-28.3,-25.6, 16, 17, 0.70,339,23.1
2026-03-20 23:17:05,-99.9194,37.6873, 535.3, 5324, -6.3,-28.3,-25.5, 16, 17, 0.70,339,23.1
2026-03-20 23:17:06,-99.9193,37.6871, 535.1, 5328, -6.4,-28.2,-25.5, 16, 17, 0.70,339,23.2
2026-03-20 23:17:07,-99.9192,37.6869, 534.9, 5331, -6.4,-28.2,-25.5, 16, 17, 0.70,339,23.2
2026-03-20 23:17:08,-99.9191,37.6867, 534.7, 5334, -6.4,-28.3,-25.5, 16, 17, 0.70,339,23.2
2026-03-20 23:17:09,-99.9190,37.6866, 534.5, 5336, -6.4,-28.4,-25.7, 16, 17, 0.69,339,23.2
2026-03-20 23:17:10,-99.9190,37.6864, 534.3, 5339, -6.4,-28.5,-25.7, 16, 17, 0.69,339,23.2
2026-03-20 23:17:11,-99.9189,37.6862, 534.1, 5342, -6.4,-28.5,-25.8, 16, 17, 0.68,339,23.3
2026-03-20 23:17:12,-99.9188,37.6860, 533.9, 5346, -6.5,-28.5,-25.8, 16, 17, 0.68,339,23.3
2026-03-20 23:17:13,-99.9187,37.6858, 533.6, 5349, -6.5,-28.5,-25.8, 16, 17, 0.68,339,23.3
2026-03-20 23:17:14,-99.9186,37.6856, 533.4, 5352, -6.6,-28.5,-25.8, 16, 17, 0.69,339,23.3
2026-03-20 23:17:15,-99.9185,37.6854, 533.1, 5356, -6.6,-28.5,-25.7, 16, 17, 0.69,339,23.3
2026-03-20 23:17:16,-99.9184,37.6852, 532.9, 5359, -6.6,-28.5,-25.7, 16, 17, 0.69,339,23.3
2026-03-20 23:17:17,-99.9183,37.6850, 532.7, 5363, -6.7,-28.4,-25.7, 16, 17, 0.69,339,23.3
2026-03-20 23:17:18,-99.9182,37.6848, 532.5, 5366, -6.7,-28.3,-25.6, 16, 17, 0.70,339,23.3
2026-03-20 23:17:19,-99.9181,37.6846, 532.3, 5369, -6.8,-28.3,-25.6, 16, 17, 0.70,339,23.3
2026-03-20 23:17:20,-99.9180,37.6844, 532.1, 5372, -6.8,-28.3,-25.5, 16, 17, 0.70,339,23.4
2026-03-20 23:17:21,-99.9179,37.6842, 531.9, 5375, -6.8,-28.2,-25.5, 16, 18, 0.71,339,23.4
2026-03-20 23:17:22,-99.9178,37.6840, 531.7, 5378, -6.8,-28.2,-25.4, 17, 18, 0.71,339,23.4
2026-03-20 23:17:23,-99.9177,37.6838, 531.5, 5381, -6.9,-28.1,-25.4, 17, 18, 0.71,339,23.4
2026-03-20 23:17:24,-99.9176,37.6836, 531.3, 5384, -6.9,-28.1,-25.4, 17, 18, 0.71,338,23.4
2026-03-20 23:17:25,-99.9175,37.6834, 531.0, 5387, -6.9,-28.2,-25.5, 17, 18, 0.71,338,23.4
2026-03-20 23:17:26,-99.9174,37.6833, 530.8, 5391, -7.0,-28.2,-25.5, 17, 18, 0.71,338,23.4
2026-03-20 23:17:27,-99.9173,37.6831, 530.5, 5395, -7.0,-28.2,-25.5, 17, 18, 0.71,338,23.4
2026-03-20 23:17:28,-99.9172,37.6829, 530.2, 5399, -7.0,-28.2,-25.4, 17, 18, 0.71,338,23.5
2026-03-20 23:17:29,-99.9171,37.6827, 529.9, 5403, -7.0,-28.1,-25.4, 17, 18, 0.71,338,23.5
2026-03-20 23:17:30,-99.9170,37.6825, 529.7, 5407, -7.1,-28.1,-25.4, 17, 18, 0.71,338,23.5
2026-03-20 23:17:31,-99.9169,37.6823, 529.5, 5410, -7.1,-28.1,-25.4, 17, 18, 0.71,338,23.5
2026-03-20 23:17:32,-99.9168,37.6821, 529.2, 5414, -7.2,-28.0,-25.3, 17, 18, 0.72,338,23.6
2026-03-20 23:17:33,-99.9167,37.6819, 528.9, 5418, -7.2,-27.9,-25.2, 17, 19, 0.73,338,23.6
2026-03-20 23:17:34,-99.9166,37.6817, 528.6, 5422, -7.2,-27.9,-25.2, 18, 19, 0.73,338,23.6
2026-03-20 23:17:35,-99.9165,37.6815, 528.3, 5427, -7.3,-27.8,-25.1, 18, 19, 0.74,338,23.7
2026-03-20 23:17:36,-99.9164,37.6813, 528.0, 5431, -7.3,-27.7,-25.0, 18, 19, 0.74,338,23.7
2026-03-20 23:17:37,-99.9163,37.6811, 527.7, 5436, -7.4,-27.6,-24.9, 18, 19, 0.75,338,23.7
2026-03-20 23:17:38,-99.9162,37.6808, 527.4, 5440, -7.4,-27.5,-24.8, 18, 20, 0.76,338,23.8
2026-03-20 23:17:39,-99.9161,37.6806, 527.1, 5444, -7.4,-27.4,-24.8, 18, 20, 0.76,338,23.8
2026-03-20 23:17:40,-99.9160,37.6805, 526.9, 5448, -7.5,-27.5,-24.8, 18, 20, 0.76,338,23.8
2026-03-20 23:17:41,-99.9159,37.6803, 526.7, 5451, -7.5,-27.5,-24.8, 19, 20, 0.76,338,23.9
2026-03-20 23:17:42,-99.9158,37.6801, 526.5, 5454, -7.5,-27.4,-24.7, 19, 20, 0.77,338,23.9
2026-03-20 23:17:43,-99.9157,37.6799, 526.2, 5458, -7.6,-27.3,-24.6, 19, 20, 0.78,338,24.0
2026-03-20 23:17:44,-99.9156,37.6797, 526.0, 5461, -7.6,-27.2,-24.6, 19, 20, 0.78,338,24.0
2026-03-20 23:17:45,-99.9155,37.6795, 525.8, 5464, -7.6,-27.2,-24.6, 19, 21, 0.78,338,24.0
2026-03-20 23:17:46,-99.9154,37.6793, 525.6, 5467, -7.6,-27.1,-24.5, 19, 21, 0.79,338,24.1
2026-03-20 23:17:47,-99.9153,37.6791, 525.4, 5471, -7.7,-27.0,-24.4, 20, 21, 0.79,338,24.1
2026-03-20 23:17:48,-99.9152,37.6789, 525.1, 5474, -7.7,-27.0,-24.3, 20, 21, 0.80,338,24.1
2026-03-20 23:17:49,-99.9151,37.6787, 524.9, 5477, -7.8,-26.9,-24.3, 20, 22, 0.81,338,24.2
2026-03-20 23:17:50,-99.9149,37.6785, 524.7, 5480, -7.8,-26.8,-24.2, 20, 22, 0.81,338,24.2
2026-03-20 23:17:51,-99.9148,37.6783, 524.5, 5483, -7.8,-26.8,-24.2, 20, 22, 0.82,338,24.2
2026-03-20 23:17:52,-99.9147,37.6781, 524.3, 5487, -7.8,-26.8,-24.2, 20, 22, 0.82,338,24.2
2026-03-20 23:17:53,-99.9147,37.6779, 524.1, 5490, -7.8,-26.8,-24.2, 20, 22, 0.81,338,24.3
2026-03-20 23:17:54,-99.9146,37.6777, 523.9, 5493, -7.8,-26.8,-24.2, 20, 22, 0.81,338,24.3
2026-03-20 23:17:55,-99.9144,37.6775, 523.7, 5496, -7.9,-26.9,-24.3, 20, 22, 0.81,338,24.3
2026-03-20 23:17:56,-99.9143,37.6773, 523.5, 5498, -7.9,-26.9,-24.3, 20, 22, 0.81,338,24.3
2026-03-20 23:17:57,-99.9142,37.6771, 523.3, 5501, -7.9,-27.0,-24.4, 20, 22, 0.80,338,24.3
2026-03-20 23:17:58,-99.9141,37.6769, 523.1, 5504, -8.0,-27.0,-24.4, 20, 22, 0.80,338,24.3
2026-03-20 23:17:59,-99.9140,37.6766, 522.8, 5508, -8.0,-27.1,-24.4, 20, 22, 0.80,338,24.3
2026-03-20 23:18:00,-99.9139,37.6764, 522.6, 5512, -8.0,-27.1,-24.5, 20, 22, 0.79,338,24.2
2026-03-20 23:18:01,-99.9138,37.6762, 522.3, 5516, -8.1,-27.1,-24.5, 20, 22, 0.79,338,24.2
2026-03-20 23:18:02,-99.9137,37.6760, 522.1, 5519, -8.1,-27.2,-24.6, 20, 21, 0.79,338,24.2
2026-03-20 23:18:03,-99.9136,37.6758, 521.8, 5523, -8.1,-27.3,-24.7, 20, 21, 0.78,338,24.2
2026-03-20 23:18:04,-99.9135,37.6756, 521.6, 5526, -8.2,-27.4,-24.7, 20, 21, 0.78,338,24.1
2026-03-20 23:18:05,-99.9134,37.6754, 521.5, 5528, -8.2,-27.4,-24.8, 20, 21, 0.77,338,24.1
2026-03-20 23:18:06,-99.9133,37.6752, 521.3, 5531, -8.2,-27.5,-24.8, 20, 21, 0.77,338,24.1
2026-03-20 23:18:07,-99.9132,37.6750, 521.1, 5534, -8.2,-27.5,-24.8, 20, 21, 0.77,338,24.1
2026-03-20 23:18:08,-99.9131,37.6748, 520.9, 5537, -8.3,-27.5,-24.9, 20, 21, 0.77,338,24.0
2026-03-20 23:18:09,-99.9130,37.6746, 520.6, 5541, -8.3,-27.6,-24.9, 19, 21, 0.76,338,24.0
2026-03-20 23:18:10,-99.9129,37.6744, 520.4, 5544, -8.3,-27.7,-25.0, 19, 21, 0.76,338,23.9
2026-03-20 23:18:11,-99.9128,37.6742, 520.2, 5547, -8.3,-27.7,-25.1, 19, 21, 0.75,338,23.9
2026-03-20 23:18:12,-99.9127,37.6740, 520.0, 5550, -8.3,-27.9,-25.2, 19, 21, 0.74,338,23.9
2026-03-20 23:18:13,-99.9126,37.6738, 519.8, 5553, -8.4,-28.0,-25.3, 19, 20, 0.73,338,23.8
2026-03-20 23:18:14,-99.9125,37.6736, 519.6, 5556, -8.4,-28.1,-25.4, 19, 20, 0.73,338,23.8
2026-03-20 23:18:15,-99.9124,37.6734, 519.4, 5559, -8.4,-28.1,-25.4, 19, 20, 0.73,338,23.8
2026-03-20 23:18:16,-99.9123,37.6732, 519.2, 5562, -8.5,-28.0,-25.3, 19, 21, 0.74,338,23.8
2026-03-20 23:18:17,-99.9122,37.6730, 519.0, 5565, -8.5,-27.9,-25.2, 19, 21, 0.74,338,23.7
2026-03-20 23:18:18,-99.9121,37.6729, 518.8, 5568, -8.5,-27.9,-25.2, 19, 21, 0.74,338,23.7
2026-03-20 23:18:19,-99.9120,37.6727, 518.6, 5571, -8.6,-28.0,-25.3, 19, 21, 0.74,338,23.7
2026-03-20 23:18:20,-99.9119,37.6725, 518.4, 5574, -8.6,-28.2,-25.5, 19, 21, 0.72,338,23.6
2026-03-20 23:18:21,-99.9118,37.6722, 518.2, 5577, -8.6,-28.5,-25.8, 18, 20, 0.70,338,23.6
2026-03-20 23:18:22,-99.9117,37.6720, 518.0, 5580, -8.6,-28.8,-26.1, 18, 19, 0.68,338,23.6
2026-03-20 23:18:23,-99.9116,37.6718, 517.8, 5583, -8.5,-29.2,-26.4, 17, 19, 0.66,338,23.5
2026-03-20 23:18:24,-99.9115,37.6717, 517.6, 5587, -8.6,-29.4,-26.6, 17, 18, 0.65,338,23.5
2026-03-20 23:18:25,-99.9114,37.6715, 517.3, 5590, -8.6,-29.6,-26.8, 17, 18, 0.64,338,23.5
2026-03-20 23:18:26,-99.9113,37.6713, 517.1, 5593, -8.6,-29.7,-26.9, 16, 18, 0.63,338,23.5
2026-03-20 23:18:27,-99.9112,37.6711, 516.9, 5597, -8.6,-29.7,-26.9, 16, 18, 0.63,338,23.4
2026-03-20 23:18:28,-99.9111,37.6709, 516.7, 5600, -8.7,-29.7,-26.9, 16, 18, 0.63,338,23.4
2026-03-20 23:18:29,-99.9110,37.6707, 516.5, 5603, -8.7,-29.7,-26.9, 16, 18, 0.63,338,23.4
2026-03-20 23:18:30,-99.9109,37.6705, 516.2, 5606, -8.7,-29.8,-27.0, 16, 18, 0.63,338,23.3
2026-03-20 23:18:31,-99.9108,37.6703, 516.0, 5610, -8.8,-29.9,-27.1, 16, 18, 0.62,338,23.3
2026-03-20 23:18:32,-99.9107,37.6701, 515.8, 5613, -8.8,-30.0,-27.2, 16, 18, 0.62,338,23.2
2026-03-20 23:18:33,-99.9106,37.6699, 515.5, 5617, -8.8,-30.0,-27.2, 16, 18, 0.61,338,23.2
2026-03-20 23:18:34,-99.9105,37.6697, 515.3, 5620, -8.9,-30.1,-27.2, 16, 18, 0.61,338,23.2
2026-03-20 23:18:35,-99.9104,37.6695, 515.1, 5624, -8.9,-30.1,-27.3, 16, 18, 0.61,338,23.1
2026-03-20 23:18:36,-99.9103,37.6693, 514.9, 5627, -8.9,-30.1,-27.3, 16, 18, 0.61,338,23.1
2026-03-20 23:18:37,-99.9102,37.6691, 514.6, 5631, -8.9,-30.2,-27.4, 16, 17, 0.60,338,23.1
2026-03-20 23:18:38,-99.9102,37.6689, 514.4, 5634, -8.9,-30.4,-27.5, 16, 17, 0.59,338,23.0
2026-03-20 23:18:39,-99.9101,37.6687, 514.2, 5637, -9.0,-30.7,-27.8, 15, 17, 0.58,338,23.0
2026-03-20 23:18:40,-99.9099,37.6685, 513.9, 5641, -9.0,-31.0,-28.1, 15, 16, 0.56,338,22.9
2026-03-20 23:18:41,-99.9098,37.6683, 513.7, 5645, -9.0,-31.4,-28.4, 14, 16, 0.54,338,22.9
2026-03-20 23:18:42,-99.9097,37.6682, 513.5, 5648, -9.0,-31.6,-28.6, 14, 16, 0.53,338,22.9
2026-03-20 23:18:43,-99.9096,37.6680, 513.2, 5652, -9.1,-31.6,-28.6, 14, 16, 0.53,338,22.8
2026-03-20 23:18:44,-99.9095,37.6678, 512.9, 5656, -9.1,-31.6,-28.6, 14, 16, 0.53,338,22.8
2026-03-20 23:18:45,-99.9094,37.6676, 512.6, 5660, -9.2,-31.6,-28.6, 14, 16, 0.53,338,22.7
2026-03-20 23:18:46,-99.9093,37.6674, 512.4, 5665, -9.2,-31.7,-28.7, 14, 16, 0.53,338,22.7
2026-03-20 23:18:47,-99.9093,37.6672, 512.0, 5670, -9.3,-31.8,-28.9, 14, 15, 0.52,338,22.7
2026-03-20 23:18:48,-99.9092,37.6671, 511.7, 5675, -9.3,-31.9,-28.9, 14, 15, 0.52,338,22.6
2026-03-20 23:18:49,-99.9091,37.6669, 511.2, 5682, -9.4,-32.0,-29.0, 14, 15, 0.51,338,22.6
2026-03-20 23:18:50,-99.9091,37.6667, 510.8, 5688, -9.4,-32.1,-29.1, 14, 15, 0.51,337,22.6
2026-03-20 23:18:51,-99.9090,37.6665, 510.4, 5694, -9.5,-32.0,-29.0, 14, 15, 0.51,337,22.5
2026-03-20 23:18:52,-99.9089,37.6663, 510.1, 5699, -9.5,-32.0,-29.0, 14, 16, 0.52,337,22.5
2026-03-20 23:18:53,-99.9088,37.6661, 509.9, 5702, -9.6,-32.0,-29.0, 14, 16, 0.51,337,22.5
2026-03-20 23:18:54,-99.9086,37.6659, 509.7, 5705, -9.6,-32.1,-29.1, 14, 15, 0.51,337,22.4
2026-03-20 23:18:55,-99.9085,37.6657, 509.6, 5707, -9.6,-32.2,-29.2, 14, 15, 0.50,337,22.4
2026-03-20 23:18:56,-99.9083,37.6655, 509.4, 5710, -9.6,-32.3,-29.3, 14, 15, 0.50,337,22.3
2026-03-20 23:18:57,-99.9082,37.6654, 509.2, 5713, -9.7,-32.4,-29.4, 14, 15, 0.50,337,22.3
2026-03-20 23:18:58,-99.9081,37.6652, 509.0, 5716, -9.7,-32.5,-29.5, 14, 15, 0.49,337,22.3
2026-03-20 23:18:59,-99.9081,37.6650, 508.7, 5720, -9.7,-32.6,-29.6, 14, 15, 0.49,337,22.2
2026-03-20 23:19:00,-99.9080,37.6648, 508.5, 5724, -9.8,-32.7,-29.6, 14, 15, 0.48,337,22.2
2026-03-20 23:19:01,-99.9079,37.6646, 508.2, 5727, -9.8,-32.7,-29.7, 14, 15, 0.48,338,22.2
2026-03-20 23:19:02,-99.9078,37.6644, 508.0, 5730, -9.8,-32.7,-29.7, 14, 15, 0.48,338,22.1
2026-03-20 23:19:03,-99.9077,37.6642, 507.9, 5733, -9.9,-32.8,-29.7, 13, 15, 0.48,338,22.1
2026-03-20 23:19:04,-99.9076,37.6640, 507.7, 5735, -9.9,-32.9,-29.8, 13, 15, 0.47,338,22.1
2026-03-20 23:19:05,-99.9075,37.6638, 507.5, 5738, -9.9,-33.0,-29.9, 13, 15, 0.47,338,22.0
2026-03-20 23:19:06,-99.9074,37.6637, 507.4, 5740, -9.9,-33.0,-29.9, 13, 15, 0.47,338,22.0
2026-03-20 23:19:07,-99.9074,37.6635, 507.2, 5743,-10.0,-33.0,-29.9, 13, 15, 0.47,338,22.0
2026-03-20 23:19:08,-99.9073,37.6633, 507.0, 5746,-10.0,-33.0,-30.0, 13, 15, 0.47,338,21.9
2026-03-20 23:19:09,-99.9072,37.6631, 506.8, 5750,-10.0,-33.1,-30.0, 13, 15, 0.47,338,21.9
2026-03-20 23:19:10,-99.9071,37.6629, 506.5, 5753,-10.0,-33.1,-30.0, 13, 15, 0.47,338,21.9
2026-03-20 23:19:11,-99.9070,37.6628, 506.3, 5757,-10.1,-33.1,-30.0, 13, 15, 0.47,338,21.8
2026-03-20 23:19:12,-99.9069,37.6626, 506.1, 5760,-10.1,-33.1,-30.0, 13, 15, 0.47,338,21.8
2026-03-20 23:19:13,-99.9068,37.6624, 505.9, 5763,-10.1,-33.1,-30.1, 13, 15, 0.46,338,21.8
2026-03-20 23:19:14,-99.9067,37.6622, 505.7, 5766,-10.2,-33.2,-30.1, 13, 15, 0.46,338,21.7
2026-03-20 23:19:15,-99.9066,37.6620, 505.5, 5769,-10.2,-33.3,-30.3, 13, 14, 0.46,338,21.7
2026-03-20 23:19:16,-99.9065,37.6619, 505.3, 5772,-10.2,-33.6,-30.5, 13, 14, 0.45,338,21.7
2026-03-20 23:19:17,-99.9065,37.6617, 505.1, 5775,-10.3,-33.8,-30.7, 13, 14, 0.44,338,21.7
2026-03-20 23:19:18,-99.9064,37.6615, 504.9, 5778,-10.3,-33.9,-30.8, 12, 14, 0.43,338,21.7
2026-03-20 23:19:19,-99.9063,37.6613, 504.7, 5782,-10.3,-34.0,-30.8, 12, 14, 0.43,338,21.6
2026-03-20 23:19:20,-99.9062,37.6611, 504.4, 5785,-10.3,-34.0,-30.9, 12, 14, 0.43,338,21.6
2026-03-20 23:19:21,-99.9061,37.6610, 504.2, 5788,-10.4,-34.0,-30.9, 13, 14, 0.43,338,21.6
2026-03-20 23:19:22,-99.9060,37.6608, 504.0, 5792,-10.4,-34.0,-30.9, 13, 14, 0.43,338,21.6
2026-03-20 23:19:23,-99.9059,37.6606, 503.8, 5795,-10.4,-34.1,-30.9, 12, 14, 0.43,338,21.6
2026-03-20 23:19:24,-99.9058,37.6604, 503.6, 5798,-10.5,-34.1,-31.0, 12, 14, 0.42,338,21.6
2026-03-20 23:19:25,-99.9057,37.6602, 503.3, 5802,-10.5,-34.3,-31.2, 12, 14, 0.42,338,21.6
2026-03-20 23:19:26,-99.9056,37.6601, 503.1, 5805,-10.5,-34.4,-31.3, 12, 13, 0.41,338,21.6
2026-03-20 23:19:27,-99.9056,37.6599, 502.9, 5808,-10.5,-34.6,-31.5, 12, 13, 0.40,338,21.6
2026-03-20 23:19:28,-99.9055,37.6597, 502.7, 5811,-10.6,-34.9,-31.7, 12, 13, 0.39,338,21.5
2026-03-20 23:19:29,-99.9054,37.6595, 502.5, 5814,-10.6,-35.3,-32.1, 11, 12, 0.38,338,21.5
2026-03-20 23:19:30,-99.9053,37.6593, 502.3, 5818,-10.6,-35.7,-32.5, 11, 12, 0.36,338,21.5
2026-03-20 23:19:31,-99.9052,37.6591, 502.1, 5821,-10.6,-36.0,-32.8, 10, 12, 0.35,338,21.5
2026-03-20 23:19:32,-99.9051,37.6589, 501.9, 5824,-10.7,-36.2,-33.0, 10, 11, 0.34,338,21.5
2026-03-20 23:19:33,-99.9050,37.6588, 501.6, 5828,-10.7,-36.3,-33.1, 10, 11, 0.34,339,21.5
2026-03-20 23:19:34,-99.9049,37.6586, 501.4, 5831,-10.7,-36.4,-33.1, 10, 11, 0.34,339,21.5
2026-03-20 23:19:35,-99.9048,37.6584, 501.2, 5835,-10.8,-36.4,-33.1, 10, 11, 0.34,339,21.6
2026-03-20 23:19:36,-99.9047,37.6583, 501.0, 5838,-10.8,-36.5,-33.2, 10, 11, 0.34,339,21.6
2026-03-20 23:19:37,-99.9047,37.6581, 500.8, 5841,-10.8,-36.5,-33.2, 10, 11, 0.34,339,21.6
2026-03-20 23:19:38,-99.9046,37.6579, 500.6, 5844,-10.8,-36.5,-33.2, 10, 11, 0.34,339,21.6
2026-03-20 23:19:39,-99.9045,37.6578, 500.4, 5847,-10.9,-36.5,-33.3, 10, 11, 0.34,339,21.6
2026-03-20 23:19:40,-99.9044,37.6576, 500.1, 5851,-10.9,-36.6,-33.3, 10, 11, 0.33,339,21.6
2026-03-20 23:19:41,-99.9043,37.6574, 500.0, 5853,-10.9,-36.6,-33.3, 10, 11, 0.33,339,21.6
2026-03-20 23:19:41,-99.9043,37.6574, 499.9, 5854,-10.9,-36.6,-33.3, 10, 11, 0.33,339,21.6
2026-03-20 23:19:42,-99.9042,37.6572, 499.7, 5857,-10.9,-36.6,-33.3, 10, 11, 0.33,339,21.6
2026-03-20 23:19:43,-99.9042,37.6570, 499.5, 5861,-11.0,-36.7,-33.4, 10, 11, 0.33,339,21.7
2026-03-20 23:19:44,-99.9041,37.6568, 499.3, 5864,-11.0,-36.8,-33.5, 10, 11, 0.33,339,21.7
2026-03-20 23:19:45,-99.9040,37.6566, 499.1, 5867,-11.0,-36.8,-33.5, 10, 11, 0.33,339,21.7
2026-03-20 23:19:46,-99.9039,37.6564, 498.9, 5869,-11.0,-36.9,-33.6, 10, 11, 0.33,339,21.7
2026-03-20 23:19:47,-99.9038,37.6563, 498.7, 5872,-11.0,-36.9,-33.6, 10, 11, 0.33,339,21.7
2026-03-20 23:19:48,-99.9037,37.6561, 498.5, 5875,-11.1,-36.9,-33.6, 10, 11, 0.32,339,21.8
2026-03-20 23:19:49,-99.9036,37.6559, 498.3, 5878,-11.1,-37.0,-33.7, 10, 11, 0.32,339,21.8
2026-03-20 23:19:50,-99.9035,37.6557, 498.1, 5882,-11.1,-37.0,-33.7, 10, 11, 0.32,339,21.8
2026-03-20 23:19:51,-99.9034,37.6555, 497.9, 5886,-11.1,-37.1,-33.8, 10, 11, 0.32,340,21.8
2026-03-20 23:19:52,-99.9033,37.6553, 497.6, 5889,-11.2,-37.1,-33.8, 10, 11, 0.32,340,21.8
2026-03-20 23:19:53,-99.9032,37.6552, 497.4, 5893,-11.2,-37.1,-33.8, 10, 11, 0.32,340,21.8
2026-03-20 23:19:54,-99.9032,37.6550, 497.1, 5897,-11.2,-37.1,-33.8, 10, 11, 0.32,340,21.8
2026-03-20 23:19:55,-99.9031,37.6548, 496.8, 5902,-11.2,-37.1,-33.8, 10, 11, 0.32,340,21.8
2026-03-20 23:19:56,-99.9030,37.6546, 496.5, 5906,-11.3,-37.0,-33.7, 10, 11, 0.32,340,21.9
2026-03-20 23:19:57,-99.9029,37.6544, 496.3, 5910,-11.3,-37.0,-33.7, 10, 11, 0.32,340,21.9
2026-03-20 23:19:58,-99.9028,37.6542, 496.0, 5914,-11.4,-37.1,-33.7, 10, 11, 0.32,340,21.9
2026-03-20 23:19:59,-99.9028,37.6540, 495.8, 5918,-11.4,-37.1,-33.8, 10, 11, 0.32,340,21.9
2026-03-20 23:20:00,-99.9027,37.6538, 495.5, 5922,-11.4,-37.0,-33.7, 10, 11, 0.32,340,21.9
2026-03-20 23:20:01,-99.9026,37.6536, 495.3, 5926,-11.4,-37.0,-33.7, 10, 11, 0.32,340,21.9
2026-03-20 23:20:02,-99.9025,37.6534, 495.0, 5930,-11.4,-37.1,-33.7, 10, 11, 0.32,340,21.9
2026-03-20 23:20:03,-99.9024,37.6533, 494.8, 5933,-11.4,-37.1,-33.8, 10, 11, 0.32,340,21.9
2026-03-20 23:20:04,-99.9023,37.6531, 494.6, 5936,-11.5,-37.1,-33.8, 10, 11, 0.32,340,21.9
2026-03-20 23:20:05,-99.9022,37.6529, 494.4, 5939,-11.5,-37.2,-33.8, 10, 11, 0.32,340,21.9
2026-03-20 23:20:06,-99.9021,37.6527, 494.2, 5942,-11.5,-37.3,-33.9, 10, 11, 0.32,340,21.9
2026-03-20 23:20:07,-99.9020,37.6526, 494.0, 5945,-11.5,-37.4,-34.1, 10, 11, 0.31,340,21.9
2026-03-20 23:20:08,-99.9020,37.6524, 493.9, 5948,-11.6,-37.5,-34.2, 10, 11, 0.31,340,21.9
2026-03-20 23:20:09,-99.9019,37.6522, 493.7, 5951,-11.6,-37.5,-34.2, 10, 11, 0.31,340,21.9
2026-03-20 23:20:10,-99.9018,37.6520, 493.4, 5954,-11.6,-37.4,-34.1, 10, 11, 0.31,340,21.9
2026-03-20 23:20:11,-99.9017,37.6519, 493.2, 5957,-11.6,-37.3,-34.0, 10, 11, 0.31,340,21.9
2026-03-20 23:20:12,-99.9016,37.6517, 493.0, 5960,-11.6,-37.3,-34.0, 10, 11, 0.32,341,21.9
2026-03-20 23:20:13,-99.9016,37.6515, 492.8, 5963,-11.7,-37.3,-34.0, 10, 11, 0.32,341,21.8
2026-03-20 23:20:14,-99.9015,37.6513, 492.6, 5967,-11.7,-37.3,-34.0, 10, 11, 0.32,341,21.8
2026-03-20 23:20:15,-99.9014,37.6511, 492.4, 5970,-11.8,-37.4,-34.0, 10, 11, 0.31,341,21.8
2026-03-20 23:20:16,-99.9013,37.6509, 492.2, 5974,-11.8,-37.4,-34.0, 10, 11, 0.31,341,21.8
2026-03-20 23:20:17,-99.9012,37.6507, 492.0, 5977,-11.8,-37.4,-34.1, 10, 11, 0.31,341,21.8
2026-03-20 23:20:18,-99.9011,37.6505, 491.7, 5981,-11.8,-37.4,-34.1, 10, 11, 0.31,341,21.8
2026-03-20 23:20:19,-99.9010,37.6503, 491.5, 5984,-11.8,-37.4,-34.1, 10, 11, 0.31,341,21.8
2026-03-20 23:20:20,-99.9010,37.6501, 491.3, 5987,-11.9,-37.4,-34.1, 10, 11, 0.31,341,21.8
2026-03-20 23:20:21,-99.9009,37.6499, 491.1, 5991,-11.9,-37.4,-34.1, 10, 11, 0.31,341,21.8
2026-03-20 23:20:22,-99.9008,37.6497, 490.9, 5994,-11.9,-37.4,-34.1, 10, 11, 0.31,341,21.8
2026-03-20 23:20:23,-99.9008,37.6496, 490.6, 5998,-12.0,-37.5,-34.1, 10, 11, 0.31,341,21.8
2026-03-20 23:20:24,-99.9007,37.6494, 490.3, 6003,-12.0,-37.5,-34.1, 10, 11, 0.31,341,21.8
2026-03-20 23:20:25,-99.9006,37.6492, 490.1, 6007,-12.1,-37.5,-34.1, 10, 11, 0.31,342,21.8
2026-03-20 23:20:26,-99.9005,37.6490, 489.8, 6011,-12.1,-37.6,-34.2, 10, 11, 0.31,342,21.7
2026-03-20 23:20:27,-99.9005,37.6488, 489.6, 6015,-12.1,-37.7,-34.3, 10, 11, 0.31,342,21.7
2026-03-20 23:20:28,-99.9004,37.6486, 489.3, 6018,-12.2,-37.8,-34.4, 10, 11, 0.30,342,21.7
2026-03-20 23:20:29,-99.9003,37.6485, 489.1, 6022,-12.2,-37.8,-34.5, 10, 11, 0.30,342,21.7
2026-03-20 23:20:30,-99.9002,37.6483, 488.9, 6025,-12.2,-37.9,-34.5, 10, 11, 0.30,342,21.7
2026-03-20 23:20:31,-99.9002,37.6481, 488.7, 6028,-12.2,-37.9,-34.6, 10, 11, 0.30,342,21.7
2026-03-20 23:20:32,-99.9001,37.6479, 488.4, 6032,-12.3,-38.0,-34.6, 10, 11, 0.30,342,21.7
2026-03-20 23:20:33,-99.9000,37.6477, 488.2, 6035,-12.3,-38.0,-34.7, 10, 11, 0.30,342,21.7
2026-03-20 23:20:34,-99.8999,37.6475, 488.0, 6039,-12.3,-38.0,-34.7, 10, 11, 0.30,342,21.7
2026-03-20 23:20:35,-99.8998,37.6473, 487.8, 6043,-12.3,-38.1,-34.7, 10, 11, 0.30,342,21.6
2026-03-20 23:20:36,-99.8998,37.6471, 487.5, 6046,-12.4,-38.2,-34.8, 10, 11, 0.29,342,21.6
2026-03-20 23:20:37,-99.8997,37.6470, 487.3, 6049,-12.4,-38.3,-34.9, 10, 11, 0.29,342,21.6
2026-03-20 23:20:38,-99.8996,37.6468, 487.1, 6053,-12.4,-38.4,-35.0,  9, 11, 0.28,342,21.6
2026-03-20 23:20:39,-99.8996,37.6466, 486.9, 6056,-12.5,-38.5,-35.1,  9, 11, 0.28,342,21.6
2026-03-20 23:20:40,-99.8995,37.6464, 486.7, 6060,-12.5,-38.5,-35.1,  9, 11, 0.28,342,21.6
2026-03-20 23:20:41,-99.8994,37.6463, 486.4, 6064,-12.5,-38.5,-35.1,  9, 11, 0.28,342,21.6
2026-03-20 23:20:42,-99.8993,37.6461, 486.2, 6068,-12.6,-38.5,-35.1,  9, 11, 0.28,341,21.6
2026-03-20 23:20:43,-99.8992,37.6459, 485.9, 6071,-12.6,-38.5,-35.1,  9, 11, 0.28,341,21.6
2026-03-20 23:20:44,-99.8991,37.6457, 485.7, 6075,-12.6,-38.6,-35.2,  9, 11, 0.28,341,21.6
2026-03-20 23:20:45,-99.8991,37.6455, 485.5, 6078,-12.7,-38.6,-35.2,  9, 11, 0.28,341,21.6
2026-03-20 23:20:46,-99.8990,37.6454, 485.3, 6082,-12.7,-38.6,-35.2,  9, 11, 0.28,341,21.6
2026-03-20 23:20:47,-99.8989,37.6452, 485.1, 6085,-12.7,-38.6,-35.2, 10, 11, 0.28,341,21.6
2026-03-20 23:20:48,-99.8989,37.6450, 484.8, 6089,-12.8,-38.6,-35.2, 10, 11, 0.28,341,21.6
2026-03-20 23:20:49,-99.8988,37.6448, 484.6, 6092,-12.8,-38.6,-35.2, 10, 11, 0.28,341,21.6
2026-03-20 23:20:50,-99.8987,37.6446, 484.4, 6096,-12.9,-38.6,-35.1, 10, 11, 0.28,341,21.6
2026-03-20 23:20:51,-99.8986,37.6444, 484.1, 6100,-12.9,-38.6,-35.2, 10, 11, 0.28,341,21.6
2026-03-20 23:20:52,-99.8985,37.6442, 483.9, 6103,-12.9,-38.6,-35.2, 10, 11, 0.28,341,21.6
2026-03-20 23:20:53,-99.8985,37.6440, 483.7, 6107,-13.0,-38.6,-35.2, 10, 11, 0.28,341,21.6
2026-03-20 23:20:54,-99.8984,37.6438, 483.5, 6110,-13.0,-38.6,-35.2, 10, 11, 0.28,341,21.6
2026-03-20 23:20:55,-99.8983,37.6437, 483.3, 6113,-13.0,-38.6,-35.2, 10, 11, 0.28,341,21.5
2026-03-20 23:20:56,-99.8982,37.6435, 483.1, 6117,-13.0,-38.6,-35.2, 10, 11, 0.28,341,21.5
2026-03-20 23:20:57,-99.8981,37.6433, 482.9, 6120,-13.0,-38.6,-35.2, 10, 11, 0.28,340,21.5
2026-03-20 23:20:58,-99.8980,37.6431, 482.6, 6123,-13.1,-38.6,-35.2, 10, 11, 0.28,340,21.5
2026-03-20 23:20:59,-99.8980,37.6429, 482.4, 6127,-13.1,-38.6,-35.2, 10, 11, 0.28,340,21.5
2026-03-20 23:21:00,-99.8979,37.6427, 482.2, 6130,-13.2,-38.6,-35.2, 10, 11, 0.28,340,21.4
2026-03-20 23:21:01,-99.8978,37.6426, 482.0, 6134,-13.2,-38.6,-35.2, 10, 11, 0.28,340,21.4
2026-03-20 23:21:02,-99.8977,37.6424, 481.7, 6138,-13.3,-38.6,-35.2, 10, 11, 0.28,340,21.4
2026-03-20 23:21:03,-99.8976,37.6422, 481.5, 6142,-13.3,-38.6,-35.2, 10, 11, 0.28,340,21.3
2026-03-20 23:21:04,-99.8975,37.6420, 481.2, 6146,-13.3,-38.6,-35.2, 10, 11, 0.28,340,21.3
2026-03-20 23:21:05,-99.8974,37.6418, 480.9, 6150,-13.3,-38.6,-35.2, 10, 11, 0.28,340,21.3
2026-03-20 23:21:06,-99.8974,37.6417, 480.7, 6154,-13.4,-38.6,-35.2, 10, 11, 0.28,340,21.2
2026-03-20 23:21:07,-99.8973,37.6415, 480.4, 6158,-13.4,-38.7,-35.3, 10, 11, 0.28,340,21.2
2026-03-20 23:21:08,-99.8972,37.6413, 480.2, 6162,-13.4,-38.7,-35.3, 10, 11, 0.28,340,21.2
2026-03-20 23:21:09,-99.8971,37.6412, 480.0, 6166,-13.5,-38.7,-35.3, 10, 11, 0.28,340,21.1
2026-03-20 23:21:10,-99.8970,37.6410, 479.7, 6169,-13.5,-38.7,-35.3, 10, 11, 0.28,341,21.1
2026-03-20 23:21:11,-99.8969,37.6408, 479.5, 6173,-13.6,-38.8,-35.3, 10, 11, 0.28,341,21.1
2026-03-20 23:21:12,-99.8969,37.6406, 479.3, 6177,-13.6,-38.8,-35.4, 10, 11, 0.28,341,21.0
2026-03-20 23:21:13,-99.8968,37.6404, 479.0, 6181,-13.6,-38.8,-35.4, 10, 11, 0.28,341,21.0
2026-03-20 23:21:14,-99.8967,37.6403, 478.8, 6185,-13.7,-38.8,-35.3, 10, 12, 0.28,341,21.0
2026-03-20 23:21:15,-99.8966,37.6401, 478.5, 6189,-13.7,-38.8,-35.3, 10, 12, 0.28,341,21.0
2026-03-20 23:21:16,-99.8966,37.6399, 478.2, 6193,-13.7,-38.8,-35.3, 10, 12, 0.28,341,20.9
2026-03-20 23:21:17,-99.8965,37.6397, 478.0, 6197,-13.8,-38.8,-35.4, 10, 12, 0.28,341,20.9
2026-03-20 23:21:18,-99.8964,37.6396, 477.7, 6201,-13.8,-38.8,-35.3, 10, 12, 0.28,341,20.9
2026-03-20 23:21:19,-99.8964,37.6394, 477.5, 6205,-13.8,-38.7,-35.3, 10, 12, 0.28,341,20.9
2026-03-20 23:21:20,-99.8963,37.6392, 477.2, 6210,-13.9,-38.7,-35.3, 10, 12, 0.28,341,20.9
2026-03-20 23:21:21,-99.8962,37.6390, 476.9, 6214,-13.9,-38.8,-35.3, 10, 12, 0.28,341,20.8
2026-03-20 23:21:22,-99.8961,37.6388, 476.7, 6218,-13.9,-38.8,-35.4, 10, 12, 0.28,341,20.8
2026-03-20 23:21:23,-99.8961,37.6386, 476.4, 6222,-13.9,-38.8,-35.4, 10, 12, 0.28,342,20.8
2026-03-20 23:21:24,-99.8960,37.6385, 476.1, 6226,-14.0,-38.8,-35.4, 10, 12, 0.28,342,20.8
2026-03-20 23:21:25,-99.8959,37.6383, 475.9, 6230,-14.0,-38.8,-35.4, 10, 12, 0.28,342,20.8
2026-03-20 23:21:26,-99.8959,37.6381, 475.6, 6235,-14.0,-38.8,-35.4, 10, 12, 0.28,342,20.8
2026-03-20 23:21:27,-99.8958,37.6379, 475.4, 6239,-14.1,-38.8,-35.4, 10, 12, 0.28,342,20.8
2026-03-20 23:21:28,-99.8957,37.6378, 475.1, 6243,-14.1,-38.8,-35.4, 10, 12, 0.28,342,20.8
2026-03-20 23:21:29,-99.8956,37.6376, 474.8, 6247,-14.1,-38.8,-35.4, 10, 12, 0.28,342,20.8
2026-03-20 23:21:30,-99.8955,37.6374, 474.6, 6251,-14.2,-38.9,-35.4, 10, 12, 0.28,342,20.8
2026-03-20 23:21:31,-99.8955,37.6372, 474.3, 6255,-14.2,-38.9,-35.4, 10, 12, 0.28,342,20.8
2026-03-20 23:21:32,-99.8954,37.6371, 474.1, 6259,-14.3,-38.9,-35.4, 10, 12, 0.28,342,20.8
2026-03-20 23:21:33,-99.8953,37.6369, 473.8, 6263,-14.3,-38.9,-35.5, 10, 12, 0.28,342,20.8
2026-03-20 23:21:34,-99.8953,37.6367, 473.6, 6268,-14.3,-38.9,-35.5, 11, 12, 0.28,342,20.8
2026-03-20 23:21:35,-99.8952,37.6365, 473.3, 6272,-14.4,-38.9,-35.5, 11, 12, 0.28,342,20.8
2026-03-20 23:21:36,-99.8952,37.6364, 473.0, 6276,-14.4,-38.9,-35.5, 11, 12, 0.28,342,20.8
2026-03-20 23:21:37,-99.8951,37.6362, 472.8, 6280,-14.5,-38.9,-35.5, 11, 12, 0.28,342,20.8
2026-03-20 23:21:38,-99.8950,37.6360, 472.5, 6284,-14.5,-38.9,-35.5, 11, 12, 0.28,342,20.9
2026-03-20 23:21:39,-99.8949,37.6358, 472.2, 6289,-14.5,-38.9,-35.5, 11, 12, 0.28,342,20.9
2026-03-20 23:21:40,-99.8948,37.6356, 471.9, 6293,-14.6,-38.9,-35.5, 11, 12, 0.28,342,20.9
2026-03-20 23:21:41,-99.8948,37.6355, 471.7, 6298,-14.6,-39.0,-35.5, 11, 12, 0.28,342,21.0
2026-03-20 23:21:42,-99.8947,37.6353, 471.4, 6302,-14.6,-39.0,-35.6, 11, 12, 0.28,342,21.0
2026-03-20 23:21:43,-99.8946,37.6351, 471.1, 6306,-14.6,-39.0,-35.6, 11, 12, 0.28,342,21.0
2026-03-20 23:21:44,-99.8945,37.6349, 470.9, 6311,-14.7,-39.0,-35.6, 11, 12, 0.28,342,21.1
2026-03-20 23:21:45,-99.8945,37.6348, 470.6, 6315,-14.7,-39.0,-35.6, 11, 12, 0.28,342,21.1
2026-03-20 23:21:46,-99.8944,37.6346, 470.3, 6319,-14.8,-39.0,-35.6, 11, 12, 0.28,342,21.1
2026-03-20 23:21:47,-99.8943,37.6344, 470.0, 6324,-14.8,-39.0,-35.6, 11, 13, 0.28,342,21.2
2026-03-20 23:21:48,-99.8943,37.6342, 469.8, 6328,-14.9,-39.0,-35.6, 11, 13, 0.28,343,21.2
2026-03-20 23:21:49,-99.8942,37.6340, 469.5, 6333,-14.9,-39.0,-35.6, 11, 13, 0.28,343,21.3
2026-03-20 23:21:50,-99.8941,37.6339, 469.2, 6338,-15.0,-39.0,-35.6, 11, 13, 0.28,343,21.3
2026-03-20 23:21:51,-99.8940,37.6337, 468.9, 6342,-15.0,-39.0,-35.6, 11, 13, 0.28,343,21.3
2026-03-20 23:21:52,-99.8940,37.6335, 468.6, 6347,-15.0,-39.0,-35.6, 11, 13, 0.28,343,21.4
2026-03-20 23:21:53,-99.8939,37.6333, 468.3, 6351,-15.1,-39.1,-35.6, 11, 13, 0.28,343,21.4
2026-03-20 23:21:54,-99.8938,37.6331, 468.1, 6356,-15.1,-39.1,-35.6, 11, 13, 0.28,343,21.4
2026-03-20 23:21:55,-99.8938,37.6329, 467.8, 6360,-15.2,-39.0,-35.6, 11, 13, 0.28,343,21.4
2026-03-20 23:21:56,-99.8937,37.6327, 467.5, 6365,-15.2,-39.0,-35.5, 11, 13, 0.28,343,21.5
2026-03-20 23:21:57,-99.8937,37.6325, 467.2, 6370,-15.3,-39.0,-35.5, 11, 13, 0.28,343,21.5
2026-03-20 23:21:58,-99.8936,37.6323, 466.9, 6375,-15.3,-39.0,-35.5, 11, 13, 0.28,343,21.5
2026-03-20 23:21:59,-99.8935,37.6322, 466.6, 6379,-15.4,-39.0,-35.5, 11, 13, 0.28,343,21.5
2026-03-20 23:22:00,-99.8934,37.6320, 466.4, 6383,-15.4,-39.0,-35.5, 11, 13, 0.28,342,21.5
2026-03-20 23:22:01,-99.8933,37.6318, 466.1, 6387,-15.5,-38.9,-35.5, 12, 13, 0.28,342,21.5
2026-03-20 23:22:02,-99.8932,37.6316, 465.9, 6391,-15.5,-38.9,-35.5, 12, 13, 0.28,342,21.5
2026-03-20 23:22:03,-99.8931,37.6314, 465.6, 6396,-15.6,-38.9,-35.5, 12, 14, 0.28,342,21.5
2026-03-20 23:22:04,-99.8931,37.6312, 465.3, 6400,-15.6,-38.8,-35.4, 12, 14, 0.29,342,21.5
2026-03-20 23:22:05,-99.8930,37.6310, 465.0, 6405,-15.6,-38.8,-35.4, 12, 14, 0.29,342,21.5
2026-03-20 23:22:06,-99.8930,37.6308, 464.7, 6410,-15.7,-38.8,-35.4, 12, 14, 0.29,342,21.5
2026-03-20 23:22:07,-99.8929,37.6307, 464.4, 6415,-15.7,-38.8,-35.4, 12, 14, 0.29,342,21.5
2026-03-20 23:22:08,-99.8928,37.6305, 464.1, 6420,-15.8,-38.8,-35.4, 12, 14, 0.29,342,21.5
2026-03-20 23:22:09,-99.8928,37.6303, 463.8, 6425,-15.8,-38.8,-35.4, 12, 14, 0.29,342,21.5
2026-03-20 23:22:10,-99.8927,37.6301, 463.5, 6430,-15.9,-38.8,-35.4, 12, 14, 0.29,342,21.5
2026-03-20 23:22:11,-99.8926,37.6299, 463.1, 6435,-15.9,-38.8,-35.4, 12, 14, 0.29,342,21.6
2026-03-20 23:22:12,-99.8925,37.6297, 462.8, 6440,-16.0,-38.8,-35.4, 12, 14, 0.29,342,21.6
2026-03-20 23:22:13,-99.8924,37.6296, 462.6, 6445,-16.0,-38.8,-35.4, 12, 14, 0.29,342,21.6
2026-03-20 23:22:14,-99.8923,37.6294, 462.3, 6450,-16.1,-38.8,-35.3, 12, 14, 0.29,342,21.6
2026-03-20 23:22:15,-99.8922,37.6292, 461.9, 6455,-16.1,-38.7,-35.3, 12, 14, 0.29,342,21.6
2026-03-20 23:22:16,-99.8922,37.6290, 461.6, 6460,-16.1,-38.7,-35.3, 12, 15, 0.29,342,21.7
2026-03-20 23:22:17,-99.8921,37.6289, 461.3, 6466,-16.2,-38.7,-35.3, 12, 15, 0.29,342,21.7
2026-03-20 23:22:18,-99.8921,37.6287, 460.9, 6472,-16.2,-38.8,-35.3, 12, 15, 0.29,343,21.7
2026-03-20 23:22:19,-99.8920,37.6285, 460.5, 6478,-16.3,-38.7,-35.3, 13, 15, 0.29,343,21.8
2026-03-20 23:22:20,-99.8919,37.6283, 460.2, 6484,-16.4,-38.5,-35.1, 13, 15, 0.30,343,21.8
2026-03-20 23:22:21,-99.8919,37.6281, 459.8, 6490,-16.4,-38.2,-34.8, 13, 16, 0.31,343,21.9
2026-03-20 23:22:22,-99.8918,37.6279, 459.3, 6497,-16.5,-37.8,-34.4, 14, 16, 0.32,343,21.9
2026-03-20 23:22:23,-99.8917,37.6278, 458.9, 6505,-16.6,-37.4,-34.1, 15, 17, 0.33,343,22.0
2026-03-20 23:22:24,-99.8916,37.6276, 458.4, 6513,-16.6,-37.2,-33.9, 15, 18, 0.34,343,22.0
2026-03-20 23:22:25,-99.8915,37.6274, 457.9, 6522,-16.7,-37.2,-33.9, 15, 18, 0.34,343,22.1
2026-03-20 23:22:26,-99.8914,37.6272, 457.4, 6529,-16.8,-37.4,-34.1, 15, 18, 0.34,343,22.1
2026-03-20 23:22:27,-99.8913,37.6270, 457.0, 6536,-16.8,-37.5,-34.2, 15, 17, 0.33,343,22.2
2026-03-20 23:22:28,-99.8913,37.6268, 456.7, 6541,-16.8,-37.5,-34.1, 15, 18, 0.33,343,22.2
2026-03-20 23:22:29,-99.8913,37.6266, 456.4, 6546,-16.9,-37.4,-34.1, 15, 18, 0.34,343,22.3
2026-03-20 23:22:30,-99.8912,37.6264, 456.1, 6551,-16.9,-37.4,-34.0, 15, 18, 0.34,343,22.3
2026-03-20 23:22:31,-99.8912,37.6261, 455.7, 6557,-16.9,-37.4,-34.0, 15, 18, 0.34,343,22.3
2026-03-20 23:22:32,-99.8911,37.6259, 455.4, 6562,-17.0,-37.4,-34.1, 15, 18, 0.34,343,22.4
2026-03-20 23:22:33,-99.8910,37.6258, 455.1, 6567,-17.0,-37.5,-34.2, 15, 18, 0.33,343,22.4
2026-03-20 23:22:34,-99.8909,37.6256, 454.8, 6572,-17.0,-37.5,-34.2, 15, 18, 0.33,343,22.4
2026-03-20 23:22:35,-99.8908,37.6254, 454.5, 6576,-17.1,-37.5,-34.2, 15, 18, 0.33,343,22.5
2026-03-20 23:22:36,-99.8908,37.6252, 454.3, 6580,-17.1,-37.6,-34.2, 15, 18, 0.33,343,22.5
2026-03-20 23:22:37,-99.8907,37.6250, 454.0, 6584,-17.2,-37.6,-34.2, 15, 18, 0.33,343,22.5
2026-03-20 23:22:38,-99.8906,37.6248, 453.8, 6588,-17.2,-37.6,-34.2, 15, 18, 0.33,343,22.5
2026-03-20 23:22:39,-99.8905,37.6246, 453.6, 6592,-17.2,-37.6,-34.3, 15, 18, 0.33,344,22.5
2026-03-20 23:22:40,-99.8905,37.6245, 453.3, 6596,-17.2,-37.7,-34.3, 15, 18, 0.33,344,22.5
2026-03-20 23:22:41,-99.8904,37.6242, 453.1, 6600,-17.3,-37.8,-34.5, 15, 18, 0.33,344,22.5
2026-03-20 23:22:42,-99.8903,37.6240, 452.8, 6605,-17.3,-37.9,-34.5, 15, 18, 0.32,344,22.5
2026-03-20 23:22:43,-99.8902,37.6238, 452.5, 6610,-17.3,-38.0,-34.6, 15, 18, 0.32,344,22.5
2026-03-20 23:22:44,-99.8901,37.6236, 452.3, 6614,-17.4,-38.0,-34.6, 15, 18, 0.32,344,22.5
2026-03-20 23:22:45,-99.8900,37.6234, 452.0, 6618,-17.4,-38.0,-34.7, 15, 18, 0.32,344,22.5
2026-03-20 23:22:46,-99.8900,37.6232, 451.8, 6622,-17.4,-38.1,-34.7, 15, 17, 0.32,344,22.5
2026-03-20 23:22:47,-99.8899,37.6230, 451.5, 6626,-17.5,-38.3,-34.9, 15, 17, 0.31,344,22.5
2026-03-20 23:22:48,-99.8898,37.6229, 451.3, 6630,-17.5,-38.4,-35.0, 14, 17, 0.31,344,22.5
2026-03-20 23:22:49,-99.8898,37.6227, 451.0, 6635,-17.5,-38.4,-35.0, 14, 17, 0.31,344,22.5
2026-03-20 23:22:50,-99.8897,37.6225, 450.7, 6640,-17.5,-38.6,-35.2, 14, 17, 0.30,344,22.5
2026-03-20 23:22:51,-99.8897,37.6223, 450.4, 6645,-17.6,-38.7,-35.3, 14, 17, 0.30,345,22.5
2026-03-20 23:22:52,-99.8896,37.6221, 450.1, 6650,-17.6,-38.8,-35.3, 14, 17, 0.30,345,22.5
2026-03-20 23:22:53,-99.8895,37.6219, 449.8, 6655,-17.6,-38.8,-35.3, 14, 17, 0.30,345,22.5
2026-03-20 23:22:54,-99.8895,37.6217, 449.4, 6661,-17.6,-38.8,-35.3, 14, 17, 0.30,345,22.5
2026-03-20 23:22:55,-99.8894,37.6215, 449.2, 6666,-17.7,-38.8,-35.4, 14, 17, 0.30,345,22.5
2026-03-20 23:22:56,-99.8893,37.6213, 448.9, 6670,-17.7,-38.8,-35.4, 14, 17, 0.30,345,22.5
2026-03-20 23:22:57,-99.8893,37.6211, 448.6, 6675,-17.7,-38.8,-35.4, 14, 17, 0.30,345,22.5
2026-03-20 23:22:58,-99.8892,37.6209, 448.3, 6679,-17.7,-38.8,-35.4, 14, 17, 0.30,346,22.5
2026-03-20 23:22:59,-99.8892,37.6207, 448.1, 6684,-17.8,-38.8,-35.4, 14, 17, 0.30,346,22.5
2026-03-20 23:23:00,-99.8891,37.6205, 447.8, 6688,-17.8,-38.8,-35.4, 14, 17, 0.30,346,22.6
2026-03-20 23:23:01,-99.8890,37.6203, 447.5, 6693,-17.8,-38.8,-35.3, 14, 17, 0.30,346,22.6
2026-03-20 23:23:02,-99.8890,37.6201, 447.3, 6697,-17.9,-38.7,-35.3, 14, 17, 0.30,346,22.6
2026-03-20 23:23:03,-99.8889,37.6199, 447.0, 6702,-17.9,-38.6,-35.2, 15, 17, 0.30,346,22.6
2026-03-20 23:23:04,-99.8888,37.6197, 446.7, 6706,-18.0,-38.5,-35.1, 15, 18, 0.31,346,22.6
2026-03-20 23:23:05,-99.8888,37.6195, 446.5, 6711,-18.0,-38.4,-35.0, 15, 18, 0.31,346,22.6
2026-03-20 23:23:06,-99.8887,37.6193, 446.2, 6715,-18.0,-38.3,-34.9, 15, 18, 0.31,346,22.6
2026-03-20 23:23:07,-99.8886,37.6191, 445.9, 6720,-18.1,-38.3,-34.9, 15, 18, 0.32,347,22.6
2026-03-20 23:23:08,-99.8886,37.6189, 445.6, 6724,-18.1,-38.2,-34.8, 15, 18, 0.32,347,22.6
2026-03-20 23:23:09,-99.8885,37.6187, 445.3, 6729,-18.2,-38.2,-34.8, 16, 19, 0.32,347,22.6
2026-03-20 23:23:10,-99.8885,37.6185, 445.0, 6735,-18.2,-38.2,-34.8, 16, 19, 0.32,347,22.6
2026-03-20 23:23:11,-99.8884,37.6183, 444.7, 6740,-18.2,-38.2,-34.8, 16, 19, 0.32,347,22.6
2026-03-20 23:23:12,-99.8884,37.6181, 444.4, 6744,-18.3,-38.3,-34.9, 16, 19, 0.32,347,22.6
2026-03-20 23:23:13,-99.8883,37.6180, 444.2, 6749,-18.3,-38.3,-34.9, 16, 19, 0.32,347,22.6
2026-03-20 23:23:14,-99.8883,37.6178, 443.9, 6754,-18.3,-38.3,-34.9, 16, 19, 0.32,347,22.6
2026-03-20 23:23:15,-99.8882,37.6175, 443.6, 6759,-18.4,-38.3,-34.9, 16, 19, 0.32,347,22.6
2026-03-20 23:23:16,-99.8881,37.6173, 443.3, 6764,-18.4,-38.3,-34.9, 16, 19, 0.32,348,22.6
2026-03-20 23:23:17,-99.8881,37.6171, 443.0, 6769,-18.5,-38.4,-35.0, 16, 19, 0.31,348,22.6
2026-03-20 23:23:18,-99.8880,37.6170, 442.7, 6774,-18.5,-38.7,-35.2, 15, 18, 0.31,348,22.6
2026-03-20 23:23:19,-99.8880,37.6168, 442.4, 6779,-18.5,-38.9,-35.5, 15, 18, 0.30,348,22.6
2026-03-20 23:23:20,-99.8879,37.6165, 442.2, 6783,-18.5,-39.0,-35.6, 15, 18, 0.29,348,22.6
2026-03-20 23:23:21,-99.8879,37.6163, 441.9, 6787,-18.6,-39.1,-35.7, 15, 18, 0.29,348,22.6
2026-03-20 23:23:22,-99.8878,37.6161, 441.7, 6791,-18.6,-39.1,-35.7, 15, 18, 0.29,348,22.6
2026-03-20 23:23:23,-99.8878,37.6159, 441.4, 6796,-18.6,-39.2,-35.7, 15, 18, 0.29,348,22.6
2026-03-20 23:23:24,-99.8877,37.6157, 441.1, 6800,-18.7,-39.2,-35.7, 15, 18, 0.29,348,22.6
2026-03-20 23:23:25,-99.8877,37.6155, 440.8, 6805,-18.7,-39.3,-35.8, 15, 18, 0.29,349,22.6
2026-03-20 23:23:26,-99.8876,37.6154, 440.6, 6810,-18.8,-39.4,-35.9, 15, 17, 0.29,349,22.6
2026-03-20 23:23:27,-99.8876,37.6152, 440.3, 6814,-18.8,-39.4,-36.0, 14, 17, 0.28,349,22.7
2026-03-20 23:23:28,-99.8875,37.6150, 440.0, 6819,-18.9,-39.5,-36.0, 15, 17, 0.28,349,22.7
2026-03-20 23:23:29,-99.8875,37.6148, 439.8, 6823,-18.9,-39.5,-36.0, 14, 17, 0.28,349,22.7
2026-03-20 23:23:30,-99.8874,37.6146, 439.5, 6828,-18.9,-39.6,-36.1, 14, 17, 0.28,349,22.7
2026-03-20 23:23:31,-99.8874,37.6144, 439.2, 6833,-19.0,-39.7,-36.2, 14, 17, 0.28,349,22.7
2026-03-20 23:23:32,-99.8873,37.6142, 438.9, 6838,-19.0,-39.8,-36.3, 14, 17, 0.27,349,22.7
2026-03-20 23:23:33,-99.8873,37.6140, 438.6, 6843,-19.1,-39.9,-36.4, 14, 17, 0.27,350,22.7
2026-03-20 23:23:34,-99.8873,37.6138, 438.3, 6847,-19.1,-39.9,-36.4, 14, 17, 0.27,350,22.7
2026-03-20 23:23:35,-99.8872,37.6135, 438.1, 6852,-19.1,-39.9,-36.4, 14, 17, 0.27,350,22.7
2026-03-20 23:23:36,-99.8871,37.6133, 437.8, 6856,-19.1,-40.0,-36.5, 14, 17, 0.27,350,22.7
2026-03-20 23:23:37,-99.8871,37.6131, 437.5, 6861,-19.2,-40.0,-36.5, 14, 17, 0.27,350,22.7
2026-03-20 23:23:38,-99.8870,37.6129, 437.3, 6866,-19.2,-40.0,-36.5, 14, 17, 0.27,350,22.7
2026-03-20 23:23:39,-99.8870,37.6127, 437.0, 6870,-19.2,-40.0,-36.5, 14, 17, 0.27,350,22.8
2026-03-20 23:23:40,-99.8869,37.6125, 436.7, 6875,-19.3,-40.1,-36.6, 14, 17, 0.27,350,22.8
2026-03-20 23:23:41,-99.8869,37.6123, 436.5, 6879,-19.3,-40.3,-36.8, 14, 17, 0.26,350,22.8
2026-03-20 23:23:42,-99.8869,37.6121, 436.2, 6884,-19.3,-40.6,-37.1, 13, 16, 0.25,350,22.8
2026-03-20 23:23:43,-99.8869,37.6120, 435.9, 6889,-19.3,-40.8,-37.3, 13, 16, 0.25,351,22.8
2026-03-20 23:23:44,-99.8868,37.6118, 435.6, 6894,-19.3,-41.0,-37.4, 13, 16, 0.24,351,22.8
2026-03-20 23:23:45,-99.8868,37.6116, 435.3, 6899,-19.4,-41.0,-37.5, 13, 16, 0.24,351,22.8
2026-03-20 23:23:46,-99.8868,37.6113, 435.0, 6904,-19.4,-41.0,-37.5, 13, 16, 0.24,351,22.8
2026-03-20 23:23:47,-99.8867,37.6111, 434.7, 6909,-19.4,-41.1,-37.5, 13, 16, 0.24,351,22.8
2026-03-20 23:23:48,-99.8867,37.6109, 434.5, 6914,-19.4,-41.2,-37.6, 13, 15, 0.24,351,22.8
2026-03-20 23:23:49,-99.8866,37.6107, 434.2, 6918,-19.5,-41.3,-37.7, 13, 15, 0.24,351,22.7
2026-03-20 23:23:50,-99.8866,37.6105, 433.9, 6923,-19.5,-41.4,-37.9, 13, 15, 0.23,351,22.7
2026-03-20 23:23:51,-99.8866,37.6103, 433.6, 6928,-19.6,-41.6,-38.0, 12, 15, 0.23,351,22.7
2026-03-20 23:23:52,-99.8865,37.6101, 433.3, 6933,-19.6,-41.7,-38.1, 12, 15, 0.23,351,22.7
2026-03-20 23:23:53,-99.8865,37.6099, 433.0, 6938,-19.6,-41.8,-38.2, 12, 15, 0.23,351,22.7
2026-03-20 23:23:54,-99.8864,37.6097, 432.8, 6942,-19.7,-41.9,-38.3, 12, 15, 0.22,350,22.6
2026-03-20 23:23:55,-99.8864,37.6095, 432.5, 6947,-19.7,-42.0,-38.4, 12, 14, 0.22,350,22.6
2026-03-20 23:23:56,-99.8864,37.6093, 432.2, 6952,-19.7,-42.0,-38.4, 12, 14, 0.22,350,22.6
2026-03-20 23:23:57,-99.8863,37.6091, 431.9, 6957,-19.7,-42.1,-38.5, 12, 14, 0.22,350,22.5
2026-03-20 23:23:58,-99.8863,37.6089, 431.7, 6962,-19.8,-42.1,-38.5, 12, 14, 0.22,350,22.5
2026-03-20 23:23:59,-99.8862,37.6087, 431.4, 6966,-19.8,-42.1,-38.5, 12, 15, 0.22,350,22.4
2026-03-20 23:24:00,-99.8862,37.6085, 431.1, 6971,-19.9,-42.1,-38.5, 12, 15, 0.22,350,22.4
2026-03-20 23:24:01,-99.8862,37.6083, 430.8, 6976,-19.9,-42.2,-38.5, 12, 15, 0.22,350,22.4
2026-03-20 23:24:02,-99.8861,37.6081, 430.5, 6981,-20.0,-42.2,-38.6, 12, 15, 0.22,350,22.3
2026-03-20 23:24:03,-99.8861,37.6079, 430.2, 6986,-20.0,-42.2,-38.6, 12, 15, 0.22,350,22.3
2026-03-20 23:24:04,-99.8860,37.6077, 430.0, 6991,-20.1,-42.2,-38.6, 12, 15, 0.22,349,22.2
2026-03-20 23:24:05,-99.8860,37.6075, 429.7, 6995,-20.1,-42.3,-38.7, 12, 15, 0.22,349,22.2
2026-03-20 23:24:06,-99.8859,37.6073, 429.4, 7000,-20.2,-42.3,-38.7, 12, 15, 0.22,349,22.2
2026-03-20 23:24:07,-99.8859,37.6071, 429.1, 7005,-20.2,-42.3,-38.7, 12, 15, 0.22,349,22.1
2026-03-20 23:24:08,-99.8858,37.6069, 428.9, 7009,-20.2,-42.4,-38.7, 12, 15, 0.22,349,22.1
2026-03-20 23:24:09,-99.8858,37.6067, 428.6, 7014,-20.2,-42.4,-38.7, 12, 15, 0.22,349,22.1
2026-03-20 23:24:10,-99.8857,37.6065, 428.3, 7019,-20.3,-42.4,-38.7, 12, 15, 0.22,349,22.1
2026-03-20 23:24:11,-99.8857,37.6063, 428.1, 7023,-20.3,-42.4,-38.7, 12, 15, 0.22,349,22.0
2026-03-20 23:24:12,-99.8856,37.6062, 427.8, 7028,-20.4,-42.3,-38.7, 12, 15, 0.22,349,22.0
2026-03-20 23:24:13,-99.8856,37.6060, 427.5, 7033,-20.4,-42.3,-38.7, 12, 15, 0.22,348,22.0
2026-03-20 23:24:14,-99.8855,37.6058, 427.2, 7039,-20.5,-42.4,-38.7, 12, 15, 0.22,348,22.0
2026-03-20 23:24:15,-99.8855,37.6056, 426.9, 7044,-20.5,-42.4,-38.8, 12, 15, 0.22,348,22.0
2026-03-20 23:24:16,-99.8854,37.6054, 426.6, 7049,-20.5,-42.4,-38.8, 12, 15, 0.22,348,22.0
2026-03-20 23:24:17,-99.8854,37.6052, 426.3, 7054,-20.5,-42.4,-38.8, 12, 15, 0.22,348,22.0
2026-03-20 23:24:18,-99.8853,37.6050, 426.0, 7058,-20.6,-42.5,-38.8, 12, 15, 0.21,348,22.0
2026-03-20 23:24:19,-99.8852,37.6048, 425.8, 7063,-20.6,-42.5,-38.8, 12, 15, 0.21,348,22.0
2026-03-20 23:24:20,-99.8852,37.6046, 425.5, 7067,-20.7,-42.5,-38.8, 12, 15, 0.21,348,22.0
2026-03-20 23:24:21,-99.8851,37.6044, 425.3, 7072,-20.7,-42.5,-38.8, 12, 15, 0.21,348,22.0
2026-03-20 23:24:22,-99.8851,37.6043, 425.0, 7077,-20.7,-42.5,-38.8, 12, 15, 0.21,348,22.0
2026-03-20 23:24:23,-99.8850,37.6041, 424.7, 7081,-20.8,-42.5,-38.9, 12, 15, 0.21,348,22.0
2026-03-20 23:24:24,-99.8850,37.6039, 424.4, 7086,-20.8,-42.6,-39.0, 12, 15, 0.21,348,22.0
2026-03-20 23:24:25,-99.8850,37.6037, 424.2, 7091,-20.8,-42.7,-39.0, 12, 15, 0.21,348,22.0
2026-03-20 23:24:26,-99.8849,37.6035, 423.9, 7096,-20.9,-42.7,-39.1, 12, 15, 0.21,348,22.0
2026-03-20 23:24:27,-99.8849,37.6033, 423.6, 7100,-20.9,-42.7,-39.1, 12, 15, 0.21,348,21.9
2026-03-20 23:24:28,-99.8848,37.6031, 423.4, 7105,-21.0,-42.7,-39.1, 12, 15, 0.21,348,21.9
2026-03-20 23:24:29,-99.8848,37.6029, 423.1, 7110,-21.0,-42.7,-39.1, 12, 15, 0.21,348,21.9
2026-03-20 23:24:30,-99.8847,37.6027, 422.8, 7115,-21.1,-42.8,-39.1, 12, 15, 0.21,348,21.9
2026-03-20 23:24:31,-99.8846,37.6025, 422.5, 7120,-21.1,-42.8,-39.2, 12, 15, 0.21,348,21.9
2026-03-20 23:24:32,-99.8846,37.6023, 422.2, 7126,-21.2,-42.9,-39.2, 12, 15, 0.21,348,21.9
2026-03-20 23:24:33,-99.8845,37.6021, 421.9, 7131,-21.2,-42.9,-39.2, 12, 15, 0.21,348,21.9
2026-03-20 23:24:34,-99.8845,37.6019, 421.6, 7136,-21.2,-42.9,-39.2, 12, 15, 0.21,348,21.9
2026-03-20 23:24:35,-99.8844,37.6017, 421.4, 7140,-21.3,-42.9,-39.3, 12, 15, 0.21,348,21.9
2026-03-20 23:24:36,-99.8844,37.6016, 421.1, 7145,-21.3,-43.0,-39.3, 12, 15, 0.20,348,21.8
2026-03-20 23:24:37,-99.8843,37.6014, 420.8, 7150,-21.3,-43.1,-39.4, 12, 15, 0.20,348,21.8
2026-03-20 23:24:38,-99.8843,37.6012, 420.5, 7155,-21.4,-43.1,-39.5, 12, 15, 0.20,347,21.8
2026-03-20 23:24:39,-99.8842,37.6010, 420.2, 7160,-21.4,-43.2,-39.5, 12, 15, 0.20,347,21.8
2026-03-20 23:24:40,-99.8842,37.6008, 420.0, 7164,-21.4,-43.2,-39.5, 12, 15, 0.20,347,21.7
2026-03-20 23:24:41,-99.8841,37.6006, 419.7, 7169,-21.5,-43.1,-39.5, 12, 15, 0.20,347,21.7
2026-03-20 23:24:42,-99.8840,37.6004, 419.4, 7174,-21.5,-42.9,-39.2, 13, 16, 0.21,347,21.7
2026-03-20 23:24:43,-99.8840,37.6002, 419.2, 7178,-21.5,-42.4,-38.8, 13, 17, 0.22,347,21.7
2026-03-20 23:24:44,-99.8839,37.6000, 418.9, 7183,-21.6,-41.8,-38.2, 14, 18, 0.23,347,21.6
2026-03-20 23:24:45,-99.8839,37.5998, 418.6, 7188,-21.6,-41.2,-37.6, 15, 19, 0.25,347,21.6
2026-03-20 23:24:46,-99.8838,37.5996, 418.3, 7193,-21.7,-40.8,-37.2, 16, 20, 0.26,347,21.6
2026-03-20 23:24:47,-99.8837,37.5994, 418.1, 7198,-21.7,-40.5,-36.9, 17, 21, 0.27,347,21.5
2026-03-20 23:24:48,-99.8837,37.5992, 417.8, 7203,-21.7,-40.3,-36.7, 17, 21, 0.28,347,21.5
2026-03-20 23:24:49,-99.8836,37.5991, 417.5, 7208,-21.7,-40.1,-36.6, 17, 22, 0.28,347,21.5
2026-03-20 23:24:50,-99.8836,37.5989, 417.3, 7212,-21.8,-40.0,-36.5, 18, 22, 0.28,347,21.5
2026-03-20 23:24:51,-99.8836,37.5987, 417.0, 7217,-21.8,-40.1,-36.6, 17, 22, 0.28,347,21.5
2026-03-20 23:24:52,-99.8835,37.5985, 416.7, 7222,-21.9,-40.3,-36.8, 17, 21, 0.27,347,21.4
2026-03-20 23:24:53,-99.8835,37.5983, 416.4, 7227,-21.9,-40.4,-36.9, 17, 21, 0.27,347,21.4
2026-03-20 23:24:54,-99.8834,37.5981, 416.2, 7231,-21.9,-40.5,-37.0, 17, 21, 0.27,347,21.4
2026-03-20 23:24:55,-99.8834,37.5979, 415.9, 7236,-22.0,-40.6,-37.1, 17, 21, 0.27,347,21.4
2026-03-20 23:24:56,-99.8833,37.5977, 415.6, 7241,-22.0,-40.7,-37.2, 17, 21, 0.26,347,21.4
2026-03-20 23:24:57,-99.8833,37.5976, 415.4, 7245,-22.1,-40.9,-37.3, 16, 20, 0.26,347,21.4
2026-03-20 23:24:58,-99.8832,37.5974, 415.1, 7250,-22.1,-41.1,-37.6, 16, 20, 0.25,346,21.4
2026-03-20 23:24:59,-99.8832,37.5972, 414.8, 7255,-22.2,-41.5,-37.9, 16, 19, 0.24,346,21.4
2026-03-20 23:25:00,-99.8831,37.5970, 414.6, 7260,-22.2,-42.0,-38.4, 15, 18, 0.23,346,21.4
2026-03-20 23:25:01,-99.8830,37.5968, 414.3, 7264,-22.2,-42.7,-39.0, 14, 17, 0.22,346,21.4
2026-03-20 23:25:02,-99.8830,37.5966, 414.1, 7268,-22.3,-43.6,-39.9, 13, 16, 0.20,346,21.4
2026-03-20 23:25:03,-99.8829,37.5964, 413.8, 7272,-22.3,-44.7,-40.9, 11, 14, 0.17,346,21.4
2026-03-20 23:25:04,-99.8828,37.5963, 413.6, 7277,-22.3,-45.6,-41.8, 10, 13, 0.16,346,21.4
2026-03-20 23:25:05,-99.8827,37.5961, 413.3, 7282,-22.4,-46.2,-42.4, 10, 12, 0.15,346,21.4
2026-03-20 23:25:06,-99.8827,37.5959, 413.0, 7287,-22.4,-46.5,-42.6,  9, 12, 0.14,346,21.4
2026-03-20 23:25:07,-99.8826,37.5957, 412.7, 7292,-22.4,-46.3,-42.5, 10, 12, 0.15,346,21.4
2026-03-20 23:25:08,-99.8826,37.5955, 412.4, 7298,-22.5,-46.2,-42.3, 10, 12, 0.15,346,21.4
2026-03-20 23:25:09,-99.8825,37.5953, 412.1, 7304,-22.5,-46.1,-42.3, 10, 12, 0.15,346,21.4
2026-03-20 23:25:10,-99.8824,37.5951, 411.8, 7309,-22.6,-46.1,-42.3, 10, 12, 0.15,346,21.4
2026-03-20 23:25:11,-99.8824,37.5950, 411.5, 7315,-22.6,-46.1,-42.3, 10, 12, 0.15,345,21.4
2026-03-20 23:25:12,-99.8823,37.5948, 411.2, 7319,-22.6,-46.1,-42.3, 10, 12, 0.15,345,21.4
2026-03-20 23:25:13,-99.8822,37.5946, 411.0, 7323,-22.7,-46.2,-42.3, 10, 12, 0.15,345,21.4
2026-03-20 23:25:14,-99.8822,37.5944, 410.8, 7327,-22.7,-46.2,-42.4, 10, 12, 0.15,345,21.4
2026-03-20 23:25:15,-99.8821,37.5942, 410.5, 7331,-22.8,-46.2,-42.4, 10, 12, 0.15,345,21.4
2026-03-20 23:25:16,-99.8821,37.5940, 410.3, 7336,-22.8,-46.2,-42.4, 10, 12, 0.15,345,21.5
2026-03-20 23:25:17,-99.8820,37.5938, 410.0, 7340,-22.8,-46.2,-42.3, 10, 13, 0.15,345,21.5
2026-03-20 23:25:18,-99.8820,37.5936, 409.8, 7345,-22.9,-46.0,-42.2, 10, 13, 0.15,345,21.5
2026-03-20 23:25:19,-99.8819,37.5934, 409.5, 7349,-22.9,-45.9,-42.1, 10, 13, 0.15,345,21.5
2026-03-20 23:25:20,-99.8818,37.5933, 409.3, 7354,-22.9,-45.8,-42.0, 11, 13, 0.16,345,21.5
2026-03-20 23:25:21,-99.8818,37.5931, 409.0, 7358,-23.0,-45.8,-42.0, 11, 13, 0.16,345,21.5
2026-03-20 23:25:22,-99.8817,37.5929, 408.8, 7362,-23.0,-45.7,-41.9, 11, 13, 0.16,345,21.5
2026-03-20 23:25:23,-99.8816,37.5927, 408.6, 7366,-23.0,-45.6,-41.8, 11, 14, 0.16,345,21.5
2026-03-20 23:25:24,-99.8816,37.5926, 408.4, 7370,-23.1,-45.6,-41.8, 11, 14, 0.16,345,21.5
2026-03-20 23:25:25,-99.8815,37.5924, 408.1, 7375,-23.1,-45.7,-41.9, 11, 14, 0.16,346,21.5
2026-03-20 23:25:26,-99.8814,37.5922, 407.9, 7379,-23.1,-45.8,-42.0, 11, 13, 0.16,346,21.6
2026-03-20 23:25:27,-99.8814,37.5920, 407.6, 7383,-23.1,-45.9,-42.1, 11, 13, 0.15,346,21.6
2026-03-20 23:25:28,-99.8813,37.5918, 407.4, 7387,-23.2,-46.0,-42.2, 11, 13, 0.15,346,21.5
2026-03-20 23:25:29,-99.8813,37.5916, 407.2, 7392,-23.2,-46.1,-42.3, 10, 13, 0.15,346,21.5
2026-03-20 23:25:30,-99.8812,37.5914, 406.9, 7396,-23.2,-46.1,-42.3, 10, 13, 0.15,346,21.5
2026-03-20 23:25:31,-99.8812,37.5912, 406.7, 7401,-23.2,-45.9,-42.1, 11, 13, 0.15,346,21.5
2026-03-20 23:25:32,-99.8811,37.5910, 406.4, 7406,-23.2,-45.6,-41.8, 11, 14, 0.16,346,21.5
2026-03-20 23:25:33,-99.8810,37.5908, 406.1, 7411,-23.2,-45.4,-41.6, 11, 14, 0.16,346,21.5
2026-03-20 23:25:34,-99.8810,37.5906, 405.8, 7417,-23.2,-45.4,-41.6, 11, 14, 0.16,346,21.4
2026-03-20 23:25:35,-99.8809,37.5904, 405.5, 7422,-23.3,-45.5,-41.7, 11, 14, 0.16,346,21.4
2026-03-20 23:25:36,-99.8808,37.5902, 405.3, 7426,-23.3,-45.4,-41.6, 11, 14, 0.16,346,21.4
2026-03-20 23:25:37,-99.8808,37.5900, 405.0, 7431,-23.3,-45.3,-41.5, 11, 14, 0.17,346,21.3
2026-03-20 23:25:38,-99.8807,37.5899, 404.8, 7435,-23.3,-45.2,-41.4, 12, 15, 0.17,346,21.3
2026-03-20 23:25:39,-99.8807,37.5897, 404.5, 7440,-23.3,-45.3,-41.5, 12, 14, 0.17,346,21.2
2026-03-20 23:25:40,-99.8806,37.5895, 404.2, 7444,-23.3,-45.4,-41.6, 11, 14, 0.16,346,21.1
2026-03-20 23:25:41,-99.8806,37.5893, 404.0, 7449,-23.3,-45.5,-41.7, 11, 14, 0.16,345,21.1
2026-03-20 23:25:42,-99.8805,37.5891, 403.8, 7453,-23.4,-45.6,-41.8, 11, 14, 0.16,345,21.0
2026-03-20 23:25:43,-99.8804,37.5889, 403.5, 7457,-23.4,-45.8,-42.0, 11, 14, 0.16,345,20.9
2026-03-20 23:25:44,-99.8804,37.5887, 403.3, 7462,-23.4,-46.0,-42.2, 11, 14, 0.15,345,20.9
2026-03-20 23:25:45,-99.8803,37.5886, 403.0, 7467,-23.5,-46.1,-42.3, 11, 13, 0.15,345,20.8
2026-03-20 23:25:46,-99.8803,37.5884, 402.7, 7473,-23.5,-46.2,-42.3, 11, 13, 0.15,345,20.7
2026-03-20 23:25:47,-99.8802,37.5882, 402.4, 7478,-23.5,-46.2,-42.3, 11, 13, 0.15,345,20.6
2026-03-20 23:25:48,-99.8801,37.5880, 402.1, 7483,-23.6,-46.2,-42.4, 11, 13, 0.15,345,20.6
2026-03-20 23:25:49,-99.8801,37.5879, 401.8, 7488,-23.6,-46.2,-42.4, 11, 13, 0.15,345,20.5
2026-03-20 23:25:50,-99.8800,37.5877, 401.6, 7493,-23.6,-46.2,-42.4, 11, 13, 0.15,345,20.4
2026-03-20 23:25:51,-99.8800,37.5875, 401.3, 7497,-23.7,-46.3,-42.5, 11, 13, 0.15,345,20.3
2026-03-20 23:25:52,-99.8799,37.5873, 401.1, 7501,-23.7,-46.3,-42.5, 11, 13, 0.15,345,20.3
2026-03-20 23:25:53,-99.8799,37.5871, 400.9, 7506,-23.8,-46.3,-42.5, 11, 13, 0.15,344,20.2
2026-03-20 23:25:54,-99.8798,37.5870, 400.6, 7510,-23.8,-46.3,-42.5, 11, 14, 0.15,344,20.2
2026-03-20 23:25:55,-99.8798,37.5868, 400.4, 7514,-23.8,-46.2,-42.4, 11, 14, 0.15,344,20.1
2026-03-20 23:25:56,-99.8797,37.5866, 400.2, 7518,-23.9,-46.1,-42.3, 11, 14, 0.15,344,20.1
2026-03-20 23:25:57,-99.8796,37.5865, 400.0, 7522,-23.9,-46.1,-42.3, 11, 14, 0.15,344,20.1
2026-03-20 23:25:58,-99.8795,37.5863, 399.7, 7526,-23.9,-46.0,-42.2, 11, 14, 0.16,344,20.0
2026-03-20 23:25:59,-99.8795,37.5862, 399.5, 7530,-23.9,-46.0,-42.2, 11, 14, 0.16,344,20.0
2026-03-20 23:26:00,-99.8794,37.5860, 399.3, 7534,-23.9,-46.0,-42.2, 11, 14, 0.16,343,19.9
2026-03-20 23:26:01,-99.8793,37.5859, 399.1, 7539,-23.9,-46.1,-42.3, 11, 14, 0.15,343,19.9
2026-03-20 23:26:02,-99.8793,37.5857, 398.8, 7543,-24.0,-46.1,-42.3, 11, 14, 0.15,343,19.9
2026-03-20 23:26:03,-99.8792,37.5855, 398.6, 7548,-24.0,-46.2,-42.3, 11, 14, 0.15,343,19.9
2026-03-20 23:26:04,-99.8792,37.5853, 398.3, 7552,-24.0,-46.2,-42.4, 11, 14, 0.15,343,19.9
2026-03-20 23:26:05,-99.8791,37.5851, 398.1, 7556,-24.0,-46.2,-42.3, 11, 14, 0.15,343,19.9
2026-03-20 23:26:06,-99.8791,37.5850, 397.9, 7560,-24.0,-46.1,-42.3, 11, 14, 0.15,343,19.9
2026-03-20 23:26:07,-99.8790,37.5848, 397.7, 7564,-24.1,-46.0,-42.1, 11, 14, 0.16,342,19.9
2026-03-20 23:26:08,-99.8789,37.5846, 397.4, 7569,-24.1,-45.8,-42.0, 12, 15, 0.16,342,19.9
2026-03-20 23:26:09,-99.8789,37.5844, 397.2, 7573,-24.1,-45.8,-42.0, 12, 15, 0.16,342,19.9
2026-03-20 23:26:10,-99.8788,37.5843, 397.0, 7577,-24.2,-45.8,-42.0, 12, 15, 0.16,342,19.9
2026-03-20 23:26:11,-99.8787,37.5841, 396.8, 7581,-24.2,-45.8,-42.0, 12, 15, 0.16,342,19.9
2026-03-20 23:26:12,-99.8786,37.5840, 396.6, 7584,-24.2,-45.7,-41.9, 12, 15, 0.16,342,19.9
2026-03-20 23:26:13,-99.8785,37.5838, 396.4, 7587,-24.2,-45.6,-41.8, 12, 15, 0.16,342,19.9
2026-03-20 23:26:14,-99.8784,37.5836, 396.2, 7590,-24.3,-45.6,-41.8, 12, 15, 0.16,342,19.9
2026-03-20 23:26:15,-99.8784,37.5835, 396.1, 7594,-24.3,-45.5,-41.7, 12, 16, 0.17,342,19.9
2026-03-20 23:26:16,-99.8783,37.5833, 395.9, 7597,-24.3,-45.5,-41.7, 12, 16, 0.17,341,19.9
2026-03-20 23:26:17,-99.8783,37.5831, 395.6, 7601,-24.3,-45.4,-41.6, 12, 16, 0.17,341,19.9
2026-03-20 23:26:18,-99.8782,37.5830, 395.4, 7605,-24.4,-45.4,-41.6, 12, 16, 0.17,341,19.9
2026-03-20 23:26:19,-99.8781,37.5828, 395.2, 7609,-24.4,-45.4,-41.6, 13, 16, 0.17,341,19.9
2026-03-20 23:26:20,-99.8780,37.5826, 395.0, 7613,-24.5,-45.4,-41.6, 13, 16, 0.17,341,19.8
2026-03-20 23:26:21,-99.8780,37.5824, 394.8, 7618,-24.5,-45.4,-41.6, 13, 16, 0.17,341,19.8
2026-03-20 23:26:22,-99.8779,37.5823, 394.5, 7622,-24.5,-45.3,-41.5, 13, 16, 0.17,341,19.8
2026-03-20 23:26:23,-99.8778,37.5821, 394.3, 7626,-24.6,-45.2,-41.4, 13, 17, 0.17,341,19.7
2026-03-20 23:26:24,-99.8777,37.5819, 394.1, 7630,-24.6,-45.2,-41.4, 13, 17, 0.17,340,19.7
2026-03-20 23:26:25,-99.8777,37.5818, 393.8, 7635,-24.6,-45.2,-41.4, 13, 17, 0.17,340,19.6
2026-03-20 23:26:26,-99.8776,37.5816, 393.6, 7639,-24.6,-45.2,-41.4, 13, 17, 0.17,340,19.6
2026-03-20 23:26:27,-99.8775,37.5814, 393.4, 7643,-24.7,-45.2,-41.5, 13, 17, 0.17,340,19.5
2026-03-20 23:26:28,-99.8774,37.5812, 393.1, 7648,-24.7,-45.2,-41.4, 13, 17, 0.17,340,19.5
2026-03-20 23:26:29,-99.8774,37.5810, 392.9, 7653,-24.8,-45.1,-41.3, 13, 17, 0.18,340,19.4
2026-03-20 23:26:30,-99.8773,37.5809, 392.6, 7657,-24.8,-44.9,-41.1, 14, 18, 0.18,339,19.3
2026-03-20 23:26:31,-99.8772,37.5807, 392.4, 7661,-24.9,-44.7,-41.0, 14, 18, 0.18,339,19.3
2026-03-20 23:26:32,-99.8771,37.5806, 392.2, 7665,-24.9,-44.6,-40.8, 14, 18, 0.19,339,19.2
2026-03-20 23:26:33,-99.8771,37.5804, 392.0, 7669,-24.9,-44.5,-40.7, 15, 19, 0.19,339,19.1
2026-03-20 23:26:34,-99.8770,37.5803, 391.7, 7674,-24.9,-44.4,-40.7, 15, 19, 0.19,339,19.0
2026-03-20 23:26:35,-99.8769,37.5801, 391.4, 7679,-25.0,-44.4,-40.7, 15, 19, 0.19,338,18.9
2026-03-20 23:26:36,-99.8769,37.5799, 391.2, 7684,-25.0,-44.4,-40.6, 15, 19, 0.19,338,18.9
2026-03-20 23:26:37,-99.8768,37.5798, 390.9, 7690,-25.1,-44.3,-40.6, 15, 19, 0.19,338,18.8
2026-03-20 23:26:38,-99.8767,37.5796, 390.6, 7695,-25.1,-44.2,-40.5, 15, 19, 0.19,338,18.7
2026-03-20 23:26:39,-99.8766,37.5795, 390.3, 7699,-25.2,-44.0,-40.3, 16, 20, 0.20,338,18.6
2026-03-20 23:26:40,-99.8765,37.5793, 390.1, 7704,-25.2,-43.7,-40.0, 16, 21, 0.20,337,18.5
2026-03-20 23:26:41,-99.8764,37.5792, 389.8, 7709,-25.3,-43.2,-39.6, 17, 22, 0.22,337,18.5
2026-03-20 23:26:42,-99.8763,37.5790, 389.5, 7714,-25.3,-42.8,-39.1, 18, 23, 0.23,337,18.4
2026-03-20 23:26:43,-99.8762,37.5789, 389.3, 7719,-25.3,-42.3,-38.7, 19, 24, 0.24,337,18.3
2026-03-20 23:26:44,-99.8762,37.5787, 389.0, 7724,-25.3,-41.9,-38.3, 20, 25, 0.25,337,18.2
2026-03-20 23:26:45,-99.8761,37.5786, 388.8, 7729,-25.3,-41.8,-38.2, 20, 26, 0.25,336,18.2
2026-03-20 23:26:46,-99.8760,37.5784, 388.5, 7733,-25.4,-41.7,-38.1, 20, 26, 0.25,336,18.1
2026-03-20 23:26:47,-99.8759,37.5783, 388.3, 7737,-25.4,-41.7,-38.1, 20, 26, 0.25,336,18.1
2026-03-20 23:26:48,-99.8758,37.5781, 388.2, 7740,-25.5,-41.7,-38.1, 21, 26, 0.26,336,18.0
2026-03-20 23:26:49,-99.8757,37.5780, 388.0, 7743,-25.5,-41.6,-38.1, 21, 27, 0.26,336,18.0
2026-03-20 23:26:50,-99.8756,37.5779, 387.8, 7747,-25.6,-41.6,-38.0, 21, 27, 0.26,336,17.9
2026-03-20 23:26:51,-99.8755,37.5777, 387.6, 7750,-25.6,-41.6,-38.0, 21, 27, 0.26,336,17.9
2026-03-20 23:26:52,-99.8755,37.5776, 387.4, 7754,-25.6,-41.4,-37.8, 21, 28, 0.26,336,17.9
2026-03-20 23:26:53,-99.8754,37.5774, 387.2, 7758,-25.6,-41.2,-37.6, 22, 28, 0.27,336,17.8
2026-03-20 23:26:54,-99.8753,37.5772, 387.0, 7762,-25.6,-40.8,-37.3, 23, 29, 0.28,335,17.8
2026-03-20 23:26:55,-99.8753,37.5771, 386.8, 7766,-25.7,-40.5,-37.0, 24, 30, 0.29,335,17.8
2026-03-20 23:26:56,-99.8752,37.5770, 386.5, 7770,-25.7,-40.2,-36.6, 25, 32, 0.30,335,17.8
2026-03-20 23:26:57,-99.8751,37.5768, 386.3, 7774,-25.7,-39.9,-36.4, 25, 33, 0.31,335,17.7
2026-03-20 23:26:58,-99.8750,37.5767, 386.1, 7779,-25.7,-39.7,-36.2, 26, 33, 0.32,335,17.7
2026-03-20 23:26:59,-99.8749,37.5765, 385.9, 7783,-25.8,-39.5,-36.0, 27, 34, 0.32,335,17.7
2026-03-20 23:27:00,-99.8748,37.5764, 385.6, 7787,-25.8,-39.3,-35.8, 27, 35, 0.33,335,17.7
2026-03-20 23:27:01,-99.8747,37.5762, 385.4, 7792,-25.9,-39.2,-35.8, 28, 35, 0.33,335,17.7
2026-03-20 23:27:02,-99.8747,37.5761, 385.2, 7795,-25.9,-39.3,-35.9, 27, 35, 0.33,335,17.7
2026-03-20 23:27:03,-99.8746,37.5760, 385.0, 7799,-26.0,-39.4,-35.9, 27, 35, 0.33,335,17.7
2026-03-20 23:27:04,-99.8745,37.5758, 384.8, 7802,-26.0,-39.4,-35.9, 27, 35, 0.33,335,17.6
2026-03-20 23:27:05,-99.8744,37.5757, 384.6, 7806,-26.0,-39.3,-35.9, 28, 36, 0.33,335,17.6
2026-03-20 23:27:06,-99.8743,37.5755, 384.4, 7810,-26.0,-39.2,-35.8, 28, 36, 0.33,335,17.6
2026-03-20 23:27:07,-99.8743,37.5754, 384.2, 7815,-26.1,-39.2,-35.7, 28, 36, 0.34,335,17.6
2026-03-20 23:27:08,-99.8742,37.5752, 384.0, 7819,-26.1,-39.1,-35.6, 29, 37, 0.34,335,17.6
2026-03-20 23:27:09,-99.8741,37.5751, 383.8, 7822,-26.1,-39.0,-35.5, 29, 37, 0.34,335,17.5
2026-03-20 23:27:10,-99.8740,37.5749, 383.6, 7826,-26.2,-38.9,-35.4, 29, 38, 0.35,335,17.5
2026-03-20 23:27:11,-99.8739,37.5748, 383.4, 7829,-26.2,-38.7,-35.3, 30, 38, 0.35,335,17.5
2026-03-20 23:27:12,-99.8738,37.5746, 383.3, 7832,-26.2,-38.6,-35.2, 30, 39, 0.35,335,17.5
2026-03-20 23:27:13,-99.8737,37.5745, 383.1, 7835,-26.2,-38.5,-35.1, 31, 39, 0.36,335,17.4
2026-03-20 23:27:14,-99.8737,37.5744, 382.9, 7838,-26.3,-38.3,-34.9, 31, 40, 0.37,335,17.4
2026-03-20 23:27:15,-99.8736,37.5742, 382.7, 7842,-26.3,-38.1,-34.7, 32, 42, 0.38,335,17.3
2026-03-20 23:27:16,-99.8735,37.5741, 382.5, 7847,-26.3,-37.8,-34.5, 33, 43, 0.38,335,17.3
2026-03-20 23:27:17,-99.8734,37.5739, 382.2, 7851,-26.4,-37.7,-34.3, 34, 44, 0.39,335,17.3
2026-03-20 23:27:18,-99.8733,37.5737, 382.0, 7856,-26.4,-37.6,-34.3, 34, 44, 0.39,335,17.2
2026-03-20 23:27:19,-99.8732,37.5736, 381.8, 7860,-26.4,-37.7,-34.3, 34, 44, 0.39,334,17.2
2026-03-20 23:27:20,-99.8732,37.5735, 381.6, 7864,-26.5,-37.7,-34.4, 34, 44, 0.39,334,17.1
2026-03-20 23:27:21,-99.8731,37.5733, 381.4, 7868,-26.5,-37.7,-34.4, 34, 44, 0.39,334,17.1
2026-03-20 23:27:22,-99.8730,37.5732, 381.2, 7871,-26.5,-37.7,-34.3, 34, 44, 0.39,334,17.1
2026-03-20 23:27:23,-99.8730,37.5731, 381.0, 7874,-26.6,-37.5,-34.2, 35, 45, 0.40,334,17.0
2026-03-20 23:27:24,-99.8729,37.5729, 380.9, 7878,-26.6,-37.4,-34.0, 35, 46, 0.41,333,17.0
2026-03-20 23:27:25,-99.8728,37.5728, 380.6, 7882,-26.6,-37.3,-34.0, 36, 47, 0.41,333,17.0
2026-03-20 23:27:26,-99.8727,37.5727, 380.4, 7886,-26.7,-37.2,-33.9, 36, 47, 0.41,333,16.9
2026-03-20 23:27:27,-99.8726,37.5725, 380.2, 7890,-26.7,-37.2,-33.9, 36, 47, 0.41,333,16.9
2026-03-20 23:27:28,-99.8725,37.5724, 380.0, 7894,-26.8,-37.1,-33.8, 37, 48, 0.42,333,16.9
2026-03-20 23:27:29,-99.8724,37.5723, 379.7, 7899,-26.8,-36.9,-33.6, 38, 49, 0.43,332,16.9
2026-03-20 23:27:30,-99.8724,37.5721, 379.5, 7904,-26.8,-36.6,-33.3, 39, 51, 0.44,332,16.9
2026-03-20 23:27:31,-99.8723,37.5720, 379.2, 7909,-26.9,-36.4,-33.1, 40, 52, 0.45,332,16.9
2026-03-20 23:27:32,-99.8722,37.5719, 379.0, 7913,-26.9,-36.4,-33.2, 40, 52, 0.45,332,16.9
2026-03-20 23:27:33,-99.8721,37.5718, 378.8, 7917,-26.9,-36.5,-33.2, 40, 52, 0.45,332,16.9
2026-03-20 23:27:34,-99.8720,37.5716, 378.6, 7920,-27.0,-36.4,-33.2, 40, 53, 0.45,331,16.9
2026-03-20 23:27:35,-99.8719,37.5715, 378.4, 7924,-27.0,-36.3,-33.0, 41, 53, 0.45,331,16.9
2026-03-20 23:27:36,-99.8717,37.5714, 378.3, 7927,-27.0,-36.1,-32.9, 42, 54, 0.46,331,17.0
2026-03-20 23:27:37,-99.8716,37.5712, 378.1, 7930,-27.0,-36.1,-32.8, 42, 55, 0.47,331,17.0
2026-03-20 23:27:38,-99.8716,37.5711, 377.9, 7934,-27.1,-36.0,-32.8, 42, 55, 0.47,331,17.0
2026-03-20 23:27:39,-99.8715,37.5710, 377.7, 7937,-27.1,-36.0,-32.8, 43, 56, 0.47,331,17.1
2026-03-20 23:27:40,-99.8714,37.5709, 377.5, 7941,-27.1,-36.0,-32.7, 43, 56, 0.47,331,17.1
2026-03-20 23:27:41,-99.8713,37.5707, 377.3, 7945,-27.2,-35.9,-32.6, 43, 57, 0.48,331,17.1
2026-03-20 23:27:42,-99.8712,37.5706, 377.1, 7948,-27.2,-35.8,-32.6, 44, 57, 0.48,331,17.2
2026-03-20 23:27:43,-99.8711,37.5705, 377.0, 7951,-27.2,-35.8,-32.5, 44, 58, 0.48,331,17.2
2026-03-20 23:27:44,-99.8710,37.5703, 376.8, 7954,-27.2,-35.7,-32.5, 44, 58, 0.48,331,17.2
2026-03-20 23:27:45,-99.8709,37.5702, 376.7, 7956,-27.3,-35.7,-32.5, 45, 58, 0.49,331,17.3
2026-03-20 23:27:46,-99.8708,37.5700, 376.6, 7959,-27.3,-35.6,-32.4, 45, 59, 0.49,331,17.3
2026-03-20 23:27:47,-99.8707,37.5699, 376.4, 7963,-27.3,-35.6,-32.4, 45, 59, 0.49,331,17.3
2026-03-20 23:27:48,-99.8706,37.5698, 376.2, 7967,-27.3,-35.6,-32.4, 45, 59, 0.49,331,17.4
2026-03-20 23:27:49,-99.8705,37.5697, 376.0, 7971,-27.4,-35.6,-32.3, 46, 60, 0.49,331,17.4
2026-03-20 23:27:50,-99.8704,37.5695, 375.8, 7975,-27.4,-35.6,-32.4, 46, 60, 0.49,331,17.4
2026-03-20 23:27:51,-99.8703,37.5694, 375.5, 7979,-27.4,-35.6,-32.4, 46, 60, 0.49,331,17.5
2026-03-20 23:27:52,-99.8702,37.5692, 375.3, 7983,-27.4,-35.5,-32.3, 46, 60, 0.49,331,17.5
2026-03-20 23:27:53,-99.8701,37.5691, 375.2, 7986,-27.4,-35.5,-32.3, 46, 60, 0.50,331,17.5
2026-03-20 23:27:54,-99.8700,37.5690, 375.0, 7990,-27.5,-35.5,-32.3, 46, 61, 0.50,331,17.5
2026-03-20 23:27:55,-99.8699,37.5688, 374.8, 7994,-27.5,-35.6,-32.3, 46, 60, 0.49,331,17.5
2026-03-20 23:27:56,-99.8698,37.5687, 374.6, 7997,-27.5,-35.6,-32.3, 46, 60, 0.49,331,17.6
2026-03-20 23:27:57,-99.8697,37.5685, 374.4, 8001,-27.5,-35.6,-32.4, 46, 60, 0.49,331,17.6
2026-03-20 23:27:58,-99.8696,37.5684, 374.2, 8005,-27.5,-35.6,-32.4, 46, 60, 0.49,331,17.6
2026-03-20 23:27:59,-99.8695,37.5682, 374.0, 8008,-27.5,-35.6,-32.4, 46, 60, 0.49,331,17.6
2026-03-20 23:28:00,-99.8694,37.5681, 373.8, 8012,-27.5,-35.7,-32.5, 46, 60, 0.49,331,17.6
2026-03-20 23:28:01,-99.8693,37.5680, 373.7, 8015,-27.5,-35.7,-32.5, 46, 60, 0.49,331,17.6
2026-03-20 23:28:02,-99.8692,37.5678, 373.5, 8018,-27.6,-35.8,-32.5, 46, 60, 0.49,331,17.6
2026-03-20 23:28:03,-99.8691,37.5677, 373.4, 8021,-27.6,-35.8,-32.5, 46, 60, 0.49,331,17.6
2026-03-20 23:28:04,-99.8690,37.5676, 373.2, 8024,-27.6,-35.9,-32.6, 45, 59, 0.48,331,17.6
2026-03-20 23:28:05,-99.8689,37.5674, 373.0, 8028,-27.6,-36.0,-32.7, 45, 59, 0.48,331,17.5
2026-03-20 23:28:06,-99.8688,37.5673, 372.8, 8031,-27.6,-36.1,-32.9, 44, 58, 0.47,331,17.5
2026-03-20 23:28:07,-99.8688,37.5671, 372.6, 8035,-27.6,-36.2,-33.0, 44, 57, 0.46,331,17.5
2026-03-20 23:28:08,-99.8687,37.5670, 372.4, 8039,-27.7,-36.3,-33.0, 44, 57, 0.46,331,17.5
2026-03-20 23:28:09,-99.8686,37.5669, 372.2, 8042,-27.7,-36.3,-33.1, 44, 57, 0.46,331,17.5
2026-03-20 23:28:10,-99.8685,37.5667, 372.1, 8046,-27.7,-36.3,-33.1, 44, 57, 0.46,331,17.5
2026-03-20 23:28:11,-99.8684,37.5666, 371.9, 8049,-27.7,-36.3,-33.1, 44, 57, 0.46,331,17.4
2026-03-20 23:28:12,-99.8683,37.5665, 371.8, 8052,-27.8,-36.4,-33.1, 44, 57, 0.46,331,17.4
2026-03-20 23:28:13,-99.8682,37.5663, 371.6, 8055,-27.8,-36.4,-33.1, 44, 58, 0.46,331,17.4
2026-03-20 23:28:14,-99.8680,37.5662, 371.4, 8058,-27.8,-36.4,-33.1, 44, 58, 0.46,331,17.4
2026-03-20 23:28:15,-99.8679,37.5661, 371.3, 8061,-27.9,-36.3,-33.1, 44, 58, 0.46,331,17.4
2026-03-20 23:28:16,-99.8678,37.5659, 371.1, 8064,-27.9,-36.3,-33.1, 44, 58, 0.46,331,17.3
2026-03-20 23:28:17,-99.8678,37.5658, 370.9, 8067,-28.0,-36.4,-33.1, 45, 59, 0.46,331,17.3
2026-03-20 23:28:18,-99.8677,37.5657, 370.8, 8071,-28.0,-36.4,-33.1, 45, 59, 0.46,331,17.3
2026-03-20 23:28:19,-99.8676,37.5655, 370.6, 8074,-28.0,-36.4,-33.1, 45, 59, 0.46,331,17.3
2026-03-20 23:28:20,-99.8675,37.5654, 370.4, 8078,-28.0,-36.4,-33.2, 44, 58, 0.46,331,17.3
2026-03-20 23:28:21,-99.8674,37.5652, 370.2, 8081,-28.1,-36.5,-33.2, 44, 58, 0.46,331,17.2
2026-03-20 23:28:22,-99.8673,37.5651, 370.1, 8085,-28.1,-36.6,-33.3, 44, 58, 0.45,331,17.2
2026-03-20 23:28:23,-99.8672,37.5650, 369.9, 8088,-28.1,-36.6,-33.3, 44, 58, 0.45,331,17.2
2026-03-20 23:28:24,-99.8671,37.5648, 369.7, 8091,-28.1,-36.7,-33.4, 44, 58, 0.45,331,17.2
2026-03-20 23:28:25,-99.8670,37.5647, 369.5, 8095,-28.1,-36.7,-33.4, 44, 58, 0.45,331,17.2
2026-03-20 23:28:26,-99.8670,37.5646, 369.4, 8098,-28.2,-36.8,-33.5, 44, 57, 0.44,331,17.2
2026-03-20 23:28:27,-99.8669,37.5644, 369.2, 8102,-28.2,-36.9,-33.5, 44, 57, 0.44,331,17.1
2026-03-20 23:28:28,-99.8668,37.5643, 369.0, 8105,-28.3,-36.9,-33.6, 43, 57, 0.44,331,17.1
2026-03-20 23:28:29,-99.8667,37.5641, 368.8, 8109,-28.3,-36.9,-33.6, 43, 57, 0.44,331,17.1
2026-03-20 23:28:30,-99.8666,37.5640, 368.6, 8113,-28.4,-37.0,-33.7, 44, 57, 0.44,331,17.1
2026-03-20 23:28:31,-99.8665,37.5639, 368.4, 8116,-28.4,-37.0,-33.7, 44, 57, 0.44,331,17.1
2026-03-20 23:28:32,-99.8664,37.5637, 368.2, 8120,-28.4,-37.0,-33.7, 44, 58, 0.44,331,17.1
2026-03-20 23:28:33,-99.8663,37.5636, 368.1, 8124,-28.4,-37.0,-33.7, 44, 58, 0.44,331,17.1
2026-03-20 23:28:34,-99.8662,37.5635, 367.9, 8127,-28.5,-36.9,-33.6, 44, 58, 0.44,331,17.2
2026-03-20 23:28:35,-99.8661,37.5633, 367.7, 8130,-28.5,-36.9,-33.6, 44, 58, 0.44,331,17.2
2026-03-20 23:28:36,-99.8660,37.5632, 367.5, 8134,-28.5,-36.9,-33.6, 44, 58, 0.44,331,17.2
2026-03-20 23:28:37,-99.8659,37.5631, 367.4, 8137,-28.5,-37.1,-33.7, 44, 58, 0.43,331,17.2
2026-03-20 23:28:38,-99.8658,37.5630, 367.2, 8140,-28.6,-37.2,-33.9, 43, 57, 0.43,331,17.2
2026-03-20 23:28:39,-99.8657,37.5629, 367.0, 8143,-28.6,-37.4,-34.0, 43, 56, 0.42,331,17.3
2026-03-20 23:28:40,-99.8656,37.5627, 366.8, 8147,-28.6,-37.6,-34.2, 42, 55, 0.41,331,17.3
2026-03-20 23:28:41,-99.8655,37.5626, 366.6, 8151,-28.7,-37.8,-34.4, 41, 55, 0.41,331,17.3
2026-03-20 23:28:42,-99.8654,37.5624, 366.4, 8155,-28.7,-37.9,-34.6, 41, 54, 0.40,331,17.4
2026-03-20 23:28:43,-99.8654,37.5623, 366.3, 8158,-28.7,-38.1,-34.7, 40, 53, 0.39,331,17.4
2026-03-20 23:28:44,-99.8653,37.5622, 366.1, 8161,-28.7,-38.3,-34.9, 40, 52, 0.39,331,17.4
2026-03-20 23:28:45,-99.8652,37.5620, 366.0, 8164,-28.7,-38.4,-35.0, 39, 52, 0.38,331,17.5
2026-03-20 23:28:46,-99.8651,37.5619, 365.8, 8168,-28.8,-38.5,-35.1, 39, 51, 0.38,331,17.5
2026-03-20 23:28:47,-99.8650,37.5617, 365.6, 8171,-28.8,-38.5,-35.1, 39, 51, 0.38,331,17.5
2026-03-20 23:28:48,-99.8649,37.5616, 365.4, 8175,-28.8,-38.4,-35.0, 39, 52, 0.38,331,17.5
2026-03-20 23:28:49,-99.8647,37.5615, 365.3, 8178,-28.8,-38.3,-34.9, 40, 52, 0.38,331,17.6
2026-03-20 23:28:50,-99.8647,37.5613, 365.1, 8181,-28.8,-38.3,-34.9, 40, 52, 0.38,331,17.6
2026-03-20 23:28:51,-99.8646,37.5612, 364.9, 8184,-28.8,-38.5,-35.1, 39, 52, 0.38,331,17.6
2026-03-20 23:28:52,-99.8645,37.5610, 364.8, 8187,-28.9,-38.6,-35.2, 39, 51, 0.37,331,17.6
2026-03-20 23:28:53,-99.8644,37.5609, 364.6, 8190,-28.9,-38.6,-35.2, 39, 51, 0.37,331,17.6
2026-03-20 23:28:54,-99.8643,37.5607, 364.5, 8193,-28.9,-38.5,-35.1, 39, 52, 0.38,331,17.7
2026-03-20 23:28:55,-99.8642,37.5606, 364.3, 8197,-28.9,-38.4,-35.0, 40, 52, 0.38,331,17.7
2026-03-20 23:28:56,-99.8641,37.5605, 364.1, 8200,-28.9,-38.2,-34.9, 40, 53, 0.39,331,17.7
2026-03-20 23:28:57,-99.8640,37.5603, 364.0, 8204,-28.9,-38.1,-34.8, 41, 54, 0.39,331,17.7
2026-03-20 23:28:58,-99.8639,37.5602, 363.8, 8207,-29.0,-38.1,-34.7, 41, 55, 0.40,331,17.7
2026-03-20 23:28:59,-99.8638,37.5600, 363.6, 8210,-29.0,-38.0,-34.7, 42, 55, 0.40,331,17.7
2026-03-20 23:29:00,-99.8637,37.5599, 363.5, 8214,-29.0,-38.1,-34.7, 41, 55, 0.40,331,17.7
2026-03-20 23:29:01,-99.8636,37.5598, 363.3, 8217,-29.0,-38.2,-34.8, 41, 55, 0.39,331,17.7
2026-03-20 23:29:02,-99.8636,37.5596, 363.1, 8220,-29.1,-38.3,-34.9, 41, 54, 0.39,331,17.7
2026-03-20 23:29:03,-99.8635,37.5595, 363.0, 8223,-29.1,-38.5,-35.1, 40, 53, 0.38,331,17.7
2026-03-20 23:29:04,-99.8634,37.5593, 362.8, 8227,-29.1,-38.6,-35.2, 40, 53, 0.38,331,17.7
2026-03-20 23:29:05,-99.8633,37.5592, 362.6, 8231,-29.1,-38.7,-35.2, 39, 52, 0.37,331,17.7
2026-03-20 23:29:06,-99.8632,37.5590, 362.4, 8235,-29.1,-38.8,-35.4, 39, 52, 0.37,331,17.7
2026-03-20 23:29:07,-99.8631,37.5589, 362.2, 8239,-29.2,-39.1,-35.6, 38, 50, 0.36,331,17.7
2026-03-20 23:29:08,-99.8630,37.5588, 362.0, 8242,-29.2,-39.4,-35.9, 37, 49, 0.35,331,17.7
2026-03-20 23:29:09,-99.8629,37.5587, 361.8, 8246,-29.2,-39.7,-36.2, 35, 47, 0.34,331,17.7
2026-03-20 23:29:10,-99.8628,37.5585, 361.7, 8249,-29.2,-40.0,-36.5, 35, 46, 0.33,331,17.7
2026-03-20 23:29:11,-99.8627,37.5584, 361.5, 8252,-29.2,-40.1,-36.6, 34, 46, 0.32,331,17.7
2026-03-20 23:29:12,-99.8626,37.5583, 361.4, 8255,-29.2,-40.2,-36.7, 34, 45, 0.32,331,17.7
2026-03-20 23:29:13,-99.8625,37.5581, 361.2, 8257,-29.2,-40.4,-36.8, 33, 45, 0.32,331,17.7
2026-03-20 23:29:14,-99.8624,37.5580, 361.1, 8260,-29.3,-40.5,-37.0, 33, 44, 0.31,331,17.7
2026-03-20 23:29:15,-99.8623,37.5578, 360.9, 8264,-29.3,-40.6,-37.0, 33, 44, 0.31,331,17.8
2026-03-20 23:29:16,-99.8622,37.5577, 360.7, 8267,-29.4,-40.6,-37.1, 33, 44, 0.31,331,17.8
2026-03-20 23:29:17,-99.8621,37.5575, 360.6, 8271,-29.4,-40.6,-37.1, 33, 44, 0.31,331,17.8
2026-03-20 23:29:18,-99.8620,37.5574, 360.4, 8274,-29.4,-40.6,-37.1, 33, 44, 0.31,331,17.8
2026-03-20 23:29:19,-99.8619,37.5573, 360.2, 8277,-29.4,-40.7,-37.1, 33, 44, 0.31,331,17.9
2026-03-20 23:29:20,-99.8618,37.5572, 360.0, 8281,-29.5,-40.8,-37.3, 33, 43, 0.30,331,17.9
2026-03-20 23:29:21,-99.8617,37.5570, 359.9, 8285,-29.5,-41.0,-37.5, 32, 43, 0.30,331,17.9
2026-03-20 23:29:22,-99.8616,37.5569, 359.7, 8288,-29.5,-41.2,-37.6, 31, 42, 0.29,331,18.0
2026-03-20 23:29:23,-99.8615,37.5567, 359.5, 8293,-29.6,-41.4,-37.8, 31, 41, 0.28,331,18.0
2026-03-20 23:29:24,-99.8614,37.5566, 359.2, 8297,-29.6,-41.4,-37.8, 31, 41, 0.28,331,18.0
2026-03-20 23:29:25,-99.8613,37.5564, 359.0, 8301,-29.6,-41.4,-37.8, 31, 42, 0.29,332,18.1
2026-03-20 23:29:26,-99.8612,37.5563, 358.9, 8304,-29.6,-41.3,-37.7, 31, 42, 0.29,332,18.1
2026-03-20 23:29:27,-99.8611,37.5561, 358.7, 8308,-29.7,-41.3,-37.7, 32, 42, 0.29,332,18.1
2026-03-20 23:29:28,-99.8610,37.5560, 358.5, 8312,-29.7,-41.2,-37.7, 32, 43, 0.29,332,18.2
2026-03-20 23:29:29,-99.8609,37.5559, 358.3, 8315,-29.7,-41.2,-37.6, 32, 43, 0.29,332,18.2
2026-03-20 23:29:30,-99.8608,37.5557, 358.1, 8319,-29.7,-41.2,-37.6, 32, 43, 0.29,332,18.3
2026-03-20 23:29:31,-99.8607,37.5556, 358.0, 8322,-29.7,-41.2,-37.6, 32, 43, 0.29,332,18.3
2026-03-20 23:29:32,-99.8606,37.5554, 357.8, 8326,-29.8,-41.2,-37.6, 32, 43, 0.29,333,18.3
2026-03-20 23:29:33,-99.8605,37.5553, 357.6, 8329,-29.8,-41.2,-37.6, 32, 43, 0.29,333,18.4
2026-03-20 23:29:34,-99.8604,37.5551, 357.4, 8333,-29.8,-41.1,-37.5, 33, 44, 0.29,333,18.4
2026-03-20 23:29:35,-99.8603,37.5550, 357.2, 8337,-29.8,-41.0,-37.5, 33, 44, 0.30,333,18.4
2026-03-20 23:29:36,-99.8603,37.5548, 357.0, 8341,-29.9,-41.0,-37.4, 33, 45, 0.30,333,18.5
2026-03-20 23:29:37,-99.8602,37.5547, 356.8, 8345,-29.9,-40.9,-37.4, 33, 45, 0.30,333,18.5
2026-03-20 23:29:38,-99.8601,37.5545, 356.6, 8349,-29.9,-40.9,-37.4, 34, 45, 0.30,334,18.5
2026-03-20 23:29:39,-99.8600,37.5544, 356.4, 8353,-29.9,-40.9,-37.4, 34, 45, 0.30,334,18.5
2026-03-20 23:29:40,-99.8599,37.5542, 356.2, 8357,-29.9,-41.0,-37.4, 33, 45, 0.30,334,18.6
2026-03-20 23:29:41,-99.8598,37.5541, 356.1, 8360,-30.0,-41.0,-37.5, 33, 45, 0.30,334,18.6
2026-03-20 23:29:42,-99.8597,37.5539, 355.9, 8363,-30.0,-41.1,-37.5, 33, 45, 0.30,334,18.6
2026-03-20 23:29:43,-99.8596,37.5538, 355.7, 8367,-30.0,-41.0,-37.5, 33, 45, 0.30,334,18.6
2026-03-20 23:29:44,-99.8595,37.5536, 355.6, 8370,-30.0,-41.0,-37.4, 34, 45, 0.30,334,18.7
2026-03-20 23:29:45,-99.8594,37.5535, 355.4, 8373,-30.0,-40.9,-37.3, 34, 46, 0.30,335,18.7
2026-03-20 23:29:46,-99.8593,37.5533, 355.3, 8376,-30.1,-40.8,-37.3, 34, 46, 0.30,335,18.7
2026-03-20 23:29:47,-99.8592,37.5532, 355.1, 8380,-30.1,-40.8,-37.3, 34, 46, 0.31,335,18.7
2026-03-20 23:29:48,-99.8591,37.5530, 354.9, 8384,-30.1,-40.8,-37.3, 35, 47, 0.31,335,18.8
2026-03-20 23:29:49,-99.8591,37.5529, 354.7, 8388,-30.2,-40.8,-37.2, 35, 47, 0.31,335,18.8
2026-03-20 23:29:50,-99.8590,37.5527, 354.5, 8391,-30.2,-40.8,-37.3, 35, 47, 0.31,335,18.8
2026-03-20 23:29:51,-99.8589,37.5525, 354.3, 8395,-30.2,-40.8,-37.3, 35, 47, 0.31,335,18.9
2026-03-20 23:29:52,-99.8588,37.5524, 354.1, 8399,-30.2,-40.9,-37.3, 35, 47, 0.30,335,18.9
2026-03-20 23:29:53,-99.8587,37.5522, 353.9, 8403,-30.2,-40.9,-37.4, 35, 47, 0.30,335,18.9
2026-03-20 23:29:54,-99.8586,37.5521, 353.8, 8406,-30.3,-40.9,-37.4, 35, 47, 0.30,335,18.9
2026-03-20 23:29:55,-99.8585,37.5519, 353.6, 8410,-30.3,-40.9,-37.4, 35, 47, 0.30,335,19.0
2026-03-20 23:29:56,-99.8585,37.5518, 353.4, 8413,-30.3,-41.0,-37.4, 35, 47, 0.30,335,19.0
2026-03-20 23:29:57,-99.8584,37.5516, 353.2, 8417,-30.3,-41.0,-37.4, 35, 47, 0.30,335,19.0
2026-03-20 23:29:58,-99.8583,37.5515, 353.0, 8421,-30.4,-40.9,-37.4, 35, 47, 0.30,336,19.1
2026-03-20 23:29:59,-99.8582,37.5513, 352.9, 8424,-30.4,-40.9,-37.4, 35, 47, 0.30,336,19.1
2026-03-20 23:30:00,-99.8581,37.5512, 352.7, 8428,-30.4,-40.9,-37.4, 35, 48, 0.30,336,19.1
2026-03-20 23:30:01,-99.8580,37.5510, 352.5, 8431,-30.5,-40.9,-37.3, 36, 48, 0.31,336,19.2
2026-03-20 23:30:02,-99.8579,37.5508, 352.3, 8435,-30.5,-40.9,-37.3, 36, 48, 0.31,336,19.2
2026-03-20 23:30:03,-99.8578,37.5507, 352.1, 8439,-30.5,-40.9,-37.3, 36, 48, 0.31,336,19.2
2026-03-20 23:30:04,-99.8577,37.5505, 351.9, 8443,-30.5,-40.9,-37.4, 36, 48, 0.31,336,19.3
2026-03-20 23:30:05,-99.8576,37.5504, 351.8, 8447,-30.6,-40.9,-37.4, 36, 48, 0.30,336,19.3
2026-03-20 23:30:06,-99.8575,37.5502, 351.6, 8450,-30.6,-40.9,-37.4, 36, 48, 0.30,336,19.3
2026-03-20 23:30:07,-99.8574,37.5500, 351.4, 8454,-30.6,-40.9,-37.4, 36, 48, 0.30,336,19.4
2026-03-20 23:30:08,-99.8574,37.5499, 351.2, 8458,-30.6,-40.9,-37.4, 36, 48, 0.31,336,19.4
2026-03-20 23:30:09,-99.8573,37.5497, 351.0, 8462,-30.7,-40.9,-37.4, 36, 49, 0.31,336,19.4
2026-03-20 23:30:10,-99.8572,37.5496, 350.8, 8466,-30.7,-40.9,-37.3, 36, 49, 0.31,336,19.5
2026-03-20 23:30:11,-99.8571,37.5494, 350.6, 8470,-30.7,-40.9,-37.3, 36, 49, 0.31,336,19.5
2026-03-20 23:30:12,-99.8570,37.5492, 350.4, 8474,-30.7,-40.8,-37.3, 37, 50, 0.31,336,19.5
2026-03-20 23:30:13,-99.8569,37.5491, 350.2, 8477,-30.8,-40.8,-37.2, 37, 50, 0.31,336,19.5
2026-03-20 23:30:14,-99.8569,37.5489, 350.1, 8481,-30.8,-40.7,-37.1, 38, 51, 0.32,337,19.5
2026-03-20 23:30:15,-99.8568,37.5487, 349.9, 8484,-30.8,-40.4,-36.9, 38, 52, 0.32,337,19.6
2026-03-20 23:30:16,-99.8567,37.5486, 349.7, 8487,-30.8,-40.1,-36.6, 40, 54, 0.33,337,19.6
2026-03-20 23:30:17,-99.8566,37.5484, 349.6, 8491,-30.8,-39.9,-36.4, 41, 55, 0.34,337,19.6
2026-03-20 23:30:18,-99.8565,37.5483, 349.4, 8494,-30.9,-39.8,-36.3, 41, 56, 0.35,337,19.6
2026-03-20 23:30:19,-99.8564,37.5481, 349.2, 8498,-30.9,-39.8,-36.3, 41, 56, 0.34,337,19.6
2026-03-20 23:30:20,-99.8563,37.5480, 349.1, 8501,-30.9,-40.0,-36.5, 41, 55, 0.34,337,19.6
2026-03-20 23:30:21,-99.8562,37.5478, 348.9, 8504,-30.9,-40.2,-36.7, 40, 54, 0.33,337,19.7
2026-03-20 23:30:22,-99.8561,37.5476, 348.8, 8507,-30.9,-40.4,-36.8, 39, 53, 0.33,337,19.7
2026-03-20 23:30:23,-99.8560,37.5474, 348.6, 8511,-31.0,-40.5,-37.0, 39, 52, 0.32,337,19.7
2026-03-20 23:30:24,-99.8559,37.5473, 348.4, 8515,-31.0,-40.7,-37.2, 38, 51, 0.31,337,19.7
2026-03-20 23:30:25,-99.8558,37.5471, 348.2, 8519,-31.0,-41.0,-37.4, 37, 50, 0.31,337,19.7
2026-03-20 23:30:26,-99.8558,37.5469, 348.0, 8523,-31.0,-41.2,-37.6, 36, 49, 0.30,338,19.8
2026-03-20 23:30:27,-99.8557,37.5468, 347.8, 8527,-31.1,-41.4,-37.9, 35, 48, 0.29,338,19.8
2026-03-20 23:30:28,-99.8556,37.5466, 347.6, 8531,-31.1,-41.6,-38.0, 35, 47, 0.29,338,19.8
2026-03-20 23:30:29,-99.8555,37.5465, 347.4, 8535,-31.1,-41.7,-38.1, 35, 47, 0.28,338,19.8
2026-03-20 23:30:30,-99.8555,37.5463, 347.2, 8539,-31.1,-41.8,-38.2, 34, 47, 0.28,338,19.9
2026-03-20 23:30:31,-99.8554,37.5461, 347.0, 8543,-31.1,-41.8,-38.2, 34, 46, 0.28,338,19.9
2026-03-20 23:30:32,-99.8553,37.5460, 346.8, 8547,-31.2,-41.9,-38.3, 34, 46, 0.28,338,19.9
2026-03-20 23:30:33,-99.8552,37.5458, 346.6, 8551,-31.2,-41.9,-38.3, 34, 47, 0.28,338,20.0
2026-03-20 23:30:34,-99.8552,37.5457, 346.4, 8555,-31.3,-41.9,-38.3, 34, 47, 0.28,338,20.0
2026-03-20 23:30:35,-99.8551,37.5455, 346.2, 8559,-31.3,-42.0,-38.4, 34, 46, 0.28,338,20.0
2026-03-20 23:30:36,-99.8550,37.5453, 346.0, 8563,-31.3,-42.1,-38.5, 34, 46, 0.27,338,20.1
2026-03-20 23:30:37,-99.8549,37.5451, 345.9, 8566,-31.4,-42.2,-38.6, 34, 46, 0.27,338,20.1
2026-03-20 23:30:38,-99.8548,37.5450, 345.7, 8569,-31.4,-42.2,-38.6, 34, 46, 0.27,338,20.1
2026-03-20 23:30:39,-99.8547,37.5448, 345.6, 8573,-31.4,-42.2,-38.6, 34, 46, 0.27,338,20.2
2026-03-20 23:30:40,-99.8546,37.5446, 345.4, 8576,-31.4,-42.1,-38.5, 34, 46, 0.27,339,20.2
2026-03-20 23:30:41,-99.8545,37.5444, 345.2, 8580,-31.5,-42.1,-38.5, 34, 47, 0.27,339,20.2
2026-03-20 23:30:42,-99.8544,37.5443, 345.0, 8583,-31.5,-42.0,-38.4, 35, 47, 0.28,339,20.3
2026-03-20 23:30:43,-99.8543,37.5441, 344.9, 8587,-31.5,-42.0,-38.4, 35, 48, 0.28,339,20.3
2026-03-20 23:30:44,-99.8543,37.5439, 344.7, 8591,-31.5,-41.9,-38.3, 35, 48, 0.28,339,20.3
2026-03-20 23:30:45,-99.8542,37.5437, 344.5, 8594,-31.6,-41.9,-38.3, 36, 49, 0.28,339,20.3
2026-03-20 23:30:46,-99.8541,37.5436, 344.4, 8597,-31.6,-41.8,-38.2, 36, 49, 0.28,339,20.4
2026-03-20 23:30:47,-99.8541,37.5434, 344.2, 8601,-31.6,-41.8,-38.2, 36, 49, 0.28,339,20.4
2026-03-20 23:30:48,-99.8540,37.5432, 344.0, 8604,-31.7,-41.8,-38.2, 36, 49, 0.29,339,20.4
2026-03-20 23:30:49,-99.8539,37.5431, 343.8, 8608,-31.7,-41.8,-38.2, 36, 50, 0.29,339,20.4
2026-03-20 23:30:50,-99.8538,37.5429, 343.7, 8612,-31.7,-41.7,-38.1, 37, 50, 0.29,339,20.4
2026-03-20 23:30:51,-99.8537,37.5427, 343.5, 8616,-31.8,-41.7,-38.1, 37, 50, 0.29,339,20.4
2026-03-20 23:30:52,-99.8536,37.5425, 343.3, 8620,-31.8,-41.7,-38.1, 37, 50, 0.29,339,20.4
2026-03-20 23:30:53,-99.8535,37.5424, 343.1, 8624,-31.9,-41.7,-38.1, 37, 51, 0.29,339,20.4
2026-03-20 23:30:54,-99.8534,37.5422, 342.9, 8628,-31.9,-41.8,-38.2, 37, 51, 0.29,339,20.4
2026-03-20 23:30:55,-99.8534,37.5420, 342.7, 8632,-32.0,-41.8,-38.2, 37, 51, 0.29,339,20.4
2026-03-20 23:30:56,-99.8533,37.5419, 342.5, 8636,-32.0,-41.8,-38.2, 37, 51, 0.29,339,20.4
2026-03-20 23:30:57,-99.8532,37.5417, 342.3, 8639,-32.0,-41.8,-38.2, 37, 51, 0.29,339,20.4
2026-03-20 23:30:58,-99.8531,37.5415, 342.1, 8643,-32.0,-41.8,-38.2, 37, 51, 0.29,339,20.4
2026-03-20 23:30:59,-99.8531,37.5413, 341.9, 8647,-32.0,-41.9,-38.3, 37, 51, 0.28,339,20.4
2026-03-20 23:31:00,-99.8530,37.5412, 341.7, 8651,-32.1,-41.9,-38.3, 37, 51, 0.28,339,20.4
2026-03-20 23:31:01,-99.8529,37.5410, 341.5, 8655,-32.1,-41.9,-38.3, 38, 51, 0.28,340,20.4
2026-03-20 23:31:02,-99.8528,37.5408, 341.3, 8659,-32.2,-41.8,-38.2, 38, 52, 0.29,340,20.3
2026-03-20 23:31:03,-99.8527,37.5407, 341.1, 8664,-32.2,-41.8,-38.2, 38, 52, 0.29,340,20.3
2026-03-20 23:31:04,-99.8526,37.5405, 340.9, 8668,-32.2,-41.9,-38.3, 38, 52, 0.29,340,20.3
2026-03-20 23:31:05,-99.8525,37.5403, 340.7, 8673,-32.3,-41.9,-38.3, 38, 52, 0.28,340,20.3
2026-03-20 23:31:06,-99.8525,37.5402, 340.5, 8677,-32.3,-42.0,-38.4, 37, 51, 0.28,340,20.3
2026-03-20 23:31:07,-99.8524,37.5400, 340.3, 8681,-32.3,-42.1,-38.5, 37, 51, 0.28,340,20.2
2026-03-20 23:31:08,-99.8523,37.5398, 340.1, 8685,-32.4,-42.2,-38.6, 37, 51, 0.28,340,20.2
2026-03-20 23:31:09,-99.8523,37.5396, 339.9, 8690,-32.4,-42.2,-38.5, 37, 51, 0.28,340,20.2
2026-03-20 23:31:10,-99.8522,37.5395, 339.7, 8694,-32.4,-42.1,-38.5, 38, 52, 0.28,340,20.2
2026-03-20 23:31:11,-99.8521,37.5393, 339.4, 8699,-32.5,-42.1,-38.5, 38, 52, 0.28,340,20.1
2026-03-20 23:31:12,-99.8520,37.5391, 339.2, 8703,-32.5,-42.1,-38.5, 38, 52, 0.28,340,20.1
2026-03-20 23:31:13,-99.8520,37.5389, 339.1, 8706,-32.6,-42.1,-38.5, 38, 53, 0.28,340,20.1
2026-03-20 23:31:14,-99.8519,37.5388, 338.9, 8710,-32.6,-42.1,-38.5, 38, 53, 0.28,340,20.0
2026-03-20 23:31:15,-99.8518,37.5386, 338.7, 8714,-32.6,-42.1,-38.5, 38, 53, 0.28,340,20.0
2026-03-20 23:31:16,-99.8517,37.5384, 338.5, 8718,-32.7,-42.1,-38.5, 38, 53, 0.28,340,20.0
2026-03-20 23:31:17,-99.8516,37.5383, 338.3, 8722,-32.7,-42.2,-38.6, 38, 53, 0.28,340,20.0
2026-03-20 23:31:18,-99.8515,37.5381, 338.1, 8726,-32.8,-42.2,-38.6, 39, 53, 0.28,339,19.9
2026-03-20 23:31:19,-99.8515,37.5379, 337.9, 8730,-32.8,-42.2,-38.6, 39, 54, 0.28,339,19.9
2026-03-20 23:31:20,-99.8514,37.5378, 337.7, 8734,-32.9,-42.2,-38.6, 39, 54, 0.28,339,19.9
2026-03-20 23:31:21,-99.8513,37.5376, 337.6, 8738,-32.9,-42.2,-38.6, 39, 54, 0.28,339,19.8
2026-03-20 23:31:22,-99.8512,37.5374, 337.3, 8742,-32.9,-42.2,-38.6, 39, 54, 0.28,339,19.8
2026-03-20 23:31:23,-99.8512,37.5373, 337.1, 8747,-32.9,-42.2,-38.6, 39, 54, 0.28,339,19.8
2026-03-20 23:31:24,-99.8511,37.5371, 336.9, 8752,-33.0,-42.2,-38.6, 39, 54, 0.28,339,19.8
2026-03-20 23:31:25,-99.8510,37.5370, 336.7, 8756,-33.0,-42.2,-38.6, 39, 54, 0.28,339,19.7
2026-03-20 23:31:26,-99.8510,37.5368, 336.5, 8761,-33.1,-42.3,-38.7, 39, 54, 0.28,339,19.7
2026-03-20 23:31:27,-99.8509,37.5366, 336.3, 8765,-33.1,-42.4,-38.7, 39, 54, 0.27,339,19.7
2026-03-20 23:31:28,-99.8508,37.5365, 336.0, 8770,-33.1,-42.4,-38.8, 39, 54, 0.27,339,19.7
2026-03-20 23:31:29,-99.8507,37.5363, 335.8, 8774,-33.2,-42.5,-38.8, 39, 54, 0.27,339,19.6
2026-03-20 23:31:30,-99.8506,37.5361, 335.6, 8778,-33.2,-42.5,-38.8, 39, 54, 0.27,339,19.6
2026-03-20 23:31:31,-99.8505,37.5360, 335.4, 8782,-33.3,-42.5,-38.8, 39, 54, 0.27,338,19.6
2026-03-20 23:31:32,-99.8504,37.5358, 335.3, 8786,-33.3,-42.5,-38.8, 40, 55, 0.27,338,19.6
2026-03-20 23:31:33,-99.8503,37.5357, 335.1, 8790,-33.4,-42.4,-38.8, 40, 55, 0.27,338,19.5
2026-03-20 23:31:34,-99.8502,37.5355, 334.9, 8794,-33.4,-42.4,-38.8, 40, 55, 0.27,338,19.5
2026-03-20 23:31:35,-99.8501,37.5353, 334.7, 8798,-33.4,-42.4,-38.8, 40, 56, 0.27,338,19.4
2026-03-20 23:31:36,-99.8501,37.5351, 334.5, 8802,-33.5,-42.4,-38.8, 40, 56, 0.27,338,19.4
2026-03-20 23:31:37,-99.8500,37.5350, 334.3, 8807,-33.5,-42.4,-38.8, 41, 56, 0.28,338,19.4
2026-03-20 23:31:38,-99.8499,37.5348, 334.0, 8812,-33.6,-42.4,-38.8, 41, 57, 0.28,338,19.3
2026-03-20 23:31:39,-99.8499,37.5347, 333.8, 8817,-33.6,-42.4,-38.8, 41, 57, 0.27,338,19.3
2026-03-20 23:31:40,-99.8498,37.5345, 333.5, 8823,-33.6,-42.5,-38.8, 41, 57, 0.27,338,19.2
2026-03-20 23:31:41,-99.8497,37.5343, 333.3, 8828,-33.7,-42.5,-38.9, 41, 57, 0.27,338,19.2
2026-03-20 23:31:42,-99.8496,37.5342, 333.0, 8832,-33.7,-42.5,-38.9, 41, 57, 0.27,338,19.1
2026-03-20 23:31:43,-99.8495,37.5340, 332.9, 8837,-33.7,-42.5,-38.9, 41, 57, 0.27,338,19.0
2026-03-20 23:31:44,-99.8495,37.5339, 332.7, 8840,-33.7,-42.5,-38.9, 41, 57, 0.27,338,19.0
2026-03-20 23:31:45,-99.8494,37.5337, 332.5, 8845,-33.8,-42.4,-38.8, 42, 58, 0.28,338,18.9
2026-03-20 23:31:46,-99.8493,37.5335, 332.3, 8849,-33.8,-42.3,-38.6, 42, 59, 0.28,338,18.8
2026-03-20 23:31:47,-99.8492,37.5334, 332.0, 8854,-33.8,-42.1,-38.5, 43, 60, 0.29,338,18.8
2026-03-20 23:31:48,-99.8491,37.5332, 331.8, 8858,-33.9,-42.1,-38.5, 43, 60, 0.29,338,18.7
2026-03-20 23:31:49,-99.8491,37.5331, 331.6, 8864,-33.9,-42.2,-38.5, 43, 60, 0.28,338,18.7
2026-03-20 23:31:50,-99.8490,37.5329, 331.3, 8869,-33.9,-42.3,-38.7, 43, 59, 0.28,337,18.6
2026-03-20 23:31:51,-99.8489,37.5328, 331.1, 8873,-33.9,-42.4,-38.8, 42, 59, 0.28,337,18.5
2026-03-20 23:31:52,-99.8488,37.5326, 330.9, 8878,-34.0,-42.6,-38.9, 42, 58, 0.27,337,18.5
2026-03-20 23:31:53,-99.8487,37.5325, 330.7, 8881,-34.0,-42.7,-39.1, 41, 57, 0.27,337,18.4
2026-03-20 23:31:54,-99.8486,37.5323, 330.5, 8885,-34.1,-42.9,-39.2, 41, 57, 0.26,337,18.4
2026-03-20 23:31:55,-99.8486,37.5322, 330.3, 8890,-34.1,-42.9,-39.3, 41, 57, 0.26,337,18.3
2026-03-20 23:31:56,-99.8485,37.5320, 330.1, 8894,-34.2,-43.0,-39.3, 41, 57, 0.26,337,18.3
2026-03-20 23:31:57,-99.8484,37.5319, 329.9, 8899,-34.2,-43.0,-39.3, 41, 57, 0.26,337,18.3
2026-03-20 23:31:58,-99.8483,37.5317, 329.7, 8903,-34.2,-42.9,-39.3, 41, 57, 0.26,337,18.2
2026-03-20 23:31:59,-99.8483,37.5316, 329.5, 8908,-34.3,-43.0,-39.3, 41, 58, 0.26,337,18.2
2026-03-20 23:32:00,-99.8482,37.5314, 329.3, 8912,-34.3,-43.0,-39.3, 41, 58, 0.26,337,18.2
2026-03-20 23:32:01,-99.8481,37.5313, 329.0, 8917,-34.3,-43.0,-39.3, 41, 58, 0.26,337,18.1
2026-03-20 23:32:02,-99.8480,37.5311, 328.8, 8922,-34.4,-42.9,-39.3, 42, 58, 0.26,337,18.1
2026-03-20 23:32:03,-99.8480,37.5310, 328.6, 8927,-34.4,-42.9,-39.3, 42, 59, 0.26,337,18.1
2026-03-20 23:32:04,-99.8479,37.5309, 328.4, 8932,-34.4,-42.9,-39.3, 42, 59, 0.26,337,18.1
2026-03-20 23:32:05,-99.8478,37.5307, 328.1, 8936,-34.5,-43.0,-39.3, 42, 59, 0.26,337,18.1
2026-03-20 23:32:06,-99.8477,37.5305, 327.9, 8941,-34.5,-43.0,-39.3, 42, 59, 0.26,337,18.1
2026-03-20 23:32:07,-99.8476,37.5304, 327.7, 8946,-34.6,-43.1,-39.4, 42, 59, 0.26,337,18.0
2026-03-20 23:32:08,-99.8476,37.5303, 327.5, 8951,-34.6,-43.1,-39.5, 42, 59, 0.26,338,18.0
2026-03-20 23:32:09,-99.8475,37.5301, 327.2, 8956,-34.7,-43.2,-39.5, 42, 59, 0.26,338,18.0
2026-03-20 23:32:10,-99.8474,37.5299, 327.0, 8961,-34.7,-43.2,-39.5, 42, 59, 0.26,338,18.0
2026-03-20 23:32:11,-99.8473,37.5298, 326.7, 8966,-34.8,-43.2,-39.5, 42, 59, 0.26,338,18.0
2026-03-20 23:32:12,-99.8472,37.5296, 326.5, 8971,-34.8,-43.2,-39.5, 42, 59, 0.26,338,18.0
2026-03-20 23:32:13,-99.8471,37.5295, 326.3, 8976,-34.9,-43.3,-39.6, 42, 59, 0.26,338,18.0
2026-03-20 23:32:14,-99.8471,37.5293, 326.0, 8981,-34.9,-43.4,-39.7, 42, 59, 0.25,338,17.9
2026-03-20 23:32:15,-99.8470,37.5292, 325.8, 8986,-34.9,-43.5,-39.8, 42, 58, 0.25,338,17.9
2026-03-20 23:32:16,-99.8469,37.5290, 325.6, 8991,-35.0,-43.6,-39.9, 41, 58, 0.25,338,17.9
2026-03-20 23:32:17,-99.8468,37.5289, 325.4, 8996,-35.0,-43.7,-40.0, 41, 58, 0.25,338,17.9
2026-03-20 23:32:18,-99.8468,37.5287, 325.1, 9001,-35.1,-43.7,-40.0, 41, 58, 0.25,338,17.8
2026-03-20 23:32:19,-99.8467,37.5286, 324.9, 9005,-35.1,-43.8,-40.1, 41, 58, 0.24,338,17.8
2026-03-20 23:32:20,-99.8467,37.5285, 324.7, 9010,-35.2,-43.8,-40.1, 41, 58, 0.24,338,17.8
2026-03-20 23:32:21,-99.8466,37.5283, 324.5, 9015,-35.2,-43.8,-40.1, 41, 58, 0.24,338,17.7
2026-03-20 23:32:22,-99.8465,37.5282, 324.3, 9019,-35.3,-43.8,-40.1, 42, 59, 0.24,338,17.7
2026-03-20 23:32:23,-99.8465,37.5280, 324.1, 9024,-35.3,-43.8,-40.1, 42, 59, 0.25,338,17.6
2026-03-20 23:32:24,-99.8464,37.5278, 323.9, 9028,-35.3,-43.7,-40.0, 42, 59, 0.25,338,17.6
2026-03-20 23:32:25,-99.8463,37.5277, 323.7, 9032,-35.4,-43.8,-40.1, 42, 59, 0.25,338,17.5
2026-03-20 23:32:26,-99.8462,37.5275, 323.5, 9037,-35.4,-43.8,-40.1, 42, 59, 0.24,338,17.5
2026-03-20 23:32:27,-99.8461,37.5274, 323.2, 9041,-35.4,-43.8,-40.1, 42, 59, 0.24,338,17.4
2026-03-20 23:32:28,-99.8460,37.5273, 323.0, 9046,-35.5,-43.9,-40.2, 42, 59, 0.24,338,17.4
2026-03-20 23:32:29,-99.8460,37.5271, 322.7, 9052,-35.5,-44.0,-40.3, 42, 59, 0.24,338,17.3
2026-03-20 23:32:30,-99.8459,37.5270, 322.5, 9058,-35.6,-44.3,-40.6, 41, 58, 0.23,338,17.3
2026-03-20 23:32:31,-99.8459,37.5268, 322.1, 9065,-35.7,-44.7,-41.0, 39, 55, 0.22,338,17.2
2026-03-20 23:32:32,-99.8458,37.5267, 321.8, 9072,-35.7,-45.3,-41.5, 37, 52, 0.21,338,17.2
2026-03-20 23:32:33,-99.8457,37.5266, 321.5, 9079,-35.8,-45.7,-41.9, 35, 50, 0.20,338,17.1
2026-03-20 23:32:34,-99.8456,37.5264, 321.2, 9085,-35.8,-46.0,-42.2, 35, 49, 0.19,338,17.0
2026-03-20 23:32:35,-99.8455,37.5263, 321.0, 9090,-35.8,-46.2,-42.3, 34, 48, 0.19,338,16.9
2026-03-20 23:32:36,-99.8454,37.5261, 320.8, 9095,-35.8,-46.3,-42.5, 33, 48, 0.19,338,16.9
2026-03-20 23:32:37,-99.8454,37.5260, 320.6, 9099,-35.9,-46.3,-42.5, 33, 48, 0.19,338,16.8
2026-03-20 23:32:38,-99.8454,37.5258, 320.4, 9103,-35.9,-46.2,-42.4, 34, 48, 0.19,337,16.7
2026-03-20 23:32:39,-99.8453,37.5257, 320.1, 9108,-35.9,-46.1,-42.3, 34, 49, 0.19,337,16.6
2026-03-20 23:32:40,-99.8452,37.5255, 319.9, 9113,-36.0,-46.1,-42.3, 35, 49, 0.19,337,16.6
2026-03-20 23:32:41,-99.8452,37.5254, 319.7, 9118,-36.0,-46.1,-42.3, 35, 49, 0.19,337,16.5
2026-03-20 23:32:42,-99.8451,37.5253, 319.5, 9122,-36.1,-46.2,-42.3, 35, 49, 0.19,337,16.4
2026-03-20 23:32:43,-99.8450,37.5251, 319.3, 9127,-36.1,-46.2,-42.3, 35, 50, 0.19,337,16.3
2026-03-20 23:32:44,-99.8449,37.5250, 319.1, 9132,-36.2,-46.1,-42.3, 35, 50, 0.19,337,16.2
2026-03-20 23:32:45,-99.8448,37.5249, 318.9, 9136,-36.2,-46.0,-42.2, 36, 51, 0.19,337,16.1
2026-03-20 23:32:46,-99.8447,37.5247, 318.6, 9141,-36.3,-46.0,-42.1, 36, 52, 0.20,337,16.0
2026-03-20 23:32:47,-99.8447,37.5246, 318.4, 9147,-36.3,-46.0,-42.1, 37, 52, 0.20,337,15.9
2026-03-20 23:32:48,-99.8446,37.5245, 318.1, 9153,-36.4,-46.1,-42.2, 36, 52, 0.19,336,15.9
2026-03-20 23:32:49,-99.8445,37.5243, 317.8, 9158,-36.4,-46.2,-42.3, 36, 52, 0.19,336,15.8
2026-03-20 23:32:50,-99.8444,37.5242, 317.6, 9164,-36.5,-46.2,-42.4, 36, 51, 0.19,336,15.7
2026-03-20 23:32:51,-99.8444,37.5241, 317.4, 9169,-36.5,-46.3,-42.5, 36, 51, 0.19,336,15.6
2026-03-20 23:32:52,-99.8443,37.5240, 317.1, 9173,-36.6,-46.4,-42.6, 36, 51, 0.19,336,15.5
2026-03-20 23:32:53,-99.8443,37.5239, 316.9, 9178,-36.6,-46.4,-42.6, 36, 51, 0.19,336,15.4
2026-03-20 23:32:54,-99.8442,37.5237, 316.7, 9184,-36.7,-46.4,-42.6, 36, 52, 0.19,335,15.3
2026-03-20 23:32:55,-99.8442,37.5236, 316.4, 9189,-36.7,-46.3,-42.5, 36, 52, 0.19,335,15.3
2026-03-20 23:32:56,-99.8441,37.5234, 316.2, 9193,-36.8,-46.3,-42.5, 37, 53, 0.19,335,15.2
2026-03-20 23:32:57,-99.8440,37.5233, 316.0, 9198,-36.8,-46.3,-42.5, 37, 53, 0.19,335,15.1
2026-03-20 23:32:58,-99.8439,37.5232, 315.8, 9202,-36.9,-46.3,-42.5, 37, 53, 0.19,334,15.0
2026-03-20 23:32:59,-99.8438,37.5231, 315.6, 9207,-36.9,-46.4,-42.5, 37, 53, 0.19,334,15.0
2026-03-20 23:33:00,-99.8437,37.5230, 315.4, 9212,-37.0,-46.4,-42.6, 37, 53, 0.19,334,14.9
2026-03-20 23:33:01,-99.8437,37.5229, 315.2, 9216,-37.0,-46.5,-42.7, 37, 53, 0.19,334,14.9
2026-03-20 23:33:02,-99.8436,37.5227, 315.0, 9221,-37.1,-46.7,-42.8, 36, 52, 0.18,333,14.8
2026-03-20 23:33:03,-99.8435,37.5226, 314.8, 9226,-37.1,-46.9,-43.0, 36, 51, 0.18,333,14.7
2026-03-20 23:33:04,-99.8435,37.5225, 314.5, 9230,-37.1,-47.2,-43.3, 35, 50, 0.17,333,14.7
2026-03-20 23:33:05,-99.8434,37.5224, 314.3, 9235,-37.2,-47.5,-43.6, 34, 48, 0.17,332,14.7
2026-03-20 23:33:06,-99.8433,37.5223, 314.1, 9240,-37.2,-47.8,-43.9, 32, 47, 0.16,332,14.6
2026-03-20 23:33:07,-99.8432,37.5222, 313.9, 9244,-37.2,-48.1,-44.2, 31, 45, 0.16,332,14.6
2026-03-20 23:33:08,-99.8431,37.5221, 313.7, 9248,-37.3,-48.4,-44.5, 31, 44, 0.15,332,14.6
2026-03-20 23:33:09,-99.8431,37.5220, 313.5, 9252,-37.3,-48.6,-44.7, 30, 43, 0.15,331,14.5
2026-03-20 23:33:10,-99.8430,37.5219, 313.3, 9257,-37.3,-48.8,-44.9, 29, 42, 0.15,331,14.5
2026-03-20 23:33:11,-99.8429,37.5218, 313.1, 9261,-37.3,-49.1,-45.2, 28, 41, 0.14,331,14.5
2026-03-20 23:33:12,-99.8428,37.5216, 312.9, 9266,-37.4,-49.4,-45.4, 28, 40, 0.14,331,14.5
2026-03-20 23:33:13,-99.8428,37.5215, 312.7, 9272,-37.4,-49.5,-45.5, 27, 40, 0.13,331,14.5
2026-03-20 23:33:14,-99.8427,37.5214, 312.4, 9277,-37.5,-49.5,-45.5, 28, 40, 0.14,330,14.5
2026-03-20 23:33:15,-99.8426,37.5213, 312.2, 9282,-37.5,-49.4,-45.4, 28, 40, 0.14,330,14.5
2026-03-20 23:33:16,-99.8425,37.5212, 312.0, 9287,-37.5,-49.5,-45.6, 28, 40, 0.13,330,14.5
2026-03-20 23:33:17,-99.8424,37.5211, 311.8, 9292,-37.6,-49.8,-45.8, 27, 39, 0.13,330,14.5
2026-03-20 23:33:18,-99.8424,37.5209, 311.6, 9296,-37.6,-50.3,-46.2, 26, 37, 0.12,330,14.5
2026-03-20 23:33:19,-99.8423,37.5209, 311.4, 9300,-37.7,-50.6,-46.6, 25, 36, 0.12,330,14.5
2026-03-20 23:33:20,-99.8422,37.5207, 311.2, 9305,-37.7,-50.8,-46.8, 24, 35, 0.12,329,14.5
2026-03-20 23:33:21,-99.8421,37.5206, 311.0, 9309,-37.7,-50.9,-46.9, 24, 35, 0.12,329,14.5
2026-03-20 23:33:22,-99.8420,37.5205, 310.7, 9314,-37.7,-51.0,-47.0, 24, 34, 0.11,329,14.5
2026-03-20 23:33:23,-99.8419,37.5204, 310.5, 9319,-37.7,-51.1,-47.1, 24, 34, 0.11,329,14.5
2026-03-20 23:33:24,-99.8418,37.5203, 310.3, 9324,-37.8,-51.1,-47.1, 24, 34, 0.11,329,14.5
2026-03-20 23:33:25,-99.8418,37.5202, 310.1, 9328,-37.8,-51.1,-47.1, 24, 34, 0.11,329,14.5
2026-03-20 23:33:26,-99.8417,37.5200, 309.9, 9333,-37.9,-51.1,-47.1, 24, 35, 0.11,329,14.5
2026-03-20 23:33:27,-99.8416,37.5199, 309.7, 9337,-37.9,-51.2,-47.1, 24, 34, 0.11,328,14.5
2026-03-20 23:33:28,-99.8415,37.5198, 309.5, 9342,-38.0,-51.3,-47.2, 24, 34, 0.11,328,14.6
2026-03-20 23:33:29,-99.8414,37.5197, 309.3, 9346,-38.0,-51.4,-47.3, 23, 34, 0.11,328,14.6
2026-03-20 23:33:30,-99.8413,37.5196, 309.1, 9351,-38.0,-51.5,-47.5, 23, 34, 0.11,328,14.6
2026-03-20 23:33:31,-99.8412,37.5195, 308.9, 9356,-38.1,-51.7,-47.6, 23, 33, 0.11,328,14.6
2026-03-20 23:33:32,-99.8411,37.5194, 308.7, 9360,-38.1,-51.8,-47.7, 23, 33, 0.11,328,14.6
2026-03-20 23:33:33,-99.8411,37.5193, 308.5, 9365,-38.1,-51.9,-47.8, 23, 33, 0.10,328,14.6
2026-03-20 23:33:34,-99.8410,37.5192, 308.2, 9370,-38.2,-51.9,-47.8, 22, 33, 0.10,328,14.6
2026-03-20 23:33:35,-99.8409,37.5190, 308.0, 9375,-38.2,-52.0,-47.9, 22, 33, 0.10,327,14.6
2026-03-20 23:33:36,-99.8408,37.5189, 307.8, 9380,-38.3,-52.0,-47.9, 22, 33, 0.10,327,14.6
2026-03-20 23:33:37,-99.8407,37.5188, 307.6, 9384,-38.3,-52.1,-48.0, 22, 32, 0.10,327,14.6
2026-03-20 23:33:38,-99.8406,37.5187, 307.4, 9389,-38.3,-52.1,-48.0, 22, 32, 0.10,327,14.6
2026-03-20 23:33:39,-99.8405,37.5186, 307.2, 9393,-38.4,-52.2,-48.1, 22, 32, 0.10,327,14.6
2026-03-20 23:33:40,-99.8404,37.5185, 307.0, 9397,-38.4,-52.3,-48.2, 22, 32, 0.10,327,14.6
2026-03-20 23:33:41,-99.8403,37.5184, 306.8, 9402,-38.5,-52.3,-48.2, 22, 32, 0.10,327,14.6
2026-03-20 23:33:42,-99.8402,37.5183, 306.6, 9407,-38.5,-52.4,-48.3, 22, 32, 0.10,326,14.6
2026-03-20 23:33:43,-99.8401,37.5182, 306.4, 9412,-38.6,-52.4,-48.3, 22, 32, 0.10,326,14.6
2026-03-20 23:33:44,-99.8401,37.5181, 306.1, 9417,-38.6,-52.4,-48.3, 22, 33, 0.10,326,14.6
2026-03-20 23:33:45,-99.8400,37.5180, 305.9, 9422,-38.7,-52.4,-48.3, 22, 33, 0.10,326,14.6
2026-03-20 23:33:46,-99.8399,37.5179, 305.7, 9427,-38.7,-52.4,-48.3, 22, 32, 0.10,326,14.6
2026-03-20 23:33:47,-99.8398,37.5177, 305.5, 9432,-38.7,-52.5,-48.4, 22, 32, 0.10,326,14.6
2026-03-20 23:33:48,-99.8397,37.5176, 305.3, 9437,-38.7,-52.6,-48.5, 22, 32, 0.10,326,14.6
2026-03-20 23:33:49,-99.8396,37.5175, 305.0, 9441,-38.8,-52.7,-48.6, 22, 32, 0.10,326,14.6
2026-03-20 23:33:50,-99.8395,37.5174, 304.8, 9446,-38.8,-52.8,-48.7, 22, 31, 0.09,325,14.6
2026-03-20 23:33:51,-99.8394,37.5173, 304.6, 9450,-38.8,-53.0,-48.8, 21, 31, 0.09,325,14.6
2026-03-20 23:33:52,-99.8393,37.5172, 304.5, 9455,-38.9,-53.1,-49.0, 21, 31, 0.09,325,14.6
2026-03-20 23:33:53,-99.8392,37.5171, 304.3, 9459,-38.9,-53.3,-49.1, 21, 30, 0.09,325,14.6
2026-03-20 23:33:54,-99.8391,37.5170, 304.1, 9464,-38.9,-53.4,-49.3, 20, 30, 0.09,325,14.6
2026-03-20 23:33:55,-99.8390,37.5169, 303.8, 9469,-39.0,-53.6,-49.4, 20, 29, 0.09,325,14.6
2026-03-20 23:33:56,-99.8390,37.5168, 303.6, 9474,-39.0,-53.8,-49.6, 20, 29, 0.08,324,14.5
2026-03-20 23:33:57,-99.8389,37.5167, 303.4, 9478,-39.0,-54.0,-49.8, 19, 28, 0.08,324,14.5
2026-03-20 23:33:58,-99.8388,37.5166, 303.2, 9483,-39.1,-54.1,-50.0, 19, 28, 0.08,324,14.5
2026-03-20 23:33:59,-99.8386,37.5165, 303.0, 9487,-39.1,-54.2,-50.0, 19, 28, 0.08,324,14.5
2026-03-20 23:34:00,-99.8385,37.5163, 302.8, 9491,-39.1,-54.1,-50.0, 19, 28, 0.08,324,14.5
2026-03-20 23:34:01,-99.8384,37.5162, 302.6, 9496,-39.2,-54.1,-49.9, 19, 28, 0.08,324,14.5
2026-03-20 23:34:02,-99.8383,37.5161, 302.4, 9501,-39.2,-54.0,-49.8, 20, 29, 0.08,323,14.5
2026-03-20 23:34:03,-99.8382,37.5160, 302.2, 9506,-39.3,-54.0,-49.8, 20, 29, 0.08,323,14.4
2026-03-20 23:34:04,-99.8381,37.5159, 302.0, 9510,-39.3,-54.0,-49.9, 20, 29, 0.08,323,14.4
2026-03-20 23:34:05,-99.8381,37.5158, 301.8, 9515,-39.3,-54.1,-49.9, 20, 29, 0.08,323,14.4
2026-03-20 23:34:06,-99.8380,37.5157, 301.5, 9521,-39.4,-54.2,-50.0, 19, 29, 0.08,322,14.4
2026-03-20 23:34:07,-99.8379,37.5156, 301.3, 9526,-39.4,-54.3,-50.1, 19, 28, 0.08,322,14.3
2026-03-20 23:34:08,-99.8378,37.5155, 301.1, 9531,-39.4,-54.3,-50.1, 19, 28, 0.08,322,14.3
2026-03-20 23:34:09,-99.8377,37.5154, 300.9, 9535,-39.4,-54.3,-50.1, 19, 28, 0.08,322,14.3
2026-03-20 23:34:10,-99.8376,37.5153, 300.7, 9540,-39.5,-54.4,-50.2, 19, 28, 0.08,321,14.3
2026-03-20 23:34:11,-99.8375,37.5152, 300.5, 9544,-39.6,-54.4,-50.2, 19, 28, 0.08,321,14.2
2026-03-20 23:34:12,-99.8374,37.5151, 300.3, 9548,-39.6,-54.4,-50.2, 19, 28, 0.08,321,14.2
2026-03-20 23:34:13,-99.8373,37.5150, 300.2, 9552,-39.6,-54.5,-50.3, 19, 28, 0.08,321,14.2
2026-03-20 23:34:14,-99.8372,37.5149, 300.0, 9556,-39.7,-54.5,-50.3, 19, 28, 0.08,321,14.2
2026-03-20 23:34:15,-99.8371,37.5148, 299.8, 9561,-39.7,-54.7,-50.5, 19, 28, 0.08,320,14.1
2026-03-20 23:34:16,-99.8370,37.5147, 299.5, 9566,-39.7,-54.9,-50.6, 19, 27, 0.08,320,14.1
2026-03-20 23:34:17,-99.8368,37.5146, 299.3, 9572,-39.8,-55.0,-50.8, 18, 27, 0.07,320,14.1
2026-03-20 23:34:18,-99.8367,37.5145, 299.1, 9577,-39.8,-55.1,-50.9, 18, 27, 0.07,319,14.1
2026-03-20 23:34:19,-99.8366,37.5144, 298.8, 9582,-39.8,-55.2,-51.0, 18, 27, 0.07,319,14.0
2026-03-20 23:34:20,-99.8365,37.5143, 298.6, 9587,-39.9,-55.2,-51.0, 18, 27, 0.07,319,14.0
2026-03-20 23:34:21,-99.8364,37.5142, 298.4, 9592,-39.9,-55.2,-51.0, 18, 27, 0.07,319,14.0
2026-03-20 23:34:22,-99.8363,37.5142, 298.2, 9597,-39.9,-55.1,-50.9, 18, 27, 0.07,318,14.0
2026-03-20 23:34:23,-99.8362,37.5141, 298.0, 9602,-40.0,-55.1,-50.9, 18, 27, 0.07,318,13.9
2026-03-20 23:34:24,-99.8361,37.5140, 297.8, 9606,-40.0,-55.2,-51.0, 18, 27, 0.07,318,13.9
2026-03-20 23:34:25,-99.8360,37.5139, 297.6, 9611,-40.1,-55.2,-51.0, 18, 27, 0.07,318,13.9
2026-03-20 23:34:26,-99.8359,37.5138, 297.4, 9615,-40.1,-55.3,-51.1, 18, 27, 0.07,318,13.9
2026-03-20 23:34:27,-99.8358,37.5137, 297.2, 9619,-40.1,-55.3,-51.1, 18, 27, 0.07,318,13.9
2026-03-20 23:34:28,-99.8357,37.5136, 297.0, 9624,-40.2,-55.3,-51.1, 18, 27, 0.07,318,13.9
2026-03-20 23:34:29,-99.8356,37.5135, 296.8, 9628,-40.2,-55.3,-51.1, 18, 27, 0.07,318,13.9
2026-03-20 23:34:30,-99.8355,37.5134, 296.7, 9632,-40.2,-55.3,-51.1, 19, 27, 0.07,318,13.9
2026-03-20 23:34:31,-99.8353,37.5134, 296.5, 9636,-40.3,-55.4,-51.1, 19, 27, 0.07,317,13.9
2026-03-20 23:34:32,-99.8352,37.5133, 296.3, 9641,-40.3,-55.5,-51.3, 18, 27, 0.07,317,13.9
2026-03-20 23:34:33,-99.8351,37.5132, 296.1, 9646,-40.3,-55.7,-51.5, 18, 27, 0.07,317,13.9
2026-03-20 23:34:34,-99.8350,37.5131, 295.8, 9651,-40.4,-55.9,-51.7, 18, 26, 0.07,317,13.9
2026-03-20 23:34:35,-99.8350,37.5130, 295.6, 9656,-40.4,-56.1,-51.8, 17, 26, 0.07,317,13.9
2026-03-20 23:34:36,-99.8349,37.5129, 295.4, 9662,-40.4,-56.2,-51.9, 17, 25, 0.07,317,13.9
2026-03-20 23:34:37,-99.8348,37.5128, 295.1, 9667,-40.4,-56.3,-52.0, 17, 25, 0.06,317,13.9
2026-03-20 23:34:38,-99.8347,37.5127, 294.9, 9672,-40.5,-56.3,-52.1, 17, 25, 0.06,318,13.9
2026-03-20 23:34:39,-99.8346,37.5126, 294.7, 9677,-40.5,-56.4,-52.2, 17, 25, 0.06,318,13.9
2026-03-20 23:34:40,-99.8344,37.5125, 294.5, 9682,-40.5,-56.5,-52.2, 17, 25, 0.06,318,13.9
2026-03-20 23:34:41,-99.8343,37.5124, 294.3, 9687,-40.6,-56.6,-52.3, 17, 25, 0.06,318,13.9
2026-03-20 23:34:42,-99.8342,37.5123, 294.1, 9692,-40.6,-56.6,-52.4, 16, 24, 0.06,318,13.9
2026-03-20 23:34:43,-99.8341,37.5122, 293.9, 9696,-40.6,-56.7,-52.4, 16, 24, 0.06,318,13.9
2026-03-20 23:34:44,-99.8340,37.5121, 293.7, 9701,-40.7,-56.7,-52.4, 16, 24, 0.06,318,14.0
2026-03-20 23:34:45,-99.8339,37.5121, 293.5, 9705,-40.7,-56.7,-52.4, 17, 25, 0.06,318,14.0
2026-03-20 23:34:46,-99.8338,37.5119, 293.3, 9710,-40.8,-56.7,-52.4, 17, 25, 0.06,318,14.0
2026-03-20 23:34:47,-99.8337,37.5119, 293.1, 9714,-40.8,-56.6,-52.4, 17, 25, 0.06,318,14.0
2026-03-20 23:34:48,-99.8336,37.5118, 292.9, 9719,-40.9,-56.6,-52.4, 17, 25, 0.06,318,14.0
2026-03-20 23:34:49,-99.8335,37.5117, 292.7, 9723,-40.9,-56.7,-52.4, 17, 25, 0.06,318,14.1
2026-03-20 23:34:50,-99.8334,37.5116, 292.5, 9728,-40.9,-56.7,-52.5, 17, 25, 0.06,318,14.1
2026-03-20 23:34:51,-99.8333,37.5115, 292.3, 9733,-41.0,-56.8,-52.5, 17, 25, 0.06,318,14.1
2026-03-20 23:34:52,-99.8332,37.5114, 292.1, 9737,-41.0,-56.9,-52.6, 17, 25, 0.06,318,14.1
2026-03-20 23:34:53,-99.8331,37.5113, 291.9, 9742,-41.0,-56.9,-52.6, 17, 25, 0.06,318,14.2
2026-03-20 23:34:54,-99.8330,37.5112, 291.7, 9747,-41.1,-56.8,-52.6, 17, 25, 0.06,319,14.2
2026-03-20 23:34:55,-99.8329,37.5112, 291.5, 9752,-41.1,-56.8,-52.5, 17, 25, 0.06,319,14.3
2026-03-20 23:34:56,-99.8328,37.5110, 291.3, 9757,-41.2,-56.8,-52.6, 17, 25, 0.06,319,14.3
2026-03-20 23:34:57,-99.8326,37.5109, 291.1, 9762,-41.2,-56.9,-52.6, 17, 26, 0.06,319,14.4
2026-03-20 23:34:58,-99.8325,37.5108, 290.8, 9767,-41.2,-56.9,-52.6, 17, 25, 0.06,319,14.4
2026-03-20 23:34:59,-99.8324,37.5107, 290.6, 9772,-41.3,-56.9,-52.7, 17, 25, 0.06,319,14.4
2026-03-20 23:35:00,-99.8323,37.5106, 290.4, 9777,-41.3,-57.1,-52.8, 17, 25, 0.06,319,14.5
2026-03-20 23:35:01,-99.8322,37.5105, 290.2, 9781,-41.3,-57.2,-52.9, 17, 25, 0.06,319,14.5
2026-03-20 23:35:02,-99.8321,37.5104, 290.0, 9786,-41.4,-57.3,-53.0, 17, 25, 0.06,319,14.6
2026-03-20 23:35:03,-99.8320,37.5103, 289.8, 9790,-41.4,-57.3,-53.0, 16, 25, 0.06,319,14.6
2026-03-20 23:35:04,-99.8319,37.5102, 289.6, 9795,-41.4,-57.4,-53.1, 16, 25, 0.06,319,14.7
2026-03-20 23:35:05,-99.8318,37.5101, 289.4, 9801,-41.5,-57.4,-53.1, 16, 25, 0.06,319,14.7
2026-03-20 23:35:06,-99.8317,37.5100, 289.2, 9806,-41.5,-57.5,-53.2, 16, 25, 0.06,319,14.8
2026-03-20 23:35:07,-99.8316,37.5099, 288.9, 9811,-41.6,-57.5,-53.2, 16, 25, 0.06,319,14.8
2026-03-20 23:35:08,-99.8315,37.5099, 288.7, 9816,-41.6,-57.5,-53.2, 16, 25, 0.06,319,14.9
2026-03-20 23:35:09,-99.8314,37.5098, 288.5, 9821,-41.6,-57.5,-53.2, 16, 25, 0.06,319,14.9
2026-03-20 23:35:10,-99.8312,37.5097, 288.3, 9826,-41.7,-57.6,-53.3, 16, 25, 0.06,319,14.9
2026-03-20 23:35:11,-99.8311,37.5095, 288.1, 9830,-41.7,-57.6,-53.3, 16, 25, 0.06,319,14.9
2026-03-20 23:35:12,-99.8310,37.5094, 288.0, 9834,-41.8,-57.7,-53.4, 16, 25, 0.06,319,15.0
2026-03-20 23:35:13,-99.8309,37.5093, 287.8, 9839,-41.8,-57.7,-53.4, 16, 25, 0.06,319,15.0
2026-03-20 23:35:14,-99.8307,37.5092, 287.6, 9842,-41.8,-57.8,-53.5, 16, 25, 0.06,319,15.0
2026-03-20 23:35:15,-99.8306,37.5091, 287.4, 9847,-41.9,-57.9,-53.5, 16, 24, 0.05,319,15.0
2026-03-20 23:35:16,-99.8305,37.5090, 287.2, 9851,-41.9,-58.0,-53.6, 16, 24, 0.05,319,15.0
2026-03-20 23:35:17,-99.8304,37.5089, 287.0, 9856,-41.9,-58.1,-53.7, 16, 24, 0.05,319,15.0
2026-03-20 23:35:18,-99.8303,37.5088, 286.8, 9861,-41.9,-58.2,-53.8, 16, 24, 0.05,319,14.9
2026-03-20 23:35:19,-99.8302,37.5087, 286.6, 9866,-41.9,-58.3,-53.9, 15, 23, 0.05,319,14.9
2026-03-20 23:35:20,-99.8301,37.5086, 286.4, 9871,-42.0,-58.4,-54.0, 15, 23, 0.05,319,14.9
2026-03-20 23:35:21,-99.8300,37.5085, 286.2, 9876,-42.0,-58.5,-54.1, 15, 23, 0.05,320,14.8
2026-03-20 23:35:22,-99.8299,37.5084, 286.0, 9881,-42.0,-58.5,-54.2, 15, 23, 0.05,320,14.8
2026-03-20 23:35:23,-99.8298,37.5083, 285.8, 9886,-42.1,-58.6,-54.2, 15, 23, 0.05,320,14.7
2026-03-20 23:35:24,-99.8296,37.5082, 285.6, 9890,-42.1,-58.6,-54.3, 15, 23, 0.05,320,14.6
2026-03-20 23:35:25,-99.8295,37.5081, 285.4, 9895,-42.1,-58.7,-54.3, 15, 23, 0.05,320,14.6
2026-03-20 23:35:26,-99.8294,37.5080, 285.2, 9900,-42.2,-58.8,-54.4, 15, 22, 0.05,320,14.5
2026-03-20 23:35:27,-99.8293,37.5079, 285.0, 9905,-42.2,-58.9,-54.5, 15, 22, 0.05,320,14.4
2026-03-20 23:35:28,-99.8292,37.5078, 284.8, 9910,-42.2,-59.1,-54.7, 14, 22, 0.05,320,14.3
2026-03-20 23:35:29,-99.8291,37.5077, 284.6, 9915,-42.1,-59.2,-54.9, 14, 21, 0.05,321,14.2
2026-03-20 23:35:30,-99.8290,37.5076, 284.3, 9920,-42.1,-59.4,-55.0, 14, 21, 0.05,321,14.1
2026-03-20 23:35:31,-99.8289,37.5075, 284.2, 9925,-42.1,-59.5,-55.2, 14, 20, 0.04,321,14.0
2026-03-20 23:35:32,-99.8288,37.5074, 284.0, 9929,-42.2,-59.6,-55.3, 13, 20, 0.04,321,13.9
2026-03-20 23:35:33,-99.8287,37.5073, 283.8, 9934,-42.2,-59.7,-55.3, 13, 20, 0.04,321,13.8
2026-03-20 23:35:34,-99.8286,37.5072, 283.6, 9938,-42.2,-59.7,-55.4, 13, 20, 0.04,321,13.7
2026-03-20 23:35:35,-99.8285,37.5071, 283.4, 9942,-42.3,-59.8,-55.4, 13, 20, 0.04,321,13.5
2026-03-20 23:35:36,-99.8284,37.5070, 283.2, 9946,-42.3,-59.8,-55.4, 13, 20, 0.04,321,13.4
2026-03-20 23:35:37,-99.8283,37.5069, 283.0, 9951,-42.3,-59.9,-55.5, 13, 20, 0.04,321,13.3
2026-03-20 23:35:38,-99.8282,37.5068, 282.8, 9956,-42.4,-59.9,-55.5, 13, 20, 0.04,321,13.2
2026-03-20 23:35:39,-99.8281,37.5067, 282.6, 9961,-42.4,-59.9,-55.5, 13, 20, 0.04,321,13.1
2026-03-20 23:35:40,-99.8280,37.5066, 282.4, 9967,-42.4,-59.9,-55.5, 13, 20, 0.04,321,12.9
2026-03-20 23:35:41,-99.8279,37.5065, 282.2, 9972,-42.4,-59.9,-55.5, 13, 20, 0.04,321,12.8
2026-03-20 23:35:42,-99.8279,37.5065, 282.0, 9977,-42.4,-59.9,-55.5, 13, 20, 0.04,321,12.7
2026-03-20 23:35:43,-99.8278,37.5064, 281.8, 9981,-42.4,-59.9,-55.5, 13, 20, 0.04,321,12.6
2026-03-20 23:35:44,-99.8277,37.5063, 281.6, 9986,-42.3,-59.9,-55.5, 13, 20, 0.04,321,12.5
2026-03-20 23:35:45,-99.8277,37.5062, 281.4, 9991,-42.3,-59.9,-55.5, 13, 20, 0.04,321,12.4
2026-03-20 23:35:46,-99.8276,37.5061, 281.2, 9996,-42.2,-59.9,-55.5, 13, 20, 0.04,321,12.3
2026-03-20 23:35:47,-99.8275,37.5060, 281.0,10001,-42.2,-59.9,-55.5, 13, 20, 0.04,321,12.2
2026-03-20 23:35:48,-99.8274,37.5059, 280.8,10006,-42.3,-59.9,-55.5, 13, 20, 0.04,321,12.1
2026-03-20 23:35:49,-99.8273,37.5059, 280.5,10011,-42.4,-59.9,-55.5, 13, 20, 0.04,321,12.0
2026-03-20 23:35:50,-99.8272,37.5058, 280.3,10016,-42.4,-59.9,-55.5, 13, 20, 0.04,322,11.9
2026-03-20 23:35:51,-99.8271,37.5057, 280.1,10021,-42.4,-59.9,-55.6, 13, 20, 0.04,322,11.8
2026-03-20 23:35:52,-99.8271,37.5056, 279.9,10026,-42.5,-60.0,-55.6, 13, 20, 0.04,322,11.8
2026-03-20 23:35:53,-99.8270,37.5056, 279.7,10031,-42.5,-60.0,-55.6, 13, 20, 0.04,322,11.7
2026-03-20 23:35:54,-99.8269,37.5055, 279.5,10035,-42.6,-60.0,-55.6, 13, 20, 0.04,322,11.6
2026-03-20 23:35:55,-99.8268,37.5054, 279.3,10040,-42.6,-60.0,-55.6, 13, 20, 0.04,322,11.6
2026-03-20 23:35:56,-99.8267,37.5053, 279.1,10045,-42.7,-60.0,-55.6, 13, 20, 0.04,322,11.5
2026-03-20 23:35:57,-99.8266,37.5052, 279.0,10049,-42.7,-59.9,-55.6, 14, 21, 0.04,322,11.4
2026-03-20 23:35:58,-99.8265,37.5052, 278.8,10054,-42.7,-59.9,-55.5, 14, 21, 0.04,322,11.4
2026-03-20 23:35:59,-99.8265,37.5051, 278.6,10059,-42.7,-59.9,-55.5, 14, 21, 0.04,322,11.3
2026-03-20 23:36:00,-99.8264,37.5050, 278.4,10063,-42.8,-59.9,-55.5, 14, 21, 0.04,322,11.3
2026-03-20 23:36:01,-99.8263,37.5049, 278.2,10068,-42.8,-59.9,-55.5, 14, 21, 0.04,322,11.2
2026-03-20 23:36:02,-99.8262,37.5048, 278.0,10072,-42.9,-59.9,-55.5, 14, 21, 0.04,322,11.2
2026-03-20 23:36:03,-99.8262,37.5048, 277.9,10076,-42.9,-59.9,-55.5, 14, 21, 0.04,322,11.1
2026-03-20 23:36:04,-99.8261,37.5047, 277.7,10080,-42.9,-60.0,-55.6, 14, 21, 0.04,322,11.1
2026-03-20 23:36:05,-99.8260,37.5046, 277.5,10084,-43.0,-60.0,-55.6, 14, 21, 0.04,322,11.1
2026-03-20 23:36:06,-99.8259,37.5045, 277.4,10088,-43.0,-60.0,-55.6, 14, 21, 0.04,322,11.0
2026-03-20 23:36:07,-99.8259,37.5044, 277.2,10092,-43.1,-60.0,-55.6, 14, 21, 0.04,323,11.0
2026-03-20 23:36:08,-99.8258,37.5044, 277.0,10096,-43.1,-60.0,-55.7, 14, 21, 0.04,323,10.9
2026-03-20 23:36:09,-99.8257,37.5043, 276.8,10100,-43.2,-60.0,-55.7, 14, 22, 0.04,323,10.9
2026-03-20 23:36:10,-99.8256,37.5042, 276.7,10105,-43.2,-60.0,-55.6, 14, 22, 0.04,323,10.9
2026-03-20 23:36:11,-99.8255,37.5041, 276.5,10109,-43.2,-60.0,-55.6, 14, 22, 0.04,323,10.8
2026-03-20 23:36:12,-99.8255,37.5040, 276.3,10113,-43.3,-60.0,-55.6, 14, 22, 0.04,323,10.8
2026-03-20 23:36:13,-99.8254,37.5040, 276.1,10118,-43.3,-60.0,-55.6, 14, 22, 0.04,323,10.8
2026-03-20 23:36:14,-99.8253,37.5039, 275.9,10123,-43.4,-60.0,-55.6, 14, 22, 0.04,323,10.7
2026-03-20 23:36:15,-99.8253,37.5038, 275.7,10127,-43.4,-60.0,-55.6, 15, 22, 0.04,323,10.7
2026-03-20 23:36:16,-99.8252,37.5037, 275.5,10132,-43.4,-60.0,-55.6, 15, 22, 0.04,323,10.7
2026-03-20 23:36:17,-99.8252,37.5037, 275.3,10137,-43.5,-60.0,-55.6, 15, 22, 0.04,324,10.6
2026-03-20 23:36:18,-99.8251,37.5036, 275.1,10142,-43.5,-60.0,-55.6, 15, 23, 0.04,324,10.6
2026-03-20 23:36:19,-99.8250,37.5035, 275.0,10146,-43.6,-60.0,-55.7, 15, 23, 0.04,324,10.6
2026-03-20 23:36:20,-99.8249,37.5034, 274.8,10151,-43.6,-60.1,-55.7, 15, 23, 0.04,324,10.6
2026-03-20 23:36:21,-99.8248,37.5034, 274.6,10155,-43.7,-60.1,-55.7, 15, 23, 0.04,324,10.5
2026-03-20 23:36:22,-99.8248,37.5033, 274.4,10159,-43.7,-60.1,-55.7, 15, 23, 0.04,324,10.5
2026-03-20 23:36:23,-99.8247,37.5032, 274.3,10164,-43.7,-60.1,-55.7, 15, 23, 0.04,324,10.5
2026-03-20 23:36:24,-99.8246,37.5031, 274.1,10168,-43.8,-60.0,-55.7, 15, 23, 0.04,324,10.5
2026-03-20 23:36:25,-99.8246,37.5031, 273.9,10173,-43.8,-60.0,-55.7, 15, 23, 0.04,324,10.4
2026-03-20 23:36:26,-99.8245,37.5030, 273.7,10177,-43.9,-60.0,-55.7, 15, 23, 0.04,324,10.4
2026-03-20 23:36:27,-99.8244,37.5029, 273.5,10182,-43.9,-60.0,-55.7, 15, 23, 0.04,325,10.4
2026-03-20 23:36:28,-99.8244,37.5028, 273.3,10186,-43.9,-60.1,-55.7, 15, 23, 0.04,325,10.4
2026-03-20 23:36:29,-99.8243,37.5027, 273.2,10191,-44.0,-60.2,-55.8, 15, 23, 0.04,325,10.3
2026-03-20 23:36:30,-99.8242,37.5027, 273.0,10195,-44.0,-60.3,-55.9, 15, 23, 0.04,325,10.3
2026-03-20 23:36:31,-99.8242,37.5026, 272.8,10200,-44.0,-60.3,-55.9, 15, 23, 0.04,325,10.3
2026-03-20 23:36:32,-99.8241,37.5025, 272.6,10205,-44.1,-60.3,-55.9, 15, 23, 0.04,325,10.2
2026-03-20 23:36:33,-99.8240,37.5025, 272.4,10210,-44.1,-60.3,-55.9, 15, 23, 0.04,325,10.2
2026-03-20 23:36:34,-99.8240,37.5024, 272.2,10215,-44.1,-60.3,-55.9, 15, 23, 0.04,325,10.2
2026-03-20 23:36:35,-99.8239,37.5023, 272.0,10219,-44.2,-60.3,-55.9, 15, 23, 0.04,325,10.1
2026-03-20 23:36:36,-99.8238,37.5022, 271.8,10223,-44.2,-60.3,-55.9, 15, 24, 0.04,325,10.1
2026-03-20 23:36:37,-99.8238,37.5021, 271.7,10227,-44.3,-60.3,-55.9, 15, 24, 0.04,325,10.0
2026-03-20 23:36:38,-99.8237,37.5021, 271.5,10231,-44.3,-60.3,-55.9, 15, 24, 0.04,325,10.0
2026-03-20 23:36:39,-99.8237,37.5020, 271.3,10235,-44.3,-60.3,-55.9, 15, 24, 0.04,325,10.0
2026-03-20 23:36:40,-99.8236,37.5019, 271.2,10240,-44.4,-60.4,-56.0, 15, 24, 0.04,325, 9.9
2026-03-20 23:36:41,-99.8235,37.5018, 271.0,10244,-44.4,-60.4,-56.0, 15, 24, 0.04,325, 9.8
2026-03-20 23:36:42,-99.8235,37.5018, 270.8,10248,-44.4,-60.4,-56.0, 15, 24, 0.04,325, 9.8
2026-03-20 23:36:43,-99.8234,37.5017, 270.7,10252,-44.4,-60.4,-56.0, 15, 24, 0.04,325, 9.7
2026-03-20 23:36:44,-99.8233,37.5016, 270.5,10256,-44.5,-60.4,-56.0, 15, 24, 0.04,325, 9.7
2026-03-20 23:36:45,-99.8233,37.5015, 270.3,10260,-44.5,-60.4,-56.0, 16, 24, 0.04,325, 9.6
2026-03-20 23:36:46,-99.8232,37.5014, 270.2,10265,-44.5,-60.4,-56.0, 16, 24, 0.04,325, 9.6
2026-03-20 23:36:47,-99.8232,37.5014, 270.0,10269,-44.6,-60.5,-56.1, 16, 24, 0.04,325, 9.5
2026-03-20 23:36:48,-99.8231,37.5013, 269.8,10274,-44.6,-60.5,-56.1, 16, 24, 0.04,324, 9.4
2026-03-20 23:36:49,-99.8230,37.5012, 269.6,10278,-44.7,-60.6,-56.2, 16, 24, 0.04,324, 9.4
2026-03-20 23:36:50,-99.8230,37.5012, 269.4,10283,-44.7,-60.6,-56.2, 16, 24, 0.04,324, 9.3
2026-03-20 23:36:51,-99.8229,37.5011, 269.2,10288,-44.7,-60.6,-56.2, 16, 24, 0.04,324, 9.3
2026-03-20 23:36:52,-99.8229,37.5011, 269.0,10292,-44.8,-60.6,-56.2, 16, 24, 0.04,324, 9.2
2026-03-20 23:36:53,-99.8228,37.5010, 268.9,10297,-44.8,-60.6,-56.2, 16, 24, 0.04,324, 9.2
2026-03-20 23:36:54,-99.8227,37.5010, 268.7,10301,-44.8,-60.5,-56.1, 16, 25, 0.04,324, 9.1
2026-03-20 23:36:55,-99.8226,37.5009, 268.5,10305,-44.9,-60.5,-56.1, 16, 25, 0.04,324, 9.0
2026-03-20 23:36:56,-99.8226,37.5008, 268.4,10309,-44.9,-60.5,-56.1, 16, 25, 0.04,324, 9.0
2026-03-20 23:36:57,-99.8225,37.5008, 268.2,10313,-44.9,-60.6,-56.2, 16, 25, 0.04,324, 8.9
2026-03-20 23:36:58,-99.8225,37.5007, 268.0,10317,-45.0,-60.6,-56.2, 16, 25, 0.04,323, 8.9
2026-03-20 23:36:59,-99.8225,37.5006, 267.9,10321,-45.0,-60.7,-56.3, 16, 25, 0.04,323, 8.9
2026-03-20 23:37:00,-99.8224,37.5005, 267.7,10326,-45.0,-60.7,-56.3, 16, 24, 0.04,323, 8.8
2026-03-20 23:37:01,-99.8224,37.5005, 267.6,10329,-45.0,-60.8,-56.4, 16, 24, 0.04,323, 8.8
2026-03-20 23:37:02,-99.8223,37.5004, 267.4,10333,-45.1,-60.9,-56.5, 16, 24, 0.04,323, 8.7
2026-03-20 23:37:03,-99.8222,37.5004, 267.3,10337,-45.1,-60.9,-56.5, 16, 24, 0.04,323, 8.7
2026-03-20 23:37:04,-99.8221,37.5003, 267.1,10341,-45.1,-61.0,-56.5, 16, 24, 0.04,323, 8.7
2026-03-20 23:37:05,-99.8221,37.5002, 266.9,10345,-45.2,-60.9,-56.5, 16, 24, 0.04,323, 8.7
2026-03-20 23:37:06,-99.8220,37.5002, 266.7,10350,-45.2,-60.9,-56.5, 16, 24, 0.04,323, 8.6
2026-03-20 23:37:07,-99.8220,37.5001, 266.5,10355,-45.2,-60.9,-56.5, 16, 25, 0.04,323, 8.6
2026-03-20 23:37:08,-99.8219,37.5001, 266.4,10359,-45.2,-60.8,-56.4, 16, 25, 0.04,323, 8.6
2026-03-20 23:37:09,-99.8218,37.5000, 266.2,10364,-45.3,-60.8,-56.4, 16, 25, 0.04,324, 8.6
2026-03-20 23:37:10,-99.8218,37.4999, 266.0,10368,-45.3,-60.8,-56.4, 16, 25, 0.04,324, 8.6
2026-03-20 23:37:11,-99.8217,37.4999, 265.8,10373,-45.3,-60.8,-56.4, 16, 25, 0.04,324, 8.6
2026-03-20 23:37:12,-99.8217,37.4998, 265.6,10377,-45.4,-60.8,-56.4, 16, 25, 0.04,324, 8.6
2026-03-20 23:37:13,-99.8216,37.4998, 265.5,10382,-45.4,-60.8,-56.4, 16, 25, 0.04,324, 8.6
2026-03-20 23:37:14,-99.8216,37.4997, 265.3,10386,-45.5,-60.9,-56.5, 16, 25, 0.04,324, 8.6
2026-03-20 23:37:15,-99.8215,37.4997, 265.1,10391,-45.5,-60.9,-56.5, 16, 25, 0.04,324, 8.6
2026-03-20 23:37:16,-99.8215,37.4996, 264.9,10396,-45.6,-61.0,-56.6, 16, 25, 0.04,324, 8.6
2026-03-20 23:37:17,-99.8214,37.4995, 264.7,10401,-45.6,-61.0,-56.6, 16, 25, 0.04,325, 8.6
2026-03-20 23:37:18,-99.8213,37.4995, 264.5,10405,-45.6,-61.1,-56.7, 16, 25, 0.04,325, 8.6
2026-03-20 23:37:19,-99.8213,37.4994, 264.4,10409,-45.6,-61.2,-56.8, 16, 25, 0.04,325, 8.6
2026-03-20 23:37:20,-99.8212,37.4993, 264.2,10413,-45.7,-61.3,-56.9, 16, 25, 0.04,325, 8.6
2026-03-20 23:37:21,-99.8212,37.4993, 264.0,10417,-45.7,-61.3,-56.9, 16, 25, 0.04,325, 8.6
2026-03-20 23:37:22,-99.8211,37.4992, 263.9,10422,-45.7,-61.3,-56.9, 16, 25, 0.04,325, 8.6
2026-03-20 23:37:23,-99.8211,37.4992, 263.7,10426,-45.8,-61.3,-56.9, 16, 25, 0.04,326, 8.7
2026-03-20 23:37:24,-99.8210,37.4991, 263.5,10431,-45.8,-61.3,-56.9, 16, 25, 0.04,326, 8.7
2026-03-20 23:37:25,-99.8210,37.4990, 263.3,10436,-45.9,-61.3,-56.9, 16, 25, 0.04,326, 8.7
2026-03-20 23:37:26,-99.8209,37.4989, 263.1,10440,-45.9,-61.3,-56.9, 16, 25, 0.04,326, 8.8
2026-03-20 23:37:27,-99.8209,37.4989, 263.0,10445,-45.9,-61.3,-56.9, 16, 25, 0.04,326, 8.8
2026-03-20 23:37:28,-99.8208,37.4988, 262.8,10449,-46.0,-61.4,-56.9, 16, 25, 0.04,326, 8.8
2026-03-20 23:37:29,-99.8207,37.4988, 262.6,10453,-46.0,-61.4,-57.0, 16, 25, 0.04,326, 8.9
2026-03-20 23:37:30,-99.8207,37.4987, 262.4,10458,-46.1,-61.4,-57.0, 16, 25, 0.04,326, 8.9
2026-03-20 23:37:31,-99.8206,37.4986, 262.3,10462,-46.1,-61.4,-57.0, 16, 26, 0.04,326, 8.9
2026-03-20 23:37:32,-99.8206,37.4986, 262.1,10467,-46.2,-61.4,-57.0, 16, 26, 0.04,326, 8.9
2026-03-20 23:37:33,-99.8205,37.4985, 261.9,10471,-46.2,-61.4,-56.9, 17, 26, 0.04,326, 9.0
2026-03-20 23:37:34,-99.8205,37.4984, 261.8,10475,-46.2,-61.3,-56.9, 17, 26, 0.04,326, 9.0
2026-03-20 23:37:35,-99.8204,37.4984, 261.6,10479,-46.2,-61.4,-56.9, 17, 26, 0.04,326, 9.0
2026-03-20 23:37:36,-99.8204,37.4983, 261.4,10483,-46.3,-61.4,-57.0, 17, 26, 0.04,326, 9.1
2026-03-20 23:37:37,-99.8203,37.4982, 261.3,10487,-46.3,-61.4,-57.0, 17, 26, 0.04,326, 9.1
2026-03-20 23:37:38,-99.8203,37.4981, 261.1,10491,-46.3,-61.4,-57.0, 17, 26, 0.04,326, 9.1
2026-03-20 23:37:39,-99.8202,37.4980, 261.0,10495,-46.4,-61.5,-57.1, 17, 26, 0.04,326, 9.1
2026-03-20 23:37:40,-99.8201,37.4980, 260.8,10500,-46.4,-61.5,-57.1, 17, 26, 0.04,326, 9.2
2026-03-20 23:37:41,-99.8200,37.4979, 260.6,10504,-46.4,-61.5,-57.1, 17, 26, 0.04,326, 9.2
2026-03-20 23:37:42,-99.8200,37.4978, 260.4,10508,-46.4,-61.5,-57.1, 17, 26, 0.04,326, 9.2
2026-03-20 23:37:43,-99.8199,37.4978, 260.3,10513,-46.5,-61.5,-57.1, 17, 26, 0.04,326, 9.2
2026-03-20 23:37:44,-99.8199,37.4977, 260.1,10517,-46.5,-61.5,-57.0, 17, 27, 0.04,326, 9.2
2026-03-20 23:37:45,-99.8198,37.4977, 260.0,10521,-46.5,-61.5,-57.0, 17, 27, 0.04,326, 9.2
2026-03-20 23:37:46,-99.8198,37.4976, 259.8,10525,-46.5,-61.5,-57.0, 17, 27, 0.04,326, 9.3
2026-03-20 23:37:47,-99.8197,37.4975, 259.6,10529,-46.6,-61.5,-57.1, 17, 27, 0.04,326, 9.3
2026-03-20 23:37:48,-99.8197,37.4974, 259.5,10534,-46.6,-61.5,-57.1, 17, 27, 0.04,326, 9.3
2026-03-20 23:37:49,-99.8196,37.4974, 259.3,10538,-46.6,-61.5,-57.1, 17, 27, 0.04,326, 9.3
2026-03-20 23:37:50,-99.8195,37.4973, 259.1,10543,-46.7,-61.6,-57.1, 17, 27, 0.04,326, 9.3
2026-03-20 23:37:51,-99.8195,37.4972, 258.9,10547,-46.7,-61.6,-57.2, 17, 27, 0.04,326, 9.3
2026-03-20 23:37:52,-99.8194,37.4972, 258.7,10552,-46.8,-61.6,-57.2, 17, 27, 0.04,326, 9.3
2026-03-20 23:37:53,-99.8194,37.4971, 258.6,10556,-46.8,-61.7,-57.2, 17, 27, 0.04,326, 9.3
2026-03-20 23:37:54,-99.8193,37.4970, 258.4,10560,-46.9,-61.7,-57.3, 17, 27, 0.04,326, 9.3
2026-03-20 23:37:55,-99.8193,37.4970, 258.3,10565,-46.9,-61.7,-57.2, 17, 27, 0.04,326, 9.3
2026-03-20 23:37:56,-99.8192,37.4969, 258.1,10569,-46.9,-61.7,-57.2, 17, 27, 0.04,326, 9.3
2026-03-20 23:37:57,-99.8192,37.4968, 257.9,10573,-47.0,-61.7,-57.2, 17, 27, 0.04,326, 9.3
2026-03-20 23:37:58,-99.8191,37.4968, 257.8,10577,-47.0,-61.7,-57.2, 17, 28, 0.04,326, 9.3
2026-03-20 23:37:59,-99.8190,37.4967, 257.6,10581,-47.1,-61.6,-57.2, 18, 28, 0.04,326, 9.3
2026-03-20 23:38:00,-99.8190,37.4966, 257.4,10585,-47.1,-61.7,-57.2, 18, 28, 0.04,326, 9.3
2026-03-20 23:38:01,-99.8189,37.4965, 257.3,10590,-47.1,-61.7,-57.3, 18, 28, 0.04,326, 9.3
2026-03-20 23:38:02,-99.8188,37.4965, 257.1,10594,-47.2,-61.7,-57.3, 18, 28, 0.04,326, 9.3
2026-03-20 23:38:03,-99.8188,37.4964, 256.9,10598,-47.2,-61.8,-57.3, 18, 28, 0.04,326, 9.3
2026-03-20 23:38:04,-99.8187,37.4963, 256.8,10603,-47.2,-61.8,-57.4, 18, 28, 0.04,326, 9.3
2026-03-20 23:38:05,-99.8186,37.4963, 256.6,10607,-47.3,-61.9,-57.4, 18, 28, 0.04,326, 9.3
2026-03-20 23:38:06,-99.8186,37.4962, 256.4,10612,-47.3,-61.9,-57.5, 17, 28, 0.04,327, 9.3
2026-03-20 23:38:07,-99.8185,37.4961, 256.2,10616,-47.3,-61.9,-57.5, 17, 28, 0.04,327, 9.3
2026-03-20 23:38:08,-99.8185,37.4960, 256.1,10621,-47.4,-62.0,-57.5, 17, 28, 0.04,327, 9.3
2026-03-20 23:38:09,-99.8184,37.4960, 255.9,10626,-47.4,-61.9,-57.5, 18, 28, 0.04,327, 9.3
2026-03-20 23:38:10,-99.8184,37.4959, 255.7,10630,-47.4,-62.0,-57.5, 18, 28, 0.04,327, 9.3
2026-03-20 23:38:11,-99.8183,37.4958, 255.5,10635,-47.5,-62.0,-57.5, 18, 28, 0.04,327, 9.4
2026-03-20 23:38:12,-99.8183,37.4958, 255.4,10639,-47.5,-62.0,-57.5, 18, 28, 0.04,327, 9.4
2026-03-20 23:38:13,-99.8182,37.4957, 255.2,10643,-47.5,-62.0,-57.5, 18, 28, 0.04,327, 9.4
2026-03-20 23:38:14,-99.8181,37.4956, 255.1,10646,-47.6,-62.0,-57.6, 18, 28, 0.04,327, 9.4
2026-03-20 23:38:15,-99.8181,37.4956, 254.9,10650,-47.6,-62.0,-57.6, 18, 28, 0.04,327, 9.4
2026-03-20 23:38:16,-99.8180,37.4955, 254.8,10654,-47.7,-62.0,-57.6, 18, 28, 0.04,326, 9.4
2026-03-20 23:38:17,-99.8180,37.4954, 254.6,10659,-47.7,-62.1,-57.6, 18, 28, 0.04,326, 9.4
2026-03-20 23:38:18,-99.8179,37.4954, 254.4,10663,-47.7,-62.1,-57.7, 18, 28, 0.04,326, 9.4
2026-03-20 23:38:19,-99.8179,37.4953, 254.3,10667,-47.8,-62.1,-57.7, 18, 28, 0.04,326, 9.5
2026-03-20 23:38:20,-99.8178,37.4952, 254.1,10671,-47.8,-62.1,-57.7, 18, 29, 0.04,326, 9.5
2026-03-20 23:38:21,-99.8178,37.4951, 254.0,10675,-47.8,-62.1,-57.7, 18, 29, 0.04,326, 9.5
2026-03-20 23:38:22,-99.8177,37.4951, 253.8,10679,-47.8,-62.1,-57.6, 18, 29, 0.04,326, 9.5
2026-03-20 23:38:23,-99.8176,37.4950, 253.7,10683,-47.9,-62.1,-57.6, 18, 29, 0.04,325, 9.6
2026-03-20 23:38:24,-99.8176,37.4949, 253.5,10688,-47.9,-62.0,-57.6, 18, 29, 0.04,325, 9.6
2026-03-20 23:38:25,-99.8175,37.4948, 253.3,10692,-48.0,-62.0,-57.6, 19, 30, 0.04,325, 9.6
2026-03-20 23:38:26,-99.8174,37.4948, 253.1,10697,-48.0,-62.0,-57.6, 19, 30, 0.04,325, 9.7
2026-03-20 23:38:27,-99.8174,37.4947, 253.0,10701,-48.1,-62.1,-57.6, 19, 30, 0.04,324, 9.7
2026-03-20 23:38:28,-99.8174,37.4946, 252.8,10706,-48.1,-62.1,-57.7, 19, 30, 0.04,324, 9.8
2026-03-20 23:38:29,-99.8173,37.4946, 252.6,10710,-48.1,-62.2,-57.7, 19, 30, 0.04,324, 9.8
2026-03-20 23:38:30,-99.8172,37.4945, 252.5,10715,-48.2,-62.2,-57.7, 19, 30, 0.04,324, 9.8
2026-03-20 23:38:31,-99.8172,37.4944, 252.3,10719,-48.2,-62.2,-57.8, 19, 30, 0.04,323, 9.9
2026-03-20 23:38:32,-99.8171,37.4944, 252.1,10723,-48.3,-62.3,-57.8, 19, 30, 0.04,323, 9.9
2026-03-20 23:38:33,-99.8170,37.4943, 252.0,10727,-48.3,-62.3,-57.9, 19, 30, 0.04,323,10.0
2026-03-20 23:38:34,-99.8170,37.4942, 251.8,10732,-48.3,-62.3,-57.9, 19, 30, 0.04,322,10.0
2026-03-20 23:38:35,-99.8169,37.4941, 251.6,10736,-48.4,-62.4,-57.9, 19, 30, 0.04,322,10.1
2026-03-20 23:38:36,-99.8168,37.4941, 251.4,10741,-48.4,-62.4,-57.9, 19, 30, 0.04,322,10.1
2026-03-20 23:38:37,-99.8167,37.4940, 251.3,10745,-48.4,-62.4,-57.9, 19, 30, 0.04,322,10.2
2026-03-20 23:38:38,-99.8167,37.4939, 251.1,10749,-48.4,-62.4,-57.9, 19, 30, 0.04,322,10.3
2026-03-20 23:38:39,-99.8166,37.4939, 251.0,10754,-48.5,-62.4,-58.0, 19, 30, 0.04,321,10.3
2026-03-20 23:38:40,-99.8165,37.4938, 250.8,10758,-48.5,-62.4,-58.0, 19, 30, 0.04,321,10.4
2026-03-20 23:38:41,-99.8164,37.4937, 250.6,10762,-48.6,-62.5,-58.0, 19, 30, 0.04,321,10.4
2026-03-20 23:38:42,-99.8163,37.4937, 250.5,10766,-48.6,-62.5,-58.0, 19, 30, 0.03,321,10.5
2026-03-20 23:38:43,-99.8163,37.4936, 250.3,10771,-48.7,-62.5,-58.1, 19, 30, 0.03,321,10.5
2026-03-20 23:38:44,-99.8162,37.4935, 250.2,10775,-48.7,-62.5,-58.1, 19, 30, 0.03,321,10.6
2026-03-20 23:38:45,-99.8161,37.4934, 250.0,10779,-48.7,-62.6,-58.1, 19, 30, 0.03,321,10.6
2026-03-20 23:38:46,-99.8160,37.4934, 249.8,10784,-48.7,-62.6,-58.1, 19, 30, 0.03,320,10.7
2026-03-20 23:38:47,-99.8159,37.4933, 249.6,10789,-48.8,-62.6,-58.1, 19, 30, 0.03,320,10.7
2026-03-20 23:38:48,-99.8159,37.4932, 249.4,10794,-48.8,-62.6,-58.2, 19, 30, 0.03,320,10.8
2026-03-20 23:38:49,-99.8158,37.4931, 249.3,10798,-48.8,-62.7,-58.2, 19, 30, 0.03,320,10.8
2026-03-20 23:38:50,-99.8157,37.4931, 249.1,10802,-48.9,-62.7,-58.2, 19, 30, 0.03,320,10.9
2026-03-20 23:38:51,-99.8156,37.4930, 249.0,10806,-48.9,-62.7,-58.3, 19, 30, 0.03,320,10.9
2026-03-20 23:38:52,-99.8156,37.4929, 248.8,10810,-48.9,-62.8,-58.3, 19, 30, 0.03,320,11.0
2026-03-20 23:38:53,-99.8155,37.4928, 248.6,10815,-49.0,-62.9,-58.4, 19, 30, 0.03,320,11.0
2026-03-20 23:38:54,-99.8154,37.4927, 248.5,10819,-49.0,-62.9,-58.4, 19, 30, 0.03,320,11.1
2026-03-20 23:38:55,-99.8153,37.4927, 248.3,10823,-49.0,-62.9,-58.4, 19, 30, 0.03,320,11.1
2026-03-20 23:38:56,-99.8153,37.4926, 248.1,10828,-49.1,-62.9,-58.4, 19, 30, 0.03,320,11.2
2026-03-20 23:38:57,-99.8152,37.4925, 248.0,10832,-49.1,-62.9,-58.5, 19, 30, 0.03,320,11.2
2026-03-20 23:38:58,-99.8151,37.4924, 247.8,10836,-49.2,-62.9,-58.5, 19, 30, 0.03,320,11.3
2026-03-20 23:38:59,-99.8150,37.4924, 247.7,10840,-49.2,-62.9,-58.5, 19, 31, 0.03,320,11.3
2026-03-20 23:39:00,-99.8149,37.4923, 247.5,10845,-49.2,-63.0,-58.5, 19, 31, 0.03,320,11.4
2026-03-20 23:39:01,-99.8148,37.4922, 247.3,10849,-49.3,-63.0,-58.5, 19, 31, 0.03,320,11.4
2026-03-20 23:39:02,-99.8148,37.4921, 247.2,10853,-49.3,-63.0,-58.5, 19, 31, 0.03,320,11.5
2026-03-20 23:39:03,-99.8147,37.4921, 247.0,10857,-49.3,-63.0,-58.6, 19, 31, 0.03,320,11.5
2026-03-20 23:39:04,-99.8146,37.4920, 246.9,10861,-49.4,-63.1,-58.6, 19, 31, 0.03,320,11.6
2026-03-20 23:39:05,-99.8145,37.4919, 246.7,10865,-49.4,-63.1,-58.6, 19, 31, 0.03,320,11.6
2026-03-20 23:39:06,-99.8144,37.4918, 246.6,10870,-49.4,-63.1,-58.6, 19, 31, 0.03,320,11.7
2026-03-20 23:39:07,-99.8143,37.4917, 246.4,10874,-49.5,-63.1,-58.7, 19, 31, 0.03,320,11.7
2026-03-20 23:39:08,-99.8142,37.4916, 246.2,10878,-49.5,-63.1,-58.7, 19, 31, 0.03,320,11.8
2026-03-20 23:39:09,-99.8141,37.4916, 246.1,10882,-49.6,-63.2,-58.7, 19, 31, 0.03,320,11.8
2026-03-20 23:39:10,-99.8140,37.4915, 245.9,10887,-49.6,-63.2,-58.7, 19, 31, 0.03,320,11.9
2026-03-20 23:39:11,-99.8139,37.4914, 245.8,10891,-49.6,-63.2,-58.7, 19, 31, 0.03,320,11.9
2026-03-20 23:39:12,-99.8139,37.4913, 245.6,10895,-49.7,-63.2,-58.7, 19, 31, 0.03,320,11.9
2026-03-20 23:39:13,-99.8138,37.4912, 245.5,10899,-49.7,-63.2,-58.8, 19, 31, 0.03,320,12.0
2026-03-20 23:39:14,-99.8137,37.4912, 245.3,10903,-49.8,-63.3,-58.8, 19, 31, 0.03,320,12.0
2026-03-20 23:39:15,-99.8136,37.4911, 245.1,10908,-49.8,-63.3,-58.8, 19, 31, 0.03,320,12.1
2026-03-20 23:39:16,-99.8135,37.4910, 245.0,10912,-49.9,-63.4,-58.9, 19, 31, 0.03,320,12.1
2026-03-20 23:39:17,-99.8134,37.4909, 244.8,10916,-49.9,-63.4,-58.9, 19, 31, 0.03,320,12.2
2026-03-20 23:39:18,-99.8133,37.4909, 244.6,10921,-50.0,-63.4,-58.9, 19, 32, 0.03,320,12.2
2026-03-20 23:39:19,-99.8132,37.4908, 244.5,10925,-50.0,-63.4,-58.9, 20, 32, 0.03,320,12.2
2026-03-20 23:39:20,-99.8132,37.4907, 244.3,10929,-50.0,-63.4,-58.9, 20, 32, 0.03,321,12.3
2026-03-20 23:39:21,-99.8131,37.4906, 244.2,10934,-50.0,-63.3,-58.9, 20, 32, 0.03,321,12.3
2026-03-20 23:39:22,-99.8130,37.4905, 244.0,10938,-50.1,-63.3,-58.9, 20, 32, 0.03,321,12.4
2026-03-20 23:39:23,-99.8129,37.4904, 243.9,10942,-50.1,-63.3,-58.9, 20, 33, 0.03,321,12.4
2026-03-20 23:39:24,-99.8128,37.4903, 243.7,10946,-50.2,-63.3,-58.9, 20, 33, 0.03,321,12.5
2026-03-20 23:39:25,-99.8127,37.4902, 243.6,10949,-50.2,-63.4,-58.9, 20, 33, 0.03,322,12.6
2026-03-20 23:39:26,-99.8126,37.4901, 243.4,10953,-50.2,-63.4,-58.9, 20, 33, 0.03,322,12.6
2026-03-20 23:39:27,-99.8125,37.4901, 243.3,10957,-50.3,-63.4,-58.9, 20, 33, 0.03,322,12.7
2026-03-20 23:39:28,-99.8125,37.4900, 243.1,10961,-50.3,-63.4,-58.9, 20, 33, 0.03,322,12.8
2026-03-20 23:39:29,-99.8124,37.4899, 243.0,10965,-50.3,-63.5,-59.0, 20, 33, 0.03,322,12.8
2026-03-20 23:39:30,-99.8123,37.4898, 242.8,10969,-50.4,-63.5,-59.0, 20, 33, 0.03,323,12.9
2026-03-20 23:39:31,-99.8122,37.4897, 242.7,10973,-50.4,-63.6,-59.1, 20, 32, 0.03,323,13.0
2026-03-20 23:39:32,-99.8121,37.4896, 242.5,10978,-50.4,-63.7,-59.2, 20, 32, 0.03,323,13.1
2026-03-20 23:39:33,-99.8120,37.4895, 242.4,10982,-50.4,-63.7,-59.2, 20, 32, 0.03,323,13.2
2026-03-20 23:39:34,-99.8119,37.4894, 242.2,10986,-50.5,-63.8,-59.3, 20, 32, 0.03,323,13.3
2026-03-20 23:39:35,-99.8118,37.4893, 242.1,10990,-50.5,-63.9,-59.4, 19, 32, 0.03,323,13.3
2026-03-20 23:39:36,-99.8118,37.4892, 241.9,10994,-50.5,-63.9,-59.4, 19, 32, 0.03,324,13.4
2026-03-20 23:39:37,-99.8117,37.4891, 241.8,10998,-50.6,-64.0,-59.5, 19, 31, 0.03,324,13.5
2026-03-20 23:39:38,-99.8116,37.4890, 241.6,11003,-50.6,-64.1,-59.6, 19, 31, 0.03,324,13.6
2026-03-20 23:39:39,-99.8115,37.4889, 241.4,11007,-50.6,-64.1,-59.6, 19, 31, 0.03,324,13.7
2026-03-20 23:39:40,-99.8114,37.4888, 241.3,11011,-50.6,-64.2,-59.7, 19, 31, 0.03,324,13.8
2026-03-20 23:39:41,-99.8113,37.4887, 241.1,11015,-50.6,-64.2,-59.7, 19, 31, 0.03,324,13.9
2026-03-20 23:39:42,-99.8112,37.4886, 241.0,11019,-50.7,-64.3,-59.8, 19, 31, 0.03,324,14.0
2026-03-20 23:39:43,-99.8111,37.4885, 240.9,11022,-50.7,-64.4,-59.9, 19, 31, 0.03,324,14.1
2026-03-20 23:39:44,-99.8110,37.4884, 240.7,11026,-50.7,-64.4,-59.9, 19, 30, 0.03,324,14.2
2026-03-20 23:39:45,-99.8110,37.4883, 240.6,11030,-50.8,-64.5,-60.0, 18, 30, 0.03,324,14.2
2026-03-20 23:39:46,-99.8109,37.4882, 240.4,11034,-50.8,-64.6,-60.1, 18, 30, 0.03,324,14.3
2026-03-20 23:39:47,-99.8108,37.4881, 240.3,11038,-50.8,-64.6,-60.1, 18, 30, 0.03,325,14.4
2026-03-20 23:39:48,-99.8106,37.4880, 240.1,11042,-50.8,-64.7,-60.2, 18, 30, 0.03,325,14.5
2026-03-20 23:39:49,-99.8105,37.4879, 240.0,11046,-50.9,-64.7,-60.2, 18, 30, 0.03,325,14.6
2026-03-20 23:39:50,-99.8104,37.4877, 239.8,11050,-50.9,-64.7,-60.2, 18, 30, 0.03,325,14.6
2026-03-20 23:39:51,-99.8103,37.4876, 239.7,11054,-50.9,-64.8,-60.2, 18, 30, 0.03,325,14.7
2026-03-20 23:39:52,-99.8103,37.4875, 239.5,11058,-50.9,-64.8,-60.3, 18, 30, 0.03,325,14.8
2026-03-20 23:39:53,-99.8102,37.4874, 239.4,11062,-51.0,-64.9,-60.3, 18, 30, 0.03,325,14.8
2026-03-20 23:39:54,-99.8101,37.4873, 239.3,11066,-51.0,-64.9,-60.4, 18, 29, 0.03,325,14.9
2026-03-20 23:39:55,-99.8100,37.4872, 239.1,11070,-51.0,-65.0,-60.5, 18, 29, 0.03,325,14.9
2026-03-20 23:39:56,-99.8099,37.4871, 239.0,11074,-51.1,-65.1,-60.6, 18, 29, 0.03,325,15.0
2026-03-20 23:39:57,-99.8098,37.4870, 238.8,11078,-51.1,-65.2,-60.7, 17, 29, 0.03,325,15.0
2026-03-20 23:39:58,-99.8097,37.4869, 238.7,11082,-51.1,-65.3,-60.7, 17, 28, 0.03,325,15.0
2026-03-20 23:39:59,-99.8096,37.4868, 238.5,11086,-51.1,-65.4,-60.8, 17, 28, 0.03,325,15.1
2026-03-20 23:40:00,-99.8095,37.4866, 238.4,11090,-51.1,-65.5,-60.9, 17, 28, 0.02,325,15.1
2026-03-20 23:40:01,-99.8094,37.4865, 238.2,11094,-51.1,-65.6,-61.0, 17, 27, 0.02,325,15.1
2026-03-20 23:40:02,-99.8093,37.4864, 238.1,11098,-51.1,-65.7,-61.1, 16, 27, 0.02,325,15.1
2026-03-20 23:40:03,-99.8092,37.4863, 237.9,11103,-51.1,-65.8,-61.2, 16, 27, 0.02,325,15.1
2026-03-20 23:40:04,-99.8091,37.4862, 237.7,11107,-51.2,-65.9,-61.3, 16, 26, 0.02,325,15.1
2026-03-20 23:40:05,-99.8090,37.4861, 237.6,11111,-51.2,-66.0,-61.5, 16, 26, 0.02,325,15.1
2026-03-20 23:40:06,-99.8089,37.4860, 237.4,11116,-51.2,-66.2,-61.6, 15, 26, 0.02,325,15.1
2026-03-20 23:40:07,-99.8088,37.4859, 237.3,11120,-51.2,-66.4,-61.8, 15, 25, 0.02,325,15.1
2026-03-20 23:40:08,-99.8087,37.4858, 237.1,11124,-51.2,-66.6,-62.0, 15, 24, 0.02,325,15.1
2026-03-20 23:40:09,-99.8086,37.4856, 237.0,11128,-51.2,-66.8,-62.3, 14, 23, 0.02,325,15.0
2026-03-20 23:40:10,-99.8085,37.4855, 236.8,11132,-51.2,-67.1,-62.5, 14, 23, 0.02,325,15.0
2026-03-20 23:40:11,-99.8084,37.4854, 236.7,11136,-51.2,-67.4,-62.8, 13, 22, 0.02,325,15.0
2026-03-20 23:40:12,-99.8082,37.4853, 236.5,11140,-51.2,-67.7,-63.1, 13, 21, 0.02,325,14.9
2026-03-20 23:40:13,-99.8082,37.4852, 236.4,11144,-51.2,-68.0,-63.4, 12, 20, 0.02,325,14.9
2026-03-20 23:40:14,-99.8081,37.4851, 236.2,11148,-51.2,-68.2,-63.6, 12, 19, 0.02,325,14.8
2026-03-20 23:40:15,-99.8080,37.4850, 236.1,11152,-51.2,-68.4,-63.8, 11, 19, 0.02,325,14.8
2026-03-20 23:40:16,-99.8079,37.4849, 236.0,11156,-51.1,-68.6,-64.0, 11, 18, 0.02,325,14.7
2026-03-20 23:40:17,-99.8078,37.4848, 235.8,11160,-51.2,-68.7,-64.1, 11, 18, 0.02,325,14.6
2026-03-20 23:40:18,-99.8077,37.4846, 235.7,11164,-51.2,-68.7,-64.1, 11, 18, 0.02,325,14.6
2026-03-20 23:40:19,-99.8076,37.4845, 235.5,11169,-51.2,-68.7,-64.1, 11, 18, 0.02,326,14.5
2026-03-20 23:40:20,-99.8075,37.4844, 235.3,11173,-51.2,-68.6,-64.0, 11, 18, 0.02,326,14.4
2026-03-20 23:40:21,-99.8074,37.4843, 235.2,11177,-51.2,-68.4,-63.8, 11, 19, 0.02,326,14.4
2026-03-20 23:40:22,-99.8073,37.4842, 235.1,11181,-51.2,-68.3,-63.7, 12, 19, 0.02,326,14.3
2026-03-20 23:40:23,-99.8072,37.4841, 234.9,11184,-51.2,-68.1,-63.5, 12, 20, 0.02,326,14.2
2026-03-20 23:40:24,-99.8071,37.4840, 234.8,11188,-51.2,-68.0,-63.4, 12, 20, 0.02,326,14.1
2026-03-20 23:40:25,-99.8070,37.4839, 234.7,11192,-51.3,-67.8,-63.3, 12, 21, 0.02,326,14.0
2026-03-20 23:40:26,-99.8069,37.4838, 234.5,11196,-51.3,-67.7,-63.2, 13, 21, 0.02,326,13.9
2026-03-20 23:40:27,-99.8069,37.4837, 234.4,11200,-51.3,-67.6,-63.1, 13, 21, 0.02,327,13.9
2026-03-20 23:40:28,-99.8068,37.4836, 234.2,11205,-51.4,-67.6,-63.0, 13, 22, 0.02,327,13.8
2026-03-20 23:40:29,-99.8067,37.4835, 234.0,11209,-51.4,-67.5,-62.9, 13, 22, 0.02,327,13.7
2026-03-20 23:40:30,-99.8066,37.4834, 233.9,11213,-51.5,-67.4,-62.8, 13, 22, 0.02,327,13.6
2026-03-20 23:40:31,-99.8065,37.4833, 233.8,11217,-51.5,-67.3,-62.8, 14, 23, 0.02,327,13.5
2026-03-20 23:40:32,-99.8064,37.4832, 233.6,11220,-51.5,-67.3,-62.7, 14, 23, 0.02,328,13.4
2026-03-20 23:40:33,-99.8063,37.4831, 233.5,11224,-51.6,-67.2,-62.6, 14, 23, 0.02,328,13.4
2026-03-20 23:40:34,-99.8063,37.4830, 233.4,11227,-51.6,-67.0,-62.5, 14, 24, 0.02,328,13.3
2026-03-20 23:40:35,-99.8062,37.4829, 233.2,11231,-51.6,-66.9,-62.4, 15, 24, 0.02,328,13.2
2026-03-20 23:40:36,-99.8061,37.4828, 233.1,11236,-51.7,-66.8,-62.2, 15, 25, 0.02,329,13.1
2026-03-20 23:40:37,-99.8060,37.4827, 232.9,11240,-51.7,-66.6,-62.1, 15, 26, 0.02,329,13.1
2026-03-20 23:40:38,-99.8060,37.4826, 232.8,11244,-51.7,-66.5,-61.9, 16, 26, 0.02,329,13.0
2026-03-20 23:40:39,-99.8059,37.4825, 232.6,11248,-51.7,-66.3,-61.8, 16, 27, 0.02,329,12.9
2026-03-20 23:40:40,-99.8058,37.4824, 232.5,11251,-51.8,-66.2,-61.7, 16, 27, 0.02,330,12.9
2026-03-20 23:40:41,-99.8058,37.4823, 232.4,11255,-51.8,-66.2,-61.7, 16, 27, 0.02,330,12.8
2026-03-20 23:40:42,-99.8057,37.4822, 232.3,11258,-51.8,-66.2,-61.7, 17, 27, 0.02,330,12.7
2026-03-20 23:40:43,-99.8056,37.4821, 232.1,11262,-51.8,-66.2,-61.7, 16, 27, 0.02,330,12.7
2026-03-20 23:40:44,-99.8056,37.4820, 232.0,11266,-51.8,-66.3,-61.8, 16, 27, 0.02,331,12.6
2026-03-20 23:40:45,-99.8055,37.4819, 231.9,11270,-51.7,-66.4,-61.9, 16, 26, 0.02,331,12.6
2026-03-20 23:40:46,-99.8054,37.4818, 231.7,11274,-51.7,-66.6,-62.0, 16, 26, 0.02,331,12.5
2026-03-20 23:40:47,-99.8054,37.4817, 231.6,11277,-51.6,-66.7,-62.2, 15, 25, 0.02,331,12.5
2026-03-20 23:40:48,-99.8053,37.4816, 231.4,11281,-51.7,-66.9,-62.4, 15, 24, 0.02,331,12.5
2026-03-20 23:40:49,-99.8053,37.4815, 231.3,11285,-51.7,-67.1,-62.5, 14, 24, 0.02,331,12.4
2026-03-20 23:40:50,-99.8052,37.4814, 231.2,11289,-51.7,-67.3,-62.7, 14, 23, 0.02,331,12.4
2026-03-20 23:40:51,-99.8051,37.4813, 231.0,11293,-51.7,-67.4,-62.8, 14, 23, 0.02,331,12.4
2026-03-20 23:40:52,-99.8051,37.4812, 230.9,11297,-51.7,-67.4,-62.8, 14, 23, 0.02,331,12.4
2026-03-20 23:40:53,-99.8050,37.4811, 230.7,11301,-51.7,-67.4,-62.8, 14, 23, 0.02,331,12.3
2026-03-20 23:40:54,-99.8049,37.4810, 230.6,11305,-51.8,-67.3,-62.8, 14, 23, 0.02,331,12.3
2026-03-20 23:40:55,-99.8048,37.4809, 230.4,11309,-51.8,-67.3,-62.7, 14, 24, 0.02,331,12.3
2026-03-20 23:40:56,-99.8048,37.4808, 230.3,11313,-51.9,-67.3,-62.7, 14, 24, 0.02,331,12.3
2026-03-20 23:40:57,-99.8047,37.4807, 230.2,11317,-51.9,-67.2,-62.6, 15, 24, 0.02,331,12.3
2026-03-20 23:40:58,-99.8047,37.4806, 230.0,11321,-51.9,-67.2,-62.6, 15, 24, 0.02,330,12.3
2026-03-20 23:40:59,-99.8046,37.4805, 229.9,11326,-51.9,-67.1,-62.6, 15, 25, 0.02,330,12.3
2026-03-20 23:41:00,-99.8046,37.4804, 229.7,11330,-51.9,-67.1,-62.6, 15, 25, 0.02,330,12.3
2026-03-20 23:41:01,-99.8045,37.4804, 229.6,11334,-52.0,-67.2,-62.6, 15, 24, 0.02,330,12.2
2026-03-20 23:41:02,-99.8044,37.4803, 229.4,11338,-52.0,-67.3,-62.7, 15, 24, 0.02,330,12.2
2026-03-20 23:41:03,-99.8043,37.4802, 229.3,11342,-52.0,-67.4,-62.8, 14, 24, 0.02,330,12.2
2026-03-20 23:41:04,-99.8043,37.4801, 229.1,11346,-52.0,-67.5,-62.9, 14, 24, 0.02,330,12.2
2026-03-20 23:41:05,-99.8042,37.4800, 229.0,11350,-52.1,-67.6,-63.0, 14, 23, 0.02,329,12.2
2026-03-20 23:41:06,-99.8041,37.4799, 228.9,11354,-52.1,-67.7,-63.1, 14, 23, 0.02,329,12.2
2026-03-20 23:41:07,-99.8041,37.4798, 228.7,11358,-52.1,-67.8,-63.2, 14, 23, 0.02,329,12.2
2026-03-20 23:41:08,-99.8040,37.4797, 228.6,11362,-52.1,-67.8,-63.2, 14, 23, 0.02,329,12.2
2026-03-20 23:41:09,-99.8039,37.4796, 228.5,11366,-52.1,-67.8,-63.3, 14, 23, 0.02,329,12.2
2026-03-20 23:41:10,-99.8039,37.4795, 228.3,11369,-52.2,-67.8,-63.2, 14, 23, 0.02,329,12.2
2026-03-20 23:41:11,-99.8038,37.4794, 228.2,11373,-52.2,-67.8,-63.2, 14, 23, 0.02,329,12.2
2026-03-20 23:41:12,-99.8037,37.4793, 228.1,11376,-52.2,-67.8,-63.2, 14, 23, 0.02,329,12.2
2026-03-20 23:41:13,-99.8036,37.4792, 227.9,11380,-52.2,-67.8,-63.2, 14, 23, 0.02,328,12.1
2026-03-20 23:41:14,-99.8035,37.4791, 227.8,11384,-52.3,-67.8,-63.2, 14, 23, 0.02,328,12.1
2026-03-20 23:41:15,-99.8034,37.4790, 227.7,11388,-52.3,-67.8,-63.2, 14, 23, 0.02,328,12.1
2026-03-20 23:41:16,-99.8034,37.4789, 227.5,11391,-52.3,-67.9,-63.3, 14, 23, 0.02,328,12.1
2026-03-20 23:41:17,-99.8033,37.4788, 227.4,11395,-52.3,-67.9,-63.3, 14, 23, 0.02,328,12.1
2026-03-20 23:41:18,-99.8032,37.4787, 227.3,11400,-52.4,-67.9,-63.3, 14, 23, 0.02,328,12.1
2026-03-20 23:41:19,-99.8032,37.4787, 227.1,11403,-52.4,-67.9,-63.3, 14, 23, 0.02,328,12.1
2026-03-20 23:41:20,-99.8031,37.4786, 227.0,11407,-52.4,-68.0,-63.4, 14, 23, 0.02,328,12.1
2026-03-20 23:41:21,-99.8030,37.4785, 226.9,11411,-52.5,-68.0,-63.4, 14, 23, 0.02,328,12.1
2026-03-20 23:41:22,-99.8029,37.4784, 226.7,11415,-52.5,-68.1,-63.5, 14, 23, 0.02,328,12.0
2026-03-20 23:41:23,-99.8029,37.4783, 226.6,11419,-52.5,-68.2,-63.6, 14, 23, 0.02,328,12.0
2026-03-20 23:41:24,-99.8028,37.4782, 226.4,11423,-52.5,-68.2,-63.6, 14, 23, 0.02,328,12.0
2026-03-20 23:41:25,-99.8028,37.4781, 226.3,11427,-52.5,-68.3,-63.7, 13, 22, 0.02,328,12.0
2026-03-20 23:41:26,-99.8027,37.4781, 226.2,11431,-52.5,-68.4,-63.8, 13, 22, 0.02,329,12.1
2026-03-20 23:41:27,-99.8026,37.4780, 226.0,11435,-52.5,-68.5,-63.9, 13, 22, 0.02,329,12.1
2026-03-20 23:41:28,-99.8026,37.4779, 225.9,11439,-52.5,-68.7,-64.1, 13, 21, 0.02,329,12.1
2026-03-20 23:41:29,-99.8025,37.4778, 225.7,11444,-52.5,-68.8,-64.2, 13, 21, 0.02,329,12.1
2026-03-20 23:41:30,-99.8024,37.4777, 225.6,11448,-52.5,-69.0,-64.4, 12, 20, 0.02,329,12.1
2026-03-20 23:41:31,-99.8024,37.4776, 225.4,11452,-52.6,-69.1,-64.5, 12, 20, 0.02,329,12.1
2026-03-20 23:41:32,-99.8023,37.4775, 225.3,11456,-52.6,-69.2,-64.6, 12, 20, 0.02,329,12.2
2026-03-20 23:41:33,-99.8022,37.4774, 225.1,11460,-52.7,-69.3,-64.7, 12, 20, 0.02,329,12.2
2026-03-20 23:41:34,-99.8021,37.4773, 225.0,11464,-52.7,-69.4,-64.8, 12, 20, 0.02,329,12.2
2026-03-20 23:41:35,-99.8021,37.4772, 224.9,11468,-52.7,-69.4,-64.8, 12, 20, 0.02,329,12.2
2026-03-20 23:41:36,-99.8020,37.4771, 224.7,11472,-52.8,-69.5,-64.9, 12, 20, 0.02,329,12.3
2026-03-20 23:41:37,-99.8019,37.4770, 224.6,11476,-52.8,-69.5,-64.9, 12, 20, 0.02,329,12.3
2026-03-20 23:41:38,-99.8018,37.4769, 224.4,11480,-52.9,-69.6,-65.0, 12, 20, 0.02,329,12.3
2026-03-20 23:41:39,-99.8017,37.4768, 224.3,11484,-52.9,-69.6,-65.0, 12, 20, 0.02,329,12.4
2026-03-20 23:41:40,-99.8017,37.4767, 224.2,11487,-52.9,-69.6,-65.0, 12, 20, 0.01,330,12.4
2026-03-20 23:41:41,-99.8016,37.4766, 224.1,11491,-53.0,-69.7,-65.0, 12, 20, 0.01,330,12.4
2026-03-20 23:41:42,-99.8016,37.4765, 223.9,11494,-53.0,-69.7,-65.1, 12, 20, 0.01,330,12.5
2026-03-20 23:41:43,-99.8015,37.4764, 223.8,11498,-53.0,-69.8,-65.1, 12, 20, 0.01,329,12.5
2026-03-20 23:41:44,-99.8014,37.4763, 223.7,11502,-53.1,-69.8,-65.2, 12, 20, 0.01,329,12.5
2026-03-20 23:41:45,-99.8014,37.4762, 223.5,11506,-53.1,-69.9,-65.3, 12, 19, 0.01,329,12.6
2026-03-20 23:41:46,-99.8013,37.4761, 223.4,11511,-53.1,-70.0,-65.4, 11, 19, 0.01,329,12.6
2026-03-20 23:41:47,-99.8012,37.4760, 223.2,11515,-53.1,-70.1,-65.5, 11, 19, 0.01,329,12.6
2026-03-20 23:41:48,-99.8012,37.4759, 223.1,11518,-53.2,-70.2,-65.6, 11, 19, 0.01,329,12.6
2026-03-20 23:41:49,-99.8011,37.4758, 223.0,11522,-53.2,-70.3,-65.7, 11, 18, 0.01,329,12.6
2026-03-20 23:41:50,-99.8010,37.4757, 222.8,11526,-53.2,-70.4,-65.8, 11, 18, 0.01,329,12.6
2026-03-20 23:41:51,-99.8009,37.4756, 222.7,11531,-53.2,-70.5,-65.9, 11, 18, 0.01,329,12.7
2026-03-20 23:41:52,-99.8009,37.4755, 222.5,11535,-53.3,-70.6,-66.0, 11, 18, 0.01,329,12.7
2026-03-20 23:41:53,-99.8008,37.4754, 222.4,11539,-53.3,-70.7,-66.0, 11, 18, 0.01,329,12.7
2026-03-20 23:41:54,-99.8007,37.4753, 222.3,11543,-53.3,-70.7,-66.0, 11, 18, 0.01,329,12.7
2026-03-20 23:41:55,-99.8006,37.4752, 222.1,11547,-53.3,-70.7,-66.1, 11, 18, 0.01,329,12.7
2026-03-20 23:41:56,-99.8005,37.4751, 222.0,11551,-53.4,-70.7,-66.0, 11, 18, 0.01,329,12.7
2026-03-20 23:41:57,-99.8004,37.4750, 221.9,11555,-53.4,-70.7,-66.0, 11, 18, 0.01,328,12.7
2026-03-20 23:41:58,-99.8004,37.4749, 221.7,11559,-53.4,-70.7,-66.0, 11, 18, 0.01,328,12.7
2026-03-20 23:41:59,-99.8003,37.4748, 221.6,11562,-53.4,-70.6,-66.0, 11, 18, 0.01,328,12.7
2026-03-20 23:42:00,-99.8002,37.4748, 221.5,11566,-53.5,-70.6,-66.0, 11, 18, 0.01,328,12.8
2026-03-20 23:42:01,-99.8002,37.4747, 221.3,11570,-53.5,-70.6,-66.0, 11, 18, 0.01,328,12.8
2026-03-20 23:42:02,-99.8001,37.4746, 221.2,11575,-53.5,-70.6,-66.0, 11, 19, 0.01,328,12.8
2026-03-20 23:42:03,-99.8000,37.4745, 221.0,11579,-53.5,-70.6,-65.9, 11, 19, 0.01,328,12.8
2026-03-20 23:42:04,-99.7999,37.4744, 220.9,11583,-53.5,-70.5,-65.9, 11, 19, 0.01,328,12.9
2026-03-20 23:42:05,-99.7998,37.4743, 220.7,11587,-53.5,-70.5,-65.9, 11, 19, 0.01,328,12.9
2026-03-20 23:42:06,-99.7998,37.4742, 220.6,11591,-53.6,-70.6,-65.9, 11, 19, 0.01,328,13.0
2026-03-20 23:42:07,-99.7997,37.4741, 220.5,11595,-53.6,-70.6,-65.9, 11, 19, 0.01,328,13.0
2026-03-20 23:42:08,-99.7996,37.4740, 220.3,11599,-53.7,-70.6,-66.0, 11, 19, 0.01,328,13.1
2026-03-20 23:42:09,-99.7996,37.4739, 220.2,11602,-53.7,-70.7,-66.0, 11, 19, 0.01,327,13.1
2026-03-20 23:42:10,-99.7995,37.4738, 220.1,11606,-53.7,-70.7,-66.1, 11, 19, 0.01,327,13.2
2026-03-20 23:42:11,-99.7994,37.4737, 220.0,11609,-53.8,-70.8,-66.1, 11, 19, 0.01,327,13.2
2026-03-20 23:42:12,-99.7993,37.4736, 219.8,11613,-53.8,-70.9,-66.2, 11, 18, 0.01,327,13.3
2026-03-20 23:42:13,-99.7993,37.4735, 219.7,11617,-53.8,-71.0,-66.4, 11, 18, 0.01,327,13.4
2026-03-20 23:42:14,-99.7992,37.4734, 219.5,11622,-53.8,-71.1,-66.5, 11, 18, 0.01,327,13.5
2026-03-20 23:42:15,-99.7991,37.4733, 219.4,11627,-53.9,-71.3,-66.6, 10, 18, 0.01,327,13.5
2026-03-20 23:42:16,-99.7990,37.4732, 219.2,11632,-53.9,-71.4,-66.8, 10, 17, 0.01,327,13.6
2026-03-20 23:42:17,-99.7990,37.4731, 219.0,11637,-54.0,-71.6,-66.9, 10, 17, 0.01,327,13.7
2026-03-20 23:42:18,-99.7989,37.4730, 218.9,11641,-54.0,-71.7,-67.0, 10, 17, 0.01,327,13.7
2026-03-20 23:42:19,-99.7988,37.4729, 218.7,11646,-54.0,-71.8,-67.2, 10, 17, 0.01,327,13.8
2026-03-20 23:42:20,-99.7987,37.4728, 218.6,11650,-54.1,-72.0,-67.3, 10, 16, 0.01,326,13.9
2026-03-20 23:42:21,-99.7986,37.4727, 218.4,11655,-54.1,-72.1,-67.5, 10, 16, 0.01,326,13.9
2026-03-20 23:42:22,-99.7985,37.4726, 218.3,11659,-54.1,-72.3,-67.6,  9, 16, 0.01,326,14.0
2026-03-20 23:42:23,-99.7984,37.4725, 218.2,11662,-54.1,-72.4,-67.7,  9, 16, 0.01,326,14.0
2026-03-20 23:42:24,-99.7983,37.4724, 218.0,11666,-54.1,-72.5,-67.8,  9, 15, 0.01,326,14.1
2026-03-20 23:42:25,-99.7982,37.4723, 217.9,11670,-54.2,-72.6,-68.0,  9, 15, 0.01,326,14.1
2026-03-20 23:42:26,-99.7981,37.4721, 217.8,11674,-54.2,-72.8,-68.2,  9, 15, 0.01,326,14.1
2026-03-20 23:42:27,-99.7980,37.4720, 217.7,11677,-54.3,-73.1,-68.4,  8, 14, 0.01,326,14.1
2026-03-20 23:42:28,-99.7979,37.4719, 217.5,11681,-54.3,-73.3,-68.6,  8, 14, 0.01,326,14.1
2026-03-20 23:42:29,-99.7978,37.4718, 217.4,11685,-54.3,-73.5,-68.8,  8, 14, 0.01,326,14.1
2026-03-20 23:42:30,-99.7977,37.4717, 217.3,11689,-54.3,-73.7,-69.0,  8, 13, 0.01,326,14.1
2026-03-20 23:42:31,-99.7976,37.4716, 217.1,11693,-54.3,-73.8,-69.2,  8, 13, 0.01,326,14.1
2026-03-20 23:42:32,-99.7975,37.4715, 217.0,11696,-54.3,-74.0,-69.3,  7, 13, 0.01,326,14.1
2026-03-20 23:42:33,-99.7975,37.4714, 216.9,11700,-54.3,-74.1,-69.4,  7, 12, 0.01,327,14.1
2026-03-20 23:42:34,-99.7974,37.4713, 216.7,11704,-54.3,-74.3,-69.6,  7, 12, 0.01,327,14.0
2026-03-20 23:42:35,-99.7973,37.4712, 216.6,11708,-54.3,-74.4,-69.7,  7, 12, 0.01,327,14.0
2026-03-20 23:42:36,-99.7972,37.4710, 216.5,11712,-54.3,-74.5,-69.8,  7, 12, 0.01,327,13.9
2026-03-20 23:42:37,-99.7971,37.4709, 216.4,11715,-54.3,-74.6,-69.9,  7, 12, 0.01,327,13.9
2026-03-20 23:42:38,-99.7970,37.4708, 216.3,11718,-54.4,-74.7,-70.0,  7, 11, 0.01,327,13.8
2026-03-20 23:42:39,-99.7969,37.4708, 216.1,11722,-54.3,-74.8,-70.1,  7, 11, 0.01,327,13.8
2026-03-20 23:42:40,-99.7968,37.4706, 216.0,11726,-54.3,-74.9,-70.2,  7, 11, 0.01,327,13.7
2026-03-20 23:42:41,-99.7968,37.4706, 215.9,11729,-54.3,-75.0,-70.3,  6, 11, 0.01,327,13.6
2026-03-20 23:42:42,-99.7967,37.4705, 215.8,11733,-54.3,-75.1,-70.4,  6, 11, 0.01,328,13.5
2026-03-20 23:42:43,-99.7966,37.4704, 215.6,11737,-54.3,-75.2,-70.5,  6, 11, 0.01,328,13.5
2026-03-20 23:42:44,-99.7966,37.4703, 215.5,11741,-54.3,-75.3,-70.6,  6, 11, 0.01,328,13.4
2026-03-20 23:42:45,-99.7965,37.4701, 215.4,11745,-54.3,-75.3,-70.6,  6, 10, 0.01,328,13.3
2026-03-20 23:42:46,-99.7964,37.4700, 215.3,11748,-54.4,-75.4,-70.7,  6, 10, 0.01,328,13.3
2026-03-20 23:42:47,-99.7963,37.4699, 215.1,11752,-54.4,-75.4,-70.7,  6, 10, 0.01,328,13.2
2026-03-20 23:42:48,-99.7962,37.4698, 215.0,11756,-54.4,-75.4,-70.7,  6, 10, 0.01,329,13.1
2026-03-20 23:42:49,-99.7962,37.4697, 214.9,11759,-54.4,-75.4,-70.7,  6, 10, 0.01,329,13.0
2026-03-20 23:42:50,-99.7961,37.4696, 214.8,11763,-54.5,-75.4,-70.7,  6, 10, 0.01,329,13.0
2026-03-20 23:42:51,-99.7960,37.4695, 214.6,11766,-54.5,-75.5,-70.8,  6, 10, 0.01,329,12.9
2026-03-20 23:42:52,-99.7959,37.4694, 214.5,11770,-54.6,-75.5,-70.8,  6, 10, 0.01,329,12.8
2026-03-20 23:42:53,-99.7958,37.4693, 214.4,11774,-54.6,-75.5,-70.8,  6, 10, 0.01,329,12.8
2026-03-20 23:42:54,-99.7958,37.4692, 214.3,11778,-54.6,-75.6,-70.8,  6, 10, 0.01,330,12.7
2026-03-20 23:42:55,-99.7957,37.4691, 214.1,11782,-54.6,-75.6,-70.9,  6, 10, 0.01,330,12.6
2026-03-20 23:42:56,-99.7956,37.4690, 214.0,11786,-54.6,-75.6,-70.9,  6, 10, 0.01,330,12.6
2026-03-20 23:42:57,-99.7955,37.4689, 213.9,11790,-54.7,-75.6,-70.9,  6, 10, 0.01,330,12.5
2026-03-20 23:42:58,-99.7955,37.4689, 213.8,11793,-54.7,-75.6,-70.9,  6, 11, 0.01,330,12.5
2026-03-20 23:42:59,-99.7954,37.4688, 213.6,11797,-54.7,-75.6,-70.9,  6, 10, 0.01,330,12.4
2026-03-20 23:43:00,-99.7954,37.4687, 213.5,11800,-54.8,-75.7,-71.0,  6, 10, 0.01,330,12.4
2026-03-20 23:43:01,-99.7953,37.4686, 213.4,11803,-54.8,-75.7,-71.0,  6, 10, 0.01,330,12.3
2026-03-20 23:43:02,-99.7952,37.4685, 213.3,11806,-54.8,-75.8,-71.1,  6, 10, 0.01,331,12.3
2026-03-20 23:43:03,-99.7952,37.4684, 213.2,11809,-54.8,-75.9,-71.2,  6, 10, 0.01,331,12.2
2026-03-20 23:43:04,-99.7951,37.4683, 213.1,11813,-54.9,-76.0,-71.3,  6, 10, 0.01,331,12.2
2026-03-20 23:43:05,-99.7951,37.4682, 213.0,11817,-54.9,-76.1,-71.4,  6, 10, 0.01,331,12.1
2026-03-20 23:43:06,-99.7950,37.4681, 212.8,11821,-54.9,-76.2,-71.5,  6, 10, 0.01,331,12.1
2026-03-20 23:43:07,-99.7949,37.4680, 212.7,11825,-54.9,-76.3,-71.6,  6, 10, 0.01,331,12.1
2026-03-20 23:43:08,-99.7948,37.4679, 212.5,11830,-54.9,-76.5,-71.7,  6,  9, 0.01,331,12.0
2026-03-20 23:43:09,-99.7948,37.4678, 212.4,11833,-54.9,-76.6,-71.8,  5,  9, 0.01,331,12.0
2026-03-20 23:43:10,-99.7947,37.4677, 212.3,11837,-54.9,-76.6,-71.9,  5,  9, 0.01,331,12.0
2026-03-20 23:43:11,-99.7947,37.4676, 212.2,11841,-55.0,-76.7,-71.9,  5,  9, 0.01,331,11.9
2026-03-20 23:43:12,-99.7946,37.4675, 212.0,11845,-55.0,-76.7,-72.0,  5,  9, 0.01,331,11.9
2026-03-20 23:43:13,-99.7945,37.4674, 211.9,11848,-55.0,-76.7,-72.0,  5,  9, 0.01,331,11.9
2026-03-20 23:43:14,-99.7945,37.4673, 211.8,11852,-55.0,-76.7,-72.0,  5,  9, 0.01,331,11.8
2026-03-20 23:43:15,-99.7944,37.4672, 211.7,11856,-55.0,-76.7,-72.0,  5,  9, 0.01,331,11.8
2026-03-20 23:43:16,-99.7943,37.4671, 211.5,11860,-55.1,-76.7,-72.0,  5,  9, 0.01,331,11.8
2026-03-20 23:43:17,-99.7943,37.4671, 211.4,11865,-55.1,-76.7,-71.9,  6,  9, 0.01,331,11.8
2026-03-20 23:43:18,-99.7942,37.4669, 211.2,11869,-55.1,-76.6,-71.9,  6,  9, 0.01,331,11.8
2026-03-20 23:43:19,-99.7941,37.4669, 211.1,11873,-55.2,-76.6,-71.9,  6, 10, 0.01,331,11.7
2026-03-20 23:43:20,-99.7941,37.4668, 211.0,11877,-55.2,-76.6,-71.9,  6, 10, 0.01,331,11.7
2026-03-20 23:43:21,-99.7940,37.4667, 210.9,11880,-55.3,-76.6,-71.8,  6, 10, 0.01,331,11.7
2026-03-20 23:43:22,-99.7940,37.4666, 210.7,11884,-55.3,-76.5,-71.8,  6, 10, 0.01,331,11.7
2026-03-20 23:43:23,-99.7939,37.4665, 210.6,11888,-55.3,-76.5,-71.8,  6, 10, 0.01,331,11.7
2026-03-20 23:43:24,-99.7938,37.4664, 210.5,11891,-55.3,-76.6,-71.8,  6, 10, 0.01,331,11.7
2026-03-20 23:43:25,-99.7937,37.4663, 210.4,11895,-55.4,-76.6,-71.9,  6, 10, 0.01,331,11.7
2026-03-20 23:43:26,-99.7937,37.4663, 210.3,11899,-55.4,-76.7,-72.0,  6, 10, 0.01,331,11.8
2026-03-20 23:43:27,-99.7936,37.4662, 210.1,11902,-55.4,-76.8,-72.1,  6, 10, 0.01,331,11.8
2026-03-20 23:43:28,-99.7935,37.4661, 210.0,11906,-55.4,-76.9,-72.1,  6, 10, 0.01,331,11.8
2026-03-20 23:43:29,-99.7935,37.4660, 209.9,11909,-55.3,-76.9,-72.2,  5,  9, 0.01,331,11.8
2026-03-20 23:43:30,-99.7934,37.4659, 209.8,11913,-55.2,-77.0,-72.3,  5,  9, 0.01,331,11.9
2026-03-20 23:43:31,-99.7933,37.4658, 209.7,11917,-55.2,-77.2,-72.5,  5,  9, 0.01,331,11.9
2026-03-20 23:43:32,-99.7933,37.4657, 209.5,11921,-55.1,-77.3,-72.6,  5,  9, 0.01,331,11.9
2026-03-20 23:43:33,-99.7932,37.4656, 209.4,11925,-55.1,-77.6,-72.8,  5,  8, 0.01,331,12.0
2026-03-20 23:43:34,-99.7931,37.4655, 209.3,11929,-55.1,-77.8,-73.1,  5,  8, 0.00,331,12.0
2026-03-20 23:43:35,-99.7931,37.4654, 209.1,11933,-55.1,-78.1,-73.3,  4,  8, 0.00,331,12.1
2026-03-20 23:43:36,-99.7930,37.4653, 209.0,11937,-55.1,-78.3,-73.6,  4,  7, 0.00,332,12.1
2026-03-20 23:43:37,-99.7930,37.4652, 208.9,11941,-55.1,-78.6,-73.8,  4,  7, 0.00,332,12.2
2026-03-20 23:43:38,-99.7929,37.4651, 208.7,11945,-55.1,-78.8,-74.0,  4,  7, 0.00,332,12.2
2026-03-20 23:43:39,-99.7929,37.4650, 208.6,11949,-55.1,-78.9,-74.2,  4,  7, 0.00,332,12.3
2026-03-20 23:43:40,-99.7928,37.4649, 208.5,11953,-55.1,-79.0,-74.3,  4,  7, 0.00,332,12.4
2026-03-20 23:43:41,-99.7927,37.4648, 208.3,11957,-55.1,-79.0,-74.3,  4,  7, 0.00,332,12.4
2026-03-20 23:43:42,-99.7927,37.4647, 208.2,11961,-55.2,-79.1,-74.3,  4,  7, 0.00,332,12.5
2026-03-20 23:43:43,-99.7926,37.4646, 208.1,11965,-55.2,-79.1,-74.3,  4,  7, 0.00,332,12.6
2026-03-20 23:43:44,-99.7925,37.4645, 207.9,11969,-55.2,-79.1,-74.3,  4,  7, 0.00,332,12.6
2026-03-20 23:43:45,-99.7925,37.4644, 207.8,11974,-55.2,-79.0,-74.3,  4,  7, 0.00,333,12.7
2026-03-20 23:43:46,-99.7924,37.4643, 207.7,11978,-55.2,-79.0,-74.3,  4,  7, 0.00,333,12.8
2026-03-20 23:43:47,-99.7923,37.4642, 207.5,11982,-55.3,-79.0,-74.2,  4,  7, 0.00,333,12.8
2026-03-20 23:43:48,-99.7923,37.4641, 207.4,11986,-55.3,-79.0,-74.2,  4,  7, 0.00,333,12.9
2026-03-20 23:43:49,-99.7922,37.4640, 207.3,11990,-55.3,-78.9,-74.2,  4,  7, 0.00,333,13.0
2026-03-20 23:43:50,-99.7921,37.4639, 207.1,11994,-55.3,-78.9,-74.2,  4,  7, 0.00,333,13.0
2026-03-20 23:43:51,-99.7920,37.4638, 207.0,11998,-55.3,-78.9,-74.2,  4,  7, 0.00,333,13.1
2026-03-20 23:43:52,-99.7920,37.4637, 206.9,12002,-55.3,-78.9,-74.2,  4,  7, 0.00,333,13.2
2026-03-20 23:43:53,-99.7919,37.4636, 206.8,12006,-55.3,-78.9,-74.2,  4,  7, 0.00,333,13.2
2026-03-20 23:43:54,-99.7918,37.4635, 206.6,12010,-55.4,-78.9,-74.2,  4,  7, 0.00,334,13.3
2026-03-20 23:43:55,-99.7917,37.4634, 206.5,12014,-55.4,-78.9,-74.2,  4,  7, 0.00,334,13.3
2026-03-20 23:43:56,-99.7917,37.4633, 206.4,12017,-55.5,-78.9,-74.2,  4,  7, 0.00,334,13.4
2026-03-20 23:43:57,-99.7916,37.4632, 206.2,12021,-55.5,-78.9,-74.2,  4,  7, 0.00,334,13.5
2026-03-20 23:43:58,-99.7915,37.4631, 206.1,12026,-55.6,-78.9,-74.2,  4,  7, 0.00,334,13.5
2026-03-20 23:43:59,-99.7915,37.4629, 206.0,12030,-55.6,-78.9,-74.2,  4,  7, 0.00,334,13.6
2026-03-20 23:44:00,-99.7914,37.4628, 205.8,12034,-55.6,-78.9,-74.2,  4,  7, 0.00,334,13.6
2026-03-20 23:44:01,-99.7914,37.4627, 205.7,12038,-55.7,-78.9,-74.2,  4,  7, 0.00,334,13.7
2026-03-20 23:44:02,-99.7913,37.4626, 205.6,12042,-55.7,-78.9,-74.2,  4,  7, 0.00,334,13.7
2026-03-20 23:44:03,-99.7912,37.4625, 205.4,12046,-55.7,-78.9,-74.2,  4,  7, 0.00,335,13.8
2026-03-20 23:44:04,-99.7912,37.4624, 205.3,12050,-55.7,-78.9,-74.2,  4,  7, 0.00,335,13.9
2026-03-20 23:44:05,-99.7911,37.4623, 205.2,12054,-55.7,-78.9,-74.2,  4,  7, 0.00,335,13.9
2026-03-20 23:44:06,-99.7911,37.4622, 205.1,12058,-55.7,-78.9,-74.1,  4,  7, 0.00,335,14.0
2026-03-20 23:44:07,-99.7910,37.4620, 204.9,12062,-55.8,-78.9,-74.1,  4,  7, 0.00,335,14.0
2026-03-20 23:44:08,-99.7909,37.4619, 204.8,12066,-55.8,-78.9,-74.1,  4,  7, 0.00,335,14.1
2026-03-20 23:44:09,-99.7909,37.4618, 204.7,12070,-55.8,-78.9,-74.1,  4,  7, 0.00,335,14.1
2026-03-20 23:44:10,-99.7908,37.4617, 204.5,12074,-55.9,-78.9,-74.1,  4,  7, 0.00,335,14.2
2026-03-20 23:44:11,-99.7907,37.4616, 204.4,12079,-55.9,-78.9,-74.1,  4,  7, 0.00,335,14.2
2026-03-20 23:44:12,-99.7907,37.4615, 204.3,12083,-55.9,-78.9,-74.1,  4,  7, 0.00,335,14.3
2026-03-20 23:44:13,-99.7906,37.4614, 204.1,12088,-55.9,-78.9,-74.1,  4,  8, 0.00,335,14.3
2026-03-20 23:44:14,-99.7905,37.4612, 204.0,12091,-56.0,-78.8,-74.1,  4,  8, 0.00,335,14.4
2026-03-20 23:44:15,-99.7904,37.4611, 203.9,12095,-56.0,-78.8,-74.1,  4,  8, 0.00,335,14.4
2026-03-20 23:44:16,-99.7903,37.4610, 203.8,12099,-56.0,-78.8,-74.1,  4,  8, 0.00,335,14.4
2026-03-20 23:44:17,-99.7903,37.4609, 203.6,12102,-56.0,-78.8,-74.0,  4,  8, 0.00,335,14.5
2026-03-20 23:44:18,-99.7902,37.4608, 203.5,12106,-56.0,-78.8,-74.0,  4,  8, 0.00,335,14.5
2026-03-20 23:44:19,-99.7901,37.4607, 203.4,12110,-56.1,-78.8,-74.0,  4,  8, 0.00,335,14.5
2026-03-20 23:44:20,-99.7901,37.4606, 203.3,12114,-56.1,-78.8,-74.0,  5,  8, 0.00,334,14.5
2026-03-20 23:44:21,-99.7900,37.4605, 203.2,12117,-56.1,-78.8,-74.0,  5,  8, 0.00,334,14.5
2026-03-20 23:44:22,-99.7899,37.4603, 203.0,12121,-56.2,-78.8,-74.0,  5,  8, 0.00,334,14.5
2026-03-20 23:44:23,-99.7899,37.4602, 202.9,12124,-56.2,-78.8,-74.0,  5,  8, 0.00,334,14.6
2026-03-20 23:44:24,-99.7898,37.4600, 202.8,12127,-56.2,-78.8,-74.1,  5,  8, 0.00,334,14.6
2026-03-20 23:44:25,-99.7897,37.4599, 202.7,12131,-56.2,-78.8,-74.1,  5,  8, 0.00,333,14.6
2026-03-20 23:44:26,-99.7897,37.4597, 202.6,12135,-56.2,-78.9,-74.1,  5,  8, 0.00,333,14.6
2026-03-20 23:44:27,-99.7896,37.4596, 202.5,12139,-56.3,-78.9,-74.2,  4,  8, 0.00,333,14.6
2026-03-20 23:44:28,-99.7895,37.4595, 202.3,12143,-56.2,-79.0,-74.2,  4,  8, 0.00,332,14.6
2026-03-20 23:44:29,-99.7894,37.4594, 202.2,12147,-56.2,-79.0,-74.2,  4,  8, 0.00,332,14.6
2026-03-20 23:44:30,-99.7894,37.4593, 202.1,12151,-56.1,-79.0,-74.2,  4,  8, 0.00,332,14.6
2026-03-20 23:44:31,-99.7893,37.4592, 201.9,12155,-56.1,-78.9,-74.2,  4,  8, 0.00,331,14.6
2026-03-20 23:44:32,-99.7892,37.4591, 201.8,12159,-56.1,-78.9,-74.2,  4,  8, 0.00,331,14.6
2026-03-20 23:44:33,-99.7892,37.4590, 201.7,12163,-56.1,-79.0,-74.2,  4,  8, 0.00,331,14.6
2026-03-20 23:44:34,-99.7891,37.4588, 201.6,12167,-56.1,-79.0,-74.2,  4,  8, 0.00,330,14.6
2026-03-20 23:44:35,-99.7890,37.4587, 201.5,12171,-56.1,-79.0,-74.3,  4,  7, 0.00,330,14.6
2026-03-20 23:44:36,-99.7890,37.4586, 201.3,12175,-56.1,-79.1,-74.3,  4,  7, 0.00,329,14.6
2026-03-20 23:44:37,-99.7889,37.4585, 201.2,12179,-56.1,-79.1,-74.4,  4,  7, 0.00,329,14.6
2026-03-20 23:44:38,-99.7888,37.4584, 201.1,12183,-56.1,-79.2,-74.4,  4,  7, 0.00,328,14.6
2026-03-20 23:44:39,-99.7887,37.4583, 200.9,12188,-56.1,-79.2,-74.5,  4,  7, 0.00,328,14.6
2026-03-20 23:44:40,-99.7886,37.4582, 200.8,12192,-56.1,-79.3,-74.5,  4,  7, 0.00,327,14.6
2026-03-20 23:44:41,-99.7885,37.4581, 200.7,12196,-56.1,-79.3,-74.5,  4,  7, 0.00,327,14.6
2026-03-20 23:44:42,-99.7884,37.4580, 200.5,12200,-56.0,-79.3,-74.6,  4,  7, 0.00,327,14.7
2026-03-20 23:44:43,-99.7883,37.4579, 200.4,12204,-56.0,-79.3,-74.6,  4,  7, 0.00,326,14.7
2026-03-20 23:44:44,-99.7882,37.4578, 200.3,12209,-56.0,-79.4,-74.6,  4,  7, 0.00,326,14.7
2026-03-20 23:44:45,-99.7881,37.4577, 200.1,12213,-56.0,-79.4,-74.6,  4,  7, 0.00,325,14.7
2026-03-20 23:44:46,-99.7880,37.4576, 200.0,12217,-56.0,-79.4,-74.6,  4,  7, 0.00,325,14.7
2026-03-20 23:44:47,-99.7879,37.4574, 199.9,12222,-55.9,-79.4,-74.6,  4,  7, 0.00,324,14.8
2026-03-20 23:44:48,-99.7878,37.4573, 199.7,12226,-55.9,-79.4,-74.6,  4,  7, 0.00,324,14.8
2026-03-20 23:44:49,-99.7877,37.4572, 199.6,12230,-55.9,-79.4,-74.7,  4,  7, 0.00,324,14.9
2026-03-20 23:44:50,-99.7876,37.4571, 199.5,12234,-56.0,-79.4,-74.7,  4,  7, 0.00,323,14.9
2026-03-20 23:44:51,-99.7875,37.4570, 199.3,12238,-56.0,-79.4,-74.7,  4,  7, 0.00,323,14.9
2026-03-20 23:44:52,-99.7874,37.4569, 199.2,12242,-56.0,-79.4,-74.7,  4,  7, 0.00,323,14.9
2026-03-20 23:44:53,-99.7873,37.4568, 199.1,12246,-56.0,-79.4,-74.7,  4,  7, 0.00,322,14.9
2026-03-20 23:44:54,-99.7872,37.4567, 199.0,12250,-56.1,-79.4,-74.7,  4,  7, 0.00,322,15.0
2026-03-20 23:44:55,-99.7871,37.4566, 198.8,12254,-56.1,-79.5,-74.7,  4,  7, 0.00,322,15.0
2026-03-20 23:44:56,-99.7870,37.4564, 198.7,12258,-56.1,-79.5,-74.7,  4,  7, 0.00,321,15.0
2026-03-20 23:44:57,-99.7869,37.4564, 198.6,12262,-56.2,-79.5,-74.8,  4,  7, 0.00,321,15.0
2026-03-20 23:44:58,-99.7868,37.4562, 198.5,12266,-56.2,-79.5,-74.8,  4,  7, 0.00,321,15.0
2026-03-20 23:44:59,-99.7867,37.4562, 198.3,12270,-56.3,-79.5,-74.8,  4,  7, 0.00,321,15.0
2026-03-20 23:45:00,-99.7865,37.4560, 198.2,12274,-56.3,-79.5,-74.8,  4,  7, 0.00,320,15.0
2026-03-20 23:45:01,-99.7864,37.4560, 198.1,12278,-56.3,-79.5,-74.8,  4,  7, 0.00,320,15.0
2026-03-20 23:45:02,-99.7863,37.4558, 198.0,12282,-56.3,-79.5,-74.8,  4,  7, 0.00,320,15.0
2026-03-20 23:45:03,-99.7862,37.4557, 197.8,12286,-56.4,-79.5,-74.7,  4,  7, 0.00,320,15.0
2026-03-20 23:45:04,-99.7861,37.4556, 197.7,12289,-56.4,-79.5,-74.7,  4,  7, 0.00,320,15.0
2026-03-20 23:45:05,-99.7860,37.4555, 197.6,12293,-56.4,-79.5,-74.8,  4,  7, 0.00,320,14.9
2026-03-20 23:45:06,-99.7859,37.4554, 197.5,12297,-56.4,-79.5,-74.8,  4,  7, 0.00,319,14.9
2026-03-20 23:45:07,-99.7858,37.4553, 197.4,12300,-56.5,-79.5,-74.8,  4,  7, 0.00,319,14.9
2026-03-20 23:45:08,-99.7856,37.4552, 197.3,12304,-56.5,-79.6,-74.8,  4,  7, 0.00,319,14.9
2026-03-20 23:45:09,-99.7855,37.4552, 197.1,12308,-56.5,-79.6,-74.8,  4,  7, 0.00,319,14.9
2026-03-20 23:45:10,-99.7854,37.4550, 197.0,12312,-56.5,-79.6,-74.8,  4,  7, 0.00,319,14.9
2026-03-20 23:45:11,-99.7853,37.4549, 196.9,12315,-56.5,-79.6,-74.9,  4,  7, 0.00,319,14.9
2026-03-20 23:45:12,-99.7852,37.4549, 196.8,12319,-56.5,-79.6,-74.9,  4,  7, 0.00,319,14.8
2026-03-20 23:45:13,-99.7851,37.4548, 196.7,12323,-56.5,-79.6,-74.9,  4,  7, 0.00,319,14.8
2026-03-20 23:45:14,-99.7849,37.4547, 196.6,12326,-56.5,-79.6,-74.9,  4,  7, 0.00,319,14.8
2026-03-20 23:45:15,-99.7848,37.4546, 196.5,12330,-56.5,-79.6,-74.9,  4,  7, 0.00,319,14.8
2026-03-20 23:45:16,-99.7848,37.4545, 196.4,12334,-56.6,-79.6,-74.9,  4,  7, 0.00,319,14.8
2026-03-20 23:45:17,-99.7847,37.4544, 196.2,12337,-56.6,-79.6,-74.9,  4,  7, 0.00,319,14.8
2026-03-20 23:45:18,-99.7846,37.4543, 196.1,12341,-56.6,-79.6,-74.9,  4,  7, 0.00,319,14.7
2026-03-20 23:45:19,-99.7845,37.4541, 196.0,12345,-56.6,-79.6,-74.9,  4,  7, 0.00,319,14.7
2026-03-20 23:45:20,-99.7844,37.4540, 195.9,12349,-56.6,-79.7,-74.9,  4,  7, 0.00,319,14.7
2026-03-20 23:45:21,-99.7842,37.4539, 195.7,12353,-56.7,-79.7,-75.0,  4,  7, 0.00,319,14.7
2026-03-20 23:45:22,-99.7841,37.4538, 195.6,12357,-56.7,-79.7,-75.0,  4,  7, 0.00,319,14.7
2026-03-20 23:45:23,-99.7840,37.4537, 195.5,12361,-56.7,-79.8,-75.0,  4,  7, 0.00,319,14.6
2026-03-20 23:45:24,-99.7839,37.4537, 195.4,12365,-56.7,-79.8,-75.1,  4,  7, 0.00,318,14.6
2026-03-20 23:45:25,-99.7838,37.4536, 195.3,12369,-56.7,-79.8,-75.1,  4,  7, 0.00,318,14.6
2026-03-20 23:45:26,-99.7837,37.4535, 195.1,12373,-56.7,-79.9,-75.1,  4,  7, 0.00,318,14.6
2026-03-20 23:45:27,-99.7836,37.4534, 195.0,12377,-56.7,-79.9,-75.1,  4,  7, 0.00,318,14.6
2026-03-20 23:45:28,-99.7835,37.4533, 194.9,12382,-56.8,-79.9,-75.1,  4,  7, 0.00,318,14.5
2026-03-20 23:45:29,-99.7833,37.4532, 194.8,12386,-56.8,-79.9,-75.1,  4,  7, 0.00,318,14.5
2026-03-20 23:45:30,-99.7832,37.4531, 194.6,12390,-56.8,-79.9,-75.1,  4,  7, 0.00,318,14.5
2026-03-20 23:45:31,-99.7831,37.4530, 194.5,12393,-56.8,-79.9,-75.1,  4,  7, 0.00,318,14.5
2026-03-20 23:45:32,-99.7830,37.4529, 194.4,12397,-56.9,-79.9,-75.1,  4,  7, 0.00,318,14.4
2026-03-20 23:45:33,-99.7829,37.4528, 194.3,12401,-56.9,-79.9,-75.1,  4,  7, 0.00,318,14.4
2026-03-20 23:45:34,-99.7828,37.4527, 194.2,12405,-56.9,-79.9,-75.2,  4,  7, 0.00,318,14.4
2026-03-20 23:45:35,-99.7827,37.4526, 194.0,12409,-57.0,-79.9,-75.2,  4,  7, 0.00,317,14.4
2026-03-20 23:45:36,-99.7826,37.4525, 193.9,12413,-57.0,-79.9,-75.2,  4,  7, 0.00,317,14.4
2026-03-20 23:45:37,-99.7825,37.4524, 193.8,12417,-57.0,-79.9,-75.2,  4,  7, 0.00,317,14.4
2026-03-20 23:45:38,-99.7824,37.4523, 193.7,12420,-57.0,-79.9,-75.2,  4,  7, 0.00,317,14.4
2026-03-20 23:45:39,-99.7823,37.4522, 193.6,12424,-57.1,-79.9,-75.2,  4,  7, 0.00,317,14.4
2026-03-20 23:45:40,-99.7822,37.4521, 193.4,12428,-57.1,-80.0,-75.2,  4,  7, 0.00,317,14.4
2026-03-20 23:45:41,-99.7821,37.4520, 193.3,12433,-57.1,-80.0,-75.3,  4,  7, 0.00,317,14.4
2026-03-20 23:45:42,-99.7819,37.4519, 193.2,12437,-57.1,-80.0,-75.3,  4,  7, 0.00,316,14.4
2026-03-20 23:45:43,-99.7818,37.4518, 193.0,12442,-57.1,-80.1,-75.3,  4,  7, 0.00,316,14.4
2026-03-20 23:45:44,-99.7817,37.4517, 192.9,12447,-57.1,-80.1,-75.4,  4,  7, 0.00,316,14.4
2026-03-20 23:45:45,-99.7816,37.4517, 192.8,12451,-57.1,-80.1,-75.4,  4,  7, 0.00,316,14.4
2026-03-20 23:45:46,-99.7815,37.4516, 192.6,12455,-57.2,-80.2,-75.4,  4,  7, 0.00,316,14.4
2026-03-20 23:45:47,-99.7814,37.4515, 192.5,12460,-57.2,-80.2,-75.4,  4,  7, 0.00,316,14.4
2026-03-20 23:45:48,-99.7813,37.4514, 192.4,12464,-57.2,-80.2,-75.4,  4,  7, 0.00,316,14.5
2026-03-20 23:45:49,-99.7812,37.4513, 192.2,12469,-57.2,-80.2,-75.4,  4,  7, 0.00,316,14.5
2026-03-20 23:45:50,-99.7810,37.4512, 192.1,12473,-57.2,-80.2,-75.4,  4,  7, 0.00,316,14.5
2026-03-20 23:45:51,-99.7809,37.4511, 191.9,12477,-57.3,-80.2,-75.5,  4,  7, 0.00,316,14.6
2026-03-20 23:45:52,-99.7808,37.4510, 191.8,12481,-57.3,-80.2,-75.5,  4,  7, 0.00,316,14.6
2026-03-20 23:45:53,-99.7807,37.4509, 191.7,12485,-57.3,-80.3,-75.5,  4,  7, 0.00,316,14.6
2026-03-20 23:45:54,-99.7805,37.4509, 191.6,12489,-57.3,-80.3,-75.5,  4,  7, 0.00,316,14.7
2026-03-20 23:45:55,-99.7804,37.4508, 191.5,12493,-57.3,-80.3,-75.5,  4,  7, 0.00,316,14.7
2026-03-20 23:45:56,-99.7803,37.4507, 191.3,12497,-57.4,-80.3,-75.5,  4,  7, 0.00,316,14.8
2026-03-20 23:45:57,-99.7802,37.4506, 191.2,12501,-57.4,-80.3,-75.5,  4,  7, 0.00,316,14.8
2026-03-20 23:45:58,-99.7801,37.4505, 191.1,12506,-57.4,-80.3,-75.5,  4,  7, 0.00,317,14.8
2026-03-20 23:45:59,-99.7800,37.4504, 191.0,12510,-57.4,-80.3,-75.5,  4,  7, 0.00,317,14.9
2026-03-20 23:46:00,-99.7799,37.4503, 190.8,12514,-57.4,-80.3,-75.5,  4,  7, 0.00,317,14.9
2026-03-20 23:46:01,-99.7797,37.4502, 190.7,12518,-57.4,-80.3,-75.6,  4,  7, 0.00,317,14.9
2026-03-20 23:46:02,-99.7796,37.4501, 190.6,12522,-57.5,-80.3,-75.6,  4,  7, 0.00,317,15.0
2026-03-20 23:46:03,-99.7795,37.4500, 190.5,12526,-57.5,-80.3,-75.6,  4,  7, 0.00,318,15.0
2026-03-20 23:46:04,-99.7794,37.4499, 190.4,12530,-57.5,-80.4,-75.6,  4,  7, 0.00,318,15.0
2026-03-20 23:46:05,-99.7793,37.4498, 190.2,12534,-57.5,-80.4,-75.7,  4,  7, 0.00,318,15.0
2026-03-20 23:46:06,-99.7792,37.4497, 190.1,12538,-57.5,-80.4,-75.7,  4,  7, 0.00,318,15.1
2026-03-20 23:46:07,-99.7790,37.4496, 190.0,12542,-57.6,-80.5,-75.7,  4,  7, 0.00,318,15.1
2026-03-20 23:46:08,-99.7789,37.4495, 189.9,12546,-57.6,-80.5,-75.7,  4,  7, 0.00,319,15.1
2026-03-20 23:46:09,-99.7788,37.4494, 189.8,12549,-57.6,-80.5,-75.7,  4,  7, 0.00,319,15.1
2026-03-20 23:46:10,-99.7787,37.4492, 189.7,12553,-57.6,-80.5,-75.8,  4,  7, 0.00,319,15.2
2026-03-20 23:46:11,-99.7786,37.4491, 189.5,12557,-57.6,-80.5,-75.8,  4,  7, 0.00,319,15.2
2026-03-20 23:46:12,-99.7785,37.4490, 189.4,12561,-57.6,-80.6,-75.8,  4,  7, 0.00,320,15.2
2026-03-20 23:46:13,-99.7784,37.4489, 189.3,12565,-57.6,-80.6,-75.8,  4,  7, 0.00,320,15.2
2026-03-20 23:46:14,-99.7783,37.4488, 189.2,12569,-57.7,-80.6,-75.9,  4,  7, 0.00,320,15.2
2026-03-20 23:46:15,-99.7782,37.4487, 189.0,12573,-57.7,-80.6,-75.9,  4,  7, 0.00,321,15.3
2026-03-20 23:46:16,-99.7781,37.4486, 188.9,12578,-57.7,-80.6,-75.9,  4,  7, 0.00,321,15.3
2026-03-20 23:46:17,-99.7780,37.4485, 188.8,12582,-57.7,-80.6,-75.9,  4,  7, 0.00,321,15.3
2026-03-20 23:46:18,-99.7778,37.4484, 188.7,12586,-57.7,-80.6,-75.9,  4,  7, 0.00,321,15.3
2026-03-20 23:46:19,-99.7777,37.4483, 188.6,12589,-57.7,-80.6,-75.9,  4,  7, 0.00,322,15.3
2026-03-20 23:46:20,-99.7776,37.4482, 188.5,12593,-57.7,-80.6,-75.9,  4,  7, 0.00,322,15.4
2026-03-20 23:46:21,-99.7775,37.4481, 188.3,12597,-57.8,-80.7,-75.9,  4,  7, 0.00,322,15.4
2026-03-20 23:46:22,-99.7774,37.4480, 188.2,12601,-57.8,-80.7,-75.9,  4,  7, 0.00,323,15.4
2026-03-20 23:46:23,-99.7773,37.4479, 188.1,12605,-57.8,-80.7,-76.0,  4,  7, 0.00,323,15.4
2026-03-20 23:46:24,-99.7772,37.4478, 188.0,12609,-57.8,-80.8,-76.0,  4,  7, 0.00,323,15.5
2026-03-20 23:46:25,-99.7771,37.4477, 187.9,12613,-57.8,-80.8,-76.1,  4,  7, 0.00,323,15.5
2026-03-20 23:46:26,-99.7770,37.4476, 187.7,12618,-57.8,-80.9,-76.2,  4,  7, 0.00,324,15.5
2026-03-20 23:46:27,-99.7769,37.4474, 187.6,12622,-57.8,-81.0,-76.2,  4,  7, 0.00,324,15.5
2026-03-20 23:46:28,-99.7768,37.4473, 187.5,12626,-57.8,-81.0,-76.3,  4,  7, 0.00,324,15.6
2026-03-20 23:46:29,-99.7767,37.4472, 187.4,12630,-57.8,-81.1,-76.3,  4,  7, 0.00,324,15.6
2026-03-20 23:46:30,-99.7766,37.4471, 187.2,12634,-57.8,-81.2,-76.4,  4,  7, 0.00,325,15.6
2026-03-20 23:46:31,-99.7765,37.4470, 187.1,12638,-57.8,-81.2,-76.5,  4,  7, 0.00,325,15.6
2026-03-20 23:46:32,-99.7764,37.4468, 187.0,12642,-57.9,-81.3,-76.5,  4,  7, 0.00,325,15.7
2026-03-20 23:46:33,-99.7763,37.4467, 186.9,12645,-57.9,-81.3,-76.5,  4,  7, 0.00,325,15.7
2026-03-20 23:46:34,-99.7762,37.4466, 186.8,12649,-57.9,-81.3,-76.6,  4,  7, 0.00,326,15.7
2026-03-20 23:46:35,-99.7761,37.4465, 186.7,12652,-57.9,-81.3,-76.6,  4,  7, 0.00,326,15.7
2026-03-20 23:46:36,-99.7760,37.4464, 186.6,12656,-58.0,-81.4,-76.6,  4,  7, 0.00,326,15.7
2026-03-20 23:46:37,-99.7759,37.4462, 186.5,12661,-58.0,-81.4,-76.6,  4,  7, 0.00,326,15.7
2026-03-20 23:46:38,-99.7758,37.4461, 186.3,12665,-58.0,-81.3,-76.6,  4,  7, 0.00,326,15.7
2026-03-20 23:46:39,-99.7757,37.4460, 186.2,12669,-58.0,-81.3,-76.6,  4,  7, 0.00,326,15.7
2026-03-20 23:46:40,-99.7756,37.4459, 186.1,12673,-57.9,-81.3,-76.5,  4,  7, 0.00,327,15.7
2026-03-20 23:46:41,-99.7755,37.4458, 186.0,12677,-57.9,-81.3,-76.5,  4,  7, 0.00,327,15.7
2026-03-20 23:46:42,-99.7754,37.4456, 185.9,12681,-58.0,-81.3,-76.6,  4,  7, 0.00,327,15.7
2026-03-20 23:46:43,-99.7753,37.4455, 185.7,12685,-58.0,-81.3,-76.6,  4,  7, 0.00,327,15.7
2026-03-20 23:46:44,-99.7752,37.4454, 185.6,12690,-58.0,-81.3,-76.6,  4,  7, 0.00,327,15.7
2026-03-20 23:46:45,-99.7751,37.4453, 185.5,12694,-58.0,-81.3,-76.6,  4,  7, 0.00,327,15.7
2026-03-20 23:46:46,-99.7751,37.4452, 185.3,12699,-58.0,-81.3,-76.6,  4,  7, 0.00,327,15.7
2026-03-20 23:46:47,-99.7750,37.4450, 185.2,12703,-58.0,-81.3,-76.6,  4,  7, 0.00,327,15.6
2026-03-20 23:46:48,-99.7749,37.4449, 185.1,12708,-58.0,-81.4,-76.6,  4,  7, 0.00,327,15.6
2026-03-20 23:46:49,-99.7748,37.4448, 184.9,12712,-58.0,-81.4,-76.6,  4,  7, 0.00,327,15.6
2026-03-20 23:46:50,-99.7747,37.4447, 184.8,12717,-58.1,-81.4,-76.7,  4,  7, 0.00,326,15.5
2026-03-20 23:46:51,-99.7746,37.4445, 184.6,12722,-58.1,-81.4,-76.7,  4,  7, 0.00,326,15.5
2026-03-20 23:46:52,-99.7745,37.4444, 184.5,12727,-58.1,-81.4,-76.6,  4,  7, 0.00,326,15.5
2026-03-20 23:46:53,-99.7744,37.4443, 184.4,12731,-58.1,-81.4,-76.6,  4,  7, 0.00,326,15.4
2026-03-20 23:46:54,-99.7743,37.4442, 184.3,12735,-58.2,-81.3,-76.6,  4,  7, 0.00,326,15.4
2026-03-20 23:46:55,-99.7742,37.4441, 184.1,12739,-58.2,-81.3,-76.5,  4,  7, 0.00,326,15.4
2026-03-20 23:46:56,-99.7741,37.4440, 184.0,12743,-58.3,-81.3,-76.5,  4,  7, 0.00,326,15.3
2026-03-20 23:46:57,-99.7740,37.4438, 183.9,12747,-58.3,-81.2,-76.5,  4,  7, 0.00,325,15.3
2026-03-20 23:46:58,-99.7739,37.4437, 183.8,12751,-58.3,-81.2,-76.4,  4,  7, 0.00,325,15.2
2026-03-20 23:46:59,-99.7738,37.4436, 183.7,12756,-58.3,-81.2,-76.4,  4,  7, 0.00,325,15.2
2026-03-20 23:47:00,-99.7737,37.4435, 183.5,12760,-58.2,-81.1,-76.3,  4,  7, 0.00,325,15.2
2026-03-20 23:47:01,-99.7736,37.4434, 183.4,12764,-58.2,-81.0,-76.2,  4,  7, 0.00,325,15.1
2026-03-20 23:47:02,-99.7735,37.4433, 183.3,12768,-58.1,-80.9,-76.1,  4,  7, 0.00,324,15.1
2026-03-20 23:47:03,-99.7734,37.4432, 183.2,12772,-58.0,-80.7,-76.0,  4,  7, 0.00,324,15.1
2026-03-20 23:47:04,-99.7733,37.4431, 183.0,12777,-58.0,-80.6,-75.9,  4,  7, 0.00,324,15.0
2026-03-20 23:47:05,-99.7732,37.4430, 182.9,12781,-57.9,-80.6,-75.8,  4,  8, 0.00,324,15.0
2026-03-20 23:47:06,-99.7731,37.4429, 182.8,12786,-58.0,-80.5,-75.7,  4,  8, 0.00,324,15.0
2026-03-20 23:47:07,-99.7730,37.4428, 182.7,12790,-58.0,-80.4,-75.6,  4,  8, 0.00,324,15.0
2026-03-20 23:47:08,-99.7729,37.4427, 182.5,12795,-58.1,-80.3,-75.5,  5,  8, 0.00,323,14.9
2026-03-20 23:47:09,-99.7728,37.4426, 182.4,12799,-58.1,-80.2,-75.5,  5,  8, 0.00,323,14.9
2026-03-20 23:47:10,-99.7727,37.4425, 182.3,12804,-58.1,-80.1,-75.4,  5,  8, 0.00,323,14.9
2026-03-20 23:47:11,-99.7726,37.4424, 182.1,12808,-58.1,-80.0,-75.3,  5,  8, 0.00,323,14.9
2026-03-20 23:47:12,-99.7725,37.4423, 182.0,12812,-58.1,-80.0,-75.2,  5,  8, 0.00,323,14.9
2026-03-20 23:47:13,-99.7724,37.4422, 181.9,12817,-58.2,-79.9,-75.2,  5,  9, 0.00,323,14.9
2026-03-20 23:47:14,-99.7723,37.4421, 181.8,12821,-58.2,-79.8,-75.1,  5,  9, 0.00,323,14.9
2026-03-20 23:47:15,-99.7722,37.4420, 181.6,12826,-58.2,-79.8,-75.0,  5,  9, 0.00,323,15.0
2026-03-20 23:47:16,-99.7721,37.4419, 181.5,12831,-58.3,-79.7,-75.0,  5,  9, 0.00,323,15.0
2026-03-20 23:47:17,-99.7720,37.4418, 181.3,12835,-58.3,-79.6,-74.9,  5,  9, 0.00,323,15.0
2026-03-20 23:47:18,-99.7719,37.4417, 181.2,12840,-58.3,-79.6,-74.9,  5,  9, 0.00,323,15.0
2026-03-20 23:47:19,-99.7718,37.4415, 181.1,12844,-58.3,-79.6,-74.8,  5,  9, 0.00,323,15.1
2026-03-20 23:47:20,-99.7717,37.4414, 181.0,12848,-58.3,-79.5,-74.8,  5,  9, 0.00,323,15.1
2026-03-20 23:47:21,-99.7716,37.4413, 180.8,12853,-58.3,-79.5,-74.7,  5,  9, 0.00,323,15.2
2026-03-20 23:47:22,-99.7715,37.4412, 180.7,12857,-58.3,-79.5,-74.7,  5,  9, 0.00,323,15.2
2026-03-20 23:47:23,-99.7714,37.4411, 180.6,12862,-58.3,-79.5,-74.7,  5,  9, 0.00,323,15.3
2026-03-20 23:47:24,-99.7713,37.4410, 180.4,12867,-58.4,-79.5,-74.8,  5,  9, 0.00,323,15.3
2026-03-20 23:47:25,-99.7712,37.4409, 180.3,12871,-58.4,-79.5,-74.8,  5,  9, 0.00,323,15.4
2026-03-20 23:47:26,-99.7711,37.4408, 180.2,12876,-58.4,-79.6,-74.8,  5,  9, 0.00,323,15.5
2026-03-20 23:47:27,-99.7710,37.4407, 180.1,12880,-58.4,-79.6,-74.8,  5,  9, 0.00,323,15.5
2026-03-20 23:47:28,-99.7709,37.4406, 179.9,12885,-58.4,-79.6,-74.9,  5,  9, 0.00,323,15.6
2026-03-20 23:47:29,-99.7708,37.4404, 179.8,12889,-58.4,-79.6,-74.9,  5,  9, 0.00,323,15.7
2026-03-20 23:47:30,-99.7707,37.4403, 179.7,12894,-58.4,-79.7,-74.9,  5,  9, 0.00,323,15.8
2026-03-20 23:47:31,-99.7706,37.4402, 179.6,12898,-58.4,-79.7,-75.0,  5,  9, 0.00,323,15.9
2026-03-20 23:47:32,-99.7705,37.4401, 179.4,12902,-58.5,-79.8,-75.1,  5,  9, 0.00,323,16.0
2026-03-20 23:47:33,-99.7704,37.4400, 179.3,12906,-58.5,-79.9,-75.1,  5,  9, 0.00,323,16.1
2026-03-20 23:47:34,-99.7702,37.4399, 179.2,12910,-58.5,-79.9,-75.2,  5,  9, 0.00,323,16.2
2026-03-20 23:47:35,-99.7701,37.4397, 179.1,12914,-58.5,-80.0,-75.2,  5,  9, 0.00,323,16.3
2026-03-20 23:47:36,-99.7700,37.4396, 179.0,12919,-58.5,-80.0,-75.3,  5,  9, 0.00,323,16.4
2026-03-20 23:47:37,-99.7699,37.4395, 178.8,12923,-58.5,-80.1,-75.3,  5,  9, 0.00,323,16.5
2026-03-20 23:47:38,-99.7698,37.4394, 178.7,12928,-58.5,-80.1,-75.4,  5,  9, 0.00,323,16.6
2026-03-20 23:47:39,-99.7697,37.4393, 178.6,12932,-58.4,-80.2,-75.4,  5,  9, 0.00,323,16.7
2026-03-20 23:47:40,-99.7696,37.4392, 178.5,12936,-58.4,-80.2,-75.4,  5,  8, 0.00,323,16.8
2026-03-20 23:47:41,-99.7695,37.4391, 178.3,12940,-58.4,-80.3,-75.5,  5,  8, 0.00,323,16.9
2026-03-20 23:47:42,-99.7693,37.4389, 178.2,12945,-58.4,-80.3,-75.6,  5,  8, 0.00,323,17.0
2026-03-20 23:47:43,-99.7692,37.4388, 178.1,12949,-58.4,-80.4,-75.6,  5,  8, 0.00,324,17.1
2026-03-20 23:47:44,-99.7691,37.4387, 178.0,12954,-58.4,-80.4,-75.7,  5,  8, 0.00,324,17.2
2026-03-20 23:47:45,-99.7690,37.4385, 177.8,12958,-58.4,-80.5,-75.7,  5,  8, 0.00,324,17.3
2026-03-20 23:47:46,-99.7689,37.4384, 177.7,12963,-58.4,-80.5,-75.8,  5,  8, 0.00,324,17.4
2026-03-20 23:47:47,-99.7688,37.4383, 177.6,12968,-58.4,-80.5,-75.8,  5,  8, 0.00,324,17.4
2026-03-20 23:47:48,-99.7686,37.4382, 177.4,12972,-58.4,-80.6,-75.8,  5,  8, 0.00,324,17.5
2026-03-20 23:47:49,-99.7685,37.4380, 177.3,12977,-58.4,-80.6,-75.8,  4,  8, 0.00,324,17.6
2026-03-20 23:47:50,-99.7684,37.4379, 177.2,12982,-58.4,-80.6,-75.9,  4,  8, 0.00,324,17.7
2026-03-20 23:47:51,-99.7683,37.4378, 177.0,12986,-58.4,-80.6,-75.9,  4,  8, 0.00,324,17.8
2026-03-20 23:47:52,-99.7681,37.4376, 176.9,12991,-58.4,-80.7,-75.9,  4,  8, 0.00,324,17.8
2026-03-20 23:47:53,-99.7680,37.4375, 176.8,12995,-58.4,-80.7,-75.9,  4,  8, 0.00,324,17.9
2026-03-20 23:47:54,-99.7679,37.4374, 176.7,13000,-58.4,-80.7,-76.0,  4,  8, 0.00,325,18.0
2026-03-20 23:47:55,-99.7678,37.4372, 176.5,13004,-58.4,-80.7,-76.0,  4,  8, 0.00,325,18.0
2026-03-20 23:47:56,-99.7677,37.4371, 176.4,13009,-58.5,-80.8,-76.0,  4,  8, 0.00,325,18.1
2026-03-20 23:47:57,-99.7676,37.4370, 176.3,13013,-58.5,-80.8,-76.0,  4,  8, 0.00,325,18.1
2026-03-20 23:47:58,-99.7674,37.4369, 176.2,13018,-58.5,-80.8,-76.1,  4,  8, 0.00,325,18.2
2026-03-20 23:47:59,-99.7673,37.4367, 176.0,13023,-58.6,-80.8,-76.1,  4,  8, 0.00,325,18.2
2026-03-20 23:48:00,-99.7672,37.4366, 175.9,13027,-58.6,-80.8,-76.1,  4,  8, 0.00,325,18.2
2026-03-20 23:48:01,-99.7671,37.4365, 175.8,13031,-58.6,-80.9,-76.1,  4,  8, 0.00,326,18.3
2026-03-20 23:48:02,-99.7669,37.4363, 175.7,13035,-58.6,-80.9,-76.2,  4,  8, 0.00,326,18.3
2026-03-20 23:48:03,-99.7668,37.4362, 175.5,13040,-58.6,-80.9,-76.2,  4,  8, 0.00,326,18.4
2026-03-20 23:48:04,-99.7667,37.4360, 175.4,13044,-58.7,-81.0,-76.2,  4,  8, 0.00,326,18.4
2026-03-20 23:48:05,-99.7666,37.4359, 175.3,13049,-58.7,-81.0,-76.2,  4,  8, 0.00,326,18.4
2026-03-20 23:48:06,-99.7665,37.4357, 175.2,13053,-58.7,-81.0,-76.3,  4,  8, 0.00,326,18.5
2026-03-20 23:48:07,-99.7664,37.4356, 175.0,13058,-58.7,-81.0,-76.3,  4,  8, 0.00,327,18.5
2026-03-20 23:48:08,-99.7663,37.4355, 174.9,13062,-58.7,-81.0,-76.3,  4,  8, 0.00,327,18.6
2026-03-20 23:48:09,-99.7662,37.4353, 174.8,13066,-58.7,-81.0,-76.3,  4,  8, 0.00,327,18.6
2026-03-20 23:48:10,-99.7660,37.4352, 174.7,13071,-58.6,-81.1,-76.3,  4,  8, 0.00,327,18.7
2026-03-20 23:48:11,-99.7659,37.4351, 174.6,13075,-58.6,-81.1,-76.3,  4,  8, 0.00,327,18.7
2026-03-20 23:48:12,-99.7658,37.4349, 174.5,13079,-58.6,-81.1,-76.4,  4,  8, 0.00,327,18.8
2026-03-20 23:48:13,-99.7657,37.4348, 174.3,13083,-58.7,-81.2,-76.4,  4,  8, 0.00,328,18.8
2026-03-20 23:48:14,-99.7656,37.4346, 174.2,13087,-58.7,-81.2,-76.5,  4,  7, 0.00,328,18.9
2026-03-20 23:48:15,-99.7655,37.4345, 174.1,13091,-58.7,-81.3,-76.5,  4,  7, 0.00,328,19.0
2026-03-20 23:48:16,-99.7654,37.4344, 174.0,13095,-58.7,-81.3,-76.5,  4,  7, 0.00,328,19.0
2026-03-20 23:48:17,-99.7653,37.4342, 173.9,13100,-58.7,-81.3,-76.6,  4,  7, 0.00,328,19.1
2026-03-20 23:48:18,-99.7652,37.4341, 173.7,13104,-58.7,-81.4,-76.6,  4,  7, 0.00,328,19.1
2026-03-20 23:48:19,-99.7651,37.4339, 173.6,13109,-58.7,-81.4,-76.7,  4,  7, 0.00,329,19.2
2026-03-20 23:48:20,-99.7649,37.4338, 173.5,13114,-58.7,-81.5,-76.7,  4,  7, 0.00,329,19.3
2026-03-20 23:48:21,-99.7648,37.4336, 173.4,13118,-58.8,-81.6,-76.8,  4,  7, 0.00,329,19.3
2026-03-20 23:48:22,-99.7647,37.4335, 173.2,13123,-58.8,-81.6,-76.9,  4,  7, 0.00,329,19.4
2026-03-20 23:48:23,-99.7646,37.4333, 173.1,13128,-58.8,-81.7,-76.9,  4,  7, 0.00,329,19.4
2026-03-20 23:48:24,-99.7645,37.4332, 173.0,13133,-58.9,-81.7,-77.0,  4,  7, 0.00,329,19.5
2026-03-20 23:48:25,-99.7644,37.4330, 172.8,13138,-58.9,-81.7,-77.0,  4,  7, 0.00,330,19.5
2026-03-20 23:48:26,-99.7642,37.4329, 172.7,13143,-58.9,-81.8,-77.0,  4,  7, 0.00,330,19.6
2026-03-20 23:48:27,-99.7641,37.4327, 172.5,13148,-58.9,-81.8,-77.0,  4,  7, 0.00,330,19.6
2026-03-20 23:48:28,-99.7640,37.4325, 172.4,13153,-58.9,-81.8,-77.0,  4,  7, 0.00,330,19.6
2026-03-20 23:48:29,-99.7639,37.4324, 172.3,13158,-58.9,-81.8,-77.1,  4,  7, 0.00,330,19.6
2026-03-20 23:48:30,-99.7638,37.4322, 172.1,13163,-59.0,-81.9,-77.1,  4,  7, 0.00,331,19.7
2026-03-20 23:48:31,-99.7637,37.4321, 172.0,13167,-59.0,-81.9,-77.1,  4,  7, 0.00,331,19.7
2026-03-20 23:48:32,-99.7635,37.4319, 171.9,13172,-59.0,-81.9,-77.2,  4,  7, 0.00,331,19.7
2026-03-20 23:48:33,-99.7634,37.4318, 171.8,13177,-59.0,-81.9,-77.2,  4,  7, 0.00,331,19.6
2026-03-20 23:48:34,-99.7633,37.4316, 171.6,13181,-59.0,-82.0,-77.2,  4,  7, 0.00,332,19.6
2026-03-20 23:48:35,-99.7632,37.4314, 171.5,13186,-59.1,-82.0,-77.3,  4,  7, 0.00,332,19.6
2026-03-20 23:48:36,-99.7631,37.4313, 171.4,13190,-59.1,-82.1,-77.3,  4,  7, 0.00,332,19.6
2026-03-20 23:48:37,-99.7630,37.4311, 171.3,13194,-59.1,-82.1,-77.3,  4,  7, 0.00,332,19.5
2026-03-20 23:48:38,-99.7629,37.4309, 171.2,13198,-59.1,-82.1,-77.3,  4,  7, 0.00,332,19.5
2026-03-20 23:48:39,-99.7628,37.4308, 171.0,13203,-59.1,-82.1,-77.3,  4,  7, 0.00,332,19.4
2026-03-20 23:48:40,-99.7627,37.4306, 170.9,13208,-59.0,-82.1,-77.3,  4,  7, 0.00,333,19.4
2026-03-20 23:48:41,-99.7626,37.4305, 170.8,13213,-59.0,-82.1,-77.3,  4,  7, 0.00,333,19.3
2026-03-20 23:48:42,-99.7625,37.4303, 170.6,13218,-59.0,-82.1,-77.3,  4,  7, 0.00,333,19.3
2026-03-20 23:48:43,-99.7624,37.4301, 170.5,13222,-59.0,-82.1,-77.4,  4,  7, 0.00,333,19.2
2026-03-20 23:48:44,-99.7623,37.4300, 170.4,13227,-59.0,-82.2,-77.4,  4,  7, 0.00,333,19.1
2026-03-20 23:48:45,-99.7622,37.4298, 170.3,13232,-59.0,-82.2,-77.5,  4,  7, 0.00,333,19.1
2026-03-20 23:48:46,-99.7622,37.4297, 170.1,13236,-59.0,-82.3,-77.5,  4,  7, 0.00,333,19.0
2026-03-20 23:48:47,-99.7621,37.4295, 170.0,13241,-59.0,-82.3,-77.5,  4,  7, 0.00,333,18.9
2026-03-20 23:48:48,-99.7620,37.4294, 169.9,13245,-59.0,-82.3,-77.6,  4,  7, 0.00,333,18.8
2026-03-20 23:48:49,-99.7619,37.4293, 169.8,13250,-59.0,-82.4,-77.6,  4,  7, 0.00,333,18.8
2026-03-20 23:48:50,-99.7618,37.4291, 169.6,13255,-59.1,-82.4,-77.6,  4,  7, 0.00,333,18.7
2026-03-20 23:48:51,-99.7617,37.4289, 169.5,13259,-59.1,-82.4,-77.7,  4,  7, 0.00,333,18.6
2026-03-20 23:48:52,-99.7617,37.4288, 169.4,13264,-59.1,-82.5,-77.7,  4,  6, 0.00,333,18.6
2026-03-20 23:48:53,-99.7616,37.4286, 169.3,13269,-59.1,-82.5,-77.7,  4,  6, 0.00,333,18.5
2026-03-20 23:48:54,-99.7615,37.4285, 169.1,13273,-59.1,-82.5,-77.8,  4,  6, 0.00,333,18.4
2026-03-20 23:48:55,-99.7614,37.4284, 169.0,13278,-59.2,-82.6,-77.8,  4,  6, 0.00,333,18.4
2026-03-20 23:48:56,-99.7612,37.4282, 168.9,13282,-59.2,-82.6,-77.9,  4,  6, 0.00,333,18.3
2026-03-20 23:48:57,-99.7611,37.4281, 168.8,13287,-59.2,-82.7,-77.9,  4,  6, 0.00,332,18.3
2026-03-20 23:48:58,-99.7611,37.4279, 168.6,13291,-59.2,-82.7,-77.9,  4,  6, 0.00,332,18.2
2026-03-20 23:48:59,-99.7610,37.4278, 168.5,13295,-59.2,-82.7,-78.0,  4,  6, 0.00,332,18.2
2026-03-20 23:49:00,-99.7609,37.4276, 168.4,13300,-59.3,-82.8,-78.0,  4,  6, 0.00,332,18.1
2026-03-20 23:49:01,-99.7608,37.4275, 168.3,13304,-59.3,-82.8,-78.0,  4,  6, 0.00,332,18.1
2026-03-20 23:49:02,-99.7607,37.4273, 168.2,13309,-59.3,-82.8,-78.1,  4,  6, 0.00,332,18.0
2026-03-20 23:49:03,-99.7606,37.4272, 168.1,13313,-59.4,-82.9,-78.1,  4,  6, 0.00,332,18.0
2026-03-20 23:49:04,-99.7605,37.4271, 167.9,13318,-59.4,-82.9,-78.1,  4,  6, 0.00,331,18.0
2026-03-20 23:49:05,-99.7604,37.4269, 167.8,13323,-59.5,-82.9,-78.1,  4,  6, 0.00,331,17.9
2026-03-20 23:49:06,-99.7603,37.4268, 167.7,13327,-59.5,-82.9,-78.1,  4,  6, 0.00,331,17.9
2026-03-20 23:49:07,-99.7602,37.4267, 167.6,13332,-59.5,-82.9,-78.1,  4,  6, 0.00,331,17.9
2026-03-20 23:49:08,-99.7601,37.4265, 167.4,13336,-59.5,-82.8,-78.1,  4,  6, 0.00,331,17.8
2026-03-20 23:49:09,-99.7600,37.4264, 167.3,13340,-59.6,-82.9,-78.1,  4,  6, 0.00,331,17.8
2026-03-20 23:49:10,-99.7599,37.4263, 167.2,13344,-59.6,-82.9,-78.1,  4,  6, 0.00,331,17.8
2026-03-20 23:49:11,-99.7598,37.4261, 167.1,13349,-59.7,-82.9,-78.1,  4,  7, 0.00,331,17.7
2026-03-20 23:49:12,-99.7597,37.4260, 167.0,13353,-59.7,-82.9,-78.2,  4,  7, 0.00,331,17.7
2026-03-20 23:49:13,-99.7596,37.4258, 166.9,13358,-59.8,-83.0,-78.2,  4,  7, 0.00,331,17.7
2026-03-20 23:49:14,-99.7595,37.4257, 166.7,13362,-59.8,-83.0,-78.2,  4,  7, 0.00,330,17.6
2026-03-20 23:49:15,-99.7594,37.4256, 166.6,13367,-59.8,-83.0,-78.2,  4,  7, 0.00,330,17.6
2026-03-20 23:49:16,-99.7593,37.4254, 166.5,13372,-59.8,-83.0,-78.2,  4,  7, 0.00,330,17.6
2026-03-20 23:49:17,-99.7592,37.4253, 166.4,13376,-59.8,-83.0,-78.2,  4,  7, 0.00,330,17.5
2026-03-20 23:49:18,-99.7591,37.4252, 166.3,13380,-59.9,-83.0,-78.2,  4,  7, 0.00,330,17.5
2026-03-20 23:49:19,-99.7590,37.4250, 166.1,13385,-59.9,-83.0,-78.2,  4,  7, 0.00,330,17.4
2026-03-20 23:49:20,-99.7589,37.4249, 166.0,13389,-59.9,-83.0,-78.2,  4,  7, 0.00,330,17.4
2026-03-20 23:49:21,-99.7588,37.4247, 165.9,13394,-59.9,-83.0,-78.3,  4,  7, 0.00,330,17.3
2026-03-20 23:49:22,-99.7587,37.4246, 165.8,13398,-59.9,-83.0,-78.3,  4,  7, 0.00,330,17.2
2026-03-20 23:49:23,-99.7586,37.4245, 165.7,13403,-59.9,-83.0,-78.3,  4,  7, 0.00,330,17.2
2026-03-20 23:49:24,-99.7585,37.4243, 165.5,13407,-59.9,-83.1,-78.3,  4,  7, 0.00,331,17.1
2026-03-20 23:49:25,-99.7584,37.4242, 165.4,13412,-60.0,-83.1,-78.3,  4,  7, 0.00,331,17.1
2026-03-20 23:49:26,-99.7583,37.4241, 165.3,13416,-60.0,-83.1,-78.3,  4,  7, 0.00,331,17.0
2026-03-20 23:49:27,-99.7582,37.4239, 165.2,13421,-60.1,-83.1,-78.3,  4,  7, 0.00,331,16.9
2026-03-20 23:49:28,-99.7581,37.4238, 165.0,13426,-60.1,-83.1,-78.4,  4,  7, 0.00,331,16.9
2026-03-20 23:49:29,-99.7580,37.4237, 164.9,13431,-60.1,-83.1,-78.4,  4,  7, 0.00,331,16.8
2026-03-20 23:49:30,-99.7579,37.4235, 164.8,13436,-60.1,-83.1,-78.4,  4,  7, 0.00,331,16.7
2026-03-20 23:49:31,-99.7578,37.4234, 164.6,13441,-60.1,-83.1,-78.3,  4,  7, 0.00,331,16.7
2026-03-20 23:49:32,-99.7577,37.4233, 164.5,13447,-60.1,-83.1,-78.3,  4,  7, 0.00,332,16.6
2026-03-20 23:49:33,-99.7576,37.4231, 164.4,13452,-60.1,-83.1,-78.3,  4,  7, 0.00,332,16.6
2026-03-20 23:49:34,-99.7575,37.4230, 164.2,13457,-60.2,-83.1,-78.3,  4,  7, 0.00,332,16.5
2026-03-20 23:49:35,-99.7575,37.4229, 164.1,13462,-60.2,-83.1,-78.3,  4,  7, 0.00,332,16.5
2026-03-20 23:49:36,-99.7574,37.4228, 164.0,13467,-60.2,-83.0,-78.3,  4,  7, 0.00,332,16.5
2026-03-20 23:49:37,-99.7573,37.4226, 163.8,13472,-60.2,-83.0,-78.3,  4,  7, 0.00,333,16.4
2026-03-20 23:49:38,-99.7572,37.4225, 163.7,13476,-60.3,-83.0,-78.2,  4,  7, 0.00,333,16.4
2026-03-20 23:49:39,-99.7571,37.4224, 163.6,13481,-60.3,-83.0,-78.2,  4,  7, 0.00,333,16.4
2026-03-20 23:49:40,-99.7571,37.4223, 163.5,13486,-60.3,-83.0,-78.2,  4,  7, 0.00,333,16.4
2026-03-20 23:49:41,-99.7570,37.4222, 163.4,13490,-60.4,-82.9,-78.2,  4,  7, 0.00,333,16.4
2026-03-20 23:49:42,-99.7569,37.4220, 163.2,13494,-60.4,-82.9,-78.1,  4,  7, 0.00,334,16.4
2026-03-20 23:49:43,-99.7569,37.4219, 163.1,13499,-60.4,-82.9,-78.1,  4,  7, 0.00,334,16.4
2026-03-20 23:49:44,-99.7568,37.4217, 163.0,13503,-60.4,-82.9,-78.1,  4,  7, 0.00,334,16.4
2026-03-20 23:49:45,-99.7567,37.4216, 162.9,13507,-60.5,-82.9,-78.1,  4,  7, 0.00,334,16.4
2026-03-20 23:49:46,-99.7566,37.4215, 162.8,13511,-60.5,-82.8,-78.1,  4,  7, 0.00,334,16.4
2026-03-20 23:49:47,-99.7566,37.4213, 162.7,13516,-60.4,-82.8,-78.1,  4,  7, 0.00,334,16.4
2026-03-20 23:49:48,-99.7565,37.4212, 162.6,13521,-60.4,-82.8,-78.0,  4,  7, 0.00,335,16.5
2026-03-20 23:49:49,-99.7564,37.4211, 162.4,13525,-60.3,-82.7,-78.0,  4,  7, 0.00,335,16.5
2026-03-20 23:49:50,-99.7563,37.4209, 162.3,13530,-60.3,-82.7,-78.0,  4,  7, 0.00,335,16.6
2026-03-20 23:49:51,-99.7562,37.4208, 162.2,13534,-60.3,-82.7,-78.0,  4,  7, 0.00,335,16.6
2026-03-20 23:49:52,-99.7562,37.4207, 162.1,13539,-60.3,-82.8,-78.0,  4,  7, 0.00,335,16.7
2026-03-20 23:49:53,-99.7561,37.4205, 162.0,13543,-60.3,-82.8,-78.0,  4,  7, 0.00,335,16.7
2026-03-20 23:49:54,-99.7560,37.4204, 161.8,13548,-60.4,-82.9,-78.1,  4,  7, 0.00,335,16.8
2026-03-20 23:49:55,-99.7559,37.4202, 161.7,13552,-60.4,-82.9,-78.1,  4,  7, 0.00,335,16.8
2026-03-20 23:49:56,-99.7559,37.4201, 161.6,13557,-60.4,-82.9,-78.1,  4,  7, 0.00,335,16.9
2026-03-20 23:49:57,-99.7558,37.4200, 161.5,13561,-60.5,-82.9,-78.2,  4,  7, 0.00,335,17.0
2026-03-20 23:49:58,-99.7557,37.4198, 161.4,13565,-60.5,-82.9,-78.2,  4,  7, 0.00,335,17.0
2026-03-20 23:49:59,-99.7556,37.4197, 161.3,13570,-60.6,-83.0,-78.2,  4,  7, 0.00,335,17.1
2026-03-20 23:50:00,-99.7555,37.4196, 161.2,13574,-60.6,-83.0,-78.2,  4,  7, 0.00,335,17.2
2026-03-20 23:50:01,-99.7554,37.4194, 161.1,13578,-60.7,-83.0,-78.2,  4,  7, 0.00,335,17.2
2026-03-20 23:50:02,-99.7553,37.4193, 160.9,13583,-60.7,-83.0,-78.2,  4,  7, 0.00,335,17.3
2026-03-20 23:50:03,-99.7553,37.4192, 160.8,13587,-60.7,-83.0,-78.2,  4,  7, 0.00,335,17.4
2026-03-20 23:50:04,-99.7552,37.4190, 160.7,13592,-60.7,-83.0,-78.3,  4,  7, 0.00,335,17.4
2026-03-20 23:50:05,-99.7551,37.4188, 160.6,13596,-60.7,-83.0,-78.3,  4,  7, 0.00,335,17.5
2026-03-20 23:50:06,-99.7550,37.4187, 160.5,13601,-60.7,-83.1,-78.3,  4,  7, 0.00,335,17.6
2026-03-20 23:50:07,-99.7550,37.4186, 160.4,13606,-60.8,-83.1,-78.3,  4,  7, 0.00,336,17.6
2026-03-20 23:50:08,-99.7549,37.4184, 160.2,13610,-60.8,-83.1,-78.3,  4,  7, 0.00,336,17.7
2026-03-20 23:50:09,-99.7548,37.4183, 160.1,13614,-60.8,-83.1,-78.4,  4,  7, 0.00,336,17.7
2026-03-20 23:50:10,-99.7547,37.4181, 160.0,13619,-60.8,-83.1,-78.4,  4,  7, 0.00,336,17.8
2026-03-20 23:50:11,-99.7546,37.4180, 159.9,13623,-60.8,-83.1,-78.4,  4,  7, 0.00,336,17.9
2026-03-20 23:50:12,-99.7545,37.4178, 159.8,13627,-60.9,-83.1,-78.4,  4,  7, 0.00,336,17.9
2026-03-20 23:50:13,-99.7544,37.4177, 159.7,13632,-60.9,-83.2,-78.4,  4,  7, 0.00,336,18.0
2026-03-20 23:50:14,-99.7543,37.4175, 159.6,13636,-61.0,-83.2,-78.4,  4,  7, 0.00,336,18.0
2026-03-20 23:50:15,-99.7542,37.4174, 159.5,13640,-61.0,-83.2,-78.4,  4,  7, 0.00,336,18.1
2026-03-20 23:50:16,-99.7542,37.4172, 159.4,13644,-61.0,-83.2,-78.5,  4,  7, 0.00,337,18.1
2026-03-20 23:50:17,-99.7541,37.4171, 159.2,13649,-61.1,-83.2,-78.5,  4,  7, 0.00,337,18.2
2026-03-20 23:50:18,-99.7540,37.4169, 159.1,13653,-61.1,-83.2,-78.5,  4,  7, 0.00,337,18.3
2026-03-20 23:50:19,-99.7539,37.4168, 159.0,13657,-61.1,-83.2,-78.5,  4,  8, 0.00,337,18.3
2026-03-20 23:50:20,-99.7539,37.4166, 158.9,13661,-61.2,-83.3,-78.5,  4,  8, 0.00,337,18.4
2026-03-20 23:50:21,-99.7538,37.4165, 158.8,13665,-61.2,-83.3,-78.5,  4,  8, 0.00,337,18.4
2026-03-20 23:50:22,-99.7537,37.4163, 158.7,13670,-61.2,-83.3,-78.5,  4,  8, 0.00,337,18.5
2026-03-20 23:50:23,-99.7536,37.4162, 158.6,13674,-61.3,-83.3,-78.6,  4,  8, 0.00,337,18.5
2026-03-20 23:50:24,-99.7536,37.4160, 158.5,13678,-61.3,-83.3,-78.6,  4,  8, 0.00,337,18.6
2026-03-20 23:50:25,-99.7535,37.4159, 158.4,13683,-61.3,-83.3,-78.6,  4,  8, 0.00,337,18.6
2026-03-20 23:50:26,-99.7534,37.4157, 158.3,13687,-61.4,-83.4,-78.6,  4,  8, 0.00,337,18.7
2026-03-20 23:50:27,-99.7533,37.4156, 158.2,13691,-61.4,-83.4,-78.6,  4,  8, 0.00,338,18.7
2026-03-20 23:50:28,-99.7533,37.4154, 158.0,13696,-61.5,-83.4,-78.6,  4,  8, 0.00,338,18.8
2026-03-20 23:50:29,-99.7532,37.4153, 157.9,13700,-61.5,-83.4,-78.7,  4,  8, 0.00,338,18.8
2026-03-20 23:50:30,-99.7531,37.4151, 157.8,13705,-61.5,-83.4,-78.7,  4,  8, 0.00,338,18.9
2026-03-20 23:50:31,-99.7530,37.4149, 157.7,13709,-61.5,-83.5,-78.7,  4,  8, 0.00,338,18.9
2026-03-20 23:50:32,-99.7530,37.4148, 157.6,13713,-61.5,-83.5,-78.7,  4,  8, 0.00,338,19.0
2026-03-20 23:50:33,-99.7529,37.4146, 157.5,13717,-61.5,-83.5,-78.7,  4,  8, 0.00,338,19.0
2026-03-20 23:50:34,-99.7528,37.4144, 157.4,13721,-61.6,-83.5,-78.8,  4,  8, 0.00,338,19.0
2026-03-20 23:50:35,-99.7527,37.4143, 157.3,13725,-61.6,-83.5,-78.8,  4,  8, 0.00,337,19.1
2026-03-20 23:50:36,-99.7526,37.4141, 157.2,13729,-61.6,-83.5,-78.8,  4,  8, 0.00,337,19.1
2026-03-20 23:50:37,-99.7525,37.4139, 157.1,13734,-61.6,-83.5,-78.7,  4,  8, 0.00,337,19.1
2026-03-20 23:50:38,-99.7524,37.4138, 157.0,13738,-61.5,-83.5,-78.7,  4,  8, 0.00,337,19.1
2026-03-20 23:50:39,-99.7524,37.4136, 156.8,13743,-61.5,-83.5,-78.7,  4,  8, 0.00,337,19.2
2026-03-20 23:50:40,-99.7523,37.4135, 156.7,13748,-61.5,-83.4,-78.7,  4,  8, 0.00,337,19.2
2026-03-20 23:50:41,-99.7522,37.4133, 156.6,13753,-61.5,-83.4,-78.7,  4,  8, 0.00,337,19.2
2026-03-20 23:50:42,-99.7521,37.4132, 156.5,13757,-61.5,-83.4,-78.6,  4,  8, 0.00,337,19.2
2026-03-20 23:50:43,-99.7520,37.4130, 156.4,13762,-61.6,-83.4,-78.6,  4,  8, 0.00,337,19.2
2026-03-20 23:50:44,-99.7519,37.4128, 156.3,13766,-61.6,-83.3,-78.6,  4,  8, 0.00,337,19.2
2026-03-20 23:50:45,-99.7518,37.4127, 156.1,13771,-61.6,-83.3,-78.5,  4,  8, 0.00,337,19.2
2026-03-20 23:50:46,-99.7517,37.4125, 156.0,13775,-61.6,-83.3,-78.5,  4,  8, 0.00,337,19.2
2026-03-20 23:50:47,-99.7517,37.4124, 155.9,13779,-61.6,-83.3,-78.5,  4,  8, 0.00,337,19.1
2026-03-20 23:50:48,-99.7516,37.4122, 155.8,13783,-61.7,-83.3,-78.5,  4,  8, 0.00,337,19.1
2026-03-20 23:50:49,-99.7515,37.4121, 155.7,13787,-61.7,-83.2,-78.5,  4,  8, 0.00,337,19.1
2026-03-20 23:50:50,-99.7514,37.4119, 155.6,13791,-61.7,-83.2,-78.5,  5,  8, 0.00,337,19.1
2026-03-20 23:50:51,-99.7513,37.4117, 155.5,13796,-61.8,-83.2,-78.5,  5,  8, 0.00,337,19.1
2026-03-20 23:50:52,-99.7512,37.4116, 155.4,13800,-61.8,-83.2,-78.5,  5,  8, 0.00,337,19.0
2026-03-20 23:50:53,-99.7512,37.4114, 155.3,13804,-61.8,-83.3,-78.5,  5,  8, 0.00,338,19.0
2026-03-20 23:50:54,-99.7511,37.4113, 155.2,13809,-61.9,-83.3,-78.5,  5,  8, 0.00,338,19.0
2026-03-20 23:50:55,-99.7510,37.4111, 155.1,13814,-61.9,-83.3,-78.5,  5,  8, 0.00,338,18.9
2026-03-20 23:50:56,-99.7509,37.4109, 155.0,13818,-61.9,-83.3,-78.6,  5,  8, 0.00,338,18.9
2026-03-20 23:50:57,-99.7508,37.4108, 154.8,13822,-61.9,-83.3,-78.6,  5,  8, 0.00,338,18.8
2026-03-20 23:50:58,-99.7508,37.4106, 154.7,13826,-62.0,-83.4,-78.6,  5,  8, 0.00,338,18.8
2026-03-20 23:50:59,-99.7507,37.4105, 154.6,13831,-62.0,-83.4,-78.6,  5,  8, 0.00,338,18.7
2026-03-20 23:51:00,-99.7506,37.4103, 154.5,13835,-62.0,-83.4,-78.7,  5,  8, 0.00,338,18.7
2026-03-20 23:51:01,-99.7505,37.4102, 154.4,13839,-62.0,-83.5,-78.7,  5,  8, 0.00,338,18.6
2026-03-20 23:51:02,-99.7504,37.4100, 154.3,13844,-62.1,-83.5,-78.7,  5,  8, 0.00,338,18.6
2026-03-20 23:51:03,-99.7503,37.4098, 154.2,13848,-62.1,-83.5,-78.8,  5,  8, 0.00,338,18.5
2026-03-20 23:51:04,-99.7503,37.4097, 154.1,13852,-62.2,-83.6,-78.8,  5,  8, 0.00,338,18.5
2026-03-20 23:51:05,-99.7502,37.4095, 154.0,13856,-62.2,-83.6,-78.8,  5,  8, 0.00,338,18.4
2026-03-20 23:51:06,-99.7501,37.4094, 153.9,13860,-62.2,-83.6,-78.9,  5,  8, 0.00,338,18.4
2026-03-20 23:51:07,-99.7500,37.4092, 153.8,13864,-62.3,-83.7,-78.9,  4,  8, 0.00,338,18.3
2026-03-20 23:51:08,-99.7500,37.4091, 153.7,13869,-62.3,-83.7,-78.9,  4,  8, 0.00,338,18.3
2026-03-20 23:51:09,-99.7499,37.4089, 153.6,13873,-62.3,-83.7,-78.9,  4,  8, 0.00,338,18.2
2026-03-20 23:51:10,-99.7498,37.4088, 153.5,13877,-62.3,-83.7,-79.0,  4,  8, 0.00,338,18.2
2026-03-20 23:51:11,-99.7498,37.4087, 153.4,13882,-62.3,-83.7,-79.0,  4,  8, 0.00,338,18.1
2026-03-20 23:51:12,-99.7497,37.4085, 153.2,13887,-62.3,-83.8,-79.0,  4,  8, 0.00,338,18.1
2026-03-20 23:51:13,-99.7496,37.4083, 153.1,13891,-62.3,-83.8,-79.0,  4,  8, 0.00,338,18.0
2026-03-20 23:51:14,-99.7495,37.4082, 153.0,13896,-62.3,-83.8,-79.0,  4,  8, 0.00,338,17.9
2026-03-20 23:51:15,-99.7494,37.4080, 152.9,13900,-62.3,-83.8,-79.1,  4,  8, 0.00,338,17.9
2026-03-20 23:51:16,-99.7494,37.4079, 152.8,13904,-62.4,-83.9,-79.1,  4,  8, 0.00,337,17.8
2026-03-20 23:51:17,-99.7493,37.4077, 152.7,13908,-62.4,-83.9,-79.2,  4,  8, 0.00,337,17.8
2026-03-20 23:51:18,-99.7493,37.4076, 152.6,13913,-62.5,-84.0,-79.2,  4,  8, 0.00,337,17.7
2026-03-20 23:51:19,-99.7492,37.4075, 152.5,13917,-62.5,-84.0,-79.2,  4,  8, 0.00,337,17.7
2026-03-20 23:51:20,-99.7491,37.4073, 152.4,13921,-62.6,-84.0,-79.3,  4,  8, 0.00,337,17.6
2026-03-20 23:51:21,-99.7491,37.4072, 152.3,13925,-62.6,-84.1,-79.3,  4,  8, 0.00,336,17.6
2026-03-20 23:51:22,-99.7490,37.4070, 152.2,13930,-62.6,-84.1,-79.4,  4,  8, 0.00,336,17.5
2026-03-20 23:51:23,-99.7489,37.4069, 152.1,13934,-62.7,-84.2,-79.4,  4,  8, 0.00,336,17.5
2026-03-20 23:51:24,-99.7488,37.4067, 152.0,13938,-62.7,-84.2,-79.5,  4,  8, 0.00,336,17.5
2026-03-20 23:51:25,-99.7487,37.4066, 151.8,13943,-62.7,-84.3,-79.5,  4,  8, 0.00,335,17.4
2026-03-20 23:51:26,-99.7486,37.4064, 151.7,13948,-62.7,-84.3,-79.6,  4,  8, 0.00,335,17.4
2026-03-20 23:51:27,-99.7486,37.4063, 151.6,13952,-62.8,-84.4,-79.6,  4,  8, 0.00,335,17.3
2026-03-20 23:51:28,-99.7485,37.4061, 151.5,13956,-62.8,-84.4,-79.7,  4,  8, 0.00,334,17.3
2026-03-20 23:51:29,-99.7484,37.4060, 151.4,13960,-62.8,-84.5,-79.7,  4,  8, 0.00,334,17.3
2026-03-20 23:51:30,-99.7483,37.4059, 151.3,13964,-62.8,-84.6,-79.8,  4,  8, 0.00,334,17.2
2026-03-20 23:51:31,-99.7482,37.4057, 151.2,13968,-62.9,-84.6,-79.9,  4,  8, 0.00,333,17.2
2026-03-20 23:51:32,-99.7481,37.4056, 151.1,13973,-62.8,-84.7,-79.9,  4,  8, 0.00,333,17.2
2026-03-20 23:51:33,-99.7480,37.4055, 151.0,13977,-62.8,-84.7,-79.9,  4,  8, 0.00,333,17.2
2026-03-20 23:51:34,-99.7479,37.4053, 150.9,13982,-62.8,-84.7,-79.9,  4,  7, 0.00,332,17.1
2026-03-20 23:51:35,-99.7478,37.4052, 150.8,13986,-62.7,-84.7,-79.9,  4,  7, 0.00,332,17.1
2026-03-20 23:51:36,-99.7477,37.4051, 150.7,13990,-62.7,-84.7,-79.9,  4,  7, 0.00,332,17.1
2026-03-20 23:51:37,-99.7476,37.4049, 150.6,13994,-62.7,-84.7,-79.9,  4,  7, 0.00,331,17.1
2026-03-20 23:51:38,-99.7476,37.4048, 150.5,13998,-62.7,-84.7,-80.0,  4,  7, 0.00,331,17.1
2026-03-20 23:51:39,-99.7475,37.4047, 150.4,14003,-62.7,-84.7,-80.0,  4,  7, 0.00,331,17.1
2026-03-20 23:51:40,-99.7474,37.4045, 150.3,14007,-62.7,-84.8,-80.0,  4,  7, 0.00,331,17.1
2026-03-20 23:51:41,-99.7473,37.4044, 150.2,14011,-62.6,-84.8,-80.0,  4,  7, 0.00,330,17.1
2026-03-20 23:51:42,-99.7472,37.4043, 150.1,14016,-62.6,-84.8,-80.1,  4,  7, 0.00,330,17.1
2026-03-20 23:51:43,-99.7471,37.4042, 150.0,14018,-62.6,-84.9,-80.1,  4,  7, 0.00,330,17.1
2026-03-20 23:51:44,-99.7470,37.4040, 149.8,14025,-62.6,-84.9,-80.2,  4,  7, 0.00,330,17.1
2026-03-20 23:51:45,-99.7469,37.4039, 149.7,14029,-62.5,-85.0,-80.2,  4,  7, 0.00,330,17.1
2026-03-20 23:51:46,-99.7468,37.4038, 149.6,14033,-62.5,-85.0,-80.3,  4,  7, 0.00,330,17.1
2026-03-20 23:51:47,-99.7467,37.4036, 149.5,14038,-62.5,-85.1,-80.3,  4,  7, 0.00,329,17.1
2026-03-20 23:51:48,-99.7466,37.4035, 149.4,14042,-62.5,-85.1,-80.4,  4,  7, 0.00,329,17.1
2026-03-20 23:51:49,-99.7465,37.4034, 149.3,14047,-62.5,-85.1,-80.4,  4,  7, 0.00,329,17.1
2026-03-20 23:51:50,-99.7464,37.4032, 149.2,14051,-62.5,-85.2,-80.4,  4,  7, 0.00,329,17.2
2026-03-20 23:51:51,-99.7463,37.4031, 149.1,14055,-62.6,-85.2,-80.4,  4,  7, 0.00,329,17.2
2026-03-20 23:51:52,-99.7462,37.4030, 149.0,14059,-62.6,-85.2,-80.4,  4,  7, 0.00,329,17.2
2026-03-20 23:51:53,-99.7461,37.4028, 148.9,14064,-62.7,-85.2,-80.4,  4,  7, 0.00,329,17.2
2026-03-20 23:51:54,-99.7459,37.4027, 148.8,14068,-62.7,-85.2,-80.4,  4,  7, 0.00,329,17.2
2026-03-20 23:51:55,-99.7458,37.4026, 148.7,14073,-62.7,-85.2,-80.4,  4,  7, 0.00,329,17.2
2026-03-20 23:51:56,-99.7457,37.4024, 148.6,14078,-62.7,-85.2,-80.4,  4,  7, 0.00,329,17.2
2026-03-20 23:51:57,-99.7456,37.4023, 148.4,14083,-62.7,-85.2,-80.4,  4,  7, 0.00,329,17.2
2026-03-20 23:51:58,-99.7455,37.4022, 148.3,14087,-62.8,-85.2,-80.4,  4,  7, 0.00,329,17.2
2026-03-20 23:51:59,-99.7455,37.4020, 148.2,14092,-62.8,-85.2,-80.4,  4,  7, 0.00,329,17.3
2026-03-20 23:52:00,-99.7454,37.4019, 148.1,14096,-62.8,-85.2,-80.4,  4,  7, 0.00,329,17.3
2026-03-20 23:52:01,-99.7453,37.4018, 148.0,14101,-62.8,-85.2,-80.4,  4,  7, 0.00,329,17.3
2026-03-20 23:52:02,-99.7452,37.4016, 147.9,14105,-62.8,-85.2,-80.4,  4,  7, 0.00,329,17.3
2026-03-20 23:52:03,-99.7451,37.4015, 147.8,14109,-62.8,-85.2,-80.5,  4,  7, 0.00,329,17.3
2026-03-20 23:52:04,-99.7450,37.4014, 147.7,14113,-62.8,-85.2,-80.5,  4,  7, 0.00,329,17.2
2026-03-20 23:52:05,-99.7449,37.4012, 147.6,14118,-62.8,-85.2,-80.5,  4,  7, 0.00,329,17.2
2026-03-20 23:52:06,-99.7448,37.4011, 147.5,14122,-62.8,-85.2,-80.5,  4,  7, 0.00,330,17.2
2026-03-20 23:52:07,-99.7447,37.4010, 147.4,14127,-62.8,-85.2,-80.5,  4,  7, 0.00,330,17.2
2026-03-20 23:52:08,-99.7446,37.4008, 147.3,14132,-62.9,-85.3,-80.5,  4,  7, 0.00,330,17.2
2026-03-20 23:52:09,-99.7445,37.4007, 147.2,14136,-62.9,-85.3,-80.5,  4,  7, 0.00,330,17.2
2026-03-20 23:52:10,-99.7444,37.4005, 147.1,14141,-62.9,-85.3,-80.5,  4,  7, 0.00,330,17.2
2026-03-20 23:52:11,-99.7443,37.4004, 146.9,14145,-62.9,-85.3,-80.5,  4,  7, 0.00,330,17.1
2026-03-20 23:52:12,-99.7442,37.4003, 146.8,14149,-62.9,-85.3,-80.5,  4,  7, 0.00,330,17.1
2026-03-20 23:52:13,-99.7441,37.4001, 146.7,14154,-62.9,-85.3,-80.6,  4,  7, 0.00,330,17.1
2026-03-20 23:52:14,-99.7440,37.4000, 146.6,14158,-62.9,-85.4,-80.6,  4,  7, 0.00,331,17.1
2026-03-20 23:52:15,-99.7439,37.3999, 146.5,14163,-63.0,-85.4,-80.6,  4,  7, 0.00,331,17.1
2026-03-20 23:52:16,-99.7438,37.3997, 146.4,14168,-63.0,-85.4,-80.7,  4,  7, 0.00,331,17.0
2026-03-20 23:52:17,-99.7437,37.3996, 146.3,14173,-63.0,-85.4,-80.7,  4,  7, 0.00,331,17.0
2026-03-20 23:52:18,-99.7436,37.3995, 146.2,14178,-63.1,-85.5,-80.7,  4,  7, 0.00,331,17.0
2026-03-20 23:52:19,-99.7435,37.3993, 146.1,14183,-63.1,-85.5,-80.7,  4,  7, 0.00,332,17.0
2026-03-20 23:52:20,-99.7434,37.3992, 145.9,14187,-63.1,-85.5,-80.8,  4,  7, 0.00,332,17.0
2026-03-20 23:52:21,-99.7433,37.3991, 145.8,14192,-63.1,-85.5,-80.8,  4,  7, 0.00,332,17.0
2026-03-20 23:52:22,-99.7432,37.3990, 145.7,14196,-63.1,-85.5,-80.8,  4,  7, 0.00,332,17.0
2026-03-20 23:52:23,-99.7431,37.3988, 145.6,14201,-63.1,-85.6,-80.8,  4,  7, 0.00,333,17.0
2026-03-20 23:52:24,-99.7430,37.3987, 145.5,14205,-63.1,-85.6,-80.8,  4,  7, 0.00,333,17.0
2026-03-20 23:52:25,-99.7430,37.3986, 145.4,14210,-63.1,-85.6,-80.9,  4,  7, 0.00,333,17.0
2026-03-20 23:52:26,-99.7429,37.3984, 145.3,14214,-63.2,-85.6,-80.9,  4,  7, 0.00,333,17.1
2026-03-20 23:52:27,-99.7428,37.3983, 145.2,14219,-63.2,-85.7,-80.9,  4,  7, 0.00,334,17.1
2026-03-20 23:52:28,-99.7427,37.3982, 145.1,14223,-63.2,-85.7,-80.9,  4,  7, 0.00,334,17.1
2026-03-20 23:52:29,-99.7427,37.3980, 145.0,14228,-63.2,-85.7,-80.9,  4,  7, 0.00,334,17.2
2026-03-20 23:52:30,-99.7426,37.3979, 144.9,14232,-63.2,-85.7,-80.9,  4,  7, 0.00,334,17.2
2026-03-20 23:52:31,-99.7425,37.3977, 144.8,14236,-63.2,-85.7,-80.9,  4,  7, 0.00,335,17.3
2026-03-20 23:52:32,-99.7425,37.3976, 144.7,14240,-63.2,-85.7,-80.9,  4,  7, 0.00,335,17.3
2026-03-20 23:52:33,-99.7424,37.3975, 144.6,14244,-63.2,-85.7,-80.9,  4,  7, 0.00,335,17.4
2026-03-20 23:52:34,-99.7423,37.3973, 144.5,14249,-63.2,-85.7,-80.9,  4,  7, 0.00,336,17.5
2026-03-20 23:52:35,-99.7422,37.3972, 144.4,14253,-63.2,-85.7,-81.0,  4,  7, 0.00,336,17.5
2026-03-20 23:52:36,-99.7421,37.3971, 144.3,14258,-63.3,-85.8,-81.0,  4,  7, 0.00,336,17.6
2026-03-20 23:52:37,-99.7420,37.3969, 144.1,14263,-63.3,-85.8,-81.0,  4,  7, 0.00,337,17.7
2026-03-20 23:52:38,-99.7420,37.3968, 144.0,14269,-63.3,-85.8,-81.0,  4,  7, 0.00,337,17.7
2026-03-20 23:52:39,-99.7419,37.3966, 143.9,14273,-63.3,-85.8,-81.1,  4,  7, 0.00,337,17.8
2026-03-20 23:52:40,-99.7418,37.3965, 143.8,14278,-63.4,-85.9,-81.1,  4,  7, 0.00,337,17.9
2026-03-20 23:52:41,-99.7417,37.3963, 143.7,14282,-63.4,-85.9,-81.1,  4,  7, 0.00,338,17.9
2026-03-20 23:52:42,-99.7416,37.3961, 143.6,14287,-63.4,-85.9,-81.1,  4,  7, 0.00,338,18.0
2026-03-20 23:52:43,-99.7415,37.3960, 143.5,14292,-63.5,-85.9,-81.1,  4,  7, 0.00,338,18.0
2026-03-20 23:52:44,-99.7414,37.3958, 143.4,14297,-63.5,-85.9,-81.2,  4,  7, 0.00,338,18.1
2026-03-20 23:52:45,-99.7414,37.3957, 143.2,14302,-63.6,-85.9,-81.2,  4,  7, 0.00,339,18.1
2026-03-20 23:52:46,-99.7413,37.3955, 143.1,14307,-63.6,-85.9,-81.1,  4,  7, 0.00,339,18.1
2026-03-20 23:52:47,-99.7412,37.3954, 143.0,14311,-63.6,-85.9,-81.1,  4,  7, 0.00,339,18.2
2026-03-20 23:52:48,-99.7412,37.3952, 142.9,14316,-63.6,-85.9,-81.1,  4,  7, 0.00,339,18.2
2026-03-20 23:52:49,-99.7411,37.3950, 142.8,14320,-63.7,-85.9,-81.1,  4,  7, 0.00,340,18.2
2026-03-20 23:52:50,-99.7410,37.3949, 142.7,14325,-63.7,-85.9,-81.1,  4,  7, 0.00,340,18.2
2026-03-20 23:52:51,-99.7409,37.3947, 142.6,14330,-63.7,-85.9,-81.2,  4,  7, 0.00,340,18.2
2026-03-20 23:52:52,-99.7409,37.3946, 142.5,14335,-63.8,-86.0,-81.2,  4,  7, 0.00,340,18.2
2026-03-20 23:52:53,-99.7408,37.3944, 142.4,14340,-63.8,-86.0,-81.3,  4,  7, 0.00,340,18.2
2026-03-20 23:52:54,-99.7408,37.3943, 142.2,14345,-63.8,-86.1,-81.3,  4,  7, 0.00,341,18.2
2026-03-20 23:52:55,-99.7407,37.3941, 142.1,14349,-63.7,-86.1,-81.4,  4,  7, 0.00,341,18.2
2026-03-20 23:52:56,-99.7406,37.3940, 142.0,14354,-63.7,-86.2,-81.4,  4,  7, 0.00,341,18.2
2026-03-20 23:52:57,-99.7406,37.3938, 141.9,14358,-63.7,-86.2,-81.5,  4,  7, 0.00,341,18.2
2026-03-20 23:52:58,-99.7406,37.3937, 141.8,14363,-63.7,-86.3,-81.5,  4,  6, 0.00,341,18.1
2026-03-20 23:52:59,-99.7405,37.3935, 141.7,14368,-63.6,-86.3,-81.5,  3,  6, 0.00,341,18.1
2026-03-20 23:53:00,-99.7404,37.3934, 141.6,14372,-63.6,-86.3,-81.6,  3,  6, 0.00,341,18.1
2026-03-20 23:53:01,-99.7404,37.3932, 141.5,14377,-63.5,-86.3,-81.6,  3,  6, 0.00,341,18.1
2026-03-20 23:53:02,-99.7403,37.3931, 141.4,14382,-63.5,-86.3,-81.6,  3,  6, 0.00,341,18.0
2026-03-20 23:53:03,-99.7402,37.3929, 141.3,14387,-63.5,-86.4,-81.6,  3,  6, 0.00,341,18.0
2026-03-20 23:53:04,-99.7401,37.3927, 141.2,14391,-63.5,-86.4,-81.6,  3,  6, 0.00,341,18.0
2026-03-20 23:53:05,-99.7401,37.3926, 141.1,14396,-63.6,-86.4,-81.7,  3,  6, 0.00,342,18.0
2026-03-20 23:53:06,-99.7400,37.3924, 141.0,14401,-63.6,-86.4,-81.7,  3,  6, 0.00,342,17.9
2026-03-20 23:53:07,-99.7399,37.3923, 140.8,14406,-63.6,-86.4,-81.7,  3,  6, 0.00,342,17.9
2026-03-20 23:53:08,-99.7399,37.3921, 140.7,14410,-63.6,-86.4,-81.7,  3,  6, 0.00,342,17.9
2026-03-20 23:53:09,-99.7398,37.3920, 140.6,14415,-63.5,-86.4,-81.7,  3,  6, 0.00,342,17.9
2026-03-20 23:53:10,-99.7398,37.3918, 140.5,14419,-63.5,-86.5,-81.7,  3,  6, 0.00,342,17.9
2026-03-20 23:53:11,-99.7397,37.3917, 140.4,14423,-63.6,-86.5,-81.7,  3,  6, 0.00,342,17.9
2026-03-20 23:53:12,-99.7396,37.3915, 140.3,14428,-63.6,-86.5,-81.8,  3,  6, 0.00,342,17.9
2026-03-20 23:53:13,-99.7396,37.3914, 140.2,14432,-63.6,-86.6,-81.8,  3,  6, 0.00,342,17.9
2026-03-20 23:53:14,-99.7395,37.3912, 140.1,14437,-63.6,-86.6,-81.9,  3,  6, 0.00,342,17.9
2026-03-20 23:53:15,-99.7394,37.3911, 140.0,14442,-63.6,-86.7,-81.9,  3,  6, 0.00,342,17.9
2026-03-20 23:53:16,-99.7394,37.3909, 139.9,14447,-63.6,-86.7,-81.9,  3,  6, 0.00,342,17.9
2026-03-20 23:53:17,-99.7393,37.3908, 139.8,14451,-63.7,-86.7,-82.0,  3,  6, 0.00,342,17.9
2026-03-20 23:53:18,-99.7392,37.3907, 139.7,14455,-63.7,-86.8,-82.0,  3,  6, 0.00,342,17.9
2026-03-20 23:53:19,-99.7392,37.3905, 139.6,14460,-63.7,-86.8,-82.0,  3,  6, 0.00,342,17.9
2026-03-20 23:53:20,-99.7391,37.3903, 139.5,14464,-63.6,-86.8,-82.0,  3,  6, 0.00,342,17.9
2026-03-20 23:53:21,-99.7391,37.3902, 139.4,14468,-63.6,-86.7,-82.0,  3,  6, 0.00,342,18.0
2026-03-20 23:53:22,-99.7390,37.3900, 139.3,14473,-63.6,-86.7,-82.0,  3,  6, 0.00,342,18.0
2026-03-20 23:53:23,-99.7389,37.3899, 139.2,14477,-63.6,-86.8,-82.0,  3,  6, 0.00,342,18.0
2026-03-20 23:53:24,-99.7389,37.3897, 139.1,14481,-63.7,-86.8,-82.0,  3,  6, 0.00,342,18.1
2026-03-20 23:53:25,-99.7388,37.3896, 139.0,14486,-63.7,-86.8,-82.0,  3,  6, 0.00,342,18.1
2026-03-20 23:53:26,-99.7388,37.3894, 138.9,14491,-63.7,-86.8,-82.0,  3,  6, 0.00,342,18.1
2026-03-20 23:53:27,-99.7387,37.3892, 138.8,14496,-63.7,-86.8,-82.1,  3,  6, 0.00,342,18.2
2026-03-20 23:53:28,-99.7387,37.3891, 138.7,14501,-63.7,-86.8,-82.1,  3,  6, 0.00,341,18.2
2026-03-20 23:53:29,-99.7386,37.3889, 138.5,14506,-63.7,-86.8,-82.1,  3,  6, 0.00,341,18.3
2026-03-20 23:53:30,-99.7385,37.3888, 138.4,14511,-63.7,-86.9,-82.1,  3,  6, 0.00,341,18.3
2026-03-20 23:53:31,-99.7385,37.3886, 138.3,14516,-63.8,-86.9,-82.1,  3,  6, 0.00,341,18.3
2026-03-20 23:53:32,-99.7384,37.3885, 138.2,14521,-63.8,-86.9,-82.1,  3,  6, 0.00,341,18.4
2026-03-20 23:53:33,-99.7383,37.3883, 138.1,14526,-63.8,-86.9,-82.1,  3,  6, 0.00,341,18.4
2026-03-20 23:53:34,-99.7383,37.3882, 138.0,14531,-63.8,-86.9,-82.1,  3,  6, 0.00,341,18.4
2026-03-20 23:53:35,-99.7382,37.3880, 137.9,14535,-63.8,-86.9,-82.1,  3,  6, 0.00,340,18.5
2026-03-20 23:53:36,-99.7381,37.3878, 137.8,14540,-63.9,-86.9,-82.1,  3,  6, 0.00,340,18.5
2026-03-20 23:53:37,-99.7381,37.3877, 137.7,14545,-63.9,-86.9,-82.1,  3,  6, 0.00,340,18.5
2026-03-20 23:53:38,-99.7380,37.3875, 137.6,14550,-63.9,-86.9,-82.1,  3,  6, 0.00,340,18.5
2026-03-20 23:53:39,-99.7379,37.3874, 137.5,14555,-64.0,-86.9,-82.2,  3,  6, 0.00,340,18.5
2026-03-20 23:53:40,-99.7379,37.3872, 137.4,14559,-64.0,-86.9,-82.2,  3,  6, 0.00,339,18.5
2026-03-20 23:53:41,-99.7378,37.3870, 137.3,14563,-64.0,-87.0,-82.2,  3,  6, 0.00,339,18.5
2026-03-20 23:53:42,-99.7377,37.3869, 137.2,14567,-64.1,-87.0,-82.2,  3,  6, 0.00,339,18.5
2026-03-20 23:53:43,-99.7376,37.3867, 137.1,14571,-64.1,-87.0,-82.3,  3,  6, 0.00,339,18.5
2026-03-20 23:53:44,-99.7375,37.3865, 137.0,14575,-64.1,-87.1,-82.3,  3,  6, 0.00,338,18.4
2026-03-20 23:53:45,-99.7374,37.3863, 136.9,14579,-64.2,-87.1,-82.3,  3,  6, 0.00,338,18.4
2026-03-20 23:53:46,-99.7374,37.3862, 136.8,14583,-64.2,-87.1,-82.4,  3,  6, 0.00,338,18.3
2026-03-20 23:53:47,-99.7373,37.3861, 136.7,14588,-64.2,-87.1,-82.4,  3,  6, 0.00,338,18.3
2026-03-20 23:53:48,-99.7372,37.3859, 136.6,14593,-64.1,-87.1,-82.4,  3,  6, 0.00,338,18.2
2026-03-20 23:53:49,-99.7371,37.3858, 136.5,14597,-64.1,-87.1,-82.4,  3,  6, 0.00,338,18.2
2026-03-20 23:53:50,-99.7370,37.3856, 136.4,14602,-64.1,-87.1,-82.4,  3,  6, 0.00,337,18.1
2026-03-20 23:53:51,-99.7370,37.3855, 136.3,14607,-64.1,-87.1,-82.4,  3,  6, 0.00,337,18.0
2026-03-20 23:53:52,-99.7369,37.3853, 136.2,14611,-64.1,-87.1,-82.3,  3,  6, 0.00,337,18.0
2026-03-20 23:53:53,-99.7368,37.3852, 136.1,14615,-64.1,-87.1,-82.3,  3,  6, 0.00,337,17.9
2026-03-20 23:53:54,-99.7367,37.3850, 136.0,14620,-64.1,-87.1,-82.3,  3,  6, 0.00,337,17.8
2026-03-20 23:53:55,-99.7366,37.3849, 135.9,14624,-64.2,-87.1,-82.3,  3,  6, 0.00,337,17.7
2026-03-20 23:53:56,-99.7365,37.3847, 135.8,14628,-64.2,-87.1,-82.3,  3,  6, 0.00,337,17.6
2026-03-20 23:53:57,-99.7365,37.3846, 135.7,14632,-64.2,-87.1,-82.3,  3,  6, 0.00,336,17.6
2026-03-20 23:53:58,-99.7364,37.3845, 135.6,14637,-64.3,-87.1,-82.3,  3,  6, 0.00,336,17.5
2026-03-20 23:53:59,-99.7363,37.3843, 135.5,14641,-64.3,-87.1,-82.3,  3,  6, 0.00,336,17.4
2026-03-20 23:54:00,-99.7362,37.3842, 135.4,14646,-64.3,-87.0,-82.3,  3,  6, 0.00,336,17.3
2026-03-20 23:54:01,-99.7362,37.3840, 135.3,14650,-64.3,-87.0,-82.2,  3,  6, 0.00,336,17.2
2026-03-20 23:54:02,-99.7361,37.3839, 135.2,14655,-64.3,-87.0,-82.2,  3,  6, 0.00,336,17.1
2026-03-20 23:54:03,-99.7360,37.3837, 135.1,14659,-64.3,-87.0,-82.2,  3,  6, 0.00,336,17.1
2026-03-20 23:54:04,-99.7359,37.3836, 135.0,14664,-64.3,-87.0,-82.2,  3,  6, 0.00,336,17.0
2026-03-20 23:54:05,-99.7358,37.3835, 134.9,14668,-64.3,-87.0,-82.2,  3,  6, 0.00,336,16.9
2026-03-20 23:54:06,-99.7358,37.3833, 134.8,14673,-64.3,-87.0,-82.2,  3,  6, 0.00,336,16.9
2026-03-20 23:54:07,-99.7357,37.3832, 134.7,14677,-64.3,-87.0,-82.2,  3,  6, 0.00,336,16.8
2026-03-20 23:54:08,-99.7356,37.3831, 134.6,14682,-64.4,-87.0,-82.2,  3,  6, 0.00,336,16.8
2026-03-20 23:54:09,-99.7355,37.3829, 134.5,14686,-64.4,-87.0,-82.3,  3,  6, 0.00,336,16.7
2026-03-20 23:54:10,-99.7355,37.3828, 134.4,14691,-64.4,-87.0,-82.3,  3,  6, 0.00,336,16.7
2026-03-20 23:54:11,-99.7354,37.3826, 134.3,14696,-64.3,-87.1,-82.3,  3,  6, 0.00,335,16.6
2026-03-20 23:54:12,-99.7353,37.3825, 134.2,14701,-64.3,-87.1,-82.4,  3,  6, 0.00,335,16.6
2026-03-20 23:54:13,-99.7353,37.3824, 134.1,14706,-64.3,-87.2,-82.4,  3,  6, 0.00,335,16.6
2026-03-20 23:54:14,-99.7352,37.3822, 134.0,14711,-64.4,-87.2,-82.5,  3,  6, 0.00,335,16.6
2026-03-20 23:54:15,-99.7351,37.3821, 133.9,14715,-64.4,-87.3,-82.5,  3,  6, 0.00,335,16.6
2026-03-20 23:54:16,-99.7350,37.3820, 133.8,14719,-64.4,-87.3,-82.6,  3,  6, 0.00,335,16.6
2026-03-20 23:54:17,-99.7349,37.3819, 133.7,14724,-64.3,-87.3,-82.6,  3,  6, 0.00,335,16.6
2026-03-20 23:54:18,-99.7349,37.3817, 133.6,14728,-64.3,-87.3,-82.6,  3,  6, 0.00,335,16.6
2026-03-20 23:54:19,-99.7348,37.3816, 133.5,14732,-64.2,-87.3,-82.6,  3,  6, 0.00,334,16.6
2026-03-20 23:54:20,-99.7347,37.3815, 133.4,14737,-64.2,-87.4,-82.6,  3,  6, 0.00,334,16.6
2026-03-20 23:54:21,-99.7346,37.3813, 133.3,14741,-64.2,-87.4,-82.6,  3,  6, 0.00,334,16.7
2026-03-20 23:54:22,-99.7346,37.3812, 133.2,14745,-64.2,-87.4,-82.6,  3,  6, 0.00,334,16.7
2026-03-20 23:54:23,-99.7345,37.3811, 133.1,14750,-64.2,-87.4,-82.7,  3,  6, 0.00,334,16.8
2026-03-20 23:54:25,-99.7343,37.3808, 133.0,14758,-64.2,-87.5,-82.7,  3,  6, 0.00,333,16.8
2026-03-20 23:54:26,-99.7342,37.3807, 132.9,14763,-64.2,-87.5,-82.7,  3,  6, 0.00,333,16.9
2026-03-20 23:54:27,-99.7341,37.3805, 132.8,14768,-64.2,-87.5,-82.8,  3,  6, 0.00,333,17.0
2026-03-20 23:54:28,-99.7340,37.3804, 132.7,14772,-64.3,-87.6,-82.8,  3,  6, 0.00,333,17.0
2026-03-20 23:54:29,-99.7339,37.3803, 132.6,14777,-64.3,-87.6,-82.9,  3,  6, 0.00,333,17.1
2026-03-20 23:54:30,-99.7339,37.3801, 132.5,14781,-64.3,-87.7,-82.9,  3,  6, 0.00,333,17.1
2026-03-20 23:54:31,-99.7338,37.3800, 132.4,14785,-64.3,-87.7,-82.9,  3,  6, 0.00,332,17.2
2026-03-20 23:54:32,-99.7337,37.3799, 132.3,14788,-64.3,-87.7,-83.0,  3,  6, 0.00,332,17.2
2026-03-20 23:54:33,-99.7336,37.3797, 132.2,14792,-64.3,-87.8,-83.0,  3,  6, 0.00,332,17.2
2026-03-20 23:54:34,-99.7335,37.3796, 132.1,14796,-64.4,-87.8,-83.1,  3,  5, 0.00,332,17.3
2026-03-20 23:54:35,-99.7334,37.3794, 132.0,14801,-64.4,-87.9,-83.1,  3,  5, 0.00,332,17.3
2026-03-20 23:54:36,-99.7333,37.3793, 131.9,14805,-64.4,-87.9,-83.1,  3,  5, 0.00,332,17.3
2026-03-20 23:54:37,-99.7332,37.3792, 131.8,14810,-64.3,-87.9,-83.1,  3,  5, 0.00,331,17.4
2026-03-20 23:54:38,-99.7331,37.3790, 131.7,14814,-64.3,-87.9,-83.1,  3,  5, 0.00,331,17.4
2026-03-20 23:54:39,-99.7330,37.3789, 131.6,14819,-64.2,-87.9,-83.1,  3,  5, 0.00,331,17.4
2026-03-20 23:54:41,-99.7328,37.3786, 131.5,14827,-64.1,-87.9,-83.1,  3,  5, 0.00,331,17.4
2026-03-20 23:54:42,-99.7327,37.3785, 131.4,14831,-64.1,-87.9,-83.1,  3,  5, 0.00,331,17.4
2026-03-20 23:54:43,-99.7326,37.3783, 131.3,14835,-64.1,-87.9,-83.1,  3,  5, 0.00,331,17.3
2026-03-20 23:54:44,-99.7325,37.3782, 131.2,14839,-64.1,-87.9,-83.1,  3,  5, 0.00,331,17.3
2026-03-20 23:54:45,-99.7324,37.3780, 131.1,14844,-64.1,-87.9,-83.1,  3,  5, 0.00,330,17.3
2026-03-20 23:54:46,-99.7323,37.3779, 131.0,14848,-64.2,-87.9,-83.1,  3,  5, 0.00,330,17.2
2026-03-20 23:54:47,-99.7322,37.3778, 130.9,14852,-64.2,-87.9,-83.2,  3,  5, 0.00,330,17.2
2026-03-20 23:54:48,-99.7321,37.3777, 130.8,14857,-64.2,-87.9,-83.2,  3,  5, 0.00,330,17.1
2026-03-20 23:54:49,-99.7320,37.3775, 130.7,14861,-64.2,-87.9,-83.2,  3,  5, 0.00,330,17.1
2026-03-20 23:54:50,-99.7319,37.3774, 130.6,14866,-64.1,-87.9,-83.2,  3,  5, 0.00,330,17.0
2026-03-20 23:54:52,-99.7317,37.3771, 130.5,14874,-64.1,-87.9,-83.2,  3,  5, 0.00,329,16.9
2026-03-20 23:54:53,-99.7316,37.3770, 130.4,14878,-64.0,-87.9,-83.2,  3,  5, 0.00,329,16.8
2026-03-20 23:54:54,-99.7315,37.3768, 130.3,14882,-64.0,-87.9,-83.1,  3,  5, 0.00,329,16.8
2026-03-20 23:54:55,-99.7314,37.3767, 130.2,14886,-63.9,-87.9,-83.1,  3,  5, 0.00,329,16.7
2026-03-20 23:54:56,-99.7313,37.3766, 130.1,14890,-63.9,-87.9,-83.1,  3,  5, 0.00,329,16.7
2026-03-20 23:54:57,-99.7312,37.3764, 130.0,14894,-63.9,-87.9,-83.2,  3,  5, 0.00,329,16.6
2026-03-20 23:54:59,-99.7311,37.3762, 129.9,14902,-64.0,-88.0,-83.2,  3,  5, 0.00,329,16.5
2026-03-20 23:55:00,-99.7310,37.3761, 129.8,14906,-64.0,-88.0,-83.2,  3,  5, 0.00,328,16.5
2026-03-20 23:55:01,-99.7309,37.3760, 129.7,14909,-64.0,-88.0,-83.3,  3,  5, 0.00,328,16.4
2026-03-20 23:55:02,-99.7308,37.3759, 129.6,14914,-64.0,-88.0,-83.3,  3,  5, 0.00,328,16.4
2026-03-20 23:55:03,-99.7307,37.3757, 129.5,14918,-64.0,-88.0,-83.3,  3,  5, 0.00,328,16.4
2026-03-20 23:55:05,-99.7305,37.3755, 129.4,14926,-64.1,-88.0,-83.2,  3,  5, 0.00,328,16.3
2026-03-20 23:55:06,-99.7304,37.3754, 129.3,14930,-64.1,-88.0,-83.2,  3,  5, 0.00,328,16.3
2026-03-20 23:55:07,-99.7303,37.3753, 129.2,14935,-64.1,-88.0,-83.2,  3,  5, 0.00,328,16.3
2026-03-20 23:55:08,-99.7302,37.3751, 129.1,14940,-64.1,-88.0,-83.2,  3,  5, 0.00,328,16.3
2026-03-20 23:55:09,-99.7301,37.3750, 129.0,14944,-64.1,-88.0,-83.2,  3,  5, 0.00,328,16.3
2026-03-20 23:55:10,-99.7300,37.3749, 128.9,14948,-64.1,-87.9,-83.2,  3,  5, 0.00,328,16.3
2026-03-20 23:55:11,-99.7299,37.3748, 128.8,14952,-64.1,-87.9,-83.2,  3,  5, 0.00,328,16.3
2026-03-20 23:55:12,-99.7298,37.3747, 128.7,14956,-64.1,-87.9,-83.2,  3,  5, 0.00,328,16.3
2026-03-20 23:55:13,-99.7297,37.3745, 128.6,14960,-64.1,-87.9,-83.2,  3,  5, 0.00,328,16.3
2026-03-20 23:55:15,-99.7295,37.3743, 128.5,14968,-64.1,-87.9,-83.2,  3,  5, 0.00,329,16.4
2026-03-20 23:55:16,-99.7294,37.3742, 128.4,14972,-64.2,-87.9,-83.2,  3,  5, 0.00,329,16.4
2026-03-20 23:55:17,-99.7293,37.3740, 128.3,14976,-64.2,-88.0,-83.2,  3,  5, 0.00,329,16.5
2026-03-20 23:55:18,-99.7292,37.3739, 128.2,14981,-64.2,-88.0,-83.2,  3,  5, 0.00,329,16.5
2026-03-20 23:55:19,-99.7291,37.3738, 128.1,14985,-64.3,-88.0,-83.2,  3,  5, 0.00,329,16.5
2026-03-20 23:55:20,-99.7290,37.3736, 128.0,14990,-64.3,-88.0,-83.3,  3,  5, 0.00,329,16.6
2026-03-20 23:55:21,-99.7289,37.3735, 127.9,14994,-64.3,-88.0,-83.3,  3,  5, 0.00,329,16.6
2026-03-20 23:55:23,-99.7288,37.3732, 127.8,15002,-64.4,-88.1,-83.3,  3,  5, 0.00,329,16.7
2026-03-20 23:55:24,-99.7287,37.3731, 127.7,15006,-64.4,-88.1,-83.4,  3,  5, 0.00,329,16.7
2026-03-20 23:55:25,-99.7286,37.3730, 127.6,15010,-64.5,-88.1,-83.4,  3,  5, 0.00,329,16.8
2026-03-20 23:55:26,-99.7285,37.3728, 127.5,15014,-64.5,-88.2,-83.4,  3,  5, 0.00,329,16.8
2026-03-20 23:55:27,-99.7284,37.3727, 127.4,15018,-64.5,-88.2,-83.4,  3,  5, 0.00,329,16.9
2026-03-20 23:55:28,-99.7283,37.3726, 127.3,15022,-64.5,-88.2,-83.4,  3,  5, 0.00,329,16.9
2026-03-20 23:55:30,-99.7281,37.3723, 127.2,15031,-64.5,-88.2,-83.5,  3,  5, 0.00,329,17.0
2026-03-20 23:55:31,-99.7280,37.3722, 127.1,15034,-64.5,-88.2,-83.5,  3,  5, 0.00,329,17.1
2026-03-20 23:55:32,-99.7279,37.3721, 127.0,15039,-64.5,-88.3,-83.5,  3,  5, 0.00,329,17.1
2026-03-20 23:55:33,-99.7278,37.3719, 126.9,15043,-64.5,-88.3,-83.5,  3,  5, 0.00,329,17.1
2026-03-20 23:55:34,-99.7277,37.3718, 126.8,15048,-64.5,-88.3,-83.6,  3,  5, 0.00,329,17.2
2026-03-20 23:55:35,-99.7276,37.3717, 126.7,15052,-64.6,-88.3,-83.6,  3,  5, 0.00,329,17.2
2026-03-20 23:55:36,-99.7275,37.3715, 126.6,15056,-64.6,-88.4,-83.6,  3,  5, 0.00,329,17.2
2026-03-20 23:55:37,-99.7274,37.3714, 126.5,15060,-64.6,-88.4,-83.6,  3,  5, 0.00,329,17.2
2026-03-20 23:55:39,-99.7272,37.3711, 126.4,15068,-64.6,-88.4,-83.6,  3,  5, 0.00,329,17.3
2026-03-20 23:55:40,-99.7271,37.3710, 126.3,15073,-64.6,-88.4,-83.6,  3,  5, 0.00,329,17.3
2026-03-20 23:55:41,-99.7269,37.3708, 126.2,15077,-64.6,-88.3,-83.6,  3,  5, 0.00,329,17.3
2026-03-20 23:55:42,-99.7268,37.3707, 126.1,15082,-64.6,-88.3,-83.6,  3,  5, 0.00,329,17.3
2026-03-20 23:55:43,-99.7267,37.3706, 126.0,15086,-64.7,-88.3,-83.6,  3,  5, 0.00,329,17.3
2026-03-20 23:55:44,-99.7266,37.3705, 125.9,15090,-64.7,-88.3,-83.6,  3,  5, 0.00,329,17.3
2026-03-20 23:55:46,-99.7264,37.3702, 125.8,15098,-64.8,-88.4,-83.6,  3,  5, 0.00,329,17.2
2026-03-20 23:55:47,-99.7263,37.3700, 125.7,15102,-64.8,-88.4,-83.6,  3,  5, 0.00,329,17.2
2026-03-20 23:55:48,-99.7262,37.3699, 125.6,15106,-64.8,-88.4,-83.6,  3,  5, 0.00,329,17.2
2026-03-20 23:55:49,-99.7261,37.3698, 125.5,15110,-64.8,-88.4,-83.6,  3,  5, 0.00,329,17.2
2026-03-20 23:55:50,-99.7260,37.3696, 125.4,15115,-64.8,-88.4,-83.6,  3,  5, 0.00,329,17.1
2026-03-20 23:55:51,-99.7259,37.3695, 125.3,15119,-64.9,-88.4,-83.6,  3,  5, 0.00,329,17.1
2026-03-20 23:55:52,-99.7258,37.3694, 125.2,15124,-64.9,-88.4,-83.6,  3,  5, 0.00,329,17.0
2026-03-20 23:55:54,-99.7257,37.3691, 125.1,15132,-64.9,-88.4,-83.6,  3,  5, 0.00,329,16.9
2026-03-20 23:55:55,-99.7256,37.3690, 125.0,15136,-64.9,-88.4,-83.6,  3,  5, 0.00,329,16.9
2026-03-20 23:55:56,-99.7255,37.3688, 124.9,15140,-64.9,-88.4,-83.6,  3,  5, 0.00,329,16.8
2026-03-20 23:55:57,-99.7254,37.3687, 124.8,15144,-65.0,-88.4,-83.6,  3,  5, 0.00,329,16.7
2026-03-20 23:55:58,-99.7253,37.3686, 124.7,15148,-65.0,-88.4,-83.6,  3,  5, 0.00,329,16.7
2026-03-20 23:56:00,-99.7250,37.3683, 124.6,15157,-65.1,-88.4,-83.7,  3,  5, 0.00,329,16.5
2026-03-20 23:56:01,-99.7249,37.3682, 124.5,15162,-65.1,-88.5,-83.7,  3,  5, 0.00,329,16.5
2026-03-20 23:56:02,-99.7248,37.3681, 124.4,15166,-65.1,-88.5,-83.7,  3,  5, 0.00,329,16.4
2026-03-20 23:56:03,-99.7247,37.3680, 124.3,15170,-65.1,-88.4,-83.7,  3,  6, 0.00,329,16.3
2026-03-20 23:56:04,-99.7247,37.3678, 124.2,15175,-65.1,-88.4,-83.7,  3,  6, 0.00,329,16.2
2026-03-20 23:56:05,-99.7246,37.3677, 124.1,15179,-65.1,-88.4,-83.6,  3,  6, 0.00,329,16.2
2026-03-20 23:56:06,-99.7245,37.3676, 124.0,15183,-65.2,-88.4,-83.6,  3,  6, 0.00,329,16.1
2026-03-20 23:56:07,-99.7244,37.3674, 123.9,15187,-65.2,-88.4,-83.6,  3,  6, 0.00,329,16.0
2026-03-20 23:56:09,-99.7242,37.3672, 123.8,15195,-65.3,-88.4,-83.6,  3,  6, 0.00,329,15.8
2026-03-20 23:56:10,-99.7241,37.3671, 123.7,15199,-65.3,-88.4,-83.6,  3,  6, 0.00,329,15.7
2026-03-20 23:56:11,-99.7241,37.3670, 123.6,15203,-65.4,-88.4,-83.6,  3,  6, 0.00,329,15.7
2026-03-20 23:56:12,-99.7240,37.3669, 123.5,15207,-65.4,-88.4,-83.6,  3,  6, 0.00,329,15.6
2026-03-20 23:56:14,-99.7238,37.3666, 123.4,15215,-65.4,-88.4,-83.6,  3,  6, 0.00,329,15.4
2026-03-20 23:56:15,-99.7237,37.3665, 123.3,15219,-65.5,-88.4,-83.6,  3,  6, 0.00,329,15.4
2026-03-20 23:56:16,-99.7236,37.3664, 123.2,15223,-65.5,-88.4,-83.7,  3,  6, 0.00,329,15.3
2026-03-20 23:56:17,-99.7235,37.3663, 123.1,15228,-65.5,-88.4,-83.7,  3,  6, 0.00,329,15.2
2026-03-20 23:56:18,-99.7234,37.3661, 123.0,15233,-65.6,-88.5,-83.7,  3,  6, 0.00,329,15.1
2026-03-20 23:56:19,-99.7234,37.3660, 122.9,15238,-65.6,-88.5,-83.7,  3,  6, 0.00,329,15.1
2026-03-20 23:56:20,-99.7233,37.3659, 122.8,15242,-65.6,-88.5,-83.7,  3,  6, 0.00,329,15.0
2026-03-20 23:56:21,-99.7232,37.3658, 122.7,15247,-65.6,-88.5,-83.7,  3,  6, 0.00,329,14.9
2026-03-20 23:56:22,-99.7231,37.3657, 122.6,15251,-65.7,-88.5,-83.7,  3,  6, 0.00,329,14.8
2026-03-20 23:56:24,-99.7229,37.3655, 122.5,15259,-65.7,-88.5,-83.7,  3,  6, 0.00,328,14.7
2026-03-20 23:56:25,-99.7229,37.3654, 122.4,15263,-65.8,-88.5,-83.7,  3,  6, 0.00,328,14.6
2026-03-20 23:56:26,-99.7228,37.3653, 122.3,15267,-65.8,-88.5,-83.7,  3,  6, 0.00,328,14.6
2026-03-20 23:56:27,-99.7227,37.3652, 122.2,15272,-65.8,-88.5,-83.7,  3,  6, 0.00,328,14.5
2026-03-20 23:56:28,-99.7226,37.3650, 122.1,15276,-65.8,-88.5,-83.7,  3,  6, 0.00,328,14.5
2026-03-20 23:56:30,-99.7224,37.3648, 122.0,15285,-65.9,-88.5,-83.7,  3,  6, 0.00,328,14.3
2026-03-20 23:56:31,-99.7223,37.3647, 121.9,15289,-66.0,-88.5,-83.7,  3,  6, 0.00,328,14.3
2026-03-20 23:56:32,-99.7222,37.3646, 121.8,15294,-66.0,-88.4,-83.7,  3,  6, 0.00,328,14.2
2026-03-20 23:56:33,-99.7222,37.3645, 121.7,15298,-66.0,-88.4,-83.7,  3,  6, 0.00,327,14.1
2026-03-20 23:56:34,-99.7221,37.3644, 121.6,15302,-66.1,-88.4,-83.7,  3,  6, 0.00,327,14.1
2026-03-20 23:56:35,-99.7220,37.3643, 121.5,15306,-66.1,-88.5,-83.7,  3,  6, 0.00,327,14.0
2026-03-20 23:56:37,-99.7218,37.3641, 121.4,15314,-66.2,-88.5,-83.7,  3,  6, 0.00,327,13.8
2026-03-20 23:56:38,-99.7217,37.3640, 121.3,15318,-66.2,-88.5,-83.7,  3,  6, 0.00,327,13.8
2026-03-20 23:56:39,-99.7216,37.3639, 121.2,15322,-66.2,-88.5,-83.7,  3,  6, 0.00,327,13.7
2026-03-20 23:56:40,-99.7215,37.3638, 121.1,15326,-66.3,-88.5,-83.7,  3,  6, 0.00,327,13.6
2026-03-20 23:56:42,-99.7214,37.3636, 121.0,15334,-66.4,-88.5,-83.8,  3,  6, 0.00,326,13.4
2026-03-20 23:56:43,-99.7213,37.3635, 120.9,15338,-66.4,-88.6,-83.8,  3,  6, 0.00,326,13.4
2026-03-20 23:56:44,-99.7212,37.3634, 120.8,15342,-66.4,-88.6,-83.8,  3,  6, 0.00,326,13.3
2026-03-20 23:56:45,-99.7211,37.3633, 120.7,15346,-66.5,-88.6,-83.8,  3,  7, 0.00,326,13.2
2026-03-20 23:56:47,-99.7210,37.3631, 120.6,15355,-66.5,-88.6,-83.9,  3,  7, 0.00,326,13.0
2026-03-20 23:56:48,-99.7209,37.3630, 120.5,15359,-66.6,-88.6,-83.9,  3,  7, 0.00,326,12.9
2026-03-20 23:56:49,-99.7208,37.3629, 120.4,15364,-66.6,-88.7,-83.9,  3,  7, 0.00,325,12.8
2026-03-20 23:56:50,-99.7207,37.3628, 120.3,15368,-66.6,-88.7,-83.9,  3,  7, 0.00,325,12.7
2026-03-20 23:56:51,-99.7206,37.3627, 120.2,15372,-66.7,-88.7,-83.9,  3,  7, 0.00,325,12.6
2026-03-20 23:56:52,-99.7206,37.3626, 120.1,15377,-66.7,-88.7,-83.9,  3,  7, 0.00,325,12.5
2026-03-20 23:56:53,-99.7205,37.3625, 120.0,15381,-66.7,-88.7,-83.9,  3,  7, 0.00,325,12.4
2026-03-20 23:56:55,-99.7203,37.3623, 119.9,15390,-66.7,-88.7,-83.9,  3,  7, 0.00,325,12.2
2026-03-20 23:56:56,-99.7202,37.3622, 119.8,15394,-66.8,-88.7,-84.0,  3,  7, 0.00,325,12.2
2026-03-20 23:56:57,-99.7202,37.3621, 119.7,15398,-66.8,-88.7,-84.0,  3,  7, 0.00,325,12.1
2026-03-20 23:56:58,-99.7201,37.3621, 119.6,15403,-66.8,-88.7,-84.0,  3,  7, 0.00,325,12.0
2026-03-20 23:56:59,-99.7200,37.3620, 119.5,15407,-66.8,-88.8,-84.0,  3,  7, 0.00,325,11.9
2026-03-20 23:57:00,-99.7199,37.3619, 119.4,15412,-66.8,-88.8,-84.0,  3,  7, 0.00,325,11.8
2026-03-20 23:57:02,-99.7198,37.3617, 119.3,15420,-66.8,-88.8,-84.1,  3,  7, 0.00,325,11.6
2026-03-20 23:57:03,-99.7197,37.3616, 119.2,15424,-66.8,-88.8,-84.1,  3,  7, 0.00,325,11.5
2026-03-20 23:57:04,-99.7196,37.3616, 119.1,15428,-66.8,-88.8,-84.1,  3,  7, 0.00,325,11.4
2026-03-20 23:57:05,-99.7195,37.3615, 119.0,15432,-66.8,-88.8,-84.1,  3,  7, 0.00,325,11.3
2026-03-20 23:57:06,-99.7195,37.3614, 118.9,15437,-66.8,-88.8,-84.1,  3,  7, 0.00,325,11.2
2026-03-20 23:57:08,-99.7193,37.3612, 118.8,15446,-66.8,-88.9,-84.1,  3,  7, 0.00,326,11.1
2026-03-20 23:57:09,-99.7193,37.3612, 118.7,15451,-66.9,-88.9,-84.1,  3,  7, 0.00,326,11.0
2026-03-20 23:57:10,-99.7192,37.3611, 118.6,15455,-66.9,-88.9,-84.1,  3,  7, 0.00,326,11.0
2026-03-20 23:57:11,-99.7191,37.3610, 118.5,15459,-66.9,-88.9,-84.2,  3,  7, 0.00,326,10.9
2026-03-20 23:57:12,-99.7191,37.3609, 118.4,15464,-66.9,-88.9,-84.2,  3,  7, 0.00,326,10.9
2026-03-20 23:57:13,-99.7190,37.3608, 118.3,15468,-66.9,-88.9,-84.2,  3,  7, 0.00,326,10.8
2026-03-20 23:57:14,-99.7189,37.3607, 118.2,15472,-66.9,-88.9,-84.2,  3,  7, 0.00,326,10.8
2026-03-20 23:57:16,-99.7188,37.3606, 118.1,15481,-66.9,-89.0,-84.2,  3,  7, 0.00,326,10.7
2026-03-20 23:57:17,-99.7188,37.3605, 118.0,15485,-66.9,-89.0,-84.2,  3,  7, 0.00,326,10.7
2026-03-20 23:57:18,-99.7187,37.3604, 117.9,15489,-66.9,-89.0,-84.2,  3,  6, 0.00,326,10.7
2026-03-20 23:57:19,-99.7187,37.3604, 117.8,15494,-67.0,-89.0,-84.3,  3,  6, 0.00,325,10.7
2026-03-20 23:57:20,-99.7186,37.3603, 117.7,15498,-67.0,-89.0,-84.3,  3,  7, 0.00,325,10.7
2026-03-20 23:57:22,-99.7185,37.3601, 117.6,15507,-67.0,-89.1,-84.3,  3,  7, 0.00,325,10.7
2026-03-20 23:57:23,-99.7184,37.3601, 117.5,15512,-67.1,-89.1,-84.3,  3,  7, 0.00,325,10.7
2026-03-20 23:57:24,-99.7184,37.3600, 117.4,15516,-67.1,-89.1,-84.4,  3,  7, 0.00,325,10.8
2026-03-20 23:57:25,-99.7183,37.3599, 117.3,15520,-67.2,-89.1,-84.4,  3,  7, 0.00,324,10.8
2026-03-20 23:57:26,-99.7182,37.3598, 117.2,15525,-67.2,-89.2,-84.4,  3,  7, 0.00,324,10.8
2026-03-20 23:57:27,-99.7181,37.3597, 117.1,15529,-67.3,-89.2,-84.4,  3,  7, 0.00,324,10.8
2026-03-20 23:57:28,-99.7180,37.3596, 117.0,15534,-67.3,-89.2,-84.4,  3,  7, 0.00,324,10.9
2026-03-20 23:57:30,-99.7179,37.3595, 116.9,15542,-67.4,-89.2,-84.4,  3,  7, 0.00,323,10.9
2026-03-20 23:57:31,-99.7178,37.3594, 116.8,15547,-67.4,-89.2,-84.5,  3,  7, 0.00,323,11.0
2026-03-20 23:57:32,-99.7177,37.3593, 116.7,15551,-67.4,-89.2,-84.5,  3,  7, 0.00,323,11.0
2026-03-20 23:57:33,-99.7177,37.3593, 116.6,15555,-67.4,-89.2,-84.5,  3,  7, 0.00,322,11.1
2026-03-20 23:57:34,-99.7176,37.3592, 116.5,15560,-67.4,-89.2,-84.5,  3,  7, 0.00,322,11.1
2026-03-20 23:57:36,-99.7174,37.3590, 116.4,15568,-67.4,-89.2,-84.5,  3,  7, 0.00,322,11.2
2026-03-20 23:57:37,-99.7173,37.3589, 116.3,15572,-67.4,-89.2,-84.4,  3,  7, 0.00,322,11.2
2026-03-20 23:57:38,-99.7173,37.3589, 116.2,15577,-67.3,-89.2,-84.4,  3,  7, 0.00,322,11.2
2026-03-20 23:57:39,-99.7172,37.3588, 116.1,15581,-67.3,-89.1,-84.4,  3,  7, 0.00,321,11.3
2026-03-20 23:57:41,-99.7170,37.3586, 116.0,15590,-67.3,-89.1,-84.3,  3,  7, 0.00,321,11.3
2026-03-20 23:57:42,-99.7169,37.3586, 115.9,15594,-67.3,-89.1,-84.3,  3,  7, 0.00,321,11.3
2026-03-20 23:57:43,-99.7168,37.3585, 115.8,15599,-67.3,-89.1,-84.4,  3,  7, 0.00,321,11.4
2026-03-20 23:57:44,-99.7167,37.3584, 115.7,15603,-67.3,-89.1,-84.4,  4,  7, 0.00,321,11.4
2026-03-20 23:57:45,-99.7167,37.3583, 115.6,15607,-67.3,-89.1,-84.4,  4,  7, 0.00,321,11.4
2026-03-20 23:57:47,-99.7165,37.3581, 115.5,15615,-67.4,-89.2,-84.4,  4,  7, 0.00,321,11.5
2026-03-20 23:57:48,-99.7164,37.3581, 115.4,15620,-67.4,-89.2,-84.4,  4,  7, 0.00,321,11.5
2026-03-20 23:57:49,-99.7164,37.3580, 115.3,15624,-67.4,-89.2,-84.4,  4,  7, 0.00,321,11.6
2026-03-20 23:57:50,-99.7163,37.3579, 115.2,15629,-67.5,-89.2,-84.4,  4,  7, 0.00,321,11.6
2026-03-20 23:57:51,-99.7162,37.3578, 115.1,15633,-67.5,-89.2,-84.4,  4,  7, 0.00,321,11.6
2026-03-20 23:57:52,-99.7162,37.3578, 115.0,15637,-67.6,-89.2,-84.5,  4,  7, 0.00,321,11.7
2026-03-20 23:57:54,-99.7160,37.3576, 114.9,15646,-67.7,-89.3,-84.5,  4,  7, 0.00,321,11.8
2026-03-20 23:57:55,-99.7159,37.3575, 114.8,15650,-67.7,-89.3,-84.5,  4,  7, 0.00,321,11.8
2026-03-20 23:57:56,-99.7158,37.3574, 114.7,15655,-67.8,-89.3,-84.5,  4,  7, 0.00,321,11.8
2026-03-20 23:57:57,-99.7157,37.3573, 114.6,15659,-67.8,-89.3,-84.5,  4,  7, 0.00,320,11.9
2026-03-20 23:57:59,-99.7155,37.3572, 114.5,15667,-67.8,-89.3,-84.5,  4,  7, 0.00,320,12.0
2026-03-20 23:58:00,-99.7154,37.3571, 114.4,15672,-67.9,-89.2,-84.5,  4,  7, 0.00,320,12.0
2026-03-20 23:58:01,-99.7154,37.3570, 114.3,15676,-67.9,-89.2,-84.5,  4,  7, 0.00,320,12.0
2026-03-20 23:58:02,-99.7153,37.3569, 114.2,15680,-67.9,-89.2,-84.5,  4,  7, 0.00,320,12.1
2026-03-20 23:58:03,-99.7152,37.3569, 114.1,15685,-67.9,-89.2,-84.5,  4,  7, 0.00,320,12.1
2026-03-20 23:58:05,-99.7150,37.3567, 114.0,15694,-68.0,-89.3,-84.5,  4,  7, 0.00,319,12.2
2026-03-20 23:58:06,-99.7149,37.3566, 113.9,15698,-68.0,-89.3,-84.5,  4,  7, 0.00,319,12.2
2026-03-20 23:58:07,-99.7148,37.3565, 113.8,15702,-68.1,-89.3,-84.5,  4,  7, 0.00,319,12.3
2026-03-20 23:58:09,-99.7146,37.3563, 113.7,15709,-68.1,-89.3,-84.6,  4,  7, 0.00,318,12.3
2026-03-20 23:58:10,-99.7145,37.3563, 113.6,15713,-68.1,-89.3,-84.6,  4,  7, 0.00,318,12.3
2026-03-20 23:58:11,-99.7144,37.3562, 113.5,15718,-68.1,-89.4,-84.6,  4,  7, 0.00,318,12.4
2026-03-20 23:58:12,-99.7144,37.3561, 113.4,15723,-68.2,-89.4,-84.6,  4,  7, 0.00,318,12.4
2026-03-20 23:58:13,-99.7143,37.3560, 113.3,15728,-68.2,-89.4,-84.7,  4,  7, 0.00,317,12.4
2026-03-20 23:58:14,-99.7142,37.3559, 113.2,15732,-68.2,-89.4,-84.7,  4,  7, 0.00,317,12.4
2026-03-20 23:58:16,-99.7140,37.3558, 113.1,15741,-68.3,-89.5,-84.7,  4,  7, 0.00,316,12.4
2026-03-20 23:58:17,-99.7139,37.3557, 113.0,15745,-68.4,-89.5,-84.8,  4,  7, 0.00,316,12.5
2026-03-20 23:58:18,-99.7138,37.3556, 112.9,15748,-68.4,-89.5,-84.8,  4,  7, 0.00,316,12.5
2026-03-20 23:58:20,-99.7136,37.3555, 112.8,15756,-68.4,-89.6,-84.8,  4,  7, 0.00,315,12.5
2026-03-20 23:58:21,-99.7135,37.3554, 112.7,15760,-68.5,-89.6,-84.8,  4,  7, 0.00,315,12.5
2026-03-20 23:58:23,-99.7133,37.3552, 112.6,15768,-68.5,-89.6,-84.8,  4,  7, 0.00,314,12.5
2026-03-20 23:58:24,-99.7132,37.3552, 112.5,15773,-68.5,-89.6,-84.8,  4,  7, 0.00,314,12.5
2026-03-20 23:58:25,-99.7131,37.3551, 112.4,15778,-68.5,-89.6,-84.8,  4,  7, 0.00,313,12.6
2026-03-20 23:58:26,-99.7130,37.3550, 112.3,15782,-68.5,-89.6,-84.8,  4,  7, 0.00,313,12.6
2026-03-20 23:58:27,-99.7129,37.3549, 112.2,15786,-68.5,-89.6,-84.8,  4,  7, 0.00,313,12.6
2026-03-20 23:58:28,-99.7128,37.3548, 112.1,15791,-68.6,-89.6,-84.8,  4,  7, 0.00,312,12.6
2026-03-20 23:58:30,-99.7126,37.3547, 112.0,15799,-68.6,-89.6,-84.9,  4,  7, 0.00,312,12.7
2026-03-20 23:58:31,-99.7125,37.3546, 111.9,15803,-68.6,-89.6,-84.9,  4,  7, 0.00,311,12.7
2026-03-20 23:58:32,-99.7123,37.3545, 111.8,15807,-68.7,-89.7,-84.9,  4,  7, 0.00,311,12.7
2026-03-20 23:58:34,-99.7122,37.3544, 111.7,15816,-68.7,-89.7,-84.9,  4,  7, 0.00,310,12.8
2026-03-20 23:58:35,-99.7121,37.3543, 111.6,15820,-68.8,-89.7,-85.0,  4,  7, 0.00,310,12.8
2026-03-20 23:58:36,-99.7119,37.3543, 111.5,15824,-68.8,-89.7,-85.0,  4,  8, 0.00,310,12.9
2026-03-20 23:58:37,-99.7118,37.3542, 111.4,15828,-68.9,-89.8,-85.0,  4,  8, 0.00,310,12.9
2026-03-20 23:58:39,-99.7116,37.3540, 111.3,15836,-68.9,-89.8,-85.0,  4,  8, 0.00,309,13.0
2026-03-20 23:58:40,-99.7115,37.3540, 111.2,15840,-68.9,-89.8,-85.0,  4,  8, 0.00,309,13.1
2026-03-20 23:58:42,-99.7112,37.3538, 111.1,15847,-68.9,-89.8,-85.0,  4,  8, 0.00,309,13.2
2026-03-20 23:58:43,-99.7111,37.3538, 111.0,15851,-68.9,-89.8,-85.1,  4,  8, 0.00,309,13.2
2026-03-20 23:58:45,-99.7109,37.3536, 110.9,15859,-69.0,-89.9,-85.1,  4,  8, 0.00,309,13.3
2026-03-20 23:58:46,-99.7108,37.3535, 110.8,15863,-69.0,-89.9,-85.2,  4,  8, 0.00,309,13.4
2026-03-20 23:58:47,-99.7106,37.3535, 110.7,15868,-69.1,-89.9,-85.2,  4,  8, 0.00,309,13.4
2026-03-20 23:58:48,-99.7105,37.3534, 110.6,15873,-69.1,-90.0,-85.2,  4,  8, 0.00,309,13.5
2026-03-20 23:58:49,-99.7104,37.3533, 110.5,15877,-69.1,-90.0,-85.3,  4,  8, 0.00,309,13.5
2026-03-20 23:58:51,-99.7101,37.3532, 110.4,15885,-69.2,-90.1,-85.3,  4,  8, 0.00,310,13.7
2026-03-20 23:58:52,-99.7100,37.3531, 110.3,15889,-69.2,-90.1,-85.3,  4,  8, 0.00,310,13.7
2026-03-20 23:58:53,-99.7099,37.3530, 110.2,15893,-69.3,-90.1,-85.3,  4,  8, 0.00,310,13.8
2026-03-20 23:58:55,-99.7097,37.3528, 110.1,15901,-69.2,-90.0,-85.3,  4,  8, 0.00,310,13.9
2026-03-20 23:58:56,-99.7096,37.3527, 110.0,15905,-69.2,-90.0,-85.3,  4,  8, 0.00,310,14.0
2026-03-20 23:58:57,-99.7095,37.3527, 109.9,15909,-69.2,-90.0,-85.3,  4,  8, 0.00,310,14.1
2026-03-20 23:58:59,-99.7092,37.3525, 109.8,15919,-69.2,-90.0,-85.3,  4,  8, 0.00,311,14.2
2026-03-20 23:59:00,-99.7091,37.3524, 109.7,15923,-69.2,-90.0,-85.3,  4,  8, 0.00,311,14.3
2026-03-20 23:59:01,-99.7090,37.3523, 109.6,15928,-69.2,-90.0,-85.3,  4,  8, 0.00,311,14.4
2026-03-20 23:59:02,-99.7088,37.3522, 109.5,15932,-69.3,-90.0,-85.3,  4,  8, 0.00,311,14.4
2026-03-20 23:59:04,-99.7086,37.3521, 109.4,15940,-69.3,-90.0,-85.3,  4,  8, 0.00,312,14.5
2026-03-20 23:59:05,-99.7085,37.3520, 109.3,15944,-69.3,-90.0,-85.3,  4,  8, 0.00,312,14.6
2026-03-20 23:59:06,-99.7084,37.3519, 109.2,15948,-69.3,-90.0,-85.3,  4,  8, 0.00,312,14.6
2026-03-20 23:59:08,-99.7081,37.3517, 109.1,15956,-69.3,-90.0,-85.3,  4,  8, 0.00,312,14.7
2026-03-20 23:59:09,-99.7080,37.3516, 109.0,15960,-69.3,-90.0,-85.3,  4,  8, 0.00,312,14.7
2026-03-20 23:59:10,-99.7078,37.3515, 108.9,15964,-69.3,-90.1,-85.3,  4,  8, 0.00,313,14.7
2026-03-20 23:59:12,-99.7076,37.3513, 108.8,15972,-69.4,-90.1,-85.4,  4,  8, 0.00,313,14.8
2026-03-20 23:59:13,-99.7075,37.3512, 108.7,15976,-69.4,-90.1,-85.4,  4,  8, 0.00,313,14.8
2026-03-20 23:59:15,-99.7072,37.3510, 108.6,15983,-69.5,-90.2,-85.4,  4,  8, 0.00,314,14.7
2026-03-20 23:59:16,-99.7071,37.3510, 108.5,15987,-69.5,-90.2,-85.4,  4,  8, 0.00,314,14.7
2026-03-20 23:59:17,-99.7069,37.3509, 108.4,15991,-69.5,-90.2,-85.4,  4,  8, 0.00,314,14.7
2026-03-20 23:59:19,-99.7067,37.3507, 108.3,16000,-69.6,-90.2,-85.5,  4,  8, 0.00,315,14.6
2026-03-20 23:59:20,-99.7066,37.3506, 108.2,16004,-69.6,-90.2,-85.5,  4,  8, 0.00,315,14.6
2026-03-20 23:59:21,-99.7065,37.3505, 108.1,16009,-69.6,-90.2,-85.5,  4,  8, 0.00,315,14.5
2026-03-20 23:59:22,-99.7063,37.3504, 108.0,16014,-69.6,-90.2,-85.4,  4,  8, 0.00,316,14.5
2026-03-20 23:59:23,-99.7062,37.3503, 107.9,16019,-69.6,-90.2,-85.4,  4,  8, 0.00,316,14.4
2026-03-20 23:59:24,-99.7061,37.3503, 107.8,16024,-69.6,-90.2,-85.4,  4,  8, 0.00,316,14.4
2026-03-20 23:59:26,-99.7059,37.3501, 107.7,16034,-69.6,-90.2,-85.5,  4,  8, 0.00,317,14.3
2026-03-20 23:59:27,-99.7058,37.3500, 107.6,16038,-69.7,-90.2,-85.5,  4,  8, 0.00,318,14.2
2026-03-20 23:59:28,-99.7057,37.3499, 107.5,16043,-69.7,-90.2,-85.5,  4,  8, 0.00,318,14.2
2026-03-20 23:59:29,-99.7056,37.3498, 107.4,16047,-69.7,-90.2,-85.5,  4,  8, 0.00,319,14.1
2026-03-20 23:59:31,-99.7054,37.3496, 107.3,16056,-69.6,-90.2,-85.5,  4,  8, 0.00,320,14.0
2026-03-20 23:59:32,-99.7053,37.3495, 107.2,16060,-69.6,-90.3,-85.5,  4,  8, 0.00,320,13.9
2026-03-20 23:59:33,-99.7052,37.3494, 107.1,16065,-69.6,-90.3,-85.5,  4,  8, 0.00,320,13.8
2026-03-20 23:59:34,-99.7051,37.3493, 107.0,16070,-69.7,-90.3,-85.5,  4,  8, 0.00,321,13.8
2026-03-20 23:59:36,-99.7049,37.3491, 106.9,16078,-69.7,-90.3,-85.6,  4,  8, 0.00,322,13.7
2026-03-20 23:59:37,-99.7048,37.3490, 106.8,16082,-69.7,-90.3,-85.6,  4,  8, 0.00,322,13.6
2026-03-20 23:59:38,-99.7047,37.3489, 106.7,16087,-69.8,-90.3,-85.6,  4,  8, 0.00,323,13.6
2026-03-20 23:59:39,-99.7046,37.3488, 106.6,16092,-69.8,-90.3,-85.5,  4,  8, 0.00,323,13.5
2026-03-20 23:59:40,-99.7045,37.3487, 106.5,16097,-69.8,-90.3,-85.5,  4,  8, 0.00,323,13.5
2026-03-20 23:59:42,-99.7044,37.3485, 106.4,16107,-69.8,-90.3,-85.5,  4,  8, 0.00,324,13.4
2026-03-20 23:59:43,-99.7043,37.3484, 106.3,16112,-69.8,-90.3,-85.5,  4,  8, 0.00,324,13.3
2026-03-20 23:59:44,-99.7042,37.3483, 106.2,16117,-69.9,-90.3,-85.5,  4,  8, 0.00,325,13.3
2026-03-20 23:59:45,-99.7041,37.3482, 106.1,16121,-69.9,-90.3,-85.5,  4,  8, 0.00,325,13.2
2026-03-20 23:59:46,-99.7040,37.3481, 106.0,16125,-70.0,-90.3,-85.6,  4,  8, 0.00,325,13.2
2026-03-20 23:59:48,-99.7039,37.3479, 105.9,16134,-70.0,-90.4,-85.6,  4,  8, 0.00,325,13.1
2026-03-20 23:59:49,-99.7038,37.3478, 105.8,16139,-70.1,-90.4,-85.6,  4,  8, 0.00,325,13.1
2026-03-20 23:59:50,-99.7037,37.3477, 105.7,16143,-70.1,-90.4,-85.7,  4,  8, 0.00,326,13.1
2026-03-20 23:59:51,-99.7037,37.3476, 105.6,16148,-70.2,-90.4,-85.7,  4,  8, 0.00,326,13.1
2026-03-20 23:59:52,-99.7036,37.3475, 105.5,16152,-70.2,-90.5,-85.7,  4,  8, 0.00,326,13.1
2026-03-20 23:59:54,-99.7034,37.3474, 105.4,16162,-70.2,-90.5,-85.7,  4,  8, 0.00,326,13.1
2026-03-20 23:59:55,-99.7034,37.3473, 105.3,16167,-70.2,-90.5,-85.7,  4,  8, 0.00,325,13.1
2026-03-20 23:59:56,-99.7033,37.3472, 105.2,16172,-70.1,-90.5,-85.7,  4,  8, 0.00,325,13.1
2026-03-20 23:59:57,-99.7032,37.3471, 105.1,16177,-70.1,-90.4,-85.7,  4,  8, 0.00,325,13.1
2026-03-20 23:59:58,-99.7031,37.3470, 105.0,16182,-70.0,-90.4,-85.6,  4,  8, 0.00,325,13.1
2026-03-20 23:59:59,-99.7030,37.3469, 104.9,16188,-70.0,-90.3,-85.6,  4,  8, 0.00,325,13.1
2026-03-21 00:00:00,-99.7029,37.3468, 104.8,16193,-70.0,-90.3,-85.6,  4,  8, 0.00,325,13.2
2026-03-21 00:00:01,-99.7029,37.3467, 104.7,16198,-70.0,-90.3,-85.6,  4,  8, 0.00,324,13.2
2026-03-21 00:00:03,-99.7027,37.3465, 104.6,16206,-70.1,-90.4,-85.6,  4,  8, 0.00,324,13.3
2026-03-21 00:00:04,-99.7026,37.3464, 104.5,16211,-70.1,-90.4,-85.6,  4,  8, 0.00,324,13.3
2026-03-21 00:00:05,-99.7026,37.3463, 104.4,16216,-70.2,-90.4,-85.7,  4,  8, 0.00,324,13.3
2026-03-21 00:00:07,-99.7024,37.3461, 104.3,16224,-70.2,-90.4,-85.6,  4,  8, 0.00,323,13.4
2026-03-21 00:00:08,-99.7023,37.3460, 104.2,16229,-70.3,-90.4,-85.6,  4,  8, 0.00,323,13.5
2026-03-21 00:00:09,-99.7022,37.3459, 104.1,16234,-70.3,-90.4,-85.6,  4,  8, 0.00,323,13.5
2026-03-21 00:00:10,-99.7021,37.3458, 104.0,16239,-70.3,-90.4,-85.6,  4,  8, 0.00,322,13.5
2026-03-21 00:00:11,-99.7020,37.3457, 103.9,16244,-70.4,-90.4,-85.6,  4,  8, 0.00,322,13.6
2026-03-21 00:00:13,-99.7018,37.3455, 103.8,16253,-70.4,-90.4,-85.6,  4,  9, 0.00,322,13.7
2026-03-21 00:00:14,-99.7017,37.3454, 103.7,16258,-70.5,-90.3,-85.6,  4,  9, 0.00,321,13.7
2026-03-21 00:00:15,-99.7016,37.3453, 103.6,16263,-70.5,-90.3,-85.6,  4,  9, 0.00,321,13.7
2026-03-21 00:00:16,-99.7015,37.3452, 103.5,16267,-70.5,-90.3,-85.6,  4,  9, 0.00,321,13.8
2026-03-21 00:00:18,-99.7013,37.3450, 103.4,16276,-70.6,-90.3,-85.6,  4,  9, 0.00,321,13.8
2026-03-21 00:00:19,-99.7012,37.3449, 103.3,16281,-70.6,-90.3,-85.6,  4,  9, 0.00,320,13.8
2026-03-21 00:00:20,-99.7011,37.3449, 103.2,16286,-70.7,-90.3,-85.6,  5,  9, 0.00,320,13.8
2026-03-21 00:00:21,-99.7010,37.3448, 103.1,16291,-70.7,-90.4,-85.6,  5,  9, 0.00,320,13.8
2026-03-21 00:00:22,-99.7009,37.3447, 103.0,16296,-70.8,-90.4,-85.6,  5,  9, 0.00,320,13.8
2026-03-21 00:00:23,-99.7008,37.3445, 102.9,16300,-70.8,-90.4,-85.7,  5,  9, 0.00,320,13.8
2026-03-21 00:00:25,-99.7006,37.3443, 102.8,16310,-70.9,-90.5,-85.7,  5,  9, 0.00,320,13.8
2026-03-21 00:00:26,-99.7005,37.3442, 102.7,16315,-71.0,-90.5,-85.7,  5,  9, 0.00,320,13.8
2026-03-21 00:00:27,-99.7004,37.3441, 102.6,16320,-71.0,-90.5,-85.7,  5,  9, 0.00,320,13.8
2026-03-21 00:00:28,-99.7003,37.3441, 102.5,16324,-71.1,-90.5,-85.8,  5,  9, 0.00,320,13.8
2026-03-21 00:00:30,-99.7001,37.3439, 102.4,16334,-71.1,-90.5,-85.8,  5,  9, 0.00,319,13.8
2026-03-21 00:00:31,-99.7000,37.3438, 102.3,16338,-71.2,-90.5,-85.8,  5,  9, 0.00,319,13.8
2026-03-21 00:00:32,-99.6998,37.3437, 102.2,16343,-71.2,-90.5,-85.8,  5,  9, 0.00,319,13.8
2026-03-21 00:00:33,-99.6997,37.3436, 102.1,16347,-71.2,-90.5,-85.7,  5,  9, 0.00,319,13.8
2026-03-21 00:00:35,-99.6995,37.3434, 102.0,16356,-71.2,-90.5,-85.7,  5,  9, 0.00,319,13.7
2026-03-21 00:00:36,-99.6995,37.3433, 101.9,16360,-71.2,-90.5,-85.7,  5,  9, 0.00,319,13.7
2026-03-21 00:00:37,-99.6994,37.3432, 101.8,16364,-71.2,-90.5,-85.7,  5,  9, 0.00,319,13.7
2026-03-21 00:00:39,-99.6992,37.3430, 101.7,16372,-71.2,-90.5,-85.7,  5,  9, 0.00,319,13.7
2026-03-21 00:00:40,-99.6991,37.3430, 101.6,16377,-71.2,-90.5,-85.8,  5,  9, 0.00,318,13.7
2026-03-21 00:00:41,-99.6990,37.3429, 101.5,16382,-71.2,-90.5,-85.8,  5,  9, 0.00,318,13.7
2026-03-21 00:00:42,-99.6989,37.3428, 101.4,16387,-71.2,-90.5,-85.8,  5,  9, 0.00,318,13.7
2026-03-21 00:00:43,-99.6988,37.3427, 101.3,16393,-71.2,-90.5,-85.8,  5,  9, 0.00,318,13.7
2026-03-21 00:00:45,-99.6985,37.3425, 101.2,16403,-71.2,-90.5,-85.8,  5,  9, 0.00,317,13.7
2026-03-21 00:00:46,-99.6984,37.3424, 101.1,16407,-71.1,-90.5,-85.8,  5,  9, 0.00,317,13.7
2026-03-21 00:00:47,-99.6983,37.3423, 101.0,16412,-71.2,-90.5,-85.8,  5,  9, 0.00,317,13.6
2026-03-21 00:00:49,-99.6982,37.3422, 100.9,16421,-71.2,-90.6,-85.9,  5,  9, 0.00,316,13.6
2026-03-21 00:00:50,-99.6981,37.3421, 100.8,16425,-71.2,-90.6,-85.9,  5,  9, 0.00,316,13.6
2026-03-21 00:00:51,-99.6980,37.3419, 100.7,16429,-71.3,-90.7,-85.9,  5,  9, 0.00,316,13.6
2026-03-21 00:00:52,-99.6978,37.3418, 100.6,16434,-71.3,-90.7,-85.9,  5,  9, 0.00,315,13.6
2026-03-21 00:00:54,-99.6976,37.3417, 100.5,16444,-71.3,-90.7,-86.0,  5,  9, 0.00,315,13.5
2026-03-21 00:00:55,-99.6975,37.3416, 100.4,16450,-71.2,-90.7,-85.9,  5,  9, 0.00,314,13.5
2026-03-21 00:00:56,-99.6974,37.3415, 100.3,16456,-71.2,-90.7,-85.9,  5,  9, 0.00,314,13.4
2026-03-21 00:00:57,-99.6973,37.3414, 100.2,16462,-71.2,-90.7,-85.9,  5,  9, 0.00,314,13.4
2026-03-21 00:00:58,-99.6972,37.3413, 100.1,16468,-71.2,-90.6,-85.9,  5,  9, 0.00,313,13.4
2026-03-21 00:00:59,-99.6971,37.3412, 100.0,16472,-71.2,-90.6,-85.9,  5,  9, 0.00,313,13.4
2026-03-21 00:01:00,-99.6969,37.3412,  99.9,16478,-71.2,-90.6,-85.8,  5,  9, 0.00,313,13.3
2026-03-21 00:01:01,-99.6968,37.3411,  99.8,16483,-71.2,-90.6,-85.8,  5,  9, 0.00,312,13.3
2026-03-21 00:01:02,-99.6967,37.3411,  99.7,16488,-71.2,-90.5,-85.8,  5,  9, 0.00,312,13.2
2026-03-21 00:01:03,-99.6966,37.3410,  99.6,16494,-71.2,-90.5,-85.8,  5,  9, 0.00,312,13.2
2026-03-21 00:01:04,-99.6965,37.3409,  99.5,16499,-71.2,-90.5,-85.8,  5,  9, 0.00,311,13.1
2026-03-21 00:01:06,-99.6963,37.3407,  99.4,16509,-71.3,-90.5,-85.8,  5,  9, 0.00,311,13.1
2026-03-21 00:01:07,-99.6962,37.3407,  99.3,16514,-71.3,-90.6,-85.8,  5,  9, 0.00,311,13.0
2026-03-21 00:01:08,-99.6961,37.3406,  99.2,16519,-71.4,-90.6,-85.8,  5, 10, 0.00,310,13.0
2026-03-21 00:01:09,-99.6960,37.3405,  99.1,16524,-71.4,-90.6,-85.8,  5, 10, 0.00,310,13.0
2026-03-21 00:01:11,-99.6957,37.3404,  99.0,16533,-71.5,-90.6,-85.8,  5, 10, 0.00,310,12.9
2026-03-21 00:01:12,-99.6956,37.3403,  98.9,16537,-71.6,-90.6,-85.8,  5, 10, 0.00,310,12.9
2026-03-21 00:01:13,-99.6955,37.3402,  98.8,16543,-71.6,-90.6,-85.8,  5, 10, 0.00,310,12.9
2026-03-21 00:01:14,-99.6954,37.3402,  98.7,16548,-71.6,-90.6,-85.8,  5, 10, 0.00,310,12.9
2026-03-21 00:01:15,-99.6952,37.3401,  98.6,16553,-71.7,-90.6,-85.9,  5, 10, 0.00,310,12.9
2026-03-21 00:01:16,-99.6951,37.3400,  98.5,16559,-71.7,-90.6,-85.9,  5, 10, 0.00,310,12.9
2026-03-21 00:01:18,-99.6949,37.3399,  98.4,16569,-71.8,-90.6,-85.9,  5, 10, 0.00,309,12.9
2026-03-21 00:01:19,-99.6948,37.3398,  98.3,16574,-71.9,-90.6,-85.9,  5, 10, 0.00,309,13.0
2026-03-21 00:01:20,-99.6947,37.3398,  98.2,16579,-71.9,-90.7,-85.9,  5, 10, 0.00,309,13.0
2026-03-21 00:01:21,-99.6946,37.3397,  98.1,16585,-72.0,-90.7,-85.9,  5, 10, 0.00,309,13.0
2026-03-21 00:01:22,-99.6945,37.3396,  98.0,16591,-72.0,-90.7,-85.9,  5, 10, 0.00,309,13.0
2026-03-21 00:01:23,-99.6944,37.3395,  97.9,16597,-72.1,-90.7,-85.9,  5, 10, 0.00,309,13.1
2026-03-21 00:01:24,-99.6943,37.3394,  97.8,16603,-72.2,-90.7,-86.0,  5, 10, 0.00,310,13.1
2026-03-21 00:01:25,-99.6942,37.3394,  97.7,16609,-72.2,-90.7,-86.0,  5, 11, 0.00,310,13.2
2026-03-21 00:01:26,-99.6940,37.3393,  97.6,16614,-72.3,-90.7,-86.0,  5, 11, 0.00,310,13.2
2026-03-21 00:01:28,-99.6938,37.3392,  97.5,16623,-72.4,-90.7,-85.9,  5, 11, 0.00,310,13.3
2026-03-21 00:01:29,-99.6937,37.3391,  97.4,16628,-72.4,-90.7,-85.9,  5, 11, 0.00,310,13.4
2026-03-21 00:01:30,-99.6936,37.3390,  97.3,16633,-72.4,-90.7,-85.9,  5, 11, 0.00,310,13.4
2026-03-21 00:01:31,-99.6935,37.3390,  97.2,16638,-72.5,-90.7,-85.9,  6, 11, 0.00,310,13.5
2026-03-21 00:01:32,-99.6934,37.3389,  97.1,16643,-72.5,-90.7,-85.9,  6, 11, 0.00,310,13.5
2026-03-21 00:01:34,-99.6931,37.3387,  97.0,16654,-72.6,-90.7,-85.9,  6, 11, 0.00,310,13.6
2026-03-21 00:01:35,-99.6930,37.3386,  96.9,16659,-72.7,-90.7,-85.9,  6, 11, 0.00,310,13.7
2026-03-21 00:01:36,-99.6929,37.3385,  96.8,16664,-72.7,-90.7,-86.0,  6, 11, 0.00,310,13.8
2026-03-21 00:01:37,-99.6927,37.3384,  96.7,16669,-72.8,-90.7,-86.0,  6, 12, 0.00,310,13.8
2026-03-21 00:01:38,-99.6926,37.3384,  96.6,16674,-72.9,-90.8,-86.0,  6, 12, 0.00,310,13.9
2026-03-21 00:01:39,-99.6925,37.3383,  96.5,16680,-72.9,-90.8,-86.0,  6, 12, 0.00,310,13.9
2026-03-21 00:01:40,-99.6924,37.3382,  96.4,16686,-73.0,-90.8,-86.0,  6, 12, 0.00,310,14.0
2026-03-21 00:01:41,-99.6923,37.3382,  96.3,16693,-73.0,-90.8,-86.0,  6, 12, 0.00,310,14.0
2026-03-21 00:01:42,-99.6922,37.3381,  96.2,16699,-73.0,-90.8,-86.0,  6, 12, 0.00,310,14.0
2026-03-21 00:01:43,-99.6920,37.3380,  96.1,16704,-73.0,-90.8,-86.0,  6, 12, 0.00,310,14.1
2026-03-21 00:01:45,-99.6918,37.3378,  96.0,16712,-73.1,-90.8,-86.1,  6, 12, 0.00,311,14.1
2026-03-21 00:01:46,-99.6916,37.3377,  95.9,16717,-73.2,-90.9,-86.1,  6, 12, 0.00,311,14.2
2026-03-21 00:01:48,-99.6914,37.3376,  95.8,16726,-73.2,-90.9,-86.1,  6, 12, 0.00,311,14.2
2026-03-21 00:01:49,-99.6912,37.3375,  95.7,16731,-73.2,-90.8,-86.1,  6, 12, 0.00,311,14.2
2026-03-21 00:01:50,-99.6911,37.3374,  95.6,16737,-73.1,-90.8,-86.0,  6, 12, 0.00,312,14.2
2026-03-21 00:01:51,-99.6910,37.3373,  95.5,16742,-73.1,-90.8,-86.0,  6, 12, 0.00,312,14.2
2026-03-21 00:01:52,-99.6909,37.3372,  95.4,16746,-73.0,-90.7,-86.0,  6, 12, 0.00,312,14.2
2026-03-21 00:01:54,-99.6907,37.3370,  95.3,16756,-73.0,-90.7,-86.0,  6, 12, 0.00,312,14.2
2026-03-21 00:01:55,-99.6905,37.3369,  95.2,16762,-73.0,-90.7,-86.0,  6, 12, 0.00,313,14.2
2026-03-21 00:01:56,-99.6904,37.3368,  95.1,16767,-73.1,-90.7,-86.0,  6, 12, 0.00,313,14.2
2026-03-21 00:01:57,-99.6903,37.3368,  95.0,16772,-73.1,-90.7,-86.0,  6, 12, 0.00,313,14.2
2026-03-21 00:01:59,-99.6901,37.3366,  94.9,16782,-73.2,-90.8,-86.0,  6, 12, 0.00,314,14.2
2026-03-21 00:02:00,-99.6900,37.3365,  94.8,16787,-73.2,-90.8,-86.0,  6, 12, 0.00,314,14.2
2026-03-21 00:02:01,-99.6899,37.3364,  94.7,16792,-73.3,-90.8,-86.1,  6, 12, 0.00,314,14.2
2026-03-21 00:02:02,-99.6897,37.3363,  94.6,16798,-73.3,-90.8,-86.1,  6, 12, 0.00,314,14.1
2026-03-21 00:02:03,-99.6896,37.3362,  94.5,16803,-73.3,-90.8,-86.1,  6, 12, 0.00,314,14.1
2026-03-21 00:02:04,-99.6895,37.3361,  94.4,16808,-73.4,-90.8,-86.1,  6, 12, 0.00,315,14.1
2026-03-21 00:02:06,-99.6893,37.3359,  94.3,16817,-73.4,-90.8,-86.1,  6, 12, 0.00,315,14.0
2026-03-21 00:02:07,-99.6892,37.3359,  94.2,16821,-73.5,-90.9,-86.1,  6, 12, 0.00,315,14.0
2026-03-21 00:02:09,-99.6889,37.3357,  94.1,16830,-73.6,-90.9,-86.1,  6, 13, 0.00,315,14.0
2026-03-21 00:02:10,-99.6888,37.3356,  94.0,16835,-73.6,-90.9,-86.1,  6, 13, 0.00,316,14.0
2026-03-21 00:02:11,-99.6887,37.3355,  93.9,16839,-73.6,-90.9,-86.1,  6, 13, 0.00,316,13.9
2026-03-21 00:02:13,-99.6885,37.3353,  93.8,16849,-73.7,-90.9,-86.1,  6, 13, 0.00,316,13.9
2026-03-21 00:02:14,-99.6884,37.3352,  93.7,16854,-73.7,-90.9,-86.1,  6, 13, 0.00,316,13.9
2026-03-21 00:02:15,-99.6883,37.3351,  93.6,16859,-73.7,-90.9,-86.1,  6, 13, 0.00,316,13.9
2026-03-21 00:02:17,-99.6881,37.3349,  93.5,16868,-73.7,-90.9,-86.1,  6, 13, 0.00,317,13.8
2026-03-21 00:02:18,-99.6880,37.3349,  93.4,16873,-73.8,-90.9,-86.1,  6, 13, 0.00,317,13.8
2026-03-21 00:02:19,-99.6879,37.3348,  93.3,16878,-73.8,-90.9,-86.1,  6, 13, 0.00,317,13.8
2026-03-21 00:02:20,-99.6878,37.3347,  93.2,16883,-73.8,-90.9,-86.2,  6, 13, 0.00,318,13.8
2026-03-21 00:02:22,-99.6876,37.3345,  93.1,16894,-73.9,-90.9,-86.2,  6, 13, 0.00,318,13.8
2026-03-21 00:02:23,-99.6875,37.3344,  93.0,16898,-74.0,-91.0,-86.2,  6, 13, 0.00,318,13.8
2026-03-21 00:02:24,-99.6874,37.3343,  92.9,16903,-74.0,-91.0,-86.2,  6, 13, 0.00,318,13.7
2026-03-21 00:02:26,-99.6872,37.3341,  92.8,16911,-74.1,-91.1,-86.3,  6, 13, 0.00,319,13.7
2026-03-21 00:02:27,-99.6871,37.3340,  92.7,16916,-74.1,-91.1,-86.3,  6, 13, 0.00,319,13.7
2026-03-21 00:02:28,-99.6870,37.3340,  92.6,16922,-74.2,-91.1,-86.4,  6, 13, 0.00,319,13.6
2026-03-21 00:02:29,-99.6869,37.3339,  92.5,16927,-74.2,-91.1,-86.4,  6, 13, 0.00,320,13.6
2026-03-21 00:02:30,-99.6868,37.3338,  92.4,16933,-74.2,-91.1,-86.4,  6, 13, 0.00,320,13.6
2026-03-21 00:02:32,-99.6865,37.3336,  92.3,16943,-74.3,-91.2,-86.5,  6, 13, 0.00,321,13.5
2026-03-21 00:02:33,-99.6865,37.3335,  92.2,16948,-74.3,-91.2,-86.5,  6, 13, 0.00,321,13.4
2026-03-21 00:02:34,-99.6864,37.3334,  92.1,16952,-74.3,-91.3,-86.5,  6, 13, 0.00,321,13.4
2026-03-21 00:02:36,-99.6862,37.3331,  92.0,16961,-74.3,-91.3,-86.6,  6, 13, 0.00,322,13.2
2026-03-21 00:02:37,-99.6861,37.3330,  91.9,16966,-74.3,-91.3,-86.6,  6, 13, 0.00,322,13.2
2026-03-21 00:02:39,-99.6859,37.3329,  91.8,16975,-74.3,-91.3,-86.6,  6, 13, 0.00,323,13.0
2026-03-21 00:02:40,-99.6858,37.3328,  91.7,16979,-74.3,-91.3,-86.6,  6, 13, 0.00,323,12.9
2026-03-21 00:02:41,-99.6857,37.3327,  91.6,16984,-74.3,-91.3,-86.6,  6, 13, 0.00,324,12.8
2026-03-21 00:02:43,-99.6855,37.3325,  91.5,16994,-74.3,-91.4,-86.6,  6, 13, 0.00,325,12.7
2026-03-21 00:02:44,-99.6855,37.3324,  91.4,17000,-74.2,-91.4,-86.6,  6, 13, 0.00,325,12.6
2026-03-21 00:02:45,-99.6854,37.3323,  91.3,17005,-74.2,-91.4,-86.6,  6, 13, 0.00,325,12.5
2026-03-21 00:02:46,-99.6853,37.3322,  91.2,17010,-74.1,-91.4,-86.6,  6, 13, 0.00,326,12.4
2026-03-21 00:02:48,-99.6851,37.3321,  91.1,17020,-74.1,-91.4,-86.6,  6, 12, 0.00,327,12.3
2026-03-21 00:02:49,-99.6851,37.3320,  91.0,17025,-74.0,-91.4,-86.6,  6, 12, 0.00,328,12.2
2026-03-21 00:02:50,-99.6850,37.3319,  90.9,17030,-74.0,-91.4,-86.7,  6, 12, 0.00,328,12.1
2026-03-21 00:02:52,-99.6849,37.3317,  90.8,17039,-74.0,-91.4,-86.7,  6, 12, 0.00,330,12.0
2026-03-21 00:02:53,-99.6848,37.3317,  90.7,17043,-74.0,-91.5,-86.7,  6, 12, 0.00,330,12.0
2026-03-21 00:02:54,-99.6847,37.3316,  90.6,17048,-74.0,-91.5,-86.8,  6, 12, 0.00,331,12.0
2026-03-21 00:02:56,-99.6846,37.3314,  90.5,17058,-73.9,-91.6,-86.8,  6, 12, 0.00,332,11.9
2026-03-21 00:02:57,-99.6845,37.3313,  90.4,17063,-73.9,-91.5,-86.8,  6, 12, 0.00,333,11.9
2026-03-21 00:02:58,-99.6845,37.3312,  90.3,17068,-73.8,-91.5,-86.8,  6, 12, 0.00,334,11.9
2026-03-21 00:03:00,-99.6844,37.3310,  90.2,17078,-73.5,-91.4,-86.6,  6, 11, 0.00,335,11.9
2026-03-21 00:03:01,-99.6843,37.3309,  90.1,17083,-73.4,-91.3,-86.6,  6, 11, 0.00,336,12.0
2026-03-21 00:03:02,-99.6843,37.3308,  90.0,17088,-73.4,-91.3,-86.6,  6, 11, 0.00,336,12.0
2026-03-21 00:03:04,-99.6842,37.3306,  89.9,17097,-73.4,-91.4,-86.6,  6, 11, 0.00,337,12.0
2026-03-21 00:03:05,-99.6841,37.3305,  89.8,17101,-73.4,-91.4,-86.7,  6, 11, 0.00,338,12.1
2026-03-21 00:03:06,-99.6841,37.3304,  89.7,17106,-73.4,-91.4,-86.7,  5, 11, 0.00,338,12.1
2026-03-21 00:03:08,-99.6840,37.3302,  89.6,17115,-73.3,-91.4,-86.7,  5, 11, 0.00,339,12.2
2026-03-21 00:03:09,-99.6840,37.3301,  89.5,17120,-73.3,-91.4,-86.6,  5, 11, 0.00,339,12.2
2026-03-21 00:03:11,-99.6839,37.3299,  89.4,17130,-73.2,-91.3,-86.6,  5, 11, 0.00,340,12.2
2026-03-21 00:03:12,-99.6838,37.3298,  89.3,17135,-73.2,-91.3,-86.6,  5, 11, 0.00,340,12.3
2026-03-21 00:03:13,-99.6838,37.3297,  89.2,17140,-73.1,-91.3,-86.6,  5, 11, 0.00,340,12.3
2026-03-21 00:03:15,-99.6837,37.3294,  89.1,17149,-73.1,-91.3,-86.5,  5, 11, 0.00,340,12.3
2026-03-21 00:03:16,-99.6837,37.3293,  89.0,17154,-73.2,-91.3,-86.6,  5, 11, 0.00,340,12.3
2026-03-21 00:03:17,-99.6836,37.3292,  88.9,17158,-73.2,-91.3,-86.6,  5, 11, 0.00,340,12.3
2026-03-21 00:03:19,-99.6836,37.3290,  88.8,17168,-73.2,-91.3,-86.6,  5, 11, 0.00,340,12.3
2026-03-21 00:03:20,-99.6835,37.3289,  88.7,17172,-73.1,-91.3,-86.5,  5, 11, 0.00,340,12.3
2026-03-21 00:03:22,-99.6834,37.3287,  88.6,17182,-73.1,-91.2,-86.5,  5, 11, 0.00,340,12.3
2026-03-21 00:03:23,-99.6834,37.3286,  88.5,17187,-73.1,-91.2,-86.5,  5, 11, 0.00,339,12.3
2026-03-21 00:03:24,-99.6833,37.3285,  88.4,17192,-73.1,-91.2,-86.5,  5, 11, 0.00,339,12.2
2026-03-21 00:03:26,-99.6832,37.3283,  88.3,17202,-73.2,-91.3,-86.5,  6, 11, 0.00,339,12.2
2026-03-21 00:03:27,-99.6832,37.3282,  88.2,17207,-73.2,-91.3,-86.5,  6, 11, 0.00,338,12.2
2026-03-21 00:03:28,-99.6831,37.3281,  88.1,17211,-73.2,-91.2,-86.5,  6, 11, 0.00,338,12.2
2026-03-21 00:03:30,-99.6830,37.3279,  88.0,17220,-73.2,-91.2,-86.5,  6, 11, 0.00,338,12.2
2026-03-21 00:03:31,-99.6829,37.3278,  87.9,17225,-73.2,-91.3,-86.5,  6, 11, 0.00,338,12.2
2026-03-21 00:03:33,-99.6828,37.3276,  87.8,17234,-73.3,-91.3,-86.5,  6, 11, 0.00,337,12.2
2026-03-21 00:03:34,-99.6828,37.3275,  87.7,17239,-73.3,-91.3,-86.5,  6, 11, 0.00,337,12.2
2026-03-21 00:03:36,-99.6827,37.3273,  87.6,17248,-73.4,-91.3,-86.6,  6, 11, 0.00,337,12.2
2026-03-21 00:03:37,-99.6826,37.3272,  87.5,17253,-73.4,-91.3,-86.6,  6, 11, 0.00,337,12.2
2026-03-21 00:03:38,-99.6826,37.3271,  87.4,17258,-73.5,-91.3,-86.6,  6, 11, 0.00,337,12.2
2026-03-21 00:03:40,-99.6825,37.3269,  87.3,17267,-73.6,-91.4,-86.6,  6, 11, 0.00,337,12.3
2026-03-21 00:03:41,-99.6824,37.3268,  87.2,17271,-73.6,-91.4,-86.6,  6, 12, 0.00,337,12.3
2026-03-21 00:03:43,-99.6823,37.3266,  87.1,17280,-73.5,-91.3,-86.6,  6, 12, 0.00,337,12.4
2026-03-21 00:03:44,-99.6822,37.3265,  87.0,17285,-73.5,-91.3,-86.6,  6, 12, 0.00,337,12.4
2026-03-21 00:03:46,-99.6821,37.3263,  86.9,17295,-73.6,-91.3,-86.6,  6, 12, 0.00,337,12.5
2026-03-21 00:03:47,-99.6821,37.3262,  86.8,17299,-73.6,-91.3,-86.6,  6, 12, 0.00,337,12.5
2026-03-21 00:03:49,-99.6820,37.3260,  86.7,17306,-73.6,-91.4,-86.6,  6, 12, 0.00,338,12.6
2026-03-21 00:03:51,-99.6819,37.3258,  86.6,17316,-73.6,-91.4,-86.6,  6, 12, 0.00,338,12.7
2026-03-21 00:03:52,-99.6818,37.3257,  86.5,17321,-73.6,-91.3,-86.6,  6, 12, 0.00,338,12.8
2026-03-21 00:03:53,-99.6818,37.3256,  86.4,17326,-73.6,-91.3,-86.6,  6, 12, 0.00,338,12.8
2026-03-21 00:03:55,-99.6817,37.3253,  86.3,17335,-73.6,-91.3,-86.5,  6, 12, 0.00,338,12.9
2026-03-21 00:03:56,-99.6816,37.3252,  86.2,17339,-73.6,-91.3,-86.5,  6, 12, 0.00,338,13.0
2026-03-21 00:03:58,-99.6815,37.3250,  86.1,17347,-73.6,-91.3,-86.5,  6, 12, 0.00,338,13.1
2026-03-21 00:04:00,-99.6814,37.3248,  86.0,17355,-73.6,-91.3,-86.6,  6, 12, 0.00,339,13.2
2026-03-21 00:04:01,-99.6813,37.3247,  85.9,17360,-73.7,-91.3,-86.6,  6, 12, 0.00,339,13.2
2026-03-21 00:04:03,-99.6812,37.3245,  85.8,17371,-73.7,-91.4,-86.6,  6, 12, 0.00,339,13.3
2026-03-21 00:04:04,-99.6812,37.3244,  85.7,17376,-73.8,-91.4,-86.6,  6, 12, 0.00,339,13.3
2026-03-21 00:04:05,-99.6811,37.3242,  85.6,17381,-73.8,-91.4,-86.6,  6, 12, 0.00,339,13.3
2026-03-21 00:04:07,-99.6810,37.3240,  85.5,17389,-73.8,-91.4,-86.6,  6, 12, 0.00,339,13.4
2026-03-21 00:04:08,-99.6810,37.3239,  85.4,17393,-73.8,-91.4,-86.6,  6, 12, 0.00,339,13.4
2026-03-21 00:04:10,-99.6809,37.3237,  85.3,17402,-73.8,-91.4,-86.6,  6, 12, 0.00,339,13.4
2026-03-21 00:04:12,-99.6808,37.3234,  85.2,17410,-73.9,-91.4,-86.6,  6, 12, 0.00,339,13.4
2026-03-21 00:04:13,-99.6807,37.3233,  85.1,17414,-73.9,-91.4,-86.6,  6, 12, 0.00,339,13.4
2026-03-21 00:04:15,-99.6806,37.3231,  85.0,17422,-73.9,-91.4,-86.6,  6, 12, 0.00,339,13.4
2026-03-21 00:04:17,-99.6805,37.3228,  84.9,17431,-73.9,-91.4,-86.6,  6, 12, 0.00,339,13.4
2026-03-21 00:04:18,-99.6804,37.3227,  84.8,17435,-73.9,-91.4,-86.6,  6, 12, 0.00,338,13.4
2026-03-21 00:04:20,-99.6803,37.3225,  84.7,17444,-74.0,-91.4,-86.7,  6, 12, 0.00,338,13.4
2026-03-21 00:04:21,-99.6803,37.3224,  84.6,17448,-74.0,-91.4,-86.7,  6, 12, 0.00,338,13.4
2026-03-21 00:04:23,-99.6801,37.3222,  84.5,17457,-74.1,-91.5,-86.7,  6, 12, 0.00,338,13.4
2026-03-21 00:04:24,-99.6801,37.3221,  84.4,17461,-74.1,-91.5,-86.8,  6, 12, 0.00,337,13.3
2026-03-21 00:04:26,-99.6800,37.3219,  84.3,17470,-74.1,-91.6,-86.8,  6, 12, 0.00,337,13.3
2026-03-21 00:04:28,-99.6799,37.3216,  84.2,17478,-74.1,-91.6,-86.8,  6, 12, 0.00,336,13.3
2026-03-21 00:04:29,-99.6798,37.3215,  84.1,17483,-74.1,-91.6,-86.9,  6, 12, 0.00,336,13.3
2026-03-21 00:04:31,-99.6797,37.3213,  84.0,17493,-74.1,-91.6,-86.9,  6, 12, 0.00,335,13.3
2026-03-21 00:04:32,-99.6796,37.3212,  83.9,17497,-74.0,-91.6,-86.9,  6, 12, 0.00,334,13.3
2026-03-21 00:04:34,-99.6795,37.3210,  83.8,17507,-74.0,-91.6,-86.9,  6, 12, 0.00,333,13.3
2026-03-21 00:04:35,-99.6795,37.3209,  83.7,17511,-74.0,-91.6,-86.9,  6, 12, 0.00,333,13.3
2026-03-21 00:04:37,-99.6793,37.3207,  83.6,17520,-74.0,-91.7,-86.9,  6, 12, 0.00,332,13.3
2026-03-21 00:04:38,-99.6793,37.3206,  83.5,17525,-73.9,-91.7,-86.9,  6, 12, 0.00,331,13.3
2026-03-21 00:04:40,-99.6791,37.3204,  83.4,17534,-73.9,-91.7,-87.0,  6, 11, 0.00,330,13.3
2026-03-21 00:04:41,-99.6790,37.3203,  83.3,17539,-73.9,-91.7,-87.0,  6, 11, 0.00,330,13.3
2026-03-21 00:04:43,-99.6789,37.3201,  83.2,17548,-73.9,-91.8,-87.0,  6, 11, 0.00,329,13.4
2026-03-21 00:04:44,-99.6788,37.3200,  83.1,17552,-73.9,-91.8,-87.0,  6, 11, 0.00,329,13.4
2026-03-21 00:04:46,-99.6786,37.3198,  83.0,17560,-73.8,-91.7,-87.0,  5, 11, 0.00,328,13.4
2026-03-21 00:04:48,-99.6784,37.3196,  82.9,17569,-73.6,-91.7,-86.9,  5, 11, 0.00,328,13.3
2026-03-21 00:04:49,-99.6783,37.3195,  82.8,17574,-73.6,-91.6,-86.9,  5, 11, 0.00,327,13.3
2026-03-21 00:04:51,-99.6781,37.3193,  82.7,17583,-73.5,-91.6,-86.9,  5, 11, 0.00,327,13.3
2026-03-21 00:04:52,-99.6780,37.3192,  82.6,17587,-73.5,-91.7,-86.9,  5, 11, 0.00,327,13.3
2026-03-21 00:04:54,-99.6779,37.3190,  82.5,17596,-73.5,-91.7,-87.0,  5, 11, 0.00,327,13.2
2026-03-21 00:04:56,-99.6777,37.3188,  82.4,17605,-73.4,-91.7,-86.9,  5, 11, 0.00,328,13.1
2026-03-21 00:04:57,-99.6776,37.3187,  82.3,17609,-73.4,-91.7,-86.9,  5, 11, 0.00,328,13.1
2026-03-21 00:04:59,-99.6775,37.3185,  82.2,17619,-73.2,-91.6,-86.9,  5, 11, 0.00,328,13.0
2026-03-21 00:05:00,-99.6774,37.3184,  82.1,17624,-73.2,-91.6,-86.9,  5, 10, 0.00,329,12.9
2026-03-21 00:05:02,-99.6772,37.3182,  82.0,17634,-73.2,-91.6,-86.8,  5, 10, 0.00,330,12.9
2026-03-21 00:05:03,-99.6771,37.3181,  81.9,17638,-73.2,-91.6,-86.9,  5, 10, 0.00,330,12.8
2026-03-21 00:05:05,-99.6770,37.3179,  81.8,17646,-73.2,-91.6,-86.9,  5, 10, 0.00,331,12.7
2026-03-21 00:05:07,-99.6768,37.3177,  81.7,17654,-73.2,-91.7,-86.9,  5, 10, 0.00,332,12.6
2026-03-21 00:05:08,-99.6768,37.3176,  81.6,17658,-73.2,-91.7,-87.0,  5, 10, 0.00,333,12.6
2026-03-21 00:05:10,-99.6767,37.3174,  81.5,17667,-73.2,-91.7,-86.9,  5, 10, 0.00,334,12.5
2026-03-21 00:05:12,-99.6766,37.3172,  81.4,17676,-73.1,-91.6,-86.9,  5, 10, 0.00,335,12.5
2026-03-21 00:05:13,-99.6765,37.3171,  81.3,17681,-73.1,-91.6,-86.8,  5, 10, 0.00,336,12.5
2026-03-21 00:05:15,-99.6764,37.3169,  81.2,17690,-73.0,-91.5,-86.8,  5, 10, 0.00,337,12.5
2026-03-21 00:05:16,-99.6764,37.3168,  81.1,17694,-72.9,-91.5,-86.8,  5, 10, 0.00,338,12.5
2026-03-21 00:05:18,-99.6763,37.3166,  81.0,17702,-73.0,-91.5,-86.8,  5, 10, 0.00,339,12.5
2026-03-21 00:05:20,-99.6762,37.3164,  80.9,17712,-73.0,-91.6,-86.8,  5, 10, 0.00,340,12.5
2026-03-21 00:05:21,-99.6761,37.3163,  80.8,17717,-73.0,-91.6,-86.8,  5, 10, 0.00,340,12.5
2026-03-21 00:05:23,-99.6760,37.3161,  80.7,17727,-73.1,-91.6,-86.9,  5, 10, 0.00,341,12.6
2026-03-21 00:05:24,-99.6760,37.3160,  80.6,17732,-73.1,-91.6,-86.9,  5, 10, 0.00,341,12.6
2026-03-21 00:05:26,-99.6759,37.3158,  80.5,17742,-73.0,-91.6,-86.9,  5, 10, 0.00,342,12.6
2026-03-21 00:05:27,-99.6759,37.3156,  80.4,17747,-73.0,-91.6,-86.8,  5, 10, 0.00,342,12.7
2026-03-21 00:05:29,-99.6758,37.3154,  80.3,17756,-73.0,-91.5,-86.8,  5, 10, 0.00,343,12.7
2026-03-21 00:05:30,-99.6758,37.3153,  80.2,17760,-73.0,-91.5,-86.8,  5, 10, 0.00,343,12.7
2026-03-21 00:05:32,-99.6757,37.3150,  80.1,17770,-73.0,-91.6,-86.8,  5, 10, 0.00,344,12.8
2026-03-21 00:05:33,-99.6756,37.3149,  80.0,17775,-73.1,-91.6,-86.8,  5, 10, 0.00,344,12.8
2026-03-21 00:05:35,-99.6756,37.3147,  79.9,17784,-73.1,-91.6,-86.9,  5, 10, 0.00,344,12.8
2026-03-21 00:05:37,-99.6755,37.3145,  79.8,17792,-73.1,-91.6,-86.9,  5, 10, 0.00,345,12.7
2026-03-21 00:05:39,-99.6754,37.3143,  79.7,17799,-73.1,-91.6,-86.9,  5, 10, 0.00,345,12.7
2026-03-21 00:05:41,-99.6753,37.3141,  79.6,17806,-73.2,-91.7,-87.0,  5, 10, 0.00,346,12.6
2026-03-21 00:05:43,-99.6752,37.3138,  79.5,17814,-73.3,-91.8,-87.1,  5, 10, 0.00,346,12.4
2026-03-21 00:05:44,-99.6752,37.3137,  79.4,17819,-73.3,-91.8,-87.1,  5, 10, 0.00,346,12.3
2026-03-21 00:05:46,-99.6752,37.3135,  79.3,17830,-73.2,-91.8,-87.1,  5, 10, 0.00,347,12.1
2026-03-21 00:05:47,-99.6752,37.3134,  79.2,17835,-73.2,-91.8,-87.1,  5, 10, 0.00,347,12.0
2026-03-21 00:05:48,-99.6751,37.3133,  79.1,17840,-73.2,-91.8,-87.1,  5, 10, 0.00,347,11.9
2026-03-21 00:05:50,-99.6751,37.3130,  79.0,17851,-73.3,-91.9,-87.1,  5, 10, 0.00,347,11.6
2026-03-21 00:05:51,-99.6751,37.3129,  78.9,17856,-73.3,-91.9,-87.2,  5, 10, 0.00,347,11.5
2026-03-21 00:05:53,-99.6750,37.3127,  78.8,17865,-73.3,-92.0,-87.3,  5, 10, 0.00,347,11.1
2026-03-21 00:05:55,-99.6750,37.3125,  78.7,17874,-73.3,-92.1,-87.4,  5, 10, 0.00,347,10.8
2026-03-21 00:05:56,-99.6749,37.3124,  78.6,17879,-73.3,-92.1,-87.4,  5, 10, 0.00,347,10.6
2026-03-21 00:05:58,-99.6749,37.3122,  78.5,17888,-73.2,-92.1,-87.4,  5,  9, 0.00,346,10.2
2026-03-21 00:06:00,-99.6748,37.3121,  78.4,17896,-73.0,-92.1,-87.3,  5,  9, 0.00,346, 9.9
2026-03-21 00:06:01,-99.6748,37.3120,  78.3,17900,-72.8,-92.0,-87.3,  5,  9, 0.00,346, 9.7
2026-03-21 00:06:03,-99.6747,37.3118,  78.2,17908,-72.6,-91.9,-87.2,  4,  9, 0.00,345, 9.3
2026-03-21 00:06:05,-99.6747,37.3117,  78.1,17918,-72.2,-91.7,-87.0,  4,  9, 0.00,344, 9.0
2026-03-21 00:06:06,-99.6747,37.3116,  78.0,17923,-71.9,-91.6,-86.8,  4,  9, 0.00,344, 8.8
2026-03-21 00:06:08,-99.6746,37.3115,  77.9,17932,-71.6,-91.4,-86.7,  4,  8, 0.00,343, 8.6
2026-03-21 00:06:10,-99.6745,37.3114,  77.8,17941,-71.4,-91.4,-86.6,  4,  8, 0.00,343, 8.3
2026-03-21 00:06:11,-99.6745,37.3113,  77.7,17946,-71.4,-91.4,-86.6,  4,  8, 0.00,342, 8.2
2026-03-21 00:06:13,-99.6744,37.3112,  77.6,17955,-71.3,-91.4,-86.6,  4,  8, 0.00,342, 8.1
2026-03-21 00:06:15,-99.6744,37.3111,  77.5,17965,-71.4,-91.4,-86.6,  4,  8, 0.00,341, 8.0
2026-03-21 00:06:16,-99.6744,37.3110,  77.4,17970,-71.4,-91.4,-86.7,  4,  8, 0.00,341, 7.9
2026-03-21 00:06:18,-99.6743,37.3109,  77.3,17980,-71.5,-91.4,-86.7,  4,  8, 0.00,340, 7.9
2026-03-21 00:06:19,-99.6743,37.3108,  77.2,17985,-71.5,-91.5,-86.7,  4,  8, 0.00,340, 7.8
2026-03-21 00:06:21,-99.6742,37.3107,  77.1,17995,-71.5,-91.5,-86.7,  4,  8, 0.00,339, 7.8
2026-03-21 00:06:22,-99.6742,37.3106,  77.0,17999,-71.6,-91.4,-86.7,  4,  8, 0.00,339, 7.8
2026-03-21 00:06:24,-99.6741,37.3105,  76.9,18009,-71.6,-91.4,-86.7,  4,  8, 0.00,339, 7.8
2026-03-21 00:06:25,-99.6741,37.3104,  76.8,18014,-71.7,-91.4,-86.7,  4,  9, 0.00,338, 7.8
2026-03-21 00:06:27,-99.6740,37.3103,  76.7,18024,-71.8,-91.4,-86.7,  4,  9, 0.00,338, 7.9
2026-03-21 00:06:28,-99.6740,37.3102,  76.6,18029,-71.8,-91.4,-86.7,  4,  9, 0.00,337, 7.9
2026-03-21 00:06:30,-99.6739,37.3101,  76.5,18039,-71.8,-91.4,-86.7,  4,  9, 0.00,337, 8.0
2026-03-21 00:06:32,-99.6739,37.3100,  76.4,18050,-71.9,-91.4,-86.7,  4,  9, 0.00,336, 8.0
2026-03-21 00:06:33,-99.6739,37.3099,  76.3,18055,-71.9,-91.4,-86.7,  4,  9, 0.00,336, 8.0
2026-03-21 00:06:35,-99.6738,37.3097,  76.2,18063,-72.0,-91.4,-86.7,  4,  9, 0.00,335, 8.1
2026-03-21 00:06:37,-99.6737,37.3096,  76.1,18071,-72.1,-91.4,-86.7,  5,  9, 0.00,334, 8.1
2026-03-21 00:06:39,-99.6736,37.3095,  76.0,18079,-72.1,-91.4,-86.7,  5,  9, 0.00,333, 8.2
2026-03-21 00:06:40,-99.6736,37.3094,  75.9,18084,-72.2,-91.4,-86.7,  5,  9, 0.00,332, 8.2
2026-03-21 00:06:42,-99.6735,37.3093,  75.8,18095,-72.2,-91.4,-86.7,  5,  9, 0.00,331, 8.3
2026-03-21 00:06:43,-99.6734,37.3092,  75.7,18101,-72.3,-91.5,-86.7,  5,  9, 0.00,330, 8.4
2026-03-21 00:06:45,-99.6734,37.3091,  75.6,18110,-72.3,-91.5,-86.7,  5,  9, 0.00,329, 8.4
2026-03-21 00:06:46,-99.6733,37.3090,  75.5,18115,-72.4,-91.5,-86.7,  5,  9, 0.00,328, 8.5
2026-03-21 00:06:48,-99.6732,37.3089,  75.4,18123,-72.4,-91.5,-86.7,  5,  9, 0.00,326, 8.6
2026-03-21 00:06:50,-99.6731,37.3088,  75.3,18132,-72.5,-91.5,-86.8,  5, 10, 0.00,325, 8.7
2026-03-21 00:06:52,-99.6730,37.3087,  75.2,18142,-72.5,-91.5,-86.8,  5, 10, 0.00,323, 8.8
2026-03-21 00:06:53,-99.6729,37.3086,  75.1,18146,-72.6,-91.5,-86.8,  5, 10, 0.00,322, 8.9
2026-03-21 00:06:55,-99.6728,37.3084,  75.0,18156,-72.6,-91.5,-86.8,  5, 10, 0.00,321, 9.1
2026-03-21 00:06:56,-99.6728,37.3084,  74.9,18161,-72.6,-91.5,-86.8,  5, 10, 0.00,320, 9.1
2026-03-21 00:06:58,-99.6726,37.3083,  74.8,18171,-72.6,-91.5,-86.7,  5, 10, 0.00,319, 9.3
2026-03-21 00:07:00,-99.6724,37.3082,  74.7,18181,-72.6,-91.4,-86.7,  5, 10, 0.00,318, 9.5
2026-03-21 00:07:01,-99.6723,37.3081,  74.6,18186,-72.6,-91.4,-86.7,  5, 10, 0.00,318, 9.6
2026-03-21 00:07:03,-99.6722,37.3080,  74.5,18196,-72.6,-91.4,-86.7,  5, 10, 0.00,317, 9.8
2026-03-21 00:07:04,-99.6721,37.3079,  74.4,18201,-72.7,-91.4,-86.7,  5, 10, 0.00,317, 9.8
2026-03-21 00:07:06,-99.6720,37.3078,  74.3,18210,-72.7,-91.4,-86.7,  5, 10, 0.00,317,10.0
2026-03-21 00:07:08,-99.6718,37.3077,  74.2,18219,-72.7,-91.4,-86.7,  5, 10, 0.00,317,10.2
2026-03-21 00:07:09,-99.6717,37.3076,  74.1,18224,-72.7,-91.4,-86.7,  5, 10, 0.00,317,10.3
2026-03-21 00:07:11,-99.6715,37.3075,  74.0,18236,-72.7,-91.4,-86.7,  5, 10, 0.00,317,10.5
2026-03-21 00:07:12,-99.6714,37.3074,  73.9,18242,-72.8,-91.5,-86.7,  5, 10, 0.00,317,10.6
2026-03-21 00:07:13,-99.6714,37.3074,  73.8,18248,-72.8,-91.5,-86.8,  5, 10, 0.00,317,10.7
2026-03-21 00:07:15,-99.6712,37.3072,  73.7,18259,-72.9,-91.6,-86.8,  5, 10, 0.00,318,10.9
2026-03-21 00:07:16,-99.6711,37.3072,  73.6,18264,-72.9,-91.6,-86.9,  5, 10, 0.00,319,10.9
2026-03-21 00:07:18,-99.6709,37.3070,  73.5,18274,-72.9,-91.6,-86.9,  5, 10, 0.00,319,11.1
2026-03-21 00:07:20,-99.6708,37.3068,  73.4,18284,-72.9,-91.6,-86.9,  5, 10, 0.00,320,11.2
2026-03-21 00:07:21,-99.6707,37.3068,  73.3,18289,-72.9,-91.7,-86.9,  5, 10, 0.00,321,11.3
2026-03-21 00:07:23,-99.6705,37.3066,  73.2,18299,-72.8,-91.7,-86.9,  5, 10, 0.00,322,11.5
2026-03-21 00:07:25,-99.6704,37.3064,  73.1,18308,-72.8,-91.7,-87.0,  5, 10, 0.00,323,11.6
2026-03-21 00:07:26,-99.6703,37.3063,  73.0,18312,-72.8,-91.8,-87.0,  5, 10, 0.00,324,11.6
2026-03-21 00:07:28,-99.6702,37.3061,  72.9,18322,-72.8,-91.8,-87.0,  5,  9, 0.00,325,11.8
2026-03-21 00:07:30,-99.6700,37.3060,  72.8,18331,-72.6,-91.8,-87.0,  5,  9, 0.00,326,11.9
2026-03-21 00:07:31,-99.6699,37.3059,  72.7,18336,-72.5,-91.7,-87.0,  5,  9, 0.00,327,12.0
2026-03-21 00:07:33,-99.6697,37.3057,  72.6,18346,-72.3,-91.6,-86.9,  5,  9, 0.00,328,12.1
2026-03-21 00:07:35,-99.6696,37.3055,  72.5,18356,-72.1,-91.6,-86.8,  4,  9, 0.00,330,12.3
2026-03-21 00:07:36,-99.6696,37.3054,  72.4,18361,-72.0,-91.6,-86.8,  4,  9, 0.00,331,12.4
2026-03-21 00:07:38,-99.6694,37.3053,  72.3,18371,-71.9,-91.6,-86.9,  4,  9, 0.00,332,12.6
2026-03-21 00:07:40,-99.6693,37.3051,  72.2,18380,-71.9,-91.7,-87.0,  4,  8, 0.00,334,12.8
2026-03-21 00:07:41,-99.6692,37.3050,  72.1,18386,-71.9,-91.8,-87.0,  4,  8, 0.00,335,12.9
2026-03-21 00:07:43,-99.6691,37.3048,  72.0,18396,-71.9,-91.8,-87.1,  4,  8, 0.00,336,13.1
2026-03-21 00:07:44,-99.6690,37.3047,  71.9,18401,-71.8,-91.9,-87.1,  4,  8, 0.00,337,13.2
2026-03-21 00:07:46,-99.6689,37.3044,  71.8,18411,-71.7,-91.9,-87.2,  4,  8, 0.00,339,13.5
2026-03-21 00:07:48,-99.6688,37.3041,  71.7,18421,-71.6,-92.0,-87.2,  4,  8, 0.00,341,13.7
2026-03-21 00:07:49,-99.6687,37.3040,  71.6,18426,-71.5,-91.9,-87.2,  4,  8, 0.00,342,13.9
2026-03-21 00:07:51,-99.6686,37.3038,  71.5,18434,-71.1,-91.8,-87.0,  4,  7, 0.00,343,14.1
2026-03-21 00:07:53,-99.6686,37.3035,  71.4,18443,-70.8,-91.6,-86.9,  4,  7, 0.00,345,14.3
2026-03-21 00:07:55,-99.6685,37.3033,  71.3,18453,-70.5,-91.6,-86.9,  4,  7, 0.00,346,14.6
2026-03-21 00:07:57,-99.6684,37.3030,  71.2,18462,-70.4,-91.6,-86.9,  3,  7, 0.00,347,14.7
2026-03-21 00:07:59,-99.6684,37.3028,  71.1,18472,-70.1,-91.5,-86.8,  3,  7, 0.00,349,14.9
2026-03-21 00:08:00,-99.6683,37.3026,  71.0,18477,-70.0,-91.5,-86.7,  3,  7, 0.00,349,15.0
2026-03-21 00:08:02,-99.6683,37.3023,  70.9,18487,-69.6,-91.3,-86.6,  3,  6, 0.00,350,15.1
2026-03-21 00:08:04,-99.6682,37.3020,  70.8,18496,-69.5,-91.3,-86.5,  3,  6, 0.00,351,15.3
2026-03-21 00:08:05,-99.6682,37.3019,  70.7,18501,-69.4,-91.3,-86.5,  3,  6, 0.00,352,15.3
2026-03-21 00:08:07,-99.6682,37.3016,  70.6,18510,-69.4,-91.3,-86.6,  3,  6, 0.00,352,15.4
2026-03-21 00:08:09,-99.6681,37.3014,  70.5,18520,-69.5,-91.4,-86.7,  3,  6, 0.00,353,15.4
2026-03-21 00:08:11,-99.6681,37.3011,  70.4,18529,-69.5,-91.5,-86.7,  3,  6, 0.00,354,15.5
2026-03-21 00:08:12,-99.6680,37.3010,  70.3,18535,-69.5,-91.5,-86.8,  3,  6, 0.00,355,15.5
2026-03-21 00:08:14,-99.6680,37.3007,  70.2,18545,-69.5,-91.5,-86.8,  3,  6, 0.00,355,15.5
2026-03-21 00:08:16,-99.6680,37.3004,  70.1,18555,-69.4,-91.5,-86.7,  3,  6, 0.00,356,15.4
2026-03-21 00:08:18,-99.6680,37.3002,  70.0,18564,-69.3,-91.4,-86.7,  3,  6, 0.00,357,15.4
2026-03-21 00:08:19,-99.6680,37.3000,  69.9,18571,-69.3,-91.4,-86.7,  3,  6, 0.00,357,15.3
2026-03-21 00:08:21,-99.6680,37.2997,  69.8,18581,-69.3,-91.4,-86.7,  3,  6, 0.00,358,15.2
2026-03-21 00:08:23,-99.6679,37.2994,  69.7,18590,-69.2,-91.4,-86.7,  3,  6, 0.00,359,15.0
2026-03-21 00:08:24,-99.6679,37.2993,  69.6,18595,-69.2,-91.4,-86.6,  3,  6, 0.00,359,14.9
2026-03-21 00:08:26,-99.6679,37.2990,  69.5,18605,-69.0,-91.3,-86.5,  3,  6, 0.00,360,14.7
2026-03-21 00:08:28,-99.6680,37.2987,  69.4,18615,-68.8,-91.2,-86.4,  3,  6, 0.00,  1,14.4
2026-03-21 00:08:30,-99.6680,37.2985,  69.3,18625,-68.7,-91.1,-86.4,  3,  6, 0.00,  2,14.1
2026-03-21 00:08:31,-99.6680,37.2983,  69.2,18631,-68.7,-91.1,-86.4,  3,  6, 0.00,  2,14.0
2026-03-21 00:08:33,-99.6680,37.2980,  69.1,18643,-68.7,-91.1,-86.4,  3,  6, 0.00,  3,13.6
2026-03-21 00:08:34,-99.6680,37.2979,  69.0,18648,-68.7,-91.1,-86.4,  3,  6, 0.00,  3,13.4
2026-03-21 00:08:36,-99.6680,37.2977,  68.9,18658,-68.7,-91.1,-86.4,  3,  6, 0.00,  4,13.0
2026-03-21 00:08:37,-99.6680,37.2976,  68.8,18664,-68.8,-91.2,-86.4,  3,  6, 0.00,  4,12.8
2026-03-21 00:08:39,-99.6681,37.2974,  68.7,18676,-68.8,-91.2,-86.4,  3,  6, 0.00,  5,12.4
2026-03-21 00:08:40,-99.6681,37.2973,  68.6,18682,-68.8,-91.1,-86.4,  3,  6, 0.00,  5,12.1
2026-03-21 00:08:42,-99.6681,37.2970,  68.5,18693,-68.8,-91.1,-86.4,  3,  6, 0.00,  6,11.7
2026-03-21 00:08:43,-99.6681,37.2969,  68.4,18698,-68.8,-91.2,-86.4,  3,  6, 0.00,  6,11.5
2026-03-21 00:08:45,-99.6682,37.2967,  68.3,18709,-68.9,-91.2,-86.4,  3,  6, 0.00,  7,11.0
2026-03-21 00:08:47,-99.6682,37.2965,  68.2,18720,-68.9,-91.2,-86.4,  3,  6, 0.00,  7,10.6
2026-03-21 00:08:48,-99.6682,37.2965,  68.1,18725,-68.9,-91.1,-86.4,  3,  6, 0.00,  8,10.3
2026-03-21 00:08:50,-99.6683,37.2963,  68.0,18735,-68.8,-91.1,-86.3,  3,  6, 0.00,  8, 9.9
2026-03-21 00:08:52,-99.6683,37.2961,  67.9,18745,-68.8,-91.0,-86.3,  3,  6, 0.00,  8, 9.5
2026-03-21 00:08:53,-99.6683,37.2961,  67.8,18751,-68.8,-91.0,-86.3,  3,  6, 0.00,  8, 9.3
2026-03-21 00:08:55,-99.6684,37.2959,  67.7,18763,-68.9,-91.0,-86.3,  3,  6, 0.00,  8, 8.9
2026-03-21 00:08:56,-99.6684,37.2958,  67.6,18769,-68.9,-91.1,-86.3,  3,  6, 0.00,  8, 8.7
2026-03-21 00:08:58,-99.6685,37.2957,  67.5,18779,-69.0,-91.1,-86.3,  3,  6, 0.00,  8, 8.3
2026-03-21 00:09:00,-99.6685,37.2956,  67.4,18789,-69.0,-91.1,-86.3,  3,  6, 0.00,  7, 7.9
2026-03-21 00:09:02,-99.6685,37.2955,  67.3,18799,-69.0,-91.1,-86.3,  3,  6, 0.00,  6, 7.5
2026-03-21 00:09:03,-99.6685,37.2954,  67.2,18804,-69.0,-91.1,-86.3,  3,  6, 0.00,  6, 7.3
2026-03-21 00:09:05,-99.6685,37.2952,  67.1,18815,-69.1,-91.1,-86.3,  3,  6, 0.00,  5, 6.9
2026-03-21 00:09:07,-99.6685,37.2951,  67.0,18826,-69.1,-91.1,-86.3,  3,  6, 0.00,  3, 6.6
2026-03-21 00:09:08,-99.6685,37.2950,  66.9,18831,-69.1,-91.1,-86.3,  3,  6, 0.00,  2, 6.4
2026-03-21 00:09:10,-99.6686,37.2950,  66.8,18842,-69.2,-91.1,-86.4,  3,  6, 0.00,  1, 6.0
2026-03-21 00:09:12,-99.6685,37.2948,  66.7,18853,-69.3,-91.2,-86.4,  3,  6, 0.00,358, 5.6
2026-03-21 00:09:13,-99.6685,37.2948,  66.6,18858,-69.3,-91.2,-86.4,  3,  6, 0.00,357, 5.4
2026-03-21 00:09:15,-99.6685,37.2946,  66.5,18868,-69.3,-91.2,-86.4,  3,  6, 0.00,355, 5.0
2026-03-21 00:09:17,-99.6685,37.2945,  66.4,18879,-69.3,-91.2,-86.5,  3,  6, 0.00,352, 4.7
2026-03-21 00:09:18,-99.6685,37.2945,  66.3,18884,-69.3,-91.2,-86.5,  3,  6, 0.00,350, 4.5
2026-03-21 00:09:20,-99.6685,37.2944,  66.2,18894,-69.2,-91.3,-86.5,  3,  6, 0.00,347, 4.2
2026-03-21 00:09:22,-99.6685,37.2944,  66.1,18905,-69.2,-91.3,-86.6,  3,  6, 0.00,344, 3.8
2026-03-21 00:09:24,-99.6685,37.2944,  66.0,18917,-69.1,-91.3,-86.6,  3,  6, 0.00,340, 3.5
2026-03-21 00:09:25,-99.6684,37.2944,  65.9,18922,-69.0,-91.3,-86.6,  3,  6, 0.00,338, 3.4
2026-03-21 00:09:27,-99.6684,37.2943,  65.8,18933,-69.0,-91.4,-86.7,  3,  6, 0.00,334, 3.1
2026-03-21 00:09:29,-99.6683,37.2942,  65.7,18942,-69.0,-91.6,-86.8,  3,  6, 0.00,329, 2.9
2026-03-21 00:09:31,-99.6683,37.2943,  65.6,18952,-68.8,-91.6,-86.8,  3,  5, 0.00,325, 2.7
2026-03-21 00:09:32,-99.6682,37.2943,  65.5,18958,-68.6,-91.5,-86.7,  3,  5, 0.00,322, 2.5
2026-03-21 00:09:34,-99.6681,37.2942,  65.4,18967,-68.1,-91.2,-86.4,  3,  5, 0.00,317, 2.3
2026-03-21 00:09:36,-99.6681,37.2942,  65.3,18977,-67.6,-90.9,-86.2,  3,  5, 0.00,311, 2.1
2026-03-21 00:09:38,-99.6681,37.2941,  65.2,18988,-67.4,-90.8,-86.1,  3,  5, 0.00,305, 2.0
2026-03-21 00:09:39,-99.6681,37.2941,  65.1,18993,-67.3,-90.8,-86.1,  3,  5, 0.00,301, 1.9
2026-03-21 00:09:41,-99.6681,37.2941,  65.0,19004,-67.3,-90.9,-86.1,  3,  5, 0.00,293, 1.8
2026-03-21 00:09:43,-99.6681,37.2941,  64.9,19014,-67.3,-90.9,-86.2,  3,  5, 0.00,284, 1.7
2026-03-21 00:09:45,-99.6680,37.2941,  64.8,19024,-67.4,-91.0,-86.3,  3,  5, 0.00,275, 1.6
2026-03-21 00:09:47,-99.6680,37.2940,  64.7,19033,-67.4,-91.0,-86.3,  3,  5, 0.00,265, 1.6
2026-03-21 00:09:49,-99.6680,37.2941,  64.6,19043,-67.4,-91.0,-86.3,  3,  5, 0.00,256, 1.6
2026-03-21 00:09:51,-99.6679,37.2941,  64.5,19052,-67.4,-91.0,-86.3,  3,  5, 0.00,248, 1.7
2026-03-21 00:09:53,-99.6679,37.2942,  64.4,19062,-67.4,-91.0,-86.2,  3,  5, 0.00,241, 1.7
2026-03-21 00:09:55,-99.6678,37.2942,  64.3,19073,-67.3,-90.9,-86.2,  3,  5, 0.00,235, 1.8
2026-03-21 00:09:56,-99.6678,37.2942,  64.2,19078,-67.3,-90.9,-86.1,  3,  5, 0.00,232, 1.8
2026-03-21 00:09:58,-99.6678,37.2942,  64.1,19090,-67.2,-90.8,-86.1,  3,  5, 0.00,228, 1.8
2026-03-21 00:10:00,-99.6677,37.2943,  64.0,19100,-67.1,-90.8,-86.0,  3,  5, 0.00,223, 1.8
2026-03-21 00:10:01,-99.6677,37.2943,  63.9,19106,-67.1,-90.7,-86.0,  3,  5, 0.00,221, 1.8
2026-03-21 00:10:03,-99.6677,37.2943,  63.8,19116,-67.1,-90.7,-85.9,  3,  5, 0.00,218, 1.7
2026-03-21 00:10:05,-99.6677,37.2944,  63.7,19127,-67.1,-90.7,-85.9,  3,  5, 0.00,214, 1.7
2026-03-21 00:10:07,-99.6677,37.2944,  63.6,19137,-67.2,-90.7,-86.0,  3,  5, 0.00,211, 1.6
2026-03-21 00:10:09,-99.6677,37.2944,  63.5,19147,-67.3,-90.7,-86.0,  3,  5, 0.00,206, 1.4
2026-03-21 00:10:11,-99.6676,37.2944,  63.4,19157,-67.3,-90.8,-86.0,  3,  5, 0.00,202, 1.3
2026-03-21 00:10:13,-99.6676,37.2945,  63.3,19166,-67.3,-90.7,-86.0,  3,  5, 0.00,196, 1.2
2026-03-21 00:10:15,-99.6676,37.2945,  63.2,19176,-67.4,-90.7,-86.0,  3,  5, 0.00,189, 1.1
2026-03-21 00:10:16,-99.6677,37.2945,  63.1,19181,-67.4,-90.8,-86.0,  3,  5, 0.00,186, 1.0
2026-03-21 00:10:18,-99.6677,37.2945,  63.0,19191,-67.5,-90.8,-86.1,  3,  5, 0.00,178, 1.0
2026-03-21 00:10:20,-99.6676,37.2945,  62.9,19202,-67.6,-90.8,-86.1,  3,  5, 0.00,170, 1.0
2026-03-21 00:10:22,-99.6677,37.2945,  62.8,19213,-67.7,-90.9,-86.1,  3,  5, 0.00,164, 1.0
2026-03-21 00:10:24,-99.6677,37.2945,  62.7,19223,-67.7,-91.0,-86.2,  3,  5, 0.00,159, 1.0
2026-03-21 00:10:26,-99.6677,37.2945,  62.6,19232,-67.8,-91.0,-86.3,  3,  5, 0.00,156, 1.1
2026-03-21 00:10:28,-99.6676,37.2945,  62.5,19242,-67.7,-91.0,-86.3,  3,  5, 0.00,155, 1.2
2026-03-21 00:10:30,-99.6677,37.2946,  62.4,19251,-67.6,-91.0,-86.2,  3,  5, 0.00,155, 1.3
2026-03-21 00:10:32,-99.6678,37.2946,  62.3,19260,-67.5,-90.8,-86.1,  3,  5, 0.00,156, 1.4
2026-03-21 00:10:34,-99.6678,37.2946,  62.2,19270,-67.3,-90.7,-86.0,  3,  5, 0.00,159, 1.5
2026-03-21 00:10:36,-99.6678,37.2946,  62.1,19280,-67.2,-90.7,-85.9,  3,  5, 0.00,161, 1.6
2026-03-21 00:10:38,-99.6678,37.2947,  62.0,19289,-67.2,-90.7,-85.9,  3,  5, 0.00,164, 1.8
2026-03-21 00:10:40,-99.6678,37.2947,  61.9,19299,-67.2,-90.7,-85.9,  3,  5, 0.00,167, 2.0
2026-03-21 00:10:42,-99.6678,37.2947,  61.8,19310,-67.2,-90.7,-85.9,  3,  5, 0.00,170, 2.1
2026-03-21 00:10:44,-99.6678,37.2947,  61.7,19320,-67.2,-90.7,-85.9,  3,  5, 0.00,173, 2.3
2026-03-21 00:10:46,-99.6678,37.2948,  61.6,19331,-67.2,-90.7,-85.9,  3,  5, 0.00,175, 2.5
2026-03-21 00:10:48,-99.6678,37.2949,  61.5,19341,-67.3,-90.7,-85.9,  3,  5, 0.00,177, 2.7
2026-03-21 00:10:50,-99.6679,37.2949,  61.4,19350,-67.4,-90.7,-86.0,  3,  5, 0.00,179, 3.0
2026-03-21 00:10:52,-99.6679,37.2949,  61.3,19359,-67.5,-90.8,-86.0,  3,  5, 0.00,181, 3.2
2026-03-21 00:10:54,-99.6679,37.2950,  61.2,19369,-67.5,-90.8,-86.0,  3,  5, 0.00,182, 3.4
2026-03-21 00:10:56,-99.6678,37.2951,  61.1,19378,-67.5,-90.8,-86.0,  3,  5, 0.00,183, 3.6
2026-03-21 00:10:58,-99.6679,37.2951,  61.0,19388,-67.5,-90.8,-86.1,  3,  5, 0.00,183, 3.8
2026-03-21 00:11:00,-99.6679,37.2952,  60.9,19399,-67.6,-90.9,-86.1,  3,  5, 0.00,183, 4.0
2026-03-21 00:11:02,-99.6679,37.2953,  60.8,19408,-67.7,-91.0,-86.2,  3,  5, 0.00,183, 4.2
2026-03-21 00:11:04,-99.6678,37.2954,  60.7,19417,-67.7,-91.0,-86.3,  3,  5, 0.00,182, 4.4
2026-03-21 00:11:06,-99.6678,37.2955,  60.6,19427,-67.7,-91.1,-86.3,  3,  5, 0.00,181, 4.5
2026-03-21 00:11:08,-99.6677,37.2956,  60.5,19437,-67.6,-91.1,-86.3,  3,  5, 0.00,180, 4.6
2026-03-21 00:11:10,-99.6677,37.2957,  60.4,19448,-67.5,-91.1,-86.3,  3,  5, 0.00,179, 4.7
2026-03-21 00:11:12,-99.6677,37.2958,  60.3,19458,-67.3,-91.0,-86.3,  3,  5, 0.00,178, 4.8
2026-03-21 00:11:14,-99.6678,37.2959,  60.2,19468,-67.1,-90.9,-86.2,  2,  5, 0.00,176, 4.8
2026-03-21 00:11:16,-99.6678,37.2959,  60.1,19478,-66.8,-90.8,-86.0,  2,  5, 0.00,175, 4.8
2026-03-21 00:11:18,-99.6678,37.2960,  60.0,19488,-66.5,-90.7,-85.9,  2,  5, 0.00,174, 4.8
2026-03-21 00:11:20,-99.6678,37.2961,  59.9,19498,-66.4,-90.6,-85.9,  2,  5, 0.00,173, 4.8
2026-03-21 00:11:22,-99.6679,37.2962,  59.8,19508,-66.4,-90.6,-85.9,  2,  4, 0.00,172, 4.7
2026-03-21 00:11:24,-99.6679,37.2963,  59.7,19518,-66.4,-90.7,-85.9,  2,  4, 0.00,172, 4.6
2026-03-21 00:11:26,-99.6680,37.2964,  59.6,19529,-66.4,-90.7,-85.9,  2,  4, 0.00,172, 4.5
2026-03-21 00:11:28,-99.6680,37.2965,  59.5,19539,-66.4,-90.7,-85.9,  2,  4, 0.00,172, 4.4
2026-03-21 00:11:30,-99.6680,37.2965,  59.4,19549,-66.4,-90.7,-85.9,  2,  4, 0.00,173, 4.3
2026-03-21 00:11:32,-99.6680,37.2966,  59.3,19559,-66.4,-90.7,-85.9,  2,  4, 0.00,174, 4.2
2026-03-21 00:11:34,-99.6680,37.2967,  59.2,19568,-66.4,-90.6,-85.9,  2,  5, 0.00,176, 4.0
2026-03-21 00:11:36,-99.6680,37.2968,  59.1,19578,-66.4,-90.6,-85.8,  2,  5, 0.00,178, 3.9
2026-03-21 00:11:38,-99.6680,37.2968,  59.0,19590,-66.4,-90.5,-85.8,  2,  5, 0.00,180, 3.8
2026-03-21 00:11:40,-99.6680,37.2969,  58.9,19601,-66.4,-90.5,-85.7,  2,  5, 0.00,183, 3.7
2026-03-21 00:11:42,-99.6680,37.2970,  58.8,19611,-66.5,-90.5,-85.7,  2,  5, 0.00,186, 3.6
2026-03-21 00:11:44,-99.6680,37.2970,  58.7,19621,-66.6,-90.5,-85.8,  2,  5, 0.00,190, 3.5
2026-03-21 00:11:46,-99.6680,37.2971,  58.6,19632,-66.7,-90.5,-85.8,  3,  5, 0.00,193, 3.4
2026-03-21 00:11:47,-99.6680,37.2971,  58.5,19637,-66.7,-90.5,-85.8,  3,  5, 0.00,195, 3.4
2026-03-21 00:11:49,-99.6680,37.2972,  58.4,19648,-66.8,-90.5,-85.8,  3,  5, 0.00,200, 3.4
2026-03-21 00:11:51,-99.6679,37.2972,  58.3,19659,-66.9,-90.5,-85.8,  3,  5, 0.00,204, 3.3
2026-03-21 00:11:53,-99.6679,37.2973,  58.2,19670,-66.9,-90.5,-85.8,  3,  5, 0.00,209, 3.3
2026-03-21 00:11:55,-99.6678,37.2973,  58.1,19680,-66.9,-90.5,-85.8,  3,  5, 0.00,214, 3.4
2026-03-21 00:11:57,-99.6678,37.2974,  58.0,19690,-67.0,-90.5,-85.8,  3,  5, 0.00,218, 3.4
2026-03-21 00:11:59,-99.6678,37.2974,  57.9,19700,-67.1,-90.6,-85.8,  3,  5, 0.00,223, 3.5
2026-03-21 00:12:02,-99.6677,37.2975,  57.8,19715,-67.2,-90.6,-85.9,  3,  5, 0.00,230, 3.7
2026-03-21 00:12:04,-99.6676,37.2975,  57.7,19725,-67.2,-90.6,-85.9,  3,  5, 0.00,234, 3.8
2026-03-21 00:12:06,-99.6676,37.2976,  57.6,19735,-67.2,-90.6,-85.9,  3,  5, 0.00,237, 3.9
2026-03-21 00:12:08,-99.6675,37.2976,  57.5,19745,-67.1,-90.6,-85.8,  3,  5, 0.00,241, 4.0
2026-03-21 00:12:10,-99.6674,37.2976,  57.4,19753,-67.1,-90.6,-85.8,  3,  5, 0.00,244, 4.2
2026-03-21 00:12:12,-99.6672,37.2977,  57.3,19763,-67.0,-90.5,-85.7,  3,  5, 0.00,247, 4.3
2026-03-21 00:12:14,-99.6671,37.2977,  57.2,19777,-66.9,-90.5,-85.7,  3,  5, 0.00,250, 4.4
2026-03-21 00:12:15,-99.6671,37.2977,  57.1,19785,-66.9,-90.5,-85.7,  3,  5, 0.00,251, 4.5
2026-03-21 00:12:17,-99.6671,37.2977,  57.0,19797,-67.0,-90.5,-85.8,  3,  5, 0.00,254, 4.6
2026-03-21 00:12:19,-99.6670,37.2978,  56.9,19807,-67.0,-90.6,-85.9,  3,  5, 0.00,257, 4.7
2026-03-21 00:12:21,-99.6668,37.2978,  56.8,19817,-67.1,-90.7,-86.0,  3,  5, 0.00,259, 4.8
2026-03-21 00:12:23,-99.6667,37.2978,  56.7,19827,-67.2,-90.8,-86.0,  3,  5, 0.00,261, 4.9
2026-03-21 00:12:25,-99.6666,37.2978,  56.6,19838,-67.1,-90.8,-86.1,  3,  5, 0.00,263, 5.0
2026-03-21 00:12:27,-99.6665,37.2978,  56.5,19849,-67.0,-90.8,-86.1,  3,  5, 0.00,265, 5.0
2026-03-21 00:12:29,-99.6664,37.2978,  56.4,19859,-67.0,-90.9,-86.1,  2,  5, 0.00,267, 5.1
2026-03-21 00:12:31,-99.6662,37.2978,  56.3,19869,-67.0,-91.0,-86.2,  2,  5, 0.00,269, 5.1
2026-03-21 00:12:34,-99.6660,37.2978,  56.2,19884,-67.0,-91.0,-86.3,  2,  5, 0.00,271, 5.0
2026-03-21 00:12:36,-99.6659,37.2978,  56.1,19895,-66.8,-91.0,-86.2,  2,  4, 0.00,272, 4.9
2026-03-21 00:12:37,-99.6658,37.2978,  56.0,19901,-66.6,-90.9,-86.2,  2,  4, 0.00,272, 4.9
2026-03-21 00:12:39,-99.6657,37.2978,  55.9,19912,-66.3,-90.7,-86.0,  2,  4, 0.00,272, 4.7
2026-03-21 00:12:41,-99.6656,37.2978,  55.8,19923,-65.9,-90.5,-85.8,  2,  4, 0.00,273, 4.6
2026-03-21 00:12:43,-99.6655,37.2978,  55.7,19934,-65.8,-90.5,-85.7,  2,  4, 0.00,272, 4.4
2026-03-21 00:12:45,-99.6654,37.2978,  55.6,19944,-65.8,-90.5,-85.8,  2,  4, 0.00,272, 4.2
2026-03-21 00:12:47,-99.6653,37.2978,  55.5,19955,-65.9,-90.6,-85.9,  2,  4, 0.00,271, 3.9
2026-03-21 00:12:49,-99.6652,37.2978,  55.4,19967,-66.0,-90.8,-86.0,  2,  4, 0.00,270, 3.7
2026-03-21 00:12:52,-99.6651,37.2978,  55.3,19982,-66.1,-90.9,-86.1,  2,  4, 0.00,268, 3.4
2026-03-21 00:12:54,-99.6650,37.2978,  55.2,19992,-66.1,-90.9,-86.2,  2,  4, 0.00,266, 3.2
2026-03-21 00:12:56,-99.6650,37.2978,  55.1,20003,-66.2,-91.0,-86.3,  2,  4, 0.00,264, 3.0
2026-03-21 00:12:58,-99.6649,37.2978,  55.0,20013,-66.2,-91.1,-86.4,  2,  4, 0.00,262, 2.8
2026-03-21 00:13:00,-99.6649,37.2978,  54.9,20023,-66.3,-91.2,-86.5,  2,  4, 0.00,260, 2.7
2026-03-21 00:13:02,-99.6649,37.2978,  54.8,20033,-66.1,-91.1,-86.4,  2,  4, 0.00,258, 2.6
2026-03-21 00:13:05,-99.6648,37.2979,  54.7,20047,-65.4,-90.7,-86.0,  2,  4, 0.00,256, 2.5
2026-03-21 00:13:07,-99.6647,37.2979,  54.6,20057,-65.1,-90.5,-85.8,  2,  4, 0.00,255, 2.4
2026-03-21 00:13:09,-99.6647,37.2979,  54.5,20068,-64.9,-90.4,-85.7,  2,  4, 0.00,254, 2.4
2026-03-21 00:13:11,-99.6646,37.2979,  54.4,20080,-64.8,-90.4,-85.7,  2,  4, 0.00,253, 2.4
2026-03-21 00:13:13,-99.6646,37.2979,  54.3,20090,-64.8,-90.4,-85.7,  2,  4, 0.00,253, 2.4
2026-03-21 00:13:15,-99.6645,37.2979,  54.2,20099,-64.9,-90.5,-85.7,  2,  4, 0.00,254, 2.4
2026-03-21 00:13:18,-99.6644,37.2979,  54.1,20115,-65.0,-90.5,-85.7,  2,  4, 0.00,255, 2.5
2026-03-21 00:13:20,-99.6644,37.2980,  54.0,20126,-65.0,-90.5,-85.7,  2,  4, 0.00,255, 2.6
2026-03-21 00:13:22,-99.6644,37.2980,  53.9,20136,-65.1,-90.5,-85.8,  2,  4, 0.00,256, 2.7
2026-03-21 00:13:24,-99.6643,37.2980,  53.8,20146,-65.2,-90.5,-85.8,  2,  4, 0.00,257, 2.8
2026-03-21 00:13:26,-99.6643,37.2980,  53.7,20156,-65.2,-90.5,-85.8,  2,  4, 0.00,258, 2.8
2026-03-21 00:13:29,-99.6642,37.2980,  53.6,20171,-65.3,-90.6,-85.8,  2,  4, 0.00,259, 3.0
2026-03-21 00:13:31,-99.6641,37.2980,  53.5,20180,-65.4,-90.6,-85.8,  2,  4, 0.00,260, 3.0
2026-03-21 00:13:33,-99.6640,37.2980,  53.4,20190,-65.4,-90.6,-85.9,  2,  4, 0.00,261, 3.1
2026-03-21 00:13:36,-99.6639,37.2980,  53.3,20206,-65.4,-90.6,-85.9,  2,  4, 0.00,262, 3.1
2026-03-21 00:13:38,-99.6638,37.2981,  53.2,20216,-65.3,-90.6,-85.8,  2,  4, 0.00,263, 3.2
2026-03-21 00:13:40,-99.6637,37.2981,  53.1,20226,-65.2,-90.6,-85.8,  2,  4, 0.00,263, 3.1
2026-03-21 00:13:42,-99.6636,37.2980,  53.0,20236,-65.2,-90.6,-85.9,  2,  4, 0.00,264, 3.1
2026-03-21 00:13:44,-99.6636,37.2980,  52.9,20248,-65.1,-90.7,-85.9,  2,  4, 0.00,264, 3.1
2026-03-21 00:13:46,-99.6635,37.2980,  52.8,20259,-65.0,-90.7,-85.9,  2,  4, 0.00,264, 3.0
2026-03-21 00:13:49,-99.6634,37.2980,  52.7,20273,-64.9,-90.7,-85.9,  2,  4, 0.00,265, 2.9
2026-03-21 00:13:51,-99.6634,37.2980,  52.6,20282,-64.8,-90.7,-85.9,  2,  4, 0.00,265, 2.9
2026-03-21 00:13:54,-99.6633,37.2981,  52.5,20296,-64.7,-90.8,-86.1,  2,  3, 0.00,267, 2.8
2026-03-21 00:13:56,-99.6632,37.2981,  52.4,20307,-64.7,-90.9,-86.1,  2,  3, 0.00,269, 2.8
2026-03-21 00:13:58,-99.6632,37.2981,  52.3,20317,-64.7,-91.0,-86.2,  2,  3, 0.00,270, 2.8
2026-03-21 00:14:01,-99.6631,37.2981,  52.2,20332,-64.6,-91.1,-86.3,  2,  3, 0.00,274, 2.9
2026-03-21 00:14:03,-99.6630,37.2981,  52.1,20341,-64.4,-91.0,-86.3,  2,  3, 0.00,277, 2.9
2026-03-21 00:14:06,-99.6630,37.2980,  52.0,20356,-63.9,-90.9,-86.1,  2,  3, 0.00,281, 3.1
2026-03-21 00:14:08,-99.6629,37.2981,  51.9,20366,-63.7,-90.8,-86.0,  2,  3, 0.00,284, 3.1
2026-03-21 00:14:10,-99.6628,37.2981,  51.8,20376,-63.5,-90.7,-86.0,  2,  3, 0.00,286, 3.2
2026-03-21 00:14:13,-99.6626,37.2980,  51.7,20389,-63.2,-90.6,-85.9,  2,  3, 0.00,290, 3.3
2026-03-21 00:14:15,-99.6626,37.2980,  51.6,20401,-63.1,-90.7,-85.9,  2,  3, 0.00,292, 3.4
2026-03-21 00:14:17,-99.6625,37.2980,  51.5,20413,-62.9,-90.6,-85.9,  2,  3, 0.00,294, 3.4
2026-03-21 00:14:20,-99.6623,37.2979,  51.4,20425,-62.6,-90.5,-85.7,  1,  3, 0.00,297, 3.3
2026-03-21 00:14:23,-99.6622,37.2978,  51.3,20438,-62.6,-90.5,-85.7,  1,  3, 0.00,300, 3.2
2026-03-21 00:14:25,-99.6622,37.2978,  51.2,20447,-62.6,-90.5,-85.8,  1,  3, 0.00,301, 3.1
2026-03-21 00:14:28,-99.6621,37.2978,  51.1,20463,-62.6,-90.5,-85.7,  1,  3, 0.00,303, 2.9
2026-03-21 00:14:30,-99.6621,37.2977,  51.0,20473,-62.6,-90.4,-85.7,  1,  3, 0.00,304, 2.8
2026-03-21 00:14:33,-99.6619,37.2977,  50.9,20486,-62.6,-90.4,-85.7,  1,  3, 0.00,306, 2.6
2026-03-21 00:14:35,-99.6619,37.2976,  50.8,20496,-62.6,-90.4,-85.7,  1,  3, 0.00,306, 2.5
2026-03-21 00:14:37,-99.6619,37.2976,  50.7,20509,-62.6,-90.4,-85.6,  2,  3, 0.00,307, 2.4
2026-03-21 00:14:39,-99.6619,37.2976,  50.6,20520,-62.6,-90.4,-85.6,  2,  3, 0.00,307, 2.3
2026-03-21 00:14:42,-99.6619,37.2976,  50.5,20534,-62.6,-90.3,-85.5,  2,  3, 0.00,307, 2.2
2026-03-21 00:14:44,-99.6618,37.2976,  50.4,20544,-62.5,-90.2,-85.5,  2,  3, 0.00,307, 2.2
2026-03-21 00:14:47,-99.6618,37.2975,  50.3,20559,-62.6,-90.2,-85.5,  2,  3, 0.00,306, 2.3
2026-03-21 00:14:49,-99.6617,37.2975,  50.2,20568,-62.6,-90.2,-85.5,  2,  3, 0.00,306, 2.3
2026-03-21 00:14:52,-99.6617,37.2975,  50.1,20583,-62.6,-90.2,-85.4,  2,  3, 0.00,306, 2.5
2026-03-21 00:14:55,-99.6616,37.2974,  50.0,20598,-62.6,-90.1,-85.4,  2,  3, 0.00,307, 2.6
2026-03-21 00:14:57,-99.6615,37.2974,  49.9,20608,-62.6,-90.1,-85.4,  2,  3, 0.00,309, 2.7
2026-03-21 00:14:59,-99.6615,37.2974,  49.8,20619,-62.7,-90.1,-85.4,  2,  3, 0.00,311, 2.8
2026-03-21 00:15:01,-99.6614,37.2974,  49.7,20631,-62.8,-90.1,-85.4,  2,  3, 0.00,313, 2.8
2026-03-21 00:15:04,-99.6613,37.2973,  49.6,20645,-62.8,-90.1,-85.4,  2,  3, 0.00,318, 2.9
2026-03-21 00:15:06,-99.6613,37.2973,  49.5,20655,-62.8,-90.1,-85.4,  2,  3, 0.00,322, 2.9
2026-03-21 00:15:09,-99.6612,37.2972,  49.4,20672,-62.9,-90.2,-85.5,  2,  3, 0.00,330, 3.0
2026-03-21 00:15:11,-99.6611,37.2972,  49.3,20683,-63.0,-90.3,-85.5,  2,  3, 0.00,335, 3.0
2026-03-21 00:15:13,-99.6611,37.2971,  49.2,20695,-62.9,-90.2,-85.5,  2,  3, 0.00,341, 3.1
2026-03-21 00:15:15,-99.6611,37.2971,  49.1,20708,-62.8,-90.1,-85.4,  2,  3, 0.00,347, 3.1
2026-03-21 00:15:17,-99.6611,37.2970,  49.0,20719,-62.7,-90.1,-85.3,  2,  3, 0.00,353, 3.2
2026-03-21 00:15:20,-99.6611,37.2969,  48.9,20733,-62.8,-90.2,-85.4,  2,  3, 0.00,  1, 3.4
2026-03-21 00:15:22,-99.6611,37.2968,  48.8,20744,-62.8,-90.2,-85.4,  2,  3, 0.00,  5, 3.6
2026-03-21 00:15:25,-99.6612,37.2967,  48.7,20760,-62.8,-90.1,-85.4,  2,  3, 0.00, 11, 3.8
2026-03-21 00:15:27,-99.6612,37.2967,  48.6,20770,-62.8,-90.1,-85.4,  2,  3, 0.00, 15, 3.9
2026-03-21 00:15:29,-99.6612,37.2966,  48.5,20780,-62.9,-90.1,-85.3,  2,  3, 0.00, 18, 4.1
2026-03-21 00:15:32,-99.6612,37.2965,  48.4,20797,-63.0,-90.1,-85.4,  2,  3, 0.00, 21, 4.3
2026-03-21 00:15:34,-99.6613,37.2964,  48.3,20808,-63.1,-90.1,-85.4,  2,  3, 0.00, 24, 4.4
2026-03-21 00:15:36,-99.6614,37.2963,  48.2,20820,-63.1,-90.1,-85.4,  2,  3, 0.00, 25, 4.5
2026-03-21 00:15:39,-99.6614,37.2962,  48.1,20834,-63.2,-90.2,-85.4,  2,  3, 0.00, 28, 4.6
2026-03-21 00:15:41,-99.6615,37.2961,  48.0,20845,-63.3,-90.2,-85.4,  2,  3, 0.00, 30, 4.7
2026-03-21 00:15:43,-99.6615,37.2961,  47.9,20857,-63.4,-90.2,-85.5,  2,  3, 0.00, 31, 4.8
2026-03-21 00:15:46,-99.6617,37.2960,  47.8,20873,-63.5,-90.3,-85.5,  2,  3, 0.00, 33, 4.9
2026-03-21 00:15:48,-99.6617,37.2959,  47.7,20883,-63.6,-90.3,-85.5,  2,  3, 0.00, 34, 4.9
2026-03-21 00:15:51,-99.6618,37.2958,  47.6,20898,-63.5,-90.2,-85.5,  2,  3, 0.00, 35, 5.0
2026-03-21 00:15:53,-99.6619,37.2957,  47.5,20908,-63.6,-90.3,-85.5,  2,  3, 0.00, 36, 5.0
2026-03-21 00:15:56,-99.6620,37.2957,  47.4,20924,-63.7,-90.3,-85.6,  2,  3, 0.00, 36, 5.0
2026-03-21 00:15:58,-99.6621,37.2956,  47.3,20933,-63.7,-90.3,-85.5,  2,  3, 0.00, 36, 5.0
2026-03-21 00:16:01,-99.6622,37.2954,  47.2,20948,-63.7,-90.3,-85.5,  2,  3, 0.00, 36, 4.9
2026-03-21 00:16:04,-99.6623,37.2954,  47.1,20964,-63.7,-90.3,-85.5,  2,  3, 0.00, 35, 4.8
2026-03-21 00:16:06,-99.6623,37.2953,  47.0,20976,-63.7,-90.3,-85.5,  2,  3, 0.00, 34, 4.8
2026-03-21 00:16:08,-99.6624,37.2952,  46.9,20987,-63.8,-90.3,-85.5,  2,  3, 0.00, 34, 4.7
2026-03-21 00:16:11,-99.6625,37.2951,  46.8,21004,-63.9,-90.3,-85.6,  2,  3, 0.00, 32, 4.6
2026-03-21 00:16:13,-99.6625,37.2950,  46.7,21016,-64.0,-90.4,-85.6,  2,  3, 0.00, 31, 4.5
2026-03-21 00:16:15,-99.6626,37.2950,  46.6,21025,-64.0,-90.3,-85.6,  2,  3, 0.00, 31, 4.4
2026-03-21 00:16:18,-99.6627,37.2948,  46.5,21038,-64.1,-90.3,-85.6,  2,  3, 0.00, 29, 4.3
2026-03-21 00:16:21,-99.6627,37.2948,  46.4,21054,-64.2,-90.4,-85.6,  2,  3, 0.00, 28, 4.2
2026-03-21 00:16:24,-99.6627,37.2946,  46.3,21068,-64.3,-90.4,-85.6,  2,  4, 0.00, 27, 4.1
2026-03-21 00:16:26,-99.6628,37.2946,  46.2,21078,-64.4,-90.4,-85.6,  2,  4, 0.00, 27, 4.1
2026-03-21 00:16:29,-99.6629,37.2945,  46.1,21094,-64.5,-90.4,-85.6,  2,  4, 0.00, 25, 4.0
2026-03-21 00:16:31,-99.6630,37.2944,  46.0,21105,-64.6,-90.4,-85.7,  2,  4, 0.00, 24, 3.9
2026-03-21 00:16:34,-99.6630,37.2944,  45.9,21121,-64.8,-90.5,-85.7,  2,  4, 0.00, 22, 3.9
2026-03-21 00:16:36,-99.6630,37.2943,  45.8,21132,-64.8,-90.5,-85.7,  2,  4, 0.00, 20, 3.8
2026-03-21 00:16:38,-99.6631,37.2942,  45.7,21144,-64.8,-90.5,-85.7,  2,  4, 0.00, 18, 3.8
2026-03-21 00:16:41,-99.6631,37.2941,  45.6,21161,-64.9,-90.5,-85.7,  2,  4, 0.00, 14, 3.8
2026-03-21 00:16:43,-99.6631,37.2941,  45.5,21172,-64.9,-90.6,-85.8,  2,  4, 0.00, 12, 3.8
2026-03-21 00:16:46,-99.6631,37.2940,  45.4,21188,-65.1,-90.7,-85.9,  2,  4, 0.00,  8, 3.8
2026-03-21 00:16:49,-99.6631,37.2938,  45.3,21202,-65.1,-90.8,-86.0,  2,  4, 0.00,  4, 3.9
2026-03-21 00:16:51,-99.6632,37.2938,  45.2,21212,-65.2,-90.9,-86.1,  2,  4, 0.00,  1, 3.9
2026-03-21 00:16:54,-99.6632,37.2937,  45.1,21227,-65.2,-91.0,-86.3,  2,  4, 0.00,357, 4.0
2026-03-21 00:16:57,-99.6631,37.2936,  45.0,21241,-65.3,-91.1,-86.4,  2,  4, 0.00,352, 4.0
2026-03-21 00:16:59,-99.6631,37.2935,  44.9,21251,-65.2,-91.2,-86.5,  2,  3, 0.00,349, 4.1
2026-03-21 00:17:02,-99.6631,37.2934,  44.8,21267,-64.9,-91.1,-86.4,  2,  3, 0.00,345, 4.1
2026-03-21 00:17:04,-99.6631,37.2933,  44.7,21278,-64.7,-91.1,-86.3,  2,  3, 0.00,342, 4.1
2026-03-21 00:17:07,-99.6630,37.2932,  44.6,21295,-64.6,-91.1,-86.4,  2,  3, 0.00,338, 4.2
2026-03-21 00:17:09,-99.6630,37.2931,  44.5,21306,-64.5,-91.1,-86.3,  2,  3, 0.00,336, 4.2
2026-03-21 00:17:12,-99.6629,37.2930,  44.4,21322,-64.3,-91.0,-86.3,  2,  3, 0.00,332, 4.2
2026-03-21 00:17:15,-99.6628,37.2929,  44.3,21339,-64.1,-91.0,-86.2,  2,  3, 0.00,329, 4.3
2026-03-21 00:17:17,-99.6628,37.2929,  44.2,21349,-64.1,-91.0,-86.2,  2,  3, 0.00,328, 4.3
2026-03-21 00:17:20,-99.6627,37.2928,  44.1,21365,-64.0,-91.0,-86.2,  2,  3, 0.00,326, 4.3
2026-03-21 00:17:22,-99.6626,37.2927,  44.0,21375,-64.0,-90.9,-86.2,  2,  3, 0.00,326, 4.3
2026-03-21 00:17:25,-99.6626,37.2926,  43.9,21392,-64.0,-90.9,-86.2,  2,  3, 0.00,326, 4.3
2026-03-21 00:17:27,-99.6625,37.2925,  43.8,21403,-64.0,-90.9,-86.2,  2,  3, 0.00,327, 4.3
2026-03-21 00:17:30,-99.6624,37.2925,  43.7,21419,-64.0,-90.9,-86.2,  2,  3, 0.00,328, 4.2
2026-03-21 00:17:33,-99.6623,37.2924,  43.6,21435,-64.0,-90.9,-86.2,  2,  3, 0.00,330, 4.2
2026-03-21 00:17:35,-99.6623,37.2923,  43.5,21445,-64.0,-90.9,-86.2,  2,  3, 0.00,331, 4.2
2026-03-21 00:17:38,-99.6622,37.2922,  43.4,21462,-64.0,-90.9,-86.2,  2,  3, 0.00,333, 4.2
2026-03-21 00:17:41,-99.6621,37.2921,  43.3,21478,-64.0,-90.9,-86.1,  2,  3, 0.00,336, 4.2
2026-03-21 00:17:43,-99.6621,37.2921,  43.2,21489,-63.9,-90.8,-86.1,  2,  3, 0.00,337, 4.2
2026-03-21 00:17:46,-99.6621,37.2919,  43.1,21503,-63.8,-90.8,-86.0,  2,  3, 0.00,340, 4.1
2026-03-21 00:17:49,-99.6621,37.2918,  43.0,21520,-63.7,-90.7,-86.0,  2,  3, 0.00,343, 4.0
2026-03-21 00:17:51,-99.6620,37.2917,  42.9,21532,-63.7,-90.7,-86.0,  2,  3, 0.00,345, 4.0
2026-03-21 00:17:54,-99.6620,37.2917,  42.8,21547,-63.7,-90.8,-86.0,  2,  3, 0.00,349, 3.8
2026-03-21 00:17:56,-99.6619,37.2916,  42.7,21558,-63.7,-90.8,-86.0,  2,  3, 0.00,351, 3.7
2026-03-21 00:17:59,-99.6619,37.2915,  42.6,21574,-63.6,-90.7,-85.9,  2,  3, 0.00,356, 3.6
2026-03-21 00:18:02,-99.6619,37.2914,  42.5,21590,-63.5,-90.6,-85.9,  2,  3, 0.00,  1, 3.4
2026-03-21 00:18:05,-99.6619,37.2913,  42.4,21606,-63.4,-90.6,-85.8,  2,  3, 0.00,  6, 3.2
2026-03-21 00:18:07,-99.6620,37.2913,  42.3,21617,-63.5,-90.6,-85.9,  2,  3, 0.00,  9, 3.1
2026-03-21 00:18:10,-99.6620,37.2912,  42.2,21633,-63.6,-90.7,-85.9,  2,  3, 0.00, 13, 2.8
2026-03-21 00:18:13,-99.6621,37.2911,  42.1,21646,-63.6,-90.7,-85.9,  2,  3, 0.00, 15, 2.6
2026-03-21 00:18:16,-99.6621,37.2910,  42.0,21661,-63.6,-90.7,-86.0,  2,  3, 0.00, 17, 2.4
2026-03-21 00:18:19,-99.6621,37.2910,  41.9,21678,-63.7,-90.8,-86.0,  2,  3, 0.00, 16, 2.1
2026-03-21 00:18:21,-99.6622,37.2909,  41.8,21690,-63.6,-90.7,-86.0,  2,  3, 0.00, 14, 2.0
2026-03-21 00:18:24,-99.6622,37.2909,  41.7,21706,-63.5,-90.7,-85.9,  2,  3, 0.00, 10, 1.8
2026-03-21 00:18:27,-99.6622,37.2909,  41.6,21721,-63.5,-90.7,-85.9,  2,  3, 0.00,  5, 1.8
2026-03-21 00:18:30,-99.6622,37.2908,  41.5,21736,-63.6,-90.8,-86.0,  2,  3, 0.00,  1, 1.8
2026-03-21 00:18:33,-99.6622,37.2908,  41.4,21751,-63.5,-90.8,-86.0,  2,  3, 0.00,357, 1.9
2026-03-21 00:18:36,-99.6621,37.2907,  41.3,21766,-63.5,-90.8,-86.1,  2,  3, 0.00,356, 2.0
2026-03-21 00:18:38,-99.6621,37.2907,  41.2,21777,-63.6,-90.9,-86.1,  2,  3, 0.00,356, 2.1
2026-03-21 00:18:41,-99.6621,37.2907,  41.1,21793,-63.5,-91.0,-86.2,  2,  3, 0.00,358, 2.3
2026-03-21 00:18:44,-99.6621,37.2906,  41.0,21808,-63.3,-90.9,-86.2,  2,  3, 0.00,360, 2.5
2026-03-21 00:18:47,-99.6621,37.2905,  40.9,21826,-63.2,-90.9,-86.1,  1,  3, 0.00,  3, 2.6
2026-03-21 00:18:49,-99.6621,37.2904,  40.8,21838,-63.1,-90.9,-86.1,  1,  3, 0.00,  4, 2.8
2026-03-21 00:18:53,-99.6621,37.2904,  40.7,21857,-63.0,-90.9,-86.2,  1,  3, 0.00,  7, 3.0
2026-03-21 00:18:55,-99.6621,37.2903,  40.6,21868,-62.8,-90.9,-86.1,  1,  3, 0.00,  8, 3.1
2026-03-21 00:18:58,-99.6622,37.2902,  40.5,21885,-62.7,-90.8,-86.1,  1,  3, 0.00,  9, 3.2
2026-03-21 00:19:01,-99.6622,37.2901,  40.4,21899,-62.5,-90.8,-86.0,  1,  3, 0.00, 10, 3.4
2026-03-21 00:19:04,-99.6623,37.2901,  40.3,21915,-62.4,-90.7,-85.9,  1,  3, 0.00,  9, 3.5
2026-03-21 00:19:07,-99.6622,37.2900,  40.2,21930,-62.3,-90.6,-85.9,  1,  3, 0.00,  8, 3.7
2026-03-21 00:19:10,-99.6623,37.2899,  40.1,21945,-62.3,-90.6,-85.8,  1,  3, 0.00,  7, 3.8
2026-03-21 00:19:13,-99.6623,37.2897,  40.0,21961,-62.3,-90.5,-85.8,  1,  3, 0.00,  6, 3.9
2026-03-21 00:19:16,-99.6623,37.2896,  39.9,21977,-62.2,-90.4,-85.7,  1,  3, 0.00,  4, 3.9
2026-03-21 00:19:19,-99.6623,37.2895,  39.8,21992,-62.3,-90.4,-85.6,  1,  3, 0.00,  3, 3.9
2026-03-21 00:19:22,-99.6624,37.2894,  39.7,22009,-62.4,-90.4,-85.7,  1,  3, 0.00,  1, 3.8
2026-03-21 00:19:25,-99.6623,37.2893,  39.6,22024,-62.5,-90.4,-85.7,  1,  3, 0.00,359, 3.7
2026-03-21 00:19:28,-99.6623,37.2892,  39.5,22040,-62.6,-90.5,-85.7,  1,  3, 0.00,358, 3.6
2026-03-21 00:19:31,-99.6623,37.2891,  39.4,22056,-62.6,-90.5,-85.8,  1,  3, 0.00,356, 3.4
2026-03-21 00:19:34,-99.6623,37.2890,  39.3,22072,-62.6,-90.5,-85.8,  1,  3, 0.00,355, 3.1
2026-03-21 00:19:37,-99.6623,37.2889,  39.2,22087,-62.5,-90.5,-85.8,  1,  3, 0.00,353, 2.9
2026-03-21 00:19:40,-99.6623,37.2889,  39.1,22103,-62.5,-90.6,-85.8,  1,  3, 0.00,350, 2.5
2026-03-21 00:19:43,-99.6623,37.2888,  39.0,22119,-62.4,-90.6,-85.8,  1,  3, 0.00,347, 2.2
2026-03-21 00:19:46,-99.6622,37.2887,  38.9,22135,-62.4,-90.6,-85.9,  1,  3, 0.00,343, 1.9
2026-03-21 00:19:49,-99.6622,37.2887,  38.8,22152,-62.3,-90.6,-85.9,  1,  3, 0.00,338, 1.7
2026-03-21 00:19:52,-99.6623,37.2887,  38.7,22168,-62.1,-90.6,-85.8,  1,  3, 0.00,332, 1.5
2026-03-21 00:19:54,-99.6622,37.2887,  38.6,22179,-62.0,-90.5,-85.8,  1,  2, 0.00,328, 1.4
2026-03-21 00:19:57,-99.6621,37.2887,  38.5,22195,-61.9,-90.4,-85.7,  1,  2, 0.00,322, 1.3
2026-03-21 00:20:00,-99.6621,37.2886,  38.4,22212,-61.9,-90.4,-85.6,  1,  2, 0.00,318, 1.2
2026-03-21 00:20:03,-99.6621,37.2886,  38.3,22229,-61.8,-90.3,-85.6,  1,  3, 0.00,314, 1.2
2026-03-21 00:20:06,-99.6621,37.2886,  38.2,22244,-61.8,-90.3,-85.5,  1,  3, 0.00,311, 1.1
2026-03-21 00:20:09,-99.6620,37.2885,  38.1,22261,-61.9,-90.2,-85.5,  1,  3, 0.00,310, 1.1
2026-03-21 00:20:12,-99.6620,37.2885,  38.0,22277,-62.1,-90.3,-85.5,  1,  3, 0.00,308, 1.1
2026-03-21 00:20:15,-99.6620,37.2886,  37.9,22293,-62.2,-90.3,-85.5,  1,  3, 0.00,306, 1.1
2026-03-21 00:20:18,-99.6620,37.2885,  37.8,22309,-62.3,-90.2,-85.5,  1,  3, 0.00,304, 1.0
2026-03-21 00:20:21,-99.6620,37.2885,  37.7,22325,-62.4,-90.2,-85.5,  2,  3, 0.00,303, 1.1
2026-03-21 00:20:24,-99.6619,37.2885,  37.6,22344,-62.5,-90.2,-85.5,  2,  3, 0.00,304, 1.1
2026-03-21 00:20:27,-99.6619,37.2885,  37.5,22361,-62.5,-90.2,-85.5,  2,  3, 0.00,306, 1.2
2026-03-21 00:20:30,-99.6618,37.2885,  37.4,22375,-62.6,-90.3,-85.5,  2,  3, 0.00,309, 1.3
2026-03-21 00:20:33,-99.6618,37.2885,  37.3,22390,-62.7,-90.3,-85.6,  2,  3, 0.00,312, 1.4
2026-03-21 00:20:37,-99.6618,37.2885,  37.2,22411,-62.7,-90.4,-85.6,  2,  3, 0.00,318, 1.6
2026-03-21 00:20:40,-99.6617,37.2884,  37.1,22426,-62.7,-90.4,-85.7,  2,  3, 0.00,321, 1.8
2026-03-21 00:20:43,-99.6617,37.2884,  37.0,22442,-62.7,-90.5,-85.8,  1,  3, 0.00,324, 1.9
2026-03-21 00:20:46,-99.6616,37.2883,  36.9,22458,-62.7,-90.6,-85.8,  1,  3, 0.00,326, 2.0
2026-03-21 00:20:49,-99.6616,37.2882,  36.8,22475,-62.7,-90.6,-85.8,  1,  3, 0.00,327, 2.0
2026-03-21 00:20:52,-99.6615,37.2882,  36.7,22492,-62.6,-90.6,-85.8,  1,  3, 0.00,327, 2.0
2026-03-21 00:20:55,-99.6616,37.2882,  36.6,22509,-62.6,-90.6,-85.9,  1,  3, 0.00,326, 1.9
2026-03-21 00:20:58,-99.6615,37.2881,  36.5,22525,-62.5,-90.6,-85.9,  1,  3, 0.00,324, 1.9
2026-03-21 00:21:01,-99.6615,37.2881,  36.4,22542,-62.5,-90.6,-85.9,  1,  3, 0.00,321, 1.8
2026-03-21 00:21:04,-99.6614,37.2880,  36.3,22560,-62.5,-90.6,-85.9,  1,  3, 0.00,318, 1.8
2026-03-21 00:21:07,-99.6614,37.2880,  36.2,22577,-62.4,-90.6,-85.8,  1,  3, 0.00,315, 1.8
2026-03-21 00:21:10,-99.6613,37.2880,  36.1,22594,-62.4,-90.6,-85.8,  1,  3, 0.00,311, 1.8
2026-03-21 00:21:13,-99.6613,37.2880,  36.0,22611,-62.4,-90.5,-85.8,  1,  3, 0.00,309, 1.9
2026-03-21 00:21:16,-99.6613,37.2879,  35.9,22628,-62.5,-90.5,-85.8,  1,  3, 0.00,307, 2.0
2026-03-21 00:21:19,-99.6613,37.2879,  35.8,22643,-62.5,-90.5,-85.8,  1,  3, 0.00,306, 2.2
2026-03-21 00:21:23,-99.6611,37.2878,  35.7,22664,-62.6,-90.5,-85.8,  1,  3, 0.00,305, 2.4
2026-03-21 00:21:26,-99.6610,37.2879,  35.6,22682,-62.7,-90.5,-85.8,  1,  3, 0.00,306, 2.7
2026-03-21 00:21:29,-99.6611,37.2878,  35.5,22698,-62.7,-90.5,-85.8,  1,  3, 0.00,306, 2.9
2026-03-21 00:21:32,-99.6609,37.2877,  35.4,22715,-62.8,-90.6,-85.8,  1,  3, 0.00,306, 3.2
2026-03-21 00:21:35,-99.6607,37.2877,  35.3,22732,-62.8,-90.5,-85.8,  1,  3, 0.00,307, 3.6
2026-03-21 00:21:38,-99.6608,37.2876,  35.2,22747,-62.7,-90.4,-85.7,  2,  3, 0.00,308, 3.9
2026-03-21 00:21:41,-99.6607,37.2876,  35.1,22765,-62.7,-90.4,-85.7,  2,  3, 0.00,308, 4.2
2026-03-21 00:21:45,-99.6604,37.2875,  35.0,22787,-62.8,-90.5,-85.7,  2,  3, 0.00,309, 4.7
2026-03-21 00:21:48,-99.6604,37.2874,  34.9,22804,-62.9,-90.6,-85.8,  2,  3, 0.00,310, 5.0
2026-03-21 00:21:51,-99.6602,37.2873,  34.8,22818,-63.0,-90.6,-85.9,  2,  3, 0.00,312, 5.3
2026-03-21 00:21:55,-99.6599,37.2871,  34.7,22838,-63.0,-90.7,-85.9,  2,  3, 0.00,314, 5.5
2026-03-21 00:21:58,-99.6598,37.2871,  34.6,22856,-63.0,-90.7,-85.9,  2,  3, 0.00,316, 5.7
2026-03-21 00:22:01,-99.6597,37.2869,  34.5,22874,-63.0,-90.7,-85.9,  2,  3, 0.00,318, 5.7
2026-03-21 00:22:04,-99.6595,37.2868,  34.4,22891,-63.0,-90.7,-85.9,  1,  3, 0.00,321, 5.7
2026-03-21 00:22:07,-99.6594,37.2867,  34.3,22907,-63.0,-90.8,-86.0,  1,  3, 0.00,323, 5.6
2026-03-21 00:22:11,-99.6593,37.2865,  34.2,22928,-63.0,-90.9,-86.1,  1,  3, 0.00,327, 5.4
2026-03-21 00:22:14,-99.6592,37.2864,  34.1,22943,-63.0,-90.9,-86.1,  1,  3, 0.00,329, 5.3
2026-03-21 00:22:17,-99.6591,37.2863,  34.0,22961,-62.9,-90.9,-86.2,  1,  3, 0.00,331, 5.1
2026-03-21 00:22:21,-99.6590,37.2860,  33.9,22981,-62.9,-91.0,-86.2,  1,  3, 0.00,334, 4.8
2026-03-21 00:22:24,-99.6590,37.2860,  33.8,22998,-62.7,-91.0,-86.2,  1,  3, 0.00,336, 4.5
2026-03-21 00:22:27,-99.6589,37.2859,  33.7,23015,-62.6,-91.0,-86.2,  1,  2, 0.00,339, 4.3
2026-03-21 00:22:31,-99.6588,37.2857,  33.6,23037,-62.5,-91.0,-86.2,  1,  2, 0.00,342, 3.9
2026-03-21 00:22:34,-99.6588,37.2856,  33.5,23054,-62.4,-91.0,-86.2,  1,  2, 0.00,346, 3.7
2026-03-21 00:22:37,-99.6588,37.2856,  33.4,23071,-62.2,-90.9,-86.1,  1,  2, 0.00,350, 3.4
2026-03-21 00:22:41,-99.6587,37.2854,  33.3,23092,-62.1,-90.9,-86.2,  1,  2, 0.00,357, 3.1
2026-03-21 00:22:44,-99.6587,37.2853,  33.2,23108,-62.0,-90.9,-86.1,  1,  2, 0.00,  5, 2.9
2026-03-21 00:22:47,-99.6587,37.2852,  33.1,23125,-61.9,-90.8,-86.0,  1,  2, 0.00, 13, 2.8
2026-03-21 00:22:51,-99.6588,37.2852,  33.0,23148,-61.9,-90.8,-86.0,  1,  2, 0.00, 24, 2.7
2026-03-21 00:22:54,-99.6589,37.2851,  32.9,23164,-61.9,-90.7,-86.0,  1,  2, 0.00, 31, 2.7
2026-03-21 00:22:57,-99.6590,37.2851,  32.8,23182,-61.9,-90.7,-86.0,  1,  2, 0.00, 37, 2.6
2026-03-21 00:23:01,-99.6590,37.2850,  32.7,23205,-62.0,-90.7,-86.0,  1,  2, 0.00, 43, 2.5
2026-03-21 00:23:04,-99.6592,37.2849,  32.6,23220,-61.9,-90.7,-85.9,  1,  2, 0.00, 46, 2.3
2026-03-21 00:23:08,-99.6592,37.2849,  32.5,23243,-61.8,-90.5,-85.8,  1,  2, 0.00, 47, 2.0
2026-03-21 00:23:11,-99.6593,37.2848,  32.4,23260,-61.9,-90.5,-85.8,  1,  2, 0.00, 45, 1.6
2026-03-21 00:23:14,-99.6593,37.2848,  32.3,23276,-62.0,-90.6,-85.8,  1,  2, 0.00, 40, 1.2
2026-03-21 00:23:18,-99.6594,37.2848,  32.2,23297,-62.0,-90.6,-85.8,  1,  2, 0.00, 18, 0.7
2026-03-21 00:23:22,-99.6593,37.2847,  32.1,23318,-62.1,-90.6,-85.8,  1,  2, 0.00,321, 0.6
2026-03-21 00:23:25,-99.6593,37.2848,  32.0,23337,-62.1,-90.6,-85.9,  1,  2, 0.00,295, 0.8
2026-03-21 00:23:28,-99.6593,37.2848,  31.9,23354,-62.2,-90.7,-85.9,  1,  2, 0.00,287, 1.1
2026-03-21 00:23:32,-99.6592,37.2848,  31.8,23377,-62.2,-90.7,-86.0,  1,  2, 0.00,287, 1.4
2026-03-21 00:23:35,-99.6591,37.2848,  31.7,23394,-62.0,-90.6,-85.8,  1,  2, 0.00,291, 1.6
2026-03-21 00:23:38,-99.6591,37.2848,  31.6,23412,-61.8,-90.4,-85.7,  1,  2, 0.00,298, 1.7
2026-03-21 00:23:42,-99.6589,37.2848,  31.5,23433,-61.8,-90.4,-85.6,  1,  2, 0.00,311, 1.8
2026-03-21 00:23:45,-99.6589,37.2847,  31.4,23451,-61.9,-90.5,-85.7,  1,  2, 0.00,322, 2.0
2026-03-21 00:23:49,-99.6589,37.2846,  31.3,23472,-62.0,-90.5,-85.7,  1,  3, 0.00,336, 2.2
2026-03-21 00:23:53,-99.6588,37.2846,  31.2,23496,-62.1,-90.5,-85.7,  1,  3, 0.00,348, 2.6
2026-03-21 00:23:56,-99.6588,37.2846,  31.1,23514,-62.2,-90.5,-85.8,  1,  3, 0.00,355, 2.8
2026-03-21 00:23:59,-99.6588,37.2844,  31.0,23530,-62.3,-90.6,-85.8,  1,  3, 0.00,360, 3.0
2026-03-21 00:24:03,-99.6588,37.2842,  30.9,23554,-62.3,-90.6,-85.8,  1,  3, 0.00,  6, 3.1
2026-03-21 00:24:06,-99.6589,37.2842,  30.8,23570,-62.3,-90.5,-85.8,  1,  3, 0.00,  9, 3.2
2026-03-21 00:24:10,-99.6589,37.2840,  30.7,23590,-62.3,-90.4,-85.7,  1,  3, 0.00, 12, 3.0
2026-03-21 00:24:14,-99.6590,37.2839,  30.6,23614,-62.4,-90.5,-85.7,  1,  3, 0.00, 14, 2.8
2026-03-21 00:24:17,-99.6590,37.2839,  30.5,23632,-62.5,-90.5,-85.7,  1,  3, 0.00, 14, 2.6
2026-03-21 00:24:21,-99.6590,37.2837,  30.4,23654,-62.6,-90.5,-85.7,  1,  3, 0.00, 14, 2.2
2026-03-21 00:24:24,-99.6590,37.2837,  30.3,23671,-62.7,-90.5,-85.7,  1,  3, 0.00, 12, 2.0
2026-03-21 00:24:28,-99.6591,37.2837,  30.2,23694,-62.8,-90.5,-85.8,  2,  3, 0.00,  7, 1.7
2026-03-21 00:24:31,-99.6591,37.2836,  30.1,23712,-63.0,-90.6,-85.9,  2,  3, 0.00,  1, 1.5
2026-03-21 00:24:36,-99.6591,37.2836,  30.0,23741,-63.3,-90.8,-86.1,  2,  3, 0.00,349, 1.4
2026-03-21 00:24:38,-99.6591,37.2836,  29.9,23753,-63.3,-90.9,-86.2,  2,  3, 0.00,339, 1.3
2026-03-21 00:24:42,-99.6590,37.2835,  29.8,23777,-63.3,-90.9,-86.2,  1,  3, 0.00,324, 1.3
2026-03-21 00:24:46,-99.6590,37.2835,  29.7,23797,-62.9,-90.8,-86.0,  1,  3, 0.00,308, 1.3
2026-03-21 00:24:50,-99.6590,37.2834,  29.6,23819,-62.8,-90.7,-86.0,  1,  3, 0.00,293, 1.3
2026-03-21 00:24:53,-99.6589,37.2834,  29.5,23835,-62.7,-90.7,-86.0,  1,  3, 0.00,281, 1.4
2026-03-21 00:24:57,-99.6588,37.2834,  29.4,23858,-62.9,-90.8,-86.1,  1,  3, 0.00,270, 1.5
2026-03-21 00:25:01,-99.6588,37.2834,  29.3,23882,-63.0,-90.9,-86.1,  1,  3, 0.00,262, 1.7
2026-03-21 00:25:04,-99.6587,37.2835,  29.2,23900,-63.0,-90.9,-86.1,  1,  3, 0.00,260, 1.8
2026-03-21 00:25:08,-99.6587,37.2835,  29.1,23923,-63.1,-90.9,-86.1,  1,  3, 0.00,261, 2.0
2026-03-21 00:25:11,-99.6586,37.2835,  29.0,23941,-63.2,-90.9,-86.2,  1,  3, 0.00,265, 2.2
2026-03-21 00:25:15,-99.6585,37.2836,  28.9,23964,-63.2,-91.0,-86.3,  1,  3, 0.00,273, 2.5
2026-03-21 00:25:19,-99.6584,37.2836,  28.8,23988,-63.2,-91.1,-86.3,  1,  3, 0.00,283, 2.9
2026-03-21 00:25:22,-99.6583,37.2836,  28.7,24006,-63.2,-91.1,-86.4,  1,  3, 0.00,290, 3.3
2026-03-21 00:25:26,-99.6581,37.2835,  28.6,24027,-63.3,-91.2,-86.5,  1,  3, 0.00,300, 4.0
2026-03-21 00:25:30,-99.6580,37.2835,  28.5,24051,-63.2,-91.3,-86.5,  1,  3, 0.00,307, 4.6
2026-03-21 00:25:34,-99.6577,37.2833,  28.4,24070,-62.9,-91.2,-86.4,  1,  3, 0.00,314, 5.3
2026-03-21 00:25:38,-99.6576,37.2831,  28.3,24091,-62.6,-91.1,-86.3,  1,  2, 0.00,320, 5.9
2026-03-21 00:25:42,-99.6574,37.2830,  28.2,24113,-62.6,-91.1,-86.3,  1,  2, 0.00,325, 6.3
2026-03-21 00:25:46,-99.6572,37.2828,  28.1,24137,-62.6,-91.1,-86.3,  1,  2, 0.00,330, 6.7
2026-03-21 00:25:50,-99.6571,37.2825,  28.0,24160,-62.5,-91.0,-86.2,  1,  2, 0.00,335, 7.0
2026-03-21 00:25:54,-99.6569,37.2823,  27.9,24181,-62.5,-90.9,-86.2,  1,  2, 0.00,340, 7.2
2026-03-21 00:25:58,-99.6568,37.2820,  27.8,24202,-62.6,-91.0,-86.2,  1,  2, 0.00,346, 7.4
2026-03-21 00:26:02,-99.6568,37.2818,  27.7,24225,-62.7,-91.0,-86.2,  1,  3, 0.00,352, 7.5
2026-03-21 00:26:06,-99.6567,37.2815,  27.6,24248,-62.8,-91.0,-86.3,  1,  3, 0.00,358, 7.8
2026-03-21 00:26:09,-99.6567,37.2813,  27.5,24266,-62.8,-91.1,-86.3,  1,  3, 0.00,  3, 7.9
2026-03-21 00:26:13,-99.6568,37.2810,  27.4,24292,-62.9,-91.1,-86.4,  1,  3, 0.00,  9, 8.2
2026-03-21 00:26:17,-99.6568,37.2806,  27.3,24312,-62.9,-91.2,-86.4,  1,  2, 0.00, 15, 8.4
2026-03-21 00:26:21,-99.6570,37.2804,  27.2,24337,-62.7,-91.2,-86.4,  1,  2, 0.00, 20, 8.6
2026-03-21 00:26:25,-99.6572,37.2801,  27.1,24359,-62.5,-91.1,-86.4,  1,  2, 0.00, 24, 8.7
2026-03-21 00:26:29,-99.6574,37.2798,  27.0,24381,-62.3,-91.0,-86.3,  1,  2, 0.00, 29, 8.7
2026-03-21 00:26:33,-99.6575,37.2795,  26.9,24403,-62.2,-91.2,-86.4,  1,  2, 0.00, 34, 8.6
2026-03-21 00:26:37,-99.6577,37.2793,  26.8,24425,-62.3,-91.4,-86.6,  1,  2, 0.00, 39, 8.5
2026-03-21 00:26:41,-99.6580,37.2790,  26.7,24450,-62.2,-91.5,-86.7,  1,  2, 0.00, 44, 8.3
2026-03-21 00:26:46,-99.6584,37.2788,  26.6,24474,-61.6,-91.2,-86.5,  1,  2, 0.00, 51, 8.0
2026-03-21 00:26:50,-99.6588,37.2786,  26.5,24499,-61.1,-91.0,-86.2,  1,  2, 0.00, 56, 7.7
2026-03-21 00:26:53,-99.6589,37.2785,  26.4,24517,-61.1,-90.9,-86.2,  1,  2, 0.00, 59, 7.4
2026-03-21 00:26:57,-99.6593,37.2784,  26.3,24545,-61.1,-90.9,-86.2,  1,  2, 0.00, 64, 7.0
2026-03-21 00:27:01,-99.6596,37.2783,  26.2,24567,-61.0,-90.8,-86.1,  1,  2, 0.00, 68, 6.5
2026-03-21 00:27:05,-99.6597,37.2783,  26.1,24588,-61.0,-90.7,-86.0,  1,  2, 0.00, 73, 5.9
2026-03-21 00:27:09,-99.6601,37.2782,  26.0,24613,-61.1,-90.6,-85.9,  1,  2, 0.00, 78, 5.4
2026-03-21 00:27:14,-99.6603,37.2781,  25.9,24639,-61.1,-90.5,-85.8,  1,  2, 0.00, 86, 4.9
2026-03-21 00:27:19,-99.6606,37.2782,  25.8,24663,-61.2,-90.5,-85.7,  1,  2, 0.00, 95, 4.4
2026-03-21 00:27:23,-99.6608,37.2782,  25.7,24689,-61.1,-90.4,-85.7,  1,  2, 0.01,105, 4.0
2026-03-21 00:27:27,-99.6609,37.2783,  25.6,24713,-61.1,-90.4,-85.7,  1,  2, 0.01,117, 3.7
2026-03-21 00:27:31,-99.6611,37.2783,  25.5,24735,-61.2,-90.6,-85.8,  1,  2, 0.00,130, 3.5
2026-03-21 00:27:35,-99.6612,37.2784,  25.4,24758,-61.2,-90.7,-85.9,  1,  2, 0.00,144, 3.4
2026-03-21 00:27:39,-99.6613,37.2785,  25.3,24784,-61.1,-90.8,-86.0,  1,  2, 0.00,159, 3.3
2026-03-21 00:27:44,-99.6614,37.2788,  25.2,24808,-60.9,-90.9,-86.2,  1,  2, 0.00,176, 3.3
2026-03-21 00:27:48,-99.6613,37.2789,  25.1,24835,-60.5,-90.8,-86.1,  1,  2, 0.00,190, 3.3
2026-03-21 00:27:52,-99.6613,37.2790,  25.0,24859,-59.8,-90.6,-85.8,  1,  2, 0.01,204, 3.4
2026-03-21 00:27:56,-99.6611,37.2792,  24.9,24884,-59.6,-90.6,-85.8,  1,  2, 0.01,217, 3.6
2026-03-21 00:28:00,-99.6612,37.2792,  24.8,24907,-59.5,-90.6,-85.9,  1,  2, 0.01,227, 4.0
2026-03-21 00:28:04,-99.6610,37.2793,  24.7,24931,-59.3,-90.5,-85.7,  1,  2, 0.01,235, 4.4
2026-03-21 00:28:09,-99.6607,37.2794,  24.6,24957,-59.2,-90.4,-85.6,  1,  2, 0.01,243, 4.9
2026-03-21 00:28:14,-99.6604,37.2795,  24.5,24986,-59.0,-90.2,-85.4,  1,  2, 0.01,249, 5.2
2026-03-21 00:28:18,-99.6601,37.2796,  24.4,25010,-59.0,-90.1,-85.3,  1,  2, 0.01,254, 5.2
2026-03-21 00:28:23,-99.6598,37.2796,  24.3,25035,-58.9,-89.9,-85.2,  1,  2, 0.01,260, 5.0
2026-03-21 00:28:28,-99.6594,37.2797,  24.2,25064,-58.8,-89.8,-85.0,  1,  2, 0.01,269, 4.4
2026-03-21 00:28:32,-99.6593,37.2797,  24.1,25090,-58.7,-89.7,-84.9,  1,  2, 0.01,278, 4.0
2026-03-21 00:28:35,-99.6592,37.2796,  24.0,25113,-58.7,-89.6,-84.9,  1,  2, 0.01,286, 3.7
2026-03-21 00:28:39,-99.6591,37.2796,  23.9,25138,-58.7,-89.6,-84.8,  1,  2, 0.01,298, 3.4
2026-03-21 00:28:44,-99.6590,37.2795,  23.8,25167,-58.9,-89.6,-84.9,  1,  2, 0.01,312, 3.4
2026-03-21 00:28:48,-99.6589,37.2793,  23.7,25189,-58.8,-89.6,-84.8,  1,  2, 0.01,319, 3.5
2026-03-21 00:28:53,-99.6588,37.2792,  23.6,25216,-58.5,-89.3,-84.6,  1,  2, 0.01,323, 3.7
2026-03-21 00:28:59,-99.6586,37.2790,  23.5,25247,-58.6,-89.3,-84.6,  1,  2, 0.01,324, 3.9
2026-03-21 00:29:03,-99.6586,37.2789,  23.4,25273,-58.6,-89.4,-84.7,  1,  2, 0.01,323, 3.9
2026-03-21 00:29:07,-99.6584,37.2788,  23.3,25298,-58.7,-89.4,-84.7,  1,  2, 0.01,321, 4.0
2026-03-21 00:29:11,-99.6583,37.2787,  23.2,25323,-58.8,-89.5,-84.7,  1,  2, 0.01,320, 4.0
2026-03-21 00:29:16,-99.6581,37.2786,  23.1,25354,-58.8,-89.5,-84.7,  1,  2, 0.01,319, 3.9
2026-03-21 00:29:20,-99.6580,37.2785,  23.0,25379,-58.8,-89.4,-84.7,  1,  2, 0.01,318, 3.9
2026-03-21 00:29:25,-99.6579,37.2783,  22.9,25408,-58.8,-89.4,-84.6,  1,  2, 0.01,316, 3.9
2026-03-21 00:29:29,-99.6577,37.2782,  22.8,25433,-58.7,-89.3,-84.6,  1,  2, 0.01,315, 3.7
2026-03-21 00:29:34,-99.6576,37.2781,  22.7,25464,-58.8,-89.3,-84.6,  1,  2, 0.01,314, 3.4
2026-03-21 00:29:39,-99.6574,37.2781,  22.6,25490,-58.9,-89.4,-84.6,  1,  2, 0.01,313, 3.0
2026-03-21 00:29:44,-99.6573,37.2779,  22.5,25520,-58.9,-89.4,-84.6,  1,  2, 0.01,312, 2.4
2026-03-21 00:29:48,-99.6572,37.2779,  22.4,25543,-58.9,-89.4,-84.7,  1,  2, 0.01,311, 1.9
2026-03-21 00:29:53,-99.6573,37.2778,  22.3,25571,-58.9,-89.5,-84.8,  1,  2, 0.01,303, 1.4
2026-03-21 00:29:58,-99.6572,37.2778,  22.2,25601,-58.8,-89.5,-84.7,  1,  2, 0.01,286, 1.2
2026-03-21 00:30:02,-99.6572,37.2778,  22.1,25627,-58.5,-89.4,-84.6,  1,  2, 0.01,271, 1.2
2026-03-21 00:30:07,-99.6571,37.2779,  22.0,25655,-58.4,-89.2,-84.5,  1,  2, 0.01,262, 1.6
2026-03-21 00:30:12,-99.6570,37.2779,  21.9,25688,-58.5,-89.2,-84.4,  1,  2, 0.01,262, 2.1
2026-03-21 00:30:17,-99.6569,37.2779,  21.8,25718,-58.8,-89.2,-84.4,  1,  2, 0.01,265, 2.7
2026-03-21 00:30:21,-99.6568,37.2779,  21.7,25743,-59.0,-89.2,-84.4,  1,  2, 0.01,268, 3.3
2026-03-21 00:30:26,-99.6566,37.2780,  21.6,25774,-59.3,-89.2,-84.5,  1,  2, 0.01,270, 4.1
2026-03-21 00:30:30,-99.6564,37.2779,  21.5,25799,-59.5,-89.3,-84.6,  1,  2, 0.01,272, 4.9
2026-03-21 00:30:35,-99.6561,37.2779,  21.4,25829,-59.7,-89.4,-84.6,  1,  2, 0.01,273, 5.9
2026-03-21 00:30:41,-99.6555,37.2779,  21.3,25862,-59.8,-89.6,-84.9,  1,  2, 0.01,275, 6.9
2026-03-21 00:30:45,-99.6553,37.2779,  21.2,25887,-59.7,-89.7,-84.9,  1,  2, 0.01,277, 7.5
2026-03-21 00:30:51,-99.6547,37.2778,  21.1,25921,-59.3,-89.7,-84.9,  1,  2, 0.01,280, 8.0
2026-03-21 00:30:56,-99.6543,37.2778,  21.0,25947,-59.1,-89.6,-84.9,  1,  2, 0.01,284, 8.2
2026-03-21 00:31:01,-99.6537,37.2777,  20.9,25978,-59.0,-89.6,-84.9,  1,  2, 0.01,288, 8.3
2026-03-21 00:31:06,-99.6534,37.2776,  20.8,26008,-59.0,-89.5,-84.8,  1,  2, 0.01,292, 8.3
2026-03-21 00:31:11,-99.6529,37.2774,  20.7,26038,-59.1,-89.5,-84.8,  1,  2, 0.01,296, 8.3
2026-03-21 00:31:17,-99.6524,37.2772,  20.6,26070,-59.3,-89.5,-84.7,  1,  2, 0.01,301, 8.3
2026-03-21 00:31:22,-99.6521,37.2770,  20.5,26098,-59.3,-89.4,-84.6,  1,  2, 0.01,305, 8.5
2026-03-21 00:31:27,-99.6516,37.2767,  20.4,26128,-59.6,-89.4,-84.7,  1,  2, 0.01,309, 8.7
2026-03-21 00:31:32,-99.6513,37.2765,  20.3,26160,-59.7,-89.5,-84.7,  1,  2, 0.01,313, 9.0
2026-03-21 00:31:37,-99.6509,37.2762,  20.2,26188,-60.0,-89.6,-84.8,  1,  2, 0.01,317, 9.1
2026-03-21 00:31:43,-99.6506,37.2758,  20.1,26221,-60.1,-89.7,-85.0,  1,  2, 0.01,322, 9.0
2026-03-21 00:31:50,-99.6500,37.2753,  20.0,26266,-60.1,-89.8,-85.1,  1,  2, 0.01,328, 8.9
2026-03-21 00:31:53,-99.6500,37.2751,  19.9,26285,-60.0,-89.9,-85.1,  1,  2, 0.01,333, 8.7
2026-03-21 00:31:58,-99.6497,37.2747,  19.8,26316,-59.9,-89.9,-85.1,  1,  2, 0.01,339, 8.5
2026-03-21 00:32:03,-99.6497,37.2744,  19.7,26345,-59.8,-89.9,-85.2,  1,  2, 0.01,345, 8.5
2026-03-21 00:32:08,-99.6495,37.2740,  19.6,26377,-59.7,-90.0,-85.2,  1,  2, 0.01,350, 8.5
2026-03-21 00:32:14,-99.6495,37.2735,  19.5,26413,-59.7,-90.0,-85.3,  1,  2, 0.01,355, 8.5
2026-03-21 00:32:19,-99.6494,37.2732,  19.4,26445,-59.5,-90.0,-85.3,  1,  2, 0.01,359, 8.6
2026-03-21 00:32:24,-99.6495,37.2728,  19.3,26474,-59.5,-90.0,-85.3,  1,  2, 0.01,  2, 8.9
2026-03-21 00:32:29,-99.6495,37.2724,  19.2,26505,-59.3,-90.0,-85.3,  1,  2, 0.01,  5, 9.3
2026-03-21 00:32:35,-99.6496,37.2719,  19.1,26541,-59.1,-90.0,-85.2,  1,  2, 0.01,  8, 9.9
2026-03-21 00:32:41,-99.6497,37.2713,  19.0,26575,-58.9,-89.9,-85.1,  1,  2, 0.01, 10,10.6
2026-03-21 00:32:46,-99.6498,37.2708,  18.9,26606,-58.7,-89.7,-84.9,  1,  2, 0.01, 12,11.1
2026-03-21 00:32:51,-99.6499,37.2704,  18.8,26639,-58.8,-89.6,-84.9,  1,  2, 0.01, 13,11.4
2026-03-21 00:32:57,-99.6502,37.2697,  18.7,26674,-58.9,-89.5,-84.7,  1,  2, 0.01, 16,11.6
2026-03-21 00:33:02,-99.6503,37.2692,  18.6,26703,-59.1,-89.5,-84.7,  1,  2, 0.01, 19,11.5
2026-03-21 00:33:08,-99.6506,37.2686,  18.5,26740,-59.2,-89.4,-84.7,  1,  2, 0.01, 23,11.3
2026-03-21 00:33:13,-99.6509,37.2682,  18.4,26772,-59.3,-89.5,-84.7,  1,  2, 0.01, 27,11.1
2026-03-21 00:33:19,-99.6513,37.2677,  18.3,26807,-59.3,-89.6,-84.8,  1,  2, 0.01, 33,10.7
2026-03-21 00:33:25,-99.6517,37.2672,  18.2,26844,-59.2,-89.5,-84.8,  1,  2, 0.01, 37,10.3
2026-03-21 00:33:31,-99.6522,37.2668,  18.1,26878,-59.1,-89.5,-84.7,  1,  2, 0.01, 41, 9.8
2026-03-21 00:33:37,-99.6526,37.2664,  18.0,26912,-59.2,-89.5,-84.8,  1,  2, 0.01, 44, 9.1
2026-03-21 00:33:42,-99.6530,37.2662,  17.9,26944,-59.3,-89.5,-84.8,  1,  2, 0.01, 46, 8.5
2026-03-21 00:33:49,-99.6535,37.2658,  17.8,26982,-59.4,-89.5,-84.7,  1,  2, 0.01, 51, 7.6
2026-03-21 00:33:55,-99.6538,37.2656,  17.7,27017,-59.5,-89.5,-84.7,  1,  2, 0.01, 56, 6.8
2026-03-21 00:34:00,-99.6541,37.2654,  17.6,27049,-59.5,-89.5,-84.7,  1,  2, 0.01, 61, 6.1
2026-03-21 00:34:06,-99.6546,37.2653,  17.5,27086,-59.6,-89.6,-84.8,  1,  2, 0.01, 69, 5.4
2026-03-21 00:34:12,-99.6548,37.2652,  17.4,27123,-59.6,-89.6,-84.8,  1,  2, 0.01, 79, 5.0
2026-03-21 00:34:18,-99.6552,37.2653,  17.3,27156,-59.6,-89.5,-84.8,  1,  2, 0.01, 87, 4.9
2026-03-21 00:34:24,-99.6554,37.2652,  17.2,27195,-59.8,-89.6,-84.8,  1,  2, 0.01, 94, 5.1
2026-03-21 00:34:30,-99.6558,37.2653,  17.1,27228,-60.0,-89.6,-84.9,  1,  2, 0.01, 97, 5.5
2026-03-21 00:34:37,-99.6563,37.2654,  17.0,27269,-60.2,-89.7,-84.9,  1,  2, 0.01,100, 5.6
2026-03-21 00:34:43,-99.6567,37.2653,  16.9,27304,-60.2,-89.7,-85.0,  1,  2, 0.01,103, 5.5
2026-03-21 00:34:49,-99.6571,37.2655,  16.8,27337,-60.1,-89.8,-85.1,  1,  2, 0.01,107, 5.3
2026-03-21 00:34:55,-99.6573,37.2656,  16.7,27377,-60.2,-89.9,-85.2,  1,  2, 0.01,111, 5.2
2026-03-21 00:35:01,-99.6577,37.2657,  16.6,27415,-60.0,-89.9,-85.2,  1,  2, 0.01,114, 5.5
2026-03-21 00:35:07,-99.6579,37.2658,  16.5,27451,-60.0,-90.0,-85.2,  1,  2, 0.01,117, 6.0
2026-03-21 00:35:13,-99.6584,37.2659,  16.4,27488,-59.9,-90.0,-85.2,  1,  2, 0.01,118, 6.5
2026-03-21 00:35:19,-99.6587,37.2662,  16.3,27528,-59.9,-90.1,-85.3,  1,  2, 0.01,120, 6.8
2026-03-21 00:35:26,-99.6594,37.2664,  16.2,27570,-59.8,-90.1,-85.4,  1,  2, 0.01,124, 6.7
2026-03-21 00:35:32,-99.6597,37.2666,  16.1,27609,-59.6,-90.2,-85.5,  1,  2, 0.01,129, 6.2
2026-03-21 00:35:38,-99.6600,37.2669,  16.0,27647,-59.4,-90.3,-85.6,  1,  2, 0.01,137, 5.7
2026-03-21 00:35:44,-99.6602,37.2671,  15.9,27685,-58.9,-90.2,-85.4,  1,  2, 0.01,147, 5.4
2026-03-21 00:35:50,-99.6603,37.2673,  15.8,27723,-58.6,-90.1,-85.4,  1,  2, 0.01,159, 5.3
2026-03-21 00:35:57,-99.6606,37.2676,  15.7,27765,-58.2,-89.8,-85.1,  1,  2, 0.01,174, 5.5
2026-03-21 00:36:03,-99.6605,37.2679,  15.6,27803,-58.1,-89.7,-84.9,  1,  2, 0.01,188, 5.8
2026-03-21 00:36:10,-99.6604,37.2684,  15.5,27844,-58.1,-89.5,-84.8,  1,  2, 0.01,203, 6.4
2026-03-21 00:36:16,-99.6601,37.2687,  15.4,27881,-58.1,-89.5,-84.7,  1,  2, 0.01,213, 7.1
2026-03-21 00:36:23,-99.6598,37.2690,  15.3,27923,-58.2,-89.5,-84.7,  1,  2, 0.01,221, 8.0
2026-03-21 00:36:30,-99.6592,37.2694,  15.2,27966,-57.7,-89.1,-84.3,  1,  2, 0.01,225, 8.7
2026-03-21 00:36:37,-99.6587,37.2698,  15.1,28010,-57.7,-89.1,-84.3,  1,  2, 0.01,229, 9.1
2026-03-21 00:36:43,-99.6583,37.2702,  15.0,28047,-57.8,-89.1,-84.4,  1,  2, 0.01,233, 9.3
2026-03-21 00:36:50,-99.6576,37.2705,  14.9,28092,-57.7,-89.0,-84.3,  1,  2, 0.01,239, 9.3
2026-03-21 00:36:56,-99.6571,37.2708,  14.8,28133,-57.8,-89.1,-84.4,  1,  2, 0.01,244, 9.3
2026-03-21 00:37:04,-99.6563,37.2711,  14.7,28178,-57.7,-89.2,-84.4,  1,  2, 0.01,252, 9.2
2026-03-21 00:37:11,-99.6557,37.2712,  14.6,28220,-57.4,-89.1,-84.4,  1,  2, 0.01,259, 9.1
2026-03-21 00:37:18,-99.6549,37.2713,  14.5,28263,-57.2,-89.1,-84.3,  1,  2, 0.01,266, 8.9
2026-03-21 00:37:25,-99.6541,37.2712,  14.4,28307,-56.8,-88.9,-84.1,  1,  2, 0.01,271, 8.5
2026-03-21 00:37:32,-99.6536,37.2712,  14.3,28347,-56.9,-88.9,-84.2,  1,  2, 0.01,274, 8.0
2026-03-21 00:37:39,-99.6529,37.2710,  14.2,28392,-57.0,-88.9,-84.2,  1,  2, 0.01,274, 7.5
2026-03-21 00:37:47,-99.6523,37.2711,  14.1,28441,-56.5,-88.6,-83.9,  1,  2, 0.01,271, 7.2
2026-03-21 00:37:54,-99.6518,37.2711,  14.0,28486,-56.6,-88.7,-83.9,  1,  2, 0.01,268, 7.4
2026-03-21 00:38:01,-99.6512,37.2711,  13.9,28530,-56.6,-88.7,-83.9,  1,  2, 0.01,267, 7.5
2026-03-21 00:38:08,-99.6505,37.2711,  13.8,28575,-56.5,-88.6,-83.8,  1,  2, 0.01,268, 7.3
2026-03-21 00:38:15,-99.6500,37.2711,  13.7,28617,-56.5,-88.6,-83.8,  1,  2, 0.01,270, 6.6
2026-03-21 00:38:22,-99.6495,37.2711,  13.6,28665,-56.4,-88.6,-83.8,  1,  2, 0.01,269, 5.8
2026-03-21 00:38:29,-99.6491,37.2711,  13.5,28711,-56.2,-88.6,-83.8,  1,  2, 0.01,262, 5.0
2026-03-21 00:38:37,-99.6488,37.2712,  13.4,28761,-55.9,-88.7,-83.9,  1,  2, 0.01,246, 4.9
2026-03-21 00:38:45,-99.6484,37.2713,  13.3,28808,-55.2,-88.5,-83.8,  1,  1, 0.01,231, 5.9
2026-03-21 00:38:52,-99.6480,37.2717,  13.2,28854,-54.9,-88.4,-83.7,  1,  1, 0.01,227, 7.1
2026-03-21 00:39:00,-99.6476,37.2722,  13.1,28905,-54.7,-88.2,-83.5,  1,  1, 0.01,230, 8.4
2026-03-21 00:39:07,-99.6470,37.2726,  13.0,28950,-54.4,-87.9,-83.1,  1,  1, 0.02,237, 9.3
2026-03-21 00:39:15,-99.6462,37.2728,  12.9,29002,-54.4,-87.8,-83.0,  1,  1, 0.02,245,10.2
2026-03-21 00:39:23,-99.6452,37.2731,  12.8,29053,-54.5,-87.8,-83.1,  1,  1, 0.02,249,10.6
2026-03-21 00:39:31,-99.6443,37.2734,  12.7,29104,-54.3,-87.8,-83.0,  1,  1, 0.02,251,10.5
2026-03-21 00:39:39,-99.6434,37.2736,  12.6,29152,-53.9,-87.7,-83.0,  1,  1, 0.02,249,10.0
2026-03-21 00:39:47,-99.6426,37.2739,  12.5,29204,-53.6,-87.8,-83.1,  1,  1, 0.02,244, 9.4
2026-03-21 00:39:55,-99.6419,37.2741,  12.4,29254,-53.0,-87.6,-82.8,  1,  1, 0.02,237, 9.2
2026-03-21 00:40:03,-99.6413,37.2746,  12.3,29304,-52.5,-87.4,-82.6,  1,  1, 0.02,231, 9.2
2026-03-21 00:40:12,-99.6404,37.2751,  12.2,29360,-52.0,-87.0,-82.3,  1,  1, 0.02,226, 8.9
2026-03-21 00:40:20,-99.6400,37.2755,  12.1,29412,-52.1,-87.0,-82.2,  1,  1, 0.02,223, 8.5
2026-03-21 00:40:29,-99.6395,37.2760,  12.0,29469,-51.6,-86.5,-81.7,  1,  1, 0.02,225, 8.3
2026-03-21 00:40:37,-99.6390,37.2764,  11.9,29520,-51.8,-86.4,-81.6,  1,  1, 0.02,231, 8.8
2026-03-21 00:40:45,-99.6384,37.2767,  11.8,29573,-52.1,-86.4,-81.7,  1,  1, 0.02,237, 9.8
2026-03-21 00:40:54,-99.6374,37.2771,  11.7,29631,-52.3,-86.4,-81.6,  1,  1, 0.02,244,11.0
2026-03-21 00:41:03,-99.6363,37.2776,  11.6,29687,-52.5,-86.6,-81.8,  1,  1, 0.02,250,12.0
2026-03-21 00:41:11,-99.6352,37.2779,  11.5,29738,-52.2,-86.4,-81.7,  1,  1, 0.02,256,13.0
2026-03-21 00:41:20,-99.6339,37.2781,  11.4,29795,-52.0,-86.3,-81.6,  1,  1, 0.02,262,14.2
2026-03-21 00:41:29,-99.6324,37.2782,  11.3,29852,-52.2,-86.4,-81.6,  1,  1, 0.02,267,15.3
2026-03-21 00:41:39,-99.6306,37.2783,  11.2,29914,-52.7,-86.6,-81.8,  1,  1, 0.02,271,15.7
2026-03-21 00:41:48,-99.6290,37.2782,  11.1,29969,-52.5,-86.6,-81.8,  1,  1, 0.02,275,15.0
2026-03-21 00:41:58,-99.6273,37.2780,  11.0,30029,-52.2,-86.5,-81.7,  1,  1, 0.02,278,13.6
2026-03-21 00:42:07,-99.6261,37.2778,  10.9,30085,-52.2,-86.6,-81.8,  1,  1, 0.02,280,12.3
2026-03-21 00:42:17,-99.6248,37.2775,  10.8,30144,-52.0,-86.5,-81.8,  1,  1, 0.02,281,11.4
2026-03-21 00:42:27,-99.6236,37.2773,  10.7,30207,-51.9,-86.6,-81.8,  1,  1, 0.02,282,10.8
2026-03-21 00:42:36,-99.6226,37.2772,  10.6,30263,-51.7,-86.4,-81.7,  1,  1, 0.02,281,10.5
2026-03-21 00:42:46,-99.6216,37.2770,  10.5,30325,-51.8,-86.5,-81.7,  1,  1, 0.02,277,10.9
2026-03-21 00:42:56,-99.6202,37.2770,  10.4,30386,-51.8,-86.2,-81.5,  1,  1, 0.03,272,12.1
2026-03-21 00:43:06,-99.6188,37.2770,  10.3,30447,-52.1,-86.2,-81.5,  1,  1, 0.03,271,13.6
2026-03-21 00:43:17,-99.6171,37.2770,  10.2,30516,-52.5,-86.6,-81.8,  1,  1, 0.02,274,14.8
2026-03-21 00:43:27,-99.6153,37.2769,  10.1,30577,-52.0,-86.5,-81.8,  1,  1, 0.02,278,15.0
2026-03-21 00:43:42,-99.6129,37.2765,  10.0,30670,-51.6,-86.5,-81.7,  1,  1, 0.03,283,14.0
2026-03-21 00:43:48,-99.6118,37.2762,   9.9,30709,-51.6,-86.5,-81.7,  1,  1, 0.03,283,13.5
2026-03-21 00:43:58,-99.6105,37.2760,   9.8,30772,-51.7,-86.4,-81.6,  1,  1, 0.03,280,12.5
2026-03-21 00:44:08,-99.6093,37.2760,   9.7,30834,-51.7,-86.5,-81.7,  1,  1, 0.03,275,12.6
2026-03-21 00:44:19,-99.6077,37.2759,   9.6,30902,-51.5,-86.5,-81.8,  1,  1, 0.03,272,13.5
2026-03-21 00:44:31,-99.6057,37.2758,   9.5,30973,-51.1,-86.4,-81.6,  1,  1, 0.03,269,13.6
2026-03-21 00:44:42,-99.6041,37.2759,   9.4,31043,-50.8,-86.2,-81.5,  1,  1, 0.03,265,12.9
2026-03-21 00:44:53,-99.6026,37.2761,   9.3,31110,-51.0,-86.3,-81.6,  1,  1, 0.03,262,12.7
2026-03-21 00:45:03,-99.6012,37.2762,   9.2,31179,-50.5,-86.0,-81.3,  1,  1, 0.03,265,13.0
2026-03-21 00:45:15,-99.5994,37.2762,   9.1,31247,-50.7,-86.0,-81.2,  1,  1, 0.03,273,14.2
2026-03-21 00:45:26,-99.5976,37.2761,   9.0,31323,-51.0,-86.1,-81.3,  1,  1, 0.03,280,15.1
2026-03-21 00:45:38,-99.5954,37.2756,   8.9,31396,-50.9,-86.1,-81.3,  1,  1, 0.03,287,14.6
2026-03-21 00:45:49,-99.5938,37.2751,   8.8,31466,-50.6,-86.1,-81.3,  1,  1, 0.03,291,12.9
2026-03-21 00:46:02,-99.5924,37.2747,   8.7,31542,-50.6,-86.1,-81.4,  1,  1, 0.03,290,10.6
2026-03-21 00:46:14,-99.5912,37.2743,   8.6,31616,-50.4,-86.0,-81.3,  1,  1, 0.03,285, 9.0
2026-03-21 00:46:26,-99.5901,37.2742,   8.5,31690,-50.5,-86.1,-81.3,  1,  1, 0.03,272, 8.5
2026-03-21 00:46:39,-99.5887,37.2743,   8.4,31771,-50.4,-86.1,-81.4,  1,  1, 0.03,262, 9.6
2026-03-21 00:46:51,-99.5875,37.2746,   8.3,31845,-49.9,-86.1,-81.3,  1,  1, 0.03,264,10.9
2026-03-21 00:47:04,-99.5857,37.2745,   8.2,31925,-49.4,-85.9,-81.1,  1,  1, 0.03,265,12.0
2026-03-21 00:47:17,-99.5840,37.2748,   8.1,32007,-49.3,-85.7,-81.0,  1,  1, 0.04,265,13.4
2026-03-21 00:47:30,-99.5817,37.2749,   8.0,32085,-49.4,-85.6,-80.9,  1,  1, 0.04,268,14.3
2026-03-21 00:47:44,-99.5796,37.2749,   7.9,32170,-49.2,-85.7,-80.9,  1,  1, 0.04,270,14.0
2026-03-21 00:47:57,-99.5775,37.2748,   7.8,32249,-48.7,-85.6,-80.8,  1,  1, 0.04,273,13.0
2026-03-21 00:48:11,-99.5758,37.2748,   7.7,32336,-48.6,-85.6,-80.9,  1,  1, 0.04,274,11.9
2026-03-21 00:48:25,-99.5738,37.2745,   7.6,32421,-48.1,-85.4,-80.7,  1,  1, 0.04,266,11.5
2026-03-21 00:48:39,-99.5722,37.2750,   7.5,32507,-47.8,-85.3,-80.5,  1,  1, 0.04,254,11.7
2026-03-21 00:48:53,-99.5703,37.2754,   7.4,32595,-47.7,-85.1,-80.4,  1,  1, 0.04,251,12.4
2026-03-21 00:49:07,-99.5685,37.2760,   7.3,32683,-47.7,-85.2,-80.4,  1,  1, 0.04,257,13.0
2026-03-21 00:49:22,-99.5662,37.2763,   7.2,32776,-47.0,-85.1,-80.3,  1,  1, 0.04,262,13.8
2026-03-21 00:49:36,-99.5640,37.2764,   7.1,32868,-46.8,-85.1,-80.3,  1,  1, 0.05,260,13.8
2026-03-21 00:49:57,-99.5609,37.2770,   7.0,33004,-45.9,-84.8,-80.0,  1,  1, 0.05,251,13.7
2026-03-21 00:50:05,-99.5598,37.2775,   6.9,33055,-45.7,-84.6,-79.9,  1,  1, 0.05,252,13.8
