TRACKER,DATE,TIME,GS Lat,GS Lon,GS Alt asl,TRACKER Lat,TRACKER Lon,TRACKER Alt asl,FIX,HORZV,VERTV,HEAD,FLAGS,#TOT,>40,>32,>24,RSSI Down,RSSI Up,Horizontal range (ft),Alt AGL (ft),Total range (ft),LoRa Max Range (kft),LoRa Success Rate,BATT,GS_batt_v,Down Sent,Down Rcvd,Found Sent,Up Sent,Up Rccvd,Found rocket ID,Found rocket lat,Found rocket lon,Found rocket altitude,Found rocket fix,Found rocket batt_v,Found RSSI,GS_ASL_offset
J.Herter_T1,2026-02-28,11:18:22.798,39.85425,-83.65601,1087.8,39.85421,-83.65602,1110.6,3,0,0,121,0x01,32,6,15,5,-53,-63,2211290.00,22.754,2211290.000,15654734.000,100%,3.932,4.077,515,1,0,2,0,,0.00000,0.00000,0.0,0,0.0,-50,0.0
J.Herter_T1,2026-02-28,11:18:23.787,39.85425,-83.65601,1087.8,39.85421,-83.65602,1110.5,3,0,0,-80,0x01,32,6,14,6,-50,-64,2211290.00,22.686,2211290.000,22112900.000,100%,3.932,4.076,516,2,0,3,0,,0.00000,0.00000,0.0,0,0.0,-50,0.0
J.Herter_T1,2026-02-28,11:18:24.805,39.85425,-83.65601,1087.8,39.85421,-83.65602,1110.4,3,0,0,-36,0x01,32,7,14,5,-48,-59,2211290.00,22.528,2211290.000,27838492.000,100%,3.928,4.077,517,3,0,4,0,,0.00000,0.00000,0.0,0,0.0,-50,0.0
J.Herter_T1,2026-02-28,11:18:25.795,39.85425,-83.65601,1087.8,39.85421,-83.65602,1110.3,3,0,0,-106,0x01,32,8,12,6,-48,-58,2211290.00,22.466,2211290.000,27838492.000,100%,3.928,4.077,518,4,0,5,0,,0.00000,0.00000,0.0,0,0.0,-50,0.0
J.Herter_T1,2026-02-28,11:18:26.786,39.85425,-83.65601,1087.8,39.85421,-83.65603,1110.3,3,0,0,147,0x01,32,6,12,8,-48,-57,2211290.00,22.456,2211290.000,27838492.000,100%,3.938,4.078,519,5,0,6,0,,0.00000,0.00000,0.0,0,0.0,-50,0.0
J.Herter_T1,2026-02-28,11:18:27.805,39.85425,-83.65601,1087.8,39.85421,-83.65602,1110.3,3,0,0,-171,0x01,32,7,10,9,-49,-58,2211290.00,22.443,2211290.000,24811082.000,100%,3.938,4.079,520,6,0,7,0,,0.00000,0.00000,0.0,0,0.0,-50,0.0
J.Herter_T1,2026-02-28,11:18:28.824,39.85425,-83.65601,1087.8,39.85421,-83.65603,1110.2,3,0,0,95,0x01,32,9,11,7,-47,-58,2211290.00,22.315,2211290.000,31235302.000,100%,3.930,4.079,521,7,0,8,0,,0.00000,0.00000,0.0,0,0.0,-50,0.0
J.Herter_T1,2026-02-28,11:18:29.786,39.85425,-83.65601,1087.8,39.85421,-83.65602,1110.0,3,0,0,-160,0x01,32,8,11,8,-50,-58,2211290.00,22.193,2211290.000,22112900.000,100%,3.930,4.077,522,8,0,9,0,,0.00000,0.00000,0.0,0,0.0,-50,0.0
J.Herter_T1,2026-02-28,11:18:36.792,39.85425,-83.65601,1087.8,39.85421,-83.65602,1109.4,3,0,0,30,0x01,32,6,13,7,-48,-54,17.29,15.772,27.657,217.619,100%,3.931,4.076,529,15,0,16,0,,0.00000,0.00000,0.0,0,0.0,-50,5.8
J.Herter_T1,2026-02-28,11:18:37.780,39.85425,-83.65601,1087.8,39.85421,-83.65602,1109.5,3,0,0,99,0x01,32,6,12,8,-51,-60,17.17,14.236,27.620,153.022,100%,3.931,4.078,530,16,0,17,0,,0.00000,0.00000,0.0,0,0.0,-50,7.4
J.Herter_T1,2026-02-28,11:18:38.802,39.85425,-83.65601,1087.8,39.85421,-83.65602,1109.4,3,0,0,-35,0x01,32,6,13,7,-50,-61,17.15,12.765,27.564,171.454,100%,3.931,4.077,531,17,0,18,0,,0.00000,0.00000,0.0,0,0.0,-50,8.8
J.Herter_T1,2026-02-28,11:18:39.792,39.85425,-83.65601,1087.8,39.85421,-83.65602,1109.5,3,0,0,-95,0x01,32,5,15,6,-52,-60,17.19,11.539,27.633,136.510,100%,3.931,4.077,532,18,0,19,0,,0.00000,0.00000,0.0,0,0.0,-50,10.1
J.Herter_T1,2026-02-28,11:18:40.783,39.85425,-83.65601,1087.8,39.85421,-83.65602,1109.4,3,0,0,67,0x01,32,5,15,6,-59,-60,17.16,10.335,27.574,60.891,100%,3.931,4.077,533,19,0,20,0,,0.00000,0.00000,0.0,0,0.0,-50,11.2
J.Herter_T1,2026-02-28,11:18:41.803,39.85425,-83.65601,1087.8,39.85421,-83.65602,1109.4,3,0,0,-85,0x01,32,6,15,5,-48,-67,17.20,9.295,27.594,216.559,100%,3.931,4.078,534,20,0,21,0,,0.00000,0.00000,0.0,0,0.0,-50,12.3
J.Herter_T1,2026-02-28,11:18:43.784,39.85425,-83.65601,1087.8,39.85421,-83.65603,1109.3,3,0,0,-85,0x01,32,6,14,7,-50,-52,17.46,7.442,27.678,174.573,100%,3.935,4.077,536,22,0,23,0,,0.00000,0.00000,0.0,0,0.0,-50,14.0
J.Herter_T1,2026-02-28,11:18:44.802,39.85425,-83.65601,1087.8,39.85421,-83.65603,1109.3,3,0,0,49,0x01,32,6,15,5,-48,-55,17.43,6.704,27.665,219.421,100%,3.931,4.077,537,23,0,24,0,,0.00000,0.00000,0.0,0,0.0,-50,14.8
J.Herter_T1,2026-02-28,11:18:45.791,39.85425,-83.65601,1087.8,39.85421,-83.65602,1109.3,3,0,0,69,0x01,32,6,14,6,-48,-55,17.24,6.042,27.556,217.082,100%,3.931,4.078,538,24,0,25,0,,0.00000,0.00000,0.0,0,0.0,-50,15.5
J.Herter_T1,2026-02-28,11:18:46.783,39.85425,-83.65601,1087.8,39.85421,-83.65602,1109.4,3,0,0,-75,0x01,32,5,14,7,-49,-58,17.25,5.464,27.585,193.569,100%,3.930,4.077,539,25,0,26,0,,0.00000,0.00000,0.0,0,0.0,-50,16.1
J.Herter_T1,2026-02-28,11:18:47.801,39.85425,-83.65601,1087.8,39.85421,-83.65602,1109.4,3,0,0,-70,0x01,32,5,14,7,-47,-58,17.28,4.930,27.611,244.051,100%,3.930,4.077,540,26,0,27,0,,0.00000,0.00000,0.0,0,0.0,-50,16.6
J.Herter_T1,2026-02-28,11:18:48.794,39.85425,-83.65601,1087.8,39.85421,-83.65603,1109.4,3,0,0,-100,0x01,32,7,13,6,-48,-55,17.37,4.428,27.658,218.617,100%,3.930,4.076,541,27,0,28,0,,0.00000,0.00000,0.0,0,0.0,-50,17.1
J.Herter_T1,2026-02-28,11:18:49.811,39.85425,-83.65601,1087.8,39.85421,-83.65603,1109.3,3,0,0,-59,0x01,32,6,14,6,-46,-57,17.39,3.953,27.647,275.652,100%,3.930,4.076,542,28,0,29,0,,0.00000,0.00000,0.0,0,0.0,-50,17.5
J.Herter_T1,2026-02-28,11:18:50.802,39.85425,-83.65601,1087.8,39.85421,-83.65603,1109.4,3,0,0,62,0x01,32,8,10,8,-41,-54,17.35,3.628,27.680,488.917,100%,3.930,4.077,543,29,0,30,0,,0.00000,0.00000,0.0,0,0.0,-50,17.9
J.Herter_T1,2026-02-28,11:18:51.793,39.85425,-83.65601,1087.8,39.85421,-83.65603,1109.4,3,0,0,138,0x01,32,10,14,4,-42,-50,17.40,3.239,27.691,437.109,100%,3.934,4.077,544,30,0,31,0,,0.00000,0.00000,0.0,0,0.0,-50,18.3
J.Herter_T1,2026-02-28,11:18:52.781,39.85425,-83.65601,1087.8,39.85421,-83.65603,1109.4,3,0,0,-4,0x01,32,9,13,5,-41,-52,17.46,2.894,27.708,492.013,100%,3.934,4.076,545,31,0,32,0,,0.00000,0.00000,0.0,0,0.0,-50,18.6
J.Herter_T1,2026-02-28,11:18:53.801,39.85425,-83.65601,1087.8,39.85421,-83.65603,1109.3,3,0,0,-69,0x01,32,9,13,6,-40,-50,17.50,2.516,27.662,553.549,100%,3.930,4.079,546,32,0,33,0,,0.00000,0.00000,0.0,0,0.0,-50,18.9
J.Herter_T1,2026-02-28,11:18:54.790,39.85425,-83.65601,1087.8,39.85423,-83.65603,1109.1,3,0,0,33,0x01,32,7,15,5,-38,-49,9.29,2.152,23.232,369.760,100%,3.930,4.076,547,33,0,34,0,,0.00000,0.00000,0.0,0,0.0,-50,19.1
J.Herter_T1,2026-02-28,11:18:55.781,39.85425,-83.65601,1087.8,39.85423,-83.65603,1109.2,3,1,0,47,0x01,32,7,14,5,-40,-51,9.02,1.984,23.175,285.315,100%,3.930,4.077,548,34,0,35,0,,0.00000,0.00000,0.0,0,0.0,-50,19.4
J.Herter_T1,2026-02-28,11:18:56.800,39.85425,-83.65601,1087.8,39.85421,-83.65602,1109.1,3,1,0,172,0x01,32,6,12,8,-42,-50,17.18,1.712,27.336,431.478,100%,3.930,4.077,549,35,0,36,0,,0.00000,0.00000,0.0,0,0.0,-50,19.6
J.Herter_T1,2026-02-28,11:18:57.790,39.85425,-83.65601,1087.8,39.85421,-83.65603,1109.0,3,1,0,-95,0x01,32,5,16,5,-38,-51,17.37,1.444,27.371,691.326,100%,3.927,4.078,550,36,0,37,0,,0.00000,0.00000,0.0,0,0.0,-50,19.7
J.Herter_T1,2026-02-28,11:18:58.781,39.85425,-83.65601,1087.8,39.85421,-83.65603,1108.8,3,0,0,-100,0x01,32,6,14,6,-38,-50,17.82,1.146,27.532,709.462,100%,3.927,4.076,551,37,0,38,0,,0.00000,0.00000,0.0,0,0.0,-50,19.8
J.Herter_T1,2026-02-28,11:18:59.800,39.85425,-83.65601,1087.8,39.85421,-83.65603,1108.9,3,0,0,-70,0x01,32,5,14,7,-37,-50,17.83,1.105,27.601,796.513,100%,3.927,4.079,552,38,0,39,0,,0.00000,0.00000,0.0,0,0.0,-50,20.0
J.Herter_T1,2026-02-28,11:19:00.791,39.85425,-83.65601,1087.8,39.85421,-83.65603,1108.9,3,0,0,-82,0x01,32,7,15,4,-36,-49,18.06,1.018,27.766,904.928,100%,3.916,4.077,553,39,0,40,0,,0.00000,0.00000,0.0,0,0.0,-50,20.1
J.Herter_T1,2026-02-28,11:19:01.782,39.85425,-83.65601,1087.8,39.85421,-83.65604,1109.0,3,0,0,14,0x01,32,6,15,5,-40,-44,18.16,0.934,27.850,574.308,100%,3.916,4.076,554,40,0,41,0,,0.00000,0.00000,0.0,0,0.0,-50,20.2
J.Herter_T1,2026-02-28,11:19:02.802,39.85425,-83.65601,1087.8,39.85421,-83.65604,1109.0,3,0,0,-173,0x01,32,7,12,7,-40,-51,18.17,0.849,27.865,574.685,100%,3.926,4.076,555,41,0,42,0,,0.00000,0.00000,0.0,0,0.0,-50,20.3
J.Herter_T1,2026-02-28,11:19:03.791,39.85425,-83.65601,1087.8,39.85421,-83.65604,1109.0,3,0,0,33,0x01,32,7,13,6,-40,-49,18.15,0.776,27.860,573.933,100%,3.926,4.076,556,42,0,43,0,,0.00000,0.00000,0.0,0,0.0,-50,20.4
J.Herter_T1,2026-02-28,11:19:04.783,39.85425,-83.65601,1087.8,39.85421,-83.65603,1108.9,3,1,0,54,0x01,32,9,12,6,-37,-50,18.00,0.657,27.727,803.955,100%,3.928,4.076,557,43,0,44,0,,0.00000,0.00000,0.0,0,0.0,-50,20.4
J.Herter_T1,2026-02-28,11:19:05.801,39.85425,-83.65601,1087.8,39.85421,-83.65603,1109.0,3,0,0,82,0x01,32,5,16,5,-40,-45,17.75,0.624,27.591,561.186,100%,3.928,4.076,558,44,0,45,0,,0.00000,0.00000,0.0,0,0.0,-50,20.5
J.Herter_T1,2026-02-28,11:19:06.792,39.85425,-83.65601,1087.8,39.85421,-83.65603,1108.9,3,0,0,90,0x01,32,5,15,6,-43,-50,17.71,0.508,27.526,396.586,100%,3.928,4.076,559,45,0,46,0,,0.00000,0.00000,0.0,0,0.0,-50,20.6
J.Herter_T1,2026-02-28,11:19:07.782,39.85425,-83.65601,1087.8,39.85421,-83.65603,1108.8,3,0,0,-57,0x01,32,6,15,5,-51,-54,17.68,0.387,27.446,157.607,100%,3.928,4.076,560,46,0,47,0,,0.00000,0.00000,0.0,0,0.0,-50,20.6
J.Herter_T1,2026-02-28,11:19:08.802,39.85425,-83.65601,1087.8,39.85421,-83.65603,1108.8,3,0,0,-60,0x01,32,5,15,6,-52,-55,17.71,0.345,27.463,140.714,100%,3.930,4.076,561,47,0,48,0,,0.00000,0.00000,0.0,0,0.0,-50,20.6
J.Herter_T1,2026-02-28,11:19:09.792,39.85425,-83.65601,1087.8,39.85421,-83.65603,1108.8,3,0,0,-173,0x01,32,7,14,5,-46,-61,17.78,0.296,27.491,281.763,100%,3.930,4.077,562,48,0,49,0,,0.00000,0.00000,0.0,0,0.0,-50,20.7
J.Herter_T1,2026-02-28,11:19:10.785,39.85425,-83.65601,1087.8,39.85421,-83.65603,1108.7,3,0,0,-5,0x01,32,6,15,5,-50,-54,17.68,0.201,27.376,176.838,100%,3.930,4.078,563,49,0,50,0,,0.00000,0.00000,0.0,0,0.0,-50,20.7
J.Herter_T1,2026-02-28,11:19:11.801,39.85425,-83.65601,1087.8,39.85421,-83.65603,1108.8,3,0,0,-140,0x01,32,6,15,5,-50,-60,17.67,0.199,27.384,176.735,100%,3.913,4.077,564,50,0,51,0,,0.00000,0.00000,0.0,0,0.0,-50,20.7
J.Herter_T1,2026-02-28,11:19:12.793,39.85425,-83.65601,1087.8,39.85421,-83.65603,1108.8,3,0,0,-7,0x01,32,6,15,5,-49,-59,17.74,0.220,27.459,198.999,100%,3.913,4.076,565,51,0,52,0,,0.00000,0.00000,0.0,0,0.0,-50,20.7
J.Herter_T1,2026-02-28,11:19:13.782,39.85425,-83.65601,1087.8,39.85421,-83.65603,1108.8,3,0,0,111,0x01,32,6,13,7,-49,-58,17.77,0.219,27.497,199.354,100%,3.932,4.077,566,52,0,53,0,,0.00000,0.00000,0.0,0,0.0,-50,20.8
J.Herter_T1,2026-02-28,11:19:14.802,39.85425,-83.65601,1087.8,39.85421,-83.65603,1108.8,3,0,0,-15,0x01,32,7,13,5,-49,-59,17.79,0.159,27.478,199.592,100%,3.932,4.076,567,53,0,54,0,,0.00000,0.00000,0.0,0,0.0,-50,20.8
J.Herter_T1,2026-02-28,11:19:15.792,39.85425,-83.65601,1087.8,39.85421,-83.65603,1108.7,3,0,0,53,0x01,32,6,15,4,-51,-58,17.74,0.107,27.414,158.070,100%,3.927,4.076,568,54,0,55,0,,0.00000,0.00000,0.0,0,0.0,-50,20.8
J.Herter_T1,2026-02-28,11:19:16.781,39.85425,-83.65601,1087.8,39.85421,-83.65603,1108.7,3,0,0,-116,0x01,32,5,15,5,-49,-59,17.71,0.064,27.373,198.764,100%,3.927,4.076,569,55,0,56,0,,0.00000,0.00000,0.0,0,0.0,-50,20.8
J.Herter_T1,2026-02-28,11:19:17.803,39.85425,-83.65601,1087.8,39.85421,-83.65603,1108.8,3,0,0,68,0x01,32,5,15,6,-47,-55,17.71,0.096,27.406,250.229,100%,3.927,4.078,570,56,0,57,0,,0.00000,0.00000,0.0,0,0.0,-50,20.8
J.Herter_T1,2026-02-28,11:19:18.793,39.85425,-83.65601,1087.8,39.85421,-83.65603,1108.7,3,0,0,-69,0x01,32,6,14,6,-44,-55,18.00,0.033,27.545,359.114,100%,3.927,4.077,571,57,0,58,0,,0.00000,0.00000,0.0,0,0.0,-50,20.8
J.Herter_T1,2026-02-28,11:19:19.781,39.85425,-83.65601,1087.8,39.85421,-83.65603,1108.7,3,1,0,116,0x01,32,5,13,8,-43,-54,17.95,0.006,27.495,401.919,100%,3.927,4.076,572,58,0,59,0,,0.00000,0.00000,0.0,0,0.0,-50,20.8
J.Herter_T1,2026-02-28,11:19:20.802,39.85425,-83.65601,1087.8,39.85421,-83.65603,1108.7,3,0,0,18,0x01,32,6,13,7,-46,-47,17.88,0.023,27.460,283.305,100%,3.906,4.076,573,59,0,60,0,,0.00000,0.00000,0.0,0,0.0,-50,20.8
J.Herter_T1,2026-02-28,11:19:21.792,39.85425,-83.65601,1087.8,39.85421,-83.65603,1108.7,3,0,0,-97,0x01,32,5,13,8,-47,-54,18.07,0.018,27.583,255.207,100%,3.906,4.076,574,60,0,61,0,,0.00000,0.00000,0.0,0,0.0,-50,20.8
J.Herter_T1,2026-02-28,11:19:22.782,39.85425,-83.65601,1087.8,39.85421,-83.65603,1108.7,3,0,0,113,0x01,32,6,14,6,-47,-54,17.95,-0.004,27.491,253.594,100%,3.928,4.076,575,61,0,62,0,,0.00000,0.00000,0.0,0,0.0,-50,20.8
J.Herter_T1,2026-02-28,11:19:23.803,39.85425,-83.65601,1087.8,39.85421,-83.65603,1108.6,3,0,0,7,0x01,32,8,14,6,-41,-54,17.98,-0.057,27.461,506.622,100%,3.928,4.076,576,62,0,63,0,,0.00000,0.00000,0.0,0,0.0,-50,20.8
J.Herter_T1,2026-02-28,11:19:24.792,39.85425,-83.65601,1087.8,39.85421,-83.65603,1108.6,3,0,0,-48,0x01,32,4,16,6,-42,-46,17.91,-0.072,27.399,449.839,100%,3.932,4.076,577,63,0,64,0,,0.00000,0.00000,0.0,0,0.0,-50,20.8
J.Herter_T1,2026-02-28,11:19:25.781,39.85425,-83.65601,1087.8,39.85421,-83.65603,1108.5,3,0,0,-166,0x01,32,6,14,6,-42,-52,17.84,-0.094,27.331,448.184,100%,3.932,4.076,578,64,0,65,0,,0.00000,0.00000,0.0,0,0.0,-50,20.8
J.Herter_T1,2026-02-28,11:19:26.800,39.85425,-83.65601,1087.8,39.85421,-83.65603,1108.4,3,0,0,156,0x01,32,7,11,8,-47,-52,17.77,-0.194,27.190,250.971,100%,3.928,4.076,579,65,0,66,0,,0.00000,0.00000,0.0,0,0.0,-50,20.8
J.Herter_T1,2026-02-28,11:19:27.791,39.85425,-83.65601,1087.8,39.85421,-83.65603,1108.4,3,0,0,-135,0x01,32,5,13,8,-41,-54,17.79,-0.213,27.172,501.353,100%,3.928,4.076,580,66,0,67,0,,0.00000,0.00000,0.0,0,0.0,-50,20.8
J.Herter_T1,2026-02-28,11:19:28.781,39.85425,-83.65601,1087.8,39.85421,-83.65603,1108.3,3,0,0,43,0x01,32,7,12,7,-46,-49,17.76,-0.280,27.077,281.427,100%,3.927,4.076,581,67,0,68,0,,0.00000,0.00000,0.0,0,0.0,-50,20.7
J.Herter_T1,2026-02-28,11:19:29.803,39.85425,-83.65601,1087.8,39.85421,-83.65603,1108.2,3,0,0,-63,0x01,32,4,16,6,-43,-54,17.91,-0.332,27.110,400.919,100%,3.927,4.076,582,68,0,69,0,,0.00000,0.00000,0.0,0,0.0,-50,20.7
J.Herter_T1,2026-02-28,11:19:30.790,39.85425,-83.65601,1087.8,39.85421,-83.65603,1108.2,3,0,0,58,0x01,32,6,12,8,-43,-53,17.91,-0.302,27.107,400.919,100%,3.927,4.076,583,69,0,70,0,,0.00000,0.00000,0.0,0,0.0,-50,20.7
J.Herter_T1,2026-02-28,11:19:31.782,39.85425,-83.65601,1087.8,39.85421,-83.65603,1108.1,3,0,0,-115,0x01,32,6,12,8,-42,-49,18.00,-0.328,27.120,452.097,100%,3.928,4.076,584,70,0,71,0,,0.00000,0.00000,0.0,0,0.0,-50,20.6
J.Herter_T1,2026-02-28,11:19:32.802,39.85425,-83.65601,1087.8,39.85421,-83.65603,1108.0,3,0,0,30,0x01,32,6,15,5,-42,-52,17.99,-0.410,27.017,451.812,100%,3.928,4.076,585,71,0,72,0,,0.00000,0.00000,0.0,0,0.0,-50,20.6
J.Herter_T1,2026-02-28,11:19:33.792,39.85425,-83.65601,1087.8,39.85421,-83.65603,1108.0,3,0,0,-135,0x01,32,7,10,9,-42,-52,17.94,-0.393,26.968,450.679,100%,3.930,4.076,586,72,0,73,0,,0.00000,0.00000,0.0,0,0.0,-50,20.5
J.Herter_T1,2026-02-28,11:19:34.780,39.85425,-83.65601,1087.8,39.85421,-83.65603,1107.9,3,0,0,-77,0x01,32,5,13,8,-42,-52,18.00,-0.386,26.978,452.097,100%,3.930,4.076,587,73,0,74,0,,0.00000,0.00000,0.0,0,0.0,-50,20.5
J.Herter_T1,2026-02-28,11:19:35.801,39.85425,-83.65601,1087.8,39.85421,-83.65603,1107.9,3,0,0,22,0x01,32,6,12,8,-42,-52,17.98,-0.424,26.900,451.527,100%,3.930,4.076,588,74,0,75,0,,0.00000,0.00000,0.0,0,0.0,-50,20.4
J.Herter_T1,2026-02-28,11:19:36.791,39.85425,-83.65601,1087.8,39.85421,-83.65603,1107.8,3,0,0,-165,0x01,32,5,13,8,-41,-52,17.99,-0.426,26.871,506.941,100%,3.930,4.076,589,75,0,76,0,,0.00000,0.00000,0.0,0,0.0,-50,20.4
J.Herter_T1,2026-02-28,11:19:37.782,39.85425,-83.65601,1087.8,39.85421,-83.65603,1107.8,3,0,0,51,0x01,32,5,13,8,-43,-52,17.92,-0.392,26.818,401.168,100%,3.927,4.076,590,76,0,77,0,,0.00000,0.00000,0.0,0,0.0,-50,20.3
J.Herter_T1,2026-02-28,11:19:38.802,39.85425,-83.65601,1087.8,39.85421,-83.65603,1107.8,3,0,0,59,0x01,32,5,14,7,-42,-52,17.89,-0.377,26.776,449.284,100%,3.927,4.076,591,77,0,78,0,,0.00000,0.00000,0.0,0,0.0,-50,20.3
J.Herter_T1,2026-02-28,11:19:39.791,39.85425,-83.65601,1087.8,39.85421,-83.65603,1107.8,3,0,0,-102,0x01,32,5,13,8,-42,-51,17.92,-0.348,26.791,450.118,100%,3.927,4.076,592,78,0,79,0,,0.00000,0.00000,0.0,0,0.0,-50,20.3
J.Herter_T1,2026-02-28,11:19:40.781,39.85425,-83.65601,1087.8,39.85421,-83.65603,1107.7,3,0,0,-40,0x01,32,4,15,7,-37,-47,17.94,-0.384,26.748,801.433,100%,3.927,4.076,593,79,0,80,0,,0.00000,0.00000,0.0,0,0.0,-50,20.2
J.Herter_T1,2026-02-28,11:19:41.800,39.85425,-83.65601,1087.8,39.85421,-83.65603,1107.6,3,0,0,-120,0x01,32,6,13,7,-41,-49,17.98,-0.390,26.734,506.622,100%,3.927,4.077,594,80,0,81,0,,0.00000,0.00000,0.0,0,0.0,-50,20.2
J.Herter_T1,2026-02-28,11:19:42.791,39.85425,-83.65601,1087.8,39.85421,-83.65603,1107.6,3,0,0,117,0x01,32,7,11,8,-42,-51,17.95,-0.357,26.714,450.961,100%,3.929,4.075,595,81,0,82,0,,0.00000,0.00000,0.0,0,0.0,-50,20.1
J.Herter_T1,2026-02-28,11:19:43.782,39.85425,-83.65601,1087.8,39.85421,-83.65603,1107.6,3,0,0,93,0x01,32,7,12,7,-46,-52,17.91,-0.360,26.652,283.829,100%,3.929,4.075,596,82,0,83,0,,0.00000,0.00000,0.0,0,0.0,-50,20.1
J.Herter_T1,2026-02-28,11:19:44.801,39.85425,-83.65601,1087.8,39.85421,-83.65603,1107.5,3,0,0,77,0x01,32,5,14,7,-48,-54,17.85,-0.350,26.594,224.761,100%,3.927,4.075,597,83,0,84,0,,0.00000,0.00000,0.0,0,0.0,-50,20.1
J.Herter_T1,2026-02-28,11:19:45.793,39.85425,-83.65601,1087.8,39.85421,-83.65603,1107.6,3,0,0,-160,0x01,32,5,13,8,-40,-55,17.85,-0.306,26.601,564.575,100%,3.927,4.076,598,84,0,85,0,,0.00000,0.00000,0.0,0,0.0,-50,20.0
J.Herter_T1,2026-02-28,11:19:46.783,39.85425,-83.65601,1087.8,39.85421,-83.65603,1107.5,3,0,0,-78,0x01,32,6,13,7,-40,-51,17.91,-0.296,26.621,566.314,100%,3.930,4.076,599,85,0,86,0,,0.00000,0.00000,0.0,0,0.0,-50,20.0
J.Herter_T1,2026-02-28,11:19:47.803,39.85425,-83.65601,1087.8,39.85421,-83.65603,1107.4,3,0,0,-5,0x01,32,5,13,8,-42,-49,17.93,-0.364,26.556,450.398,100%,3.930,4.076,600,86,0,87,0,,0.00000,0.00000,0.0,0,0.0,-50,20.0
J.Herter_T1,2026-02-28,11:19:48.790,39.85425,-83.65601,1087.8,39.85421,-83.65603,1107.4,3,0,0,19,0x01,32,5,14,7,-43,-52,17.94,-0.378,26.522,401.668,100%,3.926,4.076,601,87,0,88,0,,0.00000,0.00000,0.0,0,0.0,-50,19.9
J.Herter_T1,2026-02-28,11:19:49.781,39.85425,-83.65601,1087.8,39.85421,-83.65603,1107.3,3,0,0,56,0x01,32,5,14,7,-43,-52,17.92,-0.370,26.483,401.168,100%,3.926,4.076,602,88,0,89,0,,0.00000,0.00000,0.0,0,0.0,-50,19.9
J.Herter_T1,2026-02-28,11:19:50.801,39.85425,-83.65601,1087.8,39.85421,-83.65603,1107.2,3,0,0,-57,0x01,32,5,13,8,-38,-53,17.95,-0.436,26.421,714.725,100%,3.926,4.076,603,89,0,90,0,,0.00000,0.00000,0.0,0,0.0,-50,19.8
J.Herter_T1,2026-02-28,11:19:51.792,39.85425,-83.65601,1087.8,39.85421,-83.65603,1107.2,3,0,0,88,0x01,32,5,14,7,-44,-47,17.86,-0.440,26.323,356.441,100%,3.909,4.076,604,90,0,91,0,,0.00000,0.00000,0.0,0,0.0,-50,19.8
J.Herter_T1,2026-02-28,11:19:52.783,39.85425,-83.65601,1087.8,39.85421,-83.65603,1107.1,3,0,0,-119,0x01,32,6,13,7,-46,-54,17.78,-0.416,26.247,281.763,100%,3.909,4.076,605,91,0,92,0,,0.00000,0.00000,0.0,0,0.0,-50,19.7
J.Herter_T1,2026-02-28,11:19:53.801,39.85425,-83.65601,1087.8,39.85421,-83.65603,1107.2,3,0,0,-74,0x01,32,7,12,7,-43,-54,17.88,-0.330,26.349,400.178,100%,3.928,4.076,606,92,0,93,0,,0.00000,0.00000,0.0,0,0.0,-50,19.7
J.Herter_T1,2026-02-28,11:19:54.791,39.85425,-83.65601,1087.8,39.85421,-83.65603,1107.3,3,0,0,109,0x01,32,6,13,7,-42,-50,17.94,-0.185,26.486,450.679,100%,3.928,4.076,607,93,0,94,0,,0.00000,0.00000,0.0,0,0.0,-50,19.7
J.Herter_T1,2026-02-28,11:19:55.782,39.85425,-83.65601,1087.8,39.85421,-83.65603,1107.3,3,0,0,132,0x01,32,7,12,7,-43,-52,17.86,-0.020,26.417,399.933,100%,3.927,4.076,608,94,0,95,0,,0.00000,0.00000,0.0,0,0.0,-50,19.5
J.Herter_T1,2026-02-28,11:19:56.803,39.85425,-83.65601,1087.8,39.85421,-83.65603,1107.3,3,0,0,23,0x01,32,6,13,7,-42,-54,17.85,-0.021,26.407,448.458,100%,3.927,4.076,609,95,0,96,0,,0.00000,0.00000,0.0,0,0.0,-50,19.5
J.Herter_T1,2026-02-28,11:19:57.793,39.85425,-83.65601,1087.8,39.85421,-83.65603,1107.3,3,0,0,31,0x01,32,10,11,7,-41,-50,17.70,-0.051,26.280,498.980,100%,3.927,4.076,610,96,0,97,0,,0.00000,0.00000,0.0,0,0.0,-50,19.5
J.Herter_T1,2026-02-28,11:19:59.802,39.85425,-83.65601,1087.8,39.85421,-83.65604,1107.3,3,0,0,167,0x01,32,8,12,6,-40,-45,18.09,0.042,26.601,572.073,100%,3.927,4.076,612,98,0,99,0,,0.00000,0.00000,0.0,0,0.0,-50,19.5
J.Herter_T1,2026-02-28,11:20:00.794,39.85425,-83.65601,1087.8,39.85421,-83.65604,1107.4,3,0,0,-95,0x01,32,7,11,8,-41,-51,18.11,0.055,26.632,510.521,100%,3.907,4.076,613,99,0,100,0,,0.00000,0.00000,0.0,0,0.0,-50,19.5
J.Herter_T1,2026-02-28,11:20:01.781,39.85425,-83.65601,1087.8,39.85421,-83.65604,1107.4,3,0,0,65,0x01,32,8,11,7,-40,-51,18.15,0.067,26.670,573.933,100%,3.907,4.076,614,100,0,101,0,,0.00000,0.00000,0.0,0,0.0,-50,19.5
J.Herter_T1,2026-02-28,11:20:02.802,39.85425,-83.65601,1087.8,39.85421,-83.65603,1107.4,3,0,0,123,0x01,32,6,14,6,-42,-48,17.79,0.046,26.414,446.832,100%,3.927,4.075,615,101,0,102,0,,0.00000,0.00000,0.0,0,0.0,-50,19.5
J.Herter_T1,2026-02-28,11:20:03.791,39.85425,-83.65601,1087.8,39.85421,-83.65603,1107.3,3,0,0,-90,0x01,32,6,15,5,-41,-52,17.96,0.018,26.513,506.303,100%,3.927,4.076,616,102,0,103,0,,0.00000,0.00000,0.0,0,0.0,-50,19.5
J.Herter_T1,2026-02-28,11:20:04.783,39.85425,-83.65601,1087.8,39.85421,-83.65604,1107.4,3,0,0,-124,0x01,32,7,12,7,-42,-51,18.13,0.208,26.657,455.298,100%,3.925,4.076,617,103,0,104,0,,0.00000,0.00000,0.0,0,0.0,-50,19.3
J.Herter_T1,2026-02-28,11:20:05.802,39.85425,-83.65601,1087.8,39.85421,-83.65604,1107.5,3,0,0,-63,0x01,32,9,13,5,-41,-51,18.21,0.249,26.764,513.201,100%,3.925,4.076,618,104,0,105,0,,0.00000,0.00000,0.0,0,0.0,-50,19.4
J.Herter_T1,2026-02-28,11:20:06.791,39.85425,-83.65601,1087.8,39.85421,-83.65604,1107.5,3,0,0,83,0x01,32,8,14,5,-42,-51,18.21,0.292,26.819,457.391,100%,3.924,4.076,619,105,0,106,0,,0.00000,0.00000,0.0,0,0.0,-50,19.4
J.Herter_T1,2026-02-28,11:20:07.783,39.85425,-83.65601,1087.8,39.85421,-83.65604,1107.5,3,0,0,-170,0x01,32,6,14,6,-42,-52,18.20,0.281,26.825,457.089,100%,3.924,4.076,620,106,0,107,0,,0.00000,0.00000,0.0,0,0.0,-50,19.4
J.Herter_T1,2026-02-28,11:20:08.804,39.85425,-83.65601,1087.8,39.85421,-83.65604,1107.6,3,0,0,142,0x01,32,7,12,7,-48,-54,18.26,0.265,26.876,229.848,100%,3.924,4.076,621,107,0,108,0,,0.00000,0.00000,0.0,0,0.0,-50,19.5
J.Herter_T1,2026-02-28,11:20:09.791,39.85425,-83.65601,1087.8,39.85421,-83.65604,1107.6,3,0,0,120,0x01,32,7,13,6,-42,-57,18.21,0.238,26.843,457.391,100%,3.924,4.076,622,108,0,109,0,,0.00000,0.00000,0.0,0,0.0,-50,19.5
J.Herter_T1,2026-02-28,11:20:10.783,39.85425,-83.65601,1087.8,39.85421,-83.65604,1107.6,3,0,0,110,0x01,32,7,14,5,-42,-52,18.15,0.265,26.844,455.891,100%,3.924,4.076,623,109,0,110,0,,0.00000,0.00000,0.0,0,0.0,-50,19.5
J.Herter_T1,2026-02-28,11:20:11.802,39.85425,-83.65601,1087.8,39.85421,-83.65604,1107.7,3,0,0,20,0x01,32,10,14,4,-41,-52,18.17,0.303,26.913,512.188,100%,3.930,4.077,624,110,0,111,0,,0.00000,0.00000,0.0,0,0.0,-50,19.5
J.Herter_T1,2026-02-28,11:20:12.792,39.85425,-83.65601,1087.8,39.85421,-83.65604,1107.8,3,0,0,-79,0x01,32,8,14,5,-42,-52,18.22,0.382,27.035,457.694,100%,3.930,4.076,625,111,0,112,0,,0.00000,0.00000,0.0,0,0.0,-50,19.6
J.Herter_T1,2026-02-28,11:20:13.783,39.85425,-83.65601,1087.8,39.85421,-83.65604,1107.9,3,0,0,49,0x01,32,7,15,4,-46,-50,18.23,0.429,27.114,288.977,100%,3.925,4.076,626,112,0,113,0,,0.00000,0.00000,0.0,0,0.0,-50,19.6
J.Herter_T1,2026-02-28,11:20:14.803,39.85425,-83.65601,1087.8,39.85421,-83.65604,1108.0,3,0,0,-146,0x01,32,7,14,5,-51,-57,18.23,0.478,27.189,162.503,100%,3.925,4.075,627,113,0,114,0,,0.00000,0.00000,0.0,0,0.0,-50,19.7
J.Herter_T1,2026-02-28,11:20:15.791,39.85425,-83.65601,1087.8,39.85421,-83.65604,1108.1,3,0,0,142,0x01,32,7,12,7,-54,-60,18.15,0.483,27.177,114.515,100%,3.926,4.076,628,114,0,115,0,,0.00000,0.00000,0.0,0,0.0,-50,19.7
J.Herter_T1,2026-02-28,11:20:16.783,39.85425,-83.65601,1087.8,39.85421,-83.65604,1108.2,3,0,0,-84,0x01,32,10,10,7,-51,-59,18.22,0.532,27.305,162.396,100%,3.926,4.074,629,115,0,116,0,,0.00000,0.00000,0.0,0,0.0,-50,19.8
J.Herter_T1,2026-02-28,11:20:17.803,39.85425,-83.65601,1087.8,39.85421,-83.65604,1108.2,3,0,0,-51,0x01,32,10,14,4,-45,-59,18.28,0.503,27.365,325.103,100%,3.925,4.076,630,116,0,117,0,,0.00000,0.00000,0.0,0,0.0,-50,19.9
J.Herter_T1,2026-02-28,11:20:19.781,39.85425,-83.65601,1087.8,39.85421,-83.65604,1108.3,3,0,0,-93,0x01,32,9,13,5,-53,-57,18.34,0.499,27.487,129.862,100%,3.925,4.076,632,118,0,119,0,,0.00000,0.00000,0.0,0,0.0,-50,20.0
J.Herter_T1,2026-02-28,11:20:20.802,39.85425,-83.65601,1087.8,39.85421,-83.65604,1108.3,3,0,0,77,0x01,32,8,14,5,-53,-65,18.42,0.455,27.542,130.394,100%,3.906,4.075,633,119,0,120,0,,0.00000,0.00000,0.0,0,0.0,-50,20.0
J.Herter_T1,2026-02-28,11:20:21.791,39.85425,-83.65601,1087.8,39.85421,-83.65604,1108.4,3,0,0,36,0x01,32,7,14,5,-49,-62,18.31,0.466,27.514,205.401,100%,3.906,4.076,634,120,0,121,0,,0.00000,0.00000,0.0,0,0.0,-50,20.1
J.Herter_T1,2026-02-28,11:20:22.783,39.85425,-83.65601,1087.8,39.85421,-83.65604,1108.4,3,0,0,45,0x01,32,6,15,5,-50,-57,18.38,0.413,27.558,183.809,100%,3.923,4.076,635,121,0,122,0,,0.00000,0.00000,0.0,0,0.0,-50,20.1
J.Herter_T1,2026-02-28,11:20:23.801,39.85425,-83.65601,1087.8,39.85421,-83.65604,1108.6,3,1,0,-106,0x01,32,6,14,6,-46,-59,18.43,0.546,27.736,292.115,100%,3.923,4.076,636,122,0,123,0,,0.00000,0.00000,0.0,0,0.0,-50,20.2
J.Herter_T1,2026-02-28,11:20:24.795,39.85425,-83.65601,1087.8,39.85421,-83.65604,1108.6,3,0,0,33,0x01,32,10,10,7,-49,-57,18.47,0.530,27.794,207.229,100%,3.924,4.076,637,123,0,124,0,,0.00000,0.00000,0.0,0,0.0,-50,20.2
J.Herter_T1,2026-02-28,11:20:25.783,39.85425,-83.65601,1087.8,39.85421,-83.65604,1108.7,3,0,0,-141,0x01,32,10,14,4,-47,-57,18.46,0.524,27.824,260.706,100%,3.924,4.075,638,124,0,125,0,,0.00000,0.00000,0.0,0,0.0,-50,20.3
J.Herter_T1,2026-02-28,11:20:26.802,39.85425,-83.65601,1087.8,39.85421,-83.65604,1108.7,3,0,0,-11,0x01,30,7,14,5,-50,-58,18.53,0.516,27.912,185.335,100%,3.928,4.075,639,125,0,126,0,,0.00000,0.00000,0.0,0,0.0,-50,20.4
J.Herter_T1,2026-02-28,11:20:27.794,39.85425,-83.65601,1087.8,39.85421,-83.65604,1108.8,3,0,0,-110,0x01,31,7,14,5,-48,-60,18.69,0.532,28.073,235.305,100%,3.928,4.076,640,126,0,127,0,,0.00000,0.00000,0.0,0,0.0,-50,20.4
J.Herter_T1,2026-02-28,11:20:28.783,39.85425,-83.65601,1087.8,39.85421,-83.65604,1108.8,3,0,0,24,0x01,31,7,14,5,-48,-55,18.66,0.532,28.100,234.971,100%,3.924,4.077,641,127,0,128,0,,0.00000,0.00000,0.0,0,0.0,-50,20.5
J.Herter_T1,2026-02-28,11:20:29.803,39.85425,-83.65601,1087.8,39.85421,-83.65604,1108.9,3,0,0,59,0x01,31,5,16,5,-47,-57,18.59,0.553,28.109,262.527,100%,3.924,4.076,642,128,0,129,0,,0.00000,0.00000,0.0,0,0.0,-50,20.5
J.Herter_T1,2026-02-28,11:20:30.791,39.85425,-83.65601,1087.8,39.85421,-83.65604,1109.0,3,0,0,-140,0x01,31,6,13,7,-51,-57,18.41,0.560,28.043,164.044,100%,3.924,4.076,643,129,0,130,0,,0.00000,0.00000,0.0,0,0.0,-50,20.6
J.Herter_T1,2026-02-28,11:20:31.783,39.85425,-83.65601,1087.8,39.85421,-83.65604,1109.0,3,0,0,-132,0x01,31,9,14,4,-51,-60,18.41,0.474,28.018,164.044,100%,3.906,4.076,644,130,0,131,0,,0.00000,0.00000,0.0,0,0.0,-50,20.6
J.Herter_T1,2026-02-28,11:20:32.801,39.85425,-83.65601,1087.8,39.85421,-83.65604,1109.0,3,0,0,117,0x01,31,9,15,3,-50,-60,18.37,0.480,28.038,183.684,100%,3.906,4.075,645,131,0,132,0,,0.00000,0.00000,0.0,0,0.0,-50,20.7
J.Herter_T1,2026-02-28,11:20:33.793,39.85425,-83.65601,1087.8,39.85421,-83.65604,1109.1,3,0,0,17,0x01,31,7,15,4,-50,-60,18.33,0.458,28.036,183.311,100%,3.925,4.076,646,132,0,133,0,,0.00000,0.00000,0.0,0,0.0,-50,20.8
J.Herter_T1,2026-02-28,11:20:36.793,39.85425,-83.65601,1087.8,39.85421,-83.65604,1109.3,3,0,0,76,0x01,31,9,14,4,-51,-64,18.25,0.552,28.137,162.611,94%,3.927,4.076,649,134,0,135,0,,0.00000,0.00000,0.0,0,0.0,-50,20.9
J.Herter_T1,2026-02-28,11:20:37.782,39.85425,-83.65601,1087.8,39.85421,-83.65604,1109.4,3,0,0,170,0x01,31,7,13,5,-51,-59,18.22,0.626,28.231,162.396,94%,3.926,4.076,650,135,0,136,0,,0.00000,0.00000,0.0,0,0.0,-50,20.9
J.Herter_T1,2026-02-28,11:20:38.830,39.85425,-83.65601,1087.8,39.85421,-83.65604,1109.6,3,0,0,72,0x01,32,8,16,3,-50,-60,18.20,0.720,28.349,181.971,93%,3.926,4.076,651,136,0,137,0,,0.00000,0.00000,0.0,0,0.0,-50,21.0
J.Herter_T1,2026-02-28,11:20:40.783,39.85425,-83.65601,1087.8,39.85421,-83.65604,1109.8,3,0,0,-60,0x01,32,6,15,6,-46,-55,18.10,0.756,28.444,286.901,94%,3.909,4.075,653,138,0,139,0,,0.00000,0.00000,0.0,0,0.0,-50,21.2
J.Herter_T1,2026-02-28,11:20:41.806,39.85425,-83.65601,1087.8,39.85421,-83.65604,1109.9,3,0,0,-121,0x01,32,5,16,6,-44,-54,18.11,0.746,28.508,361.421,94%,3.909,4.076,654,139,0,140,0,,0.00000,0.00000,0.0,0,0.0,-50,21.3
J.Herter_T1,2026-02-28,11:20:42.793,39.85425,-83.65601,1087.8,39.85421,-83.65604,1109.9,3,0,0,-17,0x01,32,7,15,5,-49,-53,18.10,0.689,28.515,203.110,94%,3.924,4.075,655,140,0,141,0,,0.00000,0.00000,0.0,0,0.0,-50,21.3
J.Herter_T1,2026-02-28,11:20:43.783,39.85425,-83.65601,1087.8,39.85421,-83.65603,1109.9,3,0,0,87,0x01,32,7,14,6,-58,-58,18.06,0.688,28.544,71.881,94%,3.924,4.076,656,141,0,142,0,,0.00000,0.00000,0.0,0,0.0,-50,21.4
J.Herter_T1,2026-02-28,11:20:44.804,39.85425,-83.65601,1087.8,39.85421,-83.65603,1109.9,3,0,0,-136,0x01,32,5,16,6,-53,-63,18.03,0.598,28.512,127.661,94%,3.925,4.076,657,142,0,143,0,,0.00000,0.00000,0.0,0,0.0,-50,21.5
J.Herter_T1,2026-02-28,11:20:45.791,39.85425,-83.65601,1087.8,39.85421,-83.65603,1110.0,3,0,0,70,0x01,32,5,17,5,-52,-62,18.06,0.565,28.549,143.421,94%,3.925,4.075,658,143,0,144,0,,0.00000,0.00000,0.0,0,0.0,-50,21.5
J.Herter_T1,2026-02-28,11:20:46.781,39.85425,-83.65601,1087.8,39.85421,-83.65603,1110.0,3,0,0,-108,0x01,32,7,16,4,-53,-61,17.99,0.541,28.534,127.338,96%,3.925,4.073,659,144,0,145,0,,0.00000,0.00000,0.0,0,0.0,-50,21.6
J.Herter_T1,2026-02-28,11:20:47.801,39.85425,-83.65601,1087.8,39.85421,-83.65603,1110.1,3,0,0,-148,0x01,32,9,15,4,-53,-62,17.99,0.578,28.613,127.338,96%,3.925,4.076,660,145,0,146,0,,0.00000,0.00000,0.0,0,0.0,-50,21.7
J.Herter_T1,2026-02-28,11:20:48.794,39.85425,-83.65601,1087.8,39.85421,-83.65604,1110.1,3,0,0,-135,0x01,32,7,16,5,-48,-61,18.08,0.550,28.696,227.600,96%,3.926,4.074,661,146,0,147,0,,0.00000,0.00000,0.0,0,0.0,-50,21.7
J.Herter_T1,2026-02-28,11:20:49.781,39.85425,-83.65601,1087.8,39.85421,-83.65604,1110.2,3,0,0,-126,0x01,32,6,17,4,-49,-54,18.08,0.528,28.724,202.848,96%,3.926,4.076,662,147,0,148,0,,0.00000,0.00000,0.0,0,0.0,-50,21.8
J.Herter_T1,2026-02-28,11:20:50.801,39.85425,-83.65601,1087.8,39.85421,-83.65603,1110.1,3,0,0,19,0x01,32,6,17,4,-48,-58,18.06,0.460,28.697,227.308,96%,3.926,4.075,663,148,0,149,0,,0.00000,0.00000,0.0,0,0.0,-50,21.8
J.Herter_T1,2026-02-28,11:20:51.791,39.85425,-83.65601,1087.8,39.85421,-83.65603,1110.1,3,0,0,137,0x01,32,5,18,4,-49,-58,17.96,0.376,28.606,201.563,96%,3.927,4.076,664,149,0,150,0,,0.00000,0.00000,0.0,0,0.0,-50,21.9
J.Herter_T1,2026-02-28,11:20:52.783,39.85425,-83.65601,1087.8,39.85421,-83.65603,1110.1,3,0,0,-131,0x01,32,8,13,6,-49,-59,18.03,0.326,28.639,202.329,96%,3.927,4.074,665,150,0,151,0,,0.00000,0.00000,0.0,0,0.0,-50,21.9
J.Herter_T1,2026-02-28,11:20:53.801,39.85425,-83.65601,1087.8,39.85421,-83.65604,1110.2,3,2,0,-158,0x01,32,8,13,6,-49,-60,18.23,0.376,28.837,204.580,96%,3.927,4.075,666,151,0,152,0,,0.00000,0.00000,0.0,0,0.0,-50,22.0
J.Herter_T1,2026-02-28,11:20:54.793,39.85425,-83.65601,1087.8,39.85421,-83.65604,1110.4,3,2,0,45,0x01,32,7,16,5,-48,-58,18.17,0.575,29.003,228.786,96%,3.927,4.076,667,152,0,153,0,,0.00000,0.00000,0.0,0,0.0,-50,22.0
J.Herter_T1,2026-02-28,11:20:55.781,39.85425,-83.65601,1087.8,39.85421,-83.65603,1110.3,3,1,0,-64,0x01,32,3,18,6,-47,-59,18.04,0.361,28.787,254.880,100%,3.923,4.076,668,153,0,154,0,,0.00000,0.00000,0.0,0,0.0,-50,22.1
J.Herter_T1,2026-02-28,11:20:56.803,39.85425,-83.65601,1087.8,39.85421,-83.65604,1110.3,3,0,0,-21,0x01,32,7,14,6,-49,-53,18.26,0.393,28.979,204.852,100%,3.923,4.074,669,154,0,155,0,,0.00000,0.00000,0.0,0,0.0,-50,22.1
J.Herter_T1,2026-02-28,11:20:57.791,39.85425,-83.65601,1087.8,39.85421,-83.65604,1110.4,3,0,0,-146,0x01,32,7,15,5,-49,-54,18.15,0.371,28.927,203.639,100%,3.921,4.076,670,155,0,156,0,,0.00000,0.00000,0.0,0,0.0,-50,22.2
J.Herter_T1,2026-02-28,11:20:58.781,39.85425,-83.65601,1087.8,39.85421,-83.65604,1110.4,3,0,0,48,0x01,32,7,15,5,-49,-58,18.26,0.346,29.005,204.852,100%,3.921,4.076,671,156,0,157,0,,0.00000,0.00000,0.0,0,0.0,-50,22.2
J.Herter_T1,2026-02-28,11:20:59.801,39.85425,-83.65601,1087.8,39.85421,-83.65604,1110.4,3,0,0,-76,0x01,32,9,15,4,-49,-58,18.21,0.314,28.977,204.309,100%,3.921,4.076,672,157,0,158,0,,0.00000,0.00000,0.0,0,0.0,-50,22.2
J.Herter_T1,2026-02-28,11:21:00.793,39.85425,-83.65601,1087.8,39.85421,-83.65604,1110.4,3,0,0,39,0x01,32,9,14,5,-49,-60,18.17,0.303,28.972,203.906,100%,3.902,4.077,673,158,0,159,0,,0.00000,0.00000,0.0,0,0.0,-50,22.3
J.Herter_T1,2026-02-28,11:21:01.781,39.85425,-83.65601,1087.8,39.85421,-83.65604,1110.4,3,0,0,-175,0x01,32,9,14,5,-48,-60,18.19,0.297,29.000,228.937,100%,3.902,4.076,674,159,0,160,0,,0.00000,0.00000,0.0,0,0.0,-50,22.3
J.Herter_T1,2026-02-28,11:21:02.801,39.85425,-83.65601,1087.8,39.85421,-83.65604,1110.4,3,0,0,-126,0x01,32,9,15,4,-48,-58,18.19,0.279,29.011,228.937,100%,3.921,4.076,675,160,0,161,0,,0.00000,0.00000,0.0,0,0.0,-50,22.3
J.Herter_T1,2026-02-28,11:21:03.791,39.85425,-83.65601,1087.8,39.85421,-83.65604,1110.4,3,0,0,-27,0x01,32,6,19,2,-47,-59,18.16,0.224,28.973,256.534,100%,3.921,4.076,676,161,0,162,0,,0.00000,0.00000,0.0,0,0.0,-50,22.3
J.Herter_T1,2026-02-28,11:21:04.783,39.85425,-83.65601,1087.8,39.85421,-83.65604,1110.4,3,0,0,114,0x01,32,5,19,3,-50,-58,18.11,0.169,28.915,181.140,100%,3.924,4.076,677,162,0,163,0,,0.00000,0.00000,0.0,0,0.0,-50,22.4
J.Herter_T1,2026-02-28,11:21:05.804,39.85425,-83.65601,1087.8,39.85421,-83.65604,1110.4,3,0,0,78,0x01,32,5,17,4,-49,-60,18.09,0.203,28.944,202.979,100%,3.924,4.076,678,163,0,164,0,,0.00000,0.00000,0.0,0,0.0,-50,22.4
J.Herter_T1,2026-02-28,11:21:06.792,39.85425,-83.65601,1087.8,39.85421,-83.65604,1110.4,3,0,0,-144,0x01,32,6,17,3,-48,-59,18.13,0.185,28.968,228.189,100%,3.924,4.075,679,164,0,165,0,,0.00000,0.00000,0.0,0,0.0,-50,22.4
J.Herter_T1,2026-02-28,11:21:07.781,39.85425,-83.65601,1087.8,39.85421,-83.65604,1110.4,3,0,0,-38,0x01,32,6,16,5,-48,-58,18.26,0.090,28.985,229.848,100%,3.924,4.076,680,165,0,166,0,,0.00000,0.00000,0.0,0,0.0,-50,22.4
J.Herter_T1,2026-02-28,11:21:08.803,39.85425,-83.65601,1087.8,39.85421,-83.65604,1110.2,3,0,0,116,0x01,32,7,15,5,-48,-50,18.28,-0.093,28.850,230.155,100%,3.922,4.074,681,166,0,167,0,,0.00000,0.00000,0.0,0,0.0,-50,22.4
J.Herter_T1,2026-02-28,11:21:09.793,39.85425,-83.65601,1087.8,39.85421,-83.65604,1109.9,3,0,0,86,0x01,32,6,15,6,-58,-59,18.22,-0.302,28.624,72.540,100%,3.922,4.076,682,167,0,168,0,,0.00000,0.00000,0.0,0,0.0,-50,22.4
J.Herter_T1,2026-02-28,11:21:10.781,39.85425,-83.65601,1087.8,39.85421,-83.65604,1109.9,3,0,0,82,0x01,32,8,14,6,-53,-65,18.23,-0.319,28.591,129.081,100%,3.922,4.076,683,168,0,169,0,,0.00000,0.00000,0.0,0,0.0,-50,22.3
J.Herter_T1,2026-02-28,11:21:11.801,39.85425,-83.65601,1087.8,39.85421,-83.65604,1109.8,3,0,0,109,0x01,32,7,14,6,-48,-60,18.20,-0.376,28.492,229.087,100%,3.905,4.076,684,169,0,170,0,,0.00000,0.00000,0.0,0,0.0,-50,22.3
J.Herter_T1,2026-02-28,11:21:12.791,39.85425,-83.65601,1087.8,39.85421,-83.65604,1109.6,3,0,0,-156,0x01,32,7,14,5,-52,-58,18.17,-0.457,28.376,144.354,100%,3.905,4.075,685,170,0,171,0,,0.00000,0.00000,0.0,0,0.0,-50,22.2
J.Herter_T1,2026-02-28,11:21:13.784,39.85425,-83.65601,1087.8,39.85421,-83.65604,1109.5,3,0,0,138,0x01,32,7,13,6,-52,-60,18.13,-0.567,28.212,143.978,100%,3.923,4.076,686,171,0,172,0,,0.00000,0.00000,0.0,0,0.0,-50,22.2
J.Herter_T1,2026-02-28,11:21:14.803,39.85425,-83.65601,1087.8,39.85421,-83.65604,1109.3,3,0,0,-169,0x01,32,7,14,5,-53,-62,18.13,-0.661,28.084,128.320,100%,3.923,4.075,687,172,0,173,0,,0.00000,0.00000,0.0,0,0.0,-50,22.1
J.Herter_T1,2026-02-28,11:21:15.791,39.85425,-83.65601,1087.8,39.85421,-83.65604,1109.2,3,0,0,-116,0x01,32,7,14,5,-48,-64,18.14,-0.722,27.984,228.338,100%,3.922,4.076,688,173,0,174,0,,0.00000,0.00000,0.0,0,0.0,-50,22.0
J.Herter_T1,2026-02-28,11:21:16.782,39.85425,-83.65601,1087.8,39.85421,-83.65604,1109.0,3,0,0,-117,0x01,32,7,15,4,-53,-61,18.23,-0.783,27.934,129.081,100%,3.922,4.075,689,174,0,175,0,,0.00000,0.00000,0.0,0,0.0,-50,21.9
J.Herter_T1,2026-02-28,11:21:18.791,39.85425,-83.65601,1087.8,39.85421,-83.65604,1108.7,3,0,0,55,0x01,32,10,14,5,-50,-62,18.23,-0.891,27.709,182.332,100%,3.923,4.075,691,176,0,177,0,,0.00000,0.00000,0.0,0,0.0,-50,21.8
J.Herter_T1,2026-02-28,11:21:19.784,39.85425,-83.65601,1087.8,39.85421,-83.65604,1108.5,3,0,0,-68,0x01,32,8,15,5,-54,-60,18.19,-0.967,27.539,114.740,100%,3.923,4.076,692,177,0,178,0,,0.00000,0.00000,0.0,0,0.0,-50,21.6
J.Herter_T1,2026-02-28,11:21:20.801,39.85425,-83.65601,1087.8,39.85421,-83.65604,1108.4,3,0,0,109,0x01,32,7,14,6,-60,-60,18.15,-1.006,27.402,57.393,100%,3.901,4.074,693,178,0,179,0,,0.00000,0.00000,0.0,0,0.0,-50,21.5
J.Herter_T1,2026-02-28,11:21:21.791,39.85425,-83.65601,1087.8,39.85421,-83.65604,1108.2,3,0,0,175,0x01,32,7,14,6,-53,-66,18.16,-1.065,27.278,128.572,100%,3.901,4.076,694,179,0,180,0,,0.00000,0.00000,0.0,0,0.0,-50,21.4
J.Herter_T1,2026-02-28,11:21:22.781,39.85425,-83.65601,1087.8,39.85421,-83.65604,1108.1,3,0,0,155,0x01,32,7,15,5,-51,-61,18.16,-1.085,27.173,161.862,100%,3.924,4.076,695,180,0,181,0,,0.00000,0.00000,0.0,0,0.0,-50,21.3
J.Herter_T1,2026-02-28,11:21:23.803,39.85425,-83.65601,1087.8,39.85421,-83.65604,1107.9,3,0,0,-55,0x01,32,6,16,5,-58,-63,18.16,-1.145,27.034,72.301,100%,3.924,4.075,696,181,0,182,0,,0.00000,0.00000,0.0,0,0.0,-50,21.2
J.Herter_T1,2026-02-28,11:21:24.792,39.85425,-83.65601,1087.8,39.85421,-83.65604,1107.7,3,0,0,-95,0x01,32,10,13,5,-55,-63,18.31,-1.146,27.037,102.945,100%,3.921,4.075,697,182,0,183,0,,0.00000,0.00000,0.0,0,0.0,-50,21.0
J.Herter_T1,2026-02-28,11:21:25.782,39.85425,-83.65601,1087.8,39.85421,-83.65604,1107.6,3,0,0,-156,0x01,32,10,15,4,-57,-65,18.25,-1.152,26.897,81.499,100%,3.921,4.076,698,183,0,184,0,,0.00000,0.00000,0.0,0,0.0,-50,20.9
J.Herter_T1,2026-02-28,11:21:26.802,39.85424,-83.65603,1087.0,39.85421,-83.65604,1107.5,3,0,0,177,0x01,32,9,15,4,-51,-64,12.60,-0.373,24.034,112.261,100%,3.924,4.074,699,184,0,185,0,,0.00000,0.00000,0.0,0,0.0,-50,20.8
J.Herter_T1,2026-02-28,11:21:27.793,39.85424,-83.65603,1087.0,39.85421,-83.65604,1107.3,3,0,0,-126,0x01,32,9,14,5,-50,-57,12.60,-0.471,23.906,125.959,100%,3.924,4.075,700,185,0,186,0,,0.00000,0.00000,0.0,0,0.0,-50,20.8
J.Herter_T1,2026-02-28,11:21:28.782,39.85424,-83.65603,1087.0,39.85421,-83.65604,1107.2,3,0,0,-65,0x01,32,10,15,4,-49,-60,12.60,-0.572,23.767,141.328,100%,3.923,4.074,701,186,0,187,0,,0.00000,0.00000,0.0,0,0.0,-50,20.7
J.Herter_T1,2026-02-28,11:21:29.802,39.85424,-83.65603,1087.0,39.85421,-83.65604,1107.0,3,0,0,22,0x01,32,8,14,5,-51,-59,12.60,-0.615,23.673,112.284,100%,3.923,4.075,702,187,0,188,0,,0.00000,0.00000,0.0,0,0.0,-50,20.7
J.Herter_T1,2026-02-28,11:21:30.792,39.85424,-83.65603,1087.0,39.85421,-83.65604,1106.9,3,0,0,-95,0x01,32,9,14,5,-50,-61,12.60,-0.713,23.527,126.042,100%,3.923,4.075,703,188,0,189,0,,0.00000,0.00000,0.0,0,0.0,-50,20.6
J.Herter_T1,2026-02-28,11:21:31.782,39.85424,-83.65603,1087.0,39.85421,-83.65604,1106.7,3,0,0,97,0x01,32,8,15,5,-55,-60,12.61,-0.789,23.390,70.897,100%,3.929,4.076,704,189,0,190,0,,0.00000,0.00000,0.0,0,0.0,-50,20.5
J.Herter_T1,2026-02-28,11:21:32.803,39.85424,-83.65603,1087.0,39.85421,-83.65603,1106.5,3,0,0,61,0x01,32,8,16,4,-55,-65,12.58,-0.893,23.207,70.769,100%,3.929,4.074,705,190,0,191,0,,0.00000,0.00000,0.0,0,0.0,-50,20.4
J.Herter_T1,2026-02-28,11:21:33.792,39.85424,-83.65603,1087.0,39.85421,-83.65603,1106.3,3,0,0,-178,0x01,32,6,17,4,-57,-63,12.60,-0.975,23.055,56.279,100%,3.922,4.076,706,191,0,192,0,,0.00000,0.00000,0.0,0,0.0,-50,20.3
J.Herter_T1,2026-02-28,11:21:34.782,39.85424,-83.65603,1087.0,39.85421,-83.65603,1106.2,3,0,0,-50,0x01,32,9,13,6,-49,-63,12.60,-0.996,22.945,141.368,100%,3.922,4.075,707,192,0,193,0,,0.00000,0.00000,0.0,0,0.0,-50,20.2
J.Herter_T1,2026-02-28,11:21:35.802,39.85424,-83.65603,1087.0,39.85421,-83.65603,1106.0,3,0,0,117,0x01,32,9,13,6,-57,-60,12.60,-1.059,22.796,56.292,100%,3.922,4.076,708,193,0,194,0,,0.00000,0.00000,0.0,0,0.0,-50,20.1
J.Herter_T1,2026-02-28,11:21:36.793,39.85424,-83.65603,1087.0,39.85421,-83.65603,1105.9,3,0,0,-126,0x01,32,7,13,7,-57,-62,12.60,-1.068,22.686,56.262,100%,3.922,4.075,709,194,0,195,0,,0.00000,0.00000,0.0,0,0.0,-50,19.9
J.Herter_T1,2026-02-28,11:21:37.782,39.85424,-83.65603,1087.0,39.85421,-83.65603,1105.7,3,0,0,-87,0x01,32,8,15,5,-57,-64,12.58,-1.121,22.533,56.215,100%,3.923,4.076,710,195,0,196,0,,0.00000,0.00000,0.0,0,0.0,-50,19.8
J.Herter_T1,2026-02-28,11:21:38.802,39.85424,-83.65603,1087.0,39.85421,-83.65603,1105.6,3,0,0,-105,0x01,32,8,15,5,-55,-70,12.58,-1.124,22.427,70.769,100%,3.923,4.074,711,196,0,197,0,,0.00000,0.00000,0.0,0,0.0,-50,19.7
J.Herter_T1,2026-02-28,11:21:39.793,39.85424,-83.65603,1087.0,39.85421,-83.65603,1105.5,3,0,0,-77,0x01,32,11,14,4,-52,-65,12.59,-1.070,22.373,99.971,100%,3.923,4.074,712,197,0,198,0,,0.00000,0.00000,0.0,0,0.0,-50,19.6
J.Herter_T1,2026-02-28,11:21:40.784,39.85424,-83.65603,1087.0,39.85421,-83.65604,1105.4,3,0,0,-56,0x01,32,9,14,5,-55,-62,12.59,-1.087,22.263,70.813,100%,3.899,4.074,713,198,0,199,0,,0.00000,0.00000,0.0,0,0.0,-50,19.4
J.Herter_T1,2026-02-28,11:21:41.802,39.85424,-83.65603,1087.0,39.85421,-83.65604,1105.2,3,0,0,-57,0x01,32,9,14,4,-51,-61,12.60,-1.109,22.148,112.296,100%,3.899,4.075,714,199,0,200,0,,0.00000,0.00000,0.0,0,0.0,-50,19.3
J.Herter_T1,2026-02-28,11:21:42.792,39.85424,-83.65603,1087.0,39.85421,-83.65603,1105.1,3,0,0,157,0x01,32,9,14,5,-54,-61,12.59,-1.119,22.030,79.416,100%,3.920,4.074,715,200,0,201,0,,0.00000,0.00000,0.0,0,0.0,-50,19.2
J.Herter_T1,2026-02-28,11:21:43.782,39.85424,-83.65603,1087.0,39.85421,-83.65603,1104.9,3,0,0,164,0x01,32,9,15,4,-54,-67,12.59,-1.178,21.874,79.416,100%,3.920,4.076,716,201,0,202,0,,0.00000,0.00000,0.0,0,0.0,-50,19.1
J.Herter_T1,2026-02-28,11:21:44.804,39.85424,-83.65603,1087.0,39.85421,-83.65603,1104.7,3,0,0,-109,0x01,32,9,15,4,-51,-63,12.58,-1.237,21.713,112.160,100%,3.922,4.074,717,202,0,203,0,,0.00000,0.00000,0.0,0,0.0,-50,18.9
J.Herter_T1,2026-02-28,11:21:45.792,39.85424,-83.65603,1087.0,39.85421,-83.65603,1104.6,3,0,0,-28,0x01,32,7,15,5,-45,-60,12.59,-1.244,21.595,223.797,100%,3.922,4.074,718,203,0,204,0,,0.00000,0.00000,0.0,0,0.0,-50,18.8
J.Herter_T1,2026-02-28,11:21:46.782,39.85424,-83.65603,1087.0,39.85421,-83.65603,1104.4,3,0,0,-57,0x01,32,7,16,4,-51,-59,12.59,-1.223,21.502,112.164,100%,3.924,4.074,719,204,0,205,0,,0.00000,0.00000,0.0,0,0.0,-50,18.7
J.Herter_T1,2026-02-28,11:21:47.802,39.85424,-83.65603,1087.0,39.85421,-83.65603,1104.3,3,0,0,-56,0x01,32,7,15,5,-51,-60,12.59,-1.201,21.412,112.170,100%,3.924,4.074,720,205,0,206,0,,0.00000,0.00000,0.0,0,0.0,-50,18.5
J.Herter_T1,2026-02-28,11:21:48.794,39.85424,-83.65603,1087.0,39.85421,-83.65603,1104.1,3,0,0,131,0x01,32,7,16,4,-53,-62,12.58,-1.240,21.269,89.093,100%,3.923,4.074,721,206,0,207,0,,0.00000,0.00000,0.0,0,0.0,-50,18.4
J.Herter_T1,2026-02-28,11:21:49.782,39.85424,-83.65603,1087.0,39.85421,-83.65603,1104.0,3,0,0,80,0x01,32,7,16,4,-59,-61,12.58,-1.246,21.152,44.652,100%,3.923,4.074,722,207,0,208,0,,0.00000,0.00000,0.0,0,0.0,-50,18.2
J.Herter_T1,2026-02-28,11:21:51.792,39.85424,-83.65603,1087.0,39.85421,-83.65603,1103.7,3,0,0,82,0x01,32,7,13,7,-57,-68,12.59,-1.276,20.902,56.226,100%,3.904,4.074,724,209,0,210,0,,0.00000,0.00000,0.0,0,0.0,-50,18.0
J.Herter_T1,2026-02-28,11:21:52.784,39.85424,-83.65603,1087.0,39.85421,-83.65603,1103.5,3,0,0,-54,0x01,32,7,13,7,-47,-62,12.58,-1.299,20.767,177.767,100%,3.904,4.075,725,210,0,211,0,,0.00000,0.00000,0.0,0,0.0,-50,17.8
J.Herter_T1,2026-02-28,11:21:53.804,39.85424,-83.65603,1087.0,39.85421,-83.65603,1103.4,3,0,0,69,0x01,32,7,14,6,-46,-57,12.59,-1.308,20.646,199.489,100%,3.921,4.076,726,211,0,212,0,,0.00000,0.00000,0.0,0,0.0,-50,17.7
J.Herter_T1,2026-02-28,11:21:54.792,39.85424,-83.65603,1087.0,39.85421,-83.65603,1103.2,3,0,0,90,0x01,32,7,14,6,-49,-59,12.59,-1.328,20.513,141.228,100%,3.921,4.074,727,212,0,213,0,,0.00000,0.00000,0.0,0,0.0,-50,17.5
J.Herter_T1,2026-02-28,11:21:55.782,39.85424,-83.65603,1087.0,39.85421,-83.65603,1103.1,3,0,0,-171,0x01,32,7,14,5,-51,-60,12.59,-1.263,20.454,112.181,100%,3.919,4.076,728,213,0,214,0,,0.00000,0.00000,0.0,0,0.0,-50,17.4
J.Herter_T1,2026-02-28,11:21:56.804,39.85424,-83.65603,1087.0,39.85421,-83.65603,1103.0,3,0,0,-139,0x01,32,7,14,6,-52,-61,12.59,-1.208,20.391,99.977,100%,3.919,4.074,729,214,0,215,0,,0.00000,0.00000,0.0,0,0.0,-50,17.3
J.Herter_T1,2026-02-28,11:21:57.792,39.85424,-83.65603,1087.0,39.85421,-83.65603,1103.0,3,0,0,141,0x01,32,7,13,7,-49,-58,12.59,-1.143,20.343,141.228,100%,3.923,4.074,730,215,0,216,0,,0.00000,0.00000,0.0,0,0.0,-50,17.1
J.Herter_T1,2026-02-28,11:21:59.803,39.85424,-83.65603,1087.0,39.85421,-83.65603,1102.9,3,0,0,-53,0x01,32,6,15,6,-51,-61,12.59,-1.020,20.259,112.229,100%,3.923,4.075,732,217,0,218,0,,0.00000,0.00000,0.0,0,0.0,-50,16.9
J.Herter_T1,2026-02-28,11:22:00.794,39.85424,-83.65603,1087.0,39.85421,-83.65603,1102.8,3,0,0,-62,0x01,32,8,14,6,-53,-61,12.59,-0.960,20.220,89.122,100%,3.902,4.073,733,218,0,219,0,,0.00000,0.00000,0.0,0,0.0,-50,16.8
J.Herter_T1,2026-02-28,11:22:02.804,39.85424,-83.65603,1087.0,39.85421,-83.65603,1102.7,3,0,0,171,0x01,32,6,13,8,-51,-61,12.59,-0.892,20.114,112.181,100%,3.923,4.074,735,220,0,221,0,,0.00000,0.00000,0.0,0,0.0,-50,16.6
J.Herter_T1,2026-02-28,11:22:04.784,39.85424,-83.65603,1087.0,39.85421,-83.65603,1102.7,3,0,0,94,0x01,32,6,15,6,-47,-57,12.59,-0.745,20.092,177.823,100%,3.919,4.074,737,222,0,223,0,,0.00000,0.00000,0.0,0,0.0,-50,16.4
J.Herter_T1,2026-02-28,11:22:05.803,39.85424,-83.65603,1087.0,39.85421,-83.65603,1102.6,3,0,0,158,0x01,31,7,13,7,-47,-57,12.59,-0.717,20.052,177.833,100%,3.919,4.075,738,223,0,224,0,,0.00000,0.00000,0.0,0,0.0,-50,16.3
J.Herter_T1,2026-02-28,11:22:06.794,39.85424,-83.65603,1087.0,39.85421,-83.65603,1102.6,3,0,0,-78,0x01,32,9,13,6,-49,-54,12.59,-0.696,20.008,141.249,100%,3.922,4.074,739,224,0,225,0,,0.00000,0.00000,0.0,0,0.0,-50,16.2
J.Herter_T1,2026-02-28,11:22:07.784,39.85424,-83.65603,1087.0,39.85421,-83.65603,1102.5,3,0,0,131,0x01,32,7,13,8,-50,-59,12.58,-0.688,19.952,125.846,100%,3.922,4.075,740,225,0,226,0,,0.00000,0.00000,0.0,0,0.0,-50,16.2
J.Herter_T1,2026-02-28,11:22:08.804,39.85424,-83.65603,1087.0,39.85421,-83.65603,1102.4,3,0,0,-113,0x01,32,6,15,6,-48,-57,12.58,-0.678,19.901,158.429,100%,3.923,4.074,741,226,0,227,0,,0.00000,0.00000,0.0,0,0.0,-50,16.1
J.Herter_T1,2026-02-28,11:22:09.793,39.85424,-83.65603,1087.0,39.85421,-83.65603,1102.3,3,0,0,173,0x01,32,7,11,8,-44,-61,12.58,-0.684,19.837,251.096,100%,3.923,4.075,742,227,0,228,0,,0.00000,0.00000,0.0,0,0.0,-50,16.0
J.Herter_T1,2026-02-28,11:22:10.784,39.85424,-83.65603,1087.0,39.85421,-83.65604,1102.4,3,0,0,-69,0x01,32,9,12,6,-42,-53,12.59,-0.581,19.873,316.312,100%,3.923,4.074,743,228,0,229,0,,0.00000,0.00000,0.0,0,0.0,-50,16.0
J.Herter_T1,2026-02-28,11:22:11.804,39.85424,-83.65603,1087.0,39.85421,-83.65604,1102.4,3,0,0,3,0x01,32,10,14,4,-49,-52,12.59,-0.505,19.885,141.236,100%,3.925,4.074,744,229,0,230,0,,0.00000,0.00000,0.0,0,0.0,-50,15.9
J.Herter_T1,2026-02-28,11:22:12.796,39.85424,-83.65603,1087.0,39.85421,-83.65603,1102.3,3,0,0,140,0x01,32,7,13,6,-47,-51,12.59,-0.528,19.822,177.803,100%,3.925,4.074,745,230,0,231,0,,0.00000,0.00000,0.0,0,0.0,-50,15.8
J.Herter_T1,2026-02-28,11:22:13.783,39.85424,-83.65603,1087.0,39.85421,-83.65603,1102.3,3,0,0,18,0x01,32,7,12,7,-47,-57,12.59,-0.463,19.833,177.823,100%,3.918,4.076,746,231,0,232,0,,0.00000,0.00000,0.0,0,0.0,-50,15.8
J.Herter_T1,2026-02-28,11:22:14.803,39.85424,-83.65603,1087.0,39.85421,-83.65603,1102.3,3,0,0,-67,0x01,32,6,14,6,-45,-55,12.59,-0.482,19.775,223.815,100%,3.918,4.074,747,232,0,233,0,,0.00000,0.00000,0.0,0,0.0,-50,15.7
J.Herter_T1,2026-02-28,11:22:15.793,39.85424,-83.65603,1087.0,39.85421,-83.65604,1102.2,3,0,0,-65,0x01,32,9,12,6,-51,-53,12.59,-0.511,19.714,112.232,100%,3.924,4.075,748,233,0,234,0,,0.00000,0.00000,0.0,0,0.0,-50,15.7
J.Herter_T1,2026-02-28,11:22:16.784,39.85424,-83.65603,1087.0,39.85421,-83.65603,1102.0,3,0,0,140,0x01,32,8,15,4,-48,-61,12.59,-0.584,19.603,158.436,100%,3.924,4.074,749,234,0,235,0,,0.00000,0.00000,0.0,0,0.0,-50,15.6
J.Herter_T1,2026-02-28,11:22:17.803,39.85424,-83.65603,1087.0,39.85421,-83.65603,1102.0,3,0,0,-38,0x01,32,7,12,7,-48,-57,12.59,-0.584,19.553,158.444,100%,3.916,4.074,750,235,0,236,0,,0.00000,0.00000,0.0,0,0.0,-50,15.5
J.Herter_T1,2026-02-28,11:22:18.793,39.85424,-83.65603,1087.0,39.85421,-83.65604,1101.9,3,0,0,-179,0x01,32,7,15,4,-49,-58,12.59,-0.564,19.524,141.280,100%,3.916,4.074,751,236,0,237,0,,0.00000,0.00000,0.0,0,0.0,-50,15.5
J.Herter_T1,2026-02-28,11:22:19.783,39.85424,-83.65603,1087.0,39.85421,-83.65604,1101.8,3,0,0,104,0x01,32,10,13,5,-45,-60,12.60,-0.593,19.454,223.990,100%,3.916,4.073,752,237,0,238,0,,0.00000,0.00000,0.0,0,0.0,-50,15.4
J.Herter_T1,2026-02-28,11:22:21.793,39.85424,-83.65603,1087.0,39.85421,-83.65603,1101.8,3,0,0,95,0x01,32,9,13,4,-48,-53,12.58,-0.488,19.437,158.431,100%,3.903,4.073,754,239,0,240,0,,0.00000,0.00000,0.0,0,0.0,-50,15.3
J.Herter_T1,2026-02-28,11:22:22.783,39.85424,-83.65603,1087.0,39.85421,-83.65604,1101.8,3,0,0,-21,0x01,32,9,14,4,-49,-58,12.59,-0.439,19.439,141.229,100%,3.921,4.074,755,240,0,241,0,,0.00000,0.00000,0.0,0,0.0,-50,15.3
J.Herter_T1,2026-02-28,11:22:23.803,39.85424,-83.65603,1087.0,39.85421,-83.65603,1101.8,3,0,0,171,0x01,32,7,14,5,-50,-59,12.59,-0.386,19.446,125.865,100%,3.921,4.075,756,241,0,242,0,,0.00000,0.00000,0.0,0,0.0,-50,15.2
J.Herter_T1,2026-02-28,11:22:24.793,39.85424,-83.65603,1087.0,39.85421,-83.65603,1101.9,3,0,0,6,0x01,32,7,15,4,-51,-61,12.59,-0.324,19.465,112.167,100%,3.923,4.074,757,242,0,243,0,,0.00000,0.00000,0.0,0,0.0,-50,15.2
J.Herter_T1,2026-02-28,11:22:25.783,39.85424,-83.65603,1087.0,39.85421,-83.65603,1101.9,3,0,0,-84,0x01,32,9,12,6,-51,-61,12.59,-0.280,19.476,112.173,100%,3.923,4.075,758,243,0,244,0,,0.00000,0.00000,0.0,0,0.0,-50,15.1
J.Herter_T1,2026-02-28,11:22:26.803,39.85424,-83.65603,1087.0,39.85421,-83.65604,1101.9,3,0,0,-88,0x01,32,8,13,6,-47,-62,12.60,-0.252,19.486,178.017,100%,3.916,4.074,759,244,0,245,0,,0.00000,0.00000,0.0,0,0.0,-50,15.1
J.Herter_T1,2026-02-28,11:22:27.794,39.85424,-83.65603,1087.0,39.85421,-83.65604,1101.9,3,0,0,29,0x01,32,9,13,6,-47,-51,12.59,-0.194,19.509,177.905,100%,3.916,4.075,760,245,0,246,0,,0.00000,0.00000,0.0,0,0.0,-50,15.1
J.Herter_T1,2026-02-28,11:22:28.783,39.85424,-83.65603,1087.0,39.85421,-83.65604,1101.9,3,0,0,-43,0x01,32,7,12,7,-48,-55,12.60,-0.145,19.536,158.605,100%,3.916,4.073,761,246,0,247,0,,0.00000,0.00000,0.0,0,0.0,-50,15.1
J.Herter_T1,2026-02-28,11:22:29.804,39.85424,-83.65603,1087.0,39.85421,-83.65604,1101.8,3,0,0,92,0x01,32,9,10,8,-48,-60,12.60,-0.207,19.469,158.573,100%,3.916,4.074,762,247,0,248,0,,0.00000,0.00000,0.0,0,0.0,-50,15.1
J.Herter_T1,2026-02-28,11:22:30.794,39.85424,-83.65603,1087.0,39.85421,-83.65604,1101.9,3,0,0,-68,0x01,32,8,14,5,-44,-55,12.59,-0.160,19.488,251.185,100%,3.916,4.074,763,248,0,249,0,,0.00000,0.00000,0.0,0,0.0,-50,15.0
J.Herter_T1,2026-02-28,11:22:31.784,39.85424,-83.65603,1087.0,39.85421,-83.65604,1101.9,3,0,0,104,0x01,32,8,14,5,-49,-54,12.59,-0.100,19.525,141.252,100%,3.899,4.075,764,249,0,250,0,,0.00000,0.00000,0.0,0,0.0,-50,15.0
J.Herter_T1,2026-02-28,11:22:32.804,39.85424,-83.65601,1084.5,39.85421,-83.65604,1102.0,3,0,0,24,0x01,32,6,15,5,-47,-58,13.33,1.989,21.979,188.258,100%,3.899,4.073,765,250,0,251,0,,0.00000,0.00000,0.0,0,0.0,-50,15.5
J.Herter_T1,2026-02-28,11:22:33.794,39.85424,-83.65601,1084.5,39.85421,-83.65604,1102.0,3,0,0,-116,0x01,32,6,16,4,-50,-58,13.33,1.817,22.002,133.276,100%,3.921,4.075,766,251,0,252,0,,0.00000,0.00000,0.0,0,0.0,-50,15.7
J.Herter_T1,2026-02-28,11:22:34.785,39.85424,-83.65601,1084.5,39.85421,-83.65604,1102.1,3,0,0,-103,0x01,32,7,15,4,-45,-60,13.40,1.718,22.121,238.354,100%,3.921,4.073,767,252,0,253,0,,0.00000,0.00000,0.0,0,0.0,-50,15.9
J.Herter_T1,2026-02-28,11:22:35.804,39.85424,-83.65601,1084.5,39.85421,-83.65604,1102.2,3,0,0,70,0x01,32,7,13,6,-54,-48,13.54,1.682,22.326,85.451,100%,3.915,4.075,768,253,0,254,0,,0.00000,0.00000,0.0,0,0.0,-50,16.1
J.Herter_T1,2026-02-28,11:22:36.793,39.85424,-83.65601,1084.5,39.85421,-83.65604,1102.2,3,0,0,127,0x01,32,7,13,6,-55,-65,13.59,1.478,22.323,76.423,100%,3.915,4.074,769,254,0,255,0,,0.00000,0.00000,0.0,0,0.0,-50,16.2
J.Herter_T1,2026-02-28,11:22:37.785,39.85424,-83.65601,1084.5,39.85421,-83.65604,1102.1,3,0,0,-77,0x01,32,9,11,7,-51,-62,13.61,1.251,22.263,121.264,100%,3.920,4.074,770,255,0,256,0,,0.00000,0.00000,0.0,0,0.0,-50,16.4
J.Herter_T1,2026-02-28,11:22:38.805,39.85424,-83.65601,1084.5,39.85421,-83.65604,1102.1,3,0,0,114,0x01,32,9,13,5,-41,-60,13.64,1.131,22.287,384.364,100%,3.920,4.074,771,256,0,257,0,,0.00000,0.00000,0.0,0,0.0,-50,16.5
J.Herter_T1,2026-02-28,11:22:39.794,39.85424,-83.65601,1084.5,39.85421,-83.65604,1102.1,3,0,0,81,0x01,32,9,13,5,-42,-57,13.50,0.989,22.175,339.009,100%,3.920,4.074,772,257,0,258,0,,0.00000,0.00000,0.0,0,0.0,-50,16.6
J.Herter_T1,2026-02-28,11:22:40.784,39.85424,-83.65601,1084.5,39.85421,-83.65603,1102.0,3,1,0,90,0x01,32,7,13,6,-42,-52,13.05,0.863,21.882,327.764,100%,3.899,4.074,773,258,0,259,0,,0.00000,0.00000,0.0,0,0.0,-50,16.7
J.Herter_T1,2026-02-28,11:22:41.805,39.85424,-83.65601,1084.5,39.85421,-83.65603,1101.9,3,0,0,141,0x01,32,7,12,7,-48,-52,12.69,0.691,21.595,159.794,100%,3.899,4.074,774,259,0,260,0,,0.00000,0.00000,0.0,0,0.0,-50,16.8
J.Herter_T1,2026-02-28,11:22:43.782,39.85424,-83.65601,1084.5,39.85421,-83.65603,1102.0,3,0,0,-103,0x01,32,9,14,4,-49,-53,12.85,0.591,21.716,144.214,100%,3.918,4.073,776,261,0,262,0,,0.00000,0.00000,0.0,0,0.0,-50,16.9
J.Herter_T1,2026-02-28,11:22:44.802,39.85424,-83.65601,1084.5,39.85421,-83.65603,1102.0,3,0,0,-38,0x01,32,7,15,3,-52,-60,12.87,0.544,21.734,102.204,100%,3.922,4.073,777,262,0,263,0,,0.00000,0.00000,0.0,0,0.0,-50,17.0
J.Herter_T1,2026-02-28,11:22:45.792,39.85424,-83.65601,1084.5,39.85421,-83.65603,1102.0,3,0,0,56,0x01,32,5,16,5,-54,-60,12.77,0.466,21.657,80.587,100%,3.922,4.074,778,263,0,264,0,,0.00000,0.00000,0.0,0,0.0,-50,17.0
J.Herter_T1,2026-02-28,11:22:46.785,39.85424,-83.65601,1084.5,39.85421,-83.65603,1102.0,3,0,0,-83,0x01,32,7,13,6,-51,-64,12.71,0.407,21.608,113.242,100%,3.918,4.073,779,264,0,265,0,,0.00000,0.00000,0.0,0,0.0,-50,17.1
J.Herter_T1,2026-02-28,11:22:47.803,39.85424,-83.65601,1084.5,39.85421,-83.65603,1101.9,3,0,0,120,0x01,32,6,14,6,-51,-61,12.94,0.299,21.683,115.290,100%,3.918,4.073,780,265,0,266,0,,0.00000,0.00000,0.0,0,0.0,-50,17.1
J.Herter_T1,2026-02-28,11:22:48.793,39.85424,-83.65601,1084.5,39.85421,-83.65603,1101.9,3,0,0,-101,0x01,32,7,13,6,-59,-61,13.15,0.257,21.801,46.656,100%,3.918,4.074,781,266,0,267,0,,0.00000,0.00000,0.0,0,0.0,-50,17.1
J.Herter_T1,2026-02-28,11:22:49.783,39.85424,-83.65601,1084.5,39.85421,-83.65603,1101.7,3,0,0,-160,0x01,32,6,14,6,-48,-64,13.16,0.107,21.700,165.726,100%,3.918,4.073,782,267,0,268,0,,0.00000,0.00000,0.0,0,0.0,-50,17.1
J.Herter_T1,2026-02-28,11:22:50.804,39.85424,-83.65601,1084.5,39.85421,-83.65603,1101.7,3,0,0,73,0x01,32,7,13,6,-53,-60,13.01,0.088,21.596,92.075,100%,3.918,4.074,783,268,0,269,0,,0.00000,0.00000,0.0,0,0.0,-50,17.2
J.Herter_T1,2026-02-28,11:22:51.793,39.85424,-83.65601,1084.5,39.85421,-83.65603,1101.6,3,0,0,-131,0x01,32,6,15,5,-55,-62,12.94,-0.045,21.444,72.743,100%,3.920,4.073,784,269,0,270,0,,0.00000,0.00000,0.0,0,0.0,-50,17.1
J.Herter_T1,2026-02-28,11:22:52.782,39.85424,-83.65601,1084.5,39.85421,-83.65603,1101.5,3,0,0,18,0x01,32,6,13,7,-53,-71,12.94,-0.120,21.373,91.578,100%,3.920,4.074,785,270,0,271,0,,0.00000,0.00000,0.0,0,0.0,-50,17.1
J.Herter_T1,2026-02-28,11:22:53.803,39.85424,-83.65601,1084.5,39.85421,-83.65603,1101.4,3,0,0,99,0x01,32,7,12,7,-50,-62,12.94,-0.209,21.285,129.357,100%,3.917,4.074,786,271,0,272,0,,0.00000,0.00000,0.0,0,0.0,-50,17.1
J.Herter_T1,2026-02-28,11:22:54.794,39.85424,-83.65601,1084.5,39.85421,-83.65603,1101.3,3,0,0,35,0x01,32,6,14,6,-54,-61,12.94,-0.232,21.246,81.619,100%,3.917,4.073,787,272,0,273,0,,0.00000,0.00000,0.0,0,0.0,-50,17.1
J.Herter_T1,2026-02-28,11:22:55.783,39.85424,-83.65601,1084.5,39.85421,-83.65603,1101.2,3,0,0,-26,0x01,32,7,13,6,-54,-63,12.91,-0.315,21.135,81.444,100%,3.920,4.074,788,273,0,274,0,,0.00000,0.00000,0.0,0,0.0,-50,17.1
J.Herter_T1,2026-02-28,11:22:56.803,39.85424,-83.65601,1084.5,39.85421,-83.65603,1101.1,3,0,0,113,0x01,32,6,14,6,-57,-62,12.85,-0.366,21.029,57.413,100%,3.920,4.073,789,274,0,275,0,,0.00000,0.00000,0.0,0,0.0,-50,17.0
J.Herter_T1,2026-02-28,11:22:57.792,39.85424,-83.65601,1084.5,39.85421,-83.65603,1101.0,3,0,0,-11,0x01,32,7,13,6,-54,-63,12.80,-0.430,20.907,80.756,100%,3.919,4.074,790,275,0,276,0,,0.00000,0.00000,0.0,0,0.0,-50,17.0
J.Herter_T1,2026-02-28,11:22:58.784,39.85424,-83.65601,1084.5,39.85421,-83.65603,1100.9,3,0,0,-81,0x01,32,6,14,6,-50,-66,12.79,-0.487,20.811,127.855,100%,3.919,4.073,791,276,0,277,0,,0.00000,0.00000,0.0,0,0.0,-50,16.9
J.Herter_T1,2026-02-28,11:22:59.803,39.85424,-83.65601,1084.5,39.85421,-83.65603,1100.8,3,0,0,-128,0x01,32,7,14,5,-49,-61,12.80,-0.515,20.752,143.606,100%,3.919,4.072,792,277,0,278,0,,0.00000,0.00000,0.0,0,0.0,-50,16.9
J.Herter_T1,2026-02-28,11:23:00.793,39.85424,-83.65601,1084.5,39.85421,-83.65603,1100.6,3,0,0,53,0x01,32,7,14,5,-52,-60,12.75,-0.635,20.570,101.241,100%,3.901,4.073,793,278,0,279,0,,0.00000,0.00000,0.0,0,0.0,-50,16.8
J.Herter_T1,2026-02-28,11:23:01.783,39.85424,-83.65601,1084.5,39.85421,-83.65603,1100.6,3,0,0,-80,0x01,32,9,12,6,-50,-59,12.67,-0.598,20.498,126.668,100%,3.901,4.073,794,279,0,280,0,,0.00000,0.00000,0.0,0,0.0,-50,16.7
J.Herter_T1,2026-02-28,11:23:02.803,39.85424,-83.65601,1084.5,39.85421,-83.65603,1100.5,3,0,0,163,0x01,32,6,14,6,-53,-61,12.73,-0.627,20.461,90.138,100%,3.916,4.074,795,280,0,281,0,,0.00000,0.00000,0.0,0,0.0,-50,16.6
J.Herter_T1,2026-02-28,11:23:03.794,39.85424,-83.65601,1084.5,39.85421,-83.65603,1100.4,3,0,0,43,0x01,32,6,14,6,-52,-64,12.54,-0.674,20.246,99.606,100%,3.916,4.074,796,281,0,282,0,,0.00000,0.00000,0.0,0,0.0,-50,16.6
J.Herter_T1,2026-02-28,11:23:04.783,39.85424,-83.65601,1084.5,39.85421,-83.65603,1100.2,3,0,0,-112,0x01,32,6,13,7,-66,-62,12.45,-0.718,20.095,19.738,100%,3.918,4.073,797,282,0,283,0,,0.00000,0.00000,0.0,0,0.0,-50,16.5
J.Herter_T1,2026-02-28,11:23:05.803,39.85424,-83.65601,1084.5,39.85421,-83.65603,1100.2,3,0,0,-51,0x01,32,6,12,8,-51,-74,12.48,-0.697,20.067,111.209,100%,3.918,4.073,798,283,0,284,0,,0.00000,0.00000,0.0,0,0.0,-50,16.4
J.Herter_T1,2026-02-28,11:23:06.793,39.85424,-83.65601,1084.5,39.85421,-83.65603,1100.1,3,0,0,123,0x01,32,8,13,5,-49,-59,12.45,-0.727,19.964,139.731,100%,3.917,4.074,799,284,0,285,0,,0.00000,0.00000,0.0,0,0.0,-50,16.3
J.Herter_T1,2026-02-28,11:23:07.784,39.85424,-83.65601,1084.5,39.85421,-83.65603,1099.9,3,0,0,109,0x01,32,6,14,6,-51,-61,12.41,-0.782,19.824,110.564,100%,3.917,4.074,800,285,0,286,0,,0.00000,0.00000,0.0,0,0.0,-50,16.2
J.Herter_T1,2026-02-28,11:23:08.803,39.85424,-83.65601,1084.5,39.85421,-83.65603,1099.8,3,0,0,-106,0x01,32,6,15,5,-65,-60,12.41,-0.825,19.719,22.060,100%,3.917,4.073,801,286,0,287,0,,0.00000,0.00000,0.0,0,0.0,-50,16.2
J.Herter_T1,2026-02-28,11:23:09.793,39.85424,-83.65601,1084.5,39.85421,-83.65603,1099.7,3,0,0,-152,0x01,32,6,15,5,-50,-66,12.45,-0.822,19.681,124.536,100%,3.917,4.072,802,287,0,288,0,,0.00000,0.00000,0.0,0,0.0,-50,16.1
J.Herter_T1,2026-02-28,11:23:10.784,39.85424,-83.65601,1084.5,39.85421,-83.65603,1099.7,3,0,0,21,0x01,32,7,14,5,-57,-61,12.53,-0.719,19.745,55.957,100%,3.917,4.073,803,288,0,289,0,,0.00000,0.00000,0.0,0,0.0,-50,16.0
J.Herter_T1,2026-02-28,11:23:11.805,39.85424,-83.65601,1084.5,39.85421,-83.65603,1099.7,3,0,0,-106,0x01,32,6,15,5,-61,-68,12.44,-0.724,19.625,35.065,100%,3.898,4.074,804,289,0,290,0,,0.00000,0.00000,0.0,0,0.0,-50,15.9
J.Herter_T1,2026-02-28,11:23:12.794,39.85424,-83.65601,1084.5,39.85421,-83.65603,1099.6,3,0,0,42,0x01,32,8,13,6,-52,-69,12.30,-0.743,19.457,97.706,100%,3.898,4.073,805,290,0,291,0,,0.00000,0.00000,0.0,0,0.0,-50,15.8
J.Herter_T1,2026-02-28,11:23:13.783,39.85424,-83.65601,1084.5,39.85421,-83.65602,1099.5,3,0,0,131,0x01,32,8,12,7,-61,-61,12.20,-0.689,19.375,34.383,100%,3.918,4.074,806,291,0,292,0,,0.00000,0.00000,0.0,0,0.0,-50,15.7
J.Herter_T1,2026-02-28,11:23:14.803,39.85424,-83.65601,1084.5,39.85421,-83.65602,1099.4,3,0,0,-8,0x01,32,9,11,7,-58,-67,12.16,-0.691,19.287,48.395,100%,3.918,4.073,807,292,0,293,0,,0.00000,0.00000,0.0,0,0.0,-50,15.7
J.Herter_T1,2026-02-28,11:23:15.795,39.85424,-83.65601,1084.5,39.85421,-83.65602,1099.3,3,0,0,141,0x01,32,10,14,4,-55,-62,12.06,-0.717,19.146,67.830,100%,3.915,4.073,808,293,0,294,0,,0.00000,0.00000,0.0,0,0.0,-50,15.6
J.Herter_T1,2026-02-28,11:23:16.783,39.85424,-83.65601,1084.5,39.85421,-83.65602,1099.4,3,0,0,-21,0x01,31,9,13,5,-49,-67,12.11,-0.604,19.214,135.920,100%,3.915,4.076,809,294,0,295,0,,0.00000,0.00000,0.0,0,0.0,-50,15.5
J.Herter_T1,2026-02-28,11:23:17.803,39.85424,-83.65601,1084.5,39.85421,-83.65602,1099.3,3,0,0,12,0x01,31,8,12,7,-52,-60,12.11,-0.632,19.138,96.224,100%,3.921,4.074,810,295,0,296,0,,0.00000,0.00000,0.0,0,0.0,-50,15.4
J.Herter_T1,2026-02-28,11:23:18.793,39.85424,-83.65601,1084.5,39.85421,-83.65602,1099.2,3,0,0,156,0x01,31,9,14,4,-55,-62,12.11,-0.654,19.065,68.121,100%,3.921,4.073,811,296,0,297,0,,0.00000,0.00000,0.0,0,0.0,-50,15.4
J.Herter_T1,2026-02-28,11:23:19.785,39.85424,-83.65601,1084.5,39.85421,-83.65602,1099.1,3,0,0,71,0x01,31,7,15,5,-54,-64,12.10,-0.645,19.010,76.367,100%,3.921,4.074,812,297,0,298,0,,0.00000,0.00000,0.0,0,0.0,-50,15.3
J.Herter_T1,2026-02-28,11:23:20.803,39.85424,-83.65601,1084.5,39.85421,-83.65602,1099.2,3,0,0,94,0x01,32,9,14,5,-51,-60,12.21,-0.539,19.114,108.828,100%,3.900,4.073,813,298,0,299,0,,0.00000,0.00000,0.0,0,0.0,-50,15.2
J.Herter_T1,2026-02-28,11:23:21.793,39.85424,-83.65601,1084.5,39.85421,-83.65602,1099.0,3,0,0,112,0x01,32,9,14,5,-53,-57,12.16,-0.609,18.973,86.060,100%,3.900,4.074,814,299,0,300,0,,0.00000,0.00000,0.0,0,0.0,-50,15.2
J.Herter_T1,2026-02-28,11:23:22.783,39.85424,-83.65601,1084.5,39.85421,-83.65602,1098.9,3,0,0,-156,0x01,32,10,14,5,-51,-63,12.15,-0.666,18.865,108.248,100%,3.914,4.073,815,300,0,301,0,,0.00000,0.00000,0.0,0,0.0,-50,15.1
J.Herter_T1,2026-02-28,11:23:23.805,39.85424,-83.65601,1084.5,39.85421,-83.65602,1098.9,3,0,0,157,0x01,32,10,14,5,-52,-60,12.21,-0.626,18.885,96.993,100%,3.914,4.073,816,301,0,302,0,,0.00000,0.00000,0.0,0,0.0,-50,15.0
J.Herter_T1,2026-02-28,11:23:24.793,39.85424,-83.65601,1084.5,39.85421,-83.65602,1098.9,3,0,0,-113,0x01,32,8,16,4,-54,-62,12.19,-0.578,18.858,76.906,100%,3.917,4.073,817,302,0,303,0,,0.00000,0.00000,0.0,0,0.0,-50,15.0
J.Herter_T1,2026-02-28,11:23:25.783,39.85424,-83.65601,1084.5,39.85421,-83.65602,1098.9,3,0,0,28,0x01,32,7,15,6,-52,-60,12.21,-0.485,18.902,96.993,100%,3.917,4.073,818,303,0,304,0,,0.00000,0.00000,0.0,0,0.0,-50,14.9
J.Herter_T1,2026-02-28,11:23:26.803,39.85424,-83.65601,1084.5,39.85421,-83.65602,1099.0,3,0,0,-90,0x01,32,6,16,5,-55,-64,12.19,-0.375,18.941,68.542,100%,3.920,4.073,819,304,0,305,0,,0.00000,0.00000,0.0,0,0.0,-50,14.9
J.Herter_T1,2026-02-28,11:23:27.795,39.85424,-83.65601,1084.5,39.85421,-83.65602,1099.0,3,0,0,42,0x01,32,7,15,5,-52,-66,12.21,-0.314,18.975,96.993,100%,3.920,4.073,820,305,0,306,0,,0.00000,0.00000,0.0,0,0.0,-50,14.8
J.Herter_T1,2026-02-28,11:23:28.785,39.85424,-83.65601,1084.5,39.85421,-83.65602,1099.0,3,0,0,-129,0x01,32,7,15,5,-55,-59,12.23,-0.267,19.002,68.790,100%,3.921,4.073,821,306,0,307,0,,0.00000,0.00000,0.0,0,0.0,-50,14.8
J.Herter_T1,2026-02-28,11:23:29.803,39.85424,-83.65601,1084.5,39.85421,-83.65602,1099.0,3,0,0,-8,0x01,32,7,15,5,-55,-64,12.23,-0.273,18.974,68.790,100%,3.921,4.074,822,307,0,308,0,,0.00000,0.00000,0.0,0,0.0,-50,14.8
J.Herter_T1,2026-02-28,11:23:30.793,39.85424,-83.65601,1084.5,39.85421,-83.65602,1099.0,3,0,0,46,0x01,32,7,16,4,-51,-64,12.16,-0.204,18.960,108.343,100%,3.921,4.073,823,308,0,309,0,,0.00000,0.00000,0.0,0,0.0,-50,14.8
J.Herter_T1,2026-02-28,11:23:31.783,39.85424,-83.65601,1084.5,39.85421,-83.65602,1099.0,3,0,0,-27,0x01,32,7,16,4,-49,-60,12.17,-0.222,18.935,136.517,100%,3.922,4.074,824,309,0,310,0,,0.00000,0.00000,0.0,0,0.0,-50,14.7
J.Herter_T1,2026-02-28,11:23:32.804,39.85424,-83.65601,1084.5,39.85421,-83.65602,1099.0,3,0,0,-168,0x01,32,7,14,6,-52,-53,12.19,-0.177,18.969,96.819,100%,3.922,4.073,825,310,0,311,0,,0.00000,0.00000,0.0,0,0.0,-50,14.7
J.Herter_T1,2026-02-28,11:23:33.793,39.85424,-83.65601,1084.5,39.85421,-83.65602,1099.1,3,0,0,143,0x01,32,7,15,5,-49,-61,12.20,-0.106,19.021,136.883,100%,3.920,4.074,826,311,0,312,0,,0.00000,0.00000,0.0,0,0.0,-50,14.7
J.Herter_T1,2026-02-28,11:23:34.783,39.85424,-83.65601,1084.5,39.85421,-83.65602,1099.1,3,0,0,-72,0x01,32,7,14,6,-51,-60,12.22,-0.054,19.070,108.926,100%,3.920,4.073,827,312,0,313,0,,0.00000,0.00000,0.0,0,0.0,-50,14.7
J.Herter_T1,2026-02-28,11:23:35.804,39.85424,-83.65601,1084.5,39.85421,-83.65602,1099.1,3,0,0,139,0x01,32,7,14,6,-52,-57,12.21,-0.040,19.071,96.993,100%,3.915,4.074,828,313,0,314,0,,0.00000,0.00000,0.0,0,0.0,-50,14.7
J.Herter_T1,2026-02-28,11:23:36.796,39.85424,-83.65601,1084.5,39.85421,-83.65602,1099.1,3,0,0,136,0x01,32,7,14,6,-54,-61,12.23,-0.050,19.072,77.184,100%,3.915,4.073,829,314,0,315,0,,0.00000,0.00000,0.0,0,0.0,-50,14.7
J.Herter_T1,2026-02-28,11:23:37.783,39.85424,-83.65601,1084.5,39.85421,-83.65602,1099.1,3,0,0,98,0x01,32,7,14,6,-51,-62,12.23,-0.042,19.075,109.025,100%,3.917,4.074,830,315,0,316,0,,0.00000,0.00000,0.0,0,0.0,-50,14.7
J.Herter_T1,2026-02-28,11:23:38.803,39.85424,-83.65601,1084.5,39.85421,-83.65602,1099.1,3,0,0,71,0x01,32,7,14,6,-51,-60,12.23,-0.041,19.072,109.025,100%,3.917,4.073,831,316,0,317,0,,0.00000,0.00000,0.0,0,0.0,-50,14.7
J.Herter_T1,2026-02-28,11:23:39.795,39.85424,-83.65601,1084.5,39.85421,-83.65602,1099.1,3,0,0,60,0x01,32,7,15,5,-51,-60,12.21,-0.067,19.033,108.828,100%,3.917,4.073,832,317,0,318,0,,0.00000,0.00000,0.0,0,0.0,-50,14.7
J.Herter_T1,2026-02-28,11:23:40.786,39.85424,-83.65601,1084.5,39.85421,-83.65602,1099.1,3,0,0,-135,0x01,32,7,16,4,-51,-60,12.21,-0.054,19.038,108.828,100%,3.897,4.073,833,318,0,319,0,,0.00000,0.00000,0.0,0,0.0,-50,14.7
J.Herter_T1,2026-02-28,11:23:41.803,39.85424,-83.65601,1084.5,39.85421,-83.65602,1099.0,3,0,0,69,0x01,32,7,16,4,-51,-61,12.20,-0.087,18.998,108.730,100%,3.897,4.074,834,319,0,320,0,,0.00000,0.00000,0.0,0,0.0,-50,14.7
J.Herter_T1,2026-02-28,11:23:42.793,39.85424,-83.65601,1084.5,39.85421,-83.65602,1099.0,3,0,0,58,0x01,32,7,15,5,-54,-60,12.19,-0.102,18.971,76.906,100%,3.918,4.072,835,320,0,321,0,,0.00000,0.00000,0.0,0,0.0,-50,14.6
J.Herter_T1,2026-02-28,11:23:43.783,39.85424,-83.65601,1084.5,39.85421,-83.65602,1099.0,3,0,0,7,0x01,32,7,13,7,-52,-63,12.19,-0.098,18.966,96.819,100%,3.918,4.073,836,321,0,322,0,,0.00000,0.00000,0.0,0,0.0,-50,14.6
J.Herter_T1,2026-02-28,11:23:44.806,39.85424,-83.65601,1084.5,39.85421,-83.65602,1099.0,3,0,0,133,0x01,32,7,14,6,-55,-58,12.19,-0.088,18.966,68.542,100%,3.916,4.073,837,322,0,323,0,,0.00000,0.00000,0.0,0,0.0,-50,14.6
J.Herter_T1,2026-02-28,11:23:45.793,39.85424,-83.65601,1084.5,39.85421,-83.65602,1099.1,3,0,0,-85,0x01,32,7,14,6,-52,-63,12.20,-0.023,19.021,96.906,100%,3.916,4.074,838,323,0,324,0,,0.00000,0.00000,0.0,0,0.0,-50,14.6
J.Herter_T1,2026-02-28,11:23:46.784,39.85424,-83.65601,1084.5,39.85421,-83.65602,1099.2,3,0,0,-147,0x01,32,9,13,6,-52,-61,12.21,0.053,19.091,96.993,100%,3.915,4.073,839,324,0,325,0,,0.00000,0.00000,0.0,0,0.0,-50,14.6
J.Herter_T1,2026-02-28,11:23:47.803,39.85424,-83.65601,1084.5,39.85421,-83.65602,1099.2,3,0,0,-82,0x01,32,8,14,6,-53,-61,12.20,0.057,19.091,86.367,100%,3.915,4.074,840,325,0,326,0,,0.00000,0.00000,0.0,0,0.0,-50,14.6
J.Herter_T1,2026-02-28,11:23:48.796,39.85424,-83.65601,1084.5,39.85421,-83.65602,1099.2,3,0,0,-156,0x01,32,6,16,5,-51,-61,12.21,0.081,19.124,108.828,100%,3.915,4.073,841,326,0,327,0,,0.00000,0.00000,0.0,0,0.0,-50,14.6
J.Herter_T1,2026-02-28,11:23:49.784,39.85424,-83.65601,1084.5,39.85421,-83.65602,1099.2,3,0,0,-3,0x01,32,7,12,8,-52,-61,12.21,0.067,19.119,96.993,100%,3.915,4.073,842,327,0,328,0,,0.00000,0.00000,0.0,0,0.0,-50,14.6
J.Herter_T1,2026-02-28,11:23:50.803,39.85424,-83.65601,1084.5,39.85421,-83.65602,1099.4,3,0,0,-33,0x01,32,6,14,7,-54,-61,12.24,0.219,19.276,77.254,100%,3.915,4.073,843,328,0,329,0,,0.00000,0.00000,0.0,0,0.0,-50,14.7
J.Herter_T1,2026-02-28,11:23:51.794,39.85424,-83.65601,1084.5,39.85421,-83.65602,1099.3,3,0,0,133,0x01,32,7,14,6,-52,-62,12.21,0.138,19.205,96.993,100%,3.899,4.074,844,329,0,330,0,,0.00000,0.00000,0.0,0,0.0,-50,14.7
J.Herter_T1,2026-02-28,11:23:52.785,39.85424,-83.65601,1084.5,39.85421,-83.65602,1099.4,3,0,0,-159,0x01,32,7,13,7,-50,-61,12.21,0.219,19.286,122.107,100%,3.899,4.073,845,330,0,331,0,,0.00000,0.00000,0.0,0,0.0,-50,14.7
J.Herter_T1,2026-02-28,11:23:53.804,39.85424,-83.65601,1084.5,39.85421,-83.65602,1099.6,3,0,0,120,0x01,32,7,11,9,-52,-60,12.22,0.374,19.445,97.080,100%,3.914,4.073,846,331,0,332,0,,0.00000,0.00000,0.0,0,0.0,-50,14.8
J.Herter_T1,2026-02-28,11:23:54.794,39.85424,-83.65601,1084.5,39.85421,-83.65602,1099.8,3,0,0,115,0x01,32,6,14,7,-52,-60,12.23,0.473,19.570,97.168,100%,3.914,4.073,847,332,0,333,0,,0.00000,0.00000,0.0,0,0.0,-50,14.8
J.Herter_T1,2026-02-28,11:23:55.783,39.85424,-83.65601,1084.5,39.85421,-83.65602,1099.9,3,0,0,-69,0x01,32,7,13,8,-50,-57,12.24,0.520,19.659,122.439,100%,3.917,4.073,848,333,0,334,0,,0.00000,0.00000,0.0,0,0.0,-50,14.9
J.Herter_T1,2026-02-28,11:23:56.805,39.85424,-83.65601,1084.5,39.85421,-83.65603,1099.9,3,0,0,-108,0x01,32,6,14,7,-57,-60,12.29,0.551,19.759,54.893,100%,3.917,4.073,849,334,0,335,0,,0.00000,0.00000,0.0,0,0.0,-50,14.9
J.Herter_T1,2026-02-28,11:23:57.794,39.85424,-83.65601,1084.5,39.85421,-83.65603,1100.0,3,0,0,-55,0x01,32,10,12,6,-48,-64,12.54,0.587,19.995,157.865,100%,3.914,4.073,850,335,0,336,0,,0.00000,0.00000,0.0,0,0.0,-50,15.0
J.Herter_T1,2026-02-28,11:23:58.784,39.85424,-83.65601,1084.5,39.85421,-83.65603,1100.2,3,0,0,-83,0x01,32,7,15,4,-48,-54,12.99,0.670,20.403,163.557,100%,3.914,4.073,851,336,0,337,0,,0.00000,0.00000,0.0,0,0.0,-50,15.1
J.Herter_T1,2026-02-28,11:23:59.822,39.85424,-83.65601,1084.5,39.85421,-83.65603,1100.3,3,0,0,152,0x01,31,7,14,6,-49,-58,13.13,0.689,20.567,147.377,100%,3.914,4.073,852,337,0,338,0,,0.00000,0.00000,0.0,0,0.0,-50,15.1
J.Herter_T1,2026-02-28,11:24:00.794,39.85424,-83.65601,1084.5,39.85421,-83.65603,1100.4,3,0,0,-53,0x01,31,7,16,5,-49,-58,13.12,0.667,20.598,147.214,100%,3.898,4.073,853,338,0,339,0,,0.00000,0.00000,0.0,0,0.0,-50,15.2
J.Herter_T1,2026-02-28,11:24:01.785,39.85424,-83.65601,1084.5,39.85421,-83.65603,1100.4,3,0,0,-139,0x01,31,6,13,8,-48,-58,13.12,0.636,20.629,165.176,100%,3.898,4.073,854,339,0,340,0,,0.00000,0.00000,0.0,0,0.0,-50,15.3
J.Herter_T1,2026-02-28,11:24:02.805,39.85424,-83.65601,1084.5,39.85421,-83.65603,1100.4,3,0,0,-60,0x01,31,6,11,10,-49,-60,13.12,0.569,20.626,147.214,100%,3.917,4.071,855,340,0,341,0,,0.00000,0.00000,0.0,0,0.0,-50,15.3
J.Herter_T1,2026-02-28,11:24:04.784,39.85424,-83.65601,1084.5,39.85421,-83.65603,1100.5,3,0,0,-77,0x01,31,6,15,6,-49,-53,13.15,0.523,20.706,147.540,100%,3.920,4.073,857,342,0,343,0,,0.00000,0.00000,0.0,0,0.0,-50,15.5
J.Herter_T1,2026-02-28,11:24:05.804,39.85424,-83.65601,1084.5,39.85421,-83.65603,1100.5,3,0,0,177,0x01,31,7,14,5,-52,-59,13.13,0.515,20.734,104.335,100%,3.920,4.073,858,343,0,344,0,,0.00000,0.00000,0.0,0,0.0,-50,15.5
J.Herter_T1,2026-02-28,11:24:06.794,39.85424,-83.65601,1084.5,39.85421,-83.65603,1100.6,3,2,0,160,0x01,31,6,15,6,-52,-61,12.96,0.526,20.680,102.974,100%,3.915,4.072,859,344,0,345,0,,0.00000,0.00000,0.0,0,0.0,-50,15.6
J.Herter_T1,2026-02-28,11:24:07.785,39.85424,-83.65601,1084.5,39.85421,-83.65603,1100.5,3,0,0,-47,0x01,31,5,13,9,-57,-62,12.77,0.370,20.471,57.051,100%,3.915,4.073,860,345,0,346,0,,0.00000,0.00000,0.0,0,0.0,-50,15.6
J.Herter_T1,2026-02-28,11:24:08.804,39.85424,-83.65601,1084.5,39.85421,-83.65603,1100.4,3,0,0,-27,0x01,31,5,15,7,-55,-63,12.68,0.312,20.395,71.304,100%,3.917,4.072,861,346,0,347,0,,0.00000,0.00000,0.0,0,0.0,-50,15.7
J.Herter_T1,2026-02-28,11:24:09.794,39.85424,-83.65601,1084.5,39.85421,-83.65603,1100.5,3,0,0,107,0x01,31,6,13,8,-51,-64,12.67,0.322,20.423,112.893,100%,3.917,4.071,862,347,0,348,0,,0.00000,0.00000,0.0,0,0.0,-50,15.7
J.Herter_T1,2026-02-28,11:24:10.786,39.85424,-83.65601,1084.5,39.85421,-83.65603,1100.5,3,0,0,130,0x01,31,7,13,7,-55,-61,12.37,0.263,20.217,69.562,100%,3.917,4.073,863,348,0,349,0,,0.00000,0.00000,0.0,0,0.0,-50,15.7
J.Herter_T1,2026-02-28,11:24:11.806,39.85424,-83.65601,1084.5,39.85421,-83.65603,1100.6,3,0,0,76,0x01,31,6,14,7,-55,-64,12.64,0.343,20.477,71.086,100%,3.920,4.073,864,349,0,350,0,,0.00000,0.00000,0.0,0,0.0,-50,15.8
J.Herter_T1,2026-02-28,11:24:12.795,39.85424,-83.65601,1084.5,39.85421,-83.65603,1100.6,3,0,0,-78,0x01,31,4,15,7,-49,-66,12.49,0.312,20.386,140.142,100%,3.920,4.073,865,350,0,351,0,,0.00000,0.00000,0.0,0,0.0,-50,15.8
J.Herter_T1,2026-02-28,11:24:13.784,39.85424,-83.65601,1084.5,39.85421,-83.65603,1100.6,3,0,0,-161,0x01,31,7,13,7,-51,-60,12.55,0.290,20.432,111.871,100%,3.918,4.073,866,351,0,352,0,,0.00000,0.00000,0.0,0,0.0,-50,15.8
J.Herter_T1,2026-02-28,11:24:14.804,39.85424,-83.65601,1084.5,39.85421,-83.65603,1100.6,3,0,0,124,0x01,31,7,12,8,-47,-61,12.51,0.281,20.427,176.776,100%,3.918,4.073,867,352,0,353,0,,0.00000,0.00000,0.0,0,0.0,-50,15.9
J.Herter_T1,2026-02-28,11:24:15.796,39.85424,-83.65601,1084.5,39.85421,-83.65603,1100.7,3,0,0,-43,0x01,31,6,12,9,-51,-57,12.53,0.289,20.466,111.649,100%,3.915,4.073,868,353,0,354,0,,0.00000,0.00000,0.0,0,0.0,-50,15.9
J.Herter_T1,2026-02-28,11:24:16.784,39.85424,-83.65601,1084.5,39.85421,-83.65603,1100.7,3,0,0,-144,0x01,31,6,16,5,-50,-62,12.53,0.328,20.526,125.272,100%,3.915,4.072,869,354,0,355,0,,0.00000,0.00000,0.0,0,0.0,-50,15.9
J.Herter_T1,2026-02-28,11:24:17.804,39.85424,-83.65601,1084.5,39.85421,-83.65603,1100.7,3,0,0,-111,0x01,31,6,15,6,-49,-59,12.60,0.268,20.549,141.404,100%,3.915,4.073,870,355,0,356,0,,0.00000,0.00000,0.0,0,0.0,-50,16.0
J.Herter_T1,2026-02-28,11:24:18.794,39.85424,-83.65601,1084.5,39.85421,-83.65603,1100.8,3,0,0,-128,0x01,31,6,15,6,-49,-59,12.75,0.327,20.712,143.007,100%,3.915,4.073,871,356,0,357,0,,0.00000,0.00000,0.0,0,0.0,-50,16.0
J.Herter_T1,2026-02-28,11:24:19.786,39.85424,-83.65601,1084.5,39.85421,-83.65603,1100.9,3,0,0,-38,0x01,31,8,14,5,-49,-59,12.83,0.389,20.844,143.909,100%,3.915,4.073,872,357,0,358,0,,0.00000,0.00000,0.0,0,0.0,-50,16.0
J.Herter_T1,2026-02-28,11:24:20.804,39.85424,-83.65601,1084.5,39.85421,-83.65603,1101.0,3,0,0,119,0x01,31,7,13,7,-49,-60,12.83,0.418,20.903,143.909,100%,3.898,4.077,873,358,0,359,0,,0.00000,0.00000,0.0,0,0.0,-50,16.1
J.Herter_T1,2026-02-28,11:24:21.796,39.85424,-83.65601,1084.5,39.85421,-83.65603,1100.9,3,0,0,-91,0x01,31,6,14,7,-50,-59,12.77,0.335,20.834,127.721,100%,3.898,4.072,874,359,0,360,0,,0.00000,0.00000,0.0,0,0.0,-50,16.1
J.Herter_T1,2026-02-28,11:24:22.784,39.85424,-83.65601,1084.5,39.85421,-83.65603,1100.9,3,0,0,-92,0x01,31,5,15,7,-55,-60,12.79,0.245,20.793,71.898,100%,3.921,4.073,875,360,0,361,0,,0.00000,0.00000,0.0,0,0.0,-50,16.2
J.Herter_T1,2026-02-28,11:24:23.806,39.85424,-83.65601,1084.5,39.85421,-83.65603,1100.8,3,0,0,153,0x01,31,7,13,7,-49,-63,12.65,0.141,20.642,141.979,100%,3.921,4.073,876,361,0,362,0,,0.00000,0.00000,0.0,0,0.0,-50,16.2
J.Herter_T1,2026-02-28,11:24:24.794,39.85424,-83.65601,1084.5,39.85421,-83.65603,1100.7,3,0,0,-46,0x01,31,6,11,10,-49,-58,12.76,0.065,20.653,143.156,100%,3.918,4.072,877,362,0,363,0,,0.00000,0.00000,0.0,0,0.0,-50,16.2
J.Herter_T1,2026-02-28,11:24:25.784,39.85424,-83.65601,1084.5,39.85421,-83.65603,1100.8,3,0,0,36,0x01,31,6,10,11,-47,-59,12.75,0.091,20.673,180.035,100%,3.918,4.073,878,363,0,364,0,,0.00000,0.00000,0.0,0,0.0,-50,16.2
J.Herter_T1,2026-02-28,11:24:26.804,39.85424,-83.65601,1084.5,39.85421,-83.65603,1100.7,3,0,0,122,0x01,31,6,12,9,-48,-50,12.67,0.023,20.573,159.466,100%,3.915,4.073,879,364,0,365,0,,0.00000,0.00000,0.0,0,0.0,-50,16.2
J.Herter_T1,2026-02-28,11:24:27.796,39.85424,-83.65601,1084.5,39.85421,-83.65603,1100.9,3,0,0,-42,0x01,31,5,13,9,-46,-58,12.85,0.177,20.824,203.708,100%,3.915,4.078,880,365,0,366,0,,0.00000,0.00000,0.0,0,0.0,-50,16.2
J.Herter_T1,2026-02-28,11:24:29.774,39.85424,-83.65601,1084.5,39.85421,-83.65604,1101.0,3,0,0,-45,0x01,31,8,14,6,-55,-57,13.57,0.229,21.353,76.335,100%,3.917,4.073,882,367,0,368,0,,0.00000,0.00000,0.0,0,0.0,-50,16.3
J.Herter_T1,2026-02-28,11:24:30.794,39.85424,-83.65601,1084.5,39.85421,-83.65604,1101.0,3,0,0,106,0x01,31,7,12,8,-62,-65,13.56,0.224,21.358,34.058,100%,3.917,4.073,883,368,0,369,0,,0.00000,0.00000,0.0,0,0.0,-50,16.3
J.Herter_T1,2026-02-28,11:24:31.786,39.85424,-83.65601,1084.5,39.85421,-83.65604,1101.0,3,0,0,-59,0x01,31,8,13,7,-52,-68,13.42,0.193,21.262,106.590,100%,3.899,4.072,884,369,0,370,0,,0.00000,0.00000,0.0,0,0.0,-50,16.3
J.Herter_T1,2026-02-28,11:24:32.807,39.85424,-83.65601,1084.5,39.85421,-83.65604,1100.8,3,0,0,-6,0x01,31,7,15,4,-58,-62,13.40,0.058,21.153,53.361,100%,3.899,4.071,885,370,0,371,0,,0.00000,0.00000,0.0,0,0.0,-50,16.3
J.Herter_T1,2026-02-28,11:24:33.794,39.85424,-83.65601,1084.5,39.85421,-83.65604,1100.9,3,0,0,-86,0x01,31,7,14,5,-65,-67,13.40,0.073,21.171,23.835,100%,3.918,4.072,886,371,0,372,0,,0.00000,0.00000,0.0,0,0.0,-50,16.3
J.Herter_T1,2026-02-28,11:24:34.784,39.85424,-83.65601,1084.5,39.85421,-83.65604,1100.7,3,0,0,49,0x01,31,6,14,6,-66,-74,13.40,-0.052,21.070,21.243,100%,3.918,4.072,887,372,0,373,0,,0.00000,0.00000,0.0,0,0.0,-50,16.3
J.Herter_T1,2026-02-28,11:24:35.806,39.85424,-83.65601,1084.5,39.85421,-83.65603,1100.6,3,0,0,141,0x01,31,10,14,5,-70,-75,13.25,-0.130,20.903,13.253,100%,3.914,4.073,888,373,0,374,0,,0.00000,0.00000,0.0,0,0.0,-50,16.3
J.Herter_T1,2026-02-28,11:24:36.797,39.85424,-83.65601,1084.5,39.85421,-83.65603,1100.5,3,0,0,-65,0x01,31,8,14,6,-58,-75,13.22,-0.205,20.808,52.642,100%,3.914,4.071,889,374,0,375,0,,0.00000,0.00000,0.0,0,0.0,-50,16.3
J.Herter_T1,2026-02-28,11:24:37.784,39.85424,-83.65601,1084.5,39.85421,-83.65604,1100.4,3,0,0,91,0x01,31,8,15,5,-60,-60,13.31,-0.297,20.769,42.098,100%,3.914,4.072,890,375,0,376,0,,0.00000,0.00000,0.0,0,0.0,-50,16.2
J.Herter_T1,2026-02-28,11:24:38.804,39.85424,-83.65601,1084.5,39.85421,-83.65603,1100.3,3,0,0,95,0x01,31,9,14,6,-49,-68,13.24,-0.368,20.636,148.531,100%,3.914,4.071,891,376,0,377,0,,0.00000,0.00000,0.0,0,0.0,-50,16.2
J.Herter_T1,2026-02-28,11:24:39.796,39.85424,-83.65601,1084.5,39.85421,-83.65603,1100.2,3,0,0,41,0x01,31,6,15,6,-52,-62,13.21,-0.434,20.529,104.916,100%,3.914,4.073,892,377,0,378,0,,0.00000,0.00000,0.0,0,0.0,-50,16.1
J.Herter_T1,2026-02-28,11:24:40.785,39.85424,-83.65601,1084.5,39.85421,-83.65603,1100.0,3,0,0,-173,0x01,31,5,16,6,-49,-60,13.21,-0.565,20.381,148.198,100%,3.894,4.073,893,378,0,379,0,,0.00000,0.00000,0.0,0,0.0,-50,16.1
J.Herter_T1,2026-02-28,11:24:41.804,39.85424,-83.65601,1084.5,39.85421,-83.65603,1099.9,3,0,0,38,0x01,31,6,15,6,-55,-61,13.18,-0.638,20.252,74.110,100%,3.894,4.073,894,379,0,380,0,,0.00000,0.00000,0.0,0,0.0,-50,16.0
J.Herter_T1,2026-02-28,11:24:42.795,39.85424,-83.65601,1084.5,39.85421,-83.65603,1099.7,3,0,0,127,0x01,31,6,16,5,-66,-65,13.18,-0.755,20.100,20.887,100%,3.915,4.071,895,380,0,381,0,,0.00000,0.00000,0.0,0,0.0,-50,15.9
J.Herter_T1,2026-02-28,11:24:43.784,39.85424,-83.65601,1084.5,39.85421,-83.65603,1099.5,3,0,0,-45,0x01,31,6,16,5,-55,-66,13.16,-0.809,19.982,74.027,100%,3.915,4.073,896,381,0,382,0,,0.00000,0.00000,0.0,0,0.0,-50,15.8
J.Herter_T1,2026-02-28,11:24:44.807,39.85424,-83.65601,1084.5,39.85421,-83.65604,1099.4,3,0,0,-62,0x01,31,6,14,7,-46,-62,13.45,-0.808,20.105,213.164,100%,3.912,4.071,897,382,0,383,0,,0.00000,0.00000,0.0,0,0.0,-50,15.8
J.Herter_T1,2026-02-28,11:24:45.795,39.85424,-83.65601,1084.5,39.85421,-83.65604,1099.3,3,0,0,-27,0x01,31,4,15,7,-54,-60,13.59,-0.828,20.117,85.748,100%,3.912,4.070,898,383,0,384,0,,0.00000,0.00000,0.0,0,0.0,-50,15.7
J.Herter_T1,2026-02-28,11:24:46.785,39.85424,-83.65601,1084.5,39.85421,-83.65604,1099.1,3,0,0,102,0x01,31,4,18,5,-49,-65,13.64,-0.904,20.019,153.018,100%,3.915,4.071,899,384,0,385,0,,0.00000,0.00000,0.0,0,0.0,-50,15.6
J.Herter_T1,2026-02-28,11:24:47.805,39.85424,-83.65601,1084.5,39.85421,-83.65604,1099.1,3,2,0,108,0x01,31,5,17,5,-61,-58,13.33,-0.840,19.787,37.562,100%,3.915,4.073,900,385,0,386,0,,0.00000,0.00000,0.0,0,0.0,-50,15.5
J.Herter_T1,2026-02-28,11:24:48.797,39.85424,-83.65601,1084.5,39.85421,-83.65603,1099.0,3,0,0,43,0x01,31,5,15,7,-58,-63,12.68,-0.810,19.312,50.479,100%,3.915,4.072,901,386,0,387,0,,0.00000,0.00000,0.0,0,0.0,-50,15.4
J.Herter_T1,2026-02-28,11:24:49.785,39.85424,-83.65601,1084.5,39.85421,-83.65603,1099.0,3,0,0,-43,0x01,31,6,13,8,-52,-59,12.71,-0.749,19.312,100.927,100%,3.915,4.073,902,387,0,388,0,,0.00000,0.00000,0.0,0,0.0,-50,15.3
J.Herter_T1,2026-02-28,11:24:50.774,39.85424,-83.65601,1084.5,39.85421,-83.65603,1098.9,3,0,0,-75,0x01,31,6,13,8,-54,-66,12.77,-0.775,19.272,80.587,100%,3.915,4.073,903,388,0,389,0,,0.00000,0.00000,0.0,0,0.0,-50,15.2
J.Herter_T1,2026-02-28,11:24:51.794,39.85424,-83.65601,1084.5,39.85421,-83.65603,1098.7,3,0,0,179,0x01,31,6,13,8,-55,-62,12.71,-0.845,19.106,71.451,100%,3.919,4.073,904,389,0,390,0,,0.00000,0.00000,0.0,0,0.0,-50,15.1
J.Herter_T1,2026-02-28,11:24:52.786,39.85424,-83.65601,1084.5,39.85421,-83.65603,1098.6,3,0,0,123,0x01,31,6,12,9,-62,-60,12.58,-0.849,18.947,31.593,100%,3.919,4.075,905,390,0,391,0,,0.00000,0.00000,0.0,0,0.0,-50,15.0
J.Herter_T1,2026-02-28,11:24:53.804,39.85424,-83.65601,1084.5,39.85421,-83.65603,1098.6,3,0,0,6,0x01,31,6,12,9,-58,-67,12.58,-0.832,18.890,50.071,100%,3.917,4.073,906,391,0,392,0,,0.00000,0.00000,0.0,0,0.0,-50,14.9
J.Herter_T1,2026-02-28,11:24:54.795,39.85424,-83.65601,1084.5,39.85421,-83.65603,1098.5,3,0,0,-130,0x01,31,7,12,8,-58,-66,12.67,-0.805,18.904,50.428,100%,3.917,4.072,907,392,0,393,0,,0.00000,0.00000,0.0,0,0.0,-50,14.8
J.Herter_T1,2026-02-28,11:24:55.785,39.85424,-83.65601,1084.5,39.85421,-83.65603,1098.4,3,0,0,97,0x01,31,6,14,7,-59,-65,12.65,-0.828,18.810,44.898,100%,3.917,4.073,908,393,0,394,0,,0.00000,0.00000,0.0,0,0.0,-50,14.7
J.Herter_T1,2026-02-28,11:24:56.807,39.85424,-83.65601,1084.5,39.85421,-83.65603,1098.3,3,0,0,-141,0x01,31,5,15,7,-53,-66,12.75,-0.831,18.802,90.231,100%,3.917,4.071,909,394,0,395,0,,0.00000,0.00000,0.0,0,0.0,-50,14.7
J.Herter_T1,2026-02-28,11:24:57.795,39.85424,-83.65601,1084.5,39.85421,-83.65603,1098.3,3,0,0,47,0x01,31,5,14,8,-50,-64,12.67,-0.783,18.719,126.668,100%,3.914,4.073,910,395,0,396,0,,0.00000,0.00000,0.0,0,0.0,-50,14.6
J.Herter_T1,2026-02-28,11:24:59.805,39.85424,-83.65601,1084.5,39.85421,-83.65603,1098.2,3,0,0,-116,0x01,31,5,15,7,-60,-66,12.62,-0.716,18.614,39.893,100%,3.914,4.073,912,397,0,398,0,,0.00000,0.00000,0.0,0,0.0,-50,14.4
J.Herter_T1,2026-02-28,11:25:00.797,39.85424,-83.65601,1084.5,39.85421,-83.65603,1098.1,3,0,0,-9,0x01,31,4,15,8,-52,-64,12.55,-0.656,18.562,99.705,100%,3.893,4.073,913,398,0,399,0,,0.00000,0.00000,0.0,0,0.0,-50,14.3
J.Herter_T1,2026-02-28,11:25:02.805,39.85424,-83.65601,1084.5,39.85421,-83.65603,1098.1,3,0,0,129,0x01,31,5,14,8,-55,-70,12.37,-0.532,18.437,69.562,100%,3.917,4.071,915,400,0,401,0,,0.00000,0.00000,0.0,0,0.0,-50,14.2
J.Herter_T1,2026-02-28,11:25:03.795,39.85424,-83.65601,1084.5,39.85421,-83.65603,1098.1,3,0,0,94,0x01,31,6,14,7,-58,-63,12.29,-0.512,18.356,48.924,100%,3.917,4.073,916,401,0,402,0,,0.00000,0.00000,0.0,0,0.0,-50,14.1
J.Herter_T1,2026-02-28,11:25:04.787,39.85424,-83.65601,1084.5,39.85421,-83.65603,1098.1,3,0,0,-72,0x01,31,4,14,8,-55,-66,12.29,-0.511,18.314,69.106,100%,3.915,4.071,917,402,0,403,0,,0.00000,0.00000,0.0,0,0.0,-50,14.1
J.Herter_T1,2026-02-28,11:25:05.807,39.85424,-83.65601,1084.5,39.85421,-83.65603,1098.0,3,0,0,-74,0x01,31,6,13,7,-53,-63,12.35,-0.510,18.312,87.407,100%,3.915,4.073,918,403,0,404,0,,0.00000,0.00000,0.0,0,0.0,-50,14.0
J.Herter_T1,2026-02-28,11:25:06.795,39.85424,-83.65601,1084.5,39.85421,-83.65603,1098.0,3,0,0,-174,0x01,31,9,10,8,-54,-63,12.41,-0.429,18.376,78.273,100%,3.915,4.071,919,404,0,405,0,,0.00000,0.00000,0.0,0,0.0,-50,14.0
J.Herter_T1,2026-02-28,11:25:07.785,39.85424,-83.65601,1084.5,39.85421,-83.65603,1098.1,3,0,0,30,0x01,31,8,11,7,-54,-63,12.42,-0.366,18.401,78.349,100%,3.915,4.072,920,405,0,406,0,,0.00000,0.00000,0.0,0,0.0,-50,13.9
J.Herter_T1,2026-02-28,11:25:08.807,39.85424,-83.65601,1084.5,39.85421,-83.65603,1098.1,3,0,0,22,0x01,31,6,11,9,-55,-58,12.42,-0.297,18.428,69.828,100%,3.912,4.071,921,406,0,407,0,,0.00000,0.00000,0.0,0,0.0,-50,13.9
J.Herter_T1,2026-02-28,11:25:09.797,39.85424,-83.65601,1084.5,39.85421,-83.65603,1098.1,3,0,0,85,0x01,31,6,12,8,-54,-64,12.35,-0.249,18.394,77.902,100%,3.912,4.072,922,407,0,408,0,,0.00000,0.00000,0.0,0,0.0,-50,13.9
J.Herter_T1,2026-02-28,11:25:10.815,39.85424,-83.65601,1084.5,39.85421,-83.65602,1098.0,3,0,0,29,0x01,31,4,15,6,-61,-64,12.19,-0.289,18.235,34.353,100%,3.912,4.072,923,408,0,409,0,,0.00000,0.00000,0.0,0,0.0,-50,13.9
J.Herter_T1,2026-02-28,11:25:12.795,39.85424,-83.65601,1084.5,39.85421,-83.65603,1098.2,3,0,0,-46,0x01,31,7,13,6,-52,-62,12.83,-0.093,18.796,101.880,100%,3.896,4.071,925,410,0,411,0,,0.00000,0.00000,0.0,0,0.0,-50,13.8
J.Herter_T1,2026-02-28,11:25:13.787,39.85424,-83.65601,1084.5,39.85421,-83.65603,1098.1,3,1,0,99,0x01,31,9,10,8,-53,-62,12.88,-0.154,18.776,91.187,100%,3.911,4.073,926,411,0,412,0,,0.00000,0.00000,0.0,0,0.0,-50,13.8
J.Herter_T1,2026-02-28,11:25:14.775,39.85424,-83.65601,1084.5,39.85421,-83.65603,1098.2,3,0,0,-96,0x01,31,6,12,8,-59,-61,12.88,-0.112,18.798,45.702,100%,3.911,4.070,927,412,0,413,0,,0.00000,0.00000,0.0,0,0.0,-50,13.8
J.Herter_T1,2026-02-28,11:25:15.796,39.85424,-83.65601,1084.5,39.85421,-83.65603,1098.1,3,0,0,41,0x01,31,6,12,8,-58,-69,12.88,-0.172,18.740,51.278,100%,3.915,4.073,928,413,0,414,0,,0.00000,0.00000,0.0,0,0.0,-50,13.8
J.Herter_T1,2026-02-28,11:25:16.786,39.85424,-83.65601,1084.5,39.85421,-83.65603,1098.2,3,0,0,-156,0x01,31,6,11,9,-51,-58,12.87,-0.045,18.819,114.675,100%,3.915,4.071,929,414,0,415,0,,0.00000,0.00000,0.0,0,0.0,-50,13.8
J.Herter_T1,2026-02-28,11:25:17.776,39.85424,-83.65601,1084.5,39.85421,-83.65603,1098.1,3,0,0,-104,0x01,31,9,8,9,-53,-61,12.99,-0.129,18.834,91.975,100%,3.913,4.071,930,415,0,416,0,,0.00000,0.00000,0.0,0,0.0,-50,13.8
J.Herter_T1,2026-02-28,11:25:18.796,39.85424,-83.65601,1084.5,39.85421,-83.65603,1098.1,3,0,0,156,0x01,31,6,11,8,-53,-61,12.98,-0.155,18.793,91.875,100%,3.913,4.071,931,416,0,417,0,,0.00000,0.00000,0.0,0,0.0,-50,13.7
J.Herter_T1,2026-02-28,11:25:19.786,39.85424,-83.65601,1084.5,39.85421,-83.65603,1097.9,3,0,0,-174,0x01,31,6,12,8,-66,-62,12.95,-0.296,18.648,20.524,100%,3.913,4.071,932,417,0,418,0,,0.00000,0.00000,0.0,0,0.0,-50,13.7
J.Herter_T1,2026-02-28,11:25:20.776,39.85424,-83.65601,1084.5,39.85421,-83.65603,1097.7,3,0,0,70,0x01,31,6,13,7,-43,-62,12.96,-0.414,18.540,290.220,100%,3.894,4.070,933,418,0,419,0,,0.00000,0.00000,0.0,0,0.0,-50,13.7
J.Herter_T1,2026-02-28,11:25:21.796,39.85424,-83.65601,1084.5,39.85421,-83.65603,1097.6,3,0,0,45,0x01,31,6,13,7,-70,-51,12.98,-0.511,18.440,12.978,100%,3.894,4.072,934,419,0,420,0,,0.00000,0.00000,0.0,0,0.0,-50,13.6
J.Herter_T1,2026-02-28,11:25:22.786,39.85424,-83.65601,1084.5,39.85421,-83.65603,1097.4,3,0,0,78,0x01,31,6,12,8,-51,-62,12.67,-0.578,18.129,112.893,100%,3.916,4.070,935,420,0,421,0,,0.00000,0.00000,0.0,0,0.0,-50,13.5
J.Herter_T1,2026-02-28,11:25:23.806,39.85424,-83.65601,1084.5,39.85421,-83.65603,1097.4,3,0,0,125,0x01,31,5,13,8,-49,-60,12.59,-0.577,18.030,141.261,100%,3.916,4.071,936,421,0,422,0,,0.00000,0.00000,0.0,0,0.0,-50,13.5
J.Herter_T1,2026-02-28,11:25:24.796,39.85424,-83.65601,1084.5,39.85421,-83.65603,1097.3,3,0,0,176,0x01,31,5,12,9,-55,-59,12.62,-0.554,18.020,70.941,100%,3.914,4.070,937,422,0,423,0,,0.00000,0.00000,0.0,0,0.0,-50,13.4
J.Herter_T1,2026-02-28,11:25:25.786,39.85424,-83.65601,1084.5,39.85421,-83.65603,1097.3,3,0,0,-28,0x01,31,6,11,9,-57,-63,12.67,-0.537,18.026,56.581,100%,3.914,4.072,938,423,0,424,0,,0.00000,0.00000,0.0,0,0.0,-50,13.4
J.Herter_T1,2026-02-28,11:25:26.806,39.85424,-83.65601,1084.5,39.85421,-83.65603,1097.2,3,0,0,155,0x01,31,5,12,9,-49,-64,12.84,-0.572,18.078,144.061,100%,3.914,4.070,939,424,0,425,0,,0.00000,0.00000,0.0,0,0.0,-50,13.3
J.Herter_T1,2026-02-28,11:25:27.796,39.85424,-83.65601,1084.5,39.85421,-83.65603,1097.1,3,0,0,-2,0x01,31,4,14,8,-52,-59,12.94,-0.612,18.071,102.752,100%,3.914,4.071,940,425,0,426,0,,0.00000,0.00000,0.0,0,0.0,-50,13.2
J.Herter_T1,2026-02-28,11:25:28.785,39.85424,-83.65601,1084.5,39.85421,-83.65603,1097.1,3,0,0,70,0x01,31,5,17,4,-63,-59,13.02,-0.578,18.111,29.148,100%,3.914,4.070,941,426,0,427,0,,0.00000,0.00000,0.0,0,0.0,-50,13.2
J.Herter_T1,2026-02-28,11:25:29.777,39.85424,-83.65601,1084.5,39.85421,-83.65603,1097.0,3,0,0,153,0x01,31,6,15,5,-65,-68,13.02,-0.614,18.038,23.153,100%,3.914,4.071,942,427,0,428,0,,0.00000,0.00000,0.0,0,0.0,-50,13.1
J.Herter_T1,2026-02-28,11:25:30.795,39.85424,-83.65601,1084.5,39.85421,-83.65603,1096.9,3,0,0,-73,0x01,31,6,15,5,-58,-71,12.98,-0.603,17.969,51.665,100%,3.914,4.070,943,428,0,429,0,,0.00000,0.00000,0.0,0,0.0,-50,13.0
J.Herter_T1,2026-02-28,11:25:31.785,39.85424,-83.65601,1084.5,39.85421,-83.65603,1096.8,3,0,0,41,0x01,31,7,13,6,-62,-60,13.03,-0.623,17.948,32.741,100%,3.911,4.071,944,429,0,430,0,,0.00000,0.00000,0.0,0,0.0,-50,13.0
J.Herter_T1,2026-02-28,11:25:32.775,39.85424,-83.65601,1084.5,39.85421,-83.65603,1096.9,3,0,0,-139,0x01,31,6,14,6,-62,-71,13.02,-0.513,17.974,32.705,100%,3.911,4.070,945,430,0,431,0,,0.00000,0.00000,0.0,0,0.0,-50,12.9
J.Herter_T1,2026-02-28,11:25:33.797,39.85424,-83.65601,1084.5,39.85421,-83.65603,1096.8,3,0,0,161,0x01,31,9,12,6,-58,-68,13.01,-0.524,17.917,51.777,100%,3.914,4.071,946,431,0,432,0,,0.00000,0.00000,0.0,0,0.0,-50,12.8
J.Herter_T1,2026-02-28,11:25:34.788,39.85424,-83.65601,1084.5,39.85421,-83.65603,1096.7,3,0,0,106,0x01,31,5,16,5,-57,-64,12.99,-0.545,17.850,58.032,100%,3.914,4.072,947,432,0,433,0,,0.00000,0.00000,0.0,0,0.0,-50,12.8
J.Herter_T1,2026-02-28,11:25:35.775,39.85424,-83.65601,1084.5,39.85421,-83.65603,1096.6,3,0,0,120,0x01,31,5,14,7,-59,-66,12.98,-0.585,17.768,46.047,100%,3.912,4.073,948,433,0,434,0,,0.00000,0.00000,0.0,0,0.0,-50,12.7
J.Herter_T1,2026-02-28,11:25:36.795,39.85424,-83.65601,1084.5,39.85421,-83.65603,1096.6,3,0,0,135,0x01,31,5,14,7,-55,-66,12.99,-0.524,17.780,73.058,100%,3.912,4.071,949,434,0,435,0,,0.00000,0.00000,0.0,0,0.0,-50,12.7
J.Herter_T1,2026-02-28,11:25:37.786,39.85424,-83.65601,1084.5,39.85421,-83.65603,1096.6,3,0,0,98,0x01,31,4,13,9,-55,-63,12.83,-0.483,17.651,72.125,100%,3.912,4.071,950,435,0,436,0,,0.00000,0.00000,0.0,0,0.0,-50,12.6
J.Herter_T1,2026-02-28,11:25:38.778,39.85424,-83.65601,1084.5,39.85421,-83.65603,1096.7,3,0,0,126,0x01,31,6,14,6,-55,-60,12.75,-0.370,17.642,71.673,100%,3.912,4.070,951,436,0,437,0,,0.00000,0.00000,0.0,0,0.0,-50,12.6
J.Herter_T1,2026-02-28,11:25:39.795,39.85424,-83.65601,1084.5,39.85421,-83.65603,1096.7,3,0,0,153,0x01,31,5,14,7,-55,-60,12.76,-0.294,17.681,71.748,100%,3.912,4.071,952,437,0,438,0,,0.00000,0.00000,0.0,0,0.0,-50,12.5
J.Herter_T1,2026-02-28,11:25:40.785,39.85424,-83.65601,1084.5,39.85421,-83.65603,1096.7,3,0,0,64,0x01,31,4,16,6,-58,-65,12.76,-0.309,17.647,50.794,100%,3.895,4.071,953,438,0,439,0,,0.00000,0.00000,0.0,0,0.0,-50,12.5
J.Herter_T1,2026-02-28,11:25:41.776,39.85424,-83.65601,1084.5,39.85421,-83.65603,1096.6,3,0,0,171,0x01,31,5,15,6,-59,-72,12.83,-0.323,17.662,45.508,100%,3.895,4.071,954,439,0,440,0,,0.00000,0.00000,0.0,0,0.0,-50,12.5
J.Herter_T1,2026-02-28,11:25:42.798,39.85424,-83.65601,1084.5,39.85421,-83.65603,1096.6,3,0,0,129,0x01,31,6,12,8,-60,-68,12.76,-0.317,17.593,40.347,100%,3.911,4.070,955,440,0,441,0,,0.00000,0.00000,0.0,0,0.0,-50,12.4
J.Herter_T1,2026-02-28,11:25:43.785,39.85424,-83.65601,1084.5,39.85421,-83.65603,1096.6,3,0,0,40,0x01,31,5,12,9,-59,-67,12.89,-0.273,17.700,45.750,100%,3.911,4.071,956,441,0,442,0,,0.00000,0.00000,0.0,0,0.0,-50,12.4
J.Herter_T1,2026-02-28,11:25:44.776,39.85424,-83.65601,1084.5,39.85421,-83.65603,1096.6,3,0,0,-132,0x01,31,6,13,7,-53,-65,12.99,-0.231,17.783,91.975,100%,3.914,4.071,957,442,0,443,0,,0.00000,0.00000,0.0,0,0.0,-50,12.4
J.Herter_T1,2026-02-28,11:25:45.796,39.85424,-83.65601,1084.5,39.85421,-83.65603,1096.5,3,0,0,-30,0x01,31,5,14,7,-53,-64,13.05,-0.279,17.771,92.376,100%,3.914,4.072,958,443,0,444,0,,0.00000,0.00000,0.0,0,0.0,-50,12.3
J.Herter_T1,2026-02-28,11:25:46.788,39.85424,-83.65601,1084.5,39.85421,-83.65603,1096.6,3,0,0,-135,0x01,31,5,13,8,-53,-58,13.12,-0.225,17.843,92.886,100%,3.912,4.072,959,444,0,445,0,,0.00000,0.00000,0.0,0,0.0,-50,12.3
J.Herter_T1,2026-02-28,11:25:47.776,39.85424,-83.65601,1084.5,39.85421,-83.65603,1096.6,3,0,0,-120,0x01,31,5,13,8,-62,-63,13.11,-0.155,17.868,32.921,100%,3.912,4.073,960,445,0,446,0,,0.00000,0.00000,0.0,0,0.0,-50,12.3
J.Herter_T1,2026-02-28,11:25:48.795,39.85424,-83.65601,1084.5,39.85421,-83.65603,1096.5,3,0,0,96,0x01,31,4,14,8,-60,-71,13.13,-0.228,17.823,41.536,100%,3.912,4.070,961,446,0,447,0,,0.00000,0.00000,0.0,0,0.0,-50,12.3
J.Herter_T1,2026-02-28,11:25:49.786,39.85424,-83.65601,1084.5,39.85421,-83.65603,1096.4,3,0,0,-9,0x01,31,6,12,8,-53,-67,13.21,-0.303,17.804,93.507,100%,3.912,4.071,962,447,0,448,0,,0.00000,0.00000,0.0,0,0.0,-50,12.2
J.Herter_T1,2026-02-28,11:25:50.778,39.85424,-83.65601,1084.5,39.85421,-83.65603,1096.4,3,0,0,141,0x01,31,5,15,5,-62,-59,13.22,-0.272,17.815,33.215,100%,3.912,4.070,963,448,0,449,0,,0.00000,0.00000,0.0,0,0.0,-50,12.2
J.Herter_T1,2026-02-28,11:25:51.796,39.85424,-83.65601,1084.5,39.85421,-83.65603,1096.3,3,0,0,56,0x01,31,4,16,5,-74,-69,12.99,-0.319,17.589,8.197,100%,3.894,4.071,964,449,0,450,0,,0.00000,0.00000,0.0,0,0.0,-50,12.2
J.Herter_T1,2026-02-28,11:25:53.776,39.85424,-83.65601,1084.5,39.85421,-83.65603,1096.2,3,0,0,129,0x01,31,5,16,5,-50,-63,12.89,-0.412,17.402,128.942,100%,3.911,4.072,966,451,0,452,0,,0.00000,0.00000,0.0,0,0.0,-50,12.1
J.Herter_T1,2026-02-28,11:25:54.797,39.85424,-83.65601,1084.5,39.85421,-83.65603,1096.1,3,0,0,-72,0x01,31,6,15,5,-79,-60,13.01,-0.403,17.461,4.615,100%,3.911,4.070,967,452,0,453,0,,0.00000,0.00000,0.0,0,0.0,-50,12.1
J.Herter_T1,2026-02-28,11:25:55.786,39.85424,-83.65601,1084.5,39.85421,-83.65603,1096.2,3,0,0,-50,0x01,31,6,14,6,-69,-67,13.16,-0.292,17.631,14.770,100%,3.909,4.071,968,453,0,454,0,,0.00000,0.00000,0.0,0,0.0,-50,12.0
J.Herter_T1,2026-02-28,11:25:56.776,39.85424,-83.65601,1084.5,39.85421,-83.65603,1096.2,3,0,0,-141,0x01,31,3,18,4,-61,-67,13.24,-0.271,17.680,37.309,100%,3.909,4.070,969,454,0,455,0,,0.00000,0.00000,0.0,0,0.0,-50,12.0
J.Herter_T1,2026-02-28,11:25:57.796,39.85424,-83.65601,1084.5,39.85421,-83.65604,1096.1,3,0,0,-149,0x01,31,4,16,5,-64,-66,13.30,-0.289,17.692,26.532,100%,3.914,4.072,970,455,0,456,0,,0.00000,0.00000,0.0,0,0.0,-50,12.0
J.Herter_T1,2026-02-28,11:25:58.787,39.85424,-83.65601,1084.5,39.85421,-83.65604,1096.2,3,0,0,-163,0x01,31,5,14,6,-61,-71,13.33,-0.195,17.762,37.562,100%,3.914,4.071,971,456,0,457,0,,0.00000,0.00000,0.0,0,0.0,-50,11.9
J.Herter_T1,2026-02-28,11:25:59.776,39.85424,-83.65601,1084.5,39.85421,-83.65603,1096.2,3,0,0,110,0x01,31,5,13,7,-61,-71,13.11,-0.234,17.553,36.938,100%,3.914,4.073,972,457,0,458,0,,0.00000,0.00000,0.0,0,0.0,-50,11.9
J.Herter_T1,2026-02-28,11:26:01.788,39.85424,-83.65601,1084.5,39.85421,-83.65603,1096.2,3,0,0,1,0x01,31,6,13,6,-54,-72,12.95,-0.166,17.454,81.707,100%,3.890,4.073,974,459,0,460,0,,0.00000,0.00000,0.0,0,0.0,-50,11.9
J.Herter_T1,2026-02-28,11:26:02.776,39.85424,-83.65601,1084.5,39.85421,-83.65603,1096.1,3,0,0,-97,0x01,31,5,13,7,-54,-62,12.91,-0.187,17.395,81.444,100%,3.913,4.071,975,460,0,461,0,,0.00000,0.00000,0.0,0,0.0,-50,11.8
J.Herter_T1,2026-02-28,11:26:03.796,39.85424,-83.65601,1084.5,39.85421,-83.65603,1096.1,3,0,0,-120,0x01,31,5,12,8,-52,-63,12.99,-0.166,17.459,103.197,100%,3.913,4.072,976,461,0,462,0,,0.00000,0.00000,0.0,0,0.0,-50,11.8
J.Herter_T1,2026-02-28,11:26:04.788,39.85424,-83.65601,1084.5,39.85421,-83.65603,1096.1,3,0,0,80,0x01,30,7,11,7,-51,-61,12.98,-0.185,17.422,115.664,100%,3.906,4.071,977,462,0,463,0,,0.00000,0.00000,0.0,0,0.0,-50,11.8
J.Herter_T1,2026-02-28,11:26:05.778,39.85424,-83.65601,1084.5,39.85421,-83.65603,1096.0,3,0,0,99,0x01,31,6,12,7,-51,-60,12.92,-0.219,17.341,115.166,100%,3.906,4.071,978,463,0,464,0,,0.00000,0.00000,0.0,0,0.0,-50,11.8
J.Herter_T1,2026-02-28,11:26:06.796,39.85424,-83.65601,1084.5,39.85421,-83.65603,1096.1,3,0,0,132,0x01,31,5,13,7,-51,-60,12.89,-0.162,17.347,114.920,100%,3.909,4.071,979,464,0,465,0,,0.00000,0.00000,0.0,0,0.0,-50,11.8
J.Herter_T1,2026-02-28,11:26:07.785,39.85424,-83.65601,1084.5,39.85421,-83.65603,1096.2,3,0,0,157,0x01,30,6,12,7,-50,-61,12.88,-0.045,17.412,128.805,100%,3.909,4.071,980,465,0,466,0,,0.00000,0.00000,0.0,0,0.0,-50,11.8
J.Herter_T1,2026-02-28,11:26:08.778,39.85424,-83.65601,1084.5,39.85421,-83.65603,1096.2,3,0,0,10,0x01,30,6,12,7,-43,-58,12.85,-0.050,17.385,287.745,100%,3.910,4.069,981,466,0,467,0,,0.00000,0.00000,0.0,0,0.0,-50,11.8
J.Herter_T1,2026-02-28,11:26:09.798,39.85424,-83.65601,1084.5,39.85421,-83.65603,1096.2,3,0,0,141,0x01,30,5,14,6,-51,-58,12.84,-0.033,17.384,114.432,100%,3.910,4.072,982,467,0,468,0,,0.00000,0.00000,0.0,0,0.0,-50,11.8
J.Herter_T1,2026-02-28,11:26:10.786,39.85424,-83.65601,1084.5,39.85421,-83.65603,1096.2,3,0,0,-22,0x01,30,5,14,6,-53,-60,12.87,-0.018,17.413,91.090,100%,3.910,4.071,983,468,0,469,0,,0.00000,0.00000,0.0,0,0.0,-50,11.8
J.Herter_T1,2026-02-28,11:26:11.776,39.85424,-83.65601,1084.5,39.85421,-83.65603,1096.2,3,0,0,155,0x01,30,6,14,5,-63,-61,12.92,-0.010,17.458,28.928,100%,3.915,4.071,984,469,0,470,0,,0.00000,0.00000,0.0,0,0.0,-50,11.7
J.Herter_T1,2026-02-28,11:26:12.796,39.85424,-83.65601,1084.5,39.85421,-83.65603,1096.2,3,0,0,55,0x01,30,6,13,6,-60,-70,12.88,-0.003,17.432,40.732,100%,3.915,4.072,985,470,0,471,0,,0.00000,0.00000,0.0,0,0.0,-50,11.7
J.Herter_T1,2026-02-28,11:26:13.788,39.85424,-83.65601,1084.5,39.85421,-83.65603,1096.2,3,0,0,-4,0x01,30,7,13,5,-66,-68,12.77,-0.059,17.310,20.242,100%,3.910,4.072,986,471,0,472,0,,0.00000,0.00000,0.0,0,0.0,-50,11.7
J.Herter_T1,2026-02-28,11:26:14.776,39.85424,-83.65601,1084.5,39.85421,-83.65603,1096.2,3,0,0,-140,0x01,31,4,15,6,-81,-71,12.92,0.021,17.475,3.642,100%,3.910,4.071,987,472,0,473,0,,0.00000,0.00000,0.0,0,0.0,-50,11.7
J.Herter_T1,2026-02-28,11:26:15.796,39.85424,-83.65601,1084.5,39.85421,-83.65603,1096.3,3,0,0,12,0x01,31,5,12,8,-62,-71,12.96,0.033,17.517,32.563,100%,3.910,4.072,988,473,0,474,0,,0.00000,0.00000,0.0,0,0.0,-50,11.7
J.Herter_T1,2026-02-28,11:26:16.787,39.85424,-83.65601,1084.5,39.85421,-83.65603,1096.2,3,0,0,-86,0x01,31,5,12,8,-64,-70,13.03,-0.026,17.528,26.007,100%,3.910,4.070,989,474,0,475,0,,0.00000,0.00000,0.0,0,0.0,-50,11.7
J.Herter_T1,2026-02-28,11:26:17.777,39.85424,-83.65601,1084.5,39.85421,-83.65603,1096.3,3,0,0,-138,0x01,31,5,12,8,-67,-72,13.02,0.045,17.568,18.391,100%,3.908,4.072,990,475,0,476,0,,0.00000,0.00000,0.0,0,0.0,-50,11.8
J.Herter_T1,2026-02-28,11:26:18.797,39.85424,-83.65601,1084.5,39.85421,-83.65603,1096.2,3,0,0,-8,0x01,31,5,12,8,-65,-75,12.95,0.011,17.494,23.028,100%,3.908,4.073,991,476,0,477,0,,0.00000,0.00000,0.0,0,0.0,-50,11.8
J.Herter_T1,2026-02-28,11:26:19.787,39.85424,-83.65601,1084.5,39.85421,-83.65603,1096.2,3,0,0,31,0x01,30,5,13,5,-60,-72,12.89,-0.038,17.418,40.775,100%,3.908,4.071,992,477,0,478,0,,0.00000,0.00000,0.0,0,0.0,-50,11.7
J.Herter_T1,2026-02-28,11:26:20.777,39.85424,-83.65601,1084.5,39.85421,-83.65603,1096.3,3,0,0,120,0x01,31,5,13,7,-59,-68,12.85,0.064,17.460,45.604,100%,3.892,4.072,993,478,0,479,0,,0.00000,0.00000,0.0,0,0.0,-50,11.8
J.Herter_T1,2026-02-28,11:26:22.787,39.85424,-83.65601,1084.5,39.85421,-83.65603,1096.6,3,1,0,-149,0x01,31,5,14,7,-63,-68,13.16,0.342,17.911,29.471,100%,3.911,4.071,995,480,0,481,0,,0.00000,0.00000,0.0,0,0.0,-50,11.8
J.Herter_T1,2026-02-28,11:26:23.777,39.85424,-83.65601,1084.5,39.85421,-83.65603,1096.7,3,0,0,45,0x01,31,6,13,6,-63,-74,13.13,0.355,17.925,29.405,100%,3.911,4.071,996,481,0,482,0,,0.00000,0.00000,0.0,0,0.0,-50,11.8
J.Herter_T1,2026-02-28,11:26:24.797,39.85424,-83.65601,1084.5,39.85421,-83.65603,1096.7,3,0,0,103,0x01,31,5,14,5,-65,-70,13.18,0.373,17.998,23.436,100%,3.912,4.071,997,482,0,483,0,,0.00000,0.00000,0.0,0,0.0,-50,11.9
J.Herter_T1,2026-02-28,11:26:25.787,39.85424,-83.65601,1084.5,39.85421,-83.65603,1096.8,3,0,0,104,0x01,31,5,14,6,-66,-74,13.18,0.403,18.049,20.887,100%,3.912,4.071,998,483,0,484,0,,0.00000,0.00000,0.0,0,0.0,-50,11.9
J.Herter_T1,2026-02-28,11:26:26.777,39.85424,-83.65601,1084.5,39.85421,-83.65603,1096.7,3,0,0,17,0x01,31,4,16,5,-72,-70,13.05,0.304,17.909,10.365,100%,3.913,4.070,999,484,0,485,0,,0.00000,0.00000,0.0,0,0.0,-50,12.0
J.Herter_T1,2026-02-28,11:26:27.797,39.85424,-83.65601,1084.5,39.85421,-83.65603,1096.7,3,0,0,-61,0x01,31,3,15,7,-65,-75,12.89,0.200,17.741,22.930,100%,3.913,4.072,1000,485,0,486,0,,0.00000,0.00000,0.0,0,0.0,-50,12.0
J.Herter_T1,2026-02-28,11:26:28.786,39.85424,-83.65601,1084.5,39.85421,-83.65603,1096.6,3,0,0,92,0x01,31,5,13,7,-62,-75,12.89,0.168,17.732,32.389,100%,3.909,4.072,1001,486,0,487,0,,0.00000,0.00000,0.0,0,0.0,-50,12.0
J.Herter_T1,2026-02-28,11:26:29.778,39.85424,-83.65601,1084.5,39.85421,-83.65603,1096.7,3,0,0,164,0x01,31,3,16,6,-62,-69,12.85,0.169,17.715,32.286,100%,3.909,4.073,1002,487,0,488,0,,0.00000,0.00000,0.0,0,0.0,-50,12.0
J.Herter_T1,2026-02-28,11:26:30.799,39.85424,-83.65601,1084.5,39.85421,-83.65603,1096.7,3,0,0,-78,0x01,31,3,16,7,-61,-68,12.83,0.184,17.721,36.148,100%,3.909,4.071,1003,488,0,489,0,,0.00000,0.00000,0.0,0,0.0,-50,12.0
J.Herter_T1,2026-02-28,11:26:31.787,39.85424,-83.65601,1084.5,39.85421,-83.65603,1096.7,3,0,0,43,0x01,31,5,14,7,-58,-69,12.81,0.172,17.715,51.007,100%,3.890,4.071,1004,489,0,490,0,,0.00000,0.00000,0.0,0,0.0,-50,12.1
J.Herter_T1,2026-02-28,11:26:32.776,39.85424,-83.65601,1084.5,39.85421,-83.65603,1096.7,3,0,0,-45,0x01,31,3,16,7,-62,-65,12.83,0.158,17.727,32.217,100%,3.890,4.070,1005,490,0,491,0,,0.00000,0.00000,0.0,0,0.0,-50,12.1
J.Herter_T1,2026-02-28,11:26:33.798,39.85424,-83.65601,1084.5,39.85421,-83.65603,1096.7,3,0,0,-15,0x01,31,3,16,7,-63,-70,12.81,0.166,17.736,28.683,100%,3.912,4.071,1006,491,0,492,0,,0.00000,0.00000,0.0,0,0.0,-50,12.1
J.Herter_T1,2026-02-28,11:26:34.789,39.85424,-83.65601,1084.5,39.85421,-83.65603,1096.8,3,0,0,-53,0x01,31,3,16,7,-59,-69,12.83,0.226,17.805,45.508,100%,3.912,4.070,1007,492,0,493,0,,0.00000,0.00000,0.0,0,0.0,-50,12.1
J.Herter_T1,2026-02-28,11:26:35.776,39.85424,-83.65601,1084.5,39.85421,-83.65603,1096.9,3,0,0,55,0x01,31,4,15,7,-60,-67,12.85,0.289,17.890,40.645,100%,3.911,4.071,1008,493,0,494,0,,0.00000,0.00000,0.0,0,0.0,-50,12.2
J.Herter_T1,2026-02-28,11:26:36.796,39.85424,-83.65601,1084.5,39.85421,-83.65603,1097.0,3,0,0,-88,0x01,31,5,13,7,-55,-68,12.95,0.372,18.046,72.821,100%,3.911,4.071,1009,494,0,495,0,,0.00000,0.00000,0.0,0,0.0,-50,12.2
J.Herter_T1,2026-02-28,11:26:37.787,39.85424,-83.65601,1084.5,39.85421,-83.65603,1097.2,3,0,0,67,0x01,31,6,11,9,-65,-63,13.09,0.515,18.288,23.280,100%,3.910,4.073,1010,495,0,496,0,,0.00000,0.00000,0.0,0,0.0,-50,12.3
J.Herter_T1,2026-02-28,11:26:38.779,39.85424,-83.65601,1084.5,39.85421,-83.65603,1097.2,3,0,0,38,0x01,31,4,15,7,-71,-80,12.83,0.387,18.038,11.431,100%,3.910,4.070,1011,496,0,497,0,,0.00000,0.00000,0.0,0,0.0,-50,12.3
J.Herter_T1,2026-02-28,11:26:39.796,39.85424,-83.65601,1084.5,39.85421,-83.65603,1097.2,3,0,0,88,0x01,31,4,15,6,-54,-74,12.81,0.428,18.091,80.841,100%,3.910,4.072,1012,497,0,498,0,,0.00000,0.00000,0.0,0,0.0,-50,12.3
J.Herter_T1,2026-02-28,11:26:40.786,39.85424,-83.65601,1084.5,39.85421,-83.65603,1097.4,3,0,0,-98,0x01,31,4,14,7,-53,-64,12.91,0.539,18.279,91.382,100%,3.891,4.070,1013,498,0,499,0,,0.00000,0.00000,0.0,0,0.0,-50,12.4
J.Herter_T1,2026-02-28,11:26:41.776,39.85424,-83.65601,1084.5,39.85421,-83.65603,1097.5,3,0,0,-79,0x01,31,5,12,8,-55,-62,13.01,0.603,18.441,73.137,100%,3.891,4.071,1014,499,0,500,0,,0.00000,0.00000,0.0,0,0.0,-50,12.5
J.Herter_T1,2026-02-28,11:26:42.799,39.85424,-83.65601,1084.5,39.85421,-83.65603,1097.6,3,0,0,-168,0x01,31,6,13,6,-55,-65,12.98,0.599,18.466,72.979,100%,3.909,4.073,1015,500,0,501,0,,0.00000,0.00000,0.0,0,0.0,-50,12.5
J.Herter_T1,2026-02-28,11:26:43.787,39.85424,-83.65601,1084.5,39.85421,-83.65603,1097.5,3,0,0,-52,0x01,31,5,14,6,-60,-63,12.96,0.471,18.402,40.995,100%,3.909,4.072,1016,501,0,502,0,,0.00000,0.00000,0.0,0,0.0,-50,12.6
J.Herter_T1,2026-02-28,11:26:44.807,39.85423,-83.65603,1086.5,39.85421,-83.65603,1097.5,3,0,0,159,0x01,31,6,14,5,-53,-68,7.47,-1.225,13.363,52.911,100%,3.911,4.071,1017,502,0,503,0,,0.00000,0.00000,0.0,0,0.0,-50,12.3
J.Herter_T1,2026-02-28,11:26:45.797,39.85423,-83.65603,1086.5,39.85421,-83.65603,1097.5,3,0,0,-33,0x01,31,5,14,6,-55,-61,7.46,-1.096,13.360,41.939,100%,3.911,4.071,1018,503,0,504,0,,0.00000,0.00000,0.0,0,0.0,-50,12.2
J.Herter_T1,2026-02-28,11:26:46.789,39.85423,-83.65603,1086.5,39.85421,-83.65603,1097.7,3,0,0,18,0x01,31,7,12,6,-57,-65,7.49,-0.878,13.477,33.443,100%,3.912,4.070,1019,504,0,505,0,,0.00000,0.00000,0.0,0,0.0,-50,12.1
J.Herter_T1,2026-02-28,11:26:47.777,39.85423,-83.65603,1086.5,39.85421,-83.65603,1097.8,3,0,0,-136,0x01,31,6,12,8,-57,-66,7.55,-0.678,13.618,33.743,100%,3.912,4.071,1020,505,0,506,0,,0.00000,0.00000,0.0,0,0.0,-50,12.0
J.Herter_T1,2026-02-28,11:26:48.797,39.85423,-83.65603,1086.5,39.85421,-83.65603,1097.8,3,0,0,21,0x01,31,5,14,7,-50,-58,7.55,-0.574,13.650,75.542,100%,3.911,4.070,1021,506,0,507,0,,0.00000,0.00000,0.0,0,0.0,-50,11.9
J.Herter_T1,2026-02-28,11:26:49.787,39.85423,-83.65603,1086.5,39.85421,-83.65603,1097.8,3,0,0,128,0x01,31,6,12,8,-53,-60,7.54,-0.514,13.647,53.398,100%,3.911,4.072,1022,507,0,508,0,,0.00000,0.00000,0.0,0,0.0,-50,11.9
J.Herter_T1,2026-02-28,11:26:50.779,39.85423,-83.65603,1086.5,39.85421,-83.65603,1097.8,3,0,0,156,0x01,31,5,14,7,-51,-63,7.50,-0.483,13.602,66.810,100%,3.911,4.068,1023,508,0,509,0,,0.00000,0.00000,0.0,0,0.0,-50,11.8
J.Herter_T1,2026-02-28,11:26:52.787,39.85423,-83.65603,1086.5,39.85421,-83.65603,1097.8,3,0,0,49,0x01,31,7,12,6,-57,-75,7.51,-0.358,13.637,33.527,100%,3.913,4.071,1025,510,0,511,0,,0.00000,0.00000,0.0,0,0.0,-50,11.7
J.Herter_T1,2026-02-28,11:26:53.777,39.85423,-83.65603,1086.5,39.85421,-83.65603,1097.6,3,0,0,8,0x01,31,7,12,7,-54,-63,7.48,-0.506,13.453,47.184,100%,3.908,4.071,1026,511,0,512,0,,0.00000,0.00000,0.0,0,0.0,-50,11.7
J.Herter_T1,2026-02-28,11:26:54.799,39.85423,-83.65603,1086.5,39.85421,-83.65603,1097.6,3,0,0,-17,0x01,31,6,13,7,-59,-64,7.47,-0.452,13.451,26.504,100%,3.908,4.071,1027,512,0,513,0,,0.00000,0.00000,0.0,0,0.0,-50,11.6
J.Herter_T1,2026-02-28,11:26:55.787,39.85423,-83.65603,1086.5,39.85421,-83.65603,1097.6,3,0,0,175,0x01,31,9,10,8,-53,-68,7.46,-0.422,13.433,52.825,100%,3.908,4.070,1028,513,0,514,0,,0.00000,0.00000,0.0,0,0.0,-50,11.6
J.Herter_T1,2026-02-28,11:26:56.777,39.85423,-83.65603,1086.5,39.85421,-83.65603,1097.7,3,1,0,2,0x01,31,5,16,5,-53,-59,7.54,-0.329,13.521,53.359,100%,3.908,4.070,1029,514,0,515,0,,0.00000,0.00000,0.0,0,0.0,-50,11.6
J.Herter_T1,2026-02-28,11:26:57.797,39.85423,-83.65603,1086.5,39.85421,-83.65603,1097.7,3,0,0,-4,0x01,31,5,14,7,-61,-63,7.56,-0.308,13.523,21.307,100%,3.914,4.072,1030,515,0,516,0,,0.00000,0.00000,0.0,0,0.0,-50,11.5
J.Herter_T1,2026-02-28,11:26:58.789,39.85423,-83.65603,1086.5,39.85421,-83.65604,1097.6,3,0,0,177,0x01,31,7,14,5,-60,-65,7.64,-0.325,13.523,24.154,100%,3.914,4.071,1031,516,0,517,0,,0.00000,0.00000,0.0,0,0.0,-50,11.5
J.Herter_T1,2026-02-28,11:27:00.797,39.85423,-83.65603,1086.5,39.85421,-83.65604,1097.6,3,0,0,-69,0x01,31,5,15,7,-55,-69,7.63,-0.298,13.481,42.913,100%,3.893,4.070,1033,518,0,519,0,,0.00000,0.00000,0.0,0,0.0,-50,11.4
J.Herter_T1,2026-02-28,11:27:01.787,39.85423,-83.65603,1086.5,39.85421,-83.65604,1097.5,3,0,0,49,0x01,31,9,12,6,-57,-65,7.60,-0.325,13.415,33.965,100%,3.893,4.071,1034,519,0,520,0,,0.00000,0.00000,0.0,0,0.0,-50,11.4
J.Herter_T1,2026-02-28,11:27:02.779,39.85423,-83.65603,1086.5,39.85421,-83.65604,1097.4,3,0,0,-3,0x01,31,6,13,7,-55,-66,7.60,-0.384,13.331,42.760,100%,3.911,4.071,1035,520,0,521,0,,0.00000,0.00000,0.0,0,0.0,-50,11.3
J.Herter_T1,2026-02-28,11:27:03.799,39.85423,-83.65603,1086.5,39.85421,-83.65604,1097.3,3,0,0,180,0x01,31,7,12,7,-60,-65,7.60,-0.428,13.252,24.025,100%,3.911,4.070,1036,521,0,522,0,,0.00000,0.00000,0.0,0,0.0,-50,11.3
J.Herter_T1,2026-02-28,11:27:04.789,39.85423,-83.65603,1086.5,39.85421,-83.65604,1097.3,3,0,0,-71,0x01,31,8,12,7,-68,-71,7.60,-0.409,13.234,9.573,100%,3.911,4.071,1037,522,0,523,0,,0.00000,0.00000,0.0,0,0.0,-50,11.2
J.Herter_T1,2026-02-28,11:27:05.777,39.85423,-83.65603,1086.5,39.85421,-83.65604,1097.3,3,0,0,-62,0x01,31,6,13,7,-50,-72,7.60,-0.356,13.245,76.039,100%,3.911,4.071,1038,523,0,524,0,,0.00000,0.00000,0.0,0,0.0,-50,11.2
J.Herter_T1,2026-02-28,11:27:06.799,39.85423,-83.65603,1086.5,39.85421,-83.65604,1097.2,3,0,0,166,0x01,31,4,16,6,-57,-60,7.65,-0.406,13.195,34.183,100%,3.909,4.070,1039,524,0,525,0,,0.00000,0.00000,0.0,0,0.0,-50,11.2
J.Herter_T1,2026-02-28,11:27:07.789,39.85423,-83.65603,1086.5,39.85421,-83.65604,1097.2,3,0,0,110,0x01,31,6,12,8,-54,-64,7.60,-0.380,13.150,47.936,100%,3.909,4.071,1040,525,0,526,0,,0.00000,0.00000,0.0,0,0.0,-50,11.1
J.Herter_T1,2026-02-28,11:27:08.777,39.85423,-83.65603,1086.5,39.85421,-83.65604,1097.2,3,0,0,-2,0x01,31,5,14,7,-50,-62,7.58,-0.333,13.150,75.845,100%,3.909,4.068,1041,526,0,527,0,,0.00000,0.00000,0.0,0,0.0,-50,11.1
J.Herter_T1,2026-02-28,11:27:09.797,39.85423,-83.65603,1086.5,39.85421,-83.65604,1097.2,3,0,0,-6,0x01,31,6,11,9,-49,-58,7.59,-0.288,13.165,85.171,100%,3.908,4.071,1042,527,0,528,0,,0.00000,0.00000,0.0,0,0.0,-50,11.0
J.Herter_T1,2026-02-28,11:27:10.789,39.85423,-83.65603,1086.5,39.85421,-83.65603,1097.1,3,0,0,157,0x01,31,5,13,8,-47,-59,7.51,-0.372,13.017,106.093,100%,3.908,4.070,1043,528,0,529,0,,0.00000,0.00000,0.0,0,0.0,-50,11.0
J.Herter_T1,2026-02-28,11:27:11.780,39.85423,-83.65603,1086.5,39.85421,-83.65603,1097.1,3,0,0,170,0x01,31,4,15,7,-57,-54,7.56,-0.326,13.053,33.769,100%,3.886,4.071,1044,529,0,530,0,,0.00000,0.00000,0.0,0,0.0,-50,11.0
J.Herter_T1,2026-02-28,11:27:12.798,39.85423,-83.65603,1086.5,39.85421,-83.65603,1097.0,3,0,0,-69,0x01,31,6,11,8,-61,-64,7.53,-0.370,12.964,21.212,100%,3.886,4.070,1045,530,0,531,0,,0.00000,0.00000,0.0,0,0.0,-50,10.9
J.Herter_T1,2026-02-28,11:27:13.788,39.85423,-83.65603,1086.5,39.85421,-83.65604,1097.0,3,0,0,-65,0x01,31,7,12,6,-76,-69,7.58,-0.354,12.980,3.801,100%,3.911,4.071,1046,531,0,532,0,,0.00000,0.00000,0.0,0,0.0,-50,10.9
J.Herter_T1,2026-02-28,11:27:14.778,39.85423,-83.65603,1086.5,39.85421,-83.65604,1096.8,3,0,0,-39,0x01,31,7,12,7,-54,-81,7.65,-0.457,12.891,48.239,100%,3.911,4.070,1047,532,0,533,0,,0.00000,0.00000,0.0,0,0.0,-50,10.8
J.Herter_T1,2026-02-28,11:27:15.800,39.85423,-83.65603,1086.5,39.85421,-83.65604,1096.8,3,0,0,173,0x01,31,6,12,8,-58,-64,7.67,-0.429,12.888,30.524,100%,3.908,4.071,1048,533,0,534,0,,0.00000,0.00000,0.0,0,0.0,-50,10.8
J.Herter_T1,2026-02-28,11:27:16.788,39.85423,-83.65603,1086.5,39.85421,-83.65604,1096.8,3,1,0,-60,0x01,31,6,12,8,-58,-66,7.74,-0.410,12.909,30.807,100%,3.908,4.070,1049,534,0,535,0,,0.00000,0.00000,0.0,0,0.0,-50,10.7
J.Herter_T1,2026-02-28,11:27:17.806,39.85423,-83.65603,1086.5,39.85421,-83.65604,1096.9,3,0,0,-58,0x01,31,6,12,8,-58,-67,7.74,-0.313,12.959,30.807,100%,3.910,4.071,1050,535,0,536,0,,0.00000,0.00000,0.0,0,0.0,-50,10.7
J.Herter_T1,2026-02-28,11:27:18.798,39.85423,-83.65603,1086.5,39.85421,-83.65604,1096.8,3,0,0,155,0x01,31,7,12,7,-62,-60,7.71,-0.308,12.921,19.377,100%,3.910,4.070,1051,536,0,537,0,,0.00000,0.00000,0.0,0,0.0,-50,10.7
J.Herter_T1,2026-02-28,11:27:19.789,39.85423,-83.65603,1086.5,39.85421,-83.65604,1096.8,3,0,0,145,0x01,31,7,12,7,-60,-71,7.69,-0.316,12.873,24.319,100%,3.910,4.071,1052,537,0,538,0,,0.00000,0.00000,0.0,0,0.0,-50,10.6
J.Herter_T1,2026-02-28,11:27:21.798,39.85424,-83.65601,1084.9,39.85421,-83.65604,1096.8,3,0,0,55,0x01,31,7,12,7,-55,-65,13.45,1.031,17.950,75.620,100%,3.887,4.070,1054,539,0,540,0,,0.00000,0.00000,0.0,0,0.0,-50,10.9
J.Herter_T1,2026-02-28,11:27:22.790,39.85424,-83.65601,1084.9,39.85421,-83.65604,1096.7,3,0,0,-61,0x01,31,5,14,7,-62,-63,13.45,0.901,17.931,33.778,100%,3.908,4.070,1055,540,0,541,0,,0.00000,0.00000,0.0,0,0.0,-50,11.0
J.Herter_T1,2026-02-28,11:27:23.778,39.85424,-83.65601,1084.9,39.85421,-83.65604,1096.7,3,0,0,120,0x01,31,6,13,7,-48,-69,13.45,0.743,17.881,169.292,100%,3.908,4.071,1056,541,0,542,0,,0.00000,0.00000,0.0,0,0.0,-50,11.0
J.Herter_T1,2026-02-28,11:27:24.799,39.85424,-83.65601,1084.9,39.85421,-83.65604,1096.7,3,0,0,152,0x01,31,8,11,7,-53,-60,13.43,0.749,17.927,95.086,100%,3.911,4.070,1057,542,0,543,0,,0.00000,0.00000,0.0,0,0.0,-50,11.1
J.Herter_T1,2026-02-28,11:27:25.789,39.85424,-83.65601,1084.9,39.85421,-83.65604,1096.7,3,0,0,-146,0x01,31,7,11,8,-49,-64,13.43,0.635,17.899,150.701,100%,3.911,4.071,1058,543,0,544,0,,0.00000,0.00000,0.0,0,0.0,-50,11.2
J.Herter_T1,2026-02-28,11:27:26.778,39.85424,-83.65601,1084.9,39.85421,-83.65604,1096.7,3,0,0,153,0x01,31,7,11,8,-54,-55,13.51,0.563,17.953,85.255,100%,3.908,4.073,1059,544,0,545,0,,0.00000,0.00000,0.0,0,0.0,-50,11.3
J.Herter_T1,2026-02-28,11:27:27.798,39.85424,-83.65601,1084.9,39.85421,-83.65604,1096.7,3,0,0,17,0x01,31,5,13,8,-57,-62,13.45,0.554,17.940,60.067,100%,3.908,4.072,1060,545,0,546,0,,0.00000,0.00000,0.0,0,0.0,-50,11.3
J.Herter_T1,2026-02-28,11:27:28.787,39.85424,-83.65601,1084.9,39.85421,-83.65604,1096.8,3,0,0,-161,0x01,31,7,11,8,-57,-66,13.42,0.596,17.987,59.924,100%,3.911,4.070,1061,546,0,547,0,,0.00000,0.00000,0.0,0,0.0,-50,11.4
J.Herter_T1,2026-02-28,11:27:29.779,39.85424,-83.65601,1084.9,39.85421,-83.65604,1096.8,3,0,0,82,0x01,31,6,12,8,-53,-65,13.42,0.510,17.968,94.973,100%,3.911,4.071,1062,547,0,548,0,,0.00000,0.00000,0.0,0,0.0,-50,11.4
J.Herter_T1,2026-02-28,11:27:30.799,39.85424,-83.65601,1084.9,39.85421,-83.65604,1096.8,3,0,0,84,0x01,31,7,11,8,-53,-57,13.38,0.429,17.922,94.747,100%,3.911,4.070,1063,548,0,549,0,,0.00000,0.00000,0.0,0,0.0,-50,11.5
J.Herter_T1,2026-02-28,11:27:31.789,39.85424,-83.65601,1084.9,39.85421,-83.65604,1096.8,3,0,0,-97,0x01,31,9,10,8,-54,-63,13.38,0.436,17.959,84.443,100%,3.906,4.071,1064,549,0,550,0,,0.00000,0.00000,0.0,0,0.0,-50,11.5
J.Herter_T1,2026-02-28,11:27:32.779,39.85424,-83.65601,1084.9,39.85421,-83.65604,1096.7,3,0,0,10,0x01,31,8,11,8,-53,-64,13.40,0.292,17.897,94.860,100%,3.906,4.070,1065,550,0,551,0,,0.00000,0.00000,0.0,0,0.0,-50,11.6
J.Herter_T1,2026-02-28,11:27:33.800,39.85424,-83.65601,1084.9,39.85421,-83.65604,1096.6,3,0,0,-138,0x01,31,7,11,8,-53,-60,13.35,0.189,17.807,94.522,100%,3.908,4.071,1066,551,0,552,0,,0.00000,0.00000,0.0,0,0.0,-50,11.6
J.Herter_T1,2026-02-28,11:27:34.789,39.85424,-83.65601,1084.9,39.85421,-83.65604,1096.6,3,0,0,-124,0x01,31,6,11,9,-51,-61,13.32,0.165,17.779,118.714,100%,3.908,4.070,1067,552,0,553,0,,0.00000,0.00000,0.0,0,0.0,-50,11.6
J.Herter_T1,2026-02-28,11:27:35.784,39.85424,-83.65601,1084.9,39.85421,-83.65604,1096.6,3,0,0,-102,0x01,31,6,12,8,-53,-60,13.37,0.104,17.782,94.634,100%,3.905,4.071,1068,553,0,554,0,,0.00000,0.00000,0.0,0,0.0,-50,11.6
J.Herter_T1,2026-02-28,11:27:36.800,39.85424,-83.65601,1084.9,39.85421,-83.65604,1096.5,3,0,0,42,0x01,31,7,13,7,-61,-61,13.54,0.052,17.885,38.174,100%,3.905,4.070,1069,554,0,555,0,,0.00000,0.00000,0.0,0,0.0,-50,11.6
J.Herter_T1,2026-02-28,11:27:38.778,39.85424,-83.65601,1084.9,39.85421,-83.65604,1096.5,3,0,0,-109,0x01,31,6,13,7,-55,-62,13.34,0.014,17.708,74.992,100%,3.908,4.071,1071,556,0,557,0,,0.00000,0.00000,0.0,0,0.0,-50,11.6
J.Herter_T1,2026-02-28,11:27:39.799,39.85424,-83.65601,1084.9,39.85421,-83.65603,1096.5,3,0,0,90,0x01,32,7,12,7,-54,-65,13.27,-0.002,17.650,83.746,100%,3.908,4.071,1072,557,0,558,0,,0.00000,0.00000,0.0,0,0.0,-50,11.6
J.Herter_T1,2026-02-28,11:27:40.790,39.85424,-83.65601,1084.9,39.85421,-83.65603,1096.5,3,0,0,67,0x01,31,8,13,5,-51,-62,13.27,0.028,17.672,118.295,100%,3.887,4.071,1073,558,0,559,0,,0.00000,0.00000,0.0,0,0.0,-50,11.6
J.Herter_T1,2026-02-28,11:27:41.778,39.85424,-83.65601,1084.9,39.85421,-83.65603,1096.6,3,0,0,-68,0x01,32,6,15,5,-49,-60,13.23,0.075,17.674,148.400,100%,3.887,4.071,1074,559,0,560,0,,0.00000,0.00000,0.0,0,0.0,-50,11.6
J.Herter_T1,2026-02-28,11:27:42.798,39.85424,-83.65601,1084.9,39.85421,-83.65603,1096.7,3,0,0,-56,0x01,32,7,13,6,-51,-55,13.23,0.168,17.748,117.878,100%,3.906,4.070,1075,560,0,561,0,,0.00000,0.00000,0.0,0,0.0,-50,11.7
J.Herter_T1,2026-02-28,11:27:44.778,39.85424,-83.65601,1084.9,39.85421,-83.65603,1096.9,3,0,0,-43,0x01,32,7,13,6,-57,-61,13.20,0.332,17.879,58.941,100%,3.906,4.073,1077,562,0,563,0,,0.00000,0.00000,0.0,0,0.0,-50,11.7
J.Herter_T1,2026-02-28,11:27:45.797,39.85424,-83.65601,1084.9,39.85421,-83.65603,1096.9,3,0,0,-101,0x01,32,7,13,6,-62,-65,13.24,0.278,17.898,33.262,100%,3.906,4.070,1078,563,0,564,0,,0.00000,0.00000,0.0,0,0.0,-50,11.8
J.Herter_T1,2026-02-28,11:27:46.790,39.85424,-83.65601,1084.9,39.85421,-83.65604,1097.0,3,0,0,37,0x01,31,8,12,6,-61,-71,13.30,0.295,17.977,37.496,100%,3.909,4.070,1079,564,0,565,0,,0.00000,0.00000,0.0,0,0.0,-50,11.8
J.Herter_T1,2026-02-28,11:27:47.937,39.85424,-83.65601,1084.9,39.85421,-83.65604,1097.0,3,0,0,-143,0x01,32,9,12,6,-59,-68,13.37,0.289,18.042,47.429,100%,3.909,4.071,1080,565,0,566,0,,0.00000,0.00000,0.0,0,0.0,-50,11.8
J.Herter_T1,2026-02-28,11:27:48.798,39.85424,-83.65601,1084.9,39.85421,-83.65604,1096.7,3,0,0,170,0x01,32,8,13,6,-75,-67,13.38,0.033,17.885,7.526,100%,3.909,4.070,1081,566,0,567,0,,0.00000,0.00000,0.0,0,0.0,-50,11.8
J.Herter_T1,2026-02-28,11:27:49.788,39.85424,-83.65601,1084.9,39.85421,-83.65603,1096.7,3,0,0,-60,0x01,32,6,11,9,-65,-78,13.23,-0.033,17.722,23.520,100%,3.911,4.070,1082,567,0,568,0,,0.00000,0.00000,0.0,0,0.0,-50,11.8
J.Herter_T1,2026-02-28,11:27:50.778,39.85424,-83.65601,1084.9,39.85421,-83.65604,1096.6,3,0,0,-29,0x01,32,6,12,8,-63,-71,13.30,-0.091,17.734,29.784,100%,3.911,4.070,1083,568,0,569,0,,0.00000,0.00000,0.0,0,0.0,-50,11.8
J.Herter_T1,2026-02-28,11:27:51.797,39.85424,-83.65601,1084.9,39.85421,-83.65604,1096.6,3,0,0,67,0x03,32,6,14,6,-66,-71,13.35,-0.088,17.766,21.161,100%,3.888,4.072,1084,569,0,570,0,,0.00000,0.00000,0.0,0,0.0,-50,11.8
J.Herter_T1,2026-02-28,11:27:52.789,39.85424,-83.65601,1084.9,39.85421,-83.65603,1096.3,3,0,0,20,0x03,31,7,13,6,-64,-72,13.23,-0.321,17.494,26.390,100%,3.888,4.070,1085,570,0,571,0,,0.00000,0.00000,0.0,0,0.0,-50,11.8
J.Herter_T1,2026-02-28,11:27:53.777,39.85424,-83.65601,1084.9,39.85421,-83.65603,1096.1,3,0,0,-135,0x03,32,9,12,6,-62,-70,13.24,-0.449,17.391,33.262,100%,3.903,4.071,1086,571,0,572,0,,0.00000,0.00000,0.0,0,0.0,-50,11.7
J.Herter_T1,2026-02-28,11:27:54.797,39.85424,-83.65601,1084.9,39.85421,-83.65603,1095.9,3,0,0,178,0x03,32,9,12,6,-55,-67,13.26,-0.584,17.274,74.551,100%,3.903,4.071,1087,572,0,573,0,,0.00000,0.00000,0.0,0,0.0,-50,11.7
J.Herter_T1,2026-02-28,11:27:56.779,39.85424,-83.65601,1084.9,39.85421,-83.65603,1095.7,3,1,0,-72,0x03,32,4,16,6,-62,-63,13.13,-0.675,17.030,32.991,100%,3.906,4.070,1089,574,0,575,0,,0.00000,0.00000,0.0,0,0.0,-50,11.5
J.Herter_T1,2026-02-28,11:27:57.797,39.85424,-83.65601,1084.9,39.85421,-83.65604,1095.6,3,0,0,-53,0x03,32,6,14,6,-57,-64,13.29,-0.705,17.081,59.358,100%,3.908,4.071,1090,575,0,576,0,,0.00000,0.00000,0.0,0,0.0,-50,11.4
J.Herter_T1,2026-02-28,11:27:58.787,39.85424,-83.65601,1084.9,39.85421,-83.65604,1095.7,3,0,0,-138,0x03,32,9,11,7,-58,-66,13.35,-0.558,17.184,53.154,100%,3.908,4.070,1091,576,0,577,0,,0.00000,0.00000,0.0,0,0.0,-50,11.4
J.Herter_T1,2026-02-28,11:27:59.777,39.85424,-83.65601,1084.9,39.85421,-83.65604,1095.6,3,0,0,-111,0x03,32,8,12,7,-64,-64,13.32,-0.576,17.108,26.577,100%,3.908,4.071,1092,577,0,578,0,,0.00000,0.00000,0.0,0,0.0,-50,11.3
J.Herter_T1,2026-02-28,11:28:00.799,39.85424,-83.65601,1084.9,39.85421,-83.65604,1095.6,3,0,0,-142,0x03,32,8,12,7,-70,-72,13.32,-0.557,17.081,13.320,100%,3.887,4.070,1093,578,0,579,0,,0.00000,0.00000,0.0,0,0.0,-50,11.2
J.Herter_T1,2026-02-28,11:28:01.790,39.85424,-83.65601,1084.9,39.85421,-83.65604,1095.3,3,0,0,2,0x03,32,7,11,8,-62,-72,13.35,-0.734,16.945,33.538,100%,3.887,4.071,1094,579,0,580,0,,0.00000,0.00000,0.0,0,0.0,-50,11.2
J.Herter_T1,2026-02-28,11:28:02.777,39.85424,-83.65601,1084.9,39.85421,-83.65604,1095.1,3,0,0,-138,0x03,32,7,12,7,-60,-69,13.40,-0.871,16.840,42.372,100%,3.908,4.070,1095,580,0,581,0,,0.00000,0.00000,0.0,0,0.0,-50,11.1
J.Herter_T1,2026-02-28,11:28:03.797,39.85424,-83.65601,1084.9,39.85421,-83.65604,1094.8,3,0,0,-53,0x03,32,7,12,7,-62,-66,13.50,-1.055,16.737,33.900,100%,3.908,4.071,1096,581,0,582,0,,0.00000,0.00000,0.0,0,0.0,-50,11.0
J.Herter_T1,2026-02-28,11:28:04.789,39.85424,-83.65601,1084.9,39.85421,-83.65604,1094.5,3,0,0,37,0x03,32,9,12,6,-65,-67,13.64,-1.192,16.699,24.261,100%,3.908,4.070,1097,582,0,583,0,,0.00000,0.00000,0.0,0,0.0,-50,10.8
J.Herter_T1,2026-02-28,11:28:05.780,39.85424,-83.65601,1084.9,39.85421,-83.65604,1094.2,3,0,0,116,0x03,32,8,13,6,-63,-68,13.64,-1.309,16.549,30.543,100%,3.908,4.071,1098,583,0,584,0,,0.00000,0.00000,0.0,0,0.0,-50,10.7
J.Herter_T1,2026-02-28,11:28:06.797,39.85424,-83.65601,1084.9,39.85421,-83.65604,1093.9,3,0,0,8,0x03,32,6,14,6,-59,-69,13.64,-1.453,16.379,48.407,100%,3.906,4.070,1099,584,0,585,0,,0.00000,0.00000,0.0,0,0.0,-50,10.5
J.Herter_T1,2026-02-28,11:28:07.788,39.85424,-83.65601,1084.9,39.85421,-83.65604,1093.7,3,0,0,-12,0x03,32,6,14,6,-50,-65,13.79,-1.538,16.365,137.934,100%,3.906,4.073,1100,585,0,586,0,,0.00000,0.00000,0.0,0,0.0,-50,10.3
J.Herter_T1,2026-02-28,11:28:08.779,39.85424,-83.65601,1084.9,39.85421,-83.65604,1093.4,3,0,0,-160,0x03,32,6,12,8,-57,-60,13.83,-1.596,16.268,61.764,100%,3.905,4.069,1101,586,0,587,0,,0.00000,0.00000,0.0,0,0.0,-50,10.2
J.Herter_T1,2026-02-28,11:28:10.787,39.85424,-83.65601,1084.9,39.85421,-83.65604,1093.0,3,0,0,52,0x03,32,6,13,7,-57,-64,13.95,-1.701,16.124,62.297,100%,3.905,4.073,1103,588,0,589,0,,0.00000,0.00000,0.0,0,0.0,-50,9.8
J.Herter_T1,2026-02-28,11:28:11.777,39.85424,-83.65601,1084.9,39.85421,-83.65604,1092.8,3,0,0,-86,0x03,32,5,14,7,-54,-65,14.10,-1.702,16.165,88.983,100%,3.902,4.070,1104,589,0,590,0,,0.00000,0.00000,0.0,0,0.0,-50,9.6
J.Herter_T1,2026-02-28,11:28:12.797,39.85424,-83.65601,1084.9,39.85421,-83.65604,1092.6,3,1,0,73,0x03,32,7,12,7,-58,-62,14.21,-1.703,16.166,56.565,100%,3.902,4.068,1105,590,0,591,0,,0.00000,0.00000,0.0,0,0.0,-50,9.4
J.Herter_T1,2026-02-28,11:28:13.787,39.85424,-83.65601,1084.9,39.85421,-83.65604,1092.3,3,0,0,-145,0x03,32,7,13,6,-59,-66,14.21,-1.781,16.036,50.413,100%,3.906,4.068,1106,591,0,592,0,,0.00000,0.00000,0.0,0,0.0,-50,9.2
J.Herter_T1,2026-02-28,11:28:14.777,39.85424,-83.65601,1084.9,39.85421,-83.65604,1092.1,3,0,0,-175,0x03,32,8,12,7,-51,-65,14.30,-1.748,16.042,127.426,100%,3.906,4.069,1107,592,0,593,0,,0.00000,0.00000,0.0,0,0.0,-50,9.0
J.Herter_T1,2026-02-28,11:28:15.800,39.85424,-83.65601,1084.9,39.85421,-83.65604,1091.9,3,0,0,-100,0x03,32,7,13,6,-61,-62,14.19,-1.783,15.842,39.995,100%,3.909,4.070,1108,593,0,594,0,,0.00000,0.00000,0.0,0,0.0,-50,8.8
J.Herter_T1,2026-02-28,11:28:16.788,39.85424,-83.65601,1084.9,39.85421,-83.65604,1091.8,3,0,0,-60,0x03,31,6,15,5,-66,-74,14.81,-1.672,16.367,23.472,100%,3.909,4.069,1109,594,0,595,0,,0.00000,0.00000,0.0,0,0.0,-50,8.6
J.Herter_T1,2026-02-28,11:28:17.777,39.85424,-83.65601,1084.9,39.85421,-83.65604,1091.6,3,0,0,123,0x03,32,5,14,7,-58,-74,14.85,-1.676,16.321,59.110,100%,3.905,4.070,1110,595,0,596,0,,0.00000,0.00000,0.0,0,0.0,-50,8.5
J.Herter_T1,2026-02-28,11:28:18.797,39.85424,-83.65601,1084.9,39.85421,-83.65604,1091.4,3,0,0,-8,0x03,32,8,12,6,-55,-66,14.87,-1.701,16.250,83.600,100%,3.905,4.068,1111,596,0,597,0,,0.00000,0.00000,0.0,0,0.0,-50,8.3
J.Herter_T1,2026-02-28,11:28:19.790,39.85424,-83.65601,1084.9,39.85421,-83.65604,1091.4,3,0,0,154,0x03,32,7,13,6,-59,-61,14.30,-1.581,15.708,50.729,100%,3.905,4.068,1112,597,0,598,0,,0.00000,0.00000,0.0,0,0.0,-50,8.1
J.Herter_T1,2026-02-28,11:28:20.778,39.85424,-83.65601,1084.9,39.85421,-83.65604,1091.3,3,0,0,-163,0x03,32,9,12,6,-53,-63,14.37,-1.532,15.724,101.726,100%,3.886,4.070,1113,598,0,599,0,,0.00000,0.00000,0.0,0,0.0,-50,7.9
J.Herter_T1,2026-02-28,11:28:21.798,39.85424,-83.65601,1084.9,39.85421,-83.65604,1091.1,3,0,0,61,0x03,32,6,13,7,-59,-62,14.41,-1.509,15.699,51.112,100%,3.886,4.070,1114,599,0,600,0,,0.00000,0.00000,0.0,0,0.0,-50,7.7
J.Herter_T1,2026-02-28,11:28:22.788,39.85424,-83.65601,1084.9,39.85421,-83.65604,1091.1,3,0,0,-151,0x03,32,9,11,7,-54,-68,14.37,-1.399,15.648,90.663,100%,3.903,4.070,1115,600,0,601,0,,0.00000,0.00000,0.0,0,0.0,-50,7.6
J.Herter_T1,2026-02-28,11:28:23.779,39.85424,-83.65601,1084.9,39.85421,-83.65604,1090.9,3,0,0,7,0x03,32,7,13,6,-55,-65,14.35,-1.371,15.582,80.702,100%,3.903,4.070,1116,601,0,602,0,,0.00000,0.00000,0.0,0,0.0,-50,7.4
J.Herter_T1,2026-02-28,11:28:24.798,39.85424,-83.65601,1084.9,39.85421,-83.65604,1090.8,3,0,0,98,0x03,31,6,14,6,-57,-65,14.32,-1.326,15.510,63.944,100%,3.905,4.070,1117,602,0,603,0,,0.00000,0.00000,0.0,0,0.0,-50,7.3
J.Herter_T1,2026-02-28,11:28:25.788,39.85424,-83.65601,1084.9,39.85421,-83.65604,1090.7,3,0,0,-38,0x03,32,6,13,7,-51,-64,13.93,-1.356,15.084,124.147,100%,3.905,4.070,1118,603,0,604,0,,0.00000,0.00000,0.0,0,0.0,-50,7.1
J.Herter_T1,2026-02-28,11:28:27.798,39.85424,-83.65601,1084.9,39.85421,-83.65604,1090.4,3,0,0,-15,0x03,32,7,12,7,-54,-58,13.98,-1.312,15.040,88.215,100%,3.903,4.070,1120,605,0,606,0,,0.00000,0.00000,0.0,0,0.0,-50,6.9
J.Herter_T1,2026-02-28,11:28:28.790,39.85424,-83.65601,1084.9,39.85421,-83.65604,1090.3,3,0,0,122,0x03,32,6,14,6,-52,-63,13.81,-1.302,14.831,109.699,100%,3.905,4.069,1121,606,0,607,0,,0.00000,0.00000,0.0,0,0.0,-50,6.7
J.Herter_T1,2026-02-28,11:28:29.780,39.85424,-83.65601,1084.9,39.85421,-83.65604,1090.1,3,0,0,-41,0x03,32,6,13,7,-55,-61,13.76,-1.320,14.725,77.377,100%,3.905,4.070,1122,607,0,608,0,,0.00000,0.00000,0.0,0,0.0,-50,6.6
J.Herter_T1,2026-02-28,11:28:30.798,39.85424,-83.65601,1084.9,39.85421,-83.65604,1090.0,3,0,0,44,0x03,32,7,12,7,-52,-64,13.68,-1.306,14.600,108.634,100%,3.905,4.070,1123,608,0,609,0,,0.00000,0.00000,0.0,0,0.0,-50,6.4
J.Herter_T1,2026-02-28,11:28:31.788,39.85424,-83.65601,1084.9,39.85421,-83.65604,1089.9,3,0,0,-154,0x03,32,7,12,7,-53,-57,13.54,-1.264,14.443,95.888,100%,3.888,4.052,1124,609,0,610,0,,0.00000,0.00000,0.0,0,0.0,-50,6.3
J.Herter_T1,2026-02-28,11:28:33.798,39.85424,-83.65601,1084.9,39.85421,-83.65604,1089.5,3,0,0,38,0x03,32,6,13,7,-54,-63,13.37,-1.362,14.140,84.343,100%,3.905,4.069,1126,611,0,612,0,,0.00000,0.00000,0.0,0,0.0,-50,6.0
J.Herter_T1,2026-02-28,11:28:34.788,39.85424,-83.65601,1084.9,39.85421,-83.65603,1089.4,3,0,0,123,0x03,32,6,12,8,-54,-60,13.26,-1.332,13.998,83.648,100%,3.905,4.067,1127,612,0,613,0,,0.00000,0.00000,0.0,0,0.0,-50,5.8
J.Herter_T1,2026-02-28,11:28:36.800,39.85424,-83.65601,1084.9,39.85421,-83.65603,1089.0,3,0,0,32,0x03,32,7,12,7,-66,-63,13.03,-1.343,13.682,20.648,100%,3.903,4.068,1129,614,0,615,0,,0.00000,0.00000,0.0,0,0.0,-50,5.5
J.Herter_T1,2026-02-28,11:28:37.788,39.85424,-83.65601,1084.9,39.85421,-83.65603,1089.1,3,0,0,-71,0x03,32,5,14,7,-61,-76,13.06,-1.161,13.727,36.803,100%,3.904,4.070,1130,615,0,616,0,,0.00000,0.00000,0.0,0,0.0,-50,5.4
J.Herter_T1,2026-02-28,11:28:38.778,39.85424,-83.65601,1084.9,39.85421,-83.65603,1089.0,3,0,0,-175,0x03,32,6,12,8,-60,-69,12.98,-1.116,13.632,41.057,100%,3.904,4.069,1131,616,0,617,0,,0.00000,0.00000,0.0,0,0.0,-50,5.3
J.Herter_T1,2026-02-28,11:28:39.798,39.85424,-83.65601,1084.9,39.85421,-83.65603,1089.0,3,0,0,-86,0x03,32,5,13,8,-75,-68,12.95,-1.005,13.604,7.284,100%,3.904,4.069,1132,617,0,618,0,,0.00000,0.00000,0.0,0,0.0,-50,5.2
J.Herter_T1,2026-02-28,11:28:41.778,39.85424,-83.65601,1084.9,39.85421,-83.65603,1089.0,3,0,0,-3,0x03,32,5,14,7,-62,-70,12.88,-0.841,13.521,32.354,100%,3.884,4.071,1134,619,0,620,0,,0.00000,0.00000,0.0,0,0.0,-50,5.0
J.Herter_T1,2026-02-28,11:28:42.800,39.85424,-83.65601,1084.9,39.85421,-83.65603,1089.0,3,0,0,102,0x03,32,6,13,7,-64,-70,12.84,-0.748,13.483,25.613,100%,3.905,4.070,1135,620,0,621,0,,0.00000,0.00000,0.0,0,0.0,-50,4.9
J.Herter_T1,2026-02-28,11:28:44.778,39.85424,-83.65601,1084.9,39.85421,-83.65603,1089.0,3,0,0,-155,0x03,32,6,13,6,-64,-68,12.81,-0.610,13.453,25.556,100%,3.904,4.070,1137,622,0,623,0,,0.00000,0.00000,0.0,0,0.0,-50,4.7
J.Herter_T1,2026-02-28,11:28:45.799,39.85424,-83.65601,1084.9,39.85421,-83.65603,1089.0,3,0,0,82,0x03,32,6,12,8,-60,-71,12.79,-0.535,13.445,40.459,100%,3.904,4.072,1138,623,0,624,0,,0.00000,0.00000,0.0,0,0.0,-50,4.7
J.Herter_T1,2026-02-28,11:28:46.790,39.85424,-83.65601,1084.9,39.85421,-83.65603,1089.1,3,0,0,39,0x03,32,6,13,7,-63,-72,12.74,-0.390,13.422,28.516,100%,3.908,4.070,1139,624,0,625,0,,0.00000,0.00000,0.0,0,0.0,-50,4.6
J.Herter_T1,2026-02-28,11:28:47.780,39.85424,-83.65601,1084.9,39.85421,-83.65603,1089.0,3,0,0,57,0x03,32,7,12,7,-61,-69,12.71,-0.451,13.361,35.820,100%,3.908,4.071,1140,625,0,626,0,,0.00000,0.00000,0.0,0,0.0,-50,4.6
J.Herter_T1,2026-02-28,11:28:48.798,39.85424,-83.65601,1084.9,39.85421,-83.65603,1088.9,3,0,0,-87,0x03,32,7,12,7,-63,-69,12.71,-0.524,13.321,28.453,100%,3.905,4.070,1141,626,0,627,0,,0.00000,0.00000,0.0,0,0.0,-50,4.5
J.Herter_T1,2026-02-28,11:28:49.788,39.85424,-83.65601,1084.9,39.85421,-83.65603,1088.8,3,0,0,-166,0x03,32,6,13,7,-60,-71,12.72,-0.546,13.310,40.235,100%,3.905,4.070,1142,627,0,628,0,,0.00000,0.00000,0.0,0,0.0,-50,4.5
J.Herter_T1,2026-02-28,11:28:50.780,39.85424,-83.65601,1084.9,39.85421,-83.65603,1088.8,3,0,0,-6,0x03,31,6,13,7,-61,-62,12.72,-0.467,13.318,35.860,100%,3.905,4.070,1143,628,0,629,0,,0.00000,0.00000,0.0,0,0.0,-50,4.4
J.Herter_T1,2026-02-28,11:28:51.800,39.85424,-83.65601,1084.9,39.85421,-83.65603,1088.8,3,0,0,54,0x03,32,6,13,7,-72,-70,12.70,-0.418,13.292,10.084,100%,3.902,4.071,1144,629,0,630,0,,0.00000,0.00000,0.0,0,0.0,-50,4.4
J.Herter_T1,2026-02-28,11:28:52.788,39.85424,-83.65601,1084.9,39.85421,-83.65603,1088.7,3,0,0,171,0x03,32,6,14,6,-63,-88,12.68,-0.429,13.262,28.391,100%,3.902,4.070,1145,630,0,631,0,,0.00000,0.00000,0.0,0,0.0,-50,4.3
J.Herter_T1,2026-02-28,11:28:53.778,39.85424,-83.65601,1084.9,39.85421,-83.65603,1088.7,3,0,0,-122,0x03,32,5,14,7,-63,-70,12.72,-0.416,13.292,28.484,100%,3.902,4.071,1146,631,0,632,0,,0.00000,0.00000,0.0,0,0.0,-50,4.3
J.Herter_T1,2026-02-28,11:28:54.798,39.85424,-83.65601,1084.9,39.85421,-83.65603,1088.7,3,0,0,-95,0x03,32,5,14,7,-66,-72,12.81,-0.374,13.373,20.300,100%,3.902,4.070,1147,632,0,633,0,,0.00000,0.00000,0.0,0,0.0,-50,4.2
J.Herter_T1,2026-02-28,11:28:55.791,39.85424,-83.65601,1084.9,39.85421,-83.65603,1088.7,3,1,0,150,0x03,32,5,12,9,-66,-74,12.92,-0.384,13.470,20.484,100%,3.905,4.071,1148,633,0,634,0,,0.00000,0.00000,0.0,0,0.0,-50,4.2
J.Herter_T1,2026-02-28,11:28:56.778,39.85424,-83.65601,1084.9,39.85421,-83.65603,1088.6,3,0,0,-46,0x03,32,8,12,7,-62,-75,12.68,-0.396,13.221,31.855,100%,3.905,4.069,1149,634,0,635,0,,0.00000,0.00000,0.0,0,0.0,-50,4.1
J.Herter_T1,2026-02-28,11:28:58.788,39.85424,-83.65601,1084.9,39.85421,-83.65603,1088.4,3,0,0,157,0x03,32,3,17,5,-65,-72,12.71,-0.494,13.191,22.601,100%,3.907,4.073,1151,636,0,637,0,,0.00000,0.00000,0.0,0,0.0,-50,4.0
J.Herter_T1,2026-02-28,11:28:59.778,39.85424,-83.65601,1084.9,39.85421,-83.65603,1088.4,3,0,0,7,0x03,32,5,14,7,-63,-72,12.71,-0.436,13.193,28.453,100%,3.907,4.070,1152,637,0,638,0,,0.00000,0.00000,0.0,0,0.0,-50,4.0
J.Herter_T1,2026-02-28,11:29:00.798,39.85424,-83.65601,1084.9,39.85421,-83.65603,1088.5,3,0,0,30,0x03,32,5,13,8,-60,-70,12.68,-0.345,13.181,40.103,100%,3.886,4.071,1153,638,0,639,0,,0.00000,0.00000,0.0,0,0.0,-50,3.9
J.Herter_T1,2026-02-28,11:29:01.788,39.85424,-83.65601,1084.9,39.85421,-83.65603,1088.4,3,0,0,20,0x03,32,4,15,8,-62,-63,12.68,-0.328,13.175,31.855,100%,3.886,4.071,1154,639,0,640,0,,0.00000,0.00000,0.0,0,0.0,-50,3.9
J.Herter_T1,2026-02-28,11:29:02.780,39.85424,-83.65601,1084.9,39.85421,-83.65603,1088.4,3,0,0,-157,0x03,32,4,15,7,-62,-70,12.65,-0.301,13.147,31.785,100%,3.905,4.052,1155,640,48,641,0,,0.00000,0.00000,0.0,0,0.0,-50,3.9
J.Herter_T1,2026-02-28,11:29:03.801,39.85424,-83.65601,1084.9,39.85421,-83.65603,1088.5,3,0,0,174,0x03,32,4,14,8,-60,-69,12.67,-0.239,13.170,40.059,100%,3.905,4.070,1156,641,48,642,0,,0.00000,0.00000,0.0,0,0.0,-50,3.8
J.Herter_T1,2026-02-28,11:29:04.788,39.85424,-83.65601,1084.9,39.85421,-83.65603,1088.5,3,0,0,146,0x03,32,7,11,8,-61,-64,12.67,-0.197,13.176,35.703,100%,3.905,4.070,1157,642,48,643,0,,0.00000,0.00000,0.0,0,0.0,-50,3.8
J.Herter_T1,2026-02-28,11:29:05.778,39.85424,-83.65601,1084.9,39.85421,-83.65603,1088.5,3,0,0,152,0x03,32,5,13,8,-64,-70,12.65,-0.121,13.180,25.248,100%,3.905,4.071,1158,643,48,644,0,,0.00000,0.00000,0.0,0,0.0,-50,3.8
J.Herter_T1,2026-02-28,11:29:06.800,39.85424,-83.65601,1084.9,39.85421,-83.65603,1088.6,3,0,0,-24,0x03,32,5,14,7,-60,-71,12.64,-0.044,13.187,39.972,100%,3.903,4.070,1159,644,48,645,0,,0.00000,0.00000,0.0,0,0.0,-50,3.8
J.Herter_T1,2026-02-28,11:29:08.778,39.85424,-83.65601,1084.9,39.85421,-83.65603,1088.7,3,0,0,14,0x03,32,5,13,8,-60,-68,12.60,-0.004,13.158,39.842,100%,3.903,4.070,1161,646,0,647,0,,0.00000,0.00000,0.0,0,0.0,-50,3.8
J.Herter_T1,2026-02-28,11:29:09.798,39.85424,-83.65601,1084.9,39.85421,-83.65603,1088.8,3,0,0,-122,0x03,32,6,14,6,-57,-68,12.56,0.108,13.156,56.097,100%,3.906,4.070,1162,647,0,648,0,,0.00000,0.00000,0.0,0,0.0,-50,3.8
J.Herter_T1,2026-02-28,11:29:10.789,39.85423,-83.65603,1088.6,39.85421,-83.65603,1088.8,3,0,0,-93,0x03,32,5,15,6,-58,-65,7.71,-2.900,7.711,30.687,100%,3.906,4.070,1163,648,0,649,0,,0.00000,0.00000,0.0,0,0.0,-50,3.1
J.Herter_T1,2026-02-28,11:29:11.778,39.85423,-83.65603,1088.6,39.85421,-83.65603,1088.8,3,0,0,-28,0x03,32,5,15,6,-61,-70,7.71,-2.592,7.714,21.729,100%,3.887,4.070,1164,649,0,650,0,,0.00000,0.00000,0.0,0,0.0,-50,2.8
J.Herter_T1,2026-02-28,11:29:12.798,39.85423,-83.65603,1088.6,39.85421,-83.65603,1088.8,3,0,0,170,0x03,32,9,11,7,-64,-67,7.71,-2.351,7.711,15.380,100%,3.887,4.070,1165,650,0,651,0,,0.00000,0.00000,0.0,0,0.0,-50,2.6
J.Herter_T1,2026-02-28,11:29:13.791,39.85423,-83.65603,1088.6,39.85421,-83.65603,1088.8,3,0,0,6,0x03,32,7,12,7,-70,-69,7.71,-2.089,7.716,7.711,100%,3.902,4.071,1166,651,0,652,0,,0.00000,0.00000,0.0,0,0.0,-50,2.3
J.Herter_T1,2026-02-28,11:29:14.779,39.85423,-83.65603,1088.6,39.85421,-83.65603,1088.9,3,0,0,19,0x03,32,6,13,7,-55,-69,7.71,-1.815,7.712,43.331,100%,3.902,4.070,1167,652,0,653,0,,0.00000,0.00000,0.0,0,0.0,-50,2.1
J.Herter_T1,2026-02-28,11:29:16.789,39.85423,-83.65603,1088.6,39.85421,-83.65603,1089.0,3,0,0,-31,0x03,32,9,13,6,-54,-71,7.75,-1.433,7.757,48.888,100%,3.901,4.069,1169,654,0,655,0,,0.00000,0.00000,0.0,0,0.0,-50,1.8
J.Herter_T1,2026-02-28,11:29:17.780,39.85423,-83.65603,1088.6,39.85421,-83.65603,1089.0,3,0,0,-93,0x03,32,10,13,5,-61,-64,7.79,-1.227,7.802,21.954,100%,3.905,4.070,1170,655,0,656,0,,0.00000,0.00000,0.0,0,0.0,-50,1.7
J.Herter_T1,2026-02-28,11:29:18.801,39.85423,-83.65603,1088.6,39.85421,-83.65603,1089.1,3,0,0,41,0x03,32,7,13,6,-54,-68,7.81,-1.034,7.825,49.263,100%,3.905,4.070,1171,656,0,657,0,,0.00000,0.00000,0.0,0,0.0,-50,1.6
J.Herter_T1,2026-02-28,11:29:19.818,39.85423,-83.65603,1088.6,39.85421,-83.65603,1089.2,3,0,0,121,0x03,32,7,12,7,-59,-64,7.84,-0.856,7.861,27.809,100%,3.905,4.071,1172,657,0,658,0,,0.00000,0.00000,0.0,0,0.0,-50,1.5
J.Herter_T1,2026-02-28,11:29:21.799,39.85423,-83.65603,1088.6,39.85421,-83.65603,1089.3,3,0,0,-48,0x03,32,7,12,7,-54,-62,7.83,-0.604,7.860,49.387,100%,3.892,4.070,1174,659,0,660,0,,0.00000,0.00000,0.0,0,0.0,-50,1.3
J.Herter_T1,2026-02-28,11:29:22.789,39.85423,-83.65603,1088.6,39.85421,-83.65603,1089.3,3,0,0,-135,0x03,32,7,14,5,-60,-63,7.84,-0.582,7.866,24.785,100%,3.905,4.071,1175,660,0,661,0,,0.00000,0.00000,0.0,0,0.0,-50,1.3
J.Herter_T1,2026-02-28,11:29:23.779,39.85423,-83.65603,1088.6,39.85421,-83.65603,1089.2,3,0,0,-112,0x03,32,7,14,5,-49,-66,7.85,-0.544,7.875,88.061,100%,3.905,4.069,1176,661,0,662,0,,0.00000,0.00000,0.0,0,0.0,-50,1.2
J.Herter_T1,2026-02-28,11:29:24.801,39.85423,-83.65603,1088.6,39.85421,-83.65603,1089.2,3,0,0,173,0x03,32,7,14,6,-53,-57,7.84,-0.508,7.868,55.524,100%,3.903,4.070,1177,662,0,663,0,,0.00000,0.00000,0.0,0,0.0,-50,1.1
J.Herter_T1,2026-02-28,11:29:25.789,39.85423,-83.65603,1088.6,39.85421,-83.65603,1089.2,3,0,0,27,0x03,32,8,12,6,-55,-62,7.84,-0.510,7.858,44.075,100%,3.903,4.070,1178,663,0,664,0,,0.00000,0.00000,0.0,0,0.0,-50,1.1
J.Herter_T1,2026-02-28,11:29:26.779,39.85423,-83.65603,1088.6,39.85421,-83.65603,1089.1,3,0,0,164,0x03,32,8,13,6,-55,-64,7.84,-0.539,7.852,44.075,100%,3.903,4.070,1179,664,0,665,0,,0.00000,0.00000,0.0,0,0.0,-50,1.0
J.Herter_T1,2026-02-28,11:29:27.799,39.85423,-83.65603,1088.6,39.85421,-83.65603,1088.9,3,0,0,-151,0x03,32,6,14,6,-65,-61,7.84,-0.600,7.846,13.938,100%,3.903,4.070,1180,665,0,666,0,,0.00000,0.00000,0.0,0,0.0,-50,1.0
J.Herter_T1,2026-02-28,11:29:28.819,39.85423,-83.65603,1088.6,39.85421,-83.65603,1088.8,3,0,0,-19,0x03,32,6,14,6,-52,-66,7.83,-0.708,7.834,62.215,100%,3.902,4.072,1181,666,0,667,0,,0.00000,0.00000,0.0,0,0.0,-50,0.9
J.Herter_T1,2026-02-28,11:29:30.801,39.85423,-83.65603,1088.6,39.85421,-83.65603,1088.8,3,0,0,-19,0x03,32,7,13,6,-59,-64,7.79,-0.536,7.793,27.639,100%,3.902,4.070,1183,668,0,669,0,,0.00000,0.00000,0.0,0,0.0,-50,0.7
J.Herter_T1,2026-02-28,11:29:31.789,39.85423,-83.65603,1088.6,39.85421,-83.65603,1088.9,3,0,0,-98,0x03,32,10,12,5,-60,-68,7.80,-0.358,7.806,24.661,100%,3.908,4.070,1184,669,0,670,0,,0.00000,0.00000,0.0,0,0.0,-50,0.7
J.Herter_T1,2026-02-28,11:29:32.779,39.85423,-83.65603,1088.6,39.85421,-83.65603,1089.0,3,0,0,88,0x03,32,10,13,5,-60,-68,7.81,-0.302,7.816,24.690,100%,3.908,4.070,1185,670,0,671,0,,0.00000,0.00000,0.0,0,0.0,-50,0.7
J.Herter_T1,2026-02-28,11:29:33.799,39.85423,-83.65603,1088.6,39.85421,-83.65603,1088.9,3,0,0,-16,0x03,32,9,12,7,-59,-67,7.80,-0.289,7.811,27.686,100%,3.903,4.070,1186,671,0,672,0,,0.00000,0.00000,0.0,0,0.0,-50,0.6
J.Herter_T1,2026-02-28,11:29:34.791,39.85423,-83.65603,1088.6,39.85421,-83.65603,1089.0,3,0,0,136,0x03,32,10,13,5,-68,-66,7.81,-0.245,7.816,9.829,100%,3.903,4.070,1187,672,0,673,0,,0.00000,0.00000,0.0,0,0.0,-50,0.6
J.Herter_T1,2026-02-28,11:29:35.779,39.85423,-83.65603,1088.6,39.85421,-83.65603,1089.0,3,0,0,-111,0x03,32,9,13,5,-65,-77,7.80,-0.227,7.807,13.868,100%,3.904,4.071,1188,673,0,674,0,,0.00000,0.00000,0.0,0,0.0,-50,0.6
J.Herter_T1,2026-02-28,11:29:36.799,39.85423,-83.65603,1088.6,39.85421,-83.65603,1088.9,3,0,0,-113,0x03,32,7,13,6,-66,-71,7.81,-0.207,7.816,12.374,100%,3.904,4.070,1189,674,0,675,0,,0.00000,0.00000,0.0,0,0.0,-50,0.6
J.Herter_T1,2026-02-28,11:29:38.779,39.85423,-83.65603,1088.6,39.85421,-83.65603,1088.9,3,0,0,145,0x03,32,9,13,5,-63,-78,7.84,-0.227,7.843,17.546,100%,3.898,4.069,1191,676,0,677,0,,0.00000,0.00000,0.0,0,0.0,-50,0.5
J.Herter_T1,2026-02-28,11:29:39.801,39.85423,-83.65603,1088.6,39.85421,-83.65603,1088.8,3,0,0,-39,0x03,32,9,13,5,-62,-70,7.84,-0.270,7.846,19.701,100%,3.898,4.071,1192,677,0,678,0,,0.00000,0.00000,0.0,0,0.0,-50,0.5
J.Herter_T1,2026-02-28,11:29:40.791,39.85423,-83.65603,1088.6,39.85421,-83.65603,1088.8,3,0,0,27,0x03,32,10,12,5,-61,-70,7.86,-0.290,7.861,22.151,100%,3.880,4.069,1193,678,0,679,0,,0.00000,0.00000,0.0,0,0.0,-50,0.5
J.Herter_T1,2026-02-28,11:29:41.781,39.85423,-83.65603,1088.6,39.85421,-83.65603,1088.7,3,0,0,-163,0x03,32,10,11,6,-61,-70,7.85,-0.317,7.855,22.136,100%,3.880,4.070,1194,679,0,680,0,,0.00000,0.00000,0.0,0,0.0,-50,0.4
J.Herter_T1,2026-02-28,11:29:42.799,39.85423,-83.65603,1088.6,39.85421,-83.65603,1088.6,3,0,0,18,0x03,32,10,11,6,-57,-66,7.87,-0.350,7.871,35.159,100%,3.898,4.071,1195,680,0,681,0,,0.00000,0.00000,0.0,0,0.0,-50,0.4
J.Herter_T1,2026-02-28,11:29:43.789,39.85423,-83.65603,1088.6,39.85421,-83.65603,1088.6,3,0,0,15,0x03,32,10,11,6,-59,-59,7.88,-0.371,7.877,27.949,100%,3.898,4.070,1196,681,0,682,0,,0.00000,0.00000,0.0,0,0.0,-50,0.3
J.Herter_T1,2026-02-28,11:29:45.801,39.85423,-83.65603,1088.6,39.85421,-83.65604,1088.5,3,0,0,-156,0x03,32,10,12,6,-58,-64,7.89,-0.367,7.890,31.407,100%,3.898,4.070,1198,683,0,684,0,,0.00000,0.00000,0.0,0,0.0,-50,0.3
J.Herter_T1,2026-02-28,11:29:47.782,39.85423,-83.65603,1088.6,39.85421,-83.65604,1088.3,3,0,0,107,0x03,32,11,12,5,-61,-68,7.90,-0.427,7.900,22.252,100%,3.902,4.070,1200,685,0,686,0,,0.00000,0.00000,0.0,0,0.0,-50,0.2
J.Herter_T1,2026-02-28,11:29:48.799,39.85423,-83.65603,1088.6,39.85421,-83.65603,1088.3,3,0,0,41,0x03,32,10,13,5,-61,-68,7.88,-0.458,7.884,22.201,100%,3.902,4.071,1201,686,0,687,0,,0.00000,0.00000,0.0,0,0.0,-50,0.1
J.Herter_T1,2026-02-28,11:29:49.791,39.85423,-83.65603,1088.6,39.85421,-83.65604,1088.2,3,0,0,57,0x03,32,10,10,6,-59,-68,7.88,-0.495,7.895,27.970,100%,3.902,4.073,1202,687,0,688,0,,0.00000,0.00000,0.0,0,0.0,-50,0.1
J.Herter_T1,2026-02-28,11:29:50.779,39.85423,-83.65603,1088.6,39.85421,-83.65604,1088.1,3,0,0,-94,0x03,32,9,11,7,-55,-69,7.89,-0.490,7.904,44.364,100%,3.902,4.070,1203,688,0,689,0,,0.00000,0.00000,0.0,0,0.0,-50,0.0
J.Herter_T1,2026-02-28,11:29:51.801,39.85423,-83.65603,1088.6,39.85421,-83.65604,1088.0,3,0,0,-40,0x03,32,10,12,6,-60,-60,7.88,-0.524,7.904,24.928,100%,3.883,4.070,1204,689,0,690,0,,0.00000,0.00000,0.0,0,0.0,-50,-0.0
J.Herter_T1,2026-02-28,11:29:52.789,39.85423,-83.65603,1088.6,39.85421,-83.65603,1087.9,3,0,0,-24,0x03,32,10,12,6,-63,-67,7.88,-0.622,7.912,17.635,100%,3.883,4.070,1205,690,0,691,0,,0.00000,0.00000,0.0,0,0.0,-50,-0.1
J.Herter_T1,2026-02-28,11:29:53.780,39.85423,-83.65603,1088.6,39.85421,-83.65604,1087.7,3,0,0,171,0x03,32,9,12,6,-58,-65,7.88,-0.731,7.938,31.383,100%,3.901,4.069,1206,691,0,692,0,,0.00000,0.00000,0.0,0,0.0,-50,-0.2
J.Herter_T1,2026-02-28,11:29:54.800,39.85423,-83.65603,1088.6,39.85421,-83.65604,1087.5,3,0,0,-23,0x03,32,7,16,3,-61,-67,7.88,-0.791,7.956,22.217,100%,3.901,4.071,1207,692,0,693,0,,0.00000,0.00000,0.0,0,0.0,-50,-0.3
J.Herter_T1,2026-02-28,11:29:55.790,39.85423,-83.65603,1088.6,39.85421,-83.65603,1087.4,3,0,0,130,0x03,32,10,11,6,-59,-68,7.84,-0.845,7.938,27.828,100%,3.899,4.069,1208,693,0,694,0,,0.00000,0.00000,0.0,0,0.0,-50,-0.4
J.Herter_T1,2026-02-28,11:29:56.779,39.85423,-83.65603,1088.6,39.85421,-83.65603,1087.2,3,0,0,-136,0x03,32,10,10,7,-59,-67,7.83,-0.920,7.957,27.791,100%,3.899,4.070,1209,694,0,695,0,,0.00000,0.00000,0.0,0,0.0,-50,-0.5
J.Herter_T1,2026-02-28,11:29:57.801,39.85423,-83.65603,1088.6,39.85421,-83.65603,1087.1,3,0,0,149,0x03,32,7,14,6,-60,-67,7.84,-0.890,7.980,24.802,100%,3.897,4.070,1210,695,0,696,0,,0.00000,0.00000,0.0,0,0.0,-50,-0.6
J.Herter_T1,2026-02-28,11:29:58.792,39.85423,-83.65603,1088.6,39.85421,-83.65603,1087.0,3,0,0,47,0x03,32,8,14,5,-60,-71,7.84,-0.945,8.011,24.802,100%,3.897,4.070,1211,696,0,697,0,,0.00000,0.00000,0.0,0,0.0,-50,-0.7
J.Herter_T1,2026-02-28,11:29:59.779,39.85423,-83.65603,1088.6,39.85421,-83.65603,1086.8,3,0,0,105,0x03,32,10,15,3,-63,-75,7.85,-0.963,8.042,17.571,100%,3.897,4.070,1212,697,0,698,0,,0.00000,0.00000,0.0,0,0.0,-50,-0.8
J.Herter_T1,2026-02-28,11:30:00.799,39.85423,-83.65603,1088.6,39.85421,-83.65603,1086.8,3,0,0,86,0x03,32,9,13,5,-60,-68,7.79,-0.884,7.994,24.647,100%,3.880,4.069,1213,698,0,699,0,,0.00000,0.00000,0.0,0,0.0,-50,-0.9
J.Herter_T1,2026-02-28,11:30:01.789,39.85423,-83.65603,1088.6,39.85421,-83.65603,1086.7,3,0,0,123,0x03,32,6,15,5,-60,-66,7.73,-0.858,7.950,24.455,100%,3.880,4.070,1214,699,0,700,0,,0.00000,0.00000,0.0,0,0.0,-50,-1.0
J.Herter_T1,2026-02-28,11:30:02.781,39.85423,-83.65603,1088.6,39.85421,-83.65603,1086.7,3,0,0,-153,0x03,32,6,13,7,-57,-67,7.73,-0.778,7.949,34.532,100%,3.901,4.070,1215,700,0,701,0,,0.00000,0.00000,0.0,0,0.0,-50,-1.1
J.Herter_T1,2026-02-28,11:30:03.802,39.85423,-83.65603,1088.6,39.85421,-83.65603,1086.7,3,0,0,-134,0x03,32,6,16,4,-61,-64,7.73,-0.762,7.963,21.781,100%,3.901,4.070,1216,701,0,702,0,,0.00000,0.00000,0.0,0,0.0,-50,-1.2
J.Herter_T1,2026-02-28,11:30:04.789,39.85423,-83.65603,1088.6,39.85421,-83.65603,1086.6,3,0,0,35,0x03,32,6,16,4,-64,-69,7.73,-0.739,7.978,15.420,100%,3.900,4.070,1217,702,0,703,0,,0.00000,0.00000,0.0,0,0.0,-50,-1.2
J.Herter_T1,2026-02-28,11:30:05.779,39.85423,-83.65603,1088.6,39.85421,-83.65603,1086.6,3,0,0,-86,0x03,32,4,17,5,-62,-71,7.71,-0.692,7.969,19.370,100%,3.900,4.070,1218,703,0,704,0,,0.00000,0.00000,0.0,0,0.0,-50,-1.3
J.Herter_T1,2026-02-28,11:30:06.801,39.85423,-83.65603,1088.6,39.85421,-83.65603,1086.6,3,0,0,-68,0x03,32,5,17,4,-62,-64,7.71,-0.581,7.959,19.375,100%,3.902,4.071,1219,704,0,705,0,,0.00000,0.00000,0.0,0,0.0,-50,-1.4
J.Herter_T1,2026-02-28,11:30:08.780,39.85423,-83.65603,1088.6,39.85421,-83.65603,1086.8,3,0,0,2,0x03,32,6,15,5,-69,-70,7.72,-0.357,7.933,8.661,100%,3.903,4.070,1221,706,0,707,0,,0.00000,0.00000,0.0,0,0.0,-50,-1.5
J.Herter_T1,2026-02-28,11:30:09.799,39.85423,-83.65603,1088.6,39.85421,-83.65603,1086.7,3,0,0,35,0x03,32,6,15,5,-68,-77,7.71,-0.339,7.932,9.710,100%,3.903,4.070,1222,707,0,708,0,,0.00000,0.00000,0.0,0,0.0,-50,-1.5
J.Herter_T1,2026-02-28,11:30:10.790,39.85423,-83.65603,1088.6,39.85421,-83.65603,1086.7,3,0,0,47,0x03,32,7,14,5,-63,-76,7.72,-0.302,7.935,17.276,100%,3.903,4.069,1223,708,0,709,0,,0.00000,0.00000,0.0,0,0.0,-50,-1.5
J.Herter_T1,2026-02-28,11:30:11.781,39.85423,-83.65603,1088.6,39.85421,-83.65603,1086.7,3,0,0,-119,0x03,32,7,14,5,-63,-71,7.71,-0.289,7.938,17.272,100%,3.902,4.070,1224,709,0,710,0,,0.00000,0.00000,0.0,0,0.0,-50,-1.6
J.Herter_T1,2026-02-28,11:30:12.802,39.85423,-83.65603,1088.6,39.85421,-83.65603,1086.7,3,0,0,-104,0x03,32,6,15,5,-62,-69,7.72,-0.319,7.955,19.384,100%,3.902,4.070,1225,710,0,711,0,,0.00000,0.00000,0.0,0,0.0,-50,-1.6
J.Herter_T1,2026-02-28,11:30:15.800,39.85423,-83.65603,1088.6,39.85421,-83.65603,1086.6,3,0,0,28,0x03,32,6,15,5,-59,-66,7.71,-0.333,7.976,27.374,94%,3.904,4.067,1228,712,0,713,0,,0.00000,0.00000,0.0,0,0.0,-50,-1.7
J.Herter_T1,2026-02-28,11:30:17.780,39.85423,-83.65603,1088.6,39.85421,-83.65603,1086.6,3,0,0,-162,0x03,32,5,17,4,-57,-61,7.72,-0.215,7.965,34.480,94%,3.901,4.069,1230,714,0,715,0,,0.00000,0.00000,0.0,0,0.0,-50,-1.8
J.Herter_T1,2026-02-28,11:30:18.800,39.85423,-83.65603,1088.6,39.85421,-83.65603,1086.6,3,0,0,0,0x03,32,5,16,5,-57,-66,7.72,-0.202,7.968,34.480,94%,3.901,4.070,1231,715,0,716,0,,0.00000,0.00000,0.0,0,0.0,-50,-1.8
J.Herter_T1,2026-02-28,11:30:19.790,39.85423,-83.65603,1088.6,39.85421,-83.65603,1086.6,3,0,0,-170,0x03,32,5,17,4,-60,-66,7.72,-0.152,7.960,24.410,94%,3.901,4.069,1232,716,0,717,0,,0.00000,0.00000,0.0,0,0.0,-50,-1.8
J.Herter_T1,2026-02-28,11:30:20.782,39.85423,-83.65603,1088.6,39.85421,-83.65603,1086.7,3,0,0,-90,0x03,32,5,15,6,-66,-64,7.72,-0.069,7.942,12.234,94%,3.885,4.070,1233,717,0,718,0,,0.00000,0.00000,0.0,0,0.0,-50,-1.8
J.Herter_T1,2026-02-28,11:30:21.800,39.85423,-83.65603,1088.6,39.85421,-83.65603,1086.7,3,0,0,-138,0x03,32,7,13,6,-61,-74,7.73,-0.042,7.943,21.774,94%,3.885,4.070,1234,718,0,719,0,,0.00000,0.00000,0.0,0,0.0,-50,-1.8
J.Herter_T1,2026-02-28,11:30:23.780,39.85423,-83.65603,1088.6,39.85421,-83.65603,1086.9,3,0,0,-52,0x03,32,6,15,5,-55,-66,7.72,0.092,7.903,43.419,94%,3.899,4.069,1236,720,0,721,0,,0.00000,0.00000,0.0,0,0.0,-50,-1.8
J.Herter_T1,2026-02-28,11:30:24.800,39.85423,-83.65603,1088.6,39.85421,-83.65603,1086.9,3,0,0,132,0x03,32,5,17,4,-57,-64,7.72,0.041,7.913,34.489,94%,3.905,4.070,1237,721,0,722,0,,0.00000,0.00000,0.0,0,0.0,-50,-1.8
J.Herter_T1,2026-02-28,11:30:26.781,39.85423,-83.65603,1088.6,39.85421,-83.65603,1086.8,3,0,0,-24,0x03,32,5,18,3,-65,-72,7.72,-0.056,7.937,13.730,96%,3.902,4.071,1239,723,0,724,0,,0.00000,0.00000,0.0,0,0.0,-50,-1.8
J.Herter_T1,2026-02-28,11:30:27.801,39.85423,-83.65603,1088.6,39.85421,-83.65603,1086.7,3,0,0,-48,0x03,32,5,17,4,-60,-69,7.72,-0.136,7.962,24.424,96%,3.902,4.069,1240,724,0,725,0,,0.00000,0.00000,0.0,0,0.0,-50,-1.8
J.Herter_T1,2026-02-28,11:30:28.790,39.85423,-83.65603,1088.6,39.85421,-83.65603,1086.6,3,0,0,-13,0x03,32,6,15,5,-60,-67,7.72,-0.205,7.982,24.416,96%,3.900,4.070,1241,725,0,726,0,,0.00000,0.00000,0.0,0,0.0,-50,-1.8
J.Herter_T1,2026-02-28,11:30:29.781,39.85423,-83.65603,1088.6,39.85421,-83.65603,1086.6,3,0,0,-88,0x03,32,5,16,5,-72,-63,7.74,-0.179,7.995,6.145,96%,3.900,4.069,1242,726,0,727,0,,0.00000,0.00000,0.0,0,0.0,-50,-1.8
J.Herter_T1,2026-02-28,11:30:30.802,39.85423,-83.65603,1088.6,39.85421,-83.65603,1086.6,3,0,0,-22,0x03,32,8,13,6,-66,-75,7.79,-0.146,8.043,12.346,96%,3.900,4.069,1243,727,0,728,0,,0.00000,0.00000,0.0,0,0.0,-50,-1.9
J.Herter_T1,2026-02-28,11:30:31.791,39.85423,-83.65603,1088.6,39.85421,-83.65603,1086.5,3,0,0,97,0x03,32,6,15,5,-66,-74,7.79,-0.176,8.055,12.346,96%,3.880,4.068,1244,728,0,729,0,,0.00000,0.00000,0.0,0,0.0,-50,-1.9
J.Herter_T1,2026-02-28,11:30:33.800,39.85423,-83.65603,1088.6,39.85421,-83.65603,1086.7,3,0,0,-70,0x03,32,7,14,5,-62,-65,7.86,-0.014,8.090,19.742,96%,3.902,4.069,1246,730,0,731,0,,0.00000,0.00000,0.0,0,0.0,-50,-1.9
J.Herter_T1,2026-02-28,11:30:34.791,39.85423,-83.65603,1088.6,39.85421,-83.65603,1086.7,3,1,0,62,0x03,32,9,13,5,-57,-68,7.85,0.008,8.079,35.082,100%,3.902,4.071,1247,731,0,732,0,,0.00000,0.00000,0.0,0,0.0,-50,-1.9
J.Herter_T1,2026-02-28,11:30:35.781,39.85423,-83.65603,1088.6,39.85421,-83.65603,1086.7,3,0,0,-165,0x03,32,6,15,5,-58,-63,7.78,0.036,7.997,30.962,100%,3.899,4.071,1248,732,0,733,0,,0.00000,0.00000,0.0,0,0.0,-50,-1.9
J.Herter_T1,2026-02-28,11:30:37.791,39.85423,-83.65603,1088.6,39.85421,-83.65603,1086.8,3,0,0,-58,0x03,32,5,16,5,-67,-70,7.84,0.108,8.039,11.079,100%,3.902,4.071,1250,734,0,735,0,,0.00000,0.00000,0.0,0,0.0,-50,-1.9
J.Herter_T1,2026-02-28,11:30:38.782,39.85423,-83.65603,1088.6,39.85421,-83.65603,1086.9,3,0,0,162,0x03,32,6,15,5,-74,-72,7.85,0.159,8.030,4.952,100%,3.902,4.070,1251,735,0,736,0,,0.00000,0.00000,0.0,0,0.0,-50,-1.9
J.Herter_T1,2026-02-28,11:30:39.801,39.85423,-83.65603,1088.6,39.85421,-83.65603,1086.9,3,0,0,-20,0x03,32,7,13,6,-59,-77,7.83,0.173,8.002,27.772,100%,3.902,4.070,1252,736,0,737,0,,0.00000,0.00000,0.0,0,0.0,-50,-1.8
J.Herter_T1,2026-02-28,11:30:40.790,39.85423,-83.65603,1088.6,39.85421,-83.65604,1086.9,3,0,0,-40,0x03,32,8,12,6,-60,-69,7.88,0.117,8.066,24.928,100%,3.876,4.070,1253,737,0,738,0,,0.00000,0.00000,0.0,0,0.0,-50,-1.8
J.Herter_T1,2026-02-28,11:30:41.780,39.85423,-83.65603,1088.6,39.85421,-83.65603,1086.9,3,0,0,150,0x03,32,11,11,6,-62,-67,7.87,0.147,8.039,19.757,100%,3.876,4.068,1254,738,0,739,0,,0.00000,0.00000,0.0,0,0.0,-50,-1.8
J.Herter_T1,2026-02-28,11:30:42.802,39.85423,-83.65603,1088.6,39.85421,-83.65603,1086.9,3,0,0,51,0x03,32,8,12,7,-62,-70,7.82,0.079,8.009,19.649,100%,3.897,4.070,1255,739,0,740,0,,0.00000,0.00000,0.0,0,0.0,-50,-1.8
J.Herter_T1,2026-02-28,11:30:43.793,39.85423,-83.65603,1088.6,39.85421,-83.65603,1086.8,3,0,0,117,0x03,32,9,12,6,-63,-67,7.79,0.042,7.984,17.439,100%,3.897,4.068,1256,740,0,741,0,,0.00000,0.00000,0.0,0,0.0,-50,-1.8
J.Herter_T1,2026-02-28,11:30:44.780,39.85423,-83.65603,1088.6,39.85421,-83.65603,1086.8,3,0,0,-46,0x03,32,9,11,7,-63,-71,7.78,-0.013,7.989,17.420,100%,3.900,4.068,1257,741,0,742,0,,0.00000,0.00000,0.0,0,0.0,-50,-1.8
J.Herter_T1,2026-02-28,11:30:45.800,39.85423,-83.65603,1088.6,39.85421,-83.65603,1086.7,3,0,0,134,0x03,32,9,12,6,-71,-69,7.77,-0.041,7.988,6.928,100%,3.900,4.069,1258,742,0,743,0,,0.00000,0.00000,0.0,0,0.0,-50,-1.8
J.Herter_T1,2026-02-28,11:30:46.792,39.85423,-83.65603,1088.6,39.85421,-83.65603,1086.7,3,0,0,59,0x03,32,9,13,5,-64,-78,7.76,-0.102,7.994,15.487,100%,3.903,4.069,1259,743,0,744,0,,0.00000,0.00000,0.0,0,0.0,-50,-1.8
J.Herter_T1,2026-02-28,11:30:47.783,39.85423,-83.65603,1088.6,39.85421,-83.65603,1086.7,3,0,0,-133,0x03,32,9,14,4,-68,-74,7.75,-0.071,7.979,9.759,100%,3.903,4.068,1260,744,0,745,0,,0.00000,0.00000,0.0,0,0.0,-50,-1.8
J.Herter_T1,2026-02-28,11:30:48.800,39.85423,-83.65603,1088.6,39.85421,-83.65603,1086.7,3,0,0,173,0x03,32,9,13,5,-72,-75,7.75,-0.067,7.980,6.157,100%,3.903,4.069,1261,745,0,746,0,,0.00000,0.00000,0.0,0,0.0,-50,-1.8
J.Herter_T1,2026-02-28,11:30:49.790,39.85423,-83.65603,1088.6,39.85421,-83.65603,1086.7,3,0,0,94,0x03,32,8,11,7,-65,-76,7.75,-0.102,7.987,13.779,100%,3.903,4.070,1262,746,0,747,0,,0.00000,0.00000,0.0,0,0.0,-50,-1.8
J.Herter_T1,2026-02-28,11:30:50.782,39.85423,-83.65603,1088.6,39.85421,-83.65603,1086.6,3,0,0,33,0x03,32,10,11,6,-68,-75,7.73,-0.153,7.987,9.733,100%,3.903,4.069,1263,747,0,748,0,,0.00000,0.00000,0.0,0,0.0,-50,-1.9
J.Herter_T1,2026-02-28,11:30:51.803,39.85423,-83.65603,1088.6,39.85421,-83.65603,1086.4,3,0,0,-146,0x03,32,5,17,4,-57,-68,7.74,-0.286,8.038,34.569,100%,3.901,4.069,1264,748,0,749,0,,0.00000,0.00000,0.0,0,0.0,-50,-1.9
J.Herter_T1,2026-02-28,11:30:52.790,39.85423,-83.65603,1088.6,39.85421,-83.65603,1086.4,3,0,0,-61,0x03,32,9,11,7,-50,-65,7.79,-0.275,8.092,77.897,100%,3.901,4.069,1265,749,0,750,0,,0.00000,0.00000,0.0,0,0.0,-50,-1.9
J.Herter_T1,2026-02-28,11:30:53.780,39.85423,-83.65603,1088.6,39.85421,-83.65603,1086.4,3,0,0,-44,0x03,32,7,14,5,-54,-60,7.80,-0.233,8.101,49.234,100%,3.898,4.069,1266,750,0,751,0,,0.00000,0.00000,0.0,0,0.0,-50,-1.9
J.Herter_T1,2026-02-28,11:30:54.800,39.85423,-83.65603,1088.6,39.85421,-83.65603,1086.4,3,0,0,117,0x03,32,10,13,5,-62,-62,7.83,-0.180,8.120,19.674,100%,3.898,4.070,1267,751,0,752,0,,0.00000,0.00000,0.0,0,0.0,-50,-2.0
J.Herter_T1,2026-02-28,11:30:55.793,39.85423,-83.65603,1088.6,39.85421,-83.65603,1086.5,3,0,0,45,0x03,32,7,17,4,-61,-66,7.83,-0.147,8.111,22.060,100%,3.900,4.069,1268,752,0,753,0,,0.00000,0.00000,0.0,0,0.0,-50,-2.0
J.Herter_T1,2026-02-28,11:30:56.781,39.85423,-83.65603,1088.6,39.85421,-83.65603,1086.3,3,0,0,-51,0x03,32,6,15,5,-62,-69,7.82,-0.259,8.144,19.649,100%,3.900,4.067,1269,753,0,754,0,,0.00000,0.00000,0.0,0,0.0,-50,-2.0
J.Herter_T1,2026-02-28,11:30:57.800,39.85423,-83.65603,1088.6,39.85421,-83.65603,1086.3,3,0,0,-59,0x03,32,6,16,5,-60,-70,7.83,-0.227,8.147,24.752,100%,3.899,4.067,1270,754,0,755,0,,0.00000,0.00000,0.0,0,0.0,-50,-2.0
J.Herter_T1,2026-02-28,11:30:58.790,39.85423,-83.65603,1088.6,39.85421,-83.65603,1086.3,3,0,0,20,0x03,32,6,16,4,-59,-69,7.83,-0.190,8.148,27.791,100%,3.899,4.068,1271,755,0,756,0,,0.00000,0.00000,0.0,0,0.0,-50,-2.1
J.Herter_T1,2026-02-28,11:30:59.783,39.85423,-83.65603,1088.6,39.85421,-83.65603,1086.5,3,0,0,-132,0x03,32,6,18,2,-65,-66,7.84,-0.050,8.122,13.947,100%,3.899,4.067,1272,756,0,757,0,,0.00000,0.00000,0.0,0,0.0,-50,-2.1
J.Herter_T1,2026-02-28,11:31:00.801,39.85423,-83.65603,1088.6,39.85421,-83.65603,1086.6,3,0,0,84,0x03,32,6,18,2,-65,-74,7.85,0.082,8.092,13.957,100%,3.882,4.068,1273,757,0,758,0,,0.00000,0.00000,0.0,0,0.0,-50,-2.1
J.Herter_T1,2026-02-28,11:31:01.790,39.85423,-83.65603,1088.6,39.85421,-83.65603,1086.8,3,0,0,152,0x03,32,7,17,2,-66,-72,7.84,0.227,8.047,12.430,100%,3.882,4.068,1274,758,0,759,0,,0.00000,0.00000,0.0,0,0.0,-50,-2.0
J.Herter_T1,2026-02-28,11:31:02.780,39.85423,-83.65603,1088.6,39.85421,-83.65603,1087.0,3,0,0,-21,0x03,32,7,17,2,-63,-75,7.86,0.403,8.017,17.595,100%,3.897,4.068,1275,759,0,760,0,,0.00000,0.00000,0.0,0,0.0,-50,-2.0
J.Herter_T1,2026-02-28,11:31:03.802,39.85423,-83.65603,1088.6,39.85421,-83.65603,1087.2,3,0,0,-58,0x03,32,7,16,3,-64,-65,7.87,0.542,7.991,15.705,100%,3.897,4.067,1276,760,0,761,0,,0.00000,0.00000,0.0,0,0.0,-50,-1.9
J.Herter_T1,2026-02-28,11:31:04.791,39.85423,-83.65603,1088.6,39.85421,-83.65603,1087.4,3,0,0,99,0x03,32,7,16,3,-64,-71,7.87,0.665,7.959,15.705,100%,3.895,4.068,1277,761,0,762,0,,0.00000,0.00000,0.0,0,0.0,-50,-1.8
J.Herter_T1,2026-02-28,11:31:05.781,39.85423,-83.65603,1088.6,39.85421,-83.65604,1087.6,3,0,0,-59,0x03,32,6,16,4,-60,-71,7.88,0.732,7.951,24.928,100%,3.895,4.068,1278,762,0,763,0,,0.00000,0.00000,0.0,0,0.0,-50,-1.8
J.Herter_T1,2026-02-28,11:31:07.793,39.85423,-83.65603,1088.6,39.85421,-83.65604,1087.8,3,0,0,-85,0x03,32,9,15,3,-61,-64,7.90,0.829,7.932,22.252,100%,3.899,4.067,1280,764,0,765,0,,0.00000,0.00000,0.0,0,0.0,-50,-1.6
J.Herter_T1,2026-02-28,11:31:08.781,39.85423,-83.65603,1088.6,39.85421,-83.65604,1088.0,3,0,0,17,0x03,32,8,16,3,-60,-70,7.89,0.891,7.912,24.948,100%,3.899,4.068,1281,765,0,766,0,,0.00000,0.00000,0.0,0,0.0,-50,-1.5
J.Herter_T1,2026-02-28,11:31:09.801,39.85423,-83.65603,1088.6,39.85421,-83.65604,1088.1,3,0,0,-178,0x03,32,7,16,3,-61,-69,7.90,0.938,7.914,22.270,100%,3.900,4.067,1282,766,0,767,0,,0.00000,0.00000,0.0,0,0.0,-50,-1.4
J.Herter_T1,2026-02-28,11:31:10.791,39.85423,-83.65603,1088.6,39.85421,-83.65604,1088.3,3,0,0,177,0x03,32,10,13,5,-58,-65,7.89,0.959,7.896,31.407,100%,3.900,4.069,1283,767,0,768,0,,0.00000,0.00000,0.0,0,0.0,-50,-1.3
J.Herter_T1,2026-02-28,11:31:11.783,39.85423,-83.65603,1088.6,39.85421,-83.65604,1088.3,3,0,0,-58,0x03,32,9,12,6,-58,-66,7.91,0.902,7.919,31.508,100%,3.883,4.067,1284,768,0,769,0,,0.00000,0.00000,0.0,0,0.0,-50,-1.2
J.Herter_T1,2026-02-28,11:31:12.803,39.85423,-83.65603,1088.6,39.85421,-83.65604,1088.3,3,0,0,137,0x03,32,7,13,6,-80,-67,7.91,0.817,7.913,2.501,100%,3.883,4.069,1285,769,0,770,0,,0.00000,0.00000,0.0,0,0.0,-50,-1.1
J.Herter_T1,2026-02-28,11:31:13.791,39.85423,-83.65603,1088.6,39.85421,-83.65604,1088.4,3,0,0,34,0x03,32,7,14,5,-60,-84,7.90,0.780,7.898,24.967,100%,3.902,4.067,1286,770,0,771,0,,0.00000,0.00000,0.0,0,0.0,-50,-1.0
J.Herter_T1,2026-02-28,11:31:14.781,39.85423,-83.65603,1088.6,39.85421,-83.65603,1088.4,3,0,0,9,0x03,32,5,17,4,-59,-68,7.87,0.711,7.874,27.928,100%,3.902,4.068,1287,771,0,772,0,,0.00000,0.00000,0.0,0,0.0,-50,-0.9
J.Herter_T1,2026-02-28,11:31:15.803,39.85423,-83.65603,1088.6,39.85421,-83.65603,1088.5,3,0,0,8,0x03,32,7,16,3,-61,-67,7.88,0.719,7.878,22.201,100%,3.902,4.067,1288,772,0,773,0,,0.00000,0.00000,0.0,0,0.0,-50,-0.8
J.Herter_T1,2026-02-28,11:31:16.793,39.85423,-83.65603,1088.6,39.85421,-83.65603,1088.5,3,0,0,-95,0x03,32,6,17,3,-58,-69,7.87,0.677,7.872,31.336,100%,3.902,4.068,1289,773,0,774,0,,0.00000,0.00000,0.0,0,0.0,-50,-0.8
J.Herter_T1,2026-02-28,11:31:17.782,39.85423,-83.65603,1088.6,39.85421,-83.65604,1088.6,3,0,0,-175,0x03,32,6,18,3,-57,-64,7.88,0.698,7.883,35.212,100%,3.895,4.068,1290,774,0,775,0,,0.00000,0.00000,0.0,0,0.0,-50,-0.7
J.Herter_T1,2026-02-28,11:31:18.802,39.85423,-83.65603,1088.6,39.85421,-83.65604,1088.7,3,0,0,109,0x03,32,6,15,5,-59,-65,7.88,0.690,7.883,27.970,100%,3.895,4.068,1291,775,0,776,0,,0.00000,0.00000,0.0,0,0.0,-50,-0.6
J.Herter_T1,2026-02-28,11:31:19.793,39.85423,-83.65603,1088.6,39.85421,-83.65604,1088.7,3,0,0,-16,0x03,32,6,15,5,-57,-68,7.88,0.657,7.884,35.212,100%,3.895,4.068,1292,776,0,777,0,,0.00000,0.00000,0.0,0,0.0,-50,-0.5
J.Herter_T1,2026-02-28,11:31:20.782,39.85423,-83.65603,1088.6,39.85421,-83.65604,1088.7,3,0,0,-168,0x03,32,10,14,4,-57,-65,7.90,0.606,7.896,35.267,100%,3.876,4.069,1293,777,0,778,0,,0.00000,0.00000,0.0,0,0.0,-50,-0.5
J.Herter_T1,2026-02-28,11:31:21.801,39.85423,-83.65603,1088.6,39.85421,-83.65604,1088.8,3,0,0,92,0x03,32,9,13,5,-55,-66,7.90,0.581,7.904,44.434,100%,3.876,4.068,1294,778,0,779,0,,0.00000,0.00000,0.0,0,0.0,-50,-0.4
J.Herter_T1,2026-02-28,11:31:22.791,39.85423,-83.65603,1088.6,39.85421,-83.65603,1088.8,3,0,0,-5,0x03,32,10,12,6,-51,-59,7.88,0.567,7.880,70.204,100%,3.897,4.067,1295,779,0,780,0,,0.00000,0.00000,0.0,0,0.0,-50,-0.3
J.Herter_T1,2026-02-28,11:31:23.782,39.85423,-83.65603,1088.6,39.85421,-83.65603,1088.8,3,0,0,12,0x03,32,7,16,3,-52,-61,7.87,0.481,7.873,62.523,100%,3.897,4.067,1296,780,0,781,0,,0.00000,0.00000,0.0,0,0.0,-50,-0.3
J.Herter_T1,2026-02-28,11:31:25.791,39.85423,-83.65603,1088.6,39.85421,-83.65604,1088.9,3,0,0,-11,0x03,32,7,17,2,-52,-60,7.90,0.531,7.903,62.715,100%,3.900,4.068,1298,782,0,783,0,,0.00000,0.00000,0.0,0,0.0,-50,-0.2
J.Herter_T1,2026-02-28,11:31:26.782,39.85423,-83.65603,1088.6,39.85421,-83.65604,1088.9,3,0,0,29,0x03,32,7,16,3,-52,-61,7.92,0.466,7.928,62.919,100%,3.898,4.069,1299,783,0,784,0,,0.00000,0.00000,0.0,0,0.0,-50,-0.1
J.Herter_T1,2026-02-28,11:31:27.801,39.85423,-83.65603,1088.6,39.85421,-83.65604,1089.0,3,0,0,-151,0x03,32,7,16,3,-52,-61,7.92,0.517,7.934,62.919,100%,3.898,4.068,1300,784,0,785,0,,0.00000,0.00000,0.0,0,0.0,-50,-0.1
J.Herter_T1,2026-02-28,11:31:28.792,39.85423,-83.65603,1088.6,39.85421,-83.65604,1089.1,3,0,0,-48,0x03,32,7,15,4,-54,-61,7.94,0.506,7.957,50.107,100%,3.898,4.068,1301,785,0,786,0,,0.00000,0.00000,0.0,0,0.0,-50,-0.0
J.Herter_T1,2026-02-28,11:31:29.782,39.85423,-83.65603,1088.6,39.85423,-83.65604,1089.2,3,0,0,-91,0x03,32,7,16,3,-51,-62,2.65,0.568,2.717,23.581,100%,3.898,4.067,1302,786,0,787,0,,0.00000,0.00000,0.0,0,0.0,-50,0.0
J.Herter_T1,2026-02-28,11:31:30.801,39.85423,-83.65603,1088.6,39.85423,-83.65604,1089.3,3,0,0,175,0x03,32,8,15,4,-51,-54,2.65,0.597,2.740,23.581,100%,3.898,4.068,1303,787,0,788,0,,0.00000,0.00000,0.0,0,0.0,-50,0.1
J.Herter_T1,2026-02-28,11:31:31.792,39.85423,-83.65603,1088.6,39.85421,-83.65604,1089.4,3,0,0,171,0x03,32,7,16,3,-54,-60,7.91,0.599,7.953,49.937,100%,3.902,4.068,1304,788,0,789,0,,0.00000,0.00000,0.0,0,0.0,-50,0.2
J.Herter_T1,2026-02-28,11:31:32.781,39.85423,-83.65603,1088.6,39.85421,-83.65604,1089.4,3,1,0,85,0x03,32,5,17,4,-54,-62,7.90,0.589,7.939,49.816,100%,3.902,4.069,1305,789,0,790,0,,0.00000,0.00000,0.0,0,0.0,-50,0.2
J.Herter_T1,2026-02-28,11:31:33.802,39.85423,-83.65603,1088.6,39.85421,-83.65603,1089.4,3,0,0,-21,0x03,32,7,13,6,-51,-63,7.84,0.545,7.889,69.901,100%,3.899,4.067,1306,790,0,791,0,,0.00000,0.00000,0.0,0,0.0,-50,0.3
J.Herter_T1,2026-02-28,11:31:34.791,39.85423,-83.65603,1088.6,39.85421,-83.65603,1089.5,3,0,0,-93,0x03,32,7,13,6,-54,-63,7.86,0.529,7.910,49.591,100%,3.899,4.069,1307,791,0,792,0,,0.00000,0.00000,0.0,0,0.0,-50,0.4
J.Herter_T1,2026-02-28,11:31:35.781,39.85423,-83.65603,1088.6,39.85421,-83.65604,1089.5,3,0,0,-17,0x03,32,7,13,6,-55,-63,7.88,0.529,7.941,44.330,100%,3.896,4.070,1308,792,0,793,0,,0.00000,0.00000,0.0,0,0.0,-50,0.4
J.Herter_T1,2026-02-28,11:31:36.802,39.85423,-83.65603,1088.6,39.85421,-83.65603,1089.5,3,0,0,180,0x03,32,7,13,6,-53,-63,7.88,0.406,7.926,55.765,100%,3.896,4.068,1309,793,0,794,0,,0.00000,0.00000,0.0,0,0.0,-50,0.5
J.Herter_T1,2026-02-28,11:31:37.792,39.85423,-83.65603,1088.6,39.85421,-83.65604,1089.4,3,0,0,66,0x03,32,7,14,5,-53,-62,7.89,0.303,7.930,55.851,100%,3.899,4.067,1310,794,0,795,0,,0.00000,0.00000,0.0,0,0.0,-50,0.5
J.Herter_T1,2026-02-28,11:31:38.781,39.85423,-83.65603,1088.6,39.85421,-83.65604,1089.3,3,0,0,51,0x03,32,7,12,7,-54,-60,7.90,0.161,7.925,49.816,100%,3.899,4.068,1311,795,0,796,0,,0.00000,0.00000,0.0,0,0.0,-50,0.5
J.Herter_T1,2026-02-28,11:31:39.801,39.85423,-83.65603,1088.6,39.85421,-83.65604,1089.3,3,0,0,-96,0x03,32,7,14,5,-53,-62,7.91,0.130,7.936,55.985,100%,3.899,4.068,1312,796,0,797,0,,0.00000,0.00000,0.0,0,0.0,-50,0.5
J.Herter_T1,2026-02-28,11:31:40.793,39.85423,-83.65603,1088.6,39.85421,-83.65604,1089.2,3,0,0,-153,0x03,32,7,14,5,-54,-61,7.92,0.093,7.947,49.979,100%,3.881,4.068,1313,797,0,798,0,,0.00000,0.00000,0.0,0,0.0,-50,0.5
J.Herter_T1,2026-02-28,11:31:41.781,39.85423,-83.65603,1088.6,39.85421,-83.65604,1089.2,3,0,0,50,0x03,32,7,15,4,-53,-63,7.92,0.084,7.947,56.077,100%,3.881,4.067,1314,798,0,799,0,,0.00000,0.00000,0.0,0,0.0,-50,0.6
J.Herter_T1,2026-02-28,11:31:42.801,39.85423,-83.65603,1088.6,39.85421,-83.65604,1089.2,3,0,0,24,0x03,32,7,13,6,-53,-64,7.90,0.016,7.922,55.939,100%,3.896,4.069,1315,799,0,800,0,,0.00000,0.00000,0.0,0,0.0,-50,0.6
J.Herter_T1,2026-02-28,11:31:43.792,39.85423,-83.65603,1088.6,39.85421,-83.65604,1089.1,3,0,0,160,0x03,32,7,13,6,-53,-63,7.90,-0.074,7.910,55.895,100%,3.896,4.067,1316,800,0,801,0,,0.00000,0.00000,0.0,0,0.0,-50,0.5
J.Herter_T1,2026-02-28,11:31:44.783,39.85423,-83.65603,1088.6,39.85421,-83.65604,1089.0,3,0,0,-53,0x03,32,6,13,7,-52,-63,7.91,-0.125,7.919,62.816,100%,3.900,4.067,1317,801,0,802,0,,0.00000,0.00000,0.0,0,0.0,-50,0.5
J.Herter_T1,2026-02-28,11:31:46.791,39.85423,-83.65603,1088.6,39.85421,-83.65604,1089.0,3,0,0,39,0x03,32,6,15,5,-54,-63,7.95,-0.078,7.960,50.150,100%,3.899,4.067,1319,803,0,804,0,,0.00000,0.00000,0.0,0,0.0,-50,0.5
J.Herter_T1,2026-02-28,11:31:47.781,39.85423,-83.65603,1088.6,39.85421,-83.65604,1089.1,3,0,0,37,0x03,32,7,14,5,-53,-62,7.96,-0.047,7.969,56.319,100%,3.899,4.067,1320,804,0,805,0,,0.00000,0.00000,0.0,0,0.0,-50,0.5
J.Herter_T1,2026-02-28,11:31:48.803,39.85423,-83.65603,1088.6,39.85421,-83.65604,1089.1,3,0,0,-109,0x03,32,7,14,5,-54,-63,7.96,0.020,7.973,50.195,100%,3.899,4.068,1321,805,0,806,0,,0.00000,0.00000,0.0,0,0.0,-50,0.5
J.Herter_T1,2026-02-28,11:31:49.794,39.85423,-83.65603,1088.6,39.85421,-83.65604,1089.3,3,0,0,-117,0x03,32,6,15,5,-53,-57,7.96,0.145,7.991,56.370,100%,3.900,4.068,1322,806,0,807,0,,0.00000,0.00000,0.0,0,0.0,-50,0.5
J.Herter_T1,2026-02-28,11:31:50.781,39.85423,-83.65603,1088.6,39.85421,-83.65604,1089.3,3,0,0,-159,0x03,32,6,16,4,-52,-62,7.96,0.195,7.997,63.248,100%,3.900,4.068,1323,807,0,808,0,,0.00000,0.00000,0.0,0,0.0,-50,0.6
J.Herter_T1,2026-02-28,11:31:51.801,39.85423,-83.65603,1088.6,39.85421,-83.65604,1089.3,3,0,0,129,0x03,32,7,15,4,-54,-62,7.97,0.141,8.001,50.285,100%,3.875,4.067,1324,808,0,809,0,,0.00000,0.00000,0.0,0,0.0,-50,0.6
J.Herter_T1,2026-02-28,11:31:52.791,39.85423,-83.65603,1088.6,39.85421,-83.65604,1089.3,3,0,0,45,0x03,32,6,17,3,-53,-63,7.97,0.118,8.000,56.421,100%,3.875,4.069,1325,809,0,810,0,,0.00000,0.00000,0.0,0,0.0,-50,0.6
J.Herter_T1,2026-02-28,11:31:53.784,39.85423,-83.65603,1088.6,39.85423,-83.65604,1089.2,3,0,0,169,0x03,32,6,15,5,-55,-59,2.69,0.026,2.758,15.126,100%,3.899,4.067,1326,810,0,811,0,,0.00000,0.00000,0.0,0,0.0,-50,0.6
J.Herter_T1,2026-02-28,11:31:54.801,39.85423,-83.65603,1088.6,39.85423,-83.65604,1089.2,3,0,0,97,0x03,32,6,16,4,-54,-64,2.69,0.015,2.756,16.972,100%,3.899,4.069,1327,811,0,812,0,,0.00000,0.00000,0.0,0,0.0,-50,0.6
J.Herter_T1,2026-02-28,11:31:55.791,39.85423,-83.65603,1088.6,39.85423,-83.65604,1089.3,3,0,0,-124,0x03,32,7,15,4,-54,-62,2.76,0.093,2.841,17.394,100%,3.900,4.067,1328,812,0,813,0,,0.00000,0.00000,0.0,0,0.0,-50,0.6
J.Herter_T1,2026-02-28,11:31:56.782,39.85423,-83.65603,1088.6,39.85423,-83.65604,1089.3,3,0,0,-108,0x03,32,6,16,4,-49,-63,2.80,0.090,2.887,31.437,100%,3.900,4.068,1329,813,0,814,0,,0.00000,0.00000,0.0,0,0.0,-50,0.6
J.Herter_T1,2026-02-28,11:31:58.792,39.85423,-83.65603,1088.6,39.85423,-83.65604,1089.3,3,0,0,9,0x03,32,6,14,6,-54,-60,2.94,0.077,3.022,18.546,100%,3.900,4.066,1331,815,0,816,0,,0.00000,0.00000,0.0,0,0.0,-50,0.6
J.Herter_T1,2026-02-28,11:32:00.802,39.85423,-83.65603,1088.6,39.85423,-83.65604,1089.5,3,0,0,86,0x03,32,7,15,4,-53,-61,2.96,0.256,3.102,20.973,100%,3.881,4.068,1333,817,0,818,0,,0.00000,0.00000,0.0,0,0.0,-50,0.7
J.Herter_T1,2026-02-28,11:32:01.793,39.85423,-83.65603,1088.6,39.85423,-83.65604,1089.7,3,0,0,159,0x03,32,6,14,6,-52,-62,3.08,0.408,3.277,24.464,100%,3.881,4.067,1334,818,0,819,0,,0.00000,0.00000,0.0,0,0.0,-50,0.7
J.Herter_T1,2026-02-28,11:32:02.782,39.85423,-83.65603,1088.6,39.85423,-83.65604,1089.9,3,1,0,-53,0x03,32,7,14,5,-52,-61,3.64,0.553,3.874,28.918,100%,3.895,4.069,1335,819,0,820,0,,0.00000,0.00000,0.0,0,0.0,-50,0.8
J.Herter_T1,2026-02-28,11:32:03.802,39.85423,-83.65603,1088.6,39.85423,-83.65604,1090.1,3,0,0,-31,0x03,32,5,15,6,-60,-61,3.94,0.687,4.231,12.470,100%,3.895,4.069,1336,820,0,821,0,,0.00000,0.00000,0.0,0,0.0,-50,0.8
J.Herter_T1,2026-02-28,11:32:04.792,39.85423,-83.65603,1088.6,39.85423,-83.65604,1090.3,3,0,0,-86,0x03,32,6,17,3,-57,-68,3.69,0.757,4.059,16.485,100%,3.899,4.068,1337,821,0,822,0,,0.00000,0.00000,0.0,0,0.0,-50,0.9
J.Herter_T1,2026-02-28,11:32:05.784,39.85423,-83.65603,1088.6,39.85423,-83.65604,1090.5,3,0,0,11,0x03,32,6,15,5,-57,-65,3.62,0.923,4.112,16.150,100%,3.899,4.067,1338,822,0,823,0,,0.00000,0.00000,0.0,0,0.0,-50,1.0
J.Herter_T1,2026-02-28,11:32:06.802,39.85423,-83.65603,1088.6,39.85423,-83.65604,1090.8,3,0,0,-83,0x03,32,7,16,3,-57,-65,3.54,1.046,4.167,15.817,100%,3.900,4.068,1339,823,0,824,0,,0.00000,0.00000,0.0,0,0.0,-50,1.2
J.Herter_T1,2026-02-28,11:32:07.792,39.85423,-83.65603,1088.6,39.85423,-83.65604,1090.8,3,0,0,-5,0x03,32,9,14,4,-55,-66,3.64,0.992,4.281,20.472,100%,3.900,4.068,1340,824,0,825,0,,0.00000,0.00000,0.0,0,0.0,-50,1.3
J.Herter_T1,2026-02-28,11:32:08.782,39.85423,-83.65603,1088.6,39.85423,-83.65604,1090.8,3,0,0,-137,0x03,32,8,14,5,-57,-64,3.62,0.831,4.224,16.150,100%,3.895,4.068,1341,825,0,826,0,,0.00000,0.00000,0.0,0,0.0,-50,1.4
J.Herter_T1,2026-02-28,11:32:10.792,39.85423,-83.65603,1088.6,39.85423,-83.65604,1090.8,3,0,0,141,0x03,32,5,15,6,-61,-68,3.69,0.694,4.299,10.402,100%,3.895,4.068,1343,827,0,828,0,,0.00000,0.00000,0.0,0,0.0,-50,1.5
J.Herter_T1,2026-02-28,11:32:11.782,39.85423,-83.65603,1088.6,39.85423,-83.65604,1090.6,3,0,0,-41,0x03,32,7,14,5,-58,-66,3.69,0.409,4.181,14.693,100%,3.895,4.068,1344,828,0,829,0,,0.00000,0.00000,0.0,0,0.0,-50,1.6
J.Herter_T1,2026-02-28,11:32:12.802,39.85423,-83.65603,1088.6,39.85423,-83.65604,1090.5,3,0,0,164,0x03,31,7,14,5,-54,-66,4.12,0.309,4.539,26.010,100%,3.895,4.069,1345,829,0,830,0,,0.00000,0.00000,0.0,0,0.0,-50,1.6
J.Herter_T1,2026-02-28,11:32:13.794,39.85423,-83.65603,1088.6,39.85423,-83.65604,1090.6,3,0,0,66,0x03,32,7,13,6,-55,-64,3.49,0.337,4.006,19.634,100%,3.897,4.067,1346,830,0,831,0,,0.00000,0.00000,0.0,0,0.0,-50,1.6
J.Herter_T1,2026-02-28,11:32:14.784,39.85423,-83.65603,1088.6,39.85423,-83.65604,1090.4,3,0,0,26,0x03,32,7,14,5,-62,-64,3.59,0.162,4.020,9.019,100%,3.897,4.068,1347,831,0,832,0,,0.00000,0.00000,0.0,0,0.0,-50,1.6
J.Herter_T1,2026-02-28,11:32:15.802,39.85423,-83.65603,1088.6,39.85423,-83.65604,1090.3,3,0,0,-59,0x03,32,7,16,3,-65,-70,3.62,0.092,4.016,6.430,100%,3.896,4.067,1348,832,0,833,0,,0.00000,0.00000,0.0,0,0.0,-50,1.7
J.Herter_T1,2026-02-28,11:32:16.793,39.85423,-83.65603,1088.6,39.85423,-83.65604,1090.4,3,0,0,-143,0x03,32,6,16,5,-63,-64,3.67,0.172,4.104,8.206,100%,3.896,4.069,1349,833,0,834,0,,0.00000,0.00000,0.0,0,0.0,-50,1.7
J.Herter_T1,2026-02-28,11:32:17.814,39.85423,-83.65603,1088.6,39.85423,-83.65604,1090.5,3,0,0,108,0x03,32,6,15,5,-63,-70,3.59,0.190,4.056,8.039,100%,3.899,4.067,1350,834,0,835,0,,0.00000,0.00000,0.0,0,0.0,-50,1.7
J.Herter_T1,2026-02-28,11:32:19.792,39.85423,-83.65603,1088.6,39.85423,-83.65604,1090.8,3,0,0,41,0x03,32,5,16,5,-65,-69,3.57,0.397,4.171,6.341,100%,3.899,4.067,1352,836,0,837,0,,0.00000,0.00000,0.0,0,0.0,-50,1.8
J.Herter_T1,2026-02-28,11:32:20.782,39.85423,-83.65603,1088.6,39.85423,-83.65604,1090.8,3,0,0,-124,0x03,32,5,16,5,-67,-67,3.57,0.366,4.177,5.037,100%,3.875,4.068,1353,837,0,838,0,,0.00000,0.00000,0.0,0,0.0,-50,1.8
J.Herter_T1,2026-02-28,11:32:22.794,39.85423,-83.65603,1088.6,39.85423,-83.65604,1090.6,3,0,0,26,0x03,32,6,16,4,-68,-76,3.44,0.165,3.990,4.333,100%,3.892,4.068,1355,839,0,840,0,,0.00000,0.00000,0.0,0,0.0,-50,1.9
J.Herter_T1,2026-02-28,11:32:23.782,39.85423,-83.65603,1088.6,39.85423,-83.65604,1090.6,3,0,0,150,0x03,32,6,15,5,-67,-71,3.47,0.143,4.008,4.897,100%,3.892,4.067,1356,840,0,841,0,,0.00000,0.00000,0.0,0,0.0,-50,1.9
J.Herter_T1,2026-02-28,11:32:24.802,39.85423,-83.65603,1088.6,39.85423,-83.65604,1090.6,3,0,0,-110,0x03,32,7,14,5,-63,-74,3.34,0.134,3.905,7.487,100%,3.893,4.067,1357,841,0,842,0,,0.00000,0.00000,0.0,0,0.0,-50,1.9
J.Herter_T1,2026-02-28,11:32:25.792,39.85423,-83.65603,1088.6,39.85423,-83.65604,1090.7,3,0,0,50,0x03,32,6,17,3,-65,-71,3.39,0.206,3.997,6.034,100%,3.893,4.067,1358,842,0,843,0,,0.00000,0.00000,0.0,0,0.0,-50,1.9
J.Herter_T1,2026-02-28,11:32:26.784,39.85423,-83.65603,1088.6,39.85423,-83.65604,1091.0,3,0,0,-122,0x03,32,6,16,4,-62,-75,3.39,0.422,4.142,8.523,100%,3.897,4.068,1359,843,0,844,0,,0.00000,0.00000,0.0,0,0.0,-50,2.0
J.Herter_T1,2026-02-28,11:32:27.802,39.85423,-83.65603,1088.6,39.85423,-83.65604,1091.2,3,0,0,-156,0x03,32,6,16,4,-64,-69,3.42,0.592,4.301,6.819,100%,3.897,4.067,1360,844,0,845,0,,0.00000,0.00000,0.0,0,0.0,-50,2.0
J.Herter_T1,2026-02-28,11:32:28.792,39.85423,-83.65603,1088.6,39.85423,-83.65604,1091.4,3,0,0,19,0x03,32,6,15,5,-62,-72,3.42,0.749,4.450,8.585,100%,3.897,4.067,1361,845,0,846,0,,0.00000,0.00000,0.0,0,0.0,-50,2.1
J.Herter_T1,2026-02-28,11:32:29.782,39.85423,-83.65603,1088.6,39.85423,-83.65604,1091.5,3,0,0,170,0x03,32,6,17,3,-58,-70,3.44,0.762,4.533,13.704,100%,3.897,4.067,1362,846,0,847,0,,0.00000,0.00000,0.0,0,0.0,-50,2.2
J.Herter_T1,2026-02-28,11:32:31.792,39.85423,-83.65603,1088.6,39.85423,-83.65604,1091.8,3,0,0,162,0x03,32,5,16,5,-59,-63,3.52,0.843,4.758,12.476,100%,3.876,4.067,1364,848,0,849,0,,0.00000,0.00000,0.0,0,0.0,-50,2.4
J.Herter_T1,2026-02-28,11:32:32.782,39.85423,-83.65603,1088.6,39.85423,-83.65604,1092.0,3,0,0,51,0x03,32,5,18,3,-61,-67,3.44,0.918,4.826,9.701,100%,3.876,4.067,1365,849,0,850,0,,0.00000,0.00000,0.0,0,0.0,-50,2.5
J.Herter_T1,2026-02-28,11:32:34.794,39.85423,-83.65603,1088.6,39.85423,-83.65604,1092.3,3,0,0,149,0x03,32,5,17,4,-63,-69,3.57,1.000,5.124,7.983,100%,3.895,4.067,1367,851,0,852,0,,0.00000,0.00000,0.0,0,0.0,-50,2.7
J.Herter_T1,2026-02-28,11:32:35.782,39.85423,-83.65603,1088.6,39.85423,-83.65604,1092.4,3,0,0,-39,0x03,32,5,17,4,-65,-63,3.57,1.036,5.234,6.341,100%,3.898,4.068,1368,852,0,853,0,,0.00000,0.00000,0.0,0,0.0,-50,2.8
J.Herter_T1,2026-02-28,11:32:37.792,39.85423,-83.65603,1088.6,39.85423,-83.65604,1092.6,3,0,0,49,0x03,32,6,16,4,-57,-76,3.62,1.031,5.435,16.150,100%,3.894,4.067,1370,854,0,855,0,,0.00000,0.00000,0.0,0,0.0,-50,3.0
J.Herter_T1,2026-02-28,11:32:38.783,39.85423,-83.65603,1088.6,39.85423,-83.65604,1092.8,3,0,0,75,0x03,32,7,15,4,-62,-62,3.59,1.023,5.497,9.019,100%,3.894,4.068,1371,855,0,856,0,,0.00000,0.00000,0.0,0,0.0,-50,3.1
J.Herter_T1,2026-02-28,11:32:39.802,39.85423,-83.65603,1088.6,39.85423,-83.65604,1092.9,3,0,0,-57,0x03,32,7,16,4,-61,-70,3.62,1.062,5.634,10.190,100%,3.894,4.068,1372,856,0,857,0,,0.00000,0.00000,0.0,0,0.0,-50,3.3
J.Herter_T1,2026-02-28,11:32:40.792,39.85423,-83.65603,1088.6,39.85423,-83.65604,1093.0,3,0,0,-167,0x03,32,5,17,4,-68,-67,3.67,1.053,5.749,4.615,100%,3.872,4.067,1373,857,0,858,0,,0.00000,0.00000,0.0,0,0.0,-50,3.4
J.Herter_T1,2026-02-28,11:32:41.782,39.85423,-83.65603,1088.6,39.85423,-83.65604,1093.1,3,0,0,151,0x03,32,5,17,4,-59,-74,3.67,1.040,5.827,13.006,100%,3.872,4.066,1374,858,0,859,0,,0.00000,0.00000,0.0,0,0.0,-50,3.5
J.Herter_T1,2026-02-28,11:32:43.795,39.85423,-83.65603,1088.6,39.85423,-83.65604,1093.3,3,0,0,100,0x03,32,5,16,5,-60,-68,3.59,0.959,5.894,11.355,100%,3.895,4.067,1376,860,0,861,0,,0.00000,0.00000,0.0,0,0.0,-50,3.7
J.Herter_T1,2026-02-28,11:32:44.782,39.85423,-83.65603,1088.6,39.85423,-83.65604,1093.3,3,0,0,-50,0x03,32,5,17,4,-61,-67,3.59,0.890,5.918,10.120,100%,3.896,4.068,1377,861,0,862,0,,0.00000,0.00000,0.0,0,0.0,-50,3.8
J.Herter_T1,2026-02-28,11:32:46.793,39.85423,-83.65603,1088.6,39.85423,-83.65604,1093.4,3,0,0,-118,0x03,32,5,16,5,-70,-64,3.97,0.775,6.212,3.969,100%,3.895,4.066,1379,863,0,864,0,,0.00000,0.00000,0.0,0,0.0,-50,4.0
J.Herter_T1,2026-02-28,11:32:47.783,39.85423,-83.65603,1088.6,39.85423,-83.65604,1093.5,3,1,0,81,0x03,32,5,18,3,-74,-76,3.79,0.789,6.181,2.392,100%,3.895,4.067,1380,864,0,865,0,,0.00000,0.00000,0.0,0,0.0,-50,4.1
J.Herter_T1,2026-02-28,11:32:49.793,39.85423,-83.65603,1088.6,39.85423,-83.65604,1093.6,3,0,0,41,0x03,32,7,15,4,-60,-69,3.18,0.742,5.920,10.041,100%,3.896,4.067,1382,866,0,867,0,,0.00000,0.00000,0.0,0,0.0,-50,4.3
J.Herter_T1,2026-02-28,11:32:50.783,39.85423,-83.65603,1088.6,39.85423,-83.65604,1093.7,3,0,0,82,0x03,32,6,16,4,-72,-61,3.08,0.751,5.947,2.446,100%,3.896,4.067,1383,867,0,868,0,,0.00000,0.00000,0.0,0,0.0,-50,4.3
J.Herter_T1,2026-02-28,11:32:52.793,39.85423,-83.65603,1088.6,39.85423,-83.65604,1093.6,3,0,0,-84,0x03,32,6,16,4,-68,-79,3.06,0.517,5.843,3.848,100%,3.897,4.069,1385,869,0,870,0,,0.00000,0.00000,0.0,0,0.0,-50,4.5
J.Herter_T1,2026-02-28,11:32:53.783,39.85423,-83.65603,1088.6,39.85423,-83.65604,1093.5,3,0,0,-43,0x03,32,7,15,4,-52,-75,2.99,0.412,5.756,23.718,100%,3.896,4.067,1386,870,0,871,0,,0.00000,0.00000,0.0,0,0.0,-50,4.5
J.Herter_T1,2026-02-28,11:32:55.794,39.85423,-83.65603,1088.6,39.85423,-83.65604,1093.2,3,0,0,83,0x03,32,7,15,4,-57,-65,2.65,0.103,5.351,11.819,100%,3.896,4.068,1388,872,0,873,0,,0.00000,0.00000,0.0,0,0.0,-50,4.5
J.Herter_T1,2026-02-28,11:32:56.784,39.85423,-83.65603,1088.6,39.85423,-83.65604,1093.2,3,0,0,-118,0x03,32,8,15,3,-58,-62,2.69,0.031,5.314,10.709,100%,3.896,4.067,1389,873,0,874,0,,0.00000,0.00000,0.0,0,0.0,-50,4.6
J.Herter_T1,2026-02-28,11:32:58.793,39.85423,-83.65603,1088.6,39.85423,-83.65604,1092.9,3,0,0,61,0x03,32,6,16,4,-59,-67,2.78,-0.210,5.123,9.861,100%,3.892,4.067,1391,875,0,876,0,,0.00000,0.00000,0.0,0,0.0,-50,4.5
J.Herter_T1,2026-02-28,11:32:59.785,39.85423,-83.65603,1088.6,39.85423,-83.65604,1092.8,3,0,0,-19,0x03,32,7,15,4,-61,-65,2.65,-0.268,4.977,7.457,100%,3.892,4.066,1392,876,0,877,0,,0.00000,0.00000,0.0,0,0.0,-50,4.5
J.Herter_T1,2026-02-28,11:33:01.793,39.85423,-83.65603,1088.6,39.85423,-83.65604,1092.8,3,0,0,93,0x03,32,6,16,3,-59,-70,2.76,-0.251,5.004,9.781,100%,3.874,4.067,1394,878,0,879,0,,0.00000,0.00000,0.0,0,0.0,-50,4.4
J.Herter_T1,2026-02-28,11:33:02.783,39.85423,-83.65603,1088.6,39.85423,-83.65604,1092.8,3,0,0,11,0x03,32,6,16,3,-57,-63,2.69,-0.188,5.003,12.015,100%,3.896,4.068,1395,879,0,880,0,,0.00000,0.00000,0.0,0,0.0,-50,4.4
J.Herter_T1,2026-02-28,11:33:04.793,39.85423,-83.65603,1088.6,39.85423,-83.65604,1092.7,3,0,0,148,0x03,32,10,15,2,-60,-68,2.96,-0.276,5.040,9.368,100%,3.895,4.068,1397,881,0,882,0,,0.00000,0.00000,0.0,0,0.0,-50,4.4
J.Herter_T1,2026-02-28,11:33:05.783,39.85423,-83.65603,1088.6,39.85423,-83.65604,1092.7,3,0,0,12,0x03,32,6,16,4,-60,-67,2.80,-0.218,4.974,8.860,100%,3.895,4.067,1398,882,0,883,0,,0.00000,0.00000,0.0,0,0.0,-50,4.3
J.Herter_T1,2026-02-28,11:33:07.793,39.85423,-83.65603,1088.6,39.85423,-83.65604,1092.6,3,0,0,-154,0x03,32,6,16,3,-68,-69,2.73,-0.260,4.850,3.442,100%,3.893,4.067,1400,884,0,885,0,,0.00000,0.00000,0.0,0,0.0,-50,4.3
J.Herter_T1,2026-02-28,11:33:08.783,39.85423,-83.65603,1088.6,39.85423,-83.65604,1092.6,3,0,0,151,0x03,32,6,16,4,-61,-75,2.73,-0.240,4.844,7.706,100%,3.893,4.067,1401,885,0,886,0,,0.00000,0.00000,0.0,0,0.0,-50,4.2
J.Herter_T1,2026-02-28,11:33:10.793,39.85423,-83.65603,1088.6,39.85423,-83.65604,1092.6,3,0,0,56,0x03,32,7,17,2,-58,-65,2.52,-0.228,4.694,10.019,100%,3.893,4.067,1403,887,0,888,0,,0.00000,0.00000,0.0,0,0.0,-50,4.2
J.Herter_T1,2026-02-28,11:33:11.783,39.85423,-83.65603,1088.6,39.85423,-83.65604,1092.4,3,0,0,132,0x03,32,8,15,3,-69,-66,2.39,-0.335,4.506,2.684,100%,3.877,4.067,1404,888,0,889,0,,0.00000,0.00000,0.0,0,0.0,-50,4.2
J.Herter_T1,2026-02-28,11:33:13.793,39.85423,-83.65603,1088.6,39.85423,-83.65604,1092.6,3,0,0,40,0x03,32,6,18,2,-67,-70,2.37,-0.098,4.666,3.351,100%,3.897,4.067,1406,890,0,891,0,,0.00000,0.00000,0.0,0,0.0,-50,4.1
J.Herter_T1,2026-02-28,11:33:14.783,39.85423,-83.65603,1088.6,39.85423,-83.65603,1092.8,3,0,0,7,0x03,32,9,15,3,-60,-71,2.33,0.044,4.774,7.375,100%,3.897,4.068,1407,891,0,892,0,,0.00000,0.00000,0.0,0,0.0,-50,4.1
J.Herter_T1,2026-02-28,11:33:16.793,39.85423,-83.65603,1088.6,39.85423,-83.65603,1093.2,3,0,0,-102,0x03,32,6,16,4,-64,-65,2.33,0.393,5.142,4.653,100%,3.896,4.064,1409,893,0,894,0,,0.00000,0.00000,0.0,0,0.0,-50,4.2
J.Herter_T1,2026-02-28,11:33:17.785,39.85423,-83.65603,1088.6,39.85423,-83.65604,1093.4,3,0,0,128,0x03,32,6,16,4,-66,-68,2.43,0.575,5.407,3.856,100%,3.895,4.066,1410,894,0,895,0,,0.00000,0.00000,0.0,0,0.0,-50,4.3
J.Herter_T1,2026-02-28,11:33:18.805,39.85423,-83.65603,1088.6,39.85423,-83.65603,1093.8,3,0,0,29,0x03,32,7,15,4,-61,-72,2.33,0.825,5.672,6.573,100%,3.895,4.067,1411,895,0,896,0,,0.00000,0.00000,0.0,0,0.0,-50,4.3
J.Herter_T1,2026-02-28,11:33:20.783,39.85423,-83.65603,1088.6,39.85423,-83.65603,1094.2,3,0,0,164,0x03,32,5,17,4,-58,-65,2.22,1.000,5.989,8.825,100%,3.877,4.067,1413,897,0,898,0,,0.00000,0.00000,0.0,0,0.0,-50,4.6
J.Herter_T1,2026-02-28,11:33:22.795,39.85423,-83.65603,1088.6,39.85423,-83.65603,1094.3,3,0,0,-151,0x03,32,5,17,4,-66,-72,2.16,0.919,6.091,3.426,100%,3.893,4.067,1415,899,0,900,0,,0.00000,0.00000,0.0,0,0.0,-50,4.8
J.Herter_T1,2026-02-28,11:33:23.783,39.85423,-83.65603,1088.6,39.85423,-83.65603,1094.3,3,0,0,11,0x03,32,5,18,3,-75,-74,2.16,0.833,6.097,1.216,100%,3.893,4.066,1416,900,0,901,0,,0.00000,0.00000,0.0,0,0.0,-50,4.9
J.Herter_T1,2026-02-28,11:33:25.793,39.85423,-83.65603,1088.6,39.85423,-83.65603,1094.3,3,0,0,56,0x03,32,6,17,3,-70,-79,2.09,0.718,6.122,2.091,100%,3.894,4.066,1418,902,0,903,0,,0.00000,0.00000,0.0,0,0.0,-50,5.0
J.Herter_T1,2026-02-28,11:33:26.785,39.85423,-83.65603,1088.6,39.85423,-83.65603,1094.4,3,0,0,-81,0x03,32,6,17,3,-67,-76,2.07,0.664,6.135,2.930,100%,3.894,4.067,1419,903,0,904,0,,0.00000,0.00000,0.0,0,0.0,-50,5.1
J.Herter_T1,2026-02-28,11:33:28.793,39.85423,-83.65603,1088.6,39.85423,-83.65603,1094.4,3,0,0,145,0x03,32,5,17,4,-68,-78,1.99,0.545,6.117,2.508,100%,3.895,4.065,1421,905,0,906,0,,0.00000,0.00000,0.0,0,0.0,-50,5.2
J.Herter_T1,2026-02-28,11:33:29.783,39.85423,-83.65603,1088.6,39.85423,-83.65603,1094.3,3,0,0,129,0x03,32,5,18,3,-67,-76,1.92,0.429,6.028,2.709,100%,3.895,4.066,1422,906,0,907,0,,0.00000,0.00000,0.0,0,0.0,-50,5.3
J.Herter_T1,2026-02-28,11:33:31.793,39.85423,-83.65603,1088.6,39.85423,-83.65603,1094.2,3,0,0,29,0x03,32,7,16,3,-66,-74,1.95,0.228,5.913,3.085,100%,3.896,4.072,1424,908,0,909,0,,0.00000,0.00000,0.0,0,0.0,-50,5.4
J.Herter_T1,2026-02-28,11:33:32.783,39.85423,-83.65603,1088.6,39.85423,-83.65603,1094.1,3,0,0,177,0x03,32,7,16,3,-68,-71,1.96,0.135,5.844,2.470,100%,3.896,4.068,1425,909,0,910,0,,0.00000,0.00000,0.0,0,0.0,-50,5.4
J.Herter_T1,2026-02-28,11:33:34.795,39.85423,-83.65603,1088.6,39.85423,-83.65603,1094.0,3,0,0,-67,0x03,32,7,17,2,-67,-75,1.99,0.009,5.743,2.814,100%,3.894,4.067,1427,911,0,912,0,,0.00000,0.00000,0.0,0,0.0,-50,5.4
J.Herter_T1,2026-02-28,11:33:35.783,39.85423,-83.65603,1088.6,39.85423,-83.65603,1093.9,3,0,0,19,0x03,32,6,17,3,-79,-78,2.02,-0.066,5.678,0.718,100%,3.893,4.067,1428,912,0,913,0,,0.00000,0.00000,0.0,0,0.0,-50,5.4
J.Herter_T1,2026-02-28,11:33:37.793,39.85423,-83.65603,1088.6,39.85423,-83.65603,1093.7,3,0,0,157,0x03,32,5,18,3,-71,-77,1.99,-0.249,5.455,1.776,100%,3.895,4.067,1430,914,0,915,0,,0.00000,0.00000,0.0,0,0.0,-50,5.3
J.Herter_T1,2026-02-28,11:33:38.785,39.85423,-83.65603,1088.6,39.85423,-83.65603,1093.7,3,0,0,168,0x03,32,5,18,3,-78,-78,1.96,-0.212,5.456,0.781,100%,3.895,4.067,1431,915,0,916,0,,0.00000,0.00000,0.0,0,0.0,-50,5.3
J.Herter_T1,2026-02-28,11:33:40.793,39.85423,-83.65603,1088.6,39.85423,-83.65603,1093.7,3,0,0,162,0x03,32,6,17,3,-74,-69,1.90,-0.178,5.423,1.201,100%,3.876,4.065,1433,917,0,918,0,,0.00000,0.00000,0.0,0,0.0,-50,5.3
J.Herter_T1,2026-02-28,11:33:41.783,39.85423,-83.65603,1088.6,39.85423,-83.65603,1093.9,3,0,0,180,0x03,32,6,18,2,-77,-80,1.88,0.026,5.608,0.838,100%,3.876,4.067,1434,918,0,919,0,,0.00000,0.00000,0.0,0,0.0,-50,5.3
J.Herter_T1,2026-02-28,11:33:43.796,39.85423,-83.65603,1088.6,39.85423,-83.65603,1094.6,3,0,0,-141,0x03,32,7,15,4,-67,-85,1.83,0.662,6.294,2.579,100%,3.894,4.066,1436,920,0,921,0,,0.00000,0.00000,0.0,0,0.0,-50,5.4
J.Herter_T1,2026-02-28,11:33:44.783,39.85423,-83.65603,1088.6,39.85423,-83.65603,1094.7,3,0,0,-57,0x03,32,7,14,5,-78,-80,1.79,0.675,6.369,0.713,100%,3.893,4.067,1437,921,0,922,0,,0.00000,0.00000,0.0,0,0.0,-50,5.4
J.Herter_T1,2026-02-28,11:33:46.795,39.85423,-83.65603,1088.6,39.85423,-83.65603,1094.8,3,0,0,14,0x03,32,7,13,6,-60,-69,1.73,0.663,6.488,5.482,100%,3.893,4.067,1439,923,0,924,0,,0.00000,0.00000,0.0,0,0.0,-50,5.6
J.Herter_T1,2026-02-28,11:33:47.785,39.85423,-83.65603,1088.6,39.85423,-83.65603,1095.0,3,0,0,173,0x03,32,6,17,3,-57,-64,1.72,0.762,6.662,7.672,100%,3.893,4.067,1440,924,0,925,0,,0.00000,0.00000,0.0,0,0.0,-50,5.7
J.Herter_T1,2026-02-28,11:33:49.793,39.85423,-83.65603,1088.6,39.85423,-83.65603,1095.5,3,0,0,-119,0x03,32,6,16,4,-55,-62,1.72,0.996,7.094,9.659,100%,3.872,4.067,1442,926,0,927,0,,0.00000,0.00000,0.0,0,0.0,-50,5.9
J.Herter_T1,2026-02-28,11:33:50.785,39.85423,-83.65603,1088.6,39.85423,-83.65603,1095.6,3,0,0,-60,0x03,32,6,13,7,-55,-65,1.70,1.047,7.253,9.577,100%,3.872,4.067,1443,927,0,928,0,,0.00000,0.00000,0.0,0,0.0,-50,6.0
J.Herter_T1,2026-02-28,11:33:52.795,39.85423,-83.65603,1088.6,39.85423,-83.65603,1095.7,3,0,0,-12,0x03,32,6,14,6,-53,-65,1.78,0.893,7.325,12.609,100%,3.893,4.068,1445,929,0,930,0,,0.00000,0.00000,0.0,0,0.0,-50,6.2
J.Herter_T1,2026-02-28,11:33:53.784,39.85423,-83.65603,1088.6,39.85423,-83.65603,1095.6,3,0,0,162,0x03,32,5,15,6,-52,-61,1.76,0.706,7.215,13.988,100%,3.895,4.068,1446,930,0,931,0,,0.00000,0.00000,0.0,0,0.0,-50,6.3
J.Herter_T1,2026-02-28,11:33:54.774,39.85423,-83.65603,1088.6,39.85423,-83.65603,1095.5,3,0,0,-144,0x03,32,6,14,6,-58,-62,1.65,0.517,7.063,6.586,100%,3.895,4.067,1447,931,0,932,0,,0.00000,0.00000,0.0,0,0.0,-50,6.3
J.Herter_T1,2026-02-28,11:33:55.795,39.85423,-83.65603,1088.6,39.85423,-83.65603,1095.5,3,0,0,-156,0x03,32,6,13,7,-55,-67,1.74,0.469,7.087,9.798,100%,3.890,4.067,1448,932,0,933,0,,0.00000,0.00000,0.0,0,0.0,-50,6.4
J.Herter_T1,2026-02-28,11:33:56.785,39.85423,-83.65603,1088.6,39.85423,-83.65603,1095.2,3,0,0,170,0x03,32,8,12,6,-54,-63,1.67,0.224,6.857,10.567,100%,3.890,4.067,1449,933,0,934,0,,0.00000,0.00000,0.0,0,0.0,-50,6.4
J.Herter_T1,2026-02-28,11:33:57.774,39.85423,-83.65603,1088.6,39.85423,-83.65603,1095.0,3,0,0,14,0x03,32,6,14,6,-57,-63,1.68,0.010,6.653,7.525,100%,3.890,4.067,1450,934,0,935,0,,0.00000,0.00000,0.0,0,0.0,-50,6.4
J.Herter_T1,2026-02-28,11:33:58.794,39.85423,-83.65603,1088.6,39.85423,-83.65603,1094.5,3,0,0,28,0x03,32,4,15,6,-57,-63,1.67,-0.461,6.145,7.444,100%,3.894,4.069,1451,935,0,936,0,,0.00000,0.00000,0.0,0,0.0,-50,6.4
J.Herter_T1,2026-02-28,11:33:59.785,39.85423,-83.65603,1088.6,39.85423,-83.65603,1094.2,3,0,0,-84,0x03,32,5,13,7,-58,-65,1.68,-0.675,5.871,6.686,100%,3.894,4.067,1452,936,0,937,0,,0.00000,0.00000,0.0,0,0.0,-50,6.3
J.Herter_T1,2026-02-28,11:34:01.794,39.85423,-83.65603,1088.6,39.85423,-83.65603,1093.4,3,0,0,-139,0x03,32,6,13,7,-59,-68,1.69,-1.228,5.116,5.998,100%,3.872,4.067,1454,938,0,939,0,,0.00000,0.00000,0.0,0,0.0,-50,6.1
J.Herter_T1,2026-02-28,11:34:02.784,39.85423,-83.65603,1088.6,39.85423,-83.65603,1093.2,3,0,0,162,0x03,32,6,13,7,-59,-66,1.70,-1.306,4.908,6.020,100%,3.892,4.067,1455,939,0,940,0,,0.00000,0.00000,0.0,0,0.0,-50,5.9
J.Herter_T1,2026-02-28,11:34:04.794,39.85423,-83.65603,1088.6,39.85423,-83.65603,1092.5,3,0,0,164,0x03,32,5,15,5,-61,-74,1.71,-1.617,4.304,4.820,100%,3.896,4.067,1457,941,0,942,0,,0.00000,0.00000,0.0,0,0.0,-50,5.6
J.Herter_T1,2026-02-28,11:34:05.784,39.85423,-83.65603,1088.6,39.85423,-83.65603,1092.3,3,0,0,-42,0x03,32,6,13,7,-58,-68,1.73,-1.703,4.062,6.902,100%,3.896,4.066,1458,942,0,943,0,,0.00000,0.00000,0.0,0,0.0,-50,5.4
J.Herter_T1,2026-02-28,11:34:06.774,39.85423,-83.65603,1088.6,39.85423,-83.65603,1092.0,3,0,0,56,0x03,32,5,15,6,-58,-67,1.70,-1.802,3.778,6.754,100%,3.890,4.068,1459,943,0,944,0,,0.00000,0.00000,0.0,0,0.0,-50,5.2
J.Herter_T1,2026-02-28,11:34:07.796,39.85423,-83.65603,1088.6,39.85423,-83.65603,1092.0,3,0,0,-16,0x03,32,6,14,5,-55,-65,1.69,-1.624,3.772,9.506,100%,3.890,4.067,1460,944,0,945,0,,0.00000,0.00000,0.0,0,0.0,-50,5.0
J.Herter_T1,2026-02-28,11:34:08.784,39.85423,-83.65603,1088.6,39.85423,-83.65603,1091.8,3,0,0,98,0x03,32,4,14,8,-60,-63,1.77,-1.619,3.656,5.600,100%,3.890,4.067,1461,945,0,946,0,,0.00000,0.00000,0.0,0,0.0,-50,4.8
J.Herter_T1,2026-02-28,11:34:09.774,39.85423,-83.65603,1088.6,39.85423,-83.65603,1091.7,3,0,0,-72,0x03,32,5,15,6,-57,-66,1.70,-1.513,3.565,7.578,100%,3.871,4.067,1462,946,0,947,0,,0.00000,0.00000,0.0,0,0.0,-50,4.6
J.Herter_T1,2026-02-28,11:34:10.794,39.85423,-83.65603,1088.6,39.85423,-83.65603,1091.6,3,0,0,-175,0x03,32,5,16,6,-57,-65,1.67,-1.450,3.468,7.481,100%,3.871,4.068,1463,947,0,948,0,,0.00000,0.00000,0.0,0,0.0,-50,4.5
J.Herter_T1,2026-02-28,11:34:11.815,39.85423,-83.65603,1088.6,39.85423,-83.65603,1091.4,3,0,0,11,0x03,32,6,15,5,-59,-64,1.68,-1.476,3.308,5.978,100%,3.892,4.067,1464,948,0,949,0,,0.00000,0.00000,0.0,0,0.0,-50,4.3
J.Herter_T1,2026-02-28,11:34:13.794,39.85423,-83.65603,1088.6,39.85423,-83.65603,1090.9,3,0,0,-48,0x03,32,6,13,7,-59,-65,1.67,-1.683,2.821,5.913,100%,3.890,4.067,1466,950,0,951,0,,0.00000,0.00000,0.0,0,0.0,-50,4.0
J.Herter_T1,2026-02-28,11:34:14.784,39.85423,-83.65603,1088.6,39.85423,-83.65603,1090.7,3,0,0,102,0x03,32,6,13,7,-57,-66,1.67,-1.665,2.688,7.444,100%,3.890,4.069,1467,951,0,952,0,,0.00000,0.00000,0.0,0,0.0,-50,3.8
J.Herter_T1,2026-02-28,11:34:16.796,39.85423,-83.65603,1088.6,39.85423,-83.65603,1090.4,3,0,0,-159,0x03,32,5,17,4,-62,-66,1.84,-1.625,2.555,4.617,100%,3.895,4.068,1469,953,0,954,0,,0.00000,0.00000,0.0,0,0.0,-50,3.4
J.Herter_T1,2026-02-28,11:34:17.784,39.85423,-83.65603,1088.6,39.85423,-83.65603,1090.2,3,0,0,11,0x03,32,4,17,4,-55,-68,1.84,-1.625,2.433,10.336,100%,3.895,4.067,1470,954,0,955,0,,0.00000,0.00000,0.0,0,0.0,-50,3.2
J.Herter_T1,2026-02-28,11:34:18.774,39.85423,-83.65603,1088.6,39.85423,-83.65603,1089.9,3,0,0,140,0x03,32,6,16,3,-75,-64,1.66,-1.687,2.133,0.931,100%,3.895,4.067,1471,955,0,956,0,,0.00000,0.00000,0.0,0,0.0,-50,3.0
J.Herter_T1,2026-02-28,11:34:19.795,39.85423,-83.65603,1088.6,39.85423,-83.65603,1089.8,3,0,0,-86,0x03,32,6,14,5,-53,-74,1.66,-1.645,2.053,11.774,100%,3.895,4.067,1472,956,0,957,0,,0.00000,0.00000,0.0,0,0.0,-50,2.8
J.Herter_T1,2026-02-28,11:34:20.814,39.85423,-83.65603,1088.6,39.85423,-83.65603,1089.8,3,0,0,-14,0x03,32,5,14,5,-53,-65,1.70,-1.519,2.056,12.011,100%,3.889,4.068,1473,957,0,958,0,,0.00000,0.00000,0.0,0,0.0,-50,2.7
J.Herter_T1,2026-02-28,11:34:22.794,39.85423,-83.65603,1088.6,39.85423,-83.65603,1089.4,3,0,0,-56,0x03,32,6,11,8,-54,-63,1.86,-1.547,2.023,11.756,100%,3.892,4.067,1475,959,0,960,0,,0.00000,0.00000,0.0,0,0.0,-50,2.3
J.Herter_T1,2026-02-28,11:34:23.784,39.85423,-83.65603,1088.6,39.85423,-83.65603,1089.2,3,0,0,102,0x03,32,4,15,6,-51,-61,1.95,-1.537,2.045,17.350,100%,3.892,4.067,1476,960,0,961,0,,0.00000,0.00000,0.0,0,0.0,-50,2.2
J.Herter_T1,2026-02-28,11:34:25.794,39.85423,-83.65603,1088.6,39.85423,-83.65603,1089.3,3,0,0,-38,0x03,32,6,13,6,-58,-68,1.89,-1.179,2.015,7.523,100%,3.894,4.067,1478,962,0,963,0,,0.00000,0.00000,0.0,0,0.0,-50,1.9
J.Herter_T1,2026-02-28,11:34:26.784,39.85423,-83.65603,1088.6,39.85423,-83.65603,1089.2,3,0,0,172,0x03,32,6,13,6,-54,-65,1.90,-1.173,1.988,12.011,100%,3.889,4.067,1479,963,0,964,0,,0.00000,0.00000,0.0,0,0.0,-50,1.7
J.Herter_T1,2026-02-28,11:34:28.797,39.85423,-83.65603,1088.6,39.85423,-83.65603,1089.1,3,0,0,146,0x03,32,6,13,6,-55,-65,1.80,-1.032,1.864,10.138,100%,3.889,4.068,1481,965,0,966,0,,0.00000,0.00000,0.0,0,0.0,-50,1.5
J.Herter_T1,2026-02-28,11:34:29.784,39.85423,-83.65603,1088.6,39.85423,-83.65603,1089.0,3,1,0,102,0x03,32,5,14,6,-55,-65,1.85,-0.967,1.900,10.406,100%,3.872,4.067,1482,966,0,967,0,,0.00000,0.00000,0.0,0,0.0,-50,1.4
J.Herter_T1,2026-02-28,11:34:30.774,39.85423,-83.65603,1088.6,39.85423,-83.65603,1088.9,3,0,0,66,0x03,32,5,16,4,-53,-64,1.83,-0.989,1.851,12.926,100%,3.872,4.067,1483,967,0,968,0,,0.00000,0.00000,0.0,0,0.0,-50,1.3
J.Herter_T1,2026-02-28,11:34:31.794,39.85423,-83.65603,1088.6,39.85423,-83.65603,1088.8,3,0,0,139,0x03,32,6,15,4,-74,-62,1.76,-0.987,1.771,1.111,100%,3.889,4.067,1484,968,0,969,0,,0.00000,0.00000,0.0,0,0.0,-50,1.2
J.Herter_T1,2026-02-28,11:34:32.786,39.85423,-83.65603,1088.6,39.85423,-83.65603,1088.7,3,0,0,172,0x03,32,6,14,5,-60,-76,1.75,-1.004,1.753,5.539,100%,3.889,4.068,1485,969,0,970,0,,0.00000,0.00000,0.0,0,0.0,-50,1.1
J.Herter_T1,2026-02-28,11:34:33.775,39.85423,-83.65603,1088.6,39.85423,-83.65603,1088.7,3,0,0,34,0x03,32,6,13,6,-54,-67,1.73,-0.862,1.729,10.887,100%,3.890,4.067,1486,970,0,971,0,,0.00000,0.00000,0.0,0,0.0,-50,1.0
J.Herter_T1,2026-02-28,11:34:34.794,39.85423,-83.65603,1088.6,39.85423,-83.65603,1088.8,3,0,0,-147,0x03,32,5,14,6,-60,-65,1.89,-0.669,1.904,5.976,100%,3.890,4.067,1487,971,0,972,0,,0.00000,0.00000,0.0,0,0.0,-50,0.9
J.Herter_T1,2026-02-28,11:34:35.784,39.85423,-83.65603,1088.6,39.85423,-83.65603,1088.8,3,0,0,54,0x03,32,4,16,4,-54,-68,1.83,-0.614,1.839,11.521,100%,3.893,4.067,1488,972,0,973,0,,0.00000,0.00000,0.0,0,0.0,-50,0.8
J.Herter_T1,2026-02-28,11:34:37.795,39.85423,-83.65603,1088.6,39.85423,-83.65603,1088.7,3,0,0,107,0x03,32,6,13,5,-61,-63,1.76,-0.559,1.766,4.963,100%,3.896,4.065,1490,974,0,975,0,,0.00000,0.00000,0.0,0,0.0,-50,0.7
J.Herter_T1,2026-02-28,11:34:38.785,39.85423,-83.65603,1088.6,39.85423,-83.65603,1088.6,3,0,0,147,0x03,32,7,11,6,-57,-69,1.73,-0.574,1.735,7.744,100%,3.896,4.069,1491,975,0,976,0,,0.00000,0.00000,0.0,0,0.0,-50,0.6
J.Herter_T1,2026-02-28,11:34:39.774,39.85423,-83.65603,1088.6,39.85423,-83.65603,1088.5,3,0,0,132,0x03,32,7,11,6,-67,-69,1.73,-0.623,1.726,2.437,100%,3.896,4.065,1492,976,0,977,0,,0.00000,0.00000,0.0,0,0.0,-50,0.6
J.Herter_T1,2026-02-28,11:34:40.796,39.85423,-83.65603,1088.6,39.85423,-83.65603,1088.4,3,0,0,-145,0x03,32,7,10,7,-60,-78,1.73,-0.635,1.739,5.482,100%,3.875,4.068,1493,977,0,978,0,,0.00000,0.00000,0.0,0,0.0,-50,0.5
J.Herter_T1,2026-02-28,11:34:41.787,39.85423,-83.65603,1088.6,39.85423,-83.65603,1088.4,3,0,0,-20,0x03,32,6,13,5,-66,-66,1.74,-0.589,1.750,2.761,100%,3.875,4.067,1494,978,0,979,0,,0.00000,0.00000,0.0,0,0.0,-50,0.4
J.Herter_T1,2026-02-28,11:34:42.775,39.85423,-83.65603,1088.6,39.85423,-83.65603,1088.4,3,0,0,-32,0x03,32,6,14,4,-59,-69,1.72,-0.559,1.729,6.094,100%,3.895,4.069,1495,979,0,980,0,,0.00000,0.00000,0.0,0,0.0,-50,0.4
J.Herter_T1,2026-02-28,11:34:43.795,39.85423,-83.65603,1088.6,39.85423,-83.65603,1088.3,3,0,0,-2,0x03,32,7,12,5,-58,-68,1.70,-0.566,1.717,6.754,100%,3.895,4.067,1496,980,0,981,0,,0.00000,0.00000,0.0,0,0.0,-50,0.3
J.Herter_T1,2026-02-28,11:34:44.786,39.85423,-83.65603,1088.6,39.85423,-83.65603,1088.3,3,0,0,66,0x03,32,6,14,4,-59,-66,1.68,-0.491,1.702,5.978,100%,3.893,4.068,1497,981,0,982,0,,0.00000,0.00000,0.0,0,0.0,-50,0.2
J.Herter_T1,2026-02-28,11:34:45.777,39.85423,-83.65603,1088.6,39.85423,-83.65603,1088.5,3,0,0,-4,0x03,32,6,15,2,-58,-67,1.68,-0.277,1.681,6.686,100%,3.893,4.067,1498,982,0,983,0,,0.00000,0.00000,0.0,0,0.0,-50,0.2
J.Herter_T1,2026-02-28,11:34:46.794,39.85423,-83.65603,1088.6,39.85423,-83.65603,1088.6,3,0,0,11,0x03,32,7,14,3,-59,-66,1.67,-0.217,1.671,5.927,100%,3.890,4.068,1499,983,0,984,0,,0.00000,0.00000,0.0,0,0.0,-50,0.2
J.Herter_T1,2026-02-28,11:34:47.784,39.85423,-83.65603,1088.6,39.85423,-83.65603,1088.5,3,0,0,102,0x03,32,7,14,3,-61,-67,1.66,-0.289,1.668,4.687,100%,3.890,4.067,1500,984,0,985,0,,0.00000,0.00000,0.0,0,0.0,-50,0.2
J.Herter_T1,2026-02-28,11:34:48.775,39.85423,-83.65603,1088.6,39.85423,-83.65603,1088.4,3,0,0,-5,0x03,32,7,13,4,-58,-68,1.66,-0.322,1.669,6.600,100%,3.890,4.068,1501,985,0,986,0,,0.00000,0.00000,0.0,0,0.0,-50,0.1
J.Herter_T1,2026-02-28,11:34:49.797,39.85423,-83.65603,1088.6,39.85423,-83.65603,1088.4,3,0,0,-178,0x03,32,6,12,6,-59,-63,1.66,-0.326,1.677,5.891,100%,3.891,4.067,1502,986,0,987,0,,0.00000,0.00000,0.0,0,0.0,-50,0.1
J.Herter_T1,2026-02-28,11:34:50.785,39.85423,-83.65603,1088.6,39.85423,-83.65603,1088.1,3,0,0,-115,0x03,32,6,14,4,-62,-64,1.65,-0.485,1.713,4.151,100%,3.891,4.068,1503,987,0,988,0,,0.00000,0.00000,0.0,0,0.0,-50,0.0
J.Herter_T1,2026-02-28,11:34:52.795,39.85423,-83.65603,1088.6,39.85423,-83.65603,1088.0,3,0,0,-111,0x03,32,5,13,6,-57,-68,1.66,-0.505,1.764,7.429,100%,3.895,4.067,1505,989,0,990,0,,0.00000,0.00000,0.0,0,0.0,-50,-0.1
J.Herter_T1,2026-02-28,11:34:53.786,39.85423,-83.65603,1088.6,39.85423,-83.65603,1088.0,3,0,0,18,0x03,32,6,13,5,-59,-63,1.66,-0.427,1.749,5.882,100%,3.895,4.067,1506,990,0,991,0,,0.00000,0.00000,0.0,0,0.0,-50,-0.1
J.Herter_T1,2026-02-28,11:34:55.795,39.85423,-83.65603,1088.6,39.85423,-83.65603,1088.1,3,0,0,-38,0x03,32,6,12,6,-76,-67,1.66,-0.259,1.718,0.830,100%,3.873,4.069,1508,992,0,993,0,,0.00000,0.00000,0.0,0,0.0,-50,-0.2
J.Herter_T1,2026-02-28,11:34:56.785,39.85423,-83.65603,1088.6,39.85423,-83.65603,1088.3,3,0,0,-28,0x03,32,5,14,5,-61,-87,1.65,-0.115,1.685,4.657,100%,3.895,4.067,1509,993,0,994,0,,0.00000,0.00000,0.0,0,0.0,-50,-0.2
J.Herter_T1,2026-02-28,11:34:57.775,39.85423,-83.65603,1088.6,39.85423,-83.65603,1088.2,3,0,0,131,0x03,32,5,15,4,-55,-62,1.65,-0.142,1.694,9.297,100%,3.895,4.067,1510,994,0,995,0,,0.00000,0.00000,0.0,0,0.0,-50,-0.2
J.Herter_T1,2026-02-28,11:34:58.796,39.85423,-83.65603,1088.6,39.85423,-83.65603,1088.2,3,0,0,143,0x03,32,5,14,5,-57,-64,1.65,-0.175,1.706,7.382,100%,3.893,4.068,1511,995,0,996,0,,0.00000,0.00000,0.0,0,0.0,-50,-0.2
J.Herter_T1,2026-02-28,11:34:59.785,39.85423,-83.65603,1088.6,39.85423,-83.65603,1088.2,3,0,0,45,0x03,32,5,15,5,-55,-65,1.65,-0.134,1.700,9.293,100%,3.893,4.067,1512,996,0,997,0,,0.00000,0.00000,0.0,0,0.0,-50,-0.3
J.Herter_T1,2026-02-28,11:35:01.795,39.85423,-83.65603,1088.6,39.85423,-83.65603,1088.5,3,0,0,63,0x03,32,5,13,6,-63,-60,1.66,0.189,1.658,3.709,100%,3.889,4.067,1514,998,0,999,0,,0.00000,0.00000,0.0,0,0.0,-50,-0.2
J.Herter_T1,2026-02-28,11:35:02.785,39.85423,-83.65603,1088.6,39.85423,-83.65603,1088.4,3,0,0,28,0x03,32,5,14,4,-67,-75,1.66,0.079,1.669,2.348,100%,3.889,4.068,1515,999,0,1000,0,,0.00000,0.00000,0.0,0,0.0,-50,-0.2
J.Herter_T1,2026-02-28,11:35:04.795,39.85423,-83.65603,1088.6,39.85423,-83.65603,1088.2,3,0,0,29,0x03,32,6,13,4,-58,-66,1.67,-0.167,1.719,6.644,100%,3.871,4.068,1517,1001,0,1002,0,,0.00000,0.00000,0.0,0,0.0,-50,-0.2
J.Herter_T1,2026-02-28,11:35:05.787,39.85423,-83.65603,1088.6,39.85423,-83.65603,1088.1,3,0,0,-15,0x03,32,6,13,4,-55,-62,1.67,-0.224,1.745,9.408,100%,3.890,4.067,1518,1002,0,1003,0,,0.00000,0.00000,0.0,0,0.0,-50,-0.3
J.Herter_T1,2026-02-28,11:35:06.777,39.85423,-83.65603,1088.6,39.85423,-83.65603,1088.0,3,0,0,-92,0x03,32,6,14,4,-66,-65,1.66,-0.284,1.763,2.634,100%,3.890,4.068,1519,1003,0,1004,0,,0.00000,0.00000,0.0,0,0.0,-50,-0.3
J.Herter_T1,2026-02-28,11:35:07.795,39.85423,-83.65603,1088.6,39.85423,-83.65603,1087.9,3,0,0,28,0x03,32,5,15,4,-58,-72,1.68,-0.332,1.812,6.699,100%,3.890,4.067,1520,1004,0,1005,0,,0.00000,0.00000,0.0,0,0.0,-50,-0.3
J.Herter_T1,2026-02-28,11:35:08.785,39.85423,-83.65603,1088.6,39.85423,-83.65603,1087.9,3,0,0,-46,0x03,31,5,15,4,-59,-67,1.67,-0.270,1.788,5.921,100%,3.890,4.067,1521,1005,0,1006,0,,0.00000,0.00000,0.0,0,0.0,-50,-0.4
J.Herter_T1,2026-02-28,11:35:09.777,39.85423,-83.65603,1088.6,39.85423,-83.65603,1087.7,3,0,0,10,0x03,32,5,15,4,-63,-66,1.67,-0.438,1.880,3.745,100%,3.895,4.067,1522,1006,0,1007,0,,0.00000,0.00000,0.0,0,0.0,-50,-0.4
J.Herter_T1,2026-02-28,11:35:10.797,39.85423,-83.65603,1088.6,39.85423,-83.65603,1087.7,3,0,0,-51,0x03,32,6,14,4,-60,-71,1.66,-0.447,1.898,5.255,100%,3.895,4.067,1523,1007,0,1008,0,,0.00000,0.00000,0.0,0,0.0,-50,-0.5
J.Herter_T1,2026-02-28,11:35:11.785,39.85423,-83.65603,1088.6,39.85423,-83.65603,1087.8,3,0,0,-119,0x03,32,5,15,4,-62,-69,1.66,-0.328,1.857,4.168,100%,3.891,4.067,1524,1008,0,1009,0,,0.00000,0.00000,0.0,0,0.0,-50,-0.5
J.Herter_T1,2026-02-28,11:35:12.775,39.85423,-83.65603,1088.6,39.85423,-83.65603,1087.9,3,0,0,24,0x03,32,6,13,5,-61,-66,1.65,-0.172,1.794,4.661,100%,3.891,4.068,1525,1009,0,1010,0,,0.00000,0.00000,0.0,0,0.0,-50,-0.5
J.Herter_T1,2026-02-28,11:35:13.796,39.85423,-83.65603,1088.6,39.85423,-83.65603,1087.9,3,0,0,-152,0x03,32,6,13,5,-61,-69,1.65,-0.125,1.781,4.657,100%,3.891,4.067,1526,1010,0,1011,0,,0.00000,0.00000,0.0,0,0.0,-50,-0.5
J.Herter_T1,2026-02-28,11:35:14.787,39.85423,-83.65603,1088.6,39.85423,-83.65603,1088.0,3,0,0,-166,0x03,32,5,14,5,-62,-69,1.67,-0.039,1.769,4.196,100%,3.895,4.068,1527,1011,0,1012,0,,0.00000,0.00000,0.0,0,0.0,-50,-0.5
J.Herter_T1,2026-02-28,11:35:16.795,39.85423,-83.65603,1088.6,39.85423,-83.65603,1088.0,3,0,0,-34,0x03,32,6,13,5,-59,-66,1.66,-0.006,1.749,5.887,100%,3.892,4.067,1529,1013,0,1014,0,,0.00000,0.00000,0.0,0,0.0,-50,-0.5
J.Herter_T1,2026-02-28,11:35:17.785,39.85423,-83.65603,1088.6,39.85423,-83.65603,1088.1,3,0,0,83,0x03,32,4,16,3,-63,-68,1.66,0.028,1.735,3.709,100%,3.892,4.067,1530,1014,0,1015,0,,0.00000,0.00000,0.0,0,0.0,-50,-0.5
J.Herter_T1,2026-02-28,11:35:18.777,39.85423,-83.65603,1088.6,39.85423,-83.65603,1088.1,3,0,0,-31,0x03,32,5,17,2,-61,-71,1.66,0.060,1.729,4.684,100%,3.892,4.068,1531,1015,0,1016,0,,0.00000,0.00000,0.0,0,0.0,-50,-0.5
J.Herter_T1,2026-02-28,11:35:19.796,39.85423,-83.65603,1088.6,39.85423,-83.65603,1088.2,3,0,0,78,0x03,32,4,16,3,-88,-67,1.66,0.090,1.714,0.209,100%,3.891,4.067,1532,1016,0,1017,0,,0.00000,0.00000,0.0,0,0.0,-50,-0.5
J.Herter_T1,2026-02-28,11:35:20.785,39.85423,-83.65603,1088.6,39.85423,-83.65603,1088.1,3,0,0,-75,0x03,32,5,14,5,-75,-83,1.66,0.075,1.717,0.933,100%,3.891,4.067,1533,1017,0,1018,0,,0.00000,0.00000,0.0,0,0.0,-50,-0.5
J.Herter_T1,2026-02-28,11:35:21.775,39.85423,-83.65603,1088.6,39.85423,-83.65603,1088.0,3,0,0,-20,0x03,32,3,17,3,-62,-87,1.65,-0.083,1.762,4.151,100%,3.889,4.067,1534,1018,0,1019,0,,0.00000,0.00000,0.0,0,0.0,-50,-0.5
J.Herter_T1,2026-02-28,11:35:22.797,39.85423,-83.65603,1088.6,39.85423,-83.65603,1087.9,3,0,0,-85,0x03,32,3,16,4,-67,-69,1.65,-0.187,1.809,2.334,100%,3.889,4.069,1535,1019,0,1020,0,,0.00000,0.00000,0.0,0,0.0,-50,-0.5
J.Herter_T1,2026-02-28,11:35:23.785,39.85423,-83.65603,1088.6,39.85423,-83.65603,1087.9,3,0,0,-32,0x03,32,6,13,4,-64,-74,1.67,-0.133,1.806,3.325,100%,3.892,4.067,1536,1020,0,1021,0,,0.00000,0.00000,0.0,0,0.0,-50,-0.6
J.Herter_T1,2026-02-28,11:35:24.777,39.85423,-83.65603,1088.6,39.85423,-83.65603,1087.9,3,0,0,-56,0x03,32,6,13,5,-64,-70,1.74,-0.123,1.878,3.476,100%,3.892,4.068,1537,1021,0,1022,0,,0.00000,0.00000,0.0,0,0.0,-50,-0.6
J.Herter_T1,2026-02-28,11:35:25.795,39.85423,-83.65603,1088.6,39.85423,-83.65603,1088.0,3,0,0,-143,0x03,32,6,16,2,-64,-71,1.89,-0.010,1.979,3.771,100%,3.891,4.067,1538,1022,0,1023,0,,0.00000,0.00000,0.0,0,0.0,-50,-0.6
J.Herter_T1,2026-02-28,11:35:26.787,39.85423,-83.65603,1088.6,39.85423,-83.65603,1088.0,3,0,0,140,0x03,32,6,15,3,-62,-72,1.86,0.029,1.941,4.680,100%,3.891,4.068,1539,1023,0,1024,0,,0.00000,0.00000,0.0,0,0.0,-50,-0.6
J.Herter_T1,2026-02-28,11:35:27.775,39.85423,-83.65603,1088.6,39.85423,-83.65603,1088.2,3,0,0,39,0x03,32,4,17,3,-68,-67,1.84,0.130,1.888,2.314,100%,3.891,4.068,1540,1024,0,1025,0,,0.00000,0.00000,0.0,0,0.0,-50,-0.6
J.Herter_T1,2026-02-28,11:35:28.795,39.85423,-83.65603,1088.6,39.85423,-83.65603,1088.3,3,0,0,4,0x03,32,5,15,4,-61,-74,1.85,0.217,1.878,5.215,100%,3.875,4.067,1541,1025,0,1026,0,,0.00000,0.00000,0.0,0,0.0,-50,-0.5
J.Herter_T1,2026-02-28,11:35:29.785,39.85423,-83.65603,1088.6,39.85423,-83.65603,1088.4,3,0,0,-7,0x03,32,5,16,3,-67,-68,1.83,0.325,1.834,2.579,100%,3.875,4.067,1542,1026,0,1027,0,,0.00000,0.00000,0.0,0,0.0,-50,-0.5
J.Herter_T1,2026-02-28,11:35:30.777,39.85423,-83.65603,1088.6,39.85423,-83.65603,1088.5,3,0,0,148,0x03,32,5,15,4,-63,-76,1.81,0.376,1.816,4.061,100%,3.890,4.068,1543,1027,0,1028,0,,0.00000,0.00000,0.0,0,0.0,-50,-0.5
J.Herter_T1,2026-02-28,11:35:31.797,39.85423,-83.65603,1088.6,39.85423,-83.65603,1088.6,3,0,0,-53,0x03,32,6,14,4,-67,-64,1.84,0.427,1.838,2.596,100%,3.890,4.067,1544,1028,0,1029,0,,0.00000,0.00000,0.0,0,0.0,-50,-0.4
J.Herter_T1,2026-02-28,11:35:32.785,39.85423,-83.65603,1088.6,39.85423,-83.65603,1088.6,3,0,0,-87,0x03,32,6,15,3,-64,-72,1.90,0.396,1.904,3.798,100%,3.890,4.067,1545,1029,0,1030,0,,0.00000,0.00000,0.0,0,0.0,-50,-0.4
J.Herter_T1,2026-02-28,11:35:33.777,39.85423,-83.65603,1088.6,39.85423,-83.65603,1088.7,3,0,0,-173,0x03,32,4,17,3,-66,-69,1.92,0.436,1.921,3.039,100%,3.890,4.066,1546,1030,0,1031,0,,0.00000,0.00000,0.0,0,0.0,-50,-0.3
J.Herter_T1,2026-02-28,11:35:34.797,39.85423,-83.65603,1088.6,39.85423,-83.65603,1088.9,3,0,0,16,0x03,32,5,16,3,-71,-69,1.90,0.525,1.922,1.697,100%,3.887,4.067,1547,1031,0,1032,0,,0.00000,0.00000,0.0,0,0.0,-50,-0.3
J.Herter_T1,2026-02-28,11:35:35.788,39.85423,-83.65603,1088.6,39.85423,-83.65603,1089.0,3,0,0,83,0x03,32,5,14,5,-61,-78,1.84,0.606,1.884,5.180,100%,3.887,4.067,1548,1032,0,1033,0,,0.00000,0.00000,0.0,0,0.0,-50,-0.2
J.Herter_T1,2026-02-28,11:35:36.775,39.85423,-83.65603,1088.6,39.85423,-83.65603,1089.1,3,0,0,174,0x03,32,6,14,4,-59,-72,1.81,0.625,1.882,6.437,100%,3.890,4.067,1549,1033,0,1034,0,,0.00000,0.00000,0.0,0,0.0,-50,-0.1
J.Herter_T1,2026-02-28,11:35:37.795,39.85423,-83.65603,1088.6,39.85423,-83.65603,1089.3,3,0,0,-15,0x03,32,5,15,4,-68,-67,1.84,0.707,1.954,2.314,100%,3.890,4.067,1550,1034,0,1035,0,,0.00000,0.00000,0.0,0,0.0,-50,-0.0
J.Herter_T1,2026-02-28,11:35:38.816,39.85423,-83.65603,1088.6,39.85423,-83.65603,1089.4,3,0,0,-117,0x03,32,6,15,3,-61,-77,1.90,0.805,2.084,5.365,100%,3.890,4.067,1551,1035,0,1036,0,,0.00000,0.00000,0.0,0,0.0,-50,0.0
J.Herter_T1,2026-02-28,11:35:40.795,39.85423,-83.65603,1088.6,39.85423,-83.65603,1089.6,3,0,0,67,0x03,32,6,16,2,-60,-68,1.88,0.742,2.108,5.934,100%,3.873,4.066,1553,1037,0,1038,0,,0.00000,0.00000,0.0,0,0.0,-50,0.2
J.Herter_T1,2026-02-28,11:35:41.785,39.85423,-83.65603,1088.6,39.85423,-83.65603,1089.6,3,0,0,67,0x03,32,5,17,2,-72,-69,1.78,0.695,2.038,1.415,100%,3.890,4.066,1554,1038,0,1039,0,,0.00000,0.00000,0.0,0,0.0,-50,0.3
J.Herter_T1,2026-02-28,11:35:43.798,39.85423,-83.65603,1088.6,39.85423,-83.65603,1089.6,3,0,0,-88,0x03,32,6,14,4,-62,-76,1.77,0.552,2.024,4.448,100%,3.885,4.071,1556,1040,0,1041,0,,0.00000,0.00000,0.0,0,0.0,-50,0.4
J.Herter_T1,2026-02-28,11:35:44.785,39.85423,-83.65603,1088.6,39.85423,-83.65603,1089.5,3,0,0,152,0x03,32,7,14,3,-63,-68,1.76,0.435,1.983,3.942,100%,3.885,4.067,1557,1041,0,1042,0,,0.00000,0.00000,0.0,0,0.0,-50,0.5
J.Herter_T1,2026-02-28,11:35:45.775,39.85423,-83.65603,1088.6,39.85423,-83.65603,1089.4,3,0,0,64,0x03,32,7,13,4,-61,-69,1.74,0.326,1.934,4.911,100%,3.889,4.067,1558,1042,0,1043,0,,0.00000,0.00000,0.0,0,0.0,-50,0.5
J.Herter_T1,2026-02-28,11:35:47.787,39.85423,-83.65603,1088.6,39.85423,-83.65603,1089.4,3,0,0,-66,0x03,32,5,15,4,-64,-67,1.78,0.266,1.968,3.554,100%,3.889,4.066,1560,1044,0,1045,0,,0.00000,0.00000,0.0,0,0.0,-50,0.6
J.Herter_T1,2026-02-28,11:35:48.776,39.85423,-83.65603,1088.6,39.85423,-83.65603,1089.4,3,0,0,14,0x03,32,7,14,3,-61,-74,1.83,0.195,1.988,5.146,100%,3.892,4.067,1561,1045,0,1046,0,,0.00000,0.00000,0.0,0,0.0,-50,0.6
J.Herter_T1,2026-02-28,11:35:49.795,39.85423,-83.65603,1088.6,39.85423,-83.65603,1089.3,3,1,0,96,0x03,32,5,15,4,-57,-68,1.76,0.093,1.893,7.866,100%,3.892,4.066,1562,1046,0,1047,0,,0.00000,0.00000,0.0,0,0.0,-50,0.6
J.Herter_T1,2026-02-28,11:35:50.785,39.85423,-83.65603,1088.6,39.85423,-83.65603,1089.2,3,0,0,120,0x03,32,4,17,2,-55,-71,1.66,0.001,1.764,9.322,100%,3.887,4.067,1563,1047,0,1048,0,,0.00000,0.00000,0.0,0,0.0,-50,0.6
J.Herter_T1,2026-02-28,11:35:51.776,39.85423,-83.65603,1088.6,39.85423,-83.65603,1089.1,3,0,0,104,0x03,32,5,16,3,-61,-67,1.65,-0.076,1.732,4.658,100%,3.887,4.068,1564,1048,0,1049,0,,0.00000,0.00000,0.0,0,0.0,-50,0.6
J.Herter_T1,2026-02-28,11:35:52.795,39.85423,-83.65603,1088.6,39.85423,-83.65603,1089.1,3,0,0,-48,0x03,32,4,17,3,-58,-69,1.66,-0.042,1.746,6.600,100%,3.887,4.067,1565,1049,0,1050,0,,0.00000,0.00000,0.0,0,0.0,-50,0.6
J.Herter_T1,2026-02-28,11:35:53.786,39.85423,-83.65603,1088.6,39.85423,-83.65603,1089.1,3,0,0,-21,0x03,32,4,15,5,-61,-65,1.67,-0.037,1.762,4.720,100%,3.872,4.066,1566,1050,0,1051,0,,0.00000,0.00000,0.0,0,0.0,-50,0.6
J.Herter_T1,2026-02-28,11:35:54.776,39.85423,-83.65603,1088.6,39.85423,-83.65603,1089.1,3,0,0,104,0x03,32,5,16,3,-57,-67,1.65,-0.066,1.730,7.382,100%,3.872,4.067,1567,1051,0,1052,0,,0.00000,0.00000,0.0,0,0.0,-50,0.6
J.Herter_T1,2026-02-28,11:35:55.796,39.85423,-83.65603,1088.6,39.85423,-83.65603,1089.2,3,0,0,12,0x03,32,5,16,3,-61,-65,1.66,0.002,1.754,4.667,100%,3.889,4.065,1568,1052,0,1053,0,,0.00000,0.00000,0.0,0,0.0,-50,0.6
J.Herter_T1,2026-02-28,11:35:56.787,39.85423,-83.65603,1088.6,39.85423,-83.65603,1089.1,3,0,0,-139,0x03,32,5,16,3,-61,-69,1.66,-0.033,1.746,4.679,100%,3.889,4.067,1569,1053,0,1054,0,,0.00000,0.00000,0.0,0,0.0,-50,0.6
J.Herter_T1,2026-02-28,11:35:57.776,39.85423,-83.65603,1088.6,39.85423,-83.65603,1089.3,3,0,0,-116,0x03,32,5,16,3,-62,-68,1.74,0.091,1.869,4.377,100%,3.885,4.067,1570,1054,0,1055,0,,0.00000,0.00000,0.0,0,0.0,-50,0.6
J.Herter_T1,2026-02-28,11:35:58.796,39.85423,-83.65603,1088.6,39.85423,-83.65603,1089.5,3,0,0,64,0x03,32,6,15,3,-57,-65,2.06,0.256,2.233,9.189,100%,3.885,4.067,1571,1055,0,1056,0,,0.00000,0.00000,0.0,0,0.0,-50,0.6
J.Herter_T1,2026-02-28,11:35:59.786,39.85423,-83.65603,1088.6,39.85423,-83.65603,1089.6,3,1,0,-83,0x03,32,6,15,3,-60,-65,2.07,0.319,2.288,6.559,100%,3.892,4.067,1572,1056,0,1057,0,,0.00000,0.00000,0.0,0,0.0,-50,0.6
J.Herter_T1,2026-02-28,11:36:00.777,39.85423,-83.65603,1088.6,39.85423,-83.65603,1089.4,3,1,0,37,0x03,32,6,15,3,-71,-68,1.85,0.172,2.032,1.649,100%,3.892,4.067,1573,1057,0,1058,0,,0.00000,0.00000,0.0,0,0.0,-50,0.7
J.Herter_T1,2026-02-28,11:36:01.796,39.85423,-83.65603,1088.6,39.85423,-83.65603,1089.6,3,0,0,-20,0x03,32,5,16,3,-64,-75,1.88,0.300,2.126,3.744,100%,3.889,4.067,1574,1058,0,1059,0,,0.00000,0.00000,0.0,0,0.0,-50,0.7
J.Herter_T1,2026-02-28,11:36:02.786,39.85423,-83.65603,1088.6,39.85423,-83.65603,1089.8,3,0,0,-9,0x03,32,5,16,3,-64,-71,1.98,0.467,2.323,3.944,100%,3.889,4.067,1575,1059,0,1060,0,,0.00000,0.00000,0.0,0,0.0,-50,0.8
J.Herter_T1,2026-02-28,11:36:04.798,39.85423,-83.65603,1088.6,39.85423,-83.65603,1089.9,3,0,0,41,0x03,32,6,16,2,-62,-66,1.86,0.473,2.288,4.680,100%,3.892,4.067,1577,1061,0,1062,0,,0.00000,0.00000,0.0,0,0.0,-50,0.9
J.Herter_T1,2026-02-28,11:36:05.786,39.85423,-83.65603,1088.6,39.85423,-83.65603,1089.9,3,0,0,-18,0x03,32,5,14,5,-64,-65,2.04,0.367,2.400,4.072,100%,3.892,4.066,1578,1062,0,1063,0,,0.00000,0.00000,0.0,0,0.0,-50,0.9
J.Herter_T1,2026-02-28,11:36:07.796,39.85423,-83.65603,1088.6,39.85423,-83.65603,1090.0,3,0,0,-63,0x03,32,4,15,5,-68,-76,2.09,0.400,2.511,2.632,100%,3.891,4.067,1580,1064,0,1065,0,,0.00000,0.00000,0.0,0,0.0,-50,1.0
J.Herter_T1,2026-02-28,11:36:08.788,39.85423,-83.65603,1088.6,39.85423,-83.65603,1090.0,3,0,0,-85,0x03,32,5,16,3,-62,-76,2.06,0.354,2.479,5.167,100%,3.888,4.067,1581,1065,0,1066,0,,0.00000,0.00000,0.0,0,0.0,-50,1.0
J.Herter_T1,2026-02-28,11:36:09.776,39.85423,-83.65603,1088.6,39.85423,-83.65603,1089.8,3,0,0,-7,0x03,32,6,15,4,-66,-65,2.18,0.168,2.496,3.455,100%,3.888,4.066,1582,1066,0,1067,0,,0.00000,0.00000,0.0,0,0.0,-50,1.0
J.Herter_T1,2026-02-28,11:36:10.796,39.85423,-83.65603,1088.6,39.85423,-83.65603,1089.6,3,0,0,88,0x03,32,6,15,4,-70,-72,2.24,-0.053,2.445,2.236,100%,3.887,4.066,1583,1067,0,1068,0,,0.00000,0.00000,0.0,0,0.0,-50,1.0
J.Herter_T1,2026-02-28,11:36:11.786,39.85423,-83.65603,1088.6,39.85423,-83.65603,1089.4,3,0,0,-14,0x03,32,5,15,5,-67,-75,2.20,-0.183,2.353,3.105,100%,3.887,4.067,1584,1068,0,1069,0,,0.00000,0.00000,0.0,0,0.0,-50,1.0
J.Herter_T1,2026-02-28,11:36:12.778,39.85423,-83.65603,1088.6,39.85423,-83.65603,1089.4,3,0,0,69,0x03,32,5,14,6,-59,-65,2.20,-0.180,2.347,7.799,100%,3.887,4.067,1585,1069,0,1070,0,,0.00000,0.00000,0.0,0,0.0,-50,1.0
J.Herter_T1,2026-02-28,11:36:13.796,39.85423,-83.65603,1088.6,39.85423,-83.65603,1089.3,3,0,0,-148,0x03,31,6,15,4,-60,-66,2.20,-0.265,2.309,6.951,100%,3.870,4.066,1586,1070,0,1071,0,,0.00000,0.00000,0.0,0,0.0,-50,1.0
J.Herter_T1,2026-02-28,11:36:14.786,39.85423,-83.65603,1088.6,39.85423,-83.65603,1089.1,3,0,0,-88,0x03,32,6,15,4,-54,-70,2.20,-0.454,2.248,13.869,100%,3.870,4.067,1587,1071,0,1072,0,,0.00000,0.00000,0.0,0,0.0,-50,0.9
J.Herter_T1,2026-02-28,11:36:15.777,39.85423,-83.65603,1088.6,39.85423,-83.65603,1088.9,3,0,0,154,0x03,32,6,15,4,-58,-64,2.20,-0.539,2.222,8.751,100%,3.889,4.066,1588,1072,0,1073,0,,0.00000,0.00000,0.0,0,0.0,-50,0.9
J.Herter_T1,2026-02-28,11:36:16.798,39.85423,-83.65603,1088.6,39.85423,-83.65603,1088.9,3,0,0,114,0x03,32,6,15,4,-55,-65,2.18,-0.494,2.202,12.258,100%,3.889,4.067,1589,1073,0,1074,0,,0.00000,0.00000,0.0,0,0.0,-50,0.8
J.Herter_T1,2026-02-28,11:36:17.786,39.85423,-83.65603,1088.6,39.85423,-83.65603,1089.1,3,0,0,-175,0x03,32,6,15,4,-55,-64,2.33,-0.311,2.378,13.115,100%,3.889,4.066,1590,1074,0,1075,0,,0.00000,0.00000,0.0,0,0.0,-50,0.8
J.Herter_T1,2026-02-28,11:36:18.776,39.85423,-83.65603,1088.6,39.85423,-83.65603,1088.9,3,0,0,137,0x03,32,6,16,3,-54,-64,2.29,-0.437,2.311,14.468,100%,3.889,4.067,1591,1075,0,1076,0,,0.00000,0.00000,0.0,0,0.0,-50,0.7
J.Herter_T1,2026-02-28,11:36:19.796,39.85423,-83.65603,1088.6,39.85423,-83.65603,1088.7,3,0,0,70,0x03,32,7,15,3,-60,-64,2.06,-0.573,2.059,6.505,100%,3.889,4.066,1592,1076,0,1077,0,,0.00000,0.00000,0.0,0,0.0,-50,0.7
J.Herter_T1,2026-02-28,11:36:20.787,39.85423,-83.65603,1088.6,39.85423,-83.65603,1088.4,3,0,0,14,0x03,32,4,17,3,-58,-68,1.95,-0.764,1.956,7.750,100%,3.890,4.067,1593,1077,0,1078,0,,0.00000,0.00000,0.0,0,0.0,-50,0.6
J.Herter_T1,2026-02-28,11:36:21.778,39.85423,-83.65603,1088.6,39.85423,-83.65603,1088.1,3,0,0,-155,0x03,32,5,17,3,-59,-63,1.93,-0.921,1.983,6.855,100%,3.890,4.065,1594,1078,0,1079,0,,0.00000,0.00000,0.0,0,0.0,-50,0.5
J.Herter_T1,2026-02-28,11:36:22.796,39.85423,-83.65603,1088.6,39.85423,-83.65603,1087.9,3,0,0,-116,0x03,32,5,15,5,-60,-66,1.95,-1.035,2.061,6.156,100%,3.887,4.066,1595,1079,0,1080,0,,0.00000,0.00000,0.0,0,0.0,-50,0.4
J.Herter_T1,2026-02-28,11:36:23.786,39.85423,-83.65603,1088.6,39.85423,-83.65603,1087.9,3,0,0,-85,0x03,32,4,17,4,-60,-67,2.02,-0.988,2.155,6.401,100%,3.887,4.066,1596,1080,0,1081,0,,0.00000,0.00000,0.0,0,0.0,-50,0.2
J.Herter_T1,2026-02-28,11:36:24.777,39.85423,-83.65603,1088.6,39.85423,-83.65603,1087.7,3,0,0,-25,0x03,32,4,17,4,-58,-67,2.01,-0.987,2.180,7.995,100%,3.891,4.067,1597,1081,0,1082,0,,0.00000,0.00000,0.0,0,0.0,-50,0.1
J.Herter_T1,2026-02-28,11:36:25.798,39.85423,-83.65603,1088.6,39.85423,-83.65603,1087.7,3,0,0,136,0x03,32,5,16,4,-62,-66,2.04,-0.900,2.214,5.126,100%,3.891,4.067,1598,1082,0,1083,0,,0.00000,0.00000,0.0,0,0.0,-50,0.0
J.Herter_T1,2026-02-28,11:36:26.786,39.85423,-83.65603,1088.6,39.85423,-83.65603,1087.8,3,0,0,165,0x03,32,6,15,4,-60,-69,2.06,-0.786,2.220,6.505,100%,3.891,4.067,1599,1083,0,1084,0,,0.00000,0.00000,0.0,0,0.0,-50,-0.0
J.Herter_T1,2026-02-28,11:36:28.796,39.85423,-83.65603,1088.6,39.85423,-83.65603,1088.0,3,0,0,-163,0x03,32,4,18,3,-57,-66,2.18,-0.468,2.271,9.737,100%,3.892,4.066,1601,1085,0,1086,0,,0.00000,0.00000,0.0,0,0.0,-50,-0.2
J.Herter_T1,2026-02-28,11:36:30.776,39.85423,-83.65603,1088.6,39.85423,-83.65603,1088.4,3,0,0,141,0x03,32,6,15,4,-59,-64,2.24,-0.035,2.248,7.932,100%,3.889,4.067,1603,1087,0,1088,0,,0.00000,0.00000,0.0,0,0.0,-50,-0.2
J.Herter_T1,2026-02-28,11:36:31.796,39.85423,-83.65603,1088.6,39.85423,-83.65604,1088.7,3,0,0,-97,0x03,32,6,15,4,-61,-66,2.43,0.235,2.434,6.858,100%,3.888,4.066,1604,1088,0,1089,0,,0.00000,0.00000,0.0,0,0.0,-50,-0.2
J.Herter_T1,2026-02-28,11:36:32.786,39.85423,-83.65603,1088.6,39.85423,-83.65604,1088.6,3,0,0,-178,0x03,32,5,15,5,-59,-68,2.52,0.161,2.517,8.929,100%,3.888,4.067,1605,1089,0,1090,0,,0.00000,0.00000,0.0,0,0.0,-50,-0.2
J.Herter_T1,2026-02-28,11:36:33.779,39.85423,-83.65603,1088.6,39.85423,-83.65603,1088.5,3,0,0,20,0x03,32,6,15,4,-57,-68,2.35,0.030,2.355,10.506,100%,3.888,4.066,1606,1090,0,1091,0,,0.00000,0.00000,0.0,0,0.0,-50,-0.2
J.Herter_T1,2026-02-28,11:36:34.796,39.85423,-83.65603,1088.6,39.85423,-83.65603,1088.6,3,0,0,-104,0x03,32,6,17,3,-52,-65,2.24,0.189,2.236,17.757,100%,3.888,4.067,1607,1091,0,1092,0,,0.00000,0.00000,0.0,0,0.0,-50,-0.1
J.Herter_T1,2026-02-28,11:36:35.786,39.85423,-83.65603,1088.6,39.85423,-83.65603,1088.8,3,0,0,-145,0x03,32,6,16,3,-53,-61,2.33,0.309,2.342,16.511,100%,3.888,4.067,1608,1092,0,1093,0,,0.00000,0.00000,0.0,0,0.0,-50,-0.1
J.Herter_T1,2026-02-28,11:36:36.776,39.85423,-83.65603,1088.6,39.85423,-83.65604,1089.0,3,0,0,-95,0x03,32,5,17,3,-68,-59,2.52,0.423,2.544,3.168,100%,3.866,4.067,1609,1093,0,1094,0,,0.00000,0.00000,0.0,0,0.0,-50,-0.0
J.Herter_T1,2026-02-28,11:36:37.796,39.85423,-83.65603,1088.6,39.85423,-83.65604,1088.9,3,0,0,-7,0x03,32,6,15,4,-61,-75,2.39,0.360,2.418,6.743,100%,3.866,4.066,1610,1094,0,1095,0,,0.00000,0.00000,0.0,0,0.0,-50,-0.0
J.Herter_T1,2026-02-28,11:36:38.787,39.85423,-83.65603,1088.6,39.85423,-83.65604,1089.1,3,0,0,-83,0x03,32,6,15,4,-59,-69,2.43,0.454,2.483,8.633,100%,3.887,4.067,1611,1095,0,1096,0,,0.00000,0.00000,0.0,0,0.0,-50,0.0
J.Herter_T1,2026-02-28,11:36:39.777,39.85423,-83.65603,1088.6,39.85423,-83.65604,1089.2,3,0,0,0,0x03,32,5,17,3,-59,-66,2.60,0.515,2.673,9.233,100%,3.887,4.064,1612,1096,0,1097,0,,0.00000,0.00000,0.0,0,0.0,-50,0.1
J.Herter_T1,2026-02-28,11:36:40.796,39.85423,-83.65603,1088.6,39.85423,-83.65604,1089.3,3,0,0,-81,0x03,32,5,16,4,-58,-67,2.56,0.519,2.647,10.188,100%,3.885,4.067,1613,1097,0,1098,0,,0.00000,0.00000,0.0,0,0.0,-50,0.2
J.Herter_T1,2026-02-28,11:36:41.789,39.85423,-83.65603,1088.6,39.85423,-83.65604,1089.3,3,0,0,-109,0x03,32,5,16,4,-55,-65,2.58,0.482,2.672,14.512,100%,3.885,4.066,1614,1098,0,1099,0,,0.00000,0.00000,0.0,0,0.0,-50,0.2
J.Herter_T1,2026-02-28,11:36:42.776,39.85423,-83.65603,1088.6,39.85423,-83.65604,1089.3,3,0,0,136,0x03,32,5,17,3,-47,-62,2.56,0.466,2.661,36.150,100%,3.888,4.068,1615,1099,0,1100,0,,0.00000,0.00000,0.0,0,0.0,-50,0.3
J.Herter_T1,2026-02-28,11:36:43.796,39.85423,-83.65603,1088.6,39.85423,-83.65604,1089.4,3,0,0,-45,0x03,32,6,16,3,-50,-60,2.58,0.514,2.712,25.807,100%,3.888,4.065,1616,1100,0,1101,0,,0.00000,0.00000,0.0,0,0.0,-50,0.3
J.Herter_T1,2026-02-28,11:36:44.786,39.85423,-83.65603,1088.6,39.85423,-83.65604,1089.4,3,0,0,79,0x03,32,6,15,4,-55,-60,2.58,0.478,2.717,14.512,100%,3.888,4.067,1617,1101,0,1102,0,,0.00000,0.00000,0.0,0,0.0,-50,0.4
J.Herter_T1,2026-02-28,11:36:45.778,39.85423,-83.65603,1088.6,39.85423,-83.65604,1089.6,3,0,0,-94,0x03,32,6,15,4,-53,-63,2.69,0.548,2.863,19.043,100%,3.887,4.065,1618,1102,0,1103,0,,0.00000,0.00000,0.0,0,0.0,-50,0.4
J.Herter_T1,2026-02-28,11:36:46.796,39.85423,-83.65603,1088.6,39.85423,-83.65604,1089.9,3,0,0,-24,0x03,32,6,16,3,-53,-63,3.08,0.771,3.339,21.804,100%,3.887,4.067,1619,1103,0,1104,0,,0.00000,0.00000,0.0,0,0.0,-50,0.5
J.Herter_T1,2026-02-28,11:36:47.786,39.85423,-83.65603,1088.6,39.85423,-83.65604,1090.2,3,0,0,-28,0x03,32,6,15,4,-58,-61,3.06,0.977,3.451,12.167,100%,3.866,4.066,1620,1104,0,1105,0,,0.00000,0.00000,0.0,0,0.0,-50,0.6
J.Herter_T1,2026-02-28,11:36:48.776,39.85423,-83.65603,1088.6,39.85423,-83.65604,1090.3,3,1,0,106,0x03,32,5,17,3,-58,-65,2.92,0.965,3.375,11.610,100%,3.866,4.067,1621,1105,0,1106,0,,0.00000,0.00000,0.0,0,0.0,-50,0.7
J.Herter_T1,2026-02-28,11:36:49.798,39.85423,-83.65603,1088.6,39.85423,-83.65603,1090.4,3,0,0,-164,0x03,32,6,16,3,-53,-65,2.22,0.951,2.850,15.693,100%,3.866,4.066,1622,1106,0,1107,0,,0.00000,0.00000,0.0,0,0.0,-50,0.8
J.Herter_T1,2026-02-28,11:36:50.789,39.85423,-83.65603,1088.6,39.85423,-83.65603,1090.4,3,1,0,-5,0x03,32,5,17,3,-57,-64,2.31,0.880,2.941,10.330,100%,3.887,4.067,1623,1107,0,1108,0,,0.00000,0.00000,0.0,0,0.0,-50,0.9
J.Herter_T1,2026-02-28,11:36:51.777,39.85423,-83.65603,1088.6,39.85423,-83.65603,1090.5,3,0,0,179,0x03,32,6,16,3,-51,-63,2.33,0.857,3.001,20.786,100%,3.887,4.068,1624,1108,0,1109,0,,0.00000,0.00000,0.0,0,0.0,-50,1.0
J.Herter_T1,2026-02-28,11:36:52.797,39.85423,-83.65603,1088.6,39.85423,-83.65603,1090.6,3,0,0,61,0x03,32,6,16,2,-57,-61,2.27,0.868,3.026,10.156,100%,3.890,4.067,1625,1109,0,1110,0,,0.00000,0.00000,0.0,0,0.0,-50,1.1
J.Herter_T1,2026-02-28,11:36:53.815,39.85423,-83.65603,1088.6,39.85423,-83.65603,1090.6,3,0,0,-178,0x03,32,6,15,4,-58,-66,2.13,0.764,2.904,8.463,100%,3.890,4.066,1626,1110,0,1111,0,,0.00000,0.00000,0.0,0,0.0,-50,1.2
J.Herter_T1,2026-02-28,11:36:55.798,39.85423,-83.65603,1088.6,39.85423,-83.65603,1090.5,3,0,0,95,0x03,31,6,16,3,-76,-70,2.14,0.593,2.894,1.074,100%,3.884,4.066,1628,1112,0,1113,0,,0.00000,0.00000,0.0,0,0.0,-50,1.4
J.Herter_T1,2026-02-28,11:36:56.787,39.85423,-83.65603,1088.6,39.85423,-83.65603,1090.6,3,0,0,-123,0x03,32,7,16,1,-70,-78,2.07,0.586,2.884,2.074,100%,3.886,4.067,1629,1113,0,1114,0,,0.00000,0.00000,0.0,0,0.0,-50,1.4
J.Herter_T1,2026-02-28,11:36:57.777,39.85423,-83.65603,1088.6,39.85423,-83.65603,1090.6,3,0,0,-128,0x03,32,6,17,2,-64,-81,2.22,0.545,3.001,4.423,100%,3.886,4.065,1630,1114,0,1115,0,,0.00000,0.00000,0.0,0,0.0,-50,1.5
J.Herter_T1,2026-02-28,11:36:58.798,39.85423,-83.65603,1088.6,39.85423,-83.65604,1090.8,3,0,0,-151,0x03,32,5,17,3,-66,-69,2.39,0.624,3.231,3.792,100%,3.886,4.067,1631,1115,0,1116,0,,0.00000,0.00000,0.0,0,0.0,-50,1.5
J.Herter_T1,2026-02-28,11:36:59.787,39.85423,-83.65603,1088.6,39.85423,-83.65604,1090.9,3,0,0,170,0x03,32,4,17,4,-72,-76,2.39,0.700,3.336,1.900,100%,3.868,4.066,1632,1116,0,1117,0,,0.00000,0.00000,0.0,0,0.0,-50,1.6
J.Herter_T1,2026-02-28,11:37:00.777,39.85423,-83.65603,1088.6,39.85423,-83.65603,1091.1,3,0,0,180,0x03,32,5,16,4,-64,-74,2.33,0.781,3.414,4.653,100%,3.868,4.067,1633,1117,0,1118,0,,0.00000,0.00000,0.0,0,0.0,-50,1.7
J.Herter_T1,2026-02-28,11:37:01.798,39.85423,-83.65603,1088.6,39.85423,-83.65603,1091.2,3,0,0,-83,0x03,32,5,17,3,-61,-71,2.35,0.779,3.490,6.629,100%,3.887,4.066,1634,1118,0,1119,0,,0.00000,0.00000,0.0,0,0.0,-50,1.8
J.Herter_T1,2026-02-28,11:37:02.789,39.85423,-83.65603,1088.6,39.85423,-83.65604,1091.2,3,0,0,152,0x03,32,5,17,3,-55,-69,2.39,0.740,3.548,13.453,100%,3.887,4.067,1635,1119,0,1120,0,,0.00000,0.00000,0.0,0,0.0,-50,1.9
J.Herter_T1,2026-02-28,11:37:03.777,39.85423,-83.65603,1088.6,39.85423,-83.65604,1091.3,3,0,0,-136,0x03,32,5,17,3,-61,-65,2.41,0.749,3.630,6.800,100%,3.884,4.065,1636,1120,0,1121,0,,0.00000,0.00000,0.0,0,0.0,-50,2.0
J.Herter_T1,2026-02-28,11:37:04.798,39.85423,-83.65603,1088.6,39.85423,-83.65604,1091.3,3,0,0,84,0x03,32,4,17,4,-71,-68,2.41,0.715,3.665,2.150,100%,3.884,4.067,1637,1121,0,1122,0,,0.00000,0.00000,0.0,0,0.0,-50,2.0
J.Herter_T1,2026-02-28,11:37:05.787,39.85423,-83.65603,1088.6,39.85423,-83.65604,1091.4,3,0,0,-57,0x03,32,7,13,5,-64,-72,2.69,0.726,3.919,5.367,100%,3.884,4.065,1638,1122,0,1123,0,,0.00000,0.00000,0.0,0,0.0,-50,2.1
J.Herter_T1,2026-02-28,11:37:06.778,39.85423,-83.65603,1088.6,39.85423,-83.65604,1091.6,3,0,0,107,0x03,32,7,14,4,-64,-71,2.89,0.769,4.152,5.773,100%,3.884,4.067,1639,1123,0,1124,0,,0.00000,0.00000,0.0,0,0.0,-50,2.2
J.Herter_T1,2026-02-28,11:37:07.797,39.85423,-83.65603,1088.6,39.85423,-83.65604,1091.6,3,0,0,99,0x03,32,7,15,3,-65,-75,2.85,0.763,4.178,5.063,100%,3.884,4.065,1640,1124,0,1125,0,,0.00000,0.00000,0.0,0,0.0,-50,2.3
J.Herter_T1,2026-02-28,11:37:08.788,39.85423,-83.65603,1088.6,39.85423,-83.65604,1091.8,3,0,0,37,0x03,32,7,15,3,-59,-69,2.76,0.811,4.220,9.781,100%,3.890,4.067,1641,1125,0,1126,0,,0.00000,0.00000,0.0,0,0.0,-50,2.4
J.Herter_T1,2026-02-28,11:37:09.776,39.85423,-83.65603,1088.6,39.85423,-83.65604,1091.8,3,0,0,65,0x03,32,6,16,3,-63,-68,2.65,0.780,4.191,5.923,100%,3.890,4.065,1642,1126,0,1127,0,,0.00000,0.00000,0.0,0,0.0,-50,2.5
J.Herter_T1,2026-02-28,11:37:11.788,39.85423,-83.65603,1088.6,39.85423,-83.65603,1092.1,3,0,0,37,0x03,32,5,17,3,-64,-79,2.35,0.836,4.206,4.693,100%,3.867,4.066,1644,1128,0,1129,0,,0.00000,0.00000,0.0,0,0.0,-50,2.7
J.Herter_T1,2026-02-28,11:37:13.797,39.85423,-83.65603,1088.6,39.85423,-83.65604,1092.3,3,0,0,-144,0x03,32,4,19,2,-85,-69,2.37,0.825,4.368,0.422,100%,3.887,4.067,1646,1130,0,1131,0,,0.00000,0.00000,0.0,0,0.0,-50,2.8
J.Herter_T1,2026-02-28,11:37:14.789,39.85423,-83.65603,1088.6,39.85423,-83.65604,1092.3,3,0,0,-96,0x03,32,4,18,3,-67,-85,2.50,0.781,4.471,3.525,100%,3.889,4.066,1647,1131,0,1132,0,,0.00000,0.00000,0.0,0,0.0,-50,2.9
J.Herter_T1,2026-02-28,11:37:16.799,39.85423,-83.65603,1088.6,39.85423,-83.65604,1092.4,3,0,0,-47,0x03,32,7,15,3,-65,-70,2.58,0.744,4.619,4.589,100%,3.884,4.065,1649,1133,0,1134,0,,0.00000,0.00000,0.0,0,0.0,-50,3.1
J.Herter_T1,2026-02-28,11:37:17.788,39.85423,-83.65603,1088.6,39.85423,-83.65604,1092.6,3,0,0,122,0x03,32,6,15,4,-61,-69,2.54,0.838,4.753,7.153,100%,3.884,4.064,1650,1134,0,1135,0,,0.00000,0.00000,0.0,0,0.0,-50,3.2
J.Herter_T1,2026-02-28,11:37:18.778,39.85423,-83.65603,1088.6,39.85423,-83.65604,1092.6,3,0,0,100,0x03,32,6,15,4,-64,-69,2.43,0.783,4.726,4.855,100%,3.884,4.066,1651,1135,0,1136,0,,0.00000,0.00000,0.0,0,0.0,-50,3.3
J.Herter_T1,2026-02-28,11:37:19.800,39.85423,-83.65603,1088.6,39.85423,-83.65603,1092.8,3,0,0,-165,0x03,32,4,17,4,-60,-68,2.35,0.873,4.847,7.438,100%,3.884,4.068,1652,1136,0,1137,0,,0.00000,0.00000,0.0,0,0.0,-50,3.4
J.Herter_T1,2026-02-28,11:37:21.779,39.85423,-83.65603,1088.6,39.85423,-83.65603,1093.0,3,0,0,163,0x03,32,5,17,2,-59,-69,2.24,0.852,4.940,7.932,100%,3.887,4.063,1654,1138,0,1139,0,,0.00000,0.00000,0.0,0,0.0,-50,3.6
J.Herter_T1,2026-02-28,11:37:22.798,39.85423,-83.65603,1088.6,39.85423,-83.65603,1093.1,3,0,0,-105,0x03,32,5,17,2,-59,-66,2.25,0.873,5.054,7.999,100%,3.887,4.067,1655,1139,0,1140,0,,0.00000,0.00000,0.0,0,0.0,-50,3.7
J.Herter_T1,2026-02-28,11:37:23.790,39.85423,-83.65603,1088.6,39.85423,-83.65603,1093.2,3,0,0,90,0x03,32,7,14,3,-63,-70,2.22,0.862,5.114,4.963,100%,3.887,4.065,1656,1140,0,1141,0,,0.00000,0.00000,0.0,0,0.0,-50,3.7
J.Herter_T1,2026-02-28,11:37:24.778,39.85423,-83.65603,1088.6,39.85423,-83.65603,1093.3,3,0,0,-135,0x03,32,5,15,4,-59,-71,2.13,0.883,5.183,7.543,100%,3.865,4.067,1657,1141,0,1142,0,,0.00000,0.00000,0.0,0,0.0,-50,3.8
J.Herter_T1,2026-02-28,11:37:25.797,39.85423,-83.65603,1088.6,39.85423,-83.65603,1093.5,3,0,0,97,0x03,32,6,14,4,-61,-67,2.09,0.918,5.295,5.893,100%,3.865,4.065,1658,1142,0,1143,0,,0.00000,0.00000,0.0,0,0.0,-50,3.9
J.Herter_T1,2026-02-28,11:37:26.788,39.85423,-83.65603,1088.6,39.85423,-83.65603,1093.5,3,0,0,-47,0x03,32,6,13,5,-60,-69,2.04,0.841,5.291,6.453,100%,3.882,4.067,1659,1143,0,1144,0,,0.00000,0.00000,0.0,0,0.0,-50,4.0
J.Herter_T1,2026-02-28,11:37:27.809,39.85423,-83.65603,1088.6,39.85423,-83.65603,1093.7,3,0,0,-103,0x03,32,7,14,3,-57,-67,2.14,0.949,5.527,9.575,100%,3.882,4.065,1660,1144,0,1145,0,,0.00000,0.00000,0.0,0,0.0,-50,4.1
J.Herter_T1,2026-02-28,11:37:29.789,39.85423,-83.65603,1088.6,39.85423,-83.65603,1093.8,3,0,0,-102,0x03,32,5,16,4,-52,-66,2.16,0.899,5.679,17.170,100%,3.883,4.066,1662,1146,0,1147,0,,0.00000,0.00000,0.0,0,0.0,-50,4.4
J.Herter_T1,2026-02-28,11:37:30.808,39.85423,-83.65603,1088.6,39.85423,-83.65603,1094.0,3,0,0,148,0x03,32,5,18,2,-53,-62,2.13,0.945,5.806,15.050,100%,3.885,4.066,1663,1147,0,1148,0,,0.00000,0.00000,0.0,0,0.0,-50,4.5
J.Herter_T1,2026-02-28,11:37:32.787,39.85423,-83.65603,1088.6,39.85423,-83.65603,1094.0,3,0,0,139,0x03,32,5,16,4,-58,-63,2.14,0.803,5.852,8.534,100%,3.886,4.066,1665,1149,0,1150,0,,0.00000,0.00000,0.0,0,0.0,-50,4.6
J.Herter_T1,2026-02-28,11:37:33.778,39.85423,-83.65603,1088.6,39.85423,-83.65603,1094.0,3,0,0,138,0x03,32,5,17,2,-58,-66,1.96,0.702,5.766,7.809,100%,3.886,4.064,1666,1150,0,1151,0,,0.00000,0.00000,0.0,0,0.0,-50,4.7
J.Herter_T1,2026-02-28,11:37:34.797,39.85423,-83.65603,1088.6,39.85423,-83.65603,1094.2,3,0,0,163,0x03,32,6,16,3,-57,-66,2.14,0.812,6.017,9.575,100%,3.886,4.066,1667,1151,0,1152,0,,0.00000,0.00000,0.0,0,0.0,-50,4.8
J.Herter_T1,2026-02-28,11:37:35.787,39.85423,-83.65603,1088.6,39.85423,-83.65603,1094.2,3,0,0,129,0x03,32,4,18,3,-60,-66,2.06,0.749,6.006,6.505,100%,3.887,4.066,1668,1152,0,1153,0,,0.00000,0.00000,0.0,0,0.0,-50,4.9
J.Herter_T1,2026-02-28,11:37:36.777,39.85423,-83.65603,1088.6,39.85423,-83.65603,1094.2,3,0,0,-25,0x03,32,4,18,3,-55,-64,2.02,0.674,5.994,11.383,100%,3.887,4.067,1669,1153,0,1154,0,,0.00000,0.00000,0.0,0,0.0,-50,5.0
J.Herter_T1,2026-02-28,11:37:38.789,39.85423,-83.65603,1088.6,39.85423,-83.65603,1094.3,3,0,0,-79,0x03,32,4,18,3,-54,-65,1.98,0.606,6.044,12.473,100%,3.887,4.065,1671,1155,0,1156,0,,0.00000,0.00000,0.0,0,0.0,-50,5.1
J.Herter_T1,2026-02-28,11:37:39.777,39.85423,-83.65603,1088.6,39.85423,-83.65603,1094.4,3,0,0,-155,0x03,32,4,18,3,-55,-63,2.02,0.667,6.186,11.383,100%,3.882,4.064,1672,1156,0,1157,0,,0.00000,0.00000,0.0,0,0.0,-50,5.2
J.Herter_T1,2026-02-28,11:37:40.797,39.85423,-83.65603,1088.6,39.85423,-83.65603,1094.5,3,0,0,26,0x03,32,4,18,3,-52,-64,2.07,0.677,6.283,16.474,100%,3.882,4.066,1673,1157,0,1158,0,,0.00000,0.00000,0.0,0,0.0,-50,5.3
J.Herter_T1,2026-02-28,11:37:41.788,39.85423,-83.65603,1088.6,39.85423,-83.65603,1094.6,3,0,0,158,0x03,32,4,19,2,-53,-61,2.04,0.686,6.353,14.446,100%,3.886,4.064,1674,1158,0,1159,0,,0.00000,0.00000,0.0,0,0.0,-50,5.3
J.Herter_T1,2026-02-28,11:37:42.780,39.85423,-83.65603,1088.6,39.85423,-83.65603,1094.7,3,0,0,-49,0x03,32,3,20,2,-54,-62,2.06,0.671,6.414,12.980,100%,3.886,4.066,1675,1159,0,1160,0,,0.00000,0.00000,0.0,0,0.0,-50,5.4
J.Herter_T1,2026-02-28,11:37:43.797,39.85423,-83.65603,1088.6,39.85423,-83.65604,1094.9,3,1,0,-86,0x03,32,5,18,2,-53,-62,2.60,0.781,6.791,18.423,100%,3.886,4.066,1676,1160,0,1161,0,,0.00000,0.00000,0.0,0,0.0,-50,5.5
J.Herter_T1,2026-02-28,11:37:44.787,39.85423,-83.65603,1088.6,39.85423,-83.65603,1094.8,3,0,0,78,0x03,32,6,16,3,-48,-61,2.25,0.641,6.600,28.382,100%,3.870,4.066,1677,1161,0,1162,0,,0.00000,0.00000,0.0,0,0.0,-50,5.6
J.Herter_T1,2026-02-28,11:37:45.777,39.85423,-83.65603,1088.6,39.85423,-83.65604,1094.9,3,0,0,-141,0x03,32,6,17,2,-50,-60,2.45,0.650,6.747,24.538,100%,3.870,4.065,1678,1162,0,1163,0,,0.00000,0.00000,0.0,0,0.0,-50,5.6
J.Herter_T1,2026-02-28,11:37:47.788,39.85423,-83.65603,1088.6,39.85423,-83.65603,1094.9,3,0,0,-27,0x03,32,3,19,3,-54,-60,2.07,0.527,6.619,13.086,100%,3.885,4.065,1680,1164,0,1165,0,,0.00000,0.00000,0.0,0,0.0,-50,5.8
J.Herter_T1,2026-02-28,11:37:48.779,39.85423,-83.65603,1088.6,39.85423,-83.65603,1095.0,3,0,0,153,0x03,32,4,17,4,-61,-65,2.11,0.542,6.701,5.942,100%,3.889,4.066,1681,1165,0,1166,0,,0.00000,0.00000,0.0,0,0.0,-50,5.8
J.Herter_T1,2026-02-28,11:37:49.798,39.85423,-83.65603,1088.6,39.85423,-83.65603,1095.0,3,0,0,-122,0x03,32,4,16,5,-55,-70,2.07,0.567,6.775,11.663,100%,3.889,4.065,1682,1166,0,1167,0,,0.00000,0.00000,0.0,0,0.0,-50,5.9
J.Herter_T1,2026-02-28,11:37:51.779,39.85423,-83.65603,1088.6,39.85423,-83.65603,1095.1,3,0,0,147,0x03,32,4,17,4,-59,-64,2.11,0.516,6.848,7.481,100%,3.885,4.066,1684,1168,0,1169,0,,0.00000,0.00000,0.0,0,0.0,-50,6.0
J.Herter_T1,2026-02-28,11:37:53.789,39.85423,-83.65603,1088.6,39.85423,-83.65603,1095.1,3,0,0,-65,0x03,32,5,15,5,-58,-63,2.13,0.407,6.841,8.463,100%,3.884,4.065,1686,1170,0,1171,0,,0.00000,0.00000,0.0,0,0.0,-50,6.1
J.Herter_T1,2026-02-28,11:37:54.780,39.85423,-83.65603,1088.6,39.85423,-83.65603,1095.1,3,0,0,-61,0x03,32,5,17,3,-60,-66,2.18,0.355,6.845,6.893,100%,3.884,4.066,1687,1171,0,1172,0,,0.00000,0.00000,0.0,0,0.0,-50,6.1
J.Herter_T1,2026-02-28,11:37:56.788,39.85423,-83.65603,1088.6,39.85423,-83.65604,1095.2,3,0,0,-160,0x03,32,7,13,5,-58,-65,2.52,0.377,7.061,10.019,100%,3.870,4.067,1689,1173,0,1174,0,,0.00000,0.00000,0.0,0,0.0,-50,6.2
J.Herter_T1,2026-02-28,11:37:57.778,39.85423,-83.65603,1088.6,39.85423,-83.65604,1095.3,3,0,0,85,0x03,32,9,14,3,-54,-66,2.50,0.431,7.148,15.746,100%,3.885,4.066,1690,1174,0,1175,0,,0.00000,0.00000,0.0,0,0.0,-50,6.3
J.Herter_T1,2026-02-28,11:37:59.789,39.85423,-83.65603,1088.6,39.85423,-83.65604,1095.4,3,0,0,110,0x03,32,5,18,2,-59,-61,2.41,0.414,7.191,8.561,100%,3.887,4.066,1692,1176,0,1177,0,,0.00000,0.00000,0.0,0,0.0,-50,6.4
J.Herter_T1,2026-02-28,11:38:00.778,39.85423,-83.65603,1088.6,39.85423,-83.65603,1095.4,3,0,0,-109,0x03,32,5,17,3,-55,-65,2.33,0.391,7.183,13.115,100%,3.887,4.067,1693,1177,0,1178,0,,0.00000,0.00000,0.0,0,0.0,-50,6.4
J.Herter_T1,2026-02-28,11:38:02.788,39.85423,-83.65603,1088.6,39.85423,-83.65604,1095.5,3,0,0,73,0x03,32,8,16,2,-64,-68,2.47,0.400,7.326,4.938,100%,3.888,4.066,1695,1179,0,1180,0,,0.00000,0.00000,0.0,0,0.0,-50,6.5
J.Herter_T1,2026-02-28,11:38:03.778,39.85423,-83.65603,1088.6,39.85423,-83.65604,1095.5,3,0,0,9,0x03,32,7,16,2,-62,-65,2.47,0.381,7.348,6.216,100%,3.888,4.065,1696,1180,0,1181,0,,0.00000,0.00000,0.0,0,0.0,-50,6.5
J.Herter_T1,2026-02-28,11:38:04.798,39.85423,-83.65603,1088.6,39.85423,-83.65604,1095.6,3,0,0,100,0x03,32,7,16,2,-61,-69,2.58,0.393,7.437,7.273,100%,3.866,4.067,1697,1181,0,1182,0,,0.00000,0.00000,0.0,0,0.0,-50,6.6
J.Herter_T1,2026-02-28,11:38:05.788,39.85423,-83.65603,1088.6,39.85423,-83.65604,1095.6,3,0,0,142,0x03,32,7,16,1,-60,-68,2.65,0.342,7.447,8.367,100%,3.866,4.065,1698,1182,0,1183,0,,0.00000,0.00000,0.0,0,0.0,-50,6.6
J.Herter_T1,2026-02-28,11:38:06.808,39.85423,-83.65603,1088.6,39.85423,-83.65604,1095.6,3,0,0,100,0x03,32,5,17,3,-63,-69,2.60,0.325,7.450,5.826,100%,3.881,4.065,1699,1183,0,1184,0,,0.00000,0.00000,0.0,0,0.0,-50,6.7
J.Herter_T1,2026-02-28,11:38:08.788,39.85423,-83.65603,1088.6,39.85423,-83.65604,1095.5,3,0,0,-160,0x03,32,7,16,1,-64,-70,2.58,0.166,7.335,5.149,100%,3.884,4.065,1701,1185,0,1186,0,,0.00000,0.00000,0.0,0,0.0,-50,6.7
J.Herter_T1,2026-02-28,11:38:09.778,39.85423,-83.65603,1088.6,39.85423,-83.65604,1095.4,3,0,0,16,0x03,32,8,15,1,-58,-71,2.56,0.117,7.294,10.188,100%,3.884,4.065,1702,1186,0,1187,0,,0.00000,0.00000,0.0,0,0.0,-50,6.7
J.Herter_T1,2026-02-28,11:38:11.789,39.85423,-83.65603,1088.6,39.85423,-83.65604,1095.2,3,0,0,-27,0x03,32,8,16,2,-58,-66,2.54,-0.055,7.124,10.103,100%,3.883,4.064,1704,1188,0,1189,0,,0.00000,0.00000,0.0,0,0.0,-50,6.7
J.Herter_T1,2026-02-28,11:38:12.778,39.85423,-83.65603,1088.6,39.85423,-83.65604,1095.2,3,0,0,-17,0x03,32,6,17,2,-60,-66,2.50,-0.129,7.026,7.892,100%,3.886,4.066,1705,1189,0,1190,0,,0.00000,0.00000,0.0,0,0.0,-50,6.7
J.Herter_T1,2026-02-28,11:38:14.790,39.85423,-83.65603,1088.6,39.85423,-83.65604,1094.9,3,0,0,0,0x03,32,6,17,1,-58,-60,2.50,-0.325,6.781,9.935,100%,3.886,4.067,1707,1191,0,1192,0,,0.00000,0.00000,0.0,0,0.0,-50,6.6
J.Herter_T1,2026-02-28,11:38:15.780,39.85423,-83.65603,1088.6,39.85423,-83.65604,1094.8,3,0,0,114,0x03,32,6,17,1,-57,-68,2.50,-0.364,6.708,11.147,100%,3.881,4.065,1708,1192,0,1193,0,,0.00000,0.00000,0.0,0,0.0,-50,6.6
J.Herter_T1,2026-02-28,11:38:17.788,39.85423,-83.65603,1088.6,39.85423,-83.65604,1094.6,3,0,0,-1,0x03,32,6,17,1,-58,-64,2.47,-0.520,6.454,9.852,100%,3.882,4.065,1710,1194,0,1195,0,,0.00000,0.00000,0.0,0,0.0,-50,6.5
J.Herter_T1,2026-02-28,11:38:18.778,39.85423,-83.65603,1088.6,39.85423,-83.65604,1094.4,3,0,0,-62,0x03,32,6,17,1,-55,-65,2.41,-0.616,6.279,13.568,100%,3.882,4.066,1711,1195,0,1196,0,,0.00000,0.00000,0.0,0,0.0,-50,6.4
J.Herter_T1,2026-02-28,11:38:20.791,39.85423,-83.65603,1088.6,39.85423,-83.65604,1094.3,3,0,0,-158,0x03,32,7,16,1,-69,-66,2.43,-0.578,6.199,2.730,100%,3.887,4.067,1713,1197,0,1198,0,,0.00000,0.00000,0.0,0,0.0,-50,6.3
J.Herter_T1,2026-02-28,11:38:21.778,39.85423,-83.65603,1088.6,39.85423,-83.65604,1094.2,3,0,0,108,0x03,32,8,14,3,-71,-76,2.43,-0.603,6.114,2.169,100%,3.886,4.065,1714,1198,0,1199,0,,0.00000,0.00000,0.0,0,0.0,-50,6.2
J.Herter_T1,2026-02-28,11:38:23.791,39.85423,-83.65603,1088.6,39.85423,-83.65604,1094.2,3,0,0,-66,0x03,32,8,16,2,-72,-86,2.47,-0.494,6.119,1.966,100%,3.886,4.065,1716,1200,0,1201,0,,0.00000,0.00000,0.0,0,0.0,-50,6.1
J.Herter_T1,2026-02-28,11:38:24.779,39.85423,-83.65603,1088.6,39.85423,-83.65604,1094.2,3,0,0,77,0x03,32,8,14,4,-62,-77,2.47,-0.436,6.128,6.216,100%,3.865,4.065,1717,1201,0,1202,0,,0.00000,0.00000,0.0,0,0.0,-50,6.0
J.Herter_T1,2026-02-28,11:38:26.788,39.85423,-83.65603,1088.6,39.85423,-83.65604,1094.1,3,0,0,83,0x03,32,8,14,3,-68,-75,2.43,-0.409,6.054,3.063,100%,3.883,4.065,1719,1203,0,1204,0,,0.00000,0.00000,0.0,0,0.0,-50,6.0
J.Herter_T1,2026-02-28,11:38:27.780,39.85423,-83.65603,1088.6,39.85423,-83.65604,1094.1,3,0,0,-152,0x03,32,9,14,3,-74,-77,2.43,-0.377,6.045,1.535,100%,3.883,4.067,1720,1204,0,1205,0,,0.00000,0.00000,0.0,0,0.0,-50,5.9
J.Herter_T1,2026-02-28,11:38:29.788,39.85423,-83.65603,1088.6,39.85423,-83.65604,1094.1,3,0,0,94,0x03,32,7,14,4,-71,-85,2.56,-0.341,6.059,2.281,100%,3.887,4.065,1722,1206,0,1207,0,,0.00000,0.00000,0.0,0,0.0,-50,5.8
J.Herter_T1,2026-02-28,11:38:30.778,39.85423,-83.65603,1088.6,39.85423,-83.65604,1094.1,3,0,0,-165,0x03,32,10,13,4,-55,-76,2.54,-0.331,6.026,14.271,100%,3.884,4.066,1723,1207,0,1208,0,,0.00000,0.00000,0.0,0,0.0,-50,5.8
J.Herter_T1,2026-02-28,11:38:32.788,39.85423,-83.65603,1088.6,39.85423,-83.65604,1093.9,3,0,0,-102,0x03,32,6,15,4,-64,-65,2.80,-0.420,5.987,5.590,100%,3.884,4.066,1725,1209,0,1210,0,,0.00000,0.00000,0.0,0,0.0,-50,5.7
J.Herter_T1,2026-02-28,11:38:33.779,39.85423,-83.65603,1088.6,39.85423,-83.65604,1093.8,3,0,0,-152,0x03,32,5,13,7,-61,-78,3.13,-0.478,6.051,8.814,100%,3.880,4.063,1726,1210,0,1211,0,,0.00000,0.00000,0.0,0,0.0,-50,5.7
J.Herter_T1,2026-02-28,11:38:35.790,39.85423,-83.65603,1088.6,39.85423,-83.65604,1093.6,3,0,0,118,0x03,32,7,13,5,-68,-67,3.37,-0.570,5.998,4.241,100%,3.862,4.064,1728,1212,0,1213,0,,0.00000,0.00000,0.0,0,0.0,-50,5.5
J.Herter_T1,2026-02-28,11:38:36.781,39.85423,-83.65603,1088.6,39.85423,-83.65604,1093.5,3,0,0,-5,0x03,32,7,13,5,-65,-76,3.57,-0.530,6.095,6.341,100%,3.862,4.065,1729,1213,0,1214,0,,0.00000,0.00000,0.0,0,0.0,-50,5.5
J.Herter_T1,2026-02-28,11:38:38.788,39.85423,-83.65603,1088.6,39.85423,-83.65604,1093.4,3,0,0,98,0x03,32,6,15,4,-61,-65,3.54,-0.516,6.001,9.980,100%,3.885,4.065,1731,1215,0,1216,0,,0.00000,0.00000,0.0,0,0.0,-50,5.4
J.Herter_T1,2026-02-28,11:38:39.780,39.85423,-83.65603,1088.6,39.85423,-83.65604,1093.5,3,0,0,-83,0x03,32,6,14,5,-59,-68,3.54,-0.444,6.020,12.564,100%,3.884,4.065,1732,1216,0,1217,0,,0.00000,0.00000,0.0,0,0.0,-50,5.3
J.Herter_T1,2026-02-28,11:38:41.788,39.85423,-83.65603,1088.6,39.85423,-83.65604,1093.4,3,0,0,114,0x03,32,6,14,4,-72,-68,3.62,-0.370,6.053,2.872,100%,3.884,4.065,1734,1218,0,1219,0,,0.00000,0.00000,0.0,0,0.0,-50,5.2
J.Herter_T1,2026-02-28,11:38:42.779,39.85423,-83.65603,1088.6,39.85423,-83.65604,1093.3,3,0,0,-26,0x03,32,6,13,6,-66,-78,3.59,-0.425,5.957,5.691,100%,3.884,4.066,1735,1219,0,1220,0,,0.00000,0.00000,0.0,0,0.0,-50,5.2
J.Herter_T1,2026-02-28,11:38:44.791,39.85423,-83.65603,1088.6,39.85423,-83.65604,1093.4,3,0,0,173,0x03,32,5,15,5,-75,-68,3.74,-0.274,6.111,2.104,100%,3.862,4.065,1737,1221,0,1222,0,,0.00000,0.00000,0.0,0,0.0,-50,5.1
J.Herter_T1,2026-02-28,11:38:45.779,39.85423,-83.65603,1088.6,39.85423,-83.65604,1093.5,3,0,0,-25,0x03,32,7,13,5,-76,-70,3.77,-0.173,6.191,1.887,100%,3.862,4.064,1738,1222,0,1223,0,,0.00000,0.00000,0.0,0,0.0,-50,5.1
J.Herter_T1,2026-02-28,11:38:47.789,39.85423,-83.65603,1088.6,39.85423,-83.65604,1093.6,3,0,0,-77,0x03,32,6,14,4,-59,-78,3.79,-0.057,6.285,13.452,100%,3.886,4.064,1740,1224,0,1225,0,,0.00000,0.00000,0.0,0,0.0,-50,5.1
J.Herter_T1,2026-02-28,11:38:48.809,39.85423,-83.65603,1088.6,39.85423,-83.65604,1093.6,3,0,0,-64,0x03,32,7,12,6,-70,-64,3.94,-0.048,6.380,3.943,100%,3.878,4.066,1741,1225,0,1226,0,,0.00000,0.00000,0.0,0,0.0,-50,5.1
J.Herter_T1,2026-02-28,11:38:50.789,39.85423,-83.65603,1088.6,39.85423,-83.65604,1093.6,3,0,0,-29,0x03,32,6,14,4,-61,-71,4.28,-0.032,6.602,12.054,100%,3.884,4.066,1743,1227,0,1228,0,,0.00000,0.00000,0.0,0,0.0,-50,5.1
J.Herter_T1,2026-02-28,11:38:51.779,39.85423,-83.65603,1088.6,39.85423,-83.65604,1093.5,3,0,0,111,0x03,32,5,14,5,-62,-70,4.30,-0.138,6.527,10.808,100%,3.884,4.064,1744,1228,0,1229,0,,0.00000,0.00000,0.0,0,0.0,-50,5.0
J.Herter_T1,2026-02-28,11:38:53.789,39.85423,-83.65603,1088.6,39.85423,-83.65604,1093.5,3,0,0,-174,0x03,32,6,15,3,-59,-64,4.46,-0.092,6.647,15.820,100%,3.883,4.064,1746,1230,0,1231,0,,0.00000,0.00000,0.0,0,0.0,-50,5.0
J.Herter_T1,2026-02-28,11:38:54.779,39.85423,-83.65603,1088.6,39.85423,-83.65604,1093.5,3,0,0,15,0x03,32,6,14,5,-59,-68,4.48,-0.139,6.619,15.912,100%,3.883,4.066,1747,1231,0,1232,0,,0.00000,0.00000,0.0,0,0.0,-50,5.0
J.Herter_T1,2026-02-28,11:38:56.789,39.85423,-83.65603,1088.6,39.85423,-83.65604,1093.4,3,0,0,134,0x03,32,5,14,6,-53,-67,4.69,-0.120,6.751,33.230,100%,3.883,4.065,1749,1233,0,1234,0,,0.00000,0.00000,0.0,0,0.0,-50,5.0
J.Herter_T1,2026-02-28,11:38:57.780,39.85423,-83.65603,1088.6,39.85423,-83.65604,1093.6,3,0,0,125,0x03,32,5,13,7,-54,-59,4.59,-0.008,6.760,28.955,100%,3.883,4.064,1750,1234,0,1235,0,,0.00000,0.00000,0.0,0,0.0,-50,5.0
J.Herter_T1,2026-02-28,11:38:59.789,39.85423,-83.65603,1088.6,39.85423,-83.65604,1093.6,3,0,0,92,0x03,32,5,13,7,-61,-66,4.59,0.069,6.823,12.934,100%,3.884,4.064,1752,1236,0,1237,0,,0.00000,0.00000,0.0,0,0.0,-50,5.0
J.Herter_T1,2026-02-28,11:39:00.779,39.85423,-83.65603,1088.6,39.85423,-83.65604,1093.8,3,0,0,53,0x03,32,5,14,6,-63,-68,4.56,0.168,6.893,10.215,100%,3.884,4.065,1753,1237,0,1238,0,,0.00000,0.00000,0.0,0,0.0,-50,5.0
J.Herter_T1,2026-02-28,11:39:02.789,39.85423,-83.65603,1088.6,39.85423,-83.65604,1093.8,3,0,0,31,0x03,32,5,13,7,-74,-77,4.54,0.174,6.908,2.863,100%,3.883,4.065,1755,1239,0,1240,0,,0.00000,0.00000,0.0,0,0.0,-50,5.0
J.Herter_T1,2026-02-28,11:39:03.779,39.85423,-83.65603,1088.6,39.85423,-83.65604,1093.9,3,0,0,-85,0x03,32,6,13,5,-61,-79,4.56,0.219,6.977,12.860,100%,3.883,4.064,1756,1240,0,1241,0,,0.00000,0.00000,0.0,0,0.0,-50,5.1
J.Herter_T1,2026-02-28,11:39:05.789,39.85423,-83.65603,1088.6,39.85423,-83.65604,1094.0,3,0,0,100,0x03,32,5,15,5,-70,-76,4.54,0.253,7.028,4.537,100%,3.862,4.064,1758,1242,0,1243,0,,0.00000,0.00000,0.0,0,0.0,-50,5.1
J.Herter_T1,2026-02-28,11:39:06.779,39.85423,-83.65603,1088.6,39.85423,-83.65604,1093.9,3,0,0,-12,0x03,32,5,15,4,-78,-80,4.62,0.181,7.039,1.837,100%,3.880,4.066,1759,1243,0,1244,0,,0.00000,0.00000,0.0,0,0.0,-50,5.1
J.Herter_T1,2026-02-28,11:39:08.791,39.85423,-83.65603,1088.6,39.85423,-83.65604,1093.7,3,0,0,71,0x03,32,6,14,4,-55,-68,4.48,-0.053,6.777,25.219,100%,3.885,4.066,1761,1245,0,1246,0,,0.00000,0.00000,0.0,0,0.0,-50,5.1
J.Herter_T1,2026-02-28,11:39:09.782,39.85423,-83.65603,1088.6,39.85423,-83.65604,1093.6,3,0,0,-105,0x03,32,5,16,4,-50,-64,4.33,-0.142,6.596,43.287,100%,3.885,4.065,1762,1246,0,1247,0,,0.00000,0.00000,0.0,0,0.0,-50,5.1
J.Herter_T1,2026-02-28,11:39:11.789,39.85423,-83.65603,1088.6,39.85423,-83.65604,1093.6,3,0,0,75,0x03,32,7,14,4,-53,-59,3.77,-0.049,6.298,26.661,100%,3.885,4.064,1764,1248,0,1249,0,,0.00000,0.00000,0.0,0,0.0,-50,5.1
J.Herter_T1,2026-02-28,11:39:12.780,39.85423,-83.65603,1088.6,39.85423,-83.65604,1093.4,3,0,0,17,0x03,32,6,15,4,-52,-62,3.42,-0.219,5.937,27.147,100%,3.885,4.065,1765,1249,0,1250,0,,0.00000,0.00000,0.0,0,0.0,-50,5.1
J.Herter_T1,2026-02-28,11:39:14.789,39.85423,-83.65603,1088.6,39.85423,-83.65604,1093.5,3,0,0,93,0x03,32,7,13,4,-74,-68,3.22,-0.103,5.899,2.034,100%,3.882,4.065,1767,1251,0,1252,0,,0.00000,0.00000,0.0,0,0.0,-50,5.0
J.Herter_T1,2026-02-28,11:39:15.779,39.85423,-83.65603,1088.6,39.85423,-83.65604,1093.5,3,0,0,-130,0x03,32,7,13,4,-63,-75,3.15,-0.075,5.876,7.055,100%,3.861,4.064,1768,1252,0,1253,0,,0.00000,0.00000,0.0,0,0.0,-50,5.0
J.Herter_T1,2026-02-28,11:39:17.792,39.85423,-83.65603,1088.6,39.85423,-83.65604,1093.5,3,0,0,105,0x03,32,5,14,6,-65,-67,2.94,-0.095,5.732,5.227,100%,3.883,4.064,1770,1254,0,1255,0,,0.00000,0.00000,0.0,0,0.0,-50,5.0
J.Herter_T1,2026-02-28,11:39:18.779,39.85423,-83.65603,1088.6,39.85423,-83.65604,1093.5,3,0,0,-49,0x03,32,5,16,4,-63,-72,2.80,-0.077,5.671,6.272,100%,3.883,4.065,1771,1255,0,1256,0,,0.00000,0.00000,0.0,0,0.0,-50,5.0
J.Herter_T1,2026-02-28,11:39:20.789,39.85423,-83.65603,1088.6,39.85423,-83.65604,1093.6,3,0,0,48,0x03,32,6,13,6,-68,-70,3.01,-0.029,5.810,3.788,100%,3.886,4.064,1773,1257,0,1258,0,,0.00000,0.00000,0.0,0,0.0,-50,5.0
J.Herter_T1,2026-02-28,11:39:21.782,39.85423,-83.65603,1088.6,39.85423,-83.65604,1093.5,3,0,0,-23,0x03,32,6,13,6,-63,-75,2.94,-0.050,5.751,6.580,100%,3.880,4.063,1774,1258,0,1259,0,,0.00000,0.00000,0.0,0,0.0,-50,5.0
J.Herter_T1,2026-02-28,11:39:23.789,39.85423,-83.65603,1088.6,39.85423,-83.65604,1093.2,3,0,0,12,0x03,32,6,13,6,-55,-70,2.92,-0.327,5.451,16.399,100%,3.880,4.065,1776,1260,0,1261,0,,0.00000,0.00000,0.0,0,0.0,-50,4.9
J.Herter_T1,2026-02-28,11:39:24.780,39.85423,-83.65603,1088.6,39.85423,-83.65604,1093.1,3,0,0,23,0x03,32,6,13,5,-60,-61,2.85,-0.386,5.328,9.004,100%,3.863,4.065,1777,1261,0,1262,0,,0.00000,0.00000,0.0,0,0.0,-50,4.9
J.Herter_T1,2026-02-28,11:39:26.792,39.85423,-83.65603,1088.6,39.85423,-83.65604,1092.8,3,0,0,-118,0x03,32,6,14,4,-59,-62,2.78,-0.556,5.046,9.861,100%,3.883,4.064,1779,1263,0,1264,0,,0.00000,0.00000,0.0,0,0.0,-50,4.8
J.Herter_T1,2026-02-28,11:39:27.779,39.85423,-83.65603,1088.6,39.85423,-83.65604,1092.8,3,0,0,79,0x03,32,6,14,5,-55,-66,2.80,-0.503,5.056,15.756,100%,3.883,4.064,1780,1264,0,1265,0,,0.00000,0.00000,0.0,0,0.0,-50,4.7
J.Herter_T1,2026-02-28,11:39:29.791,39.85423,-83.65603,1088.6,39.85423,-83.65604,1092.6,3,0,0,-59,0x03,32,7,13,5,-54,-65,2.78,-0.538,4.918,17.536,100%,3.883,4.064,1782,1266,0,1267,0,,0.00000,0.00000,0.0,0,0.0,-50,4.6
J.Herter_T1,2026-02-28,11:39:30.780,39.85423,-83.65603,1088.6,39.85423,-83.65604,1092.6,3,0,0,177,0x03,32,6,14,4,-63,-65,2.76,-0.561,4.835,6.172,100%,3.880,4.065,1783,1267,0,1268,0,,0.00000,0.00000,0.0,0,0.0,-50,4.5
J.Herter_T1,2026-02-28,11:39:32.789,39.85423,-83.65603,1088.6,39.85423,-83.65604,1092.5,3,0,0,-102,0x03,32,7,13,5,-57,-62,2.76,-0.487,4.803,12.314,100%,3.882,4.065,1785,1269,0,1270,0,,0.00000,0.00000,0.0,0,0.0,-50,4.4
J.Herter_T1,2026-02-28,11:39:33.781,39.85423,-83.65603,1088.6,39.85423,-83.65604,1092.5,3,0,0,-7,0x03,32,7,13,5,-57,-65,2.73,-0.497,4.736,12.214,100%,3.882,4.064,1786,1270,0,1271,0,,0.00000,0.00000,0.0,0,0.0,-50,4.4
J.Herter_T1,2026-02-28,11:39:35.790,39.85423,-83.65603,1088.6,39.85423,-83.65604,1092.3,3,0,0,-123,0x03,32,6,13,6,-52,-59,2.87,-0.560,4.672,22.798,100%,3.880,4.064,1788,1272,0,1273,0,,0.00000,0.00000,0.0,0,0.0,-50,4.2
J.Herter_T1,2026-02-28,11:39:36.810,39.85423,-83.65603,1088.6,39.85423,-83.65604,1092.1,3,0,0,-2,0x03,32,6,12,6,-51,-61,2.89,-0.643,4.566,25.785,100%,3.880,4.065,1789,1273,0,1274,0,,0.00000,0.00000,0.0,0,0.0,-50,4.2
J.Herter_T1,2026-02-28,11:39:38.792,39.85423,-83.65603,1088.6,39.85423,-83.65604,1092.1,3,0,0,120,0x03,32,6,13,5,-54,-63,2.87,-0.527,4.549,18.109,100%,3.882,4.065,1791,1275,0,1276,0,,0.00000,0.00000,0.0,0,0.0,-50,4.1
J.Herter_T1,2026-02-28,11:39:39.780,39.85423,-83.65603,1088.6,39.85423,-83.65604,1092.1,3,0,0,-123,0x03,32,4,16,5,-61,-64,2.87,-0.489,4.536,8.089,100%,3.881,4.064,1792,1276,0,1277,0,,0.00000,0.00000,0.0,0,0.0,-50,4.0
J.Herter_T1,2026-02-28,11:39:41.792,39.85423,-83.65603,1088.6,39.85423,-83.65604,1092.2,3,0,0,-128,0x03,32,5,15,5,-54,-66,2.92,-0.272,4.678,18.400,100%,3.885,4.064,1794,1278,0,1279,0,,0.00000,0.00000,0.0,0,0.0,-50,3.9
J.Herter_T1,2026-02-28,11:39:42.780,39.85423,-83.65603,1088.6,39.85423,-83.65604,1092.4,3,0,0,-118,0x03,32,6,13,6,-50,-61,2.96,-0.141,4.796,29.625,100%,3.885,4.065,1795,1279,0,1280,0,,0.00000,0.00000,0.0,0,0.0,-50,3.9
J.Herter_T1,2026-02-28,11:39:44.792,39.85423,-83.65603,1088.6,39.85423,-83.65604,1092.7,3,0,0,8,0x03,31,6,14,5,-63,-65,3.22,0.173,5.208,7.216,100%,3.864,4.064,1797,1281,0,1282,0,,0.00000,0.00000,0.0,0,0.0,-50,3.9
J.Herter_T1,2026-02-28,11:39:45.780,39.85423,-83.65603,1088.6,39.85423,-83.65604,1092.8,3,0,0,92,0x03,32,5,14,6,-61,-70,3.03,0.235,5.164,8.547,100%,3.864,4.065,1798,1282,0,1283,0,,0.00000,0.00000,0.0,0,0.0,-50,3.9
J.Herter_T1,2026-02-28,11:39:47.790,39.85423,-83.65603,1088.6,39.85423,-83.65604,1093.0,3,0,0,-83,0x03,32,6,14,4,-52,-64,3.01,0.383,5.338,23.903,100%,3.883,4.065,1800,1284,0,1285,0,,0.00000,0.00000,0.0,0,0.0,-50,4.0
J.Herter_T1,2026-02-28,11:39:48.782,39.85423,-83.65603,1088.6,39.85423,-83.65604,1093.2,3,0,0,153,0x03,32,7,14,3,-53,-60,3.08,0.507,5.527,21.804,100%,3.880,4.064,1801,1285,0,1286,0,,0.00000,0.00000,0.0,0,0.0,-50,4.1
J.Herter_T1,2026-02-28,11:39:50.790,39.85423,-83.65603,1088.6,39.85423,-83.65604,1093.4,3,0,0,34,0x03,32,6,15,3,-63,-64,2.96,0.618,5.668,6.632,100%,3.880,4.064,1803,1287,0,1288,0,,0.00000,0.00000,0.0,0,0.0,-50,4.2
J.Herter_T1,2026-02-28,11:39:51.781,39.85423,-83.65603,1088.6,39.85423,-83.65604,1093.6,3,0,0,163,0x03,32,6,16,2,-67,-64,2.94,0.686,5.780,4.152,100%,3.880,4.064,1804,1288,0,1289,0,,0.00000,0.00000,0.0,0,0.0,-50,4.3
J.Herter_T1,2026-02-28,11:39:53.791,39.85423,-83.65603,1088.6,39.85423,-83.65604,1093.8,3,0,0,-107,0x03,32,7,14,3,-55,-64,2.85,0.728,5.908,16.011,100%,3.883,4.064,1806,1290,0,1291,0,,0.00000,0.00000,0.0,0,0.0,-50,4.4
J.Herter_T1,2026-02-28,11:39:54.781,39.85423,-83.65603,1088.6,39.85423,-83.65604,1093.9,3,0,0,-147,0x03,32,6,15,3,-60,-65,2.85,0.785,6.035,9.004,100%,3.883,4.063,1807,1291,0,1292,0,,0.00000,0.00000,0.0,0,0.0,-50,4.5
J.Herter_T1,2026-02-28,11:39:56.791,39.85423,-83.65603,1088.6,39.85423,-83.65604,1094.1,3,0,0,70,0x03,32,6,14,5,-58,-65,2.73,0.830,6.185,10.886,100%,3.864,4.064,1809,1293,0,1294,0,,0.00000,0.00000,0.0,0,0.0,-50,4.7
J.Herter_T1,2026-02-28,11:39:57.781,39.85423,-83.65603,1088.6,39.85423,-83.65604,1094.2,3,0,0,164,0x03,32,6,15,4,-54,-65,2.67,0.794,6.203,16.833,100%,3.880,4.065,1810,1294,0,1295,0,,0.00000,0.00000,0.0,0,0.0,-50,4.8
J.Herter_T1,2026-02-28,11:39:59.791,39.85423,-83.65603,1088.6,39.85423,-83.65604,1094.3,3,0,0,57,0x03,32,7,13,5,-54,-64,2.60,0.742,6.279,16.419,100%,3.884,4.064,1812,1296,0,1297,0,,0.00000,0.00000,0.0,0,0.0,-50,5.0
J.Herter_T1,2026-02-28,11:40:00.808,39.85423,-83.65603,1088.6,39.85423,-83.65604,1094.3,3,0,0,-163,0x03,32,5,14,6,-53,-69,2.82,0.706,6.413,19.996,100%,3.884,4.064,1813,1297,0,1298,0,,0.00000,0.00000,0.0,0,0.0,-50,5.1
J.Herter_T1,2026-02-28,11:40:02.791,39.85423,-83.65603,1088.6,39.85423,-83.65604,1094.3,3,0,0,120,0x03,32,7,13,5,-58,-64,2.39,0.496,6.153,9.524,100%,3.882,4.064,1815,1299,0,1300,0,,0.00000,0.00000,0.0,0,0.0,-50,5.2
J.Herter_T1,2026-02-28,11:40:03.781,39.85423,-83.65603,1088.6,39.85423,-83.65603,1094.2,3,0,0,29,0x03,32,6,14,5,-57,-66,2.24,0.432,6.078,9.986,100%,3.882,4.065,1816,1300,0,1301,0,,0.00000,0.00000,0.0,0,0.0,-50,5.2
J.Herter_T1,2026-02-28,11:40:05.793,39.85423,-83.65603,1088.6,39.85423,-83.65603,1094.0,3,0,0,-175,0x03,32,6,16,2,-55,-63,2.25,0.150,5.867,12.678,100%,3.864,4.065,1818,1302,0,1303,0,,0.00000,0.00000,0.0,0,0.0,-50,5.3
J.Herter_T1,2026-02-28,11:40:06.780,39.85423,-83.65603,1088.6,39.85423,-83.65603,1094.0,3,0,0,-14,0x03,32,5,16,3,-55,-64,2.25,0.103,5.833,12.678,100%,3.881,4.063,1819,1303,0,1304,0,,0.00000,0.00000,0.0,0,0.0,-50,5.3
J.Herter_T1,2026-02-28,11:40:08.792,39.85423,-83.65603,1088.6,39.85423,-83.65603,1093.7,3,0,0,-121,0x03,32,5,14,5,-57,-68,2.13,-0.132,5.551,9.496,100%,3.878,4.064,1821,1305,0,1306,0,,0.00000,0.00000,0.0,0,0.0,-50,5.3
J.Herter_T1,2026-02-28,11:40:09.783,39.85423,-83.65603,1088.6,39.85423,-83.65603,1093.6,3,0,0,69,0x03,32,6,15,3,-55,-65,2.11,-0.246,5.414,11.856,100%,3.878,4.064,1822,1306,0,1307,0,,0.00000,0.00000,0.0,0,0.0,-50,5.2
J.Herter_T1,2026-02-28,11:40:11.790,39.85423,-83.65603,1088.6,39.85423,-83.65603,1093.2,3,0,0,155,0x03,32,6,15,3,-57,-65,2.13,-0.496,5.102,9.496,100%,3.881,4.065,1824,1308,0,1309,0,,0.00000,0.00000,0.0,0,0.0,-50,5.1
J.Herter_T1,2026-02-28,11:40:12.782,39.85423,-83.65603,1088.6,39.85423,-83.65603,1093.0,3,0,0,142,0x03,32,7,11,6,-57,-65,2.04,-0.608,4.903,9.115,100%,3.878,4.064,1825,1309,0,1310,0,,0.00000,0.00000,0.0,0,0.0,-50,5.1
J.Herter_T1,2026-02-28,11:40:14.790,39.85423,-83.65603,1088.6,39.85423,-83.65604,1092.8,3,0,0,-101,0x03,32,5,14,5,-55,-64,2.43,-0.723,4.842,13.683,100%,3.878,4.064,1827,1311,0,1312,0,,0.00000,0.00000,0.0,0,0.0,-50,4.9
J.Herter_T1,2026-02-28,11:40:15.781,39.85423,-83.65603,1088.6,39.85423,-83.65603,1092.7,3,0,0,138,0x03,32,6,15,3,-58,-64,2.29,-0.707,4.718,9.129,100%,3.880,4.064,1828,1312,0,1313,0,,0.00000,0.00000,0.0,0,0.0,-50,4.8
J.Herter_T1,2026-02-28,11:40:17.793,39.85423,-83.65603,1088.6,39.85423,-83.65603,1092.7,3,0,0,137,0x03,32,6,14,4,-58,-65,2.24,-0.620,4.641,8.900,100%,3.880,4.065,1830,1314,0,1315,0,,0.00000,0.00000,0.0,0,0.0,-50,4.7
J.Herter_T1,2026-02-28,11:40:18.781,39.85423,-83.65603,1088.6,39.85423,-83.65603,1092.6,3,0,0,-98,0x03,32,6,14,4,-58,-66,2.27,-0.593,4.626,9.052,100%,3.880,4.064,1831,1315,0,1316,0,,0.00000,0.00000,0.0,0,0.0,-50,4.6
J.Herter_T1,2026-02-28,11:40:19.800,39.85423,-83.65603,1088.6,39.85423,-83.65603,1092.5,3,0,0,-126,0x03,32,6,15,4,-57,-66,2.25,-0.655,4.499,10.070,100%,3.882,4.065,1832,1316,0,1317,0,,0.00000,0.00000,0.0,0,0.0,-50,4.5
J.Herter_T1,2026-02-28,11:40:21.783,39.85423,-83.65603,1088.6,39.85423,-83.65603,1092.3,3,0,0,-8,0x03,32,6,14,5,-57,-65,2.22,-0.662,4.347,9.902,100%,3.883,4.063,1834,1318,0,1319,0,,0.00000,0.00000,0.0,0,0.0,-50,4.4
J.Herter_T1,2026-02-28,11:40:23.790,39.85423,-83.65603,1088.6,39.85423,-83.65603,1092.2,3,0,0,49,0x03,32,6,14,4,-55,-64,2.20,-0.643,4.233,12.361,100%,3.883,4.065,1836,1320,0,1321,0,,0.00000,0.00000,0.0,0,0.0,-50,4.3
J.Herter_T1,2026-02-28,11:40:24.781,39.85423,-83.65603,1088.6,39.85423,-83.65603,1092.2,3,0,0,-14,0x03,32,6,14,4,-57,-62,2.18,-0.575,4.227,9.737,100%,3.861,4.064,1837,1321,0,1322,0,,0.00000,0.00000,0.0,0,0.0,-50,4.2
J.Herter_T1,2026-02-28,11:40:26.791,39.85423,-83.65603,1088.6,39.85423,-83.65603,1092.1,3,0,0,-125,0x03,32,6,16,2,-53,-64,2.25,-0.540,4.196,15.961,100%,3.880,4.064,1839,1323,0,1324,0,,0.00000,0.00000,0.0,0,0.0,-50,4.1
J.Herter_T1,2026-02-28,11:40:27.781,39.85423,-83.65603,1088.6,39.85423,-83.65603,1092.1,3,0,0,-154,0x03,32,6,14,5,-52,-61,2.24,-0.533,4.142,17.757,100%,3.880,4.064,1840,1324,0,1325,0,,0.00000,0.00000,0.0,0,0.0,-50,4.0
J.Herter_T1,2026-02-28,11:40:29.792,39.85423,-83.65603,1088.6,39.85423,-83.65603,1091.9,3,0,0,-110,0x03,32,6,14,5,-50,-63,2.14,-0.600,3.924,21.436,100%,3.879,4.064,1842,1326,0,1327,0,,0.00000,0.00000,0.0,0,0.0,-50,3.9
J.Herter_T1,2026-02-28,11:40:30.781,39.85423,-83.65603,1088.6,39.85423,-83.65603,1091.9,3,0,0,-45,0x03,32,6,14,5,-55,-62,2.16,-0.522,3.950,12.155,100%,3.875,4.064,1843,1327,0,1328,0,,0.00000,0.00000,0.0,0,0.0,-50,3.8
J.Herter_T1,2026-02-28,11:40:32.791,39.85423,-83.65603,1088.6,39.85423,-83.65603,1091.8,3,0,0,-53,0x03,32,6,16,4,-60,-60,2.11,-0.541,3.809,6.667,100%,3.880,4.063,1845,1329,0,1330,0,,0.00000,0.00000,0.0,0,0.0,-50,3.7
J.Herter_T1,2026-02-28,11:40:33.783,39.85423,-83.65603,1088.6,39.85423,-83.65603,1091.8,3,0,0,38,0x03,32,6,14,5,-51,-64,2.16,-0.466,3.857,19.265,100%,3.880,4.064,1846,1330,0,1331,0,,0.00000,0.00000,0.0,0,0.0,-50,3.7
J.Herter_T1,2026-02-28,11:40:35.793,39.85423,-83.65603,1088.6,39.85423,-83.65603,1091.6,3,0,0,-168,0x03,32,6,14,5,-51,-61,2.16,-0.490,3.741,19.265,100%,3.864,4.064,1848,1332,0,1333,0,,0.00000,0.00000,0.0,0,0.0,-50,3.5
J.Herter_T1,2026-02-28,11:40:36.782,39.85423,-83.65603,1088.6,39.85423,-83.65603,1091.6,3,0,0,149,0x03,32,6,14,5,-52,-60,2.18,-0.453,3.741,17.314,100%,3.864,4.064,1849,1333,0,1334,0,,0.00000,0.00000,0.0,0,0.0,-50,3.5
J.Herter_T1,2026-02-28,11:40:38.793,39.85423,-83.65603,1088.6,39.85423,-83.65603,1091.5,3,0,0,-170,0x03,32,6,15,4,-54,-63,2.14,-0.442,3.654,13.525,100%,3.877,4.064,1851,1335,0,1336,0,,0.00000,0.00000,0.0,0,0.0,-50,3.4
J.Herter_T1,2026-02-28,11:40:39.810,39.85425,-83.65603,1084.4,39.85423,-83.65603,1091.5,3,0,0,104,0x03,32,6,14,5,-54,-63,5.39,2.942,8.865,33.982,100%,3.880,4.064,1852,1336,0,1337,0,,0.00000,0.00000,0.0,0,0.0,-50,4.1
J.Herter_T1,2026-02-28,11:40:41.793,39.85425,-83.65603,1084.4,39.85423,-83.65603,1091.4,3,0,0,-98,0x03,32,7,13,5,-52,-61,5.37,2.288,8.764,42.649,100%,3.880,4.064,1854,1338,0,1339,0,,0.00000,0.00000,0.0,0,0.0,-50,4.6
J.Herter_T1,2026-02-28,11:40:42.784,39.85425,-83.65603,1084.4,39.85423,-83.65603,1091.3,3,0,0,-122,0x03,32,6,14,5,-53,-63,5.37,2.048,8.753,38.011,100%,3.880,4.063,1855,1339,0,1340,0,,0.00000,0.00000,0.0,0,0.0,-50,4.9
J.Herter_T1,2026-02-28,11:40:44.791,39.85425,-83.65603,1084.4,39.85423,-83.65603,1091.4,3,0,0,-63,0x03,32,6,14,5,-62,-62,5.34,1.667,8.738,13.403,100%,3.860,4.063,1857,1341,0,1342,0,,0.00000,0.00000,0.0,0,0.0,-50,5.3
J.Herter_T1,2026-02-28,11:40:45.781,39.85425,-83.65603,1084.4,39.85423,-83.65603,1091.4,3,0,0,-141,0x03,32,5,15,5,-59,-69,5.34,1.506,8.743,18.932,100%,3.860,4.064,1858,1342,0,1343,0,,0.00000,0.00000,0.0,0,0.0,-50,5.4
J.Herter_T1,2026-02-28,11:40:47.791,39.85425,-83.65603,1084.4,39.85423,-83.65603,1091.4,3,0,0,165,0x03,32,6,15,3,-60,-61,5.33,1.263,8.780,16.860,100%,3.879,4.064,1860,1344,0,1345,0,,0.00000,0.00000,0.0,0,0.0,-50,5.7
J.Herter_T1,2026-02-28,11:40:48.781,39.85425,-83.65603,1084.4,39.85423,-83.65603,1091.5,3,0,0,-124,0x03,32,6,14,4,-51,-67,5.35,1.240,8.885,47.718,100%,3.880,4.063,1861,1345,0,1346,0,,0.00000,0.00000,0.0,0,0.0,-50,5.9
J.Herter_T1,2026-02-28,11:40:50.791,39.85425,-83.65603,1084.4,39.85423,-83.65603,1091.7,3,0,0,19,0x03,32,6,14,5,-53,-63,5.39,1.134,9.033,38.169,100%,3.881,4.063,1863,1347,0,1348,0,,0.00000,0.00000,0.0,0,0.0,-50,6.1
J.Herter_T1,2026-02-28,11:40:51.781,39.85425,-83.65603,1084.4,39.85423,-83.65603,1091.7,3,0,0,-52,0x03,32,6,15,4,-54,-63,5.38,1.062,9.063,33.946,100%,3.881,4.064,1864,1348,0,1349,0,,0.00000,0.00000,0.0,0,0.0,-50,6.2
J.Herter_T1,2026-02-28,11:40:53.791,39.85425,-83.65603,1084.4,39.85423,-83.65603,1091.8,3,0,0,19,0x03,32,7,12,5,-53,-61,5.38,0.903,9.106,38.088,100%,3.878,4.065,1866,1350,0,1351,0,,0.00000,0.00000,0.0,0,0.0,-50,6.4
J.Herter_T1,2026-02-28,11:40:54.781,39.85425,-83.65603,1084.4,39.85423,-83.65603,1091.9,3,0,0,-140,0x03,32,5,14,5,-53,-62,5.38,0.875,9.161,38.088,100%,3.878,4.064,1867,1351,0,1352,0,,0.00000,0.00000,0.0,0,0.0,-50,6.5
J.Herter_T1,2026-02-28,11:40:56.794,39.85425,-83.65603,1084.4,39.85423,-83.65603,1091.9,3,0,0,163,0x03,32,6,15,3,-54,-58,5.40,0.748,9.212,34.094,100%,3.880,4.063,1869,1353,0,1354,0,,0.00000,0.00000,0.0,0,0.0,-50,6.7
J.Herter_T1,2026-02-28,11:40:57.783,39.85425,-83.65603,1084.4,39.85423,-83.65603,1091.9,3,0,0,160,0x03,32,5,16,3,-55,-63,5.40,0.705,9.241,30.386,100%,3.877,4.064,1870,1354,0,1355,0,,0.00000,0.00000,0.0,0,0.0,-50,6.8
J.Herter_T1,2026-02-28,11:40:59.792,39.85425,-83.65603,1084.4,39.85423,-83.65603,1092.0,3,0,0,66,0x03,32,6,15,4,-60,-68,5.39,0.588,9.250,17.049,100%,3.876,4.064,1872,1356,0,1357,0,,0.00000,0.00000,0.0,0,0.0,-50,6.9
J.Herter_T1,2026-02-28,11:41:00.811,39.85425,-83.65603,1084.4,39.85423,-83.65603,1091.8,3,0,0,31,0x03,32,7,12,6,-62,-66,5.37,0.435,9.152,13.487,100%,3.876,4.065,1873,1357,0,1358,0,,0.00000,0.00000,0.0,0,0.0,-50,7.0
J.Herter_T1,2026-02-28,11:41:01.809,39.85423,-83.65602,1085.2,39.85423,-83.65603,1091.8,3,0,0,82,0x03,32,6,13,6,-58,-66,3.06,-0.318,7.333,12.174,100%,3.880,4.064,1874,1358,0,1359,0,,0.00000,0.00000,0.0,0,0.0,-50,7.0
J.Herter_T1,2026-02-28,11:41:03.793,39.85423,-83.65602,1085.2,39.85423,-83.65603,1091.9,3,0,0,-171,0x03,32,7,10,7,-59,-66,3.03,-0.174,7.409,10.760,100%,3.880,4.064,1876,1360,0,1361,0,,0.00000,0.00000,0.0,0,0.0,-50,6.9
J.Herter_T1,2026-02-28,11:41:05.792,39.85423,-83.65602,1085.2,39.85423,-83.65603,1092.4,3,0,0,81,0x03,32,5,14,6,-54,-60,2.96,0.302,7.853,18.656,100%,3.859,4.064,1878,1362,0,1363,0,,0.00000,0.00000,0.0,0,0.0,-50,7.0
J.Herter_T1,2026-02-28,11:41:06.782,39.85423,-83.65602,1085.2,39.85423,-83.65603,1092.6,3,0,0,156,0x03,32,7,13,4,-61,-64,2.93,0.387,7.962,8.263,100%,3.874,4.063,1879,1363,0,1364,0,,0.00000,0.00000,0.0,0,0.0,-50,7.0
J.Herter_T1,2026-02-28,11:41:08.793,39.85423,-83.65602,1085.2,39.85423,-83.65603,1092.8,3,0,0,-104,0x03,32,8,11,7,-58,-63,2.96,0.489,8.161,11.771,100%,3.877,4.062,1881,1365,0,1366,0,,0.00000,0.00000,0.0,0,0.0,-50,7.1
J.Herter_T1,2026-02-28,11:41:09.784,39.85423,-83.65602,1085.2,39.85423,-83.65603,1092.9,3,0,0,-174,0x03,32,6,13,6,-61,-64,2.81,0.540,8.212,7.910,100%,3.877,4.064,1882,1366,0,1367,0,,0.00000,0.00000,0.0,0,0.0,-50,7.2
J.Herter_T1,2026-02-28,11:41:11.791,39.85423,-83.65602,1085.2,39.85423,-83.65604,1092.9,3,2,0,-152,0x03,32,7,13,5,-55,-80,3.89,0.392,8.625,21.868,100%,3.875,4.062,1884,1368,0,1369,0,,0.00000,0.00000,0.0,0,0.0,-50,7.3
J.Herter_T1,2026-02-28,11:41:12.784,39.85423,-83.65602,1085.2,39.85421,-83.65603,1092.2,3,0,0,176,0x03,32,6,14,5,-59,-65,8.71,-0.243,11.197,30.905,100%,3.875,4.063,1885,1369,0,1370,0,,0.00000,0.00000,0.0,0,0.0,-50,7.3
J.Herter_T1,2026-02-28,11:41:14.791,39.85424,-83.65600,1091.1,39.85421,-83.65603,1090.7,3,0,0,116,0x03,30,9,12,4,-55,-71,14.96,-5.791,14.964,84.124,100%,3.875,4.062,1887,1371,0,1372,0,,0.00000,0.00000,0.0,0,0.0,-50,5.4
J.Herter_T1,2026-02-28,11:41:15.781,39.85424,-83.65600,1091.1,39.85421,-83.65603,1091.0,3,1,-1,129,0x03,32,10,12,4,-59,-63,14.77,-4.949,14.769,52.401,100%,3.857,4.064,1888,1372,0,1373,0,,0.00000,0.00000,0.0,0,0.0,-50,4.9
J.Herter_T1,2026-02-28,11:41:17.794,39.85424,-83.65600,1091.1,39.85421,-83.65603,1090.4,3,0,0,-64,0x03,32,7,16,1,-63,-68,14.72,-4.491,14.736,32.958,100%,3.878,4.064,1890,1374,0,1375,0,,0.00000,0.00000,0.0,0,0.0,-50,3.8
J.Herter_T1,2026-02-28,11:41:18.782,39.85424,-83.65600,1091.1,39.85421,-83.65603,1090.4,3,0,0,-174,0x03,32,9,15,1,-65,-69,14.75,-4.095,14.770,26.235,100%,3.878,4.064,1891,1375,0,1376,0,,0.00000,0.00000,0.0,0,0.0,-50,3.4
J.Herter_T1,2026-02-28,11:41:20.792,39.85424,-83.65600,1091.1,39.85421,-83.65603,1090.3,3,0,0,128,0x03,32,9,15,1,-62,-71,14.71,-3.377,14.727,36.940,100%,3.880,4.063,1893,1377,0,1378,0,,0.00000,0.00000,0.0,0,0.0,-50,2.6
J.Herter_T1,2026-02-28,11:41:21.784,39.85424,-83.65600,1091.1,39.85421,-83.65603,1090.2,3,0,0,-171,0x03,32,8,16,2,-64,-70,14.66,-3.081,14.683,29.250,100%,3.878,4.064,1894,1378,0,1379,0,,0.00000,0.00000,0.0,0,0.0,-50,2.3
J.Herter_T1,2026-02-28,11:41:22.801,39.85424,-83.65600,1091.1,39.85421,-83.65603,1090.2,3,0,0,-78,0x03,32,10,14,3,-64,-71,14.64,-2.823,14.671,29.219,100%,3.878,4.063,1895,1379,0,1380,0,,0.00000,0.00000,0.0,0,0.0,-50,1.9
J.Herter_T1,2026-02-28,11:41:24.782,39.85424,-83.65600,1091.1,39.85421,-83.65603,1091.6,3,1,0,-15,0x03,32,8,15,2,-54,-62,14.88,-1.079,14.889,93.883,100%,3.860,4.062,1897,1381,0,1382,0,,0.00000,0.00000,0.0,0,0.0,-50,1.6
J.Herter_T1,2026-02-28,11:41:26.792,39.85424,-83.65600,1091.1,39.85423,-83.65603,1092.2,3,1,0,5,0x03,32,4,17,4,-52,-62,9.74,-0.376,9.807,77.379,100%,3.877,4.063,1899,1383,0,1384,0,,0.00000,0.00000,0.0,0,0.0,-50,1.5
J.Herter_T1,2026-02-28,11:41:27.782,39.85424,-83.65600,1091.1,39.85423,-83.65603,1092.0,3,1,0,62,0x03,32,6,14,5,-60,-60,8.78,-0.509,8.833,27.773,100%,3.877,4.064,1900,1384,0,1385,0,,0.00000,0.00000,0.0,0,0.0,-50,1.5
J.Herter_T1,2026-02-28,11:41:29.794,39.85424,-83.65600,1091.1,39.85423,-83.65603,1091.8,3,0,0,-51,0x03,32,6,13,6,-53,-62,8.81,-0.552,8.844,62.363,100%,3.881,4.064,1902,1386,0,1387,0,,0.00000,0.00000,0.0,0,0.0,-50,1.3
J.Herter_T1,2026-02-28,11:41:30.783,39.85424,-83.65600,1091.1,39.85423,-83.65603,1091.7,3,0,0,79,0x03,32,5,15,5,-55,-63,8.86,-0.606,8.887,49.835,100%,3.874,4.065,1903,1387,0,1388,0,,0.00000,0.00000,0.0,0,0.0,-50,1.3
J.Herter_T1,2026-02-28,11:41:32.792,39.85424,-83.65600,1091.1,39.85423,-83.65603,1091.4,3,0,0,-140,0x03,32,5,16,4,-58,-65,8.60,-0.744,8.605,34.227,100%,3.877,4.064,1905,1389,0,1390,0,,0.00000,0.00000,0.0,0,0.0,-50,1.1
J.Herter_T1,2026-02-28,11:41:33.783,39.85424,-83.65600,1091.1,39.85423,-83.65603,1091.4,3,0,0,-11,0x03,32,6,13,6,-53,-66,8.47,-0.737,8.471,59.932,100%,3.877,4.064,1906,1390,0,1391,0,,0.00000,0.00000,0.0,0,0.0,-50,1.0
J.Herter_T1,2026-02-28,11:41:35.792,39.85424,-83.65600,1091.1,39.85423,-83.65603,1091.3,3,0,0,-85,0x03,32,6,14,5,-53,-62,8.44,-0.605,8.444,59.745,100%,3.879,4.064,1908,1392,0,1393,0,,0.00000,0.00000,0.0,0,0.0,-50,0.9
J.Herter_T1,2026-02-28,11:41:36.782,39.85424,-83.65600,1091.1,39.85423,-83.65603,1091.4,3,0,0,112,0x03,32,5,15,5,-51,-61,8.44,-0.536,8.444,75.215,100%,3.879,4.062,1909,1393,0,1394,0,,0.00000,0.00000,0.0,0,0.0,-50,0.8
J.Herter_T1,2026-02-28,11:41:38.794,39.85424,-83.65600,1091.1,39.85423,-83.65602,1091.3,3,0,0,77,0x03,32,7,13,5,-51,-57,8.10,-0.517,8.100,72.171,100%,3.876,4.065,1911,1395,0,1396,0,,0.00000,0.00000,0.0,0,0.0,-50,0.7
J.Herter_T1,2026-02-28,11:41:39.782,39.85424,-83.65600,1091.1,39.85423,-83.65603,1091.2,3,1,0,-77,0x03,32,5,13,7,-51,-60,8.36,-0.507,8.362,74.511,100%,3.879,4.063,1912,1396,0,1397,0,,0.00000,0.00000,0.0,0,0.0,-50,0.7
J.Herter_T1,2026-02-28,11:41:41.794,39.85424,-83.65600,1091.1,39.85423,-83.65602,1091.1,3,0,0,11,0x03,32,6,13,6,-55,-65,8.15,-0.467,8.151,45.832,100%,3.877,4.063,1914,1398,0,1399,0,,0.00000,0.00000,0.0,0,0.0,-50,0.6
J.Herter_T1,2026-02-28,11:41:42.782,39.85424,-83.65600,1091.1,39.85423,-83.65602,1091.0,3,0,0,7,0x03,32,5,15,6,-55,-65,8.15,-0.521,8.150,45.832,100%,3.877,4.061,1915,1399,0,1400,0,,0.00000,0.00000,0.0,0,0.0,-50,0.5
J.Herter_T1,2026-02-28,11:41:44.792,39.85424,-83.65600,1091.1,39.85423,-83.65603,1090.8,3,0,0,0,0x03,32,6,13,6,-57,-63,8.20,-0.619,8.206,36.640,100%,3.855,4.063,1917,1401,0,1402,0,,0.00000,0.00000,0.0,0,0.0,-50,0.4
J.Herter_T1,2026-02-28,11:41:45.784,39.85424,-83.65600,1091.1,39.85423,-83.65602,1090.6,3,0,0,-71,0x03,32,5,14,6,-50,-65,8.15,-0.701,8.161,81.502,100%,3.855,4.064,1918,1402,0,1403,0,,0.00000,0.00000,0.0,0,0.0,-50,0.3
J.Herter_T1,2026-02-28,11:41:47.792,39.85424,-83.65600,1091.1,39.85423,-83.65602,1090.2,3,0,0,-28,0x03,32,5,13,7,-51,-60,8.02,-0.978,8.069,71.472,100%,3.877,4.062,1920,1404,0,1405,0,,0.00000,0.00000,0.0,0,0.0,-50,0.1
J.Herter_T1,2026-02-28,11:41:48.782,39.85424,-83.65600,1091.1,39.85423,-83.65602,1089.9,3,0,0,2,0x03,32,4,16,5,-54,-60,8.05,-1.114,8.127,50.763,100%,3.879,4.063,1921,1405,0,1406,0,,0.00000,0.00000,0.0,0,0.0,-50,-0.0
J.Herter_T1,2026-02-28,11:41:50.794,39.85424,-83.65600,1091.1,39.85423,-83.65602,1089.6,3,0,0,-79,0x03,32,5,16,4,-55,-60,8.05,-1.175,8.178,45.243,100%,3.877,4.063,1923,1407,0,1408,0,,0.00000,0.00000,0.0,0,0.0,-50,-0.3
J.Herter_T1,2026-02-28,11:41:51.783,39.85424,-83.65600,1091.1,39.85423,-83.65602,1089.4,3,0,0,176,0x03,32,6,14,5,-52,-64,7.97,-1.244,8.141,63.284,100%,3.877,4.063,1924,1408,0,1409,0,,0.00000,0.00000,0.0,0,0.0,-50,-0.4
J.Herter_T1,2026-02-28,11:41:53.792,39.85424,-83.65600,1091.1,39.85423,-83.65602,1089.0,3,0,0,-47,0x03,32,1,15,8,-62,-66,7.89,-1.339,8.156,19.815,100%,3.876,4.064,1926,1410,0,1411,0,,0.00000,0.00000,0.0,0,0.0,-50,-0.7
J.Herter_T1,2026-02-28,11:41:54.783,39.85423,-83.65602,1087.1,39.85423,-83.65602,1089.0,3,0,0,66,0x03,31,9,12,4,-64,-69,1.03,2.197,2.229,2.061,100%,3.876,4.062,1927,1411,0,1412,0,,0.00000,0.00000,0.0,0,0.0,-50,-0.2
J.Herter_T1,2026-02-28,11:41:56.793,39.85423,-83.65602,1087.1,39.85423,-83.65602,1088.7,3,0,0,67,0x03,32,7,13,5,-55,-66,0.54,1.537,1.767,3.023,100%,3.858,4.065,1929,1413,0,1414,0,,0.00000,0.00000,0.0,0,0.0,-50,0.1
J.Herter_T1,2026-02-28,11:41:57.782,39.85423,-83.65602,1087.1,39.85423,-83.65602,1088.7,3,0,0,-21,0x03,32,6,16,3,-63,-65,0.44,1.345,1.699,0.983,100%,3.877,4.064,1930,1414,0,1415,0,,0.00000,0.00000,0.0,0,0.0,-50,0.3
J.Herter_T1,2026-02-28,11:41:59.793,39.85423,-83.65602,1087.1,39.85423,-83.65602,1088.7,3,0,0,22,0x03,32,7,11,7,-63,-69,0.72,1.082,1.773,1.621,100%,3.877,4.064,1932,1416,0,1417,0,,0.00000,0.00000,0.0,0,0.0,-50,0.5
J.Herter_T1,2026-02-28,11:42:00.783,39.85423,-83.65602,1087.1,39.85423,-83.65602,1088.8,3,0,0,101,0x03,32,8,15,2,-64,-71,0.65,1.068,1.842,1.300,100%,3.877,4.062,1933,1417,0,1418,0,,0.00000,0.00000,0.0,0,0.0,-50,0.7
J.Herter_T1,2026-02-28,11:42:02.793,39.85423,-83.65602,1087.1,39.85423,-83.65602,1088.3,3,0,0,21,0x03,32,6,13,5,-57,-67,0.58,0.478,1.412,2.598,100%,3.873,4.062,1935,1419,0,1420,0,,0.00000,0.00000,0.0,0,0.0,-50,0.8
J.Herter_T1,2026-02-28,11:42:03.782,39.85423,-83.65602,1087.1,39.85423,-83.65602,1087.9,3,0,0,-105,0x03,32,8,13,4,-58,-67,0.56,0.061,1.040,2.227,100%,3.873,4.063,1936,1420,0,1421,0,,0.00000,0.00000,0.0,0,0.0,-50,0.8
J.Herter_T1,2026-02-28,11:42:04.803,39.85423,-83.65602,1087.1,39.85423,-83.65602,1087.5,3,0,0,26,0x03,32,7,12,5,-51,-65,0.52,-0.341,0.676,4.601,100%,3.858,4.063,1937,1421,0,1422,0,,0.00000,0.00000,0.0,0,0.0,-50,0.8
J.Herter_T1,2026-02-28,11:42:06.784,39.85423,-83.65602,1087.1,39.85423,-83.65602,1087.0,3,0,0,-102,0x03,32,6,14,4,-58,-65,0.60,-0.701,0.609,2.407,100%,3.877,4.062,1939,1423,0,1424,0,,0.00000,0.00000,0.0,0,0.0,-50,0.6
J.Herter_T1,2026-02-28,11:42:08.793,39.85423,-83.65602,1087.1,39.85423,-83.65603,1087.0,3,0,0,120,0x03,32,5,16,2,-57,-63,1.99,-0.563,1.986,8.868,100%,3.874,4.062,1941,1425,0,1426,0,,0.00000,0.00000,0.0,0,0.0,-50,0.5
J.Herter_T1,2026-02-28,11:42:09.782,39.85423,-83.65602,1087.1,39.85423,-83.65603,1087.0,3,0,0,-20,0x03,32,5,17,2,-55,-64,1.90,-0.498,1.903,10.699,100%,3.874,4.064,1942,1426,0,1427,0,,0.00000,0.00000,0.0,0,0.0,-50,0.4
J.Herter_T1,2026-02-28,11:42:11.795,39.85423,-83.65602,1087.1,39.85423,-83.65602,1086.8,3,1,0,92,0x03,32,4,15,6,-61,-64,0.88,-0.623,0.925,2.469,100%,3.876,4.060,1944,1428,0,1429,0,,0.00000,0.00000,0.0,0,0.0,-50,0.3
J.Herter_T1,2026-02-28,11:42:12.782,39.85423,-83.65602,1087.1,39.85423,-83.65602,1086.6,3,0,0,-123,0x03,32,5,14,4,-60,-62,0.60,-0.723,0.771,1.912,100%,3.879,4.062,1945,1429,0,1430,0,,0.00000,0.00000,0.0,0,0.0,-50,0.2
J.Herter_T1,2026-02-28,11:42:14.794,39.85423,-83.65602,1087.1,39.85423,-83.65602,1086.6,3,0,0,125,0x03,32,5,14,4,-60,-64,0.88,-0.549,0.983,2.770,100%,3.879,4.062,1947,1431,0,1432,0,,0.00000,0.00000,0.0,0,0.0,-50,0.1
J.Herter_T1,2026-02-28,11:42:15.785,39.85423,-83.65602,1087.1,39.85423,-83.65602,1086.5,3,0,0,121,0x03,32,6,13,5,-66,-68,0.34,-0.554,0.616,0.545,100%,3.875,4.062,1948,1432,0,1433,0,,0.00000,0.00000,0.0,0,0.0,-50,0.0
J.Herter_T1,2026-02-28,11:42:17.793,39.85423,-83.65602,1087.1,39.85423,-83.65602,1086.8,3,0,0,-114,0x03,32,5,14,5,-55,-70,0.48,-0.258,0.560,2.676,100%,3.877,4.063,1950,1434,0,1435,0,,0.00000,0.00000,0.0,0,0.0,-50,-0.0
J.Herter_T1,2026-02-28,11:42:18.782,39.85423,-83.65602,1087.1,39.85423,-83.65602,1086.8,3,0,0,-89,0x03,32,6,12,6,-60,-64,0.80,-0.203,0.841,2.528,100%,3.877,4.064,1951,1435,0,1436,0,,0.00000,0.00000,0.0,0,0.0,-50,-0.1
J.Herter_T1,2026-02-28,11:42:20.793,39.85423,-83.65602,1087.1,39.85423,-83.65603,1086.9,3,0,0,-145,0x03,32,5,14,5,-64,-68,1.63,-0.093,1.637,3.247,100%,3.879,4.063,1953,1437,0,1438,0,,0.00000,0.00000,0.0,0,0.0,-50,-0.1
J.Herter_T1,2026-02-28,11:42:21.783,39.85423,-83.65602,1087.1,39.85423,-83.65603,1086.8,3,0,0,68,0x03,32,6,13,5,-66,-75,1.60,-0.128,1.616,2.536,100%,3.874,4.062,1954,1438,0,1439,0,,0.00000,0.00000,0.0,0,0.0,-50,-0.1
J.Herter_T1,2026-02-28,11:42:22.803,39.85423,-83.65602,1087.1,39.85423,-83.65602,1086.8,3,1,0,66,0x03,32,5,14,5,-67,-74,1.22,-0.157,1.250,1.723,100%,3.874,4.062,1955,1439,0,1440,0,,0.00000,0.00000,0.0,0,0.0,-50,-0.1
J.Herter_T1,2026-02-28,11:42:24.783,39.85423,-83.65602,1087.1,39.85423,-83.65602,1086.6,3,0,0,133,0x03,32,6,14,2,-69,-78,0.46,-0.319,0.678,0.513,100%,3.856,4.062,1957,1441,0,1442,0,,0.00000,0.00000,0.0,0,0.0,-50,-0.2
J.Herter_T1,2026-02-28,11:42:26.793,39.85423,-83.65602,1087.1,39.85423,-83.65602,1086.6,3,0,0,-76,0x03,32,3,19,1,-65,-72,0.35,-0.201,0.556,0.621,100%,3.876,4.062,1959,1443,0,1444,0,,0.00000,0.00000,0.0,0,0.0,-50,-0.2
J.Herter_T1,2026-02-28,11:42:27.784,39.85423,-83.65602,1087.1,39.85423,-83.65602,1086.7,3,1,0,-93,0x03,32,6,13,4,-68,-68,0.77,-0.127,0.859,0.975,100%,3.876,4.063,1960,1444,0,1445,0,,0.00000,0.00000,0.0,0,0.0,-50,-0.2
J.Herter_T1,2026-02-28,11:42:29.793,39.85423,-83.65602,1087.1,39.85423,-83.65602,1086.6,3,0,0,-161,0x03,32,4,14,6,-76,-76,0.35,-0.195,0.589,0.176,100%,3.877,4.063,1962,1446,0,1447,0,,0.00000,0.00000,0.0,0,0.0,-50,-0.3
J.Herter_T1,2026-02-28,11:42:30.783,39.85423,-83.65602,1087.1,39.85423,-83.65602,1086.7,3,0,0,-92,0x03,32,6,13,6,-65,-79,0.46,-0.081,0.586,0.813,100%,3.874,4.062,1963,1447,0,1448,0,,0.00000,0.00000,0.0,0,0.0,-50,-0.3
J.Herter_T1,2026-02-28,11:42:32.793,39.85423,-83.65602,1087.1,39.85423,-83.65602,1086.6,3,0,0,-113,0x03,32,4,15,4,-64,-71,0.39,-0.102,0.560,0.770,100%,3.874,4.064,1965,1449,0,1450,0,,0.00000,0.00000,0.0,0,0.0,-50,-0.3
J.Herter_T1,2026-02-28,11:42:33.783,39.85423,-83.65602,1087.1,39.85423,-83.65602,1086.7,3,0,0,-54,0x03,32,6,11,6,-65,-71,0.37,-0.083,0.541,0.655,100%,3.877,4.063,1966,1450,0,1451,0,,0.00000,0.00000,0.0,0,0.0,-50,-0.3
J.Herter_T1,2026-02-28,11:42:34.803,39.85423,-83.65602,1087.1,39.85423,-83.65602,1086.6,3,0,0,98,0x03,32,6,11,5,-79,-69,0.50,-0.166,0.703,0.176,100%,3.877,4.062,1967,1451,0,1452,0,,0.00000,0.00000,0.0,0,0.0,-50,-0.3
J.Herter_T1,2026-02-28,11:42:36.785,39.85423,-83.65602,1087.1,39.85423,-83.65602,1086.4,3,0,0,-50,0x03,32,7,10,7,-67,-76,0.50,-0.295,0.846,0.700,100%,3.856,4.061,1969,1453,0,1454,0,,0.00000,0.00000,0.0,0,0.0,-50,-0.4
J.Herter_T1,2026-02-28,11:42:38.793,39.85423,-83.65602,1087.1,39.85423,-83.65602,1086.4,3,0,0,4,0x03,32,6,13,4,-65,-72,0.48,-0.197,0.794,0.846,100%,3.874,4.063,1971,1455,0,1456,0,,0.00000,0.00000,0.0,0,0.0,-50,-0.4
J.Herter_T1,2026-02-28,11:42:39.785,39.85423,-83.65602,1087.1,39.85423,-83.65602,1086.4,3,0,0,-1,0x03,32,4,14,6,-66,-71,0.44,-0.171,0.767,0.696,100%,3.877,4.062,1972,1456,0,1457,0,,0.00000,0.00000,0.0,0,0.0,-50,-0.5
J.Herter_T1,2026-02-28,11:42:41.793,39.85423,-83.65602,1087.1,39.85423,-83.65602,1086.6,3,0,0,-135,0x03,32,3,19,2,-77,-74,1.33,-0.028,1.419,0.593,100%,3.878,4.063,1974,1458,0,1459,0,,0.00000,0.00000,0.0,0,0.0,-50,-0.5
J.Herter_T1,2026-02-28,11:42:42.783,39.85423,-83.65602,1087.1,39.85423,-83.65602,1086.5,3,0,0,76,0x03,32,7,14,3,-58,-75,1.11,-0.061,1.237,4.429,100%,3.878,4.062,1975,1459,0,1460,0,,0.00000,0.00000,0.0,0,0.0,-50,-0.5
J.Herter_T1,2026-02-28,11:42:43.805,39.85423,-83.65602,1087.1,39.85423,-83.65602,1086.6,3,0,0,60,0x03,32,3,18,3,-61,-66,0.65,0.028,0.791,1.836,100%,3.878,4.063,1976,1460,0,1461,0,,0.00000,0.00000,0.0,0,0.0,-50,-0.5
J.Herter_T1,2026-02-28,11:42:45.783,39.85423,-83.65602,1087.1,39.85423,-83.65602,1086.6,3,0,0,-66,0x03,32,6,12,5,-63,-64,0.35,-0.016,0.606,0.782,100%,3.859,4.063,1978,1462,0,1463,0,,0.00000,0.00000,0.0,0,0.0,-50,-0.5
J.Herter_T1,2026-02-28,11:42:47.793,39.85423,-83.65602,1087.1,39.85423,-83.65602,1086.4,3,0,0,-33,0x03,32,7,13,3,-63,-70,0.36,-0.117,0.713,0.815,100%,3.877,4.062,1980,1464,0,1465,0,,0.00000,0.00000,0.0,0,0.0,-50,-0.5
J.Herter_T1,2026-02-28,11:42:48.785,39.85423,-83.65602,1087.1,39.85423,-83.65602,1086.4,3,0,0,98,0x03,32,5,15,3,-60,-70,0.39,-0.147,0.764,1.220,100%,3.875,4.061,1981,1465,0,1466,0,,0.00000,0.00000,0.0,0,0.0,-50,-0.5
J.Herter_T1,2026-02-28,11:42:50.793,39.85423,-83.65602,1087.1,39.85423,-83.65602,1086.5,3,0,0,94,0x03,32,5,14,5,-66,-69,0.39,-0.015,0.664,0.612,100%,3.874,4.061,1983,1467,0,1468,0,,0.00000,0.00000,0.0,0,0.0,-50,-0.5
J.Herter_T1,2026-02-28,11:42:51.783,39.85423,-83.65602,1087.1,39.85423,-83.65602,1086.7,3,0,0,-170,0x03,32,5,14,5,-63,-71,0.40,0.122,0.558,0.894,100%,3.874,4.063,1984,1468,0,1469,0,,0.00000,0.00000,0.0,0,0.0,-50,-0.5
J.Herter_T1,2026-02-28,11:42:53.794,39.85423,-83.65602,1087.1,39.85423,-83.65602,1086.8,3,0,0,157,0x03,32,6,14,4,-63,-70,0.43,0.207,0.504,0.964,100%,3.872,4.063,1986,1470,0,1471,0,,0.00000,0.00000,0.0,0,0.0,-50,-0.5
J.Herter_T1,2026-02-28,11:42:54.784,39.85423,-83.65602,1087.1,39.85423,-83.65602,1086.8,3,0,0,13,0x03,32,6,14,4,-64,-71,0.43,0.210,0.491,0.859,100%,3.872,4.061,1987,1471,0,1472,0,,0.00000,0.00000,0.0,0,0.0,-50,-0.4
J.Herter_T1,2026-02-28,11:42:55.804,39.85423,-83.65602,1087.1,39.85423,-83.65602,1087.0,3,0,0,12,0x03,32,7,11,5,-61,-71,0.40,0.331,0.407,1.126,100%,3.878,4.062,1988,1472,0,1473,0,,0.00000,0.00000,0.0,0,0.0,-50,-0.4
J.Herter_T1,2026-02-28,11:42:57.784,39.85423,-83.65602,1087.1,39.85423,-83.65602,1087.0,3,0,0,56,0x03,32,5,13,5,-62,-68,0.51,0.291,0.508,1.272,100%,3.874,4.062,1990,1474,0,1475,0,,0.00000,0.00000,0.0,0,0.0,-50,-0.3
J.Herter_T1,2026-02-28,11:42:59.794,39.85423,-83.65602,1087.1,39.85423,-83.65602,1086.9,3,0,0,-168,0x03,32,6,13,4,-61,-68,0.55,0.148,0.566,1.547,100%,3.874,4.063,1992,1476,0,1477,0,,0.00000,0.00000,0.0,0,0.0,-50,-0.3
J.Herter_T1,2026-02-28,11:43:00.784,39.85423,-83.65602,1087.1,39.85423,-83.65602,1086.9,3,0,0,-58,0x03,32,9,11,4,-61,-71,0.51,0.151,0.520,1.427,100%,3.874,4.061,1993,1477,0,1478,0,,0.00000,0.00000,0.0,0,0.0,-50,-0.3
J.Herter_T1,2026-02-28,11:43:02.794,39.85423,-83.65602,1087.1,39.85423,-83.65602,1087.2,3,2,0,129,0x03,32,6,14,4,-52,-68,0.36,0.313,0.378,2.890,100%,3.871,4.061,1995,1479,0,1480,0,,0.00000,0.00000,0.0,0,0.0,-50,-0.2
J.Herter_T1,2026-02-28,11:43:03.784,39.85423,-83.65602,1087.1,39.85423,-83.65602,1087.1,3,1,0,-73,0x03,32,5,15,3,-55,-66,0.35,0.244,0.352,1.952,100%,3.871,4.062,1996,1480,0,1481,0,,0.00000,0.00000,0.0,0,0.0,-50,-0.2
J.Herter_T1,2026-02-28,11:43:04.833,39.85423,-83.65602,1087.1,39.85423,-83.65602,1087.4,3,0,0,-61,0x03,31,4,16,3,-59,-64,0.72,0.482,0.805,2.570,100%,3.852,4.063,1997,1481,0,1482,0,,0.00000,0.00000,0.0,0,0.0,-50,-0.1
J.Herter_T1,2026-02-28,11:43:06.784,39.85423,-83.65602,1087.1,39.85423,-83.65602,1087.6,3,1,0,-105,0x03,32,5,15,3,-68,-65,0.47,0.530,0.693,0.588,100%,3.873,4.062,1999,1483,0,1484,0,,0.00000,0.00000,0.0,0,0.0,-50,-0.0
J.Herter_T1,2026-02-28,11:43:07.804,39.85422,-83.65604,1087.9,39.85423,-83.65602,1087.7,3,0,0,176,0x03,32,5,16,3,-59,-65,6.03,-0.205,6.031,21.388,100%,3.873,4.063,2000,1484,0,1485,0,,0.00000,0.00000,0.0,0,0.0,-50,0.0
J.Herter_T1,2026-02-28,11:43:09.786,39.85422,-83.65604,1087.9,39.85423,-83.65602,1087.8,3,0,0,-113,0x03,32,5,17,2,-57,-60,6.06,-0.089,6.062,27.073,100%,3.874,4.062,2002,1486,0,1487,0,,0.00000,0.00000,0.0,0,0.0,-50,0.0
J.Herter_T1,2026-02-28,11:43:11.793,39.85422,-83.65604,1087.9,39.85423,-83.65602,1088.2,3,0,0,80,0x03,32,3,20,1,-55,-65,5.84,0.234,5.845,32.830,100%,3.872,4.063,2004,1488,0,1489,0,,0.00000,0.00000,0.0,0,0.0,-50,0.0
J.Herter_T1,2026-02-28,11:43:12.785,39.85422,-83.65604,1087.9,39.85423,-83.65602,1088.1,3,0,0,59,0x03,32,5,16,4,-57,-62,5.93,0.143,5.935,26.495,100%,3.872,4.062,2005,1489,0,1490,0,,0.00000,0.00000,0.0,0,0.0,-50,0.1
J.Herter_T1,2026-02-28,11:43:13.776,39.85422,-83.65604,1087.9,39.85423,-83.65602,1088.2,3,0,0,118,0x03,32,5,16,3,-57,-64,5.93,0.244,5.941,26.495,100%,3.874,4.062,2006,1490,0,1491,0,,0.00000,0.00000,0.0,0,0.0,-50,0.1
J.Herter_T1,2026-02-28,11:43:14.793,39.85422,-83.65604,1087.9,39.85423,-83.65602,1088.3,3,0,0,-97,0x03,32,4,18,2,-59,-65,5.78,0.240,5.789,20.500,100%,3.874,4.062,2007,1491,0,1492,0,,0.00000,0.00000,0.0,0,0.0,-50,0.1
J.Herter_T1,2026-02-28,11:43:15.783,39.85422,-83.65604,1087.9,39.85423,-83.65602,1088.2,3,0,0,79,0x03,32,5,17,2,-59,-67,5.73,0.204,5.744,20.343,100%,3.854,4.062,2008,1492,0,1493,0,,0.00000,0.00000,0.0,0,0.0,-50,0.1
J.Herter_T1,2026-02-28,11:43:16.803,39.85422,-83.65604,1087.9,39.85423,-83.65602,1088.3,3,0,0,173,0x03,32,5,18,1,-55,-67,5.76,0.266,5.779,32.407,100%,3.854,4.062,2009,1493,0,1494,0,,0.00000,0.00000,0.0,0,0.0,-50,0.2
J.Herter_T1,2026-02-28,11:43:18.784,39.85422,-83.65604,1087.9,39.85423,-83.65602,1088.2,3,1,0,41,0x03,32,5,16,3,-58,-66,6.21,0.088,6.219,24.735,100%,3.875,4.062,2011,1495,0,1496,0,,0.00000,0.00000,0.0,0,0.0,-50,0.2
J.Herter_T1,2026-02-28,11:43:19.803,39.85422,-83.65604,1087.9,39.85423,-83.65602,1088.3,3,0,0,119,0x03,32,3,18,3,-61,-66,6.39,0.162,6.400,18.008,100%,3.870,4.063,2012,1496,0,1497,0,,0.00000,0.00000,0.0,0,0.0,-50,0.2
J.Herter_T1,2026-02-28,11:43:21.785,39.85422,-83.65604,1087.9,39.85423,-83.65602,1088.3,3,0,0,-45,0x03,32,6,16,2,-60,-64,6.54,0.173,6.549,20.669,100%,3.873,4.062,2014,1498,0,1499,0,,0.00000,0.00000,0.0,0,0.0,-50,0.2
J.Herter_T1,2026-02-28,11:43:22.775,39.85422,-83.65604,1087.9,39.85423,-83.65602,1088.4,3,0,0,107,0x03,32,5,16,2,-62,-67,6.55,0.221,6.573,16.464,100%,3.873,4.061,2015,1499,0,1500,0,,0.00000,0.00000,0.0,0,0.0,-50,0.3
J.Herter_T1,2026-02-28,11:43:24.787,39.85422,-83.65604,1087.9,39.85423,-83.65602,1088.3,3,0,0,-172,0x03,32,4,17,4,-64,-69,5.79,0.151,5.810,11.558,100%,3.857,4.061,2017,1501,0,1502,0,,0.00000,0.00000,0.0,0,0.0,-50,0.3
J.Herter_T1,2026-02-28,11:43:25.774,39.85422,-83.65604,1087.9,39.85423,-83.65602,1088.4,3,0,0,24,0x03,32,4,17,3,-70,-74,5.88,0.221,5.910,5.884,100%,3.857,4.061,2018,1502,0,1503,0,,0.00000,0.00000,0.0,0,0.0,-50,0.3
J.Herter_T1,2026-02-28,11:43:27.785,39.85422,-83.65604,1087.9,39.85423,-83.65602,1088.8,3,1,0,-112,0x03,32,4,16,4,-59,-63,5.62,0.525,5.698,19.940,100%,3.873,4.062,2020,1504,0,1505,0,,0.00000,0.00000,0.0,0,0.0,-50,0.4
J.Herter_T1,2026-02-28,11:43:28.805,39.85422,-83.65604,1087.9,39.85423,-83.65602,1088.8,3,1,0,100,0x03,32,4,18,2,-62,-65,5.73,0.464,5.809,14.402,100%,3.874,4.061,2021,1505,0,1506,0,,0.00000,0.00000,0.0,0,0.0,-50,0.5
J.Herter_T1,2026-02-28,11:43:30.785,39.85422,-83.65604,1087.9,39.85423,-83.65602,1088.9,3,0,0,135,0x03,32,5,16,3,-63,-70,5.79,0.433,5.877,12.968,100%,3.871,4.061,2023,1507,0,1508,0,,0.00000,0.00000,0.0,0,0.0,-50,0.6
J.Herter_T1,2026-02-28,11:43:31.804,39.85422,-83.65604,1087.9,39.85423,-83.65602,1088.9,3,1,0,41,0x03,32,4,19,1,-53,-66,5.95,0.387,6.029,42.104,100%,3.871,4.062,2024,1508,0,1509,0,,0.00000,0.00000,0.0,0,0.0,-50,0.6
J.Herter_T1,2026-02-28,11:43:33.784,39.85424,-83.65602,1091.9,39.85423,-83.65602,1088.6,3,0,0,151,0x03,32,4,19,1,-49,-62,0.87,-3.211,3.410,9.802,100%,3.877,4.062,2026,1510,0,1511,0,,0.00000,0.00000,0.0,0,0.0,-50,-0.1
J.Herter_T1,2026-02-28,11:43:34.804,39.85424,-83.65602,1091.9,39.85423,-83.65602,1088.3,3,0,0,4,0x03,32,4,18,1,-61,-59,0.92,-3.205,3.762,2.599,100%,3.877,4.061,2027,1511,0,1512,0,,0.00000,0.00000,0.0,0,0.0,-50,-0.4
J.Herter_T1,2026-02-28,11:43:36.784,39.85423,-83.65604,1086.2,39.85423,-83.65602,1087.9,3,0,0,-11,0x03,32,5,16,4,-62,-67,8.15,2.026,8.334,20.479,100%,3.874,4.061,2029,1513,0,1514,0,,0.00000,0.00000,0.0,0,0.0,-50,-0.3
J.Herter_T1,2026-02-28,11:43:37.806,39.85423,-83.65604,1086.2,39.85423,-83.65602,1087.8,3,0,0,60,0x03,32,5,16,4,-67,-69,8.26,1.746,8.425,11.672,100%,3.868,4.062,2030,1514,0,1515,0,,0.00000,0.00000,0.0,0,0.0,-50,-0.1
J.Herter_T1,2026-02-28,11:43:39.784,39.85423,-83.65604,1086.2,39.85423,-83.65602,1087.6,3,0,0,-146,0x03,32,3,19,3,-62,-62,7.80,1.203,7.920,19.582,100%,3.874,4.062,2032,1516,0,1517,0,,0.00000,0.00000,0.0,0,0.0,-50,0.2
J.Herter_T1,2026-02-28,11:43:40.833,39.85423,-83.65604,1086.2,39.85423,-83.65602,1087.6,3,1,0,-10,0x03,32,3,20,2,-59,-68,7.88,1.073,7.999,27.952,100%,3.874,4.061,2033,1517,0,1518,0,,0.00000,0.00000,0.0,0,0.0,-50,0.3
J.Herter_T1,2026-02-28,11:43:42.787,39.85423,-83.65604,1086.2,39.85423,-83.65602,1087.5,3,0,0,13,0x03,32,5,16,4,-66,-67,8.51,0.817,8.614,13.489,100%,3.875,4.061,2035,1519,0,1520,0,,0.00000,0.00000,0.0,0,0.0,-50,0.5
J.Herter_T1,2026-02-28,11:43:43.804,39.85423,-83.65602,1085.7,39.85423,-83.65602,1087.5,3,0,0,-111,0x03,32,4,18,3,-61,-62,3.83,1.117,4.246,10.793,100%,3.875,4.062,2036,1520,0,1521,0,,0.00000,0.00000,0.0,0,0.0,-50,0.7
J.Herter_T1,2026-02-28,11:43:45.784,39.85423,-83.65602,1085.7,39.85423,-83.65602,1087.6,3,0,0,180,0x03,32,6,16,2,-50,-65,3.80,0.974,4.261,38.043,100%,3.849,4.061,2038,1522,0,1523,0,,0.00000,0.00000,0.0,0,0.0,-50,0.9
J.Herter_T1,2026-02-28,11:43:46.806,39.85423,-83.65602,1085.7,39.85423,-83.65602,1087.6,3,0,0,82,0x03,32,6,16,2,-49,-60,3.82,0.892,4.285,42.893,100%,3.874,4.064,2039,1523,0,1524,0,,0.00000,0.00000,0.0,0,0.0,-50,1.0
J.Herter_T1,2026-02-28,11:43:47.794,39.85423,-83.65602,1085.7,39.85423,-83.65602,1087.6,3,2,0,-128,0x03,32,4,19,2,-48,-54,3.83,0.791,4.285,48.209,100%,3.874,4.062,2040,1524,0,1525,0,,0.00000,0.00000,0.0,0,0.0,-50,1.1
J.Herter_T1,2026-02-28,11:43:49.836,39.85423,-83.65602,1085.7,39.85423,-83.65602,1087.6,3,0,0,-163,0x03,32,5,16,3,-49,-57,3.73,0.679,4.178,41.818,94%,3.875,4.061,2042,1525,0,1526,0,,0.00000,0.00000,0.0,0,0.0,-50,1.2
J.Herter_T1,2026-02-28,11:43:51.784,39.85423,-83.65602,1085.7,39.85423,-83.65602,1087.5,3,0,0,113,0x03,32,5,15,4,-49,-58,3.73,0.523,4.160,41.799,94%,3.875,4.062,2044,1527,0,1528,0,,0.00000,0.00000,0.0,0,0.0,-50,1.3
J.Herter_T1,2026-02-28,11:43:52.804,39.85423,-83.65602,1085.7,39.85423,-83.65602,1087.5,3,0,0,-99,0x03,32,6,16,2,-49,-60,3.73,0.439,4.149,41.863,94%,3.875,4.061,2045,1528,0,1529,0,,0.00000,0.00000,0.0,0,0.0,-50,1.4
J.Herter_T1,2026-02-28,11:43:54.784,39.85423,-83.65602,1085.7,39.85423,-83.65602,1087.6,3,0,0,29,0x03,32,5,15,4,-49,-62,3.74,0.397,4.182,41.981,94%,3.872,4.061,2047,1530,0,1531,0,,0.00000,0.00000,0.0,0,0.0,-50,1.5
J.Herter_T1,2026-02-28,11:43:55.806,39.85423,-83.65602,1085.7,39.85423,-83.65602,1087.6,3,0,0,-6,0x03,32,5,14,5,-52,-60,3.74,0.378,4.192,29.720,94%,3.849,4.062,2048,1531,0,1532,0,,0.00000,0.00000,0.0,0,0.0,-50,1.5
J.Herter_T1,2026-02-28,11:43:56.794,39.85423,-83.65602,1085.7,39.85423,-83.65602,1087.5,3,0,0,170,0x03,32,5,14,5,-48,-65,3.75,0.245,4.155,47.230,94%,3.849,4.061,2049,1532,0,1533,0,,0.00000,0.00000,0.0,0,0.0,-50,1.5
J.Herter_T1,2026-02-28,11:43:58.774,39.85423,-83.65602,1085.7,39.85423,-83.65602,1087.3,3,0,0,-110,0x03,32,5,14,5,-49,-70,3.76,0.050,4.085,42.136,94%,3.873,4.061,2051,1534,0,1535,0,,0.00000,0.00000,0.0,0,0.0,-50,1.6
J.Herter_T1,2026-02-28,11:44:00.784,39.85423,-83.65602,1085.7,39.85423,-83.65602,1087.4,3,0,0,74,0x03,32,6,13,5,-67,-61,3.72,0.136,4.104,5.258,96%,3.871,4.061,2053,1536,0,1537,0,,0.00000,0.00000,0.0,0,0.0,-50,1.6
J.Herter_T1,2026-02-28,11:44:01.774,39.85423,-83.65602,1085.7,39.85423,-83.65602,1087.4,3,0,0,-90,0x03,32,6,13,5,-71,-71,3.72,0.096,4.091,3.318,96%,3.872,4.061,2054,1537,0,1538,0,,0.00000,0.00000,0.0,0,0.0,-50,1.6
J.Herter_T1,2026-02-28,11:44:03.786,39.85423,-83.65602,1085.7,39.85423,-83.65602,1087.1,3,0,0,-141,0x03,32,4,17,3,-58,-69,3.74,-0.191,3.986,14.895,96%,3.872,4.061,2056,1539,0,1540,0,,0.00000,0.00000,0.0,0,0.0,-50,1.6
J.Herter_T1,2026-02-28,11:44:04.804,39.85423,-83.65602,1085.7,39.85423,-83.65602,1087.2,3,0,0,8,0x03,32,5,16,3,-62,-64,3.74,-0.013,4.054,9.406,96%,3.858,4.060,2057,1540,0,1541,0,,0.00000,0.00000,0.0,0,0.0,-50,1.6
J.Herter_T1,2026-02-28,11:44:06.785,39.85423,-83.65602,1085.7,39.85423,-83.65602,1087.5,3,0,0,24,0x03,32,4,18,2,-54,-62,3.74,0.196,4.145,23.589,96%,3.870,4.060,2059,1542,0,1543,0,,0.00000,0.00000,0.0,0,0.0,-50,1.6
J.Herter_T1,2026-02-28,11:44:07.805,39.85423,-83.65602,1085.7,39.85423,-83.65602,1087.4,3,0,0,50,0x03,32,7,15,2,-53,-62,3.74,0.076,4.095,26.448,96%,3.870,4.061,2060,1543,0,1544,0,,0.00000,0.00000,0.0,0,0.0,-50,1.6
J.Herter_T1,2026-02-28,11:44:09.784,39.85423,-83.65602,1085.7,39.85423,-83.65602,1087.2,3,0,0,168,0x03,32,6,16,2,-60,-64,3.74,-0.041,4.046,11.814,100%,3.874,4.061,2062,1545,0,1546,0,,0.00000,0.00000,0.0,0,0.0,-50,1.6
J.Herter_T1,2026-02-28,11:44:10.774,39.85423,-83.65602,1085.7,39.85423,-83.65602,1087.3,3,0,0,-111,0x03,32,4,17,3,-55,-68,3.72,0.040,4.065,20.920,100%,3.871,4.061,2063,1546,0,1547,0,,0.00000,0.00000,0.0,0,0.0,-50,1.6
J.Herter_T1,2026-02-28,11:44:12.784,39.85423,-83.65602,1085.7,39.85423,-83.65602,1087.7,3,0,0,142,0x03,32,4,19,1,-69,-70,3.76,0.365,4.275,4.223,100%,3.873,4.061,2065,1548,0,1549,0,,0.00000,0.00000,0.0,0,0.0,-50,1.7
J.Herter_T1,2026-02-28,11:44:13.774,39.85423,-83.65602,1085.7,39.85423,-83.65602,1087.9,3,0,0,-30,0x03,32,4,18,2,-67,-75,3.73,0.520,4.351,5.267,100%,3.873,4.061,2066,1549,0,1550,0,,0.00000,0.00000,0.0,0,0.0,-50,1.7
J.Herter_T1,2026-02-28,11:44:15.786,39.85423,-83.65602,1085.7,39.85423,-83.65602,1088.2,3,0,0,-125,0x03,32,4,19,1,-68,-80,3.76,0.677,4.538,4.728,100%,3.871,4.061,2068,1551,0,1552,0,,0.00000,0.00000,0.0,0,0.0,-50,1.9
J.Herter_T1,2026-02-28,11:44:16.807,39.85423,-83.65602,1085.7,39.85423,-83.65602,1088.2,3,0,0,-63,0x03,32,6,15,3,-66,-75,3.76,0.597,4.533,5.958,100%,3.871,4.061,2069,1552,0,1553,0,,0.00000,0.00000,0.0,0,0.0,-50,1.9
J.Herter_T1,2026-02-28,11:44:18.785,39.85423,-83.65602,1085.7,39.85423,-83.65602,1087.9,3,0,0,-47,0x03,32,4,15,6,-62,-81,3.78,0.197,4.376,9.488,100%,3.867,4.061,2071,1554,0,1555,0,,0.00000,0.00000,0.0,0,0.0,-50,2.0
J.Herter_T1,2026-02-28,11:44:19.806,39.85423,-83.65602,1085.7,39.85423,-83.65602,1087.6,3,0,0,-118,0x03,32,4,17,4,-68,-70,3.79,-0.091,4.242,4.768,100%,3.869,4.061,2072,1555,0,1556,0,,0.00000,0.00000,0.0,0,0.0,-50,2.0
J.Herter_T1,2026-02-28,11:44:21.786,39.85423,-83.65602,1085.7,39.85423,-83.65602,1086.9,3,0,0,9,0x03,32,5,16,4,-71,-85,3.80,-0.720,3.990,3.391,100%,3.873,4.042,2074,1557,0,1557,0,,0.00000,0.00000,0.0,0,0.0,-50,1.9
J.Herter_T1,2026-02-28,11:44:22.777,39.85423,-83.65602,1085.7,39.85423,-83.65602,1087.0,3,0,0,-48,0x03,32,4,15,4,-68,-76,3.79,-0.503,4.030,4.775,100%,3.873,4.061,2075,1558,0,1558,0,,0.00000,0.00000,0.0,0,0.0,-50,1.9
J.Herter_T1,2026-02-28,11:44:24.784,39.85423,-83.65602,1085.7,39.85423,-83.65602,1087.2,3,0,0,-154,0x03,32,4,17,3,-65,-75,3.77,-0.286,4.062,6.709,100%,3.858,4.061,2077,1560,0,1560,0,,0.00000,0.00000,0.0,0,0.0,-50,1.8
J.Herter_T1,2026-02-28,11:44:25.774,39.85423,-83.65602,1085.7,39.85423,-83.65602,1087.4,3,0,0,160,0x03,32,4,16,4,-61,-67,3.76,-0.086,4.125,10.595,100%,3.858,4.062,2078,1561,0,1561,0,,0.00000,0.00000,0.0,0,0.0,-50,1.8
J.Herter_T1,2026-02-28,11:44:27.785,39.85423,-83.65602,1085.7,39.85423,-83.65602,1087.2,3,0,0,-48,0x03,32,5,14,6,-62,-69,3.74,-0.177,4.052,9.391,100%,3.873,4.061,2080,1563,0,1563,0,,0.00000,0.00000,0.0,0,0.0,-50,1.7
J.Herter_T1,2026-02-28,11:44:28.804,39.85423,-83.65602,1085.7,39.85423,-83.65602,1087.4,3,0,0,-175,0x03,32,5,13,6,-52,-69,3.73,-0.053,4.087,29.592,100%,3.871,4.061,2081,1564,0,1564,0,,0.00000,0.00000,0.0,0,0.0,-50,1.7
J.Herter_T1,2026-02-28,11:44:30.787,39.85423,-83.65602,1085.7,39.85423,-83.65602,1087.7,3,0,0,-29,0x03,32,5,13,6,-54,-61,3.73,0.244,4.237,23.505,100%,3.874,4.061,2083,1566,0,1566,0,,0.00000,0.00000,0.0,0,0.0,-50,1.8
J.Herter_T1,2026-02-28,11:44:31.805,39.85423,-83.65602,1085.7,39.85423,-83.65602,1087.8,3,0,0,-171,0x03,32,5,13,6,-54,-62,3.72,0.344,4.301,23.481,100%,3.874,4.061,2084,1567,0,1567,0,,0.00000,0.00000,0.0,0,0.0,-50,1.8
J.Herter_T1,2026-02-28,11:44:33.785,39.85423,-83.65602,1085.7,39.85423,-83.65602,1087.9,3,0,0,-119,0x03,32,6,16,2,-62,-70,3.76,0.317,4.359,9.443,100%,3.870,4.061,2086,1569,0,1569,0,,0.00000,0.00000,0.0,0,0.0,-50,1.9
J.Herter_T1,2026-02-28,11:44:34.777,39.85423,-83.65602,1085.7,39.85423,-83.65602,1088.0,3,0,0,72,0x03,32,5,17,2,-55,-66,3.72,0.418,4.401,20.916,100%,3.870,4.060,2087,1570,0,1570,0,,0.00000,0.00000,0.0,0,0.0,-50,1.9
J.Herter_T1,2026-02-28,11:44:36.785,39.85423,-83.65602,1085.7,39.85423,-83.65602,1088.3,3,0,0,-126,0x03,32,3,18,3,-64,-76,3.75,0.588,4.586,7.478,100%,3.858,4.060,2089,1572,0,1572,0,,0.00000,0.00000,0.0,0,0.0,-50,2.1
J.Herter_T1,2026-02-28,11:44:37.775,39.85423,-83.65602,1085.7,39.85423,-83.65602,1088.3,3,0,0,32,0x03,32,3,18,3,-54,-71,3.76,0.517,4.584,23.695,100%,3.870,4.061,2090,1573,0,1573,0,,0.00000,0.00000,0.0,0,0.0,-50,2.1
J.Herter_T1,2026-02-28,11:44:39.785,39.85424,-83.65601,1082.0,39.85423,-83.65602,1088.4,3,0,0,-100,0x03,32,5,15,5,-69,-67,3.56,3.409,7.305,3.994,100%,3.871,4.061,2092,1575,0,1575,0,,0.00000,0.00000,0.0,0,0.0,-50,3.0
J.Herter_T1,2026-02-28,11:44:40.805,39.85424,-83.65601,1082.0,39.85423,-83.65602,1088.1,3,0,0,99,0x03,32,4,16,5,-55,-71,3.50,2.758,6.975,19.665,100%,3.871,4.059,2093,1576,0,1576,0,,0.00000,0.00000,0.0,0,0.0,-50,3.3
J.Herter_T1,2026-02-28,11:44:42.787,39.85424,-83.65601,1082.0,39.85423,-83.65602,1087.9,3,0,0,-28,0x03,32,4,15,6,-65,-65,3.26,2.066,6.671,5.791,100%,3.872,4.060,2095,1578,0,1578,0,,0.00000,0.00000,0.0,0,0.0,-50,3.8
J.Herter_T1,2026-02-28,11:44:43.775,39.85424,-83.65601,1082.0,39.85423,-83.65602,1088.1,3,0,0,-13,0x03,32,4,15,5,-52,-67,3.50,2.084,7.006,27.777,100%,3.872,4.061,2096,1579,0,1579,0,,0.00000,0.00000,0.0,0,0.0,-50,4.0
J.Herter_T1,2026-02-28,11:44:45.785,39.85424,-83.65601,1082.0,39.85423,-83.65602,1088.4,3,0,0,-125,0x03,32,6,15,4,-61,-70,3.54,1.953,7.298,9.973,100%,3.852,4.061,2098,1581,0,1581,0,,0.00000,0.00000,0.0,0,0.0,-50,4.4
J.Herter_T1,2026-02-28,11:44:46.806,39.85424,-83.65601,1082.0,39.85423,-83.65602,1088.4,3,0,0,-130,0x03,32,7,15,3,-63,-68,3.97,1.787,7.547,8.897,100%,3.870,4.060,2099,1582,0,1582,0,,0.00000,0.00000,0.0,0,0.0,-50,4.6
J.Herter_T1,2026-02-28,11:44:48.785,39.85424,-83.65601,1082.0,39.85423,-83.65602,1088.8,3,0,0,33,0x03,32,6,15,3,-58,-62,3.80,1.796,7.805,15.112,100%,3.867,4.060,2101,1584,0,1584,0,,0.00000,0.00000,0.0,0,0.0,-50,5.0
J.Herter_T1,2026-02-28,11:44:49.775,39.85424,-83.65601,1082.0,39.85423,-83.65602,1089.1,3,0,0,32,0x03,32,5,15,4,-58,-66,3.67,1.817,7.939,14.593,100%,3.867,4.060,2102,1585,0,1585,0,,0.00000,0.00000,0.0,0,0.0,-50,5.2
J.Herter_T1,2026-02-28,11:44:51.788,39.85424,-83.65601,1082.0,39.85423,-83.65602,1089.4,3,0,0,43,0x03,32,7,14,4,-68,-68,3.71,1.773,8.272,4.669,100%,3.874,4.061,2104,1587,0,1587,0,,0.00000,0.00000,0.0,0,0.0,-50,5.6
J.Herter_T1,2026-02-28,11:44:52.775,39.85424,-83.65601,1082.0,39.85423,-83.65602,1089.5,3,0,0,90,0x03,32,5,16,3,-53,-76,3.48,1.643,8.217,24.610,100%,3.870,4.059,2105,1588,0,1588,0,,0.00000,0.00000,0.0,0,0.0,-50,5.8
J.Herter_T1,2026-02-28,11:44:54.787,39.85424,-83.65601,1082.0,39.85423,-83.65602,1089.8,3,0,0,-33,0x03,32,6,14,3,-60,-70,3.28,1.628,8.454,10.359,100%,3.870,4.060,2107,1590,0,1590,0,,0.00000,0.00000,0.0,0,0.0,-50,6.2
J.Herter_T1,2026-02-28,11:44:55.777,39.85424,-83.65601,1082.0,39.85423,-83.65602,1089.9,3,0,0,121,0x03,32,7,13,3,-61,-66,3.14,1.536,8.477,8.858,100%,3.870,4.060,2108,1591,0,1591,0,,0.00000,0.00000,0.0,0,0.0,-50,6.3
J.Herter_T1,2026-02-28,11:44:57.785,39.85424,-83.65601,1082.0,39.85423,-83.65602,1090.2,3,0,0,18,0x03,32,5,17,3,-60,-66,3.03,1.509,8.735,9.595,100%,3.871,4.061,2110,1593,0,1593,0,,0.00000,0.00000,0.0,0,0.0,-50,6.7
J.Herter_T1,2026-02-28,11:44:58.775,39.85424,-83.65601,1082.0,39.85423,-83.65602,1090.3,3,0,0,-36,0x03,32,5,18,2,-57,-66,2.93,1.470,8.817,13.093,100%,3.871,4.059,2111,1594,0,1594,0,,0.00000,0.00000,0.0,0,0.0,-50,6.8
J.Herter_T1,2026-02-28,11:45:00.785,39.85424,-83.65601,1082.0,39.85423,-83.65602,1090.5,3,0,0,145,0x03,32,4,17,3,-64,-62,3.39,1.331,9.134,6.773,100%,3.868,4.059,2113,1596,0,1596,0,,0.00000,0.00000,0.0,0,0.0,-50,7.1
J.Herter_T1,2026-02-28,11:45:01.775,39.85424,-83.65601,1082.0,39.85423,-83.65602,1090.4,3,0,0,-157,0x03,32,4,18,2,-60,-70,3.46,1.056,9.011,10.928,100%,3.870,4.061,2114,1597,0,1597,0,,0.00000,0.00000,0.0,0,0.0,-50,7.3
J.Herter_T1,2026-02-28,11:45:03.788,39.85424,-83.65601,1082.0,39.85423,-83.65602,1089.9,3,0,0,70,0x03,32,4,17,4,-59,-68,3.28,0.443,8.500,11.623,100%,3.870,4.061,2116,1599,0,1599,0,,0.00000,0.00000,0.0,0,0.0,-50,7.4
J.Herter_T1,2026-02-28,11:45:04.805,39.85424,-83.65601,1082.0,39.85423,-83.65602,1089.8,3,0,0,154,0x03,31,4,18,3,-58,-66,3.12,0.369,8.412,12.438,100%,3.854,4.059,2117,1600,0,1600,0,,0.00000,0.00000,0.0,0,0.0,-50,7.4
J.Herter_T1,2026-02-28,11:45:06.785,39.85424,-83.65601,1082.0,39.85423,-83.65602,1089.7,3,0,0,-58,0x03,32,8,13,3,-66,-80,3.48,0.206,8.450,5.510,100%,3.870,4.060,2119,1602,0,1602,0,,0.00000,0.00000,0.0,0,0.0,-50,7.5
J.Herter_T1,2026-02-28,11:45:07.776,39.85424,-83.65601,1082.0,39.85423,-83.65602,1089.7,3,0,0,120,0x03,32,6,15,3,-61,-75,3.35,0.189,8.404,9.455,100%,3.870,4.061,2120,1603,0,1603,0,,0.00000,0.00000,0.0,0,0.0,-50,7.5
J.Herter_T1,2026-02-28,11:45:09.785,39.85424,-83.65601,1082.0,39.85423,-83.65602,1089.6,3,0,0,93,0x03,32,4,16,4,-62,-64,3.50,0.078,8.375,8.784,100%,3.873,4.060,2122,1605,0,1605,0,,0.00000,0.00000,0.0,0,0.0,-50,7.5
J.Herter_T1,2026-02-28,11:45:10.775,39.85424,-83.65601,1082.0,39.85423,-83.65602,1089.6,3,0,0,135,0x03,32,3,18,4,-57,-69,3.39,0.005,8.267,15.164,100%,3.871,4.059,2123,1606,0,1606,0,,0.00000,0.00000,0.0,0,0.0,-50,7.5
J.Herter_T1,2026-02-28,11:45:12.787,39.85424,-83.65601,1082.0,39.85423,-83.65602,1089.7,3,0,0,50,0x03,32,4,18,3,-52,-60,3.69,0.145,8.530,29.289,100%,3.872,4.060,2125,1608,0,1608,0,,0.00000,0.00000,0.0,0,0.0,-50,7.5
J.Herter_T1,2026-02-28,11:45:13.776,39.85424,-83.65601,1082.0,39.85423,-83.65602,1089.8,3,0,0,98,0x03,32,4,17,4,-66,-68,3.69,0.190,8.589,5.844,100%,3.872,4.058,2126,1609,0,1609,0,,0.00000,0.00000,0.0,0,0.0,-50,7.6
J.Herter_T1,2026-02-28,11:45:15.787,39.85424,-83.65601,1082.0,39.85423,-83.65602,1089.8,3,0,0,-168,0x03,32,5,14,6,-55,-65,3.60,0.132,8.529,20.254,100%,3.851,4.061,2128,1611,0,1611,0,,0.00000,0.00000,0.0,0,0.0,-50,7.6
J.Herter_T1,2026-02-28,11:45:16.778,39.85424,-83.65601,1082.0,39.85423,-83.65602,1089.7,3,1,0,20,0x03,32,6,16,3,-58,-62,3.69,0.051,8.498,14.679,100%,3.851,4.060,2129,1612,0,1612,0,,0.00000,0.00000,0.0,0,0.0,-50,7.6
J.Herter_T1,2026-02-28,11:45:17.825,39.85424,-83.65601,1082.0,39.85423,-83.65602,1089.7,3,0,0,79,0x03,32,3,20,2,-49,-67,3.37,0.034,8.355,37.864,100%,3.868,4.061,2130,1613,0,1613,0,,0.00000,0.00000,0.0,0,0.0,-50,7.6
J.Herter_T1,2026-02-28,11:45:19.776,39.85424,-83.65601,1082.0,39.85423,-83.65602,1089.5,3,0,0,-137,0x03,32,3,19,3,-47,-64,3.41,-0.106,8.225,48.238,100%,3.872,4.061,2132,1615,0,1615,0,,0.00000,0.00000,0.0,0,0.0,-50,7.6
J.Herter_T1,2026-02-28,11:45:21.787,39.85424,-83.65601,1082.0,39.85423,-83.65602,1088.9,3,0,0,47,0x03,32,4,15,6,-60,-60,3.56,-0.585,7.756,11.256,100%,3.868,4.062,2134,1617,0,1617,0,,0.00000,0.00000,0.0,0,0.0,-50,7.5
J.Herter_T1,2026-02-28,11:45:22.776,39.85426,-83.65602,1083.2,39.85423,-83.65602,1089.0,3,0,0,-16,0x03,32,5,15,5,-54,-60,9.16,-1.355,10.840,57.803,100%,3.868,4.059,2135,1618,0,1618,0,,0.00000,0.00000,0.0,0,0.0,-50,7.2
J.Herter_T1,2026-02-28,11:45:23.854,39.85426,-83.65602,1083.2,39.85423,-83.65602,1088.8,3,0,0,111,0x03,32,3,18,4,-53,-61,9.16,-1.391,10.740,64.856,100%,3.868,4.061,2136,1619,0,1619,0,,0.00000,0.00000,0.0,0,0.0,-50,7.0
J.Herter_T1,2026-02-28,11:45:25.776,39.85426,-83.65602,1083.2,39.85423,-83.65602,1088.5,3,0,0,-38,0x03,32,5,16,4,-59,-71,9.16,-1.397,10.574,32.499,100%,3.871,4.061,2138,1621,0,1621,0,,0.00000,0.00000,0.0,0,0.0,-50,6.7
J.Herter_T1,2026-02-28,11:45:26.854,39.85426,-83.65602,1083.2,39.85423,-83.65602,1088.3,3,0,0,-34,0x03,32,4,17,4,-59,-66,9.17,-1.399,10.503,32.526,100%,3.871,4.059,2139,1622,0,1622,0,,0.00000,0.00000,0.0,0,0.0,-50,6.5
J.Herter_T1,2026-02-28,11:45:27.820,39.85426,-83.65602,1083.2,39.85423,-83.65602,1088.2,3,0,0,-157,0x03,32,4,16,5,-60,-69,9.17,-1.389,10.433,28.989,100%,3.871,4.061,2140,1623,0,1623,0,,0.00000,0.00000,0.0,0,0.0,-50,6.4
J.Herter_T1,2026-02-28,11:45:28.818,39.85426,-83.65602,1083.2,39.85423,-83.65602,1087.9,3,0,0,84,0x03,32,5,15,5,-54,-68,9.16,-1.460,10.316,57.781,100%,3.871,4.059,2141,1624,0,1624,0,,0.00000,0.00000,0.0,0,0.0,-50,6.2
J.Herter_T1,2026-02-28,11:45:29.856,39.85426,-83.65602,1083.2,39.85423,-83.65602,1087.8,3,0,0,110,0x03,32,5,15,5,-53,-65,9.16,-1.408,10.269,64.843,100%,3.849,4.061,2142,1625,0,1625,0,,0.00000,0.00000,0.0,0,0.0,-50,6.1
J.Herter_T1,2026-02-28,11:45:31.777,39.85424,-83.65601,1081.6,39.85423,-83.65602,1087.6,3,0,0,178,0x03,32,5,15,5,-60,-57,3.85,0.127,7.178,12.162,100%,3.866,4.061,2144,1627,0,1627,0,,0.00000,0.00000,0.0,0,0.0,-50,5.9
J.Herter_T1,2026-02-28,11:45:32.797,39.85424,-83.65601,1081.6,39.85423,-83.65602,1087.6,3,0,0,118,0x03,32,5,15,5,-49,-64,3.89,0.052,7.143,43.637,100%,3.866,4.060,2145,1628,0,1628,0,,0.00000,0.00000,0.0,0,0.0,-50,5.9
J.Herter_T1,2026-02-28,11:45:34.778,39.85424,-83.65601,1081.6,39.85423,-83.65602,1087.3,3,0,0,58,0x03,32,4,13,8,-49,-59,3.95,-0.238,6.915,44.370,100%,3.868,4.057,2147,1630,0,1630,0,,0.00000,0.00000,0.0,0,0.0,-50,5.9
J.Herter_T1,2026-02-28,11:45:35.858,39.85424,-83.65601,1081.6,39.85423,-83.65602,1087.0,3,0,0,25,0x03,32,5,13,7,-52,-60,3.98,-0.412,6.749,31.586,100%,3.864,4.061,2148,1631,0,1631,0,,0.00000,0.00000,0.0,0,0.0,-50,5.9
J.Herter_T1,2026-02-28,11:45:37.777,39.85424,-83.65601,1081.6,39.85423,-83.65602,1086.8,3,0,0,164,0x03,32,6,15,4,-49,-65,3.93,-0.538,6.533,44.125,100%,3.868,4.061,2150,1633,0,1633,0,,0.00000,0.00000,0.0,0,0.0,-50,5.8
J.Herter_T1,2026-02-28,11:45:39.787,39.85424,-83.65601,1081.6,39.85423,-83.65602,1086.6,3,0,0,-3,0x03,32,4,17,4,-53,-62,4.04,-0.595,6.453,28.620,100%,3.868,4.061,2152,1635,0,1635,0,,0.00000,0.00000,0.0,0,0.0,-50,5.6
J.Herter_T1,2026-02-28,11:45:40.778,39.85424,-83.65601,1081.6,39.85423,-83.65602,1086.6,3,0,0,-36,0x03,32,5,15,5,-54,-63,4.22,-0.500,6.597,26.641,100%,3.868,4.060,2153,1636,0,1636,0,,0.00000,0.00000,0.0,0,0.0,-50,5.6
J.Herter_T1,2026-02-28,11:45:42.786,39.85424,-83.65601,1081.6,39.85423,-83.65602,1086.3,3,0,0,73,0x03,32,5,15,5,-53,-62,4.18,-0.739,6.284,29.571,100%,3.873,4.060,2155,1638,0,1638,0,,0.00000,0.00000,0.0,0,0.0,-50,5.4
J.Herter_T1,2026-02-28,11:45:43.777,39.85424,-83.65601,1081.6,39.85423,-83.65602,1086.2,3,0,0,146,0x03,32,4,15,6,-53,-62,4.15,-0.695,6.245,29.411,100%,3.873,4.061,2156,1639,0,1639,0,,0.00000,0.00000,0.0,0,0.0,-50,5.4
J.Herter_T1,2026-02-28,11:45:45.786,39.85424,-83.65601,1081.6,39.85423,-83.65602,1086.2,3,0,0,5,0x03,32,6,13,6,-59,-61,4.15,-0.579,6.233,14.741,100%,3.868,4.062,2158,1641,0,1641,0,,0.00000,0.00000,0.0,0,0.0,-50,5.2
J.Herter_T1,2026-02-28,11:45:46.776,39.85424,-83.65601,1081.6,39.85423,-83.65602,1086.3,3,0,0,-9,0x03,32,6,13,6,-55,-63,4.13,-0.438,6.287,23.236,100%,3.871,4.059,2159,1642,0,1642,0,,0.00000,0.00000,0.0,0,0.0,-50,5.2
J.Herter_T1,2026-02-28,11:45:48.786,39.85424,-83.65601,1081.6,39.85423,-83.65602,1086.6,3,0,0,-145,0x03,32,5,14,6,-55,-63,4.22,-0.139,6.535,23.744,100%,3.871,4.059,2161,1644,0,1644,0,,0.00000,0.00000,0.0,0,0.0,-50,5.1
J.Herter_T1,2026-02-28,11:45:49.776,39.85424,-83.65601,1081.6,39.85423,-83.65602,1086.8,3,0,0,23,0x03,32,6,13,6,-53,-62,4.27,0.094,6.750,30.215,100%,3.851,4.061,2162,1645,0,1645,0,,0.00000,0.00000,0.0,0,0.0,-50,5.1
J.Herter_T1,2026-02-28,11:45:51.787,39.85424,-83.65601,1081.6,39.85423,-83.65602,1087.2,3,0,0,28,0x03,32,5,12,8,-57,-63,4.31,0.389,7.067,19.269,100%,3.867,4.061,2164,1647,0,1647,0,,0.00000,0.00000,0.0,0,0.0,-50,5.2
J.Herter_T1,2026-02-28,11:45:52.807,39.85424,-83.65601,1081.6,39.85423,-83.65602,1087.2,3,0,0,-165,0x03,32,6,12,7,-55,-65,4.31,0.392,7.103,24.258,100%,3.867,4.060,2165,1648,0,1648,0,,0.00000,0.00000,0.0,0,0.0,-50,5.3
J.Herter_T1,2026-02-28,11:45:54.786,39.85424,-83.65601,1081.6,39.85423,-83.65602,1087.2,3,0,0,56,0x03,32,6,13,6,-55,-64,4.29,0.290,7.061,24.129,100%,3.865,4.060,2167,1650,0,1650,0,,0.00000,0.00000,0.0,0,0.0,-50,5.3
J.Herter_T1,2026-02-28,11:45:55.809,39.85424,-83.65601,1081.6,39.85423,-83.65602,1087.3,3,1,0,-177,0x03,32,6,14,5,-57,-64,4.34,0.385,7.198,19.372,100%,3.867,4.061,2168,1651,0,1651,0,,0.00000,0.00000,0.0,0,0.0,-50,5.4
J.Herter_T1,2026-02-28,11:45:57.786,39.85424,-83.65601,1081.6,39.85423,-83.65602,1087.1,3,1,0,-78,0x03,32,5,16,3,-50,-55,4.41,0.133,7.062,44.061,100%,3.864,4.060,2170,1653,0,1653,0,,0.00000,0.00000,0.0,0,0.0,-50,5.4
J.Herter_T1,2026-02-28,11:45:58.776,39.85424,-83.65601,1081.6,39.85423,-83.65602,1087.3,3,0,0,-128,0x03,32,5,16,4,-53,-61,4.81,0.288,7.462,34.039,100%,3.864,4.060,2171,1654,0,1654,0,,0.00000,0.00000,0.0,0,0.0,-50,5.4
J.Herter_T1,2026-02-28,11:46:00.786,39.85424,-83.65601,1081.6,39.85423,-83.65603,1086.9,3,1,0,-43,0x03,32,2,17,6,-62,-65,4.90,-0.068,7.259,12.320,100%,3.852,4.060,2173,1656,0,1656,0,,0.00000,0.00000,0.0,0,0.0,-50,5.4
J.Herter_T1,2026-02-28,11:46:01.776,39.85424,-83.65601,1081.6,39.85423,-83.65602,1086.9,3,1,0,-101,0x03,32,4,18,3,-61,-64,4.55,-0.046,7.035,12.813,100%,3.852,4.061,2174,1657,0,1657,0,,0.00000,0.00000,0.0,0,0.0,-50,5.4
J.Herter_T1,2026-02-28,11:46:02.796,39.85424,-83.65601,1081.6,39.85423,-83.65602,1086.8,3,0,0,52,0x03,32,2,20,3,-57,-66,4.74,-0.183,7.041,21.156,100%,3.865,4.057,2175,1658,0,1658,0,,0.00000,0.00000,0.0,0,0.0,-50,5.4
J.Herter_T1,2026-02-28,11:46:04.778,39.85424,-83.65601,1081.6,39.85423,-83.65602,1086.6,3,0,0,152,0x03,32,4,16,4,-57,-62,4.62,-0.266,6.857,20.624,100%,3.868,4.059,2177,1660,0,1660,0,,0.00000,0.00000,0.0,0,0.0,-50,5.3
J.Herter_T1,2026-02-28,11:46:06.787,39.85424,-83.65601,1081.6,39.85423,-83.65602,1086.7,3,0,0,-71,0x03,32,4,16,5,-60,-66,4.78,-0.205,6.987,15.129,100%,3.867,4.059,2179,1662,0,1662,0,,0.00000,0.00000,0.0,0,0.0,-50,5.3
J.Herter_T1,2026-02-28,11:46:07.777,39.85424,-83.65601,1081.6,39.85423,-83.65603,1086.8,3,0,0,-98,0x03,32,2,17,6,-59,-68,4.86,-0.099,7.106,17.231,100%,3.867,4.061,2180,1663,0,1663,0,,0.00000,0.00000,0.0,0,0.0,-50,5.3
J.Herter_T1,2026-02-28,11:46:09.786,39.85424,-83.65601,1081.6,39.85423,-83.65603,1087.1,3,1,0,82,0x03,32,4,17,4,-55,-65,4.88,0.176,7.338,27.445,100%,3.846,4.060,2182,1665,0,1665,0,,0.00000,0.00000,0.0,0,0.0,-50,5.3
J.Herter_T1,2026-02-28,11:46:10.807,39.85424,-83.65601,1081.6,39.85423,-83.65602,1087.3,3,0,0,-139,0x03,32,7,15,3,-54,-64,4.57,0.386,7.331,28.834,100%,3.846,4.059,2183,1666,0,1666,0,,0.00000,0.00000,0.0,0,0.0,-50,5.3
J.Herter_T1,2026-02-28,11:46:12.787,39.85424,-83.65601,1081.6,39.85423,-83.65602,1087.7,3,0,0,-20,0x03,32,4,17,4,-50,-63,4.69,0.641,7.709,46.885,100%,3.872,4.058,2185,1668,0,1668,0,,0.00000,0.00000,0.0,0,0.0,-50,5.5
J.Herter_T1,2026-02-28,11:46:13.777,39.85424,-83.65601,1081.6,39.85423,-83.65602,1087.8,3,0,0,-53,0x03,32,4,18,3,-55,-60,4.64,0.695,7.785,26.098,100%,3.870,4.059,2186,1669,0,1669,0,,0.00000,0.00000,0.0,0,0.0,-50,5.6
J.Herter_T1,2026-02-28,11:46:15.788,39.85424,-83.65601,1081.6,39.85423,-83.65602,1088.3,3,0,0,31,0x03,32,4,14,7,-77,-69,4.69,0.965,8.194,2.094,100%,3.869,4.061,2188,1671,0,1671,0,,0.00000,0.00000,0.0,0,0.0,-50,5.8
J.Herter_T1,2026-02-28,11:46:16.811,39.85424,-83.65601,1081.6,39.85423,-83.65602,1088.4,3,0,0,-163,0x03,31,5,14,6,-65,-81,4.69,0.945,8.264,8.337,100%,3.869,4.060,2189,1672,0,1672,0,,0.00000,0.00000,0.0,0,0.0,-50,5.9
J.Herter_T1,2026-02-28,11:46:18.788,39.85424,-83.65601,1081.6,39.85423,-83.65602,1088.1,3,0,0,-57,0x03,32,4,14,7,-68,-69,4.71,0.556,8.076,5.932,100%,3.865,4.060,2191,1674,0,1674,0,,0.00000,0.00000,0.0,0,0.0,-50,6.0
J.Herter_T1,2026-02-28,11:46:19.777,39.85424,-83.65601,1081.6,39.85423,-83.65602,1088.2,3,0,0,-1,0x03,32,4,14,7,-66,-68,4.76,0.535,8.136,7.544,100%,3.865,4.061,2192,1675,0,1675,0,,0.00000,0.00000,0.0,0,0.0,-50,6.1
J.Herter_T1,2026-02-28,11:46:21.787,39.85424,-83.65601,1081.6,39.85423,-83.65602,1088.6,3,0,0,86,0x03,32,6,14,5,-53,-66,4.78,0.773,8.475,33.869,100%,3.868,4.061,2194,1677,0,1677,0,,0.00000,0.00000,0.0,0,0.0,-50,6.2
J.Herter_T1,2026-02-28,11:46:22.777,39.85424,-83.65601,1081.6,39.85423,-83.65603,1088.8,3,0,0,78,0x03,32,5,14,6,-59,-61,4.86,0.855,8.662,17.231,100%,3.864,4.058,2195,1678,0,1678,0,,0.00000,0.00000,0.0,0,0.0,-50,6.3
J.Herter_T1,2026-02-28,11:46:24.787,39.85424,-83.65601,1081.6,39.85423,-83.65602,1088.8,3,0,0,-32,0x03,32,6,14,5,-51,-54,4.81,0.725,8.676,42.853,100%,3.865,4.059,2197,1680,0,1680,0,,0.00000,0.00000,0.0,0,0.0,-50,6.5
J.Herter_T1,2026-02-28,11:46:25.777,39.85424,-83.65601,1081.6,39.85423,-83.65602,1088.6,3,0,0,-11,0x03,31,5,15,5,-52,-61,4.81,0.443,8.483,38.193,100%,3.865,4.061,2198,1681,0,1681,0,,0.00000,0.00000,0.0,0,0.0,-50,6.5
J.Herter_T1,2026-02-28,11:46:26.797,39.85424,-83.65601,1081.6,39.85423,-83.65602,1088.5,3,0,0,-157,0x03,32,4,16,5,-50,-61,4.83,0.310,8.416,48.322,100%,3.868,4.059,2199,1682,0,1682,0,,0.00000,0.00000,0.0,0,0.0,-50,6.6
J.Herter_T1,2026-02-28,11:46:28.777,39.85424,-83.65601,1081.6,39.85423,-83.65602,1088.3,3,0,0,14,0x03,32,7,13,5,-52,-61,4.78,0.094,8.241,38.002,100%,3.868,4.059,2201,1684,0,1684,0,,0.00000,0.00000,0.0,0,0.0,-50,6.6
J.Herter_T1,2026-02-28,11:46:29.797,39.85424,-83.65601,1081.6,39.85423,-83.65602,1088.1,3,0,0,45,0x03,32,5,15,5,-57,-61,4.76,-0.057,8.099,21.263,100%,3.851,4.061,2202,1685,0,1685,0,,0.00000,0.00000,0.0,0,0.0,-50,6.6
J.Herter_T1,2026-02-28,11:46:31.777,39.85424,-83.65601,1081.6,39.85423,-83.65602,1087.8,3,0,0,9,0x03,32,2,18,5,-58,-62,4.74,-0.334,7.813,18.855,100%,3.868,4.060,2204,1687,0,1687,0,,0.00000,0.00000,0.0,0,0.0,-50,6.5
J.Herter_T1,2026-02-28,11:46:33.786,39.85424,-83.65601,1081.6,39.85423,-83.65602,1088.1,3,1,0,135,0x03,32,5,14,6,-53,-64,4.50,-0.010,7.908,31.854,100%,3.865,4.060,2206,1689,0,1689,0,,0.00000,0.00000,0.0,0,0.0,-50,6.5
J.Herter_T1,2026-02-28,11:46:34.777,39.85424,-83.65601,1081.6,39.85423,-83.65602,1088.4,3,0,0,77,0x03,32,4,16,5,-57,-63,4.31,0.307,8.099,19.269,100%,3.865,4.059,2207,1690,0,1690,0,,0.00000,0.00000,0.0,0,0.0,-50,6.5
J.Herter_T1,2026-02-28,11:46:36.786,39.85424,-83.65601,1081.6,39.85423,-83.65602,1088.8,3,0,0,-80,0x03,32,6,16,3,-52,-58,4.27,0.582,8.417,33.901,100%,3.869,4.058,2209,1692,0,1692,0,,0.00000,0.00000,0.0,0,0.0,-50,6.7
J.Herter_T1,2026-02-28,11:46:37.777,39.85424,-83.65601,1081.6,39.85423,-83.65602,1089.1,3,0,0,-22,0x03,32,5,15,5,-55,-65,4.29,0.734,8.630,24.129,100%,3.869,4.061,2210,1693,0,1693,0,,0.00000,0.00000,0.0,0,0.0,-50,6.8
J.Herter_T1,2026-02-28,11:46:39.787,39.85424,-83.65601,1081.6,39.85423,-83.65602,1089.0,3,0,0,88,0x03,32,3,17,4,-50,-50,4.38,0.568,8.650,43.830,100%,3.869,4.061,2212,1695,0,1695,0,,0.00000,0.00000,0.0,0,0.0,-50,6.9
J.Herter_T1,2026-02-28,11:46:40.777,39.85424,-83.65601,1081.6,39.85423,-83.65602,1089.1,3,0,0,24,0x03,32,2,19,3,-49,-59,4.31,0.585,8.687,48.401,100%,3.847,4.059,2213,1696,0,1696,0,,0.00000,0.00000,0.0,0,0.0,-50,7.0
J.Herter_T1,2026-02-28,11:46:42.789,39.85424,-83.65601,1081.6,39.85423,-83.65602,1089.4,3,0,0,-58,0x03,32,5,14,5,-66,-62,4.36,0.700,8.938,6.910,100%,3.868,4.059,2215,1698,0,1698,0,,0.00000,0.00000,0.0,0,0.0,-50,7.1
J.Herter_T1,2026-02-28,11:46:43.779,39.85424,-83.65601,1081.6,39.85423,-83.65602,1089.5,3,0,0,-127,0x03,32,5,15,4,-61,-65,4.41,0.737,9.063,12.418,100%,3.868,4.061,2216,1699,0,1699,0,,0.00000,0.00000,0.0,0,0.0,-50,7.2
J.Herter_T1,2026-02-28,11:46:45.787,39.85424,-83.65601,1081.6,39.85423,-83.65602,1089.5,3,0,0,73,0x03,32,9,12,4,-61,-64,4.34,0.585,9.021,12.223,100%,3.866,4.060,2218,1701,0,1701,0,,0.00000,0.00000,0.0,0,0.0,-50,7.3
J.Herter_T1,2026-02-28,11:46:46.779,39.85424,-83.65601,1081.6,39.85423,-83.65602,1089.5,3,1,0,-18,0x03,32,3,18,3,-53,-65,4.48,0.568,9.129,31.688,100%,3.863,4.060,2219,1702,0,1702,0,,0.00000,0.00000,0.0,0,0.0,-50,7.4
J.Herter_T1,2026-02-28,11:46:48.788,39.85424,-83.65601,1081.6,39.85423,-83.65602,1089.5,3,0,0,-117,0x03,32,5,16,4,-60,-64,4.34,0.438,9.042,13.714,100%,3.863,4.060,2221,1704,0,1704,0,,0.00000,0.00000,0.0,0,0.0,-50,7.5
J.Herter_T1,2026-02-28,11:46:49.777,39.85424,-83.65601,1081.6,39.85423,-83.65602,1089.5,3,0,0,54,0x03,32,6,16,3,-55,-76,4.31,0.359,8.996,24.258,100%,3.850,4.061,2222,1705,0,1705,0,,0.00000,0.00000,0.0,0,0.0,-50,7.5
J.Herter_T1,2026-02-28,11:46:51.788,39.85424,-83.65601,1081.6,39.85423,-83.65602,1089.4,3,0,0,58,0x03,32,6,14,5,-58,-64,4.29,0.200,8.893,17.082,100%,3.865,4.060,2224,1707,0,1707,0,,0.00000,0.00000,0.0,0,0.0,-50,7.6
J.Herter_T1,2026-02-28,11:46:52.777,39.85424,-83.65601,1081.6,39.85423,-83.65602,1089.3,3,0,0,-103,0x03,32,6,12,7,-61,-66,4.27,0.115,8.819,12.029,100%,3.865,4.059,2225,1708,0,1708,0,,0.00000,0.00000,0.0,0,0.0,-50,7.6
J.Herter_T1,2026-02-28,11:46:54.787,39.85424,-83.65601,1081.6,39.85423,-83.65602,1089.2,3,0,0,118,0x03,32,4,15,6,-51,-55,4.29,-0.029,8.707,38.242,100%,3.866,4.060,2227,1710,0,1710,0,,0.00000,0.00000,0.0,0,0.0,-50,7.6
J.Herter_T1,2026-02-28,11:46:55.779,39.85424,-83.65601,1081.6,39.85423,-83.65602,1089.1,3,0,0,-47,0x03,32,5,14,6,-51,-61,4.27,-0.083,8.641,38.038,100%,3.862,4.061,2228,1711,0,1711,0,,0.00000,0.00000,0.0,0,0.0,-50,7.6
J.Herter_T1,2026-02-28,11:46:57.788,39.85424,-83.65601,1081.6,39.85423,-83.65602,1089.1,3,0,0,6,0x03,32,5,16,4,-49,-61,4.69,-0.064,8.862,52.605,100%,3.867,4.060,2230,1713,0,1713,0,,0.00000,0.00000,0.0,0,0.0,-50,7.6
J.Herter_T1,2026-02-28,11:46:58.777,39.85424,-83.65601,1081.6,39.85423,-83.65602,1088.9,3,0,0,49,0x03,32,5,15,5,-51,-59,4.48,-0.205,8.611,39.893,100%,3.867,4.057,2231,1714,0,1714,0,,0.00000,0.00000,0.0,0,0.0,-50,7.6
J.Herter_T1,2026-02-28,11:47:00.787,39.85424,-83.65601,1081.6,39.85423,-83.65602,1088.8,3,0,0,-131,0x03,32,7,12,6,-53,-60,4.25,-0.308,8.343,30.053,100%,3.871,4.059,2233,1716,0,1716,0,,0.00000,0.00000,0.0,0,0.0,-50,7.5
J.Herter_T1,2026-02-28,11:47:01.779,39.85424,-83.65601,1081.6,39.85423,-83.65602,1088.9,3,0,0,-32,0x03,32,7,11,6,-51,-62,4.34,-0.165,8.497,38.652,100%,3.871,4.060,2234,1717,0,1717,0,,0.00000,0.00000,0.0,0,0.0,-50,7.5
J.Herter_T1,2026-02-28,11:47:03.787,39.85424,-83.65601,1081.6,39.85423,-83.65602,1088.9,3,0,0,139,0x03,32,4,16,5,-54,-68,4.29,-0.154,8.457,27.073,100%,3.867,4.059,2236,1719,0,1719,0,,0.00000,0.00000,0.0,0,0.0,-50,7.4
J.Herter_T1,2026-02-28,11:47:04.777,39.85424,-83.65601,1081.6,39.85423,-83.65602,1088.7,3,0,0,119,0x03,32,5,15,5,-63,-64,4.11,-0.257,8.252,9.200,100%,3.868,4.059,2237,1720,0,1720,0,,0.00000,0.00000,0.0,0,0.0,-50,7.4
J.Herter_T1,2026-02-28,11:47:06.787,39.85424,-83.65601,1081.6,39.85423,-83.65602,1088.5,3,0,0,108,0x03,32,5,15,5,-60,-67,4.00,-0.395,8.006,12.644,100%,3.869,4.061,2239,1722,0,1722,0,,0.00000,0.00000,0.0,0,0.0,-50,7.3
J.Herter_T1,2026-02-28,11:47:07.777,39.85424,-83.65601,1081.6,39.85423,-83.65602,1088.3,3,0,0,-109,0x03,32,3,17,5,-50,-68,3.98,-0.506,7.850,39.764,100%,3.869,4.061,2240,1723,0,1723,0,,0.00000,0.00000,0.0,0,0.0,-50,7.3
J.Herter_T1,2026-02-28,11:47:09.789,39.85424,-83.65601,1081.6,39.85423,-83.65602,1087.9,3,0,0,-133,0x03,32,4,16,5,-54,-62,4.00,-0.810,7.459,25.228,100%,3.847,4.060,2242,1725,0,1725,0,,0.00000,0.00000,0.0,0,0.0,-50,7.1
J.Herter_T1,2026-02-28,11:47:10.780,39.85424,-83.65601,1081.6,39.85423,-83.65602,1087.6,3,0,0,175,0x03,32,5,16,4,-52,-63,3.98,-0.997,7.196,31.586,100%,3.847,4.060,2243,1726,0,1726,0,,0.00000,0.00000,0.0,0,0.0,-50,7.0
J.Herter_T1,2026-02-28,11:47:11.797,39.85424,-83.65601,1081.6,39.85423,-83.65602,1087.3,3,0,0,58,0x03,32,5,16,4,-48,-61,3.95,-1.154,6.948,49.784,100%,3.860,4.059,2244,1727,0,1727,0,,0.00000,0.00000,0.0,0,0.0,-50,6.9
J.Herter_T1,2026-02-28,11:47:13.779,39.85424,-83.65601,1081.6,39.85423,-83.65602,1086.6,3,0,0,173,0x03,32,4,16,5,-50,-60,3.95,-1.535,6.383,39.545,100%,3.864,4.061,2246,1729,0,1729,0,,0.00000,0.00000,0.0,0,0.0,-50,6.5
J.Herter_T1,2026-02-28,11:47:15.788,39.85424,-83.65601,1081.6,39.85423,-83.65602,1086.0,3,0,0,48,0x03,32,3,18,4,-46,-54,4.27,-1.761,6.132,67.642,100%,3.865,4.059,2248,1731,0,1731,0,,0.00000,0.00000,0.0,0,0.0,-50,6.2
J.Herter_T1,2026-02-28,11:47:16.777,39.85424,-83.65601,1081.6,39.85423,-83.65602,1086.0,3,0,0,141,0x03,32,3,18,4,-48,-55,4.20,-1.594,6.078,52.870,100%,3.865,4.059,2249,1732,0,1732,0,,0.00000,0.00000,0.0,0,0.0,-50,6.0
J.Herter_T1,2026-02-28,11:47:18.790,39.85424,-83.65601,1081.6,39.85423,-83.65602,1085.5,3,0,0,47,0x03,32,6,15,3,-49,-54,4.04,-1.713,5.616,45.359,100%,3.864,4.059,2251,1734,0,1734,0,,0.00000,0.00000,0.0,0,0.0,-50,5.6
J.Herter_T1,2026-02-28,11:47:19.777,39.85424,-83.65601,1081.6,39.85423,-83.65602,1085.2,3,0,0,-141,0x03,31,5,16,3,-53,-61,4.00,-1.783,5.400,28.306,100%,3.864,4.059,2252,1735,0,1735,0,,0.00000,0.00000,0.0,0,0.0,-50,5.4
J.Herter_T1,2026-02-28,11:47:21.788,39.85424,-83.65601,1081.6,39.85423,-83.65602,1084.9,3,0,0,13,0x03,32,5,16,3,-55,-65,3.93,-1.747,5.120,22.115,100%,3.848,4.061,2254,1737,0,1737,0,,0.00000,0.00000,0.0,0,0.0,-50,5.0
J.Herter_T1,2026-02-28,11:47:22.778,39.85424,-83.65601,1081.6,39.85423,-83.65602,1084.6,3,0,0,19,0x03,32,5,16,3,-53,-67,3.89,-1.785,4.937,27.533,100%,3.866,4.059,2255,1738,0,1738,0,,0.00000,0.00000,0.0,0,0.0,-50,4.8
J.Herter_T1,2026-02-28,11:47:24.787,39.85424,-83.65601,1081.6,39.85423,-83.65602,1084.1,3,0,0,47,0x03,32,4,17,3,-48,-61,3.89,-1.901,4.625,48.962,100%,3.862,4.058,2257,1740,0,1740,0,,0.00000,0.00000,0.0,0,0.0,-50,4.4
J.Herter_T1,2026-02-28,11:47:25.779,39.85424,-83.65601,1081.6,39.85423,-83.65602,1083.8,3,0,0,-152,0x03,32,6,15,2,-49,-53,3.89,-1.938,4.494,43.637,100%,3.862,4.059,2258,1741,0,1741,0,,0.00000,0.00000,0.0,0,0.0,-50,4.2
J.Herter_T1,2026-02-28,11:47:27.788,39.85424,-83.65601,1081.6,39.85423,-83.65602,1083.4,3,0,0,85,0x03,32,6,14,5,-51,-59,3.93,-1.913,4.346,35.050,100%,3.869,4.059,2260,1743,0,1743,0,,0.00000,0.00000,0.0,0,0.0,-50,3.8
J.Herter_T1,2026-02-28,11:47:28.780,39.85424,-83.65601,1081.6,39.85423,-83.65602,1083.4,3,0,0,95,0x03,32,6,14,5,-54,-60,3.76,-1.777,4.164,23.729,100%,3.869,4.059,2261,1744,0,1744,0,,0.00000,0.00000,0.0,0,0.0,-50,3.6
J.Herter_T1,2026-02-28,11:47:30.789,39.85424,-83.65601,1081.6,39.85423,-83.65602,1083.5,3,0,0,137,0x03,32,5,14,5,-51,-67,3.80,-1.312,4.265,33.897,100%,3.849,4.061,2263,1746,0,1746,0,,0.00000,0.00000,0.0,0,0.0,-50,3.2
J.Herter_T1,2026-02-28,11:47:31.781,39.85424,-83.65601,1081.6,39.85423,-83.65602,1083.7,3,0,0,-127,0x03,32,6,14,4,-49,-61,4.11,-1.001,4.629,46.109,100%,3.867,4.060,2264,1747,0,1747,0,,0.00000,0.00000,0.0,0,0.0,-50,3.1
J.Herter_T1,2026-02-28,11:47:33.787,39.85424,-83.65601,1081.6,39.85423,-83.65602,1084.1,3,0,0,65,0x03,32,3,17,5,-53,-57,4.29,-0.479,4.976,30.377,100%,3.865,4.060,2266,1749,0,1749,0,,0.00000,0.00000,0.0,0,0.0,-50,3.0
J.Herter_T1,2026-02-28,11:47:34.779,39.85424,-83.65601,1081.6,39.85423,-83.65602,1084.1,3,0,0,19,0x03,32,4,16,5,-52,-62,4.15,-0.417,4.868,33.000,100%,3.865,4.058,2267,1750,0,1750,0,,0.00000,0.00000,0.0,0,0.0,-50,3.0
J.Herter_T1,2026-02-28,11:47:36.788,39.85424,-83.65601,1081.6,39.85423,-83.65602,1084.6,3,0,0,76,0x03,32,4,16,4,-53,-60,3.98,0.108,5.020,28.151,100%,3.862,4.058,2269,1752,0,1752,0,,0.00000,0.00000,0.0,0,0.0,-50,3.0
J.Herter_T1,2026-02-28,11:47:37.778,39.85424,-83.65601,1081.6,39.85423,-83.65602,1084.7,3,0,0,-147,0x03,32,4,15,4,-48,-61,4.06,0.180,5.147,51.173,100%,3.865,4.061,2270,1753,0,1753,0,,0.00000,0.00000,0.0,0,0.0,-50,3.0
J.Herter_T1,2026-02-28,11:47:39.787,39.85424,-83.65601,1081.6,39.85423,-83.65602,1085.0,3,0,0,-80,0x03,32,2,19,4,-48,-57,4.43,0.352,5.583,55.763,100%,3.865,4.060,2272,1755,0,1755,0,,0.00000,0.00000,0.0,0,0.0,-50,3.0
J.Herter_T1,2026-02-28,11:47:40.777,39.85424,-83.65601,1081.6,39.85423,-83.65602,1084.9,3,0,0,-78,0x03,32,3,18,4,-47,-57,4.52,0.254,5.617,63.887,100%,3.865,4.057,2273,1756,0,1756,0,,0.00000,0.00000,0.0,0,0.0,-50,3.1
J.Herter_T1,2026-02-28,11:47:42.790,39.85424,-83.65601,1081.6,39.85423,-83.65602,1084.8,3,0,0,45,0x03,32,4,18,3,-49,-68,4.81,0.125,5.793,53.948,100%,3.864,4.058,2275,1758,0,1758,0,,0.00000,0.00000,0.0,0,0.0,-50,3.1
J.Herter_T1,2026-02-28,11:47:43.780,39.85424,-83.65601,1081.6,39.85423,-83.65602,1084.9,3,0,0,85,0x03,32,5,15,5,-50,-58,4.27,0.154,5.382,42.679,100%,3.864,4.059,2276,1759,0,1759,0,,0.00000,0.00000,0.0,0,0.0,-50,3.1
J.Herter_T1,2026-02-28,11:47:45.788,39.85424,-83.65601,1081.6,39.85423,-83.65602,1085.2,3,0,0,-105,0x03,32,3,19,3,-43,-59,4.78,0.372,5.975,107.103,100%,3.868,4.060,2278,1761,0,1761,0,,0.00000,0.00000,0.0,0,0.0,-50,3.2
J.Herter_T1,2026-02-28,11:47:46.780,39.85424,-83.65601,1081.6,39.85423,-83.65602,1085.1,3,0,0,-18,0x03,32,3,17,5,-50,-54,4.66,0.282,5.844,46.647,100%,3.864,4.061,2279,1762,0,1762,0,,0.00000,0.00000,0.0,0,0.0,-50,3.2
J.Herter_T1,2026-02-28,11:47:48.788,39.85424,-83.65601,1081.6,39.85423,-83.65602,1085.1,3,0,0,-25,0x03,32,2,20,3,-51,-58,4.62,0.266,5.830,41.151,100%,3.864,4.059,2281,1764,0,1764,0,,0.00000,0.00000,0.0,0,0.0,-50,3.3
J.Herter_T1,2026-02-28,11:47:49.779,39.85424,-83.65601,1081.6,39.85423,-83.65602,1085.3,3,0,0,-128,0x03,32,4,15,6,-54,-60,4.78,0.346,6.035,30.186,100%,3.849,4.061,2282,1765,0,1765,0,,0.00000,0.00000,0.0,0,0.0,-50,3.3
J.Herter_T1,2026-02-28,11:47:50.800,39.85424,-83.65601,1081.6,39.85423,-83.65603,1085.4,3,0,0,-26,0x03,32,3,16,5,-52,-64,4.88,0.426,6.189,38.767,100%,3.849,4.059,2283,1766,0,1766,0,,0.00000,0.00000,0.0,0,0.0,-50,3.4
J.Herter_T1,2026-02-28,11:47:52.778,39.85424,-83.65601,1081.6,39.85423,-83.65602,1085.6,3,0,0,-170,0x03,32,4,15,6,-51,-55,4.81,0.558,6.286,42.853,100%,3.865,4.057,2285,1768,0,1768,0,,0.00000,0.00000,0.0,0,0.0,-50,3.5
J.Herter_T1,2026-02-28,11:47:54.788,39.85424,-83.65601,1081.6,39.85423,-83.65602,1086.0,3,0,0,93,0x03,32,4,15,6,-50,-58,4.83,0.796,6.566,48.322,100%,3.865,4.058,2287,1770,0,1770,0,,0.00000,0.00000,0.0,0,0.0,-50,3.6
J.Herter_T1,2026-02-28,11:47:55.780,39.85424,-83.65601,1081.6,39.85423,-83.65602,1086.2,3,0,0,136,0x03,32,3,18,4,-50,-57,4.76,0.864,6.627,47.602,100%,3.863,4.060,2288,1771,0,1771,0,,0.00000,0.00000,0.0,0,0.0,-50,3.7
J.Herter_T1,2026-02-28,11:47:57.788,39.85424,-83.65601,1081.6,39.85423,-83.65603,1086.3,3,0,0,-85,0x03,32,2,19,4,-50,-58,4.95,0.800,6.848,49.532,100%,3.863,4.061,2290,1773,0,1773,0,,0.00000,0.00000,0.0,0,0.0,-50,3.9
J.Herter_T1,2026-02-28,11:47:58.779,39.85424,-83.65601,1081.6,39.85423,-83.65603,1086.4,3,0,0,165,0x03,32,3,19,3,-46,-60,5.00,0.788,6.935,79.274,100%,3.864,4.058,2291,1774,0,1774,0,,0.00000,0.00000,0.0,0,0.0,-50,4.0
J.Herter_T1,2026-02-28,11:47:59.800,39.85424,-83.65601,1081.6,39.85423,-83.65603,1086.6,3,0,0,-178,0x03,32,3,17,4,-44,-53,5.08,0.863,7.106,101.263,100%,3.864,4.060,2292,1775,0,1775,0,,0.00000,0.00000,0.0,0,0.0,-50,4.1
J.Herter_T1,2026-02-28,11:48:01.783,39.85424,-83.65601,1081.6,39.85423,-83.65603,1086.5,3,0,0,-137,0x03,32,3,15,6,-45,-58,5.22,0.687,7.210,92.875,100%,3.845,4.059,2294,1777,0,1777,0,,0.00000,0.00000,0.0,0,0.0,-50,4.3
J.Herter_T1,2026-02-28,11:48:02.798,39.85424,-83.65601,1081.6,39.85423,-83.65603,1086.5,3,0,0,59,0x03,32,3,17,5,-47,-54,5.22,0.574,7.176,73.773,100%,3.863,4.059,2295,1778,0,1778,0,,0.00000,0.00000,0.0,0,0.0,-50,4.3
J.Herter_T1,2026-02-28,11:48:04.778,39.85424,-83.65601,1081.6,39.85423,-83.65603,1086.8,3,0,0,19,0x03,32,3,18,3,-51,-58,5.20,0.705,7.355,46.328,100%,3.867,4.058,2297,1780,0,1780,0,,0.00000,0.00000,0.0,0,0.0,-50,4.5
J.Herter_T1,2026-02-28,11:48:06.788,39.85424,-83.65601,1081.6,39.85423,-83.65603,1086.9,3,0,0,-46,0x03,32,3,19,2,-48,-54,5.22,0.665,7.457,65.750,100%,3.864,4.058,2299,1782,0,1782,0,,0.00000,0.00000,0.0,0,0.0,-50,4.7
J.Herter_T1,2026-02-28,11:48:07.808,39.85424,-83.65601,1081.6,39.85423,-83.65603,1086.8,3,0,0,132,0x03,32,3,18,3,-41,-59,5.22,0.477,7.361,147.197,100%,3.864,4.059,2300,1783,0,1783,0,,0.00000,0.00000,0.0,0,0.0,-50,4.7
J.Herter_T1,2026-02-28,11:48:08.807,39.85424,-83.65601,1081.6,39.85423,-83.65603,1086.8,3,0,0,78,0x03,32,3,18,3,-60,-51,5.15,0.427,7.307,16.282,100%,3.864,4.061,2301,1784,0,1784,0,,0.00000,0.00000,0.0,0,0.0,-50,4.8
J.Herter_T1,2026-02-28,11:48:10.779,39.85424,-83.65601,1081.6,39.85423,-83.65603,1086.5,3,0,0,-37,0x03,32,4,17,4,-52,-60,5.10,0.132,7.101,40.508,100%,3.842,4.058,2303,1786,0,1786,0,,0.00000,0.00000,0.0,0,0.0,-50,4.8
J.Herter_T1,2026-02-28,11:48:12.789,39.85423,-83.65603,1090.1,39.85423,-83.65603,1086.4,3,0,0,2,0x03,32,4,17,4,-49,-64,1.82,-6.196,4.111,20.401,100%,3.865,4.058,2305,1788,0,1788,0,,0.00000,0.00000,0.0,0,0.0,-50,2.5
J.Herter_T1,2026-02-28,11:48:13.779,39.85423,-83.65603,1090.1,39.85423,-83.65602,1086.4,3,0,0,-116,0x03,32,4,17,3,-50,-58,1.98,-5.615,4.223,19.806,100%,3.861,4.059,2306,1789,0,1789,0,,0.00000,0.00000,0.0,0,0.0,-50,1.9
J.Herter_T1,2026-02-28,11:48:15.790,39.85423,-83.65603,1090.1,39.85423,-83.65603,1086.3,3,0,0,-2,0x03,32,4,16,5,-69,-70,1.86,-4.602,4.228,2.084,100%,3.868,4.059,2308,1791,0,1791,0,,0.00000,0.00000,0.0,0,0.0,-50,0.8
J.Herter_T1,2026-02-28,11:48:16.780,39.85423,-83.65603,1090.1,39.85423,-83.65602,1086.3,3,0,0,26,0x03,32,4,18,3,-59,-82,1.96,-4.183,4.315,6.953,100%,3.868,4.058,2309,1792,0,1792,0,,0.00000,0.00000,0.0,0,0.0,-50,0.3
J.Herter_T1,2026-02-28,11:48:18.788,39.85423,-83.65603,1090.1,39.85423,-83.65602,1086.5,3,0,0,-64,0x03,32,5,15,5,-48,-54,2.02,-3.233,4.188,25.469,100%,3.865,4.061,2311,1794,0,1794,0,,0.00000,0.00000,0.0,0,0.0,-50,-0.4
J.Herter_T1,2026-02-28,11:48:19.806,39.85423,-83.65603,1090.1,39.85423,-83.65603,1086.5,3,0,0,-154,0x03,32,3,17,5,-48,-53,1.88,-2.848,4.059,23.638,100%,3.865,4.059,2312,1795,0,1795,0,,0.00000,0.00000,0.0,0,0.0,-50,-0.8
J.Herter_T1,2026-02-28,11:48:21.788,39.85423,-83.65603,1090.1,39.85423,-83.65603,1086.6,3,0,0,69,0x03,32,3,17,5,-52,-57,1.71,-2.217,3.887,13.549,100%,3.866,4.059,2314,1797,0,1797,0,,0.00000,0.00000,0.0,0,0.0,-50,-1.3
J.Herter_T1,2026-02-28,11:48:22.838,39.85423,-83.65603,1090.1,39.85423,-83.65603,1086.7,3,0,0,-5,0x03,32,3,18,4,-49,-60,1.90,-1.948,3.929,21.294,100%,3.862,4.058,2315,1798,0,1798,0,,0.00000,0.00000,0.0,0,0.0,-50,-1.5
J.Herter_T1,2026-02-28,11:48:23.800,39.85423,-83.65603,1090.1,39.85423,-83.65603,1086.7,3,0,0,177,0x03,32,4,15,6,-45,-54,1.78,-1.762,3.883,31.650,100%,3.862,4.057,2316,1799,0,1799,0,,0.00000,0.00000,0.0,0,0.0,-50,-1.7
J.Herter_T1,2026-02-28,11:48:25.780,39.85423,-83.65603,1090.1,39.85423,-83.65602,1086.6,3,0,0,174,0x03,32,2,16,6,-48,-60,1.94,-1.509,4.038,24.409,100%,3.864,4.059,2318,1801,0,1801,0,,0.00000,0.00000,0.0,0,0.0,-50,-2.0
J.Herter_T1,2026-02-28,11:48:27.788,39.85423,-83.65603,1090.1,39.85423,-83.65602,1086.1,3,0,0,-7,0x03,32,3,17,4,-49,-57,2.15,-1.659,4.579,24.169,100%,3.863,4.058,2320,1803,0,1803,0,,0.00000,0.00000,0.0,0,0.0,-50,-2.4
J.Herter_T1,2026-02-28,11:48:28.780,39.85423,-83.65603,1090.1,39.85423,-83.65602,1086.0,3,0,0,55,0x03,32,4,16,4,-47,-59,2.15,-1.603,4.687,30.427,100%,3.863,4.059,2321,1804,0,1804,0,,0.00000,0.00000,0.0,0,0.0,-50,-2.6
J.Herter_T1,2026-02-28,11:48:29.798,39.85423,-83.65603,1090.1,39.85423,-83.65602,1085.8,3,0,0,-12,0x03,32,3,17,5,-46,-55,2.24,-1.543,4.827,35.568,100%,3.841,4.059,2322,1805,0,1805,0,,0.00000,0.00000,0.0,0,0.0,-50,-2.7
J.Herter_T1,2026-02-28,11:48:30.825,39.85423,-83.65603,1090.1,39.85423,-83.65602,1085.6,3,0,0,19,0x03,32,2,16,7,-48,-54,2.31,-1.577,5.045,29.120,100%,3.841,4.059,2323,1806,0,1806,0,,0.00000,0.00000,0.0,0,0.0,-50,-2.9
J.Herter_T1,2026-02-28,11:48:31.838,39.85423,-83.65603,1090.1,39.85423,-83.65602,1085.7,3,0,0,100,0x03,32,3,16,6,-51,-58,2.29,-1.399,5.014,20.410,100%,3.864,4.059,2324,1807,0,1807,0,,0.00000,0.00000,0.0,0,0.0,-50,-3.1
J.Herter_T1,2026-02-28,11:48:33.788,39.85423,-83.65603,1090.1,39.85423,-83.65602,1086.0,3,0,0,91,0x03,32,4,15,5,-49,-59,2.62,-0.874,4.917,29.416,100%,3.860,4.059,2326,1809,0,1809,0,,0.00000,0.00000,0.0,0,0.0,-50,-3.3
J.Herter_T1,2026-02-28,11:48:34.778,39.85423,-83.65603,1090.1,39.85423,-83.65602,1086.2,3,0,0,-127,0x03,32,4,16,4,-49,-60,2.53,-0.601,4.690,28.333,100%,3.860,4.058,2327,1810,0,1810,0,,0.00000,0.00000,0.0,0,0.0,-50,-3.4
J.Herter_T1,2026-02-28,11:48:35.798,39.85423,-83.65603,1090.1,39.85423,-83.65602,1086.4,3,0,0,-29,0x03,32,3,16,6,-49,-57,2.45,-0.375,4.497,27.530,100%,3.862,4.058,2328,1811,0,1811,0,,0.00000,0.00000,0.0,0,0.0,-50,-3.4
J.Herter_T1,2026-02-28,11:48:37.778,39.85423,-83.65603,1090.1,39.85423,-83.65602,1086.5,3,0,0,-35,0x03,32,5,12,7,-53,-62,2.31,-0.193,4.305,16.375,100%,3.863,4.058,2330,1813,0,1813,0,,0.00000,0.00000,0.0,0,0.0,-50,-3.4
J.Herter_T1,2026-02-28,11:48:39.788,39.85423,-83.65603,1090.1,39.85423,-83.65602,1086.4,3,0,0,79,0x03,32,4,15,5,-55,-65,2.24,-0.208,4.322,12.620,100%,3.863,4.060,2332,1815,0,1815,0,,0.00000,0.00000,0.0,0,0.0,-50,-3.5
J.Herter_T1,2026-02-28,11:48:40.780,39.85423,-83.65603,1090.1,39.85423,-83.65602,1086.7,3,1,0,114,0x03,32,3,14,7,-57,-64,2.87,0.093,4.434,12.811,100%,3.844,4.058,2333,1816,0,1816,0,,0.00000,0.00000,0.0,0,0.0,-50,-3.5
J.Herter_T1,2026-02-28,11:48:42.789,39.85423,-83.65603,1090.1,39.85423,-83.65602,1087.1,3,0,0,1,0x03,32,4,16,5,-53,-54,3.30,0.391,4.473,23.358,100%,3.864,4.058,2335,1818,0,1818,0,,0.00000,0.00000,0.0,0,0.0,-50,-3.4
J.Herter_T1,2026-02-28,11:48:43.778,39.85423,-83.65603,1090.1,39.85423,-83.65602,1087.4,3,0,0,62,0x03,32,4,14,6,-59,-64,3.20,0.582,4.226,11.343,100%,3.864,4.059,2336,1819,0,1819,0,,0.00000,0.00000,0.0,0,0.0,-50,-3.3
J.Herter_T1,2026-02-28,11:48:44.800,39.85423,-83.65603,1090.1,39.85423,-83.65602,1087.5,3,1,0,167,0x03,32,2,19,4,-52,-65,3.33,0.665,4.225,26.413,100%,3.865,4.058,2337,1820,0,1820,0,,0.00000,0.00000,0.0,0,0.0,-50,-3.3
J.Herter_T1,2026-02-28,11:48:45.791,39.85423,-83.65603,1090.1,39.85423,-83.65602,1087.9,3,0,0,-111,0x03,32,3,17,5,-51,-61,2.94,0.909,3.713,26.231,100%,3.865,4.059,2338,1821,0,1821,0,,0.00000,0.00000,0.0,0,0.0,-50,-3.2
J.Herter_T1,2026-02-28,11:48:46.826,39.85423,-83.65603,1090.1,39.85423,-83.65602,1088.0,3,0,0,176,0x03,32,4,17,3,-48,-55,2.94,0.966,3.615,37.053,100%,3.860,4.058,2339,1822,0,1822,0,,0.00000,0.00000,0.0,0,0.0,-50,-3.1
J.Herter_T1,2026-02-28,11:48:48.789,39.85423,-83.65603,1090.1,39.85423,-83.65602,1088.3,3,0,0,-7,0x03,32,4,16,5,-53,-64,2.27,0.986,2.936,16.049,100%,3.860,4.059,2341,1824,0,1824,0,,0.00000,0.00000,0.0,0,0.0,-50,-2.9
J.Herter_T1,2026-02-28,11:48:49.781,39.85423,-83.65603,1090.1,39.85423,-83.65602,1088.2,3,0,0,-113,0x03,32,5,15,5,-54,-60,2.13,0.876,2.842,13.451,100%,3.846,4.059,2342,1825,0,1825,0,,0.00000,0.00000,0.0,0,0.0,-50,-2.8
J.Herter_T1,2026-02-28,11:48:50.799,39.85423,-83.65603,1090.1,39.85423,-83.65602,1088.4,3,0,0,136,0x03,32,3,17,4,-54,-64,2.13,0.971,2.712,13.451,100%,3.846,4.060,2343,1826,0,1826,0,,0.00000,0.00000,0.0,0,0.0,-50,-2.6
J.Herter_T1,2026-02-28,11:48:52.779,39.85423,-83.65603,1090.1,39.85423,-83.65602,1088.5,3,0,0,-101,0x03,31,2,16,6,-63,-64,2.15,0.864,2.672,4.822,100%,3.860,4.061,2345,1828,0,1828,0,,0.00000,0.00000,0.0,0,0.0,-50,-2.4
J.Herter_T1,2026-02-28,11:48:54.789,39.85423,-83.65603,1090.1,39.85423,-83.65603,1088.6,3,0,0,-171,0x03,32,5,15,4,-50,-67,1.88,0.714,2.444,18.777,100%,3.867,4.058,2347,1830,0,1830,0,,0.00000,0.00000,0.0,0,0.0,-50,-2.3
J.Herter_T1,2026-02-28,11:48:55.778,39.85423,-83.65603,1090.1,39.85423,-83.65603,1088.6,3,0,0,0,0x03,32,5,15,4,-46,-59,1.90,0.695,2.422,30.079,100%,3.861,4.058,2348,1831,0,1831,0,,0.00000,0.00000,0.0,0,0.0,-50,-2.2
J.Herter_T1,2026-02-28,11:48:56.799,39.85423,-83.65603,1090.1,39.85423,-83.65603,1088.6,3,0,0,-126,0x03,32,5,14,5,-53,-54,1.80,0.647,2.331,12.735,100%,3.861,4.058,2349,1832,0,1832,0,,0.00000,0.00000,0.0,0,0.0,-50,-2.1
J.Herter_T1,2026-02-28,11:48:58.779,39.85423,-83.65603,1090.1,39.85423,-83.65603,1088.6,3,0,0,8,0x03,32,5,15,4,-49,-53,1.82,0.464,2.390,20.401,100%,3.862,4.057,2351,1834,0,1834,0,,0.00000,0.00000,0.0,0,0.0,-50,-2.0
J.Herter_T1,2026-02-28,11:48:59.799,39.85423,-83.65603,1090.1,39.85423,-83.65603,1088.6,3,0,0,-27,0x03,32,5,13,6,-55,-67,1.82,0.479,2.346,10.225,100%,3.862,4.059,2352,1835,0,1835,0,,0.00000,0.00000,0.0,0,0.0,-50,-2.0
J.Herter_T1,2026-02-28,11:49:01.781,39.85423,-83.65603,1090.1,39.85423,-83.65603,1088.7,3,0,0,-27,0x03,32,6,13,5,-52,-65,1.86,0.429,2.348,14.756,100%,3.866,4.060,2354,1837,0,1837,0,,0.00000,0.00000,0.0,0,0.0,-50,-1.9
J.Herter_T1,2026-02-28,11:49:02.799,39.85423,-83.65603,1090.1,39.85423,-83.65602,1089.0,3,0,0,90,0x03,32,4,15,6,-48,-62,2.09,0.661,2.375,26.285,100%,3.864,4.059,2355,1838,0,1838,0,,0.00000,0.00000,0.0,0,0.0,-50,-1.8
J.Herter_T1,2026-02-28,11:49:04.782,39.85423,-83.65603,1090.1,39.85423,-83.65602,1089.2,3,0,0,-170,0x03,31,4,16,4,-44,-64,2.29,0.713,2.465,45.691,100%,3.859,4.055,2357,1840,0,1840,0,,0.00000,0.00000,0.0,0,0.0,-50,-1.6
J.Herter_T1,2026-02-28,11:49:06.789,39.85423,-83.65603,1090.1,39.85423,-83.65602,1089.5,3,0,0,-21,0x03,32,3,19,2,-55,-52,2.36,0.839,2.435,13.268,100%,3.862,4.058,2359,1842,0,1842,0,,0.00000,0.00000,0.0,0,0.0,-50,-1.4
J.Herter_T1,2026-02-28,11:49:07.781,39.85423,-83.65603,1090.1,39.85423,-83.65602,1089.5,3,0,0,-42,0x03,32,4,17,3,-55,-64,2.13,0.767,2.212,11.988,100%,3.862,4.055,2360,1843,0,1843,0,,0.00000,0.00000,0.0,0,0.0,-50,-1.4
J.Herter_T1,2026-02-28,11:49:09.789,39.85423,-83.65603,1090.1,39.85423,-83.65602,1089.5,3,0,0,-111,0x03,32,5,15,4,-53,-65,2.29,0.564,2.383,16.212,100%,3.843,4.058,2362,1845,0,1845,0,,0.00000,0.00000,0.0,0,0.0,-50,-1.2
J.Herter_T1,2026-02-28,11:49:10.779,39.85423,-83.65603,1090.1,39.85423,-83.65602,1089.6,3,0,0,-171,0x03,32,4,15,6,-51,-63,2.38,0.653,2.434,21.238,100%,3.843,4.057,2363,1846,0,1846,0,,0.00000,0.00000,0.0,0,0.0,-50,-1.2
J.Herter_T1,2026-02-28,11:49:11.799,39.85423,-83.65603,1090.1,39.85423,-83.65602,1089.8,3,0,0,107,0x03,32,4,16,5,-57,-60,2.34,0.729,2.361,10.436,100%,3.862,4.056,2364,1847,0,1847,0,,0.00000,0.00000,0.0,0,0.0,-50,-1.1
J.Herter_T1,2026-02-28,11:49:13.779,39.85423,-83.65603,1090.1,39.85423,-83.65602,1090.1,3,0,0,-19,0x03,32,5,16,4,-57,-60,2.55,0.832,2.550,11.387,100%,3.862,4.056,2366,1849,0,1849,0,,0.00000,0.00000,0.0,0,0.0,-50,-0.9
J.Herter_T1,2026-02-28,11:49:15.789,39.85423,-83.65603,1090.1,39.85423,-83.65602,1090.2,3,0,0,-137,0x03,32,5,13,6,-50,-61,2.57,0.820,2.576,25.733,100%,3.858,4.058,2368,1851,0,1851,0,,0.00000,0.00000,0.0,0,0.0,-50,-0.7
J.Herter_T1,2026-02-28,11:49:16.781,39.85423,-83.65603,1090.1,39.85423,-83.65602,1090.3,3,0,0,15,0x03,32,5,16,4,-57,-61,2.62,0.788,2.628,11.711,100%,3.858,4.055,2369,1852,0,1852,0,,0.00000,0.00000,0.0,0,0.0,-50,-0.6
J.Herter_T1,2026-02-28,11:49:17.799,39.85423,-83.65603,1090.1,39.85423,-83.65602,1090.3,3,0,0,-106,0x03,32,4,18,2,-63,-68,2.48,0.700,2.483,5.546,100%,3.858,4.055,2370,1853,0,1853,0,,0.00000,0.00000,0.0,0,0.0,-50,-0.5
J.Herter_T1,2026-02-28,11:49:19.781,39.85423,-83.65603,1090.1,39.85423,-83.65602,1090.2,3,1,0,12,0x03,32,5,15,4,-70,-63,2.48,0.464,2.478,2.477,100%,3.864,4.056,2372,1855,0,1855,0,,0.00000,0.00000,0.0,0,0.0,-50,-0.4
J.Herter_T1,2026-02-28,11:49:20.800,39.85423,-83.65603,1090.1,39.85423,-83.65602,1089.9,3,1,0,113,0x03,32,6,14,5,-53,-71,3.07,0.166,3.078,21.730,100%,3.845,4.057,2373,1856,0,1856,0,,0.00000,0.00000,0.0,0,0.0,-50,-0.4
J.Herter_T1,2026-02-28,11:49:22.779,39.85423,-83.65603,1090.1,39.85423,-83.65602,1090.0,3,0,0,-117,0x03,32,4,17,3,-53,-64,3.38,0.207,3.380,23.906,100%,3.860,4.056,2375,1858,0,1858,0,,0.00000,0.00000,0.0,0,0.0,-50,-0.4
J.Herter_T1,2026-02-28,11:49:23.799,39.85423,-83.65603,1090.1,39.85423,-83.65602,1089.9,3,0,0,-51,0x03,32,4,17,3,-52,-63,3.43,0.089,3.439,27.234,100%,3.860,4.057,2376,1859,0,1859,0,,0.00000,0.00000,0.0,0,0.0,-50,-0.4
J.Herter_T1,2026-02-28,11:49:25.779,39.85423,-83.65603,1090.1,39.85423,-83.65602,1089.5,3,0,0,50,0x03,32,4,17,3,-57,-65,3.53,-0.214,3.582,15.779,100%,3.859,4.057,2378,1861,0,1861,0,,0.00000,0.00000,0.0,0,0.0,-50,-0.4
J.Herter_T1,2026-02-28,11:49:26.799,39.85423,-83.65603,1090.1,39.85423,-83.65602,1089.2,3,0,0,105,0x03,27,1,0,16,-54,-66,3.56,-0.473,3.673,22.453,100%,3.862,4.056,2379,1862,0,1862,0,,0.00000,0.00000,0.0,0,0.0,-50,-0.4
J.Herter_T1,2026-02-28,11:49:28.782,39.85423,-83.65603,1090.1,39.85423,-83.65602,1088.6,3,0,0,-18,0x03,29,8,11,2,-69,-60,3.35,-0.898,3.669,3.760,100%,3.858,4.056,2381,1864,0,1864,0,,0.00000,0.00000,0.0,0,0.0,-50,-0.6
J.Herter_T1,2026-02-28,11:49:29.799,39.85423,-83.65603,1090.1,39.85423,-83.65602,1088.2,3,0,0,-49,0x03,30,4,14,3,-64,-77,3.35,-1.207,3.871,6.686,100%,3.858,4.057,2382,1865,0,1865,0,,0.00000,0.00000,0.0,0,0.0,-50,-0.7
J.Herter_T1,2026-02-28,11:49:31.779,39.85423,-83.65603,1090.1,39.85423,-83.65602,1087.2,3,0,0,-157,0x03,31,4,15,2,-63,-76,3.48,-1.815,4.538,7.792,100%,3.862,4.056,2384,1867,0,1867,0,,0.00000,0.00000,0.0,0,0.0,-50,-1.1
J.Herter_T1,2026-02-28,11:49:32.801,39.85423,-83.65603,1090.1,39.85423,-83.65602,1086.7,3,0,0,29,0x03,30,6,13,2,-59,-70,3.45,-2.094,4.864,12.257,100%,3.862,4.056,2385,1868,0,1868,0,,0.00000,0.00000,0.0,0,0.0,-50,-1.3
J.Herter_T1,2026-02-28,11:49:34.779,39.85423,-83.65603,1090.1,39.85423,-83.65602,1085.4,3,0,0,104,0x03,32,6,15,3,-50,-63,3.17,-2.807,5.695,31.712,100%,3.858,4.055,2387,1870,0,1870,0,,0.00000,0.00000,0.0,0,0.0,-50,-1.9
J.Herter_T1,2026-02-28,11:49:35.799,39.85423,-83.65603,1090.1,39.85423,-83.65602,1084.6,3,0,0,149,0x03,32,4,16,4,-53,-60,3.33,-3.253,6.459,23.540,100%,3.858,4.057,2388,1871,0,1871,0,,0.00000,0.00000,0.0,0,0.0,-50,-2.3
J.Herter_T1,2026-02-28,11:49:37.782,39.85423,-83.65603,1090.1,39.85423,-83.65602,1083.7,3,0,0,106,0x03,31,5,16,1,-50,-60,3.66,-3.423,7.431,36.631,100%,3.858,4.056,2390,1873,0,1873,0,,0.00000,0.00000,0.0,0,0.0,-50,-3.0
J.Herter_T1,2026-02-28,11:49:38.799,39.85423,-83.65603,1090.1,39.85423,-83.65601,1083.4,3,0,0,53,0x03,31,7,13,3,-50,-60,3.82,-3.302,7.723,38.207,100%,3.861,4.055,2391,1874,0,1874,0,,0.00000,0.00000,0.0,0,0.0,-50,-3.4
J.Herter_T1,2026-02-28,11:49:40.781,39.85423,-83.65603,1090.1,39.85423,-83.65601,1083.0,3,0,0,-124,0x03,31,6,14,4,-49,-60,4.03,-3.051,8.215,45.241,100%,3.858,4.054,2393,1876,0,1876,0,,0.00000,0.00000,0.0,0,0.0,-50,-4.1
J.Herter_T1,2026-02-28,11:49:41.860,39.85423,-83.65603,1090.1,39.85423,-83.65601,1082.9,3,0,0,-70,0x03,31,6,14,4,-50,-60,4.14,-2.808,8.328,41.384,100%,3.858,4.055,2394,1877,0,1877,0,,0.00000,0.00000,0.0,0,0.0,-50,-4.4
J.Herter_T1,2026-02-28,11:49:43.782,39.85423,-83.65603,1090.1,39.85423,-83.65601,1082.8,3,0,0,-167,0x03,31,5,15,5,-63,-59,4.49,-2.314,8.548,10.042,100%,3.864,4.056,2396,1879,0,1879,0,,0.00000,0.00000,0.0,0,0.0,-50,-5.0
J.Herter_T1,2026-02-28,11:49:44.799,39.85423,-83.65603,1090.1,39.85423,-83.65601,1082.8,3,0,0,70,0x03,31,5,15,5,-54,-72,4.57,-2.145,8.648,28.810,100%,3.864,4.055,2397,1880,0,1880,0,,0.00000,0.00000,0.0,0,0.0,-50,-5.2
J.Herter_T1,2026-02-28,11:49:46.781,39.85423,-83.65603,1090.1,39.85423,-83.65601,1082.9,3,0,0,-30,0x03,31,5,17,3,-63,-67,4.75,-1.622,8.642,10.644,100%,3.845,4.054,2399,1882,0,1882,0,,0.00000,0.00000,0.0,0,0.0,-50,-5.6
J.Herter_T1,2026-02-28,11:49:47.802,39.85423,-83.65603,1090.1,39.85423,-83.65601,1082.9,3,0,0,131,0x03,31,4,17,3,-60,-66,4.75,-1.421,8.607,15.035,100%,3.860,4.058,2400,1883,0,1883,0,,0.00000,0.00000,0.0,0,0.0,-50,-5.8
J.Herter_T1,2026-02-28,11:49:48.790,39.85423,-83.65603,1090.1,39.85423,-83.65601,1083.0,3,0,0,21,0x03,31,5,16,3,-58,-69,4.78,-1.217,8.564,19.035,100%,3.860,4.057,2401,1884,0,1884,0,,0.00000,0.00000,0.0,0,0.0,-50,-5.9
J.Herter_T1,2026-02-28,11:49:49.827,39.85423,-83.65603,1090.1,39.85423,-83.65601,1083.2,3,0,0,173,0x03,31,5,16,3,-58,-67,4.73,-0.913,8.366,18.821,100%,3.861,4.058,2402,1885,0,1885,0,,0.00000,0.00000,0.0,0,0.0,-50,-6.0
J.Herter_T1,2026-02-28,11:49:50.807,39.85423,-83.65603,1090.1,39.85423,-83.65601,1083.4,3,0,0,164,0x03,31,5,16,2,-65,-71,4.70,-0.683,8.224,8.359,100%,3.861,4.055,2403,1886,0,1886,0,,0.00000,0.00000,0.0,0,0.0,-50,-6.1
J.Herter_T1,2026-02-28,11:49:52.780,39.85423,-83.65603,1090.1,39.85423,-83.65601,1083.6,3,0,0,-91,0x03,31,5,16,2,-55,-65,4.78,-0.364,8.094,26.888,100%,3.864,4.056,2405,1888,0,1888,0,,0.00000,0.00000,0.0,0,0.0,-50,-6.2
J.Herter_T1,2026-02-28,11:49:53.800,39.85423,-83.65603,1090.1,39.85423,-83.65601,1083.6,3,0,0,79,0x03,31,4,19,1,-60,-65,4.75,-0.333,8.084,15.035,100%,3.864,4.057,2406,1889,0,1889,0,,0.00000,0.00000,0.0,0,0.0,-50,-6.2
J.Herter_T1,2026-02-28,11:49:55.782,39.85423,-83.65603,1090.1,39.85423,-83.65601,1083.4,3,0,0,47,0x03,31,3,20,1,-55,-69,4.89,-0.426,8.306,27.495,100%,3.862,4.056,2408,1891,0,1891,0,,0.00000,0.00000,0.0,0,0.0,-50,-6.3
J.Herter_T1,2026-02-28,11:49:56.830,39.85423,-83.65603,1090.1,39.85423,-83.65601,1083.3,3,0,0,47,0x03,31,4,19,1,-55,-65,5.00,-0.448,8.429,28.103,100%,3.843,4.056,2409,1892,0,1892,0,,0.00000,0.00000,0.0,0,0.0,-50,-6.3
J.Herter_T1,2026-02-28,11:49:58.780,39.85423,-83.65603,1090.1,39.85423,-83.65601,1083.1,3,0,0,96,0x03,31,5,18,1,-54,-65,5.05,-0.537,8.625,31.874,100%,3.864,4.055,2411,1894,0,1894,0,,0.00000,0.00000,0.0,0,0.0,-50,-6.5
J.Herter_T1,2026-02-28,11:49:59.802,39.85421,-83.65602,1082.0,39.85423,-83.65601,1083.1,3,0,0,-96,0x03,31,5,18,0,-58,-64,9.53,6.112,9.591,37.932,100%,3.864,4.055,2412,1895,0,1895,0,,0.00000,0.00000,0.0,0,0.0,-50,-5.0
J.Herter_T1,2026-02-28,11:50:01.780,39.85421,-83.65602,1082.0,39.85423,-83.65601,1082.8,3,0,0,86,0x03,31,6,17,0,-54,-65,9.52,4.682,9.550,60.054,100%,3.862,4.055,2414,1897,0,1897,0,,0.00000,0.00000,0.0,0,0.0,-50,-3.9
J.Herter_T1,2026-02-28,11:50:02.800,39.85421,-83.65602,1082.0,39.85423,-83.65601,1082.6,3,0,0,67,0x03,31,6,17,0,-53,-64,9.56,4.093,9.581,67.669,100%,3.865,4.055,2415,1898,0,1898,0,,0.00000,0.00000,0.0,0,0.0,-50,-3.4
J.Herter_T1,2026-02-28,11:50:04.780,39.85421,-83.65602,1082.0,39.85423,-83.65601,1082.3,3,0,0,91,0x03,31,3,20,0,-64,-65,9.61,2.990,9.615,19.176,100%,3.865,4.054,2417,1900,0,1900,0,,0.00000,0.00000,0.0,0,0.0,-50,-2.7
J.Herter_T1,2026-02-28,11:50:05.800,39.85421,-83.65602,1082.0,39.85423,-83.65601,1082.2,3,0,0,-57,0x03,31,4,19,0,-53,-69,9.55,2.600,9.550,67.596,100%,3.844,4.055,2418,1901,0,1901,0,,0.00000,0.00000,0.0,0,0.0,-50,-2.4
J.Herter_T1,2026-02-28,11:50:07.782,39.85421,-83.65602,1082.0,39.85423,-83.65601,1082.0,3,0,0,-148,0x03,31,7,16,1,-55,-64,9.54,1.953,9.538,53.637,100%,3.860,4.055,2420,1903,0,1903,0,,0.00000,0.00000,0.0,0,0.0,-50,-2.0
J.Herter_T1,2026-02-28,11:50:08.801,39.85421,-83.65602,1082.0,39.85423,-83.65601,1082.1,3,0,0,-37,0x03,31,7,13,4,-58,-64,9.53,1.825,9.528,37.932,100%,3.860,4.055,2421,1904,0,1904,0,,0.00000,0.00000,0.0,0,0.0,-50,-1.8
J.Herter_T1,2026-02-28,11:50:09.806,39.85421,-83.65602,1082.0,39.85423,-83.65601,1082.2,3,0,0,-50,0x03,31,5,17,2,-59,-65,9.53,1.737,9.530,33.807,100%,3.859,4.055,2422,1905,0,1905,0,,0.00000,0.00000,0.0,0,0.0,-50,-1.6
J.Herter_T1,2026-02-28,11:50:10.827,39.85421,-83.65602,1082.0,39.85423,-83.65601,1082.2,3,0,0,152,0x03,31,5,18,1,-54,-65,9.51,1.558,9.510,59.992,100%,3.859,4.056,2423,1906,0,1906,0,,0.00000,0.00000,0.0,0,0.0,-50,-1.4
J.Herter_T1,2026-02-28,11:50:11.810,39.85421,-83.65602,1082.0,39.85423,-83.65601,1082.1,3,0,0,-170,0x03,31,6,17,1,-54,-64,9.51,1.369,9.509,59.992,100%,3.864,4.055,2424,1907,0,1907,0,,0.00000,0.00000,0.0,0,0.0,-50,-1.2
J.Herter_T1,2026-02-28,11:50:13.780,39.85421,-83.65602,1082.0,39.85423,-83.65601,1082.1,3,0,0,-162,0x03,32,5,17,3,-60,-58,9.47,1.135,9.470,29.943,100%,3.864,4.055,2426,1909,0,1909,0,,0.00000,0.00000,0.0,0,0.0,-50,-1.0
J.Herter_T1,2026-02-28,11:50:14.801,39.85421,-83.65602,1082.0,39.85423,-83.65601,1082.2,3,0,0,79,0x03,32,3,19,3,-53,-67,9.43,1.043,9.433,66.767,100%,3.864,4.055,2427,1910,0,1910,0,,0.00000,0.00000,0.0,0,0.0,-50,-0.9
J.Herter_T1,2026-02-28,11:50:16.781,39.85421,-83.65602,1082.0,39.85423,-83.65601,1082.4,3,0,0,33,0x03,32,4,20,1,-50,-62,9.46,1.060,9.469,94.594,100%,3.862,4.055,2429,1912,0,1912,0,,0.00000,0.00000,0.0,0,0.0,-50,-0.6
J.Herter_T1,2026-02-28,11:50:17.801,39.85421,-83.65602,1082.0,39.85423,-83.65601,1082.6,3,0,0,56,0x03,32,4,20,1,-52,-54,9.50,1.128,9.519,75.446,100%,3.862,4.055,2430,1913,0,1913,0,,0.00000,0.00000,0.0,0,0.0,-50,-0.5
J.Herter_T1,2026-02-28,11:50:19.781,39.85421,-83.65602,1082.0,39.85423,-83.65601,1083.2,3,0,0,-85,0x03,32,3,20,2,-58,-63,9.52,1.402,9.593,37.892,100%,3.861,4.055,2432,1915,0,1915,0,,0.00000,0.00000,0.0,0,0.0,-50,-0.2
J.Herter_T1,2026-02-28,11:50:20.801,39.85421,-83.65602,1082.0,39.85423,-83.65601,1083.3,3,0,0,30,0x03,32,5,18,2,-59,-64,9.51,1.409,9.605,33.736,100%,3.859,4.055,2433,1916,0,1916,0,,0.00000,0.00000,0.0,0,0.0,-50,-0.0
J.Herter_T1,2026-02-28,11:50:22.780,39.85421,-83.65602,1082.0,39.85423,-83.65601,1083.6,3,0,0,-123,0x03,32,6,16,3,-61,-66,9.41,1.347,9.548,26.528,100%,3.860,4.055,2435,1918,0,1918,0,,0.00000,0.00000,0.0,0,0.0,-50,0.3
J.Herter_T1,2026-02-28,11:50:23.800,39.85421,-83.65602,1082.0,39.85423,-83.65601,1083.7,3,0,0,-120,0x03,32,6,17,2,-55,-68,9.43,1.280,9.579,53.035,100%,3.860,4.057,2436,1919,0,1919,0,,0.00000,0.00000,0.0,0,0.0,-50,0.4
J.Herter_T1,2026-02-28,11:50:25.780,39.85421,-83.65602,1082.0,39.85423,-83.65601,1083.9,3,0,0,152,0x03,32,5,17,2,-60,-65,9.48,1.221,9.666,29.974,100%,3.840,4.056,2438,1921,0,1921,0,,0.00000,0.00000,0.0,0,0.0,-50,0.7
J.Herter_T1,2026-02-28,11:50:26.830,39.85423,-83.65601,1085.4,39.85423,-83.65601,1084.0,3,0,0,-8,0x03,32,5,18,1,-52,-72,2.27,-1.967,2.658,18.044,100%,3.840,4.057,2439,1922,0,1922,0,,0.00000,0.00000,0.0,0,0.0,-50,0.6
J.Herter_T1,2026-02-28,11:50:28.783,39.85423,-83.65601,1085.4,39.85423,-83.65601,1084.3,3,0,0,-7,0x03,32,6,16,3,-53,-64,2.26,-1.370,2.526,16.035,100%,3.860,4.055,2441,1924,0,1924,0,,0.00000,0.00000,0.0,0,0.0,-50,0.3
J.Herter_T1,2026-02-28,11:50:29.800,39.85423,-83.65601,1085.4,39.85423,-83.65601,1084.3,3,0,0,-8,0x03,32,4,18,3,-52,-61,2.26,-1.221,2.519,17.980,100%,3.861,4.056,2442,1925,0,1925,0,,0.00000,0.00000,0.0,0,0.0,-50,0.1
J.Herter_T1,2026-02-28,11:50:31.780,39.85423,-83.65601,1085.4,39.85423,-83.65601,1084.4,3,0,0,145,0x03,32,6,16,3,-57,-67,2.26,-0.924,2.486,10.113,100%,3.859,4.057,2444,1927,0,1927,0,,0.00000,0.00000,0.0,0,0.0,-50,-0.1
J.Herter_T1,2026-02-28,11:50:32.803,39.85423,-83.65601,1085.4,39.85423,-83.65601,1084.5,3,0,0,132,0x03,32,6,17,2,-59,-65,2.27,-0.729,2.442,8.041,100%,3.859,4.055,2445,1928,0,1928,0,,0.00000,0.00000,0.0,0,0.0,-50,-0.2
J.Herter_T1,2026-02-28,11:50:34.781,39.85423,-83.65601,1085.4,39.85423,-83.65601,1084.7,3,0,0,3,0x03,32,6,18,1,-62,-64,2.27,-0.376,2.365,5.707,100%,3.858,4.055,2447,1930,0,1930,0,,0.00000,0.00000,0.0,0,0.0,-50,-0.3
J.Herter_T1,2026-02-28,11:50:35.801,39.85423,-83.65601,1085.4,39.85423,-83.65601,1084.8,3,0,0,-158,0x03,32,5,18,2,-62,-69,2.28,-0.238,2.349,5.739,100%,3.858,4.058,2448,1931,0,1931,0,,0.00000,0.00000,0.0,0,0.0,-50,-0.3
J.Herter_T1,2026-02-28,11:50:37.783,39.85423,-83.65601,1085.4,39.85423,-83.65601,1085.1,3,0,0,-159,0x03,32,5,17,3,-63,-70,2.33,0.030,2.343,5.207,100%,3.840,4.057,2450,1933,0,1933,0,,0.00000,0.00000,0.0,0,0.0,-50,-0.3
J.Herter_T1,2026-02-28,11:50:38.801,39.85423,-83.65601,1085.4,39.85423,-83.65601,1085.1,3,0,0,40,0x03,32,5,16,4,-65,-71,2.37,0.048,2.384,4.215,100%,3.860,4.057,2451,1934,0,1934,0,,0.00000,0.00000,0.0,0,0.0,-50,-0.3
J.Herter_T1,2026-02-28,11:50:40.782,39.85423,-83.65601,1085.4,39.85423,-83.65601,1085.3,3,0,0,-84,0x03,32,5,15,5,-53,-70,2.33,0.239,2.326,16.465,100%,3.856,4.055,2453,1936,0,1936,0,,0.00000,0.00000,0.0,0,0.0,-50,-0.3
J.Herter_T1,2026-02-28,11:50:41.803,39.85423,-83.65601,1085.4,39.85423,-83.65601,1085.6,3,0,0,15,0x03,32,3,20,3,-51,-63,2.33,0.398,2.338,20.787,100%,3.856,4.055,2454,1937,0,1937,0,,0.00000,0.00000,0.0,0,0.0,-50,-0.2
J.Herter_T1,2026-02-28,11:50:43.781,39.85423,-83.65601,1085.4,39.85423,-83.65601,1085.8,3,0,0,128,0x03,32,3,18,4,-57,-62,2.31,0.518,2.348,10.334,100%,3.861,4.058,2456,1939,0,1939,0,,0.00000,0.00000,0.0,0,0.0,-50,-0.1
J.Herter_T1,2026-02-28,11:50:44.803,39.85423,-83.65601,1085.4,39.85423,-83.65601,1085.9,3,0,0,-93,0x03,32,3,18,4,-58,-67,2.31,0.537,2.362,9.210,100%,3.861,4.052,2457,1940,0,1940,0,,0.00000,0.00000,0.0,0,0.0,-50,-0.1
J.Herter_T1,2026-02-28,11:50:46.781,39.85423,-83.65601,1085.4,39.85423,-83.65601,1086.1,3,0,0,93,0x03,32,6,15,3,-59,-67,2.32,0.658,2.435,8.230,100%,3.837,4.057,2459,1942,0,1942,0,,0.00000,0.00000,0.0,0,0.0,-50,0.1
J.Herter_T1,2026-02-28,11:50:47.801,39.85423,-83.65601,1085.4,39.85423,-83.65601,1086.3,3,0,0,4,0x03,32,4,18,2,-55,-64,2.31,0.740,2.480,12.978,100%,3.859,4.057,2460,1943,0,1943,0,,0.00000,0.00000,0.0,0,0.0,-50,0.2
J.Herter_T1,2026-02-28,11:50:49.783,39.85423,-83.65601,1085.4,39.85423,-83.65601,1086.7,3,0,0,-24,0x03,32,4,17,3,-53,-65,2.36,0.956,2.709,16.721,100%,3.859,4.057,2462,1945,0,1945,0,,0.00000,0.00000,0.0,0,0.0,-50,0.4
J.Herter_T1,2026-02-28,11:50:50.802,39.85423,-83.65601,1085.4,39.85423,-83.65601,1086.9,3,0,0,-53,0x03,32,3,19,2,-59,-62,2.38,1.026,2.818,8.440,100%,3.859,4.056,2463,1946,0,1946,0,,0.00000,0.00000,0.0,0,0.0,-50,0.5
J.Herter_T1,2026-02-28,11:50:52.781,39.85423,-83.65601,1085.4,39.85423,-83.65601,1086.8,3,0,0,72,0x03,31,5,16,3,-61,-68,2.43,0.785,2.833,6.836,100%,3.858,4.055,2465,1948,0,1948,0,,0.00000,0.00000,0.0,0,0.0,-50,0.7
J.Herter_T1,2026-02-28,11:50:53.831,39.85423,-83.65601,1085.4,39.85423,-83.65601,1086.8,3,0,0,176,0x03,32,6,16,3,-60,-69,2.39,0.644,2.765,7.550,100%,3.858,4.057,2466,1949,0,1949,0,,0.00000,0.00000,0.0,0,0.0,-50,0.8
J.Herter_T1,2026-02-28,11:50:55.783,39.85423,-83.65601,1085.4,39.85423,-83.65601,1086.9,3,0,0,48,0x03,32,5,16,3,-57,-67,2.37,0.619,2.810,10.587,100%,3.858,4.055,2468,1951,0,1951,0,,0.00000,0.00000,0.0,0,0.0,-50,0.9
J.Herter_T1,2026-02-28,11:50:56.801,39.85423,-83.65601,1085.4,39.85423,-83.65601,1087.0,3,0,0,-19,0x03,32,6,16,3,-61,-65,2.34,0.636,2.834,6.593,100%,3.857,4.055,2469,1952,0,1952,0,,0.00000,0.00000,0.0,0,0.0,-50,1.0
J.Herter_T1,2026-02-28,11:50:58.781,39.85423,-83.65601,1085.4,39.85423,-83.65602,1087.1,3,0,0,116,0x03,32,5,18,2,-58,-67,2.51,0.604,3.036,10.011,100%,3.858,4.057,2471,1954,0,1954,0,,0.00000,0.00000,0.0,0,0.0,-50,1.1
J.Herter_T1,2026-02-28,11:50:59.801,39.85423,-83.65601,1085.4,39.85423,-83.65602,1087.1,3,0,0,-13,0x03,32,4,17,4,-62,-64,2.51,0.535,3.030,6.317,100%,3.858,4.057,2472,1955,0,1955,0,,0.00000,0.00000,0.0,0,0.0,-50,1.2
J.Herter_T1,2026-02-28,11:51:01.783,39.85423,-83.65601,1085.4,39.85423,-83.65601,1087.0,3,0,0,142,0x03,32,5,16,3,-58,-64,2.49,0.393,2.983,9.916,100%,3.858,4.057,2474,1957,0,1957,0,,0.00000,0.00000,0.0,0,0.0,-50,1.2
J.Herter_T1,2026-02-28,11:51:02.801,39.85423,-83.65601,1085.4,39.85423,-83.65601,1087.1,3,0,0,161,0x03,32,4,16,5,-60,-66,2.49,0.383,3.001,7.877,100%,3.860,4.055,2475,1958,0,1958,0,,0.00000,0.00000,0.0,0,0.0,-50,1.3
J.Herter_T1,2026-02-28,11:51:04.781,39.85423,-83.65601,1085.4,39.85423,-83.65602,1087.2,3,0,0,-174,0x03,32,4,18,3,-62,-69,2.50,0.405,3.073,6.286,100%,3.860,4.055,2477,1960,0,1960,0,,0.00000,0.00000,0.0,0,0.0,-50,1.4
J.Herter_T1,2026-02-28,11:51:05.803,39.85423,-83.65601,1085.4,39.85423,-83.65601,1087.1,3,0,0,-156,0x03,32,4,18,2,-62,-70,2.47,0.335,3.025,6.199,100%,3.842,4.057,2478,1961,0,1961,0,,0.00000,0.00000,0.0,0,0.0,-50,1.4
J.Herter_T1,2026-02-28,11:51:07.781,39.85423,-83.65601,1085.4,39.85423,-83.65601,1087.0,3,0,0,-6,0x03,32,4,17,4,-63,-71,2.43,0.199,2.942,5.430,100%,3.859,4.057,2480,1963,0,1963,0,,0.00000,0.00000,0.0,0,0.0,-50,1.5
J.Herter_T1,2026-02-28,11:51:08.801,39.85423,-83.65601,1085.4,39.85423,-83.65601,1087.1,3,0,0,-19,0x03,32,5,17,3,-63,-71,2.43,0.230,2.974,5.430,100%,3.859,4.055,2481,1964,0,1964,0,,0.00000,0.00000,0.0,0,0.0,-50,1.5
J.Herter_T1,2026-02-28,11:51:10.782,39.85423,-83.65601,1085.4,39.85423,-83.65601,1087.0,3,0,0,61,0x03,32,5,17,3,-59,-65,2.40,0.132,2.914,8.503,100%,3.860,4.056,2483,1966,0,1966,0,,0.00000,0.00000,0.0,0,0.0,-50,1.5
J.Herter_T1,2026-02-28,11:51:11.801,39.85423,-83.65601,1085.4,39.85423,-83.65601,1087.1,3,0,0,155,0x03,32,6,15,4,-53,-66,2.36,0.130,2.893,16.721,100%,3.859,4.054,2484,1967,0,1967,0,,0.00000,0.00000,0.0,0,0.0,-50,1.5
J.Herter_T1,2026-02-28,11:51:12.805,39.85423,-83.65601,1085.4,39.85423,-83.65601,1087.1,3,0,0,177,0x03,32,6,15,4,-55,-63,2.33,0.176,2.908,13.116,100%,3.859,4.053,2485,1968,0,1968,0,,0.00000,0.00000,0.0,0,0.0,-50,1.6
J.Herter_T1,2026-02-28,11:51:13.827,39.85423,-83.65601,1085.4,39.85423,-83.65601,1086.9,3,0,0,46,0x03,32,6,16,2,-51,-62,2.28,-0.001,2.766,20.361,100%,3.859,4.054,2486,1969,0,1969,0,,0.00000,0.00000,0.0,0,0.0,-50,1.6
J.Herter_T1,2026-02-28,11:51:14.810,39.85423,-83.65601,1085.4,39.85423,-83.65601,1086.9,3,0,0,99,0x03,32,5,17,2,-59,-60,2.26,-0.042,2.723,8.033,100%,3.859,4.053,2487,1970,0,1970,0,,0.00000,0.00000,0.0,0,0.0,-50,1.6
J.Herter_T1,2026-02-28,11:51:16.782,39.85423,-83.65601,1085.4,39.85423,-83.65601,1087.1,3,0,0,-179,0x03,32,6,15,3,-49,-66,2.26,0.105,2.815,25.411,100%,3.843,4.053,2489,1972,0,1972,0,,0.00000,0.00000,0.0,0,0.0,-50,1.6
J.Herter_T1,2026-02-28,11:51:17.802,39.85423,-83.65601,1085.4,39.85423,-83.65601,1087.2,3,0,0,122,0x03,32,6,15,3,-61,-60,2.26,0.260,2.927,6.383,100%,3.843,4.058,2490,1973,0,1973,0,,0.00000,0.00000,0.0,0,0.0,-50,1.6
J.Herter_T1,2026-02-28,11:51:19.782,39.85423,-83.65601,1085.4,39.85423,-83.65601,1087.5,3,0,0,-76,0x03,32,4,18,2,-52,-67,2.27,0.424,3.101,18.064,100%,3.858,4.058,2492,1975,0,1975,0,,0.00000,0.00000,0.0,0,0.0,-50,1.7
J.Herter_T1,2026-02-28,11:51:20.831,39.85423,-83.65601,1085.4,39.85423,-83.65601,1087.6,3,0,0,171,0x03,32,5,17,2,-59,-59,2.28,0.520,3.209,8.079,100%,3.853,4.056,2493,1976,0,1976,0,,0.00000,0.00000,0.0,0,0.0,-50,1.7
J.Herter_T1,2026-02-28,11:51:22.781,39.85423,-83.65601,1085.4,39.85423,-83.65601,1088.0,3,0,0,-88,0x03,32,7,14,4,-51,-67,2.28,0.707,3.456,20.323,100%,3.860,4.059,2495,1978,0,1978,0,,0.00000,0.00000,0.0,0,0.0,-50,1.9
J.Herter_T1,2026-02-28,11:51:23.803,39.85423,-83.65601,1085.4,39.85423,-83.65601,1088.2,3,0,0,-170,0x03,32,6,15,3,-58,-59,2.26,0.801,3.586,9.016,100%,3.860,4.058,2496,1979,0,1979,0,,0.00000,0.00000,0.0,0,0.0,-50,2.0
J.Herter_T1,2026-02-28,11:51:25.782,39.85423,-83.65601,1085.4,39.85423,-83.65601,1088.5,3,0,0,105,0x03,32,6,15,3,-54,-65,2.27,0.936,3.859,14.349,100%,3.834,4.058,2498,1981,0,1981,0,,0.00000,0.00000,0.0,0,0.0,-50,2.2
J.Herter_T1,2026-02-28,11:51:26.802,39.85424,-83.65604,1094.4,39.85423,-83.65601,1088.7,3,0,0,-6,0x03,32,4,18,2,-59,-65,6.93,-6.324,8.943,24.599,100%,3.834,4.057,2499,1982,0,1982,0,,0.00000,0.00000,0.0,0,0.0,-50,0.7
J.Herter_T1,2026-02-28,11:51:28.783,39.85424,-83.65604,1094.4,39.85423,-83.65601,1088.8,3,0,0,52,0x03,32,5,18,1,-53,-60,6.52,-5.060,8.571,46.135,100%,3.853,4.057,2501,1984,0,1984,0,,0.00000,0.00000,0.0,0,0.0,-50,-0.5
J.Herter_T1,2026-02-28,11:51:29.801,39.85424,-83.65604,1094.4,39.85423,-83.65601,1088.8,3,0,0,-100,0x03,32,5,17,3,-67,-61,6.46,-4.592,8.557,9.127,100%,3.857,4.058,2502,1985,0,1985,0,,0.00000,0.00000,0.0,0,0.0,-50,-1.0
J.Herter_T1,2026-02-28,11:51:31.781,39.85424,-83.65604,1094.4,39.85423,-83.65601,1088.8,3,0,0,-177,0x03,32,5,16,3,-61,-68,6.32,-3.660,8.409,17.820,100%,3.858,4.058,2504,1987,0,1987,0,,0.00000,0.00000,0.0,0,0.0,-50,-1.9
J.Herter_T1,2026-02-28,11:51:32.803,39.85424,-83.65604,1094.4,39.85423,-83.65601,1088.9,3,0,0,180,0x03,32,5,17,2,-67,-68,6.41,-3.229,8.425,9.048,100%,3.858,4.056,2505,1988,0,1988,0,,0.00000,0.00000,0.0,0,0.0,-50,-2.2
J.Herter_T1,2026-02-28,11:51:34.781,39.85424,-83.65604,1094.4,39.85423,-83.65601,1088.6,3,0,0,164,0x03,32,5,16,3,-60,-70,6.52,-2.824,8.670,20.608,100%,3.860,4.056,2507,1990,0,1990,0,,0.00000,0.00000,0.0,0,0.0,-50,-2.9
J.Herter_T1,2026-02-28,11:51:35.802,39.85424,-83.65604,1094.4,39.85423,-83.65601,1088.7,3,0,0,1,0x03,32,5,15,4,-55,-67,6.57,-2.491,8.675,36.958,100%,3.860,4.058,2508,1991,0,1991,0,,0.00000,0.00000,0.0,0,0.0,-50,-3.2
J.Herter_T1,2026-02-28,11:51:37.784,39.85424,-83.65604,1094.4,39.85423,-83.65601,1089.0,3,0,0,-155,0x03,32,7,13,5,-58,-64,7.07,-1.784,8.890,28.154,100%,3.858,4.057,2510,1993,0,1993,0,,0.00000,0.00000,0.0,0,0.0,-50,-3.6
J.Herter_T1,2026-02-28,11:51:38.802,39.85424,-83.65604,1094.4,39.85423,-83.65601,1089.0,3,0,0,-84,0x03,32,7,13,5,-59,-66,7.02,-1.593,8.838,24.895,100%,3.858,4.057,2511,1994,0,1994,0,,0.00000,0.00000,0.0,0,0.0,-50,-3.8
J.Herter_T1,2026-02-28,11:51:40.783,39.85424,-83.65604,1094.4,39.85423,-83.65601,1089.1,3,0,0,86,0x03,32,3,18,4,-57,-71,7.41,-1.176,9.073,33.079,100%,3.856,4.056,2513,1996,0,1996,0,,0.00000,0.00000,0.0,0,0.0,-50,-4.1
J.Herter_T1,2026-02-28,11:51:41.804,39.85423,-83.65601,1086.1,39.85423,-83.65601,1089.1,3,0,0,31,0x03,32,3,17,5,-57,-66,1.81,6.461,3.499,8.066,100%,3.856,4.057,2514,1997,0,1997,0,,0.00000,0.00000,0.0,0,0.0,-50,-3.5
J.Herter_T1,2026-02-28,11:51:43.782,39.85423,-83.65601,1086.1,39.85423,-83.65601,1089.1,3,0,0,12,0x03,32,4,19,2,-51,-65,1.27,5.227,3.242,11.295,100%,3.859,4.057,2516,1999,0,1999,0,,0.00000,0.00000,0.0,0,0.0,-50,-2.2
J.Herter_T1,2026-02-28,11:51:44.803,39.85423,-83.65601,1086.1,39.85423,-83.65601,1089.2,3,1,0,117,0x03,32,6,17,2,-55,-61,1.36,4.781,3.358,7.664,100%,3.859,4.057,2517,2000,0,2000,0,,0.00000,0.00000,0.0,0,0.0,-50,-1.7
J.Herter_T1,2026-02-28,11:51:46.782,39.85423,-83.65601,1086.1,39.85423,-83.65601,1089.2,3,0,0,-83,0x03,32,4,17,4,-59,-77,1.85,3.908,3.610,6.551,100%,3.842,4.057,2519,2002,0,2002,0,,0.00000,0.00000,0.0,0,0.0,-50,-0.8
J.Herter_T1,2026-02-28,11:51:47.802,39.85423,-83.65601,1086.1,39.85423,-83.65601,1089.3,3,0,0,-40,0x03,32,5,15,5,-55,-65,1.79,3.606,3.665,10.043,100%,3.856,4.058,2520,2003,0,2003,0,,0.00000,0.00000,0.0,0,0.0,-50,-0.4
J.Herter_T1,2026-02-28,11:51:49.784,39.85423,-83.65601,1086.1,39.85423,-83.65601,1089.5,3,0,0,27,0x03,32,5,15,5,-55,-63,1.64,3.096,3.767,9.198,100%,3.857,4.058,2522,2005,0,2005,0,,0.00000,0.00000,0.0,0,0.0,-50,0.3
J.Herter_T1,2026-02-28,11:51:50.802,39.85423,-83.65601,1086.1,39.85423,-83.65601,1089.5,3,0,0,-19,0x03,32,5,15,5,-53,-63,1.75,2.736,3.767,12.367,100%,3.857,4.057,2523,2006,0,2006,0,,0.00000,0.00000,0.0,0,0.0,-50,0.6
J.Herter_T1,2026-02-28,11:51:52.782,39.85423,-83.65601,1086.1,39.85423,-83.65601,1089.5,3,0,0,-69,0x03,32,6,17,1,-53,-55,1.69,2.208,3.741,11.965,100%,3.855,4.056,2525,2008,0,2008,0,,0.00000,0.00000,0.0,0,0.0,-50,1.1
J.Herter_T1,2026-02-28,11:51:53.804,39.85423,-83.65601,1086.1,39.85423,-83.65601,1089.6,3,0,0,5,0x03,32,6,16,2,-54,-62,1.67,2.064,3.809,10.548,100%,3.855,4.057,2526,2009,0,2009,0,,0.00000,0.00000,0.0,0,0.0,-50,1.4
J.Herter_T1,2026-02-28,11:51:55.784,39.85423,-83.65601,1086.1,39.85423,-83.65601,1089.5,3,0,0,-27,0x03,32,5,18,1,-50,-63,1.77,1.614,3.794,17.663,100%,3.858,4.058,2528,2011,0,2011,0,,0.00000,0.00000,0.0,0,0.0,-50,1.7
J.Herter_T1,2026-02-28,11:51:56.802,39.85423,-83.65601,1086.1,39.85423,-83.65601,1089.6,3,0,0,147,0x03,32,7,15,2,-55,-59,1.79,1.503,3.852,10.043,100%,3.839,4.057,2529,2012,0,2012,0,,0.00000,0.00000,0.0,0,0.0,-50,1.9
J.Herter_T1,2026-02-28,11:51:58.782,39.85423,-83.65601,1086.1,39.85423,-83.65601,1089.7,3,0,0,13,0x03,32,7,13,5,-66,-65,1.50,1.292,3.814,2.384,100%,3.857,4.057,2531,2014,0,2014,0,,0.00000,0.00000,0.0,0,0.0,-50,2.2
J.Herter_T1,2026-02-28,11:51:59.804,39.85423,-83.65601,1086.1,39.85423,-83.65601,1089.5,3,0,0,85,0x03,32,5,15,5,-63,-74,1.64,1.050,3.755,3.662,100%,3.857,4.057,2532,2015,0,2015,0,,0.00000,0.00000,0.0,0,0.0,-50,2.3
J.Herter_T1,2026-02-28,11:52:01.783,39.85423,-83.65601,1086.1,39.85423,-83.65601,1089.3,3,0,0,-157,0x03,32,5,15,3,-61,-66,1.89,0.691,3.707,5.319,100%,3.853,4.057,2534,2017,0,2017,0,,0.00000,0.00000,0.0,0,0.0,-50,2.5
J.Herter_T1,2026-02-28,11:52:02.802,39.85423,-83.65601,1086.1,39.85423,-83.65601,1089.2,3,0,0,28,0x03,32,5,16,2,-63,-79,1.91,0.536,3.636,4.272,100%,3.861,4.057,2535,2018,0,2018,0,,0.00000,0.00000,0.0,0,0.0,-50,2.6
J.Herter_T1,2026-02-28,11:52:04.782,39.85423,-83.65601,1086.1,39.85423,-83.65601,1089.2,3,0,0,70,0x03,32,5,14,4,-58,-69,2.06,0.438,3.715,8.197,100%,3.861,4.056,2537,2020,0,2020,0,,0.00000,0.00000,0.0,0,0.0,-50,2.7
J.Herter_T1,2026-02-28,11:52:05.802,39.85423,-83.65601,1086.1,39.85423,-83.65601,1089.2,3,0,0,129,0x03,32,4,17,2,-62,-65,2.24,0.391,3.815,5.627,100%,3.839,4.056,2538,2021,0,2021,0,,0.00000,0.00000,0.0,0,0.0,-50,2.7
J.Herter_T1,2026-02-28,11:52:07.784,39.85423,-83.65601,1086.1,39.85423,-83.65601,1089.3,3,0,0,-145,0x03,32,4,15,6,-77,-74,2.10,0.380,3.797,0.940,100%,3.855,4.055,2540,2023,0,2023,0,,0.00000,0.00000,0.0,0,0.0,-50,2.8
J.Herter_T1,2026-02-28,11:52:08.803,39.85423,-83.65601,1086.1,39.85423,-83.65601,1089.2,3,1,0,-34,0x03,32,3,17,4,-79,-80,1.99,0.262,3.662,0.707,100%,3.855,4.055,2541,2024,0,2024,0,,0.00000,0.00000,0.0,0,0.0,-50,2.8
J.Herter_T1,2026-02-28,11:52:10.783,39.85423,-83.65601,1086.1,39.85423,-83.65601,1088.8,3,0,0,-163,0x03,32,5,15,5,-64,-77,1.58,-0.122,3.106,3.160,100%,3.856,4.056,2543,2026,0,2026,0,,0.00000,0.00000,0.0,0,0.0,-50,2.8
J.Herter_T1,2026-02-28,11:52:11.803,39.85423,-83.65601,1086.1,39.85423,-83.65601,1088.8,3,0,0,-171,0x03,32,7,13,5,-62,-70,1.60,-0.112,3.112,4.021,100%,3.856,4.056,2544,2027,0,2027,0,,0.00000,0.00000,0.0,0,0.0,-50,2.8
J.Herter_T1,2026-02-28,11:52:13.787,39.85423,-83.65601,1086.1,39.85423,-83.65601,1088.8,3,0,0,143,0x03,32,6,15,4,-61,-71,1.65,-0.148,3.084,4.660,100%,3.855,4.057,2546,2029,0,2029,0,,0.00000,0.00000,0.0,0,0.0,-50,2.8
J.Herter_T1,2026-02-28,11:52:14.803,39.85423,-83.65601,1086.1,39.85423,-83.65601,1088.6,3,0,0,154,0x03,32,6,14,5,-68,-68,1.71,-0.230,3.024,2.151,100%,3.855,4.057,2547,2030,0,2030,0,,0.00000,0.00000,0.0,0,0.0,-50,2.7
J.Herter_T1,2026-02-28,11:52:15.805,39.85423,-83.65601,1086.1,39.85423,-83.65601,1088.5,3,0,0,164,0x03,32,5,15,5,-54,-68,1.73,-0.293,2.957,10.901,100%,3.855,4.056,2548,2031,0,2031,0,,0.00000,0.00000,0.0,0,0.0,-50,2.7
J.Herter_T1,2026-02-28,11:52:16.795,39.85423,-83.65601,1086.1,39.85423,-83.65601,1088.4,3,0,0,114,0x03,32,6,13,7,-51,-63,2.24,-0.397,3.176,19.965,100%,3.856,4.057,2549,2032,0,2032,0,,0.00000,0.00000,0.0,0,0.0,-50,2.6
J.Herter_T1,2026-02-28,11:52:17.834,39.85423,-83.65601,1086.1,39.85423,-83.65601,1088.2,3,0,0,10,0x03,32,4,16,5,-49,-60,2.43,-0.528,3.186,27.247,100%,3.856,4.055,2550,2033,0,2033,0,,0.00000,0.00000,0.0,0,0.0,-50,2.6
J.Herter_T1,2026-02-28,11:52:19.783,39.85423,-83.65601,1086.1,39.85423,-83.65601,1087.6,3,0,0,53,0x03,32,6,14,5,-61,-65,2.40,-0.921,2.826,6.777,100%,3.858,4.056,2552,2035,0,2035,0,,0.00000,0.00000,0.0,0,0.0,-50,2.4
J.Herter_T1,2026-02-28,11:52:20.804,39.85423,-83.65601,1086.1,39.85423,-83.65601,1087.5,3,0,0,-55,0x03,32,6,15,4,-53,-67,2.65,-0.953,2.970,18.739,100%,3.857,4.056,2553,2036,0,2036,0,,0.00000,0.00000,0.0,0,0.0,-50,2.3
J.Herter_T1,2026-02-28,11:52:22.785,39.85423,-83.65601,1086.1,39.85423,-83.65601,1087.4,3,0,0,57,0x03,32,4,16,6,-57,-63,2.60,-0.855,2.878,11.604,100%,3.856,4.057,2555,2038,0,2038,0,,0.00000,0.00000,0.0,0,0.0,-50,2.1
J.Herter_T1,2026-02-28,11:52:23.803,39.85423,-83.65601,1086.1,39.85423,-83.65601,1087.4,3,0,0,151,0x03,32,6,14,5,-59,-64,2.60,-0.770,2.878,9.218,100%,3.856,4.056,2556,2039,0,2039,0,,0.00000,0.00000,0.0,0,0.0,-50,2.0
J.Herter_T1,2026-02-28,11:52:25.783,39.85423,-83.65601,1086.1,39.85423,-83.65601,1087.3,3,0,0,1,0x03,32,3,16,6,-58,-64,2.85,-0.710,3.066,11.330,100%,3.839,4.055,2558,2041,0,2041,0,,0.00000,0.00000,0.0,0,0.0,-50,1.8
J.Herter_T1,2026-02-28,11:52:26.803,39.85423,-83.65601,1086.1,39.85423,-83.65601,1087.2,3,0,0,143,0x03,32,5,15,5,-57,-66,2.92,-0.727,3.101,13.050,100%,3.839,4.056,2559,2042,0,2042,0,,0.00000,0.00000,0.0,0,0.0,-50,1.8
J.Herter_T1,2026-02-28,11:52:28.785,39.85423,-83.65601,1086.1,39.85423,-83.65601,1087.0,3,0,0,13,0x03,32,2,16,7,-55,-67,2.90,-0.755,3.019,16.287,100%,3.854,4.057,2561,2044,0,2044,0,,0.00000,0.00000,0.0,0,0.0,-50,1.6
J.Herter_T1,2026-02-28,11:52:29.803,39.85423,-83.65601,1086.1,39.85423,-83.65601,1086.8,3,0,0,-161,0x03,32,3,15,7,-55,-64,2.92,-0.824,3.002,16.429,100%,3.857,4.056,2562,2045,0,2045,0,,0.00000,0.00000,0.0,0,0.0,-50,1.5
J.Herter_T1,2026-02-28,11:52:31.783,39.85423,-83.65601,1086.1,39.85423,-83.65601,1086.7,3,0,0,-176,0x03,32,3,14,7,-57,-78,2.80,-0.784,2.847,12.488,100%,3.855,4.056,2564,2047,0,2047,0,,0.00000,0.00000,0.0,0,0.0,-50,1.3
J.Herter_T1,2026-02-28,11:52:32.805,39.85423,-83.65601,1086.1,39.85423,-83.65601,1086.7,3,0,0,103,0x03,32,3,15,6,-55,-65,2.95,-0.699,2.997,16.571,100%,3.855,4.057,2565,2048,0,2048,0,,0.00000,0.00000,0.0,0,0.0,-50,1.2
J.Herter_T1,2026-02-28,11:52:34.783,39.85423,-83.65601,1086.1,39.85423,-83.65601,1086.6,3,0,0,-137,0x03,32,4,14,6,-62,-66,3.15,-0.673,3.180,7.914,100%,3.852,4.056,2567,2050,0,2050,0,,0.00000,0.00000,0.0,0,0.0,-50,1.1
J.Herter_T1,2026-02-28,11:52:35.803,39.85423,-83.65601,1086.1,39.85423,-83.65601,1086.6,3,0,0,-21,0x03,32,3,16,6,-61,-69,3.15,-0.603,3.180,8.880,100%,3.852,4.056,2568,2051,0,2051,0,,0.00000,0.00000,0.0,0,0.0,-50,1.0
J.Herter_T1,2026-02-28,11:52:37.785,39.85423,-83.65601,1086.1,39.85423,-83.65601,1086.4,3,0,0,-11,0x03,32,6,14,5,-61,-66,3.31,-0.640,3.315,9.316,100%,3.837,4.057,2570,2053,0,2053,0,,0.00000,0.00000,0.0,0,0.0,-50,0.9
J.Herter_T1,2026-02-28,11:52:38.803,39.85423,-83.65601,1086.1,39.85423,-83.65601,1086.4,3,0,0,52,0x03,31,5,14,6,-60,-66,3.38,-0.621,3.389,10.699,100%,3.855,4.057,2571,2054,0,2054,0,,0.00000,0.00000,0.0,0,0.0,-50,0.8
J.Herter_T1,2026-02-28,11:52:40.785,39.85423,-83.65601,1086.1,39.85423,-83.65601,1086.3,3,0,0,147,0x03,32,6,14,5,-55,-69,3.67,-0.561,3.674,20.644,100%,3.855,4.056,2573,2056,0,2056,0,,0.00000,0.00000,0.0,0,0.0,-50,0.7
J.Herter_T1,2026-02-28,11:52:41.805,39.85423,-83.65601,1086.1,39.85423,-83.65601,1086.2,3,0,0,-147,0x03,32,4,16,5,-58,-63,3.75,-0.567,3.751,14.929,100%,3.855,4.055,2574,2057,0,2057,0,,0.00000,0.00000,0.0,0,0.0,-50,0.6
J.Herter_T1,2026-02-28,11:52:43.783,39.85423,-83.65601,1086.1,39.85423,-83.65601,1086.0,3,0,0,-34,0x03,32,3,15,7,-61,-77,3.78,-0.650,3.779,10.644,100%,3.853,4.055,2576,2059,0,2059,0,,0.00000,0.00000,0.0,0,0.0,-50,0.5
J.Herter_T1,2026-02-28,11:52:46.785,39.85423,-83.65601,1086.1,39.85423,-83.65600,1085.4,3,0,0,79,0x03,32,4,13,8,-57,-59,4.18,-1.011,4.237,18.649,94%,3.835,4.057,2579,2061,0,2061,0,,0.00000,0.00000,0.0,0,0.0,-50,0.3
J.Herter_T1,2026-02-28,11:52:47.865,39.85423,-83.65601,1086.1,39.85423,-83.65600,1085.3,3,0,0,119,0x03,32,2,16,7,-58,-64,4.34,-1.051,4.424,17.260,94%,3.854,4.057,2580,2062,0,2062,0,,0.00000,0.00000,0.0,0,0.0,-50,0.2
J.Herter_T1,2026-02-28,11:52:49.785,39.85423,-83.65601,1086.1,39.85423,-83.65600,1085.0,3,0,0,-7,0x03,32,4,13,8,-54,-64,4.36,-1.036,4.499,27.525,94%,3.857,4.057,2582,2064,0,2064,0,,0.00000,0.00000,0.0,0,0.0,-50,-0.1
J.Herter_T1,2026-02-28,11:52:50.805,39.85423,-83.65601,1086.1,39.85423,-83.65600,1084.9,3,0,0,169,0x03,32,6,12,7,-57,-59,4.42,-1.074,4.592,19.726,94%,3.857,4.057,2583,2065,0,2065,0,,0.00000,0.00000,0.0,0,0.0,-50,-0.2
J.Herter_T1,2026-02-28,11:52:52.783,39.85423,-83.65601,1086.1,39.85423,-83.65600,1084.9,3,0,0,167,0x03,32,4,16,5,-57,-66,4.39,-0.875,4.573,19.606,94%,3.853,4.055,2585,2067,0,2067,0,,0.00000,0.00000,0.0,0,0.0,-50,-0.4
J.Herter_T1,2026-02-28,11:52:53.804,39.85423,-83.65601,1086.1,39.85423,-83.65600,1084.9,3,0,0,-24,0x03,32,5,16,4,-68,-69,4.31,-0.752,4.485,5.424,94%,3.853,4.056,2586,2068,0,2068,0,,0.00000,0.00000,0.0,0,0.0,-50,-0.5
J.Herter_T1,2026-02-28,11:52:55.783,39.85423,-83.65601,1086.1,39.85423,-83.65600,1084.9,3,0,0,51,0x03,32,3,16,6,-61,-64,4.42,-0.581,4.579,12.446,94%,3.853,4.057,2588,2070,0,2070,0,,0.00000,0.00000,0.0,0,0.0,-50,-0.6
J.Herter_T1,2026-02-28,11:52:56.805,39.85423,-83.65601,1086.1,39.85423,-83.65600,1084.9,3,0,0,30,0x03,32,6,13,6,-66,-67,4.52,-0.579,4.699,7.170,96%,3.855,4.055,2589,2071,0,2071,0,,0.00000,0.00000,0.0,0,0.0,-50,-0.7
J.Herter_T1,2026-02-28,11:52:58.785,39.85423,-83.65601,1086.1,39.85423,-83.65601,1084.6,3,0,0,-167,0x03,32,2,18,5,-54,-63,4.12,-0.714,4.407,26.006,96%,3.856,4.056,2591,2073,0,2073,0,,0.00000,0.00000,0.0,0,0.0,-50,-0.8
J.Herter_T1,2026-02-28,11:52:59.803,39.85423,-83.65601,1086.1,39.85423,-83.65600,1084.5,3,0,0,57,0x03,32,3,17,5,-55,-61,4.28,-0.707,4.583,24.080,96%,3.856,4.056,2592,2074,0,2074,0,,0.00000,0.00000,0.0,0,0.0,-50,-0.9
J.Herter_T1,2026-02-28,11:53:01.783,39.85423,-83.65601,1086.1,39.85423,-83.65600,1084.3,3,0,0,3,0x03,32,5,15,5,-53,-62,4.52,-0.781,4.893,32.025,96%,3.854,4.056,2594,2076,0,2076,0,,0.00000,0.00000,0.0,0,0.0,-50,-1.1
J.Herter_T1,2026-02-28,11:53:02.806,39.85423,-83.65601,1086.1,39.85423,-83.65600,1084.3,3,0,0,-12,0x03,32,5,17,3,-68,-60,4.31,-0.718,4.702,5.424,96%,3.852,4.057,2595,2077,0,2077,0,,0.00000,0.00000,0.0,0,0.0,-50,-1.2
J.Herter_T1,2026-02-28,11:53:04.783,39.85423,-83.65601,1086.1,39.85423,-83.65600,1084.6,3,0,0,-110,0x03,32,4,16,5,-71,-61,4.23,-0.282,4.498,3.769,96%,3.852,4.055,2597,2079,0,2079,0,,0.00000,0.00000,0.0,0,0.0,-50,-1.3
J.Herter_T1,2026-02-28,11:53:05.803,39.85423,-83.65601,1086.1,39.85423,-83.65600,1084.8,3,0,0,94,0x03,32,5,15,5,-58,-75,4.23,-0.085,4.438,16.834,100%,3.835,4.055,2598,2080,0,2080,0,,0.00000,0.00000,0.0,0,0.0,-50,-1.3
J.Herter_T1,2026-02-28,11:53:07.783,39.85423,-83.65601,1086.1,39.85423,-83.65600,1085.2,3,0,0,-60,0x03,32,4,16,5,-57,-68,4.26,0.308,4.352,19.008,100%,3.853,4.056,2600,2082,0,2082,0,,0.00000,0.00000,0.0,0,0.0,-50,-1.2
J.Herter_T1,2026-02-28,11:53:08.803,39.85423,-83.65601,1086.1,39.85423,-83.65600,1085.5,3,0,0,144,0x03,32,5,16,4,-54,-64,4.23,0.481,4.284,26.680,100%,3.853,4.055,2601,2083,0,2083,0,,0.00000,0.00000,0.0,0,0.0,-50,-1.2
J.Herter_T1,2026-02-28,11:53:10.785,39.85423,-83.65601,1086.1,39.85423,-83.65600,1085.8,3,0,0,169,0x03,32,4,16,5,-53,-62,4.28,0.640,4.299,30.315,100%,3.853,4.055,2603,2085,0,2085,0,,0.00000,0.00000,0.0,0,0.0,-50,-1.0
J.Herter_T1,2026-02-28,11:53:11.803,39.85423,-83.65601,1086.1,39.85423,-83.65600,1085.9,3,0,0,53,0x03,32,3,17,5,-54,-61,4.31,0.733,4.314,27.187,100%,3.856,4.056,2604,2086,0,2086,0,,0.00000,0.00000,0.0,0,0.0,-50,-0.9
J.Herter_T1,2026-02-28,11:53:13.783,39.85423,-83.65601,1086.1,39.85423,-83.65600,1086.1,3,0,0,142,0x03,32,3,18,4,-59,-64,4.42,0.762,4.416,15.669,100%,3.856,4.055,2606,2088,0,2088,0,,0.00000,0.00000,0.0,0,0.0,-50,-0.8
J.Herter_T1,2026-02-28,11:53:14.804,39.85423,-83.65601,1086.1,39.85423,-83.65600,1086.2,3,0,0,-32,0x03,32,4,17,4,-60,-66,4.39,0.700,4.389,13.880,100%,3.854,4.055,2607,2089,0,2089,0,,0.00000,0.00000,0.0,0,0.0,-50,-0.7
J.Herter_T1,2026-02-28,11:53:16.783,39.85423,-83.65601,1086.1,39.85423,-83.65600,1086.1,3,0,0,-37,0x03,31,1,17,7,-61,-68,4.60,0.517,4.605,12.977,100%,3.835,4.055,2609,2091,0,2091,0,,0.00000,0.00000,0.0,0,0.0,-50,-0.6
J.Herter_T1,2026-02-28,11:53:17.804,39.85423,-83.65601,1086.1,39.85423,-83.65600,1086.1,3,0,0,128,0x03,27,1,4,14,-62,-67,4.55,0.450,4.551,11.431,100%,3.835,4.055,2610,2092,0,2092,0,,0.00000,0.00000,0.0,0,0.0,-50,-0.5
J.Herter_T1,2026-02-28,11:53:19.786,39.85423,-83.65601,1086.1,39.85423,-83.65600,1086.3,3,0,0,97,0x03,30,6,14,3,-54,-65,4.71,0.529,4.714,29.733,100%,3.853,4.057,2612,2094,0,2094,0,,0.00000,0.00000,0.0,0,0.0,-50,-0.4
J.Herter_T1,2026-02-28,11:53:20.803,39.85423,-83.65601,1086.1,39.85423,-83.65600,1086.5,3,0,0,81,0x03,32,7,17,1,-54,-64,5.55,0.721,5.568,35.046,100%,3.853,4.056,2613,2095,0,2095,0,,0.00000,0.00000,0.0,0,0.0,-50,-0.3
J.Herter_T1,2026-02-28,11:53:22.785,39.85423,-83.65601,1086.1,39.85423,-83.65600,1086.0,3,0,0,-140,0x03,31,5,14,5,-53,-61,5.39,0.139,5.393,38.164,100%,3.851,4.055,2615,2097,0,2097,0,,0.00000,0.00000,0.0,0,0.0,-50,-0.3
J.Herter_T1,2026-02-28,11:53:23.804,39.85423,-83.65601,1086.1,39.85423,-83.65600,1086.4,3,0,0,156,0x03,32,6,16,3,-49,-63,5.20,0.529,5.208,58.348,100%,3.851,4.055,2616,2098,0,2098,0,,0.00000,0.00000,0.0,0,0.0,-50,-0.2
J.Herter_T1,2026-02-28,11:53:25.784,39.85423,-83.65601,1086.1,39.85423,-83.65600,1086.2,3,0,0,27,0x03,32,6,14,5,-53,-63,5.23,0.208,5.228,37.008,100%,3.834,4.055,2618,2100,0,2100,0,,0.00000,0.00000,0.0,0,0.0,-50,-0.2
J.Herter_T1,2026-02-28,11:53:26.804,39.85423,-83.65601,1086.1,39.85423,-83.65600,1086.2,3,0,0,-51,0x03,32,6,14,5,-53,-62,5.17,0.237,5.174,36.623,100%,3.834,4.055,2619,2101,0,2101,0,,0.00000,0.00000,0.0,0,0.0,-50,-0.1
J.Herter_T1,2026-02-28,11:53:28.784,39.85423,-83.65601,1086.1,39.85423,-83.65600,1086.2,3,0,0,-46,0x03,32,5,16,4,-54,-64,5.12,0.118,5.119,32.297,100%,3.855,4.055,2621,2103,0,2103,0,,0.00000,0.00000,0.0,0,0.0,-50,-0.1
J.Herter_T1,2026-02-28,11:53:29.774,39.85423,-83.65601,1086.1,39.85423,-83.65600,1086.1,3,0,0,156,0x03,32,4,16,5,-55,-64,5.12,0.086,5.119,28.785,100%,3.856,4.057,2622,2104,0,2104,0,,0.00000,0.00000,0.0,0,0.0,-50,-0.1
J.Herter_T1,2026-02-28,11:53:30.794,39.85423,-83.65601,1086.1,39.85423,-83.65600,1086.1,3,0,0,-161,0x03,32,5,15,5,-58,-65,5.15,0.062,5.146,20.486,100%,3.856,4.055,2623,2105,0,2105,0,,0.00000,0.00000,0.0,0,0.0,-50,-0.1
J.Herter_T1,2026-02-28,11:53:31.787,39.85423,-83.65601,1086.1,39.85423,-83.65600,1086.1,3,0,0,138,0x03,32,5,16,4,-55,-65,5.15,0.009,5.147,28.938,100%,3.853,4.056,2624,2106,0,2106,0,,0.00000,0.00000,0.0,0,0.0,-50,-0.1
J.Herter_T1,2026-02-28,11:53:32.805,39.85423,-83.65601,1086.1,39.85423,-83.65600,1086.0,3,0,0,118,0x03,32,5,16,4,-55,-63,5.20,-0.019,5.201,29.243,100%,3.853,4.055,2625,2107,0,2107,0,,0.00000,0.00000,0.0,0,0.0,-50,-0.1
J.Herter_T1,2026-02-28,11:53:34.784,39.85423,-83.65601,1086.1,39.85423,-83.65600,1086.0,3,0,0,-38,0x03,32,5,16,4,-58,-66,5.17,-0.030,5.175,20.594,100%,3.856,4.055,2627,2109,0,2109,0,,0.00000,0.00000,0.0,0,0.0,-50,-0.1
J.Herter_T1,2026-02-28,11:53:35.806,39.85423,-83.65601,1086.1,39.85423,-83.65600,1086.2,3,0,0,92,0x03,32,5,16,4,-58,-65,5.09,0.130,5.092,20.270,100%,3.856,4.055,2628,2110,0,2110,0,,0.00000,0.00000,0.0,0,0.0,-50,-0.1
J.Herter_T1,2026-02-28,11:53:37.784,39.85423,-83.65601,1086.1,39.85423,-83.65600,1086.8,3,0,0,-162,0x03,32,5,15,5,-59,-65,4.87,0.598,4.913,17.296,100%,3.855,4.056,2630,2112,0,2112,0,,0.00000,0.00000,0.0,0,0.0,-50,0.0
J.Herter_T1,2026-02-28,11:53:38.804,39.85423,-83.65601,1086.1,39.85423,-83.65600,1087.0,3,0,0,83,0x03,32,5,16,4,-60,-67,4.77,0.780,4.847,15.073,100%,3.855,4.055,2631,2113,0,2113,0,,0.00000,0.00000,0.0,0,0.0,-50,0.1
J.Herter_T1,2026-02-28,11:53:40.784,39.85423,-83.65601,1086.1,39.85423,-83.65600,1087.5,3,0,0,104,0x03,32,5,15,5,-59,-66,4.71,1.040,4.905,16.720,100%,3.854,4.055,2633,2115,0,2115,0,,0.00000,0.00000,0.0,0,0.0,-50,0.3
J.Herter_T1,2026-02-28,11:53:41.774,39.85423,-83.65601,1086.1,39.85423,-83.65600,1087.6,3,0,0,22,0x03,32,5,13,7,-62,-66,4.71,1.027,4.934,11.837,100%,3.854,4.056,2634,2116,0,2116,0,,0.00000,0.00000,0.0,0,0.0,-50,0.4
J.Herter_T1,2026-02-28,11:53:43.786,39.85423,-83.65601,1086.1,39.85423,-83.65600,1087.7,3,0,0,-88,0x03,32,4,18,3,-62,-64,4.71,0.920,4.965,11.837,100%,3.855,4.055,2636,2118,0,2118,0,,0.00000,0.00000,0.0,0,0.0,-50,0.6
J.Herter_T1,2026-02-28,11:53:44.804,39.85423,-83.65601,1086.1,39.85423,-83.65600,1087.8,3,0,0,-152,0x03,32,3,19,2,-68,-70,4.36,0.872,4.651,5.492,100%,3.855,4.055,2637,2119,0,2119,0,,0.00000,0.00000,0.0,0,0.0,-50,0.7
J.Herter_T1,2026-02-28,11:53:45.805,39.85423,-83.65601,1086.1,39.85423,-83.65600,1087.9,3,0,0,55,0x03,32,4,16,4,-66,-77,4.26,0.897,4.596,6.744,100%,3.834,4.054,2638,2120,0,2120,0,,0.00000,0.00000,0.0,0,0.0,-50,0.8
J.Herter_T1,2026-02-28,11:53:46.787,39.85423,-83.65601,1086.1,39.85423,-83.65600,1087.8,3,0,0,-115,0x03,32,4,16,5,-61,-70,4.26,0.757,4.575,11.993,100%,3.834,4.055,2639,2121,0,2121,0,,0.00000,0.00000,0.0,0,0.0,-50,0.9
J.Herter_T1,2026-02-28,11:53:47.811,39.85423,-83.65601,1086.1,39.85423,-83.65601,1087.8,3,0,0,-33,0x03,32,3,17,5,-67,-69,4.12,0.649,4.438,5.822,100%,3.852,4.056,2640,2122,0,2122,0,,0.00000,0.00000,0.0,0,0.0,-50,1.0
J.Herter_T1,2026-02-28,11:53:49.784,39.85423,-83.65601,1086.1,39.85423,-83.65601,1087.9,3,0,0,2,0x03,32,3,18,4,-59,-75,4.02,0.650,4.394,14.246,100%,3.852,4.055,2642,2124,0,2124,0,,0.00000,0.00000,0.0,0,0.0,-50,1.1
J.Herter_T1,2026-02-28,11:53:50.774,39.85423,-83.65601,1086.1,39.85423,-83.65601,1087.9,3,0,0,174,0x03,32,3,17,5,-62,-68,4.04,0.526,4.393,10.152,100%,3.852,4.055,2643,2125,0,2125,0,,0.00000,0.00000,0.0,0,0.0,-50,1.2
J.Herter_T1,2026-02-28,11:53:51.796,39.85423,-83.65601,1086.1,39.85423,-83.65601,1087.8,3,0,0,-168,0x03,32,3,17,5,-62,-75,4.12,0.376,4.426,10.353,100%,3.855,4.055,2644,2126,0,2126,0,,0.00000,0.00000,0.0,0,0.0,-50,1.2
J.Herter_T1,2026-02-28,11:53:53.774,39.85423,-83.65601,1086.1,39.85423,-83.65601,1087.7,3,0,0,-173,0x03,32,4,16,5,-69,-71,3.83,0.279,4.141,4.297,100%,3.855,4.056,2646,2128,0,2128,0,,0.00000,0.00000,0.0,0,0.0,-50,1.3
J.Herter_T1,2026-02-28,11:53:54.794,39.85423,-83.65601,1086.1,39.85423,-83.65601,1087.6,3,0,0,-150,0x03,32,4,14,7,-76,-74,3.78,0.168,4.058,1.893,100%,3.850,4.055,2647,2129,0,2129,0,,0.00000,0.00000,0.0,0,0.0,-50,1.3
J.Herter_T1,2026-02-28,11:53:55.833,39.85423,-83.65601,1086.1,39.85423,-83.65601,1087.7,3,0,0,-99,0x03,32,3,16,5,-67,-76,3.72,0.169,4.016,5.260,100%,3.850,4.055,2648,2130,0,2130,0,,0.00000,0.00000,0.0,0,0.0,-50,1.3
J.Herter_T1,2026-02-28,11:53:56.828,39.85423,-83.65601,1086.1,39.85423,-83.65601,1087.7,3,0,0,29,0x03,32,4,16,5,-65,-75,3.72,0.238,4.053,6.622,100%,3.835,4.055,2649,2131,0,2131,0,,0.00000,0.00000,0.0,0,0.0,-50,1.4
J.Herter_T1,2026-02-28,11:53:58.784,39.85423,-83.65601,1086.1,39.85423,-83.65601,1087.9,3,0,0,-9,0x03,32,3,17,5,-55,-66,3.80,0.339,4.196,21.385,100%,3.853,4.055,2651,2133,0,2133,0,,0.00000,0.00000,0.0,0,0.0,-50,1.4
J.Herter_T1,2026-02-28,11:53:59.804,39.85423,-83.65601,1086.1,39.85423,-83.65601,1087.9,3,0,0,-14,0x03,32,4,15,6,-58,-65,3.86,0.258,4.222,15.350,100%,3.853,4.055,2652,2134,0,2134,0,,0.00000,0.00000,0.0,0,0.0,-50,1.5
J.Herter_T1,2026-02-28,11:54:01.784,39.85423,-83.65601,1086.1,39.85423,-83.65601,1087.7,3,0,0,-74,0x03,32,5,13,7,-52,-65,3.99,0.042,4.267,31.682,100%,3.853,4.055,2654,2136,0,2136,0,,0.00000,0.00000,0.0,0,0.0,-50,1.5
J.Herter_T1,2026-02-28,11:54:02.804,39.85423,-83.65601,1086.1,39.85423,-83.65601,1087.6,3,0,0,60,0x03,32,4,15,6,-55,-65,4.04,0.009,4.306,22.728,100%,3.853,4.055,2655,2137,0,2137,0,,0.00000,0.00000,0.0,0,0.0,-50,1.5
J.Herter_T1,2026-02-28,11:54:03.804,39.85423,-83.65601,1086.1,39.85423,-83.65601,1087.7,3,0,0,60,0x03,32,5,14,6,-55,-65,4.09,0.108,4.395,23.028,100%,3.853,4.055,2656,2138,0,2138,0,,0.00000,0.00000,0.0,0,0.0,-50,1.5
J.Herter_T1,2026-02-28,11:54:05.774,39.85423,-83.65601,1086.1,39.85423,-83.65600,1087.9,3,0,0,-25,0x03,32,4,16,4,-57,-61,4.23,0.222,4.579,18.888,100%,3.832,4.055,2658,2140,0,2140,0,,0.00000,0.00000,0.0,0,0.0,-50,1.5
J.Herter_T1,2026-02-28,11:54:07.784,39.85423,-83.65601,1086.1,39.85423,-83.65601,1088.1,3,0,0,73,0x03,32,3,18,3,-57,-64,4.07,0.366,4.523,18.173,100%,3.850,4.055,2660,2142,0,2142,0,,0.00000,0.00000,0.0,0,0.0,-50,1.6
J.Herter_T1,2026-02-28,11:54:08.806,39.85423,-83.65601,1086.1,39.85423,-83.65601,1088.1,3,0,0,-110,0x03,32,3,18,3,-57,-65,4.07,0.341,4.529,18.173,100%,3.850,4.055,2661,2143,0,2143,0,,0.00000,0.00000,0.0,0,0.0,-50,1.6
J.Herter_T1,2026-02-28,11:54:10.784,39.85423,-83.65601,1086.1,39.85423,-83.65601,1088.0,3,0,0,-43,0x03,32,3,17,4,-55,-60,3.91,0.144,4.315,21.981,100%,3.850,4.055,2663,2145,0,2145,0,,0.00000,0.00000,0.0,0,0.0,-50,1.7
J.Herter_T1,2026-02-28,11:54:11.804,39.85423,-83.65601,1086.1,39.85423,-83.65601,1087.9,3,1,0,167,0x03,32,3,16,6,-58,-65,3.31,0.021,3.720,13.159,100%,3.853,4.055,2664,2146,0,2146,0,,0.00000,0.00000,0.0,0,0.0,-50,1.7
J.Herter_T1,2026-02-28,11:54:13.785,39.85423,-83.65601,1086.1,39.85423,-83.65601,1087.6,3,0,0,-162,0x03,32,2,17,6,-61,-64,3.70,-0.243,3.957,10.421,100%,3.853,4.055,2666,2148,0,2148,0,,0.00000,0.00000,0.0,0,0.0,-50,1.7
J.Herter_T1,2026-02-28,11:54:14.805,39.85423,-83.65601,1086.1,39.85423,-83.65601,1087.5,3,0,0,-173,0x03,32,4,15,6,-55,-67,3.67,-0.311,3.897,20.644,100%,3.853,4.055,2667,2149,0,2149,0,,0.00000,0.00000,0.0,0,0.0,-50,1.6
J.Herter_T1,2026-02-28,11:54:15.806,39.85423,-83.65601,1086.1,39.85423,-83.65601,1087.3,3,0,0,46,0x03,32,4,15,6,-55,-63,3.64,-0.415,3.824,20.496,100%,3.853,4.054,2668,2150,0,2150,0,,0.00000,0.00000,0.0,0,0.0,-50,1.6
J.Herter_T1,2026-02-28,11:54:17.777,39.85423,-83.65601,1086.1,39.85423,-83.65601,1086.9,3,0,0,133,0x03,32,4,15,6,-58,-75,3.44,-0.685,3.516,13.676,100%,3.854,4.056,2670,2152,0,2152,0,,0.00000,0.00000,0.0,0,0.0,-50,1.4
J.Herter_T1,2026-02-28,11:54:19.785,39.85423,-83.65601,1086.1,39.85423,-83.65601,1086.9,3,0,0,-122,0x03,32,4,18,3,-65,-65,3.41,-0.590,3.481,6.063,100%,3.852,4.056,2672,2154,0,2154,0,,0.00000,0.00000,0.0,0,0.0,-50,1.3
J.Herter_T1,2026-02-28,11:54:20.775,39.85423,-83.65601,1086.1,39.85423,-83.65601,1086.9,3,0,0,120,0x03,32,5,17,3,-53,-72,3.49,-0.490,3.567,24.690,100%,3.847,4.055,2673,2155,0,2155,0,,0.00000,0.00000,0.0,0,0.0,-50,1.2
J.Herter_T1,2026-02-28,11:54:22.815,39.85425,-83.65601,1085.0,39.85423,-83.65601,1086.7,3,0,0,0,0x03,32,4,16,5,-52,-62,5.65,0.551,5.930,44.913,94%,3.847,4.056,2675,2156,0,2156,0,,0.00000,0.00000,0.0,0,0.0,-50,1.2
J.Herter_T1,2026-02-28,11:54:23.826,39.85425,-83.65601,1085.0,39.85423,-83.65601,1086.5,3,1,0,66,0x03,32,6,16,3,-55,-61,5.72,0.257,5.922,32.186,94%,3.847,4.055,2676,2157,0,2157,0,,0.00000,0.00000,0.0,0,0.0,-50,1.3
J.Herter_T1,2026-02-28,11:54:25.785,39.85425,-83.65601,1085.0,39.85423,-83.65601,1086.4,3,0,0,87,0x03,32,3,13,9,-62,-62,5.51,0.138,5.697,13.844,94%,3.834,4.054,2678,2159,0,2159,0,,0.00000,0.00000,0.0,0,0.0,-50,1.3
J.Herter_T1,2026-02-28,11:54:26.776,39.85425,-83.65601,1085.0,39.85423,-83.65601,1086.5,3,0,0,-52,0x03,32,4,15,6,-61,-70,5.57,0.210,5.774,15.686,94%,3.834,4.055,2679,2160,0,2160,0,,0.00000,0.00000,0.0,0,0.0,-50,1.3
J.Herter_T1,2026-02-28,11:54:27.795,39.85425,-83.65601,1085.0,39.85423,-83.65601,1086.3,3,0,0,-117,0x03,32,4,17,4,-66,-70,5.57,0.018,5.733,8.831,94%,3.843,4.055,2680,2161,0,2161,0,,0.00000,0.00000,0.0,0,0.0,-50,1.3
J.Herter_T1,2026-02-28,11:54:28.786,39.85425,-83.65601,1085.0,39.85423,-83.65601,1086.1,3,0,0,90,0x03,32,4,15,6,-59,-74,5.57,-0.144,5.687,19.747,93%,3.843,4.056,2681,2162,0,2162,0,,0.00000,0.00000,0.0,0,0.0,-50,1.3
J.Herter_T1,2026-02-28,11:54:29.835,39.85425,-83.65601,1085.0,39.85423,-83.65601,1086.2,3,0,0,-10,0x03,32,5,15,6,-55,-68,5.56,-0.052,5.699,31.260,94%,3.850,4.055,2682,2163,0,2163,0,,0.00000,0.00000,0.0,0,0.0,-50,1.3
J.Herter_T1,2026-02-28,11:54:31.785,39.85425,-83.65601,1085.0,39.85423,-83.65601,1085.9,3,0,0,133,0x03,32,4,13,8,-59,-67,5.53,-0.309,5.608,19.615,94%,3.852,4.055,2684,2165,0,2165,0,,0.00000,0.00000,0.0,0,0.0,-50,1.2
J.Herter_T1,2026-02-28,11:54:32.775,39.85425,-83.65601,1085.0,39.85423,-83.65601,1086.0,3,0,0,-43,0x03,32,3,14,8,-61,-67,5.50,-0.231,5.590,15.504,94%,3.852,4.056,2685,2166,0,2166,0,,0.00000,0.00000,0.0,0,0.0,-50,1.2
J.Herter_T1,2026-02-28,11:54:33.797,39.85425,-83.65601,1085.0,39.85423,-83.65601,1086.3,3,0,0,-151,0x03,32,4,15,6,-62,-68,5.47,0.091,5.631,13.747,96%,3.851,4.055,2686,2167,0,2167,0,,0.00000,0.00000,0.0,0,0.0,-50,1.2
J.Herter_T1,2026-02-28,11:54:34.804,39.85425,-83.65601,1085.0,39.85423,-83.65601,1086.9,3,0,0,14,0x03,32,4,13,8,-61,-70,5.45,0.595,5.770,15.359,96%,3.851,4.056,2687,2168,0,2168,0,,0.00000,0.00000,0.0,0,0.0,-50,1.3
J.Herter_T1,2026-02-28,11:54:35.808,39.85425,-83.65601,1085.0,39.85423,-83.65601,1087.1,3,0,0,-16,0x03,32,5,13,8,-71,-68,5.44,0.787,5.856,4.846,96%,3.851,4.056,2688,2169,0,2169,0,,0.00000,0.00000,0.0,0,0.0,-50,1.4
J.Herter_T1,2026-02-28,11:54:37.785,39.85425,-83.65601,1085.0,39.85423,-83.65601,1087.0,3,0,0,151,0x03,32,3,14,9,-58,-62,5.43,0.535,5.802,21.614,96%,3.829,4.056,2690,2171,0,2171,0,,0.00000,0.00000,0.0,0,0.0,-50,1.5
J.Herter_T1,2026-02-28,11:54:38.777,39.85425,-83.65601,1085.0,39.85423,-83.65601,1087.0,3,0,0,-66,0x03,32,3,17,6,-54,-65,5.43,0.502,5.810,34.255,96%,3.852,4.056,2691,2172,0,2172,0,,0.00000,0.00000,0.0,0,0.0,-50,1.6
J.Herter_T1,2026-02-28,11:54:39.795,39.85425,-83.65601,1085.0,39.85423,-83.65601,1087.4,3,0,0,-104,0x03,32,5,15,5,-66,-66,5.42,0.762,5.931,8.586,96%,3.852,4.055,2692,2173,0,2173,0,,0.00000,0.00000,0.0,0,0.0,-50,1.7
J.Herter_T1,2026-02-28,11:54:41.777,39.85425,-83.65601,1085.0,39.85423,-83.65601,1087.6,3,0,0,-149,0x03,32,5,15,4,-57,-70,5.45,0.813,6.060,24.365,96%,3.849,4.055,2694,2175,0,2175,0,,0.00000,0.00000,0.0,0,0.0,-50,1.8
J.Herter_T1,2026-02-28,11:54:42.798,39.85425,-83.65601,1085.0,39.85423,-83.65601,1087.7,3,0,0,47,0x03,32,4,15,7,-54,-66,5.43,0.847,6.095,34.262,100%,3.851,4.057,2695,2176,0,2176,0,,0.00000,0.00000,0.0,0,0.0,-50,1.9
J.Herter_T1,2026-02-28,11:54:44.776,39.85425,-83.65601,1085.0,39.85423,-83.65601,1087.8,3,0,0,0,0x03,32,2,18,4,-59,-80,5.42,0.725,6.110,19.217,100%,3.851,4.054,2697,2178,0,2178,0,,0.00000,0.00000,0.0,0,0.0,-50,2.1
J.Herter_T1,2026-02-28,11:54:45.795,39.85425,-83.65601,1085.0,39.85423,-83.65601,1087.7,3,0,0,-3,0x03,32,3,15,6,-53,-65,5.42,0.540,6.053,38.344,100%,3.826,4.054,2698,2179,0,2179,0,,0.00000,0.00000,0.0,0,0.0,-50,2.2
J.Herter_T1,2026-02-28,11:54:46.802,39.85425,-83.65601,1085.0,39.85423,-83.65601,1087.5,3,0,0,-39,0x03,32,2,15,7,-50,-63,5.42,0.377,6.001,54.178,100%,3.826,4.055,2699,2180,0,2180,0,,0.00000,0.00000,0.0,0,0.0,-50,2.2
J.Herter_T1,2026-02-28,11:54:47.809,39.85425,-83.65601,1085.0,39.85423,-83.65601,1087.4,3,0,0,92,0x03,32,3,16,5,-59,-60,5.42,0.198,5.940,19.243,100%,3.850,4.054,2700,2181,0,2181,0,,0.00000,0.00000,0.0,0,0.0,-50,2.2
J.Herter_T1,2026-02-28,11:54:48.805,39.85425,-83.65601,1085.0,39.85423,-83.65601,1087.1,3,0,0,-167,0x03,32,4,15,5,-53,-67,5.43,-0.067,5.837,38.409,100%,3.850,4.055,2701,2182,0,2182,0,,0.00000,0.00000,0.0,0,0.0,-50,2.2
J.Herter_T1,2026-02-28,11:54:50.778,39.85425,-83.65601,1085.0,39.85423,-83.65601,1086.8,3,0,0,38,0x03,32,5,14,6,-52,-61,5.41,-0.332,5.714,43.011,100%,3.848,4.056,2703,2184,0,2184,0,,0.00000,0.00000,0.0,0,0.0,-50,2.2
J.Herter_T1,2026-02-28,11:54:51.795,39.85425,-83.65601,1085.0,39.85423,-83.65601,1086.7,3,0,0,121,0x03,32,4,15,6,-50,-60,5.41,-0.349,5.693,54.114,100%,3.852,4.055,2704,2185,0,2185,0,,0.00000,0.00000,0.0,0,0.0,-50,2.1
J.Herter_T1,2026-02-28,11:54:53.775,39.85425,-83.65601,1085.0,39.85423,-83.65601,1086.7,3,0,0,123,0x03,32,4,14,7,-53,-61,5.42,-0.275,5.703,38.367,100%,3.850,4.055,2706,2187,0,2187,0,,0.00000,0.00000,0.0,0,0.0,-50,2.0
J.Herter_T1,2026-02-28,11:54:54.797,39.85425,-83.65601,1085.0,39.85423,-83.65601,1086.6,3,0,0,-20,0x03,32,4,14,7,-62,-62,5.41,-0.389,5.648,13.593,100%,3.850,4.055,2707,2188,0,2188,0,,0.00000,0.00000,0.0,0,0.0,-50,2.0
J.Herter_T1,2026-02-28,11:54:56.775,39.85425,-83.65601,1085.0,39.85423,-83.65601,1086.3,3,0,0,-40,0x03,32,4,14,6,-51,-62,5.41,-0.539,5.578,48.238,100%,3.847,4.055,2709,2190,0,2190,0,,0.00000,0.00000,0.0,0,0.0,-50,1.9
J.Herter_T1,2026-02-28,11:54:57.795,39.85425,-83.65601,1085.0,39.85423,-83.65601,1086.2,3,0,0,86,0x03,32,4,15,5,-57,-61,5.41,-0.586,5.552,24.176,100%,3.847,4.054,2710,2191,0,2191,0,,0.00000,0.00000,0.0,0,0.0,-50,1.8
J.Herter_T1,2026-02-28,11:54:58.803,39.85425,-83.65601,1085.0,39.85423,-83.65601,1086.2,3,0,0,13,0x03,32,4,14,6,-53,-64,5.41,-0.495,5.559,38.310,100%,3.850,4.055,2711,2192,0,2192,0,,0.00000,0.00000,0.0,0,0.0,-50,1.8
J.Herter_T1,2026-02-28,11:54:59.805,39.85425,-83.65601,1085.0,39.85423,-83.65601,1086.3,3,0,0,46,0x03,32,4,14,7,-53,-62,5.41,-0.431,5.563,38.310,100%,3.850,4.055,2712,2193,0,2193,0,,0.00000,0.00000,0.0,0,0.0,-50,1.7
J.Herter_T1,2026-02-28,11:55:00.803,39.85425,-83.65601,1085.0,39.85423,-83.65601,1086.2,3,0,0,-26,0x03,32,4,15,6,-53,-63,5.41,-0.455,5.545,38.304,100%,3.850,4.055,2713,2194,0,2194,0,,0.00000,0.00000,0.0,0,0.0,-50,1.7
J.Herter_T1,2026-02-28,11:55:02.777,39.85425,-83.65601,1085.0,39.85423,-83.65601,1086.3,3,0,0,-45,0x03,32,5,14,6,-51,-62,5.41,-0.244,5.579,48.216,100%,3.847,4.055,2715,2196,0,2196,0,,0.00000,0.00000,0.0,0,0.0,-50,1.6
J.Herter_T1,2026-02-28,11:55:03.798,39.85425,-83.65601,1085.0,39.85423,-83.65601,1086.4,3,0,0,161,0x03,32,4,15,6,-53,-60,5.41,-0.134,5.601,38.290,100%,3.847,4.055,2716,2197,0,2197,0,,0.00000,0.00000,0.0,0,0.0,-50,1.6
J.Herter_T1,2026-02-28,11:55:05.776,39.85425,-83.65601,1085.0,39.85423,-83.65601,1086.5,3,0,0,38,0x03,32,3,16,6,-51,-63,5.43,-0.017,5.646,48.366,100%,3.834,4.055,2718,2199,0,2199,0,,0.00000,0.00000,0.0,0,0.0,-50,1.6
J.Herter_T1,2026-02-28,11:55:06.797,39.85425,-83.65601,1085.0,39.85423,-83.65601,1086.7,3,0,0,98,0x03,32,5,16,4,-52,-60,5.47,0.170,5.746,43.438,100%,3.834,4.055,2719,2200,0,2200,0,,0.00000,0.00000,0.0,0,0.0,-50,1.6
J.Herter_T1,2026-02-28,11:55:08.776,39.85425,-83.65601,1085.0,39.85423,-83.65601,1086.9,3,0,0,136,0x03,32,5,16,4,-48,-58,5.61,0.317,5.945,70.594,100%,3.846,4.055,2721,2202,0,2202,0,,0.00000,0.00000,0.0,0,0.0,-50,1.7
J.Herter_T1,2026-02-28,11:55:09.796,39.85425,-83.65601,1085.0,39.85423,-83.65601,1087.1,3,0,0,174,0x03,32,5,17,3,-48,-58,5.64,0.403,6.019,70.980,100%,3.846,4.054,2722,2203,0,2203,0,,0.00000,0.00000,0.0,0,0.0,-50,1.7
J.Herter_T1,2026-02-28,11:55:11.776,39.85425,-83.65601,1085.0,39.85423,-83.65601,1087.4,3,0,0,-133,0x03,32,5,18,2,-47,-58,5.63,0.576,6.120,79.530,100%,3.850,4.054,2724,2205,0,2205,0,,0.00000,0.00000,0.0,0,0.0,-50,1.8
J.Herter_T1,2026-02-28,11:55:12.796,39.85425,-83.65601,1085.0,39.85423,-83.65601,1087.5,3,0,0,161,0x03,32,6,19,0,-47,-58,5.63,0.637,6.172,79.530,100%,3.850,4.055,2725,2206,0,2206,0,,0.00000,0.00000,0.0,0,0.0,-50,1.9
J.Herter_T1,2026-02-28,11:55:14.776,39.85425,-83.65601,1085.0,39.85423,-83.65601,1087.6,3,0,0,95,0x03,32,6,19,0,-47,-55,5.65,0.598,6.233,79.868,100%,3.846,4.056,2727,2208,0,2208,0,,0.00000,0.00000,0.0,0,0.0,-50,2.0
J.Herter_T1,2026-02-28,11:55:15.798,39.85425,-83.65601,1085.0,39.85423,-83.65601,1087.6,3,0,0,146,0x03,32,5,20,0,-48,-58,5.68,0.535,6.255,71.498,100%,3.846,4.055,2728,2209,0,2209,0,,0.00000,0.00000,0.0,0,0.0,-50,2.1
J.Herter_T1,2026-02-28,11:55:17.776,39.85423,-83.65601,1090.7,39.85423,-83.65601,1087.5,3,0,0,104,0x03,32,9,17,1,-48,-58,2.51,-4.349,4.081,31.574,100%,3.831,4.056,2730,2211,0,2211,0,,0.00000,0.00000,0.0,0,0.0,-50,1.1
J.Herter_T1,2026-02-28,11:55:18.796,39.85423,-83.65601,1090.7,39.85423,-83.65601,1087.5,3,0,0,-97,0x03,32,7,18,1,-50,-57,2.36,-3.928,4.006,23.618,100%,3.849,4.055,2731,2212,0,2212,0,,0.00000,0.00000,0.0,0,0.0,-50,0.7
J.Herter_T1,2026-02-28,11:55:20.776,39.85423,-83.65601,1090.7,39.85423,-83.65601,1087.2,3,1,0,-65,0x03,32,3,19,4,-53,-55,1.84,-3.405,3.954,13.002,100%,3.853,4.055,2733,2214,0,2214,0,,0.00000,0.00000,0.0,0,0.0,-50,-0.1
J.Herter_T1,2026-02-28,11:55:21.796,39.85423,-83.65601,1090.7,39.85423,-83.65601,1087.4,3,0,0,78,0x03,32,6,12,7,-60,-62,1.41,-2.926,3.634,4.471,100%,3.853,4.055,2734,2215,0,2215,0,,0.00000,0.00000,0.0,0,0.0,-50,-0.4
J.Herter_T1,2026-02-28,11:55:23.776,39.85423,-83.65601,1090.7,39.85423,-83.65601,1087.6,3,0,0,-131,0x03,32,4,16,6,-65,-68,1.65,-2.230,3.584,2.942,100%,3.855,4.053,2736,2217,0,2217,0,,0.00000,0.00000,0.0,0,0.0,-50,-1.0
J.Herter_T1,2026-02-28,11:55:24.797,39.85423,-83.65601,1090.7,39.85423,-83.65601,1087.5,3,0,0,-177,0x03,32,4,17,4,-62,-71,1.56,-2.078,3.613,3.922,100%,3.855,4.055,2737,2218,0,2218,0,,0.00000,0.00000,0.0,0,0.0,-50,-1.2
J.Herter_T1,2026-02-28,11:55:26.776,39.85423,-83.65601,1090.7,39.85423,-83.65601,1087.7,3,0,0,-21,0x03,32,4,13,8,-75,-76,1.53,-1.474,3.386,0.858,100%,3.831,4.055,2739,2220,0,2220,0,,0.00000,0.00000,0.0,0,0.0,-50,-1.5
J.Herter_T1,2026-02-28,11:55:27.796,39.85423,-83.65601,1090.7,39.85423,-83.65601,1087.9,3,0,0,-73,0x03,32,4,15,6,-65,-83,1.43,-1.170,3.187,2.541,100%,3.847,4.055,2740,2221,0,2221,0,,0.00000,0.00000,0.0,0,0.0,-50,-1.7
J.Herter_T1,2026-02-28,11:55:29.776,39.85423,-83.65601,1090.7,39.85423,-83.65601,1087.9,3,0,0,111,0x03,32,5,13,7,-61,-68,1.48,-0.958,3.217,4.160,100%,3.849,4.054,2742,2223,0,2223,0,,0.00000,0.00000,0.0,0,0.0,-50,-1.9
J.Herter_T1,2026-02-28,11:55:30.796,39.85423,-83.65601,1090.7,39.85423,-83.65601,1087.8,3,0,0,-155,0x03,32,5,15,4,-52,-66,1.41,-0.915,3.242,11.231,100%,3.849,4.055,2743,2224,0,2224,0,,0.00000,0.00000,0.0,0,0.0,-50,-2.0
J.Herter_T1,2026-02-28,11:55:32.777,39.85423,-83.65601,1090.7,39.85423,-83.65601,1087.6,3,0,0,54,0x03,32,5,14,6,-54,-68,1.37,-0.907,3.400,8.654,100%,3.852,4.055,2745,2226,0,2226,0,,0.00000,0.00000,0.0,0,0.0,-50,-2.2
J.Herter_T1,2026-02-28,11:55:33.796,39.85423,-83.65601,1090.7,39.85423,-83.65601,1087.7,3,0,0,26,0x03,32,4,16,5,-55,-64,1.39,-0.775,3.364,7.790,100%,3.852,4.055,2746,2227,0,2227,0,,0.00000,0.00000,0.0,0,0.0,-50,-2.3
J.Herter_T1,2026-02-28,11:55:35.778,39.85423,-83.65601,1090.7,39.85423,-83.65601,1087.9,3,0,0,115,0x03,32,4,16,5,-62,-64,1.35,-0.445,3.147,3.380,100%,3.852,4.053,2748,2229,0,2229,0,,0.00000,0.00000,0.0,0,0.0,-50,-2.4
J.Herter_T1,2026-02-28,11:55:36.798,39.85423,-83.65601,1090.7,39.85423,-83.65601,1087.8,3,0,0,-24,0x03,32,3,17,4,-65,-70,1.33,-0.522,3.265,2.371,100%,3.851,4.054,2749,2230,0,2230,0,,0.00000,0.00000,0.0,0,0.0,-50,-2.5
J.Herter_T1,2026-02-28,11:55:38.776,39.85423,-83.65601,1090.7,39.85423,-83.65601,1087.6,3,0,0,-97,0x03,32,3,16,5,-52,-66,1.30,-0.590,3.435,10.320,100%,3.851,4.055,2751,2232,0,2232,0,,0.00000,0.00000,0.0,0,0.0,-50,-2.6
J.Herter_T1,2026-02-28,11:55:39.796,39.85423,-83.65601,1090.7,39.85423,-83.65601,1087.5,3,0,0,35,0x03,32,3,16,5,-48,-60,1.33,-0.564,3.481,16.785,100%,3.851,4.055,2752,2233,0,2233,0,,0.00000,0.00000,0.0,0,0.0,-50,-2.7
J.Herter_T1,2026-02-28,11:55:41.777,39.85423,-83.65601,1090.7,39.85423,-83.65601,1087.3,3,0,0,51,0x03,32,4,12,8,-47,-57,1.37,-0.661,3.718,19.374,100%,3.851,4.055,2754,2235,0,2235,0,,0.00000,0.00000,0.0,0,0.0,-50,-2.8
J.Herter_T1,2026-02-28,11:55:42.796,39.85423,-83.65601,1090.7,39.85423,-83.65601,1087.1,3,0,0,-1,0x03,32,4,13,7,-49,-57,1.39,-0.808,3.943,15.543,100%,3.849,4.054,2755,2236,0,2236,0,,0.00000,0.00000,0.0,0,0.0,-50,-2.9
J.Herter_T1,2026-02-28,11:55:44.778,39.85423,-83.65601,1090.7,39.85423,-83.65601,1087.0,3,0,0,-11,0x03,32,5,14,6,-54,-70,1.35,-0.717,4.003,8.490,100%,3.849,4.056,2757,2238,0,2238,0,,0.00000,0.00000,0.0,0,0.0,-50,-3.1
J.Herter_T1,2026-02-28,11:55:45.796,39.85423,-83.65601,1090.7,39.85423,-83.65601,1087.0,3,0,0,-178,0x03,32,3,17,5,-59,-64,1.31,-0.654,4.001,4.648,100%,3.831,4.055,2758,2239,0,2239,0,,0.00000,0.00000,0.0,0,0.0,-50,-3.1
J.Herter_T1,2026-02-28,11:55:47.776,39.85423,-83.65601,1090.7,39.85423,-83.65601,1086.9,3,1,0,-172,0x03,32,4,16,5,-62,-74,1.39,-0.629,4.134,3.480,100%,3.848,4.052,2760,2241,0,2241,0,,0.00000,0.00000,0.0,0,0.0,-50,-3.3
J.Herter_T1,2026-02-28,11:55:48.799,39.85423,-83.65601,1090.7,39.85423,-83.65601,1086.7,3,0,0,-43,0x03,32,5,16,4,-49,-76,1.35,-0.670,4.230,15.098,100%,3.848,4.052,2761,2242,0,2242,0,,0.00000,0.00000,0.0,0,0.0,-50,-3.3
J.Herter_T1,2026-02-28,11:55:50.776,39.85423,-83.65601,1090.7,39.85423,-83.65601,1086.5,3,0,0,18,0x03,32,4,14,6,-61,-60,1.28,-0.783,4.482,3.605,100%,3.850,4.056,2763,2244,0,2244,0,,0.00000,0.00000,0.0,0,0.0,-50,-3.5
J.Herter_T1,2026-02-28,11:55:51.798,39.85423,-83.65601,1090.7,39.85423,-83.65601,1086.3,3,0,0,-135,0x03,32,4,14,7,-62,-70,1.30,-0.829,4.620,3.264,100%,3.850,4.053,2764,2245,0,2245,0,,0.00000,0.00000,0.0,0,0.0,-50,-3.6
J.Herter_T1,2026-02-28,11:55:53.776,39.85423,-83.65601,1090.7,39.85423,-83.65601,1086.0,3,1,0,-137,0x03,32,3,15,7,-64,-74,1.21,-0.967,4.932,2.414,100%,3.850,4.053,2766,2247,0,2247,0,,0.00000,0.00000,0.0,0,0.0,-50,-3.8
J.Herter_T1,2026-02-28,11:55:54.796,39.85423,-83.65601,1090.7,39.85423,-83.65601,1086.0,3,0,0,39,0x03,32,3,17,5,-67,-69,1.23,-0.811,4.872,1.732,100%,3.847,4.055,2767,2248,0,2248,0,,0.00000,0.00000,0.0,0,0.0,-50,-3.9
J.Herter_T1,2026-02-28,11:55:56.777,39.85423,-83.65601,1090.7,39.85423,-83.65601,1086.5,3,0,0,47,0x03,32,4,18,3,-64,-75,1.31,-0.290,4.485,2.614,100%,3.830,4.055,2769,2250,0,2250,0,,0.00000,0.00000,0.0,0,0.0,-50,-4.0
J.Herter_T1,2026-02-28,11:55:57.799,39.85423,-83.65601,1090.7,39.85423,-83.65601,1086.5,3,0,0,147,0x03,32,4,16,4,-62,-80,1.37,-0.252,4.494,3.445,100%,3.830,4.054,2770,2251,0,2251,0,,0.00000,0.00000,0.0,0,0.0,-50,-4.0
J.Herter_T1,2026-02-28,11:55:59.777,39.85423,-83.65601,1090.7,39.85423,-83.65601,1086.6,3,0,0,-5,0x03,31,5,14,6,-62,-71,1.29,-0.094,4.350,3.238,100%,3.847,4.054,2772,2253,0,2253,0,,0.00000,0.00000,0.0,0,0.0,-50,-4.1
J.Herter_T1,2026-02-28,11:56:00.798,39.85423,-83.65601,1090.7,39.85423,-83.65601,1086.6,3,0,0,113,0x03,32,4,15,6,-70,-69,1.30,-0.105,4.375,1.299,100%,3.847,4.053,2773,2254,0,2254,0,,0.00000,0.00000,0.0,0,0.0,-50,-4.1
J.Herter_T1,2026-02-28,11:56:02.777,39.85423,-83.65601,1090.7,39.85423,-83.65601,1086.6,3,0,0,50,0x03,32,4,14,7,-53,-65,1.37,-0.038,4.350,9.710,100%,3.849,4.055,2775,2256,0,2256,0,,0.00000,0.00000,0.0,0,0.0,-50,-4.1
J.Herter_T1,2026-02-28,11:56:03.859,39.85423,-83.65601,1090.7,39.85423,-83.65601,1086.7,3,0,0,-57,0x03,32,5,13,7,-58,-62,1.40,-0.004,4.328,5.571,100%,3.849,4.055,2776,2257,0,2257,0,,0.00000,0.00000,0.0,0,0.0,-50,-4.1
J.Herter_T1,2026-02-28,11:56:05.779,39.85423,-83.65601,1090.7,39.85423,-83.65601,1086.7,3,0,0,118,0x03,32,3,16,5,-63,-64,1.44,0.014,4.321,3.233,100%,3.828,4.055,2778,2259,0,2259,0,,0.00000,0.00000,0.0,0,0.0,-50,-4.1
J.Herter_T1,2026-02-28,11:56:06.797,39.85423,-83.65601,1090.7,39.85423,-83.65601,1086.7,3,0,0,36,0x03,32,4,15,6,-68,-69,1.46,0.015,4.323,1.838,100%,3.828,4.051,2779,2260,0,2260,0,,0.00000,0.00000,0.0,0,0.0,-50,-4.1
J.Herter_T1,2026-02-28,11:56:08.777,39.85423,-83.65601,1090.7,39.85423,-83.65601,1086.6,3,0,0,108,0x03,32,4,17,4,-67,-76,1.49,-0.046,4.399,2.108,100%,3.849,4.055,2781,2262,0,2262,0,,0.00000,0.00000,0.0,0,0.0,-50,-4.1
J.Herter_T1,2026-02-28,11:56:09.799,39.85423,-83.65601,1090.7,39.85423,-83.65601,1086.5,3,0,0,140,0x03,32,3,17,5,-83,-80,1.54,-0.098,4.475,0.346,100%,3.847,4.052,2782,2263,0,2263,0,,0.00000,0.00000,0.0,0,0.0,-50,-4.1
J.Herter_T1,2026-02-28,11:56:11.777,39.85423,-83.65601,1090.7,39.85423,-83.65601,1086.3,3,0,0,-51,0x03,32,4,13,7,-57,-67,1.62,-0.248,4.694,7.219,100%,3.849,4.052,2784,2265,0,2265,0,,0.00000,0.00000,0.0,0,0.0,-50,-4.2
J.Herter_T1,2026-02-28,11:56:12.797,39.85423,-83.65601,1090.7,39.85423,-83.65601,1086.3,3,0,0,-59,0x03,32,4,15,5,-54,-63,1.65,-0.280,4.766,10.437,100%,3.849,4.055,2785,2266,0,2266,0,,0.00000,0.00000,0.0,0,0.0,-50,-4.2
J.Herter_T1,2026-02-28,11:56:14.777,39.85423,-83.65601,1090.7,39.85423,-83.65601,1086.2,3,0,0,-50,0x03,32,4,14,5,-72,-66,1.99,-0.262,4.940,1.580,100%,3.847,4.055,2787,2268,0,2268,0,,0.00000,0.00000,0.0,0,0.0,-50,-4.3
J.Herter_T1,2026-02-28,11:56:15.797,39.85423,-83.65601,1090.7,39.85423,-83.65601,1086.3,3,0,0,-73,0x03,32,5,13,5,-60,-82,2.10,-0.168,4.918,6.648,100%,3.847,4.055,2788,2269,0,2269,0,,0.00000,0.00000,0.0,0,0.0,-50,-4.3
J.Herter_T1,2026-02-28,11:56:17.779,39.85423,-83.65601,1090.7,39.85423,-83.65601,1086.5,3,0,0,-128,0x03,32,3,16,4,-57,-63,1.92,-0.009,4.709,8.588,100%,3.845,4.052,2790,2271,0,2271,0,,0.00000,0.00000,0.0,0,0.0,-50,-4.3
J.Herter_T1,2026-02-28,11:56:18.798,39.85423,-83.65601,1090.7,39.85423,-83.65601,1086.6,3,0,0,8,0x03,32,4,15,5,-60,-67,1.92,0.128,4.572,6.080,100%,3.844,4.055,2791,2272,0,2272,0,,0.00000,0.00000,0.0,0,0.0,-50,-4.3
J.Herter_T1,2026-02-28,11:56:20.777,39.85423,-83.65601,1090.7,39.85423,-83.65601,1086.8,3,0,0,117,0x03,32,3,14,6,-53,-68,2.24,0.248,4.566,15.874,100%,3.846,4.055,2793,2274,0,2274,0,,0.00000,0.00000,0.0,0,0.0,-50,-4.2
J.Herter_T1,2026-02-28,11:56:21.799,39.85423,-83.65601,1090.7,39.85423,-83.65601,1086.8,3,0,0,142,0x03,32,3,15,5,-50,-62,2.13,0.247,4.486,21.254,100%,3.846,4.054,2794,2275,0,2275,0,,0.00000,0.00000,0.0,0,0.0,-50,-4.2
J.Herter_T1,2026-02-28,11:56:23.777,39.85423,-83.65601,1090.7,39.85423,-83.65601,1086.8,3,0,0,82,0x03,32,5,13,5,-61,-63,2.39,0.185,4.632,6.725,100%,3.848,4.054,2796,2277,0,2277,0,,0.00000,0.00000,0.0,0,0.0,-50,-4.2
J.Herter_T1,2026-02-28,11:56:24.797,39.85423,-83.65601,1090.7,39.85423,-83.65601,1086.8,3,0,0,-110,0x03,32,4,15,4,-61,-69,2.36,0.155,4.631,6.656,100%,3.848,4.054,2797,2278,0,2278,0,,0.00000,0.00000,0.0,0,0.0,-50,-4.1
J.Herter_T1,2026-02-28,11:56:26.780,39.85423,-83.65601,1090.7,39.85423,-83.65601,1086.7,3,0,0,-69,0x03,32,5,13,5,-55,-63,2.31,0.055,4.678,13.011,100%,3.829,4.055,2799,2280,0,2280,0,,0.00000,0.00000,0.0,0,0.0,-50,-4.1
J.Herter_T1,2026-02-28,11:56:27.797,39.85423,-83.65601,1090.7,39.85423,-83.65601,1086.7,3,0,0,-173,0x03,32,4,13,6,-50,-65,2.24,0.023,4.669,22.423,100%,3.844,4.056,2800,2281,0,2281,0,,0.00000,0.00000,0.0,0,0.0,-50,-4.1
J.Herter_T1,2026-02-28,11:56:29.779,39.85423,-83.65601,1090.7,39.85423,-83.65601,1086.8,3,0,0,48,0x03,32,4,14,5,-54,-61,2.43,0.105,4.674,15.361,100%,3.846,4.054,2802,2283,0,2283,0,,0.00000,0.00000,0.0,0,0.0,-50,-4.1
J.Herter_T1,2026-02-28,11:56:30.800,39.85423,-83.65601,1090.7,39.85423,-83.65601,1086.8,3,0,0,88,0x03,32,3,14,6,-52,-63,2.56,0.153,4.684,20.314,100%,3.846,4.055,2803,2284,0,2284,0,,0.00000,0.00000,0.0,0,0.0,-50,-4.1
J.Herter_T1,2026-02-28,11:56:31.804,39.85423,-83.65601,1090.7,39.85423,-83.65601,1086.9,3,0,0,-142,0x03,32,5,11,8,-51,-62,2.58,0.236,4.608,23.013,100%,3.846,4.054,2804,2285,0,2285,0,,0.00000,0.00000,0.0,0,0.0,-50,-4.1
J.Herter_T1,2026-02-28,11:56:32.828,39.85423,-83.65601,1090.7,39.85423,-83.65601,1087.0,3,0,0,1,0x03,32,4,14,6,-53,-61,2.63,0.309,4.547,18.632,100%,3.846,4.055,2805,2286,0,2286,0,,0.00000,0.00000,0.0,0,0.0,-50,-4.0
J.Herter_T1,2026-02-28,11:56:33.804,39.85423,-83.65601,1090.7,39.85423,-83.65600,1087.1,3,0,0,4,0x03,32,4,14,5,-59,-64,2.73,0.314,4.574,9.694,100%,3.852,4.053,2806,2287,0,2287,0,,0.00000,0.00000,0.0,0,0.0,-50,-4.0
J.Herter_T1,2026-02-28,11:56:35.777,39.85423,-83.65601,1090.7,39.85423,-83.65600,1087.3,3,0,0,16,0x03,32,4,14,4,-68,-71,3.30,0.442,4.771,4.151,100%,3.852,4.052,2808,2289,0,2289,0,,0.00000,0.00000,0.0,0,0.0,-50,-3.9
J.Herter_T1,2026-02-28,11:56:36.797,39.85423,-83.65601,1090.7,39.85423,-83.65600,1087.4,3,0,0,-107,0x03,32,4,12,6,-60,-76,2.96,0.522,4.442,9.363,100%,3.830,4.055,2809,2290,0,2290,0,,0.00000,0.00000,0.0,0,0.0,-50,-3.8
J.Herter_T1,2026-02-28,11:56:38.780,39.85423,-83.65601,1090.7,39.85423,-83.65600,1087.3,3,0,0,138,0x03,32,4,15,4,-61,-65,2.99,0.320,4.547,8.417,100%,3.849,4.054,2811,2292,0,2292,0,,0.00000,0.00000,0.0,0,0.0,-50,-3.7
J.Herter_T1,2026-02-28,11:56:39.797,39.85423,-83.65601,1090.7,39.85423,-83.65600,1087.4,3,0,0,-86,0x03,32,4,15,4,-62,-78,2.99,0.374,4.476,7.501,100%,3.849,4.052,2812,2293,0,2293,0,,0.00000,0.00000,0.0,0,0.0,-50,-3.7
J.Herter_T1,2026-02-28,11:56:41.778,39.85423,-83.65601,1090.7,39.85421,-83.65601,1087.6,3,0,0,-149,0x03,32,6,14,3,-65,-80,8.25,0.429,8.847,14.679,100%,3.847,4.054,2814,2295,0,2295,0,,0.00000,0.00000,0.0,0,0.0,-50,-3.6
J.Herter_T1,2026-02-28,11:56:42.800,39.85423,-83.65603,1087.5,39.85421,-83.65601,1087.5,3,0,0,-22,0x03,32,4,16,4,-75,-76,9.01,2.896,9.012,5.068,100%,3.846,4.054,2815,2296,0,2296,0,,0.00000,0.00000,0.0,0,0.0,-50,-2.9
J.Herter_T1,2026-02-28,11:56:44.778,39.85423,-83.65603,1087.5,39.85421,-83.65601,1087.8,3,2,0,-75,0x03,32,4,17,4,-64,-75,8.27,2.597,8.274,16.501,100%,3.846,4.054,2817,2298,0,2298,0,,0.00000,0.00000,0.0,0,0.0,-50,-2.3
J.Herter_T1,2026-02-28,11:56:45.799,39.85423,-83.65603,1087.5,39.85421,-83.65601,1088.2,3,0,0,130,0x03,32,5,15,4,-63,-70,8.04,2.695,8.062,17.990,100%,3.828,4.052,2818,2299,0,2299,0,,0.00000,0.00000,0.0,0,0.0,-50,-2.0
J.Herter_T1,2026-02-28,11:56:47.778,39.85423,-83.65603,1087.5,39.85421,-83.65601,1088.6,3,0,0,60,0x03,32,4,17,3,-62,-70,7.61,2.499,7.676,19.111,100%,3.847,4.055,2820,2301,0,2301,0,,0.00000,0.00000,0.0,0,0.0,-50,-1.5
J.Herter_T1,2026-02-28,11:56:48.797,39.85423,-83.65603,1087.5,39.85421,-83.65601,1088.5,3,0,0,7,0x03,31,3,16,4,-62,-71,7.63,2.226,7.690,19.156,100%,3.847,4.054,2821,2302,0,2302,0,,0.00000,0.00000,0.0,0,0.0,-50,-1.2
J.Herter_T1,2026-02-28,11:56:50.779,39.85423,-83.65603,1087.5,39.85421,-83.65601,1088.6,3,0,0,79,0x03,31,4,14,5,-61,-71,7.90,1.843,7.970,22.272,100%,3.847,4.053,2823,2304,0,2304,0,,0.00000,0.00000,0.0,0,0.0,-50,-0.8
J.Herter_T1,2026-02-28,11:56:51.798,39.85423,-83.65603,1087.5,39.85421,-83.65601,1088.6,3,0,0,21,0x03,31,4,13,5,-60,-68,7.92,1.650,7.987,25.050,100%,3.845,4.052,2824,2305,0,2305,0,,0.00000,0.00000,0.0,0,0.0,-50,-0.6
J.Herter_T1,2026-02-28,11:56:53.778,39.85423,-83.65603,1087.5,39.85421,-83.65601,1088.4,3,0,0,57,0x03,31,2,16,5,-62,-68,7.92,1.178,7.966,19.898,100%,3.850,4.051,2826,2307,0,2307,0,,0.00000,0.00000,0.0,0,0.0,-50,-0.3
J.Herter_T1,2026-02-28,11:56:54.799,39.85423,-83.65603,1087.5,39.85421,-83.65601,1088.3,3,0,0,-23,0x03,31,3,14,6,-57,-69,7.92,0.963,7.955,35.384,100%,3.850,4.053,2827,2308,0,2308,0,,0.00000,0.00000,0.0,0,0.0,-50,-0.2
J.Herter_T1,2026-02-28,11:56:56.778,39.85423,-83.65603,1087.5,39.85421,-83.65601,1088.3,3,0,0,-94,0x03,31,3,15,5,-61,-69,7.79,0.791,7.826,21.956,100%,3.848,4.054,2829,2310,0,2310,0,,0.00000,0.00000,0.0,0,0.0,-50,-0.0
J.Herter_T1,2026-02-28,11:56:57.798,39.85423,-83.65603,1087.5,39.85421,-83.65601,1088.2,3,0,0,-43,0x03,31,2,16,4,-59,-70,7.48,0.662,7.516,26.555,100%,3.848,4.052,2830,2311,0,2311,0,,0.00000,0.00000,0.0,0,0.0,-50,0.0
J.Herter_T1,2026-02-28,11:56:59.780,39.85423,-83.65603,1087.5,39.85423,-83.65601,1088.1,3,1,0,-15,0x03,31,2,19,2,-57,-69,5.86,0.420,5.885,26.169,100%,3.843,4.052,2832,2313,0,2313,0,,0.00000,0.00000,0.0,0,0.0,-50,0.1
J.Herter_T1,2026-02-28,11:57:00.798,39.85423,-83.65603,1087.5,39.85423,-83.65601,1087.9,3,1,0,170,0x03,31,5,13,5,-58,-65,5.70,0.195,5.713,22.701,100%,3.847,4.052,2833,2314,0,2314,0,,0.00000,0.00000,0.0,0,0.0,-50,0.2
J.Herter_T1,2026-02-28,11:57:02.780,39.85423,-83.65603,1087.5,39.85421,-83.65601,1087.8,3,0,0,167,0x03,31,2,15,6,-61,-65,7.54,0.080,7.541,21.242,100%,3.846,4.055,2835,2316,0,2316,0,,0.00000,0.00000,0.0,0,0.0,-50,0.2
J.Herter_T1,2026-02-28,11:57:03.800,39.85423,-83.65603,1087.5,39.85421,-83.65601,1087.9,3,0,0,135,0x03,31,3,14,5,-67,-69,7.57,0.166,7.581,10.696,100%,3.846,4.052,2836,2317,0,2317,0,,0.00000,0.00000,0.0,0,0.0,-50,0.2
J.Herter_T1,2026-02-28,11:57:04.804,39.85423,-83.65603,1087.5,39.85421,-83.65601,1088.1,3,0,0,24,0x03,31,3,14,6,-66,-78,7.55,0.286,7.572,11.973,100%,3.846,4.054,2837,2318,0,2318,0,,0.00000,0.00000,0.0,0,0.0,-50,0.2
J.Herter_T1,2026-02-28,11:57:05.829,39.85423,-83.65603,1087.5,39.85423,-83.65601,1088.2,3,1,0,-70,0x03,31,4,17,2,-65,-75,5.51,0.387,5.545,9.790,100%,3.826,4.053,2838,2319,0,2319,0,,0.00000,0.00000,0.0,0,0.0,-50,0.3
J.Herter_T1,2026-02-28,11:57:06.818,39.85423,-83.65603,1087.5,39.85423,-83.65602,1088.2,3,0,0,-32,0x03,31,3,16,4,-64,-69,5.33,0.381,5.379,10.643,100%,3.826,4.055,2839,2320,0,2320,0,,0.00000,0.00000,0.0,0,0.0,-50,0.3
J.Herter_T1,2026-02-28,11:57:08.778,39.85423,-83.65603,1087.5,39.85423,-83.65602,1088.7,3,0,0,-95,0x03,31,4,15,4,-77,-76,5.19,0.702,5.315,2.317,100%,3.847,4.054,2841,2322,0,2322,0,,0.00000,0.00000,0.0,0,0.0,-50,0.5
J.Herter_T1,2026-02-28,11:57:09.798,39.85423,-83.65603,1087.5,39.85423,-83.65602,1088.9,3,0,0,-27,0x03,31,5,14,4,-70,-79,5.21,0.791,5.376,5.208,100%,3.849,4.055,2842,2323,0,2323,0,,0.00000,0.00000,0.0,0,0.0,-50,0.5
J.Herter_T1,2026-02-28,11:57:11.779,39.85423,-83.65603,1087.5,39.85423,-83.65602,1088.9,3,0,0,92,0x03,31,3,14,6,-65,-80,5.23,0.631,5.394,9.299,100%,3.843,4.054,2844,2325,0,2325,0,,0.00000,0.00000,0.0,0,0.0,-50,0.7
J.Herter_T1,2026-02-28,11:57:12.798,39.85423,-83.65603,1087.5,39.85423,-83.65602,1088.9,3,0,0,147,0x03,31,4,14,5,-75,-76,5.19,0.627,5.370,2.917,100%,3.843,4.055,2845,2326,0,2326,0,,0.00000,0.00000,0.0,0,0.0,-50,0.8
J.Herter_T1,2026-02-28,11:57:14.778,39.85423,-83.65603,1087.5,39.85423,-83.65602,1088.6,3,0,0,147,0x03,31,4,15,4,-63,-70,4.96,0.261,5.085,11.114,100%,3.844,4.055,2847,2328,0,2328,0,,0.00000,0.00000,0.0,0,0.0,-50,0.8
J.Herter_T1,2026-02-28,11:57:15.800,39.85423,-83.65603,1087.5,39.85423,-83.65602,1088.5,3,0,0,-100,0x03,31,4,15,4,-71,-72,5.02,0.155,5.125,4.478,100%,3.844,4.053,2848,2329,0,2329,0,,0.00000,0.00000,0.0,0,0.0,-50,0.9
J.Herter_T1,2026-02-28,11:57:17.778,39.85423,-83.65603,1087.5,39.85421,-83.65603,1088.5,3,2,0,-179,0x03,30,4,16,2,-55,-78,6.02,0.088,6.093,33.842,100%,3.827,4.051,2850,2331,0,2331,0,,0.00000,0.00000,0.0,0,0.0,-50,0.9
J.Herter_T1,2026-02-28,11:57:18.798,39.85423,-83.65603,1087.5,39.85421,-83.65603,1088.9,3,1,0,-64,0x03,31,4,15,4,-64,-66,5.89,0.446,6.044,11.750,100%,3.845,4.054,2851,2332,0,2332,0,,0.00000,0.00000,0.0,0,0.0,-50,0.9
J.Herter_T1,2026-02-28,11:57:20.778,39.85423,-83.65603,1087.5,39.85421,-83.65603,1089.6,3,0,0,4,0x03,30,4,15,3,-60,-75,5.85,1.004,6.215,18.496,100%,3.847,4.055,2853,2334,0,2334,0,,0.00000,0.00000,0.0,0,0.0,-50,1.1
J.Herter_T1,2026-02-28,11:57:21.798,39.85423,-83.65603,1087.5,39.85421,-83.65604,1090.0,3,1,0,-175,0x03,31,3,16,3,-58,-67,5.96,1.187,6.430,23.718,100%,3.847,4.055,2854,2335,0,2335,0,,0.00000,0.00000,0.0,0,0.0,-50,1.2
J.Herter_T1,2026-02-28,11:57:23.779,39.85423,-83.65603,1087.5,39.85421,-83.65604,1090.6,3,0,0,117,0x03,31,5,13,4,-55,-68,6.12,1.516,6.849,34.425,100%,3.844,4.054,2856,2337,0,2337,0,,0.00000,0.00000,0.0,0,0.0,-50,1.6
J.Herter_T1,2026-02-28,11:57:24.799,39.85423,-83.65603,1087.5,39.85421,-83.65604,1090.6,3,1,0,72,0x03,31,3,16,3,-55,-64,6.04,1.373,6.778,33.953,100%,3.844,4.055,2857,2338,0,2338,0,,0.00000,0.00000,0.0,0,0.0,-50,1.7
J.Herter_T1,2026-02-28,11:57:26.778,39.85423,-83.65603,1087.5,39.85421,-83.65604,1090.9,3,0,0,-79,0x03,31,5,15,2,-50,-61,5.99,1.380,6.880,59.861,100%,3.828,4.054,2859,2340,0,2340,0,,0.00000,0.00000,0.0,0,0.0,-50,2.0
J.Herter_T1,2026-02-28,11:57:27.799,39.85423,-83.65603,1087.5,39.85421,-83.65604,1091.2,3,0,0,130,0x03,31,5,13,5,-58,-59,6.07,1.493,7.091,24.152,100%,3.848,4.053,2860,2341,0,2341,0,,0.00000,0.00000,0.0,0,0.0,-50,2.2
J.Herter_T1,2026-02-28,11:57:29.779,39.85423,-83.65603,1087.5,39.85421,-83.65604,1091.5,3,0,0,93,0x03,31,4,17,2,-53,-65,6.19,1.490,7.372,43.833,100%,3.847,4.051,2862,2343,0,2343,0,,0.00000,0.00000,0.0,0,0.0,-50,2.5
J.Herter_T1,2026-02-28,11:57:30.799,39.85423,-83.65603,1087.5,39.85421,-83.65604,1091.6,3,0,0,160,0x03,31,4,17,2,-49,-63,6.24,1.420,7.461,70.002,100%,3.847,4.055,2863,2344,0,2344,0,,0.00000,0.00000,0.0,0,0.0,-50,2.7
J.Herter_T1,2026-02-28,11:57:32.779,39.85423,-83.65603,1087.5,39.85421,-83.65604,1092.0,3,0,0,94,0x03,31,5,16,2,-52,-58,6.38,1.503,7.804,50.639,100%,3.842,4.054,2865,2346,0,2346,0,,0.00000,0.00000,0.0,0,0.0,-50,3.0
J.Herter_T1,2026-02-28,11:57:33.798,39.85423,-83.65603,1087.5,39.85421,-83.65604,1092.1,3,0,0,-66,0x03,31,5,16,2,-54,-61,6.44,1.438,7.915,40.658,100%,3.845,4.052,2866,2347,0,2347,0,,0.00000,0.00000,0.0,0,0.0,-50,3.2
J.Herter_T1,2026-02-28,11:57:35.779,39.85423,-83.65603,1087.5,39.85421,-83.65604,1092.2,3,0,0,-2,0x03,31,4,15,4,-55,-64,6.62,1.254,8.118,37.216,100%,3.845,4.053,2868,2349,0,2349,0,,0.00000,0.00000,0.0,0,0.0,-50,3.4
J.Herter_T1,2026-02-28,11:57:36.799,39.85423,-83.65603,1087.5,39.85421,-83.65604,1092.3,3,1,0,-87,0x03,31,4,15,3,-64,-64,7.00,1.173,8.463,13.976,100%,3.846,4.054,2869,2350,0,2350,0,,0.00000,0.00000,0.0,0,0.0,-50,3.6
J.Herter_T1,2026-02-28,11:57:38.778,39.85423,-83.65603,1087.5,39.85421,-83.65604,1092.6,3,0,0,-161,0x03,31,3,16,3,-58,-79,7.26,1.257,8.878,28.906,100%,3.844,4.054,2871,2352,0,2352,0,,0.00000,0.00000,0.0,0,0.0,-50,3.9
J.Herter_T1,2026-02-28,11:57:39.798,39.85423,-83.65603,1087.5,39.85421,-83.65605,1092.9,3,0,0,-14,0x03,31,3,16,4,-57,-66,7.38,1.338,9.107,32.960,100%,3.844,4.053,2872,2353,0,2353,0,,0.00000,0.00000,0.0,0,0.0,-50,4.0
J.Herter_T1,2026-02-28,11:57:41.778,39.85423,-83.65603,1087.5,39.85421,-83.65605,1093.2,3,0,0,-94,0x03,31,3,16,4,-61,-66,7.50,1.367,9.404,21.138,100%,3.846,4.054,2874,2355,0,2355,0,,0.00000,0.00000,0.0,0,0.0,-50,4.3
J.Herter_T1,2026-02-28,11:57:42.798,39.85423,-83.65603,1087.5,39.85421,-83.65605,1093.4,3,0,0,-83,0x03,31,5,14,5,-62,-68,7.61,1.381,9.590,19.107,100%,3.842,4.054,2875,2356,0,2356,0,,0.00000,0.00000,0.0,0,0.0,-50,4.5
J.Herter_T1,2026-02-28,11:57:44.781,39.85423,-83.65603,1087.5,39.85421,-83.65605,1093.7,3,0,0,-92,0x03,31,4,15,4,-64,-72,7.73,1.382,9.880,15.430,100%,3.842,4.055,2877,2358,0,2358,0,,0.00000,0.00000,0.0,0,0.0,-50,4.8
J.Herter_T1,2026-02-28,11:57:45.799,39.85423,-83.65603,1087.5,39.85421,-83.65605,1093.8,3,0,0,-112,0x03,31,4,16,3,-67,-75,7.83,1.386,10.050,11.054,100%,3.825,4.053,2878,2359,0,2359,0,,0.00000,0.00000,0.0,0,0.0,-50,4.9
J.Herter_T1,2026-02-28,11:57:47.778,39.85423,-83.65603,1087.5,39.85421,-83.65605,1094.2,3,0,0,-136,0x03,31,4,16,3,-66,-76,8.00,1.423,10.404,12.673,100%,3.843,4.052,2880,2361,0,2361,0,,0.00000,0.00000,0.0,0,0.0,-50,5.2
J.Herter_T1,2026-02-28,11:57:48.800,39.85423,-83.65603,1087.5,39.85421,-83.65605,1094.3,3,0,0,-111,0x03,31,4,17,2,-59,-83,8.05,1.355,10.501,28.575,100%,3.843,4.054,2881,2362,0,2362,0,,0.00000,0.00000,0.0,0,0.0,-50,5.4
J.Herter_T1,2026-02-28,11:57:50.778,39.85423,-83.65603,1087.5,39.85421,-83.65605,1094.5,3,0,0,-102,0x03,31,3,17,3,-55,-68,8.27,1.249,10.779,46.497,100%,3.843,4.054,2883,2364,0,2364,0,,0.00000,0.00000,0.0,0,0.0,-50,5.7
J.Herter_T1,2026-02-28,11:57:51.798,39.85423,-83.65603,1087.5,39.85421,-83.65605,1094.5,3,0,0,-23,0x03,31,4,15,4,-59,-64,8.21,1.168,10.766,29.127,100%,3.846,4.053,2884,2365,0,2365,0,,0.00000,0.00000,0.0,0,0.0,-50,5.8
J.Herter_T1,2026-02-28,11:57:53.779,39.85423,-83.65603,1087.5,39.85421,-83.65605,1094.7,3,0,0,100,0x03,32,5,14,4,-58,-77,8.59,1.141,11.206,34.203,100%,3.846,4.052,2886,2367,0,2367,0,,0.00000,0.00000,0.0,0,0.0,-50,6.1
J.Herter_T1,2026-02-28,11:57:54.798,39.85423,-83.65603,1087.5,39.85421,-83.65605,1094.6,3,0,0,59,0x03,32,5,14,4,-62,-66,8.55,0.944,11.116,21.478,100%,3.844,4.055,2887,2368,0,2368,0,,0.00000,0.00000,0.0,0,0.0,-50,6.2
J.Herter_T1,2026-02-28,11:57:56.780,39.85423,-83.65603,1087.5,39.85421,-83.65605,1094.7,3,0,0,63,0x03,31,5,13,4,-51,-60,8.59,0.843,11.200,76.571,100%,3.822,4.054,2889,2370,0,2370,0,,0.00000,0.00000,0.0,0,0.0,-50,6.3
J.Herter_T1,2026-02-28,11:57:57.801,39.85423,-83.65603,1087.5,39.85421,-83.65605,1094.7,3,0,0,-79,0x03,31,4,15,4,-55,-62,8.55,0.782,11.185,48.083,100%,3.822,4.053,2890,2371,0,2371,0,,0.00000,0.00000,0.0,0,0.0,-50,6.4
J.Herter_T1,2026-02-28,11:57:59.779,39.85423,-83.65603,1087.5,39.85421,-83.65605,1094.7,3,0,0,9,0x03,31,3,16,4,-57,-63,8.63,0.619,11.238,38.560,100%,3.848,4.052,2892,2373,0,2373,0,,0.00000,0.00000,0.0,0,0.0,-50,6.6
J.Herter_T1,2026-02-28,11:58:00.800,39.85423,-83.65603,1087.5,39.85421,-83.65605,1094.7,3,0,0,34,0x03,31,3,16,4,-57,-65,8.63,0.492,11.191,38.560,100%,3.847,4.054,2893,2374,0,2374,0,,0.00000,0.00000,0.0,0,0.0,-50,6.6
J.Herter_T1,2026-02-28,11:58:02.779,39.85423,-83.65603,1087.5,39.85421,-83.65605,1094.8,3,0,0,29,0x03,31,4,16,3,-52,-65,8.67,0.487,11.286,68.899,100%,3.846,4.054,2895,2376,0,2376,0,,0.00000,0.00000,0.0,0,0.0,-50,6.7
J.Herter_T1,2026-02-28,11:58:03.799,39.85423,-83.65603,1087.5,39.85421,-83.65605,1094.8,3,0,0,81,0x03,31,3,17,3,-55,-62,8.69,0.485,11.336,48.893,100%,3.846,4.052,2896,2377,0,2377,0,,0.00000,0.00000,0.0,0,0.0,-50,6.8
J.Herter_T1,2026-02-28,11:58:05.781,39.85423,-83.65603,1087.5,39.85421,-83.65606,1095.0,3,0,0,-43,0x03,31,5,15,3,-60,-70,8.80,0.535,11.521,27.824,100%,3.830,4.053,2898,2379,0,2379,0,,0.00000,0.00000,0.0,0,0.0,-50,6.9
J.Herter_T1,2026-02-28,11:58:06.799,39.85423,-83.65603,1087.5,39.85421,-83.65606,1095.2,3,0,0,36,0x03,31,3,17,3,-62,-68,8.82,0.674,11.676,22.154,100%,3.830,4.055,2899,2380,0,2380,0,,0.00000,0.00000,0.0,0,0.0,-50,7.0
J.Herter_T1,2026-02-28,11:58:08.779,39.85423,-83.65603,1087.5,39.85421,-83.65606,1095.5,3,0,0,31,0x03,31,4,16,3,-61,-68,8.78,0.823,11.862,24.740,100%,3.846,4.054,2901,2382,0,2382,0,,0.00000,0.00000,0.0,0,0.0,-50,7.2
J.Herter_T1,2026-02-28,11:58:09.801,39.85423,-83.65603,1087.5,39.85421,-83.65606,1095.5,3,0,0,64,0x03,31,3,17,3,-77,-68,8.74,0.756,11.842,3.902,100%,3.844,4.053,2902,2383,0,2383,0,,0.00000,0.00000,0.0,0,0.0,-50,7.2
J.Herter_T1,2026-02-28,11:58:11.779,39.85423,-83.65603,1087.5,39.85421,-83.65606,1095.5,3,0,0,33,0x03,31,4,17,2,-72,-78,8.74,0.602,11.840,6.939,100%,3.844,4.053,2904,2385,0,2385,0,,0.00000,0.00000,0.0,0,0.0,-50,7.4
J.Herter_T1,2026-02-28,11:58:12.799,39.85423,-83.65603,1087.5,39.85421,-83.65605,1095.5,3,0,0,5,0x03,31,3,18,2,-74,-79,8.57,0.533,11.712,5.408,100%,3.844,4.054,2905,2386,0,2386,0,,0.00000,0.00000,0.0,0,0.0,-50,7.4
J.Herter_T1,2026-02-28,11:58:14.779,39.85423,-83.65603,1087.5,39.85421,-83.65606,1095.5,3,2,0,-142,0x03,31,5,16,2,-61,-75,8.74,0.451,11.842,24.622,100%,3.842,4.054,2907,2388,0,2388,0,,0.00000,0.00000,0.0,0,0.0,-50,7.5
J.Herter_T1,2026-02-28,11:58:15.799,39.85423,-83.65603,1087.5,39.85421,-83.65606,1095.6,3,0,0,162,0x03,31,4,15,4,-57,-69,8.84,0.476,11.973,39.491,100%,3.842,4.055,2908,2389,0,2389,0,,0.00000,0.00000,0.0,0,0.0,-50,7.6
J.Herter_T1,2026-02-28,11:58:17.779,39.85423,-83.65603,1087.5,39.85421,-83.65605,1095.6,3,0,0,114,0x03,31,3,17,2,-64,-70,8.65,0.386,11.839,17.265,100%,3.850,4.052,2910,2391,0,2391,0,,0.00000,0.00000,0.0,0,0.0,-50,7.7
J.Herter_T1,2026-02-28,11:58:18.799,39.85423,-83.65603,1087.5,39.85421,-83.65605,1095.6,3,0,0,18,0x03,31,2,18,2,-63,-70,8.65,0.330,11.826,19.372,100%,3.842,4.053,2911,2392,0,2392,0,,0.00000,0.00000,0.0,0,0.0,-50,7.7
J.Herter_T1,2026-02-28,11:58:20.779,39.85423,-83.65603,1087.5,39.85421,-83.65606,1095.6,3,0,0,-102,0x03,31,4,17,1,-68,-70,8.76,0.275,11.909,11.024,100%,3.844,4.055,2913,2394,0,2394,0,,0.00000,0.00000,0.0,0,0.0,-50,7.8
J.Herter_T1,2026-02-28,11:58:21.799,39.85423,-83.65603,1087.5,39.85421,-83.65606,1095.5,3,0,0,32,0x03,31,4,17,2,-53,-74,8.84,0.115,11.871,62.588,100%,3.844,4.052,2914,2395,0,2395,0,,0.00000,0.00000,0.0,0,0.0,-50,7.8
J.Herter_T1,2026-02-28,11:58:23.781,39.85423,-83.65603,1087.5,39.85421,-83.65606,1095.1,3,0,0,-98,0x03,31,4,16,3,-53,-65,8.84,-0.197,11.653,62.588,100%,3.845,4.053,2916,2397,0,2397,0,,0.00000,0.00000,0.0,0,0.0,-50,7.8
J.Herter_T1,2026-02-28,11:58:24.828,39.85423,-83.65603,1087.5,39.85421,-83.65606,1094.9,3,0,0,-43,0x03,31,4,16,3,-55,-62,8.82,-0.363,11.503,49.597,100%,3.845,4.054,2917,2398,0,2398,0,,0.00000,0.00000,0.0,0,0.0,-50,7.7
J.Herter_T1,2026-02-28,11:58:26.779,39.85423,-83.65603,1087.5,39.85421,-83.65606,1094.3,3,0,0,-176,0x03,31,5,14,3,-55,-64,8.84,-0.821,11.132,49.716,100%,3.824,4.053,2919,2400,0,2400,0,,0.00000,0.00000,0.0,0,0.0,-50,7.6
J.Herter_T1,2026-02-28,11:58:27.800,39.85423,-83.65603,1087.5,39.85421,-83.65606,1094.2,3,0,0,-53,0x03,31,7,12,4,-54,-64,8.88,-0.839,11.098,56.048,100%,3.842,4.052,2920,2401,0,2401,0,,0.00000,0.00000,0.0,0,0.0,-50,7.5
J.Herter_T1,2026-02-28,11:58:29.781,39.85423,-83.65603,1087.5,39.85421,-83.65606,1094.1,3,0,0,-34,0x03,31,6,16,1,-53,-65,8.93,-0.706,11.105,63.186,100%,3.843,4.053,2922,2403,0,2403,0,,0.00000,0.00000,0.0,0,0.0,-50,7.3
J.Herter_T1,2026-02-28,11:58:30.802,39.85423,-83.65603,1087.5,39.85421,-83.65606,1094.2,3,0,0,163,0x03,31,6,15,3,-54,-62,9.01,-0.614,11.187,56.851,100%,3.843,4.052,2923,2404,0,2404,0,,0.00000,0.00000,0.0,0,0.0,-50,7.2
J.Herter_T1,2026-02-28,11:58:32.779,39.85423,-83.65603,1087.5,39.85421,-83.65606,1094.0,3,0,0,-140,0x03,31,3,17,2,-55,-65,9.42,-0.601,11.453,52.983,100%,3.846,4.054,2925,2406,0,2406,0,,0.00000,0.00000,0.0,0,0.0,-50,7.1
J.Herter_T1,2026-02-28,11:58:33.801,39.85423,-83.65603,1087.5,39.85421,-83.65606,1093.9,3,0,0,-115,0x03,31,2,18,2,-54,-64,9.47,-0.668,11.410,59.725,100%,3.846,4.052,2926,2407,0,2407,0,,0.00000,0.00000,0.0,0,0.0,-50,7.0
J.Herter_T1,2026-02-28,11:58:35.779,39.85423,-83.65603,1087.5,39.85421,-83.65606,1093.9,3,0,0,39,0x03,31,3,17,2,-51,-61,9.49,-0.527,11.434,84.561,100%,3.843,4.052,2928,2409,0,2409,0,,0.00000,0.00000,0.0,0,0.0,-50,6.9
J.Herter_T1,2026-02-28,11:58:36.799,39.85423,-83.65603,1087.5,39.85421,-83.65606,1093.9,3,0,0,41,0x03,31,5,16,1,-55,-62,9.42,-0.495,11.366,52.983,100%,3.826,4.054,2929,2410,0,2410,0,,0.00000,0.00000,0.0,0,0.0,-50,6.9
J.Herter_T1,2026-02-28,11:58:38.780,39.85423,-83.65603,1087.5,39.85421,-83.65606,1093.7,3,0,0,55,0x03,31,5,15,2,-65,-64,9.33,-0.545,11.200,16.599,100%,3.843,4.054,2931,2412,0,2412,0,,0.00000,0.00000,0.0,0,0.0,-50,6.7
J.Herter_T1,2026-02-28,11:58:39.799,39.85423,-83.65603,1087.5,39.85421,-83.65606,1093.6,3,0,0,-113,0x03,31,3,17,2,-59,-72,9.33,-0.612,11.127,33.119,100%,3.843,4.052,2932,2413,0,2413,0,,0.00000,0.00000,0.0,0,0.0,-50,6.7
J.Herter_T1,2026-02-28,11:58:41.779,39.85423,-83.65603,1087.5,39.85421,-83.65606,1093.4,3,0,0,166,0x03,31,3,17,3,-69,-68,9.03,-0.645,10.775,10.134,100%,3.843,4.052,2934,2415,0,2415,0,,0.00000,0.00000,0.0,0,0.0,-50,6.5
J.Herter_T1,2026-02-28,11:58:42.802,39.85423,-83.65603,1087.5,39.85421,-83.65606,1093.4,3,0,0,40,0x03,31,3,17,3,-62,-76,8.99,-0.598,10.728,22.579,100%,3.848,4.055,2935,2416,0,2416,0,,0.00000,0.00000,0.0,0,0.0,-50,6.5
J.Herter_T1,2026-02-28,11:58:44.781,39.85423,-83.65603,1087.5,39.85421,-83.65606,1093.1,3,0,0,-54,0x03,31,5,16,3,-59,-69,8.84,-0.709,10.463,31.368,100%,3.848,4.053,2937,2418,0,2418,0,,0.00000,0.00000,0.0,0,0.0,-50,6.3
J.Herter_T1,2026-02-28,11:58:45.800,39.85423,-83.65603,1087.5,39.85421,-83.65606,1093.2,3,0,0,98,0x03,31,5,15,4,-59,-67,9.23,-0.609,10.807,32.733,100%,3.827,4.053,2938,2419,0,2419,0,,0.00000,0.00000,0.0,0,0.0,-50,6.2
J.Herter_T1,2026-02-28,11:58:47.780,39.85423,-83.65603,1087.5,39.85421,-83.65606,1093.0,3,0,0,-28,0x03,31,5,15,3,-55,-68,9.33,-0.621,10.823,52.490,100%,3.842,4.052,2940,2421,0,2421,0,,0.00000,0.00000,0.0,0,0.0,-50,6.1
J.Herter_T1,2026-02-28,11:58:48.799,39.85423,-83.65603,1087.5,39.85421,-83.65606,1093.0,3,0,0,-41,0x03,31,5,15,3,-60,-65,9.29,-0.565,10.782,29.379,100%,3.842,4.054,2941,2422,0,2422,0,,0.00000,0.00000,0.0,0,0.0,-50,6.0
J.Herter_T1,2026-02-28,11:58:50.781,39.85423,-83.65603,1087.5,39.85421,-83.65606,1092.9,3,0,0,-168,0x03,31,4,17,2,-62,-69,9.42,-0.518,10.861,23.667,100%,3.844,4.054,2943,2424,0,2424,0,,0.00000,0.00000,0.0,0,0.0,-50,5.9
J.Herter_T1,2026-02-28,11:58:51.800,39.85423,-83.65603,1087.5,39.85421,-83.65606,1092.9,3,0,0,70,0x03,31,4,17,2,-63,-68,8.78,-0.543,10.263,19.651,100%,3.842,4.053,2944,2425,0,2425,0,,0.00000,0.00000,0.0,0,0.0,-50,5.9
J.Herter_T1,2026-02-28,11:58:53.779,39.85423,-83.65603,1087.5,39.85421,-83.65606,1092.7,3,1,0,-107,0x03,31,5,16,1,-58,-69,9.16,-0.558,10.519,36.468,100%,3.839,4.053,2946,2427,0,2427,0,,0.00000,0.00000,0.0,0,0.0,-50,5.7
J.Herter_T1,2026-02-28,11:58:54.801,39.85423,-83.65603,1087.5,39.85421,-83.65606,1092.6,3,0,0,30,0x03,31,3,17,3,-57,-66,9.27,-0.638,10.541,41.402,100%,3.839,4.054,2947,2428,0,2428,0,,0.00000,0.00000,0.0,0,0.0,-50,5.7
J.Herter_T1,2026-02-28,11:58:56.780,39.85423,-83.65603,1087.5,39.85421,-83.65606,1092.5,3,0,0,51,0x03,31,6,14,3,-58,-66,9.29,-0.593,10.516,36.986,100%,3.843,4.054,2949,2430,0,2430,0,,0.00000,0.00000,0.0,0,0.0,-50,5.5
J.Herter_T1,2026-02-28,11:58:57.800,39.85423,-83.65603,1087.5,39.85421,-83.65606,1092.5,3,0,0,-63,0x03,31,5,16,2,-58,-65,9.27,-0.546,10.491,36.900,100%,3.843,4.053,2950,2431,0,2431,0,,0.00000,0.00000,0.0,0,0.0,-50,5.5
J.Herter_T1,2026-02-28,11:58:58.810,39.85423,-83.65603,1087.5,39.85421,-83.65606,1092.3,3,0,0,-41,0x03,31,5,16,2,-57,-66,9.29,-0.592,10.458,41.499,100%,3.844,4.054,2951,2432,0,2432,0,,0.00000,0.00000,0.0,0,0.0,-50,5.4
J.Herter_T1,2026-02-28,11:58:59.783,39.85423,-83.65603,1087.5,39.85421,-83.65606,1092.2,3,0,0,-83,0x03,31,7,14,2,-55,-66,9.29,-0.618,10.415,52.244,100%,3.844,4.054,2952,2433,0,2433,0,,0.00000,0.00000,0.0,0,0.0,-50,5.3
J.Herter_T1,2026-02-28,11:59:00.803,39.85423,-83.65603,1087.5,39.85421,-83.65606,1092.4,3,0,0,134,0x03,31,5,16,2,-53,-65,9.10,-0.429,10.308,64.394,100%,3.843,4.054,2953,2434,0,2434,0,,0.00000,0.00000,0.0,0,0.0,-50,5.3
J.Herter_T1,2026-02-28,11:59:02.781,39.85423,-83.65603,1087.5,39.85421,-83.65606,1092.5,3,0,0,-178,0x03,31,3,14,5,-58,-63,9.29,-0.244,10.539,36.986,100%,3.839,4.053,2955,2436,0,2436,0,,0.00000,0.00000,0.0,0,0.0,-50,5.2
J.Herter_T1,2026-02-28,11:59:03.802,39.85423,-83.65603,1087.5,39.85421,-83.65606,1092.4,3,1,0,121,0x03,31,3,15,5,-57,-65,9.31,-0.287,10.523,41.597,100%,3.839,4.052,2956,2437,0,2437,0,,0.00000,0.00000,0.0,0,0.0,-50,5.2
J.Herter_T1,2026-02-28,11:59:05.780,39.85423,-83.65603,1087.5,39.85421,-83.65606,1092.6,3,2,0,90,0x03,31,4,13,6,-52,-61,10.00,-0.057,11.231,79.461,100%,3.822,4.053,2958,2439,0,2439,0,,0.00000,0.00000,0.0,0,0.0,-50,5.2
J.Herter_T1,2026-02-28,11:59:06.801,39.85423,-83.65603,1087.5,39.85421,-83.65607,1092.6,3,1,0,-86,0x03,31,6,14,3,-59,-62,11.29,-0.046,12.394,40.061,100%,3.822,4.054,2959,2440,0,2440,0,,0.00000,0.00000,0.0,0,0.0,-50,5.2
J.Herter_T1,2026-02-28,11:59:08.780,39.85423,-83.65603,1087.5,39.85421,-83.65607,1093.0,3,1,0,-170,0x03,32,4,15,4,-66,-64,12.96,0.294,14.073,20.539,100%,3.838,4.054,2961,2442,0,2442,0,,0.00000,0.00000,0.0,0,0.0,-50,5.2
J.Herter_T1,2026-02-28,11:59:09.800,39.85423,-83.65603,1087.5,39.85421,-83.65607,1093.0,3,3,0,-118,0x03,32,6,12,5,-79,-81,13.44,0.279,14.521,4.767,100%,3.837,4.052,2962,2443,0,2443,0,,0.00000,0.00000,0.0,0,0.0,-50,5.2
J.Herter_T1,2026-02-28,11:59:11.781,39.85423,-83.65603,1087.5,39.85421,-83.65608,1093.3,3,0,0,145,0x03,32,10,13,2,-55,-67,14.25,0.483,15.389,80.132,100%,3.844,4.053,2964,2445,0,2445,0,,0.00000,0.00000,0.0,0,0.0,-50,5.3
J.Herter_T1,2026-02-28,11:59:12.800,39.85423,-83.65603,1087.5,39.85421,-83.65607,1093.4,3,0,0,-35,0x03,32,7,14,2,-55,-65,14.15,0.485,15.315,79.557,100%,3.844,4.052,2965,2446,0,2446,0,,0.00000,0.00000,0.0,0,0.0,-50,5.4
J.Herter_T1,2026-02-28,11:59:14.780,39.85423,-83.65603,1087.5,39.85421,-83.65607,1093.2,3,0,0,75,0x03,32,5,15,3,-57,-64,14.10,0.246,15.201,62.967,100%,3.829,4.052,2967,2448,0,2448,0,,0.00000,0.00000,0.0,0,0.0,-50,5.4
J.Herter_T1,2026-02-28,11:59:15.802,39.85423,-83.65603,1087.5,39.85421,-83.65607,1093.2,3,0,0,161,0x03,32,7,13,3,-59,-65,14.12,0.219,15.223,50.107,100%,3.829,4.052,2968,2449,0,2449,0,,0.00000,0.00000,0.0,0,0.0,-50,5.5
J.Herter_T1,2026-02-28,11:59:17.780,39.85423,-83.65603,1087.5,39.85421,-83.65607,1093.6,3,0,0,128,0x03,32,4,17,2,-61,-65,14.12,0.495,15.367,39.801,100%,3.825,4.053,2970,2451,0,2451,0,,0.00000,0.00000,0.0,0,0.0,-50,5.6
J.Herter_T1,2026-02-28,11:59:18.800,39.85423,-83.65603,1087.5,39.85421,-83.65608,1093.6,3,0,0,45,0x03,32,7,14,2,-61,-71,14.30,0.425,15.523,40.305,100%,3.839,4.052,2971,2452,0,2452,0,,0.00000,0.00000,0.0,0,0.0,-50,5.6
J.Herter_T1,2026-02-28,11:59:20.780,39.85423,-83.65603,1087.5,39.85421,-83.65607,1093.7,3,0,0,109,0x03,32,7,13,3,-60,-76,13.87,0.444,15.170,43.852,100%,3.841,4.052,2973,2454,0,2454,0,,0.00000,0.00000,0.0,0,0.0,-50,5.7
J.Herter_T1,2026-02-28,11:59:21.830,39.85423,-83.65603,1087.5,39.85421,-83.65607,1093.8,3,0,0,-41,0x03,32,7,13,3,-60,-68,13.87,0.500,15.216,43.852,100%,3.841,4.052,2974,2455,0,2455,0,,0.00000,0.00000,0.0,0,0.0,-50,5.8
J.Herter_T1,2026-02-28,11:59:22.803,39.85423,-83.65603,1087.5,39.85421,-83.65607,1093.8,3,0,0,38,0x03,32,6,14,3,-64,-66,13.92,0.479,15.276,27.770,100%,3.845,4.052,2975,2456,0,2456,0,,0.00000,0.00000,0.0,0,0.0,-50,5.8
J.Herter_T1,2026-02-28,11:59:23.782,39.85423,-83.65603,1087.5,39.85421,-83.65607,1093.9,3,0,0,-99,0x03,32,6,14,3,-59,-74,13.94,0.487,15.325,49.474,100%,3.845,4.052,2976,2457,0,2457,0,,0.00000,0.00000,0.0,0,0.0,-50,5.9
J.Herter_T1,2026-02-28,11:59:24.803,39.85423,-83.65603,1087.5,39.85421,-83.65607,1093.9,3,0,0,-10,0x03,32,6,14,3,-66,-65,13.97,0.468,15.361,22.139,100%,3.845,4.054,2977,2458,0,2458,0,,0.00000,0.00000,0.0,0,0.0,-50,5.9
J.Herter_T1,2026-02-28,11:59:26.780,39.85423,-83.65603,1087.5,39.85421,-83.65607,1094.0,3,0,0,-166,0x03,32,5,16,2,-65,-66,14.15,0.477,15.570,25.158,100%,3.818,4.053,2979,2460,0,2460,0,,0.00000,0.00000,0.0,0,0.0,-50,6.0
J.Herter_T1,2026-02-28,11:59:27.802,39.85423,-83.65603,1087.5,39.85421,-83.65607,1094.0,3,0,0,32,0x03,32,6,14,3,-58,-66,14.12,0.385,15.526,56.221,100%,3.839,4.052,2980,2461,0,2461,0,,0.00000,0.00000,0.0,0,0.0,-50,6.1
J.Herter_T1,2026-02-28,11:59:29.780,39.85423,-83.65603,1087.5,39.85421,-83.65608,1093.9,3,0,0,-118,0x03,32,6,13,4,-61,-71,14.17,0.203,15.523,39.945,100%,3.844,4.052,2982,2463,0,2463,0,,0.00000,0.00000,0.0,0,0.0,-50,6.1
J.Herter_T1,2026-02-28,11:59:30.800,39.85423,-83.65603,1087.5,39.85421,-83.65607,1093.7,3,0,0,69,0x03,32,7,12,4,-58,-68,14.15,0.029,15.431,56.322,100%,3.844,4.053,2983,2464,0,2464,0,,0.00000,0.00000,0.0,0,0.0,-50,6.1
J.Herter_T1,2026-02-28,11:59:31.802,39.85423,-83.65603,1087.5,39.85421,-83.65608,1093.5,3,0,0,-144,0x03,32,7,12,4,-62,-67,14.28,-0.130,15.480,35.858,100%,3.839,4.052,2984,2465,0,2465,0,,0.00000,0.00000,0.0,0,0.0,-50,6.1
J.Herter_T1,2026-02-28,11:59:32.804,39.85423,-83.65603,1087.5,39.85421,-83.65608,1093.4,3,0,0,49,0x03,32,5,15,3,-61,-69,14.40,-0.256,15.540,40.594,100%,3.839,4.053,2985,2466,0,2466,0,,0.00000,0.00000,0.0,0,0.0,-50,6.1
J.Herter_T1,2026-02-28,11:59:33.808,39.85423,-83.65603,1087.5,39.85421,-83.65608,1093.4,3,0,0,65,0x03,32,6,15,2,-66,-70,14.38,-0.201,15.528,22.787,100%,3.840,4.052,2986,2467,0,2467,0,,0.00000,0.00000,0.0,0,0.0,-50,6.1
J.Herter_T1,2026-02-28,11:59:35.781,39.85423,-83.65603,1087.5,39.85421,-83.65608,1093.3,3,0,0,160,0x03,32,6,13,4,-72,-74,14.45,-0.230,15.566,11.482,100%,3.840,4.052,2988,2469,0,2469,0,,0.00000,0.00000,0.0,0,0.0,-50,6.0
J.Herter_T1,2026-02-28,11:59:36.803,39.85423,-83.65603,1087.5,39.85418,-83.65608,1093.3,3,0,0,154,0x03,32,5,15,3,-61,-76,20.20,-0.243,20.997,56.925,100%,3.843,4.053,2989,2470,0,2470,0,,0.00000,0.00000,0.0,0,0.0,-50,6.0
J.Herter_T1,2026-02-28,11:59:38.781,39.85423,-83.65603,1087.5,39.85418,-83.65608,1093.5,3,0,0,28,0x03,32,6,12,5,-70,-68,20.48,0.010,21.334,20.477,100%,3.838,4.053,2991,2472,0,2472,0,,0.00000,0.00000,0.0,0,0.0,-50,6.0
J.Herter_T1,2026-02-28,11:59:39.801,39.85423,-83.65603,1087.5,39.85418,-83.65608,1093.5,3,0,0,102,0x03,32,6,15,2,-71,-70,20.25,-0.014,21.111,18.051,100%,3.838,4.052,2992,2473,0,2473,0,,0.00000,0.00000,0.0,0,0.0,-50,6.0
J.Herter_T1,2026-02-28,11:59:41.781,39.85423,-83.65603,1087.5,39.85418,-83.65608,1093.7,3,0,0,48,0x03,32,6,14,3,-69,-71,20.22,0.143,21.127,22.683,100%,3.840,4.052,2994,2475,0,2475,0,,0.00000,0.00000,0.0,0,0.0,-50,6.0
J.Herter_T1,2026-02-28,11:59:42.800,39.85423,-83.65603,1087.5,39.85418,-83.65608,1093.7,3,0,0,121,0x03,32,9,11,4,-67,-72,20.23,0.173,21.159,28.582,100%,3.842,4.053,2995,2476,0,2476,0,,0.00000,0.00000,0.0,0,0.0,-50,6.0
J.Herter_T1,2026-02-28,11:59:43.805,39.85423,-83.65603,1087.5,39.85418,-83.65608,1093.8,3,0,0,71,0x03,32,9,11,4,-61,-72,20.22,0.268,21.178,56.977,100%,3.842,4.055,2996,2477,0,2477,0,,0.00000,0.00000,0.0,0,0.0,-50,6.0
J.Herter_T1,2026-02-28,11:59:44.810,39.85423,-83.65603,1087.5,39.85418,-83.65608,1093.9,3,0,0,-99,0x03,32,10,10,4,-69,-69,20.18,0.306,21.164,22.642,100%,3.842,4.053,2997,2478,0,2478,0,,0.00000,0.00000,0.0,0,0.0,-50,6.1
J.Herter_T1,2026-02-28,11:59:45.802,39.85423,-83.65603,1087.5,39.85418,-83.65608,1093.9,3,0,0,-125,0x03,32,9,14,2,-55,-71,20.20,0.279,21.183,113.580,100%,3.827,4.052,2998,2479,0,2479,0,,0.00000,0.00000,0.0,0,0.0,-50,6.1
J.Herter_T1,2026-02-28,11:59:47.781,39.85423,-83.65603,1087.5,39.85418,-83.65608,1093.9,3,0,0,-26,0x03,32,7,13,4,-60,-67,20.16,0.190,21.135,63.754,100%,3.838,4.052,3000,2481,0,2481,0,,0.00000,0.00000,0.0,0,0.0,-50,6.2
J.Herter_T1,2026-02-28,11:59:48.801,39.85423,-83.65603,1087.5,39.85421,-83.65608,1094.2,3,3,0,12,0x03,32,5,15,4,-62,-67,14.45,0.481,15.926,36.308,100%,3.838,4.053,3001,2482,0,2482,0,,0.00000,0.00000,0.0,0,0.0,-50,6.2
J.Herter_T1,2026-02-28,11:59:49.801,39.85423,-83.65603,1087.5,39.85421,-83.65608,1093.4,3,1,0,-35,0x03,32,5,17,2,-58,-64,14.30,-0.338,15.443,56.933,100%,3.839,4.051,3002,2483,0,2483,0,,0.00000,0.00000,0.0,0,0.0,-50,6.2
J.Herter_T1,2026-02-28,11:59:50.837,39.85423,-83.65603,1087.5,39.85421,-83.65608,1092.7,3,0,-1,-67,0x03,31,7,15,2,-63,-65,14.30,-0.889,15.210,32.016,100%,3.839,4.052,3003,2484,0,2484,0,,0.00000,0.00000,0.0,0,0.0,-50,6.1
J.Herter_T1,2026-02-28,11:59:51.824,39.85423,-83.65603,1087.5,39.85421,-83.65608,1092.1,3,1,0,-107,0x03,32,7,14,3,-60,-71,14.76,-1.352,15.453,46.684,100%,3.843,4.052,3004,2485,0,2485,0,,0.00000,0.00000,0.0,0,0.0,-50,5.9
J.Herter_T1,2026-02-28,11:59:52.804,39.85423,-83.65603,1087.5,39.85421,-83.65608,1092.1,3,0,0,0,0x03,32,7,14,2,-63,-70,15.28,-1.193,15.955,34.206,100%,3.843,4.052,3005,2486,0,2486,0,,0.00000,0.00000,0.0,0,0.0,-50,5.8
J.Herter_T1,2026-02-28,11:59:53.782,39.85423,-83.65603,1087.5,39.85421,-83.65608,1092.5,3,0,0,-54,0x03,32,4,18,2,-55,-70,15.36,-0.775,16.127,86.359,100%,3.843,4.051,3006,2487,0,2487,0,,0.00000,0.00000,0.0,0,0.0,-50,5.7
J.Herter_T1,2026-02-28,11:59:54.803,39.85423,-83.65603,1087.5,39.85421,-83.65608,1092.2,3,0,0,-137,0x03,32,3,19,2,-62,-60,15.43,-0.940,16.122,38.771,100%,3.842,4.054,3007,2488,0,2488,0,,0.00000,0.00000,0.0,0,0.0,-50,5.6
J.Herter_T1,2026-02-28,11:59:56.781,39.85423,-83.65603,1087.5,39.85418,-83.65608,1092.2,3,3,-1,171,0x03,32,7,14,3,-62,-67,20.07,-0.868,20.598,50.411,100%,3.819,4.052,3009,2490,0,2490,0,,0.00000,0.00000,0.0,0,0.0,-50,5.5
J.Herter_T1,2026-02-28,11:59:57.801,39.85418,-83.65605,1087.4,39.85418,-83.65608,1090.9,3,4,3,-173,0x03,32,7,15,1,-49,-65,7.67,-1.462,8.433,86.024,100%,3.819,4.051,3010,2491,0,2491,0,,0.00000,0.00000,0.0,0,0.0,-50,5.0
J.Herter_T1,2026-02-28,11:59:58.807,39.85418,-83.65605,1087.4,39.85416,-83.65608,1091.4,3,4,-1,-159,0x03,32,9,14,1,-50,-63,13.37,-0.929,13.943,133.741,100%,3.839,4.052,3011,2492,0,2492,0,,0.00000,0.00000,0.0,0,0.0,-50,4.9
J.Herter_T1,2026-02-28,11:59:59.782,39.85418,-83.65605,1087.4,39.85416,-83.65609,1090.0,3,4,-2,-163,0x03,32,4,19,0,-53,-58,14.01,-2.062,14.250,99.213,100%,3.839,4.050,3012,2493,0,2493,0,,0.00000,0.00000,0.0,0,0.0,-50,4.6
J.Herter_T1,2026-02-28,12:00:00.811,39.85418,-83.65605,1087.4,39.85416,-83.65609,1089.7,3,3,-1,-178,0x03,32,7,15,3,-52,-64,14.35,-2.166,14.520,113.965,100%,3.840,4.052,3013,2494,0,2494,0,,0.00000,0.00000,0.0,0,0.0,-50,4.4
J.Herter_T1,2026-02-28,12:00:02.781,39.85416,-83.65606,1087.2,39.85413,-83.65609,1089.5,3,4,0,154,0x03,32,5,17,1,-65,-74,14.02,-1.522,14.204,24.924,100%,3.842,4.052,3015,2496,0,2496,0,,0.00000,0.00000,0.0,0,0.0,-50,3.8
J.Herter_T1,2026-02-28,12:00:03.801,39.85414,-83.65606,1085.3,39.85411,-83.65608,1089.4,3,5,0,163,0x03,32,5,16,3,-63,-63,13.73,0.387,14.331,30.748,100%,3.842,4.052,3016,2497,0,2497,0,,0.00000,0.00000,0.0,0,0.0,-50,3.7
J.Herter_T1,2026-02-28,12:00:04.802,39.85414,-83.65606,1085.3,39.85411,-83.65608,1089.6,3,4,-1,157,0x03,32,5,14,5,-51,-67,13.24,0.547,13.922,117.982,100%,3.842,4.052,3017,2498,0,2498,0,,0.00000,0.00000,0.0,0,0.0,-50,3.8
J.Herter_T1,2026-02-28,12:00:05.803,39.85411,-83.65604,1086.0,39.85408,-83.65607,1089.6,3,3,1,169,0x03,32,4,16,4,-54,-66,14.20,-0.197,14.652,89.614,100%,3.816,4.054,3018,2499,0,2499,0,,0.00000,0.00000,0.0,0,0.0,-50,3.8
J.Herter_T1,2026-02-28,12:00:06.804,39.85411,-83.65604,1086.0,39.85408,-83.65607,1089.9,3,3,0,154,0x03,31,5,16,3,-52,-60,13.43,0.070,13.978,106.681,100%,3.816,4.053,3019,2500,0,2500,0,,0.00000,0.00000,0.0,0,0.0,-50,3.8
J.Herter_T1,2026-02-28,12:00:08.781,39.85409,-83.65604,1086.4,39.85405,-83.65605,1089.9,3,4,1,131,0x03,30,7,11,6,-42,-61,12.11,-0.198,12.629,304.293,100%,3.842,4.052,3021,2502,0,2502,0,,0.00000,0.00000,0.0,0,0.0,-50,3.8
J.Herter_T1,2026-02-28,12:00:09.804,39.85407,-83.65602,1085.8,39.85405,-83.65604,1089.7,3,4,0,128,0x03,32,4,14,5,-49,-51,6.74,0.204,7.817,75.656,100%,3.842,4.052,3022,2503,0,2503,0,,0.00000,0.00000,0.0,0,0.0,-50,3.7
J.Herter_T1,2026-02-28,12:00:10.801,39.85405,-83.65601,1084.8,39.85403,-83.65603,1090.2,3,4,0,139,0x03,32,3,16,5,-59,-59,8.33,1.476,9.960,29.555,100%,3.842,4.054,3023,2504,0,2504,0,,0.00000,0.00000,0.0,0,0.0,-50,4.0
J.Herter_T1,2026-02-28,12:00:11.781,39.85405,-83.65601,1084.8,39.85403,-83.65602,1089.6,3,4,0,149,0x03,32,4,18,2,-58,-66,7.53,0.762,8.944,29.962,100%,3.839,4.052,3024,2505,0,2505,0,,0.00000,0.00000,0.0,0,0.0,-50,4.1
J.Herter_T1,2026-02-28,12:00:12.808,39.85403,-83.65599,1085.0,39.85403,-83.65601,1089.9,3,3,0,152,0x03,32,3,15,6,-61,-66,5.28,0.661,7.213,14.888,100%,3.839,4.053,3025,2506,0,2506,0,,0.00000,0.00000,0.0,0,0.0,-50,4.3
J.Herter_T1,2026-02-28,12:00:13.802,39.85403,-83.65599,1085.0,39.85400,-83.65601,1089.1,3,4,0,174,0x03,31,5,11,7,-58,-71,8.87,-0.188,9.747,35.308,100%,3.841,4.052,3026,2507,0,2507,0,,0.00000,0.00000,0.0,0,0.0,-50,4.2
J.Herter_T1,2026-02-28,12:00:14.781,39.85400,-83.65598,1083.6,39.85400,-83.65600,1088.3,3,4,0,153,0x03,32,4,13,6,-71,-70,5.74,0.536,7.441,5.116,100%,3.841,4.052,3027,2508,0,2508,0,,0.00000,0.00000,0.0,0,0.0,-50,4.2
J.Herter_T1,2026-02-28,12:00:15.804,39.85400,-83.65598,1083.6,39.85398,-83.65599,1087.6,3,4,0,148,0x03,32,5,13,5,-52,-67,9.23,-0.152,10.067,73.283,100%,3.841,4.052,3028,2509,0,2509,0,,0.00000,0.00000,0.0,0,0.0,-50,4.2
J.Herter_T1,2026-02-28,12:00:16.808,39.85400,-83.65598,1083.6,39.85398,-83.65598,1087.1,3,4,0,146,0x03,32,2,20,1,-50,-59,8.57,-0.559,9.277,85.674,100%,3.838,4.052,3029,2510,0,2510,0,,0.00000,0.00000,0.0,0,0.0,-50,4.1
J.Herter_T1,2026-02-28,12:00:17.802,39.85400,-83.65598,1083.6,39.85398,-83.65598,1086.9,3,4,0,148,0x03,32,3,14,7,-50,-61,8.50,-0.760,9.104,84.954,100%,3.838,4.052,3030,2511,0,2511,0,,0.00000,0.00000,0.0,0,0.0,-50,4.0
J.Herter_T1,2026-02-28,12:00:18.803,39.85397,-83.65594,1082.1,39.85395,-83.65597,1086.4,3,4,0,152,0x03,32,6,10,7,-63,-55,8.49,0.346,9.519,19.014,100%,3.837,4.052,3031,2512,0,2512,0,,0.00000,0.00000,0.0,0,0.0,-50,4.0
J.Herter_T1,2026-02-28,12:00:20.781,39.85397,-83.65594,1082.1,39.85393,-83.65595,1085.0,3,4,-1,151,0x03,31,3,15,3,-60,-66,15.38,-0.906,15.652,48.650,100%,3.839,4.054,3033,2514,0,2514,0,,0.00000,0.00000,0.0,0,0.0,-50,3.8
J.Herter_T1,2026-02-28,12:00:21.803,39.85395,-83.65592,1084.4,39.85393,-83.65594,1084.9,3,5,0,166,0x03,31,6,12,5,-60,-68,9.26,-2.908,9.267,29.269,100%,3.839,4.052,3034,2515,0,2515,0,,0.00000,0.00000,0.0,0,0.0,-50,3.4
J.Herter_T1,2026-02-28,12:00:22.802,39.85395,-83.65592,1084.4,39.85393,-83.65594,1085.3,3,4,1,153,0x03,32,4,14,5,-61,-65,7.96,-2.230,8.012,22.446,100%,3.840,4.053,3035,2516,0,2516,0,,0.00000,0.00000,0.0,0,0.0,-50,3.1
J.Herter_T1,2026-02-28,12:00:23.842,39.85392,-83.65591,1085.2,39.85390,-83.65592,1084.9,3,4,0,140,0x03,31,4,15,4,-59,-68,6.74,-2.893,6.752,23.923,100%,3.840,4.052,3036,2517,0,2517,0,,0.00000,0.00000,0.0,0,0.0,-50,2.5
J.Herter_T1,2026-02-28,12:00:24.804,39.85392,-83.65591,1085.2,39.85390,-83.65591,1084.8,3,4,0,144,0x03,32,4,17,2,-70,-69,6.38,-2.699,6.395,6.377,100%,3.840,4.033,3037,2518,0,2518,0,,0.00000,0.00000,0.0,0,0.0,-50,2.2
J.Herter_T1,2026-02-28,12:00:25.808,39.85389,-83.65591,1084.6,39.85387,-83.65591,1084.7,3,4,-1,154,0x03,32,4,15,4,-71,-71,6.69,-1.635,6.691,5.962,100%,3.822,4.058,3038,2519,0,2519,0,,0.00000,0.00000,0.0,0,0.0,-50,1.8
J.Herter_T1,2026-02-28,12:00:26.781,39.85389,-83.65591,1084.6,39.85387,-83.65590,1085.1,3,5,2,156,0x03,32,2,18,3,-69,-76,6.80,-1.164,6.818,7.631,100%,3.822,4.054,3039,2520,0,2520,0,,0.00000,0.00000,0.0,0,0.0,-50,1.6
J.Herter_T1,2026-02-28,12:00:27.803,39.85387,-83.65589,1083.7,39.85385,-83.65589,1085.2,3,3,0,162,0x03,32,3,18,2,-62,-80,7.32,-0.010,7.476,18.384,100%,3.839,4.053,3040,2521,0,2521,0,,0.00000,0.00000,0.0,0,0.0,-50,1.5
J.Herter_T1,2026-02-28,12:00:28.804,39.85387,-83.65589,1083.7,39.85385,-83.65588,1085.0,3,4,-1,165,0x03,32,4,16,3,-74,-70,7.19,-0.236,7.302,4.537,100%,3.839,4.052,3041,2522,0,2522,0,,0.00000,0.00000,0.0,0,0.0,-50,1.5
J.Herter_T1,2026-02-28,12:00:29.807,39.85384,-83.65588,1084.5,39.85385,-83.65588,1085.7,3,4,-1,159,0x03,31,5,12,6,-67,-80,2.29,-0.305,2.598,3.239,100%,3.837,4.052,3042,2523,0,2523,0,,0.00000,0.00000,0.0,0,0.0,-50,1.5
J.Herter_T1,2026-02-28,12:00:30.834,39.85384,-83.65588,1084.5,39.85382,-83.65588,1085.2,3,4,0,151,0x03,32,5,14,4,-66,-79,7.76,-0.726,7.792,12.297,100%,3.837,4.053,3043,2524,0,2524,0,,0.00000,0.00000,0.0,0,0.0,-50,1.4
J.Herter_T1,2026-02-28,12:00:31.801,39.85382,-83.65586,1083.3,39.85382,-83.65587,1085.8,3,4,3,155,0x03,32,4,14,6,-68,-80,2.39,0.976,3.472,3.012,100%,3.840,4.052,3044,2525,0,2525,0,,0.00000,0.00000,0.0,0,0.0,-50,1.5
J.Herter_T1,2026-02-28,12:00:32.781,39.85382,-83.65586,1083.3,39.85380,-83.65586,1085.9,3,4,-1,150,0x03,32,5,14,4,-68,-75,7.56,1.026,8.021,9.518,100%,3.840,4.052,3045,2526,0,2526,0,,0.00000,0.00000,0.0,0,0.0,-50,1.7
J.Herter_T1,2026-02-28,12:00:33.807,39.85380,-83.65585,1085.1,39.85380,-83.65585,1085.8,3,4,-1,155,0x03,32,5,14,5,-83,-75,1.66,-0.929,1.801,0.371,100%,3.840,4.052,3046,2527,0,2527,0,,0.00000,0.00000,0.0,0,0.0,-50,1.6
J.Herter_T1,2026-02-28,12:00:34.802,39.85380,-83.65585,1085.1,39.85377,-83.65585,1085.3,3,4,0,157,0x03,32,7,11,5,-69,-70,8.52,-1.288,8.523,9.560,100%,3.839,4.052,3047,2528,0,2528,0,,0.00000,0.00000,0.0,0,0.0,-50,1.5
J.Herter_T1,2026-02-28,12:00:35.781,39.85377,-83.65584,1085.7,39.85377,-83.65584,1085.8,3,3,0,154,0x03,32,8,11,6,-65,-82,0.59,-1.195,0.600,1.055,100%,3.839,4.052,3048,2529,0,2529,0,,0.00000,0.00000,0.0,0,0.0,-50,1.3
J.Herter_T1,2026-02-28,12:00:36.802,39.85377,-83.65584,1085.7,39.85377,-83.65583,1085.8,3,5,0,155,0x03,32,3,12,9,-71,-69,2.07,-1.005,2.072,1.841,100%,3.824,4.052,3049,2530,0,2530,0,,0.00000,0.00000,0.0,0,0.0,-50,1.2
J.Herter_T1,2026-02-28,12:00:37.806,39.85375,-83.65582,1085.6,39.85375,-83.65582,1085.9,3,3,-1,151,0x03,32,6,14,3,-69,-72,0.19,-0.702,0.346,0.209,100%,3.824,4.052,3050,2531,0,2531,0,,0.00000,0.00000,0.0,0,0.0,-50,1.0
J.Herter_T1,2026-02-28,12:00:38.834,39.85375,-83.65582,1085.6,39.85375,-83.65582,1085.5,3,4,2,154,0x03,31,3,18,1,-72,-76,1.91,-1.004,1.918,1.521,100%,3.834,4.052,3051,2532,0,2532,0,,0.00000,0.00000,0.0,0,0.0,-50,0.9
J.Herter_T1,2026-02-28,12:00:39.802,39.85372,-83.65581,1085.9,39.85372,-83.65581,1086.0,3,4,0,153,0x03,31,6,12,4,-61,-75,1.75,-0.662,1.750,4.923,100%,3.834,4.052,3052,2533,0,2533,0,,0.00000,0.00000,0.0,0,0.0,-50,0.8
J.Herter_T1,2026-02-28,12:00:40.803,39.85372,-83.65581,1085.9,39.85372,-83.65581,1086.2,3,4,-1,152,0x03,32,5,13,5,-65,-68,0.61,-0.398,0.690,1.086,100%,3.841,4.053,3053,2534,0,2534,0,,0.00000,0.00000,0.0,0,0.0,-50,0.7
J.Herter_T1,2026-02-28,12:00:41.806,39.85370,-83.65580,1082.8,39.85369,-83.65580,1086.1,3,4,0,157,0x03,32,6,12,5,-64,-89,1.79,2.372,3.754,3.573,100%,3.841,4.052,3054,2535,0,2535,0,,0.00000,0.00000,0.0,0,0.0,-50,0.9
J.Herter_T1,2026-02-28,12:00:42.834,39.85370,-83.65580,1082.8,39.85369,-83.65579,1085.8,3,4,0,166,0x03,30,8,13,3,-62,-74,2.70,1.893,4.055,6.771,100%,3.839,4.052,3055,2536,0,2536,0,,0.00000,0.00000,0.0,0,0.0,-50,1.1
J.Herter_T1,2026-02-28,12:00:43.802,39.85367,-83.65578,1083.9,39.85369,-83.65578,1085.6,3,5,0,159,0x03,31,5,12,6,-59,-70,8.24,0.355,8.418,29.248,100%,3.839,4.052,3056,2537,0,2537,0,,0.00000,0.00000,0.0,0,0.0,-50,1.4
J.Herter_T1,2026-02-28,12:00:44.782,39.85367,-83.65578,1083.9,39.85367,-83.65578,1086.3,3,4,0,149,0x03,31,6,13,4,-60,-68,1.39,0.877,2.712,4.410,100%,3.839,4.052,3057,2538,0,2538,0,,0.00000,0.00000,0.0,0,0.0,-50,1.4
J.Herter_T1,2026-02-28,12:00:45.807,39.85365,-83.65577,1085.4,39.85367,-83.65577,1086.4,3,4,0,151,0x03,31,5,15,3,-61,-69,5.80,-0.491,5.889,16.355,100%,3.823,4.052,3058,2539,0,2539,0,,0.00000,0.00000,0.0,0,0.0,-50,1.5
J.Herter_T1,2026-02-28,12:00:46.802,39.85365,-83.65577,1085.4,39.85365,-83.65576,1086.7,3,5,0,152,0x03,31,5,17,1,-65,-65,3.75,-0.170,3.972,6.672,100%,3.823,4.052,3059,2540,0,2540,0,,0.00000,0.00000,0.0,0,0.0,-50,1.5
J.Herter_T1,2026-02-28,12:00:47.803,39.85363,-83.65575,1084.6,39.85365,-83.65575,1087.2,3,4,0,149,0x03,31,5,13,5,-64,-64,4.80,1.027,5.482,9.573,100%,3.837,4.052,3060,2541,0,2541,0,,0.00000,0.00000,0.0,0,0.0,-50,1.6
J.Herter_T1,2026-02-28,12:00:48.803,39.85363,-83.65575,1084.6,39.85365,-83.65575,1087.1,3,3,0,156,0x03,31,6,14,3,-75,-69,4.82,0.863,5.466,2.709,100%,3.837,4.052,3061,2542,0,2542,0,,0.00000,0.00000,0.0,0,0.0,-50,1.7
J.Herter_T1,2026-02-28,12:00:49.942,39.85361,-83.65573,1085.9,39.85362,-83.65575,1087.1,3,4,1,152,0x03,31,5,15,3,-72,-69,5.00,-0.539,5.143,3.972,100%,3.841,4.051,3062,2543,0,2543,0,,0.00000,0.00000,0.0,0,0.0,-50,1.7
J.Herter_T1,2026-02-28,12:00:50.803,39.85361,-83.65573,1085.9,39.85362,-83.65574,1087.1,3,4,-1,172,0x03,31,6,15,2,-69,-65,3.23,-0.426,3.466,3.619,100%,3.841,4.051,3063,2544,0,2544,0,,0.00000,0.00000,0.0,0,0.0,-50,1.7
J.Herter_T1,2026-02-28,12:00:51.829,39.85359,-83.65572,1087.5,39.85359,-83.65573,1087.2,3,4,0,155,0x03,31,3,15,6,-75,-76,4.62,-1.768,4.628,2.596,100%,3.841,4.052,3064,2545,0,2545,0,,0.00000,0.00000,0.0,0,0.0,-50,1.5
J.Herter_T1,2026-02-28,12:00:52.802,39.85359,-83.65572,1087.5,39.85359,-83.65572,1087.7,3,5,0,151,0x03,31,8,12,3,-70,-91,2.99,-1.083,2.999,2.988,100%,3.837,4.052,3065,2546,0,2546,0,,0.00000,0.00000,0.0,0,0.0,-50,1.3
J.Herter_T1,2026-02-28,12:00:53.806,39.85357,-83.65571,1088.3,39.85357,-83.65572,1087.6,3,4,0,156,0x03,31,5,16,2,-71,-78,1.76,-1.675,1.874,1.568,100%,3.837,4.052,3066,2547,0,2547,0,,0.00000,0.00000,0.0,0,0.0,-50,1.0
J.Herter_T1,2026-02-28,12:00:54.802,39.85357,-83.65571,1088.3,39.85357,-83.65571,1088.1,3,4,1,154,0x03,31,6,16,1,-58,-77,0.62,-1.103,0.647,2.459,100%,3.838,4.052,3067,2548,0,2548,0,,0.00000,0.00000,0.0,0,0.0,-50,0.9
J.Herter_T1,2026-02-28,12:00:55.803,39.85354,-83.65570,1088.0,39.85357,-83.65570,1088.2,3,4,0,153,0x03,31,7,14,2,-59,-74,10.22,-0.507,10.224,36.266,100%,3.838,4.052,3068,2549,0,2549,0,,0.00000,0.00000,0.0,0,0.0,-50,0.8
J.Herter_T1,2026-02-28,12:00:56.802,39.85354,-83.65570,1088.0,39.85354,-83.65569,1088.0,3,4,0,148,0x03,31,5,15,4,-61,-70,1.26,-0.633,1.262,3.553,100%,3.840,4.052,3069,2550,0,2550,0,,0.00000,0.00000,0.0,0,0.0,-50,0.7
J.Herter_T1,2026-02-28,12:00:57.829,39.85352,-83.65569,1087.6,39.85354,-83.65569,1087.8,3,4,0,159,0x03,31,6,12,6,-62,-69,8.46,-0.368,8.459,21.243,100%,3.840,4.052,3070,2551,0,2551,0,,0.00000,0.00000,0.0,0,0.0,-50,0.6
J.Herter_T1,2026-02-28,12:00:58.854,39.85352,-83.65569,1087.6,39.85352,-83.65569,1087.3,3,4,0,155,0x03,31,4,11,8,-62,-69,1.77,-0.857,1.809,4.438,100%,3.838,4.051,3071,2552,0,2552,0,,0.00000,0.00000,0.0,0,0.0,-50,0.5
J.Herter_T1,2026-02-28,12:00:59.802,39.85350,-83.65568,1084.2,39.85352,-83.65568,1087.4,3,4,1,149,0x03,32,5,14,5,-61,-65,7.75,2.551,8.393,21.829,100%,3.838,4.051,3072,2553,0,2553,0,,0.00000,0.00000,0.0,0,0.0,-50,0.7
J.Herter_T1,2026-02-28,12:01:00.832,39.85350,-83.65568,1084.2,39.85349,-83.65567,1087.5,3,4,0,162,0x03,31,5,15,4,-63,-66,2.26,2.400,4.043,5.070,100%,3.838,4.053,3073,2554,0,2554,0,,0.00000,0.00000,0.0,0,0.0,-50,0.9
J.Herter_T1,2026-02-28,12:01:01.805,39.85347,-83.65565,1086.5,39.85349,-83.65566,1088.0,3,4,0,155,0x03,32,5,13,6,-69,-66,6.31,0.309,6.509,7.084,100%,3.840,4.051,3074,2555,0,2555,0,,0.00000,0.00000,0.0,0,0.0,-50,1.3
J.Herter_T1,2026-02-28,12:01:02.808,39.85347,-83.65565,1086.5,39.85349,-83.65565,1087.9,3,5,1,153,0x03,31,5,13,5,-79,-70,6.40,0.181,6.567,2.271,100%,3.840,4.052,3075,2556,0,2556,0,,0.00000,0.00000,0.0,0,0.0,-50,1.3
J.Herter_T1,2026-02-28,12:01:03.803,39.85345,-83.65564,1084.8,39.85347,-83.65565,1088.3,3,4,1,151,0x03,31,6,13,4,-72,-94,7.41,2.002,8.225,5.883,100%,3.836,4.051,3076,2557,0,2557,0,,0.00000,0.00000,0.0,0,0.0,-50,1.6
J.Herter_T1,2026-02-28,12:01:04.803,39.85345,-83.65564,1084.8,39.85347,-83.65564,1087.8,3,4,0,145,0x03,31,6,12,5,-76,-82,7.20,1.318,7.816,3.609,100%,3.836,4.053,3077,2558,0,2558,0,,0.00000,0.00000,0.0,0,0.0,-50,1.7
J.Herter_T1,2026-02-28,12:01:05.804,39.85343,-83.65563,1086.3,39.85344,-83.65563,1087.6,3,4,-1,157,0x03,31,4,13,7,-71,-92,4.55,-0.506,4.729,4.059,100%,3.837,4.051,3078,2559,0,2559,0,,0.00000,0.00000,0.0,0,0.0,-50,1.8
J.Herter_T1,2026-02-28,12:01:06.807,39.85343,-83.65563,1086.3,39.85344,-83.65562,1087.9,3,4,0,158,0x03,30,6,13,5,-62,-88,4.62,-0.198,4.874,11.602,100%,3.837,4.052,3079,2560,0,2560,0,,0.00000,0.00000,0.0,0,0.0,-50,1.8
J.Herter_T1,2026-02-28,12:01:07.803,39.85340,-83.65562,1085.2,39.85341,-83.65562,1087.9,3,4,0,158,0x03,31,5,13,5,-63,-70,3.22,0.823,4.167,7.198,100%,3.836,4.052,3080,2561,0,2561,0,,0.00000,0.00000,0.0,0,0.0,-50,1.8
J.Herter_T1,2026-02-28,12:01:08.803,39.85340,-83.65562,1085.2,39.85341,-83.65561,1088.0,3,4,1,148,0x03,31,6,12,5,-59,-71,3.20,0.862,4.245,11.366,100%,3.836,4.052,3081,2562,0,2562,0,,0.00000,0.00000,0.0,0,0.0,-50,1.9
J.Herter_T1,2026-02-28,12:01:09.827,39.85339,-83.65559,1085.5,39.85339,-83.65560,1088.1,3,4,0,148,0x03,32,4,17,3,-62,-66,2.58,0.577,3.706,6.482,100%,3.836,4.051,3082,2563,0,2563,0,,0.00000,0.00000,0.0,0,0.0,-50,2.1
J.Herter_T1,2026-02-28,12:01:10.803,39.85339,-83.65559,1085.5,39.85339,-83.65559,1088.4,3,4,0,157,0x03,31,4,16,3,-66,-66,0.68,0.723,2.965,1.071,100%,3.822,4.052,3083,2564,0,2564,0,,0.00000,0.00000,0.0,0,0.0,-50,2.2
J.Herter_T1,2026-02-28,12:01:11.786,39.85336,-83.65558,1086.0,39.85339,-83.65559,1088.9,3,5,0,159,0x03,31,3,14,6,-68,-77,9.30,0.548,9.738,11.702,100%,3.822,4.052,3084,2565,0,2565,0,,0.00000,0.00000,0.0,0,0.0,-50,2.4
J.Herter_T1,2026-02-28,12:01:12.803,39.85336,-83.65558,1086.0,39.85336,-83.65558,1089.2,3,3,0,149,0x03,31,6,11,6,-67,-71,1.38,0.708,3.431,1.951,100%,3.836,4.052,3085,2566,0,2566,0,,0.00000,0.00000,0.0,0,0.0,-50,2.4
J.Herter_T1,2026-02-28,12:01:13.803,39.85334,-83.65556,1085.7,39.85336,-83.65557,1088.6,3,4,0,139,0x03,30,4,14,5,-62,-68,8.42,0.354,8.882,21.141,100%,3.836,4.052,3086,2567,0,2567,0,,0.00000,0.00000,0.0,0,0.0,-50,2.5
J.Herter_T1,2026-02-28,12:01:14.803,39.85334,-83.65556,1085.7,39.85334,-83.65556,1089.0,3,4,-1,140,0x03,31,3,19,2,-65,-67,2.36,0.726,4.048,4.194,100%,3.836,4.052,3087,2568,0,2568,0,,0.00000,0.00000,0.0,0,0.0,-50,2.6
J.Herter_T1,2026-02-28,12:01:15.806,39.85332,-83.65554,1085.1,39.85334,-83.65556,1089.1,3,4,-1,141,0x03,31,2,19,2,-69,-72,7.43,1.232,8.439,8.332,100%,3.836,4.052,3088,2569,0,2569,0,,0.00000,0.00000,0.0,0,0.0,-50,2.8
J.Herter_T1,2026-02-28,12:01:16.802,39.85332,-83.65554,1085.1,39.85334,-83.65555,1089.1,3,4,0,152,0x03,30,4,12,7,-61,-76,6.74,1.136,7.860,19.004,100%,3.831,4.052,3089,2570,0,2570,0,,0.00000,0.00000,0.0,0,0.0,-50,2.9
J.Herter_T1,2026-02-28,12:01:17.802,39.85329,-83.65553,1086.0,39.85331,-83.65554,1089.4,3,4,0,156,0x03,30,2,16,5,-64,-74,6.34,0.285,7.181,12.659,100%,3.831,4.052,3090,2571,0,2571,0,,0.00000,0.00000,0.0,0,0.0,-50,3.1
J.Herter_T1,2026-02-28,12:01:19.822,39.85328,-83.65553,1086.4,39.85329,-83.65553,1089.3,3,4,0,161,0x03,31,6,12,4,-71,-69,4.15,-0.135,5.095,3.701,94%,3.838,4.052,3092,2572,0,2572,0,,0.00000,0.00000,0.0,0,0.0,-50,3.1
J.Herter_T1,2026-02-28,12:01:20.805,39.85328,-83.65553,1086.4,39.85329,-83.65552,1089.5,3,5,0,153,0x03,31,5,13,4,-67,-74,4.73,0.024,5.663,6.683,94%,3.838,4.052,3093,2573,0,2573,0,,0.00000,0.00000,0.0,0,0.0,-50,3.1
J.Herter_T1,2026-02-28,12:01:21.810,39.85325,-83.65549,1086.7,39.85326,-83.65550,1089.2,3,4,0,143,0x03,31,5,16,3,-57,-88,4.15,-0.481,4.861,18.547,94%,3.815,4.053,3094,2574,0,2574,0,,0.00000,0.00000,0.0,0,0.0,-50,3.0
J.Herter_T1,2026-02-28,12:01:22.802,39.85325,-83.65549,1086.7,39.85326,-83.65549,1089.5,3,4,1,143,0x03,31,5,12,6,-58,-65,3.54,-0.135,4.553,14.107,94%,3.815,4.052,3095,2575,0,2575,0,,0.00000,0.00000,0.0,0,0.0,-50,3.0
J.Herter_T1,2026-02-28,12:01:23.803,39.85323,-83.65549,1087.6,39.85326,-83.65549,1089.2,3,5,-2,145,0x03,31,5,14,4,-65,-63,10.05,-1.142,10.189,17.871,94%,3.839,4.053,3096,2576,0,2576,0,,0.00000,0.00000,0.0,0,0.0,-50,2.8
J.Herter_T1,2026-02-28,12:01:24.804,39.85323,-83.65549,1087.6,39.85323,-83.65548,1089.6,3,4,0,151,0x03,31,5,12,6,-69,-68,1.40,-0.697,2.484,1.573,94%,3.839,4.052,3097,2577,0,2577,0,,0.00000,0.00000,0.0,0,0.0,-50,2.7
J.Herter_T1,2026-02-28,12:01:25.809,39.85321,-83.65547,1087.7,39.85323,-83.65547,1089.7,3,4,0,159,0x03,31,5,14,4,-67,-75,9.96,-0.632,10.157,14.070,94%,3.836,4.053,3098,2578,0,2578,0,,0.00000,0.00000,0.0,0,0.0,-50,2.6
J.Herter_T1,2026-02-28,12:01:26.803,39.85321,-83.65547,1087.7,39.85321,-83.65546,1089.8,3,4,0,153,0x03,31,6,10,7,-64,-75,2.11,-0.528,2.932,4.218,94%,3.836,4.051,3099,2579,0,2579,0,,0.00000,0.00000,0.0,0,0.0,-50,2.6
J.Herter_T1,2026-02-28,12:01:27.803,39.85318,-83.65546,1086.0,39.85321,-83.65546,1090.3,3,4,0,171,0x03,30,5,14,4,-67,-78,9.90,1.555,10.788,13.983,94%,3.837,4.052,3100,2580,0,2580,0,,0.00000,0.00000,0.0,0,0.0,-50,2.7
J.Herter_T1,2026-02-28,12:01:28.803,39.85318,-83.65546,1086.0,39.85318,-83.65545,1090.2,3,4,-1,163,0x03,31,6,11,6,-63,-79,2.80,1.302,5.030,6.263,94%,3.837,4.052,3101,2581,0,2581,0,,0.00000,0.00000,0.0,0,0.0,-50,2.9
J.Herter_T1,2026-02-28,12:01:29.806,39.85316,-83.65545,1087.1,39.85318,-83.65545,1090.1,3,4,0,161,0x03,31,5,14,5,-63,-67,9.32,-0.014,9.782,20.855,96%,3.837,4.052,3102,2582,0,2582,0,,0.00000,0.00000,0.0,0,0.0,-50,3.0
J.Herter_T1,2026-02-28,12:01:30.834,39.85316,-83.65545,1087.1,39.85318,-83.65544,1090.2,3,4,0,154,0x03,31,6,11,6,-58,-69,9.54,0.093,10.036,37.996,96%,3.820,4.052,3103,2583,0,2583,0,,0.00000,0.00000,0.0,0,0.0,-50,3.0
J.Herter_T1,2026-02-28,12:01:31.795,39.85314,-83.65543,1089.3,39.85316,-83.65543,1091.3,3,6,0,153,0x03,31,4,12,8,-61,-65,7.41,-0.980,7.683,20.879,96%,3.820,4.050,3104,2584,0,2584,0,,0.00000,0.00000,0.0,0,0.0,-50,3.0
J.Herter_T1,2026-02-28,12:01:32.802,39.85314,-83.65543,1089.3,39.85313,-83.65543,1091.3,3,3,-1,146,0x03,31,4,15,4,-64,-67,3.68,-0.909,4.196,7.352,96%,3.836,4.052,3105,2585,0,2585,0,,0.00000,0.00000,0.0,0,0.0,-50,2.9
J.Herter_T1,2026-02-28,12:01:33.804,39.85312,-83.65543,1088.7,39.85313,-83.65542,1091.5,3,5,0,154,0x03,31,5,13,5,-66,-69,6.17,-0.041,6.778,9.782,96%,3.836,4.052,3106,2586,0,2586,0,,0.00000,0.00000,0.0,0,0.0,-50,2.8
J.Herter_T1,2026-02-28,12:01:34.807,39.85310,-83.65542,1088.0,39.85313,-83.65541,1091.2,3,2,0,146,0x03,31,3,16,5,-72,-75,12.22,0.396,12.649,9.710,96%,3.837,4.053,3107,2587,0,2587,0,,0.00000,0.00000,0.0,0,0.0,-50,2.9
J.Herter_T1,2026-02-28,12:01:35.802,39.85310,-83.65542,1088.0,39.85311,-83.65540,1090.3,3,4,0,152,0x03,31,7,9,7,-78,-75,5.56,-0.459,6.037,2.215,96%,3.837,4.051,3108,2588,0,2588,0,,0.00000,0.00000,0.0,0,0.0,-50,2.8
J.Herter_T1,2026-02-28,12:01:36.830,39.85308,-83.65540,1087.6,39.85311,-83.65540,1090.3,3,4,0,176,0x03,30,3,15,5,-72,-82,10.71,-0.042,11.047,8.508,96%,3.836,4.052,3109,2589,0,2589,0,,0.00000,0.00000,0.0,0,0.0,-50,2.7
J.Herter_T1,2026-02-28,12:01:37.803,39.85308,-83.65540,1087.6,39.85308,-83.65539,1090.0,3,5,0,163,0x03,31,6,13,4,-65,-80,3.57,-0.304,4.312,6.356,96%,3.836,4.052,3110,2590,0,2590,0,,0.00000,0.00000,0.0,0,0.0,-50,2.7
J.Herter_T1,2026-02-28,12:01:38.831,39.85305,-83.65539,1086.1,39.85308,-83.65539,1089.6,3,4,0,160,0x03,31,5,13,5,-64,-77,10.27,0.793,10.860,20.493,100%,3.836,4.052,3111,2591,0,2591,0,,0.00000,0.00000,0.0,0,0.0,-50,2.7
J.Herter_T1,2026-02-28,12:01:39.809,39.85305,-83.65539,1086.1,39.85306,-83.65538,1089.4,3,4,1,154,0x03,31,4,15,4,-61,-66,1.53,0.581,3.711,4.323,100%,3.836,4.052,3112,2592,0,2592,0,,0.00000,0.00000,0.0,0,0.0,-50,2.8
J.Herter_T1,2026-02-28,12:01:40.802,39.85305,-83.65539,1086.1,39.85306,-83.65538,1089.3,3,5,0,149,0x03,31,7,13,3,-71,-70,2.81,0.425,4.313,2.506,100%,3.836,4.052,3113,2593,0,2593,0,,0.00000,0.00000,0.0,0,0.0,-50,2.8
J.Herter_T1,2026-02-28,12:01:41.831,39.85303,-83.65538,1087.6,39.85306,-83.65537,1089.8,3,5,0,161,0x03,31,6,11,6,-85,-74,8.56,-0.636,8.843,1.522,100%,3.839,4.053,3114,2594,0,2594,0,,0.00000,0.00000,0.0,0,0.0,-50,2.9
J.Herter_T1,2026-02-28,12:01:42.806,39.85303,-83.65538,1087.6,39.85303,-83.65537,1090.2,3,3,0,174,0x03,31,4,15,5,-70,-78,4.01,-0.191,4.812,4.014,100%,3.839,4.049,3115,2595,0,2595,0,,0.00000,0.00000,0.0,0,0.0,-50,2.8
J.Herter_T1,2026-02-28,12:01:43.807,39.85302,-83.65536,1084.4,39.85303,-83.65537,1089.7,3,1,0,-172,0x03,31,5,14,4,-63,-77,4.74,2.244,7.083,10.616,100%,3.837,4.052,3116,2596,0,2596,0,,0.00000,0.00000,0.0,0,0.0,-50,3.0
J.Herter_T1,2026-02-28,12:01:44.803,39.85302,-83.65536,1084.4,39.85300,-83.65536,1089.7,3,3,0,159,0x03,31,6,15,2,-57,-69,5.37,2.031,7.530,24.007,100%,3.837,4.052,3117,2597,0,2597,0,,0.00000,0.00000,0.0,0,0.0,-50,3.2
J.Herter_T1,2026-02-28,12:01:45.835,39.85302,-83.65536,1084.4,39.85300,-83.65536,1089.2,3,1,0,179,0x03,31,4,15,4,-69,-65,5.49,1.385,7.282,6.161,100%,3.838,4.052,3118,2598,0,2598,0,,0.00000,0.00000,0.0,0,0.0,-50,3.4
J.Herter_T1,2026-02-28,12:01:46.802,39.85302,-83.65536,1084.4,39.85300,-83.65536,1088.5,3,0,0,56,0x03,30,4,14,6,-59,-71,5.60,0.659,6.959,19.875,100%,3.838,4.051,3119,2599,0,2599,0,,0.00000,0.00000,0.0,0,0.0,-50,3.5
J.Herter_T1,2026-02-28,12:01:47.805,39.85302,-83.65536,1084.4,39.85300,-83.65536,1088.2,3,4,0,140,0x03,30,2,20,2,-53,-70,5.35,0.319,6.579,37.894,100%,3.837,4.052,3120,2600,0,2600,0,,0.00000,0.00000,0.0,0,0.0,-50,3.5
J.Herter_T1,2026-02-28,12:01:48.810,39.85302,-83.65536,1084.4,39.85298,-83.65535,1087.9,3,2,0,145,0x03,31,2,16,6,-57,-63,14.88,0.018,15.288,66.450,100%,3.837,4.052,3121,2601,0,2601,0,,0.00000,0.00000,0.0,0,0.0,-50,3.5
J.Herter_T1,2026-02-28,12:01:49.803,39.85302,-83.65536,1084.4,39.85298,-83.65535,1087.8,3,3,0,158,0x03,31,3,16,6,-53,-63,15.24,-0.131,15.602,107.861,100%,3.837,4.052,3122,2602,0,2602,0,,0.00000,0.00000,0.0,0,0.0,-50,3.5
J.Herter_T1,2026-02-28,12:01:50.801,39.85302,-83.65536,1084.4,39.85298,-83.65535,1087.4,3,0,-1,-71,0x03,31,5,17,2,-60,-62,15.20,-0.411,15.500,48.065,100%,3.819,4.052,3123,2603,0,2603,0,,0.00000,0.00000,0.0,0,0.0,-50,3.4
J.Herter_T1,2026-02-28,12:01:51.830,39.85302,-83.65536,1084.4,39.85298,-83.65534,1087.0,3,1,0,177,0x03,31,6,16,3,-62,-70,15.36,-0.762,15.579,38.583,100%,3.819,4.052,3124,2604,0,2604,0,,0.00000,0.00000,0.0,0,0.0,-50,3.4
J.Herter_T1,2026-02-28,12:01:52.808,39.85302,-83.65536,1084.4,39.85298,-83.65534,1086.7,3,0,-1,90,0x03,31,4,17,4,-60,-70,15.43,-1.008,15.589,48.784,100%,3.833,4.052,3125,2605,0,2605,0,,0.00000,0.00000,0.0,0,0.0,-50,3.3
J.Herter_T1,2026-02-28,12:01:53.802,39.85304,-83.65535,1082.1,39.85298,-83.65534,1086.7,3,0,0,121,0x03,31,5,16,3,-54,-66,21.97,1.275,22.437,138.593,100%,3.833,4.053,3126,2606,0,2606,0,,0.00000,0.00000,0.0,0,0.0,-50,3.3
J.Herter_T1,2026-02-28,12:01:54.837,39.85304,-83.65535,1082.1,39.85298,-83.65535,1087.0,3,2,0,-71,0x03,31,3,17,5,-49,-62,21.95,1.425,22.486,246.282,100%,3.837,4.052,3127,2607,0,2607,0,,0.00000,0.00000,0.0,0,0.0,-50,3.5
J.Herter_T1,2026-02-28,12:01:55.803,39.85304,-83.65535,1082.1,39.85298,-83.65535,1087.1,3,0,0,-45,0x03,31,5,15,5,-47,-57,21.96,1.383,22.525,310.256,100%,3.837,4.051,3128,2608,0,2608,0,,0.00000,0.00000,0.0,0,0.0,-50,3.6
J.Herter_T1,2026-02-28,12:01:56.804,39.85304,-83.65535,1082.1,39.85298,-83.65535,1087.3,3,0,0,-126,0x03,31,4,17,4,-50,-57,21.97,1.419,22.575,219.714,100%,3.837,4.052,3129,2609,0,2609,0,,0.00000,0.00000,0.0,0,0.0,-50,3.8
J.Herter_T1,2026-02-28,12:01:57.808,39.85304,-83.65535,1082.1,39.85298,-83.65535,1087.5,3,0,0,-129,0x03,31,5,17,2,-50,-61,21.98,1.395,22.613,219.782,100%,3.837,4.052,3130,2610,0,2610,0,,0.00000,0.00000,0.0,0,0.0,-50,3.9
J.Herter_T1,2026-02-28,12:01:58.801,39.85304,-83.65535,1082.1,39.85298,-83.65535,1087.7,3,0,0,65,0x03,31,5,16,3,-49,-60,21.99,1.457,22.678,246.742,100%,3.837,4.051,3131,2611,0,2611,0,,0.00000,0.00000,0.0,0,0.0,-50,4.1
J.Herter_T1,2026-02-28,12:01:59.802,39.85304,-83.65535,1082.1,39.85298,-83.65535,1088.0,3,0,0,-9,0x03,31,4,17,3,-49,-58,21.99,1.589,22.754,246.723,100%,3.838,4.052,3132,2612,0,2612,0,,0.00000,0.00000,0.0,0,0.0,-50,4.3
J.Herter_T1,2026-02-28,12:02:00.833,39.85304,-83.65535,1082.1,39.85298,-83.65535,1088.2,3,0,0,150,0x03,31,5,16,3,-49,-58,21.99,1.636,22.814,246.723,100%,3.838,4.051,3133,2613,0,2613,0,,0.00000,0.00000,0.0,0,0.0,-50,4.4
J.Herter_T1,2026-02-28,12:02:01.806,39.85304,-83.65535,1082.1,39.85298,-83.65535,1088.4,3,0,0,-162,0x03,31,5,16,3,-50,-58,21.99,1.603,22.853,219.892,100%,3.817,4.051,3134,2614,0,2614,0,,0.00000,0.00000,0.0,0,0.0,-50,4.6
J.Herter_T1,2026-02-28,12:02:02.802,39.85304,-83.65535,1082.1,39.85298,-83.65535,1088.6,3,0,0,118,0x03,31,4,17,3,-63,-63,21.99,1.617,22.910,49.235,100%,3.817,4.051,3135,2615,0,2615,0,,0.00000,0.00000,0.0,0,0.0,-50,4.8
J.Herter_T1,2026-02-28,12:02:03.837,39.85304,-83.65535,1082.1,39.85298,-83.65535,1088.7,3,0,0,-102,0x03,31,4,16,3,-58,-69,22.00,1.582,22.953,87.569,100%,3.834,4.053,3136,2616,0,2616,0,,0.00000,0.00000,0.0,0,0.0,-50,5.0
J.Herter_T1,2026-02-28,12:02:04.803,39.85304,-83.65535,1082.1,39.85298,-83.65535,1088.9,3,0,0,-173,0x03,31,5,15,3,-55,-64,22.00,1.601,23.016,123.726,100%,3.834,4.052,3137,2617,0,2617,0,,0.00000,0.00000,0.0,0,0.0,-50,5.2
J.Herter_T1,2026-02-28,12:02:05.787,39.85304,-83.65535,1082.1,39.85298,-83.65535,1089.0,3,0,0,-57,0x03,31,5,15,3,-54,-63,22.01,1.518,23.045,138.848,100%,3.839,4.052,3138,2618,0,2618,0,,0.00000,0.00000,0.0,0,0.0,-50,5.3
J.Herter_T1,2026-02-28,12:02:06.807,39.85304,-83.65535,1082.1,39.85298,-83.65535,1089.1,3,0,0,-7,0x03,31,5,15,3,-55,-63,22.01,1.431,23.066,123.749,100%,3.839,4.052,3139,2619,0,2619,0,,0.00000,0.00000,0.0,0,0.0,-50,5.5
J.Herter_T1,2026-02-28,12:02:07.802,39.85304,-83.65535,1082.1,39.85298,-83.65535,1089.2,3,0,0,0,0x03,31,5,15,3,-54,-63,22.01,1.435,23.116,138.848,100%,3.833,4.050,3140,2620,0,2620,0,,0.00000,0.00000,0.0,0,0.0,-50,5.6
J.Herter_T1,2026-02-28,12:02:08.835,39.85304,-83.65535,1082.1,39.85298,-83.65535,1089.3,3,0,0,-90,0x03,31,5,15,3,-55,-63,22.01,1.383,23.147,123.749,100%,3.833,4.052,3141,2621,0,2621,0,,0.00000,0.00000,0.0,0,0.0,-50,5.8
J.Herter_T1,2026-02-28,12:02:09.805,39.85304,-83.65535,1082.1,39.85298,-83.65535,1089.5,3,0,0,122,0x03,31,4,16,3,-58,-64,22.00,1.422,23.207,87.599,100%,3.833,4.052,3142,2622,0,2622,0,,0.00000,0.00000,0.0,0,0.0,-50,6.0
J.Herter_T1,2026-02-28,12:02:10.804,39.85304,-83.65535,1082.1,39.85298,-83.65535,1089.6,3,0,0,17,0x03,31,4,16,3,-55,-76,22.01,1.398,23.251,123.749,100%,3.814,4.053,3143,2623,0,2623,0,,0.00000,0.00000,0.0,0,0.0,-50,6.1
J.Herter_T1,2026-02-28,12:02:11.846,39.85304,-83.65535,1082.1,39.85298,-83.65535,1089.8,3,0,0,-163,0x03,30,4,15,3,-55,-65,22.01,1.359,23.287,123.749,100%,3.814,4.052,3144,2624,0,2624,0,,0.00000,0.00000,0.0,0,0.0,-50,6.3
J.Herter_T1,2026-02-28,12:02:12.835,39.85304,-83.65535,1082.1,39.85298,-83.65535,1089.9,3,0,0,-34,0x03,30,5,14,3,-54,-65,22.01,1.364,23.341,138.861,100%,3.834,4.051,3145,2625,0,2625,0,,0.00000,0.00000,0.0,0,0.0,-50,6.4
J.Herter_T1,2026-02-28,12:02:13.799,39.85304,-83.65535,1082.1,39.85298,-83.65535,1090.0,3,0,0,-156,0x03,31,5,14,4,-55,-63,22.01,1.275,23.363,123.783,100%,3.834,4.052,3146,2626,0,2626,0,,0.00000,0.00000,0.0,0,0.0,-50,6.6
J.Herter_T1,2026-02-28,12:02:14.802,39.85304,-83.65535,1082.1,39.85298,-83.65535,1090.0,3,0,0,-146,0x03,31,5,14,4,-60,-65,22.02,1.166,23.375,69.629,100%,3.835,4.051,3147,2627,0,2627,0,,0.00000,0.00000,0.0,0,0.0,-50,6.7
J.Herter_T1,2026-02-28,12:02:15.804,39.85304,-83.65535,1082.1,39.85298,-83.65535,1090.1,3,0,0,-110,0x03,30,6,13,3,-57,-67,22.02,1.158,23.421,98.374,100%,3.835,4.052,3148,2628,0,2628,0,,0.00000,0.00000,0.0,0,0.0,-50,6.8
J.Herter_T1,2026-02-28,12:02:16.802,39.85304,-83.65535,1082.1,39.85298,-83.65536,1090.2,3,1,0,132,0x03,31,6,14,3,-53,-64,22.03,1.137,23.466,155.980,100%,3.834,4.052,3149,2629,0,2629,0,,0.00000,0.00000,0.0,0,0.0,-50,6.9
J.Herter_T1,2026-02-28,12:02:17.803,39.85304,-83.65535,1082.1,39.85298,-83.65535,1090.1,3,1,0,166,0x03,30,5,16,1,-52,-62,21.99,0.917,23.388,174.694,100%,3.834,4.052,3150,2630,0,2630,0,,0.00000,0.00000,0.0,0,0.0,-50,7.0
J.Herter_T1,2026-02-28,12:02:18.832,39.85304,-83.65535,1082.1,39.85298,-83.65535,1089.9,3,0,0,16,0x03,30,6,14,2,-53,-61,22.00,0.630,23.320,155.735,100%,3.834,4.051,3151,2631,0,2631,0,,0.00000,0.00000,0.0,0,0.0,-50,7.1
J.Herter_T1,2026-02-28,12:02:19.802,39.85304,-83.65535,1082.1,39.85298,-83.65536,1090.1,3,1,0,-131,0x03,30,7,12,3,-60,-63,22.03,0.801,23.440,69.674,100%,3.834,4.051,3152,2632,0,2632,0,,0.00000,0.00000,0.0,0,0.0,-50,7.2
J.Herter_T1,2026-02-28,12:02:20.805,39.85304,-83.65535,1082.1,39.85298,-83.65535,1089.3,3,3,-2,146,0x03,30,8,14,0,-65,-70,21.99,-0.041,23.120,39.097,100%,3.834,4.052,3153,2633,0,2633,0,,0.00000,0.00000,0.0,0,0.0,-50,7.2
J.Herter_T1,2026-02-28,12:02:21.809,39.85304,-83.65535,1082.1,39.85298,-83.65534,1088.1,3,1,0,122,0x03,30,9,13,0,-69,-70,21.95,-1.083,22.756,24.632,100%,3.833,4.052,3154,2634,0,2634,0,,0.00000,0.00000,0.0,0,0.0,-50,7.1
J.Herter_T1,2026-02-28,12:02:22.803,39.85304,-83.65535,1082.1,39.85298,-83.65533,1087.1,3,3,-2,104,0x03,30,11,11,0,-62,-84,22.09,-1.922,22.634,55.484,100%,3.833,4.051,3155,2635,0,2635,0,,0.00000,0.00000,0.0,0,0.0,-50,6.9
J.Herter_T1,2026-02-28,12:02:23.802,39.85304,-83.65535,1082.1,39.85298,-83.65533,1085.5,3,0,0,-119,0x03,30,11,10,2,-65,-71,22.23,-3.115,22.492,39.538,100%,3.834,4.052,3156,2636,0,2636,0,,0.00000,0.00000,0.0,0,0.0,-50,6.5
J.Herter_T1,2026-02-28,12:02:24.804,39.85304,-83.65535,1082.1,39.85298,-83.65533,1085.8,3,0,2,-43,0x03,30,10,11,2,-63,-72,22.20,-2.567,22.503,49.707,100%,3.834,4.050,3157,2637,0,2637,0,,0.00000,0.00000,0.0,0,0.0,-50,6.2
J.Herter_T1,2026-02-28,12:02:25.806,39.85304,-83.65535,1082.1,39.85298,-83.65533,1089.9,3,2,1,15,0x03,30,7,13,2,-67,-77,22.28,1.336,23.582,31.478,100%,3.837,4.051,3158,2638,0,2638,0,,0.00000,0.00000,0.0,0,0.0,-50,6.4
J.Herter_T1,2026-02-28,12:02:26.802,39.85304,-83.65535,1082.1,39.85298,-83.65533,1091.1,3,1,0,-55,0x03,30,8,13,3,-67,-74,22.14,2.307,23.877,31.273,100%,3.837,4.051,3159,2639,0,2639,0,,0.00000,0.00000,0.0,0,0.0,-50,6.6
J.Herter_T1,2026-02-28,12:02:27.839,39.85304,-83.65535,1082.1,39.85298,-83.65534,1091.1,3,0,0,41,0x03,30,6,13,3,-62,-70,22.09,2.121,23.845,55.476,100%,3.836,4.052,3160,2640,0,2640,0,,0.00000,0.00000,0.0,0,0.0,-50,6.9
J.Herter_T1,2026-02-28,12:02:28.802,39.85304,-83.65535,1082.1,39.85298,-83.65534,1091.3,3,1,0,-45,0x03,30,4,15,3,-72,-69,22.06,2.065,23.889,17.524,100%,3.836,4.051,3161,2641,0,2641,0,,0.00000,0.00000,0.0,0,0.0,-50,7.1
J.Herter_T1,2026-02-28,12:02:29.803,39.85304,-83.65535,1082.1,39.85298,-83.65534,1091.5,3,0,0,-118,0x03,30,6,13,3,-62,-75,22.02,2.003,23.916,55.320,100%,3.836,4.051,3162,2642,0,2642,0,,0.00000,0.00000,0.0,0,0.0,-50,7.3
J.Herter_T1,2026-02-28,12:02:30.807,39.85304,-83.65535,1082.1,39.85298,-83.65534,1091.6,3,0,0,-71,0x03,30,7,11,3,-65,-68,22.01,1.897,23.947,39.144,100%,3.815,4.051,3163,2643,0,2643,0,,0.00000,0.00000,0.0,0,0.0,-50,7.5
J.Herter_T1,2026-02-28,12:02:31.801,39.85304,-83.65535,1082.1,39.85298,-83.65534,1091.7,3,0,0,38,0x03,30,7,11,3,-60,-71,22.00,1.817,23.985,69.576,100%,3.815,4.051,3164,2644,0,2644,0,,0.00000,0.00000,0.0,0,0.0,-50,7.7
J.Herter_T1,2026-02-28,12:02:32.801,39.85304,-83.65535,1082.1,39.85298,-83.65534,1091.8,3,0,0,56,0x03,30,7,13,2,-61,-66,22.00,1.715,24.023,62.016,100%,3.836,4.052,3165,2645,0,2645,0,,0.00000,0.00000,0.0,0,0.0,-50,7.9
J.Herter_T1,2026-02-28,12:02:33.831,39.85304,-83.65535,1082.1,39.85298,-83.65534,1091.4,3,3,-1,157,0x03,30,8,10,3,-61,-69,22.07,1.201,23.931,62.195,100%,3.836,4.052,3166,2646,0,2646,0,,0.00000,0.00000,0.0,0,0.0,-50,8.1
J.Herter_T1,2026-02-28,12:02:34.804,39.85304,-83.65535,1082.1,39.85298,-83.65533,1088.5,3,0,-1,-80,0x03,30,9,13,1,-80,-67,22.14,-1.524,23.033,7.000,100%,3.836,4.050,3167,2647,0,2647,0,,0.00000,0.00000,0.0,0,0.0,-50,7.9
J.Herter_T1,2026-02-28,12:02:35.805,39.85304,-83.65535,1082.1,39.85298,-83.65533,1087.3,3,0,0,102,0x03,30,12,11,1,-61,-77,22.16,-2.493,22.746,62.463,100%,3.836,4.051,3168,2648,0,2648,0,,0.00000,0.00000,0.0,0,0.0,-50,7.6
J.Herter_T1,2026-02-28,12:02:36.809,39.85304,-83.65535,1082.1,39.85298,-83.65533,1086.5,3,0,0,-113,0x03,30,8,13,2,-61,-70,22.20,-2.923,22.628,62.577,100%,3.832,4.051,3169,2649,0,2649,0,,0.00000,0.00000,0.0,0,0.0,-50,7.3
J.Herter_T1,2026-02-28,12:02:37.802,39.85304,-83.65535,1082.1,39.85298,-83.65533,1086.0,3,0,0,-141,0x03,30,7,12,3,-54,-68,22.21,-3.124,22.537,140.146,100%,3.832,4.050,3170,2650,0,2650,0,,0.00000,0.00000,0.0,0,0.0,-50,6.9
J.Herter_T1,2026-02-28,12:02:38.802,39.85304,-83.65535,1082.1,39.85298,-83.65533,1085.6,3,0,-1,83,0x03,30,8,13,0,-68,-64,22.21,-3.101,22.481,27.957,100%,3.832,4.050,3171,2651,0,2651,0,,0.00000,0.00000,0.0,0,0.0,-50,6.6
J.Herter_T1,2026-02-28,12:02:39.831,39.85304,-83.65535,1082.1,39.85298,-83.65533,1084.8,3,0,0,-104,0x03,30,6,15,2,-65,-78,22.14,-3.499,22.301,39.364,100%,3.833,4.052,3172,2652,0,2652,0,,0.00000,0.00000,0.0,0,0.0,-50,6.2
J.Herter_T1,2026-02-28,12:02:40.806,39.85304,-83.65535,1082.1,39.85298,-83.65533,1084.9,3,0,0,-17,0x03,30,9,11,2,-68,-78,22.12,-3.064,22.295,27.846,100%,3.833,4.051,3173,2653,0,2653,0,,0.00000,0.00000,0.0,0,0.0,-50,5.9
J.Herter_T1,2026-02-28,12:02:42.774,39.85304,-83.65535,1082.1,39.85298,-83.65534,1084.9,3,0,0,-30,0x03,30,7,13,2,-65,-75,22.07,-2.486,22.245,39.242,100%,3.817,4.051,3175,2655,0,2655,0,,0.00000,0.00000,0.0,0,0.0,-50,5.3
J.Herter_T1,2026-02-28,12:02:43.796,39.85304,-83.65535,1082.1,39.85298,-83.65534,1084.8,3,0,0,-35,0x03,30,7,13,2,-75,-74,22.05,-2.344,22.213,12.400,100%,3.833,4.052,3176,2656,0,2656,0,,0.00000,0.00000,0.0,0,0.0,-50,5.0
J.Herter_T1,2026-02-28,12:02:45.774,39.85304,-83.65535,1082.1,39.85298,-83.65534,1084.8,3,0,0,112,0x03,30,6,14,3,-69,-70,22.05,-1.914,22.206,24.735,100%,3.834,4.052,3178,2658,0,2658,0,,0.00000,0.00000,0.0,0,0.0,-50,4.6
J.Herter_T1,2026-02-28,12:02:46.794,39.85304,-83.65535,1082.1,39.85298,-83.65534,1084.7,3,0,0,27,0x03,30,7,13,3,-64,-76,22.05,-1.778,22.204,43.997,100%,3.834,4.051,3179,2659,0,2659,0,,0.00000,0.00000,0.0,0,0.0,-50,4.4
J.Herter_T1,2026-02-28,12:02:47.804,39.85304,-83.65535,1082.1,39.85298,-83.65534,1084.6,3,0,0,23,0x03,30,9,12,3,-64,-71,22.05,-1.701,22.194,44.002,100%,3.837,4.052,3180,2660,0,2660,0,,0.00000,0.00000,0.0,0,0.0,-50,4.2
J.Herter_T1,2026-02-28,12:02:48.808,39.85304,-83.65535,1082.1,39.85298,-83.65534,1084.7,3,1,0,-14,0x03,30,9,12,2,-63,-71,22.03,-1.433,22.183,49.320,100%,3.837,4.051,3181,2661,0,2661,0,,0.00000,0.00000,0.0,0,0.0,-50,4.0
J.Herter_T1,2026-02-28,12:02:49.802,39.85304,-83.65535,1082.1,39.85298,-83.65534,1084.9,3,1,0,-11,0x03,30,3,13,6,-70,-71,21.99,-1.187,22.155,21.988,100%,3.837,4.050,3182,2662,0,2662,0,,0.00000,0.00000,0.0,0,0.0,-50,3.9
J.Herter_T1,2026-02-28,12:02:50.802,39.85304,-83.65535,1082.1,39.85298,-83.65534,1085.0,3,2,0,-23,0x03,30,1,12,9,-62,-79,21.96,-0.953,22.147,55.170,100%,3.817,4.051,3183,2663,0,2663,0,,0.00000,0.00000,0.0,0,0.0,-50,3.8
J.Herter_T1,2026-02-28,12:02:51.830,39.85304,-83.65535,1082.1,39.85298,-83.65535,1084.9,3,1,0,-27,0x03,30,4,7,10,-60,-68,21.95,-0.958,22.118,69.409,100%,3.817,4.052,3184,2664,0,2664,0,,0.00000,0.00000,0.0,0,0.0,-50,3.7
J.Herter_T1,2026-02-28,12:02:52.805,39.85304,-83.65535,1082.1,39.85298,-83.65535,1084.9,3,2,0,-6,0x03,30,7,9,3,-54,-75,21.95,-0.842,22.127,138.523,100%,3.833,4.051,3185,2665,0,2665,0,,0.00000,0.00000,0.0,0,0.0,-50,3.6
J.Herter_T1,2026-02-28,12:02:54.774,39.85304,-83.65535,1082.1,39.85298,-83.65535,1084.6,3,0,0,135,0x03,30,5,11,4,-51,-59,21.96,-0.898,22.099,195.700,100%,3.830,4.051,3187,2667,0,2667,0,,0.00000,0.00000,0.0,0,0.0,-50,3.4
J.Herter_T1,2026-02-28,12:02:55.796,39.85304,-83.65535,1082.1,39.85298,-83.65535,1084.7,3,1,0,-106,0x03,29,9,12,1,-45,-65,21.96,-0.731,22.112,390.536,100%,3.830,4.052,3188,2668,0,2668,0,,0.00000,0.00000,0.0,0,0.0,-50,3.3
J.Herter_T1,2026-02-28,12:02:57.774,39.85304,-83.65535,1082.1,39.85298,-83.65535,1084.5,3,0,0,169,0x03,30,8,13,0,-58,-60,21.96,-0.745,22.090,87.419,100%,3.834,4.052,3190,2670,0,2670,0,,0.00000,0.00000,0.0,0,0.0,-50,3.1
J.Herter_T1,2026-02-28,12:02:58.794,39.85304,-83.65535,1082.1,39.85298,-83.65535,1084.4,3,0,0,112,0x03,30,11,10,1,-57,-70,21.96,-0.768,22.079,98.090,100%,3.834,4.051,3191,2671,0,2671,0,,0.00000,0.00000,0.0,0,0.0,-50,3.1
J.Herter_T1,2026-02-28,12:02:59.831,39.85304,-83.65535,1082.1,39.85298,-83.65535,1084.4,3,0,0,-158,0x03,30,11,10,1,-64,-64,21.96,-0.718,22.078,43.819,100%,3.834,4.052,3192,2672,0,2672,0,,0.00000,0.00000,0.0,0,0.0,-50,3.0
J.Herter_T1,2026-02-28,12:03:00.808,39.85304,-83.65535,1082.1,39.85298,-83.65535,1084.3,3,0,0,5,0x03,29,10,9,3,-52,-70,21.96,-0.705,22.074,174.470,100%,3.834,4.052,3193,2673,0,2673,0,,0.00000,0.00000,0.0,0,0.0,-50,2.9
J.Herter_T1,2026-02-28,12:03:01.802,39.85304,-83.65535,1082.1,39.85298,-83.65535,1084.3,3,0,0,-23,0x03,30,12,9,1,-48,-63,21.97,-0.673,22.076,276.588,100%,3.837,4.052,3194,2674,0,2674,0,,0.00000,0.00000,0.0,0,0.0,-50,2.8
J.Herter_T1,2026-02-28,12:03:02.801,39.85304,-83.65535,1082.1,39.85298,-83.65535,1084.3,3,0,0,-30,0x03,29,11,10,1,-47,-58,21.97,-0.605,22.078,310.373,100%,3.837,4.051,3195,2675,0,2675,0,,0.00000,0.00000,0.0,0,0.0,-50,2.8
J.Herter_T1,2026-02-28,12:03:03.831,39.85304,-83.65535,1082.1,39.85298,-83.65535,1084.3,3,0,0,-111,0x03,29,10,11,2,-51,-57,21.97,-0.521,22.082,195.844,100%,3.834,4.052,3196,2676,0,2676,0,,0.00000,0.00000,0.0,0,0.0,-50,2.7
J.Herter_T1,2026-02-28,12:03:04.805,39.85304,-83.65535,1082.1,39.85298,-83.65535,1084.3,3,0,0,113,0x03,29,10,10,1,-54,-60,21.98,-0.449,22.086,138.655,100%,3.834,4.051,3197,2677,0,2677,0,,0.00000,0.00000,0.0,0,0.0,-50,2.7
J.Herter_T1,2026-02-28,12:03:06.776,39.85304,-83.65535,1082.1,39.85298,-83.65535,1084.3,3,0,0,106,0x03,29,9,13,1,-52,-57,21.98,-0.375,22.085,174.568,100%,3.834,4.050,3199,2679,0,2679,0,,0.00000,0.00000,0.0,0,0.0,-50,2.6
J.Herter_T1,2026-02-28,12:03:07.823,39.85304,-83.65535,1082.1,39.85298,-83.65535,1084.3,3,0,0,-7,0x03,29,10,11,1,-49,-62,21.98,-0.334,22.086,246.583,100%,3.834,4.052,3200,2680,0,2680,0,,0.00000,0.00000,0.0,0,0.0,-50,2.5
J.Herter_T1,2026-02-28,12:03:09.774,39.85304,-83.65535,1082.1,39.85298,-83.65535,1084.3,3,0,0,1,0x03,29,11,11,1,-53,-57,21.98,-0.261,22.087,155.584,100%,3.834,4.052,3202,2682,0,2682,0,,0.00000,0.00000,0.0,0,0.0,-50,2.5
J.Herter_T1,2026-02-28,12:03:10.794,39.85304,-83.65535,1082.1,39.85298,-83.65535,1085.7,3,0,3,-47,0x03,30,10,10,2,-47,-63,21.98,0.944,22.257,310.450,100%,3.813,4.051,3203,2683,0,2683,0,,0.00000,0.00000,0.0,0,0.0,-50,2.6
J.Herter_T1,2026-02-28,12:03:11.804,39.85304,-83.65535,1082.1,39.85300,-83.65535,1088.1,3,1,2,-26,0x03,30,10,10,2,-50,-52,12.68,3.005,13.985,126.754,100%,3.813,4.052,3204,2684,0,2684,0,,0.00000,0.00000,0.0,0,0.0,-50,2.9
J.Herter_T1,2026-02-28,12:03:12.806,39.85304,-83.65535,1082.1,39.85300,-83.65535,1090.0,3,1,1,-17,0x03,30,7,11,4,-55,-60,12.72,4.488,14.972,71.554,100%,3.832,4.051,3205,2685,0,2685,0,,0.00000,0.00000,0.0,0,0.0,-50,3.4
J.Herter_T1,2026-02-28,12:03:13.809,39.85304,-83.65535,1082.1,39.85300,-83.65536,1091.6,3,1,1,-8,0x03,30,4,17,1,-61,-64,12.79,5.462,15.912,36.033,100%,3.832,4.051,3206,2686,0,2686,0,,0.00000,0.00000,0.0,0,0.0,-50,4.0
J.Herter_T1,2026-02-28,12:03:14.802,39.85304,-83.65535,1082.1,39.85300,-83.65536,1092.6,3,1,1,-16,0x03,30,4,13,4,-63,-71,12.87,5.805,16.588,28.823,100%,3.834,4.051,3207,2687,0,2687,0,,0.00000,0.00000,0.0,0,0.0,-50,4.7
J.Herter_T1,2026-02-28,12:03:15.830,39.85304,-83.65535,1082.1,39.85300,-83.65536,1093.4,3,2,0,-21,0x03,30,4,13,5,-54,-74,13.00,5.945,17.200,82.035,100%,3.834,4.051,3208,2688,0,2688,0,,0.00000,0.00000,0.0,0,0.0,-50,5.3
J.Herter_T1,2026-02-28,12:03:16.804,39.85304,-83.65535,1082.1,39.85300,-83.65536,1093.8,3,0,0,-11,0x03,30,3,15,4,-53,-63,13.14,5.728,17.583,93.048,100%,3.831,4.050,3209,2689,0,2689,0,,0.00000,0.00000,0.0,0,0.0,-50,6.0
J.Herter_T1,2026-02-28,12:03:17.805,39.85304,-83.65535,1082.1,39.85300,-83.65536,1094.0,3,0,0,-10,0x03,30,2,16,3,-53,-62,13.21,5.324,17.757,93.513,100%,3.831,4.052,3210,2690,0,2690,0,,0.00000,0.00000,0.0,0,0.0,-50,6.5
J.Herter_T1,2026-02-28,12:03:18.808,39.85304,-83.65535,1082.1,39.85300,-83.65536,1094.1,3,0,0,-30,0x03,30,3,12,4,-55,-61,13.25,4.895,17.865,74.520,100%,3.831,4.050,3211,2691,0,2691,0,,0.00000,0.00000,0.0,0,0.0,-50,7.1
J.Herter_T1,2026-02-28,12:03:19.802,39.85304,-83.65535,1082.1,39.85300,-83.65536,1094.2,3,0,0,-160,0x03,30,3,12,5,-55,-66,13.26,4.476,17.925,74.569,100%,3.833,4.051,3212,2692,0,2692,0,,0.00000,0.00000,0.0,0,0.0,-50,7.6
J.Herter_T1,2026-02-28,12:03:21.775,39.85304,-83.65535,1082.1,39.85300,-83.65536,1094.2,3,0,0,158,0x03,30,3,13,5,-54,-64,13.25,3.621,17.914,83.613,100%,3.814,4.051,3214,2694,0,2694,0,,0.00000,0.00000,0.0,0,0.0,-50,8.4
J.Herter_T1,2026-02-28,12:03:22.795,39.85304,-83.65535,1082.1,39.85300,-83.65536,1094.2,3,0,0,149,0x03,30,3,13,5,-55,-63,13.25,3.223,17.887,74.520,100%,3.814,4.050,3215,2695,0,2695,0,,0.00000,0.00000,0.0,0,0.0,-50,8.8
J.Herter_T1,2026-02-28,12:03:23.806,39.85304,-83.65535,1082.1,39.85300,-83.65536,1094.0,3,0,0,-38,0x03,30,3,14,4,-52,-64,13.21,2.794,17.776,104.923,100%,3.834,4.051,3216,2696,0,2696,0,,0.00000,0.00000,0.0,0,0.0,-50,9.1
J.Herter_T1,2026-02-28,12:03:24.808,39.85304,-83.65535,1082.1,39.85300,-83.65536,1094.0,3,0,0,-99,0x03,30,3,14,4,-50,-61,13.17,2.459,17.704,131.676,100%,3.834,4.051,3217,2697,0,2697,0,,0.00000,0.00000,0.0,0,0.0,-50,9.4
J.Herter_T1,2026-02-28,12:03:25.803,39.85304,-83.65535,1082.1,39.85300,-83.65536,1094.0,3,0,0,-161,0x03,30,3,14,4,-50,-60,13.14,2.201,17.671,131.354,100%,3.834,4.052,3218,2698,0,2698,0,,0.00000,0.00000,0.0,0,0.0,-50,9.6
J.Herter_T1,2026-02-28,12:03:26.803,39.85304,-83.65535,1082.1,39.85300,-83.65536,1093.9,3,0,0,-50,0x03,31,3,14,4,-51,-60,13.12,1.910,17.607,116.929,100%,3.834,4.051,3219,2699,0,2699,0,,0.00000,0.00000,0.0,0,0.0,-50,9.8
J.Herter_T1,2026-02-28,12:03:27.832,39.85304,-83.65535,1082.1,39.85300,-83.65536,1093.8,3,0,0,-27,0x03,31,3,13,5,-51,-61,13.12,1.651,17.557,116.929,100%,3.834,4.052,3220,2700,0,2700,0,,0.00000,0.00000,0.0,0,0.0,-50,10.0
J.Herter_T1,2026-02-28,12:03:28.804,39.85304,-83.65535,1082.1,39.85300,-83.65536,1093.7,3,0,0,-29,0x03,31,3,13,5,-53,-61,13.14,1.380,17.496,93.048,100%,3.834,4.049,3221,2701,0,2701,0,,0.00000,0.00000,0.0,0,0.0,-50,10.2
J.Herter_T1,2026-02-28,12:03:30.776,39.85304,-83.65535,1082.1,39.85300,-83.65536,1093.3,3,0,0,174,0x03,31,3,14,4,-51,-61,13.07,0.758,17.163,116.454,100%,3.818,4.050,3223,2703,0,2703,0,,0.00000,0.00000,0.0,0,0.0,-50,10.4
J.Herter_T1,2026-02-28,12:03:31.797,39.85304,-83.65535,1082.1,39.85300,-83.65536,1093.3,3,0,0,-135,0x03,31,3,14,4,-53,-60,13.04,0.679,17.144,92.346,100%,3.818,4.052,3224,2704,0,2704,0,,0.00000,0.00000,0.0,0,0.0,-50,10.4
J.Herter_T1,2026-02-28,12:03:33.774,39.85304,-83.65535,1082.1,39.85300,-83.65536,1093.3,3,0,0,-36,0x03,31,3,13,5,-53,-64,13.06,0.558,17.162,92.450,100%,3.832,4.052,3226,2706,0,2706,0,,0.00000,0.00000,0.0,0,0.0,-50,10.6
J.Herter_T1,2026-02-28,12:03:34.794,39.85304,-83.65535,1082.1,39.85300,-83.65536,1093.2,3,0,0,-66,0x03,31,3,14,4,-50,-61,13.08,0.449,17.141,130.813,100%,3.834,4.051,3227,2707,0,2707,0,,0.00000,0.00000,0.0,0,0.0,-50,10.6
J.Herter_T1,2026-02-28,12:03:35.801,39.85304,-83.65535,1082.1,39.85300,-83.65536,1093.1,3,0,0,82,0x03,30,3,14,4,-53,-60,13.10,0.292,17.072,92.716,100%,3.834,4.052,3228,2708,0,2708,0,,0.00000,0.00000,0.0,0,0.0,-50,10.7
J.Herter_T1,2026-02-28,12:03:36.832,39.85304,-83.65535,1082.1,39.85300,-83.65536,1093.0,3,0,0,146,0x03,30,3,14,4,-50,-60,13.07,0.145,16.971,130.738,100%,3.830,4.050,3229,2709,0,2709,0,,0.00000,0.00000,0.0,0,0.0,-50,10.7
J.Herter_T1,2026-02-28,12:03:37.807,39.85304,-83.65535,1082.1,39.85300,-83.65536,1092.8,3,0,0,-61,0x03,30,3,13,5,-51,-59,13.07,0.021,16.888,116.454,100%,3.830,4.052,3230,2710,0,2710,0,,0.00000,0.00000,0.0,0,0.0,-50,10.7
J.Herter_T1,2026-02-28,12:03:38.802,39.85304,-83.65535,1082.1,39.85300,-83.65536,1092.7,3,0,0,91,0x03,30,3,13,4,-51,-60,13.06,-0.131,16.776,116.388,100%,3.834,4.052,3231,2711,0,2711,0,,0.00000,0.00000,0.0,0,0.0,-50,10.7
J.Herter_T1,2026-02-28,12:03:39.836,39.85304,-83.65535,1082.1,39.85300,-83.65536,1092.6,3,0,0,132,0x03,29,3,13,5,-53,-60,13.05,-0.219,16.701,92.398,100%,3.834,4.052,3232,2712,0,2712,0,,0.00000,0.00000,0.0,0,0.0,-50,10.6
J.Herter_T1,2026-02-28,12:03:40.802,39.85304,-83.65535,1082.1,39.85300,-83.65536,1092.5,3,0,0,161,0x03,29,3,14,4,-53,-62,13.06,-0.271,16.656,92.450,100%,3.834,4.050,3233,2713,0,2713,0,,0.00000,0.00000,0.0,0,0.0,-50,10.6
J.Herter_T1,2026-02-28,12:03:42.776,39.85304,-83.65535,1082.1,39.85300,-83.65536,1092.2,3,0,0,167,0x03,29,3,14,3,-51,-59,13.07,-0.419,16.518,116.454,100%,3.831,4.050,3235,2715,0,2715,0,,0.00000,0.00000,0.0,0,0.0,-50,10.5
J.Herter_T1,2026-02-28,12:03:43.797,39.85304,-83.65535,1082.1,39.85300,-83.65536,1092.2,3,0,0,164,0x03,29,3,14,3,-52,-61,13.07,-0.416,16.492,103.789,100%,3.828,4.052,3236,2716,0,2716,0,,0.00000,0.00000,0.0,0,0.0,-50,10.5
J.Herter_T1,2026-02-28,12:03:45.775,39.85304,-83.65535,1082.1,39.85300,-83.65536,1091.9,3,0,0,163,0x03,29,3,14,3,-53,-61,13.07,-0.593,16.313,92.502,100%,3.833,4.052,3238,2718,0,2718,0,,0.00000,0.00000,0.0,0,0.0,-50,10.4
J.Herter_T1,2026-02-28,12:03:46.824,39.85304,-83.65535,1082.1,39.85300,-83.65536,1091.8,3,0,0,-140,0x03,29,3,14,4,-52,-61,13.07,-0.619,16.257,103.789,100%,3.833,4.051,3239,2719,0,2719,0,,0.00000,0.00000,0.0,0,0.0,-50,10.3
J.Herter_T1,2026-02-28,12:03:47.802,39.85304,-83.65535,1082.1,39.85300,-83.65536,1091.7,3,0,0,139,0x03,29,3,14,4,-53,-63,13.07,-0.655,16.192,92.502,100%,3.828,4.051,3240,2720,0,2720,0,,0.00000,0.00000,0.0,0,0.0,-50,10.2
J.Herter_T1,2026-02-28,12:03:48.831,39.85304,-83.65535,1082.1,39.85300,-83.65536,1091.6,3,0,0,-175,0x03,29,3,14,4,-51,-62,13.08,-0.672,16.150,116.587,100%,3.828,4.051,3241,2721,0,2721,0,,0.00000,0.00000,0.0,0,0.0,-50,10.1
J.Herter_T1,2026-02-28,12:03:49.803,39.85304,-83.65535,1082.1,39.85300,-83.65536,1091.5,3,0,0,164,0x03,29,3,14,4,-57,-61,13.09,-0.735,16.072,58.466,100%,3.828,4.052,3242,2722,0,2722,0,,0.00000,0.00000,0.0,0,0.0,-50,10.1
J.Herter_T1,2026-02-28,12:03:50.807,39.85304,-83.65535,1082.1,39.85300,-83.65536,1091.4,3,0,0,-90,0x03,29,3,14,4,-59,-64,13.10,-0.738,16.029,46.468,100%,3.815,4.050,3243,2723,0,2723,0,,0.00000,0.00000,0.0,0,0.0,-50,10.0
J.Herter_T1,2026-02-28,12:03:51.809,39.85304,-83.65535,1082.1,39.85300,-83.65536,1091.3,3,0,0,16,0x03,30,3,14,3,-54,-66,13.10,-0.703,16.011,82.682,100%,3.815,4.052,3244,2724,0,2724,0,,0.00000,0.00000,0.0,0,0.0,-50,9.9
J.Herter_T1,2026-02-28,12:03:52.802,39.85304,-83.65535,1082.1,39.85300,-83.65536,1091.2,3,0,0,0,0x03,30,3,14,2,-59,-63,13.10,-0.765,15.927,46.495,100%,3.829,4.051,3245,2725,0,2725,0,,0.00000,0.00000,0.0,0,0.0,-50,9.8
J.Herter_T1,2026-02-28,12:03:54.777,39.85304,-83.65535,1082.1,39.85300,-83.65536,1090.9,3,0,0,-149,0x03,30,3,14,2,-57,-64,13.11,-0.839,15.791,58.569,100%,3.831,4.050,3247,2727,0,2727,0,,0.00000,0.00000,0.0,0,0.0,-50,9.6
J.Herter_T1,2026-02-28,12:03:55.796,39.85304,-83.65535,1082.1,39.85300,-83.65536,1090.8,3,0,0,-46,0x03,30,3,14,2,-55,-65,13.11,-0.924,15.687,73.734,100%,3.831,4.052,3248,2728,0,2728,0,,0.00000,0.00000,0.0,0,0.0,-50,9.5
J.Herter_T1,2026-02-28,12:03:57.775,39.85304,-83.65535,1082.1,39.85300,-83.65536,1090.5,3,0,0,57,0x03,29,3,14,2,-53,-62,13.10,-0.982,15.533,92.770,100%,3.833,4.051,3250,2730,0,2730,0,,0.00000,0.00000,0.0,0,0.0,-50,9.3
J.Herter_T1,2026-02-28,12:03:58.795,39.85304,-83.65535,1082.1,39.85300,-83.65536,1090.4,3,0,0,-5,0x03,29,3,14,2,-53,-64,13.10,-0.969,15.476,92.716,100%,3.830,4.051,3251,2731,0,2731,0,,0.00000,0.00000,0.0,0,0.0,-50,9.2
J.Herter_T1,2026-02-28,12:03:59.803,39.85304,-83.65535,1082.1,39.85300,-83.65536,1090.3,3,0,0,-115,0x03,29,3,14,2,-58,-61,13.09,-0.981,15.405,52.108,100%,3.830,4.052,3252,2732,0,2732,0,,0.00000,0.00000,0.0,0,0.0,-50,9.1
J.Herter_T1,2026-02-28,12:04:00.837,39.85304,-83.65535,1082.1,39.85300,-83.65536,1090.1,3,0,0,25,0x03,29,3,14,2,-59,-66,13.09,-1.010,15.331,46.441,100%,3.830,4.051,3253,2733,0,2733,0,,0.00000,0.00000,0.0,0,0.0,-50,9.0
J.Herter_T1,2026-02-28,12:04:01.802,39.85304,-83.65535,1082.1,39.85300,-83.65536,1090.0,3,0,0,137,0x03,29,3,14,2,-55,-67,13.09,-0.992,15.283,73.604,100%,3.814,4.052,3254,2734,0,2734,0,,0.00000,0.00000,0.0,0,0.0,-50,8.9
J.Herter_T1,2026-02-28,12:04:02.803,39.85304,-83.65535,1082.1,39.85300,-83.65536,1090.0,3,0,0,117,0x03,30,3,14,3,-51,-63,13.09,-0.955,15.248,116.654,100%,3.814,4.051,3255,2735,0,2735,0,,0.00000,0.00000,0.0,0,0.0,-50,8.8
J.Herter_T1,2026-02-28,12:04:03.830,39.85304,-83.65535,1082.1,39.85303,-83.65536,1089.9,3,0,0,81,0x03,30,3,14,3,-53,-61,4.79,-0.918,9.116,33.907,100%,3.831,4.052,3256,2736,0,2736,0,,0.00000,0.00000,0.0,0,0.0,-50,8.7
J.Herter_T1,2026-02-28,12:04:04.815,39.85304,-83.65535,1082.1,39.85303,-83.65536,1089.9,3,0,0,34,0x03,30,3,14,3,-51,-61,4.75,-0.847,9.075,42.321,100%,3.831,4.051,3257,2737,0,2737,0,,0.00000,0.00000,0.0,0,0.0,-50,8.6
J.Herter_T1,2026-02-28,12:04:06.777,39.85304,-83.65535,1082.1,39.85303,-83.65536,1089.8,3,0,0,-11,0x03,30,3,14,2,-53,-57,4.71,-0.730,9.011,33.328,100%,3.831,4.051,3259,2739,0,2739,0,,0.00000,0.00000,0.0,0,0.0,-50,8.4
J.Herter_T1,2026-02-28,12:04:07.797,39.85304,-83.65535,1082.1,39.85303,-83.65536,1089.8,3,0,0,-90,0x03,30,3,14,3,-52,-69,4.69,-0.654,9.004,37.234,100%,3.833,4.052,3260,2740,0,2740,0,,0.00000,0.00000,0.0,0,0.0,-50,8.3
J.Herter_T1,2026-02-28,12:04:09.775,39.85304,-83.65535,1082.1,39.85303,-83.65536,1089.9,3,0,0,157,0x03,30,3,14,3,-46,-60,4.65,-0.501,9.008,73.654,100%,3.833,4.051,3262,2742,0,2742,0,,0.00000,0.00000,0.0,0,0.0,-50,8.2
J.Herter_T1,2026-02-28,12:04:10.795,39.85304,-83.65535,1082.1,39.85303,-83.65536,1090.0,3,0,0,-171,0x03,30,3,13,4,-48,-57,4.63,-0.362,9.082,58.253,100%,3.816,4.050,3263,2743,0,2743,0,,0.00000,0.00000,0.0,0,0.0,-50,8.2
J.Herter_T1,2026-02-28,12:04:12.777,39.85304,-83.65535,1082.1,39.85303,-83.65536,1090.2,3,0,0,45,0x03,30,2,14,4,-49,-58,4.59,-0.096,9.264,51.472,100%,3.828,4.050,3265,2745,0,2745,0,,0.00000,0.00000,0.0,0,0.0,-50,8.1
J.Herter_T1,2026-02-28,12:04:13.797,39.85304,-83.65535,1082.1,39.85303,-83.65536,1090.4,3,0,0,147,0x03,31,3,13,4,-48,-59,4.57,0.073,9.408,57.504,100%,3.828,4.051,3266,2746,0,2746,0,,0.00000,0.00000,0.0,0,0.0,-50,8.2
J.Herter_T1,2026-02-28,12:04:14.801,39.85304,-83.65535,1082.1,39.85303,-83.65536,1090.7,3,0,0,36,0x03,31,3,13,5,-58,-57,4.57,0.337,9.673,18.184,100%,3.831,4.052,3267,2747,0,2747,0,,0.00000,0.00000,0.0,0,0.0,-50,8.2
J.Herter_T1,2026-02-28,12:04:15.838,39.85304,-83.65535,1082.1,39.85303,-83.65536,1090.9,3,0,0,108,0x03,30,3,13,5,-53,-69,4.55,0.516,9.873,32.198,100%,3.831,4.051,3268,2748,0,2748,0,,0.00000,0.00000,0.0,0,0.0,-50,8.2
J.Herter_T1,2026-02-28,12:04:16.802,39.85304,-83.65535,1082.1,39.85303,-83.65536,1091.1,3,0,0,-36,0x03,31,3,12,6,-51,-61,4.57,0.656,10.072,40.710,100%,3.834,4.050,3269,2749,0,2749,0,,0.00000,0.00000,0.0,0,0.0,-50,8.3
J.Herter_T1,2026-02-28,12:04:18.777,39.85304,-83.65535,1082.1,39.85303,-83.65536,1091.5,3,0,0,-22,0x03,31,3,12,7,-49,-60,4.57,0.884,10.442,51.251,100%,3.834,4.049,3271,2751,0,2751,0,,0.00000,0.00000,0.0,0,0.0,-50,8.5
J.Herter_T1,2026-02-28,12:04:19.826,39.85304,-83.65535,1082.1,39.85303,-83.65536,1091.8,3,0,0,-113,0x03,30,3,12,7,-51,-60,4.57,1.011,10.658,40.710,100%,3.834,4.051,3272,2752,0,2752,0,,0.00000,0.00000,0.0,0,0.0,-50,8.6
J.Herter_T1,2026-02-28,12:04:21.775,39.85304,-83.65535,1082.1,39.85303,-83.65536,1092.2,3,0,0,-138,0x03,30,3,13,5,-58,-64,4.55,1.174,11.025,18.106,100%,3.834,4.051,3274,2754,0,2754,0,,0.00000,0.00000,0.0,0,0.0,-50,8.9
J.Herter_T1,2026-02-28,12:04:22.795,39.85304,-83.65535,1082.1,39.85303,-83.65536,1092.5,3,0,0,-124,0x03,30,3,13,5,-55,-68,4.57,1.317,11.296,25.686,100%,3.834,4.050,3275,2755,0,2755,0,,0.00000,0.00000,0.0,0,0.0,-50,9.0
J.Herter_T1,2026-02-28,12:04:24.777,39.85304,-83.65535,1082.1,39.85303,-83.65536,1093.0,3,0,0,-112,0x03,30,3,12,6,-52,-69,4.59,1.488,11.756,36.440,100%,3.832,4.049,3277,2757,0,2757,0,,0.00000,0.00000,0.0,0,0.0,-50,9.3
J.Herter_T1,2026-02-28,12:04:25.798,39.85304,-83.65535,1082.1,39.85303,-83.65536,1093.2,3,0,0,-19,0x03,30,3,13,5,-54,-62,4.59,1.528,11.949,28.945,100%,3.831,4.051,3278,2758,0,2758,0,,0.00000,0.00000,0.0,0,0.0,-50,9.5
J.Herter_T1,2026-02-28,12:04:27.775,39.85304,-83.65535,1082.1,39.85303,-83.65536,1093.7,3,0,0,129,0x03,30,3,13,4,-52,-62,4.59,1.643,12.390,36.440,100%,3.833,4.051,3280,2760,0,2760,0,,0.00000,0.00000,0.0,0,0.0,-50,9.9
J.Herter_T1,2026-02-28,12:04:28.795,39.85304,-83.65535,1082.1,39.85303,-83.65536,1093.9,3,0,0,-91,0x03,30,3,12,5,-52,-61,4.57,1.665,12.575,36.283,100%,3.833,4.050,3281,2761,0,2761,0,,0.00000,0.00000,0.0,0,0.0,-50,10.1
J.Herter_T1,2026-02-28,12:04:30.777,39.85304,-83.65535,1082.1,39.85303,-83.65536,1094.3,3,0,0,-50,0x03,29,3,13,4,-52,-62,4.55,1.710,12.954,36.127,100%,3.817,4.048,3283,2763,0,2763,0,,0.00000,0.00000,0.0,0,0.0,-50,10.4
J.Herter_T1,2026-02-28,12:04:31.798,39.85304,-83.65535,1082.1,39.85303,-83.65536,1094.5,3,0,0,-1,0x03,29,3,12,4,-51,-60,4.51,1.787,13.199,40.187,100%,3.817,4.051,3284,2764,0,2764,0,,0.00000,0.00000,0.0,0,0.0,-50,10.6
J.Herter_T1,2026-02-28,12:04:33.775,39.85304,-83.65535,1082.1,39.85303,-83.65536,1095.0,3,0,0,-95,0x03,29,3,13,4,-51,-60,4.45,1.812,13.585,39.671,100%,3.827,4.052,3286,2766,0,2766,0,,0.00000,0.00000,0.0,0,0.0,-50,11.0
J.Herter_T1,2026-02-28,12:04:34.795,39.85304,-83.65535,1082.1,39.85303,-83.65536,1095.3,3,0,0,48,0x03,29,3,13,4,-53,-60,4.43,1.926,13.889,31.376,100%,3.831,4.049,3287,2767,0,2767,0,,0.00000,0.00000,0.0,0,0.0,-50,11.2
J.Herter_T1,2026-02-28,12:04:36.777,39.85304,-83.65535,1082.1,39.85303,-83.65536,1095.6,3,0,0,-160,0x03,30,3,13,4,-53,-61,4.39,1.820,14.173,31.108,100%,3.831,4.050,3289,2769,0,2769,0,,0.00000,0.00000,0.0,0,0.0,-50,11.7
J.Herter_T1,2026-02-28,12:04:37.798,39.85304,-83.65535,1082.1,39.85303,-83.65536,1095.8,3,0,0,-114,0x03,30,3,14,4,-52,-61,4.39,1.759,14.301,34.903,100%,3.813,4.052,3290,2770,0,2770,0,,0.00000,0.00000,0.0,0,0.0,-50,11.8
J.Herter_T1,2026-02-28,12:04:38.804,39.85304,-83.65535,1082.1,39.85303,-83.65536,1095.9,3,0,0,28,0x03,29,3,13,5,-52,-61,4.34,1.684,14.390,34.457,100%,3.813,4.050,3291,2771,0,2771,0,,0.00000,0.00000,0.0,0,0.0,-50,12.0
J.Herter_T1,2026-02-28,12:04:40.825,39.85304,-83.65535,1082.1,39.85303,-83.65536,1096.2,3,0,0,168,0x03,30,3,13,4,-60,-61,4.26,1.828,14.700,13.485,94%,3.833,4.051,3293,2772,0,2772,0,,0.00000,0.00000,0.0,0,0.0,-50,12.2
J.Herter_T1,2026-02-28,12:04:42.776,39.85304,-83.65535,1082.1,39.85303,-83.65536,1096.3,3,0,0,179,0x03,31,3,12,5,-55,-67,4.18,1.528,14.731,23.478,94%,3.830,4.051,3295,2774,0,2774,0,,0.00000,0.00000,0.0,0,0.0,-50,12.6
J.Herter_T1,2026-02-28,12:04:43.798,39.85304,-83.65535,1082.1,39.85303,-83.65536,1096.3,3,0,0,180,0x03,31,3,12,5,-54,-62,4.14,1.437,14.788,26.122,94%,3.829,4.049,3296,2775,0,2775,0,,0.00000,0.00000,0.0,0,0.0,-50,12.8
J.Herter_T1,2026-02-28,12:04:45.776,39.85304,-83.65535,1082.1,39.85303,-83.65536,1096.6,3,0,0,-147,0x03,30,3,12,5,-57,-65,4.04,1.353,14.974,18.037,94%,3.829,4.050,3298,2777,0,2777,0,,0.00000,0.00000,0.0,0,0.0,-50,13.1
J.Herter_T1,2026-02-28,12:04:46.796,39.85304,-83.65535,1082.1,39.85303,-83.65536,1096.5,3,0,0,-117,0x03,31,3,12,5,-57,-64,3.99,1.206,14.948,17.816,94%,3.814,4.051,3299,2778,0,2778,0,,0.00000,0.00000,0.0,0,0.0,-50,13.2
J.Herter_T1,2026-02-28,12:04:48.776,39.85304,-83.65535,1082.1,39.85303,-83.65536,1096.7,3,0,0,36,0x03,31,3,12,5,-55,-63,3.94,1.062,15.034,22.159,94%,3.830,4.051,3301,2780,0,2780,0,,0.00000,0.00000,0.0,0,0.0,-50,13.4
J.Herter_T1,2026-02-28,12:04:49.797,39.85304,-83.65535,1082.1,39.85303,-83.65536,1096.7,3,0,0,33,0x03,31,3,12,5,-55,-63,3.92,0.991,15.067,22.070,94%,3.830,4.050,3302,2781,0,2781,0,,0.00000,0.00000,0.0,0,0.0,-50,13.6
J.Herter_T1,2026-02-28,12:04:51.776,39.85304,-83.65535,1082.1,39.85303,-83.65536,1096.6,3,0,0,90,0x03,31,3,12,5,-55,-63,3.88,0.748,14.995,21.808,96%,3.834,4.050,3304,2783,0,2783,0,,0.00000,0.00000,0.0,0,0.0,-50,13.7
J.Herter_T1,2026-02-28,12:04:52.796,39.85304,-83.65535,1082.1,39.85303,-83.65536,1096.6,3,0,0,13,0x03,31,3,12,5,-54,-64,3.85,0.611,14.921,24.278,96%,3.830,4.051,3305,2784,0,2784,0,,0.00000,0.00000,0.0,0,0.0,-50,13.8
J.Herter_T1,2026-02-28,12:04:54.776,39.85304,-83.65535,1082.1,39.85303,-83.65536,1096.5,3,0,0,144,0x03,31,3,12,5,-54,-63,3.79,0.455,14.858,23.906,96%,3.831,4.052,3307,2786,0,2786,0,,0.00000,0.00000,0.0,0,0.0,-50,13.9
J.Herter_T1,2026-02-28,12:04:55.798,39.85304,-83.65535,1082.1,39.85303,-83.65536,1096.6,3,0,0,4,0x03,30,3,13,4,-53,-63,3.77,0.475,14.924,26.722,96%,3.831,4.050,3308,2787,0,2787,0,,0.00000,0.00000,0.0,0,0.0,-50,14.0
J.Herter_T1,2026-02-28,12:04:57.777,39.85304,-83.65535,1082.1,39.85303,-83.65536,1096.5,3,0,0,161,0x03,30,3,14,3,-55,-66,3.77,0.269,14.801,21.226,96%,3.829,4.050,3310,2789,0,2789,0,,0.00000,0.00000,0.0,0,0.0,-50,14.0
J.Herter_T1,2026-02-28,12:04:58.796,39.85304,-83.65535,1082.1,39.85303,-83.65536,1096.3,3,0,0,-4,0x03,31,3,13,4,-61,-63,3.76,0.133,14.680,10.598,96%,3.829,4.050,3311,2790,0,2790,0,,0.00000,0.00000,0.0,0,0.0,-50,14.1
J.Herter_T1,2026-02-28,12:05:00.776,39.85304,-83.65535,1082.1,39.85303,-83.65536,1096.0,3,0,0,-15,0x03,30,3,14,3,-52,-61,3.75,-0.140,14.400,29.758,100%,3.828,4.051,3313,2792,0,2792,0,,0.00000,0.00000,0.0,0,0.0,-50,14.0
J.Herter_T1,2026-02-28,12:05:01.798,39.85304,-83.65535,1082.1,39.85303,-83.65536,1095.8,3,0,0,-72,0x03,30,3,13,4,-51,-61,3.75,-0.309,14.204,33.389,100%,3.833,4.050,3314,2793,0,2793,0,,0.00000,0.00000,0.0,0,0.0,-50,14.0
J.Herter_T1,2026-02-28,12:05:03.776,39.85304,-83.65535,1082.1,39.85303,-83.65535,1095.3,3,0,0,116,0x03,31,4,12,4,-49,-59,3.68,-0.685,13.696,41.274,100%,3.833,4.049,3316,2795,0,2795,0,,0.00000,0.00000,0.0,0,0.0,-50,13.9
J.Herter_T1,2026-02-28,12:05:04.796,39.85304,-83.65535,1082.1,39.85303,-83.65535,1094.9,3,0,0,17,0x03,31,3,14,4,-49,-59,3.65,-0.974,13.307,40.983,100%,3.811,4.051,3317,2796,0,2796,0,,0.00000,0.00000,0.0,0,0.0,-50,13.8
J.Herter_T1,2026-02-28,12:05:06.776,39.85304,-83.65535,1082.1,39.85303,-83.65535,1094.1,3,0,0,-159,0x03,30,4,11,5,-51,-60,3.56,-1.518,12.464,31.691,100%,3.829,4.050,3319,2798,0,2798,0,,0.00000,0.00000,0.0,0,0.0,-50,13.5
J.Herter_T1,2026-02-28,12:05:07.798,39.85304,-83.65535,1082.1,39.85303,-83.65535,1093.6,3,0,0,-144,0x03,30,3,13,4,-57,-60,3.52,-1.774,12.021,15.734,100%,3.829,4.049,3320,2799,0,2799,0,,0.00000,0.00000,0.0,0,0.0,-50,13.3
J.Herter_T1,2026-02-28,12:05:09.776,39.85304,-83.65535,1082.1,39.85303,-83.65535,1092.7,3,0,0,-24,0x03,30,3,13,5,-55,-65,3.44,-2.208,11.130,19.357,100%,3.831,4.050,3322,2801,0,2801,0,,0.00000,0.00000,0.0,0,0.0,-50,12.8
J.Herter_T1,2026-02-28,12:05:10.796,39.85304,-83.65535,1082.1,39.85303,-83.65535,1092.4,3,0,0,26,0x03,30,3,15,3,-55,-65,3.42,-2.306,10.785,19.206,100%,3.830,4.051,3323,2802,0,2802,0,,0.00000,0.00000,0.0,0,0.0,-50,12.5
J.Herter_T1,2026-02-28,12:05:12.777,39.85304,-83.65535,1082.1,39.85303,-83.65535,1091.9,3,0,0,22,0x03,30,3,13,5,-57,-65,3.37,-2.295,10.300,15.075,100%,3.830,4.050,3325,2804,0,2804,0,,0.00000,0.00000,0.0,0,0.0,-50,12.0
J.Herter_T1,2026-02-28,12:05:13.798,39.85304,-83.65535,1082.1,39.85303,-83.65535,1091.5,3,0,0,-10,0x03,30,3,14,4,-55,-65,3.36,-2.414,9.930,18.895,100%,3.809,4.049,3326,2805,0,2805,0,,0.00000,0.00000,0.0,0,0.0,-50,11.8
J.Herter_T1,2026-02-28,12:05:15.776,39.85304,-83.65535,1082.1,39.85303,-83.65535,1090.8,3,0,0,172,0x03,30,3,13,5,-55,-64,3.33,-2.499,9.318,18.710,100%,3.830,4.049,3328,2807,0,2807,0,,0.00000,0.00000,0.0,0,0.0,-50,11.2
J.Herter_T1,2026-02-28,12:05:16.796,39.85304,-83.65535,1082.1,39.85303,-83.65535,1090.6,3,0,0,-138,0x03,30,3,12,6,-55,-64,3.31,-2.488,9.064,18.614,100%,3.830,4.051,3329,2808,0,2808,0,,0.00000,0.00000,0.0,0,0.0,-50,10.9
J.Herter_T1,2026-02-28,12:05:18.776,39.85304,-83.65535,1082.1,39.85303,-83.65535,1090.3,3,0,0,37,0x03,31,3,11,7,-57,-68,3.29,-2.264,8.784,14.680,100%,3.830,4.050,3331,2810,0,2810,0,,0.00000,0.00000,0.0,0,0.0,-50,10.4
J.Herter_T1,2026-02-28,12:05:19.827,39.85304,-83.65535,1082.1,39.85303,-83.65535,1090.3,3,0,0,170,0x03,31,4,12,5,-61,-64,3.28,-2.032,8.787,9.240,100%,3.832,4.049,3332,2811,0,2811,0,,0.00000,0.00000,0.0,0,0.0,-50,10.2
J.Herter_T1,2026-02-28,12:05:21.776,39.85304,-83.65535,1082.1,39.85303,-83.65535,1090.2,3,0,0,-62,0x03,31,3,13,5,-59,-64,3.27,-1.735,8.686,11.597,100%,3.832,4.048,3334,2813,0,2813,0,,0.00000,0.00000,0.0,0,0.0,-50,9.8
J.Herter_T1,2026-02-28,12:05:22.798,39.85304,-83.65535,1082.1,39.85303,-83.65535,1090.0,3,0,0,-8,0x03,31,3,13,5,-63,-65,3.26,-1.697,8.545,7.305,100%,3.827,4.049,3335,2814,0,2814,0,,0.00000,0.00000,0.0,0,0.0,-50,9.6
J.Herter_T1,2026-02-28,12:05:23.808,39.85304,-83.65535,1082.1,39.85303,-83.65535,1089.8,3,0,0,162,0x03,31,4,12,5,-55,-68,3.26,-1.725,8.340,18.322,100%,3.827,4.049,3336,2815,0,2815,0,,0.00000,0.00000,0.0,0,0.0,-50,9.4
J.Herter_T1,2026-02-28,12:05:24.778,39.85304,-83.65535,1082.1,39.85303,-83.65535,1089.6,3,0,0,0,0x03,31,4,12,5,-59,-65,3.25,-1.792,8.094,11.538,100%,3.828,4.049,3337,2816,0,2816,0,,0.00000,0.00000,0.0,0,0.0,-50,9.2
J.Herter_T1,2026-02-28,12:05:25.801,39.85304,-83.65535,1082.1,39.85303,-83.65535,1089.4,3,0,0,51,0x03,31,4,11,6,-54,-66,3.25,-1.754,7.949,20.512,100%,3.828,4.049,3338,2817,0,2817,0,,0.00000,0.00000,0.0,0,0.0,-50,9.0
J.Herter_T1,2026-02-28,12:05:27.776,39.85304,-83.65535,1082.1,39.85303,-83.65535,1089.2,3,0,0,-16,0x03,31,3,12,6,-50,-62,3.25,-1.630,7.734,32.498,100%,3.830,4.049,3340,2819,0,2819,0,,0.00000,0.00000,0.0,0,0.0,-50,8.6
J.Herter_T1,2026-02-28,12:05:28.798,39.85304,-83.65535,1082.1,39.85303,-83.65535,1088.9,3,0,0,168,0x03,31,3,13,5,-51,-60,3.25,-1.662,7.538,28.962,100%,3.830,4.051,3341,2820,0,2820,0,,0.00000,0.00000,0.0,0,0.0,-50,8.5
J.Herter_T1,2026-02-28,12:05:30.776,39.85304,-83.65535,1082.1,39.85303,-83.65535,1088.5,3,0,0,47,0x03,31,2,15,4,-54,-61,3.25,-1.693,7.173,20.503,100%,3.809,4.051,3343,2822,0,2822,0,,0.00000,0.00000,0.0,0,0.0,-50,8.1
J.Herter_T1,2026-02-28,12:05:31.796,39.85304,-83.65535,1082.1,39.85303,-83.65535,1088.2,3,0,0,90,0x03,31,2,15,4,-51,-60,3.25,-1.801,6.899,28.962,100%,3.828,4.049,3344,2823,0,2823,0,,0.00000,0.00000,0.0,0,0.0,-50,7.9
J.Herter_T1,2026-02-28,12:05:33.776,39.85304,-83.65535,1082.1,39.85303,-83.65535,1087.8,3,0,0,-82,0x03,31,3,13,5,-50,-60,3.25,-1.819,6.529,32.498,100%,3.829,4.049,3346,2825,0,2825,0,,0.00000,0.00000,0.0,0,0.0,-50,7.5
J.Herter_T1,2026-02-28,12:05:34.797,39.85304,-83.65535,1082.1,39.85303,-83.65535,1087.7,3,0,0,-51,0x03,31,3,14,4,-51,-59,3.25,-1.749,6.421,28.964,100%,3.829,4.052,3347,2826,0,2826,0,,0.00000,0.00000,0.0,0,0.0,-50,7.3
J.Herter_T1,2026-02-28,12:05:35.801,39.85304,-83.65535,1082.1,39.85303,-83.65535,1087.5,3,0,0,-127,0x03,31,3,14,4,-50,-61,3.25,-1.734,6.269,32.498,100%,3.832,4.050,3348,2827,0,2827,0,,0.00000,0.00000,0.0,0,0.0,-50,7.1
J.Herter_T1,2026-02-28,12:05:36.777,39.85304,-83.65535,1082.1,39.85303,-83.65535,1087.3,3,0,0,-138,0x03,31,3,14,4,-49,-60,3.25,-1.732,6.107,36.461,100%,3.832,4.051,3349,2828,0,2828,0,,0.00000,0.00000,0.0,0,0.0,-50,6.9
J.Herter_T1,2026-02-28,12:05:37.801,39.85304,-83.65535,1082.1,39.85303,-83.65535,1087.1,3,0,0,-8,0x03,31,3,14,4,-45,-57,3.25,-1.777,5.903,57.791,100%,3.832,4.049,3350,2829,0,2829,0,,0.00000,0.00000,0.0,0,0.0,-50,6.7
J.Herter_T1,2026-02-28,12:05:39.776,39.85304,-83.65535,1082.1,39.85303,-83.65535,1086.8,3,0,0,-161,0x03,31,3,13,5,-49,-57,3.25,-1.671,5.667,36.463,100%,3.830,4.049,3352,2831,0,2831,0,,0.00000,0.00000,0.0,0,0.0,-50,6.3
J.Herter_T1,2026-02-28,12:05:40.798,39.85304,-83.65535,1082.1,39.85303,-83.65535,1086.7,3,0,0,-176,0x03,31,3,14,4,-50,-60,3.25,-1.554,5.621,32.496,100%,3.831,4.051,3353,2832,0,2832,0,,0.00000,0.00000,0.0,0,0.0,-50,6.1
J.Herter_T1,2026-02-28,12:05:41.806,39.85304,-83.65535,1082.1,39.85303,-83.65535,1086.7,3,0,0,-49,0x03,31,3,13,5,-49,-62,3.25,-1.431,5.592,36.461,100%,3.831,4.050,3354,2833,0,2833,0,,0.00000,0.00000,0.0,0,0.0,-50,6.0
J.Herter_T1,2026-02-28,12:05:42.778,39.85304,-83.65535,1082.1,39.85303,-83.65535,1086.6,3,0,0,-31,0x03,31,3,13,5,-49,-58,3.25,-1.368,5.520,36.461,100%,3.832,4.049,3355,2834,0,2834,0,,0.00000,0.00000,0.0,0,0.0,-50,5.8
J.Herter_T1,2026-02-28,12:05:43.802,39.85304,-83.65535,1082.1,39.85303,-83.65535,1086.7,3,0,0,-13,0x03,31,3,13,5,-51,-60,3.25,-1.175,5.570,28.962,100%,3.832,4.049,3356,2835,0,2835,0,,0.00000,0.00000,0.0,0,0.0,-50,5.7
J.Herter_T1,2026-02-28,12:05:44.801,39.85304,-83.65535,1082.1,39.85303,-83.65535,1086.7,3,0,0,45,0x03,31,3,13,5,-52,-60,3.25,-0.998,5.624,25.812,100%,3.832,4.051,3357,2836,0,2836,0,,0.00000,0.00000,0.0,0,0.0,-50,5.6
J.Herter_T1,2026-02-28,12:05:45.777,39.85304,-83.65535,1082.1,39.85303,-83.65535,1086.6,3,0,0,-162,0x03,31,3,14,4,-78,-62,3.25,-0.984,5.547,1.294,100%,3.810,4.048,3358,2837,0,2837,0,,0.00000,0.00000,0.0,0,0.0,-50,5.5
J.Herter_T1,2026-02-28,12:05:46.802,39.85304,-83.65535,1082.1,39.85303,-83.65535,1086.7,3,0,0,65,0x03,31,3,15,3,-60,-77,3.25,-0.836,5.592,10.278,100%,3.810,4.050,3359,2838,0,2838,0,,0.00000,0.00000,0.0,0,0.0,-50,5.4
J.Herter_T1,2026-02-28,12:05:47.803,39.85304,-83.65535,1082.1,39.85303,-83.65535,1086.6,3,0,0,26,0x03,31,3,15,3,-58,-67,3.25,-0.835,5.517,12.938,100%,3.832,4.050,3360,2839,0,2839,0,,0.00000,0.00000,0.0,0,0.0,-50,5.3
J.Herter_T1,2026-02-28,12:05:48.806,39.85304,-83.65535,1082.1,39.85303,-83.65535,1086.4,3,0,0,-168,0x03,31,3,15,3,-52,-66,3.25,-0.917,5.370,25.818,100%,3.832,4.051,3361,2840,0,2840,0,,0.00000,0.00000,0.0,0,0.0,-50,5.2
J.Herter_T1,2026-02-28,12:05:49.802,39.85304,-83.65535,1082.1,39.85303,-83.65535,1086.3,3,0,0,-99,0x03,31,3,15,3,-49,-60,3.25,-0.937,5.271,36.463,100%,3.827,4.053,3362,2841,0,2841,0,,0.00000,0.00000,0.0,0,0.0,-50,5.1
J.Herter_T1,2026-02-28,12:05:50.801,39.85304,-83.65535,1082.1,39.85303,-83.65535,1086.1,3,0,0,23,0x03,31,3,14,3,-51,-59,3.25,-1.032,5.108,28.964,100%,3.827,4.051,3363,2842,0,2842,0,,0.00000,0.00000,0.0,0,0.0,-50,5.0
J.Herter_T1,2026-02-28,12:05:51.777,39.85304,-83.65535,1082.1,39.85303,-83.65535,1085.9,3,0,0,-19,0x03,31,3,14,2,-55,-61,3.25,-1.092,4.970,18.275,100%,3.829,4.048,3364,2843,0,2843,0,,0.00000,0.00000,0.0,0,0.0,-50,4.9
J.Herter_T1,2026-02-28,12:05:52.801,39.85304,-83.65535,1082.1,39.85303,-83.65535,1085.7,3,0,0,124,0x03,31,3,14,3,-51,-67,3.25,-1.145,4.835,28.968,100%,3.829,4.050,3365,2844,0,2844,0,,0.00000,0.00000,0.0,0,0.0,-50,4.7
J.Herter_T1,2026-02-28,12:05:54.777,39.85304,-83.65535,1082.1,39.85303,-83.65535,1085.5,3,0,0,-22,0x03,31,3,14,3,-52,-58,3.25,-1.139,4.657,25.831,100%,3.810,4.051,3367,2846,0,2846,0,,0.00000,0.00000,0.0,0,0.0,-50,4.5
J.Herter_T1,2026-02-28,12:05:55.797,39.85304,-83.65535,1082.1,39.85303,-83.65535,1085.4,3,0,0,-115,0x03,31,3,14,3,-52,-61,3.25,-1.081,4.613,25.841,100%,3.810,4.049,3368,2847,0,2847,0,,0.00000,0.00000,0.0,0,0.0,-50,4.4
J.Herter_T1,2026-02-28,12:05:56.807,39.85304,-83.65535,1082.1,39.85303,-83.65535,1085.4,3,0,0,-52,0x03,31,3,13,4,-53,-61,3.26,-0.991,4.602,23.053,100%,3.829,4.050,3369,2848,0,2848,0,,0.00000,0.00000,0.0,0,0.0,-50,4.2
J.Herter_T1,2026-02-28,12:05:57.777,39.85304,-83.65535,1082.1,39.85303,-83.65535,1085.5,3,0,0,-99,0x03,31,3,14,2,-53,-63,3.27,-0.818,4.666,23.118,100%,3.829,4.049,3370,2849,0,2849,0,,0.00000,0.00000,0.0,0,0.0,-50,4.2
J.Herter_T1,2026-02-28,12:05:58.801,39.85304,-83.65535,1082.1,39.85303,-83.65535,1085.5,3,0,0,-3,0x03,31,3,14,3,-55,-62,3.27,-0.733,4.673,18.397,100%,3.824,4.051,3371,2850,0,2850,0,,0.00000,0.00000,0.0,0,0.0,-50,4.1
J.Herter_T1,2026-02-28,12:05:59.802,39.85304,-83.65535,1082.1,39.85303,-83.65535,1085.5,3,0,0,-162,0x03,31,3,13,4,-54,-64,3.27,-0.660,4.675,20.663,100%,3.824,4.050,3372,2851,0,2851,0,,0.00000,0.00000,0.0,0,0.0,-50,4.0
J.Herter_T1,2026-02-28,12:06:00.777,39.85304,-83.65535,1082.1,39.85303,-83.65535,1085.5,3,0,0,115,0x03,31,3,14,3,-55,-62,3.28,-0.605,4.671,18.458,100%,3.826,4.049,3373,2852,0,2852,0,,0.00000,0.00000,0.0,0,0.0,-50,3.9
J.Herter_T1,2026-02-28,12:06:01.802,39.85304,-83.65535,1082.1,39.85303,-83.65535,1085.4,3,0,0,165,0x03,31,3,12,5,-54,-64,3.26,-0.601,4.611,20.572,100%,3.826,4.049,3374,2853,0,2853,0,,0.00000,0.00000,0.0,0,0.0,-50,3.9
J.Herter_T1,2026-02-28,12:06:02.804,39.85304,-83.65535,1082.1,39.85300,-83.65535,1085.1,3,1,0,158,0x03,31,5,9,6,-51,-62,12.60,-0.795,12.947,112.294,100%,3.826,4.050,3375,2854,0,2854,0,,0.00000,0.00000,0.0,0,0.0,-50,3.8
J.Herter_T1,2026-02-28,12:06:03.807,39.85304,-83.65535,1082.1,39.85300,-83.65534,1084.8,3,1,0,171,0x03,31,4,12,5,-55,-60,12.61,-1.040,12.879,70.911,100%,3.808,4.049,3376,2855,0,2855,0,,0.00000,0.00000,0.0,0,0.0,-50,3.7
J.Herter_T1,2026-02-28,12:06:04.808,39.85304,-83.65535,1082.1,39.85300,-83.65534,1084.4,3,0,0,168,0x03,31,5,13,3,-57,-64,12.62,-1.282,12.817,56.376,100%,3.808,4.051,3377,2856,0,2856,0,,0.00000,0.00000,0.0,0,0.0,-50,3.5
J.Herter_T1,2026-02-28,12:06:05.802,39.85304,-83.65535,1082.1,39.85300,-83.65534,1083.7,3,1,0,152,0x03,31,6,11,5,-70,-64,12.65,-1.779,12.744,12.650,100%,3.827,4.049,3378,2857,0,2857,0,,0.00000,0.00000,0.0,0,0.0,-50,3.3
J.Herter_T1,2026-02-28,12:06:06.777,39.85304,-83.65535,1082.1,39.85300,-83.65534,1082.7,3,1,-1,148,0x03,31,8,10,5,-61,-71,12.69,-2.508,12.699,35.760,100%,3.827,4.050,3379,2858,0,2858,0,,0.00000,0.00000,0.0,0,0.0,-50,3.0
J.Herter_T1,2026-02-28,12:06:07.802,39.85304,-83.65535,1082.1,39.85300,-83.65534,1081.5,3,1,-1,151,0x03,31,6,14,2,-53,-71,12.73,-3.285,12.747,90.138,100%,3.824,4.049,3380,2859,0,2859,0,,0.00000,0.00000,0.0,0,0.0,-50,2.7
J.Herter_T1,2026-02-28,12:06:08.801,39.85304,-83.65535,1082.1,39.85300,-83.65534,1081.0,3,0,-1,-166,0x03,31,6,10,5,-67,-61,12.76,-3.429,12.808,18.021,100%,3.824,4.050,3381,2860,0,2860,0,,0.00000,0.00000,0.0,0,0.0,-50,2.3
J.Herter_T1,2026-02-28,12:06:09.777,39.85304,-83.65535,1082.1,39.85300,-83.65534,1080.7,3,0,0,166,0x03,31,9,10,3,-57,-68,12.77,-3.396,12.852,57.027,100%,3.827,4.049,3382,2861,0,2861,0,,0.00000,0.00000,0.0,0,0.0,-50,1.9
J.Herter_T1,2026-02-28,12:06:10.806,39.85304,-83.65535,1082.1,39.85300,-83.65534,1079.8,3,1,0,143,0x03,31,7,8,7,-60,-64,12.79,-3.842,13.009,40.461,100%,3.827,4.051,3383,2862,0,2862,0,,0.00000,0.00000,0.0,0,0.0,-50,1.5
J.Herter_T1,2026-02-28,12:06:11.808,39.85304,-83.65535,1082.1,39.85300,-83.65534,1078.4,3,0,-1,-140,0x03,30,3,13,3,-49,-66,12.81,-4.745,13.362,143.786,100%,3.827,4.049,3384,2863,0,2863,0,,0.00000,0.00000,0.0,0,0.0,-50,1.0
J.Herter_T1,2026-02-28,12:06:12.777,39.85304,-83.65535,1082.1,39.85300,-83.65533,1077.2,3,0,-1,94,0x03,31,2,10,8,-44,-63,12.85,-5.274,13.754,256.435,100%,3.814,4.051,3385,2864,0,2864,0,,0.00000,0.00000,0.0,0,0.0,-50,0.4
J.Herter_T1,2026-02-28,12:06:14.818,39.85304,-83.65535,1082.1,39.85300,-83.65533,1076.6,3,0,0,177,0x03,31,1,12,4,-47,-53,12.89,-5.364,14.044,182.026,94%,3.827,4.049,3387,2865,0,2865,0,,0.00000,0.00000,0.0,0,0.0,-50,-0.2
J.Herter_T1,2026-02-28,12:06:15.777,39.85304,-83.65535,1082.1,39.85300,-83.65533,1076.8,3,0,0,34,0x03,31,9,7,5,-43,-58,12.86,-4.580,13.916,287.976,94%,3.827,4.049,3388,2866,0,2866,0,,0.00000,0.00000,0.0,0,0.0,-50,-0.7
J.Herter_T1,2026-02-28,12:06:16.800,39.85304,-83.65535,1082.1,39.85300,-83.65533,1077.0,3,0,0,164,0x03,31,4,11,6,-57,-53,12.85,-3.962,13.839,57.409,94%,3.827,4.050,3389,2867,0,2867,0,,0.00000,0.00000,0.0,0,0.0,-50,-1.2
J.Herter_T1,2026-02-28,12:06:17.802,39.85304,-83.65535,1082.1,39.85300,-83.65533,1077.2,3,0,0,156,0x03,31,10,10,3,-54,-59,12.85,-3.401,13.766,81.057,94%,3.827,4.049,3390,2868,0,2868,0,,0.00000,0.00000,0.0,0,0.0,-50,-1.5
J.Herter_T1,2026-02-28,12:06:18.803,39.85304,-83.65535,1082.1,39.85298,-83.65534,1077.4,3,0,0,42,0x03,31,9,11,3,-50,-66,22.09,-2.851,22.583,220.856,94%,3.827,4.049,3391,2869,0,2869,0,,0.00000,0.00000,0.0,0,0.0,-50,-1.9
J.Herter_T1,2026-02-28,12:06:19.806,39.85304,-83.65535,1082.1,39.85298,-83.65534,1077.6,3,0,0,-48,0x03,31,9,10,4,-60,-60,22.08,-2.380,22.535,69.821,94%,3.808,4.049,3392,2870,0,2870,0,,0.00000,0.00000,0.0,0,0.0,-50,-2.1
J.Herter_T1,2026-02-28,12:06:20.808,39.85304,-83.65535,1082.1,39.85298,-83.65534,1077.9,3,0,0,-22,0x03,31,11,9,3,-64,-70,22.06,-1.923,22.473,44.025,94%,3.808,4.051,3393,2871,0,2871,0,,0.00000,0.00000,0.0,0,0.0,-50,-2.3
J.Herter_T1,2026-02-28,12:06:21.777,39.85304,-83.65535,1082.1,39.85298,-83.65534,1078.1,3,0,0,-60,0x03,31,11,10,3,-55,-61,22.05,-1.545,22.424,124.016,94%,3.826,4.049,3394,2872,0,2872,0,,0.00000,0.00000,0.0,0,0.0,-50,-2.5
J.Herter_T1,2026-02-28,12:06:22.801,39.85304,-83.65535,1082.1,39.85298,-83.65534,1078.2,3,0,0,-159,0x03,31,6,13,3,-51,-77,22.05,-1.243,22.387,196.480,94%,3.826,4.050,3395,2873,0,2873,0,,0.00000,0.00000,0.0,0,0.0,-50,-2.7
J.Herter_T1,2026-02-28,12:06:23.801,39.85304,-83.65535,1082.1,39.85298,-83.65534,1078.5,3,0,0,174,0x03,31,10,10,3,-43,-59,22.04,-0.862,22.336,493.477,94%,3.826,4.049,3396,2874,0,2874,0,,0.00000,0.00000,0.0,0,0.0,-50,-2.7
J.Herter_T1,2026-02-28,12:06:24.801,39.85304,-83.65535,1082.1,39.85298,-83.65534,1078.8,3,0,0,62,0x03,31,5,13,3,-66,-54,22.03,-0.575,22.291,34.920,96%,3.826,4.050,3397,2875,0,2875,0,,0.00000,0.00000,0.0,0,0.0,-50,-2.8
J.Herter_T1,2026-02-28,12:06:25.802,39.85304,-83.65535,1082.1,39.85298,-83.65534,1078.9,3,0,0,13,0x03,31,6,12,3,-58,-69,22.02,-0.352,22.255,87.676,96%,3.826,4.049,3398,2876,0,2876,0,,0.00000,0.00000,0.0,0,0.0,-50,-2.9
J.Herter_T1,2026-02-28,12:06:26.804,39.85304,-83.65535,1082.1,39.85298,-83.65534,1079.1,3,0,0,-71,0x03,31,6,12,3,-59,-63,22.02,-0.154,22.223,78.118,96%,3.827,4.049,3399,2877,0,2877,0,,0.00000,0.00000,0.0,0,0.0,-50,-2.9
J.Herter_T1,2026-02-28,12:06:27.777,39.85304,-83.65535,1082.1,39.85298,-83.65534,1079.3,3,0,0,124,0x03,30,5,13,2,-52,-68,22.01,-0.021,22.203,174.866,96%,3.827,4.048,3400,2878,0,2878,0,,0.00000,0.00000,0.0,0,0.0,-50,-2.9
J.Herter_T1,2026-02-28,12:06:28.809,39.85304,-83.65535,1082.1,39.85298,-83.65534,1079.4,3,0,0,-42,0x03,31,6,13,2,-60,-60,22.01,0.138,22.175,69.595,96%,3.827,4.048,3401,2879,0,2879,0,,0.00000,0.00000,0.0,0,0.0,-50,-2.9
J.Herter_T1,2026-02-28,12:06:29.800,39.85304,-83.65535,1082.1,39.85298,-83.65534,1079.6,3,0,0,-1,0x03,31,7,12,2,-63,-66,22.00,0.289,22.149,49.261,96%,3.827,4.048,3402,2880,0,2880,0,,0.00000,0.00000,0.0,0,0.0,-50,-2.8
J.Herter_T1,2026-02-28,12:06:30.802,39.85304,-83.65535,1082.1,39.85298,-83.65534,1079.7,3,0,0,-71,0x03,31,8,12,2,-58,-67,22.00,0.355,22.134,87.584,96%,3.827,4.050,3403,2881,0,2881,0,,0.00000,0.00000,0.0,0,0.0,-50,-2.8
J.Herter_T1,2026-02-28,12:06:31.801,39.85304,-83.65535,1082.1,39.85298,-83.65534,1079.9,3,0,0,65,0x03,31,10,10,2,-60,-65,22.00,0.446,22.121,69.576,96%,3.825,4.049,3404,2882,0,2882,0,,0.00000,0.00000,0.0,0,0.0,-50,-2.7
J.Herter_T1,2026-02-28,12:06:32.801,39.85304,-83.65535,1082.1,39.85298,-83.65534,1079.9,3,0,0,-126,0x03,31,9,11,2,-76,-71,22.00,0.467,22.108,11.024,96%,3.825,4.051,3405,2883,0,2883,0,,0.00000,0.00000,0.0,0,0.0,-50,-2.7
J.Herter_T1,2026-02-28,12:06:33.778,39.85304,-83.65535,1082.1,39.85298,-83.65534,1080.1,3,0,0,-119,0x03,31,9,11,2,-67,-76,22.00,0.535,22.097,31.073,100%,3.826,4.047,3406,2884,0,2884,0,,0.00000,0.00000,0.0,0,0.0,-50,-2.6
J.Herter_T1,2026-02-28,12:06:34.804,39.85304,-83.65535,1082.1,39.85298,-83.65534,1080.2,3,0,0,45,0x03,31,10,10,2,-68,-75,22.00,0.567,22.086,27.692,100%,3.826,4.052,3407,2885,0,2885,0,,0.00000,0.00000,0.0,0,0.0,-50,-2.6
J.Herter_T1,2026-02-28,12:06:35.806,39.85304,-83.65535,1082.1,39.85298,-83.65534,1080.3,3,0,0,126,0x03,31,9,12,2,-77,-76,21.99,0.640,22.070,9.824,100%,3.825,4.049,3408,2886,0,2886,0,,0.00000,0.00000,0.0,0,0.0,-50,-2.5
J.Herter_T1,2026-02-28,12:06:36.808,39.85304,-83.65535,1082.1,39.85298,-83.65534,1080.4,3,0,0,95,0x03,31,6,13,3,-75,-81,21.99,0.656,22.061,12.366,100%,3.825,4.050,3409,2887,0,2887,0,,0.00000,0.00000,0.0,0,0.0,-50,-2.4
J.Herter_T1,2026-02-28,12:06:37.801,39.85304,-83.65535,1082.1,39.85298,-83.65534,1080.5,3,0,0,-45,0x03,31,6,13,3,-74,-81,21.99,0.664,22.053,13.874,100%,3.825,4.049,3410,2888,0,2888,0,,0.00000,0.00000,0.0,0,0.0,-50,-2.3
J.Herter_T1,2026-02-28,12:06:38.801,39.85304,-83.65535,1082.1,39.85298,-83.65534,1080.6,3,0,0,97,0x03,31,6,13,3,-75,-80,21.99,0.701,22.041,12.364,100%,3.825,4.050,3411,2889,0,2889,0,,0.00000,0.00000,0.0,0,0.0,-50,-2.3
J.Herter_T1,2026-02-28,12:06:39.800,39.85304,-83.65535,1082.1,39.85298,-83.65534,1080.7,3,0,0,-19,0x03,31,6,13,3,-77,-82,21.98,0.732,22.032,9.820,100%,3.825,4.049,3412,2890,0,2890,0,,0.00000,0.00000,0.0,0,0.0,-50,-2.2
J.Herter_T1,2026-02-28,12:06:40.833,39.85304,-83.65535,1082.1,39.85298,-83.65534,1080.8,3,0,0,135,0x03,31,6,13,3,-74,-81,21.98,0.753,22.025,13.871,100%,3.809,4.051,3413,2891,0,2891,0,,0.00000,0.00000,0.0,0,0.0,-50,-2.1
J.Herter_T1,2026-02-28,12:06:41.802,39.85304,-83.65535,1082.1,39.85298,-83.65534,1080.9,3,0,0,14,0x03,31,6,13,3,-74,-81,21.98,0.778,22.016,13.869,100%,3.809,4.049,3414,2892,0,2892,0,,0.00000,0.00000,0.0,0,0.0,-50,-2.0
J.Herter_T1,2026-02-28,12:06:42.804,39.85304,-83.65535,1082.1,39.85298,-83.65534,1081.0,3,0,0,-129,0x03,31,6,13,3,-83,-81,21.98,0.810,22.008,4.921,100%,3.827,4.052,3415,2893,0,2893,0,,0.00000,0.00000,0.0,0,0.0,-50,-1.9
J.Herter_T1,2026-02-28,12:06:43.806,39.85304,-83.65535,1082.1,39.85298,-83.65534,1081.1,3,0,0,132,0x03,31,6,13,3,-80,-91,21.98,0.826,22.000,6.950,100%,3.827,4.049,3416,2894,0,2894,0,,0.00000,0.00000,0.0,0,0.0,-50,-1.8
J.Herter_T1,2026-02-28,12:06:44.808,39.85304,-83.65535,1082.1,39.85298,-83.65534,1081.2,3,0,0,171,0x03,31,6,13,3,-79,-85,21.98,0.776,21.998,7.798,100%,3.830,4.050,3417,2895,0,2895,0,,0.00000,0.00000,0.0,0,0.0,-50,-1.7
J.Herter_T1,2026-02-28,12:06:45.801,39.85304,-83.65535,1082.1,39.85298,-83.65534,1081.3,3,0,0,180,0x03,31,6,13,3,-81,-85,21.98,0.796,21.992,6.194,100%,3.830,4.051,3418,2896,0,2896,0,,0.00000,0.00000,0.0,0,0.0,-50,-1.7
J.Herter_T1,2026-02-28,12:06:46.801,39.85304,-83.65535,1082.1,39.85298,-83.65534,1081.4,3,0,0,15,0x03,31,6,13,3,-57,-77,21.97,0.837,21.986,98.154,100%,3.824,4.050,3419,2897,0,2897,0,,0.00000,0.00000,0.0,0,0.0,-50,-1.6
J.Herter_T1,2026-02-28,12:06:47.800,39.85304,-83.65535,1082.1,39.85298,-83.65534,1081.5,3,0,0,180,0x03,31,6,13,3,-48,-65,21.97,0.851,21.981,276.620,100%,3.824,4.049,3420,2898,0,2898,0,,0.00000,0.00000,0.0,0,0.0,-50,-1.5
J.Herter_T1,2026-02-28,12:06:48.801,39.85304,-83.65535,1082.1,39.85298,-83.65534,1081.6,3,0,0,-138,0x03,31,6,13,3,-54,-58,21.97,0.872,21.977,138.630,100%,3.824,4.050,3421,2899,0,2899,0,,0.00000,0.00000,0.0,0,0.0,-50,-1.4
J.Herter_T1,2026-02-28,12:06:49.803,39.85304,-83.65535,1082.1,39.85298,-83.65534,1081.8,3,0,0,161,0x03,31,6,13,3,-65,-64,21.97,0.882,21.974,39.069,100%,3.807,4.049,3422,2900,0,2900,0,,0.00000,0.00000,0.0,0,0.0,-50,-1.3
J.Herter_T1,2026-02-28,12:06:50.803,39.85304,-83.65535,1082.1,39.85298,-83.65534,1081.8,3,0,0,-135,0x03,31,6,13,3,-52,-70,21.97,0.868,21.971,174.506,100%,3.807,4.049,3423,2901,0,2901,0,,0.00000,0.00000,0.0,0,0.0,-50,-1.2
J.Herter_T1,2026-02-28,12:06:51.805,39.85304,-83.65535,1082.1,39.85298,-83.65534,1081.9,3,0,0,69,0x03,31,6,13,3,-55,-61,21.97,0.879,21.970,123.541,100%,3.830,4.051,3424,2902,0,2902,0,,0.00000,0.00000,0.0,0,0.0,-50,-1.1
J.Herter_T1,2026-02-28,12:06:52.807,39.85304,-83.65535,1082.1,39.85298,-83.65534,1082.1,3,0,0,55,0x03,31,6,13,3,-55,-65,21.97,0.894,21.968,123.534,100%,3.830,4.049,3425,2903,0,2903,0,,0.00000,0.00000,0.0,0,0.0,-50,-1.0
J.Herter_T1,2026-02-28,12:06:53.801,39.85304,-83.65535,1082.1,39.85298,-83.65534,1082.1,3,0,0,-48,0x03,31,6,13,3,-50,-65,21.97,0.828,21.968,219.678,100%,3.827,4.048,3426,2904,0,2904,0,,0.00000,0.00000,0.0,0,0.0,-50,-0.9
J.Herter_T1,2026-02-28,12:06:54.802,39.85304,-83.65535,1082.1,39.85298,-83.65534,1082.1,3,0,0,-150,0x03,31,6,13,3,-50,-59,21.97,0.802,21.969,219.690,100%,3.827,4.049,3427,2905,0,2905,0,,0.00000,0.00000,0.0,0,0.0,-50,-0.8
J.Herter_T1,2026-02-28,12:06:55.801,39.85304,-83.65535,1082.1,39.85298,-83.65534,1082.2,3,0,0,-8,0x03,31,6,13,2,-63,-60,21.97,0.780,21.969,49.182,100%,3.827,4.048,3428,2906,0,2906,0,,0.00000,0.00000,0.0,0,0.0,-50,-0.7
J.Herter_T1,2026-02-28,12:06:56.801,39.85304,-83.65535,1082.1,39.85298,-83.65534,1082.3,3,0,0,114,0x03,31,6,13,3,-59,-72,21.97,0.764,21.971,77.953,100%,3.811,4.049,3429,2907,0,2907,0,,0.00000,0.00000,0.0,0,0.0,-50,-0.6
J.Herter_T1,2026-02-28,12:06:57.800,39.85304,-83.65535,1082.1,39.85298,-83.65534,1082.3,3,0,0,77,0x03,31,6,13,3,-61,-67,21.97,0.697,21.972,61.924,100%,3.811,4.049,3430,2908,0,2908,0,,0.00000,0.00000,0.0,0,0.0,-50,-0.5
J.Herter_T1,2026-02-28,12:06:58.801,39.85304,-83.65535,1082.1,39.85298,-83.65534,1082.3,3,0,0,139,0x03,31,8,10,4,-62,-70,21.97,0.677,21.972,55.190,100%,3.819,4.050,3431,2909,0,2909,0,,0.00000,0.00000,0.0,0,0.0,-50,-0.5
J.Herter_T1,2026-02-28,12:06:59.804,39.85304,-83.65535,1082.1,39.85298,-83.65534,1082.4,3,0,0,175,0x03,31,11,9,4,-63,-70,21.97,0.633,21.973,49.188,100%,3.819,4.049,3432,2910,0,2910,0,,0.00000,0.00000,0.0,0,0.0,-50,-0.4
J.Herter_T1,2026-02-28,12:07:00.806,39.85304,-83.65535,1082.1,39.85298,-83.65534,1082.4,3,0,0,0,0x03,31,10,10,4,-55,-74,21.97,0.552,21.972,123.554,100%,3.827,4.049,3433,2911,0,2911,0,,0.00000,0.00000,0.0,0,0.0,-50,-0.3
J.Herter_T1,2026-02-28,12:07:01.807,39.85304,-83.65535,1082.1,39.85298,-83.65534,1082.4,3,0,0,123,0x03,31,11,9,3,-58,-64,21.97,0.538,21.974,87.475,100%,3.827,4.049,3434,2912,0,2912,0,,0.00000,0.00000,0.0,0,0.0,-50,-0.3
J.Herter_T1,2026-02-28,12:07:02.801,39.85304,-83.65535,1082.1,39.85298,-83.65534,1082.4,3,0,0,-122,0x03,31,12,9,3,-69,-64,21.97,0.467,21.974,24.654,100%,3.822,4.049,3435,2913,0,2913,0,,0.00000,0.00000,0.0,0,0.0,-50,-0.2
J.Herter_T1,2026-02-28,12:07:03.801,39.85304,-83.65535,1082.1,39.85298,-83.65534,1082.4,3,0,0,-158,0x03,31,8,11,3,-69,-75,21.97,0.438,21.973,24.652,100%,3.822,4.049,3436,2914,0,2914,0,,0.00000,0.00000,0.0,0,0.0,-50,-0.2
J.Herter_T1,2026-02-28,12:07:04.800,39.85304,-83.65535,1082.1,39.85298,-83.65534,1082.4,3,0,0,-2,0x03,31,6,12,3,-67,-79,21.97,0.359,21.974,31.037,100%,3.822,4.049,3437,2915,0,2915,0,,0.00000,0.00000,0.0,0,0.0,-50,-0.1
J.Herter_T1,2026-02-28,12:07:05.801,39.85304,-83.65535,1082.1,39.85298,-83.65534,1082.3,3,0,0,-124,0x03,31,9,12,1,-59,-70,21.97,0.240,21.974,77.967,100%,3.827,4.049,3438,2916,0,2916,0,,0.00000,0.00000,0.0,0,0.0,-50,-0.1
J.Herter_T1,2026-02-28,12:07:06.801,39.85304,-83.65535,1082.1,39.85298,-83.65534,1082.1,3,0,0,119,0x03,31,6,12,3,-53,-70,21.98,0.045,21.981,155.615,100%,3.827,4.050,3439,2917,0,2917,0,,0.00000,0.00000,0.0,0,0.0,-50,-0.1
J.Herter_T1,2026-02-28,12:07:07.802,39.85304,-83.65535,1082.1,39.85298,-83.65534,1082.1,3,0,0,157,0x03,31,6,12,4,-60,-64,21.99,0.017,21.988,69.531,100%,3.830,4.049,3440,2918,0,2918,0,,0.00000,0.00000,0.0,0,0.0,-50,-0.1
J.Herter_T1,2026-02-28,12:07:08.797,39.85304,-83.65535,1082.1,39.85298,-83.65534,1082.1,3,0,0,163,0x03,31,6,13,3,-64,-65,21.99,0.077,21.988,43.871,100%,3.830,4.050,3441,2919,0,2919,0,,0.00000,0.00000,0.0,0,0.0,-50,-0.1
J.Herter_T1,2026-02-28,12:07:09.806,39.85304,-83.65535,1082.1,39.85298,-83.65534,1082.1,3,0,0,128,0x03,31,11,10,3,-57,-69,21.99,0.093,21.991,98.230,100%,3.829,4.048,3442,2920,0,2920,0,,0.00000,0.00000,0.0,0,0.0,-50,-0.1
J.Herter_T1,2026-02-28,12:07:10.806,39.85304,-83.65535,1082.1,39.85298,-83.65534,1082.1,3,0,0,117,0x03,31,9,12,3,-52,-67,22.00,0.084,22.004,174.784,100%,3.829,4.049,3443,2921,0,2921,0,,0.00000,0.00000,0.0,0,0.0,-50,-0.1
J.Herter_T1,2026-02-28,12:07:11.809,39.85304,-83.65535,1082.1,39.85298,-83.65534,1082.1,3,0,0,-136,0x03,31,14,7,1,-54,-61,22.01,0.004,22.012,138.888,100%,3.829,4.048,3444,2922,0,2922,0,,0.00000,0.00000,0.0,0,0.0,-50,-0.1
J.Herter_T1,2026-02-28,12:07:12.801,39.85304,-83.65535,1082.1,39.85298,-83.65534,1082.1,3,0,0,-90,0x03,31,13,8,1,-53,-71,22.01,0.028,22.008,155.805,100%,3.829,4.049,3445,2923,0,2923,0,,0.00000,0.00000,0.0,0,0.0,-50,-0.1
J.Herter_T1,2026-02-28,12:07:13.801,39.85302,-83.65533,1084.3,39.85298,-83.65534,1082.1,3,0,0,131,0x03,31,13,8,1,-67,-75,15.22,-1.957,15.390,21.505,100%,3.829,4.049,3446,2924,0,2924,0,,0.00000,0.00000,0.0,0,0.0,-50,-0.3
J.Herter_T1,2026-02-28,12:07:14.801,39.85302,-83.65533,1084.3,39.85298,-83.65534,1082.1,3,0,0,71,0x03,31,11,10,1,-59,-66,15.22,-1.717,15.380,54.010,100%,3.822,4.049,3447,2925,0,2925,0,,0.00000,0.00000,0.0,0,0.0,-50,-0.5
J.Herter_T1,2026-02-28,12:07:15.801,39.85302,-83.65533,1084.3,39.85298,-83.65534,1082.2,3,0,0,-24,0x03,31,12,9,1,-71,-66,15.22,-1.480,15.365,13.563,100%,3.822,4.048,3448,2926,0,2926,0,,0.00000,0.00000,0.0,0,0.0,-50,-0.6
J.Herter_T1,2026-02-28,12:07:16.801,39.85302,-83.65533,1084.3,39.85298,-83.65534,1082.3,3,0,0,-174,0x03,31,11,9,2,-61,-71,15.22,-1.238,15.351,42.889,100%,3.829,4.049,3449,2927,0,2927,0,,0.00000,0.00000,0.0,0,0.0,-50,-0.8
J.Herter_T1,2026-02-28,12:07:17.802,39.85302,-83.65533,1084.3,39.85298,-83.65534,1082.4,3,0,0,-97,0x03,31,10,11,2,-63,-69,15.22,-1.016,15.337,34.068,100%,3.829,4.048,3450,2928,0,2928,0,,0.00000,0.00000,0.0,0,0.0,-50,-0.9
J.Herter_T1,2026-02-28,12:07:18.804,39.85302,-83.65533,1084.3,39.85298,-83.65534,1082.5,3,0,0,26,0x03,31,11,10,2,-61,-70,15.22,-0.865,15.330,42.889,100%,3.829,4.049,3451,2929,0,2929,0,,0.00000,0.00000,0.0,0,0.0,-50,-1.0
J.Herter_T1,2026-02-28,12:07:19.805,39.85302,-83.65533,1084.3,39.85298,-83.65534,1082.6,3,0,0,-167,0x03,31,11,10,2,-62,-69,15.22,-0.710,15.321,38.225,100%,3.805,4.048,3452,2930,0,2930,0,,0.00000,0.00000,0.0,0,0.0,-50,-1.1
J.Herter_T1,2026-02-28,12:07:20.808,39.85302,-83.65533,1084.3,39.85298,-83.65534,1082.6,3,0,0,0,0x03,31,11,11,2,-59,-69,15.22,-0.580,15.316,54.002,100%,3.805,4.052,3453,2931,0,2931,0,,0.00000,0.00000,0.0,0,0.0,-50,-1.1
J.Herter_T1,2026-02-28,12:07:21.800,39.85302,-83.65533,1084.3,39.85298,-83.65534,1082.6,3,0,0,-150,0x03,31,11,12,0,-63,-67,15.22,-0.510,15.315,34.073,100%,3.826,4.049,3454,2932,0,2932,0,,0.00000,0.00000,0.0,0,0.0,-50,-1.2
J.Herter_T1,2026-02-28,12:07:22.800,39.85302,-83.65533,1084.3,39.85298,-83.65534,1082.7,3,0,0,75,0x03,31,10,12,0,-61,-71,15.22,-0.424,15.308,42.889,100%,3.826,4.049,3455,2933,0,2933,0,,0.00000,0.00000,0.0,0,0.0,-50,-1.2
J.Herter_T1,2026-02-28,12:07:23.800,39.85302,-83.65533,1084.3,39.85298,-83.65534,1082.7,3,0,0,5,0x03,31,10,11,1,-60,-67,15.22,-0.334,15.305,48.129,100%,3.826,4.048,3456,2934,0,2934,0,,0.00000,0.00000,0.0,0,0.0,-50,-1.3
J.Herter_T1,2026-02-28,12:07:24.801,39.85302,-83.65533,1084.3,39.85298,-83.65534,1082.8,3,0,0,-136,0x03,31,11,10,1,-61,-67,15.22,-0.245,15.298,42.895,100%,3.826,4.049,3457,2935,0,2935,0,,0.00000,0.00000,0.0,0,0.0,-50,-1.3
J.Herter_T1,2026-02-28,12:07:25.801,39.85302,-83.65533,1084.3,39.85298,-83.65534,1082.8,3,0,0,-61,0x03,31,12,10,0,-60,-75,15.22,-0.217,15.298,48.129,100%,3.804,4.049,3458,2936,0,2936,0,,0.00000,0.00000,0.0,0,0.0,-50,-1.3
J.Herter_T1,2026-02-28,12:07:26.800,39.85302,-83.65533,1084.3,39.85298,-83.65534,1082.8,3,0,0,30,0x03,30,10,11,0,-59,-72,15.22,-0.166,15.297,54.010,100%,3.804,4.049,3459,2937,0,2937,0,,0.00000,0.00000,0.0,0,0.0,-50,-1.3
J.Herter_T1,2026-02-28,12:07:27.802,39.85302,-83.65533,1084.3,39.85298,-83.65534,1082.9,3,0,0,-68,0x03,31,12,10,0,-57,-66,15.22,-0.117,15.294,67.995,100%,3.804,4.049,3460,2938,0,2938,0,,0.00000,0.00000,0.0,0,0.0,-50,-1.4
J.Herter_T1,2026-02-28,12:07:28.805,39.85302,-83.65533,1084.3,39.85298,-83.65534,1083.0,3,0,0,168,0x03,31,12,9,1,-64,-66,15.22,-0.026,15.285,30.372,100%,3.823,4.049,3461,2939,0,2939,0,,0.00000,0.00000,0.0,0,0.0,-50,-1.4
J.Herter_T1,2026-02-28,12:18:21.849,39.85306,-83.65536,1093.1,39.85306,-83.65534,1077.2,3,0,0,180,0x01,31,4,11,7,-71,-75,5.68,-12.606,16.884,5.059,100%,3.812,4.043,3462,2940,0,2940,0,,0.00000,0.00000,0.0,0,0.0,-50,-3.3
J.Herter_T1,2026-02-28,12:18:22.808,39.85306,-83.65536,1093.1,39.85306,-83.65534,1077.3,3,0,0,-108,0x01,31,4,12,6,-77,-77,5.65,-11.271,16.798,2.523,100%,3.812,4.045,3463,2941,0,2941,0,,0.00000,0.00000,0.0,0,0.0,-50,-4.5
J.Herter_T1,2026-02-28,12:18:23.828,39.85306,-83.65536,1093.1,39.85306,-83.65534,1077.3,3,0,0,-47,0x01,31,4,12,6,-78,-84,5.65,-10.124,16.776,2.249,100%,3.810,4.040,3464,2942,0,2942,0,,0.00000,0.00000,0.0,0,0.0,-50,-5.7
J.Herter_T1,2026-02-28,12:18:24.818,39.85306,-83.65536,1093.1,39.85306,-83.65534,1077.3,3,0,0,165,0x01,31,4,12,6,-72,-84,5.62,-9.102,16.758,4.465,100%,3.810,4.041,3465,2943,0,2943,0,,0.00000,0.00000,0.0,0,0.0,-50,-6.7
J.Herter_T1,2026-02-28,12:18:25.808,39.85306,-83.65536,1093.1,39.85306,-83.65534,1077.3,3,0,0,-145,0x01,31,4,11,7,-80,-80,5.62,-8.189,16.755,1.778,100%,3.811,4.043,3466,2944,0,2944,0,,0.00000,0.00000,0.0,0,0.0,-50,-7.6
J.Herter_T1,2026-02-28,12:18:26.829,39.85306,-83.65536,1093.1,39.85306,-83.65534,1077.4,3,0,0,135,0x01,31,3,12,7,-57,-84,5.59,-7.338,16.712,24.988,100%,3.811,4.043,3467,2945,0,2945,0,,0.00000,0.00000,0.0,0,0.0,-50,-8.4
J.Herter_T1,2026-02-28,12:18:28.809,39.85306,-83.65536,1093.1,39.85306,-83.65534,1077.5,3,0,0,-4,0x01,31,3,12,7,-62,-65,5.57,-6.462,16.554,13.983,89%,3.810,4.029,3470,2947,0,2946,0,,0.00000,0.00000,0.0,0,0.0,-50,-9.1
J.Herter_T1,2026-02-28,12:18:29.827,39.85306,-83.65536,1093.1,39.85306,-83.65534,1077.5,3,0,0,-63,0x01,31,3,12,7,-61,-71,5.54,-5.795,16.523,15.611,90%,3.810,4.045,3471,2948,0,2947,0,,0.00000,0.00000,0.0,0,0.0,-50,-9.8
J.Herter_T1,2026-02-28,12:18:30.818,39.85306,-83.65536,1093.1,39.85306,-83.65534,1077.6,3,0,0,111,0x01,31,3,11,8,-67,-71,5.57,-5.198,16.514,7.863,91%,3.796,4.043,3472,2949,0,2948,0,,0.00000,0.00000,0.0,0,0.0,-50,-10.3
J.Herter_T1,2026-02-28,12:18:31.809,39.85306,-83.65536,1093.1,39.85306,-83.65534,1077.6,3,0,0,90,0x01,31,3,11,8,-64,-71,5.57,-4.610,16.443,11.107,92%,3.796,4.043,3473,2950,0,2949,0,,0.00000,0.00000,0.0,0,0.0,-50,-10.9
J.Herter_T1,2026-02-28,12:18:32.829,39.85306,-83.65536,1093.1,39.85306,-83.65534,1077.7,3,0,0,145,0x01,31,3,11,8,-62,-71,5.57,-4.123,16.415,13.983,92%,3.795,4.043,3474,2951,0,2950,0,,0.00000,0.00000,0.0,0,0.0,-50,-11.3
J.Herter_T1,2026-02-28,12:18:33.818,39.85306,-83.65536,1093.1,39.85306,-83.65534,1077.8,3,0,0,-77,0x01,31,3,10,9,-60,-67,5.54,-3.616,16.307,17.516,92%,3.795,4.043,3475,2952,0,2951,0,,0.00000,0.00000,0.0,0,0.0,-50,-11.7
J.Herter_T1,2026-02-28,12:18:34.809,39.85306,-83.65536,1093.1,39.85306,-83.65534,1077.9,3,0,0,18,0x01,31,3,11,8,-61,-67,5.48,-3.148,16.177,15.456,93%,3.811,4.043,3476,2953,0,2952,0,,0.00000,0.00000,0.0,0,0.0,-50,-12.1
J.Herter_T1,2026-02-28,12:18:35.828,39.85306,-83.65536,1093.1,39.85306,-83.65534,1078.0,3,0,0,38,0x01,31,3,11,8,-63,-67,5.48,-2.706,16.044,12.277,93%,3.811,4.043,3477,2954,0,2953,0,,0.00000,0.00000,0.0,0,0.0,-50,-12.4
J.Herter_T1,2026-02-28,12:18:36.818,39.85306,-83.65536,1093.1,39.85306,-83.65534,1078.1,3,0,0,-173,0x01,31,3,9,10,-63,-69,5.46,-2.335,15.930,12.216,93%,3.808,4.040,3478,2955,0,2954,0,,0.00000,0.00000,0.0,0,0.0,-50,-12.6
J.Herter_T1,2026-02-28,12:18:37.808,39.85306,-83.65536,1093.1,39.85306,-83.65534,1078.2,3,0,0,-109,0x01,31,3,10,9,-75,-71,5.40,-2.010,15.816,3.038,94%,3.808,4.042,3479,2956,0,2955,0,,0.00000,0.00000,0.0,0,0.0,-50,-12.9
J.Herter_T1,2026-02-28,12:18:38.830,39.85306,-83.65536,1093.1,39.85306,-83.65534,1078.3,3,0,0,158,0x01,31,4,12,6,-70,-78,5.40,-1.733,15.736,5.402,96%,3.809,4.043,3480,2957,0,2956,0,,0.00000,0.00000,0.0,0,0.0,-50,-13.0
J.Herter_T1,2026-02-28,12:18:39.818,39.85306,-83.65536,1093.1,39.85306,-83.65534,1078.5,3,0,0,108,0x01,31,4,11,7,-70,-77,5.35,-1.409,15.560,5.347,96%,3.809,4.046,3481,2958,0,2957,0,,0.00000,0.00000,0.0,0,0.0,-50,-13.2
J.Herter_T1,2026-02-28,12:18:40.809,39.85306,-83.65536,1093.1,39.85306,-83.65534,1078.6,3,0,0,129,0x01,30,4,11,7,-66,-76,5.32,-1.203,15.483,8.431,96%,3.809,4.044,3482,2959,0,2958,0,,0.00000,0.00000,0.0,0,0.0,-50,-13.3
J.Herter_T1,2026-02-28,12:18:41.828,39.85306,-83.65536,1093.1,39.85306,-83.65534,1078.6,3,0,0,19,0x01,30,4,11,7,-63,-74,5.29,-1.038,15.427,11.847,96%,3.790,4.045,3483,2960,0,2959,0,,0.00000,0.00000,0.0,0,0.0,-50,-13.5
J.Herter_T1,2026-02-28,12:18:42.817,39.85306,-83.65536,1093.1,39.85306,-83.65534,1078.7,3,0,0,-105,0x01,30,4,10,8,-63,-71,5.26,-0.828,15.307,11.786,96%,3.790,4.041,3484,2961,0,2960,0,,0.00000,0.00000,0.0,0,0.0,-50,-13.5
J.Herter_T1,2026-02-28,12:18:43.809,39.85306,-83.65536,1093.1,39.85306,-83.65534,1078.8,3,0,0,-45,0x01,30,4,10,8,-63,-70,5.26,-0.710,15.270,11.786,96%,3.810,4.042,3485,2962,0,2961,0,,0.00000,0.00000,0.0,0,0.0,-50,-13.6
J.Herter_T1,2026-02-28,12:18:44.830,39.85306,-83.65536,1093.1,39.85306,-83.65534,1078.9,3,0,0,51,0x01,30,4,11,7,-64,-67,5.24,-0.533,15.149,10.449,96%,3.810,4.041,3486,2963,0,2962,0,,0.00000,0.00000,0.0,0,0.0,-50,-13.7
J.Herter_T1,2026-02-28,12:18:45.830,39.85306,-83.65536,1093.1,39.85306,-83.65534,1079.0,3,0,0,70,0x01,30,4,11,7,-65,-71,5.24,-0.388,15.054,9.313,96%,3.812,4.043,3487,2964,0,2963,0,,0.00000,0.00000,0.0,0,0.0,-50,-13.7
J.Herter_T1,2026-02-28,12:18:46.828,39.85306,-83.65536,1093.1,39.85306,-83.65534,1079.0,3,0,0,151,0x01,30,4,11,7,-66,-72,5.24,-0.305,15.008,8.300,96%,3.812,4.044,3488,2965,0,2964,0,,0.00000,0.00000,0.0,0,0.0,-50,-13.8
J.Herter_T1,2026-02-28,12:18:47.827,39.85306,-83.65536,1093.1,39.85306,-83.65534,1079.1,3,0,0,174,0x01,30,4,10,8,-65,-76,5.21,-0.206,14.927,9.264,100%,3.808,4.045,3489,2966,0,2965,0,,0.00000,0.00000,0.0,0,0.0,-50,-13.8
J.Herter_T1,2026-02-28,12:18:48.828,39.85306,-83.65536,1093.1,39.85306,-83.65534,1079.2,3,0,0,-65,0x01,30,4,10,8,-63,-74,5.15,-0.065,14.782,11.540,100%,3.808,4.044,3490,2967,0,2966,0,,0.00000,0.00000,0.0,0,0.0,-50,-13.8
J.Herter_T1,2026-02-28,12:18:49.838,39.85306,-83.65536,1093.1,39.85306,-83.65534,1079.3,3,0,0,8,0x01,30,4,11,7,-64,-71,5.13,0.027,14.684,10.231,100%,3.808,4.045,3491,2968,0,2967,0,,0.00000,0.00000,0.0,0,0.0,-50,-13.8
J.Herter_T1,2026-02-28,12:18:50.833,39.85306,-83.65536,1093.1,39.85306,-83.65534,1079.5,3,0,0,-3,0x01,30,4,10,8,-61,-71,5.10,0.149,14.545,14.374,100%,3.808,4.043,3492,2969,0,2968,0,,0.00000,0.00000,0.0,0,0.0,-50,-13.8
J.Herter_T1,2026-02-28,12:18:51.831,39.85306,-83.65536,1093.1,39.85306,-83.65534,1079.6,3,0,0,-113,0x01,30,4,11,7,-64,-70,5.05,0.202,14.455,10.067,100%,3.808,4.042,3493,2970,0,2969,0,,0.00000,0.00000,0.0,0,0.0,-50,-13.7
J.Herter_T1,2026-02-28,12:18:52.832,39.85306,-83.65536,1093.1,39.85306,-83.65534,1079.6,3,0,0,-37,0x01,30,4,11,7,-66,-71,5.05,0.246,14.387,7.996,100%,3.809,4.042,3494,2971,0,2970,0,,0.00000,0.00000,0.0,0,0.0,-50,-13.7
J.Herter_T1,2026-02-28,12:18:53.829,39.85306,-83.65536,1093.1,39.85306,-83.65534,1079.7,3,0,0,40,0x01,30,4,12,6,-64,-72,5.02,0.313,14.283,10.012,100%,3.809,4.044,3495,2972,0,2971,0,,0.00000,0.00000,0.0,0,0.0,-50,-13.7
J.Herter_T1,2026-02-28,12:18:54.823,39.85306,-83.65536,1093.1,39.85303,-83.65534,1079.8,3,0,0,-153,0x01,30,4,13,5,-64,-71,11.52,0.371,17.577,22.989,100%,3.808,4.043,3496,2973,0,2972,0,,0.00000,0.00000,0.0,0,0.0,-50,-13.6
J.Herter_T1,2026-02-28,12:18:55.826,39.85306,-83.65536,1093.1,39.85303,-83.65534,1079.9,3,0,0,82,0x01,30,4,12,6,-69,-72,11.53,0.387,17.540,12.941,100%,3.808,4.045,3497,2974,0,2973,0,,0.00000,0.00000,0.0,0,0.0,-50,-13.6
J.Herter_T1,2026-02-28,12:18:56.829,39.85306,-83.65536,1093.1,39.85303,-83.65534,1080.0,3,0,0,-128,0x01,30,4,12,6,-64,-76,11.53,0.484,17.427,23.013,100%,3.810,4.043,3498,2975,0,2974,0,,0.00000,0.00000,0.0,0,0.0,-50,-13.5
J.Herter_T1,2026-02-28,12:18:57.827,39.85306,-83.65536,1093.1,39.85303,-83.65534,1080.1,3,0,0,169,0x01,30,4,11,7,-64,-68,11.53,0.477,17.392,23.013,100%,3.810,4.044,3499,2976,0,2975,0,,0.00000,0.00000,0.0,0,0.0,-50,-13.5
J.Herter_T1,2026-02-28,12:18:58.827,39.85306,-83.65536,1093.1,39.85303,-83.65534,1080.1,3,0,0,177,0x01,30,4,10,8,-63,-71,11.52,0.459,17.360,25.794,100%,3.811,4.043,3500,2977,0,2976,0,,0.00000,0.00000,0.0,0,0.0,-50,-13.4
J.Herter_T1,2026-02-28,12:18:59.830,39.85306,-83.65536,1093.1,39.85303,-83.65534,1080.2,3,0,0,-143,0x01,30,4,10,8,-65,-71,11.52,0.507,17.281,20.489,100%,3.811,4.046,3501,2978,0,2977,0,,0.00000,0.00000,0.0,0,0.0,-50,-13.4
J.Herter_T1,2026-02-28,12:19:00.830,39.85306,-83.65536,1093.1,39.85303,-83.65534,1080.3,3,0,0,50,0x01,30,4,11,7,-68,-71,11.52,0.536,17.216,14.505,100%,3.811,4.043,3502,2979,0,2978,0,,0.00000,0.00000,0.0,0,0.0,-50,-13.3
J.Herter_T1,2026-02-28,12:19:01.830,39.85306,-83.65536,1093.1,39.85303,-83.65534,1080.4,3,0,0,-167,0x01,30,4,12,6,-67,-76,11.53,0.548,17.170,16.292,100%,3.808,4.045,3503,2980,0,2979,0,,0.00000,0.00000,0.0,0,0.0,-50,-13.3
J.Herter_T1,2026-02-28,12:19:03.847,39.85306,-83.65536,1093.1,39.85303,-83.65534,1080.5,3,0,0,-140,0x01,30,4,11,7,-66,-74,11.51,0.593,17.071,18.242,94%,3.811,4.043,3505,2981,0,2980,0,,0.00000,0.00000,0.0,0,0.0,-50,-13.2
J.Herter_T1,2026-02-28,12:19:04.832,39.85306,-83.65536,1093.1,39.85303,-83.65534,1080.5,3,0,0,87,0x01,30,4,11,7,-68,-74,11.51,0.563,17.047,14.490,94%,3.811,4.043,3506,2982,0,2981,0,,0.00000,0.00000,0.0,0,0.0,-50,-13.1
J.Herter_T1,2026-02-28,12:19:05.828,39.85306,-83.65536,1093.1,39.85303,-83.65534,1080.5,3,0,0,-92,0x01,30,4,11,7,-68,-75,11.51,0.475,17.074,14.490,94%,3.809,4.043,3507,2983,0,2982,0,,0.00000,0.00000,0.0,0,0.0,-50,-13.1
J.Herter_T1,2026-02-28,12:19:06.824,39.85306,-83.65536,1093.1,39.85303,-83.65534,1080.5,3,0,0,169,0x01,30,4,12,6,-63,-78,11.52,0.395,17.109,25.794,94%,3.809,4.041,3508,2984,0,2983,0,,0.00000,0.00000,0.0,0,0.0,-50,-13.0
J.Herter_T1,2026-02-28,12:19:07.824,39.85306,-83.65536,1093.1,39.85303,-83.65534,1080.4,3,0,0,168,0x01,30,4,12,6,-64,-70,11.52,0.335,17.126,22.989,94%,3.808,4.043,3509,2985,0,2984,0,,0.00000,0.00000,0.0,0,0.0,-50,-13.0
J.Herter_T1,2026-02-28,12:19:08.830,39.85306,-83.65536,1093.1,39.85303,-83.65534,1080.4,3,0,0,-45,0x01,30,4,12,6,-64,-71,11.53,0.307,17.129,23.013,94%,3.808,4.043,3510,2986,0,2985,0,,0.00000,0.00000,0.0,0,0.0,-50,-13.0
J.Herter_T1,2026-02-28,12:19:09.825,39.85306,-83.65536,1093.1,39.85303,-83.65534,1080.5,3,0,0,-25,0x01,30,4,12,6,-64,-71,11.53,0.371,17.051,23.013,94%,3.808,4.043,3511,2987,0,2986,0,,0.00000,0.00000,0.0,0,0.0,-50,-12.9
J.Herter_T1,2026-02-28,12:19:10.826,39.85306,-83.65536,1093.1,39.85303,-83.65534,1080.6,3,0,0,121,0x01,30,4,12,6,-62,-71,11.55,0.342,17.052,29.002,94%,3.791,4.041,3512,2988,0,2987,0,,0.00000,0.00000,0.0,0,0.0,-50,-12.9
J.Herter_T1,2026-02-28,12:19:11.827,39.85306,-83.65536,1093.1,39.85303,-83.65534,1080.6,3,0,0,-161,0x01,30,4,13,5,-62,-70,11.55,0.364,17.006,29.002,94%,3.791,4.042,3513,2989,0,2988,0,,0.00000,0.00000,0.0,0,0.0,-50,-12.9
J.Herter_T1,2026-02-28,12:19:12.831,39.85306,-83.65536,1093.1,39.85303,-83.65534,1080.6,3,0,0,-27,0x01,30,4,13,5,-63,-70,11.56,0.343,17.002,25.875,94%,3.809,4.040,3514,2990,0,2989,0,,0.00000,0.00000,0.0,0,0.0,-50,-12.8
J.Herter_T1,2026-02-28,12:19:13.830,39.85306,-83.65536,1093.1,39.85303,-83.65534,1080.7,3,0,0,63,0x01,30,4,13,5,-63,-71,11.56,0.326,16.988,25.875,96%,3.809,4.043,3515,2991,0,2990,0,,0.00000,0.00000,0.0,0,0.0,-50,-12.8
J.Herter_T1,2026-02-28,12:19:14.830,39.85306,-83.65536,1093.1,39.85303,-83.65534,1080.6,3,0,0,22,0x01,30,4,13,5,-70,-71,11.57,0.240,17.039,11.570,96%,3.809,4.042,3516,2992,0,2991,0,,0.00000,0.00000,0.0,0,0.0,-50,-12.7
J.Herter_T1,2026-02-28,12:19:15.831,39.85306,-83.65536,1093.1,39.85303,-83.65534,1080.6,3,0,0,116,0x01,31,4,12,6,-65,-76,11.58,0.213,17.050,20.596,96%,3.809,4.045,3517,2993,0,2992,0,,0.00000,0.00000,0.0,0,0.0,-50,-12.7
J.Herter_T1,2026-02-28,12:19:16.829,39.85306,-83.65536,1093.1,39.85303,-83.65534,1080.6,3,0,0,154,0x01,31,4,13,5,-74,-74,11.58,0.204,17.040,7.308,96%,3.808,4.043,3518,2994,0,2993,0,,0.00000,0.00000,0.0,0,0.0,-50,-12.7
J.Herter_T1,2026-02-28,12:19:17.832,39.85306,-83.65536,1093.1,39.85303,-83.65534,1080.7,3,0,0,-28,0x01,31,4,13,5,-81,-79,11.58,0.278,16.964,3.264,96%,3.808,4.043,3519,2995,0,2994,0,,0.00000,0.00000,0.0,0,0.0,-50,-12.7
J.Herter_T1,2026-02-28,12:19:18.825,39.85306,-83.65536,1093.1,39.85303,-83.65534,1080.8,3,0,0,-60,0x01,31,4,14,5,-69,-79,11.57,0.339,16.883,12.981,96%,3.808,4.043,3520,2996,0,2995,0,,0.00000,0.00000,0.0,0,0.0,-50,-12.6
J.Herter_T1,2026-02-28,12:19:19.825,39.85306,-83.65536,1093.1,39.85303,-83.65534,1080.9,3,0,0,6,0x01,31,4,13,5,-62,-77,11.56,0.405,16.794,29.032,96%,3.805,4.044,3521,2997,0,2996,0,,0.00000,0.00000,0.0,0,0.0,-50,-12.6
J.Herter_T1,2026-02-28,12:19:20.829,39.85306,-83.65536,1093.1,39.85303,-83.65534,1081.0,3,0,0,-178,0x01,31,4,12,6,-59,-69,11.56,0.483,16.699,41.008,96%,3.805,4.040,3522,2998,0,2997,0,,0.00000,0.00000,0.0,0,0.0,-50,-12.5
J.Herter_T1,2026-02-28,12:19:21.825,39.85306,-83.65536,1093.1,39.85303,-83.65534,1081.2,3,0,0,146,0x01,31,4,11,7,-59,-67,11.55,0.535,16.610,40.966,96%,3.809,4.040,3523,2999,0,2998,0,,0.00000,0.00000,0.0,0,0.0,-50,-12.5
J.Herter_T1,2026-02-28,12:19:22.808,39.85306,-83.65536,1093.1,39.85303,-83.65534,1081.2,3,0,0,-29,0x01,31,4,13,5,-63,-67,11.53,0.558,16.541,25.821,100%,3.809,4.040,3524,3000,0,2999,0,,0.00000,0.00000,0.0,0,0.0,-50,-12.4
J.Herter_T1,2026-02-28,12:19:23.829,39.85306,-83.65536,1093.1,39.85303,-83.65534,1081.3,3,0,0,54,0x01,31,4,13,5,-72,-72,11.52,0.564,16.483,9.152,100%,3.811,4.043,3525,3001,0,3000,0,,0.00000,0.00000,0.0,0,0.0,-50,-12.4
J.Herter_T1,2026-02-28,12:19:24.818,39.85306,-83.65536,1093.1,39.85303,-83.65534,1081.4,3,0,0,101,0x01,31,4,13,5,-70,-80,11.51,0.546,16.445,11.510,100%,3.811,4.042,3526,3002,0,3001,0,,0.00000,0.00000,0.0,0,0.0,-50,-12.3
J.Herter_T1,2026-02-28,12:19:25.824,39.85304,-83.65538,1096.7,39.85303,-83.65534,1081.4,3,0,0,-150,0x01,31,4,12,6,-61,-76,10.47,-2.773,18.549,29.518,100%,3.811,4.043,3527,3003,0,3002,0,,0.00000,0.00000,0.0,0,0.0,-50,-12.5
J.Herter_T1,2026-02-28,12:19:26.832,39.85304,-83.65538,1096.7,39.85303,-83.65534,1081.5,3,0,0,105,0x01,31,4,12,5,-60,-69,10.45,-2.445,18.489,33.040,100%,3.789,4.043,3528,3004,0,3003,0,,0.00000,0.00000,0.0,0,0.0,-50,-12.8
J.Herter_T1,2026-02-28,12:19:27.830,39.85304,-83.65538,1096.7,39.85303,-83.65534,1081.5,3,0,0,-35,0x01,31,4,12,5,-61,-67,10.42,-2.153,18.432,29.377,100%,3.789,4.043,3529,3005,0,3004,0,,0.00000,0.00000,0.0,0,0.0,-50,-13.0
J.Herter_T1,2026-02-28,12:19:28.829,39.85304,-83.65538,1096.7,39.85303,-83.65534,1081.6,3,0,0,167,0x01,31,4,13,5,-63,-67,10.42,-1.920,18.415,23.335,100%,3.806,4.042,3530,3006,0,3005,0,,0.00000,0.00000,0.0,0,0.0,-50,-13.3
J.Herter_T1,2026-02-28,12:19:29.828,39.85304,-83.65538,1096.7,39.85303,-83.65534,1081.6,3,0,0,-164,0x01,31,4,14,4,-66,-71,10.42,-1.652,18.345,16.520,100%,3.806,4.043,3531,3007,0,3006,0,,0.00000,0.00000,0.0,0,0.0,-50,-13.4
J.Herter_T1,2026-02-28,12:19:30.834,39.85304,-83.65538,1096.7,39.85303,-83.65534,1081.7,3,0,0,-52,0x01,31,4,13,5,-65,-74,10.42,-1.475,18.334,18.535,100%,3.802,4.043,3532,3008,0,3007,0,,0.00000,0.00000,0.0,0,0.0,-50,-13.6
J.Herter_T1,2026-02-28,12:19:31.830,39.85304,-83.65538,1096.7,39.85303,-83.65534,1081.7,3,0,0,-145,0x01,31,4,13,5,-74,-75,10.40,-1.265,18.264,6.561,100%,3.802,4.043,3533,3009,0,3008,0,,0.00000,0.00000,0.0,0,0.0,-50,-13.7
J.Herter_T1,2026-02-28,12:19:32.829,39.85304,-83.65538,1096.7,39.85303,-83.65534,1081.8,3,0,0,-147,0x01,31,4,12,6,-63,-79,10.40,-1.062,18.193,23.279,100%,3.806,4.043,3534,3010,0,3009,0,,0.00000,0.00000,0.0,0,0.0,-50,-13.9
J.Herter_T1,2026-02-28,12:19:33.827,39.85304,-83.65538,1096.7,39.85303,-83.65534,1081.9,3,0,0,-52,0x01,31,4,12,6,-66,-70,10.40,-0.844,18.091,16.480,100%,3.806,4.043,3535,3011,0,3010,0,,0.00000,0.00000,0.0,0,0.0,-50,-14.0
J.Herter_T1,2026-02-28,12:19:34.814,39.85304,-83.65538,1096.7,39.85303,-83.65534,1082.0,3,0,0,52,0x01,31,4,12,6,-80,-81,10.37,-0.665,17.991,3.280,100%,3.806,4.043,3536,3012,0,3011,0,,0.00000,0.00000,0.0,0,0.0,-50,-14.0
J.Herter_T1,2026-02-28,12:19:35.828,39.85304,-83.65538,1096.7,39.85303,-83.65534,1082.1,3,0,0,109,0x01,31,4,13,5,-76,-92,10.40,-0.518,17.933,5.211,100%,3.790,4.043,3537,3013,0,3012,0,,0.00000,0.00000,0.0,0,0.0,-50,-14.1
J.Herter_T1,2026-02-28,12:19:36.818,39.85304,-83.65535,1098.8,39.85303,-83.65534,1082.1,3,0,0,167,0x01,31,4,12,6,-66,-82,3.95,-2.301,17.164,6.261,100%,3.790,4.042,3538,3014,0,3013,0,,0.00000,0.00000,0.0,0,0.0,-50,-14.4
J.Herter_T1,2026-02-28,12:19:37.809,39.85304,-83.65535,1098.8,39.85303,-83.65534,1082.2,3,0,0,-108,0x01,31,4,13,5,-71,-76,3.96,-2.033,17.126,3.533,100%,3.808,4.043,3539,3015,0,3014,0,,0.00000,0.00000,0.0,0,0.0,-50,-14.6
J.Herter_T1,2026-02-28,12:19:38.829,39.85304,-83.65535,1098.8,39.85303,-83.65534,1082.2,3,0,0,71,0x01,31,4,13,5,-64,-76,3.95,-1.809,17.100,7.882,100%,3.808,4.042,3540,3016,0,3015,0,,0.00000,0.00000,0.0,0,0.0,-50,-14.8
J.Herter_T1,2026-02-28,12:19:39.818,39.85304,-83.65535,1098.8,39.85303,-83.65534,1082.3,3,0,0,18,0x01,31,4,13,5,-62,-70,3.98,-1.563,17.036,9.991,100%,3.808,4.043,3541,3017,0,3016,0,,0.00000,0.00000,0.0,0,0.0,-50,-15.0
J.Herter_T1,2026-02-28,12:19:40.808,39.85304,-83.65535,1098.8,39.85303,-83.65534,1082.4,3,0,0,15,0x01,31,4,12,6,-54,-70,3.96,-1.274,16.890,25.009,100%,3.808,4.043,3542,3018,0,3017,0,,0.00000,0.00000,0.0,0,0.0,-50,-15.1
J.Herter_T1,2026-02-28,12:19:41.801,39.85304,-83.65535,1098.8,39.85303,-83.65534,1082.4,3,0,0,3,0x01,31,4,12,6,-61,-65,3.95,-1.126,16.864,11.133,100%,3.808,4.044,3543,3019,0,3018,0,,0.00000,0.00000,0.0,0,0.0,-50,-15.3
J.Herter_T1,2026-02-28,12:19:42.818,39.85307,-83.65536,1098.0,39.85303,-83.65534,1082.5,3,0,0,81,0x01,31,4,11,7,-62,-70,12.56,-0.164,19.996,31.552,100%,3.787,4.043,3544,3020,0,3019,0,,0.00000,0.00000,0.0,0,0.0,-50,-15.4
J.Herter_T1,2026-02-28,12:19:43.809,39.85307,-83.65536,1098.0,39.85303,-83.65534,1082.4,3,0,0,119,0x01,31,4,12,6,-60,-74,12.56,-0.189,20.032,39.722,100%,3.787,4.043,3545,3021,0,3020,0,,0.00000,0.00000,0.0,0,0.0,-50,-15.4
J.Herter_T1,2026-02-28,12:19:44.829,39.85307,-83.65536,1098.0,39.85303,-83.65534,1082.5,3,0,0,-81,0x01,31,4,12,5,-59,-69,12.56,-0.105,19.972,44.548,100%,3.809,4.043,3546,3022,0,3021,0,,0.00000,0.00000,0.0,0,0.0,-50,-15.4
J.Herter_T1,2026-02-28,12:19:45.819,39.85307,-83.65536,1098.0,39.85303,-83.65534,1082.5,3,0,0,-52,0x01,31,4,12,6,-65,-66,12.55,-0.062,19.940,22.316,100%,3.809,4.043,3547,3023,0,3022,0,,0.00000,0.00000,0.0,0,0.0,-50,-15.4
J.Herter_T1,2026-02-28,12:19:46.808,39.85307,-83.65536,1098.0,39.85303,-83.65534,1082.6,3,0,0,-168,0x01,31,4,12,6,-64,-72,12.54,0.027,19.865,25.027,100%,3.809,4.043,3548,3024,0,3023,0,,0.00000,0.00000,0.0,0,0.0,-50,-15.4
J.Herter_T1,2026-02-28,12:19:47.828,39.85307,-83.65536,1098.0,39.85303,-83.65534,1082.7,3,0,0,-74,0x01,32,5,12,5,-66,-70,12.54,0.095,19.800,19.871,100%,3.789,4.044,3549,3025,0,3024,0,,0.00000,0.00000,0.0,0,0.0,-50,-15.4
J.Herter_T1,2026-02-28,12:19:48.819,39.85307,-83.65536,1098.0,39.85303,-83.65534,1082.8,3,0,0,125,0x01,32,4,14,4,-65,-72,12.54,0.159,19.737,22.295,100%,3.789,4.045,3550,3026,0,3025,0,,0.00000,0.00000,0.0,0,0.0,-50,-15.4
J.Herter_T1,2026-02-28,12:19:49.808,39.85307,-83.65536,1098.0,39.85303,-83.65534,1082.9,3,0,0,0,0x01,32,4,14,4,-65,-72,12.53,0.232,19.657,22.285,100%,3.808,4.043,3551,3027,0,3026,0,,0.00000,0.00000,0.0,0,0.0,-50,-15.4
J.Herter_T1,2026-02-28,12:19:50.830,39.85307,-83.65536,1098.0,39.85303,-83.65534,1083.0,3,0,0,94,0x01,32,5,13,4,-64,-72,12.53,0.341,19.540,24.992,100%,3.808,4.046,3552,3028,0,3027,0,,0.00000,0.00000,0.0,0,0.0,-50,-15.3
J.Herter_T1,2026-02-28,12:19:51.822,39.85307,-83.65536,1098.0,39.85303,-83.65534,1083.2,3,0,0,41,0x01,32,5,13,4,-62,-71,12.53,0.417,19.447,31.464,100%,3.806,4.044,3553,3029,0,3028,0,,0.00000,0.00000,0.0,0,0.0,-50,-15.3
J.Herter_T1,2026-02-28,12:19:52.809,39.85307,-83.65536,1098.0,39.85303,-83.65534,1083.3,3,0,0,173,0x01,32,4,13,5,-68,-70,12.52,0.469,19.363,15.762,100%,3.806,4.043,3554,3030,0,3029,0,,0.00000,0.00000,0.0,0,0.0,-50,-15.2
J.Herter_T1,2026-02-28,12:19:53.829,39.85307,-83.65536,1098.0,39.85303,-83.65534,1083.3,3,0,0,53,0x01,32,4,13,5,-66,-75,12.51,0.476,19.315,19.834,100%,3.810,4.044,3555,3031,0,3030,0,,0.00000,0.00000,0.0,0,0.0,-50,-15.2
J.Herter_T1,2026-02-28,12:19:54.819,39.85307,-83.65536,1098.0,39.85303,-83.65534,1083.3,3,0,0,-27,0x01,32,4,12,6,-67,-75,12.50,0.431,19.305,17.662,100%,3.810,4.043,3556,3032,0,3031,0,,0.00000,0.00000,0.0,0,0.0,-50,-15.1
J.Herter_T1,2026-02-28,12:19:55.838,39.85307,-83.65536,1098.0,39.85303,-83.65534,1083.4,3,0,0,-146,0x01,32,4,13,5,-63,-70,12.50,0.435,19.261,27.980,100%,3.810,4.044,3557,3033,0,3032,0,,0.00000,0.00000,0.0,0,0.0,-50,-15.1
J.Herter_T1,2026-02-28,12:19:56.830,39.85307,-83.65536,1098.0,39.85303,-83.65534,1083.4,3,0,0,-171,0x01,32,4,15,3,-66,-70,12.49,0.442,19.216,19.800,100%,3.807,4.043,3558,3034,0,3033,0,,0.00000,0.00000,0.0,0,0.0,-50,-15.0
J.Herter_T1,2026-02-28,12:19:57.820,39.85307,-83.65536,1098.0,39.85303,-83.65534,1083.4,3,0,0,108,0x01,32,4,12,6,-58,-75,12.49,0.377,19.230,49.713,100%,3.807,4.043,3559,3035,0,3034,0,,0.00000,0.00000,0.0,0,0.0,-50,-15.0
J.Herter_T1,2026-02-28,12:19:58.809,39.85305,-83.65533,1095.2,39.85303,-83.65534,1083.5,3,0,0,165,0x01,32,4,13,5,-60,-65,7.74,2.907,14.051,24.485,100%,3.806,4.042,3560,3036,0,3035,0,,0.00000,0.00000,0.0,0,0.0,-50,-14.6
J.Herter_T1,2026-02-28,12:19:59.829,39.85305,-83.65533,1095.2,39.85303,-83.65534,1083.6,3,0,0,-141,0x01,32,4,13,5,-62,-68,7.73,2.729,13.940,19.416,100%,3.806,4.044,3561,3037,0,3036,0,,0.00000,0.00000,0.0,0,0.0,-50,-14.3
J.Herter_T1,2026-02-28,12:20:00.818,39.85305,-83.65533,1095.2,39.85303,-83.65534,1083.7,3,0,0,-1,0x01,32,5,12,5,-59,-68,7.73,2.559,13.845,27.426,100%,3.805,4.043,3562,3038,0,3037,0,,0.00000,0.00000,0.0,0,0.0,-50,-14.0
J.Herter_T1,2026-02-28,12:20:01.809,39.85305,-83.65533,1095.2,39.85303,-83.65534,1083.9,3,0,0,165,0x01,32,5,13,4,-61,-67,7.74,2.421,13.743,21.822,100%,3.805,4.043,3563,3039,0,3038,0,,0.00000,0.00000,0.0,0,0.0,-50,-13.8
J.Herter_T1,2026-02-28,12:20:02.890,39.85305,-83.65533,1095.2,39.85303,-83.65534,1083.9,3,0,0,109,0x01,32,5,13,4,-61,-68,7.74,2.235,13.692,21.822,100%,3.805,4.043,3564,3040,0,3039,0,,0.00000,0.00000,0.0,0,0.0,-50,-13.5
J.Herter_T1,2026-02-28,12:20:03.818,39.85305,-83.65533,1095.2,39.85303,-83.65534,1084.0,3,0,0,-143,0x01,32,5,10,7,-61,-68,7.73,2.100,13.603,21.785,100%,3.789,4.028,3565,3041,0,3040,0,,0.00000,0.00000,0.0,0,0.0,-50,-13.3
J.Herter_T1,2026-02-28,12:20:04.808,39.85305,-83.65533,1095.2,39.85303,-83.65534,1084.1,3,0,0,169,0x01,32,5,9,8,-61,-68,7.74,1.958,13.549,21.822,100%,3.789,4.043,3566,3042,0,3041,0,,0.00000,0.00000,0.0,0,0.0,-50,-13.1
J.Herter_T1,2026-02-28,12:20:05.830,39.85305,-83.65533,1095.2,39.85303,-83.65535,1084.1,3,0,0,-56,0x01,32,5,11,6,-61,-68,7.76,1.807,13.516,21.859,100%,3.805,4.043,3567,3043,0,3042,0,,0.00000,0.00000,0.0,0,0.0,-50,-12.9
J.Herter_T1,2026-02-28,12:20:06.818,39.85305,-83.65533,1095.2,39.85303,-83.65534,1084.2,3,0,0,-106,0x01,32,5,11,6,-59,-68,7.74,1.653,13.484,27.472,100%,3.805,4.042,3568,3044,0,3043,0,,0.00000,0.00000,0.0,0,0.0,-50,-12.7
J.Herter_T1,2026-02-28,12:20:07.809,39.85305,-83.65533,1095.2,39.85303,-83.65535,1084.2,3,0,0,2,0x01,32,5,11,6,-57,-65,7.76,1.535,13.449,34.643,100%,3.810,4.043,3569,3045,0,3044,0,,0.00000,0.00000,0.0,0,0.0,-50,-12.5
J.Herter_T1,2026-02-28,12:20:08.829,39.85305,-83.65533,1095.2,39.85303,-83.65534,1084.2,3,0,0,57,0x01,32,5,12,4,-58,-66,7.74,1.363,13.457,30.824,100%,3.810,4.043,3570,3046,0,3045,0,,0.00000,0.00000,0.0,0,0.0,-50,-12.4
J.Herter_T1,2026-02-28,12:20:09.819,39.85305,-83.65533,1095.2,39.85303,-83.65534,1084.2,3,0,0,-60,0x01,32,5,12,4,-58,-66,7.73,1.263,13.418,30.773,100%,3.807,4.044,3571,3047,0,3046,0,,0.00000,0.00000,0.0,0,0.0,-50,-12.2
J.Herter_T1,2026-02-28,12:20:10.809,39.85305,-83.65533,1095.2,39.85303,-83.65534,1084.3,3,0,0,135,0x01,32,5,12,4,-60,-67,7.72,1.198,13.354,24.403,100%,3.807,4.043,3572,3048,0,3047,0,,0.00000,0.00000,0.0,0,0.0,-50,-12.1
J.Herter_T1,2026-02-28,12:20:11.890,39.85305,-83.65533,1095.2,39.85303,-83.65534,1084.3,3,0,0,73,0x01,32,5,12,3,-59,-67,7.70,1.081,13.344,27.335,100%,3.801,4.043,3573,3049,0,3048,0,,0.00000,0.00000,0.0,0,0.0,-50,-12.0
J.Herter_T1,2026-02-28,12:20:12.818,39.85305,-83.65533,1095.2,39.85303,-83.65534,1084.4,3,0,0,135,0x01,32,5,12,4,-58,-66,7.69,1.041,13.275,30.620,100%,3.801,4.042,3574,3050,0,3049,0,,0.00000,0.00000,0.0,0,0.0,-50,-11.9
J.Herter_T1,2026-02-28,12:20:13.809,39.85305,-83.65533,1095.2,39.85303,-83.65534,1084.5,3,0,0,-95,0x01,32,5,12,5,-57,-67,7.69,1.005,13.214,34.356,100%,3.801,4.043,3575,3051,0,3050,0,,0.00000,0.00000,0.0,0,0.0,-50,-11.7
J.Herter_T1,2026-02-28,12:20:14.798,39.85305,-83.65533,1095.2,39.85303,-83.65534,1084.5,3,0,0,123,0x01,32,5,12,4,-59,-64,7.67,0.946,13.162,27.201,100%,3.800,4.042,3576,3052,0,3051,0,,0.00000,0.00000,0.0,0,0.0,-50,-11.6
J.Herter_T1,2026-02-28,12:20:15.818,39.85305,-83.65533,1095.2,39.85303,-83.65534,1084.5,3,0,0,57,0x01,32,4,13,4,-62,-67,7.67,0.884,13.132,19.257,100%,3.800,4.043,3577,3053,0,3052,0,,0.00000,0.00000,0.0,0,0.0,-50,-11.5
J.Herter_T1,2026-02-28,12:20:16.810,39.85305,-83.65533,1095.2,39.85303,-83.65534,1084.6,3,0,0,96,0x01,32,4,13,4,-63,-69,7.65,0.804,13.117,17.135,100%,3.804,4.042,3578,3054,0,3053,0,,0.00000,0.00000,0.0,0,0.0,-50,-11.5
J.Herter_T1,2026-02-28,12:20:17.830,39.85305,-83.65533,1095.2,39.85303,-83.65534,1084.6,3,0,0,122,0x01,32,5,12,4,-59,-70,7.65,0.721,13.120,27.157,100%,3.804,4.043,3579,3055,0,3054,0,,0.00000,0.00000,0.0,0,0.0,-50,-11.4
J.Herter_T1,2026-02-28,12:20:18.818,39.85305,-83.65533,1095.2,39.85303,-83.65534,1084.6,3,0,0,45,0x01,32,4,13,4,-61,-69,7.64,0.655,13.107,21.537,100%,3.806,4.042,3580,3056,0,3055,0,,0.00000,0.00000,0.0,0,0.0,-50,-11.3
J.Herter_T1,2026-02-28,12:20:19.811,39.85305,-83.65533,1095.2,39.85303,-83.65534,1084.5,3,0,0,-41,0x01,32,3,14,4,-63,-71,7.67,0.566,13.143,17.163,100%,3.806,4.043,3581,3057,0,3056,0,,0.00000,0.00000,0.0,0,0.0,-50,-11.2
J.Herter_T1,2026-02-28,12:20:20.829,39.85305,-83.65533,1095.2,39.85303,-83.65534,1084.6,3,0,0,24,0x01,32,5,12,4,-70,-72,7.62,0.547,13.080,7.617,100%,3.806,4.042,3582,3058,0,3057,0,,0.00000,0.00000,0.0,0,0.0,-50,-11.2
J.Herter_T1,2026-02-28,12:20:21.818,39.85305,-83.65533,1095.2,39.85303,-83.65534,1085.4,3,0,0,121,0x01,32,3,10,9,-60,-71,7.57,1.240,12.385,23.935,100%,3.784,4.043,3583,3059,0,3058,0,,0.00000,0.00000,0.0,0,0.0,-50,-11.0
J.Herter_T1,2026-02-28,12:20:22.809,39.85305,-83.65533,1095.2,39.85303,-83.65534,1085.4,3,0,0,104,0x01,32,3,12,7,-63,-69,7.56,1.092,12.398,16.919,100%,3.784,4.043,3584,3060,0,3059,0,,0.00000,0.00000,0.0,0,0.0,-50,-10.9
J.Herter_T1,2026-02-28,12:20:23.830,39.85305,-83.65533,1095.2,39.85303,-83.65534,1085.3,3,0,0,-23,0x01,32,3,14,5,-63,-71,7.57,0.950,12.434,16.945,100%,3.803,4.043,3585,3061,0,3060,0,,0.00000,0.00000,0.0,0,0.0,-50,-10.8
J.Herter_T1,2026-02-28,12:20:24.818,39.85305,-83.65533,1095.2,39.85303,-83.65534,1085.3,3,0,0,180,0x01,32,3,13,6,-63,-70,7.56,0.796,12.479,16.919,100%,3.803,4.043,3586,3062,0,3061,0,,0.00000,0.00000,0.0,0,0.0,-50,-10.7
J.Herter_T1,2026-02-28,12:20:25.810,39.85305,-83.65533,1095.2,39.85303,-83.65534,1085.3,3,0,0,-8,0x01,32,3,15,3,-74,-71,7.57,0.693,12.507,4.776,100%,3.805,4.043,3587,3063,0,3062,0,,0.00000,0.00000,0.0,0,0.0,-50,-10.7
J.Herter_T1,2026-02-28,12:20:26.829,39.85305,-83.65533,1095.2,39.85303,-83.65534,1085.3,3,0,0,139,0x01,32,3,15,3,-65,-81,7.56,0.630,12.495,13.439,100%,3.805,4.042,3588,3064,0,3063,0,,0.00000,0.00000,0.0,0,0.0,-50,-10.6
J.Herter_T1,2026-02-28,12:20:27.818,39.85305,-83.65533,1095.2,39.85303,-83.65534,1085.3,3,0,0,-139,0x01,32,3,14,4,-63,-74,7.56,0.608,12.458,16.919,100%,3.805,4.043,3589,3065,0,3064,0,,0.00000,0.00000,0.0,0,0.0,-50,-10.5
J.Herter_T1,2026-02-28,12:20:28.810,39.85305,-83.65533,1095.2,39.85303,-83.65534,1085.4,3,0,0,-105,0x01,32,3,15,3,-69,-71,7.56,0.600,12.411,8.479,100%,3.805,4.043,3590,3066,0,3065,0,,0.00000,0.00000,0.0,0,0.0,-50,-10.4
J.Herter_T1,2026-02-28,12:20:29.830,39.85305,-83.65533,1095.2,39.85303,-83.65534,1085.5,3,0,0,95,0x01,32,3,16,2,-71,-83,7.56,0.647,12.318,6.735,100%,3.805,4.044,3591,3067,0,3066,0,,0.00000,0.00000,0.0,0,0.0,-50,-10.4
J.Herter_T1,2026-02-28,12:20:30.818,39.85305,-83.65533,1095.2,39.85303,-83.65534,1085.5,3,0,0,32,0x01,32,3,16,2,-70,-75,7.56,0.567,12.331,7.557,100%,3.787,4.043,3592,3068,0,3067,0,,0.00000,0.00000,0.0,0,0.0,-50,-10.3
J.Herter_T1,2026-02-28,12:20:31.810,39.85305,-83.65533,1095.2,39.85303,-83.65534,1085.4,3,0,0,6,0x01,32,3,15,3,-65,-75,7.56,0.454,12.380,13.439,100%,3.787,4.043,3593,3069,0,3068,0,,0.00000,0.00000,0.0,0,0.0,-50,-10.3
J.Herter_T1,2026-02-28,12:20:32.829,39.85305,-83.65533,1095.2,39.85303,-83.65534,1085.4,3,0,0,-106,0x01,32,3,13,6,-63,-72,7.55,0.412,12.370,16.892,100%,3.807,4.043,3594,3070,0,3069,0,,0.00000,0.00000,0.0,0,0.0,-50,-10.2
J.Herter_T1,2026-02-28,12:20:33.818,39.85305,-83.65533,1095.2,39.85303,-83.65534,1085.3,3,0,0,-146,0x01,32,4,13,5,-63,-71,7.55,0.300,12.433,16.892,100%,3.807,4.043,3595,3071,0,3070,0,,0.00000,0.00000,0.0,0,0.0,-50,-10.2
J.Herter_T1,2026-02-28,12:20:34.810,39.85305,-83.65533,1095.2,39.85303,-83.65534,1085.3,3,0,0,84,0x01,32,4,13,5,-65,-71,7.55,0.214,12.483,13.418,100%,3.805,4.043,3596,3072,0,3071,0,,0.00000,0.00000,0.0,0,0.0,-50,-10.2
J.Herter_T1,2026-02-28,12:20:35.830,39.85305,-83.65533,1095.2,39.85303,-83.65534,1085.3,3,0,0,61,0x01,32,4,13,5,-64,-72,7.53,0.198,12.470,15.032,100%,3.805,4.043,3597,3073,0,3072,0,,0.00000,0.00000,0.0,0,0.0,-50,-10.1
J.Herter_T1,2026-02-28,12:20:36.819,39.85305,-83.65533,1095.2,39.85303,-83.65534,1085.2,3,0,0,-151,0x01,32,3,14,5,-63,-71,7.53,0.143,12.502,16.866,100%,3.805,4.043,3598,3074,0,3073,0,,0.00000,0.00000,0.0,0,0.0,-50,-10.1
J.Herter_T1,2026-02-28,12:20:37.810,39.85305,-83.65533,1095.2,39.85303,-83.65534,1085.2,3,0,0,82,0x01,32,3,14,5,-63,-70,7.55,0.073,12.558,16.892,100%,3.805,4.043,3599,3075,0,3074,0,,0.00000,0.00000,0.0,0,0.0,-50,-10.1
J.Herter_T1,2026-02-28,12:20:38.829,39.85305,-83.65533,1095.2,39.85303,-83.65534,1085.1,3,0,0,147,0x01,32,3,14,5,-63,-70,7.55,-0.005,12.622,16.892,100%,3.805,4.043,3600,3076,0,3075,0,,0.00000,0.00000,0.0,0,0.0,-50,-10.1
J.Herter_T1,2026-02-28,12:20:39.820,39.85305,-83.65533,1095.2,39.85303,-83.65534,1085.1,3,0,0,161,0x01,32,4,13,5,-62,-66,7.53,-0.011,12.620,18.924,100%,3.786,4.043,3601,3077,0,3076,0,,0.00000,0.00000,0.0,0,0.0,-50,-10.1
J.Herter_T1,2026-02-28,12:20:40.810,39.85305,-83.65533,1095.2,39.85303,-83.65534,1084.8,3,0,0,-4,0x01,32,3,13,6,-65,-70,7.58,-0.284,12.893,13.481,100%,3.786,4.042,3602,3078,0,3077,0,,0.00000,0.00000,0.0,0,0.0,-50,-10.1
J.Herter_T1,2026-02-28,12:20:41.830,39.85305,-83.65533,1095.2,39.85303,-83.65534,1084.5,3,0,0,40,0x01,32,4,14,4,-67,-76,7.59,-0.504,13.124,10.725,100%,3.802,4.042,3603,3079,0,3078,0,,0.00000,0.00000,0.0,0,0.0,-50,-10.2
J.Herter_T1,2026-02-28,12:20:42.819,39.85305,-83.65533,1095.2,39.85303,-83.65534,1084.4,3,0,0,118,0x01,32,4,13,4,-59,-74,7.59,-0.504,13.170,26.940,100%,3.802,4.042,3604,3080,0,3079,0,,0.00000,0.00000,0.0,0,0.0,-50,-10.3
J.Herter_T1,2026-02-28,12:20:43.809,39.85305,-83.65533,1095.2,39.85303,-83.65534,1084.3,3,0,0,173,0x01,32,4,14,3,-58,-67,7.58,-0.571,13.270,30.180,100%,3.802,4.042,3605,3081,0,3080,0,,0.00000,0.00000,0.0,0,0.0,-50,-10.3
J.Herter_T1,2026-02-28,12:20:44.830,39.85305,-83.65533,1095.2,39.85303,-83.65534,1084.2,3,0,0,122,0x01,32,4,14,3,-59,-66,7.57,-0.615,13.355,26.856,100%,3.802,4.043,3606,3082,0,3081,0,,0.00000,0.00000,0.0,0,0.0,-50,-10.4
J.Herter_T1,2026-02-28,12:20:45.820,39.85305,-83.65533,1095.2,39.85303,-83.65534,1084.1,3,0,0,74,0x01,31,4,13,4,-59,-67,7.57,-0.639,13.434,26.856,100%,3.802,4.044,3607,3083,0,3082,0,,0.00000,0.00000,0.0,0,0.0,-50,-10.5
J.Herter_T1,2026-02-28,12:20:46.810,39.85305,-83.65533,1095.2,39.85303,-83.65534,1084.0,3,0,0,87,0x01,31,4,13,4,-60,-68,7.57,-0.705,13.553,23.935,100%,3.801,4.043,3608,3084,0,3083,0,,0.00000,0.00000,0.0,0,0.0,-50,-10.5
J.Herter_T1,2026-02-28,12:20:47.829,39.85305,-83.65533,1095.2,39.85303,-83.65534,1083.9,3,0,0,165,0x01,31,4,13,4,-69,-67,7.56,-0.679,13.588,8.479,100%,3.801,4.044,3609,3085,0,3084,0,,0.00000,0.00000,0.0,0,0.0,-50,-10.6
J.Herter_T1,2026-02-28,12:20:48.819,39.85305,-83.65533,1095.2,39.85303,-83.65534,1083.9,3,0,0,-26,0x01,32,4,13,4,-63,-74,7.55,-0.652,13.619,16.892,100%,3.805,4.043,3610,3086,0,3085,0,,0.00000,0.00000,0.0,0,0.0,-50,-10.7
J.Herter_T1,2026-02-28,12:20:49.811,39.85305,-83.65533,1095.2,39.85303,-83.65534,1083.8,3,0,0,124,0x01,32,5,12,4,-70,-72,7.53,-0.631,13.654,7.534,100%,3.805,4.043,3611,3087,0,3086,0,,0.00000,0.00000,0.0,0,0.0,-50,-10.8
J.Herter_T1,2026-02-28,12:20:50.830,39.85305,-83.65533,1095.2,39.85303,-83.65534,1083.8,3,0,0,-24,0x01,32,4,13,4,-62,-75,7.53,-0.612,13.695,18.924,100%,3.802,4.042,3612,3088,0,3087,0,,0.00000,0.00000,0.0,0,0.0,-50,-10.8
J.Herter_T1,2026-02-28,12:20:51.819,39.85305,-83.65533,1095.2,39.85303,-83.65534,1083.7,3,0,0,-50,0x01,31,4,13,4,-72,-69,7.52,-0.640,13.771,5.975,100%,3.802,4.043,3613,3089,0,3088,0,,0.00000,0.00000,0.0,0,0.0,-50,-10.9
J.Herter_T1,2026-02-28,12:20:52.810,39.85305,-83.65533,1095.2,39.85303,-83.65534,1083.7,3,0,0,172,0x01,31,4,13,4,-63,-78,7.51,-0.573,13.762,16.815,100%,3.804,4.043,3614,3090,0,3089,0,,0.00000,0.00000,0.0,0,0.0,-50,-11.0
J.Herter_T1,2026-02-28,12:20:53.830,39.85305,-83.65533,1095.2,39.85303,-83.65534,1083.6,3,0,0,8,0x01,30,4,13,4,-60,-70,7.51,-0.583,13.825,23.752,100%,3.804,4.044,3615,3091,0,3090,0,,0.00000,0.00000,0.0,0,0.0,-50,-11.0
J.Herter_T1,2026-02-28,12:20:54.819,39.85305,-83.65533,1095.2,39.85303,-83.65534,1083.5,3,0,0,-68,0x01,31,4,13,4,-61,-68,7.51,-0.614,13.908,21.169,100%,3.804,4.043,3616,3092,0,3091,0,,0.00000,0.00000,0.0,0,0.0,-50,-11.1
J.Herter_T1,2026-02-28,12:20:55.809,39.85305,-83.65533,1095.2,39.85303,-83.65534,1083.4,3,0,0,-176,0x01,31,4,13,4,-63,-70,7.50,-0.670,14.013,16.790,100%,3.805,4.043,3617,3093,0,3092,0,,0.00000,0.00000,0.0,0,0.0,-50,-11.2
J.Herter_T1,2026-02-28,12:20:56.830,39.85305,-83.65533,1095.2,39.85303,-83.65534,1083.3,3,0,0,30,0x01,31,3,13,5,-55,-70,7.50,-0.648,14.054,42.173,100%,3.805,4.043,3618,3094,0,3093,0,,0.00000,0.00000,0.0,0,0.0,-50,-11.2
J.Herter_T1,2026-02-28,12:20:57.818,39.85305,-83.65533,1095.2,39.85303,-83.65534,1083.3,3,0,0,-174,0x01,31,4,13,4,-57,-66,7.49,-0.636,14.098,33.449,100%,3.803,4.043,3619,3095,0,3094,0,,0.00000,0.00000,0.0,0,0.0,-50,-11.3
J.Herter_T1,2026-02-28,12:20:58.810,39.85305,-83.65533,1095.2,39.85303,-83.65534,1083.2,3,0,0,45,0x01,31,4,13,4,-74,-65,7.47,-0.602,14.114,4.711,100%,3.803,4.043,3620,3096,0,3095,0,,0.00000,0.00000,0.0,0,0.0,-50,-11.4
J.Herter_T1,2026-02-28,12:20:59.830,39.85305,-83.65533,1095.2,39.85303,-83.65534,1083.2,3,0,0,55,0x01,31,3,14,4,-50,-68,7.47,-0.595,14.164,74.661,100%,3.806,4.043,3621,3097,0,3096,0,,0.00000,0.00000,0.0,0,0.0,-50,-11.4
J.Herter_T1,2026-02-28,12:21:00.818,39.85305,-83.65533,1095.2,39.85303,-83.65534,1083.1,3,0,0,36,0x01,31,4,13,4,-57,-61,7.44,-0.589,14.203,33.252,100%,3.806,4.042,3622,3098,0,3097,0,,0.00000,0.00000,0.0,0,0.0,-50,-11.5
J.Herter_T1,2026-02-28,12:21:01.810,39.85305,-83.65533,1095.2,39.85303,-83.65534,1083.1,3,0,0,159,0x01,31,4,11,6,-52,-65,7.43,-0.568,14.234,59.046,100%,3.806,4.041,3623,3099,0,3098,0,,0.00000,0.00000,0.0,0,0.0,-50,-11.6
J.Herter_T1,2026-02-28,12:21:02.830,39.85305,-83.65533,1095.2,39.85303,-83.65534,1083.0,3,0,0,6,0x01,32,4,11,6,-51,-61,7.43,-0.556,14.276,66.250,100%,3.806,4.041,3624,3100,0,3099,0,,0.00000,0.00000,0.0,0,0.0,-50,-11.6
J.Herter_T1,2026-02-28,12:21:03.848,39.85305,-83.65533,1095.2,39.85303,-83.65534,1083.0,3,0,0,59,0x01,32,4,11,6,-59,-60,7.42,-0.532,14.301,26.337,100%,3.806,4.043,3625,3101,0,3100,0,,0.00000,0.00000,0.0,0,0.0,-50,-11.7
J.Herter_T1,2026-02-28,12:21:04.810,39.85305,-83.65533,1095.2,39.85303,-83.65534,1083.0,3,0,0,-11,0x01,32,3,12,6,-57,-66,7.42,-0.506,14.326,33.156,100%,3.800,4.041,3626,3102,0,3101,0,,0.00000,0.00000,0.0,0,0.0,-50,-11.7
J.Herter_T1,2026-02-28,12:21:05.833,39.85305,-83.65533,1095.2,39.85303,-83.65534,1082.9,3,0,0,-162,0x01,32,3,11,7,-57,-65,7.42,-0.479,14.349,33.156,100%,3.800,4.042,3627,3103,0,3102,0,,0.00000,0.00000,0.0,0,0.0,-50,-11.8
J.Herter_T1,2026-02-28,12:21:06.820,39.85305,-83.65533,1095.2,39.85303,-83.65534,1082.8,3,0,0,42,0x01,32,3,12,6,-55,-65,7.41,-0.525,14.433,41.681,100%,3.804,4.042,3628,3104,0,3103,0,,0.00000,0.00000,0.0,0,0.0,-50,-11.9
J.Herter_T1,2026-02-28,12:21:07.809,39.85305,-83.65533,1095.2,39.85303,-83.65534,1082.9,3,0,0,140,0x01,32,3,11,7,-50,-72,7.41,-0.402,14.366,74.120,100%,3.804,4.042,3629,3105,0,3104,0,,0.00000,0.00000,0.0,0,0.0,-50,-11.9
J.Herter_T1,2026-02-28,12:21:08.857,39.85305,-83.65533,1095.2,39.85303,-83.65534,1082.8,3,0,0,-141,0x01,32,3,11,7,-67,-60,7.41,-0.468,14.467,10.470,100%,3.802,4.041,3630,3106,0,3105,0,,0.00000,0.00000,0.0,0,0.0,-50,-12.0
J.Herter_T1,2026-02-28,12:21:09.818,39.85305,-83.65533,1095.2,39.85303,-83.65534,1082.8,3,0,0,149,0x01,32,3,12,6,-67,-76,7.42,-0.433,14.484,10.485,100%,3.802,4.042,3631,3107,0,3106,0,,0.00000,0.00000,0.0,0,0.0,-50,-12.0
J.Herter_T1,2026-02-28,12:21:10.809,39.85305,-83.65533,1095.2,39.85303,-83.65534,1082.7,3,0,0,69,0x01,32,3,11,7,-69,-74,7.41,-0.416,14.504,8.316,100%,3.802,4.042,3632,3108,0,3107,0,,0.00000,0.00000,0.0,0,0.0,-50,-12.1
J.Herter_T1,2026-02-28,12:21:11.829,39.85305,-83.65533,1095.2,39.85303,-83.65534,1082.7,3,0,0,45,0x01,32,3,12,6,-69,-74,7.41,-0.381,14.509,8.316,100%,3.802,4.043,3633,3109,0,3108,0,,0.00000,0.00000,0.0,0,0.0,-50,-12.1
J.Herter_T1,2026-02-28,12:21:12.821,39.85305,-83.65533,1095.2,39.85303,-83.65534,1082.8,3,0,0,45,0x01,32,3,11,7,-75,-75,7.40,-0.307,14.470,4.162,100%,3.802,4.042,3634,3110,0,3109,0,,0.00000,0.00000,0.0,0,0.0,-50,-12.1
J.Herter_T1,2026-02-28,12:21:13.810,39.85305,-83.65533,1095.2,39.85303,-83.65534,1082.7,3,0,0,80,0x01,32,4,11,6,-61,-74,7.40,-0.312,14.504,20.860,100%,3.804,4.043,3635,3111,0,3110,0,,0.00000,0.00000,0.0,0,0.0,-50,-12.2
J.Herter_T1,2026-02-28,12:21:14.830,39.85305,-83.65533,1095.2,39.85303,-83.65534,1082.7,3,0,0,18,0x01,32,3,12,6,-59,-69,7.39,-0.331,14.547,26.224,100%,3.804,4.042,3636,3112,0,3111,0,,0.00000,0.00000,0.0,0,0.0,-50,-12.2
J.Herter_T1,2026-02-28,12:21:15.819,39.85305,-83.65533,1095.2,39.85303,-83.65534,1082.7,3,0,0,153,0x01,32,3,12,6,-61,-66,7.38,-0.313,14.556,20.802,100%,3.803,4.043,3637,3113,0,3112,0,,0.00000,0.00000,0.0,0,0.0,-50,-12.2
J.Herter_T1,2026-02-28,12:21:16.809,39.85305,-83.65533,1095.2,39.85303,-83.65534,1082.7,3,0,0,45,0x01,32,3,12,6,-58,-67,7.38,-0.284,14.558,29.383,100%,3.803,4.043,3638,3114,0,3113,0,,0.00000,0.00000,0.0,0,0.0,-50,-12.3
J.Herter_T1,2026-02-28,12:21:17.830,39.85305,-83.65533,1095.2,39.85303,-83.65534,1082.6,3,0,0,-21,0x01,32,4,11,6,-50,-66,7.38,-0.291,14.592,73.807,100%,3.804,4.042,3639,3115,0,3114,0,,0.00000,0.00000,0.0,0,0.0,-50,-12.3
J.Herter_T1,2026-02-28,12:21:18.818,39.85305,-83.65533,1095.2,39.85303,-83.65534,1082.5,3,0,0,99,0x01,32,4,11,6,-85,-60,7.38,-0.327,14.655,1.312,100%,3.804,4.042,3640,3116,0,3115,0,,0.00000,0.00000,0.0,0,0.0,-50,-12.3
J.Herter_T1,2026-02-28,12:21:19.810,39.85305,-83.65533,1095.2,39.85303,-83.65534,1082.4,3,0,0,155,0x01,31,3,12,6,-72,-75,7.38,-0.418,14.774,5.863,100%,3.805,4.043,3641,3117,0,3116,0,,0.00000,0.00000,0.0,0,0.0,-50,-12.4
J.Herter_T1,2026-02-28,12:21:20.829,39.85305,-83.65533,1095.2,39.85303,-83.65534,1082.4,3,0,0,22,0x01,31,3,12,6,-54,-80,7.38,-0.403,14.799,46.569,100%,3.805,4.042,3642,3118,0,3117,0,,0.00000,0.00000,0.0,0,0.0,-50,-12.4
J.Herter_T1,2026-02-28,12:21:21.818,39.85305,-83.65533,1095.2,39.85303,-83.65534,1082.4,3,0,0,172,0x01,32,3,11,7,-49,-61,7.37,-0.375,14.806,82.698,100%,3.805,4.042,3643,3119,0,3118,0,,0.00000,0.00000,0.0,0,0.0,-50,-12.5
J.Herter_T1,2026-02-28,12:21:22.810,39.85305,-83.65533,1095.2,39.85303,-83.65534,1082.3,3,0,0,135,0x01,31,4,10,7,-52,-59,7.37,-0.399,14.865,58.545,100%,3.802,4.041,3644,3120,0,3119,0,,0.00000,0.00000,0.0,0,0.0,-50,-12.5
J.Herter_T1,2026-02-28,12:21:23.831,39.85305,-83.65533,1095.2,39.85303,-83.65534,1082.2,3,0,0,13,0x01,31,4,9,8,-53,-62,7.38,-0.409,14.919,52.251,100%,3.802,4.043,3645,3121,0,3120,0,,0.00000,0.00000,0.0,0,0.0,-50,-12.6
J.Herter_T1,2026-02-28,12:21:24.819,39.85305,-83.65533,1095.2,39.85303,-83.65534,1082.2,3,0,0,22,0x01,32,4,9,8,-52,-62,7.38,-0.389,14.939,58.627,100%,3.802,4.041,3646,3122,0,3121,0,,0.00000,0.00000,0.0,0,0.0,-50,-12.6
J.Herter_T1,2026-02-28,12:21:25.808,39.85305,-83.65533,1095.2,39.85303,-83.65534,1082.2,3,0,0,48,0x01,31,4,11,5,-52,-61,7.39,-0.400,14.993,58.709,100%,3.802,4.043,3647,3123,0,3122,0,,0.00000,0.00000,0.0,0,0.0,-50,-12.6
J.Herter_T1,2026-02-28,12:21:26.830,39.85305,-83.65533,1095.2,39.85303,-83.65534,1082.1,3,0,0,36,0x01,32,4,10,7,-51,-61,7.38,-0.390,15.016,65.780,100%,3.803,4.041,3648,3124,0,3123,0,,0.00000,0.00000,0.0,0,0.0,-50,-12.7
J.Herter_T1,2026-02-28,12:21:27.820,39.85305,-83.65533,1095.2,39.85303,-83.65534,1082.1,3,0,0,-167,0x01,32,4,10,7,-51,-60,7.37,-0.389,15.048,65.689,100%,3.803,4.042,3649,3125,0,3124,0,,0.00000,0.00000,0.0,0,0.0,-50,-12.7
J.Herter_T1,2026-02-28,12:21:28.808,39.85305,-83.65533,1095.2,39.85306,-83.65534,1082.0,3,0,0,128,0x01,32,4,10,7,-52,-61,3.70,-0.430,13.717,29.406,100%,3.803,4.041,3650,3126,0,3125,0,,0.00000,0.00000,0.0,0,0.0,-50,-12.8
J.Herter_T1,2026-02-28,12:21:29.828,39.85305,-83.65533,1095.2,39.85303,-83.65534,1082.1,3,0,0,84,0x01,32,4,10,7,-51,-61,7.39,-0.328,15.078,65.873,100%,3.786,4.042,3651,3127,0,3126,0,,0.00000,0.00000,0.0,0,0.0,-50,-12.8
J.Herter_T1,2026-02-28,12:21:30.820,39.85305,-83.65533,1095.2,39.85303,-83.65534,1082.1,3,0,0,-153,0x01,32,4,10,7,-50,-61,7.38,-0.310,15.088,73.807,100%,3.786,4.041,3652,3128,0,3127,0,,0.00000,0.00000,0.0,0,0.0,-50,-12.8
J.Herter_T1,2026-02-28,12:21:31.810,39.85305,-83.65533,1095.2,39.85306,-83.65534,1082.0,3,0,0,130,0x01,32,4,9,8,-52,-60,3.70,-0.285,13.676,29.406,100%,3.807,4.042,3653,3129,0,3128,0,,0.00000,0.00000,0.0,0,0.0,-50,-12.9
J.Herter_T1,2026-02-28,12:21:32.829,39.85305,-83.65533,1095.2,39.85306,-83.65534,1081.9,3,0,0,-54,0x01,32,3,10,8,-52,-61,3.72,-0.354,13.786,29.572,100%,3.807,4.041,3654,3130,0,3129,0,,0.00000,0.00000,0.0,0,0.0,-50,-12.9
J.Herter_T1,2026-02-28,12:21:33.820,39.85305,-83.65533,1095.2,39.85306,-83.65534,1081.8,3,0,0,64,0x01,32,4,9,8,-51,-61,3.70,-0.422,13.891,32.994,100%,3.801,4.043,3655,3131,0,3130,0,,0.00000,0.00000,0.0,0,0.0,-50,-13.0
J.Herter_T1,2026-02-28,12:21:34.808,39.85305,-83.65533,1095.2,39.85306,-83.65534,1081.7,3,0,0,-164,0x01,32,4,9,8,-51,-60,3.72,-0.462,13.985,33.180,100%,3.801,4.041,3656,3132,0,3131,0,,0.00000,0.00000,0.0,0,0.0,-50,-13.0
J.Herter_T1,2026-02-28,12:21:35.890,39.85305,-83.65533,1095.2,39.85306,-83.65534,1081.6,3,0,0,41,0x01,32,4,10,7,-53,-61,3.72,-0.490,14.064,26.356,100%,3.802,4.042,3657,3133,0,3132,0,,0.00000,0.00000,0.0,0,0.0,-50,-13.1
J.Herter_T1,2026-02-28,12:21:36.819,39.85305,-83.65533,1095.2,39.85306,-83.65534,1081.6,3,0,0,45,0x01,31,4,9,8,-54,-63,3.72,-0.470,14.096,23.489,100%,3.802,4.042,3658,3134,0,3133,0,,0.00000,0.00000,0.0,0,0.0,-50,-13.1
J.Herter_T1,2026-02-28,12:21:37.808,39.85305,-83.65533,1095.2,39.85306,-83.65534,1081.6,3,0,0,-94,0x01,32,4,8,10,-53,-65,3.72,-0.465,14.140,26.356,100%,3.802,4.041,3659,3135,0,3134,0,,0.00000,0.00000,0.0,0,0.0,-50,-13.2
J.Herter_T1,2026-02-28,12:21:38.803,39.85305,-83.65533,1095.2,39.85306,-83.65534,1081.5,3,0,0,-175,0x01,32,4,8,8,-58,-61,3.74,-0.468,14.200,14.904,100%,3.802,4.040,3660,3136,0,3135,0,,0.00000,0.00000,0.0,0,0.0,-50,-13.2
J.Herter_T1,2026-02-28,12:21:39.820,39.85305,-83.65533,1095.2,39.85306,-83.65534,1081.5,3,0,0,-45,0x01,32,4,8,8,-51,-64,3.76,-0.422,14.205,33.553,100%,3.802,4.039,3661,3137,0,3136,0,,0.00000,0.00000,0.0,0,0.0,-50,-13.3
J.Herter_T1,2026-02-28,12:21:40.811,39.85305,-83.65533,1095.2,39.85306,-83.65534,1081.4,3,0,0,127,0x01,32,4,7,9,-50,-60,3.79,-0.450,14.287,37.859,100%,3.801,4.041,3662,3138,0,3137,0,,0.00000,0.00000,0.0,0,0.0,-50,-13.3
J.Herter_T1,2026-02-28,12:21:41.829,39.85305,-83.65533,1095.2,39.85306,-83.65534,1081.3,3,0,0,-90,0x01,32,3,10,7,-54,-59,3.79,-0.497,14.385,23.887,100%,3.801,4.040,3663,3139,0,3138,0,,0.00000,0.00000,0.0,0,0.0,-50,-13.4
J.Herter_T1,2026-02-28,12:21:42.818,39.85305,-83.65533,1095.2,39.85306,-83.65534,1081.2,3,0,0,145,0x01,32,3,10,8,-51,-61,3.79,-0.542,14.486,33.741,100%,3.799,4.043,3664,3140,0,3139,0,,0.00000,0.00000,0.0,0,0.0,-50,-13.4
J.Herter_T1,2026-02-28,12:21:43.810,39.85305,-83.65533,1095.2,39.85306,-83.65534,1081.2,3,0,0,28,0x01,32,4,10,6,-53,-60,3.83,-0.520,14.532,27.102,100%,3.799,4.043,3665,3141,0,3140,0,,0.00000,0.00000,0.0,0,0.0,-50,-13.5
J.Herter_T1,2026-02-28,12:21:44.831,39.85305,-83.65533,1095.2,39.85306,-83.65534,1081.1,3,0,0,151,0x01,32,4,9,7,-59,-72,3.81,-0.536,14.599,13.508,100%,3.805,4.041,3666,3142,0,3141,0,,0.00000,0.00000,0.0,0,0.0,-50,-13.6
J.Herter_T1,2026-02-28,12:21:45.821,39.85305,-83.65533,1095.2,39.85306,-83.65534,1081.0,3,0,0,-173,0x01,32,4,9,8,-58,-79,3.83,-0.600,14.731,15.241,100%,3.805,4.040,3667,3143,0,3142,0,,0.00000,0.00000,0.0,0,0.0,-50,-13.6
J.Herter_T1,2026-02-28,12:21:46.810,39.85305,-83.65533,1095.2,39.85306,-83.65534,1080.9,3,0,0,14,0x01,32,4,9,7,-62,-69,3.85,-0.605,14.807,9.670,100%,3.802,4.038,3668,3144,0,3143,0,,0.00000,0.00000,0.0,0,0.0,-50,-13.7
J.Herter_T1,2026-02-28,12:21:47.829,39.85305,-83.65533,1095.2,39.85306,-83.65534,1080.8,3,0,0,67,0x01,32,4,9,7,-58,-71,3.85,-0.636,14.905,15.326,100%,3.802,4.039,3669,3145,0,3144,0,,0.00000,0.00000,0.0,0,0.0,-50,-13.8
J.Herter_T1,2026-02-28,12:21:48.820,39.85305,-83.65533,1095.2,39.85306,-83.65534,1080.8,3,0,0,116,0x01,32,4,9,8,-59,-65,3.87,-0.584,14.923,13.735,100%,3.802,4.038,3670,3146,0,3145,0,,0.00000,0.00000,0.0,0,0.0,-50,-13.8
J.Herter_T1,2026-02-28,12:21:49.808,39.85305,-83.65533,1095.2,39.85306,-83.65534,1080.7,3,0,0,8,0x01,32,4,10,7,-65,-75,3.87,-0.585,14.987,6.884,100%,3.783,4.043,3671,3147,0,3146,0,,0.00000,0.00000,0.0,0,0.0,-50,-13.9
J.Herter_T1,2026-02-28,12:21:50.830,39.85305,-83.65533,1095.2,39.85306,-83.65534,1080.7,3,0,0,-178,0x01,32,4,10,8,-62,-70,3.89,-0.568,15.036,9.778,100%,3.783,4.040,3672,3148,0,3147,0,,0.00000,0.00000,0.0,0,0.0,-50,-14.0
J.Herter_T1,2026-02-28,12:21:51.820,39.85305,-83.65533,1095.2,39.85306,-83.65534,1080.7,3,0,0,-137,0x01,32,4,10,8,-61,-70,3.91,-0.526,15.058,11.032,100%,3.799,4.042,3673,3149,0,3148,0,,0.00000,0.00000,0.0,0,0.0,-50,-14.0
J.Herter_T1,2026-02-28,12:21:52.809,39.85305,-83.65533,1095.2,39.85306,-83.65534,1080.6,3,0,0,150,0x01,32,4,10,8,-60,-67,3.91,-0.529,15.118,12.378,100%,3.799,4.040,3674,3150,0,3149,0,,0.00000,0.00000,0.0,0,0.0,-50,-14.1
J.Herter_T1,2026-02-28,12:21:53.831,39.85305,-83.65533,1095.2,39.85306,-83.65534,1080.6,3,0,0,-29,0x01,32,4,10,8,-61,-67,3.91,-0.447,15.086,11.032,100%,3.803,4.042,3675,3151,0,3150,0,,0.00000,0.00000,0.0,0,0.0,-50,-14.1
J.Herter_T1,2026-02-28,12:21:54.820,39.85305,-83.65533,1095.2,39.85306,-83.65534,1080.6,3,0,0,-48,0x01,32,4,10,8,-63,-68,3.91,-0.423,15.109,8.763,100%,3.803,4.040,3676,3152,0,3151,0,,0.00000,0.00000,0.0,0,0.0,-50,-14.2
J.Herter_T1,2026-02-28,12:21:55.810,39.85305,-83.65533,1095.2,39.85306,-83.65534,1080.6,3,0,0,-167,0x01,32,4,9,9,-65,-69,3.94,-0.395,15.130,6.999,100%,3.804,4.041,3677,3153,0,3152,0,,0.00000,0.00000,0.0,0,0.0,-50,-14.2
J.Herter_T1,2026-02-28,12:21:56.830,39.85305,-83.65533,1095.2,39.85306,-83.65534,1080.6,3,0,0,111,0x01,32,4,11,8,-74,-70,3.96,-0.368,15.148,2.497,100%,3.804,4.040,3678,3154,0,3153,0,,0.00000,0.00000,0.0,0,0.0,-50,-14.3
J.Herter_T1,2026-02-28,12:21:57.818,39.85305,-83.65533,1095.2,39.85306,-83.65534,1080.6,3,0,0,154,0x01,32,4,11,8,-69,-78,3.96,-0.357,15.177,4.441,100%,3.804,4.041,3679,3155,0,3154,0,,0.00000,0.00000,0.0,0,0.0,-50,-14.3
J.Herter_T1,2026-02-28,12:21:58.810,39.85305,-83.65533,1095.2,39.85306,-83.65534,1080.6,3,0,0,67,0x01,32,4,11,8,-50,-75,3.96,-0.266,15.117,39.577,100%,3.807,4.041,3680,3156,0,3155,0,,0.00000,0.00000,0.0,0,0.0,-50,-14.3
J.Herter_T1,2026-02-28,12:21:59.830,39.85305,-83.65533,1095.2,39.85306,-83.65534,1080.6,3,0,0,-47,0x01,32,4,10,9,-54,-58,3.96,-0.251,15.129,24.972,100%,3.807,4.040,3681,3157,0,3156,0,,0.00000,0.00000,0.0,0,0.0,-50,-14.4
J.Herter_T1,2026-02-28,12:22:00.820,39.85305,-83.65533,1095.2,39.85306,-83.65534,1080.6,3,0,0,113,0x01,32,4,10,9,-49,-64,3.98,-0.264,15.176,44.652,100%,3.798,4.042,3682,3158,0,3157,0,,0.00000,0.00000,0.0,0,0.0,-50,-14.4
J.Herter_T1,2026-02-28,12:22:01.809,39.85305,-83.65533,1095.2,39.85306,-83.65534,1080.6,3,0,0,-26,0x01,32,4,10,9,-60,-60,4.00,-0.241,15.185,12.654,100%,3.798,4.040,3683,3159,0,3158,0,,0.00000,0.00000,0.0,0,0.0,-50,-14.4
J.Herter_T1,2026-02-28,12:22:02.800,39.85305,-83.65533,1095.2,39.85306,-83.65534,1080.6,3,0,0,143,0x01,32,4,9,9,-65,-68,4.02,-0.225,15.201,7.155,100%,3.805,4.043,3684,3160,0,3159,0,,0.00000,0.00000,0.0,0,0.0,-50,-14.4
J.Herter_T1,2026-02-28,12:22:03.821,39.85305,-83.65533,1095.2,39.85306,-83.65534,1080.5,3,0,0,-48,0x01,32,4,9,9,-60,-71,4.02,-0.265,15.267,12.724,100%,3.805,4.041,3685,3161,0,3160,0,,0.00000,0.00000,0.0,0,0.0,-50,-14.5
J.Herter_T1,2026-02-28,12:22:04.812,39.85305,-83.65533,1095.2,39.85306,-83.65534,1080.4,3,0,0,85,0x01,32,3,10,10,-61,-67,4.05,-0.283,15.320,11.402,100%,3.800,4.051,3686,3162,0,3161,0,,0.00000,0.00000,0.0,0,0.0,-50,-14.5
J.Herter_T1,2026-02-28,12:22:05.830,39.85305,-83.65533,1095.2,39.85306,-83.65534,1080.4,3,0,0,-90,0x01,32,3,10,10,-63,-68,4.09,-0.325,15.408,9.156,100%,3.800,4.041,3687,3163,0,3162,0,,0.00000,0.00000,0.0,0,0.0,-50,-14.5
J.Herter_T1,2026-02-28,12:22:06.821,39.85305,-83.65533,1095.2,39.85306,-83.65534,1080.3,3,0,0,-72,0x01,32,3,10,11,-61,-70,4.09,-0.313,15.430,11.527,100%,3.800,4.040,3688,3164,0,3163,0,,0.00000,0.00000,0.0,0,0.0,-50,-14.6
J.Herter_T1,2026-02-28,12:22:07.811,39.85305,-83.65533,1095.2,39.85306,-83.65534,1080.4,3,0,0,34,0x01,32,4,9,11,-60,-69,4.09,-0.247,15.392,12.934,100%,3.785,4.040,3689,3165,0,3164,0,,0.00000,0.00000,0.0,0,0.0,-50,-14.6
J.Herter_T1,2026-02-28,12:22:08.830,39.85305,-83.65533,1095.2,39.85306,-83.65534,1080.4,3,0,0,-101,0x01,32,4,10,10,-62,-68,4.07,-0.216,15.380,10.218,100%,3.785,4.040,3690,3166,0,3165,0,,0.00000,0.00000,0.0,0,0.0,-50,-14.6
J.Herter_T1,2026-02-28,12:22:09.820,39.85305,-83.65533,1095.2,39.85306,-83.65534,1080.4,3,0,0,-21,0x01,32,4,10,10,-61,-69,4.05,-0.194,15.374,11.402,100%,3.801,4.042,3691,3167,0,3166,0,,0.00000,0.00000,0.0,0,0.0,-50,-14.6
J.Herter_T1,2026-02-28,12:22:10.810,39.85305,-83.65533,1095.2,39.85306,-83.65534,1080.4,3,0,0,-130,0x01,32,4,9,11,-60,-69,4.05,-0.199,15.399,12.793,100%,3.801,4.041,3692,3168,0,3167,0,,0.00000,0.00000,0.0,0,0.0,-50,-14.7
J.Herter_T1,2026-02-28,12:22:11.830,39.85305,-83.65533,1095.2,39.85306,-83.65534,1080.3,3,0,0,-82,0x01,32,4,10,10,-58,-68,4.02,-0.208,15.425,16.018,100%,3.800,4.041,3693,3169,0,3168,0,,0.00000,0.00000,0.0,0,0.0,-50,-14.7
J.Herter_T1,2026-02-28,12:22:12.819,39.85305,-83.65533,1095.2,39.85306,-83.65534,1080.4,3,0,0,83,0x01,32,3,11,10,-55,-66,3.98,-0.096,15.316,22.379,100%,3.800,4.040,3694,3170,0,3169,0,,0.00000,0.00000,0.0,0,0.0,-50,-14.7
J.Herter_T1,2026-02-28,12:22:13.810,39.85305,-83.65533,1095.2,39.85306,-83.65534,1080.4,3,0,0,177,0x01,32,4,10,10,-60,-66,3.94,-0.069,15.285,12.447,100%,3.802,4.042,3695,3171,0,3170,0,,0.00000,0.00000,0.0,0,0.0,-50,-14.7
J.Herter_T1,2026-02-28,12:22:14.830,39.85305,-83.65533,1095.2,39.85306,-83.65534,1080.5,3,0,0,-161,0x01,32,4,11,9,-65,-68,3.89,-0.044,15.255,6.922,100%,3.802,4.040,3696,3172,0,3171,0,,0.00000,0.00000,0.0,0,0.0,-50,-14.7
J.Herter_T1,2026-02-28,12:22:15.822,39.85305,-83.65533,1095.2,39.85306,-83.65534,1080.5,3,0,0,18,0x01,32,4,11,9,-61,-70,3.81,0.017,15.173,10.730,100%,3.802,4.040,3697,3173,0,3172,0,,0.00000,0.00000,0.0,0,0.0,-50,-14.7
J.Herter_T1,2026-02-28,12:22:16.809,39.85305,-83.65533,1095.2,39.85306,-83.65534,1080.6,3,0,0,73,0x01,32,4,10,10,-61,-69,3.76,0.062,15.112,10.611,100%,3.786,4.041,3698,3174,0,3173,0,,0.00000,0.00000,0.0,0,0.0,-50,-14.7
J.Herter_T1,2026-02-28,12:22:17.829,39.85305,-83.65533,1095.2,39.85306,-83.65534,1080.6,3,0,0,118,0x01,32,4,10,10,-61,-69,3.72,0.100,15.054,10.492,100%,3.786,4.041,3699,3175,0,3174,0,,0.00000,0.00000,0.0,0,0.0,-50,-14.7
J.Herter_T1,2026-02-28,12:22:18.819,39.85305,-83.65533,1095.2,39.85306,-83.65534,1080.6,3,0,0,-21,0x01,32,4,10,10,-64,-69,3.68,0.081,15.053,7.345,100%,3.785,4.040,3700,3176,0,3175,0,,0.00000,0.00000,0.0,0,0.0,-50,-14.7
J.Herter_T1,2026-02-28,12:22:19.809,39.85305,-83.65533,1095.2,39.85306,-83.65534,1080.6,3,0,0,22,0x01,32,4,11,9,-62,-71,3.68,0.079,15.047,9.247,100%,3.785,4.041,3701,3177,0,3176,0,,0.00000,0.00000,0.0,0,0.0,-50,-14.7
J.Herter_T1,2026-02-28,12:22:20.829,39.85305,-83.65533,1095.2,39.85306,-83.65534,1080.6,3,0,0,132,0x01,32,4,12,8,-64,-71,3.64,0.074,15.034,7.263,100%,3.804,4.041,3702,3178,0,3177,0,,0.00000,0.00000,0.0,0,0.0,-50,-14.7
J.Herter_T1,2026-02-28,12:22:21.819,39.85305,-83.65533,1095.2,39.85306,-83.65534,1080.7,3,0,0,-55,0x01,32,4,12,8,-57,-71,3.62,0.135,14.955,16.169,100%,3.804,4.040,3703,3179,0,3178,0,,0.00000,0.00000,0.0,0,0.0,-50,-14.6
J.Herter_T1,2026-02-28,12:22:22.809,39.85305,-83.65533,1095.2,39.85306,-83.65534,1080.7,3,0,0,63,0x01,32,4,11,9,-57,-66,3.60,0.151,14.919,16.078,100%,3.802,4.040,3704,3180,0,3179,0,,0.00000,0.00000,0.0,0,0.0,-50,-14.6
J.Herter_T1,2026-02-28,12:22:23.829,39.85305,-83.65533,1095.2,39.85306,-83.65534,1080.8,3,0,0,-57,0x01,32,4,9,11,-62,-64,3.56,0.215,14.823,8.940,100%,3.802,4.042,3705,3181,0,3180,0,,0.00000,0.00000,0.0,0,0.0,-50,-14.6
J.Herter_T1,2026-02-28,12:22:24.820,39.85305,-83.65533,1095.2,39.85306,-83.65534,1080.9,3,0,0,177,0x01,32,4,12,8,-67,-72,3.54,0.238,14.770,4.999,100%,3.797,4.041,3706,3182,0,3181,0,,0.00000,0.00000,0.0,0,0.0,-50,-14.6
J.Herter_T1,2026-02-28,12:22:25.811,39.85305,-83.65533,1095.2,39.85306,-83.65534,1080.9,3,0,0,124,0x01,32,4,11,9,-70,-74,3.52,0.267,14.708,3.519,100%,3.797,4.043,3707,3183,0,3182,0,,0.00000,0.00000,0.0,0,0.0,-50,-14.5
J.Herter_T1,2026-02-28,12:22:26.828,39.85305,-83.65533,1095.2,39.85306,-83.65534,1081.0,3,0,0,122,0x03,32,4,10,10,-60,-78,3.50,0.285,14.656,11.066,100%,3.797,4.042,3708,3184,0,3183,0,,0.00000,0.00000,0.0,0,0.0,-50,-14.5
J.Herter_T1,2026-02-28,12:22:27.820,39.85305,-83.65533,1095.2,39.85306,-83.65534,1081.0,3,0,0,109,0x03,32,4,11,9,-59,-67,3.46,0.268,14.634,12.277,100%,3.783,4.040,3709,3185,0,3184,0,,0.00000,0.00000,0.0,0,0.0,-50,-14.5
J.Herter_T1,2026-02-28,12:22:28.809,39.85305,-83.65533,1095.2,39.85306,-83.65534,1081.0,3,0,0,-152,0x03,32,4,11,9,-60,-66,3.44,0.247,14.623,10.880,100%,3.783,4.039,3710,3186,0,3185,0,,0.00000,0.00000,0.0,0,0.0,-50,-14.5
J.Herter_T1,2026-02-28,12:22:29.830,39.85305,-83.65533,1095.2,39.85306,-83.65534,1081.1,3,0,0,-156,0x03,32,4,11,9,-61,-67,3.40,0.279,14.553,9.589,100%,3.802,4.043,3711,3187,0,3186,0,,0.00000,0.00000,0.0,0,0.0,-50,-14.4
J.Herter_T1,2026-02-28,12:22:30.821,39.85305,-83.65533,1095.2,39.85306,-83.65534,1081.2,3,0,0,-31,0x03,32,4,12,8,-69,-76,3.36,0.369,14.417,3.775,100%,3.802,4.040,3712,3188,0,3187,0,,0.00000,0.00000,0.0,0,0.0,-50,-14.4
J.Herter_T1,2026-02-28,12:22:31.811,39.85305,-83.65533,1095.2,39.85306,-83.65534,1081.3,3,0,0,168,0x03,32,4,12,8,-61,-77,3.33,0.447,14.283,9.376,100%,3.799,4.043,3713,3189,0,3188,0,,0.00000,0.00000,0.0,0,0.0,-50,-14.3
J.Herter_T1,2026-02-28,12:22:32.830,39.85305,-83.65533,1095.2,39.85306,-83.65534,1081.4,3,0,0,-77,0x03,32,4,13,7,-64,-70,3.27,0.476,14.191,6.527,100%,3.799,4.043,3714,3190,0,3189,0,,0.00000,0.00000,0.0,0,0.0,-50,-14.3
J.Herter_T1,2026-02-28,12:22:33.818,39.85305,-83.65533,1095.2,39.85306,-83.65534,1081.5,3,0,0,-103,0x03,32,4,12,8,-81,-71,3.24,0.482,14.125,0.912,100%,3.799,4.043,3715,3191,0,3190,0,,0.00000,0.00000,0.0,0,0.0,-50,-14.2
J.Herter_T1,2026-02-28,12:22:34.809,39.85305,-83.65533,1095.2,39.85306,-83.65534,1081.6,3,0,0,-63,0x03,32,4,11,9,-67,-85,3.20,0.531,14.012,4.520,100%,3.799,4.042,3716,3192,0,3191,0,,0.00000,0.00000,0.0,0,0.0,-50,-14.2
J.Herter_T1,2026-02-28,12:22:35.831,39.85305,-83.65533,1095.2,39.85306,-83.65534,1081.6,3,0,0,-39,0x03,32,4,12,8,-63,-75,3.18,0.543,13.937,7.124,100%,3.799,4.042,3717,3193,0,3192,0,,0.00000,0.00000,0.0,0,0.0,-50,-14.1
J.Herter_T1,2026-02-28,12:22:36.819,39.85305,-83.65533,1095.2,39.85306,-83.65534,1081.7,3,0,0,167,0x03,32,3,13,8,-65,-69,3.18,0.551,13.870,5.659,100%,3.799,4.043,3718,3194,0,3193,0,,0.00000,0.00000,0.0,0,0.0,-50,-14.1
J.Herter_T1,2026-02-28,12:22:37.809,39.85305,-83.65533,1095.2,39.85306,-83.65534,1081.8,3,0,0,-81,0x03,32,4,12,8,-61,-71,3.16,0.572,13.783,8.919,100%,3.799,4.043,3719,3195,0,3194,0,,0.00000,0.00000,0.0,0,0.0,-50,-14.0
J.Herter_T1,2026-02-28,12:22:38.829,39.85305,-83.65533,1095.2,39.85306,-83.65534,1081.8,3,0,0,52,0x03,32,4,12,8,-62,-69,3.16,0.509,13.790,7.949,100%,3.799,4.043,3720,3196,0,3195,0,,0.00000,0.00000,0.0,0,0.0,-50,-13.9
J.Herter_T1,2026-02-28,12:22:39.820,39.85305,-83.65533,1095.2,39.85306,-83.65534,1081.8,3,0,0,-64,0x03,32,4,10,10,-61,-69,3.15,0.449,13.795,8.870,100%,3.799,4.042,3721,3197,0,3196,0,,0.00000,0.00000,0.0,0,0.0,-50,-13.9
J.Herter_T1,2026-02-28,12:22:40.812,39.85305,-83.65533,1095.2,39.85306,-83.65534,1081.6,3,0,0,33,0x03,32,4,10,10,-67,-67,3.15,0.269,13.942,4.446,100%,3.801,4.042,3722,3198,0,3197,0,,0.00000,0.00000,0.0,0,0.0,-50,-13.9
J.Herter_T1,2026-02-28,12:22:41.829,39.85305,-83.65533,1095.2,39.85306,-83.65534,1081.5,3,0,0,8,0x03,32,2,13,9,-66,-74,3.16,0.121,14.077,5.016,100%,3.801,4.043,3723,3199,0,3198,0,,0.00000,0.00000,0.0,0,0.0,-50,-13.8
J.Herter_T1,2026-02-28,12:22:42.819,39.85305,-83.65533,1095.2,39.85306,-83.65534,1081.4,3,0,0,-147,0x03,32,3,11,10,-61,-76,3.18,-0.006,14.206,8.968,100%,3.802,4.041,3724,3200,0,3199,0,,0.00000,0.00000,0.0,0,0.0,-50,-13.8
J.Herter_T1,2026-02-28,12:22:43.810,39.85305,-83.65533,1095.2,39.85303,-83.65534,1081.2,3,0,0,-109,0x03,32,3,11,10,-57,-67,7.11,-0.150,15.709,31.779,100%,3.802,4.043,3725,3201,0,3200,0,,0.00000,0.00000,0.0,0,0.0,-50,-13.9
J.Herter_T1,2026-02-28,12:22:44.830,39.85305,-83.65533,1095.2,39.85303,-83.65534,1081.1,3,0,0,151,0x03,32,3,11,10,-61,-65,7.08,-0.189,15.746,19.951,100%,3.803,4.042,3726,3202,0,3201,0,,0.00000,0.00000,0.0,0,0.0,-50,-13.9
J.Herter_T1,2026-02-28,12:22:45.819,39.85305,-83.65533,1095.2,39.85303,-83.65534,1081.0,3,0,0,-39,0x03,32,4,11,9,-64,-69,7.05,-0.258,15.822,14.071,100%,3.803,4.042,3727,3203,0,3202,0,,0.00000,0.00000,0.0,0,0.0,-50,-13.9
J.Herter_T1,2026-02-28,12:22:46.808,39.85305,-83.65533,1095.2,39.85303,-83.65534,1081.0,3,0,0,-66,0x03,32,4,10,10,-63,-70,7.02,-0.294,15.870,15.719,100%,3.803,4.042,3728,3204,0,3203,0,,0.00000,0.00000,0.0,0,0.0,-50,-13.9
J.Herter_T1,2026-02-28,12:22:47.889,39.85305,-83.65533,1095.2,39.85303,-83.65533,1080.9,3,0,0,-49,0x03,32,4,11,9,-63,-69,7.01,-0.371,15.971,15.693,100%,3.779,4.042,3729,3205,0,3204,0,,0.00000,0.00000,0.0,0,0.0,-50,-14.0
J.Herter_T1,2026-02-28,12:22:48.819,39.85305,-83.65533,1095.2,39.85303,-83.65533,1080.7,3,0,0,-151,0x03,32,4,11,9,-62,-70,6.99,-0.520,16.147,17.552,100%,3.779,4.042,3730,3206,0,3205,0,,0.00000,0.00000,0.0,0,0.0,-50,-14.0
J.Herter_T1,2026-02-28,12:22:49.811,39.85305,-83.65533,1095.2,39.85303,-83.65533,1080.6,3,0,0,109,0x03,32,3,12,9,-61,-69,6.98,-0.495,16.169,19.665,100%,3.797,4.042,3731,3207,0,3206,0,,0.00000,0.00000,0.0,0,0.0,-50,-14.1
J.Herter_T1,2026-02-28,12:22:50.829,39.85305,-83.65533,1095.2,39.85303,-83.65533,1080.6,3,0,0,151,0x03,32,3,12,9,-59,-68,6.98,-0.436,16.160,24.757,100%,3.797,4.040,3732,3208,0,3207,0,,0.00000,0.00000,0.0,0,0.0,-50,-14.1
J.Herter_T1,2026-02-28,12:22:51.819,39.85305,-83.65533,1095.2,39.85303,-83.65533,1080.6,3,0,0,-108,0x03,32,3,12,8,-59,-66,6.96,-0.446,16.207,24.705,100%,3.801,4.042,3733,3209,0,3208,0,,0.00000,0.00000,0.0,0,0.0,-50,-14.2
J.Herter_T1,2026-02-28,12:22:52.810,39.85305,-83.65533,1095.2,39.85303,-83.65533,1080.6,3,0,0,171,0x03,32,3,12,8,-59,-66,6.96,-0.366,16.170,24.688,100%,3.801,4.042,3734,3210,0,3209,0,,0.00000,0.00000,0.0,0,0.0,-50,-14.2
J.Herter_T1,2026-02-28,12:22:53.829,39.85305,-83.65533,1095.2,39.85303,-83.65533,1080.7,3,0,0,-114,0x03,32,3,13,7,-58,-66,6.95,-0.294,16.130,27.665,100%,3.801,4.043,3735,3211,0,3210,0,,0.00000,0.00000,0.0,0,0.0,-50,-14.3
J.Herter_T1,2026-02-28,12:22:54.820,39.85305,-83.65533,1095.2,39.85303,-83.65533,1080.5,3,0,0,-165,0x03,32,3,14,7,-68,-65,6.94,-0.380,16.244,8.743,100%,3.801,4.041,3736,3212,0,3211,0,,0.00000,0.00000,0.0,0,0.0,-50,-14.3
J.Herter_T1,2026-02-28,12:22:55.839,39.85305,-83.65533,1095.2,39.85303,-83.65533,1080.6,3,0,0,142,0x03,32,3,13,8,-70,-74,6.94,-0.315,16.216,6.941,100%,3.801,4.041,3737,3213,0,3212,0,,0.00000,0.00000,0.0,0,0.0,-50,-14.3
J.Herter_T1,2026-02-28,12:22:56.861,39.85305,-83.65533,1095.2,39.85303,-83.65533,1080.7,3,0,0,-3,0x03,32,3,13,8,-65,-78,6.94,-0.195,16.125,12.335,100%,3.783,4.042,3738,3214,0,3213,0,,0.00000,0.00000,0.0,0,0.0,-50,-14.4
J.Herter_T1,2026-02-28,12:22:57.820,39.85305,-83.65533,1095.2,39.85303,-83.65533,1080.5,3,0,0,-13,0x03,32,4,13,7,-68,-72,6.94,-0.294,16.245,8.738,100%,3.783,4.043,3739,3215,0,3214,0,,0.00000,0.00000,0.0,0,0.0,-50,-14.4
J.Herter_T1,2026-02-28,12:22:58.811,39.85305,-83.65533,1095.2,39.85303,-83.65533,1080.5,3,0,0,-165,0x03,32,3,14,6,-63,-75,6.94,-0.255,16.236,15.538,100%,3.778,4.043,3740,3216,0,3215,0,,0.00000,0.00000,0.0,0,0.0,-50,-14.4
J.Herter_T1,2026-02-28,12:22:59.831,39.85305,-83.65533,1095.2,39.85303,-83.65533,1080.5,3,0,0,177,0x03,32,3,14,6,-63,-71,6.94,-0.259,16.266,15.538,100%,3.778,4.043,3741,3217,0,3216,0,,0.00000,0.00000,0.0,0,0.0,-50,-14.5
J.Herter_T1,2026-02-28,12:23:00.821,39.85305,-83.65533,1095.2,39.85303,-83.65533,1080.4,3,0,0,-114,0x03,32,3,14,6,-64,-71,6.94,-0.298,16.331,13.848,100%,3.799,4.043,3742,3218,0,3217,0,,0.00000,0.00000,0.0,0,0.0,-50,-14.5
J.Herter_T1,2026-02-28,12:23:01.809,39.85305,-83.65533,1095.2,39.85303,-83.65533,1080.4,3,0,0,-83,0x03,32,3,14,6,-64,-74,6.94,-0.310,16.373,13.848,100%,3.799,4.043,3743,3219,0,3218,0,,0.00000,0.00000,0.0,0,0.0,-50,-14.5
J.Herter_T1,2026-02-28,12:23:02.831,39.85305,-83.65533,1095.2,39.85303,-83.65533,1080.4,3,0,0,-59,0x03,32,3,14,6,-66,-71,6.94,-0.270,16.366,11.007,100%,3.799,4.042,3744,3220,0,3219,0,,0.00000,0.00000,0.0,0,0.0,-50,-14.5
J.Herter_T1,2026-02-28,12:23:03.822,39.85305,-83.65533,1095.2,39.85303,-83.65533,1080.4,3,0,0,-154,0x03,32,3,14,6,-63,-75,6.94,-0.270,16.392,15.547,100%,3.799,4.041,3745,3221,0,3220,0,,0.00000,0.00000,0.0,0,0.0,-50,-14.6
J.Herter_T1,2026-02-28,12:23:04.809,39.85305,-83.65533,1095.2,39.85303,-83.65533,1080.3,3,0,0,-60,0x03,32,3,13,7,-66,-71,6.94,-0.263,16.413,11.007,100%,3.800,4.042,3746,3222,0,3221,0,,0.00000,0.00000,0.0,0,0.0,-50,-14.6
J.Herter_T1,2026-02-28,12:23:05.829,39.85305,-83.65533,1095.2,39.85303,-83.65533,1080.3,3,0,0,158,0x03,32,3,13,7,-67,-74,6.95,-0.290,16.469,9.816,100%,3.800,4.043,3747,3223,0,3222,0,,0.00000,0.00000,0.0,0,0.0,-50,-14.6
J.Herter_T1,2026-02-28,12:23:06.820,39.85305,-83.65533,1095.2,39.85303,-83.65533,1080.2,3,0,0,-58,0x03,32,3,14,6,-71,-76,6.94,-0.370,16.577,6.190,100%,3.800,4.042,3748,3224,0,3223,0,,0.00000,0.00000,0.0,0,0.0,-50,-14.7
J.Herter_T1,2026-02-28,12:23:07.812,39.85305,-83.65533,1095.2,39.85303,-83.65533,1080.1,3,0,0,-57,0x03,32,3,13,7,-64,-78,6.94,-0.351,16.593,13.848,100%,3.783,4.043,3749,3225,0,3224,0,,0.00000,0.00000,0.0,0,0.0,-50,-14.7
J.Herter_T1,2026-02-28,12:23:08.829,39.85305,-83.65533,1095.2,39.85303,-83.65533,1080.1,3,0,0,-30,0x03,32,3,14,7,-70,-71,6.94,-0.393,16.669,6.936,100%,3.783,4.042,3750,3226,0,3225,0,,0.00000,0.00000,0.0,0,0.0,-50,-14.8
J.Herter_T1,2026-02-28,12:23:09.821,39.85305,-83.65533,1095.2,39.85303,-83.65533,1080.0,3,0,0,19,0x03,32,3,14,6,-64,-76,6.94,-0.395,16.711,13.840,100%,3.799,4.043,3751,3227,0,3226,0,,0.00000,0.00000,0.0,0,0.0,-50,-14.8
J.Herter_T1,2026-02-28,12:23:10.817,39.85305,-83.65533,1095.2,39.85303,-83.65533,1080.0,3,0,0,-10,0x03,32,3,14,6,-64,-71,6.94,-0.358,16.714,13.840,100%,3.799,4.042,3752,3228,0,3227,0,,0.00000,0.00000,0.0,0,0.0,-50,-14.8
J.Herter_T1,2026-02-28,12:23:11.832,39.85305,-83.65533,1095.2,39.85303,-83.65533,1080.0,3,0,0,-37,0x03,32,3,13,7,-64,-71,6.94,-0.349,16.742,13.848,100%,3.800,4.043,3753,3229,0,3228,0,,0.00000,0.00000,0.0,0,0.0,-50,-14.9
J.Herter_T1,2026-02-28,12:23:12.828,39.85305,-83.65533,1095.2,39.85303,-83.65533,1079.9,3,0,0,-31,0x03,32,3,13,7,-63,-71,6.94,-0.403,16.834,15.547,100%,3.800,4.042,3754,3230,0,3229,0,,0.00000,0.00000,0.0,0,0.0,-50,-14.9
J.Herter_T1,2026-02-28,12:23:13.827,39.85305,-83.65533,1095.2,39.85303,-83.65533,1079.8,3,0,0,105,0x03,32,3,13,7,-64,-71,6.94,-0.427,16.898,13.848,100%,3.799,4.042,3755,3231,0,3230,0,,0.00000,0.00000,0.0,0,0.0,-50,-15.0
J.Herter_T1,2026-02-28,12:23:14.829,39.85305,-83.65533,1095.2,39.85303,-83.65533,1079.8,3,0,0,-153,0x03,32,3,14,6,-68,-71,6.93,-0.426,16.936,8.727,100%,3.799,4.043,3756,3232,0,3231,0,,0.00000,0.00000,0.0,0,0.0,-50,-15.0
J.Herter_T1,2026-02-28,12:23:15.832,39.85305,-83.65533,1095.2,39.85303,-83.65533,1079.7,3,0,0,-136,0x03,32,3,13,7,-64,-75,6.93,-0.416,16.969,13.832,100%,3.799,4.042,3757,3233,0,3232,0,,0.00000,0.00000,0.0,0,0.0,-50,-15.1
J.Herter_T1,2026-02-28,12:23:16.826,39.85305,-83.65533,1095.2,39.85303,-83.65533,1079.7,3,0,0,-123,0x03,32,3,14,6,-63,-71,6.94,-0.389,16.986,15.529,100%,3.776,4.042,3758,3234,0,3233,0,,0.00000,0.00000,0.0,0,0.0,-50,-15.1
J.Herter_T1,2026-02-28,12:23:17.826,39.85305,-83.65533,1095.2,39.85303,-83.65533,1079.6,3,0,0,-34,0x03,32,3,13,7,-64,-70,6.94,-0.459,17.097,13.840,100%,3.776,4.043,3759,3235,0,3234,0,,0.00000,0.00000,0.0,0,0.0,-50,-15.2
J.Herter_T1,2026-02-28,12:23:18.819,39.85305,-83.65533,1095.2,39.85303,-83.65533,1079.5,3,0,0,-78,0x03,32,3,12,8,-65,-71,6.94,-0.523,17.208,12.335,100%,3.800,4.042,3760,3236,0,3235,0,,0.00000,0.00000,0.0,0,0.0,-50,-15.2
J.Herter_T1,2026-02-28,12:23:19.827,39.85305,-83.65533,1095.2,39.85303,-83.65533,1079.4,3,0,0,132,0x03,32,3,12,8,-65,-71,6.94,-0.526,17.265,12.335,100%,3.800,4.043,3761,3237,0,3236,0,,0.00000,0.00000,0.0,0,0.0,-50,-15.3
J.Herter_T1,2026-02-28,12:23:20.828,39.85305,-83.65533,1095.2,39.85303,-83.65533,1079.4,3,0,0,120,0x03,32,3,13,7,-65,-72,6.94,-0.494,17.286,12.335,100%,3.800,4.043,3762,3238,0,3237,0,,0.00000,0.00000,0.0,0,0.0,-50,-15.3
J.Herter_T1,2026-02-28,12:23:21.829,39.85305,-83.65533,1095.2,39.85303,-83.65533,1079.3,3,0,0,-124,0x03,32,3,13,7,-65,-71,6.93,-0.475,17.314,12.328,100%,3.800,4.043,3763,3239,0,3238,0,,0.00000,0.00000,0.0,0,0.0,-50,-15.4
J.Herter_T1,2026-02-28,12:23:22.828,39.85305,-83.65533,1095.2,39.85303,-83.65533,1079.3,3,0,0,0,0x03,32,3,14,6,-66,-72,6.93,-0.463,17.349,10.981,100%,3.800,4.042,3764,3240,0,3239,0,,0.00000,0.00000,0.0,0,0.0,-50,-15.4
J.Herter_T1,2026-02-28,12:23:23.832,39.85305,-83.65533,1095.2,39.85303,-83.65533,1079.3,3,0,0,-176,0x03,32,3,13,7,-69,-72,6.92,-0.458,17.389,7.770,100%,3.800,4.043,3765,3241,0,3240,0,,0.00000,0.00000,0.0,0,0.0,-50,-15.5
J.Herter_T1,2026-02-28,12:23:24.828,39.85305,-83.65533,1095.2,39.85303,-83.65533,1079.2,3,0,0,142,0x03,32,3,14,6,-74,-76,6.92,-0.471,17.449,4.369,100%,3.800,4.043,3766,3242,0,3241,0,,0.00000,0.00000,0.0,0,0.0,-50,-15.5
J.Herter_T1,2026-02-28,12:23:25.825,39.85305,-83.65533,1095.2,39.85303,-83.65533,1079.1,3,0,0,-43,0x03,32,3,14,6,-71,-81,6.92,-0.521,17.547,6.168,100%,3.800,4.042,3767,3243,0,3242,0,,0.00000,0.00000,0.0,0,0.0,-50,-15.6
J.Herter_T1,2026-02-28,12:23:26.829,39.85305,-83.65533,1095.2,39.85303,-83.65533,1079.0,3,0,0,-164,0x03,32,3,14,7,-54,-78,6.92,-0.564,17.644,43.669,100%,3.800,4.043,3768,3244,0,3243,0,,0.00000,0.00000,0.0,0,0.0,-50,-15.7
J.Herter_T1,2026-02-28,12:23:27.821,39.85305,-83.65533,1095.2,39.85303,-83.65533,1078.9,3,0,0,-165,0x03,32,3,14,7,-54,-62,6.92,-0.602,17.741,43.669,100%,3.799,4.042,3769,3245,0,3244,0,,0.00000,0.00000,0.0,0,0.0,-50,-15.7
J.Herter_T1,2026-02-28,12:23:28.810,39.85305,-83.65533,1095.2,39.85303,-83.65533,1078.8,3,0,0,155,0x03,32,3,15,6,-55,-64,6.92,-0.621,17.824,38.941,100%,3.799,4.041,3770,3246,0,3245,0,,0.00000,0.00000,0.0,0,0.0,-50,-15.8
J.Herter_T1,2026-02-28,12:23:29.800,39.85305,-83.65533,1095.2,39.85303,-83.65533,1078.7,3,0,0,-48,0x03,32,3,15,6,-57,-65,6.92,-0.606,17.872,30.932,100%,3.796,4.043,3771,3247,0,3246,0,,0.00000,0.00000,0.0,0,0.0,-50,-15.9
J.Herter_T1,2026-02-28,12:23:30.820,39.85305,-83.65533,1095.2,39.85303,-83.65533,1078.6,3,0,0,-169,0x03,32,3,13,8,-57,-65,6.92,-0.623,17.951,30.932,100%,3.796,4.040,3772,3248,0,3247,0,,0.00000,0.00000,0.0,0,0.0,-50,-15.9
J.Herter_T1,2026-02-28,12:23:31.811,39.85305,-83.65533,1095.2,39.85303,-83.65533,1078.5,3,0,0,-32,0x03,32,3,13,8,-57,-65,6.93,-0.652,18.048,30.966,100%,3.799,4.043,3773,3249,0,3248,0,,0.00000,0.00000,0.0,0,0.0,-50,-16.0
J.Herter_T1,2026-02-28,12:23:32.830,39.85305,-83.65533,1095.2,39.85303,-83.65533,1078.4,3,0,0,71,0x03,32,3,14,7,-57,-65,6.94,-0.731,18.199,31.002,100%,3.799,4.041,3774,3250,0,3249,0,,0.00000,0.00000,0.0,0,0.0,-50,-16.1
J.Herter_T1,2026-02-28,12:23:33.821,39.85305,-83.65533,1095.2,39.85303,-83.65533,1078.2,3,0,0,-113,0x03,32,2,16,6,-66,-65,6.95,-0.794,18.342,11.014,100%,3.799,4.043,3775,3251,0,3250,0,,0.00000,0.00000,0.0,0,0.0,-50,-16.2
J.Herter_T1,2026-02-28,12:23:34.839,39.85307,-83.65536,1094.7,39.85303,-83.65533,1078.1,3,0,0,32,0x03,32,2,12,10,-60,-74,13.32,-0.367,21.349,42.114,100%,3.778,4.042,3776,3252,0,3251,0,,0.00000,0.00000,0.0,0,0.0,-50,-16.3
J.Herter_T1,2026-02-28,12:23:35.830,39.85307,-83.65538,1094.9,39.85303,-83.65533,1077.9,3,0,0,47,0x03,32,2,12,10,-61,-67,19.69,-0.580,26.021,55.483,100%,3.778,4.043,3777,3253,0,3252,0,,0.00000,0.00000,0.0,0,0.0,-50,-16.4
J.Herter_T1,2026-02-28,12:23:36.820,39.85307,-83.65538,1094.9,39.85303,-83.65533,1077.8,3,0,0,-66,0x03,32,3,12,9,-67,-68,19.65,-0.634,26.078,27.761,100%,3.797,4.042,3778,3254,0,3253,0,,0.00000,0.00000,0.0,0,0.0,-50,-16.5
J.Herter_T1,2026-02-28,12:23:37.837,39.85309,-83.65540,1094.3,39.85303,-83.65533,1077.6,3,0,0,-167,0x03,32,3,10,11,-66,-74,27.51,-0.027,32.133,43.594,100%,3.797,4.043,3779,3255,0,3254,0,,0.00000,0.00000,0.0,0,0.0,-50,-16.6
J.Herter_T1,2026-02-28,12:23:38.800,39.85309,-83.65540,1094.3,39.85303,-83.65533,1077.6,3,0,0,-171,0x03,32,3,10,11,-63,-74,27.47,-0.095,32.143,61.496,100%,3.799,4.040,3780,3256,0,3255,0,,0.00000,0.00000,0.0,0,0.0,-50,-16.6
J.Herter_T1,2026-02-28,12:23:39.820,39.85310,-83.65543,1094.0,39.85303,-83.65533,1077.5,3,0,0,104,0x03,32,3,10,11,-65,-70,35.85,0.032,39.497,63.748,100%,3.799,4.043,3781,3257,0,3256,0,,0.00000,0.00000,0.0,0,0.0,-50,-16.6
J.Herter_T1,2026-02-28,12:23:40.811,39.85310,-83.65543,1094.0,39.85303,-83.65534,1077.4,3,0,0,-79,0x03,32,2,11,11,-67,-71,35.81,-0.039,39.494,50.583,100%,3.801,4.041,3782,3258,0,3257,0,,0.00000,0.00000,0.0,0,0.0,-50,-16.6
J.Herter_T1,2026-02-28,12:23:41.831,39.85312,-83.65542,1094.5,39.85303,-83.65534,1077.3,3,0,0,74,0x03,32,2,13,9,-76,-74,39.30,-0.553,42.922,19.699,100%,3.801,4.042,3783,3259,0,3258,0,,0.00000,0.00000,0.0,0,0.0,-50,-16.7
J.Herter_T1,2026-02-28,12:23:42.821,39.85312,-83.65542,1094.5,39.85303,-83.65534,1077.1,3,0,0,-123,0x03,32,2,11,11,-81,-82,39.27,-0.622,42.949,11.069,100%,3.801,4.041,3784,3260,0,3259,0,,0.00000,0.00000,0.0,0,0.0,-50,-16.8
J.Herter_T1,2026-02-28,12:23:43.840,39.85312,-83.65544,1094.5,39.85303,-83.65534,1077.0,3,0,0,76,0x03,32,2,11,11,-71,-84,44.61,-0.634,47.907,39.757,100%,3.778,4.043,3785,3261,0,3260,0,,0.00000,0.00000,0.0,0,0.0,-50,-16.8
J.Herter_T1,2026-02-28,12:23:44.830,39.85312,-83.65544,1094.5,39.85303,-83.65534,1076.8,3,0,0,-125,0x03,32,2,12,10,-72,-79,44.61,-0.812,47.972,35.433,100%,3.778,4.040,3786,3262,0,3261,0,,0.00000,0.00000,0.0,0,0.0,-50,-16.8
J.Herter_T1,2026-02-28,12:23:45.819,39.85314,-83.65546,1094.7,39.85303,-83.65534,1076.7,3,0,0,-58,0x03,32,2,12,10,-75,-77,51.78,-1.236,54.842,29.117,100%,3.803,4.043,3787,3263,0,3262,0,,0.00000,0.00000,0.0,0,0.0,-50,-16.8
J.Herter_T1,2026-02-28,12:23:46.840,39.85314,-83.65546,1094.7,39.85303,-83.65534,1076.5,3,0,0,-108,0x03,32,2,12,10,-65,-81,51.76,-1.360,54.866,92.044,100%,3.803,4.042,3788,3264,0,3263,0,,0.00000,0.00000,0.0,0,0.0,-50,-16.8
J.Herter_T1,2026-02-28,12:23:47.861,39.85314,-83.65546,1094.7,39.85303,-83.65534,1076.4,3,0,0,-71,0x03,32,2,12,10,-66,-72,51.71,-1.528,54.870,81.947,100%,3.797,4.043,3789,3265,0,3264,0,,0.00000,0.00000,0.0,0,0.0,-50,-16.8
J.Herter_T1,2026-02-28,12:23:48.821,39.85314,-83.65546,1094.7,39.85303,-83.65534,1076.2,3,0,0,-138,0x03,32,2,12,10,-61,-75,51.67,-1.747,54.909,145.622,100%,3.797,4.040,3790,3266,0,3265,0,,0.00000,0.00000,0.0,0,0.0,-50,-16.8
J.Herter_T1,2026-02-28,12:23:49.842,39.85316,-83.65546,1095.7,39.85303,-83.65534,1076.0,3,0,0,-60,0x03,32,2,12,10,-64,-68,58.01,-2.864,61.263,115.742,100%,3.797,4.041,3791,3267,0,3266,0,,0.00000,0.00000,0.0,0,0.0,-50,-16.8
J.Herter_T1,2026-02-28,12:23:50.830,39.85316,-83.65546,1095.7,39.85303,-83.65534,1075.8,3,0,0,127,0x03,32,2,12,10,-67,-72,57.99,-3.051,61.307,81.915,100%,3.797,4.040,3792,3268,0,3267,0,,0.00000,0.00000,0.0,0,0.0,-50,-16.8
J.Herter_T1,2026-02-28,12:23:51.822,39.85316,-83.65546,1095.7,39.85303,-83.65534,1075.7,3,0,0,135,0x03,32,2,14,7,-64,-72,57.96,-3.238,61.335,115.639,100%,3.797,4.040,3793,3269,0,3268,0,,0.00000,0.00000,0.0,0,0.0,-50,-16.8
J.Herter_T1,2026-02-28,12:23:52.811,39.85316,-83.65546,1095.7,39.85303,-83.65534,1075.5,3,0,0,167,0x03,32,2,14,7,-66,-72,57.91,-3.429,61.349,91.774,100%,3.782,4.042,3794,3270,0,3269,0,,0.00000,0.00000,0.0,0,0.0,-50,-16.8
J.Herter_T1,2026-02-28,12:23:53.921,39.85316,-83.65546,1095.7,39.85303,-83.65534,1075.4,3,0,0,109,0x03,32,2,14,8,-65,-72,57.85,-3.471,61.315,102.881,100%,3.782,4.042,3795,3271,0,3270,0,,0.00000,0.00000,0.0,0,0.0,-50,-16.8
J.Herter_T1,2026-02-28,12:23:54.820,39.85316,-83.65546,1095.7,39.85303,-83.65534,1075.3,3,0,0,171,0x03,32,2,13,9,-69,-71,57.80,-3.563,61.297,64.856,100%,3.797,4.040,3796,3272,0,3271,0,,0.00000,0.00000,0.0,0,0.0,-50,-16.8
J.Herter_T1,2026-02-28,12:23:55.812,39.85316,-83.65546,1095.7,39.85303,-83.65534,1075.2,3,0,0,-83,0x03,32,2,14,8,-66,-75,57.77,-3.648,61.293,91.557,100%,3.797,4.041,3797,3273,0,3272,0,,0.00000,0.00000,0.0,0,0.0,-50,-16.8
J.Herter_T1,2026-02-28,12:23:56.891,39.85316,-83.65546,1095.7,39.85303,-83.65534,1075.1,3,0,0,-112,0x03,32,2,14,8,-67,-71,57.72,-3.783,61.290,81.528,100%,3.797,4.043,3798,3274,0,3273,0,,0.00000,0.00000,0.0,0,0.0,-50,-16.8
J.Herter_T1,2026-02-28,12:23:57.820,39.85316,-83.65546,1095.7,39.85303,-83.65534,1075.1,3,0,0,-15,0x03,32,2,14,8,-79,-81,57.67,-3.835,61.260,20.461,100%,3.797,4.024,3799,3275,0,3274,0,,0.00000,0.00000,0.0,0,0.0,-50,-16.8
J.Herter_T1,2026-02-28,12:23:58.810,39.85316,-83.65546,1095.7,39.85303,-83.65534,1075.0,3,0,0,-11,0x03,32,2,14,8,-67,-85,57.62,-3.927,61.243,81.384,100%,3.797,4.038,3800,3276,0,3275,0,,0.00000,0.00000,0.0,0,0.0,-50,-16.8
J.Herter_T1,2026-02-28,12:23:59.831,39.85316,-83.65546,1095.7,39.85303,-83.65534,1075.0,3,0,0,-161,0x03,32,2,14,8,-66,-75,57.56,-3.937,61.198,91.233,100%,3.799,4.039,3801,3277,0,3276,0,,0.00000,0.00000,0.0,0,0.0,-50,-16.8
J.Herter_T1,2026-02-28,12:24:00.819,39.85316,-83.65546,1095.7,39.85303,-83.65534,1074.9,3,0,0,-177,0x03,32,2,13,9,-70,-74,57.50,-4.000,61.156,57.497,100%,3.799,4.040,3802,3278,0,3277,0,,0.00000,0.00000,0.0,0,0.0,-50,-16.8
J.Herter_T1,2026-02-28,12:24:01.811,39.85316,-83.65546,1095.7,39.85303,-83.65534,1074.8,3,0,0,-116,0x03,32,2,12,10,-70,-76,57.43,-4.072,61.117,57.429,100%,3.797,4.041,3803,3279,0,3278,0,,0.00000,0.00000,0.0,0,0.0,-50,-16.8
J.Herter_T1,2026-02-28,12:24:02.831,39.85316,-83.65546,1095.7,39.85303,-83.65534,1074.8,3,0,0,152,0x03,32,2,12,10,-78,-79,57.38,-4.098,61.078,22.843,100%,3.797,4.040,3804,3280,0,3279,0,,0.00000,0.00000,0.0,0,0.0,-50,-16.8
J.Herter_T1,2026-02-28,12:24:03.849,39.85316,-83.65546,1095.7,39.85303,-83.65534,1074.8,3,0,0,21,0x03,32,2,12,10,-72,-83,57.33,-4.098,61.031,45.537,100%,3.796,4.040,3805,3281,0,3280,0,,0.00000,0.00000,0.0,0,0.0,-50,-16.8
J.Herter_T1,2026-02-28,12:24:04.811,39.85316,-83.65546,1095.7,39.85303,-83.65534,1074.8,3,0,0,-10,0x03,32,2,13,9,-68,-76,57.29,-4.065,60.988,72.129,100%,3.796,4.040,3806,3282,0,3281,0,,0.00000,0.00000,0.0,0,0.0,-50,-16.8
J.Herter_T1,2026-02-28,12:24:05.860,39.85316,-83.65546,1095.7,39.85303,-83.65534,1074.9,3,0,0,-11,0x03,32,2,14,8,-66,-74,57.26,-4.042,60.948,90.751,100%,3.798,4.041,3807,3283,0,3282,0,,0.00000,0.00000,0.0,0,0.0,-50,-16.8
J.Herter_T1,2026-02-28,12:24:06.844,39.85316,-83.65546,1095.7,39.85303,-83.65534,1074.9,3,0,0,135,0x03,32,2,14,8,-66,-72,57.24,-4.029,60.928,90.725,100%,3.798,4.040,3808,3284,0,3283,0,,0.00000,0.00000,0.0,0,0.0,-50,-16.8
J.Herter_T1,2026-02-28,12:24:07.830,39.85316,-83.65546,1095.7,39.85303,-83.65534,1074.9,3,0,0,-11,0x03,32,2,14,8,-75,-76,57.21,-3.996,60.885,32.171,100%,3.798,4.043,3809,3285,0,3284,0,,0.00000,0.00000,0.0,0,0.0,-50,-16.8
J.Herter_T1,2026-02-28,12:24:08.830,39.85316,-83.65546,1095.7,39.85303,-83.65534,1074.9,3,0,0,-35,0x03,32,2,14,7,-76,-80,57.18,-3.977,60.847,28.656,100%,3.795,4.038,3810,3286,0,3285,0,,0.00000,0.00000,0.0,0,0.0,-50,-16.8
J.Herter_T1,2026-02-28,12:24:09.822,39.85317,-83.65549,1096.2,39.85303,-83.65534,1074.9,3,0,0,-47,0x03,32,2,14,7,-70,-80,65.01,-4.407,68.392,65.008,100%,3.795,4.043,3811,3287,0,3286,0,,0.00000,0.00000,0.0,0,0.0,-50,-16.8
J.Herter_T1,2026-02-28,12:24:10.811,39.85317,-83.65549,1096.2,39.85303,-83.65534,1074.9,3,0,0,-156,0x03,32,2,14,7,-83,-76,64.99,-4.447,68.388,14.550,100%,3.797,4.041,3812,3288,0,3287,0,,0.00000,0.00000,0.0,0,0.0,-50,-16.8
J.Herter_T1,2026-02-28,12:24:11.830,39.85319,-83.65551,1095.9,39.85303,-83.65534,1074.7,3,0,0,-172,0x03,32,2,14,8,-80,-85,73.49,-4.273,76.459,23.239,100%,3.797,4.041,3813,3289,0,3288,0,,0.00000,0.00000,0.0,0,0.0,-50,-16.8
J.Herter_T1,2026-02-28,12:24:12.821,39.85319,-83.65551,1095.9,39.85303,-83.65535,1074.7,3,0,0,-39,0x03,32,2,14,7,-76,-84,73.45,-4.355,76.449,36.814,100%,3.797,4.043,3814,3290,0,3289,0,,0.00000,0.00000,0.0,0,0.0,-50,-16.8
J.Herter_T1,2026-02-28,12:24:13.811,39.85321,-83.65553,1095.8,39.85303,-83.65535,1074.6,3,0,0,155,0x03,32,2,14,7,-80,-80,80.75,-4.402,83.496,25.535,100%,3.778,4.043,3815,3291,0,3290,0,,0.00000,0.00000,0.0,0,0.0,-50,-16.8
J.Herter_T1,2026-02-28,12:24:14.833,39.85321,-83.65553,1095.8,39.85303,-83.65535,1074.5,3,0,0,172,0x03,32,2,14,7,-81,-87,80.70,-4.503,83.472,22.744,100%,3.778,4.038,3816,3292,0,3291,0,,0.00000,0.00000,0.0,0,0.0,-50,-16.8
J.Herter_T1,2026-02-28,12:24:15.821,39.85321,-83.65553,1095.8,39.85303,-83.65535,1074.4,3,0,0,-20,0x03,32,2,14,7,-72,-84,80.68,-4.556,83.469,64.087,100%,3.799,4.037,3817,3293,0,3292,0,,0.00000,0.00000,0.0,0,0.0,-50,-16.8
J.Herter_T1,2026-02-28,12:24:16.811,39.85323,-83.65553,1095.1,39.85303,-83.65535,1074.4,3,0,0,81,0x03,32,2,14,7,-77,-79,89.48,-3.893,91.850,39.969,100%,3.799,4.039,3818,3294,0,3293,0,,0.00000,0.00000,0.0,0,0.0,-50,-16.8
J.Herter_T1,2026-02-28,12:24:17.830,39.85323,-83.65553,1095.1,39.85303,-83.65535,1074.3,3,0,0,168,0x03,32,2,14,7,-80,-81,89.48,-3.991,91.873,28.296,100%,3.797,4.042,3819,3295,0,3294,0,,0.00000,0.00000,0.0,0,0.0,-50,-16.8
J.Herter_T1,2026-02-28,12:24:19.841,39.85324,-83.65556,1095.1,39.85303,-83.65535,1074.1,3,0,0,-153,0x03,32,2,14,7,-87,-89,96.78,-4.109,99.020,13.670,94%,3.796,4.040,3821,3296,0,3295,0,,0.00000,0.00000,0.0,0,0.0,-50,-16.8
J.Herter_T1,2026-02-28,12:24:20.831,39.85326,-83.65556,1093.8,39.85303,-83.65535,1074.2,3,0,0,-38,0x03,32,2,14,7,-72,-96,105.48,-2.842,107.301,83.786,94%,3.796,4.041,3822,3297,0,3296,0,,0.00000,0.00000,0.0,0,0.0,-50,-16.8
J.Herter_T1,2026-02-28,12:24:21.821,39.85326,-83.65556,1093.8,39.85303,-83.65535,1074.1,3,0,0,128,0x03,32,2,14,7,-67,-77,105.48,-2.872,107.306,148.996,94%,3.796,4.042,3823,3298,0,3297,0,,0.00000,0.00000,0.0,0,0.0,-50,-16.8
J.Herter_T1,2026-02-28,12:24:22.839,39.85329,-83.65558,1094.0,39.85303,-83.65535,1074.1,3,0,0,-133,0x03,32,2,14,7,-68,-72,113.48,-3.070,115.210,142.859,94%,3.777,4.040,3824,3299,0,3298,0,,0.00000,0.00000,0.0,0,0.0,-50,-16.8
J.Herter_T1,2026-02-28,12:24:23.830,39.85329,-83.65558,1094.0,39.85303,-83.65535,1074.1,3,0,0,-29,0x03,32,2,14,7,-66,-77,113.49,-3.073,115.226,179.874,94%,3.777,4.042,3825,3300,0,3299,0,,0.00000,0.00000,0.0,0,0.0,-50,-16.8
J.Herter_T1,2026-02-28,12:24:24.821,39.85331,-83.65559,1094.1,39.85303,-83.65535,1074.1,3,0,0,123,0x03,32,2,14,7,-65,-75,120.99,-3.212,122.636,215.147,94%,3.798,4.042,3826,3301,0,3300,0,,0.00000,0.00000,0.0,0,0.0,-50,-16.8
J.Herter_T1,2026-02-28,12:24:25.810,39.85331,-83.65559,1094.1,39.85303,-83.65535,1074.0,3,0,0,-1,0x03,32,2,14,7,-67,-72,121.03,-3.317,122.699,170.964,94%,3.798,4.042,3827,3302,0,3301,0,,0.00000,0.00000,0.0,0,0.0,-50,-16.8
J.Herter_T1,2026-02-28,12:24:26.800,39.85332,-83.65560,1094.3,39.85303,-83.65535,1074.0,3,0,0,-167,0x03,32,2,14,7,-70,-75,129.10,-3.507,130.698,129.105,94%,3.796,4.041,3828,3303,0,3302,0,,0.00000,0.00000,0.0,0,0.0,-50,-16.8
J.Herter_T1,2026-02-28,12:24:27.821,39.85332,-83.65560,1094.3,39.85303,-83.65535,1074.0,3,0,0,-71,0x03,32,2,14,7,-70,-79,129.12,-3.503,130.712,129.120,94%,3.796,4.042,3829,3304,0,3303,0,,0.00000,0.00000,0.0,0,0.0,-50,-16.8
J.Herter_T1,2026-02-28,12:24:28.810,39.85332,-83.65560,1094.3,39.85303,-83.65534,1074.0,3,0,0,-111,0x03,32,2,14,7,-69,-78,129.17,-3.477,130.754,144.928,94%,3.797,4.042,3830,3305,0,3304,0,,0.00000,0.00000,0.0,0,0.0,-50,-16.8
J.Herter_T1,2026-02-28,12:24:29.830,39.85335,-83.65561,1094.2,39.85303,-83.65534,1074.0,3,0,0,35,0x03,32,2,14,7,-67,-75,138.39,-3.393,139.863,195.484,96%,3.797,4.041,3831,3306,0,3305,0,,0.00000,0.00000,0.0,0,0.0,-50,-16.8
J.Herter_T1,2026-02-28,12:24:30.837,39.85335,-83.65561,1094.2,39.85303,-83.65534,1074.0,3,0,0,147,0x03,32,2,14,7,-71,-74,138.44,-3.363,139.903,123.382,96%,3.797,4.040,3832,3307,0,3306,0,,0.00000,0.00000,0.0,0,0.0,-50,-16.8
J.Herter_T1,2026-02-28,12:24:31.810,39.85337,-83.65562,1093.6,39.85303,-83.65534,1074.1,3,0,0,42,0x03,32,2,14,7,-72,-78,146.90,-2.661,148.189,116.687,96%,3.800,4.040,3833,3308,0,3307,0,,0.00000,0.00000,0.0,0,0.0,-50,-16.8
J.Herter_T1,2026-02-28,12:24:32.830,39.85337,-83.65562,1093.6,39.85303,-83.65534,1074.1,3,0,0,-111,0x03,32,2,14,7,-74,-79,146.93,-2.592,148.210,92.707,96%,3.800,4.038,3834,3309,0,3308,0,,0.00000,0.00000,0.0,0,0.0,-50,-16.8
J.Herter_T1,2026-02-28,12:24:33.821,39.85339,-83.65564,1093.1,39.85303,-83.65534,1074.2,3,0,0,180,0x03,32,2,13,8,-74,-82,154.87,-2.039,156.012,97.714,96%,3.796,4.043,3835,3310,0,3309,0,,0.00000,0.00000,0.0,0,0.0,-50,-16.8
J.Herter_T1,2026-02-28,12:24:34.810,39.85339,-83.65564,1093.1,39.85303,-83.65534,1074.3,3,0,0,9,0x03,32,2,14,7,-75,-83,154.90,-1.957,156.031,87.104,96%,3.796,4.040,3836,3311,0,3310,0,,0.00000,0.00000,0.0,0,0.0,-50,-16.8
J.Herter_T1,2026-02-28,12:24:35.830,39.85341,-83.65565,1093.0,39.85303,-83.65534,1074.4,3,0,0,-164,0x03,32,2,13,8,-72,-80,163.48,-1.794,164.542,129.860,96%,3.797,4.041,3837,3312,0,3311,0,,0.00000,0.00000,0.0,0,0.0,-50,-16.8
J.Herter_T1,2026-02-28,12:24:36.820,39.85341,-83.65565,1093.0,39.85303,-83.65534,1074.5,3,0,0,-27,0x03,32,2,13,8,-79,-80,163.51,-1.729,164.564,58.017,96%,3.797,4.040,3838,3313,0,3312,0,,0.00000,0.00000,0.0,0,0.0,-50,-16.8
J.Herter_T1,2026-02-28,12:24:37.811,39.85343,-83.65566,1090.9,39.85303,-83.65534,1074.6,3,0,0,-90,0x03,32,2,13,8,-76,-95,172.12,0.551,172.889,86.265,96%,3.797,4.042,3839,3314,0,3313,0,,0.00000,0.00000,0.0,0,0.0,-50,-16.8
J.Herter_T1,2026-02-28,12:24:38.830,39.85343,-83.65566,1090.9,39.85303,-83.65534,1074.7,3,0,0,-168,0x03,32,2,13,8,-71,-82,172.15,0.601,172.914,153.428,100%,3.771,4.041,3840,3315,0,3314,0,,0.00000,0.00000,0.0,0,0.0,-50,-16.8
J.Herter_T1,2026-02-28,12:24:39.820,39.85345,-83.65568,1090.4,39.85303,-83.65534,1074.8,3,0,0,11,0x03,32,2,12,9,-74,-78,181.06,1.170,181.733,114.239,100%,3.771,4.040,3841,3316,0,3315,0,,0.00000,0.00000,0.0,0,0.0,-50,-16.8
J.Herter_T1,2026-02-28,12:24:40.811,39.85345,-83.65568,1090.4,39.85303,-83.65534,1075.0,3,0,0,-150,0x03,32,2,12,9,-74,-80,181.07,1.367,181.731,114.248,100%,3.797,4.038,3842,3317,0,3316,0,,0.00000,0.00000,0.0,0,0.0,-50,-16.8
J.Herter_T1,2026-02-28,12:24:41.831,39.85348,-83.65569,1090.6,39.85303,-83.65534,1075.1,3,0,0,27,0x03,32,2,12,9,-80,-81,191.03,1.327,191.663,60.410,100%,3.797,4.041,3843,3318,0,3317,0,,0.00000,0.00000,0.0,0,0.0,-50,-16.8
J.Herter_T1,2026-02-28,12:24:42.821,39.85348,-83.65569,1090.6,39.85303,-83.65534,1075.2,3,0,0,-11,0x03,32,2,12,9,-78,-81,191.03,1.428,191.655,76.052,100%,3.796,4.040,3844,3319,0,3318,0,,0.00000,0.00000,0.0,0,0.0,-50,-16.8
J.Herter_T1,2026-02-28,12:24:43.811,39.85350,-83.65570,1091.5,39.85303,-83.65534,1075.3,3,0,0,-155,0x03,32,2,12,9,-79,-88,199.17,0.672,199.824,70.668,100%,3.796,4.042,3845,3320,0,3319,0,,0.00000,0.00000,0.0,0,0.0,-50,-16.8
J.Herter_T1,2026-02-28,12:24:44.833,39.85350,-83.65570,1091.5,39.85303,-83.65534,1075.4,3,0,0,-21,0x03,32,2,12,9,-69,-83,199.17,0.817,199.812,223.471,100%,3.796,4.042,3846,3321,0,3320,0,,0.00000,0.00000,0.0,0,0.0,-50,-16.8
J.Herter_T1,2026-02-28,12:24:45.820,39.85353,-83.65570,1091.3,39.85303,-83.65534,1075.5,0,0,0,-123,0x03,28,2,12,9,-71,-77,207.13,1.081,207.728,184.604,100%,3.776,4.042,3847,3322,0,3321,0,,0.00000,0.00000,0.0,0,0.0,-50,-16.8
J.Herter_T1,2026-02-28,12:24:46.811,39.85353,-83.65570,1091.3,39.85303,-83.65534,1075.6,3,0,0,120,0x03,32,2,12,9,-82,-79,207.14,1.199,207.732,52.032,100%,3.776,4.042,3848,3323,0,3322,0,,0.00000,0.00000,0.0,0,0.0,-50,-16.8
J.Herter_T1,2026-02-28,12:24:47.830,39.85355,-83.65572,1090.3,39.85303,-83.65534,1075.8,3,0,0,-126,0x03,32,2,12,9,-82,-89,215.76,2.254,216.250,54.196,100%,3.797,4.042,3849,3324,0,3323,0,,0.00000,0.00000,0.0,0,0.0,-50,-16.8
J.Herter_T1,2026-02-28,12:24:48.820,39.85355,-83.65572,1090.3,39.85303,-83.65534,1075.8,3,0,0,-166,0x03,32,2,11,10,-83,-86,215.76,2.349,216.243,48.302,100%,3.797,4.041,3850,3325,0,3324,0,,0.00000,0.00000,0.0,0,0.0,-50,-16.8
J.Herter_T1,2026-02-28,12:24:49.810,39.85357,-83.65572,1091.0,39.85303,-83.65534,1075.9,3,0,0,117,0x03,32,2,11,10,-83,-94,224.36,1.786,224.867,50.229,100%,3.796,4.043,3851,3326,0,3325,0,,0.00000,0.00000,0.0,0,0.0,-50,-16.8
J.Herter_T1,2026-02-28,12:24:50.802,39.85357,-83.65572,1091.0,39.85303,-83.65534,1076.1,3,0,0,160,0x03,32,2,11,10,-79,-85,224.38,1.894,224.873,79.612,100%,3.796,4.041,3852,3327,0,3326,0,,0.00000,0.00000,0.0,0,0.0,-50,-16.8
J.Herter_T1,2026-02-28,12:24:51.886,39.85360,-83.65573,1092.1,39.85303,-83.65534,1076.1,3,0,0,-55,0x03,32,2,11,10,-74,-82,233.21,0.849,233.761,147.148,100%,3.796,4.043,3853,3328,0,3327,0,,0.00000,0.00000,0.0,0,0.0,-50,-16.8
J.Herter_T1,2026-02-28,12:24:52.811,39.85360,-83.65573,1092.1,39.85303,-83.65534,1076.1,3,0,0,0,0x03,32,2,11,10,-68,-80,233.23,0.875,233.772,293.614,100%,3.776,4.040,3854,3329,0,3328,0,,0.00000,0.00000,0.0,0,0.0,-50,-16.8
J.Herter_T1,2026-02-28,12:24:53.831,39.85361,-83.65574,1092.7,39.85303,-83.65534,1076.2,3,0,0,-95,0x03,32,2,11,10,-69,-78,240.52,0.246,241.092,269.868,100%,3.776,4.043,3855,3330,0,3329,0,,0.00000,0.00000,0.0,0,0.0,-50,-16.8
J.Herter_T1,2026-02-28,12:24:54.822,39.85361,-83.65574,1092.7,39.85303,-83.65534,1076.1,3,0,0,22,0x03,32,2,11,10,-71,-76,240.51,0.223,241.080,214.352,100%,3.776,4.043,3856,3331,0,3330,0,,0.00000,0.00000,0.0,0,0.0,-50,-16.8
J.Herter_T1,2026-02-28,12:24:55.811,39.85364,-83.65575,1092.1,39.85303,-83.65534,1076.2,3,0,0,-155,0x03,32,2,12,9,-78,-77,249.48,0.925,249.991,99.321,100%,3.776,4.041,3857,3332,0,3331,0,,0.00000,0.00000,0.0,0,0.0,-50,-16.8
J.Herter_T1,2026-02-28,12:24:56.830,39.85364,-83.65575,1092.1,39.85303,-83.65534,1076.3,3,0,0,156,0x03,32,2,12,10,-79,-83,249.46,1.000,249.960,88.511,100%,3.795,4.040,3858,3333,0,3332,0,,0.00000,0.00000,0.0,0,0.0,-50,-16.8
J.Herter_T1,2026-02-28,12:24:57.822,39.85366,-83.65576,1092.2,39.85303,-83.65534,1076.3,3,0,0,165,0x03,32,2,12,10,-81,-84,256.75,0.986,257.243,72.363,100%,3.795,4.043,3859,3334,0,3333,0,,0.00000,0.00000,0.0,0,0.0,-50,-16.8
J.Herter_T1,2026-02-28,12:24:58.812,39.85366,-83.65576,1092.2,39.85303,-83.65534,1076.4,3,0,0,-52,0x03,32,2,13,9,-80,-97,256.72,1.022,257.203,81.181,100%,3.796,4.040,3860,3335,0,3334,0,,0.00000,0.00000,0.0,0,0.0,-50,-16.8
J.Herter_T1,2026-02-28,12:24:59.831,39.85368,-83.65577,1090.2,39.85303,-83.65534,1076.3,3,0,0,68,0x03,32,2,12,10,-92,-86,265.50,2.953,265.863,21.089,100%,3.796,4.043,3861,3336,0,3335,0,,0.00000,0.00000,0.0,0,0.0,-50,-16.8
J.Herter_T1,2026-02-28,12:25:00.821,39.85368,-83.65577,1090.2,39.85303,-83.65534,1076.3,3,0,0,-26,0x03,32,2,13,9,-92,-92,265.46,2.959,265.825,21.086,100%,3.791,4.041,3862,3337,0,3336,0,,0.00000,0.00000,0.0,0,0.0,-50,-16.8
J.Herter_T1,2026-02-28,12:25:01.809,39.85370,-83.65578,1089.8,39.85303,-83.65534,1076.4,3,0,0,50,0x03,32,2,13,8,-93,-96,274.52,3.395,274.853,19.435,100%,3.791,4.042,3863,3338,0,3337,0,,0.00000,0.00000,0.0,0,0.0,-50,-16.8
J.Herter_T1,2026-02-28,12:25:02.831,39.85370,-83.65578,1089.8,39.85303,-83.65534,1076.4,3,0,0,-25,0x03,32,2,13,8,-87,-95,274.49,3.401,274.815,38.772,100%,3.791,4.041,3864,3339,0,3338,0,,0.00000,0.00000,0.0,0,0.0,-50,-16.8
J.Herter_T1,2026-02-28,12:25:03.821,39.85373,-83.65579,1089.7,39.85303,-83.65534,1076.5,3,0,0,118,0x03,32,2,13,7,-86,-92,283.09,3.701,283.399,44.868,100%,3.791,4.041,3865,3340,0,3339,0,,0.00000,0.00000,0.0,0,0.0,-50,-16.8
J.Herter_T1,2026-02-28,12:25:04.811,39.85373,-83.65579,1089.7,39.85303,-83.65534,1076.6,3,0,0,-26,0x03,32,2,13,7,-85,-93,283.07,3.770,283.372,50.338,100%,3.791,4.041,3866,3341,0,3340,0,,0.00000,0.00000,0.0,0,0.0,-50,-16.8
J.Herter_T1,2026-02-28,12:25:05.860,39.85375,-83.65581,1088.6,39.85303,-83.65535,1076.6,3,0,0,-25,0x03,32,2,13,7,-82,-91,292.34,4.893,292.583,73.432,100%,3.803,4.043,3867,3342,0,3341,0,,0.00000,0.00000,0.0,0,0.0,-50,-16.8
J.Herter_T1,2026-02-28,12:25:06.820,39.85375,-83.65581,1088.6,39.85303,-83.65535,1076.6,3,0,0,7,0x03,32,2,13,8,-84,-87,292.31,4.910,292.558,58.324,100%,3.803,4.041,3868,3343,0,3342,0,,0.00000,0.00000,0.0,0,0.0,-50,-16.8
J.Herter_T1,2026-02-28,12:25:07.810,39.85377,-83.65582,1090.4,39.85303,-83.65535,1076.7,3,0,0,156,0x03,32,2,13,8,-84,-89,301.07,3.071,301.382,60.071,100%,3.797,4.043,3869,3344,0,3343,0,,0.00000,0.00000,0.0,0,0.0,-50,-16.8
J.Herter_T1,2026-02-28,12:25:08.831,39.85377,-83.65582,1090.4,39.85303,-83.65535,1076.8,3,0,0,-155,0x03,32,2,13,8,-88,-89,301.04,3.169,301.352,37.899,100%,3.797,4.041,3870,3345,0,3344,0,,0.00000,0.00000,0.0,0,0.0,-50,-16.8
J.Herter_T1,2026-02-28,12:25:09.820,39.85379,-83.65584,1089.5,39.85303,-83.65535,1076.8,3,0,0,-21,0x03,32,2,13,8,-88,-95,310.08,4.098,310.340,39.037,100%,3.797,4.041,3871,3346,0,3345,0,,0.00000,0.00000,0.0,0,0.0,-50,-16.8
J.Herter_T1,2026-02-28,12:25:10.811,39.85379,-83.65584,1089.5,39.85303,-83.65535,1076.9,3,0,0,35,0x03,32,2,13,8,-88,-94,310.07,4.239,310.321,39.035,100%,3.797,4.041,3872,3347,0,3346,0,,0.00000,0.00000,0.0,0,0.0,-50,-16.8
J.Herter_T1,2026-02-28,12:25:11.831,39.85381,-83.65585,1089.5,39.85303,-83.65535,1077.1,3,0,0,43,0x03,32,2,14,7,-97,-95,319.70,4.414,319.938,14.280,100%,3.797,4.042,3873,3348,0,3347,0,,0.00000,0.00000,0.0,0,0.0,-50,-16.8
J.Herter_T1,2026-02-28,12:25:12.821,39.85381,-83.65585,1089.5,39.85303,-83.65535,1077.3,3,0,0,114,0x03,32,2,14,7,-100,-102,319.68,4.601,319.919,10.109,100%,3.792,4.042,3874,3349,0,3348,0,,0.00000,0.00000,0.0,0,0.0,-50,-16.8
J.Herter_T1,2026-02-28,12:25:13.811,39.85384,-83.65587,1089.4,39.85303,-83.65535,1077.5,3,0,0,51,0x03,32,2,14,7,-96,-104,328.10,4.920,328.313,16.444,100%,3.792,4.043,3875,3350,0,3349,0,,0.00000,0.00000,0.0,0,0.0,-50,-16.8
J.Herter_T1,2026-02-28,12:25:14.829,39.85384,-83.65587,1089.4,39.85303,-83.65535,1077.7,3,0,0,-36,0x03,32,2,14,7,-87,-99,328.10,5.080,328.308,46.345,100%,3.792,4.042,3876,3351,0,3350,0,,0.00000,0.00000,0.0,0,0.0,-50,-16.8
J.Herter_T1,2026-02-28,12:25:15.821,39.85385,-83.65588,1090.5,39.85303,-83.65535,1077.9,3,0,0,-156,0x03,32,2,14,7,-83,-92,334.82,4.311,335.055,74.957,100%,3.792,4.042,3877,3352,0,3351,0,,0.00000,0.00000,0.0,0,0.0,-50,-16.8
J.Herter_T1,2026-02-28,12:25:16.811,39.85385,-83.65588,1090.5,39.85303,-83.65535,1078.2,3,0,0,-28,0x03,32,2,14,7,-94,-97,334.80,4.583,335.020,21.124,100%,3.798,4.041,3878,3353,0,3352,0,,0.00000,0.00000,0.0,0,0.0,-50,-16.8
J.Herter_T1,2026-02-28,12:25:17.832,39.85387,-83.65590,1092.0,39.85303,-83.65535,1078.4,3,0,0,9,0x03,32,2,14,7,-93,-95,343.48,3.298,343.749,24.317,100%,3.798,4.043,3879,3354,0,3353,0,,0.00000,0.00000,0.0,0,0.0,-50,-16.8
J.Herter_T1,2026-02-28,12:25:18.821,39.85387,-83.65590,1092.0,39.85303,-83.65535,1078.7,3,0,0,116,0x03,31,2,14,7,-88,-95,343.47,3.544,343.726,43.240,100%,3.798,4.040,3880,3355,0,3354,0,,0.00000,0.00000,0.0,0,0.0,-50,-16.8
J.Herter_T1,2026-02-28,12:25:19.810,39.85387,-83.65590,1092.0,39.85303,-83.65535,1079.0,3,0,0,53,0x03,31,2,14,7,-89,-92,343.47,3.806,343.716,38.538,100%,3.777,4.043,3881,3356,0,3355,0,,0.00000,0.00000,0.0,0,0.0,-50,-16.8
J.Herter_T1,2026-02-28,12:25:20.831,39.85387,-83.65590,1092.0,39.85303,-83.65535,1079.2,3,0,0,0,0x03,31,2,14,6,-88,-92,343.46,4.023,343.696,43.239,100%,3.777,4.040,3882,3357,0,3356,0,,0.00000,0.00000,0.0,0,0.0,-50,-16.8
J.Herter_T1,2026-02-28,12:25:21.821,39.85387,-83.65590,1092.0,39.85303,-83.65535,1079.4,3,0,0,-90,0x03,32,2,14,7,-93,-94,343.44,4.233,343.675,24.314,100%,3.794,4.042,3883,3358,0,3357,0,,0.00000,0.00000,0.0,0,0.0,-50,-16.8
J.Herter_T1,2026-02-28,12:25:22.811,39.85387,-83.65590,1092.0,39.85303,-83.65535,1079.6,3,0,0,156,0x03,32,2,14,7,-89,-98,343.43,4.407,343.656,38.534,100%,3.794,4.039,3884,3359,0,3358,0,,0.00000,0.00000,0.0,0,0.0,-50,-16.8
J.Herter_T1,2026-02-28,12:25:23.832,39.85387,-83.65590,1092.0,39.85303,-83.65535,1079.7,3,0,0,45,0x03,32,2,14,7,-89,-95,343.43,4.581,343.650,38.534,100%,3.786,4.043,3885,3360,0,3359,0,,0.00000,0.00000,0.0,0,0.0,-50,-16.8
J.Herter_T1,2026-02-28,12:25:24.821,39.85387,-83.65590,1092.0,39.85303,-83.65535,1079.9,3,0,0,180,0x03,32,2,14,7,-92,-95,343.42,4.800,343.630,27.279,100%,3.786,4.040,3886,3361,0,3360,0,,0.00000,0.00000,0.0,0,0.0,-50,-16.8
J.Herter_T1,2026-02-28,12:25:25.810,39.85387,-83.65590,1092.0,39.85303,-83.65535,1080.2,3,0,0,-24,0x03,32,2,14,7,-93,-97,343.41,5.007,343.610,24.311,100%,3.794,4.041,3887,3362,0,3361,0,,0.00000,0.00000,0.0,0,0.0,-50,-16.8
J.Herter_T1,2026-02-28,12:25:26.831,39.85387,-83.65590,1092.0,39.85303,-83.65535,1080.4,3,0,0,-154,0x03,31,2,14,7,-101,-99,343.39,5.292,343.588,9.678,100%,3.794,4.040,3888,3363,0,3362,0,,0.00000,0.00000,0.0,0,0.0,-50,-16.8
J.Herter_T1,2026-02-28,12:25:27.819,39.85387,-83.65590,1092.0,39.85303,-83.65535,1080.8,3,0,0,-133,0x03,31,2,14,7,-96,-106,343.37,5.627,343.552,17.209,100%,3.794,4.040,3889,3364,0,3363,0,,0.00000,0.00000,0.0,0,0.0,-50,-16.8
J.Herter_T1,2026-02-28,12:25:28.811,39.85387,-83.65590,1092.0,39.85303,-83.65535,1081.2,3,0,0,38,0x03,32,2,14,7,-104,-102,343.34,6.093,343.512,6.851,100%,3.794,4.040,3890,3365,0,3364,0,,0.00000,0.00000,0.0,0,0.0,-50,-16.8
J.Herter_T1,2026-02-28,12:25:29.831,39.85387,-83.65590,1092.0,39.85303,-83.65535,1081.5,3,0,0,154,0x03,32,2,14,7,-94,-104,343.32,6.395,343.477,21.662,100%,3.794,4.041,3891,3366,0,3365,0,,0.00000,0.00000,0.0,0,0.0,-50,-16.8
J.Herter_T1,2026-02-28,12:25:30.820,39.85387,-83.65590,1092.0,39.85303,-83.65535,1081.9,3,0,0,27,0x03,31,2,14,7,-86,-95,343.29,6.756,343.442,54.408,100%,3.794,4.040,3892,3367,0,3366,0,,0.00000,0.00000,0.0,0,0.0,-50,-16.8
J.Herter_T1,2026-02-28,12:25:31.810,39.85387,-83.65590,1092.0,39.85303,-83.65535,1082.2,3,0,0,130,0x03,31,2,15,6,-83,-93,343.27,7.035,343.409,76.848,100%,3.794,4.042,3893,3368,0,3367,0,,0.00000,0.00000,0.0,0,0.0,-50,-16.8
J.Herter_T1,2026-02-28,12:25:32.801,39.85387,-83.65590,1092.0,39.85303,-83.65535,1082.5,3,0,0,132,0x03,31,2,15,6,-93,-89,343.26,7.330,343.388,24.301,100%,3.797,4.041,3894,3369,0,3368,0,,0.00000,0.00000,0.0,0,0.0,-50,-16.8
J.Herter_T1,2026-02-28,12:25:33.820,39.85387,-83.65590,1092.0,39.85303,-83.65535,1082.8,3,0,0,65,0x03,32,2,14,7,-84,-95,343.22,7.674,343.341,68.481,100%,3.797,4.042,3895,3370,0,3369,0,,0.00000,0.00000,0.0,0,0.0,-50,-16.8
J.Herter_T1,2026-02-28,12:25:34.809,39.85387,-83.65590,1092.0,39.85303,-83.65535,1083.2,3,0,0,-33,0x03,32,2,15,6,-84,-89,343.19,8.025,343.307,68.476,100%,3.796,4.040,3896,3371,0,3370,0,,0.00000,0.00000,0.0,0,0.0,-50,-16.8
J.Herter_T1,2026-02-28,12:25:35.799,39.85387,-83.65590,1092.0,39.85303,-83.65535,1083.4,3,0,0,51,0x03,31,2,15,6,-86,-89,343.17,8.301,343.275,54.389,100%,3.796,4.040,3897,3372,0,3371,0,,0.00000,0.00000,0.0,0,0.0,-50,-16.8
J.Herter_T1,2026-02-28,12:25:36.820,39.85387,-83.65590,1092.0,39.85303,-83.65535,1083.9,3,0,0,180,0x03,31,2,15,6,-84,-93,343.14,8.718,343.240,68.466,100%,3.796,4.040,3898,3373,0,3372,0,,0.00000,0.00000,0.0,0,0.0,-50,-16.8
J.Herter_T1,2026-02-28,12:25:37.810,39.85387,-83.65590,1092.0,39.85303,-83.65535,1084.2,3,0,0,-8,0x03,31,2,15,6,-85,-89,343.11,9.082,343.194,61.014,100%,3.774,4.040,3899,3374,0,3373,0,,0.00000,0.00000,0.0,0,0.0,-50,-16.8
J.Herter_T1,2026-02-28,12:25:38.830,39.85387,-83.65590,1092.0,39.85303,-83.65535,1084.7,3,0,0,-66,0x03,32,2,15,6,-86,-91,343.08,9.508,343.159,54.375,100%,3.774,4.039,3900,3375,0,3374,0,,0.00000,0.00000,0.0,0,0.0,-50,-16.8
J.Herter_T1,2026-02-28,12:25:39.819,39.85387,-83.65590,1092.0,39.85303,-83.65535,1085.0,3,0,0,143,0x03,32,2,15,6,-84,-92,343.06,9.899,343.126,68.449,100%,3.795,4.041,3901,3376,0,3375,0,,0.00000,0.00000,0.0,0,0.0,-50,-16.8
J.Herter_T1,2026-02-28,12:25:40.811,39.85387,-83.65590,1092.0,39.85303,-83.65535,1085.5,3,0,0,-122,0x03,32,2,15,6,-87,-91,343.04,10.345,343.105,48.456,100%,3.795,4.039,3902,3377,0,3376,0,,0.00000,0.00000,0.0,0,0.0,-50,-16.8
J.Herter_T1,2026-02-28,12:25:41.801,39.85387,-83.65590,1092.0,39.85303,-83.65535,1085.9,3,0,0,106,0x03,31,2,15,6,-86,-93,343.02,10.722,343.073,54.365,100%,3.791,4.042,3903,3378,0,3377,0,,0.00000,0.00000,0.0,0,0.0,-50,-16.8
J.Herter_T1,2026-02-28,12:25:42.821,39.85387,-83.65590,1092.0,39.85303,-83.65535,1086.1,3,0,0,173,0x03,31,2,15,6,-94,-92,343.01,11.004,343.056,21.642,100%,3.791,4.042,3904,3379,0,3378,0,,0.00000,0.00000,0.0,0,0.0,-50,-16.8
J.Herter_T1,2026-02-28,12:25:43.811,39.85387,-83.65590,1092.0,39.85303,-83.65535,1086.5,3,0,0,164,0x03,32,2,15,6,-89,-92,342.99,11.319,343.038,38.485,100%,3.793,4.039,3905,3380,0,3379,0,,0.00000,0.00000,0.0,0,0.0,-50,-16.8
J.Herter_T1,2026-02-28,12:25:44.831,39.85387,-83.65590,1092.0,39.85303,-83.65535,1087.0,3,0,0,153,0x03,32,2,15,7,-94,-96,342.97,11.818,343.005,21.640,100%,3.793,4.040,3906,3381,0,3380,0,,0.00000,0.00000,0.0,0,0.0,-50,-16.8
J.Herter_T1,2026-02-28,12:25:45.820,39.85387,-83.65590,1092.0,39.85303,-83.65535,1087.4,3,0,0,143,0x03,31,2,15,6,-88,-99,342.93,12.254,342.962,43.172,100%,3.793,4.039,3907,3382,0,3381,0,,0.00000,0.00000,0.0,0,0.0,-50,-16.8
J.Herter_T1,2026-02-28,12:25:46.810,39.85387,-83.65590,1092.0,39.85303,-83.65535,1087.7,3,0,0,-152,0x03,32,2,15,6,-96,-95,342.88,12.599,342.907,17.185,100%,3.776,4.041,3908,3383,0,3382,0,,0.00000,0.00000,0.0,0,0.0,-50,-16.8
J.Herter_T1,2026-02-28,12:25:47.831,39.85387,-83.65590,1092.0,39.85303,-83.65535,1088.2,3,0,0,-7,0x03,32,2,15,6,-99,-99,342.86,13.094,342.877,12.165,100%,3.776,4.040,3909,3384,0,3383,0,,0.00000,0.00000,0.0,0,0.0,-50,-16.8
J.Herter_T1,2026-02-28,12:25:48.820,39.85387,-83.65590,1092.0,39.85303,-83.65535,1088.7,3,0,0,176,0x03,32,3,15,5,-96,-103,342.82,13.600,342.834,17.182,100%,3.796,4.039,3910,3385,0,3384,0,,0.00000,0.00000,0.0,0,0.0,-50,-16.8
J.Herter_T1,2026-02-28,12:25:49.810,39.85387,-83.65590,1092.0,39.85303,-83.65535,1089.2,3,0,0,29,0x03,31,3,16,4,-91,-100,342.79,14.088,342.805,30.552,100%,3.796,4.040,3911,3386,0,3385,0,,0.00000,0.00000,0.0,0,0.0,-50,-16.8
J.Herter_T1,2026-02-28,12:25:50.830,39.85387,-83.65590,1092.0,39.85303,-83.65536,1089.7,3,0,0,149,0x03,32,3,16,4,-86,-100,342.74,14.604,342.751,54.321,100%,3.790,4.041,3912,3387,0,3386,0,,0.00000,0.00000,0.0,0,0.0,-50,-16.8
J.Herter_T1,2026-02-28,12:25:51.820,39.85387,-83.65590,1092.0,39.85303,-83.65536,1090.3,3,0,0,-117,0x03,31,3,16,4,-91,-94,342.71,15.115,342.711,30.544,100%,3.790,4.040,3913,3388,0,3387,0,,0.00000,0.00000,0.0,0,0.0,-50,-16.8
J.Herter_T1,2026-02-28,12:25:52.810,39.85387,-83.65590,1092.0,39.85303,-83.65536,1090.7,3,0,0,53,0x03,31,3,16,4,-93,-96,342.68,15.535,342.684,24.260,100%,3.796,4.037,3914,3389,0,3388,0,,0.00000,0.00000,0.0,0,0.0,-50,-16.8
J.Herter_T1,2026-02-28,12:25:53.831,39.85387,-83.65590,1092.0,39.85303,-83.65536,1091.1,3,0,0,66,0x03,31,3,16,4,-97,-97,342.64,15.942,342.646,15.305,100%,3.796,4.037,3915,3390,0,3389,0,,0.00000,0.00000,0.0,0,0.0,-50,-16.8
J.Herter_T1,2026-02-28,12:25:54.820,39.85387,-83.65590,1092.0,39.85303,-83.65536,1091.5,3,0,0,90,0x03,32,3,16,4,-89,-102,342.63,16.313,342.633,38.444,100%,3.796,4.036,3916,3391,0,3390,0,,0.00000,0.00000,0.0,0,0.0,-50,-16.8
J.Herter_T1,2026-02-28,12:25:55.811,39.85387,-83.65590,1092.0,39.85303,-83.65536,1091.8,3,0,0,140,0x03,31,3,16,4,-87,-95,342.61,16.628,342.607,48.395,100%,3.775,4.036,3917,3392,0,3391,0,,0.00000,0.00000,0.0,0,0.0,-50,-16.8
J.Herter_T1,2026-02-28,12:25:56.831,39.85387,-83.65590,1092.0,39.85303,-83.65536,1092.0,3,0,0,-156,0x03,31,3,15,5,-89,-93,342.57,16.900,342.570,38.437,100%,3.775,4.037,3918,3393,0,3392,0,,0.00000,0.00000,0.0,0,0.0,-50,-16.8
J.Herter_T1,2026-02-28,12:25:57.821,39.85387,-83.65590,1092.0,39.85303,-83.65536,1092.2,3,0,0,0,0x03,31,3,16,4,-91,-95,342.55,17.087,342.545,30.529,100%,3.792,4.044,3919,3394,0,3393,0,,0.00000,0.00000,0.0,0,0.0,-50,-16.8
J.Herter_T1,2026-02-28,12:25:58.810,39.85387,-83.65590,1092.0,39.85303,-83.65536,1092.4,3,0,0,173,0x03,32,3,16,4,-99,-95,342.53,17.258,342.533,12.154,100%,3.792,4.038,3920,3395,0,3394,0,,0.00000,0.00000,0.0,0,0.0,-50,-16.8
J.Herter_T1,2026-02-28,12:25:59.833,39.85387,-83.65590,1092.0,39.85303,-83.65536,1092.6,3,0,0,-165,0x03,31,3,16,4,-102,-102,342.50,17.412,342.496,8.603,100%,3.795,4.037,3921,3396,0,3395,0,,0.00000,0.00000,0.0,0,0.0,-50,-16.8
J.Herter_T1,2026-02-28,12:26:00.822,39.85387,-83.65590,1092.0,39.85303,-83.65536,1092.7,3,0,0,-127,0x03,32,3,16,4,-88,-105,342.47,17.523,342.471,43.115,100%,3.795,4.037,3922,3397,0,3396,0,,0.00000,0.00000,0.0,0,0.0,-50,-16.8
J.Herter_T1,2026-02-28,12:26:01.813,39.85387,-83.65590,1092.0,39.85303,-83.65536,1092.8,3,0,0,161,0x03,32,3,16,4,-88,-95,342.46,17.619,342.459,43.113,100%,3.795,4.037,3923,3398,0,3397,0,,0.00000,0.00000,0.0,0,0.0,-50,-16.8
J.Herter_T1,2026-02-28,12:26:02.799,39.85387,-83.65590,1092.0,39.85303,-83.65536,1092.8,3,0,0,-22,0x03,32,3,16,4,-98,-94,342.45,17.628,342.447,13.633,100%,3.793,4.041,3924,3399,0,3398,0,,0.00000,0.00000,0.0,0,0.0,-50,-16.8
J.Herter_T1,2026-02-28,12:26:03.822,39.85387,-83.65590,1092.0,39.85303,-83.65536,1092.7,3,0,0,180,0x03,31,3,16,4,-88,-106,342.42,17.553,342.422,43.108,100%,3.793,4.040,3925,3400,0,3399,0,,0.00000,0.00000,0.0,0,0.0,-50,-16.8
J.Herter_T1,2026-02-28,12:26:04.811,39.85387,-83.65590,1092.0,39.85303,-83.65536,1092.8,3,0,0,68,0x03,31,3,15,5,-98,-94,342.40,17.665,342.397,13.631,100%,3.788,4.040,3926,3401,0,3400,0,,0.00000,0.00000,0.0,0,0.0,-50,-16.8
J.Herter_T1,2026-02-28,12:26:05.831,39.85387,-83.65590,1092.0,39.85303,-83.65536,1092.8,3,0,0,-18,0x03,31,3,15,5,-93,-102,342.40,17.655,342.397,24.240,100%,3.788,4.037,3927,3402,0,3401,0,,0.00000,0.00000,0.0,0,0.0,-50,-16.8
J.Herter_T1,2026-02-28,12:26:06.819,39.85387,-83.65590,1092.0,39.85303,-83.65536,1092.8,3,0,0,109,0x03,32,3,15,5,-86,-97,342.41,17.642,342.410,54.268,100%,3.794,4.038,3928,3403,0,3402,0,,0.00000,0.00000,0.0,0,0.0,-50,-16.8
J.Herter_T1,2026-02-28,12:26:07.809,39.85387,-83.65590,1092.0,39.85303,-83.65536,1092.8,3,0,0,17,0x03,32,3,16,4,-89,-92,342.40,17.704,342.397,38.418,100%,3.794,4.037,3929,3404,0,3403,0,,0.00000,0.00000,0.0,0,0.0,-50,-16.8
J.Herter_T1,2026-02-28,12:26:08.831,39.85387,-83.65590,1092.0,39.85303,-83.65536,1092.8,3,0,0,-168,0x03,31,3,16,4,-83,-91,342.38,17.701,342.385,76.650,100%,3.795,4.039,3930,3405,0,3404,0,,0.00000,0.00000,0.0,0,0.0,-50,-16.8
J.Herter_T1,2026-02-28,12:26:09.819,39.85387,-83.65590,1092.0,39.85303,-83.65536,1092.8,3,0,0,167,0x03,30,3,16,4,-83,-88,342.38,17.632,342.385,76.650,100%,3.795,4.040,3931,3406,0,3405,0,,0.00000,0.00000,0.0,0,0.0,-50,-16.8
J.Herter_T1,2026-02-28,12:26:10.838,39.85387,-83.65590,1092.0,39.85303,-83.65536,1092.7,3,0,0,50,0x03,31,3,16,4,-86,-91,342.37,17.602,342.372,54.262,100%,3.795,4.041,3932,3407,0,3406,0,,0.00000,0.00000,0.0,0,0.0,-50,-16.8
J.Herter_T1,2026-02-28,12:26:11.831,39.85387,-83.65590,1092.0,39.85303,-83.65536,1092.6,3,0,0,-118,0x03,31,3,17,3,-88,-91,342.37,17.484,342.372,43.102,100%,3.775,4.039,3933,3408,0,3407,0,,0.00000,0.00000,0.0,0,0.0,-50,-16.8
J.Herter_T1,2026-02-28,12:26:12.821,39.85387,-83.65590,1092.0,39.85303,-83.65536,1092.6,3,0,0,-94,0x03,30,3,17,3,-86,-95,342.37,17.425,342.372,54.262,100%,3.775,4.040,3934,3409,0,3408,0,,0.00000,0.00000,0.0,0,0.0,-50,-16.8
J.Herter_T1,2026-02-28,12:26:13.816,39.85387,-83.65590,1092.0,39.85303,-83.65536,1092.5,3,0,0,52,0x03,30,3,16,4,-88,-94,342.38,17.392,342.384,43.104,100%,3.794,4.040,3935,3410,0,3409,0,,0.00000,0.00000,0.0,0,0.0,-50,-16.8
J.Herter_T1,2026-02-28,12:26:14.831,39.85390,-83.65591,1089.9,39.85303,-83.65536,1092.4,3,0,0,159,0x03,30,3,16,4,-95,-95,353.43,19.308,353.442,19.875,100%,3.794,4.043,3936,3411,0,3410,0,,0.00000,0.00000,0.0,0,0.0,-50,-16.8
J.Herter_T1,2026-02-28,12:26:15.819,39.85390,-83.65591,1089.9,39.85303,-83.65536,1092.3,3,0,0,132,0x03,30,3,17,3,-86,-104,353.43,19.187,353.441,56.015,100%,3.793,4.040,3937,3412,0,3411,0,,0.00000,0.00000,0.0,0,0.0,-50,-16.8
J.Herter_T1,2026-02-28,12:26:16.811,39.85392,-83.65592,1091.0,39.85303,-83.65536,1092.2,3,0,0,42,0x03,30,3,17,3,-89,-96,362.82,18.110,362.818,40.709,100%,3.793,4.042,3938,3413,0,3412,0,,0.00000,0.00000,0.0,0,0.0,-50,-16.8
J.Herter_T1,2026-02-28,12:26:17.831,39.85392,-83.65592,1091.0,39.85303,-83.65536,1092.1,3,0,0,-22,0x03,30,3,17,3,-89,-101,362.83,17.998,362.830,40.710,100%,3.790,4.041,3939,3414,0,3413,0,,0.00000,0.00000,0.0,0,0.0,-50,-16.8
J.Herter_T1,2026-02-28,12:26:18.822,39.85394,-83.65593,1090.2,39.85303,-83.65536,1092.0,3,0,0,-125,0x03,30,3,16,4,-89,-96,370.64,18.612,370.646,41.587,100%,3.790,4.041,3940,3415,0,3414,0,,0.00000,0.00000,0.0,0,0.0,-50,-16.8
J.Herter_T1,2026-02-28,12:26:19.810,39.85394,-83.65593,1090.2,39.85303,-83.65536,1091.9,3,0,0,-158,0x03,30,3,16,4,-89,-94,370.64,18.520,370.646,41.587,100%,3.790,4.041,3941,3416,0,3415,0,,0.00000,0.00000,0.0,0,0.0,-50,-16.8
J.Herter_T1,2026-02-28,12:26:20.831,39.85397,-83.65594,1090.2,39.85303,-83.65536,1091.7,3,0,0,70,0x03,30,3,16,4,-86,-95,379.95,18.382,379.956,60.218,100%,3.775,4.042,3942,3417,0,3416,0,,0.00000,0.00000,0.0,0,0.0,-50,-16.8
J.Herter_T1,2026-02-28,12:26:21.820,39.85397,-83.65594,1090.2,39.85303,-83.65536,1091.7,3,0,0,-35,0x03,30,3,16,4,-84,-93,379.95,18.353,379.956,75.811,100%,3.775,4.040,3943,3418,0,3417,0,,0.00000,0.00000,0.0,0,0.0,-50,-16.8
J.Herter_T1,2026-02-28,12:26:22.811,39.85399,-83.65595,1089.2,39.85303,-83.65536,1091.6,3,0,0,94,0x03,30,3,16,4,-84,-89,387.72,19.288,387.728,77.360,100%,3.792,4.042,3944,3419,0,3418,0,,0.00000,0.00000,0.0,0,0.0,-50,-16.8
J.Herter_T1,2026-02-28,12:26:23.831,39.85399,-83.65595,1089.2,39.85303,-83.65536,1091.5,3,0,0,56,0x03,30,3,16,4,-88,-91,387.73,19.193,387.740,48.813,100%,3.792,4.040,3945,3420,0,3419,0,,0.00000,0.00000,0.0,0,0.0,-50,-16.8
J.Herter_T1,2026-02-28,12:26:24.820,39.85400,-83.65597,1089.6,39.85303,-83.65536,1091.5,3,0,0,-6,0x03,31,3,16,4,-85,-94,395.04,18.784,395.044,70.249,100%,3.793,4.040,3946,3421,0,3420,0,,0.00000,0.00000,0.0,0,0.0,-50,-16.8
J.Herter_T1,2026-02-28,12:26:25.811,39.85400,-83.65597,1089.6,39.85303,-83.65536,1091.5,3,0,0,-174,0x03,31,3,16,4,-84,-89,395.04,18.751,395.043,78.821,100%,3.793,4.041,3947,3422,0,3421,0,,0.00000,0.00000,0.0,0,0.0,-50,-16.8
J.Herter_T1,2026-02-28,12:26:26.802,39.85402,-83.65598,1089.3,39.85303,-83.65536,1091.3,3,0,0,-51,0x03,31,3,16,4,-84,-91,402.20,18.797,402.202,80.249,100%,3.793,4.042,3948,3423,0,3422,0,,0.00000,0.00000,0.0,0,0.0,-50,-16.8
J.Herter_T1,2026-02-28,12:26:27.820,39.85402,-83.65598,1089.3,39.85303,-83.65536,1091.1,3,0,0,-124,0x03,31,3,16,4,-92,-89,402.22,18.600,402.225,31.950,100%,3.793,4.041,3949,3424,0,3423,0,,0.00000,0.00000,0.0,0,0.0,-50,-16.8
J.Herter_T1,2026-02-28,12:26:28.810,39.85402,-83.65598,1089.3,39.85303,-83.65536,1090.9,3,0,0,47,0x03,31,3,16,4,-85,-93,402.25,18.370,402.248,71.530,100%,3.793,4.043,3950,3425,0,3424,0,,0.00000,0.00000,0.0,0,0.0,-50,-16.8
J.Herter_T1,2026-02-28,12:26:29.801,39.85404,-83.65598,1090.4,39.85303,-83.65536,1090.7,3,0,0,162,0x03,30,3,16,4,-82,-89,409.85,17.100,409.853,102.950,100%,3.774,4.041,3951,3426,0,3425,0,,0.00000,0.00000,0.0,0,0.0,-50,-16.8
J.Herter_T1,2026-02-28,12:26:30.821,39.85404,-83.65598,1090.4,39.85303,-83.65536,1090.4,3,0,0,-49,0x03,30,3,16,4,-86,-87,409.86,16.828,409.865,64.959,100%,3.774,4.043,3952,3427,0,3426,0,,0.00000,0.00000,0.0,0,0.0,-50,-16.8
J.Herter_T1,2026-02-28,12:26:31.812,39.85404,-83.65598,1090.4,39.85303,-83.65536,1090.2,3,0,0,-73,0x03,32,3,16,4,-93,-89,409.89,16.588,409.889,29.018,100%,3.772,4.040,3953,3428,0,3427,0,,0.00000,0.00000,0.0,0,0.0,-50,-16.8
J.Herter_T1,2026-02-28,12:26:32.831,39.85406,-83.65600,1089.6,39.85303,-83.65536,1089.8,3,0,0,147,0x03,32,3,16,4,-85,-96,417.54,17.030,417.545,74.251,100%,3.772,4.042,3954,3429,0,3428,0,,0.00000,0.00000,0.0,0,0.0,-50,-16.8
J.Herter_T1,2026-02-28,12:26:33.822,39.85406,-83.65600,1089.6,39.85303,-83.65536,1089.4,3,0,0,-131,0x03,32,3,16,4,-94,-94,417.57,16.642,417.569,26.347,100%,3.791,4.040,3955,3430,0,3429,0,,0.00000,0.00000,0.0,0,0.0,-50,-16.8
J.Herter_T1,2026-02-28,12:26:34.811,39.85406,-83.65600,1089.6,39.85303,-83.65536,1089.0,3,0,0,30,0x03,32,3,16,4,-83,-99,417.58,16.308,417.582,93.485,100%,3.791,4.041,3956,3431,0,3430,0,,0.00000,0.00000,0.0,0,0.0,-50,-16.8
J.Herter_T1,2026-02-28,12:26:35.832,39.85406,-83.65600,1089.6,39.85303,-83.65536,1088.6,3,0,0,78,0x03,32,3,16,4,-86,-89,417.61,15.819,417.607,66.186,100%,3.791,4.040,3957,3432,0,3431,0,,0.00000,0.00000,0.0,0,0.0,-50,-16.8
J.Herter_T1,2026-02-28,12:26:36.822,39.85406,-83.65600,1089.6,39.85303,-83.65536,1088.1,3,0,0,174,0x03,32,3,16,4,-89,-91,417.64,15.373,417.645,46.860,100%,3.791,4.041,3958,3433,0,3432,0,,0.00000,0.00000,0.0,0,0.0,-50,-16.8
J.Herter_T1,2026-02-28,12:26:37.812,39.85406,-83.65600,1089.6,39.85303,-83.65536,1087.7,3,0,0,126,0x03,32,3,16,4,-94,-97,417.68,14.913,417.683,26.354,100%,3.790,4.040,3959,3434,0,3433,0,,0.00000,0.00000,0.0,0,0.0,-50,-16.8
J.Herter_T1,2026-02-28,12:26:38.801,39.85406,-83.65600,1089.6,39.85303,-83.65535,1087.2,3,0,0,159,0x03,32,3,16,4,-89,-96,417.71,14.493,417.721,46.868,100%,3.790,4.042,3960,3435,0,3434,0,,0.00000,0.00000,0.0,0,0.0,-50,-16.8
J.Herter_T1,2026-02-28,12:26:39.821,39.85406,-83.65600,1089.6,39.85303,-83.65535,1086.8,3,0,0,-15,0x03,32,3,16,4,-86,-105,417.73,14.041,417.736,66.205,100%,3.790,4.040,3961,3436,0,3435,0,,0.00000,0.00000,0.0,0,0.0,-50,-16.8
J.Herter_T1,2026-02-28,12:26:40.810,39.85406,-83.65600,1089.6,39.85303,-83.65535,1086.4,3,0,0,-61,0x03,32,3,16,4,-84,-91,417.75,13.663,417.763,83.352,100%,3.776,4.043,3962,3437,0,3436,0,,0.00000,0.00000,0.0,0,0.0,-50,-16.8
J.Herter_T1,2026-02-28,12:26:41.831,39.85406,-83.65600,1089.6,39.85303,-83.65535,1086.0,3,0,0,-153,0x03,32,3,16,4,-91,-93,417.78,13.273,417.791,37.234,100%,3.776,4.040,3963,3438,0,3437,0,,0.00000,0.00000,0.0,0,0.0,-50,-16.8
J.Herter_T1,2026-02-28,12:26:42.821,39.85408,-83.65601,1089.5,39.85303,-83.65535,1085.7,3,0,0,180,0x03,32,3,16,4,-80,-96,425.78,13.056,425.798,134.644,100%,3.790,4.042,3964,3439,0,3438,0,,0.00000,0.00000,0.0,0,0.0,-50,-16.8
J.Herter_T1,2026-02-28,12:26:43.812,39.85408,-83.65601,1089.5,39.85303,-83.65535,1085.4,3,0,0,143,0x03,32,3,16,4,-84,-86,425.81,12.794,425.825,84.959,100%,3.790,4.039,3965,3440,0,3439,0,,0.00000,0.00000,0.0,0,0.0,-50,-16.8
J.Herter_T1,2026-02-28,12:26:44.832,39.85408,-83.65601,1089.5,39.85303,-83.65535,1085.0,3,0,0,-113,0x03,32,3,15,5,-91,-92,425.84,12.344,425.866,37.953,100%,3.792,4.041,3966,3441,0,3440,0,,0.00000,0.00000,0.0,0,0.0,-50,-16.8
J.Herter_T1,2026-02-28,12:26:45.822,39.85408,-83.65601,1089.5,39.85303,-83.65535,1084.6,3,0,0,-30,0x03,32,3,15,5,-88,-95,425.85,11.990,425.882,53.612,100%,3.792,4.040,3967,3442,0,3441,0,,0.00000,0.00000,0.0,0,0.0,-50,-16.8
J.Herter_T1,2026-02-28,12:26:46.811,39.85408,-83.65601,1089.5,39.85303,-83.65535,1084.2,3,0,0,-30,0x03,32,3,15,5,-86,-91,425.88,11.583,425.911,67.497,100%,3.793,4.045,3968,3443,0,3442,0,,0.00000,0.00000,0.0,0,0.0,-50,-16.8
J.Herter_T1,2026-02-28,12:26:47.831,39.85408,-83.65601,1089.5,39.85303,-83.65535,1084.1,3,0,0,38,0x03,32,3,15,5,-84,-91,425.89,11.419,425.925,84.976,100%,3.793,4.040,3969,3444,0,3443,0,,0.00000,0.00000,0.0,0,0.0,-50,-16.8
J.Herter_T1,2026-02-28,12:26:48.850,39.85408,-83.65601,1089.5,39.85303,-83.65535,1083.7,3,0,0,29,0x03,32,3,15,5,-85,-89,425.92,11.074,425.954,75.740,100%,3.793,4.041,3970,3445,0,3444,0,,0.00000,0.00000,0.0,0,0.0,-50,-16.8
J.Herter_T1,2026-02-28,12:26:49.813,39.85408,-83.65601,1089.5,39.85303,-83.65535,1083.4,3,0,0,96,0x03,32,3,15,5,-96,-92,425.94,10.779,425.983,21.348,100%,3.773,4.040,3971,3446,0,3445,0,,0.00000,0.00000,0.0,0,0.0,-50,-16.8
J.Herter_T1,2026-02-28,12:26:50.802,39.85408,-83.65601,1089.5,39.85303,-83.65535,1083.1,3,0,0,99,0x03,32,3,15,5,-83,-92,425.98,10.481,426.024,95.364,100%,3.773,4.042,3972,3447,0,3446,0,,0.00000,0.00000,0.0,0,0.0,-50,-16.8
J.Herter_T1,2026-02-28,12:26:51.822,39.85408,-83.65601,1089.5,39.85303,-83.65535,1082.7,3,0,0,-174,0x03,32,3,16,4,-89,-91,426.03,10.071,426.079,47.801,100%,3.792,4.040,3973,3448,0,3447,0,,0.00000,0.00000,0.0,0,0.0,-50,-16.8
J.Herter_T1,2026-02-28,12:26:52.812,39.85409,-83.65604,1089.4,39.85303,-83.65535,1082.4,3,0,0,-33,0x03,32,3,16,4,-89,-94,432.74,9.756,432.802,48.555,100%,3.792,4.041,3974,3449,0,3448,0,,0.00000,0.00000,0.0,0,0.0,-50,-16.8
J.Herter_T1,2026-02-28,12:26:53.831,39.85409,-83.65604,1089.4,39.85303,-83.65535,1082.1,3,0,0,-110,0x03,32,3,15,5,-98,-94,432.77,9.454,432.832,17.229,100%,3.792,4.040,3975,3450,0,3449,0,,0.00000,0.00000,0.0,0,0.0,-50,-16.8
J.Herter_T1,2026-02-28,12:26:54.821,39.85409,-83.65604,1089.4,39.85303,-83.65535,1081.8,3,0,0,-171,0x03,32,4,14,5,-95,-102,432.79,9.241,432.860,24.338,100%,3.792,4.041,3976,3451,0,3450,0,,0.00000,0.00000,0.0,0,0.0,-50,-16.8
J.Herter_T1,2026-02-28,12:26:55.811,39.85412,-83.65605,1088.5,39.85303,-83.65535,1081.7,3,0,0,-45,0x03,32,4,15,4,-89,-96,444.04,10.024,444.096,49.822,100%,3.794,4.041,3977,3452,0,3451,0,,0.00000,0.00000,0.0,0,0.0,-50,-16.8
J.Herter_T1,2026-02-28,12:26:56.832,39.85412,-83.65605,1088.5,39.85303,-83.65535,1081.5,3,0,0,-149,0x03,32,4,15,4,-93,-97,444.06,9.833,444.111,31.437,100%,3.794,4.042,3978,3453,0,3452,0,,0.00000,0.00000,0.0,0,0.0,-50,-16.8
J.Herter_T1,2026-02-28,12:26:57.820,39.85414,-83.65606,1090.0,39.85303,-83.65535,1081.3,3,0,0,159,0x03,32,4,15,4,-102,-95,452.03,8.109,452.116,11.355,100%,3.791,4.041,3979,3454,0,3453,0,,0.00000,0.00000,0.0,0,0.0,-50,-16.8
J.Herter_T1,2026-02-28,12:26:58.811,39.85414,-83.65606,1090.0,39.85303,-83.65535,1081.2,3,0,0,-90,0x03,32,4,15,4,-98,-106,452.07,7.978,452.156,17.997,100%,3.791,4.042,3980,3455,0,3454,0,,0.00000,0.00000,0.0,0,0.0,-50,-16.8
J.Herter_T1,2026-02-28,12:26:59.831,39.85416,-83.65607,1090.8,39.85303,-83.65535,1081.1,3,0,0,166,0x03,32,4,15,4,-94,-102,459.89,7.154,459.988,29.017,100%,3.791,4.040,3981,3456,0,3455,0,,0.00000,0.00000,0.0,0,0.0,-50,-16.8
J.Herter_T1,2026-02-28,12:27:00.822,39.85416,-83.65607,1090.8,39.85303,-83.65535,1081.0,3,0,0,48,0x03,32,4,15,4,-96,-104,459.90,7.003,460.003,23.049,100%,3.791,4.039,3982,3457,0,3456,0,,0.00000,0.00000,0.0,0,0.0,-50,-16.8
J.Herter_T1,2026-02-28,12:27:01.812,39.85419,-83.65607,1091.4,39.85303,-83.65535,1080.7,3,0,0,112,0x03,32,4,15,3,-94,-99,468.03,6.158,468.148,29.530,100%,3.791,4.041,3983,3458,0,3457,0,,0.00000,0.00000,0.0,0,0.0,-50,-16.8
J.Herter_T1,2026-02-28,12:27:02.832,39.85419,-83.65607,1091.4,39.85303,-83.65535,1080.6,3,0,0,27,0x03,32,4,15,3,-93,-103,468.03,6.073,468.150,33.134,100%,3.792,4.042,3984,3459,0,3458,0,,0.00000,0.00000,0.0,0,0.0,-50,-16.8
J.Herter_T1,2026-02-28,12:27:03.821,39.85421,-83.65607,1091.9,39.85303,-83.65535,1080.6,3,0,0,34,0x03,32,4,15,3,-98,-93,474.44,5.498,474.576,18.888,100%,3.792,4.040,3985,3460,0,3459,0,,0.00000,0.00000,0.0,0,0.0,-50,-16.8
J.Herter_T1,2026-02-28,12:27:04.811,39.85421,-83.65607,1091.9,39.85303,-83.65535,1080.5,3,0,0,180,0x03,32,4,14,4,-91,-95,474.45,5.439,474.589,42.286,100%,3.791,4.043,3986,3461,0,3460,0,,0.00000,0.00000,0.0,0,0.0,-50,-16.8
J.Herter_T1,2026-02-28,12:27:05.831,39.85421,-83.65607,1091.9,39.85303,-83.65535,1080.5,3,0,0,20,0x03,32,4,14,4,-93,-95,474.49,5.393,474.626,33.591,100%,3.791,4.040,3987,3462,0,3461,0,,0.00000,0.00000,0.0,0,0.0,-50,-16.8
J.Herter_T1,2026-02-28,12:27:06.820,39.85423,-83.65607,1091.9,39.85303,-83.65535,1080.4,3,0,0,-158,0x03,32,4,14,4,-85,-95,482.14,5.388,482.275,85.738,100%,3.791,4.040,3988,3463,0,3462,0,,0.00000,0.00000,0.0,0,0.0,-50,-16.8
J.Herter_T1,2026-02-28,12:27:07.812,39.85423,-83.65607,1091.9,39.85303,-83.65535,1080.4,3,0,0,163,0x03,32,4,14,4,-99,-92,482.16,5.378,482.299,17.108,100%,3.791,4.040,3989,3464,0,3463,0,,0.00000,0.00000,0.0,0,0.0,-50,-16.8
J.Herter_T1,2026-02-28,12:27:08.800,39.85425,-83.65606,1090.6,39.85303,-83.65535,1080.4,3,0,0,-51,0x03,32,4,14,4,-96,-100,488.63,6.655,488.736,24.490,100%,3.791,4.042,3990,3465,0,3464,0,,0.00000,0.00000,0.0,0,0.0,-50,-16.8
J.Herter_T1,2026-02-28,12:27:09.820,39.85425,-83.65606,1090.6,39.85303,-83.65535,1080.5,3,0,0,88,0x03,32,4,14,4,-91,-98,488.64,6.685,488.747,43.550,100%,3.786,4.040,3991,3466,0,3465,0,,0.00000,0.00000,0.0,0,0.0,-50,-16.8
J.Herter_T1,2026-02-28,12:27:10.811,39.85426,-83.65604,1090.8,39.85303,-83.65535,1080.5,3,0,0,49,0x03,32,4,14,4,-91,-104,490.89,6.535,490.998,43.751,100%,3.786,4.041,3992,3467,0,3466,0,,0.00000,0.00000,0.0,0,0.0,-50,-16.8
J.Herter_T1,2026-02-28,12:27:11.832,39.85426,-83.65604,1090.8,39.85303,-83.65535,1080.6,3,0,0,103,0x03,32,4,14,4,-100,-92,490.89,6.633,490.996,15.523,100%,3.794,4.041,3993,3468,0,3467,0,,0.00000,0.00000,0.0,0,0.0,-50,-16.8
J.Herter_T1,2026-02-28,12:27:12.822,39.85426,-83.65601,1091.1,39.85303,-83.65535,1080.6,3,0,0,52,0x03,32,4,14,4,-88,-100,484.26,6.422,484.371,60.965,100%,3.794,4.041,3994,3469,0,3468,0,,0.00000,0.00000,0.0,0,0.0,-50,-16.8
J.Herter_T1,2026-02-28,12:27:13.812,39.85426,-83.65601,1091.1,39.85303,-83.65535,1080.8,3,0,0,-2,0x03,32,4,14,4,-84,-92,484.26,6.560,484.368,96.622,100%,3.791,4.040,3995,3470,0,3469,0,,0.00000,0.00000,0.0,0,0.0,-50,-16.8
J.Herter_T1,2026-02-28,12:27:14.804,39.85426,-83.65601,1091.1,39.85303,-83.65535,1080.8,3,0,0,56,0x03,32,4,14,4,-85,-94,484.27,6.619,484.378,86.117,100%,3.791,4.041,3996,3471,0,3470,0,,0.00000,0.00000,0.0,0,0.0,-50,-16.8
J.Herter_T1,2026-02-28,12:27:15.820,39.85424,-83.65598,1091.6,39.85303,-83.65535,1080.9,3,0,0,-131,0x03,32,4,14,4,-85,-92,475.71,6.101,475.836,84.595,100%,3.791,4.040,3997,3472,0,3471,0,,0.00000,0.00000,0.0,0,0.0,-50,-16.8
J.Herter_T1,2026-02-28,12:27:16.840,39.85424,-83.65598,1091.6,39.85303,-83.65535,1080.9,3,0,0,84,0x03,32,4,14,4,-89,-91,475.73,6.150,475.845,53.377,100%,3.776,4.040,3998,3473,0,3472,0,,0.00000,0.00000,0.0,0,0.0,-50,-16.8
J.Herter_T1,2026-02-28,12:27:17.801,39.85424,-83.65598,1091.6,39.85303,-83.65535,1081.0,3,0,0,-139,0x03,32,4,14,4,-91,-96,475.75,6.269,475.864,42.401,100%,3.776,4.040,3999,3474,0,3473,0,,0.00000,0.00000,0.0,0,0.0,-50,-16.8
J.Herter_T1,2026-02-28,12:27:18.820,39.85424,-83.65598,1091.6,39.85303,-83.65535,1081.1,3,0,0,21,0x03,32,4,14,4,-95,-95,475.76,6.295,475.873,26.754,100%,3.787,4.042,4000,3475,0,3474,0,,0.00000,0.00000,0.0,0,0.0,-50,-16.8
J.Herter_T1,2026-02-28,12:27:19.813,39.85424,-83.65598,1091.6,39.85303,-83.65535,1081.1,3,0,0,-74,0x03,32,5,12,5,-86,-101,475.78,6.364,475.893,75.406,100%,3.787,4.040,4001,3476,0,3475,0,,0.00000,0.00000,0.0,0,0.0,-50,-16.8
J.Herter_T1,2026-02-28,12:27:20.831,39.85424,-83.65598,1091.6,39.85303,-83.65535,1081.2,3,0,0,135,0x03,32,5,12,5,-88,-93,475.80,6.413,475.913,59.899,100%,3.788,4.041,4002,3477,0,3476,0,,0.00000,0.00000,0.0,0,0.0,-50,-16.8
J.Herter_T1,2026-02-28,12:27:21.820,39.85424,-83.65598,1091.6,39.85303,-83.65535,1081.2,3,0,0,36,0x03,32,5,12,6,-93,-94,475.80,6.439,475.912,33.684,100%,3.788,4.039,4003,3478,0,3477,0,,0.00000,0.00000,0.0,0,0.0,-50,-16.8
J.Herter_T1,2026-02-28,12:27:22.811,39.85424,-83.65598,1091.6,39.85303,-83.65535,1081.2,3,0,0,23,0x03,32,5,12,5,-83,-98,475.82,6.416,475.933,106.523,100%,3.789,4.041,4004,3479,0,3478,0,,0.00000,0.00000,0.0,0,0.0,-50,-16.8
J.Herter_T1,2026-02-28,12:27:23.831,39.85424,-83.65598,1091.6,39.85303,-83.65535,1081.2,3,0,0,-112,0x03,32,5,12,6,-84,-88,475.82,6.469,475.932,94.938,100%,3.789,4.039,4005,3480,0,3479,0,,0.00000,0.00000,0.0,0,0.0,-50,-16.8
J.Herter_T1,2026-02-28,12:27:24.822,39.85424,-83.65598,1091.6,39.85303,-83.65535,1081.3,3,0,0,-147,0x03,32,5,12,6,-92,-91,475.82,6.531,475.931,37.796,100%,3.789,4.041,4006,3481,0,3480,0,,0.00000,0.00000,0.0,0,0.0,-50,-16.8
J.Herter_T1,2026-02-28,12:27:25.812,39.85424,-83.65598,1091.6,39.85303,-83.65535,1081.3,3,0,0,-15,0x03,32,5,12,6,-89,-96,475.84,6.528,475.952,53.390,100%,3.771,4.040,4007,3482,0,3481,0,,0.00000,0.00000,0.0,0,0.0,-50,-16.8
J.Herter_T1,2026-02-28,12:27:26.832,39.85424,-83.65598,1091.6,39.85303,-83.65535,1081.3,3,0,0,146,0x03,32,5,12,6,-85,-93,475.86,6.531,475.973,84.621,100%,3.771,4.041,4008,3483,0,3482,0,,0.00000,0.00000,0.0,0,0.0,-50,-16.8
J.Herter_T1,2026-02-28,12:27:27.850,39.85424,-83.65598,1091.6,39.85303,-83.65535,1081.3,3,0,0,-146,0x03,32,5,12,6,-83,-91,475.88,6.574,475.993,106.537,100%,3.791,4.040,4009,3484,0,3483,0,,0.00000,0.00000,0.0,0,0.0,-50,-16.8
J.Herter_T1,2026-02-28,12:27:28.811,39.85424,-83.65598,1091.6,39.85303,-83.65535,1081.4,3,0,0,-123,0x03,32,5,12,7,-78,-91,475.88,6.603,475.992,189.452,100%,3.791,4.041,4010,3485,0,3484,0,,0.00000,0.00000,0.0,0,0.0,-50,-16.8
J.Herter_T1,2026-02-28,12:27:29.801,39.85424,-83.65598,1091.6,39.85303,-83.65534,1081.5,3,0,0,-161,0x03,32,5,12,6,-82,-84,475.89,6.708,476.000,119.539,100%,3.790,4.040,4011,3486,0,3485,0,,0.00000,0.00000,0.0,0,0.0,-50,-16.8
J.Herter_T1,2026-02-28,12:27:30.821,39.85424,-83.65598,1091.6,39.85303,-83.65534,1081.5,3,0,0,29,0x03,32,5,12,6,-88,-88,475.90,6.741,476.010,59.913,100%,3.790,4.039,4012,3487,0,3486,0,,0.00000,0.00000,0.0,0,0.0,-50,-16.8
J.Herter_T1,2026-02-28,12:27:31.812,39.85424,-83.65598,1091.6,39.85303,-83.65534,1081.4,3,0,0,-68,0x03,32,5,12,6,-86,-92,475.92,6.685,476.032,75.429,100%,3.791,4.039,4013,3488,0,3487,0,,0.00000,0.00000,0.0,0,0.0,-50,-16.8
J.Herter_T1,2026-02-28,12:27:32.832,39.85424,-83.65598,1091.6,39.85303,-83.65534,1081.4,3,0,0,-57,0x03,32,5,12,6,-87,-89,475.93,6.643,476.044,67.228,100%,3.791,4.040,4014,3489,0,3488,0,,0.00000,0.00000,0.0,0,0.0,-50,-16.8
J.Herter_T1,2026-02-28,12:27:33.820,39.85424,-83.65598,1091.6,39.85303,-83.65534,1081.4,3,0,0,177,0x03,32,5,12,6,-83,-94,475.94,6.643,476.054,106.551,100%,3.791,4.040,4015,3490,0,3489,0,,0.00000,0.00000,0.0,0,0.0,-50,-16.8
J.Herter_T1,2026-02-28,12:27:34.811,39.85424,-83.65598,1091.6,39.85303,-83.65534,1081.4,3,0,0,-56,0x03,32,5,12,6,-84,-88,475.97,6.603,476.076,94.968,100%,3.789,4.041,4016,3491,0,3490,0,,0.00000,0.00000,0.0,0,0.0,-50,-16.8
J.Herter_T1,2026-02-28,12:27:35.832,39.85424,-83.65598,1091.6,39.85303,-83.65534,1081.3,3,0,0,-47,0x03,32,5,12,6,-98,-87,475.98,6.570,476.087,18.949,100%,3.789,4.040,4017,3492,0,3491,0,,0.00000,0.00000,0.0,0,0.0,-50,-16.8
J.Herter_T1,2026-02-28,12:27:36.823,39.85424,-83.65598,1091.6,39.85303,-83.65534,1081.3,3,0,0,33,0x03,32,5,12,6,-89,-101,475.99,6.501,476.099,53.407,100%,3.789,4.040,4018,3493,0,3492,0,,0.00000,0.00000,0.0,0,0.0,-50,-16.8
J.Herter_T1,2026-02-28,12:27:37.810,39.85424,-83.65598,1091.6,39.85303,-83.65534,1081.3,3,0,0,-97,0x03,32,5,12,6,-86,-95,476.00,6.495,476.110,75.440,100%,3.789,4.040,4019,3494,0,3493,0,,0.00000,0.00000,0.0,0,0.0,-50,-16.8
J.Herter_T1,2026-02-28,12:27:38.802,39.85424,-83.65598,1091.6,39.85303,-83.65534,1081.3,3,0,0,-120,0x03,32,5,12,6,-97,-92,476.01,6.495,476.120,21.262,100%,3.793,4.041,4020,3495,0,3494,0,,0.00000,0.00000,0.0,0,0.0,-50,-16.8
J.Herter_T1,2026-02-28,12:27:39.820,39.85424,-83.65598,1091.6,39.85303,-83.65534,1081.3,3,0,0,-7,0x03,32,5,12,6,-89,-109,476.02,6.511,476.130,53.410,100%,3.793,4.041,4021,3496,0,3495,0,,0.00000,0.00000,0.0,0,0.0,-50,-16.8
J.Herter_T1,2026-02-28,12:27:40.811,39.85424,-83.65598,1091.6,39.85303,-83.65534,1081.3,3,0,0,-149,0x03,32,5,12,6,-85,-92,476.03,6.501,476.141,84.651,100%,3.793,4.042,4022,3497,0,3496,0,,0.00000,0.00000,0.0,0,0.0,-50,-16.8
J.Herter_T1,2026-02-28,12:27:41.802,39.85424,-83.65598,1091.6,39.85303,-83.65534,1081.3,3,0,0,175,0x03,32,5,13,5,-84,-89,476.03,6.541,476.140,94.980,100%,3.791,4.040,4023,3498,0,3497,0,,0.00000,0.00000,0.0,0,0.0,-50,-16.8
J.Herter_T1,2026-02-28,12:27:42.820,39.85424,-83.65598,1091.6,39.85303,-83.65534,1081.3,3,0,0,-14,0x03,32,5,14,4,-85,-91,476.03,6.567,476.139,84.651,100%,3.791,4.042,4024,3499,0,3498,0,,0.00000,0.00000,0.0,0,0.0,-50,-16.8
J.Herter_T1,2026-02-28,12:27:43.813,39.85424,-83.65598,1091.6,39.85303,-83.65534,1081.3,3,0,0,-164,0x03,32,5,13,5,-91,-91,476.03,6.544,476.140,42.426,100%,3.792,4.040,4025,3500,0,3499,0,,0.00000,0.00000,0.0,0,0.0,-50,-16.8
J.Herter_T1,2026-02-28,12:27:44.831,39.85424,-83.65598,1091.6,39.85303,-83.65534,1081.2,3,0,0,146,0x03,32,5,13,5,-83,-98,476.03,6.472,476.141,106.570,100%,3.792,4.041,4026,3501,0,3500,0,,0.00000,0.00000,0.0,0,0.0,-50,-16.8
J.Herter_T1,2026-02-28,12:27:45.820,39.85424,-83.65598,1091.6,39.85303,-83.65534,1081.2,3,0,0,147,0x03,32,5,13,5,-85,-89,476.04,6.423,476.153,84.653,100%,3.789,4.040,4027,3502,0,3501,0,,0.00000,0.00000,0.0,0,0.0,-50,-16.8
J.Herter_T1,2026-02-28,12:27:46.811,39.85424,-83.65598,1091.6,39.85303,-83.65534,1081.1,3,0,0,-93,0x03,32,5,13,5,-86,-89,476.03,6.344,476.144,75.445,100%,3.789,4.041,4028,3503,0,3502,0,,0.00000,0.00000,0.0,0,0.0,-50,-16.8
J.Herter_T1,2026-02-28,12:27:47.892,39.85424,-83.65598,1091.6,39.85303,-83.65534,1081.1,3,0,0,-59,0x03,32,5,14,4,-87,-92,476.03,6.308,476.145,67.241,100%,3.789,4.040,4029,3504,0,3503,0,,0.00000,0.00000,0.0,0,0.0,-50,-16.8
J.Herter_T1,2026-02-28,12:27:48.823,39.85424,-83.65598,1091.6,39.85303,-83.65534,1081.0,3,0,0,79,0x03,32,5,13,5,-88,-92,476.05,6.265,476.167,59.931,100%,3.774,4.026,4030,3505,0,3504,0,,0.00000,0.00000,0.0,0,0.0,-50,-16.8
J.Herter_T1,2026-02-28,12:27:49.812,39.85424,-83.65598,1091.6,39.85303,-83.65534,1081.1,3,0,0,152,0x03,32,5,14,4,-87,-92,476.06,6.305,476.176,67.245,100%,3.774,4.040,4031,3506,0,3505,0,,0.00000,0.00000,0.0,0,0.0,-50,-16.8
J.Herter_T1,2026-02-28,12:27:50.832,39.85424,-83.65598,1091.6,39.85303,-83.65534,1081.1,3,0,0,35,0x03,32,5,15,3,-84,-92,476.07,6.308,476.187,94.989,100%,3.789,4.040,4032,3507,0,3506,0,,0.00000,0.00000,0.0,0,0.0,-50,-16.8
J.Herter_T1,2026-02-28,12:27:51.822,39.85424,-83.65598,1091.6,39.85303,-83.65534,1081.1,3,0,0,15,0x03,32,5,15,3,-85,-92,476.07,6.334,476.186,84.659,100%,3.789,4.040,4033,3508,0,3507,0,,0.00000,0.00000,0.0,0,0.0,-50,-16.8
J.Herter_T1,2026-02-28,12:27:52.811,39.85424,-83.65598,1091.6,39.85303,-83.65534,1081.2,3,0,0,138,0x03,32,5,14,4,-87,-92,476.09,6.482,476.204,67.250,100%,3.789,4.041,4034,3509,0,3508,0,,0.00000,0.00000,0.0,0,0.0,-50,-16.8
J.Herter_T1,2026-02-28,12:27:53.830,39.85424,-83.65598,1091.6,39.85303,-83.65534,1081.3,3,0,0,-76,0x03,32,5,14,4,-88,-94,476.10,6.557,476.213,59.938,100%,3.771,4.040,4035,3510,0,3509,0,,0.00000,0.00000,0.0,0,0.0,-50,-16.8
J.Herter_T1,2026-02-28,12:27:54.822,39.85424,-83.65598,1091.6,39.85303,-83.65534,1081.4,3,0,0,-155,0x03,32,5,14,4,-88,-93,476.11,6.646,476.221,59.939,100%,3.771,4.042,4036,3511,0,3510,0,,0.00000,0.00000,0.0,0,0.0,-50,-16.8
J.Herter_T1,2026-02-28,12:27:55.812,39.85424,-83.65598,1091.6,39.85303,-83.65534,1081.5,3,0,0,78,0x03,32,5,14,4,-93,-94,476.11,6.787,476.218,33.706,100%,3.790,4.039,4037,3512,0,3511,0,,0.00000,0.00000,0.0,0,0.0,-50,-16.8
J.Herter_T1,2026-02-28,12:27:56.831,39.85424,-83.65598,1091.6,39.85303,-83.65534,1081.6,3,0,0,180,0x03,32,5,14,4,-88,-97,476.13,6.875,476.238,59.942,100%,3.790,4.041,4038,3513,0,3512,0,,0.00000,0.00000,0.0,0,0.0,-50,-16.8
J.Herter_T1,2026-02-28,12:27:57.822,39.85424,-83.65598,1091.6,39.85303,-83.65534,1081.7,3,0,0,80,0x03,32,5,14,4,-87,-95,476.14,6.938,476.247,67.257,100%,3.787,4.040,4039,3514,0,3513,0,,0.00000,0.00000,0.0,0,0.0,-50,-16.8
J.Herter_T1,2026-02-28,12:27:58.812,39.85423,-83.65597,1091.4,39.85303,-83.65534,1081.8,3,0,0,138,0x03,32,5,15,3,-88,-93,469.69,7.184,469.790,59.131,100%,3.787,4.041,4040,3515,0,3514,0,,0.00000,0.00000,0.0,0,0.0,-50,-16.8
J.Herter_T1,2026-02-28,12:27:59.832,39.85423,-83.65597,1091.4,39.85303,-83.65534,1081.8,3,0,0,-131,0x03,32,5,15,3,-94,-95,469.69,7.263,469.789,29.635,100%,3.787,4.039,4041,3516,0,3515,0,,0.00000,0.00000,0.0,0,0.0,-50,-16.8
J.Herter_T1,2026-02-28,12:28:00.820,39.85423,-83.65597,1091.4,39.85303,-83.65534,1081.9,3,0,0,130,0x03,32,5,15,3,-91,-97,469.70,7.276,469.799,41.862,100%,3.792,4.042,4042,3517,0,3516,0,,0.00000,0.00000,0.0,0,0.0,-50,-16.8
J.Herter_T1,2026-02-28,12:28:01.812,39.85423,-83.65597,1091.4,39.85303,-83.65534,1081.8,3,0,0,28,0x03,32,5,15,3,-89,-95,469.71,7.227,469.810,52.703,100%,3.792,4.040,4043,3518,0,3517,0,,0.00000,0.00000,0.0,0,0.0,-50,-16.8
J.Herter_T1,2026-02-28,12:28:02.802,39.85423,-83.65597,1091.4,39.85303,-83.65534,1081.8,3,0,0,-139,0x03,32,5,15,3,-92,-95,469.71,7.194,469.811,37.311,100%,3.792,4.041,4044,3519,0,3518,0,,0.00000,0.00000,0.0,0,0.0,-50,-16.8
J.Herter_T1,2026-02-28,12:28:03.822,39.85423,-83.65597,1091.4,39.85303,-83.65534,1081.8,3,0,0,116,0x03,32,5,15,3,-88,-96,469.72,7.194,469.821,59.135,100%,3.789,4.040,4045,3520,0,3519,0,,0.00000,0.00000,0.0,0,0.0,-50,-16.8
J.Herter_T1,2026-02-28,12:28:04.811,39.85423,-83.65597,1091.4,39.85303,-83.65534,1081.7,3,0,0,-147,0x03,32,5,15,3,-88,-94,469.74,7.164,469.843,59.137,100%,3.789,4.041,4046,3521,0,3520,0,,0.00000,0.00000,0.0,0,0.0,-50,-16.8
J.Herter_T1,2026-02-28,12:28:05.802,39.85423,-83.65597,1091.4,39.85303,-83.65534,1081.7,3,0,0,-5,0x03,32,5,15,3,-97,-94,469.75,7.148,469.853,20.983,100%,3.791,4.040,4047,3522,0,3521,0,,0.00000,0.00000,0.0,0,0.0,-50,-16.8
J.Herter_T1,2026-02-28,12:28:06.851,39.85423,-83.65597,1091.4,39.85303,-83.65534,1081.7,3,0,0,168,0x03,32,5,15,3,-96,-93,469.76,7.151,469.864,23.544,100%,3.791,4.040,4048,3523,0,3522,0,,0.00000,0.00000,0.0,0,0.0,-50,-16.8
J.Herter_T1,2026-02-28,12:28:07.812,39.85423,-83.65597,1091.4,39.85303,-83.65534,1081.7,3,0,0,99,0x03,32,5,15,3,-88,-93,469.77,7.158,469.874,59.141,100%,3.790,4.037,4049,3524,0,3523,0,,0.00000,0.00000,0.0,0,0.0,-50,-16.8
J.Herter_T1,2026-02-28,12:28:08.831,39.85423,-83.65597,1091.4,39.85303,-83.65534,1081.8,3,0,0,-162,0x03,32,5,15,3,-91,-95,469.78,7.223,469.883,41.870,100%,3.790,4.039,4050,3525,0,3524,0,,0.00000,0.00000,0.0,0,0.0,-50,-16.8
J.Herter_T1,2026-02-28,12:28:09.882,39.85423,-83.65597,1091.4,39.85303,-83.65534,1081.9,3,0,0,174,0x03,32,5,15,3,-92,-96,469.78,7.266,469.882,37.316,100%,3.790,4.037,4051,3526,0,3525,0,,0.00000,0.00000,0.0,0,0.0,-50,-16.8
J.Herter_T1,2026-02-28,12:28:10.812,39.85423,-83.65597,1091.4,39.85303,-83.65534,1081.8,3,0,0,4,0x03,32,5,15,3,-88,-96,469.78,7.259,469.882,59.142,100%,3.794,4.025,4052,3527,0,3526,0,,0.00000,0.00000,0.0,0,0.0,-50,-16.8
J.Herter_T1,2026-02-28,12:28:11.831,39.85423,-83.65597,1091.4,39.85303,-83.65534,1081.8,3,0,0,-92,0x03,32,5,15,3,-91,-94,469.78,7.246,469.882,41.870,100%,3.794,4.037,4053,3528,0,3527,0,,0.00000,0.00000,0.0,0,0.0,-50,-16.8
J.Herter_T1,2026-02-28,12:28:12.821,39.85423,-83.65597,1091.4,39.85303,-83.65534,1081.8,3,0,0,135,0x03,32,5,14,4,-94,-96,469.78,7.207,469.883,29.641,100%,3.789,4.038,4054,3529,0,3528,0,,0.00000,0.00000,0.0,0,0.0,-50,-16.8
J.Herter_T1,2026-02-28,12:28:13.812,39.85423,-83.65597,1091.4,39.85303,-83.65534,1081.8,3,0,0,-168,0x03,32,5,15,3,-92,-97,469.78,7.181,469.884,37.316,100%,3.789,4.040,4055,3530,0,3529,0,,0.00000,0.00000,0.0,0,0.0,-50,-16.8
J.Herter_T1,2026-02-28,12:28:14.860,39.85423,-83.65597,1091.4,39.85303,-83.65534,1081.7,3,0,0,36,0x03,32,5,14,4,-92,-97,469.78,7.158,469.884,37.316,100%,3.789,4.040,4056,3531,0,3530,0,,0.00000,0.00000,0.0,0,0.0,-50,-16.8
J.Herter_T1,2026-02-28,12:28:15.822,39.85423,-83.65597,1091.4,39.85303,-83.65534,1081.8,3,0,0,-78,0x03,32,5,14,4,-89,-97,469.78,7.174,469.884,52.711,100%,3.769,4.038,4057,3532,0,3531,0,,0.00000,0.00000,0.0,0,0.0,-50,-16.8
J.Herter_T1,2026-02-28,12:28:16.812,39.85423,-83.65597,1091.4,39.85303,-83.65534,1081.7,3,0,0,-108,0x03,32,5,14,4,-89,-95,469.76,7.158,469.863,52.708,100%,3.769,4.039,4058,3533,0,3532,0,,0.00000,0.00000,0.0,0,0.0,-50,-16.8
J.Herter_T1,2026-02-28,12:28:17.802,39.85423,-83.65597,1091.4,39.85303,-83.65534,1081.8,3,0,0,175,0x03,32,5,14,4,-89,-96,469.74,7.167,469.842,52.706,100%,3.788,4.038,4059,3534,0,3533,0,,0.00000,0.00000,0.0,0,0.0,-50,-16.8
J.Herter_T1,2026-02-28,12:28:18.881,39.85423,-83.65597,1091.4,39.85303,-83.65534,1081.7,3,0,0,-144,0x03,32,5,14,4,-92,-95,469.75,7.125,469.854,37.314,100%,3.788,4.040,4060,3535,0,3534,0,,0.00000,0.00000,0.0,0,0.0,-50,-16.8
J.Herter_T1,2026-02-28,12:28:19.840,39.85423,-83.65597,1091.4,39.85303,-83.65534,1081.7,3,0,0,-118,0x03,32,5,14,4,-91,-95,469.75,7.118,469.854,41.867,100%,3.788,4.038,4061,3536,0,3535,0,,0.00000,0.00000,0.0,0,0.0,-50,-16.8
J.Herter_T1,2026-02-28,12:28:20.832,39.85423,-83.65597,1091.4,39.85303,-83.65534,1081.7,3,0,0,-50,0x03,32,5,14,4,-92,-95,469.76,7.161,469.863,37.315,100%,3.771,4.039,4062,3537,0,3536,0,,0.00000,0.00000,0.0,0,0.0,-50,-16.8
J.Herter_T1,2026-02-28,12:28:21.882,39.85423,-83.65597,1091.4,39.85303,-83.65534,1081.7,3,0,0,-143,0x03,32,4,15,4,-94,-98,469.77,7.131,469.874,29.641,100%,3.771,4.038,4063,3538,0,3537,0,,0.00000,0.00000,0.0,0,0.0,-50,-16.8
J.Herter_T1,2026-02-28,12:28:22.840,39.85423,-83.65597,1091.4,39.85303,-83.65534,1081.7,3,0,0,-150,0x03,32,4,15,4,-93,-98,469.78,7.164,469.884,33.258,100%,3.768,4.040,4064,3539,0,3538,0,,0.00000,0.00000,0.0,0,0.0,-50,-16.8
J.Herter_T1,2026-02-28,12:28:23.831,39.85423,-83.65597,1091.4,39.85303,-83.65534,1081.7,3,0,0,26,0x03,32,5,14,4,-91,-98,469.78,7.164,469.884,41.870,100%,3.768,4.038,4065,3540,0,3539,0,,0.00000,0.00000,0.0,0,0.0,-50,-16.8
J.Herter_T1,2026-02-28,12:28:24.823,39.85423,-83.65597,1091.4,39.85303,-83.65534,1081.8,3,0,0,70,0x03,32,4,15,4,-93,-96,469.81,7.191,469.904,33.260,100%,3.789,4.039,4066,3541,0,3540,0,,0.00000,0.00000,0.0,0,0.0,-50,-16.8
J.Herter_T1,2026-02-28,12:28:25.813,39.85423,-83.65597,1091.4,39.85303,-83.65534,1081.7,3,0,0,-23,0x03,32,5,14,4,-106,-98,469.83,7.138,469.926,7.446,100%,3.789,4.037,4067,3542,0,3541,0,,0.00000,0.00000,0.0,0,0.0,-50,-16.8
J.Herter_T1,2026-02-28,12:28:26.800,39.85423,-83.65597,1091.4,39.85303,-83.65534,1081.6,3,0,0,167,0x03,32,5,14,4,-92,-103,469.84,7.059,469.938,37.320,100%,3.791,4.039,4068,3543,0,3542,0,,0.00000,0.00000,0.0,0,0.0,-50,-16.8
J.Herter_T1,2026-02-28,12:28:27.820,39.85423,-83.65597,1091.4,39.85303,-83.65534,1081.7,3,0,0,161,0x03,32,5,14,4,-85,-95,469.84,7.092,469.938,83.550,100%,3.791,4.039,4069,3544,0,3543,0,,0.00000,0.00000,0.0,0,0.0,-50,-16.8
J.Herter_T1,2026-02-28,12:28:28.811,39.85423,-83.65597,1091.4,39.85303,-83.65534,1081.7,3,0,0,-43,0x03,32,5,15,3,-91,-91,469.84,7.138,469.937,41.874,100%,3.791,4.040,4070,3545,0,3544,0,,0.00000,0.00000,0.0,0,0.0,-50,-16.8
J.Herter_T1,2026-02-28,12:28:29.802,39.85423,-83.65597,1091.4,39.85303,-83.65534,1081.7,3,0,0,-96,0x03,32,5,15,3,-96,-93,469.84,7.076,469.938,23.548,100%,3.789,4.040,4071,3546,0,3545,0,,0.00000,0.00000,0.0,0,0.0,-50,-16.8
J.Herter_T1,2026-02-28,12:28:30.820,39.85423,-83.65597,1091.4,39.85303,-83.65534,1081.7,3,0,0,21,0x03,32,4,16,3,-98,-96,469.83,7.099,469.927,18.704,100%,3.789,4.041,4072,3547,0,3546,0,,0.00000,0.00000,0.0,0,0.0,-50,-16.8
J.Herter_T1,2026-02-28,12:28:31.810,39.85423,-83.65597,1091.4,39.85303,-83.65534,1081.7,3,0,0,114,0x03,32,5,15,3,-87,-103,469.84,7.128,469.937,66.366,100%,3.791,4.040,4073,3548,0,3547,0,,0.00000,0.00000,0.0,0,0.0,-50,-16.8
J.Herter_T1,2026-02-28,12:28:32.832,39.85423,-83.65597,1091.4,39.85303,-83.65534,1081.7,3,0,0,156,0x03,32,5,15,3,-84,-91,469.85,7.128,469.947,93.747,100%,3.791,4.040,4074,3549,0,3548,0,,0.00000,0.00000,0.0,0,0.0,-50,-16.8
J.Herter_T1,2026-02-28,12:28:33.822,39.85423,-83.65597,1091.4,39.85303,-83.65534,1081.7,3,0,0,-46,0x03,32,5,15,3,-88,-87,469.85,7.161,469.947,59.150,100%,3.791,4.039,4075,3550,0,3549,0,,0.00000,0.00000,0.0,0,0.0,-50,-16.8
J.Herter_T1,2026-02-28,12:28:34.812,39.85423,-83.65597,1091.4,39.85303,-83.65534,1081.8,3,0,0,-4,0x03,32,5,15,3,-89,-87,469.86,7.197,469.956,52.719,100%,3.772,4.040,4076,3551,0,3550,0,,0.00000,0.00000,0.0,0,0.0,-50,-16.8
J.Herter_T1,2026-02-28,12:28:35.833,39.85423,-83.65597,1091.4,39.85303,-83.65534,1081.9,3,0,0,-56,0x03,32,4,16,3,-88,-93,469.85,7.276,469.944,59.150,100%,3.772,4.039,4077,3552,0,3551,0,,0.00000,0.00000,0.0,0,0.0,-50,-16.8
J.Herter_T1,2026-02-28,12:28:36.823,39.85423,-83.65597,1091.4,39.85303,-83.65534,1081.9,3,0,0,-18,0x03,32,6,14,3,-92,-92,469.84,7.354,469.932,37.320,100%,3.790,4.039,4078,3553,0,3552,0,,0.00000,0.00000,0.0,0,0.0,-50,-16.8
J.Herter_T1,2026-02-28,12:28:37.810,39.85423,-83.65597,1091.4,39.85303,-83.65534,1082.0,3,0,0,-71,0x03,32,4,16,3,-93,-97,469.84,7.394,469.932,33.262,100%,3.790,4.039,4079,3554,0,3553,0,,0.00000,0.00000,0.0,0,0.0,-50,-16.8
J.Herter_T1,2026-02-28,12:28:38.833,39.85423,-83.65597,1091.4,39.85303,-83.65534,1082.0,3,0,0,-70,0x03,32,4,16,3,-98,-100,469.85,7.463,469.941,18.705,100%,3.790,4.041,4080,3555,0,3554,0,,0.00000,0.00000,0.0,0,0.0,-50,-16.8
J.Herter_T1,2026-02-28,12:28:39.822,39.85423,-83.65597,1091.4,39.85303,-83.65534,1082.1,3,0,0,-99,0x03,32,4,15,4,-97,-105,469.85,7.558,469.939,20.987,100%,3.784,4.039,4081,3556,0,3555,0,,0.00000,0.00000,0.0,0,0.0,-50,-16.8
J.Herter_T1,2026-02-28,12:28:40.811,39.85423,-83.65597,1091.4,39.85303,-83.65534,1082.2,3,0,0,4,0x03,32,4,15,4,-89,-101,469.86,7.650,469.947,52.719,100%,3.784,4.040,4082,3557,0,3556,0,,0.00000,0.00000,0.0,0,0.0,-50,-16.8
J.Herter_T1,2026-02-28,12:28:41.801,39.85423,-83.65597,1091.4,39.85303,-83.65534,1082.3,3,0,0,133,0x03,32,4,15,4,-84,-94,469.88,7.745,469.966,93.753,100%,3.789,4.039,4083,3558,0,3557,0,,0.00000,0.00000,0.0,0,0.0,-50,-16.8
J.Herter_T1,2026-02-28,12:28:42.821,39.85423,-83.65597,1091.4,39.85303,-83.65534,1082.5,3,0,0,16,0x03,32,4,15,4,-84,-89,469.89,7.870,469.974,93.755,100%,3.789,4.040,4084,3559,0,3558,0,,0.00000,0.00000,0.0,0,0.0,-50,-16.8
J.Herter_T1,2026-02-28,12:28:43.811,39.85423,-83.65597,1091.4,39.85303,-83.65534,1082.5,3,0,0,-65,0x03,32,4,15,4,-83,-91,469.91,7.889,469.995,105.200,100%,3.790,4.036,4085,3560,0,3559,0,,0.00000,0.00000,0.0,0,0.0,-50,-16.8
J.Herter_T1,2026-02-28,12:28:44.831,39.85423,-83.65597,1091.4,39.85303,-83.65534,1082.5,3,0,0,-93,0x03,32,4,15,4,-83,-87,469.92,7.873,470.006,105.202,100%,3.790,4.039,4086,3561,0,3560,0,,0.00000,0.00000,0.0,0,0.0,-50,-16.8
J.Herter_T1,2026-02-28,12:28:45.821,39.85423,-83.65597,1091.4,39.85303,-83.65534,1082.5,3,0,0,-172,0x03,32,4,15,4,-82,-88,469.94,7.866,470.026,118.044,100%,3.790,4.039,4087,3562,0,3561,0,,0.00000,0.00000,0.0,0,0.0,-50,-16.8
J.Herter_T1,2026-02-28,12:28:46.811,39.85423,-83.65597,1091.4,39.85303,-83.65534,1082.4,3,0,0,151,0x03,32,4,16,3,-92,-87,469.96,7.853,470.048,37.330,100%,3.777,4.040,4088,3563,0,3562,0,,0.00000,0.00000,0.0,0,0.0,-50,-16.8
J.Herter_T1,2026-02-28,12:28:47.832,39.85423,-83.65597,1091.4,39.85303,-83.65534,1082.4,3,0,0,-8,0x03,32,4,15,4,-91,-94,469.98,7.807,470.069,41.887,100%,3.777,4.035,4089,3564,0,3563,0,,0.00000,0.00000,0.0,0,0.0,-50,-16.8
J.Herter_T1,2026-02-28,12:28:48.821,39.85423,-83.65597,1091.4,39.85300,-83.65534,1082.4,3,0,0,63,0x03,32,4,15,4,-88,-96,478.68,7.771,478.769,60.263,100%,3.790,4.037,4090,3565,0,3564,0,,0.00000,0.00000,0.0,0,0.0,-50,-16.8
J.Herter_T1,2026-02-28,12:28:49.812,39.85423,-83.65597,1091.4,39.85300,-83.65534,1082.4,3,0,0,-4,0x03,32,4,14,5,-88,-94,478.70,7.781,478.790,60.265,100%,3.790,4.040,4091,3566,0,3565,0,,0.00000,0.00000,0.0,0,0.0,-50,-16.8
J.Herter_T1,2026-02-28,12:28:50.831,39.85423,-83.65597,1091.4,39.85300,-83.65534,1082.3,3,0,0,2,0x03,32,4,14,5,-88,-94,478.71,7.748,478.800,60.267,100%,3.788,4.039,4092,3567,0,3566,0,,0.00000,0.00000,0.0,0,0.0,-50,-16.8
J.Herter_T1,2026-02-28,12:28:51.821,39.85423,-83.65597,1091.4,39.85300,-83.65534,1082.3,3,0,0,-14,0x03,32,5,14,4,-88,-93,478.72,7.729,478.811,60.268,100%,3.788,4.038,4093,3568,0,3567,0,,0.00000,0.00000,0.0,0,0.0,-50,-16.8
J.Herter_T1,2026-02-28,12:28:52.811,39.85423,-83.65597,1091.4,39.85300,-83.65534,1082.2,3,0,0,-128,0x03,32,5,13,5,-85,-94,478.73,7.650,478.823,85.132,100%,3.788,4.039,4094,3569,0,3568,0,,0.00000,0.00000,0.0,0,0.0,-50,-16.8
J.Herter_T1,2026-02-28,12:28:53.801,39.85423,-83.65597,1091.4,39.85300,-83.65534,1082.2,3,0,0,-135,0x03,32,5,13,5,-86,-92,478.74,7.601,478.834,75.876,100%,3.767,4.037,4095,3570,0,3569,0,,0.00000,0.00000,0.0,0,0.0,-50,-16.8
J.Herter_T1,2026-02-28,12:28:54.822,39.85423,-83.65597,1091.4,39.85300,-83.65534,1082.1,3,0,0,-57,0x03,32,5,12,6,-84,-92,478.77,7.551,478.856,95.526,100%,3.767,4.040,4096,3571,0,3570,0,,0.00000,0.00000,0.0,0,0.0,-50,-16.8
J.Herter_T1,2026-02-28,12:28:55.812,39.85423,-83.65597,1091.4,39.85300,-83.65534,1082.1,3,0,0,-23,0x03,32,5,13,5,-88,-91,478.78,7.509,478.867,60.274,100%,3.787,4.037,4097,3572,0,3571,0,,0.00000,0.00000,0.0,0,0.0,-50,-16.8
J.Herter_T1,2026-02-28,12:28:56.801,39.85423,-83.65597,1091.4,39.85300,-83.65534,1082.0,3,0,0,-167,0x03,32,5,13,5,-88,-93,478.80,7.433,478.889,60.277,100%,3.787,4.041,4098,3573,0,3572,0,,0.00000,0.00000,0.0,0,0.0,-50,-16.8
J.Herter_T1,2026-02-28,12:28:57.821,39.85423,-83.65597,1091.4,39.85300,-83.65534,1082.0,3,0,0,172,0x03,32,5,12,6,-88,-91,478.82,7.371,478.910,60.279,100%,3.787,4.040,4099,3574,0,3573,0,,0.00000,0.00000,0.0,0,0.0,-50,-16.8
J.Herter_T1,2026-02-28,12:28:58.811,39.85423,-83.65597,1091.4,39.85300,-83.65534,1081.8,3,0,0,-11,0x03,32,5,12,6,-89,-93,478.83,7.243,478.923,53.725,100%,3.787,4.040,4100,3575,0,3574,0,,0.00000,0.00000,0.0,0,0.0,-50,-16.8
J.Herter_T1,2026-02-28,12:28:59.831,39.85423,-83.65597,1091.4,39.85300,-83.65534,1081.7,3,0,0,-53,0x03,32,5,12,7,-86,-94,478.83,7.109,478.926,75.889,100%,3.789,4.040,4101,3576,0,3575,0,,0.00000,0.00000,0.0,0,0.0,-50,-16.8
J.Herter_T1,2026-02-28,12:29:00.821,39.85423,-83.65597,1091.4,39.85300,-83.65534,1081.6,3,0,0,-28,0x03,32,5,12,6,-97,-92,478.84,6.977,478.939,21.389,100%,3.789,4.039,4102,3577,0,3576,0,,0.00000,0.00000,0.0,0,0.0,-50,-16.8
J.Herter_T1,2026-02-28,12:29:01.813,39.85423,-83.65597,1091.4,39.85300,-83.65534,1081.4,3,0,0,162,0x03,32,5,13,5,-88,-104,478.83,6.846,478.931,60.281,100%,3.789,4.040,4103,3578,0,3577,0,,0.00000,0.00000,0.0,0,0.0,-50,-16.8
J.Herter_T1,2026-02-28,12:29:02.803,39.85423,-83.65597,1091.4,39.85300,-83.65534,1081.3,3,0,0,-127,0x03,32,5,13,5,-85,-96,478.84,6.721,478.944,85.151,100%,3.773,4.040,4104,3579,0,3578,0,,0.00000,0.00000,0.0,0,0.0,-50,-16.8
J.Herter_T1,2026-02-28,12:29:03.821,39.85423,-83.65597,1091.4,39.85300,-83.65534,1081.2,3,0,0,-98,0x03,32,5,14,4,-92,-89,478.84,6.580,478.947,38.035,100%,3.773,4.039,4105,3580,0,3579,0,,0.00000,0.00000,0.0,0,0.0,-50,-16.8
J.Herter_T1,2026-02-28,12:29:04.812,39.85423,-83.65597,1091.4,39.85300,-83.65534,1081.0,3,0,0,76,0x03,32,5,13,5,-85,-96,478.84,6.416,478.951,85.151,100%,3.767,4.040,4106,3581,0,3580,0,,0.00000,0.00000,0.0,0,0.0,-50,-16.8
J.Herter_T1,2026-02-28,12:29:05.830,39.85423,-83.65597,1091.4,39.85300,-83.65534,1080.9,3,0,0,-149,0x03,32,5,13,5,-86,-92,478.84,6.282,478.954,75.891,100%,3.767,4.040,4107,3582,0,3581,0,,0.00000,0.00000,0.0,0,0.0,-50,-16.8
J.Herter_T1,2026-02-28,12:29:06.821,39.85423,-83.65597,1091.4,39.85300,-83.65534,1080.7,3,0,0,-23,0x03,32,5,13,5,-86,-92,478.85,6.141,478.967,75.892,100%,3.789,4.037,4108,3583,0,3582,0,,0.00000,0.00000,0.0,0,0.0,-50,-16.8
J.Herter_T1,2026-02-28,12:29:07.812,39.85423,-83.65597,1091.4,39.85300,-83.65534,1080.6,3,0,0,27,0x03,32,5,12,6,-84,-92,478.86,6.013,478.980,95.545,100%,3.789,4.035,4109,3584,0,3583,0,,0.00000,0.00000,0.0,0,0.0,-50,-16.8
J.Herter_T1,2026-02-28,12:29:08.833,39.85423,-83.65597,1091.4,39.85300,-83.65534,1080.4,3,0,0,-145,0x03,32,5,12,6,-84,-89,478.86,5.835,478.984,95.545,100%,3.791,4.036,4110,3585,0,3584,0,,0.00000,0.00000,0.0,0,0.0,-50,-16.8
J.Herter_T1,2026-02-28,12:29:09.821,39.85423,-83.65597,1091.4,39.85300,-83.65534,1080.2,3,0,0,-29,0x03,32,5,12,6,-98,-91,478.87,5.642,478.999,19.064,100%,3.791,4.040,4111,3586,0,3585,0,,0.00000,0.00000,0.0,0,0.0,-50,-16.8
J.Herter_T1,2026-02-28,12:29:10.812,39.85423,-83.65597,1091.4,39.85303,-83.65534,1080.1,3,0,0,-33,0x03,32,5,12,6,-88,-94,470.19,5.511,470.328,59.194,100%,3.791,4.041,4112,3587,0,3586,0,,0.00000,0.00000,0.0,0,0.0,-50,-16.8
J.Herter_T1,2026-02-28,12:29:11.832,39.85423,-83.65597,1091.4,39.85303,-83.65534,1079.9,3,0,0,-36,0x03,32,5,12,6,-85,-91,470.19,5.357,470.332,83.613,100%,3.771,4.039,4113,3588,0,3587,0,,0.00000,0.00000,0.0,0,0.0,-50,-16.8
J.Herter_T1,2026-02-28,12:29:12.821,39.85423,-83.65597,1091.4,39.85303,-83.65534,1079.8,3,0,0,113,0x03,32,5,12,6,-83,-91,470.21,5.173,470.357,105.267,100%,3.771,4.040,4114,3589,0,3588,0,,0.00000,0.00000,0.0,0,0.0,-50,-16.8
J.Herter_T1,2026-02-28,12:29:13.840,39.85423,-83.65597,1091.4,39.85303,-83.65533,1079.5,3,0,0,8,0x03,32,5,12,6,-86,-89,470.22,4.950,470.373,74.525,100%,3.765,4.040,4115,3590,0,3589,0,,0.00000,0.00000,0.0,0,0.0,-50,-16.8
J.Herter_T1,2026-02-28,12:29:14.839,39.85423,-83.65597,1091.4,39.85303,-83.65533,1079.4,3,0,0,-104,0x03,32,5,12,6,-86,-91,470.22,4.772,470.378,74.525,100%,3.765,4.040,4116,3591,0,3590,0,,0.00000,0.00000,0.0,0,0.0,-50,-16.8
J.Herter_T1,2026-02-28,12:29:15.849,39.85423,-83.65597,1091.4,39.85303,-83.65533,1079.2,3,0,0,-159,0x03,32,5,12,7,-85,-92,470.22,4.585,470.383,83.619,100%,3.788,4.040,4117,3592,0,3591,0,,0.00000,0.00000,0.0,0,0.0,-50,-16.8
J.Herter_T1,2026-02-28,12:29:16.811,39.85423,-83.65597,1091.4,39.85303,-83.65533,1079.0,3,0,0,109,0x03,32,5,12,6,-98,-110,470.22,4.402,470.387,18.720,100%,3.788,4.040,4118,3593,0,3592,0,,0.00000,0.00000,0.0,0,0.0,-50,-16.8
J.Herter_T1,2026-02-28,12:29:17.830,39.85423,-83.65597,1091.4,39.85303,-83.65533,1078.8,3,0,0,28,0x03,32,5,12,6,-81,-100,470.23,4.231,470.402,132.530,100%,3.790,4.040,4119,3594,0,3593,0,,0.00000,0.00000,0.0,0,0.0,-50,-16.8
J.Herter_T1,2026-02-28,12:29:19.843,39.85422,-83.65594,1087.4,39.85303,-83.65533,1078.4,3,0,0,-10,0x03,32,5,12,6,-89,-86,466.93,7.894,467.011,52.390,94%,3.790,4.040,4121,3595,0,3594,0,,0.00000,0.00000,0.0,0,0.0,-50,-16.8
J.Herter_T1,2026-02-28,12:29:20.830,39.85422,-83.65594,1087.4,39.85303,-83.65533,1078.3,3,0,0,166,0x03,32,5,12,6,-93,-95,466.93,7.743,467.014,33.056,94%,3.791,4.040,4122,3596,0,3595,0,,0.00000,0.00000,0.0,0,0.0,-50,-16.8
J.Herter_T1,2026-02-28,12:29:21.822,39.85422,-83.65594,1087.4,39.85303,-83.65533,1078.1,3,0,0,73,0x03,32,5,12,6,-95,-96,466.93,7.556,467.018,26.257,94%,3.791,4.040,4123,3597,0,3596,0,,0.00000,0.00000,0.0,0,0.0,-50,-16.8
J.Herter_T1,2026-02-28,12:29:22.811,39.85422,-83.65594,1087.4,39.85303,-83.65533,1078.0,3,0,0,-27,0x03,32,5,12,6,-96,-96,466.94,7.421,467.030,23.402,94%,3.787,4.039,4124,3598,0,3597,0,,0.00000,0.00000,0.0,0,0.0,-50,-16.8
J.Herter_T1,2026-02-28,12:29:23.861,39.85422,-83.65594,1087.4,39.85303,-83.65533,1077.8,3,0,0,-28,0x03,32,5,12,6,-96,-97,466.94,7.234,467.034,23.402,94%,3.787,4.040,4125,3599,0,3598,0,,0.00000,0.00000,0.0,0,0.0,-50,-16.8
J.Herter_T1,2026-02-28,12:29:24.823,39.85422,-83.65594,1087.4,39.85303,-83.65533,1077.7,3,0,0,174,0x03,32,5,12,6,-94,-99,466.94,7.100,467.037,29.462,94%,3.784,4.040,4126,3600,0,3599,0,,0.00000,0.00000,0.0,0,0.0,-50,-16.8
J.Herter_T1,2026-02-28,12:29:25.813,39.85422,-83.65594,1087.4,39.85303,-83.65533,1077.5,3,0,0,2,0x03,32,5,12,6,-95,-98,466.96,6.968,467.060,26.259,94%,3.784,4.040,4127,3601,0,3600,0,,0.00000,0.00000,0.0,0,0.0,-50,-16.8
J.Herter_T1,2026-02-28,12:29:26.860,39.85422,-83.65594,1087.4,39.85303,-83.65533,1077.4,3,0,0,162,0x03,32,5,12,6,-94,-100,466.96,6.844,467.063,29.463,94%,3.784,4.039,4128,3602,0,3601,0,,0.00000,0.00000,0.0,0,0.0,-50,-16.8
J.Herter_T1,2026-02-28,12:29:27.822,39.85422,-83.65594,1087.4,39.85303,-83.65533,1077.3,3,0,0,152,0x03,32,5,12,5,-96,-97,466.98,6.716,467.086,23.404,94%,3.786,4.040,4129,3603,0,3602,0,,0.00000,0.00000,0.0,0,0.0,-50,-16.8
J.Herter_T1,2026-02-28,12:29:28.812,39.85422,-83.65594,1087.4,39.85303,-83.65533,1077.2,3,0,0,-35,0x03,32,5,12,5,-102,-104,466.99,6.601,467.098,11.730,94%,3.786,4.039,4130,3604,0,3603,0,,0.00000,0.00000,0.0,0,0.0,-50,-16.8
J.Herter_T1,2026-02-28,12:29:29.861,39.85422,-83.65594,1087.4,39.85303,-83.65533,1077.0,3,0,0,3,0x03,32,5,12,6,-102,-108,466.99,6.443,467.102,11.730,96%,3.789,4.040,4131,3605,0,3604,0,,0.00000,0.00000,0.0,0,0.0,-50,-16.8
J.Herter_T1,2026-02-28,12:29:30.823,39.85422,-83.65594,1087.4,39.85303,-83.65533,1076.9,3,0,0,51,0x03,32,4,13,6,-111,-109,467.00,6.338,467.114,4.162,96%,3.789,4.039,4132,3606,0,3605,0,,0.00000,0.00000,0.0,0,0.0,-50,-16.8
J.Herter_T1,2026-02-28,12:29:31.842,39.85422,-83.65594,1087.4,39.85303,-83.65533,1076.8,3,0,0,102,0x03,32,5,12,6,-93,-102,466.99,6.230,467.106,33.060,96%,3.787,4.041,4133,3607,0,3606,0,,0.00000,0.00000,0.0,0,0.0,-50,-16.8
J.Herter_T1,2026-02-28,12:29:32.861,39.85422,-83.65594,1087.4,39.85303,-83.65533,1076.6,3,0,0,180,0x03,32,5,12,6,-89,-97,466.99,6.092,467.110,52.397,96%,3.787,4.039,4134,3608,0,3607,0,,0.00000,0.00000,0.0,0,0.0,-50,-16.8
J.Herter_T1,2026-02-28,12:29:33.852,39.85422,-83.65594,1087.4,39.85303,-83.65533,1076.5,3,0,0,131,0x03,32,5,12,6,-91,-94,466.98,5.912,467.104,41.619,96%,3.787,4.039,4135,3609,0,3608,0,,0.00000,0.00000,0.0,0,0.0,-50,-16.8
J.Herter_T1,2026-02-28,12:29:34.813,39.85422,-83.65594,1087.4,39.85303,-83.65533,1076.3,3,0,0,-156,0x03,32,5,12,6,-93,-97,466.98,5.741,467.108,33.059,96%,3.787,4.038,4136,3610,0,3609,0,,0.00000,0.00000,0.0,0,0.0,-50,-16.8
J.Herter_T1,2026-02-28,12:29:35.803,39.85422,-83.65594,1087.4,39.85303,-83.65533,1076.1,3,0,0,-108,0x03,32,4,12,7,-87,-85,466.97,5.505,467.103,65.961,96%,3.787,4.040,4137,3611,0,3610,0,,0.00000,0.00000,0.0,0,0.0,-50,-16.8
J.Herter_T1,2026-02-28,12:29:36.822,39.85422,-83.65594,1087.4,39.85303,-83.65533,1075.9,3,0,0,35,0x03,32,4,12,7,-91,-93,466.96,5.312,467.098,41.617,96%,3.771,4.040,4138,3612,0,3611,0,,0.00000,0.00000,0.0,0,0.0,-50,-16.8
J.Herter_T1,2026-02-28,12:29:38.862,39.85422,-83.65594,1087.4,39.85303,-83.65533,1075.5,3,0,0,-135,0x03,32,4,12,7,-96,-94,466.93,4.947,467.077,23.402,94%,3.784,4.040,4140,3613,0,3612,0,,0.00000,0.00000,0.0,0,0.0,-50,-16.8
J.Herter_T1,2026-02-28,12:29:39.822,39.85422,-83.65594,1087.4,39.85303,-83.65533,1075.4,3,0,0,-52,0x03,32,4,12,7,-94,-98,466.93,4.810,467.080,29.461,94%,3.784,4.038,4141,3614,0,3613,0,,0.00000,0.00000,0.0,0,0.0,-50,-16.8
J.Herter_T1,2026-02-28,12:29:40.811,39.85422,-83.65594,1087.4,39.85303,-83.65533,1075.2,3,0,0,135,0x03,32,4,11,8,-88,-97,466.93,4.682,467.084,58.782,94%,3.786,4.041,4142,3615,0,3614,0,,0.00000,0.00000,0.0,0,0.0,-50,-16.8
J.Herter_T1,2026-02-28,12:29:41.803,39.85422,-83.65594,1087.4,39.85303,-83.65533,1075.1,3,0,0,68,0x03,32,4,11,8,-93,-94,466.92,4.547,467.077,33.055,94%,3.786,4.040,4143,3616,0,3615,0,,0.00000,0.00000,0.0,0,0.0,-50,-16.8
J.Herter_T1,2026-02-28,12:29:42.821,39.85422,-83.65594,1087.4,39.85303,-83.65533,1075.0,3,0,0,-9,0x03,32,4,12,7,-86,-97,466.91,4.403,467.071,73.999,94%,3.789,4.040,4144,3617,0,3616,0,,0.00000,0.00000,0.0,0,0.0,-50,-16.8
J.Herter_T1,2026-02-28,12:29:43.812,39.85422,-83.65594,1087.4,39.85303,-83.65534,1074.8,3,0,0,90,0x03,32,4,12,7,-85,-92,466.88,4.275,467.054,83.025,94%,3.789,4.040,4145,3618,0,3617,0,,0.00000,0.00000,0.0,0,0.0,-50,-16.8
J.Herter_T1,2026-02-28,12:29:44.833,39.85422,-83.65594,1087.4,39.85303,-83.65534,1074.7,3,0,0,-160,0x03,32,4,12,7,-83,-92,466.87,4.117,467.048,104.520,94%,3.789,4.040,4146,3619,0,3618,0,,0.00000,0.00000,0.0,0,0.0,-50,-16.8
J.Herter_T1,2026-02-28,12:29:45.822,39.85422,-83.65594,1087.4,39.85303,-83.65534,1074.5,3,0,0,-87,0x03,32,4,12,7,-82,-88,466.84,3.960,467.022,117.266,94%,3.787,4.039,4147,3620,0,3619,0,,0.00000,0.00000,0.0,0,0.0,-50,-16.8
J.Herter_T1,2026-02-28,12:29:46.813,39.85422,-83.65594,1087.4,39.85303,-83.65534,1074.4,3,0,0,-153,0x03,32,4,12,7,-83,-87,466.82,3.852,467.005,104.509,94%,3.787,4.040,4148,3621,0,3620,0,,0.00000,0.00000,0.0,0,0.0,-50,-16.8
J.Herter_T1,2026-02-28,12:29:47.833,39.85422,-83.65594,1087.4,39.85303,-83.65534,1074.3,3,0,0,160,0x03,32,4,12,7,-87,-89,466.80,3.727,466.988,65.938,94%,3.790,4.039,4149,3622,0,3621,0,,0.00000,0.00000,0.0,0,0.0,-50,-16.8
J.Herter_T1,2026-02-28,12:29:48.823,39.85422,-83.65594,1087.4,39.85303,-83.65534,1074.2,3,0,0,53,0x03,32,4,12,7,-89,-93,466.78,3.599,466.972,52.374,96%,3.790,4.040,4150,3623,0,3622,0,,0.00000,0.00000,0.0,0,0.0,-50,-16.8
J.Herter_T1,2026-02-28,12:29:49.812,39.85422,-83.65594,1087.4,39.85303,-83.65534,1074.0,3,0,0,-43,0x03,32,4,13,6,-95,-95,466.76,3.419,466.957,26.248,96%,3.788,4.038,4151,3624,0,3623,0,,0.00000,0.00000,0.0,0,0.0,-50,-16.8
J.Herter_T1,2026-02-28,12:29:50.804,39.85422,-83.65594,1087.4,39.85303,-83.65534,1073.8,3,0,0,-19,0x03,32,4,13,6,-97,-99,466.73,3.294,466.930,20.848,96%,3.788,4.040,4152,3625,0,3624,0,,0.00000,0.00000,0.0,0,0.0,-50,-16.8
J.Herter_T1,2026-02-28,12:29:51.822,39.85422,-83.65594,1087.4,39.85303,-83.65534,1073.7,3,0,0,-57,0x03,32,4,12,7,-88,-99,466.71,3.189,466.913,58.756,96%,3.788,4.039,4153,3626,0,3625,0,,0.00000,0.00000,0.0,0,0.0,-50,-16.8
J.Herter_T1,2026-02-28,12:29:52.812,39.85422,-83.65594,1087.4,39.85303,-83.65534,1073.7,3,0,0,158,0x03,32,4,12,7,-88,-93,466.70,3.110,466.905,58.754,96%,3.783,4.040,4154,3627,0,3626,0,,0.00000,0.00000,0.0,0,0.0,-50,-16.8
J.Herter_T1,2026-02-28,12:29:53.802,39.85422,-83.65594,1087.4,39.85303,-83.65534,1073.6,3,0,0,180,0x03,32,4,12,7,-87,-94,466.70,3.031,466.908,65.924,96%,3.783,4.039,4155,3628,0,3627,0,,0.00000,0.00000,0.0,0,0.0,-50,-16.8
J.Herter_T1,2026-02-28,12:29:54.822,39.85422,-83.65594,1087.4,39.85303,-83.65534,1073.6,3,0,0,109,0x03,32,4,12,7,-87,-93,466.69,3.028,466.898,65.922,96%,3.787,4.040,4156,3629,0,3628,0,,0.00000,0.00000,0.0,0,0.0,-50,-16.8
J.Herter_T1,2026-02-28,12:29:55.811,39.85422,-83.65594,1087.4,39.85303,-83.65534,1073.6,3,0,0,-169,0x03,32,4,12,7,-84,-92,466.67,3.022,466.878,93.114,96%,3.787,4.039,4157,3630,0,3629,0,,0.00000,0.00000,0.0,0,0.0,-50,-16.8
J.Herter_T1,2026-02-28,12:29:56.833,39.85422,-83.65594,1087.4,39.85303,-83.65534,1073.6,3,0,0,-99,0x03,32,4,12,7,-84,-91,466.65,3.031,466.857,93.110,96%,3.785,4.040,4158,3631,0,3630,0,,0.00000,0.00000,0.0,0,0.0,-50,-16.8
J.Herter_T1,2026-02-28,12:29:57.821,39.85422,-83.65594,1087.4,39.85303,-83.65534,1073.6,3,0,0,18,0x03,32,4,13,6,-87,-89,466.63,3.051,466.837,65.914,100%,3.785,4.039,4159,3632,0,3631,0,,0.00000,0.00000,0.0,0,0.0,-50,-16.8
J.Herter_T1,2026-02-28,12:31:25.814,39.85422,-83.65594,1087.4,39.85303,-83.65535,1088.9,3,0,0,90,0x01,32,3,11,8,-94,-92,465.53,18.307,465.529,29.373,100%,3.784,4.038,4160,3633,0,3632,0,,0.00000,0.00000,0.0,0,0.0,-50,-16.8
J.Herter_T1,2026-02-28,12:31:26.803,39.85422,-83.65594,1087.4,39.85303,-83.65535,1088.8,3,0,0,37,0x01,32,4,11,8,-91,-98,465.55,18.215,465.548,41.492,100%,3.786,4.026,4161,3634,8,3633,0,,0.00000,0.00000,0.0,0,0.0,-50,-16.8
J.Herter_T1,2026-02-28,12:31:27.822,39.85422,-83.65594,1087.4,39.85303,-83.65535,1088.7,3,0,0,78,0x01,32,4,11,8,-100,-95,465.57,18.107,465.567,14.722,100%,3.786,4.040,4162,3635,8,3634,0,,0.00000,0.00000,0.0,0,0.0,-50,-16.8
J.Herter_T1,2026-02-28,12:31:28.812,39.85422,-83.65594,1087.4,39.85303,-83.65535,1088.6,3,0,0,37,0x01,32,4,11,8,-97,-102,465.60,18.028,465.597,20.797,100%,3.784,4.026,4163,3636,8,3635,0,,0.00000,0.00000,0.0,0,0.0,-50,-16.8
J.Herter_T1,2026-02-28,12:31:29.804,39.85422,-83.65594,1087.4,39.85303,-83.65535,1088.6,3,0,0,130,0x01,32,3,12,8,-91,-103,465.62,18.074,465.617,41.498,100%,3.784,4.038,4164,3637,8,3636,0,,0.00000,0.00000,0.0,0,0.0,-50,-16.8
J.Herter_T1,2026-02-28,12:31:30.822,39.85422,-83.65594,1087.4,39.85303,-83.65535,1088.6,3,0,0,-153,0x01,32,3,12,8,-93,-96,465.64,18.048,465.647,32.965,100%,3.784,4.040,4165,3638,8,3637,0,,0.00000,0.00000,0.0,0,0.0,-50,-16.8
J.Herter_T1,2026-02-28,12:31:31.843,39.85422,-83.65594,1087.4,39.85303,-83.65535,1088.5,3,0,0,124,0x01,32,3,12,8,-88,-98,465.65,17.963,465.656,58.622,88%,3.783,4.039,4167,3639,8,3638,0,,0.00000,0.00000,0.0,0,0.0,-50,-16.8
J.Herter_T1,2026-02-28,12:31:32.832,39.85422,-83.65594,1087.4,39.85303,-83.65535,1088.5,3,0,0,-139,0x01,32,3,12,8,-91,-98,465.68,17.917,465.686,41.504,89%,3.783,4.040,4168,3640,8,3639,0,,0.00000,0.00000,0.0,0,0.0,-50,-16.8
J.Herter_T1,2026-02-28,12:31:33.823,39.85422,-83.65594,1087.4,39.85303,-83.65535,1088.4,3,0,0,23,0x01,32,3,12,8,-86,-94,465.70,17.874,465.706,73.809,90%,3.786,4.039,4169,3641,8,3640,0,,0.00000,0.00000,0.0,0,0.0,-50,-16.8
J.Herter_T1,2026-02-28,12:31:34.813,39.85422,-83.65594,1087.4,39.85303,-83.65535,1088.4,3,0,0,75,0x01,32,3,12,8,-83,-92,465.72,17.812,465.725,104.263,91%,3.786,4.039,4170,3642,8,3641,0,,0.00000,0.00000,0.0,0,0.0,-50,-16.8
J.Herter_T1,2026-02-28,12:31:35.802,39.85422,-83.65594,1087.4,39.85303,-83.65535,1088.3,3,0,0,168,0x01,32,3,11,9,-82,-89,465.74,17.736,465.745,116.990,92%,3.782,4.040,4171,3643,8,3642,0,,0.00000,0.00000,0.0,0,0.0,-50,-16.8
J.Herter_T1,2026-02-28,12:31:36.822,39.85422,-83.65594,1087.4,39.85303,-83.65535,1088.2,3,0,0,66,0x01,32,3,11,9,-87,-89,465.77,17.657,465.775,65.792,92%,3.782,4.039,4172,3644,8,3643,0,,0.00000,0.00000,0.0,0,0.0,-50,-16.8
J.Herter_T1,2026-02-28,12:31:37.813,39.85422,-83.65594,1087.4,39.85303,-83.65535,1088.1,3,0,0,-127,0x01,32,3,11,9,-88,-94,465.80,17.536,465.804,58.641,92%,3.788,4.037,4173,3645,8,3644,0,,0.00000,0.00000,0.0,0,0.0,-50,-16.8
J.Herter_T1,2026-02-28,12:31:38.803,39.85423,-83.65596,1090.4,39.85303,-83.65535,1088.0,3,0,0,21,0x01,32,3,11,9,-106,-94,469.43,14.345,469.439,7.440,93%,3.788,4.039,4174,3646,8,3645,0,,0.00000,0.00000,0.0,0,0.0,-50,-16.8
J.Herter_T1,2026-02-28,12:31:39.822,39.85423,-83.65596,1090.4,39.85303,-83.65535,1087.9,3,0,0,-48,0x01,32,3,11,9,-86,-118,469.45,14.243,469.460,74.403,93%,3.788,4.038,4175,3647,8,3646,0,,0.00000,0.00000,0.0,0,0.0,-50,-16.8
J.Herter_T1,2026-02-28,12:31:40.813,39.85423,-83.65596,1090.4,39.85303,-83.65535,1087.8,3,0,0,-153,0x01,32,3,11,9,-85,-118,469.47,14.148,469.481,83.485,93%,3.764,4.040,4176,3648,8,3647,0,,0.00000,0.00000,0.0,0,0.0,-50,-16.8
J.Herter_T1,2026-02-28,12:31:41.805,39.85423,-83.65596,1090.4,39.85303,-83.65535,1087.6,3,0,0,-45,0x01,32,3,11,9,-85,-91,469.50,14.030,469.512,83.491,96%,3.764,4.038,4177,3649,8,3648,0,,0.00000,0.00000,0.0,0,0.0,-50,-16.8
J.Herter_T1,2026-02-28,12:31:42.823,39.85423,-83.65596,1090.4,39.85303,-83.65535,1087.6,3,0,0,-4,0x01,32,3,11,9,-85,-91,469.51,13.988,469.523,83.493,96%,3.785,4.040,4178,3650,8,3649,0,,0.00000,0.00000,0.0,0,0.0,-50,-16.8
J.Herter_T1,2026-02-28,12:31:43.812,39.85423,-83.65596,1090.4,39.85303,-83.65535,1087.6,3,0,0,-146,0x01,32,3,11,9,-95,-91,469.51,13.951,469.523,26.403,96%,3.785,4.039,4179,3651,8,3650,0,,0.00000,0.00000,0.0,0,0.0,-50,-16.8
J.Herter_T1,2026-02-28,12:31:44.802,39.85423,-83.65596,1090.4,39.85303,-83.65535,1087.5,3,0,0,-116,0x01,32,3,11,9,-87,-99,469.53,13.886,469.544,66.324,96%,3.784,4.040,4180,3652,8,3651,0,,0.00000,0.00000,0.0,0,0.0,-50,-16.8
J.Herter_T1,2026-02-28,12:31:45.822,39.85423,-83.65596,1090.4,39.85303,-83.65535,1087.4,3,0,0,-177,0x01,32,3,11,9,-88,-93,469.54,13.840,469.555,59.112,96%,3.784,4.038,4181,3653,8,3652,0,,0.00000,0.00000,0.0,0,0.0,-50,-16.8
J.Herter_T1,2026-02-28,12:31:47.802,39.85423,-83.65596,1090.4,39.85303,-83.65535,1087.4,3,0,0,-158,0x01,32,3,11,9,-87,-99,469.57,13.784,469.575,66.328,96%,3.785,4.036,4183,3655,8,3653,0,,0.00000,0.00000,0.0,0,0.0,-50,-16.8
J.Herter_T1,2026-02-28,12:31:48.822,39.85423,-83.65596,1090.4,39.85303,-83.65535,1087.4,3,0,0,-52,0x01,32,3,11,9,-87,-93,469.57,13.748,469.576,66.328,96%,3.785,4.039,4184,3656,8,3654,0,,0.00000,0.00000,0.0,0,0.0,-50,-16.8
J.Herter_T1,2026-02-28,12:31:49.812,39.85423,-83.65596,1090.4,39.85303,-83.65535,1087.3,3,0,0,-153,0x01,32,3,11,9,-86,-93,469.58,13.718,469.586,74.423,96%,3.763,4.038,4185,3657,8,3655,0,,0.00000,0.00000,0.0,0,0.0,-50,-16.8
J.Herter_T1,2026-02-28,12:31:50.803,39.85423,-83.65596,1090.4,39.85303,-83.65535,1087.3,3,0,0,-74,0x01,32,3,11,9,-86,-92,469.59,13.728,469.596,74.424,100%,3.763,4.039,4186,3658,8,3656,0,,0.00000,0.00000,0.0,0,0.0,-50,-16.8
J.Herter_T1,2026-02-28,12:31:51.882,39.85423,-83.65596,1090.4,39.85303,-83.65535,1087.4,3,0,0,14,0x01,32,3,11,9,-88,-92,469.61,13.758,469.617,59.120,100%,3.761,4.038,4187,3659,8,3657,0,,0.00000,0.00000,0.0,0,0.0,-50,-16.8
J.Herter_T1,2026-02-28,12:31:52.812,39.85423,-83.65596,1090.4,39.85303,-83.65535,1087.3,3,0,0,101,0x01,32,3,11,9,-87,-93,469.62,13.728,469.627,66.335,100%,3.761,4.023,4188,3660,8,3658,0,,0.00000,0.00000,0.0,0,0.0,-50,-16.8
J.Herter_T1,2026-02-28,12:31:53.802,39.85423,-83.65596,1090.4,39.85303,-83.65534,1101.9,3,5,110,64,0x01,31,4,7,11,-97,-93,470.22,28.262,470.354,21.004,100%,3.784,4.038,4189,3661,8,3659,0,,0.00000,0.00000,0.0,0,0.0,-50,-16.8
J.Herter_T1,2026-02-28,12:31:54.853,39.85423,-83.65596,1090.4,39.85300,-83.65529,1359.4,3,37,391,141,0x01,18,4,8,3,-86,-91,484.47,285.756,554.102,76.783,100%,3.784,4.040,4190,3662,8,3660,0,,0.00000,0.00000,0.0,0,0.0,-50,-16.8
J.Herter_T1,2026-02-28,12:31:55.814,39.85423,-83.65596,1090.4,39.85293,-83.65520,1762.3,3,35,341,138,0x01,19,4,10,0,-91,-94,520.34,688.702,849.799,46.375,100%,3.780,4.038,4191,3663,8,3661,0,,0.00000,0.00000,0.0,0,0.0,-50,-16.8
J.Herter_T1,2026-02-28,12:31:56.833,39.85423,-83.65596,1090.4,39.85285,-83.65512,2086.4,3,34,303,140,0x01,23,5,5,6,-94,-93,554.93,1012.793,1140.120,35.014,100%,3.780,4.040,4192,3664,8,3662,0,,0.00000,0.00000,0.0,0,0.0,-50,-16.8
J.Herter_T1,2026-02-28,12:31:57.825,39.85423,-83.65596,1090.4,39.85278,-83.65504,2373.0,3,33,266,139,0x01,24,5,12,1,-95,-98,589.70,1299.391,1411.627,33.161,100%,3.780,4.039,4193,3665,8,3663,0,,0.00000,0.00000,0.0,0,0.0,-50,-16.8
J.Herter_T1,2026-02-28,12:31:58.842,39.85423,-83.65596,1090.4,39.85270,-83.65497,2624.9,3,33,230,140,0x01,24,4,8,6,-99,-98,624.21,1551.248,1656.521,22.148,100%,3.783,4.040,4194,3666,8,3664,0,,0.00000,0.00000,0.0,0,0.0,-50,-16.8
J.Herter_T1,2026-02-28,12:31:59.803,39.85423,-83.65596,1090.4,39.85262,-83.65489,2840.5,3,32,195,140,0x01,30,4,14,5,-105,-103,658.68,1766.930,1869.943,11.713,100%,3.783,4.038,4195,3667,8,3665,0,,0.00000,0.00000,0.0,0,0.0,-50,-16.8
J.Herter_T1,2026-02-28,12:32:00.822,39.85423,-83.65596,1090.4,39.85257,-83.65484,2972.5,3,32,172,140,0x01,30,3,14,6,-103,-110,682.02,1898.879,2001.808,15.269,100%,3.780,4.039,4196,3668,8,3666,0,,0.00000,0.00000,0.0,0,0.0,-50,-16.8
J.Herter_T1,2026-02-28,12:32:01.815,39.85423,-83.65596,1090.4,39.85249,-83.65474,3170.1,3,32,128,140,0x01,31,3,15,5,-99,-103,719.48,2096.517,2200.619,25.528,100%,3.780,4.037,4197,3669,8,3667,0,,0.00000,0.00000,0.0,0,0.0,-50,-16.8
J.Herter_T1,2026-02-28,12:32:02.803,39.85423,-83.65596,1090.4,39.85242,-83.65467,3283.9,3,31,95,140,0x01,31,4,13,6,-106,-102,754.07,2210.283,2319.447,11.951,100%,3.780,4.037,4198,3670,8,3668,0,,0.00000,0.00000,0.0,0,0.0,-50,-16.8
J.Herter_T1,2026-02-28,12:32:03.822,39.85423,-83.65596,1090.4,39.85236,-83.65460,3358.4,3,31,66,140,0x01,31,4,15,4,-118,-108,779.26,2284.749,2398.055,3.102,100%,3.783,4.039,4199,3671,8,3669,0,,0.00000,0.00000,0.0,0,0.0,-50,-16.8
J.Herter_T1,2026-02-28,12:32:04.814,39.85423,-83.65596,1090.4,39.85229,-83.65453,3410.2,3,31,34,140,0x01,32,5,11,6,-115,-119,813.56,2336.543,2458.236,4.575,100%,3.783,4.037,4200,3672,8,3670,0,,0.00000,0.00000,0.0,0,0.0,-50,-16.8
J.Herter_T1,2026-02-28,12:32:05.802,39.85423,-83.65596,1090.4,39.85221,-83.65446,3430.0,3,29,0,140,0x01,32,3,16,5,-104,-114,848.65,2356.406,2488.732,16.933,100%,3.783,4.036,4201,3673,8,3671,0,,0.00000,0.00000,0.0,0,0.0,-50,-16.8
J.Herter_T1,2026-02-28,12:32:06.853,39.85423,-83.65596,1090.4,39.85216,-83.65439,3420.4,3,23,-26,141,0x01,31,3,17,3,-96,-103,874.02,2346.812,2488.512,43.805,100%,3.765,4.039,4202,3674,8,3672,0,,0.00000,0.00000,0.0,0,0.0,-50,-16.8
J.Herter_T1,2026-02-28,12:32:07.813,39.85423,-83.65596,1090.4,39.85211,-83.65434,3380.5,3,14,-52,138,0x01,31,4,18,2,-109,-101,896.73,2306.901,2459.372,10.061,100%,3.765,4.037,4203,3675,8,3673,0,,0.00000,0.00000,0.0,0,0.0,-50,-16.8
J.Herter_T1,2026-02-28,12:32:08.834,39.85423,-83.65596,1090.4,39.85208,-83.65432,3313.3,3,15,-74,146,0x01,32,8,15,1,-94,-125,908.34,2239.706,2401.297,57.312,100%,3.783,4.039,4204,3676,8,3674,0,,0.00000,0.00000,0.0,0,0.0,-50,-16.8
J.Herter_T1,2026-02-28,12:32:09.824,39.85423,-83.65596,1090.4,39.85206,-83.65430,3243.5,3,5,-63,-171,0x01,32,9,14,2,-97,-96,919.36,2169.890,2341.122,41.066,100%,3.783,4.037,4205,3677,8,3675,0,,0.00000,0.00000,0.0,0,0.0,-50,-16.8
J.Herter_T1,2026-02-28,12:32:10.814,39.85423,-83.65596,1090.4,39.85203,-83.65430,3175.7,3,3,-59,13,0x01,31,8,13,3,-100,-100,926.79,2102.117,2281.959,29.308,100%,3.783,4.039,4206,3678,8,3676,0,,0.00000,0.00000,0.0,0,0.0,-50,-16.8
J.Herter_T1,2026-02-28,12:32:11.802,39.85423,-83.65596,1090.4,39.85203,-83.65428,3122.7,3,10,-54,169,0x01,32,8,13,2,-92,-99,929.22,2049.083,2234.608,73.811,100%,3.783,4.037,4207,3679,8,3677,0,,0.00000,0.00000,0.0,0,0.0,-50,-16.8
J.Herter_T1,2026-02-28,12:32:12.853,39.85423,-83.65596,1090.4,39.85201,-83.65430,3061.4,3,4,-58,150,0x01,32,3,17,3,-95,-104,935.99,1987.833,2181.950,52.635,100%,3.787,4.040,4208,3680,8,3678,0,,0.00000,0.00000,0.0,0,0.0,-50,-16.8
J.Herter_T1,2026-02-28,12:32:13.842,39.85421,-83.65599,1087.6,39.85201,-83.65431,3003.6,3,6,-56,137,0x01,32,6,16,1,-96,-93,934.55,1932.883,2131.809,46.838,100%,3.787,4.040,4209,3681,8,3679,0,,0.00000,0.00000,0.0,0,0.0,-50,-16.8
J.Herter_T1,2026-02-28,12:32:14.802,39.85421,-83.65599,1087.6,39.85201,-83.65432,2944.4,3,9,-65,162,0x01,31,2,14,7,-91,-111,932.99,1873.697,2078.077,83.153,100%,3.787,4.039,4210,3682,8,3680,0,,0.00000,0.00000,0.0,0,0.0,-50,-16.8
J.Herter_T1,2026-02-28,12:32:15.854,39.85420,-83.65604,1084.4,39.85198,-83.65431,2887.1,3,5,-55,-66,0x01,32,8,17,2,-87,-94,944.54,1819.498,2035.128,133.420,100%,3.763,4.038,4211,3683,8,3681,0,,0.00000,0.00000,0.0,0,0.0,-50,-16.8
J.Herter_T1,2026-02-28,12:32:16.814,39.85418,-83.65608,1081.4,39.85198,-83.65431,2832.2,3,14,-46,-99,0x01,32,9,12,4,-88,-89,944.50,1767.697,1989.370,118.906,100%,3.763,4.040,4212,3684,8,3682,0,,0.00000,0.00000,0.0,0,0.0,-50,-16.8
J.Herter_T1,2026-02-28,12:32:17.802,39.85415,-83.65609,1080.7,39.85198,-83.65430,2778.3,3,7,-49,-171,0x01,32,3,18,4,-99,-99,936.63,1714.417,1938.826,33.233,100%,3.783,4.036,4213,3685,8,3683,0,,0.00000,0.00000,0.0,0,0.0,-50,-16.8
J.Herter_T1,2026-02-28,12:32:18.823,39.85410,-83.65604,1080.5,39.85196,-83.65433,2726.6,3,18,-50,-46,0x01,31,8,12,4,-93,-101,921.76,1662.929,1886.600,65.256,100%,3.783,4.037,4214,3686,8,3684,0,,0.00000,0.00000,0.0,0,0.0,-50,-16.8
J.Herter_T1,2026-02-28,12:32:19.843,39.85408,-83.65601,1081.5,39.85196,-83.65437,2680.1,3,9,-43,-38,0x01,31,5,13,3,-99,-97,901.83,1615.422,1835.422,31.998,100%,3.781,4.039,4215,3687,8,3685,0,,0.00000,0.00000,0.0,0,0.0,-50,-16.8
J.Herter_T1,2026-02-28,12:32:20.805,39.85405,-83.65599,1080.4,39.85201,-83.65435,2627.8,3,11,-69,92,0x01,32,4,13,7,-94,-104,877.50,1564.246,1778.900,55.367,100%,3.781,4.039,4216,3688,8,3686,0,,0.00000,0.00000,0.0,0,0.0,-50,-16.8
J.Herter_T1,2026-02-28,12:32:21.824,39.85403,-83.65598,1080.8,39.85198,-83.65432,2568.1,3,5,-58,116,0x01,32,8,15,2,-85,-89,882.43,1504.145,1729.385,156.921,100%,3.781,4.037,4217,3689,8,3687,0,,0.00000,0.00000,0.0,0,0.0,-50,-16.8
J.Herter_T1,2026-02-28,12:32:22.813,39.85400,-83.65596,1082.1,39.85196,-83.65431,2511.9,3,8,-46,169,0x01,32,4,16,4,-99,-100,878.25,1446.599,1677.957,31.161,100%,3.781,4.039,4218,3690,8,3688,0,,0.00000,0.00000,0.0,0,0.0,-50,-16.8
J.Herter_T1,2026-02-28,12:32:23.834,39.85397,-83.65593,1081.5,39.85196,-83.65434,2463.6,3,11,-54,-76,0x01,32,4,18,3,-88,-101,859.36,1398.874,1627.429,108.187,100%,3.781,4.040,4219,3691,8,3689,0,,0.00000,0.00000,0.0,0,0.0,-50,-16.8
J.Herter_T1,2026-02-28,12:32:24.823,39.85392,-83.65592,1078.9,39.85196,-83.65436,2404.7,3,6,-58,-86,0x01,32,5,16,4,-94,-95,840.53,1342.688,1569.833,53.034,100%,3.762,4.039,4220,3692,8,3690,0,,0.00000,0.00000,0.0,0,0.0,-50,-16.8
J.Herter_T1,2026-02-28,12:32:25.816,39.85387,-83.65589,1078.1,39.85196,-83.65437,2351.3,3,6,-54,0,0x01,32,11,14,1,-103,-114,817.60,1290.029,1513.105,18.304,100%,3.762,4.039,4221,3693,8,3691,0,,0.00000,0.00000,0.0,0,0.0,-50,-16.8
J.Herter_T1,2026-02-28,12:32:26.804,39.85385,-83.65585,1079.9,39.85198,-83.65436,2295.8,3,8,-52,101,0x01,32,8,14,1,-101,-98,800.61,1232.742,1455.816,22.564,100%,3.762,4.035,4222,3694,8,3692,0,,0.00000,0.00000,0.0,0,0.0,-50,-16.8
J.Herter_T1,2026-02-28,12:32:27.883,39.85385,-83.65585,1079.9,39.85196,-83.65437,2231.2,3,8,-65,-136,0x01,32,2,19,3,-81,-93,806.95,1168.211,1405.998,227.430,100%,3.770,4.039,4223,3695,8,3693,0,,0.00000,0.00000,0.0,0,0.0,-50,-16.8
J.Herter_T1,2026-02-28,12:32:28.814,39.85385,-83.65585,1079.9,39.85196,-83.65440,2171.6,3,9,-59,-47,0x01,32,4,19,1,-91,-89,802.77,1108.552,1355.097,71.547,100%,3.770,4.024,4224,3696,8,3694,0,,0.00000,0.00000,0.0,0,0.0,-50,-16.8
J.Herter_T1,2026-02-28,12:32:29.802,39.85385,-83.65585,1079.9,39.85196,-83.65441,2113.8,3,7,-64,-99,0x01,32,5,14,5,-95,-96,800.79,1050.803,1307.800,45.031,100%,3.785,4.037,4225,3697,8,3695,0,,0.00000,0.00000,0.0,0,0.0,-50,-16.8
J.Herter_T1,2026-02-28,12:32:30.853,39.85381,-83.65584,1084.0,39.85198,-83.65440,2056.6,3,4,-52,61,0x01,32,3,16,5,-92,-97,779.90,989.453,1246.684,61.949,100%,3.785,4.040,4226,3698,8,3696,0,,0.00000,0.00000,0.0,0,0.0,-50,-16.8
J.Herter_T1,2026-02-28,12:32:31.814,39.85378,-83.65582,1084.5,39.85196,-83.65443,1996.0,3,11,-62,-97,0x01,32,4,11,9,-91,-99,771.44,928.349,1194.141,68.755,100%,3.778,4.039,4227,3699,8,3697,0,,0.00000,0.00000,0.0,0,0.0,-50,-16.8
J.Herter_T1,2026-02-28,12:32:32.802,39.85378,-83.65582,1084.5,39.85198,-83.65444,1937.1,3,6,-57,-27,0x01,32,6,18,0,-92,-101,760.55,869.491,1142.567,60.413,100%,3.778,4.039,4228,3700,8,3698,0,,0.00000,0.00000,0.0,0,0.0,-50,-16.8
J.Herter_T1,2026-02-28,12:32:33.823,39.85374,-83.65579,1087.1,39.85198,-83.65445,1875.6,3,15,-60,-146,0x01,31,6,18,0,-83,-99,744.17,805.365,1084.238,166.600,100%,3.780,4.038,4229,3701,8,3699,0,,0.00000,0.00000,0.0,0,0.0,-50,-16.8
J.Herter_T1,2026-02-28,12:32:34.814,39.85372,-83.65578,1087.4,39.85198,-83.65444,1819.8,3,6,-57,80,0x01,32,4,18,2,-94,-96,738.05,749.190,1039.737,46.568,100%,3.780,4.040,4230,3702,8,3700,0,,0.00000,0.00000,0.0,0,0.0,-50,-16.8
J.Herter_T1,2026-02-28,12:32:35.804,39.85372,-83.65578,1087.4,39.85198,-83.65445,1759.3,3,13,-63,-153,0x01,30,5,15,2,-95,-101,737.21,688.714,997.443,41.456,100%,3.780,4.038,4231,3703,8,3701,0,,0.00000,0.00000,0.0,0,0.0,-50,-16.8
J.Herter_T1,2026-02-28,12:32:36.824,39.85370,-83.65578,1088.2,39.85198,-83.65447,1702.8,3,18,-60,-38,0x01,31,3,13,8,-97,-98,727.79,631.456,952.593,32.509,100%,3.762,4.040,4232,3704,8,3702,0,,0.00000,0.00000,0.0,0,0.0,-50,-16.8
J.Herter_T1,2026-02-28,12:32:37.813,39.85370,-83.65578,1088.2,39.85201,-83.65448,1644.4,3,10,-64,-64,0x01,31,4,19,1,-84,-95,718.90,573.018,908.931,143.440,100%,3.762,4.038,4233,3705,8,3703,0,,0.00000,0.00000,0.0,0,0.0,-50,-16.8
J.Herter_T1,2026-02-28,12:32:38.832,39.85368,-83.65576,1088.1,39.85201,-83.65446,1584.4,3,11,-66,-16,0x01,32,9,13,1,-84,-92,710.71,513.154,866.857,141.806,100%,3.784,4.040,4234,3706,8,3704,0,,0.00000,0.00000,0.0,0,0.0,-50,-16.8
J.Herter_T1,2026-02-28,12:32:39.822,39.85368,-83.65576,1088.1,39.85203,-83.65446,1521.5,3,9,-54,-30,0x01,31,5,15,3,-86,-93,702.71,450.168,825.580,111.373,100%,3.784,4.039,4235,3707,8,3705,0,,0.00000,0.00000,0.0,0,0.0,-50,-16.8
J.Herter_T1,2026-02-28,12:32:40.812,39.85365,-83.65575,1088.4,39.85203,-83.65443,1471.9,3,14,-54,107,0x01,31,2,18,2,-87,-93,697.84,400.326,796.268,98.572,100%,3.777,4.039,4236,3708,8,3706,0,,0.00000,0.00000,0.0,0,0.0,-50,-16.8
J.Herter_T1,2026-02-28,12:32:41.802,39.85365,-83.65575,1088.4,39.85201,-83.65438,1416.5,3,30,-60,161,0x01,31,5,20,0,-91,-97,713.30,344.922,785.130,63.572,100%,3.777,4.038,4237,3709,8,3707,0,,0.00000,0.00000,0.0,0,0.0,-50,-16.8
J.Herter_T1,2026-02-28,12:32:42.824,39.85363,-83.65572,1088.0,39.85198,-83.65439,1378.3,3,4,-37,141,0x01,31,6,9,6,-102,-95,709.25,307.046,766.326,17.816,100%,3.781,4.039,4238,3710,8,3708,0,,0.00000,0.00000,0.0,0,0.0,-50,-16.8
J.Herter_T1,2026-02-28,12:32:43.814,39.85363,-83.65572,1088.0,39.85201,-83.65440,1343.4,3,11,-31,24,0x01,30,3,13,6,-92,-105,699.90,272.187,745.031,55.595,100%,3.781,4.038,4239,3711,8,3709,0,,0.00000,0.00000,0.0,0,0.0,-50,-16.8
J.Herter_T1,2026-02-28,12:32:44.833,39.85360,-83.65570,1088.5,39.85201,-83.65437,1320.9,3,16,-31,101,0x01,31,9,14,1,-86,-105,693.30,249.191,731.196,109.880,100%,3.781,4.039,4240,3712,8,3710,0,,0.00000,0.00000,0.0,0,0.0,-50,-16.8
J.Herter_T1,2026-02-28,12:32:45.824,39.85359,-83.65569,1088.0,39.85203,-83.65435,1296.4,3,7,-22,-21,0x01,32,4,14,6,-84,-89,681.52,225.161,712.650,135.981,100%,3.764,4.039,4241,3713,8,3711,0,,0.00000,0.00000,0.0,0,0.0,-50,-16.8
J.Herter_T1,2026-02-28,12:32:46.872,39.85357,-83.65568,1089.1,39.85203,-83.65435,1273.6,3,8,-24,-1,0x01,30,6,13,4,-74,-96,673.04,201.335,697.867,424.658,100%,3.764,4.039,4242,3714,8,3712,0,,0.00000,0.00000,0.0,0,0.0,-50,-16.8
J.Herter_T1,2026-02-28,12:32:47.832,39.85354,-83.65565,1087.2,39.85206,-83.65437,1249.4,3,3,-26,-80,0x01,32,7,15,2,-78,-80,651.49,179.027,671.371,259.361,100%,3.781,4.036,4243,3715,8,3713,0,,0.00000,0.00000,0.0,0,0.0,-50,-16.8
J.Herter_T1,2026-02-28,12:32:48.824,39.85352,-83.65562,1086.5,39.85206,-83.65436,1222.1,3,5,-29,-179,0x01,32,5,14,6,-85,-81,639.48,152.516,653.717,113.718,100%,3.781,4.039,4244,3716,8,3714,0,,0.00000,0.00000,0.0,0,0.0,-50,-16.8
J.Herter_T1,2026-02-28,12:32:49.872,39.85350,-83.65562,1087.6,39.85206,-83.65437,1195.7,3,14,-29,-2,0x01,31,5,13,5,-84,-89,632.19,124.933,641.366,126.139,100%,3.785,4.038,4245,3717,8,3715,0,,0.00000,0.00000,0.0,0,0.0,-50,-16.8
J.Herter_T1,2026-02-28,12:32:50.832,39.85350,-83.65562,1087.6,39.85206,-83.65434,1164.7,3,14,-33,148,0x01,32,4,15,4,-84,-85,635.23,93.952,639.891,126.744,100%,3.785,4.039,4246,3718,8,3716,0,,0.00000,0.00000,0.0,0,0.0,-50,-16.8
J.Herter_T1,2026-02-28,12:32:51.823,39.85347,-83.65559,1082.9,39.85203,-83.65431,1135.0,3,13,-23,137,0x01,30,4,18,2,-93,-96,635.88,68.882,638.004,45.017,100%,3.782,4.038,4247,3719,8,3717,0,,0.00000,0.00000,0.0,0,0.0,-50,-16.8
J.Herter_T1,2026-02-28,12:32:52.872,39.85345,-83.65557,1082.1,39.85203,-83.65427,1115.7,3,14,-17,84,0x01,32,1,15,8,-96,-91,635.10,50.455,635.990,31.830,100%,3.782,4.039,4248,3720,8,3718,0,,0.00000,0.00000,0.0,0,0.0,-50,-16.8
J.Herter_T1,2026-02-28,12:32:53.833,39.85345,-83.65557,1082.1,39.85203,-83.65423,1100.4,3,10,-10,65,0x01,31,3,16,4,-102,-94,641.13,35.153,641.389,16.104,100%,3.782,4.037,4249,3721,8,3719,0,,0.00000,0.00000,0.0,0,0.0,-50,-16.8
J.Herter_T1,2026-02-28,12:32:54.824,39.85341,-83.65555,1083.1,39.85203,-83.65422,1094.1,3,1,1,-52,0x01,32,1,14,9,-108,-116,627.53,27.865,627.623,7.900,100%,3.766,4.038,4250,3722,8,3720,0,,0.00000,0.00000,0.0,0,0.0,-50,-16.8
J.Herter_T1,2026-02-28,12:32:55.812,39.85338,-83.65555,1082.8,39.85203,-83.65422,1094.0,3,0,0,-164,0x01,32,7,12,4,-118,-116,617.42,28.027,617.523,2.458,100%,3.766,4.039,4251,3723,8,3721,0,,0.00000,0.00000,0.0,0,0.0,-50,-16.8
J.Herter_T1,2026-02-28,12:32:56.804,39.85333,-83.65551,1084.4,39.85206,-83.65422,1093.8,3,0,0,122,0x01,32,7,12,4,-109,-117,588.28,26.295,588.355,6.601,100%,3.749,4.040,4252,3724,8,3722,0,,0.00000,0.00000,0.0,0,0.0,-50,-16.8
J.Herter_T1,2026-02-28,12:32:57.823,39.85329,-83.65549,1085.1,39.85206,-83.65422,1093.5,3,0,0,152,0x01,32,6,12,4,-105,-112,575.46,25.214,575.525,10.233,100%,3.749,4.037,4253,3725,8,3723,0,,0.00000,0.00000,0.0,0,0.0,-50,-16.8
J.Herter_T1,2026-02-28,12:32:58.842,39.85329,-83.65549,1085.1,39.85206,-83.65422,1093.1,3,0,0,99,0x01,32,6,11,5,-106,-109,575.48,24.817,575.537,9.121,100%,3.779,4.039,4254,3726,8,3724,0,,0.00000,0.00000,0.0,0,0.0,-50,-16.8
J.Herter_T1,2026-02-28,12:32:59.802,39.85327,-83.65546,1074.3,39.85206,-83.65422,1092.8,3,0,0,14,0x01,32,6,11,5,-105,-111,564.75,35.382,565.051,10.043,100%,3.779,4.036,4255,3727,8,3725,0,,0.00000,0.00000,0.0,0,0.0,-50,-16.8
J.Herter_T1,2026-02-28,12:33:00.822,39.85327,-83.65546,1074.3,39.85206,-83.65422,1092.7,3,0,0,41,0x01,32,6,11,4,-108,-109,564.76,35.247,565.064,7.110,100%,3.779,4.039,4256,3728,8,3726,0,,0.00000,0.00000,0.0,0,0.0,-50,-16.8
J.Herter_T1,2026-02-28,12:33:01.843,39.85325,-83.65545,1068.3,39.85206,-83.65422,1092.6,3,0,0,34,0x01,32,6,11,4,-105,-109,556.15,41.088,556.680,9.890,100%,3.753,4.039,4257,3729,8,3727,0,,0.00000,0.00000,0.0,0,0.0,-50,-16.8
J.Herter_T1,2026-02-28,12:33:02.803,39.85321,-83.65544,1071.1,39.85206,-83.65422,1092.5,3,0,0,-4,0x01,32,6,11,4,-115,-121,542.42,38.237,542.839,3.050,100%,3.753,4.039,4258,3730,8,3728,0,,0.00000,0.00000,0.0,0,0.0,-50,-16.8
J.Herter_T1,2026-02-28,12:33:03.853,39.85318,-83.65540,1076.0,39.85206,-83.65422,1092.4,3,0,0,64,0x01,32,6,11,4,-104,-110,526.28,33.246,526.539,10.501,100%,3.782,4.040,4259,3731,8,3729,0,,0.00000,0.00000,0.0,0,0.0,-50,-16.8
J.Herter_T1,2026-02-28,12:33:04.844,39.85316,-83.65536,1079.9,39.85206,-83.65422,1092.3,3,0,0,-169,0x01,32,6,11,4,-105,-109,516.88,29.229,517.025,9.192,100%,3.782,4.039,4260,3732,8,3730,0,,0.00000,0.00000,0.0,0,0.0,-50,-16.8
J.Herter_T1,2026-02-28,12:33:05.803,39.85316,-83.65532,1077.9,39.85206,-83.65422,1092.2,3,0,0,155,0x01,32,6,11,4,-106,-109,507.42,31.112,507.625,8.042,100%,3.782,4.038,4261,3733,8,3731,0,,0.00000,0.00000,0.0,0,0.0,-50,-16.8
J.Herter_T1,2026-02-28,12:33:06.825,39.85315,-83.65527,1075.0,39.85206,-83.65422,1092.1,3,0,0,-52,0x01,32,6,11,4,-104,-113,497.09,33.960,497.385,9.918,100%,3.782,4.039,4262,3734,8,3732,0,,0.00000,0.00000,0.0,0,0.0,-50,-16.8
J.Herter_T1,2026-02-28,12:33:07.814,39.85315,-83.65527,1075.0,39.85203,-83.65422,1092.0,3,0,0,30,0x01,32,6,11,4,-104,-111,504.62,33.849,504.902,10.068,100%,3.778,4.038,4263,3735,8,3733,0,,0.00000,0.00000,0.0,0,0.0,-50,-16.8
J.Herter_T1,2026-02-28,12:33:08.804,39.85315,-83.65525,1076.8,39.85203,-83.65422,1091.9,3,0,0,52,0x01,32,6,11,4,-109,-111,500.04,31.894,500.267,5.611,100%,3.778,4.039,4264,3736,8,3734,0,,0.00000,0.00000,0.0,0,0.0,-50,-16.8
J.Herter_T1,2026-02-28,12:33:11.832,39.85313,-83.65514,1090.7,39.85203,-83.65422,1091.6,3,0,0,-118,0x01,32,6,11,4,-104,-113,474.57,17.678,474.569,9.469,94%,3.781,4.037,4267,3738,8,3735,0,,0.00000,0.00000,0.0,0,0.0,-50,-16.8
J.Herter_T1,2026-02-28,12:33:12.824,39.85313,-83.65510,1092.2,39.85203,-83.65422,1091.5,3,0,0,85,0x01,32,6,11,4,-109,-113,469.48,16.148,469.481,5.268,94%,3.783,4.038,4268,3739,8,3736,0,,0.00000,0.00000,0.0,0,0.0,-50,-16.8
J.Herter_T1,2026-02-28,12:33:13.814,39.85313,-83.65507,1091.7,39.85203,-83.65422,1091.5,3,0,0,-56,0x01,32,6,11,4,-116,-113,465.81,16.616,465.814,2.335,94%,3.783,4.039,4269,3740,8,3737,0,,0.00000,0.00000,0.0,0,0.0,-50,-16.8
J.Herter_T1,2026-02-28,12:33:14.804,39.85313,-83.65507,1091.7,39.85203,-83.65422,1091.5,3,0,0,153,0x01,32,6,11,4,-115,-117,465.81,16.600,465.814,2.619,94%,3.774,4.038,4270,3741,8,3738,0,,0.00000,0.00000,0.0,0,0.0,-50,-16.8
J.Herter_T1,2026-02-28,12:33:15.823,39.85312,-83.65504,1090.2,39.85203,-83.65422,1091.5,3,0,0,-175,0x01,32,6,11,4,-114,-117,459.24,18.055,459.240,2.898,94%,3.774,4.039,4271,3742,8,3739,0,,0.00000,0.00000,0.0,0,0.0,-50,-16.8
J.Herter_T1,2026-02-28,12:33:16.813,39.85312,-83.65504,1090.2,39.85203,-83.65422,1091.4,3,0,0,3,0x01,32,6,11,4,-114,-120,459.24,18.029,459.240,2.898,94%,3.778,4.037,4272,3743,8,3740,0,,0.00000,0.00000,0.0,0,0.0,-50,-16.8
J.Herter_T1,2026-02-28,12:33:17.805,39.85312,-83.65501,1090.6,39.85203,-83.65422,1091.4,3,0,0,9,0x01,32,6,11,4,-113,-121,452.89,17.722,452.888,3.206,94%,3.778,4.039,4273,3744,8,3741,0,,0.00000,0.00000,0.0,0,0.0,-50,-16.8
J.Herter_T1,2026-02-28,12:33:18.824,39.85312,-83.65501,1090.6,39.85203,-83.65422,1091.4,3,0,0,-130,0x01,32,6,12,3,-108,-117,452.87,17.696,452.875,5.701,94%,3.781,4.039,4274,3745,8,3742,0,,0.00000,0.00000,0.0,0,0.0,-50,-16.8
J.Herter_T1,2026-02-28,12:33:19.845,39.85311,-83.65498,1089.6,39.85203,-83.65422,1091.4,3,0,0,-24,0x01,32,6,12,3,-106,-113,447.18,18.603,447.180,7.087,94%,3.781,4.039,4275,3746,8,3743,0,,0.00000,0.00000,0.0,0,0.0,-50,-16.8
J.Herter_T1,2026-02-28,12:33:20.804,39.85311,-83.65498,1089.6,39.85203,-83.65422,1091.4,3,0,0,-40,0x01,32,6,11,4,-106,-110,447.18,18.629,447.180,7.087,94%,3.781,4.038,4276,3747,8,3744,0,,0.00000,0.00000,0.0,0,0.0,-50,-16.8
J.Herter_T1,2026-02-28,12:33:21.824,39.85311,-83.65498,1089.6,39.85203,-83.65422,1091.5,3,0,0,-98,0x01,32,6,11,4,-104,-111,447.18,18.658,447.180,8.922,96%,3.752,4.040,4277,3748,8,3745,0,,0.00000,0.00000,0.0,0,0.0,-50,-16.8
J.Herter_T1,2026-02-28,12:33:22.814,39.85311,-83.65498,1089.6,39.85203,-83.65422,1091.5,3,0,0,-10,0x01,32,6,12,3,-104,-109,447.19,18.678,447.194,8.923,96%,3.752,4.039,4278,3749,8,3746,0,,0.00000,0.00000,0.0,0,0.0,-50,-16.8
J.Herter_T1,2026-02-28,12:33:23.804,39.85311,-83.65498,1089.6,39.85203,-83.65422,1091.6,3,0,0,-124,0x01,32,6,12,3,-109,-109,447.18,18.790,447.181,5.017,96%,3.780,4.040,4279,3750,8,3747,0,,0.00000,0.00000,0.0,0,0.0,-50,-16.8
J.Herter_T1,2026-02-28,12:33:24.824,39.85311,-83.65498,1089.6,39.85203,-83.65422,1091.6,3,0,0,-173,0x01,32,6,11,4,-104,-114,447.20,18.842,447.208,8.923,96%,3.780,4.037,4280,3751,8,3748,0,,0.00000,0.00000,0.0,0,0.0,-50,-16.8
J.Herter_T1,2026-02-28,12:33:25.814,39.85309,-83.65501,1089.2,39.85203,-83.65422,1091.7,3,0,0,161,0x01,32,6,11,4,-103,-110,445.91,19.325,445.913,9.983,96%,3.781,4.039,4281,3752,8,3749,0,,0.00000,0.00000,0.0,0,0.0,-50,-16.8
J.Herter_T1,2026-02-28,12:33:26.834,39.85309,-83.65501,1089.2,39.85203,-83.65422,1091.7,3,0,0,-42,0x01,32,6,11,4,-105,-108,445.92,19.365,445.927,7.930,96%,3.781,4.038,4282,3753,8,3750,0,,0.00000,0.00000,0.0,0,0.0,-50,-16.8
J.Herter_T1,2026-02-28,12:33:27.823,39.85307,-83.65502,1087.0,39.85203,-83.65422,1091.7,3,0,0,-161,0x01,32,6,11,4,-104,-109,441.04,21.610,441.063,8.800,96%,3.780,4.038,4283,3754,8,3751,0,,0.00000,0.00000,0.0,0,0.0,-50,-16.8
J.Herter_T1,2026-02-28,12:33:28.814,39.85307,-83.65502,1087.0,39.85203,-83.65422,1091.8,3,0,0,-51,0x01,32,6,12,3,-105,-111,441.05,21.662,441.078,7.843,96%,3.780,4.038,4284,3755,8,3752,0,,0.00000,0.00000,0.0,0,0.0,-50,-16.8
J.Herter_T1,2026-02-28,12:34:07.814,39.85278,-83.65497,1087.6,39.85203,-83.65422,1092.1,3,0,0,-78,0x01,32,6,14,2,-100,-109,343.73,21.374,343.757,10.870,3%,3.774,4.037,4323,3756,8,3753,0,,0.00000,0.00000,0.0,0,0.0,-50,-16.8
J.Herter_T1,2026-02-28,12:34:08.814,39.85278,-83.65497,1087.6,39.85203,-83.65422,1092.1,3,0,0,135,0x01,32,6,14,2,-94,-105,343.73,21.377,343.757,21.688,5%,3.774,4.038,4324,3757,8,3754,0,,0.00000,0.00000,0.0,0,0.0,-50,-16.8
J.Herter_T1,2026-02-28,12:34:09.841,39.85278,-83.65497,1087.6,39.85203,-83.65422,1092.1,3,0,0,-142,0x01,32,6,14,2,-110,-100,343.73,21.348,343.757,3.437,7%,3.774,4.034,4325,3758,8,3755,0,,0.00000,0.00000,0.0,0,0.0,-50,-16.8
J.Herter_T1,2026-02-28,12:34:10.814,39.85278,-83.65497,1087.6,39.85203,-83.65422,1092.1,3,0,0,15,0x01,32,6,14,2,-122,-110,343.73,21.345,343.757,0.863,10%,3.749,4.037,4326,3759,8,3756,0,,0.00000,0.00000,0.0,0,0.0,-50,-16.8
J.Herter_T1,2026-02-28,12:34:11.835,39.85278,-83.65497,1087.6,39.85203,-83.65422,1092.1,3,0,0,-123,0x01,32,6,14,2,-97,-123,343.74,21.318,343.773,15.354,12%,3.749,4.036,4327,3760,8,3757,0,,0.00000,0.00000,0.0,0,0.0,-50,-16.8
J.Herter_T1,2026-02-28,12:34:12.841,39.85278,-83.65497,1087.6,39.85203,-83.65422,1092.0,3,0,0,158,0x01,32,6,14,2,-101,-103,343.74,21.305,343.773,9.688,14%,3.743,4.039,4328,3761,8,3758,0,,0.00000,0.00000,0.0,0,0.0,-50,-16.8
J.Herter_T1,2026-02-28,12:34:13.854,39.85278,-83.65497,1087.6,39.85203,-83.65422,1092.1,3,0,0,90,0x01,32,6,13,3,-98,-106,343.74,21.325,343.773,13.685,16%,3.743,4.037,4329,3762,8,3759,0,,0.00000,0.00000,0.0,0,0.0,-50,-16.8
J.Herter_T1,2026-02-28,12:34:14.837,39.85278,-83.65497,1087.6,39.85203,-83.65422,1092.1,3,0,0,25,0x01,32,6,12,4,-96,-103,343.76,21.348,343.791,17.229,17%,3.777,4.037,4330,3763,8,3760,0,,0.00000,0.00000,0.0,0,0.0,-50,-16.8
J.Herter_T1,2026-02-28,12:34:15.840,39.85278,-83.65497,1087.6,39.85203,-83.65422,1092.1,3,0,0,-24,0x01,32,6,13,3,-97,-102,343.76,21.413,343.792,15.355,19%,3.777,4.034,4331,3764,8,3761,0,,0.00000,0.00000,0.0,0,0.0,-50,-16.8
J.Herter_T1,2026-02-28,12:34:16.848,39.85278,-83.65497,1087.6,39.85203,-83.65422,1092.1,3,0,0,-21,0x01,32,6,14,2,-104,-103,343.78,21.381,343.808,6.859,21%,3.777,4.021,4332,3765,8,3762,0,,0.00000,0.00000,0.0,0,0.0,-50,-16.8
J.Herter_T1,2026-02-28,12:34:17.822,39.85278,-83.65497,1087.6,39.85203,-83.65422,1092.0,3,0,0,149,0x01,32,6,13,3,-106,-110,343.76,21.295,343.790,5.448,38%,3.777,4.035,4333,3766,8,3763,0,,0.00000,0.00000,0.0,0,0.0,-50,-16.8
J.Herter_T1,2026-02-28,12:34:18.825,39.85278,-83.65497,1087.6,39.85203,-83.65422,1092.0,3,0,0,-12,0x01,32,6,14,2,-112,-110,343.78,21.240,343.807,2.731,39%,3.777,4.036,4334,3767,8,3764,0,,0.00000,0.00000,0.0,0,0.0,-50,-16.8
J.Herter_T1,2026-02-28,12:34:19.837,39.85278,-83.65497,1087.6,39.85203,-83.65422,1092.0,3,0,0,-120,0x01,32,6,14,2,-111,-118,343.80,21.227,343.824,3.064,40%,3.777,4.036,4335,3768,8,3765,0,,0.00000,0.00000,0.0,0,0.0,-50,-16.8
J.Herter_T1,2026-02-28,12:34:20.837,39.85278,-83.65497,1087.6,39.85203,-83.65422,1092.0,3,0,0,147,0x01,32,6,13,3,-109,-118,343.80,21.220,343.823,3.857,42%,3.777,4.034,4336,3769,8,3766,0,,0.00000,0.00000,0.0,0,0.0,-50,-16.8
J.Herter_T1,2026-02-28,12:34:21.848,39.85278,-83.65497,1087.6,39.85203,-83.65422,1091.9,3,0,0,-135,0x01,32,6,14,2,-112,-111,343.81,21.184,343.840,2.731,43%,3.750,4.034,4337,3770,8,3767,0,,0.00000,0.00000,0.0,0,0.0,-50,-16.8
J.Herter_T1,2026-02-28,12:34:22.846,39.85278,-83.65497,1087.6,39.85203,-83.65422,1091.9,3,0,0,19,0x01,32,6,14,2,-98,-115,343.83,21.181,343.857,13.688,44%,3.750,4.033,4338,3771,8,3768,0,,0.00000,0.00000,0.0,0,0.0,-50,-16.8
J.Herter_T1,2026-02-28,12:34:23.835,39.85278,-83.65497,1087.6,39.85203,-83.65422,1091.9,3,0,0,25,0x01,32,6,14,2,-102,-103,343.81,21.167,343.840,8.636,45%,3.772,4.038,4339,3772,8,3769,0,,0.00000,0.00000,0.0,0,0.0,-50,-16.8
J.Herter_T1,2026-02-28,12:34:24.840,39.85278,-83.65497,1087.6,39.85203,-83.65422,1091.9,3,0,0,116,0x01,32,6,14,2,-98,-109,343.81,21.141,343.840,13.687,46%,3.772,4.034,4340,3773,8,3770,0,,0.00000,0.00000,0.0,0,0.0,-50,-16.8
J.Herter_T1,2026-02-28,12:34:25.819,39.85278,-83.65497,1087.6,39.85203,-83.65422,1091.9,3,0,0,-160,0x01,32,6,14,2,-103,-104,343.83,21.141,343.857,7.697,47%,3.774,4.035,4341,3774,8,3771,0,,0.00000,0.00000,0.0,0,0.0,-50,-16.8
J.Herter_T1,2026-02-28,12:34:26.847,39.85278,-83.65497,1087.6,39.85203,-83.65422,1091.9,3,0,0,172,0x01,32,6,14,2,-104,-108,343.83,21.138,343.857,6.860,100%,3.774,4.036,4342,3775,8,3772,0,,0.00000,0.00000,0.0,0,0.0,-50,-16.8
J.Herter_T1,2026-02-28,12:34:27.846,39.85278,-83.65497,1087.6,39.85203,-83.65422,1091.9,3,0,0,-30,0x01,32,6,14,2,-103,-110,343.81,21.115,343.839,7.697,100%,3.774,4.037,4343,3776,8,3773,0,,0.00000,0.00000,0.0,0,0.0,-50,-16.8
J.Herter_T1,2026-02-28,12:34:28.841,39.85278,-83.65497,1087.6,39.85203,-83.65422,1091.9,3,0,0,137,0x01,32,6,14,2,-103,-110,343.83,21.164,343.857,7.697,100%,3.774,4.035,4344,3777,8,3774,0,,0.00000,0.00000,0.0,0,0.0,-50,-16.8
J.Herter_T1,2026-02-28,12:34:29.842,39.85278,-83.65497,1087.6,39.85203,-83.65422,1091.9,3,0,0,142,0x01,32,6,14,2,-99,-109,343.81,21.135,343.840,12.199,100%,3.776,4.034,4345,3778,8,3775,0,,0.00000,0.00000,0.0,0,0.0,-50,-16.8
J.Herter_T1,2026-02-28,12:34:30.837,39.85276,-83.65495,1089.8,39.85203,-83.65422,1091.8,3,0,0,-34,0x01,32,6,14,2,-100,-104,336.27,18.921,336.272,10.634,100%,3.776,4.036,4346,3779,8,3776,0,,0.00000,0.00000,0.0,0,0.0,-50,-16.8
J.Herter_T1,2026-02-28,12:34:31.848,39.85276,-83.65495,1089.8,39.85203,-83.65422,1091.8,3,0,0,-3,0x01,32,6,14,2,-100,-105,336.27,18.924,336.272,10.634,100%,3.776,4.037,4347,3780,8,3777,0,,0.00000,0.00000,0.0,0,0.0,-50,-16.8
J.Herter_T1,2026-02-28,12:34:32.844,39.85274,-83.65492,1089.0,39.85203,-83.65422,1091.8,3,0,0,-173,0x01,32,6,14,2,-100,-105,325.11,19.645,325.126,10.281,100%,3.774,4.038,4348,3781,8,3778,0,,0.00000,0.00000,0.0,0,0.0,-50,-16.8
J.Herter_T1,2026-02-28,12:34:33.835,39.85274,-83.65492,1089.0,39.85203,-83.65422,1091.8,3,0,0,9,0x01,32,6,14,2,-97,-105,325.13,19.651,325.143,14.523,100%,3.774,4.037,4349,3782,8,3779,0,,0.00000,0.00000,0.0,0,0.0,-50,-16.8
J.Herter_T1,2026-02-28,12:34:34.838,39.85271,-83.65490,1089.5,39.85203,-83.65422,1091.8,3,0,0,-20,0x01,32,6,14,2,-97,-104,313.47,19.219,313.484,14.002,100%,3.778,4.038,4350,3783,8,3780,0,,0.00000,0.00000,0.0,0,0.0,-50,-16.8
J.Herter_T1,2026-02-28,12:34:35.813,39.85271,-83.65490,1089.5,39.85203,-83.65422,1091.8,3,0,0,171,0x01,32,6,14,2,-101,-103,313.47,19.196,313.483,8.835,100%,3.778,4.037,4351,3784,8,3781,0,,0.00000,0.00000,0.0,0,0.0,-50,-16.8
J.Herter_T1,2026-02-28,12:34:36.847,39.85268,-83.65488,1089.1,39.85203,-83.65422,1091.8,3,0,0,2,0x01,32,6,14,2,-100,-105,302.26,19.570,302.272,9.558,100%,3.777,4.037,4352,3785,8,3782,0,,0.00000,0.00000,0.0,0,0.0,-50,-16.8
J.Herter_T1,2026-02-28,12:34:37.839,39.85268,-83.65488,1089.1,39.85203,-83.65422,1091.9,3,0,0,-38,0x01,32,6,14,2,-99,-108,302.24,19.589,302.255,10.724,100%,3.777,4.037,4353,3786,8,3783,0,,0.00000,0.00000,0.0,0,0.0,-50,-16.8
J.Herter_T1,2026-02-28,12:34:38.836,39.85266,-83.65486,1089.1,39.85203,-83.65422,1091.9,3,0,0,70,0x01,32,6,14,2,-98,-104,292.40,19.652,292.415,11.641,100%,3.773,4.038,4354,3787,8,3784,0,,0.00000,0.00000,0.0,0,0.0,-50,-16.8
J.Herter_T1,2026-02-28,12:34:39.838,39.85266,-83.65486,1089.1,39.85203,-83.65422,1091.9,3,0,0,-116,0x01,32,6,14,2,-96,-104,292.38,19.668,292.398,14.654,100%,3.773,4.037,4355,3788,8,3785,0,,0.00000,0.00000,0.0,0,0.0,-50,-16.8
J.Herter_T1,2026-02-28,12:34:40.815,39.85263,-83.65485,1088.3,39.85203,-83.65422,1091.9,3,0,0,143,0x01,32,6,14,2,-95,-101,283.07,20.530,283.092,15.918,100%,3.773,4.039,4356,3789,8,3786,0,,0.00000,0.00000,0.0,0,0.0,-50,-16.8
J.Herter_T1,2026-02-28,12:34:41.859,39.85263,-83.65485,1088.3,39.85203,-83.65422,1092.0,3,0,0,-6,0x01,32,6,14,2,-95,-101,283.07,20.553,283.092,15.918,100%,3.741,4.038,4357,3790,8,3787,0,,0.00000,0.00000,0.0,0,0.0,-50,-16.8
J.Herter_T1,2026-02-28,12:34:42.826,39.85262,-83.65483,1088.0,39.85203,-83.65422,1092.0,3,0,0,65,0x01,32,6,14,2,-95,-100,274.05,20.865,274.077,15.411,100%,3.741,4.038,4358,3791,8,3788,0,,0.00000,0.00000,0.0,0,0.0,-50,-16.8
J.Herter_T1,2026-02-28,12:34:43.827,39.85262,-83.65483,1088.0,39.85203,-83.65422,1092.0,3,0,0,-22,0x01,32,6,14,2,-98,-100,274.07,20.885,274.095,10.911,100%,3.770,4.037,4359,3792,8,3789,0,,0.00000,0.00000,0.0,0,0.0,-50,-16.8
J.Herter_T1,2026-02-28,12:34:44.836,39.85259,-83.65482,1087.6,39.85203,-83.65422,1092.0,3,0,0,-69,0x01,32,6,14,2,-95,-105,264.39,21.155,264.427,14.868,100%,3.770,4.037,4360,3793,8,3790,0,,0.00000,0.00000,0.0,0,0.0,-50,-16.8
