<?xml version="1.0" encoding="UTF-8"?>
<kml xmlns="http://www.opengis.net/kml/2.2" xmlns:gx="http://www.google.com/kml/ext/2.2">
	<Document id="1">
		<Style id="2">
			<LineStyle id="9">
				<color>FF61A692</color>
				<colorMode>normal</colorMode>
			</LineStyle>
			<PolyStyle id="16">
				<color>FF61A692</color>
				<colorMode>normal</colorMode>
				<fill>1</fill>
				<outline>1</outline>
			</PolyStyle>
		</Style>
		<Style id="3">
			<LineStyle id="10">
				<color>FFED8A2F</color>
				<colorMode>normal</colorMode>
			</LineStyle>
			<PolyStyle id="17">
				<color>FFED8A2F</color>
				<colorMode>normal</colorMode>
				<fill>1</fill>
				<outline>1</outline>
			</PolyStyle>
		</Style>
		<Style id="4">
			<LineStyle id="11">
				<color>FF113065</color>
				<colorMode>normal</colorMode>
			</LineStyle>
			<PolyStyle id="18">
				<color>FF113065</color>
				<colorMode>normal</colorMode>
				<fill>1</fill>
				<outline>1</outline>
			</PolyStyle>
		</Style>
		<Style id="5">
			<LineStyle id="12">
				<color>FF6A7180</color>
				<colorMode>normal</colorMode>
			</LineStyle>
			<PolyStyle id="19">
				<color>FF6A7180</color>
				<colorMode>normal</colorMode>
				<fill>1</fill>
				<outline>1</outline>
			</PolyStyle>
		</Style>
		<Style id="6">
			<LineStyle id="13">
				<color>FF62A5D4</color>
				<colorMode>normal</colorMode>
			</LineStyle>
			<PolyStyle id="20">
				<color>FF62A5D4</color>
				<colorMode>normal</colorMode>
				<fill>1</fill>
				<outline>1</outline>
			</PolyStyle>
		</Style>
		<Style id="7">
			<LineStyle id="14">
				<color>FFD65C5C</color>
				<colorMode>normal</colorMode>
			</LineStyle>
			<PolyStyle id="21">
				<color>FFD65C5C</color>
				<colorMode>normal</colorMode>
				<fill>1</fill>
				<outline>1</outline>
			</PolyStyle>
		</Style>
		<Style id="8">
			<LineStyle id="15">
				<color>FF2F80ED</color>
				<colorMode>normal</colorMode>
			</LineStyle>
			<PolyStyle id="22">
				<color>FF2F80ED</color>
				<colorMode>normal</colorMode>
				<fill>1</fill>
				<outline>1</outline>
			</PolyStyle>
		</Style>
		<open>1</open>
		<Placemark id="40">
			<name>fw2kml - Flight 0</name>
			<styleUrl>#2</styleUrl>
			<LineString id="60">
				<extrude>1</extrude>
				<altitudeMode>absolute</altitudeMode>
				<coordinates>-83.65602112,39.85420990,338.5090 -83.65602112,39.85420990,338.4880 -83.65602112,39.85420990,338.4400 -83.65602112,39.85420990,338.4210 -83.65602875,39.85420990,338.4180 -83.65602112,39.85420990,338.4140 -83.65602875,39.85420990,338.3750 -83.65602112,39.85420990,338.3380 -83.65602112,39.85420990,338.1540 -83.65602112,39.85420990,338.1680 -83.65602112,39.85420990,338.1520 -83.65602112,39.85420990,338.1690 -83.65602112,39.85420990,338.1520 -83.65602112,39.85420990,338.1500 -83.65602875,39.85420990,338.1200 -83.65602875,39.85420990,338.1220 -83.65602112,39.85420990,338.1250 -83.65602112,39.85420990,338.1340 -83.65602112,39.85420990,338.1380 -83.65602875,39.85420990,338.1350 -83.65602875,39.85420990,338.1240 -83.65602875,39.85420990,338.1480 -83.65602875,39.85420990,338.1390 -83.65602875,39.85420990,338.1320 -83.65602875,39.85420990,338.1020 -83.65602875,39.85423279,338.0640 -83.65602875,39.85423279,338.0800 -83.65602112,39.85420990,338.0550 -83.65602875,39.85420990,338.0220 -83.65602875,39.85420990,337.9700 -83.65602875,39.85420990,337.9950 -83.65602875,39.85420990,338.0030 -83.65603638,39.85420990,338.0090 -83.65603638,39.85420990,338.0120 -83.65603638,39.85420990,338.0160 -83.65602875,39.85420990,338.0020 -83.65602875,39.85420990,338.0130 -83.65602875,39.85420990,337.9950 -83.65602875,39.85420990,337.9710 -83.65602875,39.85420990,337.9700 -83.65602875,39.85420990,337.9650 -83.65602875,39.85420990,337.9430 -83.65602875,39.85420990,337.9490 -83.65602875,39.85420990,337.9630 -83.65602875,39.85420990,337.9700 -83.65602875,39.85420990,337.9570 -83.65602875,39.85420990,337.9450 -83.65602875,39.85420990,337.9340 -83.65602875,39.85420990,337.9470 -83.65602875,39.85420990,337.9290 -83.65602875,39.85420990,337.9210 -83.65602875,39.85420990,337.9270 -83.65602875,39.85420990,337.9260 -83.65602875,39.85420990,337.9190 -83.65602875,39.85420990,337.9010 -83.65602875,39.85420990,337.8940 -83.65602875,39.85420990,337.8840 -83.65602875,39.85420990,337.8470 -83.65602875,39.85420990,337.8340 -83.65602875,39.85420990,337.8040 -83.65602875,39.85420990,337.7770 -83.65602875,39.85420990,337.7760 -83.65602875,39.85420990,337.7570 -83.65602875,39.85420990,337.7180 -83.65602875,39.85420990,337.7100 -83.65602875,39.85420990,337.6990 -83.65602875,39.85420990,337.6730 -83.65602875,39.85420990,337.6580 -83.65602875,39.85420990,337.6550 -83.65602875,39.85420990,337.6470 -83.65602875,39.85420990,337.6440 -83.65602875,39.85420990,337.6200 -83.65602875,39.85420990,337.6050 -83.65602875,39.85420990,337.6030 -83.65602875,39.85420990,337.5900 -83.65602875,39.85420990,337.5810 -83.65602875,39.85420990,337.5840 -83.65602875,39.85420990,337.5770 -83.65602875,39.85420990,337.5440 -83.65602875,39.85420990,337.5270 -83.65602875,39.85420990,337.5170 -83.65602875,39.85420990,337.4820 -83.65602875,39.85420990,337.4660 -83.65602875,39.85420990,337.4590 -83.65602875,39.85420990,337.4740 -83.65602875,39.85420990,337.5120 -83.65602875,39.85420990,337.5050 -83.65602875,39.85420990,337.5040 -83.65602875,39.85420990,337.4930 -83.65603638,39.85420990,337.5180 -83.65603638,39.85420990,337.5240 -83.65603638,39.85420990,337.5300 -83.65602875,39.85420990,337.5250 -83.65602875,39.85420990,337.5170 -83.65603638,39.85420990,337.5310 -83.65603638,39.85420990,337.5520 -83.65603638,39.85420990,337.5750 -83.65603638,39.85420990,337.5810 -83.65603638,39.85420990,337.5850 -83.65603638,39.85420990,337.5850 -83.65603638,39.85420990,337.6020 -83.65603638,39.85420990,337.6240 -83.65603638,39.85420990,337.6610 -83.65603638,39.85420990,337.6900 -83.65603638,39.85420990,337.7210 -83.65603638,39.85420990,337.7390 -83.65603638,39.85420990,337.7720 -83.65603638,39.85420990,337.7800 -83.65603638,39.85420990,337.8130 -83.65603638,39.85420990,337.8150 -83.65603638,39.85420990,337.8340 -83.65603638,39.85420990,337.8320 -83.65603638,39.85420990,337.8910 -83.65603638,39.85420990,337.9040 -83.65603638,39.85420990,337.9200 -83.65603638,39.85420990,337.9350 -83.65603638,39.85420990,337.9580 -83.65603638,39.85420990,337.9760 -83.65603638,39.85420990,338.0010 -83.65603638,39.85420990,338.0220 -83.65603638,39.85420990,338.0120 -83.65603638,39.85420990,338.0300 -83.65603638,39.85420990,338.0390 -83.65603638,39.85420990,338.1020 -83.65603638,39.85420990,338.1460 -83.65603638,39.85420990,338.1990 -83.65603638,39.85420990,338.2610 -83.65603638,39.85420990,338.2830 -83.65603638,39.85420990,338.2890 -83.65602875,39.85420990,338.3120 -83.65602875,39.85420990,338.3050 -83.65602875,39.85420990,338.3140 -83.65602875,39.85420990,338.3250 -83.65602875,39.85420990,338.3560 -83.65603638,39.85420990,338.3660 -83.65603638,39.85420990,338.3770 -83.65602875,39.85420990,338.3720 -83.65602875,39.85420990,338.3590 -83.65602875,39.85420990,338.3550 -83.65603638,39.85420990,338.3830 -83.65603638,39.85420990,338.4630 -83.65602875,39.85420990,338.4100 -83.65603638,39.85420990,338.4330 -83.65603638,39.85420990,338.4390 -83.65603638,39.85420990,338.4430 -83.65603638,39.85420990,338.4440 -83.65603638,39.85420990,338.4510 -83.65603638,39.85420990,338.4590 -83.65603638,39.85420990,338.4630 -83.65603638,39.85420990,338.4540 -83.65603638,39.85420990,338.4430 -83.65603638,39.85420990,338.4600 -83.65603638,39.85420990,338.4610 -83.65603638,39.85420990,338.4350 -83.65603638,39.85420990,338.3760 -83.65603638,39.85420990,338.3020 -83.65603638,39.85420990,338.2860 -83.65603638,39.85420990,338.2560 -83.65603638,39.85420990,338.2160 -83.65603638,39.85420990,338.1630 -83.65603638,39.85420990,338.1120 -83.65603638,39.85420990,338.0690 -83.65603638,39.85420990,338.0240 -83.65603638,39.85420990,337.9330 -83.65603638,39.85420990,337.8770 -83.65603638,39.85420990,337.8310 -83.65603638,39.85420990,337.7770 -83.65603638,39.85420990,337.7340 -83.65603638,39.85420990,337.6770 -83.65603638,39.85420990,337.6380 -83.65603638,39.85420990,337.5970 -83.65603638,39.85420990,337.5570 -83.65603638,39.85420990,337.5110 -83.65603638,39.85420990,337.4610 -83.65603638,39.85420990,337.4270 -83.65603638,39.85420990,337.3730 -83.65603638,39.85420990,337.3230 -83.65602875,39.85420990,337.2610 -83.65602875,39.85420990,337.2030 -83.65602875,39.85420990,337.1630 -83.65602875,39.85420990,337.1080 -83.65602875,39.85420990,337.0690 -83.65602875,39.85420990,337.0150 -83.65602875,39.85420990,336.9760 -83.65602875,39.85420990,336.9560 -83.65603638,39.85420990,336.9140 -83.65603638,39.85420990,336.8700 -83.65602875,39.85420990,336.8290 -83.65602875,39.85420990,336.7710 -83.65602875,39.85420990,336.7110 -83.65602875,39.85420990,336.6670 -83.65602875,39.85420990,336.6320 -83.65602875,39.85420990,336.5980 -83.65602875,39.85420990,336.5440 -83.65602875,39.85420990,336.5000 -83.65602875,39.85420990,336.4040 -83.65602875,39.85420990,336.3530 -83.65602875,39.85420990,336.3060 -83.65602875,39.85420990,336.2550 -83.65602875,39.85420990,336.2320 -83.65602875,39.85420990,336.2080 -83.65602875,39.85420990,336.1890 -83.65602875,39.85420990,336.1550 -83.65602875,39.85420990,336.1410 -83.65602875,39.85420990,336.1000 -83.65602875,39.85420990,336.0910 -83.65602875,39.85420990,336.0750 -83.65602875,39.85420990,336.0580 -83.65602875,39.85420990,336.0370 -83.65602875,39.85420990,336.0170 -83.65602875,39.85420990,335.9920 -83.65603638,39.85420990,336.0040 -83.65603638,39.85420990,336.0100 -83.65602875,39.85420990,335.9850 -83.65602875,39.85420990,335.9890 -83.65602875,39.85420990,335.9670 -83.65603638,39.85420990,335.9410 -83.65602875,39.85420990,335.8990 -83.65602875,39.85420990,335.8790 -83.65603638,39.85420990,335.8660 -83.65603638,39.85420990,335.8370 -83.65602875,39.85420990,335.8330 -83.65603638,39.85420990,335.8330 -83.65602875,39.85420990,335.8360 -83.65602875,39.85420990,335.8440 -83.65602875,39.85420990,335.8480 -83.65603638,39.85420990,335.8480 -83.65603638,39.85420990,335.8590 -83.65603638,39.85420990,335.8690 -83.65603638,39.85420990,335.8430 -83.65603638,39.85420990,335.8520 -83.65603638,39.85420990,335.8670 -83.65603638,39.85420990,335.8750 -83.65603638,39.85420990,335.8840 -83.65603638,39.85420990,335.9120 -83.65603638,39.85420990,335.9580 -83.65603638,39.85420990,335.9460 -83.65603638,39.85420990,335.9190 -83.65603638,39.85420990,335.9210 -83.65603638,39.85420990,335.9110 -83.65602875,39.85420990,335.9020 -83.65602875,39.85420990,335.8730 -83.65602875,39.85420990,335.8830 -83.65602875,39.85420990,335.8870 -83.65602875,39.85420990,335.8790 -83.65602875,39.85420990,335.8750 -83.65602875,39.85420990,335.8520 -83.65602875,39.85420990,335.8480 -83.65602875,39.85420990,335.8060 -83.65602875,39.85420990,335.8030 -83.65602875,39.85420990,335.7610 -83.65602875,39.85420990,335.7340 -83.65602875,39.85420990,335.7000 -83.65602875,39.85420990,335.6850 -83.65602875,39.85420990,335.6490 -83.65602875,39.85420990,335.6210 -83.65602875,39.85420990,335.5870 -83.65602875,39.85420990,335.5530 -83.65602875,39.85420990,335.5270 -83.65602875,39.85420990,335.4690 -83.65602875,39.85420990,335.4600 -83.65602875,39.85420990,335.4300 -83.65602875,39.85420990,335.3930 -83.65602875,39.85420990,335.3550 -83.65602875,39.85420990,335.3380 -83.65602875,39.85420990,335.3040 -83.65602875,39.85420990,335.2610 -83.65602875,39.85420990,335.2200 -83.65602875,39.85420990,335.1930 -83.65602875,39.85420990,335.2000 -83.65602875,39.85420990,335.1740 -83.65602875,39.85420990,335.1430 -83.65602112,39.85420990,335.1360 -83.65602112,39.85420990,335.1120 -83.65602112,39.85420990,335.0800 -83.65602112,39.85420990,335.0940 -83.65602112,39.85420990,335.0640 -83.65602112,39.85420990,335.0350 -83.65602112,39.85420990,335.0160 -83.65602112,39.85420990,335.0300 -83.65602112,39.85420990,334.9880 -83.65602112,39.85420990,334.9480 -83.65602112,39.85420990,334.9390 -83.65602112,39.85420990,334.9340 -83.65602112,39.85420990,334.9460 -83.65602112,39.85420990,334.9670 -83.65602112,39.85420990,334.9750 -83.65602112,39.85420990,334.9800 -83.65602112,39.85420990,334.9690 -83.65602112,39.85420990,334.9830 -83.65602112,39.85420990,334.9700 -83.65602112,39.85420990,334.9780 -83.65602112,39.85420990,334.9960 -83.65602112,39.85420990,335.0100 -83.65602112,39.85420990,335.0130 -83.65602112,39.85420990,335.0080 -83.65602112,39.85420990,335.0090 -83.65602112,39.85420990,335.0080 -83.65602112,39.85420990,334.9980 -83.65602112,39.85420990,335.0000 -83.65602112,39.85420990,334.9870 -83.65602112,39.85420990,334.9790 -83.65602112,39.85420990,334.9770 -83.65602112,39.85420990,334.9770 -83.65602112,39.85420990,334.9960 -83.65602112,39.85420990,335.0210 -83.65602112,39.85420990,335.0240 -83.65602112,39.85420990,335.0340 -83.65602112,39.85420990,335.0320 -83.65602112,39.85420990,335.0860 -83.65602112,39.85420990,335.0660 -83.65602112,39.85420990,335.0980 -83.65602112,39.85420990,335.1580 -83.65602112,39.85420990,335.2040 -83.65602112,39.85420990,335.2360 -83.65602875,39.85420990,335.2640 -83.65602875,39.85420990,335.2950 -83.65602875,39.85420990,335.3430 -83.65602875,39.85420990,335.3720 -83.65602875,39.85420990,335.3880 -83.65602875,39.85420990,335.4000 -83.65602875,39.85420990,335.3990 -83.65602875,39.85420990,335.4230 -83.65602875,39.85420990,335.4380 -83.65602875,39.85420990,335.4590 -83.65602875,39.85420990,335.4240 -83.65602875,39.85420990,335.4170 -83.65602875,39.85420990,335.4310 -83.65602875,39.85420990,335.4220 -83.65602875,39.85420990,335.4580 -83.65602875,39.85420990,335.4590 -83.65602875,39.85420990,335.4620 -83.65602875,39.85420990,335.4690 -83.65602875,39.85420990,335.4810 -83.65602875,39.85420990,335.5040 -83.65602875,39.85420990,335.4950 -83.65602875,39.85420990,335.5240 -83.65602875,39.85420990,335.5560 -83.65602875,39.85420990,335.5790 -83.65602875,39.85420990,335.5650 -83.65602875,39.85420990,335.5460 -83.65602875,39.85420990,335.5190 -83.65602875,39.85420990,335.4980 -83.65602875,39.85420990,335.5090 -83.65602875,39.85420990,335.4890 -83.65602875,39.85420990,335.5420 -83.65603638,39.85420990,335.5720 -83.65603638,39.85420990,335.5780 -83.65603638,39.85420990,335.5750 -83.65603638,39.85420990,335.5360 -83.65603638,39.85420990,335.5430 -83.65603638,39.85420990,335.5030 -83.65602875,39.85420990,335.4750 -83.65602875,39.85420990,335.4450 -83.65603638,39.85420990,335.4070 -83.65602875,39.85420990,335.3730 -83.65602875,39.85420990,335.3380 -83.65602875,39.85420990,335.2790 -83.65602875,39.85420990,335.2350 -83.65602875,39.85420990,335.1740 -83.65602875,39.85420990,335.1300 -83.65603638,39.85420990,335.1030 -83.65603638,39.85420990,335.0690 -83.65603638,39.85420990,335.0150 -83.65603638,39.85420990,335.0060 -83.65602875,39.85420990,334.9880 -83.65602875,39.85420990,334.9810 -83.65602875,39.85420990,334.9470 -83.65602875,39.85420990,334.8970 -83.65602875,39.85420990,334.8670 -83.65602875,39.85420990,334.8440 -83.65602875,39.85420990,334.8250 -83.65602875,39.85420990,334.7900 -83.65602875,39.85420990,334.7610 -83.65602875,39.85420990,334.7490 -83.65602875,39.85420990,334.7200 -83.65602875,39.85420990,334.7160 -83.65602875,39.85420990,334.7150 -83.65602875,39.85420990,334.7040 -83.65602875,39.85420990,334.6870 -83.65602875,39.85420990,334.6700 -83.65602875,39.85420990,334.6800 -83.65602875,39.85420990,334.6870 -83.65602875,39.85420990,334.6980 -83.65602875,39.85420990,334.7040 -83.65602112,39.85420990,334.6820 -83.65602875,39.85420990,334.7360 -83.65602875,39.85420990,334.7120 -83.65602875,39.85420990,334.7210 -83.65602875,39.85420990,334.6970 -83.65602875,39.85420990,334.7340 -83.65602875,39.85420990,334.7040 -83.65602875,39.85420990,334.6910 -83.65602875,39.85420990,334.6380 -83.65602875,39.85420990,334.5880 -83.65602875,39.85420990,334.5410 -83.65602875,39.85420990,334.5010 -83.65602875,39.85420990,334.4820 -83.65602875,39.85420990,334.4700 -83.65602875,39.85420990,334.4570 -83.65602875,39.85420990,334.4270 -83.65602875,39.85420990,334.3940 -83.65602875,39.85420990,334.3850 -83.65602875,39.85420990,334.3530 -83.65602875,39.85420990,334.3360 -83.65602875,39.85420990,334.3090 -83.65602875,39.85420990,334.3250 -83.65602875,39.85420990,334.3040 -83.65602875,39.85420990,334.2790 -83.65602875,39.85420990,334.2470 -83.65602875,39.85420990,334.2480 -83.65602875,39.85420990,334.2440 -83.65602875,39.85420990,334.2660 -83.65602875,39.85420990,334.2790 -83.65602875,39.85420990,334.2640 -83.65602875,39.85420990,334.2490 -83.65602875,39.85420990,334.2400 -83.65602875,39.85420990,334.2440 -83.65602875,39.85420990,334.2490 -83.65602875,39.85420990,334.2250 -83.65602875,39.85420990,334.2340 -83.65602875,39.85420990,334.2500 -83.65602875,39.85420990,334.2200 -83.65602875,39.85420990,334.1870 -83.65602875,39.85420990,334.1870 -83.65602875,39.85420990,334.1620 -83.65602875,39.85420990,334.1100 -83.65602875,39.85420990,334.0990 -83.65602875,39.85420990,334.1230 -83.65602875,39.85420990,334.1200 -83.65603638,39.85420990,334.1050 -83.65603638,39.85420990,334.1270 -83.65602875,39.85420990,334.1070 -83.65602875,39.85420990,334.1150 -83.65602875,39.85420990,334.1020 -83.65602875,39.85420990,334.1030 -83.65602875,39.85420990,334.0910 -83.65602875,39.85420990,334.0730 -83.65602875,39.85420990,334.0850 -83.65602875,39.85420990,334.1190 -83.65602875,39.85420990,334.1160 -83.65602875,39.85420990,334.1200 -83.65602875,39.85420990,334.1240 -83.65602875,39.85420990,334.1260 -83.65602875,39.85420990,334.1280 -83.65602875,39.85420990,334.1090 -83.65602875,39.85420990,334.1340 -83.65602875,39.85420990,334.1390 -83.65602875,39.85420990,334.1200 -83.65602875,39.85420990,334.1430 -83.65602875,39.85420990,334.1330 -83.65602875,39.85420990,334.1170 -83.65602875,39.85420990,334.1500 -83.65602875,39.85420990,334.2500 -83.65602875,39.85420990,334.2660 -83.65602875,39.85420990,334.2840 -83.65602875,39.85420990,334.3070 -83.65602875,39.85420990,334.2870 -83.65602875,39.85420990,334.2620 -83.65602875,39.85420990,334.2580 -83.65602875,39.85420990,334.2640 -83.65602875,39.85420990,334.2750 -83.65602875,39.85420990,334.2770 -83.65602875,39.85420990,334.2780 -83.65602875,39.85420990,334.2860 -83.65602875,39.85420990,334.3120 -83.65602875,39.85420990,334.3410 -83.65602875,39.85420990,334.3790 -83.65602875,39.85420990,334.4400 -83.65602875,39.85420990,334.4140 -83.65602875,39.85420990,334.4410 -83.65602875,39.85420990,334.4930 -83.65602875,39.85420990,334.5330 -83.65602875,39.85420990,334.5520 -83.65602875,39.85420990,334.5290 -83.65602875,39.85420990,334.5300 -83.65602875,39.85420990,334.5320 -83.65602875,39.85420990,334.5690 -83.65602875,39.85420990,334.6070 -83.65602875,39.85420990,334.6190 -83.65602875,39.85420990,334.6200 -83.65602875,39.85420990,334.6130 -83.65602875,39.85420990,334.6240 -83.65602875,39.85420990,334.5620 -83.65602875,39.85420990,334.5630 -83.65602875,39.85420990,334.5580 -83.65602875,39.85420990,334.5750 -83.65602875,39.85420990,334.5710 -83.65603638,39.85420990,334.5550 -83.65603638,39.85420990,334.5410 -83.65603638,39.85420990,334.5220 -83.65603638,39.85420990,334.4910 -83.65603638,39.85420990,334.4630 -83.65603638,39.85420990,334.4550 -83.65603638,39.85420990,334.4590 -83.65603638,39.85420990,334.4300 -83.65603638,39.85420990,334.4250 -83.65603638,39.85420990,334.4280 -83.65603638,39.85420990,334.4320 -83.65602875,39.85420990,334.3940 -83.65602875,39.85420990,334.3970 -83.65602875,39.85420990,334.3710 -83.65603638,39.85420990,334.3640 -83.65603638,39.85420990,334.3170 -83.65603638,39.85420990,334.3110 -83.65603638,39.85420990,334.3030 -83.65603638,39.85420990,334.3220 -83.65603638,39.85420990,334.3130 -83.65603638,39.85420990,334.3000 -83.65603638,39.85420990,334.2910 -83.65603638,39.85420990,334.2820 -83.65603638,39.85420990,334.2590 -83.65603638,39.85420990,334.2860 -83.65603638,39.85420990,334.2730 -83.65603638,39.85420990,334.2700 -83.65603638,39.85420990,334.2860 -83.65603638,39.85420990,334.3190 -83.65603638,39.85420990,334.3100 -83.65603638,39.85420990,334.3000 -83.65603638,39.85420990,334.3170 -83.65603638,39.85420990,334.2830 -83.65603638,39.85420990,334.2580 -83.65603638,39.85420990,334.2560 -83.65603638,39.85420990,334.2410 -83.65603638,39.85420990,334.2270 -83.65603638,39.85420990,334.2180 -83.65602875,39.85420990,334.2130 -83.65602875,39.85420990,334.2230 -83.65602875,39.85420990,334.2400 -83.65602875,39.85420990,334.2740 -83.65602875,39.85420990,334.3440 -83.65602875,39.85420990,334.3370 -83.65603638,39.85420990,334.3520 -83.65603638,39.85420990,334.3600 -83.65603638,39.85420990,334.2830 -83.65602875,39.85420990,334.2620 -83.65603638,39.85420990,334.2410 -83.65603638,39.85420990,334.2390 -83.65602875,39.85420990,334.1570 -83.65602875,39.85420990,334.1030 -83.65602875,39.85420990,334.0420 -83.65602875,39.85420990,333.9710 -83.65603638,39.85420990,333.9380 -83.65603638,39.85420990,333.9640 -83.65603638,39.85420990,333.9390 -83.65603638,39.85420990,333.9260 -83.65603638,39.85420990,333.8470 -83.65603638,39.85420990,333.7760 -83.65603638,39.85420990,333.6840 -83.65603638,39.85420990,333.6020 -83.65603638,39.85420990,333.5220 -83.65603638,39.85420990,333.4290 -83.65603638,39.85420990,333.3510 -83.65603638,39.85420990,333.2790 -83.65603638,39.85420990,333.1330 -83.65603638,39.85420990,333.0750 -83.65603638,39.85420990,333.0170 -83.65603638,39.85420990,332.9330 -83.65603638,39.85420990,332.8840 -83.65603638,39.85420990,332.8130 -83.65604401,39.85420990,332.7900 -83.65604401,39.85420990,332.7320 -83.65604401,39.85420990,332.6670 -83.65603638,39.85420990,332.6500 -83.65603638,39.85420990,332.6130 -83.65603638,39.85420990,332.5690 -83.65603638,39.85420990,332.5550 -83.65603638,39.85420990,332.5170 -83.65603638,39.85420990,332.4860 -83.65603638,39.85420990,332.4310 -83.65603638,39.85420990,332.3560 -83.65603638,39.85420990,332.3150 -83.65603638,39.85420990,332.2650 -83.65603638,39.85420990,332.2250 -83.65603638,39.85420990,332.1950 -83.65603638,39.85420990,332.0720 -83.65602875,39.85420990,332.0360 -83.65602875,39.85420990,331.9410 -83.65602875,39.85420990,331.9570 -83.65602875,39.85420990,331.9330 -83.65602875,39.85420990,331.9330 -83.65602875,39.85420990,331.9200 -83.65602875,39.85420990,331.9230 -83.65602875,39.85420990,331.9210 -83.65602875,39.85420990,331.9260 -83.65602875,39.85420990,331.9570 -83.65602875,39.85420990,331.9230 -83.65602875,39.85420990,331.8830 -83.65602875,39.85420990,331.8580 -83.65602875,39.85420990,331.8660 -83.65602875,39.85420990,331.8670 -83.65602875,39.85420990,331.8490 -83.65602875,39.85420990,331.8390 -83.65602875,39.85420990,331.8390 -83.65602875,39.85420990,331.8230 -83.65602875,39.85420990,331.8060 -83.65602875,39.85420990,331.7430 -83.65602875,39.85420990,331.7460 -83.65602875,39.85420990,331.7620 -83.65602875,39.85420990,331.7560 -83.65602875,39.85420990,331.7540 -83.65602875,39.85420990,331.7650 -83.65602875,39.85420990,331.7710 -83.65602875,39.85420990,331.7900 -83.65602875,39.85420990,331.8120 -83.65602875,39.85420990,331.8230 -83.65602875,39.85420990,331.8610 -83.65602875,39.85420990,331.8710 -83.65602875,39.85420990,331.8770 -83.65602875,39.85420990,331.8710 -83.65602875,39.85420990,331.8800 -83.65602875,39.85420990,331.9020 -83.65602875,39.85420990,331.9160 -83.65602875,39.85420990,331.9370 -83.65602875,39.85420990,331.9610 -83.65602875,39.85420990,331.9860 -83.65602875,39.85420990,332.0190 -83.65602875,39.85420990,332.0060 -83.65602875,39.85420990,331.9990 -83.65602875,39.85420990,331.9930 -83.65602875,39.85420990,331.9750 -83.65602875,39.85420990,331.9480 -83.65602875,39.85420990,331.9090 -83.65602875,39.85420990,331.8520 -83.65602875,39.85420990,331.8660 -83.65602875,39.85420990,331.9080 -83.65602875,39.85420990,331.9150 -83.65602875,39.85420990,331.9090 -83.65602875,39.85420990,331.9140 -83.65602875,39.85420990,331.9120 -83.65602875,39.85420990,331.9110 -83.65602875,39.85420990,331.8900 -83.65602875,39.85420990,331.8680 -83.65602875,39.85420990,331.8520 -83.65602875,39.85420990,331.8330 -83.65602875,39.85420990,331.8110 -83.65602875,39.85420990,331.7920 -83.65603638,39.85420990,331.7690 -83.65603638,39.85420990,331.7240 -83.65602875,39.85420990,331.6990 -83.65603638,39.85420990,331.6710 -83.65603638,39.85420990,331.6560 -83.65603638,39.85420990,331.6280 -83.65602875,39.85420990,331.5770 -83.65603638,39.85420990,331.5190 -83.65603638,39.85420990,331.4740 -83.65602875,39.85420990,331.4290 -83.65602875,39.85420990,331.3750 -83.65602875,39.85420990,331.3540 -83.65602875,39.85420990,331.3050 -83.65602875,39.85420990,331.2670 -83.65602875,39.85420990,331.2610 -83.65602875,39.85420990,331.2400 -83.65602875,39.85420990,331.2380 -83.65602875,39.85420990,331.2170 -83.65602875,39.85420990,331.1990 -83.65602875,39.85420990,331.1900 -83.65602875,39.85420990,331.2040 -83.65602875,39.85420990,331.2440 -83.65602875,39.85420990,331.2380 -83.65602875,39.85420990,331.2390 -83.65602875,39.85420990,331.2330 -83.65602875,39.85420990,331.2130 -83.65602875,39.85420990,331.1850 -83.65602875,39.85420990,331.2030 -83.65602875,39.85420990,331.2000 -83.65602875,39.85420990,331.2100 -83.65602875,39.85420990,331.2330 -83.65602875,39.85420990,331.2400 -83.65602875,39.85420990,331.2880 -83.65602875,39.85420990,331.2740 -83.65602875,39.85420990,331.2420 -83.65602875,39.85420990,331.2130 -83.65602875,39.85420990,331.1850 -83.65602875,39.85420990,331.1870 -83.65602875,39.85420990,331.1920 -83.65602875,39.85420990,331.1770 -83.65602875,39.85420990,331.2180 -83.65602875,39.85420990,331.2250 -83.65602875,39.85420990,331.2350 -83.65602875,39.85420990,331.2640 -83.65602875,39.85420990,331.2850 -83.65602875,39.85420990,331.2950 -83.65603638,39.85420990,331.2820 -83.65602875,39.85420990,331.2960 -83.65602875,39.85420990,331.2780 -83.65602875,39.85420990,331.2680 -83.65602875,39.85420990,331.2510 -83.65602875,39.85420990,331.2410 -83.65602875,39.85420990,331.2190 -83.65602875,39.85420990,331.2260 -83.65602875,39.85420990,331.2250 -83.65602875,39.85420990,331.2110 -83.65602875,39.85420990,331.1900 -83.65602875,39.85420990,331.1400 -83.65602875,39.85420990,331.1340 -83.65602875,39.85420990,331.1390 -83.65602875,39.85420990,331.1490 -83.65602875,39.85420990,331.1540 -83.65602875,39.85420990,331.1110 -83.65602875,39.85420990,331.1130 -83.65602875,39.85420990,331.1180 -83.65602875,39.85420990,331.1590 -83.65602875,39.85420990,331.2020 -83.65602875,39.85420990,331.2540 -83.65602875,39.85420990,331.3210 -83.65602875,39.85420990,331.3820 -83.65602875,39.85420990,331.4420 -83.65603638,39.85420990,331.4870 -83.65603638,39.85420990,331.5710 -83.65603638,39.85420990,331.6200 -83.65603638,39.85420990,331.6660 -83.65603638,39.85420990,331.7050 -83.65603638,39.85420990,331.7180 -83.65603638,39.85420990,331.7200 -83.65603638,39.85420990,331.7350 -83.65602875,39.85420990,331.7380 -83.65602875,39.85420990,331.7650 -83.65602875,39.85420990,331.7750 -83.65603638,39.85420990,331.8050 -83.65603638,39.85420990,331.8260 -83.65603638,39.85420990,331.8380 -83.65603638,39.85420990,331.8430 -83.65603638,39.85420990,331.8550 -83.65602875,39.85420990,331.8700 -83.65602875,39.85420990,331.8600 -83.65603638,39.85420990,331.9090 -83.65603638,39.85420990,331.9050 -83.65603638,39.85420990,331.9380 -83.65603638,39.85420990,331.9520 -83.65603638,39.85423279,331.9900 -83.65603638,39.85423279,332.0190 -83.65603638,39.85420990,332.0400 -83.65603638,39.85420990,332.0570 -83.65602875,39.85420990,332.0620 -83.65602875,39.85420990,332.0750 -83.65603638,39.85420990,332.0930 -83.65602875,39.85420990,332.0690 -83.65603638,39.85420990,332.0480 -83.65603638,39.85420990,332.0100 -83.65603638,39.85420990,332.0050 -83.65603638,39.85420990,331.9970 -83.65603638,39.85420990,331.9970 -83.65603638,39.85420990,331.9770 -83.65603638,39.85420990,331.9470 -83.65603638,39.85420990,331.9270 -83.65603638,39.85420990,331.9360 -83.65603638,39.85420990,331.9440 -83.65603638,39.85420990,331.9650 -83.65603638,39.85420990,332.0080 -83.65603638,39.85420990,332.0300 -83.65603638,39.85420990,332.0180 -83.65603638,39.85420990,332.0150 -83.65603638,39.85423279,331.9880 -83.65603638,39.85423279,331.9850 -83.65603638,39.85423279,332.0120 -83.65603638,39.85423279,332.0140 -83.65603638,39.85423279,332.0160 -83.65603638,39.85423279,332.0830 -83.65603638,39.85423279,332.1430 -83.65603638,39.85423279,332.2060 -83.65603638,39.85423279,332.2700 -83.65603638,39.85423279,332.3170 -83.65603638,39.85423279,332.3990 -83.65603638,39.85423279,332.4720 -83.65603638,39.85423279,332.4890 -83.65603638,39.85423279,332.4680 -83.65603638,39.85423279,332.4740 -83.65603638,39.85423279,332.4010 -83.65603638,39.85423279,332.3810 -83.65603638,39.85423279,332.4010 -83.65603638,39.85423279,332.3530 -83.65603638,39.85423279,332.3350 -83.65603638,39.85423279,332.3650 -83.65603638,39.85423279,332.3770 -83.65603638,39.85423279,332.4620 -83.65603638,39.85423279,332.4650 -83.65603638,39.85423279,332.4170 -83.65603638,39.85423279,332.4150 -83.65603638,39.85423279,332.4170 -83.65603638,39.85423279,332.4460 -83.65603638,39.85423279,332.5260 -83.65603638,39.85423279,332.5980 -83.65603638,39.85423279,332.6710 -83.65603638,39.85423279,332.7010 -83.65603638,39.85423279,332.7790 -83.65603638,39.85423279,332.8330 -83.65603638,39.85423279,332.9240 -83.65603638,39.85423279,332.9700 -83.65603638,39.85423279,333.0390 -83.65603638,39.85423279,333.0710 -83.65603638,39.85423279,333.1190 -83.65603638,39.85423279,333.1520 -83.65603638,39.85423279,333.1830 -83.65603638,39.85423279,333.2270 -83.65603638,39.85423279,333.2360 -83.65603638,39.85423279,333.2590 -83.65603638,39.85423279,333.2900 -83.65603638,39.85423279,333.3250 -83.65603638,39.85423279,333.3530 -83.65603638,39.85423279,333.3200 -83.65603638,39.85423279,333.3020 -83.65603638,39.85423279,333.2200 -83.65603638,39.85423279,333.1990 -83.65603638,39.85423279,333.1140 -83.65603638,39.85423279,333.0870 -83.65603638,39.85423279,333.0750 -83.65603638,39.85423279,333.0880 -83.65603638,39.85423279,333.0450 -83.65603638,39.85423279,333.0550 -83.65603638,39.85423279,333.0230 -83.65603638,39.85423279,333.0210 -83.65603638,39.85423279,333.0100 -83.65603638,39.85423279,332.9660 -83.65603638,39.85423279,333.0270 -83.65602875,39.85423279,333.0720 -83.65602875,39.85423279,333.1990 -83.65603638,39.85423279,333.2740 -83.65602875,39.85423279,333.3780 -83.65602875,39.85423279,333.4980 -83.65602875,39.85423279,333.5380 -83.65602875,39.85423279,333.5400 -83.65602875,39.85423279,333.5560 -83.65602875,39.85423279,333.5620 -83.65602875,39.85423279,333.5650 -83.65602875,39.85423279,333.5440 -83.65602875,39.85423279,333.5040 -83.65602875,39.85423279,333.4800 -83.65602875,39.85423279,333.4440 -83.65602875,39.85423279,333.4190 -83.65602875,39.85423279,333.3500 -83.65602875,39.85423279,333.3540 -83.65602875,39.85423279,333.3500 -83.65602875,39.85423279,333.4130 -83.65602875,39.85423279,333.6380 -83.65602875,39.85423279,333.6650 -83.65602875,39.85423279,333.7080 -83.65602875,39.85423279,333.7640 -83.65602875,39.85423279,333.9000 -83.65602875,39.85423279,333.9510 -83.65602875,39.85423279,333.9680 -83.65602875,39.85423279,333.9350 -83.65602875,39.85423279,333.8950 -83.65602875,39.85423279,333.8960 -83.65602875,39.85423279,333.8290 -83.65602875,39.85423279,333.7640 -83.65602875,39.85423279,333.6050 -83.65602875,39.85423279,333.5170 -83.65602875,39.85423279,333.2740 -83.65602875,39.85423279,333.2060 -83.65602875,39.85423279,333.0060 -83.65602875,39.85423279,332.9220 -83.65602875,39.85423279,332.8310 -83.65602875,39.85423279,332.8300 -83.65602875,39.85423279,332.7770 -83.65602875,39.85423279,332.7580 -83.65602875,39.85423279,332.7280 -83.65602875,39.85423279,332.6700 -83.65602875,39.85423279,332.4960 -83.65602875,39.85423279,332.4450 -83.65602875,39.85423279,332.3430 -83.65602875,39.85423279,332.2880 -83.65602875,39.85423279,332.2120 -83.65602875,39.85423279,332.1690 -83.65602875,39.85423279,332.1560 -83.65602875,39.85423279,332.0420 -83.65602875,39.85423279,331.9930 -83.65602875,39.85423279,332.0150 -83.65602875,39.85423279,331.9770 -83.65602875,39.85423279,331.9470 -83.65602875,39.85423279,331.9340 -83.65602875,39.85423279,331.8940 -83.65602875,39.85423279,331.8610 -83.65602875,39.85423279,331.8220 -83.65602875,39.85423279,331.8360 -83.65602875,39.85423279,331.8720 -83.65602875,39.85423279,331.8680 -83.65602875,39.85423279,331.8440 -83.65602875,39.85423279,331.8200 -83.65602875,39.85423279,331.7840 -83.65602875,39.85423279,331.7590 -83.65602875,39.85423279,331.7530 -83.65602875,39.85423279,331.7430 -83.65602875,39.85423279,331.7220 -83.65602875,39.85423279,331.7280 -83.65602875,39.85423279,331.7840 -83.65602875,39.85423279,331.7950 -83.65602875,39.85423279,331.7630 -83.65602875,39.85423279,331.7420 -83.65602875,39.85423279,331.7300 -83.65602875,39.85423279,331.6650 -83.65602875,39.85423279,331.6230 -83.65602875,39.85423279,331.6320 -83.65602875,39.85423279,331.6620 -83.65602875,39.85423279,331.7020 -83.65602875,39.85423279,331.6890 -83.65602875,39.85423279,331.6730 -83.65602875,39.85423279,331.6810 -83.65602875,39.85423279,331.7870 -83.65602875,39.85423279,331.7560 -83.65602875,39.85423279,331.6760 -83.65602875,39.85423279,331.6510 -83.65602875,39.85423279,331.6230 -83.65602875,39.85423279,331.5970 -83.65602875,39.85423279,331.6070 -83.65602875,39.85423279,331.5410 -83.65602875,39.85423279,331.5230 -83.65602875,39.85423279,331.5480 -83.65602875,39.85423279,331.5900 -83.65602875,39.85423279,331.6000 -83.65602875,39.85423279,331.6250 -83.65602875,39.85423279,331.6340 -83.65602875,39.85423279,331.6450 -83.65602875,39.85423279,331.6570 -83.65602875,39.85423279,331.6690 -83.65602875,39.85423279,331.6670 -83.65602875,39.85423279,331.6160 -83.65602875,39.85423279,331.5780 -83.65602875,39.85423279,331.5900 -83.65602875,39.85423279,331.5890 -83.65602875,39.85423279,331.6230 -83.65602875,39.85423279,331.6360 -83.65602875,39.85423279,331.6710 -83.65602875,39.85423279,331.7050 -83.65602875,39.85423279,331.7490 -83.65602875,39.85423279,331.7770 -83.65602875,39.85423279,331.8070 -83.65602875,39.85423279,331.8110 -83.65602875,39.85423279,331.8380 -83.65602875,39.85423279,331.8830 -83.65602875,39.85423279,331.9280 -83.65602875,39.85423279,331.9550 -83.65602875,39.85423279,332.0040 -83.65602875,39.85423279,332.0610 -83.65602875,39.85423279,332.0950 -83.65602875,39.85423279,332.1040 -83.65602875,39.85423279,332.1010 -83.65602875,39.85423279,332.0800 -83.65602875,39.85423279,332.0580 -83.65602875,39.85423279,332.0570 -83.65602875,39.85423279,332.0420 -83.65602875,39.85423279,332.0140 -83.65602875,39.85423279,331.9860 -83.65602875,39.85423279,331.9600 -83.65602875,39.85423279,331.9690 -83.65602875,39.85423279,331.9690 -83.65602875,39.85423279,331.9580 -83.65602875,39.85423279,331.9790 -83.65602875,39.85423279,331.9670 -83.65602875,39.85423279,332.0080 -83.65602875,39.85423279,332.0670 -83.65602875,39.85423279,332.0970 -83.65602875,39.85423279,332.0580 -83.65602875,39.85423279,332.1070 -83.65602875,39.85423279,332.1740 -83.65602875,39.85423279,332.2070 -83.65602875,39.85423279,332.1870 -83.65602875,39.85423279,332.2260 -83.65602875,39.85423279,332.2240 -83.65602875,39.85423279,332.1730 -83.65602875,39.85423279,332.1040 -83.65602875,39.85423279,332.0580 -83.65602875,39.85423279,332.0530 -83.65602875,39.85423279,332.0180 -83.65602875,39.85423279,331.9450 -83.65602875,39.85423279,331.9010 -83.65602875,39.85423279,331.8980 -83.65602875,39.85423279,331.9430 -83.65602875,39.85423279,331.8900 -83.65602875,39.85423279,331.8290 -83.65602875,39.85423279,331.7450 -83.65602875,39.85423279,331.6660 -83.65602875,39.85423279,331.5960 -83.65602875,39.85423279,331.5770 -83.65602875,39.85423279,331.5440 -83.65602875,39.85423279,331.5400 -83.65602875,39.85423279,331.5480 -83.65602875,39.85423279,331.6080 -83.65602875,39.85423279,331.7310 -83.65603638,39.85423279,331.8210 -83.65603638,39.85423279,331.8040 -83.65602875,39.85423279,331.7650 -83.65602875,39.85423279,331.8200 -83.65602875,39.85423279,331.8670 -83.65603638,39.85423279,331.9160 -83.65603638,39.85423279,331.9090 -83.65603638,39.85423279,331.9530 -83.65603638,39.85423279,331.9890 -83.65603638,39.85423279,332.0080 -83.65603638,39.85423279,332.0130 -83.65603638,39.85423279,332.0240 -83.65603638,39.85423279,332.0560 -83.65603638,39.85423279,332.0610 -83.65603638,39.85423279,332.1010 -83.65603638,39.85423279,332.1950 -83.65603638,39.85423279,332.2910 -83.65603638,39.85423279,332.3200 -83.65602875,39.85423279,332.3480 -83.65602875,39.85423279,332.3560 -83.65602875,39.85423279,332.3780 -83.65602875,39.85423279,332.4110 -83.65602875,39.85423279,332.4050 -83.65602875,39.85423279,332.3950 -83.65602875,39.85423279,332.4130 -83.65602875,39.85423279,332.4190 -83.65603638,39.85423279,332.4640 -83.65603638,39.85423279,332.5110 -83.65602875,39.85423279,332.5620 -83.65602875,39.85423279,332.5880 -83.65603638,39.85423279,332.6010 -83.65603638,39.85423279,332.6290 -83.65603638,39.85423279,332.6430 -83.65603638,39.85423279,332.6710 -83.65603638,39.85423279,332.7100 -83.65603638,39.85423279,332.7340 -83.65603638,39.85423279,332.7760 -83.65603638,39.85423279,332.7930 -83.65602875,39.85423279,332.8650 -83.65603638,39.85423279,332.9200 -83.65603638,39.85423279,332.9330 -83.65603638,39.85423279,332.9700 -83.65603638,39.85423279,333.0270 -83.65603638,39.85423279,333.0370 -83.65602875,39.85423279,333.0940 -83.65602875,39.85423279,333.1450 -83.65602875,39.85423279,333.1810 -83.65602875,39.85423279,333.2070 -83.65602875,39.85423279,333.2430 -83.65602875,39.85423279,333.2850 -83.65602875,39.85423279,333.2900 -83.65602875,39.85423279,333.3550 -83.65602875,39.85423279,333.4030 -83.65602875,39.85423279,333.4490 -83.65602875,39.85423279,333.4620 -83.65602875,39.85423279,333.4550 -83.65602875,39.85423279,333.5160 -83.65602875,39.85423279,333.5220 -83.65602875,39.85423279,333.5220 -83.65602875,39.85423279,333.5430 -83.65602875,39.85423279,333.5840 -83.65602875,39.85423279,333.6100 -83.65602875,39.85423279,333.6360 -83.65602875,39.85423279,333.6540 -83.65603638,39.85423279,333.7140 -83.65602875,39.85423279,333.6930 -83.65603638,39.85423279,333.7180 -83.65602875,39.85423279,333.7180 -83.65602875,39.85423279,333.7410 -83.65602875,39.85423279,333.7680 -83.65602875,39.85423279,333.7880 -83.65602875,39.85423279,333.7840 -83.65602875,39.85423279,333.7800 -83.65603638,39.85423279,333.8130 -83.65603638,39.85423279,333.8440 -83.65603638,39.85423279,333.8670 -83.65602875,39.85423279,333.8730 -83.65603638,39.85423279,333.9040 -83.65603638,39.85423279,333.9110 -83.65603638,39.85423279,333.9280 -83.65603638,39.85423279,333.9240 -83.65603638,39.85423279,333.9300 -83.65603638,39.85423279,333.8950 -83.65603638,39.85423279,333.8840 -83.65603638,39.85423279,333.8310 -83.65603638,39.85423279,333.8040 -83.65603638,39.85423279,333.7240 -83.65603638,39.85423279,333.7000 -83.65603638,39.85423279,333.6190 -83.65603638,39.85423279,333.5690 -83.65603638,39.85423279,333.5400 -83.65603638,39.85423279,333.5120 -83.65603638,39.85423279,333.5080 -83.65603638,39.85423279,333.5110 -83.65603638,39.85423279,333.4920 -83.65603638,39.85423279,333.4890 -83.65603638,39.85423279,333.4760 -83.65603638,39.85423279,333.4680 -83.65603638,39.85423279,333.4150 -83.65603638,39.85423279,333.3810 -83.65603638,39.85423279,333.3150 -83.65603638,39.85423279,333.3090 -83.65603638,39.85423279,333.2790 -83.65603638,39.85423279,333.2860 -83.65603638,39.85423279,333.2820 -83.65603638,39.85423279,333.2510 -83.65603638,39.85423279,333.2750 -83.65603638,39.85423279,333.3000 -83.65603638,39.85423279,333.3300 -83.65603638,39.85423279,333.3310 -83.65604401,39.85423279,333.3350 -83.65604401,39.85423279,333.2980 -83.65604401,39.85423279,333.3050 -83.65604401,39.85423279,333.2860 -83.65604401,39.85423279,333.2810 -83.65604401,39.85423279,333.3150 -83.65604401,39.85423279,333.3410 -83.65604401,39.85423279,333.3770 -83.65604401,39.85423279,333.3900 -83.65604401,39.85423279,333.4110 -83.65604401,39.85423279,333.4380 -83.65604401,39.85423279,333.4220 -83.65604401,39.85423279,333.3510 -83.65604401,39.85423279,333.3190 -83.65603638,39.85423279,333.3410 -83.65603638,39.85423279,333.2820 -83.65603638,39.85423279,333.3080 -83.65603638,39.85423279,333.3140 -83.65603638,39.85423279,333.3020 -83.65603638,39.85423279,333.3050 -83.65603638,39.85423279,333.3170 -83.65603638,39.85423279,333.3090 -83.65603638,39.85423279,333.2060 -83.65603638,39.85423279,333.1750 -83.65603638,39.85423279,333.0860 -83.65603638,39.85423279,333.0850 -83.65603638,39.85423279,333.0390 -83.65603638,39.85423279,333.0130 -83.65603638,39.85423279,333.0010 -83.65603638,39.85423279,332.9810 -83.65603638,39.85423279,332.9260 -83.65603638,39.85423279,332.8790 -83.65603638,39.85423279,332.8780 -83.65603638,39.85423279,332.8730 -83.65603638,39.85423279,332.9170 -83.65603638,39.85423279,332.9520 -83.65603638,39.85423279,333.0490 -83.65603638,39.85423279,333.0760 -83.65603638,39.85423279,333.1460 -83.65603638,39.85423279,333.2010 -83.65603638,39.85423279,333.2750 -83.65603638,39.85423279,333.3190 -83.65603638,39.85423279,333.3800 -83.65603638,39.85423279,333.4240 -83.65603638,39.85423279,333.4930 -83.65603638,39.85423279,333.5090 -83.65603638,39.85423279,333.5440 -83.65603638,39.85423279,333.5570 -83.65603638,39.85423279,333.5300 -83.65602875,39.85423279,333.5250 -83.65602875,39.85423279,333.4530 -83.65602875,39.85423279,333.4420 -83.65602875,39.85423279,333.3650 -83.65602875,39.85423279,333.3220 -83.65602875,39.85423279,333.2160 -83.65602875,39.85423279,333.1610 -83.65603638,39.85423279,333.0780 -83.65602875,39.85423279,333.0590 -83.65602875,39.85423279,333.0420 -83.65602875,39.85423279,333.0300 -83.65602875,39.85423279,332.9890 -83.65602875,39.85423279,332.9420 -83.65602875,39.85423279,332.9050 -83.65602875,39.85423279,332.9060 -83.65602875,39.85423279,332.8810 -83.65602875,39.85423279,332.8650 -83.65602875,39.85423279,332.8040 -83.65602875,39.85423279,332.8100 -83.65602875,39.85423279,332.7690 -83.65602875,39.85423279,332.7760 -83.65602875,39.85423279,332.7330 -83.65602875,39.85423279,332.7290 -83.65602875,39.85423279,332.7040 -83.65602875,39.85423279,332.6820 -83.65602875,39.85423279,332.6470 -83.65602875,39.85423279,332.6430 -83.65602875,39.85423279,332.6450 -83.65602875,39.85423279,332.6470 -83.65602875,39.85423279,332.6620 -83.65602875,39.85423279,332.6970 -83.65602875,39.85423279,332.7450 -83.65602875,39.85423279,332.7590 -83.65602875,39.85423279,332.7750 -83.65602875,39.85423279,332.7960 -83.65602875,39.85423279,332.8100 -83.65602875,39.85423279,332.8210 -83.65602875,39.85423279,332.8270 -83.65602875,39.85423279,332.7950 -83.65602875,39.85423279,332.7880 -83.65602875,39.85423279,332.8170 -83.65602875,39.85423279,332.9740 -83.65602875,39.85423279,333.0130 -83.65602875,39.85423279,333.0750 -83.65602875,39.85423279,333.1090 -83.65603638,39.85423279,333.1030 -83.65602875,39.85420990,332.9010 -83.65602875,39.85420990,332.4450 -83.65602875,39.85420990,332.5340 -83.65602875,39.85420990,332.3580 -83.65602875,39.85420990,332.3400 -83.65602875,39.85420990,332.3190 -83.65602875,39.85420990,332.3050 -83.65602875,39.85420990,332.2880 -83.65602875,39.85420990,332.7140 -83.65602875,39.85423279,332.9010 -83.65602875,39.85423279,332.8430 -83.65602875,39.85423279,332.7940 -83.65602875,39.85423279,332.7570 -83.65602875,39.85423279,332.6670 -83.65602875,39.85423279,332.6440 -83.65602875,39.85423279,332.6420 -83.65602875,39.85423279,332.6450 -83.65602112,39.85423279,332.6170 -83.65602875,39.85423279,332.6030 -83.65602112,39.85423279,332.5820 -83.65602112,39.85423279,332.5480 -83.65602875,39.85423279,332.4790 -83.65602112,39.85423279,332.4300 -83.65602112,39.85423279,332.2840 -83.65602112,39.85423279,332.2050 -83.65602112,39.85423279,332.1080 -83.65602112,39.85423279,332.0450 -83.65602112,39.85423279,331.9240 -83.65602112,39.85423279,331.9360 -83.65602112,39.85423279,331.8470 -83.65602112,39.85423279,331.8340 -83.65602112,39.85423279,331.8270 -83.65602112,39.85423279,331.8590 -83.65602112,39.85423279,331.7260 -83.65602112,39.85423279,331.6010 -83.65602112,39.85423279,331.4670 -83.65602112,39.85423279,331.3120 -83.65602875,39.85423279,331.3150 -83.65602875,39.85423279,331.3180 -83.65602112,39.85423279,331.2430 -83.65602112,39.85423279,331.1880 -83.65602112,39.85423279,331.1980 -83.65602112,39.85423279,331.1780 -83.65602112,39.85423279,331.2440 -83.65602112,39.85423279,331.2540 -83.65602875,39.85423279,331.2800 -83.65602875,39.85423279,331.2650 -83.65602112,39.85423279,331.2510 -83.65602112,39.85423279,331.1810 -83.65602112,39.85423279,331.2020 -83.65602112,39.85423279,331.2200 -83.65602112,39.85423279,331.1900 -83.65602112,39.85423279,331.2220 -83.65602112,39.85423279,331.2100 -83.65602112,39.85423279,331.2130 -83.65602112,39.85423279,331.1820 -83.65602112,39.85423279,331.1250 -83.65602112,39.85423279,331.1400 -83.65602112,39.85423279,331.1420 -83.65602112,39.85423279,331.1810 -83.65602112,39.85423279,331.1690 -83.65602112,39.85423279,331.1970 -83.65602112,39.85423279,331.1830 -83.65602112,39.85423279,331.1470 -83.65602112,39.85423279,331.1330 -83.65602112,39.85423279,331.1690 -83.65602112,39.85423279,331.2150 -83.65602112,39.85423279,331.2540 -83.65602112,39.85423279,331.2620 -83.65602112,39.85423279,331.3100 -83.65602112,39.85423279,331.3220 -83.65602112,39.85423279,331.2910 -83.65602112,39.85423279,331.2970 -83.65602112,39.85423279,331.3650 -83.65602112,39.85423279,331.3520 -83.65602112,39.85423279,331.4410 -83.65602112,39.85423279,331.4900 -83.65602112,39.85423279,331.5360 -83.65602112,39.85423279,331.5630 -83.65602112,39.85423279,331.6760 -83.65602112,39.85423279,331.6530 -83.65602112,39.85423279,331.6920 -83.65602112,39.85423279,331.6990 -83.65602112,39.85423279,331.6950 -83.65602112,39.85423279,331.7230 -83.65602112,39.85423279,331.6750 -83.65602112,39.85423279,331.7030 -83.65602112,39.85423279,331.7170 -83.65602112,39.85423279,331.7390 -83.65602112,39.85423279,331.7280 -83.65602112,39.85423279,331.7570 -83.65602112,39.85423279,331.8770 -83.65602112,39.85423279,331.8740 -83.65602112,39.85423279,331.8930 -83.65602112,39.85423279,331.8920 -83.65602112,39.85423279,331.8150 -83.65602112,39.85423279,331.7080 -83.65602112,39.85423279,331.5930 -83.65602112,39.85423279,331.5670 -83.65602112,39.85423279,331.4920 -83.65602112,39.85423279,331.4890 -83.65602112,39.85423279,331.4710 -83.65602112,39.85423279,331.4760 -83.65602112,39.85423279,331.5020 -83.65602112,39.85423279,331.5070 -83.65602112,39.85423279,331.5030 -83.65602112,39.85423279,331.4920 -83.65602112,39.85423279,331.4810 -83.65602112,39.85423279,331.4700 -83.65602112,39.85423279,331.4860 -83.65602112,39.85423279,331.4930 -83.65602112,39.85423279,331.4610 -83.65602112,39.85423279,331.4070 -83.65602112,39.85423279,331.4430 -83.65602112,39.85423279,331.4340 -83.65602112,39.85423279,331.3360 -83.65602112,39.85423279,331.3900 -83.65602112,39.85423279,331.4620 -83.65602112,39.85423279,331.4280 -83.65602112,39.85423279,331.3900 -83.65602112,39.85423279,331.4160 -83.65602112,39.85423279,331.5350 -83.65602112,39.85423279,331.6000 -83.65602112,39.85423279,331.6930 -83.65602112,39.85423279,331.6890 -83.65602112,39.85423279,331.5900 -83.65602112,39.85423279,331.4990 -83.65602112,39.85423279,331.2830 -83.65602112,39.85423279,331.3320 -83.65602112,39.85423279,331.3760 -83.65602112,39.85423279,331.4340 -83.65602112,39.85423279,331.3930 -83.65602112,39.85423279,331.4290 -83.65602112,39.85423279,331.5320 -83.65602112,39.85423279,331.5740 -83.65602112,39.85423279,331.5890 -83.65602112,39.85423279,331.6340 -83.65602112,39.85423279,331.7220 -83.65602112,39.85423279,331.7180 -83.65602112,39.85423279,331.7470 -83.65602112,39.85423279,331.6420 -83.65602112,39.85423279,331.5770 -83.65602112,39.85423279,331.6530 -83.65602112,39.85423279,331.7480 -83.65602112,39.85423279,331.7580 -83.65602112,39.85423279,331.8810 -83.65602112,39.85423279,331.9490 -83.65602112,39.85423279,332.0560 -83.65602112,39.85423279,332.0720 -83.65602112,39.85423279,332.1780 -83.65602112,39.85423279,332.2020 -83.65602112,39.85423279,332.2990 -83.65602112,39.85423279,332.3370 -83.65602112,39.85423279,332.3870 -83.65602112,39.85423279,332.3390 -83.65602112,39.85423279,332.1930 -83.65602112,39.85423279,332.1830 -83.65602112,39.85423279,332.1500 -83.65602112,39.85423279,332.1510 -83.65602112,39.85423279,332.1220 -83.65602112,39.85423279,332.1000 -83.65602112,39.85423279,332.1470 -83.65602112,39.85423279,332.1670 -83.65602112,39.85423279,332.1590 -83.65602112,39.85423279,332.1360 -83.65602112,39.85423279,332.1320 -83.65602112,39.85423279,332.0830 -83.65602112,39.85423279,331.9030 -83.65602112,39.85423279,331.9240 -83.65602112,39.85423279,331.8660 -83.65602112,39.85423279,331.7680 -83.65602112,39.85423279,331.7200 -83.65602112,39.85423279,331.6760 -83.65602112,39.85423279,331.6050 -83.65602112,39.85423279,331.5730 -83.65602112,39.85423279,331.5120 -83.65602112,39.85423279,331.4910 -83.65602112,39.85423279,331.3940 -83.65602112,39.85423279,331.3270 -83.65602112,39.85423279,331.2550 -83.65602112,39.85423279,331.1980 -83.65602112,39.85423279,331.2100 -83.65602112,39.85423279,331.0960 -83.65602112,39.85423279,331.0860 -83.65602112,39.85423279,331.0810 -83.65602112,39.85423279,331.1090 -83.65602112,39.85423279,331.1850 -83.65602112,39.85423279,331.2590 -83.65602112,39.85423279,331.3710 -83.65602112,39.85423279,331.3850 -83.65602112,39.85423279,331.3740 -83.65602112,39.85423279,331.4160 -83.65602112,39.85423279,331.3470 -83.65602112,39.85423279,331.4040 -83.65602875,39.85423279,331.2960 -83.65602112,39.85423279,331.3010 -83.65602112,39.85423279,331.2530 -83.65602112,39.85423279,331.2100 -83.65602112,39.85423279,331.2170 -83.65602875,39.85423279,331.2460 -83.65602875,39.85423279,331.3350 -83.65602112,39.85423279,331.4120 -83.65602112,39.85423279,331.5300 -83.65602112,39.85423279,331.5700 -83.65602112,39.85423279,331.7130 -83.65602112,39.85423279,331.7390 -83.65602112,39.85423279,331.6640 -83.65602112,39.85423279,331.6760 -83.65602112,39.85423279,331.7970 -83.65602875,39.85423279,331.8510 -83.65602112,39.85423279,331.8660 -83.65602112,39.85423279,331.7950 -83.65602112,39.85423279,331.7650 -83.65602112,39.85423279,331.7100 -83.65602112,39.85423279,331.6620 -83.65602112,39.85423279,331.5590 -83.65602112,39.85423279,331.6470 -83.65602112,39.85423279,331.7540 -83.65602112,39.85423279,331.8760 -83.65602112,39.85423279,331.9470 -83.65602112,39.85423279,331.9380 -83.65602112,39.85423279,331.9630 -83.65602112,39.85423279,332.0430 -83.65602112,39.85423279,332.0790 -83.65602112,39.85423279,332.0760 -83.65602112,39.85423279,332.0900 -83.65602112,39.85423279,332.0830 -83.65602112,39.85423279,332.0710 -83.65602112,39.85423279,332.0390 -83.65602112,39.85423279,332.0170 -83.65602112,39.85423279,331.9740 -83.65602112,39.85423279,331.9550 -83.65602112,39.85423279,331.9570 -83.65602112,39.85423279,331.9070 -83.65602112,39.85423279,331.8540 -83.65602112,39.85423279,331.8920 -83.65602112,39.85423279,331.8860 -83.65602112,39.85423279,331.8460 -83.65602112,39.85423279,331.7790 -83.65602112,39.85423279,331.7280 -83.65602112,39.85423279,331.5840 -83.65602112,39.85423279,331.4930 -83.65602112,39.85423279,331.4060 -83.65602112,39.85423279,331.1920 -83.65602112,39.85423279,331.0070 -83.65602112,39.85423279,331.0040 -83.65602112,39.85423279,330.8530 -83.65602112,39.85423279,330.7710 -83.65602112,39.85423279,330.6640 -83.65602112,39.85423279,330.5920 -83.65602112,39.85423279,330.4280 -83.65602112,39.85423279,330.3510 -83.65602112,39.85423279,330.2290 -83.65602112,39.85423279,330.2100 -83.65602112,39.85423279,330.2530 -83.65602112,39.85423279,330.3140 -83.65602112,39.85423279,330.4330 -83.65602112,39.85423279,330.4380 -83.65602112,39.85423279,330.5990 -83.65602112,39.85423279,330.6270 -83.65602112,39.85423279,330.7010 -83.65602112,39.85423279,330.6800 -83.65602112,39.85423279,330.6500 -83.65602112,39.85423279,330.6640 -83.65602112,39.85423279,330.7560 -83.65602112,39.85423279,330.7380 -83.65602112,39.85423279,330.7500 -83.65602112,39.85423279,330.7860 -83.65602875,39.85423279,330.8250 -83.65602112,39.85423279,330.8990 -83.65602112,39.85423279,331.0200 -83.65602112,39.85423279,331.0700 -83.65602875,39.85423279,331.1060 -83.65602875,39.85423279,331.1290 -83.65602875,39.85423279,331.1810 -83.65602875,39.85423279,331.1800 -83.65602875,39.85423279,331.1650 -83.65602875,39.85423279,331.2510 -83.65602875,39.85423279,331.2870 -83.65602875,39.85423279,331.2460 -83.65602875,39.85423279,331.2450 -83.65602875,39.85423279,331.1710 -83.65602875,39.85423279,331.1450 -83.65602112,39.85423279,331.1320 -83.65602875,39.85423279,331.1110 -83.65602112,39.85423279,331.0970 -83.65602112,39.85423279,331.1510 -83.65602875,39.85423279,331.1720 -83.65602875,39.85423279,331.2040 -83.65602875,39.85423279,331.2200 -83.65602875,39.85423279,331.2170 -83.65602112,39.85423279,331.1890 -83.65602112,39.85423279,331.0370 -83.65602112,39.85423279,331.0000 -83.65602112,39.85423279,330.9660 -83.65602112,39.85423279,330.9020 -83.65602112,39.85423279,330.9090 -83.65602112,39.85423279,331.0010 -83.65602112,39.85423279,331.0640 -83.65602112,39.85423279,331.1200 -83.65602112,39.85423279,331.1620 -83.65602112,39.85423279,331.1430 -83.65602112,39.85423279,331.2380 -83.65602112,39.85423279,331.3480 -83.65602112,39.85423279,331.4260 -83.65602112,39.85423279,331.4740 -83.65602112,39.85423279,331.5790 -83.65602112,39.85423279,331.6290 -83.65602112,39.85423279,331.7000 -83.65602112,39.85423279,331.6960 -83.65602112,39.85423279,331.7580 -83.65602112,39.85423279,331.7870 -83.65602875,39.85423279,331.7920 -83.65602875,39.85423279,331.8100 -83.65602875,39.85423279,331.8170 -83.65602875,39.85423279,331.7960 -83.65602875,39.85423279,331.8170 -83.65602875,39.85423279,331.8310 -83.65602112,39.85423279,331.9240 -83.65602112,39.85423279,331.9910 -83.65602112,39.85423279,332.0850 -83.65602112,39.85423279,332.0890 -83.65602112,39.85423279,332.0680 -83.65602112,39.85423279,332.1170 -83.65602112,39.85423279,332.1650 -83.65602112,39.85423279,332.2520 -83.65602112,39.85423279,332.3060 -83.65602112,39.85423279,332.3230 -83.65602112,39.85423279,332.3200 -83.65602112,39.85423279,332.2840 -83.65602112,39.85423279,332.1990 -83.65602112,39.85423279,332.2220 -83.65602112,39.85423279,332.1890 -83.65602112,39.85423279,332.0870 -83.65602112,39.85423279,331.9920 -83.65602112,39.85423279,331.8130 -83.65602112,39.85423279,331.6780 -83.65602112,39.85423279,331.3810 -83.65602112,39.85423279,331.2250 -83.65602112,39.85423279,330.8270 -83.65602112,39.85423279,330.5810 -83.65602112,39.85423279,330.2980 -83.65601349,39.85423279,330.2230 -83.65601349,39.85423279,330.0870 -83.65601349,39.85423279,330.0660 -83.65601349,39.85423279,330.0510 -83.65601349,39.85423279,330.0300 -83.65601349,39.85423279,330.0690 -83.65601349,39.85423279,330.0820 -83.65601349,39.85423279,330.1030 -83.65601349,39.85423279,330.1650 -83.65601349,39.85423279,330.2120 -83.65601349,39.85423279,330.2780 -83.65601349,39.85423279,330.2760 -83.65601349,39.85423279,330.2220 -83.65601349,39.85423279,330.2000 -83.65601349,39.85423279,330.1380 -83.65601349,39.85423279,330.1230 -83.65601349,39.85423279,330.0280 -83.65601349,39.85423279,329.9870 -83.65601349,39.85423279,329.8730 -83.65601349,39.85423279,329.8420 -83.65601349,39.85423279,329.7870 -83.65601349,39.85423279,329.8100 -83.65601349,39.85423279,329.8420 -83.65601349,39.85423279,329.8400 -83.65601349,39.85423279,329.8290 -83.65601349,39.85423279,329.8370 -83.65601349,39.85423279,329.8440 -83.65601349,39.85423279,329.9200 -83.65601349,39.85423279,329.9790 -83.65601349,39.85423279,330.1530 -83.65601349,39.85423279,330.2030 -83.65601349,39.85423279,330.2760 -83.65601349,39.85423279,330.2990 -83.65601349,39.85423279,330.3650 -83.65601349,39.85423279,330.4040 -83.65601349,39.85423279,330.4840 -83.65601349,39.85423279,330.4880 -83.65601349,39.85423279,330.5120 -83.65601349,39.85423279,330.5470 -83.65601349,39.85423279,330.6240 -83.65601349,39.85423279,330.6580 -83.65601349,39.85423279,330.7380 -83.65601349,39.85423279,330.7450 -83.65601349,39.85423279,330.8140 -83.65601349,39.85423279,330.8760 -83.65601349,39.85423279,330.9460 -83.65601349,39.85423279,330.9700 -83.65601349,39.85423279,331.0510 -83.65601349,39.85423279,331.1010 -83.65601349,39.85423279,331.2290 -83.65601349,39.85423279,331.2850 -83.65601349,39.85423279,331.2710 -83.65601349,39.85423279,331.2500 -83.65601349,39.85423279,331.2850 -83.65601349,39.85423279,331.3120 -83.65602112,39.85423279,331.3430 -83.65602112,39.85423279,331.3400 -83.65601349,39.85423279,331.3250 -83.65601349,39.85423279,331.3350 -83.65602112,39.85423279,331.3680 -83.65601349,39.85423279,331.3580 -83.65601349,39.85423279,331.3320 -83.65601349,39.85423279,331.3490 -83.65601349,39.85423279,331.3300 -83.65601349,39.85423279,331.3340 -83.65601349,39.85423279,331.3540 -83.65601349,39.85423279,331.3000 -83.65601349,39.85423279,331.2860 -83.65601349,39.85423279,331.3340 -83.65601349,39.85423279,331.3900 -83.65601349,39.85423279,331.4670 -83.65601349,39.85423279,331.5140 -83.65601349,39.85423279,331.6160 -83.65601349,39.85423279,331.6720 -83.65601349,39.85423279,331.7750 -83.65601349,39.85423279,331.8410 -83.65601349,39.85423279,331.8660 -83.65601349,39.85423279,331.8530 -83.65601349,39.85423279,331.8730 -83.65601349,39.85423279,331.8950 -83.65601349,39.85423279,331.8200 -83.65601349,39.85423279,331.8370 -83.65601349,39.85423279,331.9210 -83.65601349,39.85423279,331.9250 -83.65601349,39.85423279,331.9650 -83.65601349,39.85423279,331.9710 -83.65601349,39.85423279,331.9670 -83.65601349,39.85423279,331.9930 -83.65601349,39.85423279,332.0030 -83.65601349,39.85423279,332.0330 -83.65601349,39.85423279,332.0920 -83.65601349,39.85423279,332.0750 -83.65601349,39.85423279,332.0750 -83.65601349,39.85423279,332.1010 -83.65601349,39.85423279,332.0810 -83.65601349,39.85423279,332.0980 -83.65601349,39.85423279,332.1260 -83.65601349,39.85423279,332.0880 -83.65601349,39.85423279,332.0300 -83.65601349,39.85423279,332.0010 -83.65601349,39.85423279,332.0000 -83.65600586,39.85423279,331.9990 -83.65601349,39.85423279,332.0210 -83.65601349,39.85423279,331.9940 -83.65601349,39.85423279,331.8720 -83.65601349,39.85423279,331.8710 -83.65601349,39.85423279,331.8510 -83.65601349,39.85423279,331.8180 -83.65601349,39.85423279,331.7890 -83.65600586,39.85423279,331.7440 -83.65600586,39.85423279,331.6860 -83.65600586,39.85423279,331.5100 -83.65600586,39.85423279,331.4680 -83.65600586,39.85423279,331.4350 -83.65600586,39.85423279,331.4350 -83.65600586,39.85423279,331.4050 -83.65600586,39.85423279,331.3750 -83.65600586,39.85423279,331.3170 -83.65600586,39.85423279,331.2680 -83.65600586,39.85423279,331.2220 -83.65600586,39.85423279,331.2240 -83.65600586,39.85423279,331.1880 -83.65600586,39.85423279,331.1890 -83.65600586,39.85423279,331.1350 -83.65600586,39.85423279,331.1200 -83.65600586,39.85423279,331.1010 -83.65600586,39.85423279,331.0800 -83.65600586,39.85423279,331.0120 -83.65599823,39.85423279,330.8370 -83.65599823,39.85423279,330.7890 -83.65599823,39.85423279,330.7220 -83.65599823,39.85423279,330.6740 -83.65599823,39.85423279,330.6660 -83.65599823,39.85423279,330.6780 -83.65599823,39.85423279,330.6890 -83.65599823,39.85423279,330.6700 -83.65600586,39.85423279,330.5820 -83.65599823,39.85423279,330.5600 -83.65599823,39.85423279,330.4890 -83.65599823,39.85423279,330.4840 -83.65599823,39.85423279,330.5900 -83.65599823,39.85423279,330.6470 -83.65599823,39.85423279,330.7800 -83.65599823,39.85423279,330.8490 -83.65599823,39.85423279,330.9400 -83.65599823,39.85423279,330.9930 -83.65599823,39.85423279,331.0540 -83.65599823,39.85423279,331.0590 -83.65599823,39.85423279,331.0420 -83.65599823,39.85423279,331.0370 -83.65599823,39.85423279,331.0940 -83.65599823,39.85423279,331.1770 -83.65599823,39.85423279,331.0080 -83.65599823,39.85423279,331.1450 -83.65599823,39.85423279,331.0710 -83.65599823,39.85423279,331.0880 -83.65599823,39.85423279,331.0610 -83.65599823,39.85423279,331.0540 -83.65599823,39.85423279,331.0490 -83.65599823,39.85423279,331.0330 -83.65599823,39.85423279,331.0240 -83.65599823,39.85423279,331.0170 -83.65599823,39.85423279,331.0700 -83.65599823,39.85423279,331.2440 -83.65599823,39.85423279,331.3260 -83.65599823,39.85423279,331.4720 -83.65599823,39.85423279,331.5030 -83.65599823,39.85423279,331.5340 -83.65599823,39.85423279,331.5490 -83.65599823,39.85423279,331.5870 -83.65599823,39.85423279,331.5700 -83.65600586,39.85423279,331.5590 -83.65600586,39.85423279,331.6020 -83.65600586,39.85423279,331.5820 -83.65600586,39.85423279,331.5490 -83.65600586,39.85423279,331.5380 -83.65600586,39.85423279,331.5100 -83.65600586,39.85423279,331.5160 -83.65600586,39.85423279,331.5450 -83.65600586,39.85423279,331.5980 -83.65600586,39.85423279,331.5820 -83.65600586,39.85423279,331.5200 -83.65600586,39.85423279,331.5100 -83.65600586,39.85423279,331.5440 -83.65599823,39.85423279,331.5930 -83.65600586,39.85423279,331.6600 -83.65600586,39.85423279,331.6640 -83.65600586,39.85423279,331.6150 -83.65600586,39.85423279,331.5780 -83.65600586,39.85423279,331.4870 -83.65600586,39.85423279,331.4560 -83.65600586,39.85423279,331.4100 -83.65600586,39.85423279,331.2860 -83.65600586,39.85423279,331.2720 -83.65600586,39.85423279,331.2860 -83.65600586,39.85423279,331.2410 -83.65600586,39.85423279,331.1600 -83.65600586,39.85423279,331.1360 -83.65600586,39.85423279,331.1650 -83.65600586,39.85423279,331.1070 -83.65600586,39.85423279,331.0530 -83.65600586,39.85423279,331.0790 -83.65600586,39.85423279,330.9830 -83.65600586,39.85423279,330.9990 -83.65600586,39.85423279,331.1000 -83.65600586,39.85423279,331.2740 -83.65600586,39.85423279,331.3590 -83.65600586,39.85423279,331.3200 -83.65600586,39.85423279,331.3270 -83.65600586,39.85423279,331.4320 -83.65601349,39.85423279,331.5010 -83.65601349,39.85423279,331.5400 -83.65601349,39.85423279,331.5580 -83.65601349,39.85423279,331.5200 -83.65601349,39.85423279,331.4830 -83.65601349,39.85423279,331.4350 -83.65601349,39.85423279,331.3520 -83.65601349,39.85423279,331.2520 -83.65600586,39.85423279,331.2350 -83.65601349,39.85423279,331.2370 -83.65600586,39.85423279,331.1890 -83.65600586,39.85423279,331.1070 -83.65600586,39.85423279,331.0730 -83.65600586,39.85423279,331.0840 -83.65600586,39.85423279,331.0890 -83.65600586,39.85423279,331.0660 -83.65600586,39.85423279,331.1110 -83.65600586,39.85423279,331.1400 -83.65600586,39.85423279,331.1710 -83.65600586,39.85423279,331.2340 -83.65600586,39.85423279,331.2980 -83.65600586,39.85423279,331.3380 -83.65600586,39.85423279,331.4270 -83.65600586,39.85423279,331.4670 -83.65600586,39.85423279,331.4960 -83.65600586,39.85423279,331.4950 -83.65600586,39.85423279,331.4790 -83.65600586,39.85423279,331.4740 -83.65600586,39.85423279,331.3930 -83.65600586,39.85423279,331.4400 -83.65600586,39.85423279,331.4910 -83.65600586,39.85423279,331.4670 -83.65600586,39.85423279,331.5390 -83.65600586,39.85423279,331.5920 -83.65600586,39.85423279,331.5890 -83.65600586,39.85423279,331.5710 -83.65600586,39.85423279,331.5120 -83.65600586,39.85423279,331.5260 -83.65600586,39.85423279,331.5930 -83.65600586,39.85423279,331.5520 -83.65600586,39.85423279,331.4910 -83.65600586,39.85423279,331.4800 -83.65600586,39.85423279,331.4070 -83.65600586,39.85423279,331.3350 -83.65600586,39.85423279,331.3110 -83.65600586,39.85423279,331.3080 -83.65600586,39.85423279,331.2730 -83.65600586,39.85423279,331.2380 -83.65600586,39.85423279,331.1510 -83.65600586,39.85423279,331.1090 -83.65601349,39.85423279,331.0030 -83.65600586,39.85423279,331.0230 -83.65600586,39.85423279,331.1530 -83.65600586,39.85423279,331.1560 -83.65600586,39.85423279,331.1940 -83.65600586,39.85423279,331.1870 -83.65600586,39.85423279,331.2020 -83.65600586,39.85423279,331.2120 -83.65600586,39.85423279,331.2190 -83.65600586,39.85423279,331.2200 -83.65600586,39.85423279,331.1990 -83.65600586,39.85423279,331.1800 -83.65600586,39.85423279,331.1170 -83.65600586,39.85423279,331.0980 -83.65600586,39.85423279,331.0820 -83.65600586,39.85423279,331.1050 -83.65600586,39.85423279,331.1500 -83.65600586,39.85423279,331.1960 -83.65600586,39.85423279,331.2480 -83.65600586,39.85423279,331.2560 -83.65600586,39.85423279,331.2500 -83.65600586,39.85423279,331.2460 -83.65600586,39.85423279,331.2210 -83.65600586,39.85423279,331.2120 -83.65600586,39.85423279,331.2440 -83.65600586,39.85423279,331.2640 -83.65600586,39.85423279,331.2970 -83.65600586,39.85423279,331.3300 -83.65599823,39.85423279,331.3420 -83.65599823,39.85423279,331.4090 -83.65599823,39.85423279,331.4510 -83.65599823,39.85423279,331.4150 -83.65599823,39.85423279,331.4440 -83.65600586,39.85420990,331.4900 -83.65600586,39.85420990,331.4720 -83.65601349,39.85420990,331.5580 -83.65601349,39.85420990,331.6790 -83.65601349,39.85420990,331.7910 -83.65601349,39.85420990,331.7830 -83.65601349,39.85420990,331.7960 -83.65601349,39.85420990,331.7930 -83.65601349,39.85420990,331.7370 -83.65601349,39.85420990,331.7040 -83.65601349,39.85420990,331.7090 -83.65601349,39.85420990,331.6920 -83.65601349,39.85423279,331.6500 -83.65601349,39.85423279,331.5880 -83.65601349,39.85420990,331.5600 -83.65601349,39.85420990,331.5920 -83.65601349,39.85420990,331.6380 -83.65601349,39.85423279,331.6820 -83.65602112,39.85423279,331.6930 -83.65602112,39.85423279,331.8330 -83.65602112,39.85423279,331.8870 -83.65602112,39.85423279,331.8840 -83.65602112,39.85423279,331.9040 -83.65602112,39.85423279,331.8160 -83.65602112,39.85423279,331.7890 -83.65602875,39.85420990,331.7720 -83.65602875,39.85420990,331.8960 -83.65602875,39.85420990,332.1220 -83.65603638,39.85420990,332.2180 -83.65603638,39.85420990,332.4170 -83.65603638,39.85420990,332.4200 -83.65603638,39.85420990,332.5150 -83.65603638,39.85420990,332.6000 -83.65603638,39.85420990,332.7010 -83.65603638,39.85420990,332.7280 -83.65604401,39.85420990,332.8530 -83.65604401,39.85420990,332.8820 -83.65604401,39.85420990,332.9140 -83.65604401,39.85420990,332.9290 -83.65604401,39.85420990,333.0380 -83.65605164,39.85420990,333.1080 -83.65605164,39.85420990,333.2100 -83.65605164,39.85420990,333.2610 -83.65605164,39.85420990,333.3550 -83.65605164,39.85420990,333.4030 -83.65605164,39.85420990,333.5100 -83.65605164,39.85420990,333.5350 -83.65605164,39.85420990,333.5890 -83.65605164,39.85420990,333.6040 -83.65605164,39.85420990,333.6740 -83.65605164,39.85420990,333.6460 -83.65605164,39.85420990,333.6710 -83.65605164,39.85420990,333.6790 -83.65605164,39.85420990,333.6740 -83.65605164,39.85420990,333.6520 -83.65605164,39.85420990,333.6820 -83.65605164,39.85420990,333.6980 -83.65605927,39.85420990,333.7480 -83.65605927,39.85420990,333.8130 -83.65605927,39.85420990,333.9130 -83.65605927,39.85420990,333.9180 -83.65605927,39.85420990,333.9170 -83.65605164,39.85420990,333.9140 -83.65605927,39.85420990,333.9180 -83.65605927,39.85420990,333.9420 -83.65605164,39.85420990,333.9440 -83.65605164,39.85420990,333.9380 -83.65605927,39.85420990,333.9410 -83.65605927,39.85420990,333.8960 -83.65605927,39.85420990,333.7950 -83.65605927,39.85420990,333.7320 -83.65605927,39.85420990,333.5430 -83.65605927,39.85420990,333.5090 -83.65605927,39.85420990,333.4950 -83.65605927,39.85420990,333.5020 -83.65605927,39.85420990,333.4660 -83.65605927,39.85420990,333.4230 -83.65605927,39.85420990,333.4260 -83.65605927,39.85420990,333.4190 -83.65605927,39.85420990,333.3680 -83.65605927,39.85420990,333.3270 -83.65605927,39.85420990,333.2720 -83.65605927,39.85420990,333.2660 -83.65605927,39.85420990,333.1870 -83.65605927,39.85420990,333.1970 -83.65605927,39.85420990,333.1510 -83.65605927,39.85420990,333.1490 -83.65605927,39.85420990,333.1280 -83.65605927,39.85420990,333.1020 -83.65605927,39.85420990,333.0570 -83.65605927,39.85420990,333.0110 -83.65605927,39.85420990,332.9830 -83.65605927,39.85420990,332.9790 -83.65605927,39.85420990,332.9450 -83.65605927,39.85420990,332.9160 -83.65605927,39.85420990,332.9590 -83.65605927,39.85420990,332.9980 -83.65605927,39.85420990,332.9750 -83.65605927,39.85420990,333.0370 -83.65606689,39.85420990,333.0390 -83.65607452,39.85420990,333.1540 -83.65607452,39.85420990,333.1590 -83.65608215,39.85420990,333.2520 -83.65607452,39.85420990,333.2690 -83.65607452,39.85420990,333.2150 -83.65607452,39.85420990,333.2140 -83.65607452,39.85420990,333.3280 -83.65608215,39.85420990,333.3210 -83.65607452,39.85420990,333.3560 -83.65607452,39.85420990,333.3900 -83.65607452,39.85420990,333.4000 -83.65607452,39.85420990,333.4190 -83.65607452,39.85420990,333.4290 -83.65607452,39.85420990,333.4630 -83.65607452,39.85420990,333.4480 -83.65608215,39.85420990,333.4110 -83.65607452,39.85420990,333.3590 -83.65608215,39.85420990,333.3060 -83.65608215,39.85420990,333.2590 -83.65608215,39.85420990,333.2690 -83.65608215,39.85420990,333.2420 -83.65608215,39.85418320,333.2300 -83.65608215,39.85418320,333.3050 -83.65608215,39.85418320,333.2970 -83.65608215,39.85418320,333.3510 -83.65608215,39.85418320,333.3660 -83.65608215,39.85418320,333.4040 -83.65608215,39.85418320,333.4260 -83.65608215,39.85418320,333.4270 -83.65608215,39.85418320,333.4140 -83.65608215,39.85420990,333.5190 -83.65608215,39.85420990,333.2580 -83.65608215,39.85420990,333.0600 -83.65608215,39.85420990,332.8730 -83.65608215,39.85420990,332.8810 -83.65608215,39.85420990,332.9820 -83.65608215,39.85420990,332.9000 -83.65608215,39.85418320,332.8950 -83.65608215,39.85418320,332.5170 -83.65608215,39.85415649,332.6480 -83.65608978,39.85415649,332.2330 -83.65608978,39.85415649,332.1280 -83.65608978,39.85412979,332.0920 -83.65608215,39.85410690,332.0560 -83.65608215,39.85410690,332.1230 -83.65607452,39.85408020,332.1220 -83.65606689,39.85408020,332.2060 -83.65605164,39.85405350,332.2080 -83.65603638,39.85405350,332.1490 -83.65602875,39.85403061,332.3050 -83.65602112,39.85403061,332.1130 -83.65601349,39.85403061,332.2110 -83.65600586,39.85400391,331.9460 -83.65599823,39.85400391,331.7210 -83.65599060,39.85397720,331.5060 -83.65598297,39.85397720,331.3630 -83.65597534,39.85397720,331.2760 -83.65596771,39.85395050,331.1420 -83.65595245,39.85392761,330.7100 -83.65594482,39.85392761,330.6630 -83.65593719,39.85392761,330.7940 -83.65592194,39.85390091,330.6640 -83.65591431,39.85390091,330.6320 -83.65590668,39.85387421,330.6210 -83.65589905,39.85387421,330.7250 -83.65589142,39.85385132,330.7700 -83.65588379,39.85385132,330.6930 -83.65588379,39.85385132,330.9220 -83.65587616,39.85382462,330.7690 -83.65586853,39.85382462,330.9420 -83.65586090,39.85379791,330.9920 -83.65585327,39.85379791,330.9400 -83.65584564,39.85377121,330.7870 -83.65583801,39.85377121,330.9410 -83.65583038,39.85377121,330.9650 -83.65582275,39.85374832,330.9730 -83.65581512,39.85374832,330.8470 -83.65580750,39.85372162,331.0120 -83.65580750,39.85372162,331.0790 -83.65579987,39.85369492,331.0320 -83.65579224,39.85369492,330.9500 -83.65578461,39.85369492,330.9060 -83.65577698,39.85367203,331.0950 -83.65576935,39.85367203,331.1310 -83.65576172,39.85364532,331.2230 -83.65575409,39.85364532,331.3830 -83.65575409,39.85364532,331.3620 -83.65574646,39.85361862,331.3430 -83.65573883,39.85361862,331.3630 -83.65573120,39.85359192,331.3660 -83.65572357,39.85359192,331.5380 -83.65571594,39.85356903,331.5090 -83.65570831,39.85356903,331.6460 -83.65570068,39.85356903,331.6830 -83.65569305,39.85354233,331.6230 -83.65569305,39.85354233,331.5740 -83.65568542,39.85351563,331.3960 -83.65567780,39.85351563,331.4470 -83.65567017,39.85349274,331.4820 -83.65566254,39.85349274,331.6370 -83.65565491,39.85349274,331.6040 -83.65564728,39.85346603,331.7290 -83.65563965,39.85346603,331.5650 -83.65563202,39.85343933,331.5000 -83.65562439,39.85343933,331.5870 -83.65561676,39.85341263,331.5910 -83.65560913,39.85341263,331.6320 -83.65560150,39.85338974,331.6620 -83.65559387,39.85338974,331.7310 -83.65558624,39.85338974,331.9050 -83.65557861,39.85336304,331.9780 -83.65557098,39.85336304,331.7990 -83.65556335,39.85333633,331.9370 -83.65555573,39.85333633,331.9480 -83.65554810,39.85333633,331.9570 -83.65554047,39.85331345,332.0490 -83.65552521,39.85328674,332.0300 -83.65551758,39.85328674,332.0790 -83.65550232,39.85326004,331.9920 -83.65549469,39.85326004,332.0930 -83.65548706,39.85326004,332.0020 -83.65547943,39.85323334,332.1140 -83.65547180,39.85323334,332.1490 -83.65546417,39.85321045,332.1630 -83.65545654,39.85321045,332.3250 -83.65544891,39.85318375,332.2920 -83.65544891,39.85318375,332.2700 -83.65544128,39.85318375,332.3060 -83.65543365,39.85315704,332.6320 -83.65542603,39.85313416,332.6230 -83.65541840,39.85313416,332.6910 -83.65541077,39.85313416,332.5990 -83.65540314,39.85310745,332.3230 -83.65539551,39.85310745,332.3160 -83.65538788,39.85308075,332.2260 -83.65538788,39.85308075,332.1090 -83.65538025,39.85305786,332.0640 -83.65538025,39.85305786,332.0310 -83.65537262,39.85305786,332.1760 -83.65537262,39.85303116,332.3050 -83.65537262,39.85303116,332.1320 -83.65536499,39.85300446,332.1360 -83.65536499,39.85300446,331.9860 -83.65536499,39.85300446,331.7870 -83.65535736,39.85300446,331.6940 -83.65534973,39.85297775,331.6030 -83.65534973,39.85297775,331.5530 -83.65534973,39.85297775,331.4540 -83.65534210,39.85297775,331.3210 -83.65534210,39.85297775,331.2120 -83.65534210,39.85297775,331.2310 -83.65534973,39.85297775,331.3250 -83.65534973,39.85297775,331.3590 -83.65534973,39.85297775,331.4180 -83.65534973,39.85297775,331.4580 -83.65534973,39.85297775,331.5260 -83.65534973,39.85297775,331.6200 -83.65534973,39.85297775,331.6900 -83.65534973,39.85297775,331.7340 -83.65534973,39.85297775,331.7930 -83.65534973,39.85297775,331.8360 -83.65534973,39.85297775,331.8960 -83.65534973,39.85297775,331.9220 -83.65534973,39.85297775,331.9440 -83.65534973,39.85297775,331.9940 -83.65534973,39.85297775,332.0250 -83.65534973,39.85297775,332.0850 -83.65534973,39.85297775,332.1250 -83.65534973,39.85297775,332.1590 -83.65534973,39.85297775,332.2070 -83.65534973,39.85297775,332.2230 -83.65534973,39.85297775,332.2290 -83.65534973,39.85297775,332.2660 -83.65535736,39.85297775,332.2980 -83.65534973,39.85297775,332.2620 -83.65534973,39.85297775,332.1960 -83.65535736,39.85297775,332.2750 -83.65534973,39.85297775,332.0170 -83.65534210,39.85297775,331.6630 -83.65533447,39.85297775,331.3420 -83.65533447,39.85297775,330.8730 -83.65533447,39.85297775,330.9530 -83.65533447,39.85297775,332.1880 -83.65533447,39.85297775,332.5620 -83.65534210,39.85297775,332.5770 -83.65534210,39.85297775,332.6300 -83.65534210,39.85297775,332.6790 -83.65534210,39.85297775,332.7110 -83.65534210,39.85297775,332.7480 -83.65534210,39.85297775,332.7750 -83.65534210,39.85297775,332.6590 -83.65533447,39.85297775,331.7770 -83.65533447,39.85297775,331.3970 -83.65533447,39.85297775,331.1670 -83.65533447,39.85297775,331.0000 -83.65533447,39.85297775,330.9020 -83.65533447,39.85297775,330.6620 -83.65533447,39.85297775,330.6910 -83.65534210,39.85297775,330.6910 -83.65534210,39.85297775,330.6550 -83.65534210,39.85297775,330.6500 -83.65534210,39.85297775,330.6310 -83.65534210,39.85297775,330.5970 -83.65534210,39.85297775,330.6300 -83.65534210,39.85297775,330.6650 -83.65534210,39.85297775,330.7040 -83.65534973,39.85297775,330.6700 -83.65534973,39.85297775,330.6770 -83.65534973,39.85297775,330.5970 -83.65534973,39.85297775,330.6230 -83.65534973,39.85297775,330.5690 -83.65534973,39.85297775,330.5360 -83.65534973,39.85297775,330.5270 -83.65534973,39.85297775,330.5070 -83.65534973,39.85297775,330.4940 -83.65534973,39.85297775,330.4940 -83.65534973,39.85297775,330.5020 -83.65534973,39.85297775,330.5090 -83.65534973,39.85297775,330.5040 -83.65534973,39.85297775,330.5050 -83.65534973,39.85297775,330.5090 -83.65534973,39.85297775,330.9080 -83.65534973,39.85300446,331.6380 -83.65534973,39.85300446,332.2420 -83.65535736,39.85300446,332.7240 -83.65535736,39.85300446,333.0250 -83.65535736,39.85300446,333.2690 -83.65535736,39.85300446,333.3970 -83.65536499,39.85300446,333.4540 -83.65536499,39.85300446,333.4890 -83.65536499,39.85300446,333.5130 -83.65536499,39.85300446,333.5110 -83.65536499,39.85300446,333.4990 -83.65536499,39.85300446,333.4630 -83.65535736,39.85300446,333.4440 -83.65535736,39.85300446,333.4400 -83.65535736,39.85300446,333.4160 -83.65535736,39.85300446,333.3930 -83.65535736,39.85300446,333.3570 -83.65535736,39.85300446,333.2290 -83.65535736,39.85300446,333.2280 -83.65535736,39.85300446,333.2310 -83.65535736,39.85300446,333.2130 -83.65535736,39.85300446,333.1750 -83.65535736,39.85300446,333.1350 -83.65535736,39.85300446,333.0980 -83.65535736,39.85300446,333.0470 -83.65535736,39.85300446,333.0130 -83.65535736,39.85300446,332.9880 -83.65535736,39.85300446,332.9170 -83.65535736,39.85300446,332.9040 -83.65535736,39.85300446,332.8140 -83.65535736,39.85300446,332.7850 -83.65535736,39.85300446,332.7520 -83.65535736,39.85300446,332.7240 -83.65535736,39.85300446,332.6800 -83.65535736,39.85300446,332.6540 -83.65535736,39.85300446,332.6410 -83.65535736,39.85300446,332.5960 -83.65535736,39.85300446,332.5190 -83.65535736,39.85300446,332.4620 -83.65535736,39.85300446,332.3790 -83.65535736,39.85300446,332.3500 -83.65535736,39.85300446,332.3130 -83.65535736,39.85300446,332.2700 -83.65535736,39.85300446,332.2420 -83.65535736,39.85300446,332.2210 -83.65535736,39.85303116,332.2010 -83.65535736,39.85303116,332.1940 -83.65535736,39.85303116,332.1790 -83.65535736,39.85303116,332.1800 -83.65535736,39.85303116,332.1890 -83.65535736,39.85303116,332.2190 -83.65535736,39.85303116,332.2900 -83.65535736,39.85303116,332.3440 -83.65535736,39.85303116,332.4360 -83.65535736,39.85303116,332.5080 -83.65535736,39.85303116,332.5730 -83.65535736,39.85303116,332.6990 -83.65535736,39.85303116,332.7720 -83.65535736,39.85303116,332.8980 -83.65535736,39.85303116,332.9860 -83.65535736,39.85303116,333.1360 -83.65535736,39.85303116,333.2000 -83.65535736,39.85303116,333.3450 -83.65535736,39.85303116,333.4080 -83.65535736,39.85303116,333.5340 -83.65535736,39.85303116,333.6180 -83.65535736,39.85303116,333.7490 -83.65535736,39.85303116,333.8490 -83.65535736,39.85303116,333.9440 -83.65535736,39.85303116,333.9850 -83.65535736,39.85303116,334.0190 -83.65535736,39.85303116,334.1250 -83.65535736,39.85303116,334.1430 -83.65535736,39.85303116,334.1640 -83.65535736,39.85303116,334.2320 -83.65535736,39.85303116,334.2280 -83.65535736,39.85303116,334.2590 -83.65535736,39.85303116,334.2710 -83.65535736,39.85303116,334.2520 -83.65535736,39.85303116,334.2310 -83.65535736,39.85303116,334.2160 -83.65535736,39.85303116,334.2380 -83.65535736,39.85303116,334.1990 -83.65535736,39.85303116,334.1620 -83.65535736,39.85303116,334.0750 -83.65535736,39.85303116,334.0130 -83.65534973,39.85303116,333.8580 -83.65534973,39.85303116,333.7370 -83.65534973,39.85303116,333.4780 -83.65534973,39.85303116,333.3400 -83.65534973,39.85303116,333.0630 -83.65534973,39.85303116,332.9550 -83.65534973,39.85303116,332.8030 -83.65534973,39.85303116,332.6850 -83.65534973,39.85303116,332.4900 -83.65534973,39.85303116,332.4090 -83.65534973,39.85303116,332.3200 -83.65534973,39.85303116,332.3220 -83.65534973,39.85303116,332.2900 -83.65534973,39.85303116,332.2440 -83.65534973,39.85303116,332.1770 -83.65534973,39.85303116,332.0960 -83.65534973,39.85303116,332.0480 -83.65534973,39.85303116,331.9760 -83.65534973,39.85303116,331.9100 -83.65534973,39.85303116,331.7860 -83.65534973,39.85303116,331.6920 -83.65534973,39.85303116,331.5630 -83.65534973,39.85303116,331.5250 -83.65534973,39.85303116,331.4710 -83.65534973,39.85303116,331.4130 -83.65534973,39.85303116,331.3390 -83.65534973,39.85303116,331.2520 -83.65534973,39.85303116,331.2350 -83.65534973,39.85303116,331.2240 -83.65534973,39.85303116,331.1970 -83.65534973,39.85303116,331.2160 -83.65534973,39.85303116,331.2360 -83.65534973,39.85303116,331.2070 -83.65534973,39.85303116,331.2240 -83.65534973,39.85303116,331.1960 -83.65534973,39.85303116,331.1400 -83.65534973,39.85303116,331.1020 -83.65534973,39.85303116,331.0380 -83.65534973,39.85303116,330.9830 -83.65534973,39.85303116,330.9280 -83.65534973,39.85303116,330.8530 -83.65534973,39.85303116,330.8340 -83.65534973,39.85303116,330.8280 -83.65534973,39.85303116,330.8530 -83.65534973,39.85303116,330.8540 -83.65534973,39.85303116,330.8540 -83.65534973,39.85303116,330.8500 -83.65534973,39.85303116,330.8310 -83.65534973,39.85300446,330.7450 -83.65534210,39.85300446,330.6350 -83.65534210,39.85300446,330.5180 -83.65534210,39.85300446,330.3060 -83.65534210,39.85300446,329.9990 -83.65534210,39.85300446,329.6510 -83.65534210,39.85300446,329.4910 -83.65534210,39.85300446,329.3860 -83.65534210,39.85300446,329.1200 -83.65534210,39.85300446,328.6840 -83.65533447,39.85300446,328.3440 -83.65533447,39.85300446,328.1350 -83.65533447,39.85300446,328.2190 -83.65533447,39.85300446,328.2730 -83.65533447,39.85300446,328.3290 -83.65534210,39.85297775,328.4000 -83.65534210,39.85297775,328.4630 -83.65534210,39.85297775,328.5370 -83.65534210,39.85297775,328.6000 -83.65534210,39.85297775,328.6500 -83.65534210,39.85297775,328.7370 -83.65534210,39.85297775,328.8050 -83.65534210,39.85297775,328.8610 -83.65534210,39.85297775,328.9160 -83.65534210,39.85297775,328.9560 -83.65534210,39.85297775,329.0090 -83.65534210,39.85297775,329.0650 -83.65534210,39.85297775,329.0970 -83.65534210,39.85297775,329.1400 -83.65534210,39.85297775,329.1620 -83.65534210,39.85297775,329.2010 -83.65534210,39.85297775,329.2300 -83.65534210,39.85297775,329.2740 -83.65534210,39.85297775,329.3010 -83.65534210,39.85297775,329.3260 -83.65534210,39.85297775,329.3610 -83.65534210,39.85297775,329.3950 -83.65534210,39.85297775,329.4270 -83.65534210,39.85297775,329.4610 -83.65534210,39.85297775,329.4980 -83.65534210,39.85297775,329.5310 -83.65534210,39.85297775,329.5420 -83.65534210,39.85297775,329.5750 -83.65534210,39.85297775,329.6160 -83.65534210,39.85297775,329.6490 -83.65534210,39.85297775,329.6850 -83.65534210,39.85297775,329.7180 -83.65534210,39.85297775,329.7430 -83.65534210,39.85297775,329.7760 -83.65534210,39.85297775,329.8110 -83.65534210,39.85297775,329.8190 -83.65534210,39.85297775,329.8380 -83.65534210,39.85297775,329.8580 -83.65534210,39.85297775,329.8790 -83.65534210,39.85297775,329.8820 -83.65534210,39.85297775,329.8990 -83.65534210,39.85297775,329.9070 -83.65534210,39.85297775,329.9010 -83.65534210,39.85297775,329.9150 -83.65534210,39.85297775,329.9090 -83.65534210,39.85297775,329.9150 -83.65534210,39.85297775,329.9030 -83.65534210,39.85297775,329.8750 -83.65534210,39.85297775,329.8170 -83.65534210,39.85297775,329.8090 -83.65534210,39.85297775,329.8300 -83.65534210,39.85297775,329.8380 -83.65534210,39.85297775,329.8380 -83.65534210,39.85297775,329.8140 -83.65534210,39.85297775,329.8220 -83.65534210,39.85297775,329.8230 -83.65534210,39.85297775,329.8380 -83.65534210,39.85297775,329.8600 -83.65534210,39.85297775,329.8920 -83.65534210,39.85297775,329.9250 -83.65534210,39.85297775,329.9420 -83.65534210,39.85297775,329.9650 -83.65534210,39.85297775,329.9850 -83.65534210,39.85297775,329.9890 -83.65534210,39.85297775,330.0010 -83.65534210,39.85297775,330.0170 -83.65534210,39.85297775,330.0360 -83.65534210,39.85297775,330.0370 -83.65534210,39.85297775,330.0470 -83.65534210,39.85297775,330.0580 -83.65534210,39.85297775,330.0850 -83.65534210,39.85305786,328.3310 -83.65534210,39.85305786,328.3560 -83.65534210,39.85305786,328.3630 -83.65534210,39.85305786,328.3660 -83.65534210,39.85305786,328.3670 -83.65534210,39.85305786,328.3780 -83.65534210,39.85305786,328.4260 -83.65534210,39.85305786,328.4330 -83.65534210,39.85305786,328.4390 -83.65534210,39.85305786,328.4620 -83.65534210,39.85305786,328.4710 -83.65534210,39.85305786,328.5030 -83.65534210,39.85305786,328.5390 -83.65534210,39.85305786,328.5820 -83.65534210,39.85305786,328.6160 -83.65534210,39.85305786,328.6470 -83.65534210,39.85305786,328.6730 -83.65534210,39.85305786,328.7240 -83.65534210,39.85305786,328.7460 -83.65534210,39.85305786,328.7610 -83.65534210,39.85305786,328.7970 -83.65534210,39.85305786,328.8090 -83.65534210,39.85305786,328.8450 -83.65534210,39.85305786,328.8760 -83.65534210,39.85305786,328.8910 -83.65534210,39.85305786,328.9140 -83.65534210,39.85305786,328.9550 -83.65534210,39.85305786,328.9840 -83.65534210,39.85305786,329.0260 -83.65534210,39.85305786,329.0490 -83.65534210,39.85305786,329.0710 -83.65534210,39.85305786,329.1020 -83.65534210,39.85303116,329.1320 -83.65534210,39.85303116,329.1500 -83.65534210,39.85303116,329.1960 -83.65534210,39.85303116,329.2100 -83.65534210,39.85303116,329.2200 -83.65534210,39.85303116,329.2520 -83.65534210,39.85303116,329.2790 -83.65534210,39.85303116,329.3010 -83.65534210,39.85303116,329.3350 -83.65534210,39.85303116,329.3450 -83.65534210,39.85303116,329.3340 -83.65534210,39.85303116,329.3230 -83.65534210,39.85303116,329.3160 -83.65534210,39.85303116,329.3180 -83.65534210,39.85303116,329.3500 -83.65534210,39.85303116,329.3530 -83.65534210,39.85303116,329.3720 -83.65534210,39.85303116,329.3770 -83.65534210,39.85303116,329.3830 -83.65534210,39.85303116,329.3650 -83.65534210,39.85303116,329.3640 -83.65534210,39.85303116,329.3680 -83.65534210,39.85303116,329.4000 -83.65534210,39.85303116,329.4300 -83.65534210,39.85303116,329.4640 -83.65534210,39.85303116,329.5040 -83.65534210,39.85303116,329.5380 -83.65534210,39.85303116,329.5640 -83.65534210,39.85303116,329.5850 -83.65534210,39.85303116,329.5980 -83.65534210,39.85303116,329.6210 -83.65534210,39.85303116,329.6380 -83.65534210,39.85303116,329.6540 -83.65534210,39.85303116,329.6600 -83.65534210,39.85303116,329.6860 -83.65534210,39.85303116,329.6900 -83.65534210,39.85303116,329.7110 -83.65534210,39.85303116,329.7370 -83.65534210,39.85303116,329.7750 -83.65534210,39.85303116,329.8070 -83.65534210,39.85303116,329.8340 -83.65534210,39.85303116,329.8280 -83.65534210,39.85303116,329.8410 -83.65534210,39.85303116,329.8480 -83.65534210,39.85303116,329.8700 -83.65534210,39.85303116,329.9150 -83.65534210,39.85303116,329.9220 -83.65534210,39.85303116,329.9400 -83.65534210,39.85303116,329.9260 -83.65534210,39.85303116,329.9480 -83.65534210,39.85303116,329.9590 -83.65534210,39.85303116,329.9870 -83.65534210,39.85303116,330.0110 -83.65534210,39.85303116,330.0360 -83.65534210,39.85303116,330.0660 -83.65534210,39.85303116,330.1110 -83.65534210,39.85303116,330.1480 -83.65534210,39.85303116,330.1800 -83.65534210,39.85303116,330.1980 -83.65534210,39.85303116,330.1990 -83.65534210,39.85303116,330.2150 -83.65534210,39.85303116,330.2320 -83.65534210,39.85303116,330.2250 -83.65534210,39.85303116,330.2460 -83.65534210,39.85303116,330.2840 -83.65534210,39.85303116,330.3190 -83.65534210,39.85303116,330.3590 -83.65534210,39.85303116,330.3780 -83.65534210,39.85303116,330.4080 -83.65534210,39.85303116,330.4310 -83.65534973,39.85303116,330.4460 -83.65534210,39.85303116,330.4550 -83.65534973,39.85303116,330.4710 -83.65534210,39.85303116,330.4650 -83.65534210,39.85303116,330.4770 -83.65534210,39.85303116,330.4980 -83.65534210,39.85303116,330.4990 -83.65534210,39.85303116,330.5220 -83.65534210,39.85303116,330.5450 -83.65534210,39.85303116,330.5590 -83.65534210,39.85303116,330.5700 -83.65534210,39.85303116,330.5730 -83.65534210,39.85303116,330.5720 -83.65534210,39.85303116,330.5740 -83.65534210,39.85303116,330.5660 -83.65534210,39.85303116,330.5790 -83.65534210,39.85303116,330.8320 -83.65534210,39.85303116,330.8240 -83.65534210,39.85303116,330.8130 -83.65534210,39.85303116,330.7930 -83.65534210,39.85303116,330.7850 -83.65534210,39.85303116,330.7870 -83.65534210,39.85303116,330.8010 -83.65534210,39.85303116,330.8190 -83.65534210,39.85303116,330.8550 -83.65534210,39.85303116,330.8500 -83.65534210,39.85303116,330.8310 -83.65534210,39.85303116,330.8320 -83.65534210,39.85303116,330.8080 -83.65534210,39.85303116,330.7890 -83.65534210,39.85303116,330.7910 -83.65534210,39.85303116,330.7790 -83.65534210,39.85303116,330.7600 -83.65534210,39.85303116,330.7360 -83.65534210,39.85303116,330.7340 -83.65534210,39.85303116,330.6410 -83.65534210,39.85303116,330.5570 -83.65534210,39.85303116,330.5400 -83.65534210,39.85303116,330.5000 -83.65534210,39.85303116,330.4660 -83.65534210,39.85303116,330.4370 -83.65534210,39.85303116,330.3930 -83.65534210,39.85303116,330.3780 -83.65534210,39.85303116,330.3640 -83.65534210,39.85303116,330.3490 -83.65534210,39.85303116,330.3340 -83.65534210,39.85303116,330.3040 -83.65534210,39.85303116,330.3050 -83.65534210,39.85303116,330.2820 -83.65534210,39.85303116,330.2520 -83.65534210,39.85303116,330.2120 -83.65534210,39.85303116,330.1970 -83.65534210,39.85303116,330.1790 -83.65534210,39.85303116,330.1690 -83.65534210,39.85303116,330.1510 -83.65534210,39.85303116,330.1330 -83.65534210,39.85303116,330.1200 -83.65534210,39.85303116,330.1050 -83.65534210,39.85303116,330.0940 -83.65534210,39.85303116,330.0850 -83.65534210,39.85303116,330.0770 -83.65534210,39.85303116,330.0450 -83.65534210,39.85303116,330.0690 -83.65534210,39.85303116,330.0330 -83.65534210,39.85303116,330.0290 -83.65534210,39.85303116,330.0200 -83.65534210,39.85303116,330.0180 -83.65534210,39.85303116,330.0300 -83.65534210,39.85303116,330.0180 -83.65534210,39.85303116,330.0010 -83.65534210,39.85303116,329.9960 -83.65534210,39.85303116,329.9950 -83.65534210,39.85303116,329.9830 -83.65534210,39.85303116,329.9610 -83.65534210,39.85303116,329.9190 -83.65534210,39.85303116,329.9100 -83.65534210,39.85303116,329.9060 -83.65534210,39.85303116,329.8850 -83.65534210,39.85303116,329.8680 -83.65534210,39.85303116,329.8610 -83.65534210,39.85303116,329.8440 -83.65534210,39.85303116,329.8340 -83.65534210,39.85303116,329.8210 -83.65534210,39.85305786,329.7940 -83.65534210,39.85303116,329.8140 -83.65534210,39.85303116,329.8090 -83.65534210,39.85305786,329.8070 -83.65534210,39.85305786,329.7740 -83.65534210,39.85305786,329.7390 -83.65534210,39.85305786,329.7110 -83.65534210,39.85305786,329.6860 -83.65534210,39.85305786,329.6760 -83.65534210,39.85305786,329.6620 -83.65534210,39.85305786,329.6450 -83.65534210,39.85305786,329.6450 -83.65534210,39.85305786,329.6210 -83.65534210,39.85305786,329.5900 -83.65534210,39.85305786,329.5580 -83.65534210,39.85305786,329.5470 -83.65534210,39.85305786,329.5240 -83.65534210,39.85305786,329.4840 -83.65534210,39.85305786,329.4620 -83.65534210,39.85305786,329.4310 -83.65534210,39.85305786,329.4270 -83.65534210,39.85305786,329.4070 -83.65534210,39.85305786,329.3930 -83.65534210,39.85305786,329.3880 -83.65534210,39.85305786,329.3690 -83.65534210,39.85305786,329.3790 -83.65534210,39.85305786,329.3720 -83.65534210,39.85305786,329.3670 -83.65534210,39.85305786,329.3630 -83.65534210,39.85305786,329.3540 -83.65534210,39.85305786,329.3730 -83.65534210,39.85305786,329.3690 -83.65534210,39.85305786,329.3560 -83.65534210,39.85305786,329.3550 -83.65534210,39.85305786,329.3520 -83.65534210,39.85305786,329.3310 -83.65534210,39.85305786,329.3160 -83.65534210,39.85305786,329.2920 -83.65534210,39.85305786,329.2850 -83.65534210,39.85305786,329.2970 -83.65534210,39.85305786,329.2990 -83.65534210,39.85305786,329.2990 -83.65534210,39.85305786,329.2910 -83.65534210,39.85305786,329.2810 -83.65534210,39.85305786,329.3120 -83.65534210,39.85305786,329.3180 -83.65534210,39.85305786,329.3240 -83.65534210,39.85305786,329.3430 -83.65534210,39.85305786,329.3590 -83.65534210,39.85305786,329.3740 -83.65534210,39.85305786,329.3710 -83.65534210,39.85305786,329.3730 -83.65534210,39.85305786,329.3740 -83.65534210,39.85305786,329.3970 -83.65534210,39.85305786,329.4070 -83.65534210,39.85305786,329.4340 -83.65534210,39.85305786,329.4490 -83.65534210,39.85305786,329.4670 -83.65534210,39.85305786,329.4820 -83.65534210,39.85305786,329.4860 -83.65534210,39.85305786,329.4880 -83.65534210,39.85305786,329.5070 -83.65534210,39.85305786,329.5470 -83.65534210,39.85305786,329.5860 -83.65534210,39.85305786,329.6110 -83.65534210,39.85305786,329.6290 -83.65534210,39.85305786,329.6620 -83.65534210,39.85305786,329.6840 -83.65534210,39.85305786,329.7050 -83.65534210,39.85305786,329.7310 -83.65534210,39.85305786,329.7290 -83.65534210,39.85305786,329.7260 -83.65534210,39.85305786,329.6800 -83.65534210,39.85305786,329.6390 -83.65534210,39.85305786,329.6000 -83.65534210,39.85303116,329.5510 -83.65534210,39.85303116,329.5330 -83.65534210,39.85303116,329.5030 -83.65534210,39.85303116,329.4820 -83.65533447,39.85303116,329.4460 -83.65533447,39.85303116,329.3830 -83.65533447,39.85303116,329.3740 -83.65533447,39.85303116,329.3770 -83.65533447,39.85303116,329.3590 -83.65533447,39.85303116,329.3710 -83.65533447,39.85303116,329.3830 -83.65533447,39.85303116,329.3440 -83.65533447,39.85303116,329.3530 -83.65533447,39.85303116,329.3830 -83.65533447,39.85303116,329.3430 -83.65533447,39.85303116,329.3460 -83.65533447,39.85303116,329.3360 -83.65533447,39.85303116,329.3140 -83.65533447,39.85303116,329.3000 -83.65533447,39.85303116,329.3030 -83.65533447,39.85303116,329.2940 -83.65533447,39.85303116,329.2870 -83.65533447,39.85303116,329.2690 -83.65533447,39.85303116,329.2320 -83.65533447,39.85303116,329.2260 -83.65533447,39.85303116,329.2000 -83.65533447,39.85303116,329.1860 -83.65533447,39.85303116,329.1850 -83.65533447,39.85303116,329.1760 -83.65533447,39.85303116,329.1460 -83.65533447,39.85303116,329.1240 -83.65533447,39.85303116,329.1100 -83.65533447,39.85303116,329.0990 -83.65533447,39.85303116,329.0940 -83.65533447,39.85303116,329.0570 -83.65533447,39.85303116,329.0200 -83.65533447,39.85303116,329.0010 -83.65533447,39.85303116,328.9940 -83.65533447,39.85303116,328.9840 -83.65533447,39.85303116,328.9720 -83.65533447,39.85303116,328.9580 -83.65533447,39.85303116,328.9380 -83.65533447,39.85303116,328.9050 -83.65533447,39.85303116,328.8730 -83.65533447,39.85303116,328.8410 -83.65533447,39.85303116,328.8140 -83.65533447,39.85303116,328.7980 -83.65533447,39.85303116,328.7720 -83.65533447,39.85303116,328.7410 -83.65533447,39.85303116,328.6920 -83.65533447,39.85303116,328.6460 -83.65533447,39.85303116,328.5930 -83.65533447,39.85303116,328.5420 -83.65533447,39.85303116,328.5040 -83.65533447,39.85303116,328.4640 -83.65533447,39.85303116,328.4400 -83.65533447,39.85303116,328.4080 -83.65534210,39.85303116,328.3850 -83.65534210,39.85303116,328.3520 -83.65534210,39.85303116,328.3100 -83.65534210,39.85303116,328.2730 -83.65534210,39.85303116,328.2190 -83.65534210,39.85303116,328.1680 -83.65534210,39.85303116,328.1300 -83.65534210,39.85303116,328.0790 -83.65534210,39.85303116,328.0120 -83.65534210,39.85303116,327.9740 -83.65534210,39.85303116,327.9170 -83.65534210,39.85303116,327.8600 -83.65534210,39.85303116,327.8020 -83.65534210,39.85303116,327.7890 -83.65534210,39.85303116,327.7610 -83.65534210,39.85303116,327.7350 -83.65534210,39.85303116,327.6940 -83.65534210,39.85303116,327.6780 -83.65534210,39.85303116,327.6500 -83.65534210,39.85303116,327.6470 -83.65534210,39.85303116,327.6280 -83.65534210,39.85303116,327.6060 -83.65534210,39.85303116,327.5980 -83.65534210,39.85303116,327.5980 -83.65534210,39.85303116,327.6080 -83.65534210,39.85303116,327.6150 -83.65534210,39.85303116,327.6190 -83.65534210,39.85303116,327.6290 -83.65534210,39.85303116,327.6350 -83.65534210,39.85303116,327.6360 -83.65534210,39.85303116,327.6240 -83.65534210,39.85303116,327.5820 -83.65534973,39.85303116,327.5570 -83.65534973,39.85303116,327.5280 -83.65534973,39.85303116,327.4970 -83.65534973,39.85303116,327.4810 -83.65534973,39.85303116,327.4720 -83.65534973,39.85303116,327.4420 -83.65534973,39.85303116,327.4000 -83.65534973,39.85303116,327.4070 -83.65534973,39.85303116,327.3980 -83.65534973,39.85303116,327.3840 -83.65534973,39.85303116,327.3830 -83.65534973,39.85303116,327.3830 -83.65534973,39.85303116,327.3510 -83.65534973,39.85303116,327.3510 -83.65534973,39.85303116,327.3520 -83.65534210,39.85303116,327.3600 -83.65534210,39.85303116,327.3450 -83.65534210,39.85303116,327.3540 -83.65534210,39.85303116,327.3760 -83.65534210,39.85303116,327.3970 -83.65534210,39.85303116,327.4290 -83.65534210,39.85303116,327.4540 -83.65534210,39.85303116,327.4820 -83.65534210,39.85303116,327.5020 -83.65534210,39.85303116,327.5450 -83.65534210,39.85303116,327.5600 -83.65534210,39.85303116,327.5900 -83.65534210,39.85303116,327.6500 -83.65534210,39.85303116,327.6850 -83.65534210,39.85303116,327.7160 -83.65534210,39.85303116,327.7500 -83.65534210,39.85303116,327.7940 -83.65534210,39.85303116,327.8170 -83.65534210,39.85303116,327.8530 -83.65534210,39.85303116,327.8900 -83.65534210,39.85303116,327.9190 -83.65534210,39.85303116,327.9480 -83.65534210,39.85303116,327.9810 -83.65534210,39.85303116,327.9980 -83.65534210,39.85303116,328.0060 -83.65534210,39.85303116,328.0130 -83.65534210,39.85303116,328.0060 -83.65534210,39.85303116,328.0330 -83.65534210,39.85303116,328.0560 -83.65534210,39.85303116,328.0630 -83.65534210,39.85303116,328.0740 -83.65534210,39.85303116,328.0660 -83.65534210,39.85303116,328.0680 -83.65534210,39.85303116,328.0880 -83.65534210,39.85303116,328.0900 -83.65534210,39.85303116,328.1220 -83.65534210,39.85303116,328.1430 -83.65534973,39.85303116,328.1530 -83.65534973,39.85303116,328.1580 -83.65534973,39.85303116,328.1710 -83.65534973,39.85303116,328.2010 -83.65534973,39.85303116,328.2060 -83.65534973,39.85303116,328.2490 -83.65534973,39.85303116,328.2950 -83.65534973,39.85303116,328.3520 -83.65534973,39.85303116,328.4300 -83.65534973,39.85303116,328.4790 -83.65534973,39.85303116,328.5540 -83.65534973,39.85303116,328.6370 -83.65534973,39.85303116,328.7090 -83.65534973,39.85303116,328.7840 -83.65534973,39.85303116,328.8640 -83.65534973,39.85303116,328.9300 -83.65534973,39.85303116,328.9940 -83.65534973,39.85303116,329.0470 -83.65534973,39.85303116,329.1000 -83.65534973,39.85303116,329.1670 -83.65534973,39.85303116,329.2300 -83.65534973,39.85303116,329.3170 -83.65534973,39.85303116,329.4190 -83.65534973,39.85303116,329.5610 -83.65534973,39.85303116,329.6530 -83.65534973,39.85303116,329.7630 -83.65534973,39.85303116,329.8480 -83.65534973,39.85303116,329.9380 -83.65534973,39.85303116,330.0430 -83.65534973,39.85303116,330.1500 -83.65534973,39.85303116,330.2340 -83.65534973,39.85303116,330.3610 -83.65534973,39.85303116,330.4720 -83.65534973,39.85303116,330.6020 -83.65534973,39.85303116,330.7210 -83.65534973,39.85303116,330.8570 -83.65534973,39.85303116,330.9720 -83.65534973,39.85303116,331.0580 -83.65534973,39.85303116,331.1540 -83.65534973,39.85303116,331.3060 -83.65534973,39.85303116,331.4390 -83.65534973,39.85303116,331.5440 -83.65534973,39.85303116,331.6950 -83.65534973,39.85303116,331.8490 -83.65534973,39.85303116,331.9980 -83.65535736,39.85303116,332.1550 -83.65535736,39.85303116,332.3110 -83.65535736,39.85303116,332.4390 -83.65535736,39.85303116,332.5630 -83.65535736,39.85303116,332.6760 -83.65535736,39.85303116,332.7720 -83.65535736,39.85303116,332.8550 -83.65535736,39.85303116,332.9120 -83.65535736,39.85303116,332.9640 -83.65535736,39.85303116,333.0110 -83.65535736,39.85303116,333.0450 -83.65535736,39.85303116,333.0740 -83.65535736,39.85303116,333.0770 -83.65535736,39.85303116,333.0540 -83.65535736,39.85303116,333.0880 -83.65535736,39.85303116,333.0850 -83.65535736,39.85303116,333.0810 -83.65535736,39.85303116,333.1000 -83.65535736,39.85303116,333.0990 -83.65535736,39.85303116,333.0780 -83.65535736,39.85303116,333.0690 -83.65535736,39.85303116,333.0330 -83.65535736,39.85303116,333.0150 -83.65535736,39.85303116,333.0050 -83.65535736,39.85303116,332.9680 -83.65535736,39.85303116,332.9310 -83.65535736,39.85303116,332.9150 -83.65535736,39.85303116,332.8810 -83.65535736,39.85303116,332.8320 -83.65535736,39.85303116,332.8040 -83.65535736,39.85303116,332.7560 -83.65535736,39.85303116,332.7470 -83.65535736,39.85303116,332.7220 -83.65535736,39.85303116,332.6930 -83.65535736,39.85303116,332.6920 -83.65535736,39.85303116,332.6820 -83.65535736,39.85303116,332.6300 -83.65535736,39.85303116,332.5700 -83.65535736,39.85303116,332.5000 -83.65535736,39.85303116,332.4360 -83.65535736,39.85303116,332.3530 -83.65535736,39.85303116,332.2800 -83.65535736,39.85303116,332.1620 -83.65535736,39.85303116,332.0440 -83.65535736,39.85303116,331.9420 -83.65535736,39.85303116,331.7930 -83.65535736,39.85303116,331.6570 -83.65535736,39.85303116,331.5170 -83.65534973,39.85303116,331.3890 -83.65534973,39.85303116,331.2510 -83.65534973,39.85303116,331.1360 -83.65534973,39.85303116,331.0170 -83.65534973,39.85303116,330.9190 -83.65534973,39.85303116,330.8390 -83.65534973,39.85303116,330.7020 -83.65534973,39.85303116,330.5940 -83.65534973,39.85303116,330.4700 -83.65534973,39.85303116,330.4200 -83.65534973,39.85303116,330.3150 -83.65534973,39.85303116,330.2250 -83.65534973,39.85303116,330.1340 -83.65534973,39.85303116,330.0090 -83.65534973,39.85303116,329.9040 -83.65534973,39.85303116,329.8120 -83.65534973,39.85303116,329.7470 -83.65534973,39.85303116,329.6970 -83.65534973,39.85303116,329.6390 -83.65534973,39.85303116,329.5840 -83.65534973,39.85303116,329.5440 -83.65534973,39.85303116,329.5210 -83.65534973,39.85303116,329.4750 -83.65534973,39.85303116,329.4060 -83.65534973,39.85303116,329.3800 -83.65534973,39.85303116,329.3590 -83.65534973,39.85303116,329.3410 -83.65534973,39.85303116,329.3270 -83.65534973,39.85303116,329.3140 -83.65534973,39.85303116,329.3110 -83.65534973,39.85303116,329.3130 -83.65534973,39.85303116,329.3220 -83.65534973,39.85303116,329.3460 -83.65534973,39.85303116,329.3760 -83.65534973,39.85303116,329.3800 -83.65534973,39.85303116,329.4220 -83.65534973,39.85303116,329.4400 -83.65534973,39.85303116,329.4460 -83.65534973,39.85303116,329.4610 -83.65534973,39.85303116,329.4970 -83.65534973,39.85303116,329.5050 -83.65534973,39.85303116,329.5260 -83.65534973,39.85303116,329.5410 -83.65534973,39.85303116,329.5490 -83.65534973,39.85303116,329.5420 -83.65534973,39.85303116,329.5580 -83.65534973,39.85303116,329.5770 -83.65534973,39.85303116,329.5760 -83.65534973,39.85303116,329.5770 -83.65534973,39.85303116,329.5900 -83.65534973,39.85303116,329.5990 -83.65534210,39.85303116,329.6310 -83.65534210,39.85303116,329.6410 -83.65534210,39.85303116,329.6240 -83.65534210,39.85303116,329.6110 -83.65534210,39.85303116,329.6110 -83.65534210,39.85303116,329.5990 -83.65534210,39.85303116,329.5890 -83.65534210,39.85303116,329.5680 -83.65534210,39.85303116,329.5660 -83.65534210,39.85303116,329.5660 -83.65534210,39.85303116,329.5710 -83.65534210,39.85303116,329.5680 -83.65534210,39.85303116,329.5800 -83.65534210,39.85303116,329.5880 -83.65534210,39.85303116,329.5810 -83.65534210,39.85303116,329.5590 -83.65534210,39.85303116,329.5440 -83.65534210,39.85303116,329.5200 -83.65534210,39.85303116,329.5090 -83.65534210,39.85303116,329.4960 -83.65534210,39.85303116,329.5080 -83.65534210,39.85303116,329.5090 -83.65534210,39.85303116,329.5170 -83.65534210,39.85303116,329.5620 -83.65534210,39.85303116,329.5850 -83.65534210,39.85303116,329.6120 -83.65534210,39.85303116,329.6550 -83.65534210,39.85303116,329.6820 -83.65534210,39.85303116,329.7010 -83.65534210,39.85303116,329.7230 -83.65534210,39.85303116,329.7470 -83.65534210,39.85303116,329.7510 -83.65534210,39.85303116,329.7360 -83.65534210,39.85303116,329.7260 -83.65534210,39.85303116,329.7260 -83.65534210,39.85303116,329.7170 -83.65534210,39.85303116,329.7120 -83.65534210,39.85303116,329.7130 -83.65534210,39.85303116,329.7150 -83.65534210,39.85303116,329.7350 -83.65534210,39.85303116,329.7480 -83.65534210,39.85303116,329.7460 -83.65534210,39.85303116,329.7420 -83.65534210,39.85303116,329.7300 -83.65534210,39.85303116,329.7220 -83.65534210,39.85303116,329.7150 -83.65534210,39.85303116,329.7200 -83.65534210,39.85303116,329.7150 -83.65534210,39.85303116,329.7180 -83.65534210,39.85303116,329.7050 -83.65534210,39.85303116,329.7030 -83.65534210,39.85303116,329.7160 -83.65534210,39.85303116,329.7070 -83.65534210,39.85303116,329.7170 -83.65534210,39.85303116,329.7170 -83.65534210,39.85303116,329.7250 -83.65534210,39.85303116,329.7090 -83.65534210,39.85303116,329.6850 -83.65534210,39.85303116,329.6950 -83.65534210,39.85303116,329.7090 -83.65534210,39.85303116,329.6900 -83.65534210,39.85303116,329.6970 -83.65534210,39.85303116,329.7060 -83.65534210,39.85303116,329.7060 -83.65534210,39.85303116,329.7160 -83.65534210,39.85303116,329.7270 -83.65534210,39.85303116,329.7510 -83.65534210,39.85303116,329.7750 -83.65534210,39.85303116,329.7870 -83.65534210,39.85303116,329.8080 -83.65534210,39.85303116,329.8370 -83.65534210,39.85303116,329.8650 -83.65534210,39.85303116,329.8940 -83.65534210,39.85303116,329.9320 -83.65534210,39.85303116,329.9380 -83.65534210,39.85303116,329.9330 -83.65534210,39.85303116,329.9310 -83.65534210,39.85303116,329.9270 -83.65534210,39.85303116,329.9130 -83.65534210,39.85300446,329.9020 -83.65534210,39.85300446,329.9050 -83.65534210,39.85300446,329.8950 -83.65534210,39.85300446,329.8890 -83.65534210,39.85300446,329.8650 -83.65534210,39.85300446,329.8500 -83.65534210,39.85300446,329.8350 -83.65534210,39.85300446,329.8220 -83.65534210,39.85300446,329.7990 -83.65534210,39.85300446,329.7800 -83.65534210,39.85300446,329.7410 -83.65534210,39.85300446,329.7000 -83.65534210,39.85300446,329.6600 -83.65534210,39.85300446,329.6200 -83.65534210,39.85300446,329.5820 -83.65534210,39.85300446,329.5390 -83.65534210,39.85300446,329.4890 -83.65534210,39.85300446,329.4480 -83.65534210,39.85300446,329.4050 -83.65534210,39.85300446,329.3660 -83.65534210,39.85300446,329.3120 -83.65534210,39.85300446,329.2530 -83.65534210,39.85303116,329.2130 -83.65534210,39.85303116,329.1660 -83.65534210,39.85303116,329.1100 -83.65533447,39.85303116,329.0420 -83.65533447,39.85303116,328.9880 -83.65533447,39.85303116,328.9310 -83.65533447,39.85303116,328.8750 -83.65533447,39.85303116,328.8230 -83.65533447,39.85303116,328.7110 -83.65533447,39.85303116,328.6650 -83.65533447,39.85303116,328.6080 -83.65533447,39.85303116,328.5670 -83.65533447,39.85303116,328.5100 -83.65533447,39.85303116,328.4690 -83.65533447,39.85303116,328.4290 -83.65533447,39.85303116,328.3910 -83.65533447,39.85303116,328.3520 -83.65533447,39.85303116,328.3170 -83.65533447,39.85303116,328.2690 -83.65533447,39.85303116,328.2370 -83.65533447,39.85303116,328.2040 -83.65533447,39.85303116,328.1620 -83.65533447,39.85303116,328.1070 -83.65533447,39.85303116,328.0550 -83.65533447,39.85303116,327.9830 -83.65533447,39.85303116,327.9240 -83.65533447,39.85303116,327.8130 -83.65533447,39.85303116,327.7710 -83.65533447,39.85303116,327.7320 -83.65533447,39.85303116,327.6910 -83.65533447,39.85303116,327.6470 -83.65534210,39.85303116,327.6080 -83.65534210,39.85303116,327.5600 -83.65534210,39.85303116,327.5120 -83.65534210,39.85303116,327.4790 -83.65534210,39.85303116,327.4410 -83.65534210,39.85303116,327.4020 -83.65534210,39.85303116,327.3470 -83.65534210,39.85303116,327.3090 -83.65534210,39.85303116,327.2770 -83.65534210,39.85303116,327.2530 -83.65534210,39.85303116,327.2290 -83.65534210,39.85303116,327.2280 -83.65534210,39.85303116,327.2260 -83.65534210,39.85303116,327.2290 -83.65534210,39.85303116,327.2350 -83.65534973,39.85303116,331.8850 -83.65534973,39.85303116,331.8570 -83.65534973,39.85303116,331.8240 -83.65534973,39.85303116,331.8000 -83.65534973,39.85303116,331.8140 -83.65534973,39.85303116,331.8060 -83.65534973,39.85303116,331.7800 -83.65534973,39.85303116,331.7660 -83.65534973,39.85303116,331.7530 -83.65534973,39.85303116,331.7340 -83.65534973,39.85303116,331.7110 -83.65534973,39.85303116,331.6870 -83.65534973,39.85303116,331.6500 -83.65534973,39.85303116,331.6080 -83.65534973,39.85303116,331.5770 -83.65534973,39.85303116,331.5480 -83.65534973,39.85303116,331.5120 -83.65534973,39.85303116,331.4990 -83.65534973,39.85303116,331.4880 -83.65534973,39.85303116,331.4680 -83.65534973,39.85303116,331.4540 -83.65534973,39.85303116,331.4370 -83.65534973,39.85303116,331.4260 -83.65534973,39.85303116,331.4170 -83.65534973,39.85303116,331.4200 -83.65534973,39.85303116,331.4290 -83.65534973,39.85303116,331.4200 -83.65534210,39.85303116,335.8500 -83.65528870,39.85300446,414.3340 -83.65519714,39.85292816,537.1520 -83.65512085,39.85285187,635.9350 -83.65504456,39.85277557,723.2900 -83.65496826,39.85269928,800.0560 -83.65489197,39.85261917,865.7960 -83.65483856,39.85256958,906.0141 -83.65473938,39.85249329,966.2540 -83.65467072,39.85241699,1000.9300 -83.65460205,39.85236359,1023.6270 -83.65453339,39.85228729,1039.4141 -83.65445709,39.85221100,1045.4680 -83.65438843,39.85216141,1042.5441 -83.65434265,39.85210800,1030.3790 -83.65431976,39.85208130,1009.8980 -83.65429688,39.85205841,988.6181 -83.65430450,39.85203171,967.9610 -83.65428162,39.85203171,951.7960 -83.65429688,39.85200500,933.1270 -83.65431213,39.85200500,915.5040 -83.65431976,39.85200500,897.4640 -83.65431213,39.85198212,879.9740 -83.65431213,39.85198212,863.2601 -83.65430450,39.85198212,846.8140 -83.65432739,39.85195541,831.0740 -83.65436554,39.85195541,816.9030 -83.65435028,39.85200500,800.9440 -83.65431976,39.85198212,782.7440 -83.65431213,39.85195541,765.6250 -83.65434265,39.85195541,750.8910 -83.65435791,39.85195541,732.9570 -83.65437317,39.85195541,716.6760 -83.65435791,39.85198212,699.7510 -83.65436554,39.85195541,680.0820 -83.65439606,39.85195541,661.8981 -83.65441132,39.85195541,644.2960 -83.65440369,39.85198212,626.8580 -83.65442657,39.85195541,608.3740 -83.65444183,39.85198212,590.4340 -83.65444946,39.85198212,571.6900 -83.65444183,39.85198212,554.6740 -83.65444946,39.85198212,536.2410 -83.65447235,39.85198212,519.0240 -83.65447998,39.85200500,501.2120 -83.65445709,39.85200500,482.9370 -83.65445709,39.85203171,463.7390 -83.65442657,39.85203171,448.6310 -83.65438080,39.85200500,431.7440 -83.65438843,39.85198212,420.0910 -83.65439606,39.85200500,409.4660 -83.65436554,39.85200500,402.5990 -83.65435028,39.85203171,395.1340 -83.65435028,39.85203171,388.1950 -83.65436554,39.85205841,380.8290 -83.65435791,39.85205841,372.5110 -83.65436554,39.85205841,364.4450 -83.65434265,39.85205841,355.0020 -83.65431213,39.85203171,345.9420 -83.65426636,39.85203171,340.0670 -83.65422821,39.85203171,335.4030 -83.65422058,39.85203171,333.4960 -83.65422058,39.85203171,333.4370 -83.65422058,39.85205841,333.3970 -83.65422058,39.85205841,333.2950 -83.65422058,39.85205841,333.1740 -83.65422058,39.85205841,333.1000 -83.65422058,39.85205841,333.0590 -83.65422058,39.85205841,333.0210 -83.65422058,39.85205841,332.9930 -83.65422058,39.85205841,332.9670 -83.65422058,39.85205841,332.9330 -83.65422058,39.85205841,332.9040 -83.65422058,39.85205841,332.8660 -83.65422058,39.85203171,332.8320 -83.65422058,39.85203171,332.8000 -83.65422058,39.85203171,332.7100 -83.65422058,39.85203171,332.7020 -83.65422058,39.85203171,332.6830 -83.65422058,39.85203171,332.6780 -83.65422058,39.85203171,332.6760 -83.65422058,39.85203171,332.6680 -83.65422058,39.85203171,332.6720 -83.65422058,39.85203171,332.6640 -83.65422058,39.85203171,332.6600 -83.65422058,39.85203171,332.6680 -83.65422058,39.85203171,332.6770 -83.65422058,39.85203171,332.6830 -83.65422058,39.85203171,332.7170 -83.65422058,39.85203171,332.7330 -83.65422058,39.85203171,332.7400 -83.65422058,39.85203171,332.7520 -83.65422058,39.85203171,332.7620 -83.65422058,39.85203171,332.7780 -83.65422058,39.85203171,332.8750 -83.65422058,39.85203171,332.8760 -83.65422058,39.85203171,332.8670 -83.65422058,39.85203171,332.8660 -83.65422058,39.85203171,332.8580 -83.65422058,39.85203171,332.8540 -83.65422058,39.85203171,332.8600 -83.65422058,39.85203171,332.8670 -83.65422058,39.85203171,332.8870 -83.65422058,39.85203171,332.8770 -83.65422058,39.85203171,332.8510 -83.65422058,39.85203171,332.8340 -83.65422058,39.85203171,332.8300 -83.65422058,39.85203171,332.8280 -83.65422058,39.85203171,332.8170 -83.65422058,39.85203171,332.8160 -83.65422058,39.85203171,332.8120 -83.65422058,39.85203171,332.8040 -83.65422058,39.85203171,332.8040 -83.65422058,39.85203171,332.8030 -83.65422058,39.85203171,332.7960 -83.65422058,39.85203171,332.8110 -83.65422058,39.85203171,332.8020 -83.65422058,39.85203171,332.7920 -83.65422058,39.85203171,332.7930 -83.65422058,39.85203171,332.7900 -83.65422058,39.85203171,332.7920 -83.65422058,39.85203171,332.7910 -83.65422058,39.85203171,332.7840 -83.65422058,39.85203171,332.7940 -83.65422058,39.85203171,332.8000 -83.65422058,39.85203171,332.8020 -83.65422058,39.85203171,332.8070 -83.65422058,39.85203171,332.8250 -83.65422058,39.85203171,332.8320 -83.65422058,39.85203171,332.8430 -83.65422058,39.85203171,332.8490 -83.65422058,39.85203171,332.8300</coordinates>
			</LineString>
		</Placemark>
	</Document>
</kml>